h,F,energy,length,max_psi,overhang,r_min,r_max,z_min,z_max,nodes,H_err
-300.0,0.44428834244932713,204.98802241693429,358.4002432616156,1.6108709962685068,True,1.0,100.0,-300.0,1.6940658945086007e-21,2143,3.173313695148394e-11
-299.9975,0.4442883423484273,204.9869116975656,358.3977432871493,1.6108710009526879,True,1.0,100.0,-299.9975,-2.0752307207730358e-20,2143,3.173086099428346e-11
-299.4975,0.44428832162615345,204.7647678287842,357.89774842845867,1.6108713773099779,True,1.0,100.0,-299.4975,8.787966827763366e-21,2140,3.131201548045581e-11
-298.9975,0.4442882998057675,204.54262397022654,357.3977536367233,1.610872074049594,True,1.0,100.0,-298.9975,-9.634999775017666e-21,2139,3.0877599088707797e-11
-298.4975,0.4442882768587561,204.32048012244536,356.8977589090277,1.6108727882661082,True,1.0,100.0,-298.4975,3.017554874593445e-21,2136,3.047674612677298e-11
-297.9975,0.44428825275701767,204.09833628600643,356.39776424222686,1.6108731405345889,True,1.0,100.0,-297.9975,-5.1880768019325896e-21,2133,3.008884807975676e-11
-297.4975,0.44428822747227287,203.8761924614396,355.8977696329003,1.6108741795807946,True,1.0,100.00000000000001,-297.4975,-1.7470054537119944e-21,2130,3.209980198315421e-11
-296.9975,0.4442882009761624,203.65404864946035,355.3977750775542,1.6108742117107084,True,1.0,99.99999999999999,-296.9975,-1.598774687942492e-20,2128,3.1679950329710493e-11
-296.4975,0.44428817324053277,203.43190485062732,354.8977805723064,1.6108755623522033,True,1.0,100.0,-296.4975,-2.4352197233561135e-21,2126,3.124285552491557e-11
-295.9975,0.4442881442370277,203.20976106555923,354.39778611310203,1.610875776873441,True,1.0,100.00000000000001,-295.9975,5.082197683525802e-21,2122,3.089183076010471e-11
-295.4975,0.44428811393855067,202.98761729490096,353.89779169557056,1.6108769467177577,True,1.0,100.0,-295.4975,3.3351922298138076e-21,2121,3.053195890556637e-11
-294.9975,0.44428808231715716,202.76547353931275,353.3977973152037,1.6108774539129525,True,1.0,100.0,-294.9975,-1.5061304593365528e-20,2121,3.003879089913397e-11
-294.4975,0.4442880493455431,202.54332979939036,352.8978029670647,1.6108783418223567,True,1.0,100.0,-294.4975,-3.0969642133985356e-21,2116,3.198817599692205e-11
-293.9975,0.44428801499674603,202.32118607595413,352.39780864614124,1.6108791278148151,True,1.0,100.00000000000001,-293.9975,-1.1408475008331358e-20,2113,3.154802807880941e-11
-293.4975,0.4442879792439946,202.09904236960958,351.89781434700836,1.6108797557919727,True,1.0,100.0,-293.4975,-7.199780051661553e-21,2110,3.11679640430107e-11
-292.9975,0.4442879420614924,201.87689868109325,351.3978200639796,1.610880806439412,True,1.0,100.0,-292.9975,1.0005576689441423e-20,2106,3.073701015932073e-11
-292.4975,0.4442879034234061,201.65475501111172,350.89782579109846,1.6108811956983042,True,1.0,100.00000000000001,-292.4975,-4.235164736271502e-21,2104,3.033916867734021e-11
-291.9975,0.4442878633046209,201.4326113604072,350.3978315221024,1.6108824965741066,True,1.0,100.0,-291.9975,-8.867376166568457e-21,2102,2.991623615500316e-11
-291.4975,0.44428782168063197,201.21046772966093,349.8978372503833,1.6108826675276637,True,1.0,100.0,-291.4975,-2.1969917069408415e-21,2099,3.1945737721805756e-11
-290.9975,0.44428777852761786,200.9883241197551,349.39784296914877,1.6108842039012299,True,1.0,100.0,-290.9975,-9.158543742187122e-21,2098,3.15050346921808e-11
-290.4975,0.4442877338224841,200.76618053139794,348.897848671159,1.6108845660607027,True,1.0,99.99999999999999,-290.4975,-6.28657265540301e-21,2096,3.10699313499363e-11
-289.9975,0.4442876875429445,200.5440369653675,348.3978543488929,1.6108859329636491,True,1.0,100.0,-289.9975,-1.3208420021246746e-20,2094,3.067009146651145e-11
-289.4975,0.4442876396675844,200.32189342246366,347.8978599944987,1.610886508990778,True,1.0,99.99999999999999,-289.4975,-2.3690452743518713e-21,2092,3.02441405253262e-11
-288.9975,0.44428759017594655,200.09974990342553,347.3978655997407,1.610887687126151,True,1.0,99.99999999999999,-288.9975,4.84396966711053e-21,2088,3.22896362425773e-11
-288.4975,0.4442875390485853,199.87760640919228,346.89787115617537,1.6108884613943664,True,1.0,100.0,-288.4975,1.164670302474663e-21,2085,3.184553315493943e-11
-287.9975,0.4442874862667652,199.65546294050495,346.39787665484994,1.6108894685417716,True,1.0,100.00000000000001,-287.9975,3.22931311140702e-21,2078,3.157925310137699e-11
-287.4975,0.44428743181410646,199.43331949822394,345.8978820865649,1.6108904250501757,True,1.0,100.0,-287.4975,-2.7925617479790214e-20,2078,3.1067086403435695e-11
-286.9975,0.4442873756743143,199.21117608316885,345.39788744165605,1.6108912781103282,True,1.0,100.0,-286.9975,-7.39830339867428e-21,2076,3.0671930273395986e-11
-286.4975,0.44428731783282877,198.98903269619674,344.89789271017116,1.61089240046244,True,1.0,100.00000000000001,-286.4975,1.2361387073992446e-20,2073,3.0245299320608154e-11
-285.9975,0.44428725827653387,198.76688933810055,344.3978978817053,1.6108931154414368,True,1.0,100.0,-285.9975,5.082197683525802e-21,2070,3.221962974198078e-11
-285.4975,0.44428719699382874,198.5447460098569,343.8979029456111,1.6108943868238523,True,1.0,100.0,-285.4975,-4.393983413881683e-21,2068,3.1776047071385705e-11
-284.9975,0.44428713397440467,198.32260271227375,343.397907890728,1.6108949788151006,True,1.0,100.0,-284.9975,8.24533634592858e-21,2065,3.1390175181389424e-11
-284.4975,0.44428706921065314,198.1004594462171,342.8979127055113,1.6108963819753883,True,1.0,100.0,-284.4975,-1.1911400820763599e-21,2062,3.0992687582998e-11
-283.9975,0.4442870026957877,197.87831621256797,342.3979173780632,1.610896865139575,True,1.0,100.0,-283.9975,1.3751050503081532e-20,2060,3.056266351109116e-11
-283.4975,0.44428693442507267,197.65617301220456,341.897921896062,1.6108983823645096,True,1.0,100.0,-283.4975,5.3071908101402256e-21,2055,3.0205699053098556e-11
-282.9975,0.44428686439636794,197.43402984594326,341.3979262467326,1.610898769914092,True,1.0,100.0,-282.9975,7.318894059869189e-21,2052,3.206648835352155e-11
-282.4975,0.4442867926090769,197.21188671477063,340.89793041701006,1.6109003830076478,True,1.0,100.0,-282.4975,-4.0234064994579266e-21,2051,3.166461537418286e-11
-281.9975,0.444286719065029,196.98974361951898,340.3979343933069,1.6109007523415777,True,1.0,100.00000000000001,-281.9975,1.3790755172484077e-20,2050,3.1227680163947724e-11
-281.4975,0.44428664376839544,196.76760056105968,339.8979381616307,1.6109023774466456,True,1.0,100.0,-281.4975,-2.0421434962709147e-20,2046,3.083581306961847e-11
-280.9975,0.44428656672581585,196.5454575402729,339.39794170758796,1.6109028151233198,True,1.0,100.0,-280.9975,-1.0759965408089784e-20,2045,3.0407211470961926e-11
-280.4975,0.44428648794649817,196.32331455797257,338.89794501629257,1.6109043577108133,True,1.0,100.00000000000001,-280.4975,-8.07328277851755e-21,2040,3.2251264159288695e-11
-279.9975,0.4442864074423479,196.10117161513324,338.3979480725718,1.6109048441929776,True,1.0,100.0,-279.9975,4.9498487855173176e-21,2038,3.180904845079269e-11
-279.4975,0.4442863252281001,195.87902871255585,337.8979508606708,1.6109063142764675,True,1.0,100.0,-279.4975,7.808584982500581e-21,2035,3.141285148666739e-11
-278.9975,0.44428624132131705,195.65688585109174,337.39795336447247,1.6109068294690352,True,1.0,100.0,-278.9975,1.6014216659026616e-21,2033,3.0995941924238934e-11
-278.4975,0.44428615574277147,195.43474303158757,336.8979555673846,1.6109082360268556,True,1.0,100.0,-278.4975,9.727644003623605e-21,2029,3.064025422272465e-11
-277.9975,0.444286068516705,195.21260025482204,336.3979574523606,1.6109087592554845,True,1.0,100.0,-277.9975,1.5749518863009647e-20,2026,3.238258272642014e-11
-277.4975,0.4442859796702153,194.99045752170838,335.8979590020095,1.6109101102163847,True,1.0,99.99999999999999,-277.4975,1.3287829360051837e-20,2023,3.198317999331124e-11
-276.9975,0.444285889234071,194.7683148330039,335.3979601984122,1.610910620207025,True,1.0,100.0,-276.9975,-1.2599615090407718e-20,2020,3.1544412915085474e-11
-276.4975,0.44428579724266365,194.54617218948962,334.89796102320827,1.6109119224311497,True,1.0,100.0,-276.4975,1.079967007749233e-20,2018,3.115374624940159e-11
-275.9975,0.4442857037341328,194.32402959193905,334.39796145763427,1.6109123972900596,True,1.0,100.0,-275.9975,-5.01602323452156e-21,2016,3.0722702160090876e-11
-275.4975,0.4442856087505174,194.10188704109518,333.8979614824463,1.6109136565560596,True,1.0,100.0,-275.4975,-1.0693790959085542e-20,2014,3.0341146262102825e-11
-274.9975,0.4442855123379107,193.87974453764127,333.3979610779642,1.6109140737503833,True,1.0,100.0,-274.9975,1.9177355321429394e-20,2012,3.2006064465406325e-11
-274.4975,0.4442854145465922,193.657602082371,332.8979602241399,1.6109152947408676,True,1.0,100.0,-274.4975,-1.0945253865301662e-20,2008,3.1612719386675536e-11
-273.9975,0.444285315430986,193.43545967591746,332.397958900428,1.6109156310804433,True,1.0,100.0,-273.9975,1.749652431672164e-20,2005,3.121018027352207e-11
-273.4975,0.44428521505062313,193.21331731892144,331.89795708582443,1.6109168173683766,True,1.0,100.0,-273.4975,-2.6734477397713854e-21,2002,3.0825134111900354e-11
-272.9975,0.4442851134690785,192.99117501201422,331.3979547589674,1.6109170489884725,True,1.0,100.00000000000001,-272.9975,1.241432663319584e-20,1999,3.039821866446246e-11
-272.4975,0.4442850107546515,192.76903275571053,330.89795189797775,1.610918203028642,True,1.0,100.0,-272.4975,-1.6278914455043585e-20,1993,3.2093383506293094e-11
-271.9975,0.44428490698147494,192.5468905506718,330.39794848070005,1.6109183053740155,True,1.0,100.0,-271.9975,-6.485096002415737e-21,1991,3.165550460648703e-11
-271.4975,0.444284802227945,192.32474839734354,329.89794448443155,1.6109194284912214,True,1.0,100.00000000000001,-271.4975,-1.1951105490166144e-20,1987,3.126787717633306e-11
-270.9975,0.44428469657803554,192.10260629620646,329.3979398861419,1.6109193763014553,True,1.0,100.00000000000001,-270.9975,-3.520480687025686e-21,1985,3.083824862137874e-11
-270.4975,0.44428459012106986,191.88046424768234,328.89793466235636,1.610920468685967,True,1.0,100.0,-270.4975,-5.43953970814871e-21,1981,3.04767808212425e-11
-269.9975,0.44428448295232553,191.65832225210892,328.3979287892142,1.6109203513829597,True,1.0,99.99999999999999,-269.9975,-5.161607022330893e-21,1979,3.2017645479331946e-11
-269.4975,0.4442843751723204,191.4361803099055,327.89792224254757,1.6109212966846145,True,1.0,100.0,-269.4975,1.1183481881716934e-20,1974,3.1661645527591986e-11
-268.9975,0.44428426688826533,191.21403842130596,327.39791499772474,1.6109211595325421,True,1.0,100.0,-268.9975,4.804264997707985e-21,1972,3.127709202743745e-11
-268.4975,0.44428415821286965,190.9918965865373,326.89790702981446,1.6109218836871682,True,1.0,100.0,-268.4975,5.69100261436483e-22,1969,3.084815736187352e-11
-267.9975,0.44428404926534104,190.76975480576152,326.39789831348725,1.6109217237932298,True,1.0,100.0,-267.9975,4.9763185651190145e-21,1966,3.04716321619658e-11
-267.4975,0.4442839401713583,190.54761307904326,325.89788882310205,1.6109221990157307,True,1.0,100.0,-267.4975,9.68793933422106e-21,1963,3.194922798543942e-11
-266.9975,0.4442838310632258,190.32547140650772,325.39787853274174,1.6109220123512211,True,1.0,100.00000000000001,-266.9975,-2.6205081805679917e-21,1961,3.1563682223456624e-11
-266.4975,0.44428372208005285,190.10332978808697,324.8978674161396,1.6109222101094154,True,1.0,99.99999999999999,-266.4975,1.9322939109238726e-21,1958,3.1134199385274286e-11
-265.9975,0.4442836133679305,189.88118822367812,324.39785544671327,1.610921991518143,True,1.0,100.0,-265.9975,3.917527381051139e-21,1955,3.0755981095254015e-11
-265.4975,0.4442835050800889,189.6590467131115,323.89784259766805,1.610921882529985,True,1.0,100.0,-265.4975,-5.982170189983496e-21,1953,3.033368001226222e-11
-264.9975,0.44428339737686334,189.43690525608946,323.3978288418685,1.6109216257370746,True,1.0,100.0,-264.9975,1.3896634290890865e-21,1948,3.1830531266319184e-11
-264.4975,0.44428329042671544,189.2147638523642,322.89781415206573,1.6109211799704473,True,1.0,100.0,-264.4975,5.108667463127499e-21,1945,3.144867005699936e-11
-263.9975,0.44428318440512055,188.99262250147487,322.3977985007209,1.610920877596095,True,1.0,100.0,-263.9975,-4.314574075076592e-21,1944,3.102174073177366e-11
-263.4975,0.44428307949558776,188.77048120290823,321.8977818600786,1.6109200642719095,True,1.0,100.0,-263.4975,6.167458647195374e-21,1939,3.0647186177734653e-11
-262.9975,0.44428297588962146,188.5483399560221,321.3977642022462,1.6109197078512645,True,1.0,99.99999999999999,-262.9975,-5.254251250936832e-21,1936,3.200972820138759e-11
-262.4975,0.44428287378675235,188.32619876019686,320.8977454992203,1.6109184954498692,True,1.0,100.0,-262.4975,6.432156443212343e-21,1932,3.16472820172109e-11
-261.9975,0.4442827733951892,188.1040576145885,320.39772572283437,1.6109180754536958,True,1.0,100.0,-261.9975,3.666064474835019e-21,1930,3.122117842035976e-11
-261.4975,0.44428267493125606,187.88191651828515,319.8977048448064,1.6109165382473638,True,1.0,100.0,-261.4975,-8.07328277851755e-22,1928,3.084622834936823e-11
-260.9975,0.4442825786198125,187.65977547026762,319.3976828368435,1.6109159375897166,True,1.0,100.0,-260.9975,5.7571770633690726e-21,1921,3.0509643422771404e-11
-260.4975,0.44428248469516196,187.43763446936472,318.89765967056314,1.6109143313910395,True,1.0,100.0,-260.4975,-6.97478692504713e-21,1917,3.180921498424638e-11
-259.9975,0.4442823933998897,187.21549351441115,318.3976353176479,1.610913249726748,True,1.0,100.0,-259.9975,-1.2017279939170386e-20,1914,3.143198895605437e-11
-259.4975,0.4442823049858863,186.99335260396984,317.89760974976383,1.6109115623026298,True,1.0,100.0,-259.4975,-1.0164395367051604e-20,1911,3.101069401267864e-11
-258.9975,0.4442822197142775,186.77121173654294,317.3975829386139,1.6109099656704617,True,1.0,100.0,-258.9975,-3.9307622708519875e-21,1908,3.063966441674282e-11
-258.4975,0.44428213785555315,186.54907091049367,316.89755485604786,1.6109081838556933,True,1.0,100.0,-258.4975,1.6040686438628313e-20,1906,3.027203487881991e-11
-257.9975,0.44428205968946743,186.3269301240085,316.3975254740313,1.6109060376337367,True,1.0,100.0,-257.9975,-4.0498762790596235e-21,1899,3.154831257345947e-11
-257.4975,0.44428198550613196,186.1047893752443,315.8974947647126,1.6109041473779147,True,1.0,100.0,-257.4975,-4.393983413881683e-21,1896,3.11754233539574e-11
-256.9975,0.4442819156044647,185.88264866209795,315.3974627004528,1.6109014163134414,True,1.0,100.0,-256.9975,1.0243804705856695e-20,1893,3.0840885401062224e-11
-256.4975,0.4442818502941655,185.66050798235176,314.89742925387196,1.6108994027381436,True,1.0,100.0,-256.4975,-3.785178483042655e-21,1891,3.0427348141071064e-11
-255.9975,0.4442817898942533,185.43836733359035,314.39739439782545,1.61089630796708,True,1.0,100.0,-255.9975,3.017554874593445e-21,1888,3.1657503007931354e-11
-255.4975,0.44428173473404897,185.21622671335635,313.8973581056723,1.6108938984448886,True,1.0,100.0,-255.4975,9.423241538204091e-21,1886,3.124067671222974e-11
-254.9975,0.4442816851529404,184.99408611890505,313.39732035100536,1.6108906664103562,True,1.0,100.0,-254.9975,-1.4293680984916318e-21,1882,3.089174055448396e-11
-254.4975,0.44428164150094374,184.77194554735937,312.89728110793544,1.6108875817518518,True,1.0,100.0,-254.4975,2.064642808932357e-20,1880,3.0526123295793184e-11
-253.9975,0.44428160413805773,184.5498049956671,312.39724035108105,1.6108841956619389,True,1.0,100.0,-253.9975,-7.093900933254765e-21,1878,3.011835225663617e-11
-253.4975,0.44428157343482433,184.32766446055209,311.8971980555158,1.610880398787388,True,1.0,100.0,-253.4975,5.254251250936832e-21,1875,3.128728526258229e-11
-252.9975,0.44428154977202816,184.1055239386663,311.39715419706476,1.6108768412866452,True,1.0,100.0,-252.9975,-9.370301979000698e-21,1872,3.095754208537471e-11
-252.4975,0.44428153354166533,183.88338342635387,310.8971087521071,1.6108722946931298,True,1.0,100.0,-252.4975,1.1951105490166144e-20,1870,3.054988206852016e-11
-251.9975,0.4442815251456134,183.66124291979744,310.39706169772717,1.6108685479527565,True,1.0,100.0,-251.9975,2.091112588534054e-20,1868,3.018892774653281e-11
-251.4975,0.44428152499656287,183.43910241494186,309.89701301181407,1.6108637390653722,True,1.0,100.0,-251.4975,1.2718729098615354e-20,1864,3.130298797948683e-11
-250.9975,0.4442815335178143,183.21696190763126,309.3969626731549,1.6108592595899016,True,1.0,100.0,-250.9975,2.8322664173815668e-21,1861,3.0939396877815994e-11
-250.4975,0.4442815511432696,182.99482139338616,308.896910661383,1.6108542432124742,True,1.0,100.0,-250.4975,9.555590436212576e-21,1860,3.0535539374820786e-11
-249.9975,0.4442815783174232,182.77268086754262,308.39685695706504,1.610848919568006,True,1.0,99.99999999999999,-249.9975,1.539217683838674e-20,1857,3.017697203233638e-11
-249.4975,0.4442816154953416,182.5505403251955,307.89680154184947,1.6108436770591643,True,1.0,100.0,-249.4975,-1.36054667152722e-20,1852,3.1235368458393253e-11
-248.9975,0.4442816631423776,182.3283997612647,307.39674439856134,1.6108374708949558,True,1.0,100.0,-248.9975,-1.945528800724721e-20,1850,3.087102101728689e-11
-248.4975,0.4442817217350541,182.10625917037626,306.89668551106075,1.6108319835427427,True,1.0,100.0,-248.4975,-8.999725064576941e-21,1847,3.05130157252087e-11
-247.9975,0.4442817917594645,181.88411854693808,306.3966248645746,1.6108254473037078,True,1.0,100.00000000000001,-247.9975,5.836586402174163e-21,1844,3.017668753768632e-11
-247.4975,0.44428187371261196,181.66197788510914,305.8965624456213,1.6108191055827044,True,1.0,100.0,-247.4975,1.0574676950877906e-20,1841,2.9822422309422336e-11
-246.9975,0.4442819681013232,181.43983717876574,305.39649824214075,1.6108123054387333,True,1.0,100.0,-246.9975,8.721792378759124e-21,1838,3.0783736670869644e-11
-246.4975,0.44428207544261183,181.2176964216291,304.8964322435671,1.610804986315974,True,1.0,99.99999999999999,-246.4975,-6.895377586242039e-21,1836,3.042868734759452e-11
-245.9975,0.4442821962634136,180.9955556070578,304.3963644409033,1.6107979039492903,True,1.0,100.0,-245.9975,9.93940224043718e-21,1832,3.007544213673441e-11
-245.4975,0.44428233110042087,180.773414728178,303.8962948268137,1.6107897855229791,True,1.0,100.0,-245.4975,-8.205631676526035e-21,1830,2.972364021580631e-11
-244.9975,0.4442824804996455,180.55127377781304,303.3962233956954,1.6107821869065648,True,1.0,100.0,-244.9975,-1.945528800724721e-21,1825,3.070752679912303e-11
-244.4975,0.4442826450171759,180.3291327486173,302.89615014385254,1.6107737684010486,True,1.0,100.0,-244.4975,3.8381180422460484e-21,1822,3.029080458682998e-11
-243.9975,0.44428282521749785,180.10699163284497,302.3960750693942,1.6107650993093585,True,1.0,100.0,-243.9975,-1.707300784309449e-21,1819,2.992623510111869e-11
-243.4975,0.44428302167419903,179.8848504225162,301.89599817254106,1.610756363888074,True,1.0,100.00000000000001,-243.4975,5.955700410381799e-22,1814,2.95636085057005e-11
-242.9975,0.4442832349694519,179.662709109329,301.39591945558294,1.610746606454614,True,1.0,100.0,-242.9975,1.487601613615365e-20,1809,3.042548851750482e-11
-242.4975,0.4442834656936958,179.44056768477412,300.8958389230883,1.6107375191358568,True,1.0,100.0,-242.4975,5.4527745979495584e-21,1806,3.0063160294524494e-11
-241.9975,0.4442837144453093,179.21842613995912,300.39575658187516,1.6107274300010526,True,1.0,100.00000000000001,-241.9975,1.44524996625265e-20,1802,2.97024835282933e-11
-241.4975,0.44428398182981227,178.99628446572007,299.89567244121133,1.6107171830558982,True,1.0,100.0,-241.4975,-6.4718611126148885e-21,1797,2.941279858559298e-11
-240.9975,0.44428426846109226,178.77414265254527,299.3955865128197,1.6107067481226804,True,1.0,99.99999999999999,-240.9975,7.411538288475128e-21,1792,3.0269432793605944e-11
-240.4975,0.444284574958877,178.55200069075224,298.89549881115545,1.6106953083863362,True,1.0,100.00000000000001,-240.4975,-5.0954325733266505e-21,1787,2.9910754428819075e-11
-239.9975,0.444284901949258,178.32985857018403,298.39540935331604,1.610684513315361,True,1.0,100.0,-239.9975,-9.529120656610879e-21,1784,2.955329037046539e-11
-239.4975,0.4442852500642901,178.10771628044992,297.8953181592748,1.6106727182377425,True,1.0,100.00000000000001,-239.4975,3.1763735522036263e-21,1780,2.919747082996693e-11
-238.9975,0.4442856199413532,177.88557381079403,297.3952252519283,1.610660680805096,True,1.0,100.0,-238.9975,-9.807053342428696e-21,1777,2.9980351534675265e-11
-238.4975,0.4442860122225915,177.66343115024466,296.8951306573094,1.610648520486383,True,1.0,100.00000000000001,-238.4975,7.292424280267492e-21,1773,2.962655121230284e-11
-237.9975,0.4442864275540962,177.44128828740736,296.3950344045638,1.6106353779617675,True,1.0,100.0,-237.9975,-9.568825326013424e-21,1767,2.929933379247629e-11
-237.4975,0.44428686658628364,177.2191452105881,295.8949365261248,1.6106226755732846,True,1.0,100.0,-237.4975,-1.639802846325122e-20,1763,2.8973379251340248e-11
-236.9975,0.44428732997163234,176.99700190774627,295.3948370579083,1.6106091659585116,True,1.0,100.0,-236.9975,1.7470054537119944e-21,1757,2.971130980133907e-11
-236.4975,0.44428781836540354,176.7748583666045,294.89473603930713,1.6105951477743459,True,1.0,99.99999999999999,-236.4975,2.9116757561866574e-21,1752,2.936103443706983e-11
-235.9975,0.44428833242405524,176.5527145744581,294.39463351340163,1.6105812670182844,True,1.0,99.99999999999999,-235.9975,6.988021814847978e-21,1747,2.9018211444853392e-11
-235.4975,0.44428887280487667,176.33057051832185,293.8945295270253,1.6105664345399133,True,1.0,100.0,-235.4975,1.3737815613280684e-20,1739,2.866153148151085e-11
-234.9975,0.4442894401650725,176.10842618482926,293.3944241309719,1.6105516524853525,True,1.0,100.0,-234.9975,1.241432663319584e-20,1732,2.932998288684985e-11
-234.4975,0.4442900351605255,175.88628156037674,292.8943173800875,1.6105364574772958,True,1.0,100.0,-234.4975,3.1234339930002325e-21,1729,2.9059255002295004e-11
-233.9975,0.44429065844646476,175.66413663097282,292.3942093332439,1.6105203390574687,True,1.0,100.0,-233.9975,1.0005576689441423e-20,1727,2.8718784295111988e-11
-233.4975,0.4442913106741759,175.44199138227438,291.89410005367057,1.6105047448648302,True,1.0,100.0,-233.4975,7.755645423297187e-21,1722,2.9344963958788384e-11
-232.9975,0.44429199249159007,175.21984579970248,291.39398960904606,1.6104882803547909,True,1.0,100.0,-232.9975,1.785386634134455e-20,1721,2.9018114300338738e-11
-232.4975,0.44429270454185527,174.99769986827954,290.8938780715637,1.610471282233955,True,1.0,100.0,-232.4975,6.180693536996223e-21,1718,2.8684415953605935e-11
-231.9975,0.44429344746227056,174.77555357274005,290.3937655181031,1.6104544809366101,True,1.0,100.00000000000001,-231.9975,-8.642383039954033e-21,1715,2.8351591907505025e-11
-231.4975,0.44429422188315276,174.55340689743227,289.89365203032673,1.6104368052049947,True,1.0,100.0,-231.4975,-1.5948042210022374e-20,1711,2.8941002372384617e-11
-230.9975,0.44429502842640384,174.3312598265273,289.39353769491885,1.6104189368007806,True,1.0,100.00000000000001,-230.9975,-3.2954875604112623e-21,1708,2.8656299555507303e-11
-230.4975,0.44429586770534457,174.1091123437775,288.89342260355653,1.6104009562170627,True,1.0,100.0,-230.4975,1.1514354126738145e-21,1706,2.833022011428099e-11
-229.9975,0.44429674032185396,173.8869644326621,288.39330685316924,1.6103821430310712,True,1.0,100.0,-229.9975,-8.4967992521447e-21,1704,2.8011946928696574e-11
-229.4975,0.4442976468661046,173.6648160763437,287.8931905460221,1.6103633861445004,True,1.0,100.0,-229.4975,2.3518399176107683e-20,1700,2.8551334907422898e-11
-228.9975,0.4442985879149128,173.44266725776492,287.39307378988804,1.610344311151627,True,1.0,100.0,-228.9975,1.4240741425712924e-20,1697,2.8232909066172596e-11
-228.4975,0.44429956403017895,173.22051795950588,286.8929566981247,1.6103244518201614,True,1.0,100.0,-228.4975,9.383536868801546e-21,1694,2.793688891333801e-11
-227.9975,0.4443005757576751,172.998368163866,286.3928393898314,1.6103048024551299,True,1.0,100.0,-227.9975,1.641126335305207e-20,1689,2.8478511215901392e-11
-227.4975,0.4443016236257582,172.77621785296543,285.89272199002306,1.6102847368120636,True,1.0,100.0,-227.4975,-5.174841912131741e-21,1687,2.8167745913521003e-11
-226.9975,0.4443027081427005,172.55406700857702,285.392604629708,1.6102639423006988,True,1.0,100.0,-226.9975,6.855672916839493e-21,1685,2.785715408348821e-11
-226.4975,0.4443038297959803,172.33191561225078,284.89248744604555,1.6102434122551192,True,1.0,100.0,-226.4975,5.889525961377557e-21,1683,2.7552835013544552e-11
-225.9975,0.44430498905029875,172.10976364528187,284.3923705824768,1.610222480738596,True,1.0,100.0,-225.9975,3.083729323597687e-21,1679,2.8005861518742847e-11
-225.4975,0.4443061863458021,171.88761108881127,283.8922541888747,1.610200883825333,True,1.0,99.99999999999999,-225.4975,4.9498487855173176e-21,1675,2.7703637994758168e-11
-224.9975,0.44430742209626245,171.66545792367782,283.3921384216208,1.6101795023296148,True,1.0,100.00000000000001,-224.9975,3.586655136029928e-21,1674,2.7406722724609978e-11
-224.4975,0.4443086966856544,171.4433041305666,282.89202344385694,1.6101578529338296,True,1.0,100.0,-224.4975,-1.0640851399882148e-20,1665,2.8056224010697406e-11
-223.9975,0.44431001047053753,171.2211496899791,282.39190942539267,1.6101356104244822,True,1.0,100.0,-223.9975,-9.60852999541597e-21,1660,2.8041395594424756e-11
-223.4975,0.44431136377453817,170.99899458221296,281.8917965429613,1.6101134258136551,True,1.0,100.0,-223.4975,7.808584982500581e-21,1655,2.797485854078019e-11
-222.9975,0.4443127568868601,170.7768387874408,281.39168498037515,1.6100912319730751,True,1.0,100.0,-222.9975,9.502650877009182e-21,1650,2.776998769826733e-11
-222.4975,0.4443141900586345,170.55468228567256,280.89157492865763,1.6100685269151154,True,1.0,99.99999999999999,-222.4975,1.462455322993753e-20,1646,2.8283410336005232e-11
-221.9975,0.4443156635043153,170.33252505686877,280.3914665860515,1.6100456083269643,True,1.0,100.0,-221.9975,-2.6072732907671432e-21,1641,2.8065279267242005e-11
-221.4975,0.4443171773958933,170.11036708083006,279.8913601582373,1.6100230711278356,True,1.0,100.0,-221.4975,-7.22624983126325e-21,1637,2.7881363884318944e-11
-220.9975,0.444318731862793,169.8882083372734,279.3912558583693,1.6100001150313905,True,1.0,100.0,-220.9975,8.74826215836082e-21,1632,2.8367627691316954e-11
-220.4975,0.4443203269899014,169.6660488059339,278.89115390719024,1.6099767827989313,True,1.0,100.0,-220.4975,1.61465655570351e-21,1628,2.8144486741155106e-11
-219.9975,0.44432196281272646,169.4438884664419,278.3910545331802,1.609953904508178,True,1.0,100.0,-219.9975,-7.874759431504823e-21,1626,2.787437641815771e-11
-219.4975,0.4443236393159208,169.221727298441,277.89095797267555,1.6099309395462762,True,1.0,100.0,-219.4975,2.9381455357883543e-21,1622,2.821151645626685e-11
-218.9975,0.4443253564321867,168.99956528164316,277.3908644698551,1.609907706124411,True,1.0,100.0,-218.9975,4.9763185651190145e-21,1618,2.7947304193087774e-11
-218.4975,0.4443271140359256,168.77740239575826,276.89077427700926,1.609884353107615,True,1.0,100.0,-218.4975,9.81367078732912e-21,1614,2.7947325009769486e-11
-217.9975,0.44432891194826163,168.55523862057,276.3906876542918,1.6098616542537205,True,1.0,100.00000000000001,-217.9975,2.296253380447205e-21,1610,2.7680920056116776e-11
-217.4975,0.4443307499237619,168.33307393597246,275.8906048702477,1.6098388068676708,True,1.0,99.99999999999999,-217.4975,-6.723324018831009e-21,1605,2.8006354180210025e-11
-216.9975,0.4443326276557512,168.11090832206057,275.3905262015491,1.6098158638781979,True,1.0,100.00000000000001,-216.9975,4.0167890545575024e-21,1601,2.7750565734230292e-11
-216.4975,0.4443345447691826,167.88874175899977,274.8904519332225,1.6097930078147362,True,1.0,100.0,-216.4975,-1.9190590211230242e-22,1598,2.7534155511155234e-11
-215.9975,0.44433650082019777,167.66657422719825,274.3903823586266,1.6097708692846546,True,1.0,100.0,-215.9975,1.0554824616176633e-20,1594,2.775798341181357e-11
-215.4975,0.4443384952898493,167.44440570736634,273.8903177796449,1.609748772804625,True,1.0,100.0,-215.4975,5.7836468429707695e-21,1589,2.7750447773033926e-11
-214.9975,0.4443405275877413,167.22223618040476,273.39025850644464,1.6097267777817033,True,1.0,99.99999999999999,-214.9975,5.6314456102610124e-21,1586,2.7540782154833465e-11
-214.4975,0.44434259704054485,167.0000656275477,272.8902048578594,1.6097049453728325,True,1.0,100.0,-214.4975,3.441071348220595e-22,1583,2.772750778978761e-11
-213.9975,0.44434470289333,166.7778940304517,272.39015716125965,1.6096839041614646,True,1.0,100.0,-213.9975,8.754879603261245e-21,1578,2.7522970014182135e-11
-213.4975,0.4443468443064987,166.55572137109462,271.8901157525346,1.6096632864159597,True,1.0,100.0,-213.4975,-4.7976475528075605e-21,1576,2.728470227530977e-11
-212.9975,0.44434902035090373,166.333547631911,271.39008097621183,1.609642993000641,True,1.0,100.00000000000001,-212.9975,-7.484330182379794e-21,1570,2.7469103380806104e-11
-212.4975,0.4443512300055932,166.1113727958709,270.89005318538733,1.60962309204882,True,1.0,100.0,-212.4975,-5.882908516477133e-21,1566,2.731514320286621e-11
-211.9975,0.44435347215494875,165.889196846429,270.39003274173353,1.6096036535586584,True,1.0,100.0,-211.9975,-6.220398206398768e-22,1562,2.7086312359703157e-11
-211.4975,0.44435574558173996,165.6670197676248,269.8900200156048,1.6095851689796257,True,1.0,100.00000000000001,-211.4975,-1.5948042210022374e-21,1557,2.7444699290946062e-11
-210.9975,0.4443580489713441,165.4448415441668,269.3900153856911,1.609567432378773,True,1.0,100.0,-210.9975,-8.688705154257003e-21,1554,2.723186953712542e-11
-210.4975,0.4443603808985294,165.2226621614359,268.89001923943295,1.609550345554708,True,1.0,100.00000000000001,-210.4975,-1.9124415762226e-21,1550,2.703828133610031e-11
-209.9975,0.4443627398302756,165.00048160548423,268.3900319726357,1.6095339858535676,True,1.0,100.0,-209.9975,9.059282068680759e-21,1544,2.717309016686542e-11
-209.4975,0.44436512412095114,164.7782998632746,267.8900539895365,1.6095184325636616,True,1.0,100.0,-209.4975,1.4823076576950256e-21,1542,2.696656786760343e-11
-208.9975,0.4443675320072978,164.55611692254442,267.39008570275445,1.6095037669277243,True,1.0,100.0,-208.9975,4.453540417985501e-21,1538,2.6783991691203823e-11
-208.4975,0.44436996160634673,164.33393277194006,266.8901275331476,1.6094901315951735,True,1.0,100.0,-208.4975,2.9447629806887785e-21,1534,2.6854601875569983e-11
-207.9975,0.4443724109107893,164.11174740114666,266.39017990975896,1.6094778688007705,True,1.0,100.0,-207.9975,4.658681209898652e-21,1529,2.6680213593976987e-11
-207.4975,0.4443748777856387,163.88956080081476,265.8902432696864,1.6094667132027367,True,1.0,100.0,-207.4975,-9.965872020038877e-21,1526,2.6505492245476603e-11
-206.9975,0.4443773599642238,163.66737296270105,265.3903180579887,1.6094567536130369,True,1.0,100.0,-206.9975,8.986490174776093e-21,1521,2.6584540124829914e-11
-206.4975,0.44437985504507793,163.44518387979406,264.890404727506,1.6094480808138718,True,1.0,100.0,-206.4975,-2.1705219273391446e-21,1518,2.6418069121181276e-11
-205.9975,0.4443823604872687,163.22299354624624,264.39050373873727,1.6094407875551215,True,1.0,100.0,-205.9975,-1.0415858273267724e-20,1514,2.6227783833654428e-11
-205.4975,0.44438487360532436,163.00080195753378,263.89061555975366,1.609434968544327,True,1.0,100.0,-205.4975,-2.3425754947501744e-21,1509,2.6485480475457734e-11
-204.9975,0.4443873915721489,162.77860911053995,263.39074066569304,1.609430720438882,True,1.0,100.0,-204.9975,4.698385879301197e-22,1506,2.631143219966603e-11
-204.4975,0.44438991140491013,162.5564150035737,262.89087953903856,1.6094281418283152,True,1.0,100.0,-204.4975,-4.208694956669805e-21,1502,2.619974376338874e-11
-203.9975,0.44439242996937894,162.33421963647527,262.391032669051,1.6094273332274631,True,1.0,100.0,-203.9975,3.99693671985623e-21,1495,2.619120198499303e-11
-203.4975,0.44439494397237367,162.11202301069864,261.89120055162255,1.6094283970497119,True,1.0,100.0,-203.4975,2.183756817139993e-21,1492,2.6023565247168534e-11
-202.9975,0.44439744995894875,161.88982512938298,261.3913836890968,1.6094314375405225,True,1.0,100.0,-202.9975,-8.165927007123489e-21,1488,2.5868883424262634e-11
-202.4975,0.4443999443089337,161.66762599741102,260.8915825899068,1.609436560889902,True,1.0,100.0,-202.4975,9.535738101511303e-21,1484,2.5847289586433675e-11
-201.9975,0.44440242323310875,161.44542562158279,260.39179776830946,1.6094438750344635,True,1.0,99.99999999999999,-201.9975,-7.153457937358583e-21,1481,2.5689055049848974e-11
-201.4975,0.44440488276854795,161.2232240105601,259.89202974414,1.6094534897222286,True,1.0,100.0,-201.4975,2.269783600845508e-21,1475,2.5668314695970196e-11
-200.9975,0.44440731877722817,161.0010211750954,259.3922790423302,1.6094655164506921,True,1.0,100.0,-200.9975,1.257314531080602e-21,1472,2.5523722024800577e-11
-200.4975,0.4444097269395898,160.7788171280115,258.8925461927504,1.6094800683809003,True,1.0,100.00000000000001,-200.4975,-5.763794508269497e-21,1467,2.538923932204895e-11
-199.9975,0.4444121027530788,160.55661188432856,258.39283172970215,1.60949726044496,True,1.0,100.0,-199.9975,1.4690727678941772e-21,1463,2.5282546889382473e-11
-199.4975,0.4444144415276625,160.33440546142216,257.89313619156303,1.6095172090631877,True,1.0,100.00000000000001,-199.4975,5.7373247286678e-21,1460,2.514707192480259e-11
-198.9975,0.4444167383823496,160.11219787900967,257.39346012041705,1.6095400322992852,True,1.0,100.0,-198.9975,-5.3932175938457404e-21,1455,2.5074275988856698e-11
-198.4975,0.44441898824343734,159.8899891592892,256.893804061528,1.6095658497117955,True,1.0,100.00000000000001,-198.4975,3.977084385154957e-21,1451,2.4947509336126217e-11
-197.9975,0.4444211858385226,159.66777932712088,256.3941685629609,1.609594782235598,True,1.0,100.0,-197.9975,5.7836468429707695e-21,1446,2.4847096602442775e-11
-197.4975,0.4444233256955914,159.4455684099483,255.8945541750637,1.6096273640257746,True,1.0,100.0,-197.4975,-9.946019685337605e-21,1442,2.473001664560215e-11
-196.9975,0.44442540213714243,159.22335643805548,255.39496145005256,1.6096633722208578,True,1.0,100.0,-196.9975,-8.32474568473367e-21,1438,2.485713718192173e-11
-196.4975,0.44442740928372826,159.0011434446369,254.89539094119053,1.609702907512596,True,1.0,100.0,-196.4975,2.4021324988539924e-21,1432,2.4806191822879242e-11
-195.9975,0.44442934104276666,158.7789294658222,254.3958432026317,1.6097460959695051,True,1.0,100.0,-195.9975,-5.492479267352104e-22,1427,2.463040882361156e-11
-195.4975,0.44443119110995016,158.55671454090822,253.8963187885863,1.6097930648128804,True,1.0,100.0,-195.4975,-2.7859443030785972e-21,1425,2.4525811936904063e-11
-194.9975,0.44443295296654184,158.33449871234689,253.39681825281983,1.6098445937673707,True,1.0,100.0,-194.9975,-5.3071908101402256e-21,1420,2.4427106171120982e-11
-194.4975,0.44443461987677046,158.1122820258973,252.8973421479698,1.609900213178437,True,1.0,99.99999999999999,-194.4975,6.610827455523797e-21,1417,2.4240796869801073e-11
-193.9975,0.44443618488447345,157.8900645308028,252.39789102491238,1.6099600407278989,True,1.0,100.0,-193.9975,-1.2043749718772083e-21,1411,2.4238382134722514e-11
-193.4975,0.44443764081357795,157.66784627975963,251.89846543206394,1.6100246395554292,True,1.0,99.99999999999999,-193.4975,5.221164026434711e-21,1407,2.4019675137765262e-11
-192.9975,0.4444389802624795,157.44562732918348,251.39906591469372,1.6100941238128703,True,1.0,99.99999999999999,-192.9975,-8.443859692941307e-21,1403,2.3936616577735492e-11
-192.4975,0.4444401956045208,157.22340773919717,250.89969301422127,1.6101682492520621,True,1.0,100.0,-192.4975,-9.085751848282456e-21,1400,2.3857277264838217e-11
-191.9975,0.4444412789860253,157.0011875738047,250.40034726740907,1.6102478894298018,True,1.0,100.0,-191.9975,-7.742410533496339e-22,1394,2.3630028489485255e-11
-191.4975,0.4444422223240695,156.77896690099976,249.9010292055478,1.6103326822030561,True,1.0,100.0,-191.4975,-9.98572435474015e-21,1389,2.3622569178538555e-11
-190.9975,0.4444430173071853,156.55674579285642,249.40173935371516,1.610423029298302,True,1.0,100.0,-190.9975,-1.4095157637903592e-21,1386,2.336771748323585e-11
-190.4975,0.4444436553917887,156.33452432570942,248.90247822985765,1.610519194130842,True,1.0,100.0,-190.4975,1.641126335305207e-21,1382,2.3305163354692127e-11
-189.9975,0.44444412780302983,156.11230258017804,248.40324634400355,1.6106212214969444,True,1.0,100.0,-189.9975,-4.784412663006712e-21,1378,2.3244732527683e-11
-189.4975,0.4444444255339071,155.89008064132366,247.90404419730402,1.6107294563532335,True,1.0,100.0,-189.4975,8.490181807244276e-21,1373,2.3012702854430245e-11
-188.9975,0.444444539344905,155.6678585988184,247.40487228106653,1.6108441224824068,True,1.0,100.00000000000001,-188.9975,6.392451773809798e-21,1368,2.3031604401424488e-11
-188.4975,0.4444444597649776,155.44563654694886,246.9057310758959,1.610965114713739,True,1.0,100.00000000000001,-188.4975,-6.657149569826767e-21,1362,2.275557520192706e-11
-187.9975,0.4444441770898876,155.22341458485383,246.40662105059695,1.6110933584100129,True,1.0,100.0,-187.9975,1.1249656330721176e-22,1359,2.2713747549474306e-11
-187.4975,0.4444436813840969,155.00119281653141,245.90754266131313,1.6112284161933896,True,1.0,100.00000000000001,-187.4975,-9.052664623780335e-21,1354,2.2436982827223062e-11
-186.9975,0.4444429624816098,154.77897135105542,245.40849635027334,1.6113706022313767,True,1.0,99.99999999999999,-186.9975,8.999725064576941e-21,1349,2.2387418308067453e-11
-186.4975,0.4444420099864162,154.55675030259658,244.90948254492852,1.6115205872932674,True,1.0,100.0,-186.4975,-2.0699367648526965e-20,1345,2.2405979849260405e-11
-185.9975,0.444440813275665,154.33452979060058,244.41050165671874,1.6116782977593285,True,1.0,100.0,-185.9975,-1.095848875510251e-20,1338,2.213802058337322e-11
-185.4975,0.44443936149918184,154.11230993987448,243.91155407992386,1.6118439418290864,True,1.0,99.99999999999999,-185.4975,-3.716357056078243e-20,1334,2.213446786969442e-11
-184.9975,0.44443764358385,153.89009088069827,243.41264019064027,1.61201780584378,True,1.0,100.0,-184.9975,2.8587361969832636e-21,1328,2.186138770010615e-11
-184.4975,0.444435648234289,153.66787274898198,242.9137603454225,1.612200167205262,True,1.0,100.0,-184.4975,3.9916427639358903e-20,1323,2.1889455525947454e-11
-183.9975,0.44443336393802424,153.44565568628389,242.41491488020952,1.6123912937476983,True,1.0,100.0,-183.9975,-1.9693516023662483e-20,1319,2.1612094058820475e-11
-183.4975,0.44443077896644806,153.22343984002828,241.91610410894225,1.6125914430867208,True,1.0,100.0,-183.4975,2.0117032497289633e-20,1316,2.158054290823941e-11
-182.9975,0.44442788138021544,153.00122536350102,241.41732832243983,1.612800861926496,True,1.0,100.0,-182.9975,8.84090638696676e-21,1312,2.130815662804153e-11
-182.4975,0.4444246590327487,152.7790124160654,240.91858778690565,1.6130197853601882,True,1.0,100.00000000000001,-182.4975,4.1081097941833566e-20,1307,2.128629217335032e-11
-181.9975,0.4444210995747703,152.5568011631514,240.41988274280226,1.6132484361823543,True,1.0,100.0,-181.9975,-4.086933970501999e-20,1302,2.1070402367318053e-11
-181.4975,0.4444171904604558,152.33459177646927,239.92121340323726,1.6134870594175716,True,1.0,100.0,-181.4975,-7.252719610864947e-21,1298,2.1071012989981597e-11
-180.9975,0.4444129189514519,152.1123844340103,239.4225799528135,1.613736245916357,True,1.0,100.0,-180.9975,1.979939514206927e-20,1293,2.1052021237366603e-11
-180.4975,0.44440827212342116,151.89017932019485,238.92398254609628,1.6139958109524202,True,1.0,100.0,-180.4975,-2.064642808932357e-21,1288,2.0783166854165813e-11
-179.9975,0.44440323687260314,151.66797662594868,238.42542130607183,1.6142661621482302,True,1.0,100.0,-179.9975,-1.2705494208814505e-21,1283,2.0757423557782317e-11
-179.4975,0.4443977999224734,151.44577654878174,237.92689632288923,1.6145476338665419,True,1.0,100.0,-179.4975,-2.726387298974779e-20,1279,2.0558943436554955e-11
-178.9975,0.444391947832567,151.22357929292164,237.42840765207023,1.614840341980188,True,1.0,100.0,-178.9975,2.414043899674756e-20,1275,2.053721775974182e-11
-178.4975,0.44438566700419607,151.00138506930713,236.92995531328498,1.6151444606322676,True,1.0,100.00000000000001,-178.4975,1.461131834013668e-20,1270,2.0273747958210464e-11
-177.9975,0.4443789436905168,150.7791940957606,236.43153928848957,1.6154605049743704,True,1.0,100.0,-177.9975,-3.970466940254533e-21,1266,2.0285759183558127e-11
-177.4975,0.4443717640053224,150.55700659696487,235.93315952060377,1.6157883874815722,True,1.0,100.0,-177.4975,-1.1487884347136448e-20,1261,2.00956890017423e-11
-176.9975,0.4443641139334875,150.3348228046274,235.434815911605,1.6161283410380582,True,1.0,100.0,-176.9975,-2.736975210815458e-20,1258,2.0076426632265054e-11
-176.4975,0.44435597933928644,150.11264295744562,234.9365083212072,1.6164805467624122,True,1.0,100.0,-176.4975,1.725829630030637e-20,1254,1.9812762541704387e-11
-175.9975,0.4443473459788161,149.8904673012615,234.43823656487464,1.6168451317476016,True,1.0,100.0,-175.9975,5.293955920339377e-22,1251,1.9807482043443514e-11
-175.4975,0.444338199510701,149.6682960890086,233.94000041240565,1.617222166720253,True,1.0,100.0,-175.4975,-2.6840356516120642e-20,1246,1.985725472941624e-11
-174.9975,0.4443285255096774,149.446129580889,233.44179958590237,1.617611663648327,True,1.0,100.0,-174.9975,1.8158268806764064e-20,1243,1.9879015100698894e-11
-174.4975,0.4443183094767271,149.22396804423215,232.94363375835363,1.6180136643493113,True,1.0,100.0,-174.4975,1.2334917294390749e-20,1237,1.9932167028002823e-11
-173.9975,0.444307536854918,149.00181175373115,232.44550255152024,1.618428169588812,True,1.0,100.00000000000001,-173.9975,-2.6469779601696886e-22,1234,1.997135790077209e-11
-173.4975,0.4442961930420798,148.77966099130194,231.94740553444976,1.6188548174878257,True,1.0,100.0,-173.4975,-3.6422416731934915e-20,1230,1.9993243172145014e-11
-172.9975,0.4442842634055396,148.5575160462087,231.44934222139224,1.619293603565687,True,1.0,100.0,-172.9975,-2.864030152903603e-20,1226,2.0081505902602714e-11
-172.4975,0.4442717332992758,148.33537721503095,230.95131206999713,1.6197440278006403,True,1.0,100.0,-172.4975,-3.621065849512134e-20,1224,2.0103071984856058e-11
-171.9975,0.44425858807757534,148.1132448016439,230.45331447963565,1.6202057852429446,True,1.0,100.0,-171.9975,2.1175823681357508e-20,1221,2.012472133383625e-11
-171.4975,0.44424481311372255,147.89111911728213,229.95534878915538,1.620678256488349,True,1.0,100.0,-171.4975,-1.376428539288238e-21,1219,2.0146467827331094e-11
-170.9975,0.44423039381643076,147.66900048044494,229.45741427531505,1.6211608201503385,True,1.0,100.0,-170.9975,1.7628873214730126e-20,1214,2.0268065004103164e-11
-170.4975,0.44421531565101674,147.44688921695146,228.95951015040725,1.6216527814957116,True,1.0,100.0,-170.4975,3.5310685988663645e-20,1212,2.0289339652812544e-11
-169.9975,0.44419956415468836,147.2247856598331,228.46163556073878,1.6221531965650071,True,1.0,100.0,-169.9975,7.782115202898884e-21,1210,2.0310711446036578e-11
-169.4975,0.4441831249591914,147.0026901493866,227.96378958421414,1.6226611926889907,True,1.0,100.0,-169.4975,-2.80579663777987e-21,1206,2.0332208139350882e-11
-168.9975,0.4441659838106754,146.78060303297661,227.46597122864193,1.623175803635389,True,1.0,100.00000000000001,-168.9975,1.4558378780933287e-20,1203,2.0422608049130986e-11
-168.4975,0.44414812659298175,146.55852466513844,226.96817942937733,1.6236959665879194,True,1.0,99.99999999999999,-168.4975,-1.7099477622696188e-20,1199,2.0443757797750095e-11
-167.9975,0.44412953934780497,146.3364554074106,226.47041304740958,1.6242208826534874,True,1.0,100.00000000000001,-167.9975,-5.1880768019325896e-21,1198,2.0464976935308243e-11
-167.4975,0.44411020829951986,146.1143956282367,225.97267086736406,1.6247494262977782,True,1.0,100.0,-167.4975,1.6623021589865644e-20,1194,2.0519322352363645e-11
-166.9975,0.44409011988001135,145.89234570293763,225.47495159504294,1.6252807568767316,True,1.0,100.0,-166.9975,1.4399560103323106e-20,1192,2.0540638634436448e-11
-166.4975,0.44406926075234404,145.6703060135196,224.9772538556747,1.6258139823221593,True,1.0,100.0,-166.4975,1.0217334926254998e-20,1188,2.0631524266789825e-11
-165.9975,0.4440476178394436,145.4482769486248,224.4795761913512,1.6263484601445624,True,1.0,100.0,-165.9975,2.1387581918171084e-20,1186,2.0652465848591817e-11
-165.4975,0.4440251783485343,145.2262589033657,223.9819170590385,1.62688330001148,True,1.0,100.00000000000001,-165.4975,-2.3558103845510228e-20,1183,2.0673546208271887e-11
-164.9975,0.44400192980114944,145.00425227913976,223.48427482843007,1.6274179514098481,True,1.0,100.0,-164.9975,1.079967007749233e-20,1181,2.0694723712466612e-11
-164.4975,0.443977860061105,144.7822574835344,222.98664777945922,1.6279518394975456,True,1.0,100.0,-164.4975,-9.423241538204091e-21,1175,2.0820539736732258e-11
-163.9975,0.4439529573675281,144.56027493011916,222.48903410005525,1.628484364314044,True,1.0,100.0,-163.9975,-1.937587866844212e-20,1173,2.084123151835371e-11
-163.4975,0.4439272103621208,144.3383050381796,221.99143188411725,1.6290149004650514,True,1.0,100.0,-163.4975,-2.3822801641527197e-20,1170,2.0862006566702007e-11
-162.9975,0.4439006081242467,144.11634823264228,221.49383912881626,1.6295431918827732,True,1.0,100.0,-162.9975,-7.411538288475128e-22,1167,2.0882920392928384e-11
-162.4975,0.44387314020342067,143.89440494376225,220.9962537323931,1.630068501781915,True,1.0,100.00000000000001,-162.4975,-1.4505439221729893e-20,1165,2.097570728221143e-11
-161.9975,0.44384479665570925,143.6724756068655,220.49867349188375,1.630590696930435,True,1.0,100.0,-161.9975,-1.9058241313221758e-20,1162,2.099621865259138e-11
-161.4975,0.44381556807660555,143.45056066214792,220.0010961004919,1.6311092113637533,True,1.0,100.0,-161.4975,7.411538288475128e-21,1157,2.106963215009472e-11
-160.9975,0.4437854456413059,143.22866055436126,219.5035191451848,1.6316236291143995,True,1.0,100.0,-160.9975,2.0514079191315086e-20,1155,2.109025454277713e-11
-160.4975,0.44375442114008545,143.00677573248439,219.0059401044911,1.632133581427602,True,1.0,99.99999999999999,-160.4975,-1.0640851399882148e-20,1152,2.1183818588177417e-11
-159.9975,0.44372248702109096,142.78490664948592,218.50835634556884,1.6326386879036339,True,1.0,100.0,-159.9975,-1.7999450129153882e-20,1149,2.120405240280121e-11
-159.4975,0.4436896364282783,142.56305376191708,218.01076512192654,1.6331385562271337,True,1.0,100.0,-159.4975,-2.2155205526620293e-20,1148,2.1224397239727466e-11
-158.9975,0.44365586324548884,142.34121752955502,217.51316357097463,1.6336328459669553,True,1.0,100.0,-158.9975,2.6708007618112158e-20,1145,2.1244894732319608e-11
-158.4975,0.4436211621394862,142.11939841507416,217.01554871112415,1.6341213847870513,True,1.0,100.00000000000001,-158.4975,5.585123495958043e-21,1140,2.1301238550819335e-11
-157.9975,0.4435855286056216,141.89759688357745,216.517917439341,1.634603536111182,True,1.0,100.0,-157.9975,-1.5008365034162134e-20,1137,2.1395024640824545e-11
-157.4975,0.4435489590148531,141.67581340223782,216.0202665283891,1.635078860199043,True,1.0,100.0,-157.4975,-2.2049326408213506e-20,1135,2.1415105799782452e-11
-156.9975,0.4435114506602171,141.45404843977715,215.5225926244001,1.6355475107804007,True,1.0,100.0,-156.9975,-8.258571235729428e-21,1133,2.1435325736618438e-11
-156.4975,0.4434730018080577,141.23230246605837,215.02489224375756,1.6360085508118802,True,1.0,100.0,-156.4975,-7.358598729271734e-21,1131,2.145569832912031e-11
-155.9975,0.44343361174857937,141.01057595154867,214.5271617705838,1.6364619978062223,True,1.0,100.0,-155.9975,-2.3399285167900047e-20,1127,2.1550330964181796e-11
-155.4975,0.44339328085058005,140.78886936680894,214.02939745376008,1.636907234299039,True,1.0,100.0,-155.4975,8.576208590949791e-21,1125,2.1606896827286448e-11
-154.9975,0.44335201061437196,140.56718318190946,213.5315954043909,1.6373441488554044,True,1.0,100.0,-154.9975,1.2970192004831474e-21,1123,2.1626866963941893e-11
-154.4975,0.4433098037288789,140.34551786590427,213.03375159254736,1.63777198098503,True,1.0,100.0,-154.4975,-4.486627642487622e-20,1120,2.1646975878475416e-11
-153.9975,0.4432666641301934,140.12387388618225,212.535861844576,1.6381909679576818,True,1.0,100.0,-153.9975,5.241016361135983e-21,1117,2.174226076956387e-11
-153.4975,0.4432225970635716,139.90225170783984,212.03792184002756,1.6386000940764618,True,1.0,100.0,-153.4975,5.320425699941074e-21,1115,2.1761994983826582e-11
-152.9975,0.44317760914305054,139.68065179303423,211.53992710868476,1.6389993032016028,True,1.0,100.0,-152.9975,1.5087774372967225e-20,1112,2.1781867975967373e-11
-152.4975,0.44313170841767213,139.4590746001937,211.04187302768227,1.6393883162358052,True,1.0,100.0,-152.4975,-2.6840356516120642e-20,1109,2.1839377528642956e-11
-151.9975,0.44308490443796295,139.2375205834138,210.54375481807605,1.639766381662328,True,1.0,100.00000000000001,-151.9975,-2.0619958309721874e-20,1106,2.193523140903153e-11
-151.4975,0.4430372083253549,139.01599019160403,210.04556754191205,1.640133163828666,True,1.0,100.00000000000001,-151.4975,1.2520205751602627e-20,1103,2.1954701945325894e-11
-150.9975,0.4429886328413088,138.79448386770667,209.54730609904902,1.640488770376836,True,1.0,100.0,-150.9975,9.423241538204091e-21,1100,2.1992921372948615e-11
-150.4975,0.4429391924629113,138.57300204786347,209.04896522379826,1.6408322671383704,True,1.0,100.0,-150.4975,2.3399285167900047e-20,1099,2.2012724976150366e-11
-149.9975,0.44288890345753645,138.3515451605118,208.5505394819319,1.6411632549927668,True,1.0,100.0,-149.9975,-1.0932018975500814e-20,1095,2.2071164340609073e-11
-149.4975,0.4428377839622526,138.1301136255129,208.05202326695343,1.6414813266106754,True,1.0,100.00000000000001,-149.4975,-5.743942173568224e-21,1091,2.2166962709846416e-11
-148.9975,0.44278585406549703,137.90870785316727,207.5534107969538,1.6417862005783317,True,1.0,100.0,-148.9975,-2.3849271421128894e-20,1089,2.218636385720174e-11
-148.4975,0.44273313588905544,137.6873282432283,207.0546961111897,1.6420775820545417,True,1.0,99.99999999999999,-148.4975,-2.0805246766933752e-20,1087,2.2205959293586375e-11
-147.9975,0.4426796536766017,137.46597518388128,206.55587306649142,1.642354746678867,True,1.0,100.0,-147.9975,-2.5993323568866342e-20,1084,2.222573514121251e-11
-147.4975,0.4426254338825798,137.24464905057874,206.05693533399068,1.6426172494025917,True,1.0,100.0,-147.4975,-1.2731963988416202e-20,1081,2.232219964426463e-11
-146.9975,0.4425705052666942,137.02335020503514,205.55787639515563,1.642864635274221,True,1.0,99.99999999999999,-146.9975,-2.286988957586611e-20,1078,2.2380833297752645e-11
-146.4975,0.442514898988132,136.8020789939689,205.05868953845288,1.6430964393486978,True,1.0,100.0,-146.4975,-2.5887444450459554e-20,1075,2.240023444510797e-11
-145.9975,0.4424586487053167,136.58083574789987,204.55936785560468,1.6433121862444495,True,1.0,100.0,-145.9975,-2.5172760401213738e-20,1072,2.2439619606906547e-11
-145.4975,0.4424017906797249,136.35962077987537,204.05990423778212,1.6435113897537008,True,1.0,100.0,-145.4975,2.832266417381567e-20,1071,2.245940933232049e-11
-144.9975,0.44234436388083503,136.1384343841163,203.56029137211388,1.6436935526675507,True,1.0,100.0,-144.9975,-3.705769144237564e-22,1067,2.255566566855549e-11
-144.4975,0.4422864100985038,135.91727683468997,203.06052173745724,1.6438581661536733,True,1.0,100.0,-144.4975,2.4802183486789982e-20,1064,2.2615284644977862e-11
-143.9975,0.4422279740548967,135.69614838403132,202.5605876008491,1.6440047095925858,True,1.0,100.0,-143.9975,-1.6967128724687704e-20,1060,2.263467191454538e-11
-143.4975,0.4421691035228976,135.4750492614466,202.06048101353622,1.644132650078435,True,1.0,100.0,-143.4975,1.2017279939170386e-20,1058,2.265428122871782e-11
-142.9975,0.442109849448828,135.25397967158318,201.5601938069864,1.6442414419568545,True,1.0,100.00000000000001,-142.9975,1.1990810159568689e-20,1056,2.2674084831919572e-11
-142.4975,0.44205026607804343,135.03293979278112,201.05971758916147,1.6443305265823105,True,1.0,100.00000000000001,-142.4975,-7.755645423297187e-21,1052,2.2770077490186225e-11
-141.9975,0.4419904110874676,134.81192977539283,200.5590437401562,1.6443993316308947,True,1.0,100.00000000000001,-141.9975,-2.1625809934586356e-20,1048,2.2849944159020197e-11
-141.4975,0.44193034571969225,134.5909497400889,200.05816340841724,1.6444472708554632,True,1.0,100.0,-141.4975,-2.5516867536035798e-20,1046,2.286935918416333e-11
-140.9975,0.44187013492279037,134.36999977595522,199.55706750687165,1.644473743530158,True,1.0,100.0,-140.9975,2.5649216434044282e-20,1044,2.2888996253911387e-11
-140.4975,0.4418098474967402,134.14907993867334,199.055746708564,1.6444781339022334,True,1.0,99.99999999999999,-140.4975,-9.820288232229545e-21,1042,2.2908883123839985e-11
-139.9975,0.4417495562427905,133.92819024852318,198.5541914428633,1.6444598108737931,True,1.0,100.00000000000001,-139.9975,-6.5909751208225245e-21,1039,2.300448720404802e-11
-139.4975,0.44168933812079375,133.70733068835847,198.0523918912962,1.6444181272539502,True,1.0,100.0,-139.4975,6.485096002415737e-21,1035,2.3066160093065946e-11
-138.9975,0.44162927440825706,133.48650120145544,197.55033798379833,1.644352419429659,True,1.0,100.00000000000001,-138.9975,3.970466940254533e-21,1033,2.3085658384935925e-11
-138.4975,0.4415694508676627,133.26570168936362,197.04801939447404,1.6442620067292364,True,1.0,100.0,-138.4975,-1.0826139857094026e-20,1031,2.3105406476986445e-11
-137.9975,0.44150995791935216,133.04493200958552,196.5454255378535,1.6441462872853876,True,1.0,99.99999999999999,-137.9975,-7.490947627280219e-21,1028,2.3125390491429698e-11
-137.4975,0.4414508908191245,132.8241919732197,196.0425455649957,1.6440049890002313,True,1.0,100.0,-137.4975,7.967403660110763e-21,1025,2.326393244711511e-11
-136.9975,0.4413923498455298,132.6034813424751,195.5393683598063,1.6438369084365554,True,1.0,100.00000000000001,-136.9975,1.9164120431628545e-20,1022,2.3283278083319203e-11
-136.4975,0.4413344404867339,132.3827998281213,195.0358825352687,1.6436412933675155,True,1.0,100.00000000000001,-136.4975,6.246867986000465e-21,1019,2.3302887397491645e-11
-135.9975,0.44127727364070396,132.1621470868691,194.53207642996153,1.64341737151176,True,1.0,100.0,-135.9975,3.917527381051139e-21,1017,2.3322746511844628e-11
-135.4975,0.4412209658182284,131.94152271855413,194.02793810482777,1.6431643500715278,True,1.0,99.99999999999999,-135.4975,-4.9763185651190145e-21,1015,2.334286930416596e-11
-134.9975,0.4411656393538672,131.72092626333216,193.5234553397446,1.642881938054051,True,1.0,100.0,-134.9975,-9.820288232229545e-21,1012,2.3407539795350374e-11
-134.4975,0.44111142262395475,131.5003571986817,193.01861563068874,1.6425692868163662,True,1.0,100.00000000000001,-134.4975,4.235164736271502e-21,1009,2.3501242618628737e-11
-133.9975,0.4410584502715285,131.2798149363446,192.51340618692848,1.6422251139607935,True,1.0,100.0,-133.9975,1.4584848560534984e-20,1008,2.3540863702820047e-11
-133.4975,0.441006863436443,131.05929881910396,192.00781392876985,1.641848539983818,True,1.0,100.0,-133.4975,1.0693790959085542e-20,1007,2.3560833839475492e-11
-132.9975,0.4409568099958087,130.83880811752243,191.5018254851899,1.6414390164847636,True,1.0,100.0,-132.9975,-1.7920040790348792e-20,1006,2.3581053776311478e-11
-132.4975,0.4409084448098858,130.61834202648797,190.99542719222148,1.6409962248613026,True,1.0,100.0,-132.4975,-2.0937595664942237e-20,1005,2.3601537391115812e-11
-131.9975,0.44086192997497237,130.3978996616387,190.48860509175557,1.6405183429791108,True,1.0,100.0,-131.9975,-2.252578244104405e-20,1004,2.3622270806100687e-11
-131.4975,0.4408174350842791,130.17748005573324,189.9813449305413,1.6400043934048083,True,1.0,99.99999999999999,-131.4975,1.1884931041161902e-20,1001,2.3714988306444695e-11
-130.9975,0.4407751374972132,129.95708215477282,189.47363215996646,1.6394544600637007,True,1.0,100.0,-130.9975,2.1625809934586356e-20,1000,2.3735360898946567e-11
-130.4975,0.44073522261100306,129.7367048140912,188.96545193663437,1.638866978358047,True,1.0,100.0,-130.4975,-9.396771758602394e-21,999,2.375598329162898e-11
-129.9975,0.44069788414505473,129.5163467942659,188.45678912317106,1.6382404379448583,True,1.0,100.0,-129.9975,1.1382005228729661e-20,998,2.3776883240067548e-11
-129.4975,0.4406633244342595,129.29600675675897,187.9476282891439,1.6375747312108138,True,1.0,100.0,-129.4975,9.740878893424454e-21,995,2.364035356361427e-11
-128.9975,0.4406317546942146,129.07568326009658,187.43795371926703,1.6368686744003755,True,1.0,100.0,-128.9975,1.2705494208814505e-21,995,2.3819377026335076e-11
-128.4975,0.44060339538073623,128.855374754226,186.92774940623778,1.6361203194317309,True,1.0,100.0,-128.4975,3.044024654195142e-21,994,2.384101249752746e-11
-127.9975,0.4405784764436613,128.63507957685,186.4169990652662,1.6353299007997815,True,1.0,100.0,-127.9975,-3.705769144237564e-21,991,2.3767071644087423e-11
-127.4975,0.4405572376353039,128.41479594861593,185.90568614061814,1.6344955480263208,True,1.0,100.0,-127.4975,1.5193653491374012e-20,991,2.3953186656378023e-11
-126.9975,0.44053992888341875,128.19452196703907,185.39379380244299,1.6336155071006118,True,1.0,100.00000000000001,-126.9975,-1.4717197458543468e-20,989,2.3995264109011316e-11
-126.4975,0.44052681054574305,127.97425560257807,184.8813049673917,1.6326905937226912,True,1.0,100.0,-126.4975,-6.273337765602162e-21,986,2.4016941213567122e-11
-125.9975,0.4405181537622842,127.75399469267991,184.36820230344813,1.631717416285297,True,1.0,100.00000000000001,-125.9975,1.0270274485458392e-20,985,2.4038840362727854e-11
-125.4975,0.4405142407711452,127.53373693649452,183.85446824355938,1.6306961454439464,True,1.0,100.0,-125.4975,8.946785505373547e-21,984,2.4060947678705702e-11
-124.9975,0.44051536522892826,127.31347988918296,183.34008500024692,1.6296250100680694,True,1.0,100.0,-124.9975,4.0234064994579266e-21,983,2.4083290917076283e-11
-124.4975,0.4405218325312388,127.09322095617692,182.82503458227487,1.6285024005551882,True,1.0,100.0,-124.4975,5.108667463127499e-21,981,2.410578681111275e-11
-123.9975,0.44053396012720303,126.87295738720854,182.30929881399967,1.627328104431377,True,1.0,100.0,-123.9975,-1.0296744265060088e-20,980,2.4193966274843604e-11
-123.4975,0.44055207782999645,126.65268627019289,181.79285935735578,1.626099042167216,True,1.0,100.0,-123.4975,1.2705494208814505e-21,979,2.421603195745803e-11
-122.9975,0.4405765281165873,126.43240452500105,181.27569773680952,1.624816109680829,True,1.0,100.0,-122.9975,2.29492989146712e-20,977,2.4238264173526147e-11
-122.4975,0.44060766641842647,126.21210889703394,180.75779536762064,1.62347521886671,True,1.0,100.0,-122.4975,-1.5008365034162134e-20,976,2.426066292304796e-11
-121.9975,0.44064586139680156,125.99179595068784,180.23913358764884,1.6220778932848443,True,1.0,100.0,-121.9975,1.0905549195899117e-20,975,2.4283214328235658e-11
-121.4975,0.44069149519933637,125.7714620626492,179.7196936931196,1.6206195279001487,True,1.0,100.0,-121.4975,1.3526057376467109e-20,974,2.4305904511301435e-11
-120.9975,0.44074496369664573,125.55110341513715,179.1994569785108,1.6191017654960413,True,1.0,100.0,-120.9975,-1.2890782666026383e-20,971,2.4328684899987962e-11
-120.4975,0.44080667669010437,125.33071598893129,178.67840478118342,1.6175200032782553,True,1.0,100.0,-120.4975,-9.26442286059391e-21,968,2.4373038309821737e-11
-119.9975,0.44087705808959887,125.11029555641935,178.156518530951,1.6158754706640355,True,1.0,100.0,-119.9975,-1.987880448087436e-20,967,2.4457831593327484e-11
-119.4975,0.44095654605323764,124.88983767445475,177.63377980508636,1.6141641104040667,True,1.0,100.0,-119.4975,2.1625809934586356e-20,965,2.4480049931607795e-11
-118.9975,0.4410455930832333,124.66933767724719,177.11017038919482,1.61238618614855,True,1.0,100.0,-118.9975,1.3817224952085774e-20,963,2.450234459772105e-11
-118.4975,0.4411446660723215,124.44879066915334,176.58567234437052,1.6105387493475045,True,1.0,99.99999999999999,-118.4975,-8.4967992521447e-21,962,2.452465314162211e-11
-117.9975,0.44125424629153326,124.22819151749431,176.06026808115092,1.6086205309560038,True,1.0,100.0,-117.9975,3.8116482626443515e-21,961,2.4546989441098788e-11
-117.4975,0.44137482931035277,124.0075348453623,175.5339404407456,1.60663026909261,True,1.0,100.0,-117.4975,1.0243804705856695e-20,958,2.458968445528953e-11
-116.9975,0.4415069248441201,123.78681502453345,175.00667278397452,1.6045645867854659,True,1.0,100.00000000000001,-116.9975,-1.2784903547619596e-20,956,2.461195830472107e-11
-116.4975,0.44165105651200354,123.56602616843931,174.4784490885571,1.6024244956228184,True,1.0,100.0,-116.4975,3.9307622708519875e-21,954,2.463415582631967e-11
-115.9975,0.44180776150088563,123.34516212530127,173.94925405509753,1.60020537560688,True,1.0,100.0,-115.9975,-2.091112588534054e-21,951,2.4656256203403615e-11
-115.4975,0.441977590119621,123.12421647142477,173.41907322236688,1.5979067770300517,True,1.0,100.0,-115.4975,-9.079134403382032e-21,948,2.4735574699619178e-11
-114.9975,0.44216110523467284,122.9031825048247,172.88789309227172,1.5955269359213313,True,1.0,100.0,-114.9975,9.979106909839726e-21,946,2.47565717925724e-11
-114.4975,0.44235888156632897,122.68205323906682,172.35570126510456,1.5930625555510123,True,1.0,100.00000000000001,-114.4975,5.5454188265554975e-21,942,2.4799717834866897e-11
-113.9975,0.4425715048433057,122.46082139758076,171.822486585291,1.590513966182697,True,1.0,100.0,-113.9975,1.7734752333136913e-21,940,2.4820263899716366e-11
-113.4975,0.44279957078817667,122.23947940838761,171.2882392981582,1.5878775706758843,True,1.0,100.00000000000001,-113.4975,3.0704944337968387e-21,937,2.4840511592127967e-11
-112.9975,0.44304368392703325,122.0180193993935,170.75295121787465,1.5851509625588245,True,1.0,99.99999999999999,-112.9975,2.6734477397713854e-21,934,2.486042621763218e-11
-112.4975,0.44330445620314035,121.7964331943275,170.21661590683362,1.582334855638373,True,1.0,100.00000000000001,-112.4975,1.070702584888639e-20,931,2.487995920397168e-11
-111.9975,0.4435825053795974,121.5747123094233,169.67922886650658,1.5794247204711922,True,1.0,100.0,-111.9975,8.112987447920095e-21,928,2.4899041162207425e-11
-111.4975,0.4438784532144743,121.35284795095552,169.14078773970323,1.5764187483165146,True,1.0,100.0,-111.4975,1.6980363614488552e-20,926,2.4917623520082088e-11
-110.9975,0.4441929233922738,121.13083101375628,168.601292524003,1.5733174000640522,True,1.0,100.0,-110.9975,-4.155755397466411e-21,924,2.493565076644444e-11
-110.4975,0.44452653919470797,120.90865208056177,168.060745795374,1.5701163346707487,False,1.0,100.0,-110.4975,8.562973701148942e-21,922,2.539531085421487e-11
-109.9975,0.4448799209071279,120.68630142406276,167.51915294508171,1.5668136970482527,False,1.0,100.00000000000001,-109.9975,-9.926167350636332e-22,922,2.5021242022749135e-11
-109.4975,0.4452536829156214,120.46376900673793,166.97652241757294,1.5634101026572575,False,1.0,99.99999999999999,-109.4975,4.354278744479138e-21,920,2.5059850028430475e-11
-108.9975,0.44564843053670905,120.2410444869559,166.43286596721063,1.5599014296140175,False,1.0,100.0,-108.9975,5.4527745979495584e-21,919,2.5074234355493275e-11
-108.4975,0.44606475651826827,120.01811722317525,165.88819891308333,1.5562858545559402,False,1.0,100.0,-108.4975,-2.276401045745932e-21,918,2.508770274856076e-11
-107.9975,0.4465032372398346,119.79497628140973,165.34254040150864,1.5525637603690448,False,1.0,100.0,-107.9975,-1.1262891220522025e-20,916,2.510017194090608e-11
-107.4975,0.44696442859994573,119.57161044443859,164.7959136702587,1.5487319920365614,False,1.0,100.00000000000001,-107.4975,-2.3822801641527197e-21,915,2.511153784912068e-11
-106.9975,0.44744886159610026,119.34800822311901,164.2483463118852,1.5447885508308434,False,1.0,100.00000000000001,-106.9975,8.258571235729428e-21,914,2.512175190094723e-11
-106.4975,0.44795703760886685,119.12415787001709,163.69987053358446,1.5407336910473006,False,1.0,100.0,-106.4975,2.2896359355467806e-21,913,2.513068225740156e-11
-105.9975,0.44848942340578857,118.90004739545734,163.15052340959815,1.5365653649544342,False,1.0,100.0,-105.9975,-1.4121627417505288e-20,911,2.5138224835075107e-11
-105.4975,0.44904644588984055,118.67566458610564,162.60034712231703,1.532281460528921,False,1.0,100.0,-105.4975,1.2890782666026383e-20,910,2.5144289428347122e-11
-104.9975,0.44962848662487853,118.4509970263007,162.04938918767004,1.527882418453,False,1.0,100.0,-104.9975,-2.4881592825595072e-21,909,2.514874419823343e-11
-104.4975,0.4502358761788297,118.22603212210588,161.49770266003307,1.5233670662629966,False,1.0,100.0,-104.4975,-4.089580948462169e-21,906,2.522182462882938e-11
-103.9975,0.4508688883382416,118.00075712824935,160.94534631146612,1.5187334356854976,False,1.0,100.00000000000001,-103.9975,7.292424280267492e-21,904,2.522201891785869e-11
-103.4975,0.4515277342463663,117.77515917799288,160.39238478044652,1.5139827038308302,False,1.0,100.0,-103.4975,1.2268742845386506e-20,903,2.5220284194382714e-11
-102.9975,0.4522125565452519,117.54922531590275,159.83888868380163,1.5091138934970745,False,1.0,100.0,-102.9975,1.3486352707064563e-20,902,2.521646086384166e-11
-102.4975,0.45292342359157706,117.3229425335591,159.28493468737867,1.504125654709305,False,1.0,100.0,-102.4975,2.2499312661442353e-21,900,2.521040320946355e-11
-101.9975,0.45366032383616567,117.09629780811439,158.73060552976514,1.4990206976768168,False,1.0,100.0,-101.9975,-4.367513634279986e-21,899,2.5202034903415438e-11
-101.4975,0.45442316046214876,116.86927814359245,158.17598999378657,1.4937970464615533,False,1.0,100.0,-101.4975,1.2943722225229777e-20,897,2.519116859556192e-11
-100.9975,0.45521174637843764,116.64187061479981,157.62118282202425,1.488455779897875,False,1.0,100.0,-100.9975,1.2454031302598385e-20,894,2.517769326360053e-11
-100.4975,0.4560257996716424,116.41406241359833,157.0662845722431,1.4829988597529309,False,1.0,100.0,-100.4975,-9.171778631987971e-21,892,2.5187185670461076e-11
-99.9975,0.45686493962307795,116.1858408973715,156.51140140947044,1.477424877162717,False,1.0,99.99999999999999,-99.9975,1.2930487335428929e-20,890,2.5168006567710677e-11
-99.4975,0.45772868338406936,115.95719363925939,155.95664483388597,1.4717387504999921,False,1.0,100.00000000000001,-99.4975,1.7893571010747095e-20,888,2.516799268992287e-11
-98.9975,0.45861644341631874,115.72810847991474,155.40213134269115,1.4659381942582541,False,1.0,100.0,-98.9975,1.5087774372967225e-21,886,2.5142637971597992e-11
-98.4975,0.4595275257726034,115.49857358029824,154.8479820279676,1.4600283848789037,False,1.0,100.0,-98.4975,-7.438008068076825e-21,883,2.5153781835207667e-11
-97.9975,0.46046112930473704,115.26857747512938,154.29432211168952,1.454008252622707,False,1.0,100.0,-97.9975,2.117582368135751e-21,881,2.512105801155684e-11
-97.4975,0.46141634584867086,115.03810912648099,153.74128042238314,1.4478834049334546,False,1.0,99.99999999999999,-97.4975,-1.7999450129153882e-21,879,2.5084753718651598e-11
-96.9975,0.4623921614367398,114.80715797702584,153.18898881829327,1.4416530930190816,False,1.0,100.0,-96.9975,1.1117307432712692e-21,877,2.5044771811977284e-11
-96.4975,0.4633874585539834,114.57571400241883,152.63758156393752,1.4353232357729986,False,1.0,100.0,-96.4975,7.385068508873431e-21,874,2.5027951933154213e-11
-95.9975,0.46440101944087403,114.34376776228927,152.08719466800068,1.428894556474193,False,1.0,99.99999999999999,-95.9975,5.320425699941074e-21,871,2.498021234309533e-11
-95.4975,0.4654315304158592,114.11131044931204,151.53796519182535,1.4223707332111637,False,1.0,100.0,-95.4975,2.5543337315637495e-21,868,2.492846207235999e-11
-94.9975,0.4664775871729342,113.87833393590539,150.990030538583,1.4157566755411604,False,1.0,100.0,-94.9975,-5.982170189983496e-21,865,2.4872603976433538e-11
-94.4975,0.46753770098798303,113.64483081800618,150.4435277335345,1.409053991170942,False,1.0,100.0,-94.4975,-1.3367238698856927e-20,861,2.481252703301351e-11
-93.9975,0.468610305733646,113.41079445557607,149.89859270708055,1.4022666220118374,False,1.0,100.0,-93.9975,1.3234889800848443e-22,855,2.4748217364312097e-11
-93.4975,0.46969376560631837,113.17621900939872,149.35535959085774,1.3954004011634733,False,1.0,99.99999999999999,-93.4975,2.2155205526620293e-20,844,2.467956394802684e-11
-92.9975,0.4707863834801054,112.94109947363476,148.81396003451263,1.3884575338981475,False,1.0,100.00000000000001,-92.9975,-3.705769144237564e-22,838,2.4498694739527593e-11
-92.4975,0.47188640944757904,112.70543170509626,148.27452257611748,1.3814420742813005,False,1.0,100.0,-92.4975,1.666272625926819e-20,838,2.4557217370713147e-11
-91.9975,0.4729920503604987,112.4692124460103,147.73717200505007,1.374358234120579,False,1.0,100.0,-91.9975,5.651297944962285e-21,837,2.3985938235604465e-11
-91.4975,0.4741014783938827,112.23243934491936,147.20202885603425,1.3672102309368803,False,1.0,100.0,-91.4975,5.254251250936832e-21,837,2.4421964450738187e-11
-90.9975,0.47521284104786354,111.99511097029861,146.6692088673082,1.360002261769039,False,1.0,99.99999999999999,-90.9975,7.213014941462401e-21,836,2.344420491073862e-11
-90.4975,0.47632426949759604,111.75722682164464,146.1388225940583,1.3527384821557928,False,1.0,100.0,-90.4975,-1.2308447514789052e-21,836,2.4234850237725425e-11
-89.9975,0.477433888250408,111.5187873347197,145.610975001921,1.3454230065186983,False,1.0,100.0,-89.9975,3.441071348220595e-22,835,2.4164004130966532e-11
-89.4975,0.47853982317112276,111.27979388318546,145.0857651955276,1.338059771144586,False,1.0,100.0,-89.4975,-7.22624983126325e-21,834,2.2737076110779242e-11
-88.9975,0.4796402096195336,111.04024877555248,144.5632861831782,1.3306527536012125,False,1.0,100.0,-88.9975,1.1368770338928812e-20,834,2.250469255393739e-11
-88.4975,0.48073320025048566,110.8001552487136,144.0436247044433,1.3232057191941404,False,1.0,100.0,-88.4975,-1.1342300559327115e-20,834,2.228472961718353e-11
-87.9975,0.4818169717440189,110.5595174574845,143.52686114021,1.3157223266043656,False,1.0,100.0,-87.9975,1.2771668657818747e-20,834,2.207790894548367e-11
-87.4975,0.48288973109498,110.31834046089494,143.01306947473478,1.3082060927534136,False,1.0,100.0,-87.4975,6.776263578034403e-21,834,2.3622742650886153e-11
-86.9975,0.4839497213730955,110.0766302059761,142.50231731276358,1.300660383190232,False,1.0,100.0,-86.9975,-1.6940658945086007e-21,833,2.3497495615920627e-11
-86.4975,0.48499522638396003,109.83439350807934,141.99466595783025,1.2930884054247265,False,1.0,100.0,-86.4975,-3.239901023247699e-20,832,2.1567123087429252e-11
-85.9975,0.4860245748468156,109.59163802917864,141.4901705298948,1.2854939014718088,False,1.0,100.0,-85.9975,8.258571235729428e-21,832,2.3265597781652048e-11
-85.4975,0.48703614418169117,109.34837225554017,140.98888012419548,1.2778803714151599,False,1.0,100.0,-85.4975,-4.7116207691020456e-20,831,2.3128957082896306e-11
-84.9975,0.4880283629905322,109.10460547169858,140.4908380115532,1.270249390553966,False,1.0,100.0,-84.9975,-7.55976905424463e-20,830,2.1162807617436385e-11
-84.4975,0.4889997132747289,108.86034773422459,139.9960818617203,1.2626038131442485,False,1.0,100.0,-84.4975,2.8587361969832636e-21,830,2.2872245764027355e-11
-83.9975,0.4899487322265819,108.61560984580481,139.50464399689326,1.2549479658430551,False,1.0,100.00000000000001,-83.9975,-5.2833680084986984e-20,828,2.0990667537468255e-11
-83.4975,0.4908740129114441,108.37040332574504,139.0165516562013,1.2472819192313684,False,1.0,99.99999999999999,-83.4975,-7.432714112156485e-20,828,2.0881879558842797e-11
-82.9975,0.4917742050001234,108.12474038314996,138.53182728221205,1.2396095371037643,False,1.0,100.00000000000001,-82.9975,3.5469504666273827e-20,828,2.0778948006672238e-11
-82.4975,0.4926480146961286,107.87863388803362,138.05048881043842,1.231932133130568,False,1.0,100.0,-82.4975,-3.748120791600279e-20,828,2.068076265793195e-11
-81.9975,0.49349420438011404,107.6320973432406,137.57254996607182,1.2242518286509914,False,1.0,100.0,-81.9975,2.5940384009662948e-20,828,2.058615777844608e-11
-81.4975,0.4943115918708171,107.38514485642709,137.09802056053923,1.2165705086222973,False,1.0,100.0,-81.4975,-9.592648127654951e-20,828,2.201235721477346e-11
-80.9975,0.4950990494008884,107.13779111309412,136.62690679162188,1.2088898366874974,False,1.0,100.0,-80.9975,-5.029258124322408e-20,827,2.043547275842883e-11
-80.4975,0.49585550227092445,106.89005134869352,136.1592115247166,1.2012107899558713,False,1.0,100.0,-80.4975,-2.117582368135751e-22,827,2.0345281015465844e-11
-79.9975,0.496579927366913,106.6419413233863,135.69493458472598,1.1935360296516964,False,1.0,100.0,-79.9975,-3.282252670610414e-21,827,2.1546278650141915e-11
-79.4975,0.4972713514303993,106.39347729658633,135.23407303094586,1.1858650376459705,False,1.0,100.0,-79.4975,-1.1434944787933055e-20,826,2.0163433422926147e-11
-78.9975,0.4979288492489307,106.14467600167232,134.77662141094223,1.17820057514852,False,1.0,100.0,-78.9975,5.3257196558614134e-20,826,2.1204114852846345e-11
-78.4975,0.49855154166739946,105.8955546236547,134.32257202810337,1.170542943125249,False,1.0,100.0,-78.4975,-3.186961464044305e-20,825,2.0008196488507934e-11
-77.9975,0.4991385936337674,105.64613077550334,133.87191516643009,1.1628924787284172,False,1.0,100.00000000000001,-77.9975,9.529120656610879e-22,825,1.9910309512205515e-11
-77.4975,0.499689212082978,105.3964224774176,133.42463932857598,1.155250899273437,False,1.0,99.99999999999999,-77.4975,2.3187526931086472e-20,825,1.980948044488784e-11
-76.9975,0.5002026421858603,105.14644814154303,132.98073153366752,1.147618996822666,False,1.0,100.0,-76.9975,6.246867986000465e-21,825,2.9808936135439223e-10
-76.4975,0.5006781720840432,104.89622652997835,132.5401771555223,1.1399965953964843,False,1.0,100.0,-76.4975,-6.950964123405602e-20,825,2.9067147170117047e-10
-75.9975,0.5011151221047313,104.64577676616253,132.10296058388462,1.1323843245169334,False,1.0,100.0,-75.9975,7.168016316139517e-20,825,2.0173231141118464e-11
-75.4975,0.5015128416584164,104.39511831798633,131.66906541744117,1.124782831884785,False,1.0,99.99999999999999,-75.4975,1.3499587596865412e-20,824,2.7581390340050693e-10
-74.9975,0.5018707214853318,104.14427093941033,131.238473930922,1.1171933169504409,False,1.0,100.0,-74.9975,1.5775988642611344e-20,824,2.6840317425211313e-10
-74.4975,0.5021881757333487,103.89325470310398,130.81116801242152,1.109615151519008,False,1.0,100.0,-74.4975,-1.6728900708272432e-20,824,2.6104974735693953e-10
-73.9975,0.5024646480732856,103.64208996200509,130.38712890525665,1.1020486336342692,False,1.0,100.00000000000001,-73.9975,-6.03510974918689e-21,824,2.5377486917443903e-10
-73.4975,0.5026996096204519,103.39079733722869,129.966337356182,1.0944939895301815,False,1.0,100.0,-73.4975,2.6893296075324036e-20,824,1.9291207520311104e-11
-72.9975,0.502892550561943,103.13939772238135,129.54877400766958,1.0869513912032185,False,1.0,100.0,-72.9975,-4.4998625322884706e-21,822,2.3963846185193205e-10
-72.4975,0.5030429917766692,102.88791223790751,129.13441894540463,1.0794209376579307,False,1.0,100.00000000000001,-72.4975,2.2234614865425384e-20,822,2.326943034959561e-10
-71.9975,0.5031504699795252,102.63636225401264,128.7232523488452,1.071902683857315,False,1.0,100.00000000000001,-71.9975,-8.470329472543003e-21,822,2.2588313814894678e-10
-71.4975,0.5032145428625336,102.38476936351947,128.31525429819285,1.0643966333583708,False,1.0,100.00000000000001,-71.4975,-1.4293680984916318e-20,822,2.1921277076550338e-10
-70.9975,0.503234787427596,102.13315537319855,127.91040486779191,1.0569027432314169,False,1.0,100.0,-70.9975,-1.5775988642611344e-20,822,1.8395847345420435e-11
-70.4975,0.5032107942928802,101.88154230546236,127.50868435337833,1.049420935530552,False,1.0,100.0,-70.4975,-8.84090638696676e-21,821,1.824335821298817e-11
-69.9975,0.5031421720512316,101.62995237676252,127.11007312560017,1.041951091442223,False,1.0,100.0,-69.9975,-1.2652554649611111e-20,820,2.0019477525376472e-10
-69.4975,0.503028545637124,101.3784079910905,126.71455171141244,1.0344930558279448,False,1.0,100.0,-69.4975,7.13625258061748e-20,820,1.941323599270739e-10
-68.9975,0.5028695511934406,101.12693174270215,126.32210098124447,1.0270466471794637,False,1.0,100.0,-68.9975,2.3981620319137378e-20,820,1.774305008472865e-11
-68.4975,0.5026648345907976,100.87554641116924,125.93270219652968,1.0196116611079926,False,1.0,100.0,-68.4975,-4.912791094074942e-20,818,1.8257657581968734e-10
-67.9975,0.5024140585100478,100.62427493529654,125.54633678910001,1.012187860409594,False,1.0,100.00000000000001,-67.9975,1.5670109524204556e-20,818,1.7698438461305477e-10
-67.4975,0.5021168932771252,100.37314042817417,125.1629866641631,1.0047749909587644,False,1.0,100.0,-67.4975,-1.0587911840678754e-22,818,1.7274945363077165e-11
-66.9975,0.501773016584563,100.12216617154586,124.7826342018552,0.9973727829357669,False,1.0,100.0,-66.9975,4.2298707803511623e-20,816,1.6636097187328058e-10
-66.4975,0.5013821205479089,99.87137558987338,124.40526204863825,0.9899809413395791,False,1.0,100.0,-66.4975,2.7157993871341005e-20,816,1.6993725870939613e-11
-65.9975,0.5009439000483193,99.62079227597455,124.03085346509056,0.9825991645003812,False,1.0,100.0,-65.9975,-2.4034559878340772e-20,815,1.683910649807885e-11
-65.4975,0.5004580599095317,99.37043996577529,123.65939211014772,0.9752271342560886,False,1.0,100.0,-65.4975,1.1117307432712692e-20,814,1.5150198673721804e-10
-64.9975,0.49992431388036485,99.12034253475476,123.29086207398387,0.9678645186692181,False,1.0,100.0,-64.9975,5.082197683525802e-21,814,1.6523109269694913e-11
-64.4975,0.49934237807412146,98.87052401356682,122.92524805551228,0.9605109819569343,False,1.0,100.0,-64.4975,-2.6205081805679917e-20,813,1.633343460483161e-11
-63.9975,0.4987119772833982,98.62100856383452,122.56253518265991,0.9531661765169106,False,1.0,100.0,-63.9975,2.006409293808624e-20,812,1.6207653275035483e-11
-63.4975,0.49803284056315567,98.37182048802525,122.20270912872476,0.9458303317401697,False,1.0,100.0,-63.4975,-2.2234614865425384e-20,811,1.3371437811160458e-10
-62.9975,0.4973047038921808,98.1229842159681,121.84575603630813,0.9385025666231058,False,1.0,100.0,-62.9975,-2.0540548970916783e-20,811,1.2955203359740763e-10
-62.4975,0.4965273067960049,97.8745243131284,121.49166260015019,0.9311824761465939,False,1.0,100.0,-62.4975,2.064642808932357e-21,811,1.5672803332922314e-11
-61.9975,0.4957003922337626,97.62646547859768,121.14041606162512,0.9238696929734025,False,1.0,99.99999999999999,-61.9975,1.4505439221729893e-20,810,1.554624484700895e-11
-61.4975,0.49482370856395524,97.37883253402413,120.79200415182565,0.9165638461704998,False,1.0,100.0,-61.4975,3.1763735522036263e-21,809,1.1789960067259964e-10
-60.9975,0.49389700966423444,97.13165041876357,120.44641508290246,0.9092645619709016,False,1.0,99.99999999999999,-60.9975,1.588186776101813e-20,809,1.520170100910434e-11
-60.4975,0.4929200496047322,96.88494421150664,120.10363767318104,0.9019722222245844,False,1.0,100.0,-60.4975,8.258571235729428e-21,808,1.1070762926182476e-10
-59.9975,0.49189258969213573,96.6387390953609,119.76366116417918,0.8946857215447089,False,1.0,100.0,-59.9975,5.135137242729196e-21,808,1.0825435686756535e-10
-59.4975,0.4908143932052665,96.3930603796402,119.42647534388232,0.8874046738653906,False,1.0,100.00000000000001,-59.4975,-1.0482032722271967e-20,808,1.4696126260371756e-11
-58.9975,0.4896852259258075,96.1479334963604,119.09207052531049,0.880128708449014,False,1.0,100.0,-58.9975,4.965730653278336e-20,806,1.460401938269129e-11
-58.4975,0.4885048579819575,95.90338398847688,118.76043749371568,0.8728576080335981,False,1.0,100.0,-58.4975,-2.0752307207730358e-20,805,1.04188144223194e-10
-57.9975,0.48727306417585786,95.65943750479211,118.43156749107344,0.8655915330836479,False,1.0,100.0,-57.9975,1.9428818227645514e-20,805,1.4255895075532266e-11
-57.4975,0.4859896198503976,95.41611982271728,118.10545230960948,0.8583294395015396,False,1.0,100.0,-57.4975,2.429925767435774e-20,803,1.4201320674978035e-11
-56.9975,0.4846543050550142,95.17345682263011,117.78208418256078,0.8510709656590303,False,1.0,100.0,-56.9975,-2.811090593700209e-20,802,1.0079020951181406e-10
-56.4975,0.4832669040563797,94.93147448808145,117.46145578870221,0.8438157533614147,False,1.0,100.0,-56.4975,4.711620769102046e-21,802,9.973613601665932e-11
-55.9975,0.4818272036106624,94.69019891559341,117.14356028768199,0.8365642660501529,False,1.0,100.0,-55.9975,1.9164120431628545e-20,802,1.3665152343023124e-11
-55.4975,0.4803349926266202,94.4496563169555,116.8283913219103,0.8293153813942773,False,1.0,100.0,-55.4975,3.070494433796839e-20,801,9.788391625020765e-11
-54.9975,0.47879006665043644,94.20987298615921,116.51594289897649,0.822068704861274,False,1.0,100.0,-54.9975,2.2658131339052534e-20,801,1.3346664051727686e-11
-54.4975,0.4771922218180653,93.97087534146245,116.2062095351613,0.8148239353129411,False,1.0,100.0,-54.4975,1.2705494208814505e-21,799,1.3191080172614278e-11
-53.9975,0.47554125937734176,93.73268989221347,115.89918613748016,0.8075815379254528,False,1.0,99.99999999999999,-53.9975,-1.1064367873509298e-20,798,9.557996755171771e-11
-53.4975,0.4738369853986388,93.49534323902361,115.59486800466857,0.8003403352372699,False,1.0,100.0,-53.4975,-2.9116757561866574e-21,798,9.4899942071347e-11
-52.9975,0.47207920918126434,93.25886208541257,115.29325086179956,0.7931000033477963,False,1.0,100.0,-52.9975,-3.351074097574826e-20,798,1.2683305794514155e-11
-52.4975,0.4702677429595273,93.02327324057536,114.99433086334125,0.785860546220219,False,1.0,100.0,-52.4975,3.366955965335844e-20,795,9.380813487114281e-11
-51.9975,0.46840240656699184,92.7886035797597,114.69810446996912,0.7786218765032192,False,1.0,100.0,-51.9975,1.0058516248644817e-20,795,1.2397950721609874e-11
-51.4975,0.4664830209125711,92.55488009846955,114.40456861022726,0.7713831282223949,False,1.0,100.00000000000001,-51.4975,-2.556980709523919e-20,794,9.287208502239963e-11
-50.9975,0.464509415429034,92.32212984825942,114.11372048642575,0.7641440009188899,False,1.0,100.0,-50.9975,-1.164670302474663e-21,794,1.204876476368355e-11
-50.4975,0.462481421469841,92.09037999366478,113.82555774023454,0.7569049301674324,False,1.0,100.0,-50.4975,5.558653716356346e-21,793,1.1918223352669344e-11
-49.9975,0.4603988771092736,91.85965776979096,113.5400783263585,0.7496650177085112,False,1.0,100.0,-49.9975,6.564505341220828e-21,792,9.191440664135797e-11
-49.4975,0.4582616274854489,91.62999047761507,113.25728050010186,0.7424238483293921,False,1.0,100.00000000000001,-49.4975,-2.752857078576476e-21,792,1.1573755842597677e-11
-48.9975,0.45606952026222874,91.40140552611514,112.9771629329824,0.7351815165086668,False,1.0,100.0,-48.9975,-3.467541127822292e-20,791,9.152715391147481e-11
-48.4975,0.45382241312918326,91.17393036135697,112.69972451526868,0.7279378497473968,False,1.0,100.0,-48.4975,2.0593488530120177e-20,791,1.1254587539699656e-11
-47.9975,0.45152016627309477,90.94759253768315,112.42496455065557,0.7206921049411371,False,1.0,100.0,-47.9975,2.0328790734103208e-20,789,9.130438072268987e-11
-47.4975,0.44916265060605537,90.7224196377565,112.15288253930663,0.7134441134439323,False,1.0,100.0,-47.4975,-4.235164736271502e-21,789,1.0911715975225889e-11
-46.9975,0.44674973999294426,90.49843934819397,111.8834783807181,0.7061942688853218,False,1.0,100.0,-46.9975,1.641126335305207e-20,788,9.12912939687871e-11
-46.4975,0.4442813197704651,90.27567937443835,111.61675214858684,0.6989415838239247,False,1.0,100.0,-46.4975,1.3923104070492562e-20,788,1.059265869463033e-11
-45.9975,0.44175727924763003,90.05416751543002,111.35270428799542,0.6916858239645283,False,1.0,100.00000000000001,-45.9975,7.146840492458159e-21,787,1.0437525843620676e-11
-45.4975,0.4391775172473486,89.83393160719756,111.09133546886969,0.684427412017284,False,1.0,100.0,-45.4975,1.979939514206927e-20,785,9.16306752696272e-11
-44.9975,0.43654194258494833,89.61499951622594,110.83264657284127,0.6771655962602049,False,1.0,100.0,-44.9975,3.928115292891818e-20,785,1.0143261230943779e-11
-44.4975,0.4338504687726714,89.39739919459636,110.57663883432063,0.6699000238456161,False,1.0,100.0,-44.4975,7.676236084492097e-22,783,9.204535744711251e-11
-43.9975,0.4311030228275724,89.1811585860218,110.32331360666372,0.6626309271438153,False,1.0,100.0,-43.9975,-1.2970192004831474e-21,783,9.824356606014106e-12
-43.4975,0.4282995370324018,88.9663057126902,110.07267258232379,0.6553579684099666,False,1.0,100.0,-43.4975,3.705769144237564e-22,780,9.719551552489492e-12
-42.9975,0.4254399556316826,88.75286860252017,109.82471761530347,0.6480806323111634,False,1.0,100.0,-42.9975,2.363751318431532e-20,779,9.53354062360745e-12
-42.4975,0.42252423228248237,88.54087531532876,109.57945079022765,0.6407989857398451,False,1.0,100.0,-42.4975,2.956674381509542e-20,778,9.34847338429634e-12
-41.9975,0.419552330986006,88.33035393153494,109.3368743988323,0.6335130525549384,False,1.0,100.0,-41.9975,-2.7925617479790214e-20,776,9.164377590131778e-12
-41.4975,0.4165242264408666,88.12133254689525,109.09699093200783,0.6262221825760449,False,1.0,100.00000000000001,-41.4975,-1.860825505999291e-20,773,9.0580390410544e-12
-40.9975,0.41343990439949013,87.91383926706948,108.85980307194538,0.6189262922462241,False,1.0,100.0,-40.9975,2.8693241088239424e-20,772,8.87401957472278e-12
-40.4975,0.4102993620236634,87.70790220200489,108.62531368438728,0.6116257350823278,False,1.0,100.0,-40.4975,4.235164736271502e-22,771,8.713481325361982e-12
-39.9975,0.4071026082426189,87.50354946014244,108.39352581098694,0.6043197430457949,False,1.0,100.0,-39.9975,1.1461414567534751e-20,769,9.367638609258933e-12
-39.4975,0.4038496634132684,87.30080915078712,108.16444268070504,0.5970081708856273,False,1.0,99.99999999999999,-39.4975,-2.4378667013162832e-20,766,9.705064529796914e-11
-38.9975,0.40054056316790027,87.09970933621668,107.93806760759668,0.5896914405407274,False,1.0,100.0,-38.9975,-1.095848875510251e-20,766,9.039411580369361e-12
-38.4975,0.39717535106582724,86.90027811767746,107.71440419272794,0.582368920300052,False,1.0,100.0,-38.4975,-6.220398206398768e-21,765,9.857326760398522e-11
-37.9975,0.3937540895436699,86.702543501201,107.49345602882487,0.5750404036681634,False,1.0,100.0,-37.9975,1.6702430928670735e-20,765,8.641459076086377e-12
-37.4975,0.39027684955150393,86.50653352102856,107.27522698500266,0.5677061332979845,False,1.0,99.99999999999999,-37.4975,1.691418916548431e-20,762,8.51377648936058e-12
-36.9975,0.3867437188275452,86.31227613603654,107.05972098364907,0.5603658607410402,False,1.0,99.99999999999999,-36.9975,6.167458647195374e-21,761,8.358112812967278e-12
-36.4975,0.38315479863125884,86.11979926688434,106.84694209203418,0.5530192353524269,False,1.0,100.0,-36.4975,-1.7575933655526732e-20,760,8.161197412315246e-12
-35.9975,0.37951020481004005,85.92913077997017,106.63689449571487,0.5456663169060605,False,1.0,100.0,-35.9975,1.2705494208814505e-20,758,8.026898590252074e-12
-35.4975,0.37581006813804824,85.74029848004781,106.42958249178346,0.5383072480533361,False,1.0,100.0,-35.4975,-2.6496249381298582e-20,757,7.831298109994833e-12
-34.9975,0.372054534649842,85.553330102686,106.22501048217141,0.5309415300569824,False,1.0,100.0,-34.9975,2.5993323568866342e-20,756,7.661676848513821e-12
-34.4975,0.3682437659671453,85.36825330646793,106.02318296698462,0.5235690844364567,False,1.0,100.0,-34.4975,8.946785505373547e-21,755,7.391823264590869e-12
-33.9975,0.3643779396296213,85.18509566553284,105.82410453845051,0.5161903018629391,False,1.0,100.00000000000001,-33.9975,-1.911118087242515e-20,755,7.277123348359282e-12
-33.4975,0.36045724939285484,85.00388466071115,105.62777987359911,0.5088046854302566,False,1.0,100.0,-33.4975,6.03510974918689e-21,753,7.124648093714825e-12
-32.9975,0.35648190555409265,84.82464767216612,105.43421372884794,0.5014121235285545,False,1.0,100.00000000000001,-32.9975,1.7628873214730126e-20,752,6.958416481905871e-12
-32.4975,0.3524521352428305,84.64741197063194,105.24341093331786,0.4940127727069621,False,1.0,100.0,-32.4975,-1.1911400820763599e-20,751,6.8560851440579995e-12
-31.997500000000002,0.3483681827144592,84.47220470900864,105.05537638277072,0.4866066279817,False,1.0,100.0,-31.997500000000002,-2.456395547037471e-20,748,6.719475670324826e-12
-31.497500000000002,0.34423030963240364,84.29905291372744,104.87011503353575,0.4791933777781503,False,1.0,100.0,-31.497500000000002,4.446922973085077e-21,747,6.565612636899587e-12
-30.997500000000002,0.340038795338056,84.12798347589549,104.68763189644491,0.4717729881899131,False,1.0,99.99999999999999,-30.997500000000002,-1.3631936494873896e-20,744,6.288657095065986e-12
-30.497500000000002,0.33579393712159,83.95902314272843,104.50793203130742,0.46434580679553866,False,1.0,100.0,-30.497500000000002,3.467541127822292e-21,744,6.098149762934213e-12
-29.997500000000002,0.3314960504621661,83.79219850809237,104.33102054062641,0.4569114685628983,False,1.0,99.99999999999999,-29.997500000000002,1.4664257899340075e-20,744,6.029038379651297e-12
-29.497500000000002,0.3271454692642629,83.62753600325343,104.15690256375886,0.44946990618838634,False,1.0,100.0,-29.497500000000002,-6.088049308390284e-22,742,5.755302484589109e-12
-28.997500000000002,0.3227425461086692,83.46506188847376,103.9855832722346,0.44202118585882966,False,1.0,100.0,-28.997500000000002,9.740878893424454e-21,742,5.6970608786066634e-12
-28.497500000000002,0.31828765243046836,83.3048022423235,103.81706786273791,0.4345655290083757,False,1.0,100.0,-28.497500000000002,3.3351922298138076e-21,739,5.422193943838138e-12
-27.997500000000002,0.31378117876014605,83.14678295359042,103.65136155316613,0.42710261840447206,False,1.0,99.99999999999999,-27.997500000000002,-6.776263578034403e-21,739,5.3742427175151875e-12
-27.497500000000002,0.30922353487182896,82.99102971038056,103.48846957576892,0.4196324624578609,False,1.0,100.0,-27.497500000000002,-3.943997160652836e-21,736,5.756168111603621e-12
-26.997500000000002,0.30461514998508676,82.8375679914047,103.32839717289323,0.41215519450304977,False,1.0,100.0,-26.997500000000002,8.099752558119247e-21,735,5.563180124901201e-12
-26.497500000000002,0.29995647290892646,82.68642305578925,103.17114959124035,0.4046709244397449,False,1.0,100.00000000000001,-26.497500000000002,6.45862622281404e-21,734,5.390561261253701e-12
-25.997500000000002,0.2952479721867701,82.53761993332658,103.01673207680963,0.39717945056374937,False,1.0,100.0,-25.997500000000002,1.1434944787933055e-20,733,5.202172026486096e-12
-25.497500000000002,0.29049013621903075,82.39118341449013,102.86514986970536,0.38968080422365947,False,1.0,100.0,-25.497500000000002,3.546950466627383e-21,731,4.9067624963150536e-12
-24.997500000000002,0.28568347338932104,82.24713804091255,102.71640819962127,0.38217511141415333,False,1.0,99.99999999999999,-24.997500000000002,-2.4881592825595072e-21,731,4.870990763516936e-12
-24.497500000000002,0.28082851212342447,82.10550809450456,102.57051227994849,0.37466252021920865,False,1.0,100.0,-24.497500000000002,3.255782891008717e-21,728,4.791549101934578e-12
-23.997500000000002,0.2759258009977379,81.96631758827493,102.42746730389065,0.3671428664549773,False,1.0,100.0,-23.997500000000002,2.726387298974779e-20,727,4.684591256576276e-12
-23.497500000000002,0.27097590877933103,81.82959025581276,102.28727843922671,0.3596162033902636,False,1.0,100.0,-23.497500000000002,2.7131524091739308e-21,725,4.5418946381659e-12
-22.997500000000002,0.2659794244682602,81.69534954126625,102.14995082371698,0.3520825895274363,False,1.0,100.0,-22.997500000000002,-1.0018811579242271e-20,724,4.5010731253292136e-12
-22.497500000000002,0.2609369573171242,81.56361858922197,102.01548956050242,0.3445423301357746,False,1.0,100.0,-22.497500000000002,8.510034141945549e-21,723,4.344287082846954e-12
-21.997500000000002,0.2558491368320124,81.43442023457506,101.88389971358998,0.3369952387175478,False,1.0,100.0,-21.997500000000002,1.3036366453835716e-20,721,4.317110904872301e-12
-21.497500000000002,0.2507166127536965,81.30777699240826,101.75518630340692,0.329441387226318,False,1.0,100.00000000000001,-21.497500000000002,8.735027268559972e-22,720,4.167687028822087e-12
-20.997500000000002,0.24554005501906803,81.18371104788329,101.62935430245253,0.3218808546711243,False,1.0,100.0,-20.997500000000002,-1.1765817032954266e-20,718,4.065903863592624e-12
-20.497500000000002,0.24032015370253781,81.06224424615485,101.50640863102322,0.3143137918638453,False,1.0,100.0,-20.497500000000002,7.610061635487855e-21,716,4.027415553831126e-12
-19.997500000000002,0.2350576189369009,80.94339808232286,101.38635415301992,0.3067403466415558,False,1.0,99.99999999999999,-19.997500000000002,5.293955920339377e-21,715,3.8657688161691794e-12
-19.497500000000002,0.2297531808139173,80.8271936914263,101.26919567185007,0.29916047195326756,False,1.0,99.99999999999999,-19.497500000000002,-1.197757526976784e-20,713,3.8330814217113485e-12
-18.997500000000002,0.22440758926363757,80.71365183849355,101.1549379264012,0.291574266061636,False,1.0,99.99999999999999,-18.997500000000002,-5.624828165360588e-21,712,3.675372506339869e-12
-18.497500000000002,0.21902161391314248,80.6027929086568,101.04358558711183,0.28398183174420083,False,1.0,100.0,-18.497500000000002,-7.887994321305672e-21,709,3.5519105018311237e-12
-17.997500000000002,0.21359604392383377,80.49463689734309,100.93514325212087,0.27638330390434257,False,1.0,99.99999999999999,-17.997500000000002,6.63067979022507e-21,707,3.504472753657062e-12
-17.497500000000002,0.20813168780770064,80.38920340055444,100.82961544350269,0.2687788885941479,False,1.0,100.0,-17.497500000000002,-7.014491594449675e-21,706,3.3424756018529678e-12
-16.997500000000002,0.20262937322242333,80.28651160524046,100.72700660359791,0.2611685668024068,False,1.0,100.0,-16.997500000000002,-2.7396221887756277e-21,704,3.2981482128713324e-12
-16.497500000000002,0.19708994674446284,80.18658027978222,100.62732109142277,0.25355245882347366,False,1.0,100.0,-16.497500000000002,2.7396221887756277e-21,702,3.164456544024752e-12
-15.9975,0.19151427362164883,80.08942776459374,100.53056317917647,0.2459306890067852,False,1.0,100.0,-15.9975,9.661469554619363e-22,700,3.1086808474634076e-12
-15.4975,0.18590323750384674,79.99507196285306,100.43673704882816,0.23830338566809828,False,1.0,100.0,-15.4975,-1.0376153603865179e-20,698,2.9414318203357936e-12
-14.9975,0.18025774015298177,79.90353033137276,100.34584678880434,0.23067071081645465,False,1.0,100.0,-14.9975,2.6893296075324036e-20,695,2.894746942150306e-12
-14.4975,0.1745787011309617,79.81481987161995,100.2578963907605,0.2230328443326448,False,1.0,100.0,-14.4975,-1.461131834013668e-20,693,2.7535499921849116e-12
-13.9975,0.16886705746771866,79.72895712090025,100.17288974644997,0.21538984146381943,False,1.0,100.0,-13.9975,1.3023131564034868e-20,692,2.586656583369873e-12
-13.4975,0.16312376330808606,79.64595814371039,100.09083064468066,0.207741845713937,False,1.0,100.0,-13.4975,-1.514071393217062e-20,689,2.529650100502323e-12
-12.9975,0.15734978953744289,79.56583852327276,100.01172276836894,0.20008900404104174,False,1.0,100.0,-12.9975,3.451659260061274e-20,688,2.380727559536666e-12
-12.4975,0.15154612338825657,79.48861335326316,99.93556969168905,0.1924314667420663,False,1.0,100.0,-12.4975,1.7999450129153882e-21,685,2.316121253120862e-12
-11.9975,0.14571376802567018,79.41429722974092,99.8623748773126,0.18476938735169698,False,1.0,100.0,-11.9975,-2.80579663777987e-20,683,2.156576132950061e-12
-11.4975,0.1398537421142562,79.34290424328921,99.79214167375102,0.17710292467617197,False,1.0,100.0,-11.4975,2.1705219273391446e-21,680,2.1049997682431876e-12
-10.9975,0.13396707935680122,79.27444797132425,99.72487331273516,0.169432294970308,False,1.0,100.0,-10.9975,-1.402898318889935e-20,675,1.9477661671041258e-12
-10.4975,0.12805482806110685,79.20894147095498,99.66057290702322,0.16175759395670286,False,1.0,100.0,-10.4975,-5.61159327555974e-21,675,1.866600190386647e-12
-9.9975,0.1221180505661882,79.14639727124096,99.59924344743531,0.1540789873367109,False,1.0,100.0,-9.9975,-2.3611043404713622e-20,668,1.7369924942833848e-12
-9.4975,0.11615782284852817,79.08682736704498,99.54088780138436,0.14639664349497175,False,1.0,100.0,-9.4975,2.9434394917086937e-20,668,1.6509918432383586e-12
-8.9975,0.110175233881651,79.03024321162955,99.48550870993108,0.138710733350202,False,1.0,100.0,-8.9975,1.8687664398798e-20,662,1.5956281435025588e-12
-8.4975,0.10417138517860199,78.9766557108013,99.43310878627439,0.13102143026094681,False,1.0,100.0,-8.4975,4.764560328305439e-22,658,1.509444479130817e-12
-7.9975000000000005,0.09814739019548645,78.92607521655493,99.38369051353274,0.12332890989319494,False,1.0,100.0,-7.9975000000000005,-1.572304908340795e-20,655,1.3643238015031978e-12
-7.4975000000000005,0.09210437376510514,78.87851152128823,99.3372562429325,0.11563335009908281,False,1.0,100.0,-7.4975000000000005,-6.088049308390284e-21,652,1.2707304826442556e-12
-6.9975000000000005,0.08604347150823362,78.8339738522608,99.29380819204471,0.10793493079851639,False,1.0,100.0,-6.9975000000000005,-5.346895479542771e-21,646,1.1970910374081711e-12
-6.4975000000000005,0.07996582923031811,78.79247086634903,99.25334844312944,0.10023383385393343,False,1.0,100.0,-6.4975000000000005,6.352747104407253e-22,644,1.0410749953088105e-12
-5.9975000000000005,0.07387260230633004,78.75401064510936,99.21587894158053,0.09253024819586776,False,1.0,100.0,-5.9975000000000005,1.5326002389382497e-20,640,9.544804183136968e-13
-5.4975000000000005,0.06776495505041144,78.71860069014845,99.18140149447764,0.08482436394300306,False,1.0,100.00000000000001,-5.4975000000000005,9.820288232229545e-21,634,8.710740462269939e-13
-4.9975000000000005,0.06164406007569749,78.68624791881423,99.14991776924197,0.0771163539347353,False,1.0,100.0,-4.9975000000000005,9.158543742187122e-21,627,7.853184248729494e-13
-4.4975000000000005,0.055511097642227426,78.65695866020874,99.12142929239802,0.0694064069139481,False,1.0,100.0,-4.4975000000000005,7.835054762102278e-21,620,6.960667936137255e-13
-3.9975,0.04936725499460284,78.63073865152944,99.09593744844165,0.06169471293318169,False,1.0,100.0,-3.9975,3.970466940254533e-22,615,5.947321086129109e-13
-3.4975,0.04321372569080455,78.60759303474525,99.0734434788139,0.05398146322503081,False,1.0,100.0,-3.4975,-3.3087224502121107e-21,606,5.077171864355245e-13
-2.9975,0.03705170892127146,78.58752635360888,99.0539484809834,0.0462668500737653,False,1.0,100.0,-2.9975,-5.558653716356346e-21,597,4.1488977509628044e-13
-2.4975,0.030882408821886795,78.5705425510125,99.037453407634,0.03855106668393882,False,1.0,100.0,-2.4975,-6.763028688233554e-21,589,3.2124479400381933e-13
-1.9975,0.0247070337794651,78.55664496668837,99.02395906596146,0.030834307049697685,False,1.0,99.99999999999999,-1.9975,-3.467541127822292e-21,577,2.539457630724301e-13
-1.4975,0.018526795730907222,78.54583633525817,99.0134661170777,0.02311676582547937,False,1.0,100.0,-1.4975,2.5278639519620526e-21,567,1.7816344645253668e-13
-0.9975,0.012342909459013958,78.53811878463394,99.00597507552273,0.015398638192431964,False,1.0,100.0,-0.9975,-3.9042924912502906e-22,553,1.0435744743396771e-13
-0.575,0.007115581270837524,78.53400813152878,99.00198544564682,0.008876507798365263,False,1.0,100.0,-0.575,1.2904017555827232e-22,531,6.005869409518019e-14
-0.25,0.0030938399521684024,78.53234908957495,99.0003753221854,0.0038593687326209216,False,1.0,100.0,-0.25,-4.698385879301197e-22,487,2.911331754930954e-14
0.0,0.0,78.53196235811086,99.0,0.0,False,1.0,100.0,0.0,0.0,400,8.326672684688674e-17
0.25,-0.0030938399521684024,78.53234908957495,99.0003753221854,0.0038593687326209216,False,1.0,100.0,4.698385879301197e-22,0.25,487,2.911331754930954e-14
0.575,-0.007115581270837524,78.53400813152878,99.00198544564682,0.008876507798365263,False,1.0,100.0,-4.963083675318166e-22,0.575,531,6.005869409518019e-14
0.9975,-0.012342909459013958,78.53811878463394,99.00597507552273,0.015398638192431964,False,1.0,100.0,3.9042924912502906e-22,0.9975,553,1.0435744743396771e-13
1.4975,-0.018526795730907222,78.54583633525817,99.0134661170777,0.02311676582547937,False,1.0,100.0,-2.0117032497289633e-21,1.4975,567,1.7816344645253668e-13
1.9975,-0.024707033779465107,78.55664496668837,99.02395906596146,0.030834307049697685,False,1.0,99.99999999999999,-3.3087224502121107e-21,1.9975,577,2.5394920541432775e-13
2.4975,-0.030882408821886795,78.5705425510125,99.037453407634,0.038551066683938824,False,1.0,100.0,-1.0640851399882148e-20,2.4975,589,3.2124479400381933e-13
2.9975,-0.03705170892127146,78.58752635360888,99.0539484809834,0.0462668500737653,False,1.0,100.0,-1.2176098616780567e-21,2.9975,597,4.1488977509628044e-13
3.4975,-0.04321372569080455,78.60759303474525,99.0734434788139,0.05398146322503081,False,1.0,100.0,-6.405686663610646e-21,3.4975,606,5.077171864355245e-13
3.9975,-0.04936725499460284,78.63073865152944,99.09593744844165,0.06169471293318169,False,1.0,100.0,-3.970466940254533e-22,3.9975,615,5.94728639165959e-13
4.4975000000000005,-0.055511097642227426,78.65695866020874,99.12142929239802,0.0694064069139481,False,1.0,100.0,4.817499887508833e-21,4.4975000000000005,620,6.960666851935082e-13
4.9975000000000005,-0.06164406007569749,78.68624791881423,99.14991776924197,0.0771163539347353,False,1.0,100.0,4.393983413881683e-21,4.9975000000000005,627,7.853184248729494e-13
5.4975000000000005,-0.06776495505041144,78.71860069014845,99.18140149447764,0.08482436394300306,False,1.0,100.00000000000001,-5.955700410381799e-21,5.4975000000000005,634,8.710740462269939e-13
5.9975000000000005,-0.07387260230633004,78.75401064510936,99.21587894158053,0.09253024819586776,False,1.0,100.0,-1.5326002389382497e-20,5.9975000000000005,640,9.544804183136968e-13
6.4975000000000005,-0.07996582923031811,78.79247086634903,99.25334844312944,0.10023383385393343,False,1.0,100.0,5.241016361135983e-21,6.4975000000000005,644,1.0410749953088105e-12
6.9975000000000005,-0.08604347150823362,78.8339738522608,99.29380819204471,0.10793493079851639,False,1.0,100.0,-5.293955920339377e-22,6.9975000000000005,646,1.1970910374081711e-12
7.4975000000000005,-0.09210437376510515,78.87851152128823,99.3372562429325,0.11563335009908281,False,1.0,100.0,-1.3393708478458624e-20,7.4975000000000005,652,1.270730265803821e-12
7.9975000000000005,-0.09814739019548645,78.92607521655493,99.38369051353274,0.12332890989319494,False,1.0,100.0,-3.65282958503417e-21,7.9975000000000005,655,1.3643238015031978e-12
8.4975,-0.10417138517860199,78.9766557108013,99.43310878627439,0.13102143026094681,False,1.0,100.0,5.346895479542771e-21,8.4975,658,1.509444479130817e-12
8.9975,-0.110175233881651,79.03024321162955,99.48550870993108,0.138710733350202,False,1.0,100.0,-3.044024654195142e-20,8.9975,662,1.5956281435025588e-12
9.4975,-0.11615782284852817,79.08682736704498,99.54088780138436,0.14639664349497175,False,1.0,100.0,-2.329340604949326e-21,9.4975,668,1.6509918432383586e-12
9.9975,-0.1221180505661882,79.14639727124096,99.59924344743531,0.15407898733671085,False,1.0,100.0,-3.05990652195616e-20,9.9975,668,1.7369968310920747e-12
10.4975,-0.12805482806110685,79.20894147095498,99.66057290702322,0.16175759395670286,False,1.0,100.0,5.61159327555974e-21,10.4975,675,1.866600190386647e-12
10.9975,-0.1339670793568012,79.27444797132425,99.72487331273516,0.16943229497030796,False,1.0,100.0,1.0005576689441423e-20,10.9975,675,1.9477748407215056e-12
11.4975,-0.1398537421142562,79.34290424328921,99.79214167375102,0.17710292467617197,False,1.0,100.0,-3.695181232396885e-20,11.4975,680,2.1049997682431876e-12
11.9975,-0.14571376802567018,79.41429722974092,99.8623748773126,0.18476938735169698,False,1.0,100.0,2.0381730293306602e-20,11.9975,683,2.156576132950061e-12
12.4975,-0.15154612338825657,79.48861335326316,99.93556969168905,0.1924314667420663,False,1.0,100.0,-1.7999450129153882e-21,12.4975,685,2.316121253120862e-12
12.9975,-0.15734978953744289,79.56583852327276,100.01172276836894,0.20008900404104174,False,1.0,100.0,-7.411538288475128e-21,12.9975,688,2.380727559536666e-12
13.4975,-0.16312376330808606,79.64595814371039,100.09083064468066,0.20774184571393697,False,1.0,100.0,3.3881317890172014e-21,13.4975,689,2.529650100502323e-12
13.9975,-0.16886705746771866,79.72895712090025,100.17288974644997,0.21538984146381943,False,1.0,100.0,2.583450489125616e-20,13.9975,692,2.586656583369873e-12
14.4975,-0.1745787011309617,79.81481987161995,100.2578963907605,0.2230328443326448,False,1.0,100.0,1.1011428314305904e-20,14.4975,693,2.7535499921849116e-12
14.9975,-0.18025774015298177,79.90353033137276,100.34584678880434,0.23067071081645465,False,1.0,100.0,-2.6893296075324036e-20,14.9975,695,2.894743472703354e-12
15.4975,-0.18590323750384674,79.99507196285306,100.43673704882816,0.2383033856680983,False,1.0,100.0,-1.6728900708272432e-20,15.4975,698,2.9414318203357936e-12
15.9975,-0.19151427362164883,80.08942776459374,100.53056317917647,0.2459306890067852,False,1.0,100.0,1.6424498242852918e-20,15.9975,700,3.1086808474634076e-12
16.497500000000002,-0.19708994674446284,80.18658027978222,100.62732109142277,0.25355245882347366,False,1.0,100.0,-2.7396221887756277e-21,16.497500000000002,702,3.164456544024752e-12
16.997500000000002,-0.20262937322242333,80.28651160524046,100.72700660359791,0.2611685668024068,False,1.0,100.0,-1.9852334701272664e-22,16.997500000000002,704,3.2981482128713324e-12
17.497500000000002,-0.20813168780770064,80.38920340055444,100.82961544350269,0.2687788885941479,False,1.0,100.0,7.014491594449675e-21,17.497500000000002,706,3.3424756018529678e-12
17.997500000000002,-0.21359604392383377,80.49463689734309,100.93514325212087,0.27638330390434257,False,1.0,99.99999999999999,1.4558378780933287e-22,17.997500000000002,707,3.504472753657062e-12
18.497500000000002,-0.21902161391314248,80.6027929086568,101.04358558711183,0.28398183174420083,False,1.0,100.0,1.1117307432712692e-21,18.497500000000002,709,3.5519105018311237e-12
18.997500000000002,-0.2244075892636376,80.71365183849355,101.1549379264012,0.291574266061636,False,1.0,99.99999999999999,2.3002238473874594e-20,18.997500000000002,712,3.675370771616393e-12
19.497500000000002,-0.2297531808139173,80.8271936914263,101.26919567185007,0.29916047195326756,False,1.0,99.99999999999999,1.40157482990985e-20,19.497500000000002,713,3.8330814217113485e-12
19.997500000000002,-0.2350576189369009,80.94339808232286,101.38635415301992,0.3067403466415558,False,1.0,99.99999999999999,6.220398206398768e-21,19.997500000000002,715,3.8657688161691794e-12
20.497500000000002,-0.24032015370253781,81.06224424615485,101.50640863102322,0.3143137918638453,False,1.0,100.0,5.942465520580951e-21,20.497500000000002,716,4.027415553831126e-12
20.997500000000002,-0.24554005501906803,81.18371104788329,101.62935430245253,0.3218808546711243,False,1.0,100.0,1.7655342994331823e-20,20.997500000000002,718,4.065903863592624e-12
21.497500000000002,-0.2507166127536965,81.30777699240826,101.75518630340692,0.329441387226318,False,1.0,100.00000000000001,2.9513804255892027e-21,21.497500000000002,720,4.167687028822087e-12
21.997500000000002,-0.2558491368320124,81.43442023457506,101.88389971358998,0.3369952387175478,False,1.0,100.0,-9.198248411589668e-21,21.997500000000002,721,4.317117843766205e-12
22.497500000000002,-0.2609369573171242,81.56361858922197,102.01548956050242,0.34454233013577457,False,1.0,100.0,-5.955700410381799e-22,22.497500000000002,723,4.344287082846954e-12
22.997500000000002,-0.2659794244682602,81.69534954126625,102.14995082371698,0.3520825895274363,False,1.0,100.0,1.9733220693065028e-20,22.997500000000002,724,4.5010731253292136e-12
23.497500000000002,-0.27097590877933103,81.82959025581276,102.28727843922671,0.3596162033902636,False,1.0,100.0,-2.7131524091739308e-21,23.497500000000002,725,4.5418946381659e-12
23.997500000000002,-0.2759258009977379,81.96631758827493,102.42746730389065,0.3671428664549773,False,1.0,100.0,-6.03510974918689e-21,23.997500000000002,727,4.684591256576276e-12
24.497500000000002,-0.28082851212342447,82.10550809450456,102.57051227994849,0.37466252021920865,False,1.0,100.0,-3.255782891008717e-21,24.497500000000002,728,4.791549101934578e-12
24.997500000000002,-0.28568347338932104,82.24713804091255,102.71640819962127,0.38217511141415333,False,1.0,99.99999999999999,1.6040686438628313e-20,24.997500000000002,731,4.87098902879346e-12
25.497500000000002,-0.2904901362190307,82.39118341449013,102.86514986970536,0.3896808042236594,False,1.0,100.0,4.155755397466411e-21,25.497500000000002,731,4.9067694352089575e-12
25.997500000000002,-0.2952479721867701,82.53761993332658,103.01673207680963,0.39717945056374937,False,1.0,100.0,-1.7311235859509763e-20,25.997500000000002,733,5.202172026486096e-12
26.497500000000002,-0.29995647290892646,82.68642305578925,103.17114959124035,0.4046709244397449,False,1.0,100.00000000000001,-6.45862622281404e-21,26.497500000000002,734,5.390561261253701e-12
26.997500000000002,-0.30461514998508676,82.8375679914047,103.32839717289323,0.41215519450304977,False,1.0,100.0,1.3129010682441655e-20,26.997500000000002,735,5.563180124901201e-12
27.497500000000002,-0.30922353487182896,82.99102971038056,103.48846957576892,0.4196324624578609,False,1.0,100.0,-1.9587636905255695e-21,27.497500000000002,736,5.756166376880145e-12
27.997500000000002,-0.31378117876014605,83.14678295359042,103.65136155316613,0.42710261840447206,False,1.0,99.99999999999999,-6.776263578034403e-21,27.997500000000002,739,5.3742427175151875e-12
28.497500000000002,-0.3182876524304683,83.3048022423235,103.81706786273791,0.43456552900837564,False,1.0,100.0,2.541098841762901e-21,28.497500000000002,739,5.422200882732042e-12
28.997500000000002,-0.3227425461086692,83.46506188847376,103.9855832722346,0.44202118585882966,False,1.0,100.0,9.68793933422106e-21,28.997500000000002,742,5.6970608786066634e-12
29.497500000000002,-0.3271454692642628,83.62753600325341,104.15690256375885,0.44946990618838634,False,1.0,100.0,1.0084986028246513e-20,29.497500000000002,742,5.7553163623769166e-12
29.997500000000002,-0.3314960504621661,83.79219850809237,104.33102054062641,0.4569114685628984,False,1.0,99.99999999999999,-8.787966827763366e-21,29.997500000000002,744,6.029041849098249e-12
30.497500000000002,-0.33579393712158995,83.95902314272843,104.50793203130742,0.46434580679553866,False,1.0,100.0,-1.5246593050577406e-20,30.497500000000002,744,6.098160171275069e-12
30.997500000000002,-0.3400387953380559,84.12798347589549,104.68763189644491,0.4717729881899131,False,1.0,99.99999999999999,1.3631936494873896e-20,30.997500000000002,744,6.288660564512938e-12
31.497500000000002,-0.34423030963240364,84.29905291372744,104.87011503353575,0.4791933777781503,False,1.0,100.0,-6.220398206398768e-21,31.497500000000002,747,6.565612636899587e-12
31.997500000000002,-0.3483681827144592,84.47220470900864,105.05537638277072,0.4866066279817,False,1.0,100.0,2.6390370262891795e-20,31.997500000000002,748,6.719472200877874e-12
32.4975,-0.3524521352428305,84.64741197063194,105.24341093331786,0.4940127727069621,False,1.0,100.0,6.061579528788587e-21,32.4975,751,6.8560886135049515e-12
32.9975,-0.35648190555409265,84.82464767216612,105.43421372884794,0.5014121235285545,False,1.0,100.00000000000001,-4.0763460586613204e-21,32.9975,752,6.958416481905871e-12
33.4975,-0.36045724939285484,85.00388466071115,105.62777987359911,0.5088046854302566,False,1.0,100.0,-6.03510974918689e-21,33.4975,753,7.124651563161777e-12
33.9975,-0.3643779396296213,85.18509566553284,105.82410453845051,0.5161903018629391,False,1.0,100.00000000000001,3.2663708028493957e-20,33.9975,755,7.277123348359282e-12
34.4975,-0.3682437659671452,85.36825330646793,106.02318296698462,0.5235690844364567,False,1.0,100.0,1.2281977735187355e-20,34.4975,755,7.391830203484773e-12
34.9975,-0.372054534649842,85.553330102686,106.22501048217141,0.5309415300569824,False,1.0,100.0,1.1117307432712692e-21,34.9975,756,7.661676848513821e-12
35.4975,-0.37581006813804824,85.74029848004781,106.42958249178346,0.5383072480533361,False,1.0,100.0,-1.4161332086907834e-20,35.4975,757,7.831298109994833e-12
35.9975,-0.37951020481004005,85.92913077997017,106.63689449571487,0.5456663169060605,False,1.0,100.0,1.4399560103323106e-20,35.9975,758,8.02689165135817e-12
36.4975,-0.38315479863125884,86.11979926688434,106.84694209203418,0.5530192353524269,False,1.0,100.0,1.7575933655526732e-20,36.4975,760,8.161200881762198e-12
36.9975,-0.38674371882754516,86.31227613603653,107.05972098364906,0.5603658607410402,False,1.0,99.99999999999999,-1.7920040790348792e-20,36.9975,761,8.35811628241423e-12
37.4975,-0.3902768495515039,86.50653352102856,107.27522698500266,0.5677061332979845,False,1.0,99.99999999999999,1.7867101231145398e-20,37.4975,762,8.513779958807532e-12
37.9975,-0.3937540895436699,86.702543501201,107.49345602882487,0.5750404036681634,False,1.0,100.0,2.752857078576476e-21,37.9975,765,8.64146254553333e-12
38.4975,-0.3971753510658298,86.90027811767762,107.71440419272832,0.5823689203000506,False,1.0,100.0,-1.8237678145569154e-20,38.4975,765,9.857391292111828e-11
38.9975,-0.4005405631679002,87.09970933621668,107.93806760759668,0.5896914405407274,False,1.0,100.0,1.095848875510251e-20,38.9975,766,9.039418519263265e-12
39.4975,-0.40384966341327094,87.30080915078725,108.1644426807054,0.5970081708856259,False,1.0,99.99999999999999,-2.72109334305444e-20,39.4975,766,9.705131143178392e-11
39.9975,-0.4071026082426189,87.50354946014244,108.39352581098694,0.6043197430457949,False,1.0,100.0,2.7422691667357973e-20,39.9975,769,9.367638609258933e-12
40.4975,-0.4102993620236634,87.70790220200489,108.62531368438728,0.6116257350823278,False,1.0,100.0,2.668153783851046e-20,40.4975,771,8.713481325361982e-12
40.9975,-0.41343990439949013,87.91383926706948,108.85980307194538,0.6189262922462241,False,1.0,100.0,-2.8693241088239424e-20,40.9975,772,8.874016105275828e-12
41.4975,-0.4165242264408666,88.12133254689525,109.09699093200781,0.6262221825760449,False,1.0,100.00000000000001,-5.09807955128682e-20,41.4975,773,9.0580390410544e-12
41.9975,-0.419552330986006,88.33035393153494,109.3368743988323,0.6335130525549384,False,1.0,100.0,-2.6284491144485007e-20,41.9975,776,9.164377590131778e-12
42.4975,-0.42252423228248237,88.54087531532876,109.57945079022765,0.6407989857398451,False,1.0,100.0,-1.78406314515437e-20,42.4975,778,9.34847338429634e-12
42.9975,-0.4254399556316825,88.75286860252017,109.82471761530347,0.6480806323111634,False,1.0,100.0,2.2922829135069503e-20,42.9975,779,9.533547562501354e-12
43.4975,-0.4282995370324017,88.9663057126902,110.07267258232379,0.6553579684099666,False,1.0,100.0,-3.705769144237564e-22,43.4975,780,9.719558491383395e-12
43.9975,-0.4311030228275724,89.1811585860218,110.32331360666372,0.6626309271438153,False,1.0,100.0,-1.4055452968501046e-20,43.9975,783,9.824349667120202e-12
44.4975,-0.4338504687726727,89.3973991945965,110.57663883432099,0.6699000238456152,False,1.0,99.99999999999999,1.402898318889935e-21,44.4975,783,9.20462317477444e-11
44.9975,-0.43654194258494833,89.61499951622594,110.83264657284127,0.6771655962602049,False,1.0,100.0,-3.520480687025686e-20,44.9975,785,1.0143261230943779e-11
45.4975,-0.4391775172473495,89.83393160719771,111.09133546887004,0.6844274120172831,False,1.0,100.0,-2.276401045745932e-21,45.4975,785,9.163159814251642e-11
45.9975,-0.44175727924763003,90.05416751543002,111.35270428799542,0.6916858239645283,False,1.0,100.00000000000001,-3.425189480459577e-20,45.9975,787,1.0437525843620676e-11
46.4975,-0.4442813197704651,90.27567937443835,111.61675214858684,0.6989415838239246,False,1.0,100.0,1.4293680984916318e-21,46.4975,788,1.059265869463033e-11
46.9975,-0.44674973999294487,90.49843934819411,111.88347838071846,0.7061942688853211,False,1.0,100.0,-2.5993323568866342e-20,46.9975,788,9.129226541393365e-11
47.4975,-0.44916265060605537,90.7224196377565,112.15288253930663,0.7134441134439323,False,1.0,100.0,-3.0546125660358206e-20,47.4975,789,1.0911715975225889e-11
47.9975,-0.45152016627309505,90.94759253768328,112.42496455065591,0.7206921049411367,False,1.0,100.0,-3.4040136567782195e-20,47.9975,789,9.130539380119984e-11
48.4975,-0.45382241312918326,91.17393036135697,112.69972451526868,0.7279378497473968,False,1.0,100.0,2.191697751020502e-20,48.4975,791,1.1254587539699656e-11
48.9975,-0.45606952026222863,91.40140552611527,112.97716293298275,0.7351815165086666,False,1.0,100.0,-3.3193103620527895e-20,48.9975,791,9.15282016844543e-11
49.4975,-0.4582616274854489,91.62999047761507,113.25728050010186,0.7424238483293921,False,1.0,100.00000000000001,1.8158268806764064e-20,49.4975,792,1.1573762781491581e-11
49.9975,-0.4603988771092733,91.85965776979108,113.54007832635885,0.749665017708511,False,1.0,100.0,2.2234614865425384e-20,49.9975,792,9.191545441433746e-11
50.4975,-0.462481421469841,92.09037999366478,113.82555774023454,0.7569049301674324,False,1.0,100.0,-5.558653716356346e-21,50.4975,793,1.191821641377544e-11
50.9975,-0.464509415429034,92.32212984825942,114.11372048642575,0.7641440009188899,False,1.0,100.0,-1.0640851399882148e-20,50.9975,794,1.2048757824789647e-11
51.4975,-0.46648302091257066,92.55488009846967,114.40456861022761,0.771383128222395,False,1.0,100.00000000000001,-2.6999175193730823e-20,51.4975,794,9.287311891759131e-11
51.9975,-0.46840240656699184,92.7886035797597,114.69810446996912,0.7786218765032192,False,1.0,100.0,1.7046538063492794e-20,51.9975,795,1.239794378271597e-11
52.4975,-0.4702677429595262,93.02327324057546,114.99433086334159,0.7858605462202193,False,1.0,100.00000000000001,-2.832266417381567e-20,52.4975,795,9.380926591084915e-11
52.9975,-0.47207920918126434,93.25886208541257,115.29325086179956,0.7931000033477963,False,1.0,100.0,6.405686663610646e-21,52.9975,798,1.2683305794514155e-11
53.4975,-0.47383698539863756,93.4953432390237,115.59486800466891,0.8003403352372702,False,1.0,100.0,3.891057601449442e-20,53.4975,798,9.490106617215943e-11
53.9975,-0.4755412593773404,93.73268989221357,115.8991861374805,0.8075815379254535,False,1.0,99.99999999999999,-2.2499312661442353e-20,53.9975,798,9.558109859142405e-11
54.4975,-0.4771922218180653,93.97087534146245,116.2062095351613,0.8148239353129411,False,1.0,100.0,4.1186977060240354e-20,54.4975,799,1.3191073233720374e-11
54.9975,-0.47879006665043644,94.20987298615921,116.51594289897649,0.822068704861274,False,1.0,100.0,-2.2658131339052534e-20,54.9975,801,1.3346664051727686e-11
55.4975,-0.4803349926266184,94.44965631695558,116.82839132191064,0.8293153813942781,False,1.0,99.99999999999999,1.7099477622696188e-20,55.4975,801,9.788504035102008e-11
55.9975,-0.4818272036106624,94.69019891559341,117.14356028768199,0.8365642660501529,False,1.0,100.0,1.6093625997831706e-20,55.9975,802,1.366514540412922e-11
56.4975,-0.48326690405637784,94.93147448808153,117.46145578870255,0.8438157533614156,False,1.0,100.0,-3.467541127822292e-20,56.4975,802,9.973725317857784e-11
56.9975,-0.4846543050550125,95.1734568226302,117.7820841825611,0.8510709656590313,False,1.0,100.0,-5.4527745979495584e-21,56.9975,802,1.0079129891815697e-10
57.4975,-0.4859896198503976,95.41611982271728,118.10545230960948,0.8583294395015395,False,1.0,100.0,2.80579663777987e-21,57.4975,803,1.4201313736084131e-11
57.9975,-0.48727306417585786,95.65943750479211,118.43156749107344,0.8655915330836479,False,1.0,100.0,-1.9428818227645514e-20,57.9975,805,1.425590201442617e-11
58.4975,-0.48850485798195514,95.90338398847697,118.76043749371603,0.8728576080335996,False,1.0,100.00000000000001,2.964615315390051e-20,58.4975,805,1.0418924056843082e-10
58.9975,-0.4896852259258075,96.1479334963604,119.09207052531049,0.880128708449014,False,1.0,100.0,-1.0852609636695723e-20,58.9975,806,1.4604012443797387e-11
59.4975,-0.4908143932052665,96.3930603796402,119.42647534388232,0.8874046738653906,False,1.0,100.00000000000001,-1.3234889800848443e-21,59.4975,808,1.4696119321477852e-11
59.9975,-0.49189258969213323,96.63873909536098,119.76366116417952,0.8946857215447105,False,1.0,100.0,7.411538288475128e-21,59.9975,808,1.0825541851833265e-10
60.4975,-0.49292004960472946,96.88494421150676,120.1036376731814,0.9019722222245861,False,1.0,100.0,-2.286988957586611e-20,60.4975,808,1.1070849575620101e-10
60.9975,-0.49389700966423444,97.13165041876356,120.44641508290245,0.9092645619709014,False,1.0,99.99999999999999,-1.588186776101813e-20,60.9975,809,1.5201707947998244e-11
61.4975,-0.4948237085639525,97.3788325340242,120.792004151826,0.9165638461705016,False,1.0,100.0,2.106994456295072e-20,61.4975,809,1.1790043984508114e-10
61.9975,-0.4957003922337626,97.62646547859765,121.14041606162512,0.9238696929734025,False,1.0,99.99999999999999,8.470329472543003e-22,61.9975,810,1.554624484700895e-11
62.4975,-0.4965273067960049,97.8745243131284,121.49166260015019,0.9311824761465939,False,1.0,100.0,-1.741711497791655e-20,62.4975,811,1.567279639402841e-11
62.9975,-0.4973047038921779,98.1229842159682,121.8457560363085,0.9385025666231077,False,1.0,100.0,-3.287546626530753e-20,62.9975,811,1.2955281769241878e-10
63.4975,-0.4980328405631528,98.37182048802532,122.20270912872512,0.9458303317401716,False,1.0,100.0,1.937587866844212e-20,63.4975,811,1.3371518996219134e-10
63.9975,-0.4987119772833982,98.62100856383452,122.56253518265991,0.9531661765169106,False,1.0,100.0,-4.711620769102046e-21,63.9975,812,1.6207653275035483e-11
64.4975,-0.49934237807412146,98.87052401356682,122.92524805551228,0.9605109819569342,False,1.0,100.0,4.1610493533867504e-20,64.4975,813,1.633343460483161e-11
64.9975,-0.49992431388036485,99.12034253475476,123.29086207398387,0.9678645186692179,False,1.0,100.0,2.202285662861181e-20,64.9975,814,1.652310233080101e-11
65.4975,-0.5004580599095287,99.37043996577536,123.65939211014809,0.9752271342560905,False,1.0,100.0,4.9763185651190145e-21,65.4975,814,1.5150277169959092e-10
65.9975,-0.5009439000483193,99.62079227597455,124.03085346509056,0.9825991645003811,False,1.0,100.0,5.113961419047838e-20,65.9975,815,1.6839099559184945e-11
66.4975,-0.501382120547909,99.87137558987338,124.40526204863825,0.9899809413395791,False,1.0,100.0,1.52995326097808e-20,66.4975,816,1.699371893204571e-11
66.9975,-0.5017730165845602,100.12216617154594,124.78263420185557,0.9973727829357686,False,1.0,100.0,-2.6152142246476523e-20,66.9975,816,1.663617004571405e-10
67.4975,-0.5021168932771252,100.37314042817418,125.1629866641631,1.0047749909587644,False,1.0,100.0,2.72109334305444e-20,67.4975,818,1.727493842418326e-11
67.9975,-0.5024140585100451,100.62427493529661,125.5463367891004,1.012187860409595,False,1.0,100.0,-2.668153783851046e-20,67.9975,818,1.7698502819546436e-10
68.4975,-0.5026648345907953,100.87554641116932,125.93270219653006,1.0196116611079935,False,1.0,100.0,1.095848875510251e-20,68.4975,818,1.825771582530944e-10
68.9975,-0.5028695511934407,101.12693174270215,126.32210098124447,1.0270466471794637,False,1.0,100.0,3.1234339930002325e-21,68.9975,820,1.774302926804694e-11
69.4975,-0.5030285456371221,101.37840799109055,126.71455171141281,1.0344930558279453,False,1.0,100.0,-3.9916427639358903e-20,69.4975,820,1.9413293715631053e-10
69.9975,-0.5031421720512298,101.62995237676257,127.11007312560055,1.041951091442223,False,1.0,100.0,-4.08164001458166e-20,69.9975,820,2.001953225590214e-10
70.4975,-0.5032107942928803,101.88154230546236,127.50868435337831,1.0494209355305517,False,1.0,100.0,1.2387856853594142e-20,70.4975,821,1.8243351274094266e-11
70.9975,-0.503234787427596,102.13315537319855,127.91040486779191,1.0569027432314169,False,1.0,100.0,2.752857078576476e-20,70.9975,822,1.8395847345420435e-11
71.4975,-0.503214542862533,102.38476936351954,128.31525429819322,1.0643966333583694,False,1.0,100.00000000000001,-2.837560373301906e-20,71.4975,822,2.1921313679215682e-10
71.9975,-0.5031504699795245,102.6363622540127,128.72325234884553,1.0719026838573131,False,1.0,100.00000000000001,3.176373552203626e-20,71.9975,822,2.258834191741499e-10
72.4975,-0.5030429917766697,102.88791223790759,129.13441894540497,1.0794209376579278,False,1.0,100.00000000000001,-2.9699092713103906e-20,72.4975,822,2.3269465521114086e-10
72.9975,-0.5028925505619437,103.13939772238142,129.54877400766995,1.086951391203215,False,1.0,100.0,1.6040686438628313e-20,72.9975,822,2.396387281319856e-10
73.4975,-0.5026996096204519,103.39079733722869,129.966337356182,1.0944939895301815,False,1.0,100.0,2.7316812548951186e-20,73.4975,824,1.9291221398098912e-11
73.9975,-0.5024646480732873,103.6420899620051,130.38712890525696,1.1020486336342639,False,1.0,100.00000000000001,2.9275576239476755e-20,73.9975,824,2.5377497412520933e-10
74.4975,-0.502188175733351,103.893254703104,130.81116801242183,1.1096151515190016,False,1.0,100.0,4.711620769102046e-21,74.4975,824,2.6104979029134556e-10
74.9975,-0.5018707214853345,104.14427093941042,131.2384739309223,1.1171933169504338,False,1.0,100.0,-4.235164736271502e-21,74.9975,824,2.6840321024762526e-10
75.4975,-0.5015128416584197,104.39511831798637,131.66906541744146,1.1247828318847766,False,1.0,99.99999999999999,-2.5463927976832404e-20,75.4975,824,2.758138157969714e-10
75.9975,-0.5011151221047315,104.64577676616253,132.10296058388462,1.1323843245169334,False,1.0,100.0,-2.567568621364598e-20,75.9975,825,2.0173210324436752e-11
76.4975,-0.5006781720840482,104.89622652997843,132.54017715552254,1.1399965953964732,False,1.0,100.0,1.8740603958001395e-20,76.4975,825,2.90671109143964e-10
76.9975,-0.5002026421858663,105.14644814154309,132.98073153366778,1.1476189968226527,False,1.0,100.0,3.5998900258307764e-20,76.9975,825,2.9808901267497356e-10
77.4975,-0.4996892120829782,105.39642247741766,133.42463932857598,1.1552508992734363,False,1.0,99.99999999999999,-7.835054762102278e-21,77.4975,825,1.980946656710003e-11
77.9975,-0.49913859363376756,105.64613077550334,133.87191516643009,1.1628924787284167,False,1.0,100.00000000000001,-1.6305384234645282e-20,77.9975,825,1.991030257331161e-11
78.4975,-0.4985515416673996,105.89555462365473,134.32257202810337,1.1705429431252483,False,1.0,100.0,-3.049318610115481e-20,78.4975,825,2.000818954961403e-11
78.9975,-0.4979288492489307,106.14467600167232,134.77662141094223,1.17820057514852,False,1.0,100.0,5.516302068993631e-20,78.9975,826,2.1204114852846345e-11
79.4975,-0.4972713514303995,106.39347729658634,135.23407303094586,1.1858650376459698,False,1.0,100.0,-3.917527381051139e-21,79.4975,826,2.0163433422926147e-11
79.9975,-0.496579927366913,106.6419413233863,135.69493458472598,1.1935360296516961,False,1.0,100.0,-2.7422691667357973e-20,79.9975,827,2.1546278650141915e-11
80.4975,-0.4958555022709247,106.89005134869353,136.1592115247166,1.2012107899558706,False,1.0,100.0,6.977433903007299e-20,80.4975,827,2.034527407657194e-11
80.9975,-0.4950990494008886,107.13779111309412,136.62690679162188,1.2088898366874967,False,1.0,100.0,3.494010907423989e-20,80.9975,827,2.0435458880641022e-11
81.4975,-0.4943115918708171,107.38514485642709,137.09802056053923,1.2165705086222973,False,1.0,100.0,-1.249373597200093e-20,81.4975,828,2.201235721477346e-11
81.9975,-0.4934942043801143,107.63209734324059,137.5725499660718,1.2242518286509907,False,1.0,100.0,-4.944554829596978e-20,81.9975,828,2.058615777844608e-11
82.4975,-0.49264801469612884,107.87863388803359,138.0504888104384,1.2319321331305673,False,1.0,100.0,-5.558653716356346e-20,82.4975,828,2.068076265793195e-11
82.9975,-0.4917742050001236,108.12474038314996,138.53182728221205,1.2396095371037636,False,1.0,100.00000000000001,1.8740603958001395e-20,82.9975,828,2.0778961884460045e-11
83.4975,-0.4908740129114443,108.37040332574502,139.01655165620127,1.2472819192313678,False,1.0,99.99999999999999,-4.213988912590144e-20,83.4975,828,2.0881879558842797e-11
83.9975,-0.48994873222658203,108.61560984580484,139.50464399689326,1.2549479658430545,False,1.0,100.00000000000001,1.070437887092622e-19,83.9975,828,2.099070917083168e-11
84.4975,-0.4889997132747289,108.86034773422459,139.9960818617203,1.2626038131442485,False,1.0,100.0,-1.0058516248644817e-20,84.4975,830,2.2872245764027355e-11
84.9975,-0.4880283629905323,109.10460547169859,140.4908380115532,1.2702493905539656,False,1.0,100.0,-3.282252670610414e-20,84.9975,830,2.1162835373012e-11
85.4975,-0.48703614418169117,109.34837225554017,140.98888012419548,1.2778803714151599,False,1.0,100.0,7.792703114739563e-20,85.4975,831,2.3128957082896306e-11
85.9975,-0.4860245748468156,109.59163802917864,141.4901705298948,1.2854939014718088,False,1.0,100.0,-1.0587911840678754e-22,85.9975,832,2.3265597781652048e-11
86.4975,-0.48499522638396003,109.83439350807936,141.99466595783025,1.2930884054247263,False,1.0,100.0,3.239901023247699e-20,86.4975,832,2.1567150843004868e-11
86.9975,-0.4839497213730955,110.0766302059761,142.50231731276358,1.3006603831902321,False,1.0,100.0,-2.1811098391798234e-20,86.9975,833,2.349748173813282e-11
87.4975,-0.4828897310949799,110.31834046089494,143.01306947473478,1.3082060927534136,False,1.0,100.0,-6.776263578034403e-21,87.4975,834,2.362275652867396e-11
87.9975,-0.4818169717440187,110.55951745748452,143.52686114021,1.3157223266043656,False,1.0,100.0,-5.0954325733266505e-21,87.9975,834,2.2077950578847094e-11
88.4975,-0.4807332002504854,110.80015524871358,144.04362470444326,1.3232057191941407,False,1.0,100.0,-4.2616345158731986e-21,88.4975,834,2.228479900612257e-11
88.9975,-0.47964020961953324,111.0402487755525,144.56328618317818,1.3306527536012127,False,1.0,100.0,1.4558378780933287e-22,88.9975,834,2.2504734187300812e-11
89.4975,-0.4785398231711223,111.27979388318545,145.08576519552759,1.3380597711445865,False,1.0,100.0,-8.364450354136216e-21,89.4975,834,2.2737131621930473e-11
89.9975,-0.477433888250408,111.5187873347197,145.610975001921,1.3454230065186983,False,1.0,100.0,-1.2096689277975477e-20,89.9975,835,2.4164004130966532e-11
90.4975,-0.47632426949759604,111.75722682164464,146.1388225940583,1.3527384821557928,False,1.0,100.0,1.2308447514789052e-21,90.4975,836,2.4234850237725425e-11
90.9975,-0.47521284104786293,111.99511097029861,146.6692088673082,1.36000226176904,False,1.0,99.99999999999999,-3.374896899216353e-21,90.9975,836,2.344426042188985e-11
91.4975,-0.4741014783938827,112.23243934491936,147.20202885603425,1.3672102309368803,False,1.0,100.0,2.4087499437544166e-21,91.4975,837,2.4421964450738187e-11
91.9975,-0.4729920503604979,112.46921244601032,147.73717200505007,1.37435823412058,False,1.0,100.0,1.1739347253352569e-20,91.9975,837,2.3985979868967888e-11
92.4975,-0.47188640944757904,112.70543170509626,148.27452257611748,1.3814420742813005,False,1.0,100.0,-1.0786435187691481e-20,92.4975,838,2.4557217370713147e-11
92.9975,-0.4707863834801045,112.9410994736348,148.81396003451266,1.388457533898149,False,1.0,100.00000000000001,-5.492479267352104e-21,92.9975,838,2.4498750250678825e-11
93.4975,-0.46969376560631837,113.17621900939872,149.35535959085774,1.3954004011634733,False,1.0,99.99999999999999,1.0984958534704208e-21,93.4975,844,2.467956394802684e-11
93.9975,-0.468610305733646,113.41079445557607,149.89859270708055,1.4022666220118372,False,1.0,100.0,-1.3234889800848443e-22,93.9975,855,2.4748217364312097e-11
94.4975,-0.46753770098798303,113.64483081800618,150.4435277335345,1.409053991170942,False,1.0,100.0,7.504182517081067e-21,94.4975,861,2.481252703301351e-11
94.9975,-0.4664775871729343,113.87833393590539,150.990030538583,1.4157566755411604,False,1.0,100.0,5.982170189983496e-21,94.9975,865,2.487259009864573e-11
95.4975,-0.4654315304158592,114.11131044931204,151.53796519182535,1.4223707332111637,False,1.0,100.0,-1.2268742845386506e-20,95.4975,868,2.492846207235999e-11
95.9975,-0.46440101944087403,114.34376776228927,152.08719466800068,1.428894556474193,False,1.0,99.99999999999999,-5.320425699941074e-21,95.9975,871,2.498021234309533e-11
96.4975,-0.4633874585539834,114.57571400241883,152.63758156393752,1.4353232357729986,False,1.0,100.0,-1.5061304593365528e-20,96.4975,874,2.5027951933154213e-11
96.9975,-0.4623921614367397,114.80715797702585,153.1889888182933,1.4416530930190816,False,1.0,99.99999999999999,9.396771758602394e-22,96.9975,877,2.5044785689765092e-11
97.4975,-0.46141634584867086,115.03810912648099,153.74128042238314,1.447883404933455,False,1.0,99.99999999999999,5.624828165360588e-21,97.4975,879,2.5084753718651598e-11
97.9975,-0.46046112930473704,115.26857747512938,154.29432211168952,1.454008252622707,False,1.0,100.0,-2.117582368135751e-21,97.9975,881,2.512105801155684e-11
98.4975,-0.45952752577260353,115.49857358029824,154.8479820279676,1.4600283848789035,False,1.0,100.0,-1.5842163091615586e-20,98.4975,883,2.515376795741986e-11
98.9975,-0.45861644341631874,115.72810847991474,155.40213134269115,1.4659381942582541,False,1.0,100.0,6.154223757394526e-21,98.9975,886,2.5142637971597992e-11
99.4975,-0.45772868338406936,115.95719363925939,155.95664483388597,1.4717387504999921,False,1.0,100.00000000000001,-1.2030514828971235e-20,99.4975,888,2.516799268992287e-11
99.9975,-0.45686493962307806,116.1858408973715,156.51140140947044,1.477424877162717,False,1.0,99.99999999999999,6.4983308922165854e-21,99.9975,890,2.516799268992287e-11
100.4975,-0.4560257996716424,116.41406241359833,157.0662845722431,1.4829988597529309,False,1.0,100.0,2.2724305788056776e-20,100.4975,892,2.5187185670461076e-11
100.9975,-0.4552117463784377,116.64187061479981,157.62118282202425,1.488455779897875,False,1.0,100.0,-6.5909751208225245e-21,100.9975,894,2.517769326360053e-11
101.4975,-0.4544231604621488,116.86927814359245,158.17598999378657,1.493797046461553,False,1.0,100.0,-1.2943722225229777e-20,101.4975,897,2.519115471777411e-11
101.9975,-0.45366032383616567,117.09629780811437,158.73060552976514,1.4990206976768168,False,1.0,100.0,4.367513634279986e-21,101.9975,899,2.5202034903415438e-11
102.4975,-0.452923423591577,117.3229425335591,159.28493468737867,1.504125654709305,False,1.0,100.0,3.626359805432473e-21,102.4975,900,2.5210417087251358e-11
102.9975,-0.4522125565452519,117.54922531590275,159.83888868380163,1.5091138934970745,False,1.0,100.0,-1.3486352707064563e-20,102.9975,902,2.521646086384166e-11
103.4975,-0.4515277342463663,117.77515917799288,160.39238478044652,1.5139827038308302,False,1.0,100.0,-1.2268742845386506e-20,103.4975,903,2.5220284194382714e-11
103.9975,-0.45086888833824157,118.00075712824935,160.94534631146612,1.5187334356854976,False,1.0,100.00000000000001,-5.505714157152952e-21,103.9975,904,2.52220327956465e-11
104.4975,-0.4502358761788297,118.22603212210588,161.49770266003307,1.5233670662629966,False,1.0,100.0,1.7642108104530974e-20,104.4975,906,2.522182462882938e-11
104.9975,-0.44962848662487864,118.4509970263007,162.04938918767004,1.527882418453,False,1.0,100.0,-3.3881317890172014e-21,104.9975,909,2.5148730320445623e-11
105.4975,-0.44904644588984055,118.67566458610564,162.60034712231703,1.5322814605289212,False,1.0,100.0,-7.014491594449675e-21,105.4975,910,2.5144275550559314e-11
105.9975,-0.44848942340578857,118.90004739545734,163.15052340959815,1.536565364954434,False,1.0,100.0,-1.2983426894632322e-20,105.9975,911,2.5138224835075107e-11
106.4975,-0.44795703760886685,119.12415787001709,163.69987053358446,1.5407336910473006,False,1.0,100.0,5.373365259144468e-21,106.4975,913,2.5130668379613752e-11
106.9975,-0.44744886159610026,119.34800822311901,164.2483463118852,1.5447885508308434,False,1.0,100.00000000000001,2.652271916090028e-20,106.9975,914,2.512175190094723e-11
107.4975,-0.4469644285999456,119.57161044443859,164.7959136702587,1.5487319920365614,False,1.0,100.00000000000001,-1.8833248186607334e-20,107.4975,915,2.5111551726908488e-11
107.9975,-0.4465032372398346,119.79497628140973,165.34254040150864,1.5525637603690448,False,1.0,100.0,-2.2896359355467806e-21,107.9975,916,2.510017194090608e-11
108.4975,-0.44606475651826827,120.01811722317525,165.88819891308333,1.5562858545559402,False,1.0,100.0,2.276401045745932e-21,108.4975,918,2.5087695809666855e-11
108.9975,-0.4456484305367091,120.2410444869559,166.43286596721063,1.5599014296140175,False,1.0,100.0,-1.1315830779725419e-20,108.9975,919,2.507422741659937e-11
109.4975,-0.4452536829156214,120.46376900673793,166.97652241757294,1.5634101026572575,False,1.0,99.99999999999999,3.3351922298138076e-21,109.4975,920,2.5059850028430475e-11
109.9975,-0.4448799209071279,120.68630142406276,167.51915294508171,1.5668136970482527,False,1.0,100.00000000000001,-4.870439446712227e-21,109.9975,922,2.502123508385523e-11
110.4975,-0.44452653919470875,120.90865208056177,168.06074579537398,1.5701163346707472,False,1.0,100.0,1.0852609636695723e-20,110.4975,922,2.539524146527583e-11
110.9975,-0.4441929233922738,121.13083101375628,168.601292524003,1.5733174000640522,True,1.0,100.0,1.1831991481958508e-20,110.9975,924,2.493565076644444e-11
111.4975,-0.4438784532144743,121.35284795095552,169.14078773970323,1.5764187483165146,True,1.0,100.0,-9.304127529996455e-21,111.4975,926,2.4917623520082088e-11
111.9975,-0.4435825053795974,121.5747123094233,169.67922886650658,1.5794247204711922,True,1.0,100.0,-2.2234614865425384e-21,111.9975,928,2.4899041162207425e-11
112.4975,-0.44330445620314035,121.7964331943275,170.21661590683362,1.582334855638373,True,1.0,100.00000000000001,-1.070702584888639e-20,112.4975,931,2.487995920397168e-11
112.9975,-0.44304368392703325,122.0180193993935,170.75295121787465,1.5851509625588245,True,1.0,99.99999999999999,-1.036291871406433e-20,112.9975,934,2.486042621763218e-11
113.4975,-0.44279957078817667,122.23947940838761,171.2882392981582,1.5878775706758843,True,1.0,100.00000000000001,-4.870439446712227e-21,113.4975,937,2.4840511592127967e-11
113.9975,-0.4425715048433057,122.46082139758076,171.822486585291,1.590513966182697,True,1.0,100.0,5.9027608511784055e-21,113.9975,940,2.4820263899716366e-11
114.4975,-0.44235888156632897,122.68205323906682,172.35570126510456,1.5930625555510123,True,1.0,100.00000000000001,-5.5454188265554975e-21,114.4975,942,2.4799717834866897e-11
114.9975,-0.44216110523467284,122.9031825048247,172.88789309227172,1.5955269359213313,True,1.0,100.0,-9.979106909839726e-21,114.9975,946,2.47565717925724e-11
115.4975,-0.441977590119621,123.12421647142477,173.41907322236688,1.5979067770300517,True,1.0,100.0,-2.6734477397713854e-21,115.4975,948,2.4735574699619178e-11
115.9975,-0.44180776150088563,123.34516212530127,173.94925405509753,1.60020537560688,True,1.0,100.0,2.9116757561866574e-22,115.9975,951,2.4656256203403615e-11
116.4975,-0.44165105651200354,123.56602616843931,174.4784490885571,1.6024244956228184,True,1.0,100.0,-3.9307622708519875e-21,116.4975,954,2.463415582631967e-11
116.9975,-0.4415069248441201,123.78681502453345,175.00667278397452,1.6045645867854659,True,1.0,100.00000000000001,-7.676236084492097e-22,116.9975,956,2.461195830472107e-11
117.4975,-0.44137482931035277,124.0075348453623,175.5339404407456,1.60663026909261,True,1.0,100.0,-1.0243804705856695e-20,117.4975,958,2.458968445528953e-11
117.9975,-0.44125424629153326,124.22819151749431,176.06026808115092,1.6086205309560038,True,1.0,100.0,-3.8116482626443515e-21,117.9975,961,2.4546989441098788e-11
118.4975,-0.4411446660723214,124.44879066915334,176.58567234437052,1.6105387493475045,True,1.0,99.99999999999999,8.205631676526035e-22,118.4975,962,2.4524667019409918e-11
118.9975,-0.4410455930832333,124.66933767724719,177.11017038919482,1.61238618614855,True,1.0,100.0,-7.940933880509066e-21,118.9975,963,2.450234459772105e-11
119.4975,-0.44095654605323764,124.88983767445475,177.63377980508636,1.6141641104040667,True,1.0,100.0,-2.1625809934586356e-20,119.4975,965,2.4480049931607795e-11
119.9975,-0.44087705808959887,125.11029555641935,178.156518530951,1.6158754706640355,True,1.0,100.0,1.987880448087436e-20,119.9975,967,2.4457831593327484e-11
120.4975,-0.44080667669010437,125.33071598893129,178.67840478118342,1.6175200032782553,True,1.0,100.0,-4.2881042954748955e-21,120.4975,968,2.4373038309821737e-11
120.9975,-0.44074496369664573,125.55110341513715,179.1994569785108,1.6191017654960413,True,1.0,100.0,-6.538035561619131e-21,120.9975,971,2.4328684899987962e-11
121.4975,-0.44069149519933637,125.7714620626492,179.7196936931196,1.6206195279001487,True,1.0,100.0,-1.3526057376467109e-20,121.4975,974,2.4305904511301435e-11
121.9975,-0.44064586139680156,125.99179595068784,180.23913358764887,1.6220778932848443,True,1.0,100.0,-1.0905549195899117e-20,121.9975,975,2.4283214328235658e-11
122.4975,-0.44060766641842647,126.21210889703394,180.75779536762064,1.62347521886671,True,1.0,100.0,1.5008365034162134e-20,122.4975,976,2.426066292304796e-11
122.9975,-0.4405765281165873,126.43240452500105,181.27569773680952,1.6248161096808291,True,1.0,100.0,-2.882558998624791e-20,122.9975,977,2.4238264173526147e-11
123.4975,-0.44055207782999645,126.65268627019289,181.79285935735578,1.626099042167216,True,1.0,100.0,1.9958213819679452e-20,123.4975,979,2.421603195745803e-11
123.9975,-0.440533960127203,126.87295738720854,182.30929881399967,1.627328104431377,True,1.0,100.0,-3.255782891008717e-21,123.9975,980,2.419398015263141e-11
124.4975,-0.4405218325312388,127.09322095617692,182.82503458227487,1.6285024005551882,True,1.0,100.0,8.443859692941307e-21,124.4975,981,2.410578681111275e-11
124.9975,-0.44051536522892826,127.31347988918296,183.34008500024692,1.6296250100680694,True,1.0,100.0,-4.0234064994579266e-21,124.9975,983,2.4083290917076283e-11
125.4975,-0.4405142407711452,127.53373693649452,183.85446824355938,1.6306961454439464,True,1.0,100.0,-1.2440796412797536e-21,125.4975,984,2.4060947678705702e-11
125.9975,-0.4405181537622842,127.75399469267991,184.36820230344813,1.631717416285297,True,1.0,100.00000000000001,-1.0270274485458392e-20,125.9975,985,2.4038840362727854e-11
126.4975,-0.44052681054574305,127.97425560257807,184.8813049673917,1.6326905937226912,True,1.0,100.0,-1.376428539288238e-21,126.4975,986,2.4016941213567122e-11
126.9975,-0.44053992888341875,128.19452196703907,185.39379380244299,1.6336155071006118,True,1.0,100.00000000000001,1.291725244562808e-20,126.9975,989,2.3995264109011316e-11
127.4975,-0.440557237635304,128.41479594861593,185.90568614061814,1.6344955480263208,True,1.0,100.0,1.852884572118782e-22,127.4975,991,2.3953158900802407e-11
127.9975,-0.4405784764436613,128.63507957685,186.4169990652662,1.6353299007997817,True,1.0,100.0,-3.970466940254533e-21,127.9975,991,2.3767071644087423e-11
128.4975,-0.44060339538073623,128.855374754226,186.92774940623778,1.6361203194317309,True,1.0,100.0,2.993732072951918e-20,128.4975,994,2.384101249752746e-11
128.9975,-0.44063175469421456,129.07568326009658,187.43795371926703,1.6368686744003755,True,1.0,100.0,-1.2705494208814505e-21,128.9975,995,2.3819390904122884e-11
129.4975,-0.4406633244342595,129.29600675675897,187.9476282891439,1.6375747312108138,True,1.0,100.0,-3.8381180422460484e-21,129.4975,995,2.364035356361427e-11
129.9975,-0.44069788414505473,129.5163467942659,188.45678912317106,1.638240437944858,True,1.0,100.0,-1.1382005228729661e-20,129.9975,998,2.3776883240067548e-11
130.4975,-0.44073522261100306,129.7367048140912,188.96545193663437,1.6388669783580472,True,1.0,100.0,9.396771758602394e-21,130.4975,999,2.375598329162898e-11
130.9975,-0.44077513749721325,129.95708215477282,189.47363215996646,1.6394544600637007,True,1.0,100.0,-8.07328277851755e-21,130.9975,1000,2.373534702115876e-11
131.4975,-0.4408174350842791,130.17748005573324,189.9813449305413,1.6400043934048083,True,1.0,99.99999999999999,-6.008639969585193e-21,131.4975,1001,2.3714988306444695e-11
131.9975,-0.44086192997497237,130.3978996616387,190.48860509175557,1.6405183429791108,True,1.0,100.0,1.2705494208814505e-21,131.9975,1004,2.362225692831288e-11
132.4975,-0.4409084448098858,130.61834202648797,190.99542719222148,1.6409962248613026,True,1.0,100.0,-7.940933880509066e-21,132.4975,1005,2.3601537391115812e-11
132.9975,-0.4409568099958087,130.83880811752243,191.5018254851899,1.6414390164847636,True,1.0,100.0,6.193928426797071e-21,132.9975,1006,2.3581053776311478e-11
133.4975,-0.441006863436443,131.05929881910396,192.00781392876985,1.641848539983818,True,1.0,100.0,-3.017554874593445e-21,133.4975,1007,2.3560833839475492e-11
133.9975,-0.4410584502715285,131.2798149363446,192.51340618692848,1.6422251139607935,True,1.0,100.0,6.6174449004242214e-21,133.9975,1008,2.3540863702820047e-11
134.4975,-0.44111142262395475,131.5003571986817,193.01861563068874,1.6425692868163662,True,1.0,100.00000000000001,9.317362419797304e-21,134.4975,1009,2.3501242618628737e-11
134.9975,-0.4411656393538672,131.7209262633322,193.52345533974463,1.642881938054051,True,1.0,100.0,2.159934015498466e-20,134.9975,1012,2.3407539795350374e-11
135.4975,-0.4412209658182284,131.94152271855413,194.02793810482777,1.6431643500715278,True,1.0,99.99999999999999,4.9763185651190145e-21,135.4975,1015,2.334286930416596e-11
135.9975,-0.44127727364070385,132.1621470868691,194.53207642996153,1.64341737151176,True,1.0,100.0,1.9322939109238726e-21,135.9975,1017,2.3322760389632435e-11
136.4975,-0.4413344404867339,132.3827998281213,195.0358825352687,1.6436412933675155,True,1.0,100.00000000000001,1.3155480462043352e-20,136.4975,1019,2.3302887397491645e-11
136.9975,-0.4413923498455298,132.6034813424751,195.5393683598063,1.6438369084365554,True,1.0,100.00000000000001,2.064642808932357e-21,136.9975,1022,2.3283278083319203e-11
137.4975,-0.4414508908191245,132.8241919732197,196.0425455649957,1.6440049890002313,True,1.0,100.0,-7.967403660110763e-21,137.4975,1025,2.326393244711511e-11
137.9975,-0.44150995791935216,133.04493200958552,196.5454255378535,1.6441462872853876,True,1.0,99.99999999999999,-1.3737815613280684e-20,137.9975,1028,2.3125390491429698e-11
138.4975,-0.4415694508676627,133.26570168936362,197.04801939447404,1.6442620067292364,True,1.0,100.0,-2.395515053953568e-20,138.4975,1031,2.3105406476986445e-11
138.9975,-0.44162927440825706,133.48650120145544,197.55033798379833,1.6443524194296593,True,1.0,100.00000000000001,1.9058241313221758e-21,138.9975,1033,2.3085658384935925e-11
139.4975,-0.44168933812079375,133.70733068835847,198.0523918912962,1.6444181272539502,True,1.0,100.0,-1.418780186650953e-20,139.4975,1035,2.3066173970853754e-11
139.9975,-0.4417495562427905,133.92819024852318,198.5541914428633,1.6444598108737931,True,1.0,100.00000000000001,2.014350227689133e-20,139.9975,1039,2.300448720404802e-11
140.4975,-0.4418098474967402,134.14907993867334,199.055746708564,1.6444781339022334,True,1.0,99.99999999999999,-5.532183936754649e-21,140.4975,1042,2.2908883123839985e-11
140.9975,-0.44187013492279037,134.36999977595522,199.55706750687165,1.644473743530158,True,1.0,100.0,-1.3896634290890865e-20,140.9975,1044,2.2888996253911387e-11
141.4975,-0.44193034571969225,134.5909497400889,200.05816340841724,1.6444472708554632,True,1.0,100.0,-2.1017005003747327e-20,141.4975,1046,2.2869373061951137e-11
141.9975,-0.4419904110874676,134.81192977539283,200.5590437401562,1.6443993316308947,True,1.0,100.00000000000001,-5.479244377551255e-21,141.9975,1048,2.2849944159020197e-11
142.4975,-0.4420502660780433,135.03293979278112,201.05971758916147,1.6443305265823105,True,1.0,100.00000000000001,1.5431881507789284e-20,142.4975,1052,2.2770091367974032e-11
142.9975,-0.442109849448828,135.25397967158318,201.5601938069864,1.6442414419568545,True,1.0,100.00000000000001,-1.1990810159568689e-20,142.9975,1056,2.2674084831919572e-11
143.4975,-0.4421691035228976,135.4750492614466,202.06048101353622,1.6441326500784348,True,1.0,100.0,-1.2017279939170386e-20,143.4975,1058,2.265428122871782e-11
143.9975,-0.4422279740548967,135.69614838403132,202.5605876008491,1.6440047095925858,True,1.0,100.0,1.6967128724687704e-20,143.9975,1060,2.263467191454538e-11
144.4975,-0.4422864100985038,135.91727683468997,203.06052173745724,1.6438581661536733,True,1.0,100.0,2.940792513748524e-20,144.4975,1064,2.2615284644977862e-11
144.9975,-0.44234436388083503,136.1384343841163,203.56029137211388,1.6436935526675507,True,1.0,100.0,1.5749518863009647e-20,144.9975,1067,2.255566566855549e-11
145.4975,-0.4424017906797249,136.35962077987537,204.05990423778212,1.6435113897537008,True,1.0,100.0,-1.2970192004831474e-20,145.4975,1071,2.245940933232049e-11
145.9975,-0.4424586487053167,136.58083574789987,204.55936785560468,1.6433121862444495,True,1.0,100.0,-9.60852999541597e-21,145.9975,1072,2.2439619606906547e-11
146.4975,-0.442514898988132,136.8020789939689,205.05868953845288,1.6430964393486978,True,1.0,100.0,-2.064642808932357e-20,146.4975,1075,2.240023444510797e-11
146.9975,-0.4425705052666942,137.02335020503514,205.55787639515563,1.642864635274221,True,1.0,99.99999999999999,-1.9561167125653998e-20,146.9975,1078,2.2380833297752645e-11
147.4975,-0.4426254338825798,137.24464905057874,206.05693533399068,1.6426172494025917,True,1.0,100.0,1.2731963988416202e-20,147.4975,1081,2.232219964426463e-11
147.9975,-0.4426796536766017,137.46597518388128,206.55587306649142,1.642354746678867,True,1.0,100.0,-1.1117307432712692e-21,147.9975,1084,2.222573514121251e-11
148.4975,-0.44273313588905544,137.6873282432283,207.0546961111897,1.6420775820545417,True,1.0,99.99999999999999,-6.299807545203859e-21,148.4975,1087,2.2205959293586375e-11
148.9975,-0.44278585406549703,137.90870785316727,207.5534107969538,1.6417862005783317,True,1.0,100.0,1.2096689277975477e-20,148.9975,1089,2.218636385720174e-11
149.4975,-0.4428377839622526,138.1301136255129,208.05202326695343,1.6414813266106754,True,1.0,100.00000000000001,1.3420178258060321e-20,149.4975,1091,2.2166962709846416e-11
149.9975,-0.4428889034575364,138.3515451605118,208.5505394819319,1.6411632549927668,True,1.0,100.0,-3.155197728522269e-20,149.9975,1095,2.207117821839688e-11
150.4975,-0.44293919246291136,138.57300204786347,209.04896522379826,1.6408322671383704,True,1.0,100.0,-3.875175733688424e-20,150.4975,1099,2.201271109836256e-11
150.9975,-0.4429886328413088,138.79448386770667,209.54730609904902,1.640488770376836,True,1.0,100.0,-1.7125947402297885e-20,150.9975,1100,2.1992921372948615e-11
151.4975,-0.4430372083253549,139.01599019160403,210.04556754191205,1.640133163828666,True,1.0,100.00000000000001,-1.2520205751602627e-20,151.4975,1103,2.1954701945325894e-11
151.9975,-0.44308490443796295,139.2375205834138,210.54375481807605,1.639766381662328,True,1.0,100.00000000000001,3.5998900258307764e-20,151.9975,1106,2.193523140903153e-11
152.4975,-0.44313170841767213,139.4590746001937,211.04187302768227,1.6393883162358052,True,1.0,100.0,4.221929846470653e-20,152.4975,1109,2.1839377528642956e-11
152.9975,-0.44317760914305054,139.68065179303423,211.53992710868476,1.6389993032016028,True,1.0,100.0,-4.2192828685104836e-20,152.9975,1112,2.1781867975967373e-11
153.4975,-0.4432225970635716,139.90225170783984,212.03792184002756,1.6386000940764616,True,1.0,100.0,2.355810384551023e-21,153.4975,1115,2.1761994983826582e-11
153.9975,-0.4432666641301934,140.12387388618225,212.535861844576,1.6381909679576818,True,1.0,100.0,-5.241016361135983e-21,153.9975,1117,2.174226076956387e-11
154.4975,-0.4433098037288789,140.34551786590427,213.03375159254736,1.63777198098503,True,1.0,100.0,-9.343832199399e-21,154.4975,1120,2.1646975878475416e-11
154.9975,-0.44335201061437196,140.56718318190946,213.5315954043909,1.6373441488554044,True,1.0,100.0,-1.2970192004831474e-21,154.9975,1123,2.1626866963941893e-11
155.4975,-0.44339328085058005,140.78886936680894,214.02939745376008,1.636907234299039,True,1.0,100.0,-8.576208590949791e-21,155.4975,1125,2.1606896827286448e-11
155.9975,-0.44343361174857937,141.01057595154867,214.5271617705838,1.6364619978062223,True,1.0,100.0,1.572304908340795e-20,155.9975,1127,2.1550330964181796e-11
156.4975,-0.4434730018080577,141.23230246605837,215.02489224375756,1.6360085508118802,True,1.0,100.0,-3.1763735522036263e-22,156.4975,1131,2.145569832912031e-11
156.9975,-0.4435114506602171,141.45404843977715,215.5225926244001,1.6355475107804007,True,1.0,100.0,-3.417248546579068e-20,156.9975,1133,2.1435325736618438e-11
157.4975,-0.4435489590148531,141.67581340223782,216.0202665283891,1.635078860199043,True,1.0,100.0,-2.04082000729083e-20,157.4975,1135,2.1415105799782452e-11
157.9975,-0.4435855286056216,141.89759688357745,216.517917439341,1.634603536111182,True,1.0,100.0,-4.42045319348338e-21,157.9975,1137,2.1395024640824545e-11
158.4975,-0.4436211621394862,142.11939841507416,217.01554871112415,1.6341213847870513,True,1.0,100.00000000000001,-5.585123495958043e-21,158.4975,1140,2.1301238550819335e-11
158.9975,-0.44365586324548884,142.34121752955502,217.51316357097463,1.6336328459669553,True,1.0,100.0,-2.6708007618112158e-20,158.9975,1145,2.1244894732319608e-11
159.4975,-0.4436896364282783,142.56305376191708,218.01076512192654,1.6331385562271337,True,1.0,100.0,-8.735027268559972e-22,159.4975,1148,2.1224397239727466e-11
159.9975,-0.44372248702109096,142.78490664948592,218.50835634556884,1.6326386879036339,True,1.0,100.0,1.7999450129153882e-20,159.9975,1149,2.120405240280121e-11
160.4975,-0.4437544211400854,143.00677573248439,219.0059401044911,1.632133581427602,True,1.0,99.99999999999999,-1.138200522872966e-21,160.4975,1152,2.1183832465965224e-11
160.9975,-0.4437854456413059,143.22866055436126,219.5035191451848,1.6316236291143995,True,1.0,100.0,-1.0852609636695723e-21,160.9975,1155,2.109025454277713e-11
161.4975,-0.44381556807660544,143.45056066214792,220.0010961004919,1.6311092113637533,True,1.0,100.0,-1.9164120431628545e-20,161.4975,1157,2.1069646027882527e-11
161.9975,-0.44384479665570925,143.6724756068655,220.49867349188375,1.630590696930435,True,1.0,100.0,2.6734477397713854e-20,161.9975,1162,2.099621865259138e-11
162.4975,-0.44387314020342067,143.89440494376225,220.9962537323931,1.630068501781915,True,1.0,100.00000000000001,2.80579663777987e-21,162.4975,1165,2.097570728221143e-11
162.9975,-0.4439006081242467,144.11634823264228,221.49383912881626,1.6295431918827732,True,1.0,100.0,7.411538288475128e-22,162.9975,1167,2.0882920392928384e-11
163.4975,-0.4439272103621208,144.3383050381796,221.99143188411725,1.6290149004650514,True,1.0,100.0,-3.282252670610414e-21,163.4975,1170,2.0862006566702007e-11
163.9975,-0.4439529573675281,144.56027493011916,222.48903410005525,1.628484364314044,True,1.0,100.0,1.937587866844212e-20,163.9975,1173,2.08412176405659e-11
164.4975,-0.443977860061105,144.7822574835344,222.98664777945922,1.6279518394975456,True,1.0,100.0,3.239901023247699e-20,164.4975,1175,2.0820553614520065e-11
164.9975,-0.44400192980114944,145.00425227913976,223.48427482843007,1.6274179514098481,True,1.0,100.0,8.629148150153185e-21,164.9975,1181,2.0694723712466612e-11
165.4975,-0.4440251783485343,145.2262589033657,223.9819170590385,1.62688330001148,True,1.0,100.00000000000001,2.3558103845510228e-20,165.4975,1183,2.0673546208271887e-11
165.9975,-0.4440476178394436,145.4482769486248,224.4795761913512,1.6263484601445624,True,1.0,100.0,-2.541098841762901e-20,165.9975,1186,2.0652465848591817e-11
166.4975,-0.44406926075234404,145.6703060135196,224.9772538556747,1.6258139823221593,True,1.0,100.0,-2.556980709523919e-20,166.4975,1188,2.0631524266789825e-11
166.9975,-0.44409011988001135,145.89234570293763,225.47495159504294,1.6252807568767316,True,1.0,100.0,1.2705494208814505e-20,166.9975,1192,2.0540638634436448e-11
167.4975,-0.44411020829951986,146.1143956282367,225.97267086736406,1.6247494262977782,True,1.0,100.0,-4.817499887508833e-21,167.4975,1194,2.0519322352363645e-11
167.9975,-0.44412953934780497,146.3364554074106,226.47041304740958,1.6242208826534874,True,1.0,100.00000000000001,4.404571325722362e-20,167.9975,1198,2.046499081309605e-11
168.4975,-0.44414812659298175,146.55852466513844,226.96817942937733,1.6236959665879194,True,1.0,99.99999999999999,1.7099477622696188e-20,168.4975,1199,2.0443757797750095e-11
168.9975,-0.4441659838106754,146.78060303297661,227.46597122864193,1.623175803635389,True,1.0,100.00000000000001,2.429925767435774e-20,168.9975,1203,2.0422608049130986e-11
169.4975,-0.4441831249591914,147.0026901493866,227.96378958421414,1.6226611926889907,True,1.0,100.0,-4.7804421960664575e-20,169.4975,1206,2.0332208139350882e-11
169.9975,-0.44419956415468836,147.2247856598331,228.46163556073878,1.622153196565007,True,1.0,100.0,-7.782115202898884e-21,169.9975,1210,2.0310711446036578e-11
170.4975,-0.44421531565101674,147.44688921695146,228.95951015040725,1.6216527814957116,True,1.0,100.0,-2.3558103845510228e-20,170.4975,1212,2.0289339652812544e-11
170.9975,-0.44423039381643076,147.66900048044494,229.45741427531505,1.6211608201503385,True,1.0,100.0,-4.113403750103696e-20,170.9975,1214,2.0268065004103164e-11
171.4975,-0.44424481311372255,147.89111911728213,229.95534878915538,1.620678256488349,True,1.0,100.0,1.376428539288238e-21,171.4975,1219,2.0146467827331094e-11
171.9975,-0.44425858807757534,148.1132448016439,230.45331447963565,1.6202057852429446,True,1.0,100.0,-2.1175823681357508e-20,171.9975,1221,2.0124735211624056e-11
172.4975,-0.4442717332992757,148.33537721503095,230.95131206999713,1.6197440278006403,True,1.0,100.0,3.621065849512134e-20,172.4975,1224,2.0103071984856058e-11
172.9975,-0.4442842634055396,148.5575160462087,231.44934222139224,1.619293603565687,True,1.0,100.0,2.864030152903603e-20,172.9975,1226,2.0081505902602714e-11
173.4975,-0.4442961930420798,148.77966099130194,231.94740553444976,1.6188548174878257,True,1.0,100.0,2.106994456295072e-20,173.4975,1230,1.9993243172145014e-11
173.9975,-0.444307536854918,149.00181175373115,232.44550255152024,1.618428169588812,True,1.0,100.00000000000001,-1.1487884347136448e-20,173.9975,1234,1.997135790077209e-11
174.4975,-0.4443183094767271,149.22396804423215,232.94363375835363,1.6180136643493113,True,1.0,100.0,1.1170246991916086e-20,174.4975,1237,1.9932167028002823e-11
174.9975,-0.4443285255096774,149.446129580889,233.44179958590237,1.617611663648327,True,1.0,100.0,-1.8158268806764064e-20,174.9975,1243,1.9879015100698894e-11
175.4975,-0.4443381995107009,149.6682960890086,233.94000041240565,1.617222166720253,True,1.0,100.0,2.6840356516120642e-20,175.4975,1246,1.9857268607204048e-11
175.9975,-0.4443473459788161,149.89046730126148,234.43823656487464,1.6168451317476016,True,1.0,100.0,1.4770137017746862e-20,175.9975,1251,1.9807482043443514e-11
176.4975,-0.44435597933928644,150.11264295744562,234.9365083212072,1.6164805467624122,True,1.0,100.0,-5.4527745979495584e-21,176.4975,1254,1.9812762541704387e-11
176.9975,-0.4443641139334875,150.33482280462738,235.434815911605,1.6161283410380582,True,1.0,100.0,2.736975210815458e-20,176.9975,1258,2.0076426632265054e-11
177.4975,-0.4443717640053224,150.55700659696487,235.93315952060377,1.6157883874815722,True,1.0,100.0,-2.6469779601696886e-22,177.4975,1261,2.00956890017423e-11
177.9975,-0.4443789436905168,150.77919409576057,236.43153928848957,1.6154605049743702,True,1.0,100.0,3.970466940254533e-21,177.9975,1266,2.028574530577032e-11
178.4975,-0.44438566700419607,151.00138506930713,236.92995531328498,1.6151444606322676,True,1.0,100.00000000000001,-2.6363900483290098e-20,178.4975,1270,2.0273747958210464e-11
178.9975,-0.444391947832567,151.22357929292164,237.42840765207023,1.614840341980188,True,1.0,100.0,-3.9492911165731753e-20,178.9975,1275,2.053721775974182e-11
179.4975,-0.4443977999224734,151.44577654878174,237.92689632288923,1.6145476338665419,True,1.0,100.0,-2.694623563452743e-20,179.4975,1279,2.0558943436554955e-11
179.9975,-0.4444032368726032,151.66797662594868,238.42542130607183,1.6142661621482302,True,1.0,100.0,1.3023131564034868e-20,179.9975,1283,2.0757416618888413e-11
180.4975,-0.4444082721234212,151.89017932019485,238.92398254609628,1.6139958109524202,True,1.0,100.0,2.064642808932357e-21,180.4975,1288,2.07831460374841e-11
180.9975,-0.4444129189514519,152.1123844340103,239.4225799528135,1.613736245916357,True,1.0,100.0,7.30565917006834e-21,180.9975,1293,2.1052021237366603e-11
181.4975,-0.4444171904604558,152.33459177646927,239.92121340323726,1.6134870594175716,True,1.0,100.0,-8.152692117322641e-21,181.4975,1298,2.1071012989981597e-11
181.9975,-0.4444210995747703,152.5568011631514,240.41988274280226,1.6132484361823543,True,1.0,100.0,4.086933970501999e-20,181.9975,1302,2.1070402367318053e-11
182.4975,-0.4444246590327487,152.7790124160654,240.91858778690565,1.6130197853601882,True,1.0,100.00000000000001,1.3234889800848443e-21,182.4975,1307,2.128629217335032e-11
182.9975,-0.44442788138021544,153.00122536350102,241.41732832243983,1.612800861926496,True,1.0,100.0,-8.84090638696676e-21,182.9975,1312,2.130815662804153e-11
183.4975,-0.44443077896644806,153.22343984002828,241.91610410894225,1.6125914430867208,True,1.0,100.0,-3.186961464044305e-20,183.4975,1316,2.158054290823941e-11
183.9975,-0.44443336393802424,153.44565568628389,242.41491488020952,1.6123912937476983,True,1.0,100.0,-7.411538288475128e-21,183.9975,1319,2.1612094058820475e-11
184.4975,-0.444435648234289,153.66787274898198,242.9137603454225,1.612200167205262,True,1.0,100.0,-3.9916427639358903e-20,184.4975,1323,2.1889455525947454e-11
184.9975,-0.44443764358385,153.89009088069827,243.41264019064027,1.61201780584378,True,1.0,100.0,-2.8587361969832636e-21,184.9975,1328,2.186138770010615e-11
185.4975,-0.44443936149918184,154.11230993987448,243.91155407992386,1.6118439418290864,True,1.0,99.99999999999999,-1.3446648037662018e-20,185.4975,1334,2.213446786969442e-11
185.9975,-0.444440813275665,154.33452979060058,244.41050165671874,1.6116782977593285,True,1.0,100.0,-1.61465655570351e-20,185.9975,1338,2.213802058337322e-11
186.4975,-0.4444420099864162,154.55675030259658,244.90948254492852,1.6115205872932674,True,1.0,100.0,8.946785505373547e-21,186.4975,1345,2.2405979849260405e-11
186.9975,-0.4444429624816098,154.77897135105542,245.40849635027334,1.6113706022313767,True,1.0,99.99999999999999,-3.610477937671455e-20,186.9975,1349,2.2387425246961357e-11
187.4975,-0.4444436813840969,155.00119281653141,245.90754266131313,1.6112284161933896,True,1.0,100.00000000000001,-1.8052389688357276e-20,187.4975,1354,2.2436982827223062e-11
187.9975,-0.4444441770898876,155.22341458485383,246.40662105059695,1.6110933584100129,True,1.0,100.0,-3.0572595439959903e-21,187.9975,1359,2.2713747549474306e-11
188.4975,-0.4444444597649776,155.44563654694886,246.9057310758959,1.610965114713739,True,1.0,100.00000000000001,1.343341314786117e-20,188.4975,1362,2.275557520192706e-11
188.9975,-0.44444453934490497,155.6678585988184,247.40487228106653,1.6108441224824068,True,1.0,100.00000000000001,-6.392451773809798e-21,188.9975,1368,2.3031611340318392e-11
189.4975,-0.4444444255339071,155.89008064132366,247.90404419730402,1.6107294563532335,True,1.0,100.0,1.224227306578481e-21,189.4975,1373,2.3012702854430245e-11
189.9975,-0.44444412780302983,156.11230258017804,248.40324634400355,1.6106212214969444,True,1.0,100.0,1.8462671272183578e-21,189.9975,1378,2.3244732527683e-11
190.4975,-0.4444436553917887,156.33452432570942,248.90247822985765,1.610519194130842,True,1.0,100.0,5.135137242729196e-21,190.4975,1382,2.3305163354692127e-11
190.9975,-0.4444430173071853,156.55674579285642,249.40173935371516,1.610423029298302,True,1.0,100.0,5.2476338060364076e-21,190.9975,1386,2.336771748323585e-11
191.4975,-0.4444422223240695,156.77896690099976,249.9010292055478,1.6103326822030561,True,1.0,100.0,-3.566802801328655e-21,191.4975,1389,2.3622583056326363e-11
191.9975,-0.4444412789860253,157.0011875738047,250.40034726740907,1.6102478894298018,True,1.0,100.0,7.550504631384037e-21,191.9975,1394,2.3630028489485255e-11
192.4975,-0.4444401956045208,157.22340773919717,250.89969301422127,1.6101682492520621,True,1.0,100.0,-1.522012327097571e-21,192.4975,1400,2.3857277264838217e-11
192.9975,-0.4444389802624795,157.44562732918348,251.39906591469372,1.6100941238128703,True,1.0,99.99999999999999,4.599124205794834e-21,192.9975,1403,2.3936616577735492e-11
193.4975,-0.44443764081357795,157.66784627975963,251.89846543206394,1.6100246395554292,True,1.0,99.99999999999999,2.455072058057386e-21,193.4975,1407,2.4019675137765262e-11
193.9975,-0.44443618488447345,157.8900645308028,252.39789102491238,1.6099600407278989,True,1.0,100.0,1.2043749718772083e-21,193.9975,1411,2.4238382134722514e-11
194.4975,-0.44443461987677046,158.1122820258973,252.8973421479698,1.609900213178437,True,1.0,99.99999999999999,-3.672681919735443e-21,194.4975,1417,2.4240796869801073e-11
194.9975,-0.44443295296654184,158.33449871234689,253.39681825281983,1.6098445937673707,True,1.0,100.0,-1.4690727678941772e-21,194.9975,1420,2.4427106171120982e-11
195.4975,-0.44443119110995016,158.55671454090822,253.8963187885863,1.6097930648128804,True,1.0,100.0,2.7859443030785972e-21,195.4975,1425,2.4525811936904063e-11
195.9975,-0.44442934104276666,158.7789294658222,254.3958432026317,1.6097460959695054,True,1.0,100.0,7.325511504769613e-21,195.9975,1427,2.4630422701399368e-11
196.4975,-0.44442740928372826,159.0011434446369,254.89539094119053,1.609702907512596,True,1.0,100.0,-2.4021324988539924e-21,196.4975,1432,2.4806191822879242e-11
196.9975,-0.44442540213714243,159.22335643805548,255.39496145005256,1.6096633722208578,True,1.0,100.0,8.32474568473367e-21,196.9975,1438,2.485713718192173e-11
197.4975,-0.4444233256955914,159.4455684099483,255.8945541750637,1.6096273640257746,True,1.0,100.0,-6.538035561619131e-21,197.4975,1442,2.473001664560215e-11
197.9975,-0.4444211858385226,159.66777932712088,256.3941685629609,1.6095947822355978,True,1.0,100.0,-5.7836468429707695e-21,197.9975,1446,2.4847096602442775e-11
198.4975,-0.44441898824343734,159.8899891592892,256.893804061528,1.6095658497117955,True,1.0,100.00000000000001,-4.877056891612651e-21,198.4975,1451,2.4947509336126217e-11
198.9975,-0.4444167383823496,160.11219787900967,257.39346012041705,1.6095400322992852,True,1.0,100.0,1.5107626707668497e-20,198.9975,1455,2.5074275988856698e-11
199.4975,-0.4444144415276625,160.33440546142216,257.89313619156303,1.6095172090631877,True,1.0,100.00000000000001,-1.2513588306702203e-20,199.4975,1460,2.514707192480259e-11
199.9975,-0.4444121027530788,160.55661188432856,258.39283172970215,1.60949726044496,True,1.0,100.0,-4.400600858782107e-21,199.9975,1463,2.5282546889382473e-11
200.4975,-0.4444097269395898,160.7788171280115,258.8925461927504,1.6094800683809005,True,1.0,100.00000000000001,8.701940044057851e-21,200.4975,1467,2.538925319983676e-11
200.9975,-0.44440731877722817,161.0010211750954,259.3922790423302,1.6094655164506921,True,1.0,100.0,-2.157287037538296e-21,200.9975,1472,2.5523722024800577e-11
201.4975,-0.44440488276854795,161.2232240105601,259.89202974414,1.6094534897222286,True,1.0,100.0,-2.269783600845508e-21,201.4975,1475,2.5668314695970196e-11
201.9975,-0.44440242323310875,161.44542562158279,260.39179776830946,1.6094438750344635,True,1.0,99.99999999999999,-5.499096712252528e-21,201.9975,1481,2.5689055049848974e-11
202.4975,-0.4443999443089337,161.66762599741102,260.8915825899068,1.609436560889902,True,1.0,100.0,-9.535738101511303e-21,202.4975,1484,2.5847289586433675e-11
202.9975,-0.44439744995894875,161.88982512938298,261.3913836890968,1.6094314375405225,True,1.0,100.0,-1.555099551599692e-21,202.9975,1488,2.5868883424262634e-11
203.4975,-0.44439494397237367,162.11202301069864,261.89120055162255,1.6094283970497119,True,1.0,100.0,-6.0218748593860415e-21,203.4975,1492,2.6023565247168534e-11
203.9975,-0.44439242996937894,162.33421963647527,262.391032669051,1.6094273332274631,True,1.0,100.0,5.717472393966527e-21,203.9975,1495,2.619120198499303e-11
204.4975,-0.44438991140491024,162.5564150035737,262.89087953903856,1.6094281418283152,True,1.0,100.0,1.2639319759810263e-21,204.4975,1502,2.619972988560093e-11
204.9975,-0.4443873915721489,162.77860911053995,263.39074066569304,1.609430720438882,True,1.0,100.0,-4.698385879301197e-22,204.9975,1506,2.631143219966603e-11
205.4975,-0.44438487360532436,163.00080195753378,263.89061555975366,1.609434968544327,True,1.0,100.0,-1.1209951661318631e-20,205.4975,1509,2.6485480475457734e-11
205.9975,-0.4443823604872687,163.22299354624624,264.39050373873727,1.6094407875551215,True,1.0,100.0,7.080666043453917e-22,205.9975,1514,2.6227783833654428e-11
206.4975,-0.44437985504507793,163.44518387979406,264.890404727506,1.6094480808138718,True,1.0,100.0,2.1705219273391446e-21,206.4975,1518,2.6418062182287372e-11
206.9975,-0.4443773599642238,163.66737296270105,265.3903180579887,1.6094567536130369,True,1.0,100.0,-5.1549895774304685e-21,206.9975,1521,2.6584540124829914e-11
207.4975,-0.4443748777856387,163.88956080081476,265.8902432696864,1.6094667132027367,True,1.0,100.0,9.965872020038877e-21,207.4975,1526,2.6505492245476603e-11
207.9975,-0.4443724109107893,164.11174740114666,266.39017990975896,1.6094778688007705,True,1.0,100.0,-4.658681209898652e-21,207.9975,1529,2.6680213593976987e-11
208.4975,-0.44436996160634673,164.33393277194006,266.8901275331476,1.6094901315951735,True,1.0,100.0,9.707791668922333e-21,208.4975,1534,2.6854601875569983e-11
208.9975,-0.4443675320072978,164.55611692254442,267.39008570275445,1.6095037669277243,True,1.0,100.0,2.3227231600489017e-21,208.9975,1538,2.6783991691203823e-11
209.4975,-0.44436512412095125,164.7782998632746,267.8900539895365,1.6095184325636616,True,1.0,100.0,5.293955920339377e-21,209.4975,1542,2.6966553989815623e-11
209.9975,-0.4443627398302756,165.00048160548425,268.3900319726357,1.6095339858535676,True,1.0,100.0,6.551270451419979e-22,209.9975,1544,2.717309016686542e-11
210.4975,-0.4443603808985294,165.2226621614359,268.89001923943295,1.609550345554708,True,1.0,100.00000000000001,1.9124415762226e-21,210.4975,1550,2.703828133610031e-11
210.9975,-0.4443580489713441,165.4448415441668,269.3900153856911,1.609567432378773,True,1.0,100.0,-1.0257039595657543e-21,210.9975,1554,2.723186953712542e-11
211.4975,-0.44435574558173996,165.6670197676248,269.8900200156048,1.6095851689796257,True,1.0,100.00000000000001,-2.2499312661442353e-21,211.4975,1557,2.7444699290946062e-11
211.9975,-0.44435347215494875,165.889196846429,270.39003274173353,1.6096036535586584,True,1.0,100.0,6.220398206398768e-22,211.9975,1562,2.7086312359703157e-11
212.4975,-0.4443512300055932,166.1113727958709,270.89005318538733,1.60962309204882,True,1.0,100.0,-4.731473103803318e-21,212.4975,1566,2.731514320286621e-11
212.9975,-0.44434902035090373,166.333547631911,271.39008097621183,1.609642993000641,True,1.0,100.00000000000001,7.484330182379794e-21,212.9975,1570,2.7469103380806104e-11
213.4975,-0.4443468443064987,166.55572137109462,271.8901157525346,1.6096632864159597,True,1.0,100.0,4.7976475528075605e-21,213.4975,1576,2.728470227530977e-11
213.9975,-0.44434470289333,166.7778940304517,272.39015716125965,1.6096839041614643,True,1.0,100.0,-1.5531143181295648e-20,213.9975,1578,2.752296307528823e-11
214.4975,-0.44434259704054485,167.0000656275477,272.8902048578594,1.6097049453728325,True,1.0,100.0,-1.006513369354524e-20,214.4975,1583,2.7727500850893705e-11
214.9975,-0.4443405275877413,167.22223618040476,273.39025850644464,1.6097267777817033,True,1.0,99.99999999999999,-5.6314456102610124e-21,214.9975,1586,2.754077521593956e-11
215.4975,-0.4443384952898493,167.44440570736634,273.8903177796449,1.609748772804625,True,1.0,100.0,-1.945528800724721e-21,215.4975,1589,2.7750447773033926e-11
215.9975,-0.44433650082019777,167.66657422719825,274.3903823586266,1.6097708692846546,True,1.0,100.0,5.293955920339377e-23,215.9975,1594,2.775798341181357e-11
216.4975,-0.4443345447691826,167.88874175899977,274.8904519332225,1.6097930078147362,True,1.0,100.0,1.9190590211230242e-22,216.4975,1598,2.7534155511155234e-11
216.9975,-0.4443326276557512,168.11090832206057,275.3905262015491,1.6098158638781979,True,1.0,100.00000000000001,-3.1168165480998083e-21,216.9975,1601,2.7750565734230292e-11
217.4975,-0.4443307499237619,168.33307393597246,275.8906048702477,1.6098388068676708,True,1.0,99.99999999999999,-3.884440156549018e-21,217.4975,1605,2.8006354180210025e-11
217.9975,-0.4443289119482616,168.55523862057,276.3906876542918,1.6098616542537205,True,1.0,100.00000000000001,7.424773178275976e-21,217.9975,1610,2.768092699501068e-11
218.4975,-0.4443271140359256,168.77740239575826,276.89077427700926,1.609884353107615,True,1.0,100.0,-9.926167350636332e-23,218.4975,1614,2.7947325009769486e-11
218.9975,-0.4443253564321867,168.99956528164316,277.3908644698551,1.609907706124411,True,1.0,100.0,-4.9763185651190145e-21,218.9975,1618,2.7947304193087774e-11
219.4975,-0.4443236393159208,169.221727298441,277.89095797267555,1.6099309395462762,True,1.0,100.0,-1.3565762045869654e-20,219.4975,1622,2.821151645626685e-11
219.9975,-0.44432196281272646,169.4438884664419,278.3910545331802,1.609953904508178,True,1.0,100.0,1.3751050503081532e-20,219.9975,1626,2.787437641815771e-11
220.4975,-0.4443203269899014,169.6660488059339,278.89115390719024,1.6099767827989313,True,1.0,100.0,-1.61465655570351e-21,220.4975,1628,2.8144486741155106e-11
220.9975,-0.444318731862793,169.8882083372734,279.3912558583693,1.6100001150313905,True,1.0,100.0,7.72917564369549e-21,220.9975,1632,2.836763463021086e-11
221.4975,-0.4443171773958933,170.11036708083006,279.8913601582373,1.6100230711278356,True,1.0,100.0,3.3881317890172014e-21,221.4975,1637,2.7881363884318944e-11
221.9975,-0.4443156635043153,170.33252505686877,280.3914665860515,1.6100456083269643,True,1.0,100.0,2.6072732907671432e-21,221.9975,1641,2.8065279267242005e-11
222.4975,-0.4443141900586344,170.55468228567256,280.89157492865763,1.6100685269151154,True,1.0,99.99999999999999,8.642383039954033e-21,222.4975,1646,2.828342421379304e-11
222.9975,-0.4443127568868601,170.7768387874408,281.39168498037515,1.6100912319730751,True,1.0,100.0,-9.502650877009182e-21,222.9975,1650,2.776998769826733e-11
223.4975,-0.44431136377453817,170.99899458221296,281.8917965429613,1.6101134258136551,True,1.0,100.0,1.1620233245144933e-20,223.4975,1655,2.797485854078019e-11
223.9975,-0.44431001047053753,171.2211496899791,282.39190942539267,1.6101356104244822,True,1.0,100.0,3.732238923839261e-21,223.9975,1660,2.8041395594424756e-11
224.4975,-0.4443086966856544,171.4433041305666,282.89202344385694,1.6101578529338296,True,1.0,100.0,1.0640851399882148e-20,224.4975,1665,2.8056237888485214e-11
224.9975,-0.44430742209626245,171.66545792367782,283.3921384216208,1.6101795023296148,True,1.0,100.00000000000001,-1.1262891220522025e-20,224.9975,1674,2.7406722724609978e-11
225.4975,-0.4443061863458021,171.88761108881127,283.8922541888747,1.610200883825333,True,1.0,99.99999999999999,-2.234049398383217e-20,225.4975,1675,2.7703637994758168e-11
225.9975,-0.44430498905029875,172.10976364528187,284.3923705824768,1.610222480738596,True,1.0,100.0,-1.0759965408089784e-20,225.9975,1679,2.8005861518742847e-11
226.4975,-0.4443038297959803,172.33191561225078,284.89248744604555,1.6102434122551192,True,1.0,100.0,-5.889525961377557e-21,226.4975,1683,2.7552828074650648e-11
226.9975,-0.4443027081427005,172.55406700857702,285.392604629708,1.6102639423006988,True,1.0,100.0,-6.855672916839493e-21,226.9975,1685,2.785715408348821e-11
227.4975,-0.4443016236257582,172.77621785296543,285.89272199002306,1.6102847368120636,True,1.0,100.0,5.174841912131741e-21,227.4975,1687,2.816775979130881e-11
227.9975,-0.4443005757576751,172.998368163866,286.3928393898314,1.6103048024551299,True,1.0,100.0,-1.641126335305207e-20,227.9975,1689,2.8478511215901392e-11
228.4975,-0.44429956403017895,173.22051795950588,286.8929566981247,1.6103244518201614,True,1.0,100.0,-9.383536868801546e-21,228.4975,1694,2.793688891333801e-11
228.9975,-0.4442985879149128,173.44266725776492,287.39307378988804,1.610344311151627,True,1.0,100.0,-1.0402623383466876e-20,228.9975,1697,2.8232909066172596e-11
229.4975,-0.4442976468661046,173.6648160763437,287.8931905460221,1.6103633861445004,True,1.0,100.0,1.3287829360051837e-20,229.4975,1700,2.8551334907422898e-11
229.9975,-0.44429674032185396,173.8869644326621,288.39330685316924,1.6103821430310712,True,1.0,100.0,8.4967992521447e-21,229.9975,1704,2.8011946928696574e-11
230.4975,-0.44429586770534457,174.1091123437775,288.89342260355653,1.6104009562170627,True,1.0,100.0,4.711620769102046e-21,230.4975,1706,2.833022011428099e-11
230.9975,-0.44429502842640384,174.3312598265273,289.39353769491885,1.6104189368007806,True,1.0,100.00000000000001,-5.426304818347862e-22,230.9975,1708,2.8656299555507303e-11
231.4975,-0.44429422188315276,174.55340689743227,289.89365203032673,1.6104368052049947,True,1.0,100.0,1.5948042210022374e-20,231.4975,1711,2.8941002372384617e-11
231.9975,-0.44429344746227056,174.77555357274005,290.3937655181031,1.6104544809366101,True,1.0,100.00000000000001,8.642383039954033e-21,231.9975,1715,2.8351591907505025e-11
232.4975,-0.44429270454185527,174.99769986827954,290.8938780715637,1.610471282233955,True,1.0,100.0,-6.180693536996223e-21,232.4975,1718,2.8684415953605935e-11
232.9975,-0.44429199249159007,175.21984579970248,291.39398960904606,1.6104882803547909,True,1.0,100.0,-1.785386634134455e-20,232.9975,1721,2.9018114300338738e-11
233.4975,-0.4442913106741759,175.44199138227438,291.89410005367057,1.6105047448648302,True,1.0,100.0,-7.755645423297187e-21,233.4975,1722,2.9344963958788384e-11
233.9975,-0.44429065844646476,175.66413663097282,292.3942093332439,1.6105203390574687,True,1.0,100.0,5.585123495958043e-21,233.9975,1727,2.8718784295111988e-11
234.4975,-0.4442900351605255,175.88628156037674,292.8943173800875,1.6105364574772958,True,1.0,100.0,1.428044609511547e-20,234.4975,1729,2.9059255002295004e-11
234.9975,-0.4442894401650725,176.10842618482926,293.3944241309719,1.6105516524853525,True,1.0,100.0,-1.241432663319584e-20,234.9975,1732,2.9329996764637656e-11
235.4975,-0.44428887280487667,176.33057051832185,293.8945295270253,1.6105664345399133,True,1.0,100.0,-1.3737815613280684e-20,235.4975,1739,2.8661538420404753e-11
235.9975,-0.44428833242405524,176.5527145744581,294.39463351340163,1.6105812670182844,True,1.0,99.99999999999999,-6.988021814847978e-21,235.9975,1747,2.9018211444853392e-11
236.4975,-0.4442878183654036,176.7748583666045,294.89473603930713,1.6105951477743459,True,1.0,99.99999999999999,-2.9116757561866574e-21,236.4975,1752,2.936102749817593e-11
236.9975,-0.44428732997163234,176.99700190774627,295.3948370579083,1.6106091659585116,True,1.0,100.0,-1.7470054537119944e-21,236.9975,1757,2.971130980133907e-11
237.4975,-0.44428686658628364,177.2191452105881,295.8949365261248,1.6106226755732846,True,1.0,100.0,6.6836193494284636e-21,237.4975,1763,2.8973379251340248e-11
237.9975,-0.4442864275540962,177.44128828740736,296.3950344045638,1.6106353779617675,True,1.0,100.0,9.568825326013424e-21,237.9975,1767,2.929933379247629e-11
238.4975,-0.4442860122225915,177.66343115024466,296.8951306573094,1.610648520486383,True,1.0,100.00000000000001,1.981263003187012e-20,238.4975,1773,2.962655121230284e-11
238.9975,-0.4442856199413532,177.88557381079403,297.3952252519283,1.610660680805096,True,1.0,100.0,1.5683344414005405e-20,238.9975,1777,2.9980351534675265e-11
239.4975,-0.4442852500642901,178.10771628044992,297.8953181592748,1.6106727182377425,True,1.0,100.00000000000001,-3.1763735522036263e-21,239.4975,1780,2.919747082996693e-11
239.9975,-0.444284901949258,178.32985857018403,298.39540935331604,1.610684513315361,True,1.0,100.0,1.3367238698856927e-20,239.9975,1784,2.95533042482532e-11
240.4975,-0.444284574958877,178.55200069075224,298.89549881115545,1.6106953083863362,True,1.0,100.00000000000001,5.0954325733266505e-21,240.4975,1787,2.9910754428819075e-11
240.9975,-0.44428426846109226,178.77414265254527,299.3955865128197,1.6107067481226804,True,1.0,99.99999999999999,-7.411538288475128e-21,240.9975,1792,3.0269418915818136e-11
241.4975,-0.44428398182981227,178.99628446572007,299.89567244121133,1.6107171830558982,True,1.0,100.0,-1.2043749718772083e-21,241.4975,1797,2.941279858559298e-11
241.9975,-0.4442837144453093,179.21842613995912,300.39575658187516,1.6107274300010526,True,1.0,100.00000000000001,2.2366963763433868e-20,241.9975,1802,2.97024835282933e-11
242.4975,-0.4442834656936958,179.44056768477412,300.8958389230883,1.6107375191358568,True,1.0,100.0,-5.4527745979495584e-21,242.4975,1806,3.0063160294524494e-11
242.9975,-0.4442832349694519,179.662709109329,301.39591945558294,1.610746606454614,True,1.0,100.0,2.514629062161204e-21,242.9975,1809,3.042548851750482e-11
243.4975,-0.44428302167419903,179.8848504225162,301.89599817254106,1.610756363888074,True,1.0,100.00000000000001,9.132073962585426e-21,243.4975,1814,2.95636085057005e-11
243.9975,-0.44428282521749796,180.10699163284497,302.3960750693942,1.6107650993093585,True,1.0,100.0,-8.007108329513308e-21,243.9975,1819,2.992622816222479e-11
244.4975,-0.4442826450171759,180.3291327486173,302.89615014385254,1.6107737684010486,True,1.0,100.0,-3.8381180422460484e-21,244.4975,1822,3.029080458682998e-11
244.9975,-0.4442824804996455,180.55127377781304,303.3962233956954,1.6107821869065648,True,1.0,100.0,1.945528800724721e-21,244.9975,1825,3.070752679912303e-11
245.4975,-0.44428233110042087,180.773414728178,303.8962948268137,1.6107897855229791,True,1.0,100.0,-1.5061304593365528e-20,245.4975,1830,2.972364021580631e-11
245.9975,-0.4442821962634136,180.9955556070578,304.3963644409033,1.6107979039492903,True,1.0,100.0,3.613124915631625e-21,245.9975,1832,3.007544213673441e-11
246.4975,-0.44428207544261183,181.2176964216291,304.8964322435671,1.610804986315974,True,1.0,99.99999999999999,6.895377586242039e-21,246.4975,1836,3.042868734759452e-11
246.9975,-0.4442819681013232,181.43983717876574,305.39649824214075,1.6108123054387333,True,1.0,100.0,8.655617929754882e-21,246.9975,1838,3.0783736670869644e-11
247.4975,-0.44428187371261196,181.66197788510914,305.8965624456213,1.6108191055827044,True,1.0,100.0,-1.0574676950877906e-20,247.4975,1841,2.9822422309422336e-11
247.9975,-0.4442817917594645,181.88411854693808,306.3966248645746,1.6108254473037078,True,1.0,100.00000000000001,-1.998468359928115e-21,247.9975,1844,3.017668753768632e-11
248.4975,-0.4442817217350541,182.10625917037626,306.89668551106075,1.6108319835427427,True,1.0,100.0,8.999725064576941e-21,248.4975,1847,3.05130157252087e-11
248.9975,-0.4442816631423776,182.3283997612647,307.39674439856134,1.6108374708949558,True,1.0,100.0,1.945528800724721e-20,248.9975,1850,3.087102101728689e-11
249.4975,-0.44428161549534173,182.5505403251955,307.89680154184947,1.6108436770591643,True,1.0,100.0,-1.3499587596865412e-20,249.4975,1852,3.1235354580605446e-11
249.9975,-0.4442815783174232,182.77268086754262,308.39685695706504,1.610848919568006,True,1.0,99.99999999999999,-7.72917564369549e-21,249.9975,1857,3.017697203233638e-11
250.4975,-0.4442815511432697,182.99482139338616,308.896910661383,1.6108542432124742,True,1.0,100.0,3.99693671985623e-21,250.4975,1860,3.053552549703298e-11
250.9975,-0.4442815335178143,183.21696190763126,309.3969626731549,1.6108592595899016,True,1.0,100.0,-2.8322664173815668e-21,250.9975,1861,3.0939396877815994e-11
251.4975,-0.44428152499656287,183.43910241494186,309.89701301181407,1.6108637390653722,True,1.0,100.0,-6.842438027038645e-21,251.4975,1864,3.130298797948683e-11
251.9975,-0.4442815251456134,183.66124291979744,310.39706169772717,1.6108685479527565,True,1.0,100.0,-2.091112588534054e-20,251.9975,1868,3.018892774653281e-11
252.4975,-0.44428153354166533,183.88338342635387,310.8971087521071,1.6108722946931298,True,1.0,100.0,-1.1951105490166144e-20,252.4975,1870,3.054988206852016e-11
252.9975,-0.44428154977202816,184.1055239386663,311.39715419706476,1.6108768412866452,True,1.0,100.0,-3.441071348220595e-22,252.9975,1872,3.095754208537471e-11
253.4975,-0.44428157343482433,184.32766446055209,311.8971980555158,1.610880398787388,True,1.0,100.0,-2.4683069478582346e-20,253.4975,1875,3.128728526258229e-11
253.9975,-0.44428160413805773,184.5498049956671,312.39724035108105,1.6108841956619389,True,1.0,100.0,-5.69100261436483e-22,253.9975,1878,3.011835225663617e-11
254.4975,-0.44428164150094374,184.77194554735937,312.89728110793544,1.6108875817518518,True,1.0,100.0,-7.093900933254765e-21,254.4975,1880,3.0526123295793184e-11
254.9975,-0.4442816851529404,184.99408611890505,313.39732035100536,1.6108906664103562,True,1.0,100.0,1.4293680984916318e-21,254.9975,1882,3.0891733615590056e-11
255.4975,-0.44428173473404897,185.21622671335635,313.8973581056723,1.6108938984448886,True,1.0,100.0,-9.423241538204091e-21,255.4975,1886,3.124063507886632e-11
255.9975,-0.4442817898942533,185.43836733359035,314.39739439782545,1.61089630796708,True,1.0,100.0,1.437309032372141e-20,255.9975,1888,3.1657503007931354e-11
256.4975,-0.4442818502941655,185.66050798235176,314.89742925387196,1.6108994027381436,True,1.0,100.0,3.785178483042655e-21,256.4975,1891,3.0427348141071064e-11
256.9975,-0.4442819156044647,185.88264866209795,315.3974627004528,1.6109014163134414,True,1.0,100.0,-1.0243804705856695e-20,256.9975,1893,3.0840885401062224e-11
257.4975,-0.44428198550613196,186.1047893752443,315.8974947647126,1.6109041473779147,True,1.0,100.0,5.558653716356346e-22,257.4975,1896,3.11754233539574e-11
257.9975,-0.44428205968946743,186.3269301240085,316.3975254740313,1.6109060376337367,True,1.0,100.0,1.1712877473750872e-20,257.9975,1899,3.154831257345947e-11
258.4975,-0.44428213785555315,186.54907091049367,316.89755485604786,1.6109081838556933,True,1.0,100.0,-1.987880448087436e-20,258.4975,1906,3.027203487881991e-11
258.9975,-0.4442822197142775,186.77121173654294,317.3975829386139,1.6109099656704617,True,1.0,100.0,-3.745473813640109e-21,258.9975,1908,3.063966441674282e-11
259.4975,-0.4442823049858863,186.99335260396984,317.89760974976383,1.6109115623026298,True,1.0,100.0,4.2881042954748955e-21,259.4975,1911,3.101069401267864e-11
259.9975,-0.4442823933998897,187.21549351441115,318.3976353176479,1.610913249726748,True,1.0,100.0,-7.411538288475128e-21,259.9975,1914,3.143199589494827e-11
260.4975,-0.4442824846951619,187.43763446936472,318.89765967056314,1.6109143313910395,True,1.0,100.0,6.97478692504713e-21,260.4975,1917,3.1809221923140285e-11
260.9975,-0.4442825786198125,187.6597754702676,319.3976828368435,1.6109159375897166,True,1.0,100.0,-1.9309704219437878e-20,260.9975,1921,3.0509643422771404e-11
261.4975,-0.44428267493125606,187.88191651828515,319.8977048448064,1.6109165382473638,True,1.0,100.0,1.2559910421005172e-20,261.4975,1928,3.084622834936823e-11
261.9975,-0.4442827733951893,188.1040576145885,320.39772572283437,1.6109180754536958,True,1.0,100.0,-9.555590436212576e-21,261.9975,1930,3.1221164542571955e-11
262.4975,-0.44428287378675235,188.32619876019686,320.8977454992203,1.6109184954498692,True,1.0,100.0,-1.2308447514789052e-20,262.4975,1932,3.16472820172109e-11
262.9975,-0.44428297588962146,188.5483399560221,321.3977642022462,1.6109197078512645,True,1.0,99.99999999999999,-1.418780186650953e-20,262.9975,1936,3.200972820138759e-11
263.4975,-0.44428307949558776,188.77048120290823,321.8977818600786,1.6109200642719095,True,1.0,100.0,-6.167458647195374e-21,263.4975,1939,3.064719311662856e-11
263.9975,-0.44428318440512055,188.99262250147487,322.3977985007209,1.610920877596095,True,1.0,100.0,-3.374896899216353e-21,263.9975,1944,3.102174073177366e-11
264.4975,-0.44428329042671544,189.2147638523642,322.89781415206573,1.6109211799704473,True,1.0,100.0,7.543887186483612e-22,264.4975,1945,3.144867005699936e-11
264.9975,-0.44428339737686334,189.43690525608946,323.3978288418685,1.6109216257370746,True,1.0,100.0,-2.083171654653545e-20,264.9975,1948,3.1830531266319184e-11
265.4975,-0.4442835050800889,189.6590467131115,323.89784259766805,1.610921882529985,True,1.0,100.0,1.9534697346052302e-20,265.4975,1953,3.033368001226222e-11
265.9975,-0.4442836133679305,189.88118822367812,324.39785544671327,1.610921991518143,True,1.0,100.0,-3.917527381051139e-21,265.9975,1955,3.0755981095254015e-11
266.4975,-0.44428372208005285,190.10332978808697,324.8978674161396,1.6109222101094154,True,1.0,99.99999999999999,3.943997160652836e-21,266.4975,1958,3.1134199385274286e-11
266.9975,-0.4442838310632258,190.32547140650772,325.39787853274174,1.6109220123512211,True,1.0,100.00000000000001,2.6205081805679917e-21,266.9975,1961,3.1563682223456624e-11
267.4975,-0.4442839401713583,190.54761307904326,325.89788882310205,1.6109221990157307,True,1.0,100.0,-2.5040411503205254e-20,267.4975,1963,3.194922798543942e-11
267.9975,-0.44428404926534104,190.76975480576152,326.39789831348725,1.6109217237932298,True,1.0,100.0,-4.9763185651190145e-21,267.9975,1966,3.04716321619658e-11
268.4975,-0.44428415821286965,190.9918965865373,326.89790702981446,1.6109218836871682,True,1.0,100.0,1.2983426894632322e-20,268.4975,1969,3.084815736187352e-11
268.9975,-0.44428426688826533,191.21403842130596,327.39791499772474,1.6109211595325421,True,1.0,100.0,2.2300789314429626e-20,268.9975,1972,3.127709202743745e-11
269.4975,-0.4442843751723204,191.4361803099055,327.89792224254757,1.6109212966846145,True,1.0,100.0,8.24533634592858e-21,269.4975,1974,3.1661645527591986e-11
269.9975,-0.44428448295232553,191.65832225210892,328.3979287892142,1.6109203513829597,True,1.0,99.99999999999999,-7.146840492458159e-22,269.9975,1979,3.2017645479331946e-11
270.4975,-0.44428459012106986,191.88046424768234,328.89793466235636,1.610920468685967,True,1.0,100.0,-4.367513634279986e-22,270.4975,1981,3.0476787760136403e-11
270.9975,-0.44428469657803554,192.10260629620646,329.3979398861419,1.6109193763014553,True,1.0,100.00000000000001,-1.003204646904312e-20,270.9975,1985,3.083824862137874e-11
271.4975,-0.444284802227945,192.32474839734354,329.89794448443155,1.6109194284912214,True,1.0,100.00000000000001,-1.6014216659026616e-21,271.4975,1987,3.126787717633306e-11
271.9975,-0.44428490698147494,192.5468905506718,330.39794848070005,1.6109183053740155,True,1.0,100.0,6.485096002415737e-21,271.9975,1991,3.165550460648703e-11
272.4975,-0.4442850107546515,192.76903275571053,330.89795189797775,1.610918203028642,True,1.0,100.0,1.6278914455043585e-20,272.4975,1993,3.2093390445187e-11
272.9975,-0.4442851134690785,192.99117501201422,331.3979547589674,1.6109170489884725,True,1.0,100.00000000000001,-2.4166908776349257e-20,272.9975,1999,3.039821172556856e-11
273.4975,-0.44428521505062313,193.21331731892144,331.89795708582443,1.6109168173683766,True,1.0,100.0,2.6734477397713854e-21,273.4975,2002,3.0825134111900354e-11
273.9975,-0.444285315430986,193.43545967591746,332.397958900428,1.6109156310804433,True,1.0,100.0,-1.749652431672164e-20,273.9975,2005,3.121018027352207e-11
274.4975,-0.4442854145465922,193.657602082371,332.8979602241399,1.6109152947408676,True,1.0,100.0,1.0945253865301662e-20,274.4975,2008,3.1612719386675536e-11
274.9975,-0.4442855123379107,193.87974453764127,333.3979610779642,1.6109140737503833,True,1.0,100.0,-7.424773178275976e-21,274.9975,2012,3.2006064465406325e-11
275.4975,-0.4442856087505174,194.10188704109518,333.8979614824463,1.6109136565560596,True,1.0,100.0,4.817499887508833e-21,275.4975,2014,3.0341146262102825e-11
275.9975,-0.4442857037341328,194.32402959193905,334.39796145763427,1.6109123972900596,True,1.0,100.0,5.01602323452156e-21,275.9975,2016,3.0722702160090876e-11
276.4975,-0.44428579724266365,194.54617218948962,334.89796102320827,1.6109119224311497,True,1.0,100.0,-4.923379005915621e-21,276.4975,2018,3.115374624940159e-11
276.9975,-0.444285889234071,194.7683148330039,335.3979601984122,1.610910620207025,True,1.0,100.0,4.936613895716469e-21,276.9975,2020,3.1544412915085474e-11
277.4975,-0.44428597967021527,194.99045752170838,335.8979590020095,1.6109101102163847,True,1.0,99.99999999999999,-1.3287829360051837e-20,277.4975,2023,3.198318693220514e-11
277.9975,-0.444286068516705,195.21260025482204,336.3979574523606,1.6109087592554845,True,1.0,100.0,-1.5749518863009647e-20,277.9975,2026,3.238258272642014e-11
278.4975,-0.44428615574277147,195.43474303158757,336.8979555673846,1.6109082360268556,True,1.0,100.0,-9.727644003623605e-21,278.4975,2029,3.064025422272465e-11
278.9975,-0.4442862413213171,195.65688585109174,337.39795336447247,1.6109068294690352,True,1.0,100.0,1.1951105490166144e-20,278.9975,2033,3.0995928046451127e-11
279.4975,-0.4442863252281001,195.87902871255585,337.8979508606708,1.6109063142764675,True,1.0,100.0,-1.9190590211230242e-21,279.4975,2035,3.141284454777349e-11
279.9975,-0.4442864074423479,196.10117161513324,338.3979480725718,1.6109048441929776,True,1.0,100.0,-4.9498487855173176e-21,279.9975,2038,3.180905538968659e-11
280.4975,-0.44428648794649817,196.32331455797257,338.89794501629257,1.6109043577108133,True,1.0,100.00000000000001,8.07328277851755e-21,280.4975,2040,3.2251264159288695e-11
280.9975,-0.44428656672581585,196.54545754027288,339.3979417075879,1.6109028151233198,True,1.0,100.0,-6.88214269644119e-21,280.9975,2045,3.0407211470961926e-11
281.4975,-0.44428664376839544,196.76760056105968,339.8979381616307,1.6109023774466456,True,1.0,100.0,2.0421434962709147e-20,281.4975,2046,3.083581306961847e-11
281.9975,-0.444286719065029,196.98974361951898,340.3979343933069,1.6109007523415777,True,1.0,100.00000000000001,-1.9653811354259938e-20,281.9975,2050,3.1227680163947724e-11
282.4975,-0.4442867926090769,197.21188671477063,340.89793041701006,1.6109003830076478,True,1.0,100.0,4.0234064994579266e-21,282.4975,2051,3.166461537418286e-11
282.9975,-0.44428686439636794,197.43402984594326,341.3979262467326,1.610898769914092,True,1.0,100.0,-1.3195185131445897e-20,282.9975,2052,3.206648835352155e-11
283.4975,-0.44428693442507267,197.65617301220456,341.897921896062,1.6108983823645096,True,1.0,100.0,-5.3071908101402256e-21,283.4975,2055,3.0205699053098556e-11
283.9975,-0.4442870026957878,197.87831621256797,342.3979173780632,1.610896865139575,True,1.0,100.0,-1.3751050503081532e-20,283.9975,2060,3.056264963330335e-11
284.4975,-0.44428706921065314,198.1004594462171,342.8979127055113,1.6108963819753883,True,1.0,100.0,1.1911400820763599e-21,284.4975,2062,3.0992687582998e-11
284.9975,-0.44428713397440467,198.32260271227375,343.397907890728,1.6108949788151006,True,1.0,100.0,-2.3690452743518713e-21,284.9975,2065,3.1390175181389424e-11
285.4975,-0.44428719699382874,198.5447460098569,343.8979029456111,1.6108943868238523,True,1.0,100.0,4.393983413881683e-21,285.4975,2068,3.177605401027961e-11
285.9975,-0.44428725827653387,198.76688933810055,344.3978978817053,1.6108931154414368,True,1.0,100.0,-5.082197683525802e-21,285.9975,2070,3.221962974198078e-11
286.4975,-0.44428731783282877,198.98903269619674,344.89789271017116,1.61089240046244,True,1.0,100.00000000000001,-1.2361387073992446e-20,286.4975,2073,3.0245299320608154e-11
286.9975,-0.4442873756743143,199.21117608316885,345.39788744165605,1.6108912781103282,True,1.0,100.0,-6.154223757394526e-21,286.9975,2076,3.0671930273395986e-11
287.4975,-0.44428743181410646,199.43331949822394,345.8978820865649,1.6108904250501757,True,1.0,100.0,2.2049326408213506e-20,287.4975,2078,3.1067086403435695e-11
287.9975,-0.4442874862667652,199.65546294050495,346.39787665484994,1.6108894685417716,True,1.0,100.00000000000001,2.660212849970537e-21,287.9975,2078,3.1579260040270896e-11
288.4975,-0.4442875390485853,199.87760640919228,346.89787115617537,1.6108884613943664,True,1.0,100.0,-7.05419626385222e-21,288.4975,2085,3.184553315493943e-11
288.9975,-0.44428759017594655,200.09974990342553,347.3978655997407,1.610887687126151,True,1.0,99.99999999999999,-4.84396966711053e-21,288.9975,2088,3.228966399815292e-11
289.4975,-0.4442876396675844,200.32189342246366,347.8978599944987,1.610886508990778,True,1.0,99.99999999999999,-1.7046538063492794e-20,289.4975,2092,3.02441405253262e-11
289.9975,-0.4442876875429445,200.5440369653675,348.3978543488929,1.6108859329636491,True,1.0,100.0,1.3208420021246746e-20,289.9975,2094,3.067010534429926e-11
290.4975,-0.4442877338224841,200.76618053139794,348.897848671159,1.6108845660607027,True,1.0,99.99999999999999,6.28657265540301e-21,290.4975,2096,3.10699313499363e-11
290.9975,-0.44428777852761786,200.9883241197551,349.39784296914877,1.6108842039012299,True,1.0,100.0,9.158543742187122e-21,290.9975,2098,3.15050346921808e-11
291.4975,-0.44428782168063197,201.21046772966093,349.8978372503833,1.6108826675276637,True,1.0,100.0,9.873227791432938e-21,291.4975,2099,3.1945737721805756e-11
291.9975,-0.4442878633046209,201.4326113604072,350.3978315221024,1.6108824965741066,True,1.0,100.0,8.867376166568457e-21,291.9975,2102,2.991623615500316e-11
292.4975,-0.4442879034234061,201.65475501111172,350.89782579109846,1.6108811956983042,True,1.0,100.00000000000001,-1.641126335305207e-21,292.4975,2104,3.033916867734021e-11
292.9975,-0.4442879420614924,201.87689868109325,351.3978200639796,1.610880806439412,True,1.0,100.0,3.546950466627383e-21,292.9975,2106,3.073701015932073e-11
293.4975,-0.4442879792439946,202.09904236960958,351.89781434700836,1.6108797557919727,True,1.0,100.0,7.199780051661553e-21,293.4975,2110,3.11679640430107e-11
293.9975,-0.44428801499674603,202.32118607595413,352.39780864614124,1.6108791278148151,True,1.0,100.00000000000001,1.1408475008331358e-20,293.9975,2113,3.154802807880941e-11
294.4975,-0.4442880493455431,202.54332979939036,352.8978029670647,1.6108783418223567,True,1.0,100.0,-2.779326858178173e-21,294.4975,2116,3.198817599692205e-11
294.9975,-0.44428808231715716,202.76547353931275,353.3977973152037,1.6108774539129525,True,1.0,100.0,-6.167458647195374e-21,294.9975,2121,3.003879089913397e-11
295.4975,-0.44428811393855067,202.98761729490096,353.89779169557056,1.6108769467177577,True,1.0,100.0,2.567568621364598e-21,295.4975,2121,3.053195890556637e-11
295.9975,-0.4442881442370277,203.20976106555923,354.39778611310203,1.610875776873441,True,1.0,100.00000000000001,7.940933880509066e-22,295.9975,2122,3.089183076010471e-11
296.4975,-0.44428817324053277,203.43190485062732,354.8977805723064,1.6108755623522033,True,1.0,100.0,2.7740329022578336e-20,296.4975,2126,3.124285552491557e-11
296.9975,-0.4442882009761624,203.65404864946035,355.3977750775542,1.6108742117107084,True,1.0,99.99999999999999,2.4352197233561135e-21,296.9975,2128,3.1679950329710493e-11
297.4975,-0.44428822747227287,203.8761924614396,355.8977696329003,1.6108741795807946,True,1.0,100.00000000000001,-1.7708282553535216e-20,297.4975,2130,3.209980198315421e-11
297.9975,-0.44428825275701767,204.09833628600643,356.39776424222686,1.6108731405345889,True,1.0,100.0,-8.364450354136216e-21,297.9975,2133,3.008884807975676e-11
298.4975,-0.4442882768587561,204.32048012244536,356.8977589090277,1.6108727882661082,True,1.0,100.0,-3.017554874593445e-21,298.4975,2136,3.047674612677298e-11
298.9975,-0.4442882998057675,204.54262397022654,357.3977536367233,1.610872074049594,True,1.0,100.0,9.634999775017666e-21,298.9975,2139,3.0877599088707797e-11
299.4975,-0.44428832162615345,204.7647678287842,357.89774842845867,1.6108713773099779,True,1.0,100.0,-1.4664257899340075e-20,299.4975,2140,3.1312022419349717e-11
299.9975,-0.4442883423484273,204.9869116975656,358.3977432871493,1.6108710009526879,True,1.0,100.0,2.0752307207730358e-20,299.9975,2143,3.173086099428346e-11
300.0,-0.44428834244932713,204.98802241693429,358.4002432616156,1.6108709962685068,True,1.0,100.0,-2.2922829135069503e-20,300.0,2143,3.173313695148394e-11
