"f:0","f:1","f:2",":0",":1",":2"
1.8307115546402488,-0.045120164649643295,0,1.99939763739569,-0.049082456912151365,0
1.8292497055913088,-0.09035359130976572,0,1.9975909124211,-0.09813534843591962,0
1.8453743421721982,-0.06600779044163962,0,1.959677407606051,-0.07007625196366564,0
1.845047765028122,-0.032793239086156875,0,1.964221249789569,-0.03508607853654013,0
1.8315766449740456,9.294316208275977e-15,0,2.0,0.0,0
1.8265498724551692,-0.13485899236044868,0,1.994580913381552,-0.14712912687165244,0
1.8450976585213745,-0.11120984188165277,0,1.95160644545222,-0.11758838505231545,0
1.8616377166872518,-0.0750488020214263,0,1.918232721701175,-0.07732185336543115,0
1.8588988630103656,-0.03625174579054886,0,1.928261180649688,-0.037553985915336346,0
1.8504396820638223,3.981166647922205e-14,0,1.95,0.0,0
1.8450477650281327,0.03279323908618206,0,1.964221249789569,0.03508607853653919,0
1.8307115546402708,0.04512016464963241,0,1.99939763739569,0.04908245691215041,0
1.822644181157872,-0.17945036241898962,0,1.990369453394393,-0.19603428015147584,0
1.839549235419356,-0.1590375755836272,0,1.953263734074862,-0.16883687731132305,0
1.854540538422891,-0.14021093280646682,0,1.921862200463924,-0.1453451031873212,0
1.8648395301782783,-0.11010285439100671,0,1.904005333333834,-0.11251150993909652,0
1.878621534344452,-0.08554646287803241,0,1.876816303509594,-0.0855581792549278,0
1.88165069597512,-0.04341627370338998,0,1.874999999999999,-0.043301270189222675,0
1.871613962616193,9.440886412859165e-15,0,1.9,0.0,0
1.8588988630103325,0.03625174579061088,0,1.928261180649688,0.03755398591533542,0
1.84537434217224,0.066007790441647,0,1.959677407606051,0.0700762519636647,0
1.8292497055912724,0.0903535913098591,0,1.9975909124211,0.09813534843591865,0
1.8177431284444776,-0.22409355308301454,0,1.984959069281583,-0.24482134971605723,0
1.8357916034165558,-0.20457824662538138,0,1.946686137654028,-0.21696083777936273,0
1.853350530719954,-0.18083579502107272,0,1.912482003698244,-0.18668005450213318,0
1.8686001509190235,-0.1531502718408174,0,1.885264390806146,-0.1545598420444882,0
1.8852234746825614,-0.12008844283615748,0,1.856638257864214,-0.11832672542766831,0
1.9018051943394396,-0.079834605664567,0,1.827769499847418,-0.07679107591606363,0
1.9047986573190312,-0.03462388950602005,0,1.825867869265637,-0.03321336451665829,0
1.8937895223301762,3.5537668014913784e-14,0,1.85,0.0,0
1.8816506959751336,0.04341627370344123,0,1.874999999999999,0.04330127018922177,0
1.8616377166872897,0.0750488020214819,0,1.918232721701175,0.07732185336543021,0
1.8450976585213577,0.11120984188169919,0,1.95160644545222,0.1175883850523145,0
1.8265498724551825,0.13485899236050208,0,1.994580913381552,0.1471291268716515,0
1.8116760977967488,-0.2685922753730687,0,1.978353020057941,-0.2934609480452659,0
1.8306496993215289,-0.24911406022257854,0,1.93992705931324,-0.2642026521989174,0
1.850602405291499,-0.23092145732919306,0,1.899961703778075,-0.2371390661081222,0
1.8703006572299778,-0.20023459447120606,0,1.867293627296949,-0.2000409241056719,0
1.88855831883806,-0.16656086138656254,0,1.837947665295526,-0.1621490675829867,0
1.9077113293864807,-0.13080518235670296,0,1.807416137733773,-0.12400935585313688,0
1.9241572459796272,-0.09967861897386984,0,1.780893597146618,-0.09225907196800935,0
1.9292376765595771,-0.049914379130172534,0,1.776569846480768,-0.04597447647800337,0
1.9182054072244485,1.739070257269241e-14,0,1.8,0.0,0
1.9047986573189881,0.03462388950604993,0,1.825867869265637,0.03321336451665741,0
1.9018051943394894,0.07983460566459429,0,1.827769499847418,0.07679107591606274,0
1.878621534344425,0.0855464628780791,0,1.876816303509594,0.08555817925492688,0
1.864839530178296,0.11010285439103833,0,1.904005333333834,0.1125115099390956,0
1.8545405384229174,0.14021093280653107,0,1.921862200463924,0.1453451031873203,0
1.8395492354193526,0.15903757558369433,0,1.953263734074862,0.1688368773113221,0
1.8226441811578533,0.17945036241903897,0,1.990369453394393,0.1960342801514749,0
1.8045259297796894,-0.3128273822571494,0,1.97055528495923,-0.3419237764754697,0
1.82421970648268,-0.2933300035610031,0,1.932484111949449,-0.31093932557301057,0
1.8455234479710418,-0.2816562234866291,0,1.88826846745945,-0.2883204671027018,0
1.8694220031848172,-0.24946577706959364,0,1.850198399710129,-0.24693433357904948,0
1.8901373696512902,-0.2161637919870775,0,1.819599540244635,-0.20811832087117052,0
1.9110891837956985,-0.18078935042963912,0,1.788971872024586,-0.16927364070638234,0
1.931457497822939,-0.14273985646138754,0,1.759366189386403,-0.13005416236622294,0
1.9503339305974823,-0.09494207904274785,0,1.73334631228473,-0.08446628922661993,0
1.9525205695299532,-0.0423412216131772,0,1.73480509929066,-0.03764029347432488,0
1.9444817349349763,-4.143906607824184e-15,0,1.75,0.0,0
1.929237676559566,0.04991437913022897,0,1.776569846480768,0.04597447647800253,0
1.924157245979672,0.09967861897388174,0,1.780893597146618,0.09225907196800849,0
1.9077113293864345,0.13080518235675695,0,1.807416137733773,0.124009355853136,0
1.8852234746825474,0.1200884428362291,0,1.856638257864214,0.1183267254276674,0
1.8686001509190546,0.15315027184083577,0,1.885264390806146,0.1545598420444873,0
1.8533505307199214,0.18083579502114397,0,1.912482003698244,0.1866800545021323,0
1.8357916034165624,0.20457824662544788,0,1.946686137654028,0.2169608377793618,0
1.8177431284444672,0.22409355308311518,0,1.984959069281583,0.2448213497160563,0
1.8149355753244,-0.3369469319554584,0,1.928953497594997,-0.3583793973543504,0
1.796361583551557,-0.35700575329508716,0,1.961570561038879,-0.3901806428638099,0
1.8309949114489297,-0.3202417601094115,0,1.900868119792918,-0.3326135246391728,0
1.8458509553260483,-0.3283905005651955,0,1.862552198674332,-0.3315035453439801,0
1.8674690706649815,-0.2984386659924884,0,1.831969037211615,-0.2927937358815315,0
1.8897895134024316,-0.26645966371313884,0,1.801318254152427,-0.25405144580519756,0
1.9122471718164116,-0.23246701880529586,0,1.770629973889344,-0.21524160504089743,0
1.935247189522561,-0.19612145551599922,0,1.739949481250468,-0.17634814674091062,0
1.9582956285135218,-0.15737841390531054,0,1.709250710305982,-0.1373372338098784,0
1.98020460429114,-0.11661368456325265,0,1.680355808766392,-0.09900746682428835,0
1.9740388064096923,-0.06048645186395691,0,1.696831495518713,-0.05198191531327596,0
1.9731867083064258,2.761499920279932e-14,0,1.7,0.0,0
1.952520569529991,0.04234122161320002,0,1.73480509929066,0.03764029347432405,0
1.9503339305974265,0.0949420790428007,0,1.73334631228473,0.0844662892266191,0
1.9314574978229822,0.14273985646139592,0,1.759366189386403,0.1300541623662221,0
1.9110891837956885,0.1807893504296896,0,1.788971872024586,0.1692736407063815,0
1.8885583188380917,0.1665608613865762,0,1.837947665295526,0.1621490675829858,0
1.870300657229975,0.2002345944712567,0,1.867293627296949,0.200040924105671,0
1.8506024052914998,0.23092145732923025,0,1.899961703778075,0.2371390661081213,0
1.830649699321533,0.24911406022264068,0,1.93992705931324,0.2642026521989164,0
1.8116760977967254,0.26859227537318553,0,1.978353020057941,0.2934609480452649,0
1.8066017287711957,-0.38015573535244207,0,1.919126170615721,-0.4041925223339667,0
1.7870726203145686,-0.40089700263876865,0,1.951404260370142,-0.4382024790085726,0
1.825912980477509,-0.35783446294339927,0,1.889116737213785,-0.3704265922406731,0
1.8407991908892563,-0.3762511839153622,0,1.844265948444162,-0.3770969024551552,0
1.8637636802502127,-0.34792154303548045,0,1.813716386241133,-0.338629624808919,0
1.887367773409029,-0.31751973450864146,0,1.78301341303504,-0.29994876839628326,0
1.9116168866763141,-0.28501189827212847,0,1.752319126090208,-0.26123715865436836,0
1.9362412077843791,-0.25014507137957537,0,1.721615415768595,-0.22236316409567253,0
1.9613549807234891,-0.21280310407754255,0,1.690880312602587,-0.18344090596647397,0
1.9866209464310576,-0.17293015960949581,0,1.660173515758221,-0.1444816360713209,0
2.009735174835593,-0.1334280268773496,0,1.632613896752079,-0.1084200475035979,0
1.9989798706660433,-0.078648423647881,0,1.655127595563618,-0.0651394333573081,0
1.992727369400841,-0.03589099269579143,0,1.668226589286781,-0.029988870108709705,0
2.0047800487587586,1.483465366194441e-15,0,1.65,0.0,0
1.9927273694007757,0.03589099269584448,0,1.668226589286781,0.0299888701087089,0
1.9740388064097696,0.06048645186395181,0,1.696831495518713,0.05198191531327514,0
1.9802046042910775,0.1166136845632782,0,1.680355808766392,0.09900746682428754,0
1.9582956285135666,0.15737841390530402,0,1.709250710305982,0.1373372338098776,0
1.9352471895225027,0.19612145551604,0,1.739949481250468,0.1763481467409098,0
1.9122471718164316,0.23246701880529702,0,1.770629973889344,0.2152416050408966,0
1.8901373696513077,0.21616379198709781,0,1.819599540244635,0.2081183208711697,0
1.8694220031847792,0.24946577706963932,0,1.850198399710129,0.2469343335790486,0
1.845523447971044,0.2816562234866673,0,1.88826846745945,0.2883204671027008,0
1.8242197064826293,0.29333000356106154,0,1.932484111949449,0.3109393255730096,0
1.8045259297796599,0.31282738225722023,0,1.97055528495923,0.3419237764754687,0
1.7976176134944029,-0.42577106139609394,0,1.905123053279394,-0.4517022244215732,0
1.818965235424063,-0.402192808200655,0,1.874299867335253,-0.41470166107193507,0
1.8338327516835145,-0.42491170223046526,0,1.826147716621472,-0.4232389998707709,0
1.858042609484711,-0.39801161286727343,0,1.795390116905958,-0.38455640201604646,0
1.883040353220856,-0.3690710263619159,0,1.76473292370592,-0.3458315163730784,0
1.9087034556741334,-0.33818171663445157,0,1.734024750808938,-0.3071491288546054,0
1.9351164867866986,-0.30499259661604494,0,1.703280842206235,-0.2683865241758073,0
1.9620751948340678,-0.26933518994230027,0,1.672609166033991,-0.22952934363430907,0
1.9896409124281915,-0.23109597519369737,0,1.641841856176973,-0.19063761612563287,0
2.016399890818781,-0.19107845944139917,0,1.612456496121592,-0.15276073518350047,0
2.0446372097308494,-0.1512632993172689,0,1.580875938773581,-0.11693597332981917,0
2.0329603532601483,-0.09401231924520602,0,1.604153462270685,-0.07418101540416708,0
2.0206178542294437,-0.04414258407893495,0,1.625483433280748,-0.03553674009030678,0
2.0394801002141683,-6.5085591470544095e-15,0,1.6,0.0,0
2.0206178542294415,0.044142584078962994,0,1.625483433280748,0.035536740090306,0
1.9989798706660746,0.07864842364785883,0,1.655127595563618,0.06513943335730729,0
2.009735174835625,0.13342802687734376,0,1.632613896752079,0.1084200475035971,0
1.9866209464310323,0.1729301596095289,0,1.660173515758221,0.1444816360713201,0
1.9613549807235102,0.2128031040775465,0,1.690880312602587,0.1834409059664732,0
1.9362412077844013,0.2501450713796074,0,1.721615415768595,0.2223631640956717,0
1.911616886676306,0.2850118982721584,0,1.752319126090208,0.2612371586543675,0
1.8897895134024054,0.2664596637131754,0,1.801318254152427,0.2540514458051967,0
1.8674690706650163,0.29843866599251984,0,1.831969037211615,0.2927937358815306,0
1.845850955326027,0.3283905005652436,0,1.862552198674332,0.3315035453439792,0
1.830994911448909,0.3202417601094922,0,1.900868119792918,0.3326135246391718,0
1.814935575324405,0.33694693195553604,0,1.928953497594997,0.3583793973543494,0
1.7963615835515316,0.357005753295188,0,1.961570561038879,0.3901806428638089,0
1.7767494396766472,-0.4443525548910731,0,1.9400625067070916,-0.4859603585369865,0
1.8102677582044011,-0.4488801532069167,0,1.857834345994978,-0.46089391745696107,0
1.787677209939137,-0.46952146210646184,0,1.8912626241194845,-0.4973187530437556,0
1.7653051408887805,-0.4876085402850485,0,1.9275521319937405,-0.5334255134940431,0
1.8504116203224967,-0.44849239154942333,0,1.776906294387224,-0.43058236603674777,0
1.8251440947314825,-0.4739268088182221,0,1.8074088000968136,-0.4692637411070653,0
1.8766020593626778,-0.4212630069795335,0,1.746291315984602,-0.391871206760761,0
1.903676604819704,-0.3919663009154894,0,1.715666618898736,-0.3531187915419423,0
1.9316438301479044,-0.36055768063806065,0,1.684974533098074,-0.3143898703869431,0
1.9604000760827864,-0.3267093390256679,0,1.654329840225027,-0.2755755058524822,0
1.9899703705893044,-0.2902321087048472,0,1.623643648441526,-0.23671806579169458,0
2.0200696928755786,-0.25112004619752776,0,1.593006883881828,-0.19794083752079142,0
2.050856458141761,-0.21015835834605925,0,1.562047742327355,-0.16001691586498992,0
2.0827044585829104,-0.16738426851071608,0,1.530124103446566,-0.12292161373287795,0
2.0713741993664807,-0.10714057063252021,0,1.551929248871388,-0.08025003010758942,0
2.0567872051572724,-0.052466586885750566,0,1.575047376331813,-0.04020811358870247,0
2.0772978721055675,4.544921004248092e-15,0,1.55,0.0,0
2.0567872051573044,0.0524665868857362,0,1.575047376331813,0.04020811358870172,0
2.0329603532600906,0.09401231924525275,0,1.604153462270685,0.0741810154041663,0
2.044637209730849,0.1512632993172709,0,1.580875938773581,0.1169359733298184,0
2.0163998908187684,0.19107845944141783,0,1.612456496121592,0.1527607351834997,0
1.9896409124282113,0.23109597519369451,0,1.641841856176973,0.1906376161256321,0
1.9620751948340387,0.26933518994231925,0,1.672609166033991,0.2295293436343083,0
1.9351164867866746,0.3049925966160316,0,1.703280842206235,0.2683865241758064,0
1.908703455674099,0.3381817166344468,0,1.734024750808938,0.3071491288546045,0
1.8873677734090222,0.3175197345086596,0,1.78301341303504,0.2999487683962824,0
1.8637636802501694,0.3479215430354967,0,1.813716386241133,0.3386296248089181,0
1.8407991908892347,0.37625118391539863,0,1.844265948444162,0.3770969024551543,0
1.8259129804774725,0.3578344629434463,0,1.889116737213785,0.3704265922406721,0
1.8066017287712017,0.3801557353525021,0,1.919126170615721,0.4041925223339657,0
1.787072620314517,0.4008970026389035,0,1.951404260370142,0.4382024790085716,0
1.8003523488384905,-0.49645642739387086,0,1.8397788577111456,-0.5074931588058983,0
1.7755440295206844,-0.5143859133329126,0,1.8772248490305636,-0.5444373455470715,0
1.7531099418524883,-0.5301904789251739,0,1.9138806719486825,-0.580569352912518,0
1.8680128787600434,-0.47346578767806696,0,1.728005964158074,-0.4377440343205733,0
1.896357128871222,-0.4461007309955747,0,1.69736270689525,-0.39909238726390106,0
1.9257592901086398,-0.41659081110006974,0,1.666685988225413,-0.36035178515516436,0
1.9562355418305342,-0.38467792081215285,0,1.63602157031247,-0.32155653463576656,0
1.9876763067247218,-0.3502288920357329,0,1.605378193961792,-0.28273487876407377,0
2.0201196980549776,-0.31302288571124737,0,1.574695950369547,-0.24389021285287824,0
2.0534243368731793,-0.2727365725221836,0,1.543955010511662,-0.2049793255943823,0
2.087985922886808,-0.2300027038681078,0,1.512466978477769,-0.16652104826119463,0
2.1229741124197274,-0.18362592466812877,0,1.481355706736923,-0.1280748025585738,0
2.112995361090446,-0.1178660831271033,0,1.500907669817843,-0.08370390425982664,0
2.096462126726673,-0.05882831683222813,0,1.525033915845612,-0.042780398848061583,0
2.119109847482852,7.865658784084969e-15,0,1.5,0.0,0
2.096462126726671,0.058828316832220846,0,1.525033915845612,0.04278039884806085,0
2.071374199366483,0.1071405706325183,0,1.551929248871388,0.08025003010758867,0
2.0827044585828665,0.16738426851075544,0,1.530124103446566,0.1229216137328772,0
2.050856458141784,0.21015835834602684,0,1.562047742327355,0.1600169158649892,0
2.0200696928755284,0.25112004619753003,0,1.593006883881828,0.1979408375207907,0
1.9899703705892908,0.2902321087048171,0,1.623643648441526,0.2367180657916938,0
1.9604000760827576,0.3267093390256835,0,1.654329840225027,0.2755755058524813,0
1.9316438301478762,0.3605576806380647,0,1.684974533098074,0.3143898703869422,0
1.9036766048196936,0.39196630091547646,0,1.715666618898736,0.3531187915419414,0
1.8830403532208633,0.36907102636192296,0,1.76473292370592,0.3458315163730775,0
1.8580426094846627,0.39801161286729947,0,1.795390116905958,0.3845564020160456,0
1.8338327516834774,0.4249117022304732,0,1.826147716621472,0.42323899987077,0
1.818965235424054,0.4021928082006742,0,1.874299867335253,0.4147016610719342,0
1.797617613494337,0.4257710613961357,0,1.905123053279394,0.4517022244215722,0
1.7767494396766088,0.44435255489112785,0,1.940062506707092,0.4859603585369855,0
1.8408779654553684,-0.4990227011183916,0,1.7584105664013516,-0.4764555166442804,0
1.8145680936780442,-0.5226435801278723,0,1.7891616994758606,-0.5150815458796808,0
1.7895006116559982,-0.5440737624063311,0,1.8203703530745616,-0.5533480134903673,0
1.7622584771757377,-0.5680634149355275,0,1.8538753727230886,-0.5977645053610177,0
1.7395493025705533,-0.572729764679691,0,1.8990563617712546,-0.6273634790264138,0
1.8867803164416548,-0.5003099194016521,0,1.679017387721106,-0.4449460747533214,0
1.8574241740402075,-0.5257568172677778,0,1.7095098021735287,-0.4835911390248228,0
1.8293150151575635,-0.5497349291139895,0,1.7396325597795006,-0.5224478890434815,0
1.802390643058735,-0.5711966875575205,0,1.7706329664453995,-0.5608423222240863,0
1.9174374693872898,-0.4728564308551234,0,1.648397926844745,-0.4062712388417784,0
1.9494228410236034,-0.4431129652434607,0,1.617735207774856,-0.3675237148795787,0
1.9826816608284048,-0.4108726713739977,0,1.587062106724503,-0.328715738186044,0
2.0171556083977524,-0.37587840676319195,0,1.556388000216721,-0.2898760288020516,0
2.052845477752515,-0.3378222778736897,0,1.525720328618073,-0.25097423121321116,0
2.089616220258635,-0.29646766084232556,0,1.494999702672999,-0.21201022851363793,0
2.127519082949327,-0.2515300976024475,0,1.464162576520311,-0.17304630377563365,0
2.167075799580738,-0.20281972056788408,0,1.432372386813668,-0.13396850374291078,0
2.1561915062076986,-0.13099358866238534,0,1.452767847314377,-0.0882364126880172,0
2.140189168350705,-0.06327270319335268,0,1.475000000000001,-0.04359109009904723,0
2.165453280271107,-1.170376936559638e-16,0,1.45,0.0,0
2.140189168350673,0.06327270319336223,0,1.475000000000001,0.04359109009904652,0
2.1129953610904804,0.11786608312708115,0,1.500907669817843,0.08370390425982592,0
2.1229741124197536,0.18362592466811506,0,1.481355706736923,0.1280748025585731,0
2.087985922886756,0.2300027038681329,0,1.512466978477769,0.1665210482611939,0
2.0534243368731664,0.27273657252217487,0,1.543955010511662,0.2049793255943816,0
2.0201196980549816,0.3130228857112475,0,1.574695950369547,0.2438902128528775,0
1.9876763067246843,0.3502288920357201,0,1.605378193961792,0.282734878764073,0
1.9562355418304982,0.38467792081213165,0,1.63602157031247,0.3215565346357658,0
1.9257592901086242,0.4165908111000651,0,1.666685988225413,0.3603517851551635,0
1.8963571288711913,0.4461007309955939,0,1.69736270689525,0.3990923872639002,0
1.8766020593626127,0.4212630069795261,0,1.746291315984602,0.3918712067607601,0
1.85041162032247,0.44849239154942355,0,1.776906294387224,0.4305823660367469,0
1.8251440947314361,0.47392680881822574,0,1.807408800096814,0.4692637411070644,0
1.8102677582043565,0.44888015320694385,0,1.857834345994978,0.4608939174569602,0
1.7876772099390785,0.4695214621065099,0,1.891262624119485,0.4973187530437546,0
1.7653051408887468,0.4876085402850719,0,1.927552131993741,0.5334255134940422,0
1.7781236231956692,-0.5908690006836815,0,1.7989015125862056,-0.5974646078210565,0
1.758397872196463,-0.6128709605104308,0,1.8167133472220505,-0.6330250176403873,0
1.7426432548238513,-0.6102579965294673,0,1.8523616892636545,-0.6487764114902584,0
1.724589158271909,-0.616127874968221,0,1.8830881310487306,-0.6737797048764513,0
1.8748948112770911,-0.554531923018059,0,1.6605567674059456,-0.4908311031934584,0
1.8446367387372509,-0.5781769697881649,0,1.6908200676636036,-0.529615259914801,0
1.815767768745611,-0.6000241163236372,0,1.7210843748206885,-0.568350118475625,0
1.7885245375246628,-0.6193620912013796,0,1.7517347302678306,-0.6062648719815895,0
1.906623384149885,-0.5291979423216933,0,1.630081620742793,-0.45217759817854997,0
1.939914192458112,-0.5017578505444833,0,1.599475958664353,-0.41347441649637656,0
1.97475015981599,-0.4719088404045099,0,1.568780685456473,-0.37469443759129956,0
2.0111513950747235,-0.43936466394071344,0,1.538095442412545,-0.33587027743281567,0
2.0489984859088692,-0.4039273792577108,0,1.507402150851457,-0.297022355214984,0
2.088400409942515,-0.3652270947186146,0,1.476666100659508,-0.2581411923806995,0
2.1292117423965897,-0.32296586537417554,0,1.445862726266407,-0.21922941831972118,0
2.1713316401524416,-0.27673593610720876,0,1.415042858290683,-0.18030853711686357,0
2.2160376198843945,-0.2229657516531964,0,1.383272033175373,-0.13912838018174756,0
2.205831326934151,-0.1468685193439399,0,1.402605880785698,-0.09334945314651746,0
2.1880967305928936,-0.06980741971877788,0,1.425353433383547,-0.04548795975364956,0
2.2167031118052267,-1.3051563942128659e-14,0,1.4,0.0,0
2.188096730592887,0.06980741971878951,0,1.425353433383547,0.04548795975364888,0
2.1561915062077173,0.13099358866239158,0,1.452767847314377,0.08823641268801648,0
2.1670757995806778,0.20281972056784633,0,1.432372386813668,0.1339685037429101,0
2.1275190829493065,0.2515300976024272,0,1.464162576520311,0.173046303775633,0
2.0896162202586215,0.2964676608423198,0,1.494999702672999,0.2120102285136372,0
2.052845477752492,0.3378222778736845,0,1.525720328618073,0.2509742312132104,0
2.017155608397742,0.3758784067632048,0,1.556388000216721,0.2898760288020508,0
1.9826816608284024,0.41087267137401545,0,1.587062106724503,0.3287157381860432,0
1.9494228410235792,0.44311296524347016,0,1.617735207774856,0.3675237148795779,0
1.9174374693872698,0.4728564308551,0,1.648397926844745,0.4062712388417776,0
1.8867803164416015,0.5003099194016514,0,1.679017387721106,0.4449460747533205,0
1.8680128787600145,0.47346578767807934,0,1.728005964158074,0.4377440343205724,0
1.8408779654553378,0.4990227011184009,0,1.758410566401352,0.4764555166442795,0
1.8145680936780249,0.5226435801278748,0,1.789161699475861,0.5150815458796799,0
1.8003523488384374,0.49645642739389617,0,1.839778857711146,0.5074931588058974,0
1.7755440295206553,0.5143859133329494,0,1.877224849030564,0.5444373455470706,0
1.7531099418524698,0.5301904789251946,0,1.913880671948683,0.5805693529125171,0
1.7633302021164874,-0.6386193402216396,0,1.7795069687504586,-0.6441707834095818,0
1.771981741332551,-0.6673064085112989,0,1.7335608421173556,-0.6525261225288076,0
1.8000583730920579,-0.6492653955817774,0,1.7030452731148467,-0.6139661343585039,0
1.8295543859813597,-0.6299113278420685,0,1.6724067251201475,-0.5754924991335443,0
1.8606376332243688,-0.6085610658137746,0,1.6420506417088336,-0.536773129219067,0
1.8933332513552499,-0.5854778257376332,0,1.6116046261293135,-0.49808885295392935,0
1.9276991481345218,-0.5603186984323981,0,1.581155651996858,-0.459354074681746,0
1.9639201280610386,-0.532999267666243,0,1.550507023922958,-0.420606391068175,0
2.0019074481739274,-0.5031848518373149,0,1.519856723120797,-0.3818470441582404,0
2.0417635738758326,-0.47055153649298453,0,1.489147238508587,-0.3430488879727109,0
2.0834885846551567,-0.43477073297891583,0,1.458388756466627,-0.3042270603573757,0
2.127007301353716,-0.3955260680645455,0,1.427575947573089,-0.2653619377813319,0
2.17242675727161,-0.3523048639913885,0,1.396755643454931,-0.22646276044789115,0
2.219364626122103,-0.3049612028745762,0,1.365924926147193,-0.18755384618638277,0
2.2742258857243716,-0.2446308453318889,0,1.331276302514291,-0.1431136157671414,0
2.2608151035492123,-0.161281193414547,0,1.352409844500705,-0.09647632513066973,0
2.2413186610664484,-0.0791318718653091,0,1.375700978922926,-0.04855147740473281,0
2.2738091528706446,4.785152809909542e-15,0,1.35,0.0,0
2.241318661066471,0.07913187186530035,0,1.375700978922926,0.04855147740473216,0
2.2058313269341405,0.14686851934394032,0,1.402605880785698,0.09334945314651677,0
2.216037619884371,0.22296575165321778,0,1.383272033175373,0.1391283801817469,0
2.1713316401524874,0.2767359361071856,0,1.415042858290683,0.1803085371168629,0
2.1292117423965333,0.32296586537419897,0,1.445862726266407,0.2192294183197205,0
2.0884004099424955,0.36522709471858167,0,1.476666100659508,0.2581411923806987,0
2.0489984859088444,0.40392737925768946,0,1.507402150851457,0.2970223552149832,0
2.0111513950746724,0.4393646639406791,0,1.538095442412545,0.3358702774328149,0
1.9747501598159154,0.47190884040448305,0,1.568780685456473,0.3746944375912988,0
1.9399141924581003,0.5017578505444624,0,1.599475958664353,0.4134744164963758,0
1.9066233841498086,0.5291979423216842,0,1.630081620742793,0.4521775981785492,0
1.8748948112770414,0.5545319230180275,0,1.660556767405946,0.4908311031934575,0
1.8574241740401745,0.525756817267774,0,1.709509802173529,0.4835911390248219,0
1.8293150151574962,0.549734929113973,0,1.739632559779501,0.5224478890434806,0
1.8023906430586876,0.5711966875575119,0,1.7706329664454,0.5608423222240854,0
1.7895006116559533,0.5440737624063642,0,1.820370353074562,0.5533480134903664,0
1.7622584771757166,0.5680634149355398,0,1.853875372723089,0.5977645053610168,0
1.7395493025705218,0.5727297646797109,0,1.899056361771255,0.6273634790264129,0
1.7379421051788573,-0.6551090216912439,0,1.8109650460711086,-0.6824658404162998,0
1.7272775037387362,-0.6421909192788344,0,1.8490105069204625,-0.6872964747462753,0
1.7085702253018769,-0.6599996775311374,0,1.8659855984427145,-0.719790071065434,0
1.7462208594755695,-0.6845448263471156,0,1.7617494259109445,-0.6903421262742447,0
1.753711915344346,-0.7141655050647175,0,1.7152798826443676,-0.6983203083882785,0
1.7822191185068537,-0.698162135723746,0,1.6847794269740186,-0.659757508883932,0
1.8122628516437254,-0.6808065023437261,0,1.6542411100321837,-0.6212006986037435,0
1.8439553574742726,-0.6619323047255652,0,1.6237125703491806,-0.5826153788396278,0
1.8773972438544537,-0.6412175117739873,0,1.5932758212545926,-0.5439459904452812,0
1.9127745668275222,-0.6186242788546555,0,1.5627636591291216,-0.5052166796183275,0
1.9501096820380095,-0.5939896192885286,0,1.5321785964296246,-0.4664979617709988,0
1.989482623806085,-0.5669748474577815,0,1.501594527869645,-0.427770411710389,0
2.0310136438139184,-0.5373268491611222,0,1.470922754221482,-0.38901816131946876,0
2.074766314553535,-0.5047592337369954,0,1.440166094838575,-0.3502454745057893,0
2.1208586880833993,-0.4688027884828274,0,1.40934639815831,-0.31144153870900465,0
2.1691222713009384,-0.4290801794177102,0,1.378478815375139,-0.2725948296956934,0
2.2196442933713136,-0.38498172638085953,0,1.347657995702593,-0.23370783370634082,0
2.2749629428486426,-0.3319940877121323,0,1.315452553377113,-0.1919306221687885,0
2.3325157977379583,-0.28065665547621355,0,1.282167594887338,-0.1542379783840819,0
2.3327433113254754,-0.17950740237384813,0,1.294507111164958,-0.09963648513448657,0
2.3016945233063697,-0.09020350533191407,0,1.325083796556721,-0.05187126222773982,0
2.337726733036219,-5.011317703414552e-15,0,1.3,0.0,0
2.3016945233063626,0.09020350533190005,0,1.325083796556721,0.05187126222773918,0
2.2608151035491755,0.16128119341452124,0,1.352409844500705,0.09647632513066906,0
2.2742258857243893,0.24463084533188081,0,1.331276302514291,0.1431136157671408,0
2.2193646261220197,0.30496120287455697,0,1.365924926147193,0.1875538461863821,0
2.1724267572716065,0.3523048639913354,0,1.396755643454931,0.2264627604478905,0
2.1270073013536464,0.3955260680645475,0,1.427575947573089,0.2653619377813311,0
2.083488584655143,0.4347707329788754,0,1.458388756466627,0.3042270603573749,0
2.041763573875768,0.4705515364929783,0,1.489147238508587,0.3430488879727101,0
2.0019074481739176,0.5031848518373031,0,1.519856723120797,0.3818470441582396,0
1.9639201280610108,0.5329992676662197,0,1.550507023922958,0.4206063910681742,0
1.9276991481344519,0.5603186984323787,0,1.581155651996858,0.4593540746817452,0
1.8933332513552183,0.5854778257376123,0,1.611604626129314,0.4980888529539286,0
1.860637633224323,0.6085610658137479,0,1.642050641708834,0.5367731292190661,0
1.8446367387371994,0.5781769697881627,0,1.690820067663604,0.5296152599148001,0
1.8157677687455958,0.6000241163236253,0,1.721084374820689,0.5683501184756241,0
1.7885245375246037,0.6193620912013846,0,1.751734730267831,0.6062648719815886,0
1.778123623195624,0.5908690006836763,0,1.798901512586206,0.5974646078210556,0
1.7583978721964308,0.6128709605104172,0,1.816713347222051,0.6330250176403864,0
1.7426432548238335,0.6102579965294688,0,1.852361689263655,0.6487764114902576,0
1.7245891582718722,0.6161278749682518,0,1.883088131048731,0.6737797048764504,0
1.722029842659338,-0.7036191906552854,0,1.7850367805236527,-0.7289465041660188,0
1.715031476497681,-0.6809934448082631,0,1.8263860521078545,-0.7248027001288624,0
1.6914683614235806,-0.7023080514281042,0,1.8477590659076775,-0.7653668625933489,0
1.7264490419943928,-0.7290983026289386,0,1.7457336883349845,-0.7369145005194963,0
1.733469592245587,-0.7602414781611715,0,1.6971085224516547,-0.7440312115514952,0
1.7623217377097398,-0.74615921859909,0,1.6666170100788416,-0.7054617558284979,0
1.792741895668919,-0.7309347382284148,0,1.6360853882548125,-0.6669036514610709,0
1.8248728468760267,-0.7143698501353736,0,1.6055394276913755,-0.6283472969829171,0
1.858940515494741,-0.6962243121258734,0,1.5749957551347256,-0.5897173596129558,0
1.8950229085301344,-0.6763167578934598,0,1.5444866858612996,-0.5510415653227038,0
1.9332717032546252,-0.6544594012442553,0,1.5139186190521605,-0.5123478992267807,0
1.9737953927406942,-0.6304275331030653,0,1.4833375594071256,-0.47364393902601115,0
2.0167184748678406,-0.6039784175354203,0,1.452710466980469,-0.43493469488276776,0
2.06220937909502,-0.5747721044239689,0,1.422005495069359,-0.3962420935254303,0
2.1103368186205107,-0.54243424720894,0,1.391185926607087,-0.3574951051507453,0
2.16142186641312,-0.5065261284034754,0,1.360195870698122,-0.31869054320634765,0
2.215067714009652,-0.4663369635789692,0,1.329394721754459,-0.2798303326768243,0
2.271465956011084,-0.4216441195780195,0,1.2985876924889,-0.2409704972819503,0
2.3329386595978443,-0.36778433299759594,0,1.266820787449091,-0.1996744593144415,0
2.3914068898930685,-0.3159187484633278,0,1.237022592969058,-0.16339032309227766,0
2.384326097757031,-0.24252615193054008,0,1.252124005671904,-0.1274315858901813,0
2.404818600578166,-0.17374717581710392,0,1.245307382624987,-0.09005898609444019,0
2.3694733236926697,-0.08422132058660517,0,1.275068861232616,-0.04530777872419264,0
2.409253245865918,-1.6419433848932872e-15,0,1.25,0.0,0
2.369473323692665,0.08422132058659794,0,1.275068861232616,0.04530777872419203,0
2.3327433113254687,0.1795074023738401,0,1.294507111164958,0.09963648513448593,0
2.3325157977379316,0.28065665547618274,0,1.282167594887338,0.1542379783840813,0
2.2749629428485947,0.3319940877121465,0,1.315452553377113,0.1919306221687879,0
2.21964429337135,0.3849817263808506,0,1.347657995702593,0.2337078337063402,0
2.1691222713008664,0.42908017941773435,0,1.378478815375139,0.2725948296956927,0
2.1208586880834366,0.46880278848281354,0,1.40934639815831,0.311441538709004,0
2.074766314553478,0.5047592337370062,0,1.440166094838575,0.3502454745057885,0
2.031013643813932,0.5373268491611034,0,1.470922754221482,0.389018161319468,0
1.9894826238059886,0.566974847457783,0,1.501594527869645,0.4277704117103882,0
1.9501096820380122,0.5939896192885107,0,1.532178596429625,0.466497961770998,0
1.9127745668274891,0.6186242788546772,0,1.562763659129122,0.5052166796183266,0
1.877397243854408,0.6412175117739876,0,1.593275821254593,0.5439459904452804,0
1.8439553574742467,0.6619323047255617,0,1.623712570349181,0.5826153788396269,0
1.8295543859813268,0.6299113278420376,0,1.672406725120148,0.5754924991335434,0
1.8000583730919895,0.6492653955817655,0,1.703045273114847,0.613966134358503,0
1.771981741332511,0.6673064085112654,0,1.733560842117356,0.6525261225288067,0
1.7633302021164747,0.6386193402216217,0,1.779506968750459,0.6441707834095809,0
1.7379421051788289,0.6551090216912283,0,1.810965046071109,0.6824658404162989,0
1.727277503738698,0.6421909192788381,0,1.849010506920463,0.6872964747462744,0
1.7085702253018809,0.6599996775311571,0,1.865985598442715,0.7197900710654331,0
1.6982910504846467,-0.725452437149724,0,1.8031962761698495,-0.7692677476283025,0
1.6736680352296798,-0.7437439585947893,0,1.8284195122836866,-0.8104826260323443,0
1.7039832812976123,-0.7473270958332803,0,1.7642356600390237,-0.7730950325326004,0
1.7060787744902057,-0.7733182287947811,0,1.7275986306707736,-0.7825891545040655,0
1.7114474873964736,-0.8053585495265767,0,1.6789596856065516,-0.7897304639994511,0
1.740474508688942,-0.7932401344593003,0,1.6484669721813265,-0.751161876250581,0
1.7710615511586956,-0.7801298263573524,0,1.6179564319250015,-0.7125933238871933,0
1.803503531613258,-0.7659338775079505,0,1.5873789228274555,-0.6740613245801412,0
1.8379245286620447,-0.7503441468296903,0,1.5568159013798886,-0.6354759842480169,0
1.8745077359626339,-0.7331438083873966,0,1.5262651688857536,-0.5968441469997998,0
1.9134243455112159,-0.7141892501476038,0,1.4957010917114446,-0.5581773160330774,0
1.9548315038032045,-0.6932804760913792,0,1.4651228610774725,-0.5194966514366279,0
1.9988802665417016,-0.6700910041181951,0,1.4345188498682666,-0.48081418966765577,0
2.045702566972337,-0.6444174180483605,0,1.403871147572577,-0.442150493076743,0
2.095760026322821,-0.6159932575077162,0,1.372927970335845,-0.40345861949465645,0
2.1489586783788655,-0.5841331800221757,0,1.3420197378988,-0.36474329295742725,0
2.2053276236891297,-0.5483215606674811,0,1.311171485813903,-0.3259376089370233,0
2.26517747820099,-0.507899441017485,0,1.280334932435385,-0.28705102771591157,0
2.3282371288774724,-0.4625291072834953,0,1.249549437856368,-0.2482259534438104,0
2.3945504076713138,-0.4115245062968971,0,1.218831323605658,-0.20947580326456394,0
2.463383929362599,-0.3559590821563007,0,1.18818522569068,-0.17171886473413966,0
2.447554414747454,-0.2614264077630039,0,1.210010914357945,-0.12933259887127146,0
2.4829243694960383,-0.18272059251009912,0,1.197018626328959,-0.0880922192347092,0
2.4462793487478045,-0.08994042912076156,0,1.224253813538292,-0.04504518356511859,0
2.4898526405046986,-1.2701623762562003e-15,0,1.2,0.0,0
2.4462793487478125,0.08994042912074603,0,1.224253813538292,0.04504518356511801,0
2.404818600578147,0.1737471758171205,0,1.245307382624987,0.09005898609443957,0
2.384326097756964,0.24252615193051172,0,1.252124005671904,0.1274315858901807,0
2.391406889893096,0.3159187484633027,0,1.237022592969058,0.1633903230922771,0
2.3329386595978487,0.367784332997588,0,1.266820787449091,0.1996744593144409,0
2.2714659560110313,0.4216441195780086,0,1.2985876924889,0.2409704972819497,0
2.2150677140096326,0.4663369635789282,0,1.329394721754459,0.2798303326768236,0
2.1614218664130664,0.5065261284034663,0,1.360195870698122,0.318690543206347,0
2.1103368186204503,0.5424342472089126,0,1.391185926607087,0.3574951051507446,0
2.0622093790949734,0.5747721044239373,0,1.422005495069359,0.3962420935254296,0
2.016718474867783,0.6039784175354211,0,1.452710466980469,0.434934694882767,0
1.97379539274069,0.6304275331030269,0,1.483337559407126,0.4736439390260104,0
1.9332717032545355,0.6544594012442262,0,1.513918619052161,0.51234789922678,0
1.8950229085300963,0.6763167578934198,0,1.5444866858613,0.5510415653227029,0
1.8589405154947074,0.6962243121258613,0,1.574995755134726,0.5897173596129549,0
1.824872846875978,0.7143698501353863,0,1.605539427691376,0.6283472969829162,0
1.8122628516436763,0.6808065023437007,0,1.654241110032184,0.6212006986037426,0
1.7822191185068132,0.6981621357237313,0,1.684779426974019,0.6597575088839311,0
1.753711915344334,0.7141655050647079,0,1.715279882644368,0.6983203083882776,0
1.746220859475523,0.6845448263470896,0,1.761749425910945,0.6903421262742439,0
1.7220298426592735,0.7036191906552587,0,1.785036780523653,0.7289465041660179,0
1.7150314764976562,0.6809934448082189,0,1.826386052107855,0.7248027001288615,0
1.6914683614235615,0.7023080514280227,0,1.847759065907678,0.765366862593348,0
1.679708659118126,-0.7664027759292479,0,1.7848688434964366,-0.8130398910836054,0
1.6548357200769592,-0.7847530606916404,0,1.8079785871308685,-0.8551101849915406,0
1.6837128135426973,-0.7902567267776345,0,1.7449471571492545,-0.81811774217729,0
1.6845728708021737,-0.8170538022409907,0,1.7081406940588746,-0.8277856665208868,0
1.6879091526330416,-0.8495177173211723,0,1.6608108080159196,-0.8354356381176832,0
1.7167436819313828,-0.8393483135362684,0,1.6303125295994736,-0.7968609085091011,0
1.747375464556931,-0.828396311075149,0,1.5997660774763316,-0.7583295788868957,0
1.7798843021416468,-0.8164828599056845,0,1.5692109021911707,-0.7197947969313147,0
1.8144384929092572,-0.8033874123343075,0,1.5386390392957157,-0.6812500419346343,0
1.8513198514578164,-0.788909686710222,0,1.5080911209063426,-0.6426195207666954,0
1.8906557549550806,-0.7729243695437616,0,1.4775185379453735,-0.6039782597480696,0
1.9326450478286845,-0.755165296349968,0,1.4469192155108095,-0.5653297100242308,0
1.9774836248802055,-0.7354021705748163,0,1.4163189620861556,-0.5266645463085138,0
2.0254203130098802,-0.7133481161323778,0,1.3857110115418305,-0.4879862440859434,0
2.0766653065138625,-0.6888044130857096,0,1.354955575942247,-0.4493858238898897,0
2.1319911282045396,-0.6617070841434406,0,1.323529938924999,-0.4107349083677039,0
2.190478736121984,-0.6302927391593313,0,1.29298200387834,-0.37200982343458705,0
2.252658516326965,-0.5948720967905176,0,1.26246205337039,-0.33336682103573345,0
2.319236404038034,-0.5547617543980112,0,1.231677909434284,-0.2945843449848364,0
2.390274925158906,-0.5090058267162422,0,1.20081514108489,-0.25569214394846734,0
2.465519456153829,-0.4569251406006689,0,1.169802319917377,-0.21669359675775685,0
2.545476771842755,-0.3975644342520062,0,1.139060617110101,-0.17799644833867764,0
2.532223804963058,-0.27381217561669713,0,1.161007384923481,-0.12557428605446094,0
2.552356149989493,-0.1726162669302581,0,1.159499000354933,-0.07832031644348103,0
2.528259412153987,-0.09182561673003974,0,1.176337163535087,-0.042688991665125055,0
2.5812196515055805,2.3700410994499963e-15,0,1.15,0.0,0
2.5282594121539734,0.09182561673002773,0,1.176337163535087,0.0426889916651245,0
2.48292436949602,0.18272059251006226,0,1.197018626328959,0.08809221923470861,0
2.4475544147473958,0.26142640776299175,0,1.210010914357945,0.1293325988712709,0
2.463383929362573,0.35595908215631067,0,1.18818522569068,0.1717188647341391,0
2.3945504076712942,0.4115245062968634,0,1.218831323605658,0.2094758032645634,0
2.3282371288773946,0.46252910728349717,0,1.249549437856368,0.2482259534438098,0
2.2651774782009717,0.5078994410174469,0,1.280334932435385,0.2870510277159109,0
2.2053276236890245,0.5483215606674645,0,1.311171485813903,0.3259376089370226,0
2.1489586783788885,0.584133180022121,0,1.3420197378988,0.3647432929574266,0
2.0957600263227643,0.6159932575077223,0,1.372927970335845,0.4034586194946558,0
2.045702566972329,0.6444174180483373,0,1.403871147572577,0.4421504930767423,0
1.9988802665416185,0.6700910041181775,0,1.434518849868267,0.480814189667655,0
1.954831503803176,0.6932804760913591,0,1.465122861077473,0.5194966514366273,0
1.9134243455111593,0.7141892501475897,0,1.495701091711445,0.5581773160330767,0
1.8745077359625635,0.7331438083873371,0,1.526265168885754,0.5968441469997992,0
1.8379245286620034,0.75034414682962,0,1.556815901379889,0.635475984248016,0
1.8035035316131807,0.7659338775079217,0,1.587378922827456,0.6740613245801403,0
1.792741895668879,0.7309347382284022,0,1.636085388254813,0.66690365146107,0
1.7623217377097085,0.746159218599052,0,1.666617010078842,0.705461755828497,0
1.733469592245528,0.760241478161153,0,1.697108522451655,0.7440312115514943,0
1.726449041994346,0.7290983026289246,0,1.745733688334985,0.7369145005194954,0
1.7039832812976383,0.747327095833251,0,1.764235660039024,0.7730950325325995,0
1.6982910504846398,0.7254524371496853,0,1.80319627616985,0.7692677476283016,0
1.6736680352297035,0.743743958594725,0,1.828419512283687,0.8104826260323434,0
1.6596335866918028,-0.8086778570618443,0,1.7635396326281556,-0.8579788665175606,0
1.6350627683238288,-0.824930964289938,0,1.7864486032744515,-0.8992226575541578,0
1.6644526873517653,-0.830166177354144,0,1.7248551399105945,-0.8591907170320685,0
1.6605914104896562,-0.8590028719765849,0,1.6913182881099476,-0.8740028702202599,0
1.640975419584891,-0.8544972652006574,0,1.7307615682818225,-0.8999310898600803,0
1.6143460830682346,-0.8645270929109335,0,1.7638425294879057,-0.942793472171773,0
1.6628337264404944,-0.8925987960011368,0,1.6425687100191535,-0.8811106293778762,0
1.691403728287191,-0.8842896693615493,0,1.6121746101227337,-0.8425750126353116,0
1.7218122833726892,-0.8754056240514283,0,1.5816391289494836,-0.8040236174141521,0
1.7541383215950825,-0.8658160751317487,0,1.5510105000115366,-0.765542950329032,0
1.7886558966344834,-0.8552336447821974,0,1.5204563177716977,-0.7270171515897219,0
1.8256029871486443,-0.8434654414923728,0,1.4898868487216936,-0.6883693530345417,0
1.86506809349875,-0.830314829531335,0,1.4593570135546816,-0.6497186334191423,0
1.9073112920438795,-0.8158468837985599,0,1.4287414852392355,-0.6111480800637333,0
1.9526655264230173,-0.7994949323770811,0,1.3981753524001066,-0.5724530245671209,0
2.001303091477281,-0.7812381916519947,0,1.3675109742324736,-0.5338238125609351,0
2.0534330476197016,-0.7606195522838053,0,1.3369108528425806,-0.4951911373704608,0
2.1093814913483446,-0.7375215720335072,0,1.306253376497412,-0.4566925259191867,0
2.1700699564704053,-0.7114625851125367,0,1.275054457792381,-0.41801516123934335,0
2.234446308462563,-0.6812219976573026,0,1.244579455981317,-0.37941260423677264,0
2.3035570780307313,-0.6467674270186768,0,1.214071734541909,-0.34085187677137185,0
2.3782578616105483,-0.6069153354120252,0,1.183185460292307,-0.30191877465518885,0
2.4595909810501677,-0.5610517374050787,0,1.151639946060103,-0.26269009724273085,0
2.5491362182724573,-0.5051191810129455,0,1.119217208372746,-0.2219181023196478,0
2.6334399698761204,-0.4474164903331814,0,1.090105394089912,-0.1851149194159325,0
2.6242049692979057,-0.3286375808798015,0,1.110125723683732,-0.1389206169274558,0
2.6143175972355763,-0.2156512706385986,0,1.125473753467015,-0.09303786996718265,0
2.626493361106721,-0.1038399600426675,0,1.125704394314883,-0.04452201022262506,0
2.6836109732116444,4.386726346244884e-16,0,1.1,0.0,0
2.6264933611066708,0.10383996004263464,0,1.125704394314883,0.04452201022262452,0
2.5523561499894876,0.1726162669302157,0,1.159499000354933,0.07832031644348048,0
2.5322238049630683,0.2738121756167058,0,1.161007384923481,0.1255742860544604,0
2.5454767718426963,0.3975644342520099,0,1.139060617110101,0.1779964483386771,0
2.465519456153815,0.4569251406006605,0,1.169802319917377,0.2166935967577563,0
2.3902749251588737,0.509005826716242,0,1.20081514108489,0.2556921439484667,0
2.3192364040380222,0.5547617543980148,0,1.231677909434284,0.2945843449848357,0
2.2526585163269583,0.594872096790543,0,1.26246205337039,0.3333668210357328,0
2.1904787361219884,0.6302927391593436,0,1.29298200387834,0.3720098234345864,0
2.1319911282044597,0.6617070841434284,0,1.323529938924999,0.4107349083677032,0
2.0766653065138243,0.6888044130856498,0,1.354955575942247,0.449385823889889,0
2.0254203130097825,0.7133481161323658,0,1.385711011541831,0.4879862440859427,0
1.9774836248802183,0.7354021705747854,0,1.416318962086156,0.5266645463085131,0
1.932645047828588,0.7551652963499661,0,1.44691921551081,0.5653297100242302,0
1.890655754955068,0.772924369543748,0,1.477518537945374,0.603978259748069,0
1.8513198514578306,0.7889096867102428,0,1.508091120906343,0.6426195207666947,0
1.814438492909185,0.8033874123343228,0,1.538639039295716,0.6812500419346335,0
1.7798843021416497,0.816482859905629,0,1.569210902191171,0.7197947969313138,0
1.7710615511586787,0.7801298263573357,0,1.617956431925002,0.7125933238871924,0
1.7404745086889044,0.7932401344592959,0,1.648466972181327,0.7511618762505801,0
1.7114474873964738,0.8053585495265629,0,1.678959685606552,0.7897304639994502,0
1.7060787744901822,0.7733182287947346,0,1.727598630670774,0.7825891545040646,0
1.6837128135426584,0.7902567267775708,0,1.744947157149255,0.8181177421772892,0
1.6797086591181092,0.7664027759292313,0,1.784868843496437,0.8130398910836045,0
1.6548357200769863,0.7847530606915554,0,1.807978587130869,0.8551101849915397,0
1.6362213323914656,-0.9004056642128088,0,1.6726070337701626,-0.9194998606407799,0
1.617183613919701,-0.8937404682452502,0,1.7137354912669875,-0.9455526259126602,0
1.5927038573301238,-0.9039435639498277,0,1.7401739829686225,-0.9857963831335157,0
1.6644867090134456,-0.9279394717540367,0,1.5939976476546096,-0.8882857332060522,0
1.6363615104932743,-0.934303576483363,0,1.6243953774495605,-0.9268313180137049,0
1.694422167305602,-0.9211221178908555,0,1.5635036541434526,-0.8498033120769787,0
1.726399168365616,-0.9138271243750844,0,1.5328851976495506,-0.8113683523643557,0
1.7606590565977238,-0.9057193804462009,0,1.5022731639555225,-0.7728279241216158,0
1.797396664664957,-0.8965634969201796,0,1.4716750845600455,-0.7341582533156208,0
1.8368461576439183,-0.886299629434535,0,1.4411258387087715,-0.6954271158278544,0
1.8792022351200106,-0.8748552999112945,0,1.4105440308590096,-0.6567185461126077,0
1.9246329217492397,-0.8619422507521748,0,1.3800047173256655,-0.6180801027467784,0
1.973548187561496,-0.8475234645762805,0,1.3493514221344456,-0.5794975307215886,0
2.026248502136017,-0.831184333744805,0,1.3187041651600195,-0.5409604740435416,0
2.083079878511409,-0.8123789168165269,0,1.2880914710239866,-0.5023621380309774,0
2.144434334127615,-0.7910639825802123,0,1.2573541431005446,-0.4638327627957058,0
2.2107653167916634,-0.7664746722685486,0,1.22664057319337,-0.42527942044841716,0
2.282051057234596,-0.7375746887228702,0,1.196216777394312,-0.38663674633292666,0
2.3588999591087823,-0.7037839516392803,0,1.165918470710803,-0.34784616906804783,0
2.444310980866596,-0.6645797628348434,0,1.134335909489621,-0.30843696583189917,0
2.53735426782966,-0.6194767604792035,0,1.102146110577886,-0.2689126544016169,0
2.6629056085667244,-0.5519787043533099,0,1.062548862481097,-0.2201008977611723,0
2.7635522524267997,-0.4769528578909555,0,1.034882314224999,-0.1787543290553127,0
2.707622170463415,-0.37523298654863174,0,1.069478001292287,-0.1484540183781494,0
2.705117037017117,-0.26676741484017014,0,1.080429989578334,-0.10665909930212132,0
2.6883891070806305,-0.1755165254805102,0,1.092899391922077,-0.07124812390196239,0
2.738054395089387,-0.09734708394064093,0,1.076057135607035,-0.03794113986174125,0
2.8090120995996286,-2.4582862521849917e-14,0,1.05,0.0,0
2.7380543950893297,0.09734708394064999,0,1.076057135607035,0.03794113986174073,0
2.6883891070806514,0.17551652548049487,0,1.092899391922077,0.07124812390196186,0
2.6143175972355746,0.21565127063859277,0,1.125473753467015,0.0930378699671821,0
2.624204969297935,0.32863758087978556,0,1.110125723683732,0.1389206169274553,0
2.633439969876056,0.44741649033316633,0,1.090105394089912,0.185114919415932,0
2.549136218272441,0.5051191810129236,0,1.119217208372746,0.2219181023196473,0
2.4595909810501446,0.5610517374050515,0,1.151639946060103,0.2626900972427303,0
2.378257861610508,0.606915335412023,0,1.183185460292307,0.3019187746551883,0
2.3035570780306776,0.6467674270186449,0,1.214071734541909,0.3408518767713712,0
2.2344463084624797,0.6812219976572554,0,1.244579455981317,0.379412604236772,0
2.1700699564703636,0.7114625851125126,0,1.275054457792381,0.4180151612393427,0
2.109381491348306,0.7375215720335284,0,1.306253376497412,0.456692525919186,0
2.053433047619671,0.7606195522837988,0,1.336910852842581,0.4951911373704601,0
2.001303091477271,0.7812381916519601,0,1.367510974232474,0.5338238125609345,0
1.9526655264229364,0.7994949323770784,0,1.398175352400107,0.5724530245671202,0
1.9073112920438766,0.8158468837985405,0,1.428741485239236,0.6111480800637327,0
1.8650680934986938,0.830314829531295,0,1.459357013554682,0.6497186334191416,0
1.8256029871485846,0.8434654414923395,0,1.489886848721694,0.688369353034541,0
1.7886558966344672,0.855233644782189,0,1.520456317771698,0.7270171515897212,0
1.754138321595054,0.8658160751317217,0,1.551010500011537,0.7655429503290311,0
1.747375464556897,0.8283963110751354,0,1.599766077476332,0.7583295788868948,0
1.7167436819313793,0.8393483135362485,0,1.630312529599474,0.7968609085091002,0
1.687909152633038,0.849517717321147,0,1.66081080801592,0.8354356381176823,0
1.6845728708021932,0.8170538022409872,0,1.708140694058875,0.8277856665208859,0
1.6644526873517878,0.8301661773541359,0,1.724855139910595,0.8591907170320676,0
1.6596335866918326,0.8086778570617829,0,1.763539632628156,0.8579788665175597,0
1.6350627683238301,0.8249309642898852,0,1.786448603274452,0.8992226575541569,0
1.6093738403145068,-0.9401376461340445,0,1.6559416314185726,-0.9663101389930697,0
1.593085213622652,-0.9292235769515163,0,1.6991428932856925,-0.9894170658473578,0
1.569825099001332,-0.9430462630848652,0,1.7154572207127337,-1.028205487198227,0
1.63612294101182,-0.9701869367813304,0,1.5758482220911896,-0.9340245002836751,0
1.6090375166297781,-0.9751764865913025,0,1.6049907924632036,-0.9720817765919004,0
1.6654417399783676,-0.9654228126817158,0,1.5453504217494265,-0.8956190673038176,0
1.6968829969549462,-0.9603262094984645,0,1.5147111735839165,-0.8571680851395627,0
1.7305978892354072,-0.9545800599145998,0,1.4840822675570926,-0.818648633761714,0
1.7668989363590881,-0.9481012285256847,0,1.4534890869163746,-0.7800071014681171,0
1.8060825188838592,-0.9407264738650264,0,1.4228288626328176,-0.7411879728250123,0
1.8482541013417133,-0.9322913665668562,0,1.3921893495941926,-0.7023420324961619,0
1.8936653146375484,-0.9227468003830951,0,1.3615979945818195,-0.6635659615862544,0
1.9424867231297422,-0.912125426095955,0,1.3309994190427195,-0.6250597025248635,0
1.9951549171112906,-0.8998946877697458,0,1.3004422055586016,-0.5866113877317999,0
2.0523533791818576,-0.8855941440931577,0,1.2698873600378846,-0.5480006094351322,0
2.114296098153733,-0.8691170931755601,0,1.2393250274103265,-0.5094748583675281,0
2.1815496724338486,-0.8498580275761721,0,1.2087065395314416,-0.47089853238074897,0
2.2545234402022283,-0.827277685979594,0,1.17814637607091,-0.432318710221019,0
2.333752865301679,-0.800255417150895,0,1.147775132252832,-0.39359265178888597,0
2.4198295816850948,-0.7688440493759576,0,1.117213305089129,-0.35495753549541964,0
2.517950071246099,-0.7278181929740497,0,1.085639809860739,-0.31370862659348236,0
2.632875702791037,-0.6735263322537947,0,1.051901303151065,-0.26902545227753855,0
2.7544537774841245,-0.6137197905767074,0,1.018488388592635,-0.22658593868666285,0
2.8863616606370885,-0.5727324703646225,0,0.9807852803022051,-0.19509032252401745,0
2.9104411862393413,-0.43283196837474813,0,0.989176509908181,-0.14673047483692844,0
2.802020112617009,-0.33801632188538105,0,1.035561018515463,-0.1250131795732461,0
2.8022325873980676,-0.20083706119725728,0,1.045564283086771,-0.07526093772213023,0
2.831387930683098,-0.09992189395218855,0,1.036541042540306,-0.03720598610672313,0
2.9433475115758285,-1.7794084550682217e-14,0,1.0,0.0,0
2.831387930683113,0.09992189395217323,0,1.036541042540306,0.03720598610672263,0
2.802232587398034,0.20083706119727496,0,1.045564283086771,0.07526093772212973,0
2.7051170370171347,0.2667674148401397,0,1.080429989578334,0.1066590993021208,0
2.707622170463408,0.3752329865486192,0,1.069478001292287,0.1484540183781489,0
2.763552252426779,0.4769528578909217,0,1.034882314224999,0.1787543290553122,0
2.662905608566712,0.551978704353306,0,1.062548862481097,0.2201008977611718,0
2.5373542678295773,0.6194767604791831,0,1.102146110577886,0.2689126544016163,0
2.4443109808665384,0.6645797628347916,0,1.134335909489621,0.3084369658318986,0
2.3588999591087227,0.7037839516392491,0,1.165918470710803,0.3478461690680473,0
2.2820510572345674,0.7375746887228676,0,1.196216777394312,0.386636746332926,0
2.210765316791637,0.7664746722685224,0,1.22664057319337,0.4252794204484165,0
2.144434334127547,0.791063982580171,0,1.257354143100545,0.4638327627957051,0
2.0830798785113545,0.8123789168165002,0,1.288091471023987,0.5023621380309767,0
2.0262485021359713,0.8311843337447994,0,1.31870416516002,0.540960474043541,0
1.9735481875614265,0.8475234645762393,0,1.349351422134446,0.5794975307215879,0
1.9246329217491827,0.8619422507521268,0,1.380004717325666,0.6180801027467777,0
1.8792022351199846,0.8748552999112684,0,1.41054403085901,0.656718546112607,0
1.8368461576438766,0.8862996294345188,0,1.441125838708772,0.6954271158278538,0
1.7973966646648984,0.8965634969201508,0,1.471675084560046,0.7341582533156201,0
1.7606590565977136,0.9057193804461462,0,1.502273163955523,0.7728279241216152,0
1.7263991683655886,0.9138271243750868,0,1.532885197649551,0.811368352364355,0
1.7218122833726568,0.8754056240513803,0,1.581639128949484,0.8040236174141512,0
1.6914037282871888,0.8842896693615095,0,1.612174610122734,0.8425750126353108,0
1.6628337264404962,0.8925987960011003,0,1.642568710019154,0.8811106293778753,0
1.6605914104896717,0.8590028719765519,0,1.691318288109948,0.874002870220259,0
1.6409754195849138,0.8544972652006289,0,1.730761568281823,0.8999310898600794,0
1.6143460830682503,0.864527092910901,0,1.763842529487906,0.9427934721717721,0
1.575625316300293,-0.9646644827198283,0,1.6704061400615455,-1.0212206939993158,0
1.5827975161163872,-0.9843555855698422,0,1.6280614410320036,-1.0115633038189709,0
1.5802725083763227,-1.0148740383210284,0,1.5851330528217205,-1.017297515329052,0
1.6064267226217814,-1.0109116488861516,0,1.5574678926984256,-0.9796895472987074,0
1.635050837056997,-1.0081033089942588,0,1.5271011452976295,-0.9413242710186296,0
1.6656265091365785,-1.0051490332550785,0,1.4965668492416895,-0.903042482575122,0
1.698680235794696,-1.0018083737102499,0,1.4658786511622857,-0.8645266627553889,0
1.734322763545612,-0.9978565418340368,0,1.4352804068839136,-0.8258666057212557,0
1.772827610802207,-0.9932502824417202,0,1.4045887967937636,-0.7870549657684804,0
1.8145154704855602,-0.9879204387290197,0,1.3738845269642006,-0.7481303406665698,0
1.85957549838282,-0.9817759754350609,0,1.3431817133480795,-0.7092503176796291,0
1.9080795704109454,-0.9747016254320257,0,1.3125686756354205,-0.6705983158359083,0
1.9605791449286594,-0.9665337324684126,0,1.2819741079706175,-0.6320833254418012,0
2.017656260727167,-0.9567739860175739,0,1.2514551744481706,-0.5935099122618291,0
2.0797253382944936,-0.9451020699137561,0,1.2209649577838946,-0.5549153801891835,0
2.1470984433991327,-0.9312609576107399,0,1.1906237762489835,-0.516456567555359,0
2.2207984061962605,-0.9148699667004462,0,1.1601088432316395,-0.47796116122522647,0
2.3013834895396217,-0.8950792446194241,0,1.129577386148076,-0.43935936165323153,0
2.389532279148925,-0.8712001064134245,0,1.099042127797138,-0.40074244350015287,0
2.485539727645613,-0.8425083670058419,0,1.068640649642659,-0.36222177997824534,0
2.5993651586479807,-0.8002137748743047,0,1.036812870402047,-0.31916327536641215,0
2.722133543895562,-0.7561592293489326,0,1.004197890929559,-0.27894065046113525,0
2.853547764620166,-0.7142379501904178,0,0.9700312530284169,-0.24298018056648005,0
1.546045632717624,-0.9814031542657883,0,1.6897071311446916,-1.0699952387551899,0
2.9282184406729947,-0.2874354467306176,0,0.9951847266485508,-0.09801714056964315,0
2.939438359656037,-0.14678820512108193,0,0.998795456200073,-0.049067674431218185,0
2.9394383596560436,0.14678820512106405,0,0.998795456200073,0.04906767443121771,0
2.928218440672962,0.2874354467306487,0,0.9951847266485508,0.09801714056964266,0
2.8020201126170043,0.3380163218853446,0,1.035561018515463,0.1250131795732456,0
2.910441186239324,0.4328319683746781,0,0.989176509908181,0.146730474836928,0
2.8863616606371068,0.5727324703646047,0,0.9807852803022051,0.195090322524017,0
2.7544537774840734,0.6137197905766858,0,1.018488388592635,0.2265859386866624,0
2.632875702791001,0.6735263322537938,0,1.051901303151065,0.269025452277538,0
2.5179500712461,0.7278181929740546,0,1.085639809860739,0.3137086265934818,0
2.4198295816850712,0.7688440493759726,0,1.117213305089129,0.3549575354954191,0
2.3337528653016477,0.8002554171508937,0,1.147775132252832,0.3935926517888854,0
2.254523440202186,0.8272776859795774,0,1.17814637607091,0.4323187102210184,0
2.181549672433795,0.8498580275761637,0,1.208706539531442,0.4708985323807483,0
2.1142960981536985,0.869117093175541,0,1.239325027410327,0.5094748583675275,0
2.0523533791818123,0.8855941440931151,0,1.269887360037885,0.5480006094351315,0
1.9951549171112484,0.8998946877697305,0,1.300442205558602,0.5866113877317992,0
1.942486723129713,0.9121254260959728,0,1.33099941904272,0.6250597025248629,0
1.8936653146375306,0.9227468003830631,0,1.36159799458182,0.6635659615862537,0
1.8482541013416527,0.9322913665668204,0,1.392189349594193,0.7023420324961612,0
1.806082518883827,0.940726473865005,0,1.422828862632818,0.7411879728250116,0
1.7668989363591145,0.948101228525688,0,1.453489086916375,0.7800071014681165,0
1.7305978892353737,0.9545800599145734,0,1.484082267557093,0.8186486337617134,0
1.6968829969549377,0.9603262094984086,0,1.514711173583917,0.857168085139562,0
1.6944221673056103,0.9211221178908295,0,1.563503654143453,0.8498033120769778,0
1.6644867090134379,0.927939471753991,0,1.59399764765461,0.8882857332060513,0
1.6363615104932963,0.9343035764833257,0,1.624395377449561,0.926831318013704,0
1.6362213323914634,0.9004056642127564,0,1.672607033770163,0.919499860640779,0
1.6171836139197058,0.8937404682452051,0,1.713735491266988,0.9455526259126593,0
1.59270385733014,0.9039435639497767,0,1.740173982968623,0.9857963831335148,0
1.552218354223901,-1.0029267669604305,0,1.6429902325305346,-1.0603868659140898,0
1.5217087822822224,-1.0185302990981402,0,1.6629392252347375,-1.1111404650968708,0
1.5573542250247658,-1.0224291460896313,0,1.6043549483657265,-1.052385987688947,0
1.5504218000335876,-1.0520178736563206,0,1.5669904136450437,-1.0625045965475,0
1.5757132042366382,-1.0504358909401137,0,1.5386438064223475,-1.025231410129671,0
1.603427807149351,-1.0490479576825897,0,1.5089024547528156,-0.9868807959089338,0
1.6331743954515825,-1.0481058419298503,0,1.4783664840118256,-0.9486054715424812,0
1.6650788484549632,-1.0471629273497032,0,1.4476947879023516,-0.9104239655038603,0
1.6998093556879883,-1.0456389306918474,0,1.4170391448831956,-0.8717536437363371,0
1.7373885731437684,-1.0437859586634906,0,1.3863816745637365,-0.8330089197864614,0
1.7781775974582683,-1.0414765768710708,0,1.3556682228015366,-0.7941288541434659,0
1.8223455262960795,-1.0385757021221114,0,1.3249485041973295,-0.7552346740026511,0
1.8702919283112776,-1.0350516914712642,0,1.2942565448041976,-0.7163847937734598,0
1.9223368254266848,-1.0307727515353537,0,1.2635915672346596,-0.677656401580427,0
1.9789065412110785,-1.0255001290412666,0,1.2329549199999386,-0.6390321440222394,0
2.0405799885847906,-1.0186174318581387,0,1.2025871732685856,-0.6003896438029145,0
2.1078635567510453,-1.0102249974565558,0,1.1722197755310895,-0.5618783883164296,0
2.1811510199341466,-1.0000486862688602,0,1.1419135844831616,-0.5236219767656431,0
2.262186339777953,-0.9872394931767674,0,1.1114046269006415,-0.48508230693625237,0
2.351348842008993,-0.971311958000772,0,1.080841708765238,-0.4465283043579731,0
2.449174024717259,-0.9511972548452422,0,1.050449362035585,-0.40801797593576017,0
2.5597653733452037,-0.9239255193829298,0,1.019673849172359,-0.36804582227001265,0
2.682053235292653,-0.8909488958956411,0,0.9886217685443468,-0.3284235297700597,0
2.815337234818008,-0.853856277932901,0,0.956940335495227,-0.29028467803568697,0
2.853547764620139,0.7142379501904079,0,0.9700312530284171,0.2429801805664796,0
2.722133543895552,0.7561592293489234,0,1.004197890929559,0.2789406504611347,0
2.5993651586479474,0.8002137748743045,0,1.036812870402047,0.3191632753664116,0
2.485539727645543,0.8425083670058247,0,1.068640649642659,0.3622217799782448,0
2.3895322791488764,0.8712001064133872,0,1.099042127797138,0.4007424435001523,0
2.30138348953957,0.8950792446194128,0,1.129577386148076,0.439359361653231,0
2.2207984061962422,0.914869966700436,0,1.16010884323164,0.4779611612252259,0
2.1470984433991025,0.9312609576107503,0,1.190623776248984,0.5164565675553583,0
2.0797253382944443,0.9451020699137666,0,1.220964957783895,0.5549153801891828,0
2.0176562607271427,0.9567739860175514,0,1.251455174448171,0.5935099122618285,0
1.9605791449286136,0.9665337324683841,0,1.281974107970618,0.6320833254418006,0
1.90807957041091,0.9747016254320119,0,1.312568675635421,0.6705983158359077,0
1.8595754983827852,0.981775975435062,0,1.34318171334808,0.7092503176796284,0
1.8145154704855309,0.9879204387290031,0,1.373884526964201,0.7481303406665691,0
1.7728276108021872,0.993250282441659,0,1.404588796793764,0.7870549657684798,0
1.7343227635455594,0.9978565418339916,0,1.435280406883914,0.825866605721255,0
1.6986802357947002,1.0018083737102328,0,1.465878651162286,0.8645266627553883,0
1.6656265091365794,1.005149033255044,0,1.49656684924169,0.9030424825751213,0
1.6654417399783674,0.9654228126816942,0,1.545350421749427,0.8956190673038167,0
1.6361229410118387,0.9701869367813015,0,1.57584822209119,0.9340245002836742,0
1.6090375166297854,0.9751764865912458,0,1.604990792463204,0.9720817765918995,0
1.6093738403145412,0.9401376461340144,0,1.655941631418573,0.9663101389930688,0
1.5930852136226752,0.9292235769514824,0,1.699142893285693,0.9894170658473569,0
1.569825099001341,0.9430462630848392,0,1.715457220712734,1.028205487198226,0
1.5269959357586456,-1.0492619295550571,0,1.6016822578634726,-1.099540359528465,0
1.4966974425656585,-1.0548286770672153,0,1.6351696268830727,-1.1516163820122889,0
1.5188136237499048,-1.0870228221559861,0,1.5512908151674176,-1.1093851536719468,0
1.5436180859910023,-1.08788558232422,0,1.5208376012295794,-1.071187152936918,0
1.5705887934301481,-1.088488724844704,0,1.4905333235896976,-1.0326154472307318,0
1.599571403580486,-1.0891675226929984,0,1.4600508181673826,-0.9939633458298474,0
1.6304141064305062,-1.0901414796409397,0,1.4295442800431715,-0.9557742848212273,0
1.6636522478386964,-1.0913624364009074,0,1.3988197810161076,-0.9176465317578052,0
1.7000929728549705,-1.0921270549937887,0,1.3681199568820985,-0.878947400283133,0
1.7396209048610678,-1.0926293802393263,0,1.3374190702461695,-0.8401337787239325,0
1.7826475868948675,-1.0929206199953632,0,1.3066951378897946,-0.8012500756252092,0
1.8294825748016588,-1.092913542371443,0,1.2759793620884516,-0.7623789861215869,0
1.8804609065644884,-1.0923865764316398,0,1.2453013003900395,-0.723538411666666,0
1.9361891195028618,-1.0912917859542635,0,1.2146563958796566,-0.6847226411054841,0
1.997172942165823,-1.0894972657982938,0,1.1839693460500356,-0.6459818153175612,0
2.0639146217370175,-1.0862204629597207,0,1.1536334045363275,-0.607231544635011,0
2.1366871970471166,-1.0815561682010015,0,1.1235534294985556,-0.5688032766987927,0
2.2168393733515486,-1.0758921875214373,0,1.0931193892350886,-0.5305982052874262,0
2.3056274277966367,-1.0677896795064203,0,1.0626625393001545,-0.49221857479215053,0
2.4044638031781638,-1.0571214427943731,0,1.031908809802538,-0.45375032667121235,0
2.513569986011876,-1.0410091549165736,0,1.001866854700305,-0.4149868402147688,0
2.6362081069213192,-1.0185567193562923,0,0.9716515897092131,-0.37546153235482976,0
2.770202883888893,-0.9909376561580486,0,0.9415440648596893,-0.33688985429587076,0
2.8153372348179797,0.853856277932832,0,0.9569403354952272,0.2902846780356865,0
2.6820532352925737,0.8909488958956087,0,0.988621768544347,0.3284235297700591,0
2.5597653733451815,0.9239255193829127,0,1.019673849172359,0.3680458222700121,0
2.449174024717204,0.951197254845261,0,1.050449362035585,0.4080179759357596,0
2.351348842008971,0.9713119580007535,0,1.080841708765238,0.4465283043579725,0
2.262186339777889,0.9872394931767384,0,1.111404626900642,0.4850823069362518,0
2.18115101993407,1.0000486862688107,0,1.141913584483162,0.5236219767656425,0
2.1078635567509947,1.0102249974564985,0,1.17221977553109,0.5618783883164289,0
2.0405799885847404,1.0186174318581327,0,1.202587173268586,0.6003896438029138,0
1.978906541211038,1.0255001290412558,0,1.232954919999939,0.6390321440222387,0
1.9223368254266286,1.0307727515353187,0,1.26359156723466,0.6776564015804263,0
1.8702919283112653,1.03505169147123,0,1.294256544804198,0.7163847937734591,0
1.8223455262960275,1.0385757021220992,0,1.32494850419733,0.7552346740026504,0
1.7781775974582665,1.0414765768710679,0,1.355668222801537,0.7941288541434652,0
1.737388573143765,1.043785958663499,0,1.386381674563737,0.8330089197864607,0
1.6998093556879854,1.0456389306918148,0,1.417039144883196,0.8717536437363365,0
1.6650788484549508,1.0471629273496628,0,1.447694787902352,0.9104239655038596,0
1.6331743954515718,1.0481058419298184,0,1.478366484011826,0.9486054715424805,0
1.635050837056984,1.0081033089941938,0,1.52710114529763,0.9413242710186289,0
1.6064267226217834,1.0109116488860952,0,1.557467892698426,0.9796895472987065,0
1.5802725083763467,1.014874038320984,0,1.585133052821721,1.017297515329051,0
1.5827975161163905,0.9843555855697728,0,1.628061441032004,1.01156330381897,0
1.5756253163003013,0.9646644827197866,0,1.670406140061546,1.021220693999315,0
1.5460456327176697,0.98140315426576,0,1.689707131144692,1.069995238755189,0
1.494509409372147,-1.0871502315872463,0,1.5816588031632806,-1.149486590755376,0
1.4873651038508964,-1.121253310706544,0,1.5331860065540175,-1.154951240642576,0
1.5108007829308572,-1.1236242047394047,0,1.5030160473399445,-1.1171787664099588,0
1.5366213193739742,-1.12604128492269,0,1.4723673738266576,-1.0784979815361528,0
1.5645182301246594,-1.1285784941654866,0,1.4417874534395556,-1.0397778863928309,0
1.594709442685254,-1.131266761655814,0,1.4111741489903105,-1.0009250430854608,0
1.626600661871807,-1.1345132113005867,0,1.3805933683904286,-0.9629108655293452,0
1.6611898008493589,-1.1379814044682226,0,1.3498765079168826,-0.9247762276904183,0
1.6991978990134537,-1.141331244753497,0,1.3191457062150866,-0.886148881806738,0
1.74078768804877,-1.1446275269540915,0,1.2884168824373485,-0.8472911698935415,0
1.786074628367939,-1.1478500024304736,0,1.2576940597915365,-0.8084123219822719,0
1.8356026584276148,-1.1510635480663083,0,1.2269854415297266,-0.7695423575567126,0
1.8898513239783485,-1.1541278221181515,0,1.1963007167111266,-0.7306922949542709,0
1.949369289467951,-1.1568127552660044,0,1.1656636937524196,-0.6918503760138932,0
2.0148306655901522,-1.1588461104456202,0,1.1352268274397046,-0.6530157385484701,0
2.086589001912218,-1.1599893552167595,0,1.1050348978716236,-0.6144161180048073,0
2.1656209513061335,-1.160546637739266,0,1.0747444034304325,-0.5760366303895526,0
2.2528682615164026,-1.1603313008469496,0,1.0443954244305536,-0.5379745258904919,0
2.3512265571558455,-1.1595726002710016,0,1.0131041598173947,-0.4997707221212975,0
2.4618006240988386,-1.1574727040567108,0,0.9813884521041307,-0.46154206204375114,0
2.5840349580190245,-1.143199536875589,0,0.952777303630683,-0.42160120269297785,0
2.7181455959435854,-1.1257407086541642,0,0.9238795320956876,-0.38268343336843463,0
1.4707578849793226,-1.0909240424779232,0,1.6064150634641177,-1.1913986083068828,0
2.7702028838888655,0.9909376561580934,0,0.9415440648596896,0.3368898542958703,0
2.636208106921312,1.018556719356266,0,0.9716515897092133,0.3754615323548292,0
2.513569986011773,1.0410091549165523,0,1.001866854700305,0.4149868402147682,0
2.4044638031781624,1.0571214427943287,0,1.031908809802538,0.4537503266712118,0
2.305627427796579,1.0677896795064397,0,1.062662539300155,0.49221857479215,0
2.216839373351518,1.0758921875214524,0,1.093119389235089,0.5305982052874255,0
2.136687197047074,1.0815561682010109,0,1.123553429498556,0.568803276698792,0
2.0639146217369917,1.0862204629597036,0,1.153633404536328,0.6072315446350103,0
1.9971729421657791,1.089497265798265,0,1.183969346050036,0.6459818153175605,0
1.9361891195028311,1.0912917859542617,0,1.214656395879657,0.6847226411054834,0
1.8804609065644566,1.0923865764316176,0,1.24530130039004,0.7235384116666653,0
1.8294825748016286,1.0929135423714111,0,1.275979362088452,0.7623789861215863,0
1.782647586894854,1.0929206199953365,0,1.306695137889795,0.8012500756252086,0
1.739620904861036,1.0926293802392895,0,1.33741907024617,0.8401337787239318,0
1.7000929728549499,1.0921270549937658,0,1.368119956882099,0.8789474002831323,0
1.6636522478387186,1.0913624364008923,0,1.398819781016108,0.9176465317578045,0
1.6304141064304856,1.0901414796409177,0,1.429544280043172,0.9557742848212266,0
1.599571403580521,1.0891675226929638,0,1.460050818167383,0.9939633458298467,0
1.6034278071493755,1.049047957682551,0,1.508902454752816,0.9868807959089332,0
1.5757132042366555,1.0504358909400586,0,1.538643806422348,1.02523141012967,0
1.5504218000336074,1.0520178736562593,0,1.566990413645044,1.062504596547499,0
1.5573542250247874,1.022429146089581,0,1.604354948365727,1.052385987688946,0
1.5522183542239514,1.0029267669603692,0,1.642990232530535,1.060386865914089,0
1.5217087822822237,1.0185302990980702,0,1.662939225234738,1.11114046509687,0
1.4658852124781263,-1.1209270004603573,0,1.5596798329616686,-1.1918253310997309,0
1.4556191534722933,-1.1542147432450012,0,1.5142806759269245,-1.2000688964965518,0
1.4774653380248448,-1.157727734561258,0,1.4849020148823835,-1.16293511888941,0
1.5019922501169265,-1.1616994496554327,0,1.4543092476129615,-1.124362029709829,0
1.5284659763230903,-1.1660997700521918,0,1.4235540481775786,-1.0857337865222758,0
1.5572262036244606,-1.1706581791925115,0,1.3928581946686636,-1.046918742513807,0
1.5884175933205047,-1.1755043407331724,0,1.3621722235925005,-1.008027093324392,0
1.6214255382341423,-1.1812155214860425,0,1.3315456465566486,-0.9700535395640821,0
1.6572903314439973,-1.1872702064188567,0,1.3009381800132747,-0.9320499721060276,0
1.6970683239044573,-1.193221097657008,0,1.2702721379983346,-0.8932423498421289,0
1.7405355891619188,-1.199766240051444,0,1.2394093715624717,-0.8544583756322541,0
1.7882272413489695,-1.2065076540990698,0,1.2086577201513367,-0.8155845120746195,0
1.8405268841446893,-1.2133905161817822,0,1.1779431754780276,-0.7766946736178237,0
1.8981144710073692,-1.2205127998577159,0,1.1472542932368905,-0.7378053097650462,0
1.9617247619053864,-1.2278397457712338,0,1.1165241435797546,-0.6989262942126997,0
2.031754201577366,-1.2344532193186666,0,1.0862786488067346,-0.6601103463079516,0
2.1092923339855583,-1.2418087383166634,0,1.0556809766282136,-0.621580747929533,0
2.1953861599673656,-1.2489172264218402,0,1.0250348469647776,-0.5832219715065896,0
2.2922740727401427,-1.258765305842492,0,0.9927589581188687,-0.5454051006855598,0
2.4028096159373584,-1.2725646253588985,0,0.9587496398174935,-0.5078971467827027,0
2.5255339239022856,-1.2694168684440597,0,0.930545978546752,-0.46783291156277945,0
2.6596135879230576,-1.2575709742688808,0,0.9039892927095288,-0.42755509430543087,0
1.4435778977831732,-1.126724557732584,0,1.5766928556293016,-1.230463180679341,0
2.7181455959435405,1.1257407086541378,0,0.9238795320956878,0.3826834333684342,0
2.584034958019005,1.1431995368756263,0,0.9527773036306832,0.4216012026929774,0
2.461800624098815,1.1574727040567208,0,0.981388452104131,0.4615420620437506,0
2.3512265571558166,1.1595726002709696,0,1.013104159817395,0.4997707221212969,0
2.252868261516334,1.1603313008469285,0,1.044395424430554,0.5379745258904914,0
2.1656209513060904,1.1605466377392275,0,1.074744403430433,0.5760366303895521,0
2.086589001912228,1.159989355216752,0,1.105034897871624,0.6144161180048067,0
2.0148306655901003,1.1588461104456447,0,1.135226827439705,0.6530157385484694,0
1.9493692894679142,1.1568127552659908,0,1.16566369375242,0.6918503760138925,0
1.8898513239783412,1.1541278221181601,0,1.196300716711127,0.7306922949542702,0
1.8356026584275842,1.1510635480663216,0,1.226985441529727,0.769542357556712,0
1.7860746283678883,1.147850002430434,0,1.257694059791537,0.8084123219822712,0
1.740787688048759,1.1446275269540416,0,1.288416882437349,0.8472911698935408,0
1.6991978990134409,1.1413312447534822,0,1.319145706215087,0.8861488818067373,0
1.6611898008493409,1.137981404468181,0,1.349876507916883,0.9247762276904177,0
1.6266006618717574,1.1345132113005272,0,1.380593368390429,0.9629108655293446,0
1.5947094426852793,1.131266761655749,0,1.411174148990311,1.00092504308546,0
1.56451823012464,1.1285784941654327,0,1.441787453439556,1.03977788639283,0
1.5705887934301566,1.0884887248446735,0,1.490533323589698,1.032615447230731,0
1.543618085991012,1.0878855823241644,0,1.52083760122958,1.071187152936917,0
1.5188136237499408,1.0870228221559177,0,1.551290815167418,1.109385153671946,0
1.5269959357586778,1.049261929554994,0,1.601682257863473,1.099540359528464,0
1.4966974425656923,1.0548286770671746,0,1.635169626883073,1.151616382012288,0
1.4382830482977131,-1.1516785428050589,0,1.5388304607453596,-1.2315959561210519,0
1.4183006301382377,-1.1858553770250537,0,1.4993387059434995,-1.2531333301774619,0
1.442761367825038,-1.1906821180127247,0,1.4662898363627936,-1.2097062774389709,0
1.4667182657939455,-1.1953257049368546,0,1.4362801888545995,-1.170131557713056,0
1.4918125983190287,-1.201137941590903,0,1.4056813628646796,-1.13150889331326,0
1.518860803315477,-1.2078658413307066,0,1.3745837236801295,-1.092961038993989,0
1.548465237952956,-1.2147314344500415,0,1.3438173532298416,-1.0540797085920959,0
1.5806129917232623,-1.2221112894281714,0,1.3130555846502745,-1.0152196336265098,0
1.614710857872106,-1.230255419340829,0,1.2824961388980125,-0.9772008524625796,0
1.6523997963819874,-1.2386915975381616,0,1.2520776212845806,-0.9386685172308541,0
1.6935308688237454,-1.2482280411263698,0,1.2212340356289766,-0.9002239384997027,0
1.7386643059950477,-1.258393993111688,0,1.1903396385189156,-0.8616452898421839,0
1.7886638331101823,-1.268920851865292,0,1.1596041835050916,-0.822759787534362,0
1.8438781445697818,-1.2801661965361044,0,1.1288722858986375,-0.7838470865153422,0
1.9048420534243444,-1.2919512095550454,0,1.0981703627765915,-0.7449331261542017,0
1.9725204384329764,-1.3045256061652872,0,1.0674630612470475,-0.7060440298136837,0
2.047576269586773,-1.3172912004529105,0,1.0370883386700325,-0.6672421139883854,0
2.1318336579802457,-1.3314954977234208,0,1.0059047240256815,-0.628457307379912,0
2.226501203077438,-1.3498222201527372,0,0.9734586599499813,-0.5901000355418007,0
2.3397293878080294,-1.3787159446201702,0,0.936128057485337,-0.5517769301698238,0
2.4582925135584146,-1.391456751534639,0,0.9068094239343709,-0.5137011943355826,0
2.5941178614421347,-1.3866889510764224,0,0.881921263962018,-0.47139673754878353,0
1.4147848089339992,-1.1623224674925903,0,1.5460209070286595,-1.268786567957859,0
2.6596135879230474,1.2575709742688774,0,0.903989292709529,0.4275550943054304,0
2.5255339239022017,1.269416868444065,0,0.9305459785467523,0.467832911562779,0
2.402809615937363,1.2725646253588876,0,0.9587496398174937,0.5078971467827023,0
2.2922740727400894,1.2587653058425232,0,0.9927589581188689,0.5454051006855594,0
2.1953861599673425,1.2489172264218675,0,1.025034846964778,0.5832219715065892,0
2.1092923339855627,1.2418087383166598,0,1.055680976628214,0.6215807479295326,0
2.031754201577275,1.2344532193186264,0,1.086278648806735,0.660110346307951,0
1.961724761905357,1.227839745771193,0,1.116524143579755,0.698926294212699,0
1.8981144710073534,1.2205127998576892,0,1.147254293236891,0.7378053097650455,0
1.8405268841446614,1.213390516181761,0,1.177943175478028,0.7766946736178231,0
1.7882272413489693,1.2065076540991069,0,1.208657720151337,0.8155845120746188,0
1.7405355891619387,1.1997662400514852,0,1.239409371562472,0.8544583756322535,0
1.6970683239044344,1.1932210976569984,0,1.270272137998335,0.8932423498421282,0
1.6572903314439829,1.1872702064188032,0,1.300938180013275,0.9320499721060269,0
1.621425538234138,1.1812155214860396,0,1.331545646556649,0.9700535395640815,0
1.5884175933205371,1.175504340733163,0,1.362172223592501,1.008027093324391,0
1.5572262036244462,1.1706581791924635,0,1.392858194668664,1.046918742513806,0
1.528465976323125,1.1660997700521387,0,1.423554048177579,1.085733786522275,0
1.5366213193739926,1.1260412849226396,0,1.472367373826658,1.078497981536152,0
1.510800782930901,1.1236242047393676,0,1.503016047339945,1.117178766409958,0
1.487365103850922,1.121253310706474,0,1.533186006554018,1.154951240642575,0
1.4945094093721911,1.0871502315871873,0,1.581658803163281,1.149486590755375,0
1.4707578849793592,1.0909240424778661,0,1.606415063464118,1.191398608306882,0
1.4081403133922528,-1.2229170394277664,0,1.4450961056802756,-1.2547487527514258,0
1.4311423244452708,-1.2278429883277244,0,1.4167905016275866,-1.2152428206017958,0
1.4555839956968917,-1.2340225957371516,0,1.3873059271990265,-1.1759398820576639,0
1.4805533735371768,-1.242221365558883,0,1.3566939108633256,-1.1381324890747588,0
1.5076808809290627,-1.2515115998019974,0,1.3255134555286276,-1.1002002349559228,0
1.5380205516701606,-1.2607397802234006,0,1.2947006750712786,-1.0612567439468203,0
1.571022348464883,-1.2707519657278343,0,1.2639901261585635,-1.0224264714663105,0
1.6069165188329106,-1.2815968023427455,0,1.2333387617123885,-0.9837053122634674,0
1.6456143759247346,-1.2935127961653854,0,1.2026530697325695,-0.9454225379161181,0
1.687781820157841,-1.306646352072184,0,1.1720005014611146,-0.907435522928018,0
1.7347934315238362,-1.3206210890926078,0,1.1412819189335406,-0.8689016698785659,0
1.787107044124784,-1.3354608950086075,0,1.1105145298528376,-0.829947666843057,0
1.845226207415205,-1.3511297498686432,0,1.0799691056849616,-0.7908903660962954,0
1.9095331145251377,-1.3687588071640944,0,1.0491298840667835,-0.7520700421140403,0
1.9812791709278514,-1.387268350389002,0,1.0184274622854586,-0.7131756912586309,0
2.0615470454387115,-1.4074061432889748,0,0.9876834621372893,-0.6743661377210697,0
2.1519050418431087,-1.429400823017601,0,0.9569884918183369,-0.63559515716035,0
2.2525382096243773,-1.4503796128885509,0,0.9265112606822697,-0.5967194625730229,0
2.3686187216395433,-1.5058907813144204,0,0.8854187084023332,-0.5628629356729581,0
2.523109905621199,-1.513466800129568,0,0.8577286096775255,-0.5141027447316918,0
1.3832662965651792,-1.2237508158832764,0,1.4668515038325176,-1.2972295096967288,0
1.3861307255985258,-1.196673327924504,0,1.5144176932427735,-1.3063456856411468,0
2.5941178614420854,1.3866889510764575,0,0.8819212639620182,0.4713967375487831,0
2.458292513558405,1.3914567515346452,0,0.9068094239343711,0.5137011943355821,0
2.339729387807951,1.3787159446201527,0,0.9361280574853372,0.5517769301698233,0
2.2265012030773974,1.3498222201527,0,0.9734586599499815,0.5901000355418002,0
2.131833657980232,1.331495497723409,0,1.005904724025682,0.6284573073799116,0
2.047576269586729,1.317291200452953,0,1.037088338670033,0.667242113988385,0
1.9725204384329793,1.3045256061653352,0,1.067463061247048,0.7060440298136833,0
1.904842053424345,1.291951209555055,0,1.098170362776592,0.744933126154201,0
1.843878144569758,1.2801661965361029,0,1.128872285898638,0.7838470865153415,0
1.788663833110134,1.2689208518652557,0,1.159604183505092,0.8227597875343613,0
1.7386643059949964,1.2583939931116137,0,1.190339638518916,0.8616452898421832,0
1.6935308688237425,1.2482280411263598,0,1.221234035628977,0.9002239384997021,0
1.6523997963819737,1.2386915975382093,0,1.252077621284581,0.9386685172308534,0
1.6147108578721188,1.2302554193408075,0,1.282496138898013,0.9772008524625789,0
1.580612991723271,1.2221112894281334,0,1.313055584650275,1.015219633626509,0
1.5484652379529458,1.2147314344500217,0,1.343817353229842,1.054079708592095,0
1.5188608033154873,1.2078658413306682,0,1.37458372368013,1.092961038993988,0
1.4918125983190424,1.2011379415908283,0,1.40568136286468,1.131508893313259,0
1.5019922501169394,1.1616994496553725,0,1.454309247612962,1.124362029709828,0
1.4774653380248541,1.157727734561174,0,1.484902014882384,1.162935118889409,0
1.4556191534723475,1.1542147432449474,0,1.514280675926925,1.200068896496551,0
1.465885212478147,1.1209270004602765,0,1.559679832961669,1.19182533109973,0
1.4435778977832596,1.1267245577324898,0,1.576692855629302,1.23046318067934,0
1.3985386253743084,-1.257730526879687,0,1.3957699035847395,-1.25512730188083,0
1.3751572812293658,-1.25708173633434,0,1.4159628803086406,-1.2941161931655019,0
1.3533746668799684,-1.2575176884300105,0,1.4340531810288055,-1.3321672493269339,0
1.3565900319563424,-1.2299273200392797,0,1.4819022508391175,-1.343117909551487,0
1.4209520651033078,-1.2627754959342172,0,1.3705460330161896,-1.2177970900904989,0
1.4444393943562235,-1.2724495786764778,0,1.3397632023767905,-1.180148122371799,0
1.4678070143037232,-1.2848607192291897,0,1.3075804978989876,-1.1445467533678668,0
1.4946580254073316,-1.2967783341117016,0,1.2765426724420306,-1.1075240274466884,0
1.525938844790623,-1.308341696824776,0,1.2460205018494226,-1.0683035269902534,0
1.5599192279461715,-1.3212800700676608,0,1.2150616490964645,-1.0292046391021474,0
1.5953420775558664,-1.337090753328873,0,1.1832732420570176,-0.9918263606010757,0
1.6348066865980229,-1.3529057508108773,0,1.1525894798096505,-0.9538778719754057,0
1.6794593347189484,-1.3682140620392045,0,1.1228879746071885,-0.9148550177960544,0
1.7284927119839393,-1.3864673254814823,0,1.0921334451713196,-0.8761097144326557,0
1.7836073975188727,-1.4026479944418926,0,1.0638007667577536,-0.8365872251933941,0
1.84476890723164,-1.4257900976407656,0,1.0316942551894785,-0.7974053266449981,0
1.9122654945384205,-1.4495696030401128,0,1.0007220289983836,-0.7587033262266148,0
1.987217055787787,-1.4774228422240259,0,0.9691573965762529,-0.720508917784392,0
2.072585002179888,-1.505548786855345,0,0.9383748880661854,-0.6817563194080365,0
2.1665866201323705,-1.5312276454518723,0,0.9102342841420918,-0.6434724295602687,0
2.2580530898287257,-1.5480921185717267,0,0.8888238183250659,-0.609270641144163,0
2.3052567102932486,-1.6367735016861138,0,0.8491017720403065,-0.6024251021860325,0
2.4473878251485925,-1.633375695104186,0,0.8314696120142534,-0.5555702334510616,0
2.5231099056211486,1.5134668001296079,0,0.8577286096775257,0.5141027447316914,0
2.3686187216395247,1.5058907813144586,0,0.8854187084023334,0.5628629356729576,0
2.252538209624394,1.450379612888614,0,0.92651126068227,0.5967194625730224,0
2.1519050418430776,1.4294008230176172,0,0.9569884918183371,0.6355951571603495,0
2.0615470454386586,1.4074061432889289,0,0.9876834621372895,0.6743661377210692,0
1.9812791709278175,1.387268350388971,0,1.018427462285459,0.7131756912586305,0
1.909533114525126,1.3687588071640906,0,1.049129884066784,0.7520700421140398,0
1.8452262074151768,1.351129749868665,0,1.079969105684962,0.7908903660962947,0
1.787107044124764,1.3354608950086169,0,1.110514529852838,0.8299476668430563,0
1.7347934315238664,1.3206210890926549,0,1.141281918933541,0.8689016698785652,0
1.6877818201578494,1.3066463520721963,0,1.172000501461115,0.9074355229280173,0
1.6456143759246855,1.293512796165319,0,1.20265306973257,0.9454225379161174,0
1.6069165188329133,1.2815968023427258,0,1.233338761712389,0.9837053122634667,0
1.571022348464882,1.2707519657278519,0,1.263990126158564,1.02242647146631,0
1.5380205516701533,1.2607397802233544,0,1.294700675071279,1.06125674394682,0
1.5076808809290714,1.251511599801974,0,1.325513455528628,1.100200234955922,0
1.4805533735372156,1.2422213655588774,0,1.356693910863326,1.138132489074758,0
1.4555839956969137,1.2340225957370934,0,1.387305927199027,1.175939882057663,0
1.4667182657939775,1.1953257049368124,0,1.4362801888546,1.170131557713055,0
1.4427613678251046,1.1906821180126632,0,1.466289836362794,1.20970627743897,0
1.4183006301383045,1.1858553770249713,0,1.4993387059435,1.253133330177461,0
1.438283048297779,1.1516785428050023,0,1.53883046074536,1.231595956121051,0
1.4147848089340982,1.162322467492515,0,1.54602090702866,1.268786567957858,0
1.3640034068098028,-1.2941116668151433,0,1.3627062966573875,-1.292803663796984,0
1.34293916343252,-1.286325166597933,0,1.3913002910681185,-1.332620681540113,0
1.3272627148291718,-1.281129101820203,0,1.4137237695628766,-1.36410456120847,0
1.3258758658439098,-1.2627033523959075,0,1.4484941659090496,-1.37908108946771,0
1.3909912307953163,-1.2852260324340898,0,1.3578554465306536,-1.2545290474322528,0
1.409985270311643,-1.2969450351079932,0,1.3272377574731975,-1.220703569410262,0
1.4314844942809501,-1.311922875693609,0,1.2930438374665656,-1.1850054935467536,0
1.4539068809729656,-1.3267567229335069,0,1.2612326793511746,-1.1508934126061734,0
1.4808162560202929,-1.342418893169124,0,1.2286978455988204,-1.1138145911334165,0
1.5130517562739962,-1.3566576515803601,0,1.1980425907076855,-1.0742707229086566,0
1.5445425720639414,-1.377113900332132,0,1.1638414457043695,-1.0377908299233853,0
1.5780757952654223,-1.3995526842551402,0,1.1301329393687425,-1.0023575096202184,0
1.6225890536364875,-1.4120744763490471,0,1.1045891516312725,-0.9613702829909503,0
1.6684407339801368,-1.4269162134640752,0,1.0786828492309446,-0.9225103656827297,0
1.7157962991692983,-1.4482086214422873,0,1.0497777463708255,-0.8860181591927341,0
1.771364459734409,-1.4723659060132805,0,1.0193124739850625,-0.8472118044562811,0
1.8400302874505308,-1.5009923480923397,0,0.9863205163877231,-0.8045138581986393,0
1.9084810904327458,-1.5384262303882053,0,0.9519444206344143,-0.767368790128495,0
1.9835730784736456,-1.5772530181570417,0,0.9191631266426115,-0.7308983563867075,0
2.0733593938694543,-1.6282399462461947,0,0.8828824922109068,-0.6932460691234077,0
2.187363019841788,-1.6354887350283425,0,0.8646284560488969,-0.6464138720581948,0
2.23101255791101,-1.7400773527910567,0,0.8199934384707415,-0.6399643707553332,0
2.362256270531773,-1.7516036039283653,0,0.8032075312539579,-0.5956993047980855,0
2.4473878251485672,1.633375695104154,0,0.8314696120142536,0.5555702334510612,0
2.3052567102932184,1.6367735016861094,0,0.8491017720403067,0.6024251021860321,0
2.258053089828667,1.5480921185717271,0,0.8888238183250661,0.6092706411441625,0
2.1665866201323167,1.5312276454518752,0,0.9102342841420921,0.6434724295602683,0
2.072585002179888,1.5055487868553847,0,0.9383748880661856,0.681756319408036,0
1.987217055787821,1.4774228422240803,0,0.9691573965762533,0.7205089177843915,0
1.9122654945383972,1.4495696030401448,0,1.000722028998384,0.7587033262266144,0
1.8447689072316178,1.4257900976407223,0,1.031694255189479,0.7974053266449976,0
1.7836073975188682,1.4026479944419121,0,1.063800766757754,0.8365872251933937,0
1.728492711983932,1.3864673254814897,0,1.09213344517132,0.8761097144326551,0
1.679459334718944,1.3682140620391976,0,1.122887974607189,0.9148550177960537,0
1.634806686598015,1.3529057508109432,0,1.152589479809651,0.9538778719754051,0
1.5953420775558969,1.337090753328904,0,1.183273242057018,0.991826360601075,0
1.559919227946185,1.32128007006763,0,1.215061649096465,1.029204639102147,0
1.5259388447906168,1.3083416968247983,0,1.246020501849423,1.068303526990253,0
1.494658025407367,1.296778334111695,0,1.276542672442031,1.107524027446688,0
1.4678070143037305,1.2848607192291337,0,1.307580497898988,1.144546753367866,0
1.4444393943562317,1.27244957867645,0,1.339763202376791,1.180148122371798,0
1.4209520651033658,1.2627754959341668,0,1.37054603301619,1.217797090090498,0
1.4311423244453307,1.2278429883276594,0,1.416790501627587,1.215242820601795,0
1.4081403133922885,1.2229170394277098,0,1.445096105680276,1.254748752751425,0
1.38326629656527,1.2237508158831765,0,1.466851503832518,1.297229509696728,0
1.3861307255986048,1.1966733279244264,0,1.514417693242774,1.306345685641146,0
1.3386383610303867,-1.3386383610304673,0,1.3081475451948055,-1.3081475451948068,0
1.3784347273215811,-1.3146396567549254,0,1.3211105335975055,-1.2599334939023499,0
1.3966935216661305,-1.3319471832203464,0,1.2851171388757485,-1.2255534180193184,0
1.4141381256940553,-1.3512067211273888,0,1.2497707904730475,-1.1941302515851955,0
1.4370884716333199,-1.3701110008133326,0,1.2151934864364755,-1.1585950273465915,0
1.4635764467800139,-1.390767452160306,0,1.1800151818520885,-1.1213390154710905,0
1.493756529581266,-1.4138394531234875,0,1.1443210032213655,-1.0831088974383654,0
1.5239884821323593,-1.4397223780692436,0,1.1089564630933055,-1.0477192195237583,0
1.5661113657204377,-1.4631550860591684,0,1.0759837726798636,-1.0052139531441084,0
1.6203544511205554,-1.4581869922424768,0,1.0665298470616056,-0.9597710319208204,0
1.653487749502968,-1.481478795540943,0,1.0398384241686516,-0.9316621481000644,0
1.6952850253047222,-1.512525071058691,0,1.0079905199259926,-0.8992448682242826,0
1.7569459144347483,-1.541457440343694,0,0.9769417357602939,-0.8570679705444985,0
1.816714377547746,-1.5817902704467866,0,0.942443683292193,-0.8204930068773177,0
1.879643380840832,-1.6285418240230642,0,0.9079388928728449,-0.7865824468356316,0
1.95195567475512,-1.6792469238462884,0,0.8742064999042057,-0.7520179854041951,0
2.0365265869335287,-1.7501475202031849,0,0.8334580074997097,-0.7162510893551987,0
2.1328298910747527,-1.835306924161103,0,0.7932012235640863,-0.6823007305662934,0
2.1330040938034087,-1.717516786521542,0,0.8388327235588683,-0.6756352263716856,0
1.3229581091577443,-1.32295810915784,0,1.3435028842542645,-1.343502884254265,0
1.308007865014372,-1.3080078650145235,0,1.3788582233136795,-1.3788582233136808,0
1.2948677860687894,-1.2948677860690296,0,1.414213562373094,-1.4142135623730958,0
2.274215106860053,-1.8674081200624917,0,0.7730104532336319,-0.6343932843209605,0
2.3622562705317574,1.75160360392841,0,0.8032075312539582,0.5956993047980851,0
2.2310125579109608,1.7400773527910804,0,0.8199934384707417,0.6399643707553327,0
2.1873630198417757,1.6354887350283616,0,0.8646284560488972,0.6464138720581943,0
2.073359393869472,1.6282399462462096,0,0.8828824922109072,0.6932460691234072,0
1.9835730784735999,1.5772530181570643,0,0.9191631266426119,0.7308983563867071,0
1.908481090432704,1.538426230388169,0,0.9519444206344148,0.7673687901284946,0
1.84003028745056,1.500992348092412,0,0.9863205163877236,0.8045138581986389,0
1.7713644597343905,1.4723659060132999,0,1.019312473985063,0.8472118044562806,0
1.715796299169302,1.448208621442257,0,1.049777746370826,0.8860181591927336,0
1.668440733980151,1.4269162134641282,0,1.078682849230945,0.922510365682729,0
1.6225890536364558,1.4120744763490194,0,1.104589151631273,0.9613702829909496,0
1.5780757952654425,1.3995526842551176,0,1.130132939368743,1.002357509620218,0
1.5445425720639625,1.3771139003321813,0,1.16384144570437,1.037790829923385,0
1.513051756273986,1.3566576515803646,0,1.198042590707686,1.074270722908656,0
1.4808162560203078,1.3424188931691174,0,1.228697845598821,1.113814591133416,0
1.4539068809729792,1.3267567229335162,0,1.261232679351175,1.150893412606173,0
1.431484494280976,1.3119228756935877,0,1.293043837466566,1.185005493546753,0
1.4099852703116815,1.2969450351079523,0,1.327237757473198,1.220703569410261,0
1.3909912307953503,1.2852260324340494,0,1.357855446530654,1.254529047432252,0
1.3985386253743355,1.2577305268796133,0,1.39576990358474,1.255127301880829,0
1.3751572812294577,1.257081736334282,0,1.415962880308641,1.294116193165501,0
1.3533746668800426,1.2575176884299428,0,1.434053181028806,1.332167249326933,0
1.3565900319564268,1.2299273200391767,0,1.481902250839118,1.343117909551486,0
1.3557817104702699,-1.3557817104703094,0,1.2727922061353776,-1.2727922061353785,0
1.3745484159816668,-1.3745484159816868,0,1.2374368670759757,-1.2374368670759754,0
1.3948839135298605,-1.3948839135299014,0,1.2020815280165076,-1.2020815280165085,0
1.4172242380599898,-1.417224238059966,0,1.1667261889570795,-1.1667261889570804,0
1.4416594613672267,-1.44165946136721,0,1.1313708498976425,-1.1313708498976434,0
1.4683563058604863,-1.468356305860502,0,1.0960155108382275,-1.0960155108382283,0
1.4980747816037256,-1.4980747816036815,0,1.0606601717788346,-1.0606601717788344,0
1.5306510278643584,-1.5306510278643408,0,1.0253048327196095,-1.0253048327196104,0
1.5918111138254776,-1.5064584493274755,0,1.0335550375972975,-0.9780984096862496,0
1.6312109292161323,-1.5402835358666553,0,0.9997839729035378,-0.9441475346320696,0
1.678537385923918,-1.5777888121611396,0,0.9655136764949123,-0.9074877267618234,0
1.7322018443325897,-1.6184183906247471,0,0.9321043376152132,-0.870883925663483,0
1.789232258534979,-1.6681465041926546,0,0.8964934793802919,-0.8358683332186897,0
1.8540600890449856,-1.7234961838300664,0,0.8611652052225958,-0.8004775023187745,0
1.9292247090624015,-1.786707695428343,0,0.826003696343122,-0.764956643998985,0
2.015359725361248,-1.8581700207515364,0,0.790758411560208,-0.7295211679907532,0
2.0730023594301925,-1.936172747568981,0,0.7573438645274828,-0.7066264541838527,0
2.181723252398746,-1.974074287048267,0,0.7409511253169007,-0.6715589548890095,0
1.2941116668150388,-1.3640034068098854,0,1.292803663796983,-1.3627062966573882,0
1.28632516659778,-1.3429391634326249,0,1.3326206815401112,-1.3913002910681196,0
1.2811291018200117,-1.3272627148293212,0,1.3641045612084683,-1.4137237695628777,0
1.2627033523956743,-1.32587586584414,0,1.3790810894677084,-1.4484941659090507,0
1.3146396567548382,-1.3784347273216078,0,1.2599334939023488,-1.3211105335975062,0
2.274215106859972,1.8674081200625707,0,0.7730104532336322,0.6343932843209601,0
2.1328298910748136,1.8353069241612188,0,0.7932012235640865,0.6823007305662929,0
2.036526586933536,1.7501475202032213,0,0.8334580074997101,0.7162510893551982,0
1.9519556747550884,1.679246923846266,0,0.8742064999042062,0.7520179854041946,0
1.8796433808408617,1.6285418240231473,0,0.9079388928728453,0.7865824468356312,0
1.8167143775477432,1.5817902704467666,0,0.9424436832921934,0.8204930068773173,0
1.7569459144347286,1.5414574403437076,0,0.9769417357602943,0.857067970544498,0
1.6952850253047669,1.5125250710587772,0,1.007990519925993,0.8992448682242822,0
1.6534877495029323,1.48147879554092,0,1.039838424168652,0.931662148100064,0
1.6203544511204884,1.4581869922424668,0,1.066529847061606,0.9597710319208199,0
1.5661113657205021,1.463155086059225,0,1.075983772679864,1.005213953144108,0
1.5239884821323317,1.4397223780692308,0,1.108956463093306,1.047719219523758,0
1.4937565295812611,1.4138394531234744,0,1.144321003221366,1.083108897438365,0
1.4635764467800632,1.3907674521603424,0,1.180015181852089,1.12133901547109,0
1.4370884716333114,1.3701110008133461,0,1.215193486436476,1.158595027346591,0
1.4141381256940824,1.351206721127376,0,1.249770790473048,1.194130251585195,0
1.3966935216661789,1.3319471832203404,0,1.285117138875749,1.225553418019318,0
1.3784347273216089,1.3146396567548924,0,1.321110533597506,1.259933493902349,0
1.3640034068098639,1.2941116668150698,0,1.362706296657388,1.292803663796983,0
1.3429391634325851,1.2863251665978308,0,1.391300291068119,1.332620681540112,0
1.327262714829294,1.2811291018201387,0,1.413723769562877,1.364104561208469,0
1.3258758658440513,1.2627033523958182,0,1.44849416590905,1.379081089467709,0
2.133004093803373,1.7175167865214955,0,0.8388327235588685,0.6756352263716852,0
1.3319471832202918,-1.3966935216661578,0,1.2255534180193177,-1.2851171388757492,0
1.351206721127374,-1.4141381256940606,0,1.194130251585195,-1.2497707904730482,0
1.3701110008132653,-1.4370884716332752,0,1.1585950273465906,-1.2151934864364764,0
1.390767452160281,-1.4635764467800298,0,1.1213390154710896,-1.1800151818520892,0
1.41383945312352,-1.4937565295812516,0,1.0831088974383647,-1.1443210032213662,0
1.439722378069214,-1.523988482132314,0,1.0477192195237577,-1.1089564630933062,0
1.463155086059186,-1.56611136572046,0,1.0052139531441076,-1.0759837726798642,0
1.5064584493275235,-1.5918111138255058,0,0.9780984096862491,-1.0335550375972982,0
1.5666856314514161,-1.5666856314514308,0,0.989949493660392,-0.9899494936603928,0
1.6072830650243086,-1.6072830650243017,0,0.9545941546011264,-0.9545941546011272,0
1.6523378450737212,-1.6523378450736759,0,0.9192388155419368,-0.9192388155419375,0
1.7028140162924281,-1.7028140162924226,0,0.8838834764827449,-0.8838834764827457,0
1.760148973584159,-1.7601489735841436,0,0.8485281374235487,-0.8485281374235495,0
1.8247492742796458,-1.8247492742795994,0,0.8131727983643525,-0.8131727983643533,0
1.897037928852587,-1.8970379288525894,0,0.7778174593051195,-0.7778174593051203,0
1.985588354314451,-1.985588354314421,0,0.7424621202458409,-0.7424621202458417,0
2.081256819057754,-2.0812568190577023,0,0.7071067811865471,-0.7071067811865479,0
1.2570817363341897,-1.375157281229459,0,1.2941161931655003,-1.4159628803086415,0
1.257730526879548,-1.3985386253743337,0,1.2551273018808287,-1.3957699035847402,0
1.2852260324340192,-1.3909912307953554,0,1.2545290474322517,-1.3578554465306543,0
1.2969450351079268,-1.409985270311666,0,1.2207035694102608,-1.3272377574731982,0
1.2575176884298402,-1.353374666880091,0,1.3321672493269323,-1.4340531810288066,0
1.2299273200390695,-1.3565900319564916,0,1.3431179095514854,-1.4819022508391186,0
2.18172325239878,1.9740742870482433,0,0.7409511253169009,0.6715589548890091,0
2.073002359430187,1.93617274756897,0,0.7573438645274833,0.7066264541838523,0
2.015359725361204,1.8581700207516034,0,0.7907584115602084,0.7295211679907527,0
1.9292247090624237,1.7867076954284353,0,0.8260036963431224,0.7649566439989846,0
1.8540600890450085,1.7234961838300644,0,0.8611652052225962,0.800477502318774,0
1.7892322585349467,1.6681465041926922,0,0.8964934793802923,0.8358683332186893,0
1.7322018443326153,1.6184183906247713,0,0.9321043376152136,0.8708839256634826,0
1.678537385923916,1.5777888121611243,0,0.9655136764949127,0.907487726761823,0
1.6312109292160897,1.5402835358667109,0,0.9997839729035383,0.9441475346320691,0
1.5918111138255473,1.5064584493275313,0,1.033555037597298,0.9780984096862492,0
1.5306510278643812,1.5306510278643697,0,1.02530483271961,1.02530483271961,0
1.4980747816037072,1.4980747816037487,0,1.060660171778835,1.060660171778834,0
1.4683563058605555,1.4683563058605638,0,1.096015510838228,1.096015510838228,0
1.4416594613672258,1.4416594613672165,0,1.131370849897643,1.131370849897643,0
1.4172242380599767,1.417224238059957,0,1.16672618895708,1.16672618895708,0
1.394883913529938,1.3948839135299382,0,1.202081528016508,1.202081528016508,0
1.3745484159817045,1.3745484159817059,0,1.237436867075976,1.237436867075975,0
1.355781710470294,1.3557817104702918,0,1.272792206135378,1.272792206135378,0
1.3386383610304526,1.338638361030452,0,1.308147545194806,1.308147545194806,0
1.3229581091578044,1.322958109157796,0,1.343502884254265,1.343502884254264,0
1.308007865014476,1.3080078650144025,0,1.37885822331368,1.37885822331368,0
1.294867786068936,1.2948677860688975,0,1.414213562373095,1.414213562373095,0
1.3119228756935295,-1.4314844942809426,0,1.1850054935467529,-1.2930438374665663,0
1.272449578676425,-1.4444393943562188,0,1.180148122371798,-1.3397632023767911,0
1.2627754959340958,-1.4209520651033332,0,1.217797090090498,-1.3705460330161903,0
1.2278429883276243,-1.4311423244453239,0,1.2152428206017942,-1.4167905016275872,0
1.222917039427625,-1.4081403133923118,0,1.2547487527514245,-1.4450961056802762,0
1.2237508158830697,-1.3832662965652935,0,1.2972295096967272,-1.4668515038325183,0
1.1966733279243267,-1.3861307255986435,0,1.3063456856411453,-1.5144176932427742,0
1.3267567229335049,-1.4539068809729687,0,1.1508934126061727,-1.2612326793511754,0
1.3424188931691152,-1.4808162560202909,0,1.1138145911334159,-1.2286978455988211,0
1.3566576515802844,-1.5130517562739336,0,1.0742707229086559,-1.1980425907076864,0
1.3771139003321162,-1.5445425720638781,0,1.037790829923385,-1.1638414457043702,0
1.3995526842551087,-1.578075795265419,0,1.002357509620218,-1.1301329393687432,0
1.412074476349009,-1.6225890536364287,0,0.9613702829909492,-1.1045891516312734,0
1.4581869922424449,-1.620354451120447,0,0.9597710319208199,-1.0665298470616065,0
1.4814787955409072,-1.653487749502898,0,0.9316621481000638,-1.0398384241686522,0
1.5402835358666593,-1.6312109292160568,0,0.9441475346320689,-0.9997839729035386,0
1.5777888121610848,-1.678537385923853,0,0.9074877267618228,-0.965513676494913,0
1.6184183906247822,-1.7322018443325768,0,0.8708839256634824,-0.9321043376152139,0
1.6681465041926524,-1.7892322585349314,0,0.8358683332186891,-0.8964934793802927,0
1.7234961838300589,-1.8540600890449797,0,0.8004775023187738,-0.8611652052225965,0
1.786707695428407,-1.929224709062396,0,0.7649566439989844,-0.8260036963431228,0
1.8581700207515657,-2.0153597253611673,0,0.7295211679907525,-0.7907584115602088,0
1.9361727475689607,-2.0730023594300904,0,0.7066264541838521,-0.7573438645274836,0
1.9740742870482837,-2.1817232523987182,0,0.6715589548890087,-0.7409511253169012,0
2.0812568190577294,2.081256819057778,0,0.7071067811865476,0.7071067811865475,0
1.9855883543144166,1.9855883543144217,0,0.7424621202458414,0.7424621202458412,0
1.8970379288526014,1.897037928852582,0,0.7778174593051199,0.7778174593051198,0
1.8247492742796403,1.8247492742796672,0,0.813172798364353,0.8131727983643529,0
1.7601489735841749,1.760148973584187,0,0.8485281374235492,0.848528137423549,0
1.7028140162924559,1.702814016292484,0,0.8838834764827453,0.8838834764827452,0
1.6523378450737303,1.6523378450737138,0,0.9192388155419372,0.9192388155419371,0
1.6072830650243162,1.6072830650243288,0,0.9545941546011268,0.9545941546011267,0
1.5666856314514703,1.5666856314514537,0,0.9899494936603924,0.9899494936603923,0
1.5064584493274993,1.591811113825523,0,0.9780984096862495,1.0335550375972977,0
1.4631550860592046,1.5661113657204642,0,1.005213953144108,1.0759837726798638,0
1.4397223780692463,1.5239884821323413,0,1.0477192195237581,1.1089564630933058,0
1.4138394531235257,1.4937565295812947,0,1.0831088974383651,1.1443210032213658,0
1.3907674521603466,1.4635764467800898,0,1.12133901547109,1.1800151818520888,0
1.3701110008133222,1.4370884716332912,0,1.158595027346591,1.215193486436476,0
1.3512067211273537,1.4141381256940597,0,1.1941302515851955,1.2497707904730477,0
1.331947183220338,1.3966935216661702,0,1.2255534180193182,1.2851171388757487,0
1.3146396567548968,1.378434727321596,0,1.2599334939023492,1.3211105335975057,0
1.2941116668151131,1.3640034068098554,0,1.2928036637969835,1.3627062966573877,0
1.2863251665978908,1.3429391634325947,0,1.332620681540112,1.3913002910681187,0
1.2811291018201307,1.327262714829226,0,1.3641045612084692,1.4137237695628768,0
1.2627033523958404,1.3258758658439953,0,1.3790810894677092,1.4484941659090498,0
1.2848607192291062,-1.4678070143037159,0,1.144546753367866,-1.3075804978989882,0
1.2967783341116443,-1.494658025407316,0,1.1075240274466878,-1.2765426724420315,0
1.3083416968247725,-1.525938844790544,0,1.068303526990253,-1.2460205018494233,0
1.321280070067612,-1.5599192279461582,0,1.0292046391021468,-1.2150616490964652,0
1.3370907533288512,-1.5953420775558618,0,0.9918263606010744,-1.1832732420570184,0
1.3529057508108628,-1.6348066865979336,0,0.9538778719754051,-1.1525894798096512,0
1.368214062039132,-1.6794593347188822,0,0.9148550177960535,-1.1228879746071891,0
1.4269162134641198,-1.6684407339801142,0,0.9225103656827287,-1.0786828492309453,0
1.4482086214422358,-1.715796299169267,0,0.8860181591927334,-1.0497777463708262,0
1.512525071058748,-1.6952850253047256,0,0.899244868224282,-1.0079905199259933,0
1.5414574403436694,-1.7569459144347217,0,0.8570679705444977,-0.9769417357602946,0
1.5817902704467797,-1.8167143775477077,0,0.8204930068773169,-0.9424436832921937,0
1.6285418240231002,-1.8796433808408042,0,0.786582446835631,-0.9079388928728456,0
1.6792469238462358,-1.9519556747550248,0,0.7520179854041945,-0.8742064999042065,0
1.7501475202031735,-2.0365265869334523,0,0.716251089355198,-0.8334580074997104,0
1.8353069241611901,-2.132829891074762,0,0.6823007305662926,-0.7932012235640868,0
1.8674081200625519,-2.274215106859984,0,0.6343932843209599,-0.7730104532336325,0
1.2422213655588055,-1.4805533735371623,0,1.1381324890747577,-1.3566939108633265,0
1.2340225957370419,-1.4555839956968926,0,1.1759398820576625,-1.3873059271990271,0
1.1953257049367467,-1.466718265793943,0,1.1701315577130544,-1.4362801888546002,0
1.1906821180125615,-1.442761367825087,0,1.209706277438969,-1.4662898363627943,0
1.1858553770248899,-1.4183006301383336,0,1.2531333301774605,-1.4993387059435002,0
1.1623224674924106,-1.4147848089341484,0,1.2687865679578578,-1.5460209070286601,0
1.9361727475689963,2.073002359430202,0,0.7066264541838525,0.7573438645274831,0
1.974074287048277,2.181723252398769,0,0.6715589548890092,0.7409511253169008,0
1.8581700207516032,2.015359725361257,0,0.729521167990753,0.7907584115602083,0
1.786707695428383,1.929224709062413,0,0.7649566439989849,0.8260036963431223,0
1.7234961838300709,1.8540600890449956,0,0.8004775023187742,0.8611652052225961,0
1.6681465041926862,1.78923225853497,0,0.8358683332186896,0.8964934793802922,0
1.6184183906247895,1.732201844332638,0,0.8708839256634828,0.9321043376152135,0
1.5777888121611368,1.6785373859239283,0,0.9074877267618232,0.9655136764949126,0
1.5402835358667095,1.631210929216119,0,0.9441475346320694,0.9997839729035382,0
1.4814787955409394,1.65348774950296,0,0.9316621481000642,1.0398384241686518,0
1.4581869922424973,1.6203544511205588,0,0.9597710319208204,1.066529847061606,0
1.4120744763490594,1.6225890536364924,0,0.9613702829909496,1.104589151631273,0
1.3995526842551491,1.5780757952654818,0,1.0023575096202184,1.1301329393687427,0
1.3771139003321655,1.5445425720639328,0,1.0377908299233853,1.1638414457043698,0
1.3566576515803308,1.5130517562739756,0,1.0742707229086563,1.198042590707686,0
1.342418893169105,1.4808162560203362,0,1.1138145911334163,1.2286978455988207,0
1.326756722933519,1.4539068809729863,0,1.1508934126061732,1.261232679351175,0
1.3119228756936165,1.431484494280968,0,1.1850054935467533,1.2930438374665658,0
1.2969450351079819,1.4099852703116984,0,1.2207035694102613,1.3272377574731977,0
1.285226032434077,1.3909912307953547,0,1.2545290474322521,1.3578554465306538,0
1.2577305268796253,1.3985386253743204,0,1.2551273018808295,1.3957699035847397,0
1.2570817363342843,1.375157281229416,0,1.2941161931655012,1.415962880308641,0
1.2575176884299608,1.3533746668800426,0,1.3321672493269332,1.4340531810288057,0
1.2299273200392442,1.3565900319563993,0,1.3431179095514862,1.4819022508391178,0
1.2515115998019184,-1.5076808809289985,0,1.100200234955922,-1.3255134555286283,0
1.2607397802233078,-1.5380205516701015,0,1.06125674394682,-1.2947006750712795,0
1.2707519657278108,-1.5710223484648767,0,1.0224264714663096,-1.2639901261585642,0
1.281596802342719,-1.6069165188328645,0,0.983705312263466,-1.2333387617123892,0
1.2935127961653157,-1.645614375924615,0,0.9454225379161167,-1.2026530697325701,0
1.306646352072165,-1.6877818201578172,0,0.9074355229280171,-1.1720005014611155,0
1.32062108909258,-1.734793431523772,0,0.8689016698785648,-1.1412819189335413,0
1.3864673254814535,-1.7284927119838909,0,0.8761097144326548,-1.0921334451713203,0
1.402647994441875,-1.7836073975187947,0,0.8365872251933937,-1.0638007667577543,0
1.4723659060132759,-1.7713644597343468,0,0.8472118044562804,-1.0193124739850634,0
1.5009923480923384,-1.8400302874504721,0,0.8045138581986386,-0.986320516387724,0
1.538426230388136,-1.9084810904326548,0,0.7673687901284942,-0.9519444206344152,0
1.577253018157041,-1.983573078473569,0,0.7308983563867069,-0.9191631266426123,0
1.628239946246201,-2.073359393869452,0,0.6932460691234071,-0.8828824922109075,0
1.7175167865214953,-2.13300409380336,0,0.675635226371685,-0.8388327235588688,0
1.740077352791042,-2.2310125579109488,0,0.6399643707553326,-0.819993438470742,0
1.7516036039283798,-2.362256270531687,0,0.5956993047980847,-0.8032075312539583,0
1.2078658413306138,-1.5188608033154434,0,1.0929610389939879,-1.3745837236801302,0
1.2011379415907908,-1.4918125983189812,0,1.1315088933132582,-1.4056813628646805,0
1.1616994496552921,-1.5019922501168852,0,1.1243620297098276,-1.4543092476129624,0
1.1577277345611074,-1.477465338024822,0,1.1629351188894084,-1.4849020148823842,0
1.1542147432448986,-1.4556191534723302,0,1.2000688964965502,-1.5142806759269254,0
1.1516785428049217,-1.4382830482978126,0,1.2315959561210503,-1.5388304607453605,0
1.1267245577323837,-1.4435778977832847,0,1.2304631806793394,-1.5766928556293023,0
1.8353069241611795,2.1328298910747643,0,0.682300730566293,0.7932012235640864,0
1.7501475202031944,2.0365265869335403,0,0.7162510893551984,0.83345800749971,0
1.679246923846278,1.9519556747551112,0,0.752017985404195,0.8742064999042061,0
1.628541824023112,1.8796433808408404,0,0.7865824468356315,0.9079388928728451,0
1.5817902704467803,1.8167143775477366,0,0.8204930068773173,0.9424436832921933,0
1.541457440343696,1.756945914434755,0,0.8570679705444981,0.9769417357602942,0
1.5125250710587537,1.6952850253047465,0,0.8992448682242824,1.0079905199259929,0
1.4482086214422814,1.7157962991693143,0,0.8860181591927339,1.0497777463708258,0
1.4269162134641313,1.6684407339801368,0,0.9225103656827291,1.0786828492309448,0
1.3682140620391683,1.6794593347189615,0,0.9148550177960539,1.1228879746071887,0
1.3529057508109068,1.634806686597969,0,0.9538778719754055,1.1525894798096508,0
1.3370907533288952,1.5953420775559315,0,0.9918263606010751,1.183273242057018,0
1.3212800700676262,1.5599192279462115,0,1.0292046391021472,1.2150616490964647,0
1.308341696824819,1.525938844790589,0,1.0683035269902534,1.2460205018494228,0
1.2967783341117372,1.4946580254073953,0,1.1075240274466882,1.276542672442031,0
1.284860719229182,1.4678070143037687,0,1.1445467533678664,1.3075804978989878,0
1.272449578676447,1.4444393943562268,0,1.1801481223717984,1.3397632023767907,0
1.26277549593416,1.4209520651033487,0,1.2177970900904984,1.3705460330161898,0
1.2278429883277053,1.431142324445332,0,1.2152428206017951,1.4167905016275868,0
1.2229170394277393,1.408140313392294,0,1.2547487527514254,1.4450961056802758,0
1.223750815883212,1.3832662965652418,0,1.2972295096967281,1.4668515038325178,0
1.1966733279244839,1.3861307255985607,0,1.3063456856411462,1.5144176932427738,0
1.8674081200625465,2.2742151068600482,0,0.6343932843209603,0.773010453233632,0
1.2147314344499844,-1.5484652379529271,0,1.0540797085920948,-1.3438173532298423,0
1.222111289428106,-1.5806129917232339,0,1.0152196336265085,-1.3130555846502752,0
1.2302554193407194,-1.6147108578720037,0,0.9772008524625782,-1.2824961388980134,0
1.238691597538128,-1.652399796381885,0,0.9386685172308529,-1.2520776212845814,0
1.2482280411263134,-1.6935308688237383,0,0.9002239384997017,-1.2212340356289775,0
1.258393993111637,-1.7386643059949354,0,0.8616452898421829,-1.1903396385189162,0
1.2689208518652846,-1.7886638331101574,0,0.8227597875343609,-1.1596041835050925,0
1.3354608950085372,-1.7871070441247061,0,0.8299476668430561,-1.1105145298528383,0
1.351129749868628,-1.8452262074151506,0,0.7908903660962945,-1.0799691056849623,0
1.425790097640711,-1.8447689072315847,0,0.7974053266449974,-1.0316942551894792,0
1.4495696030401355,-1.9122654945383988,0,0.7587033262266141,-1.0007220289983842,0
1.4774228422240743,-1.9872170557877566,0,0.7205089177843912,-0.9691573965762538,0
1.5055487868553261,-2.072585002179829,0,0.6817563194080359,-0.938374888066186,0
1.5312276454518352,-2.1665866201322843,0,0.6434724295602681,-0.9102342841420924,0
1.6354887350283516,-2.1873630198417238,0,0.6464138720581941,-0.8646284560488975,0
1.6367735016860776,-2.3052567102931456,0,0.6024251021860318,-0.8491017720403068,0
1.63337569510417,-2.4473878251485157,0,0.5555702334510609,-0.8314696120142538,0
1.1660997700520999,-1.528465976323099,0,1.0857337865222743,-1.4235540481775792,0
1.1706581791924269,-1.5572262036244007,0,1.0469187425138056,-1.3928581946686642,0
1.1260412849225925,-1.5366213193739626,0,1.0784979815361513,-1.4723673738266583,0
1.123624204739348,-1.5108007829308812,0,1.1171787664099577,-1.5030160473399452,0
1.1212533107064109,-1.4873651038509024,0,1.1549512406425744,-1.5331860065540182,0
1.1209270004601692,-1.4658852124781199,0,1.1918253310997295,-1.5596798329616695,0
1.0909240424777875,-1.4707578849793543,0,1.1913986083068813,-1.6064150634641183,0
1.7175167865214964,2.1330040938033825,0,0.6756352263716855,0.8388327235588684,0
1.6282399462462294,2.0733593938694552,0,0.6932460691234076,0.8828824922109071,0
1.5772530181570696,1.9835730784736436,0,0.7308983563867073,0.9191631266426119,0
1.5384262303882188,1.9084810904327323,0,0.7673687901284947,0.9519444206344148,0
1.5009923480923948,1.8400302874505634,0,0.8045138581986391,0.9863205163877236,0
1.472365906013307,1.771364459734422,0,0.8472118044562809,1.019312473985063,0
1.4026479944419277,1.7836073975188598,0,0.8365872251933941,1.0638007667577538,0
1.3864673254815232,1.7284927119839653,0,0.8761097144326553,1.0921334451713198,0
1.3206210890926076,1.7347934315238123,0,0.8689016698785652,1.1412819189335408,0
1.3066463520722364,1.687781820157922,0,0.9074355229280178,1.172000501461115,0
1.2935127961653485,1.645614375924672,0,0.9454225379161174,1.2026530697325697,0
1.2815968023427464,1.6069165188329286,0,0.9837053122634667,1.2333387617123888,0
1.2707519657279078,1.5710223484649424,0,1.02242647146631,1.2639901261585638,0
1.260739780223353,1.5380205516701617,0,1.0612567439468203,1.294700675071279,0
1.2515115998019513,1.5076808809290432,0,1.1002002349559223,1.3255134555286279,0
1.242221365558871,1.4805533735372234,0,1.1381324890747582,1.356693910863326,0
1.2340225957371307,1.4555839956969425,0,1.1759398820576634,1.3873059271990267,0
1.1953257049368338,1.4667182657939926,0,1.1701315577130553,1.4362801888545997,0
1.1906821180126674,1.4427613678251079,0,1.20970627743897,1.4662898363627939,0
1.185855377025002,1.4183006301382912,0,1.2531333301774614,1.4993387059434997,0
1.1623224674925559,1.414784808934058,0,1.2687865679578587,1.5460209070286597,0
1.7400773527910776,2.2310125579110434,0,0.6399643707553331,0.8199934384707416,0
1.7516036039283875,2.362256270531733,0,0.5956993047980852,0.803207531253958,0
1.1755043407330679,-1.588417593320428,0,1.0080270933243909,-1.3621722235925011,0
1.1312667616557024,-1.5947094426851725,0,1.000925043085459,-1.4111741489903111,0
1.1285784941653658,-1.5645182301245546,0,1.039777886392829,-1.4417874534395563,0
1.0884887248446127,-1.5705887934300735,0,1.0326154472307303,-1.4905333235896983,0
1.0878855823240936,-1.5436180859909376,0,1.0711871529369168,-1.5208376012295801,0
1.087022822155837,-1.518813623749898,0,1.1093851536719457,-1.5512908151674183,0
1.087150231587115,-1.494509409372186,0,1.1494865907553746,-1.5816588031632814,0
1.054828677067118,-1.4966974425657167,0,1.1516163820122876,-1.6351696268830733,0
1.1812155214859732,-1.6214255382340352,0,0.970053539564081,-1.3315456465566493,0
1.1872702064187883,-1.6572903314439573,0,0.9320499721060265,-1.3009381800132753,0
1.1932210976569437,-1.6970683239044009,0,0.8932423498421276,-1.2702721379983353,0
1.1997662400513915,-1.7405355891618155,0,0.8544583756322532,-1.2394093715624726,0
1.2065076540989805,-1.7882272413489235,0,0.8155845120746181,-1.2086577201513373,0
1.2133905161817193,-1.840526884144573,0,0.7766946736178226,-1.1779431754780285,0
1.280166196536084,-1.8438781445697114,0,0.7838470865153413,-1.1288722858986384,0
1.2919512095549979,-1.904842053424286,0,0.7449331261542009,-1.0981703627765924,0
1.3687588071640435,-1.909533114525064,0,0.7520700421140396,-1.0491298840667842,0
1.3872683503888805,-1.9812791709277269,0,0.7131756912586302,-1.0184274622854592,0
1.4074061432889193,-2.061547045438656,0,0.6743661377210691,-0.9876834621372899,0
1.4294008230176263,-2.151905041843055,0,0.6355951571603493,-0.9569884918183376,0
1.45037961288855,-2.252538209624289,0,0.5967194625730222,-0.9265112606822701,0
1.505890781314424,-2.3686187216394816,0,0.5628629356729574,-0.8854187084023335,0
1.5480921185717031,-2.258053089828645,0,0.6092706411441624,-0.8888238183250662,0
1.5134668001295744,-2.5231099056211423,0,0.5141027447316912,-0.8577286096775258,0
1.6354887350283445,2.187363019841797,0,0.6464138720581946,0.864628456048897,0
1.6367735016860734,2.305256710293215,0,0.6024251021860323,0.8491017720403066,0
1.6333756951041694,2.44738782514859,0,0.5555702334510614,0.8314696120142536,0
1.505548786855361,2.0725850021798964,0,0.6817563194080364,0.9383748880661855,0
1.477422842224068,1.9872170557877968,0,0.7205089177843916,0.9691573965762533,0
1.4495696030401157,1.9122654945384159,0,0.7587033262266145,1.0007220289983838,0
1.4257900976407145,1.8447689072316156,0,0.7974053266449979,1.0316942551894788,0
1.3511297498686996,1.8452262074152246,0,0.7908903660962949,1.0799691056849618,0
1.3354608950085682,1.7871070441247559,0,0.8299476668430565,1.1105145298528378,0
1.268920851865333,1.7886638331102114,0,0.8227597875343615,1.159604183505092,0
1.2583939931116734,1.7386643059949825,0,0.8616452898421836,1.1903396385189158,0
1.2482280411263504,1.6935308688237833,0,0.9002239384997024,1.221234035628977,0
1.238691597538225,1.6523997963819892,0,0.9386685172308535,1.252077621284581,0
1.2302554193407782,1.6147108578720868,0,0.9772008524625788,1.282496138898013,0
1.2221112894281398,1.5806129917232754,0,1.015219633626509,1.3130555846502747,0
1.214731434450068,1.5484652379529997,0,1.0540797085920952,1.3438173532298419,0
1.2078658413306942,1.518860803315512,0,1.0929610389939883,1.3745837236801297,0
1.2011379415908576,1.4918125983190256,0,1.131508893313259,1.40568136286468,0
1.1616994496553876,1.5019922501169516,0,1.1243620297098285,1.454309247612962,0
1.1577277345611943,1.4774653380248566,0,1.1629351188894093,1.4849020148823837,0
1.1542147432450052,1.4556191534723544,0,1.2000688964965511,1.514280675926925,0
1.1516785428050293,1.4382830482977906,0,1.2315959561210512,1.53883046074536,0
1.1267245577325182,1.4435778977832812,0,1.2304631806793402,1.5766928556293018,0
1.5312276454519127,2.166586620132363,0,0.6434724295602685,0.910234284142092,0
1.134513211300488,-1.6266006618717217,0,0.9629108655293439,-1.3805933683904292,0
1.090141479640882,-1.6304141064304498,0,0.9557742848212261,-1.4295442800431721,0
1.0891675226929258,-1.5995714035804474,0,0.9939633458298462,-1.4600508181673835,0
1.0490479576824818,-1.6034278071492956,0,0.9868807959089327,-1.5089024547528163,0
1.0504358909400087,-1.5757132042365725,0,1.0252314101296696,-1.5386438064223484,0
1.0520178736562098,-1.550421800033553,0,1.0625045965474986,-1.5669904136450445,0
1.0492619295549572,-1.52699593575863,0,1.0995403595284636,-1.6016822578634733,0
1.0185302990980387,-1.5217087822821957,0,1.1111404650968695,-1.6629392252347381,0
1.1379814044681205,-1.6611898008492951,0,0.9247762276904172,-1.3498765079168833,0
1.1413312447534112,-1.699197899013363,0,0.8861488818067367,-1.3191457062150873,0
1.1446275269540107,-1.7407876880486783,0,0.8472911698935404,-1.2884168824373492,0
1.147850002430421,-1.7860746283678652,0,0.808412321982271,-1.2576940597915374,0
1.151063548066251,-1.8356026584275273,0,0.7695423575567115,-1.2269854415297272,0
1.1541278221180793,-1.8898513239782675,0,0.7306922949542698,-1.1963007167111275,0
1.2205127998576653,-1.8981144710072952,0,0.7378053097650452,-1.1472542932368914,0
1.227839745771118,-1.9617247619053038,0,0.6989262942126988,-1.1165241435797553,0
1.3045256061653485,-1.9725204384329402,0,0.706044029813683,-1.0674630612470484,0
1.3172912004529163,-2.0475762695867266,0,0.6672421139883846,-1.0370883386700334,0
1.331495497723328,-2.1318336579801485,0,0.6284573073799113,-1.0059047240256822,0
1.3498222201526886,-2.226501203077324,0,0.5901000355418,-0.9734586599499816,0
1.378715944620155,-2.3397293878079735,0,0.551776930169823,-0.9361280574853373,0
1.391456751534616,-2.458292513558317,0,0.513701194335582,-0.9068094239343714,0
1.386688951076386,-2.594117861442048,0,0.47139673754878286,-0.8819212639620183,0
1.548092118571799,2.2580530898287345,0,0.6092706411441629,0.888823818325066,0
1.5058907813144626,2.3686187216395345,0,0.5628629356729579,0.8854187084023333,0
1.4503796128885442,2.252538209624351,0,0.5967194625730227,0.9265112606822699,0
1.4294008230176223,2.151905041843103,0,0.6355951571603498,0.9569884918183371,0
1.4074061432889493,2.061547045438714,0,0.6743661377210696,0.9876834621372894,0
1.387268350388955,1.9812791709278066,0,0.7131756912586307,1.0184274622854588,0
1.3687588071641303,1.9095331145251349,0,0.75207004211404,1.0491298840667838,0
1.2919512095550072,1.9048420534243329,0,0.7449331261542014,1.098170362776592,0
1.280166196536103,1.8438781445697727,0,0.7838470865153417,1.128872285898638,0
1.2133905161817875,1.8405268841446507,0,0.7766946736178233,1.177943175478028,0
1.2065076540990545,1.7882272413489955,0,0.8155845120746188,1.2086577201513369,0
1.1997662400514575,1.7405355891619103,0,0.8544583756322539,1.239409371562472,0
1.1932210976570055,1.6970683239044408,0,0.8932423498421282,1.2702721379983348,0
1.1872702064188336,1.6572903314440217,0,0.9320499721060271,1.3009381800132749,0
1.1812155214860858,1.6214255382341582,0,0.9700535395640817,1.3315456465566489,0
1.175504340733167,1.588417593320524,0,1.0080270933243913,1.3621722235925007,0
1.170658179192466,1.5572262036244582,0,1.0469187425138065,1.3928581946686638,0
1.1660997700521827,1.5284659763231627,0,1.0857337865222751,1.4235540481775788,0
1.1260412849226629,1.5366213193740128,0,1.0784979815361522,1.4723673738266578,0
1.1236242047394056,1.5108007829309524,0,1.1171787664099586,1.5030160473399448,0
1.1212533107065032,1.4873651038509208,0,1.1549512406425753,1.5331860065540177,0
1.1209270004602834,1.465885212478128,0,1.1918253310997304,1.559679832961669,0
1.0909240424778923,1.4707578849793197,0,1.1913986083068822,1.6064150634641179,0
1.5134668001295979,2.5231099056211845,0,0.5141027447316916,0.8577286096775256,0
1.0913624364008427,-1.663652247838632,0,0.917646531757804,-1.3988197810161083,0
1.0921270549937083,-1.7000929728548901,0,0.8789474002831319,-1.3681199568820994,0
1.092629380239228,-1.7396209048609728,0,0.8401337787239316,-1.3374190702461701,0
1.0929206199952766,-1.7826475868948073,0,0.8012500756252081,-1.3066951378897953,0
1.0929135423713696,-1.8294825748015735,0,0.7623789861215859,-1.2759793620884525,0
1.0923865764315945,-1.880460906564382,0,0.723538411666665,-1.2453013003900404,0
1.0912917859541829,-1.9361891195028462,0,0.684722641105483,-1.2146563958796572,0
1.1568127552659857,-1.949369289467902,0,0.6918503760138921,-1.1656636937524205,0
1.1588461104455738,-2.014830665590058,0,0.6530157385484692,-1.1352268274397055,0
1.234453219318607,-2.0317542015772885,0,0.6601103463079507,-1.0862786488067355,0
1.241808738316683,-2.1092923339854948,0,0.6215807479295323,-1.0556809766282145,0
1.2489172264218478,-2.195386159967306,0,0.5832219715065889,-1.0250348469647785,0
1.2587653058424655,-2.2922740727401,0,0.5454051006855591,-0.9927589581188692,0
1.2725646253588956,-2.402809615937261,0,0.507897146782702,-0.9587496398174938,0
1.2694168684440719,-2.5255339239022345,0,0.46783291156277884,-0.9305459785467525,0
1.2575709742689103,-2.6596135879229865,0,0.42755509430543026,-0.9039892927095292,0
1.0471629273496053,-1.6650788484548675,0,0.9104239655038591,-1.4476947879023523,0
1.048105841929743,-1.6331743954514981,0,0.9486054715424801,-1.4783664840118265,0
1.008103308994155,-1.6350508370569155,0,0.9413242710186289,-1.5271011452976302,0
1.0109116488860541,-1.6064267226217097,0,0.9796895472987064,-1.5574678926984262,0
1.014874038320951,-1.580272508376259,0,1.0172975153290509,-1.5851330528217211,0
1.022429146089549,-1.5573542250247436,0,1.0523859876889456,-1.6043549483657271,0
1.002926766960328,-1.5522183542238854,0,1.0603868659140887,-1.6429902325305352,0
0.981403154265717,-1.5460456327176366,0,1.0699952387551883,-1.6897071311446923,0
1.3787159446201573,2.339729387808018,0,0.5517769301698234,0.9361280574853371,0
1.349822220152719,2.226501203077406,0,0.5901000355418005,0.9734586599499814,0
1.3314954977233933,2.1318336579802053,0,0.6284573073799118,1.0059047240256818,0
1.3172912004529362,2.047576269586786,0,0.6672421139883851,1.037088338670033,0
1.3045256061653727,1.9725204384329746,0,0.7060440298136834,1.067463061247048,0
1.2278397457711971,1.961724761905377,0,0.6989262942126993,1.1165241435797548,0
1.2205127998577396,1.8981144710073814,0,0.7378053097650457,1.147254293236891,0
1.154127822118127,1.8898513239783206,0,0.7306922949542705,1.196300716711127,0
1.1510635480663054,1.8356026584275893,0,0.7695423575567122,1.2269854415297268,0
1.1478500024304874,1.7860746283679252,0,0.8084123219822716,1.257694059791537,0
1.1446275269540929,1.7407876880487738,0,0.847291169893541,1.2884168824373488,0
1.141331244753497,1.6991978990134533,0,0.8861488818067373,1.3191457062150869,0
1.137981404468192,1.6611898008493453,0,0.9247762276904179,1.3498765079168829,0
1.134513211300526,1.6266006618717892,0,0.9629108655293446,1.3805933683904288,0
1.1312667616557752,1.5947094426852808,0,1.00092504308546,1.4111741489903107,0
1.1285784941654613,1.564518230124635,0,1.03977788639283,1.4417874534395558,0
1.0884887248446753,1.5705887934301663,0,1.0326154472307312,1.4905333235896978,0
1.0878855823241826,1.5436180859909892,0,1.0711871529369177,1.5208376012295797,0
1.0870228221559406,1.518813623749983,0,1.1093851536719466,1.5512908151674178,0
1.0871502315872046,1.494509409372218,0,1.1494865907553755,1.581658803163281,0
1.054828677067176,1.4966974425657336,0,1.1516163820122884,1.6351696268830729,0
1.3914567515346423,2.4582925135584035,0,0.5137011943355825,0.9068094239343711,0
1.3866889510764748,2.5941178614420797,0,0.4713967375487833,0.8819212639620181,0
1.045638930691759,-1.699809355687916,0,0.871753643736336,-1.4170391448831965,0
1.0018083737101657,-1.6986802357946182,0,0.8645266627553876,-1.4658786511622863,0
1.0051490332549866,-1.6656265091365057,0,0.9030424825751207,-1.4965668492416901,0
0.9654228126816323,-1.6654417399782602,0,0.8956190673038165,-1.5453504217494272,0
0.970186936781247,-1.6361229410117715,0,0.9340245002836738,-1.5758482220911902,0
0.9751764865912034,-1.6090375166296973,0,0.9720817765918994,-1.6049907924632043,0
0.9843555855697463,-1.5827975161162913,0,1.0115633038189693,-1.6280614410320045,0
0.9646644827197935,-1.5756253163002376,0,1.0212206939993147,-1.6704061400615462,0
0.9430462630848246,-1.5698250990012965,0,1.0282054871982256,-1.7154572207127345,0
1.0437859586634417,-1.7373885731436887,0,0.8330089197864601,-1.3863816745637374,0
1.0414765768710161,-1.7781775974582252,0,0.794128854143465,-1.3556682228015373,0
1.0385757021220263,-1.8223455262959698,0,0.7552346740026499,-1.3249485041973301,0
1.0350516914711976,-1.8702919283112067,0,0.7163847937734584,-1.2942565448041985,0
1.0307727515352898,-1.9223368254266375,0,0.6776564015804258,-1.2635915672346605,0
1.0255001290412034,-1.9789065412109403,0,0.6390321440222384,-1.2329549199999392,0
1.0894972657982385,-1.9971729421657014,0,0.64598181531756,-1.1839693460500365,0
1.086220462959726,-2.0639146217369637,0,0.6072315446350098,-1.1536334045363281,0
1.159989355216639,-2.086589001912093,0,0.6144161180048064,-1.1050348978716245,0
1.1605466377391767,-2.165620951306054,0,0.5760366303895519,-1.0747444034304334,0
1.1603313008469194,-2.252868261516317,0,0.5379745258904913,-1.0443954244305544,0
1.1595726002709492,-2.351226557155743,0,0.4997707221212968,-1.0131041598173955,0
1.1574727040566597,-2.461800624098776,0,0.46154206204375026,-0.9813884521041311,0
1.1431995368755807,-2.5840349580189392,0,0.4216012026929772,-0.9527773036306835,0
1.125740708654173,-2.718145595943509,0,0.3826834333684339,-0.9238795320956881,0
1.2587653058425243,2.2922740727401365,0,0.5454051006855596,0.9927589581188689,0
1.2725646253588867,2.402809615937357,0,0.5078971467827025,0.9587496398174936,0
1.2694168684440643,2.525533923902206,0,0.4678329115627793,0.9305459785467523,0
1.2575709742688361,2.6596135879230958,0,0.4275550943054307,0.903989292709529,0
1.2489172264218638,2.1953861599673834,0,0.5832219715065894,1.025034846964778,0
1.2418087383167051,2.1092923339855467,0,0.6215807479295328,1.055680976628214,0
1.2344532193186548,2.0317542015773458,0,0.6601103463079512,1.086278648806735,0
1.1588461104456245,2.014830665590117,0,0.6530157385484696,1.135226827439705,0
1.156812755266004,1.9493692894679526,0,0.6918503760138928,1.16566369375242,0
1.0912917859542455,1.9361891195028822,0,0.6847226411054836,1.2146563958796568,0
1.0923865764316667,1.8804609065644597,0,0.7235384116666657,1.24530130039004,0
1.0929135423714238,1.829482574801642,0,0.7623789861215866,1.275979362088452,0
1.0929206199953332,1.7826475868948526,0,0.8012500756252088,1.3066951378897949,0
1.0926293802392915,1.739620904861049,0,0.8401337787239322,1.3374190702461697,0
1.0921270549937556,1.7000929728549699,0,0.8789474002831326,1.368119956882099,0
1.091362436400903,1.6636522478387095,0,0.9176465317578046,1.3988197810161078,0
1.0901414796409674,1.6304141064305042,0,0.9557742848212267,1.4295442800431717,0
1.0891675226930075,1.5995714035805524,0,0.9939633458298469,1.460050818167383,0
1.0490479576825515,1.603427807149388,0,0.9868807959089334,1.5089024547528158,0
1.0504358909401057,1.575713204236683,0,1.0252314101296705,1.538643806422348,0
1.0520178736562642,1.550421800033597,0,1.0625045965474995,1.566990413645044,0
1.0492619295550176,1.5269959357586929,0,1.0995403595284645,1.6016822578634728,0
1.0185302990980682,1.5217087822822744,0,1.1111404650968704,1.6629392252347377,0
0.997856541833949,-1.7343227635455225,0,0.8258666057212545,-1.4352804068839142,0
0.9545800599145048,-1.730597889235333,0,0.8186486337617129,-1.4840822675570933,0
0.9603262094983431,-1.6968829969548689,0,0.8571680851395618,-1.5147111735839172,0
0.9211221178907996,-1.6944221673055477,0,0.8498033120769775,-1.5635036541434535,0
0.9279394717539572,-1.6644867090133435,0,0.8882857332060512,-1.5939976476546103,0
0.9343035764832894,-1.6363615104932212,0,0.9268313180137036,-1.6243953774495612,0
0.9401376461340046,-1.6093738403144489,0,0.9663101389930684,-1.6559416314185735,0
0.9292235769514566,-1.5930852136225322,0,0.9894170658473562,-1.6991428932856931,0
0.9039435639498382,-1.5927038573300463,0,0.9857963831335144,-1.7401739829686234,0
0.9932502824416051,-1.7728276108021324,0,0.7870549657684793,-1.4045887967937642,0
0.9879204387289462,-1.8145154704854656,0,0.7481303406665687,-1.3738845269642015,0
0.9817759754350037,-1.8595754983827906,0,0.7092503176796279,-1.3431817133480803,0
0.974701625431948,-1.9080795704108526,0,0.6705983158359072,-1.3125686756354211,0
0.9665337324683577,-1.9605791449285839,0,0.6320833254418001,-1.2819741079706182,0
0.9567739860175334,-2.017656260727132,0,0.5935099122618281,-1.2514551744481714,0
1.0186174318580576,-2.0405799885847538,0,0.6003896438029133,-1.2025871732685864,0
1.0102249974564774,-2.107863556750945,0,0.5618783883164284,-1.1722197755310904,0
1.0815561682010133,-2.1366871970470913,0,0.5688032766987918,-1.1235534294985565,0
1.0758921875213856,-2.216839373351466,0,0.5305982052874254,-1.0931193892350892,0
1.0677896795063835,-2.3056274277965385,0,0.4922185747921496,-1.0626625393001554,0
1.057121442794354,-2.4044638031780954,0,0.4537503266712115,-1.0319088098025384,0
1.0410091549165288,-2.5135699860117886,0,0.41498684021476806,-1.0018668547003051,0
1.0185567193562393,-2.6362081069212184,0,0.37546153235482893,-0.9716515897092135,0
0.9909376561579631,-2.770202883888839,0,0.33688985429587004,-0.9415440648596898,0
1.1595726002709708,2.3512265571558113,0,0.49977072212129725,1.013104159817395,0
1.1574727040567419,2.46180062409883,0,0.4615420620437507,0.9813884521041308,0
1.1431995368756371,2.584034958019057,0,0.42160120269297763,0.9527773036306832,0
1.1257407086541857,2.718145595943555,0,0.38268343336843436,0.9238795320956878,0
1.160331300846938,2.252868261516365,0,0.5379745258904918,1.044395424430554,0
1.1605466377392468,2.1656209513061215,0,0.5760366303895523,1.074744403430433,0
1.159989355216712,2.0865890019121918,0,0.6144161180048069,1.105034897871624,0
1.0862204629597203,2.0639146217370024,0,0.6072315446350105,1.1536334045363277,0
1.0894972657982889,1.9971729421657558,0,0.6459818153175607,1.183969346050036,0
1.0255001290412666,1.9789065412110352,0,0.6390321440222391,1.2329549199999388,0
1.0307727515353322,1.9223368254266744,0,0.6776564015804265,1.26359156723466,0
1.0350516914712504,1.8702919283112482,0,0.7163847937734591,1.294256544804198,0
1.0385757021221094,1.8223455262960575,0,0.7552346740026505,1.3249485041973297,0
1.0414765768710748,1.7781775974582719,0,0.7941288541434657,1.3556682228015369,0
1.0437859586635199,1.7373885731437682,0,0.8330089197864607,1.386381674563737,0
1.045638930691877,1.6998093556880183,0,0.8717536437363367,1.417039144883196,0
1.0471629273497078,1.6650788484549712,0,0.9104239655038597,1.4476947879023518,0
1.0481058419298168,1.6331743954515772,0,0.9486054715424808,1.478366484011826,0
1.0081033089942286,1.635050837057002,0,0.9413242710186296,1.5271011452976297,0
1.0109116488861087,1.6064267226217859,0,0.979689547298707,1.5574678926984258,0
1.0148740383209875,1.580272508376364,0,1.0172975153290518,1.5851330528217207,0
1.0224291460896204,1.5573542250248014,0,1.0523859876889465,1.6043549483657267,0
1.0029267669603614,1.5522183542239247,0,1.0603868659140896,1.6429902325305348,0
0.9814031542657359,1.5460456327176648,0,1.0699952387551892,1.6897071311446918,0
0.9481012285256231,-1.7668989363590095,0,0.780007101468116,-1.4534890869163752,0
0.9057193804460887,-1.7606590565976437,0,0.7728279241216152,-1.5022731639555233,0
0.9138271243750102,-1.7263991683655193,0,0.8113683523643549,-1.5328851976495512,0
0.8754056240513477,-1.72181228337261,0,0.8040236174141511,-1.5816391289494842,0
0.8842896693614598,-1.6914037282871037,0,0.8425750126353104,-1.6121746101227346,0
0.8925987960010762,-1.6628337264404076,0,0.8811106293778748,-1.6425687100191544,0
0.9004056642127417,-1.6362213323913695,0,0.9194998606407785,-1.6726070337701633,0
0.8937404682452175,-1.617183613919628,0,0.9455526259126585,-1.7137354912669882,0
0.8645270929110322,-1.614346083068167,0,0.9427934721717717,-1.7638425294879063,0
0.9407264738649501,-1.806082518883805,0,0.741187972825011,-1.4228288626328185,0
0.9322913665667749,-1.8482541013416283,0,0.7023420324961607,-1.3921893495941933,0
0.9227468003830144,-1.8936653146374423,0,0.663565961586253,-1.3615979945818202,0
0.9121254260958837,-1.9424867231297065,0,0.6250597025248623,-1.3309994190427203,0
0.8998946877696888,-1.9951549171112013,0,0.5866113877317989,-1.3004422055586025,0
0.8855941440930747,-2.052353379181777,0,0.5480006094351311,-1.2698873600378855,0
0.9451020699137108,-2.0797253382943843,0,0.5549153801891824,-1.2209649577838955,0
0.9312609576107025,-2.147098443399054,0,0.5164565675553578,-1.1906237762489842,0
1.000048686268807,-2.181151019934042,0,0.5236219767656423,-1.1419135844831625,0
0.9872394931767445,-2.26218633977788,0,0.48508230693625143,-1.1114046269006423,0
0.9713119580007383,-2.351348842008916,0,0.4465283043579723,-1.0808417087652384,0
0.9511972548452132,-2.4491740247172125,0,0.4080179759357593,-1.0504493620355855,0
0.923925519382946,-2.559765373345096,0,0.3680458222700118,-1.019673849172359,0
0.8909488958956239,-2.682053235292594,0,0.32842352977005884,-0.9886217685443472,0
0.8538562779329076,-2.815337234817927,0,0.29028467803568636,-0.9569403354952273,0
1.0571214427943265,2.4044638031781913,0,0.45375032667121196,1.031908809802538,0
1.041009154916531,2.513569986011788,0,0.4149868402147685,1.0018668547003047,0
1.018556719356246,2.6362081069213215,0,0.3754615323548294,0.9716515897092133,0
0.9909376561580684,2.7702028838888757,0,0.3368898542958705,0.9415440648596896,0
1.0677896795064405,2.3056274277965665,0,0.49221857479215014,1.062662539300155,0
1.0758921875214211,2.2168393733515326,0,0.5305982052874259,1.0931193892350888,0
1.0815561682010029,2.136687197047105,0,0.5688032766987923,1.123553429498556,0
1.0102249974565474,2.107863556751028,0,0.5618783883164291,1.17221977553109,0
1.0186174318581396,2.0405799885847906,0,0.6003896438029139,1.202587173268586,0
0.9567739860175499,2.0176562607271133,0,0.5935099122618288,1.251455174448171,0
0.9665337324683971,1.9605791449286443,0,0.6320833254418008,1.2819741079706177,0
0.9747016254320104,1.908079570410925,0,0.6705983158359079,1.3125686756354207,0
0.9817759754350531,1.8595754983827928,0,0.7092503176796285,1.34318171334808,0
0.9879204387290211,1.8145154704855457,0,0.7481303406665694,1.373884526964201,0
0.9932502824417069,1.7728276108021965,0,0.78705496576848,1.4045887967937638,0
0.9978565418340195,1.7343227635455887,0,0.8258666057212551,1.4352804068839138,0
1.001808373710208,1.6986802357946849,0,0.8645266627553883,1.4658786511622859,0
1.0051490332550397,1.6656265091365825,0,0.9030424825751213,1.4965668492416897,0
0.9654228126816939,1.6654417399783397,0,0.8956190673038171,1.5453504217494267,0
0.9701869367812985,1.636122941011846,0,0.9340245002836745,1.5758482220911898,0
0.9751764865912562,1.6090375166297892,0,0.9720817765919001,1.6049907924632039,0
0.984355585569777,1.582797516116394,0,1.0115633038189702,1.628061441032004,0
0.9646644827197948,1.5756253163003273,0,1.0212206939993156,1.6704061400615458,0
0.9430462630848359,1.5698250990013745,0,1.0282054871982265,1.715457220712734,0
0.896563496920084,-1.7973966646648978,0,0.7341582533156197,-1.4716750845600464,0
0.8862996294344687,-1.8368461576438422,0,0.6954271158278531,-1.4411258387087722,0
0.8748552999112376,-1.8792022351199462,0,0.6567185461126068,-1.4105440308590103,0
0.8619422507521061,-1.9246329217491953,0,0.6180801027467773,-1.3800047173256664,0
0.8475234645762225,-1.973548187561428,0,0.5794975307215875,-1.3493514221344465,0
0.8311843337447616,-2.0262485021359455,0,0.5409604740435405,-1.3187041651600204,0
0.8123789168164814,-2.0830798785113447,0,0.5023621380309764,-1.2880914710239875,0
0.8691170931755225,-2.114296098153659,0,0.509474858367527,-1.2393250274103274,0
0.8498580275761252,-2.1815496724338077,0,0.47089853238074786,-1.2087065395314425,0
0.9148699667003826,-2.220798406196219,0,0.4779611612252256,-1.1601088432316402,0
0.8950792446193915,-2.3013834895395133,0,0.43935936165323064,-1.1295773861480765,0
0.871200106413386,-2.3895322791488756,0,0.400742443500152,-1.0990421277971385,0
0.8425083670058205,-2.485539727645499,0,0.36222177997824445,-1.068640649642659,0
0.8002137748742681,-2.599365158647941,0,0.3191632753664113,-1.036812870402047,0
0.7561592293489295,-2.7221335438955188,0,0.2789406504611345,-1.004197890929559,0
0.7142379501904174,-2.8535477646201417,0,0.2429801805664794,-0.9700312530284173,0
0.8658160751316958,-1.7541383215950306,0,0.765542950329031,-1.5510105000115373,0
0.8283963110750748,-1.7473754645568422,0,0.7583295788868947,-1.5997660774763323,0
0.8393483135362135,-1.7167436819313384,0,0.7968609085091001,-1.6303125295994743,0
0.8495177173211548,-1.6879091526329533,0,0.8354356381176817,-1.6608108080159205,0
0.8590028719765557,-1.6605914104895965,0,0.8740028702202587,-1.6913182881099482,0
0.8544972652006787,-1.6409754195848263,0,0.8999310898600792,-1.7307615682818231,0
0.8249309642899969,-1.6350627683236931,0,0.8992226575541566,-1.7864486032744522,0
0.8552336447821469,-1.7886558966344213,0,0.727017151589721,-1.5204563177716985,0
0.9713119580007524,2.3513488420090267,0,0.44652830435797286,1.080841708765238,0
0.9872394931767722,2.262186339777899,0,0.485082306936252,1.111404626900642,0
1.0000486862688365,2.181151019934108,0,0.5236219767656427,1.141913584483162,0
0.9312609576107328,2.1470984433991056,0,0.5164565675553585,1.1906237762489837,0
0.9451020699137238,2.0797253382944483,0,0.5549153801891831,1.220964957783895,0
0.8855941440931487,2.052353379181855,0,0.5480006094351317,1.269887360037885,0
0.8998946877697559,1.9951549171112406,0,0.5866113877317995,1.300442205558602,0
0.9121254260959339,1.9424867231297263,0,0.625059702524863,1.33099941904272,0
0.9227468003830909,1.8936653146375209,0,0.6635659615862537,1.3615979945818197,0
0.9322913665668692,1.8482541013416767,0,0.7023420324961613,1.3921893495941928,0
0.9407264738650041,1.8060825188838556,0,0.7411879728250117,1.422828862632818,0
0.9481012285256527,1.7668989363590704,0,0.7800071014681167,1.4534890869163748,0
0.9545800599145665,1.730597889235385,0,0.8186486337617136,1.4840822675570928,0
0.9603262094984312,1.6968829969549555,0,0.8571680851395624,1.5147111735839167,0
0.9211221178908555,1.6944221673056252,0,0.8498033120769781,1.563503654143453,0
0.9279394717540205,1.6644867090134605,0,0.8882857332060519,1.5939976476546098,0
0.9343035764833436,1.6363615104932983,0,0.9268313180137044,1.6243953774495608,0
0.9401376461340326,1.6093738403145568,0,0.9663101389930693,1.655941631418573,0
0.9292235769514705,1.5930852136226765,0,0.9894170658473571,1.6991428932856927,0
0.9039435639497557,1.59270385733014,0,0.9857963831335153,1.740173982968623,0
0.9511972548452896,2.449174024717199,0,0.40801797593575984,1.050449362035585,0
0.923925519382926,2.5597653733452312,0,0.36804582227001226,1.019673849172359,0
0.8909488958956086,2.6820532352925697,0,0.3284235297700593,0.988621768544347,0
0.8538562779328256,2.8153372348180112,0,0.2902846780356868,0.9569403354952271,0
0.8434654414922788,-1.8256029871485795,0,0.6883693530345407,-1.4898868487216945,0
0.803387412334273,-1.8144384929091948,0,0.681250041934633,-1.5386390392957165,0
0.8164828599056024,-1.7798843021416162,0,0.7197947969313134,-1.5692109021911715,0
0.7801298263573019,-1.771061551158669,0,0.7125933238871918,-1.6179564319250024,0
0.7932401344592829,-1.7404745086888724,0,0.7511618762505798,-1.6484669721813272,0
0.8053585495265416,-1.7114474873964032,0,0.7897304639994498,-1.6789596856065523,0
0.8170538022409766,-1.6845728708021035,0,0.8277856665208856,-1.7081406940588755,0
0.8301661773541416,-1.6644526873516818,0,0.859190717032067,-1.7248551399105954,0
0.8086778570618804,-1.6596335866917309,0,0.8579788665175594,-1.7635396326281563,0
0.784753060691672,-1.6548357200768828,0,0.855110184991539,-1.8079785871308691,0
0.8303148295312505,-1.8650680934986386,0,0.6497186334191409,-1.4593570135546825,0
0.8158468837984849,-1.907311292043849,0,0.6111480800637323,-1.4287414852392364,0
0.7994949323770116,-1.95266552642295,0,0.5724530245671198,-1.3981753524001075,0
0.7812381916519349,-2.0013030914771845,0,0.533823812560934,-1.3675109742324745,0
0.7606195522837376,-2.0534330476196563,0,0.4951911373704596,-1.3369108528425813,0
0.7375215720334797,-2.109381491348267,0,0.4566925259191854,-1.3062533764974125,0
0.791063982580164,-2.1444343341275425,0,0.46383276279570473,-1.2573541431005455,0
0.7664746722685016,-2.21076531679164,0,0.42527942044841616,-1.2266405731933705,0
0.8272776859795817,-2.254523440202132,0,0.4323187102210181,-1.1781463760709106,0
0.8002554171508414,-2.3337528653016375,0,0.39359265178888514,-1.1477751322528325,0
0.7688440493759496,-2.419829581685043,0,0.35495753549541875,-1.117213305089129,0
0.727818192974054,-2.5179500712460405,0,0.31370862659348153,-1.085639809860739,0
0.6735263322537524,-2.6328757027909675,0,0.2690254522775376,-1.051901303151065,0
0.6137197905766504,-2.754453777484001,0,0.22658593868666216,-1.018488388592635,0
0.5727324703645353,-2.8863616606370024,0,0.19509032252401665,-0.9807852803022054,0
0.8950792446193943,2.301383489539577,0,0.4393593616532312,1.129577386148076,0
0.9148699667004336,2.2207984061962316,0,0.47796116122522614,1.1601088432316398,0
0.8498580275761489,2.181549672433821,0,0.4708985323807484,1.208706539531442,0
0.8691170931755451,2.1142960981537064,0,0.5094748583675277,1.239325027410327,0
0.8123789168165299,2.0830798785113718,0,0.5023621380309771,1.288091471023987,0
0.8311843337447857,2.026248502135999,0,0.5409604740435412,1.31870416516002,0
0.8475234645762737,1.973548187561451,0,0.5794975307215882,1.349351422134446,0
0.8619422507521585,1.9246329217492335,0,0.6180801027467779,1.380004717325666,0
0.8748552999112847,1.8792022351199726,0,0.6567185461126075,1.4105440308590098,0
0.8862996294344919,1.8368461576438784,0,0.6954271158278538,1.4411258387087718,0
0.8965634969201597,1.7973966646649486,0,0.7341582533156203,1.471675084560046,0
0.9057193804461969,1.7606590565977105,0,0.7728279241216158,1.502273163955523,0
0.9138271243750873,1.7263991683655993,0,0.8113683523643556,1.5328851976495508,0
0.8754056240513975,1.7218122833726877,0,0.8040236174141517,1.5816391289494838,0
0.884289669361524,1.6914037282871655,0,0.8425750126353111,1.612174610122734,0
0.8925987960011089,1.662833726440523,0,0.8811106293778757,1.642568710019154,0
0.9004056642127656,1.6362213323914727,0,0.9194998606407794,1.6726070337701628,0
0.8937404682451764,1.6171836139197342,0,0.9455526259126594,1.7137354912669878,0
0.8645270929109147,1.6143460830682888,0,0.9427934721717726,1.7638425294879059,0
0.8712001064133785,2.3895322791488955,0,0.40074244350015253,1.099042127797138,0
0.8425083670058137,2.4855397276455764,0,0.362221779978245,1.068640649642659,0
0.8002137748743136,2.59936515864797,0,0.31916327536641176,1.036812870402047,0
0.7561592293489506,2.7221335438956085,0,0.2789406504611349,1.004197890929559,0
0.7142379501904188,2.853547764620136,0,0.24298018056647985,0.9700312530284171,0
0.7889096867102044,-1.8513198514577551,0,0.6426195207666947,-1.5080911209063432,0
0.7503441468295959,-1.8379245286620023,0,0.6354759842480155,-1.5568159013798895,0
0.7659338775078678,-1.8035035316131547,0,0.6740613245801403,-1.5873789228274564,0
0.7309347382284019,-1.792741895668877,0,0.6669036514610693,-1.6360853882548132,0
0.7461592185990593,-1.7623217377096778,0,0.7054617558284966,-1.6666170100788422,0
0.7602414781611239,-1.7334695922455547,0,0.744031211551494,-1.6971085224516553,0
0.773318228794778,-1.706078774490088,0,0.7825891545040642,-1.7275986306707742,0
0.7902567267776657,-1.6837128135426072,0,0.8181177421772887,-1.7449471571492552,0
0.7664027759292782,-1.679708659118029,0,0.8130398910836041,-1.7848688434964375,0
0.7437439585949154,-1.6736680352296043,0,0.810482626032343,-1.8284195122836873,0
0.7729243695437071,-1.8906557549550869,0,0.6039782597480687,-1.4775185379453741,0
0.7551652963499268,-1.9326450478285861,0,0.5653297100242296,-1.4469192155108102,0
0.7354021705747653,-1.9774836248801781,0,0.5266645463085127,-1.4163189620861565,0
0.713348116132352,-2.0254203130098127,0,0.4879862440859424,-1.3857110115418312,0
0.6888044130856394,-2.076665306513813,0,0.4493858238898887,-1.3549555759422471,0
0.6617070841433979,-2.1319911282044623,0,0.41073490836770277,-1.3235299389249995,0
0.7114625851124705,-2.1700699564703605,0,0.4180151612393421,-1.2750544577923815,0
0.6812219976572615,-2.2344463084623896,0,0.3794126042367717,-1.2445794559813168,0
0.7375746887228657,-2.282051057234515,0,0.38663674633292555,-1.1962167773943122,0
0.7037839516392244,-2.3588999591087343,0,0.3478461690680469,-1.165918470710803,0
0.6645797628347934,-2.4443109808664216,0,0.3084369658318983,-1.134335909489621,0
0.6194767604791503,-2.5373542678296195,0,0.26891265440161594,-1.102146110577886,0
0.5519787043533321,-2.66290560856664,0,0.22010089776117153,-1.0625488624810968,0
0.4769528578909651,-2.7635522524268064,0,0.1787543290553119,-1.034882314224999,0
0.43283196837473076,-2.91044118623929,0,0.14673047483692764,-0.989176509908181,0
0.800255417150894,2.333752865301696,0,0.3935926517888857,1.147775132252832,0
0.7688440493759884,2.41982958168506,0,0.3549575354954193,1.117213305089129,0
0.7278181929740328,2.517950071246129,0,0.3137086265934821,1.085639809860739,0
0.6735263322537608,2.632875702790983,0,0.26902545227753816,1.051901303151065,0
0.6137197905766629,2.7544537774840725,0,0.22658593868666266,1.018488388592635,0
0.5727324703646163,2.886361660637107,0,0.19509032252401715,0.9807852803022051,0
0.8272776859796064,2.254523440202212,0,0.43231871022101864,1.17814637607091,0
0.7664746722685487,2.2107653167916435,0,0.4252794204484167,1.22664057319337,0
0.7910639825802233,2.1444343341276206,0,0.4638327627957053,1.257354143100545,0
0.7375215720334782,2.1093814913483158,0,0.4566925259191861,1.306253376497412,0
0.760619552283774,2.0534330476196874,0,0.4951911373704603,1.3369108528425808,0
0.7812381916519892,2.0013030914772303,0,0.5338238125609347,1.367510974232474,0
0.7994949323770556,1.9526655264229842,0,0.5724530245671204,1.398175352400107,0
0.8158468837985167,1.907311292043861,0,0.611148080063733,1.428741485239236,0
0.8303148295313307,1.8650680934987,0,0.6497186334191416,1.459357013554682,0
0.8434654414923763,1.8256029871486275,0,0.6883693530345414,1.489886848721694,0
0.8552336447821951,1.7886558966344746,0,0.7270171515897217,1.520456317771698,0
0.8658160751317437,1.7541383215950639,0,0.7655429503290316,1.5510105000115368,0
0.8283963110751273,1.7473754645568773,0,0.7583295788868953,1.5997660774763318,0
0.8393483135362401,1.716743681931395,0,0.796860908509101,1.6303125295994738,0
0.8495177173211504,1.6879091526330208,0,0.8354356381176826,1.66081080801592,0
0.8590028719765336,1.6605914104896613,0,0.8740028702202596,1.6913182881099478,0
0.8544972652006348,1.6409754195849264,0,0.8999310898600801,1.7307615682818227,0
0.8249309642898687,1.6350627683238408,0,0.8992226575541575,1.7864486032744518,0
0.733143808387332,-1.8745077359625615,0,0.5968441469997989,-1.5262651688857545,0
0.7141892501475527,-1.9134243455111613,0,0.5581773160330761,-1.4957010917114455,0
0.6932804760913294,-1.9548315038031854,0,0.5194966514366268,-1.4651228610774734,0
0.670091004118162,-1.998880266541583,0,0.48081418966765455,-1.4345188498682673,0
0.6444174180483105,-2.045702566972333,0,0.4421504930767419,-1.4038711475725774,0
0.6159932575077152,-2.0957600263227474,0,0.4034586194946552,-1.3729279703358452,0
0.5841331800220977,-2.1489586783788637,0,0.36474329295742614,-1.3420197378988,0
0.6302927391593371,-2.1904787361219498,0,0.3720098234345859,-1.29298200387834,0
0.5948720967905097,-2.2526585163269526,0,0.33336682103573245,-1.26246205337039,0
0.6467674270186002,-2.303557078030725,0,0.34085187677137074,-1.2140717345419088,0
0.6069153354120637,-2.37825786161042,0,0.301918774655188,-1.183185460292307,0
0.5610517374050517,-2.459590981050208,0,0.26269009724272985,-1.151639946060103,0
0.5051191810129503,-2.5491362182723645,0,0.22191810231964693,-1.119217208372746,0
0.44741649033313413,-2.6334399698760915,0,0.18511491941593178,-1.090105394089912,0
0.3752329865486128,-2.707622170463294,0,0.1484540183781486,-1.069478001292287,0
0.338016321885336,-2.8020201126169604,0,0.12501317957324537,-1.035561018515463,0
0.2874354467306232,-2.9282184406729144,0,0.09801714056964247,-0.9951847266485508,0
0.6962243121258341,-1.858940515494677,0,0.5897173596129548,-1.5749957551347262,0
0.7143698501353626,-1.8248728468759874,0,0.628347296982916,-1.6055394276913764,0
0.6808065023436916,-1.8122628516436652,0,0.6212006986037419,-1.6542411100321843,0
0.6981621357236958,-1.7822191185068295,0,0.6597575088839309,-1.6847794269740195,0
0.7141655050647157,-1.753711915344281,0,0.6983203083882774,-1.7152798826443685,0
0.7290983026289487,-1.7264490419943608,0,0.7369145005194948,-1.7457336883349854,0
0.7473270958333132,-1.7039832812975102,0,0.7730950325325989,-1.7642356600390245,0
0.7254524371497924,-1.698291050484537,0,0.7692677476283012,-1.8031962761698503,0
0.7023080514282402,-1.6914683614234338,0,0.7653668625933476,-1.8477590659076784,0
0.7037839516392521,2.358899959108734,0,0.34784616906804744,1.165918470710803,0
0.7375746887228414,2.2820510572345825,0,0.3866367463329261,1.1962167773943118,0
0.6812219976572895,2.234446308462518,0,0.37941260423677226,1.2445794559813168,0
0.7114625851125068,2.1700699564703534,0,0.4180151612393428,1.275054457792381,0
0.6617070841434277,2.131991128204502,0,0.41073490836770343,1.323529938924999,0
0.688804413085701,2.076665306513837,0,0.44938582388988935,1.3549555759422467,0
0.7133481161323596,2.0254203130098563,0,0.48798624408594304,1.3857110115418307,0
0.735402170574808,1.9774836248801724,0,0.5266645463085133,1.416318962086156,0
0.7551652963499564,1.9326450478286694,0,0.5653297100242303,1.4469192155108097,0
0.7729243695437683,1.8906557549550556,0,0.6039782597480694,1.4775185379453737,0
0.7889096867102144,1.851319851457783,0,0.6426195207666954,1.5080911209063428,0
0.803387412334297,1.8144384929092103,0,0.6812500419346337,1.538639039295716,0
0.8164828599056371,1.7798843021416497,0,0.7197947969313141,1.569210902191171,0
0.7801298263573556,1.7710615511586927,0,0.7125933238871927,1.617956431925002,0
0.7932401344593024,1.740474508688925,0,0.7511618762505807,1.6484669721813268,0
0.8053585495265568,1.7114474873964571,0,0.7897304639994507,1.6789596856065518,0
0.8170538022409851,1.6845728708022016,0,0.8277856665208865,1.708140694058875,0
0.8301661773541422,1.6644526873517813,0,0.8591907170320678,1.724855139910595,0
0.8086778570617973,1.659633586691833,0,0.8579788665175603,1.7635396326281558,0
0.7847530606915325,1.654835720076978,0,0.8551101849915399,1.8079785871308687,0
0.6645797628348048,2.4443109808665735,0,0.30843696583189883,1.134335909489621,0
0.6194767604792081,2.5373542678296155,0,0.2689126544016165,1.102146110577886,0
0.5519787043533304,2.662905608566768,0,0.22010089776117203,1.0625488624810968,0
0.4769528578909568,2.763552252426793,0,0.1787543290553124,1.034882314224999,0
0.43283196837467636,2.910441186239364,0,0.14673047483692814,0.989176509908181,0
0.6763167578933867,-1.8950229085301458,0,0.5510415653227025,-1.5444866858613002,0
0.654459401244223,-1.933271703254517,0,0.5123478992267796,-1.5139186190521614,0
0.6304275331030127,-1.9737953927406537,0,0.4736439390260099,-1.4833375594071263,0
0.603978417535385,-2.0167184748678157,0,0.4349346948827666,-1.4527104669804694,0
0.57477210442393,-2.0622093790949565,0,0.39624209352542916,-1.4220054950693595,0
0.5424342472088964,-2.1103368186204587,0,0.35749510515074423,-1.391185926607087,0
0.5065261284034991,-2.1614218664130567,0,0.3186905432063465,-1.360195870698122,0
0.5483215606674597,-2.2053276236889516,0,0.32593760893702206,-1.3111714858139032,0
0.5078994410174057,-2.26517747820099,0,0.2870510277159104,-1.280334932435385,0
0.5547617543979931,-2.3192364040379676,0,0.29458434498483543,-1.231677909434284,0
0.5090058267162163,-2.3902749251588435,0,0.2556921439484664,-1.20081514108489,0
0.4569251406006397,-2.465519456153781,0,0.216693596757756,-1.169802319917377,0
0.397564434252001,-2.5454767718426488,0,0.17799644833867678,-1.139060617110101,0
0.32863758087979905,-2.6242049692978897,0,0.13892061692745494,-1.110125723683732,0
0.266767414840165,-2.7051170370170876,0,0.1066590993021205,-1.080429989578334,0
0.20083706119726355,-2.8022325873980205,0,0.07526093772212955,-1.045564283086771,0
0.1467882051210699,-2.9394383596559392,0,0.04906767443121758,-0.9987954562000729,0
0.6619323047255554,-1.8439553574742578,0,0.5826153788396264,-1.6237125703491815,0
0.6299113278420235,-1.829554385981321,0,0.5754924991335431,-1.6724067251201484,0
0.6492653955817612,-1.8000583730920054,0,0.6139661343585026,-1.7030452731148473,0
0.6673064085113097,-1.7719817413325025,0,0.6525261225288062,-1.7335608421173565,0
0.6845448263471303,-1.7462208594755246,0,0.6903421262742435,-1.7617494259109452,0
0.7036191906552919,-1.7220298426592824,0,0.7289465041660175,-1.7850367805236536,0
0.6809934448083284,-1.7150314764975934,0,0.7248027001288613,-1.8263860521078552,0
0.659999677531293,-1.7085702253017665,0,0.7197900710654326,-1.8659855984427152,0
0.6412175117739751,-1.8773972438544395,0,0.5439459904452801,-1.5932758212545934,0
0.6467674270186717,2.303557078030736,0,0.3408518767713713,1.2140717345419088,0
0.5948720967904888,2.2526585163269783,0,0.333366821035733,1.26246205337039,0
0.6302927391593283,2.190478736121967,0,0.37200982343458655,1.29298200387834,0
0.5841331800221324,2.148958678378865,0,0.3647432929574268,1.3420197378988,0
0.615993257507717,2.095760026322759,0,0.4034586194946559,1.3729279703358448,0
0.644417418048312,2.0457025669723565,0,0.4421504930767426,1.403871147572577,0
0.6700910041181828,1.998880266541622,0,0.4808141896676552,1.4345188498682668,0
0.6932804760913565,1.9548315038031645,0,0.5194966514366275,1.465122861077473,0
0.7141892501475701,1.9134243455111926,0,0.5581773160330767,1.495701091711445,0
0.7331438083873753,1.8745077359625792,0,0.5968441469997996,1.526265168885754,0
0.7503441468296586,1.8379245286620136,0,0.6354759842480162,1.556815901379889,0
0.7659338775079251,1.8035035316132089,0,0.674061324580141,1.587378922827456,0
0.7309347382284026,1.7927418956689114,0,0.6669036514610702,1.6360853882548128,0
0.7461592185990795,1.7623217377096891,0,0.7054617558284975,1.6666170100788418,0
0.7602414781611474,1.7334695922455974,0,0.7440312115514949,1.6971085224516549,0
0.7733182287947564,1.7060787744901713,0,0.7825891545040651,1.7275986306707738,0
0.7902567267775875,1.6837128135426782,0,0.8181177421772896,1.7449471571492547,0
0.766402775929198,1.6797086591181112,0,0.813039891083605,1.784868843496437,0
0.7437439585947491,1.673668035229715,0,0.8104826260323439,1.8284195122836868,0
0.6069153354120418,2.3782578616105132,0,0.30191877465518857,1.183185460292307,0
0.5610517374050505,2.4595909810501917,0,0.2626900972427304,1.151639946060103,0
0.505119181012914,2.5491362182724484,0,0.22191810231964748,1.119217208372746,0
0.4474164903331553,2.633439969876062,0,0.18511491941593228,1.090105394089912,0
0.37523298654862364,2.7076221704634156,0,0.1484540183781491,1.069478001292287,0
0.33801632188534575,2.8020201126170416,0,0.12501317957324587,1.035561018515463,0
0.2874354467306401,2.9282184406729637,0,0.09801714056964295,0.9951847266485508,0
0.6186242788546605,-1.9127745668274483,0,0.5052166796183264,-1.5627636591291225,0
0.585477825737594,-1.8933332513552343,0,0.49808885295392813,-1.6116046261293144,0
0.6085610658137227,-1.8606376332243226,0,0.5367731292190656,-1.6420506417088345,0
0.5781769697881781,-1.8446367387372684,0,0.5296152599147996,-1.6908200676636043,0
0.6000241163236787,-1.8157677687455835,0,0.5683501184756237,-1.7210843748206894,0
0.6193620912013955,-1.7885245375246628,0,0.6062648719815882,-1.7517347302678317,0
0.6386193402216593,-1.7633302021164183,0,0.6441707834095807,-1.7795069687504594,0
0.6551090216912829,-1.7379421051788413,0,0.6824658404162984,-1.8109650460711095,0
0.6421909192789358,-1.7272775037387658,0,0.687296474746274,-1.8490105069204632,0
0.616127874968262,-1.7245891582718644,0,0.67377970487645,-1.8830881310487313,0
0.5939896192884883,-1.9501096820380366,0,0.4664979617709978,-1.5321785964296253,0
0.5669748474577905,-1.9894826238060244,0,0.4277704117103879,-1.5015945278696452,0
0.5373268491611145,-2.0310136438139272,0,0.3890181613194674,-1.4709227542214824,0
0.5047592337370082,-2.0747663145534743,0,0.35024547450578813,-1.4401660948385748,0
0.4688027884827892,-2.120858688083421,0,0.3114415387090035,-1.40934639815831,0
0.42908017941772664,-2.1691222713008296,0,0.2725948296956924,-1.3784788153751388,0
0.46633696357893245,-2.2150677140096766,0,0.2798303326768232,-1.329394721754459,0
0.4216441195780241,-2.27146595601099,0,0.24097049728194936,-1.2985876924889,0
0.4625291072835367,-2.3282371288773396,0,0.24822595344380943,-1.249549437856368,0
0.41152450629683873,-2.394550407671322,0,0.209475803264563,-1.218831323605658,0
0.3559590821563417,-2.4633839293624935,0,0.17171886473413867,-1.1881852256906802,0
0.2738121756166536,-2.53222380496306,0,0.12557428605446008,-1.161007384923481,0
0.21565127063861617,-2.614317597235509,0,0.09303786996718177,-1.125473753467015,0
0.17551652548050622,-2.6883891070806705,0,0.07124812390196147,-1.092899391922077,0
0.09734708394067061,-2.7380543950892524,0,0.037941139861740344,-1.076057135607035,0
0.09992189395222899,-2.8313879306830296,0,0.03720598610672238,-1.036541042540306,0
5.151873970002906e-14,-2.9433475115758405,0,-2.591808530679738e-16,-1.0,0
0.5547617543980082,2.3192364040380116,0,0.294584344984836,1.231677909434284,0
0.5078994410174328,2.2651774782009926,0,0.28705102771591107,1.280334932435385,0
0.548321560667473,2.205327623689066,0,0.3259376089370227,1.3111714858139032,0
0.5065261284034854,2.1614218664131135,0,0.31869054320634715,1.360195870698122,0
0.5424342472089132,2.110336818620493,0,0.3574951051507449,1.391185926607087,0
0.5747721044239645,2.062209379094959,0,0.39624209352542983,1.422005495069359,0
0.6039784175354007,2.0167184748678713,0,0.43493469488276726,1.452710466980469,0
0.6304275331030587,1.973795392740653,0,0.47364393902601054,1.4833375594071259,0
0.6544594012442377,1.9332717032545685,0,0.5123478992267803,1.513918619052161,0
0.6763167578934441,1.8950229085301145,0,0.5510415653227032,1.5444866858612998,0
0.6962243121258548,1.8589405154947096,0,0.5897173596129555,1.5749957551347258,0
0.7143698501353761,1.8248728468759696,0,0.6283472969829167,1.605539427691376,0
0.6808065023437206,1.812262851643674,0,0.6212006986037428,1.6542411100321839,0
0.6981621357237238,1.7822191185068466,0,0.6597575088839318,1.684779426974019,0
0.7141655050647053,1.7537119153443026,0,0.6983203083882783,1.715279882644368,0
0.7290983026289071,1.7264490419943752,0,0.7369145005194957,1.745733688334985,0
0.7473270958332465,1.703983281297616,0,0.7730950325325998,1.764235660039024,0
0.7254524371496818,1.6982910504846294,0,0.7692677476283021,1.80319627616985,0
0.7023080514281084,1.691468361423555,0,0.7653668625933485,1.847759065907678,0
0.5090058267162202,2.3902749251588773,0,0.25569214394846695,1.20081514108489,0
0.4569251406006663,2.4655194561538134,0,0.21669359675775657,1.169802319917377,0
0.3975644342519848,2.545476771842725,0,0.17799644833867734,1.139060617110101,0
0.3286375808797978,2.6242049692979266,0,0.1389206169274555,1.110125723683732,0
0.2667674148401312,2.7051170370171147,0,0.10665909930212103,1.080429989578334,0
0.20083706119723696,2.8022325873980725,0,0.07526093772213005,1.045564283086771,0
0.14678820512108984,2.9394383596560205,0,0.04906767443121807,0.9987954562000729,0
0.5603186984323689,-1.927699148134456,0,0.45935407468174494,-1.5811556519968584,0
0.5329992676661998,-1.9639201280609757,0,0.42060639106817377,-1.5505070239229584,0
0.5031848518372445,-2.0019074481739203,0,0.3818470441582392,-1.5198567231207967,0
0.4705515364929547,-2.041763573875719,0,0.3430488879727096,-1.4891472385085869,0
0.4347707329788451,-2.0834885846551074,0,0.30422706035737446,-1.458388756466627,0
0.3955260680645244,-2.127007301353613,0,0.26536193778133055,-1.427575947573089,0
0.3523048639913298,-2.1724267572715905,0,0.22646276044789015,-1.3967556434549313,0
0.38498172638082,-2.219644293371312,0,0.23370783370633963,-1.347657995702593,0
0.3319940877121419,-2.2749629428485436,0,0.1919306221687876,-1.315452553377113,0
0.3677843329975781,-2.332938659597858,0,0.19967445931444044,-1.2668207874490909,0
0.31591874846332113,-2.391406889893023,0,0.1633903230922767,-1.237022592969058,0
0.2614264077630197,-2.447554414747358,0,0.1293325988712707,-1.210010914357945,0
0.18272059251007433,-2.482924369496048,0,0.08809221923470831,-1.197018626328959,0
0.1726162669302402,-2.5523561499894365,0,0.07832031644348014,-1.159499000354933,0
0.10383996004263767,-2.626493361106641,0,0.044522010222624156,-1.125704394314883,0
-1.5875952435803583e-14,-2.6836109732115894,0,-3.073033988672743e-16,-1.1,0
-4.327278574887126e-15,-2.809012099599652,0,-2.8324212596762404e-16,-1.05,0
-0.09992189395217153,-2.8313879306829794,0,-0.037205986106723,-1.036541042540306,0
-0.14678820512106305,-2.9394383596559814,0,-0.04906767443121819,-0.9987954562000729,0
0.5545319230180432,-1.8748948112770496,0,0.490831103193457,-1.6605567674059465,0
0.5257568172677928,-1.8574241740401447,0,0.48359113902482165,-1.7095098021735295,0
0.5497349291139698,-1.82931501515754,0,0.52244788904348,-1.7396325597795013,0
0.5711966875575416,-1.8023906430586718,0,0.560842322224085,-1.7706329664454001,0
0.590869000683712,-1.7781236231956725,0,0.597464607821055,-1.7989015125862062,0
0.6128709605105179,-1.7583978721964104,0,0.6330250176403862,-1.8167133472220511,0
0.6102579965295483,-1.7426432548237654,0,0.648776411490257,-1.8523616892636552,0
0.5727297646797228,-1.73954930257046,0,0.6273634790264127,-1.8990563617712555,0
0.5291979423216786,-1.90662338414977,0,0.45217759817854863,-1.6300816207427935,0
0.46252910728351626,2.3282371288774173,0,0.24822595344381004,1.249549437856368,0
0.42164411957803477,2.271465956011077,0,0.24097049728194997,1.2985876924889,0
0.46633696357895077,2.2150677140096797,0,0.2798303326768239,1.329394721754459,0
0.4290801794177332,2.169122271300872,0,0.27259482969569304,1.3784788153751388,0
0.4688027884828099,2.120858688083481,0,0.31144153870900415,1.40934639815831,0
0.5047592337370059,2.0747663145534996,0,0.3502454745057888,1.4401660948385748,0
0.5373268491611166,2.0310136438139064,0,0.3890181613194681,1.470922754221482,0
0.5669748474577744,1.9894826238060648,0,0.42777041171038865,1.5015945278696448,0
0.5939896192885108,1.9501096820379904,0,0.46649796177099856,1.5321785964296248,0
0.6186242788546452,1.9127745668274865,0,0.5052166796183271,1.562763659129122,0
0.6412175117739798,1.877397243854419,0,0.5439459904452808,1.593275821254593,0
0.6619323047255733,1.8439553574742473,0,0.5826153788396273,1.623712570349181,0
0.6299113278420357,1.829554385981322,0,0.5754924991335439,1.672406725120148,0
0.649265395581749,1.800058373091994,0,0.6139661343585034,1.7030452731148469,0
0.667306408511286,1.7719817413325132,0,0.652526122528807,1.733560842117356,0
0.6845448263471026,1.7462208594755586,0,0.6903421262742444,1.7617494259109447,0
0.7036191906552437,1.722029842659322,0,0.7289465041660184,1.785036780523653,0
0.6809934448082448,1.715031476497693,0,0.7248027001288622,1.8263860521078548,0
0.6599996775311391,1.708570225301893,0,0.7197900710654335,1.8659855984427147,0
0.41152450629685183,2.394550407671356,0,0.2094758032645636,1.218831323605658,0
0.35595908215633,2.4633839293625575,0,0.17171886473413922,1.1881852256906802,0
0.273812175616677,2.5322238049631074,0,0.12557428605446064,1.161007384923481,0
0.21565127063862408,2.6143175972355546,0,0.09303786996718233,1.125473753467015,0
0.1755165254804808,2.688389107080702,0,0.071248123901962,1.092899391922077,0
0.09734708394066646,2.738054395089363,0,0.03794113986174086,1.076057135607035,0
0.09992189395220837,2.8313879306830465,0,0.03720598610672288,1.036541042540306,0
-5.760401977343198e-14,2.9433475115759222,0,2.220446049250313e-16,1.0,0
0.5017578505444547,-1.939914192458135,0,0.4134744164963754,-1.5994759586643534,0
0.47190884040450226,-1.9747501598159394,0,0.3746944375912985,-1.5687806854564728,0
0.4393646639407088,-2.0111513950746702,0,0.3358702774328145,-1.5380954424125448,0
0.40392737925771727,-2.048998485908848,0,0.297022355214983,-1.507402150851457,0
0.3652270947186024,-2.0884004099425137,0,0.2581411923806982,-1.476666100659508,0
0.322965865374222,-2.129211742396542,0,0.21922941831972004,-1.445862726266407,0
0.2767359361072032,-2.1713316401524656,0,0.18030853711686246,-1.415042858290683,0
0.3049612028745609,-2.2193646261219904,0,0.1875538461863817,-1.365924926147193,0
0.24463084533189458,-2.274225885724391,0,0.14311361576714043,-1.331276302514291,0
0.2806566554761532,-2.332515797737892,0,0.15423797838408088,-1.282167594887338,0
0.242526151930538,-2.3843260977569316,0,0.12743158589018028,-1.252124005671904,0
0.17374717581709687,-2.404818600578117,0,0.09005898609443924,-1.245307382624987,0
0.08994042912070463,-2.4462793487477463,0,0.045045183565117636,-1.2242538135382919,0
0.09182561673005656,-2.5282594121539406,0,0.042688991665124174,-1.176337163535087,0
2.6881783384382752e-14,-2.5812196515055033,0,-3.3136467176692455e-16,-1.15,0
-0.10383996004265296,-2.6264933611066947,0,-0.044522010222624836,-1.125704394314883,0
-0.09734708394065902,-2.7380543950892764,0,-0.03794113986174098,-1.076057135607035,0
-0.20083706119725794,-2.8022325873979885,0,-0.07526093772213018,-1.045564283086771,0
-0.2874354467306592,-2.9282184406729272,0,-0.09801714056964306,-0.9951847266485508,0
0.5003099194016816,-1.8867803164416508,0,0.44494607475332015,-1.6790173877211065,0
0.47285643085513535,-1.917437469387328,0,0.4062712388417774,-1.6483979268447455,0
0.4990227011184015,-1.8408779654553542,0,0.476455516644279,-1.7584105664013523,0
0.5226435801278978,-1.814568093678014,0,0.5150815458796794,-1.7891616994758612,0
0.54407376240636,-1.7895006116559484,0,0.5533480134903659,-1.8203703530745625,0
0.5680634149355549,-1.7622584771756769,0,0.5977645053610161,-1.853875372723089,0
0.5301904789252433,-1.7531099418524188,0,0.5805693529125169,-1.9138806719486832,0
0.47346578767806535,-1.8680128787600188,0,0.43774403432057196,-1.7280059641580743,0
0.3677843329975885,2.33293865959784,0,0.19967445931444106,1.2668207874490909,0
0.33199408771215916,2.274962942848559,0,0.1919306221687882,1.315452553377113,0
0.3849817263808118,2.2196442933713523,0,0.2337078337063403,1.347657995702593,0
0.3523048639913333,2.172426757271622,0,0.22646276044789082,1.3967556434549313,0
0.3955260680645212,2.127007301353618,0,0.2653619377813312,1.427575947573089,0
0.43477073297885416,2.0834885846551816,0,0.3042270603573751,1.458388756466627,0
0.47055153649298703,2.041763573875774,0,0.34304888797271027,1.4891472385085869,0
0.5031848518372825,2.0019074481739367,0,0.38184704415824,1.5198567231207967,0
0.532999267666221,1.963920128061031,0,0.42060639106817455,1.550507023922958,0
0.560318698432392,1.9276991481344772,0,0.4593540746817457,1.581155651996858,0
0.5854778257376274,1.8933332513552317,0,0.4980888529539289,1.611604626129314,0
0.6085610658137591,1.8606376332243388,0,0.5367731292190665,1.642050641708834,0
0.5781769697881503,1.8446367387372309,0,0.5296152599148005,1.6908200676636038,0
0.6000241163236645,1.8157677687455858,0,0.5683501184756246,1.721084374820689,0
0.6193620912013929,1.7885245375246546,0,0.6062648719815891,1.7517347302678312,0
0.6386193402216354,1.763330202116443,0,0.6441707834095816,1.779506968750459,0
0.6551090216912423,1.737942105178863,0,0.6824658404162993,1.810965046071109,0
0.6421909192788366,1.7272775037387713,0,0.6872964747462749,1.8490105069204628,0
0.6161278749681811,1.7245891582719433,0,0.6737797048764509,1.8830881310487309,0
0.3159187484633032,2.3914068898930942,0,0.1633903230922773,1.237022592969058,0
0.26142640776299086,2.447554414747416,0,0.12933259887127124,1.210010914357945,0
0.18272059251006448,2.482924369496082,0,0.08809221923470889,1.197018626328959,0
0.1726162669302582,2.5523561499894534,0,0.0783203164434807,1.159499000354933,0
0.10383996004260762,2.6264933611067773,0,0.0445220102226247,1.125704394314883,0
2.795812393965711e-14,2.683610973211572,0,2.220446049250313e-16,1.1,0
-8.247980241403872e-18,2.8090120995996513,0,2.220446049250313e-16,1.05,0
-0.09992189395224972,2.831387930683144,0,-0.0372059861067225,1.036541042540306,0
-0.14678820512109544,2.939438359655978,0,-0.049067674431217706,0.9987954562000729,0
0.44311296524348454,-1.9494228410235561,0,0.36752371487957747,-1.6177352077748557,0
0.41659081110004764,-1.9257592901086036,0,0.3603517851551631,-1.6666859882254128,0
0.44610073099556186,-1.8963571288711663,0,0.39909238726389973,-1.6973627068952504,0
0.42126300697953717,-1.8766020593626291,0,0.3918712067607595,-1.7462913159846025,0
0.4484923915494342,-1.8504116203224386,0,0.43058236603674627,-1.7769062943872242,0
0.47392680881820604,-1.8251440947314415,0,0.46926374110706415,-1.8074088000968143,0
0.4964564273939018,-1.8003523488384319,0,0.5074931588058971,-1.8397788577111465,0
0.5143859133329498,-1.7755440295206526,0,0.5444373455470704,-1.8772248490305645,0
0.487608540285058,-1.7653051408887206,0,0.533425513494042,-1.9275521319937412,0
0.41087267137399686,-1.9826816608284201,0,0.32871573818604294,-1.587062106724503,0
0.3758784067632108,-2.017155608397717,0,0.28987602880205043,-1.5563880002167207,0
0.3378222778736763,-2.0528454777524803,0,0.25097423121321005,-1.525720328618073,0
0.296467660842299,-2.0896162202585855,0,0.21201022851363666,-1.4949997026729989,0
0.2515300976024212,-2.1275190829492603,0,0.1730463037756324,-1.464162576520311,0
0.2028197205678299,-2.1670757995806293,0,0.1339685037429097,-1.432372386813668,0
0.22296575165322766,-2.216037619884363,0,0.13912838018174645,-1.383272033175373,0
0.16128119341451833,-2.2608151035491053,0,0.09647632513066864,-1.352409844500705,0
0.1795074023738537,-2.3327433113254243,0,0.09963648513448559,-1.294507111164958,0
0.08422132058661119,-2.369473323692622,0,0.045307778724191616,-1.275068861232616,0
1.0795614586966807e-14,-2.4092532458658926,0,-3.7948721756622506e-16,-1.25,0
-2.3471893907968358e-15,-2.4898526405046137,0,-3.554259446665748e-16,-1.2,0
-0.09182561673004333,-2.5282594121539255,0,-0.04268899166512489,-1.176337163535087,0
-0.17261626693026236,-2.5523561499894325,0,-0.07832031644348084,-1.159499000354933,0
-0.21565127063859627,-2.6143175972354586,0,-0.09303786996718248,-1.125473753467015,0
-0.26676741484014227,-2.7051170370170774,0,-0.10665909930212117,-1.080429989578334,0
-0.17551652548044772,-2.6883891070805945,0,-0.07124812390196214,-1.092899391922077,0
-0.3380163218853506,-2.80202011261698,0,-0.125013179573246,-1.035561018515463,0
-0.4328319683747075,-2.910441186239274,0,-0.14673047483692828,-0.989176509908181,0
0.28065665547614277,2.3325157977380218,0,0.1542379783840815,1.282167594887338,0
0.24463084533190568,2.27422588572444,0,0.1431136157671411,1.331276302514291,0
0.304961202874586,2.2193646261220805,0,0.18755384618638238,1.365924926147193,0
0.2767359361071966,2.171331640152517,0,0.18030853711686312,1.415042858290683,0
0.32296586537419825,2.1292117423966284,0,0.21922941831972076,1.445862726266407,0
0.36522709471861564,2.0884004099425,0,0.2581411923806989,1.476666100659508,0
0.403927379257672,2.048998485908887,0,0.29702235521498377,1.507402150851457,0
0.4393646639407094,2.011151395074623,0,0.3358702774328153,1.5380954424125448,0
0.47190884040446457,1.9747501598159887,0,0.3746944375912993,1.5687806854564728,0
0.5017578505444638,1.9399141924580983,0,0.4134744164963762,1.599475958664353,0
0.5291979423216625,1.9066233841498152,0,0.4521775981785494,1.630081620742793,0
0.5545319230180342,1.87489481127703,0,0.4908311031934578,1.660556767405946,0
0.5257568172677977,1.8574241740401531,0,0.4835911390248224,1.709509802173529,0
0.5497349291139807,1.8293150151575297,0,0.5224478890434809,1.7396325597795008,0
0.5711966875575193,1.802390643058667,0,0.5608423222240859,1.7706329664453997,0
0.590869000683675,1.7781236231956652,0,0.5974646078210559,1.7989015125862058,0
0.6128709605104691,1.758397872196425,0,0.6330250176403871,1.8167133472220507,0
0.6102579965294812,1.7426432548238204,0,0.6487764114902579,1.8523616892636547,0
0.5727297646796883,1.7395493025705153,0,0.6273634790264135,1.899056361771255,0
0.24252615193057764,2.3843260977569223,0,0.1274315858901809,1.252124005671904,0
0.1737471758171031,2.4048186005782326,0,0.09005898609443985,1.245307382624987,0
0.089940429120737,2.4462793487477903,0,0.04504518356511822,1.2242538135382919,0
0.09182561673006567,2.5282594121539996,0,0.04268899166512474,1.176337163535087,0
-2.164670144261569e-14,2.581219651505598,0,2.220446049250313e-16,1.15,0
-0.10383996004260848,2.6264933611067063,0,-0.044522010222624295,1.125704394314883,0
-0.09734708394069105,2.7380543950893923,0,-0.03794113986174047,1.076057135607035,0
-0.20083706119723901,2.8022325873980725,0,-0.07526093772212968,1.045564283086771,0
-0.2874354467305955,2.928218440672996,0,-0.09801714056964259,0.9951847266485508,0
0.38467792081213936,-1.9562355418304895,0,0.3215565346357655,-1.63602157031247,0
0.3605576806380583,-1.931643830147843,0,0.31438987038694177,-1.684974533098074,0
0.39196630091546836,-1.9036766048196831,0,0.35311879154194126,-1.715666618898736,0
0.36907102636193967,-1.883040353220813,0,0.34583151637307696,-1.7647329237059197,0
0.3980116128672872,-1.8580426094846914,0,0.38455640201604524,-1.7953901169059585,0
0.42491170223047264,-1.8338327516834827,0,0.4232389998707695,-1.8261477166214721,0
0.44888015320695573,-1.810267758204344,0,0.46089391745695973,-1.8578343459949784,0
0.46952146210649776,-1.7876772099390867,0,0.49731875304375417,-1.8912626241194852,0
0.44435255489106634,-1.776749439676614,0,0.48596035853698494,-1.9400625067070925,0
0.3502288920357104,-1.987676306724638,0,0.2827348787640728,-1.605378193961792,0
0.3130228857112484,-2.020119698054943,0,0.24389021285287715,-1.574695950369547,0
0.27273657252216427,-2.0534243368731313,0,0.20497932559438142,-1.5439550105116622,0
0.23000270386811952,-2.087985922886726,0,0.16652104826119357,-1.512466978477769,0
0.18362592466812305,-2.122974112419719,0,0.12807480255857245,-1.481355706736923,0
0.130993588662422,-2.156191506207693,0,0.08823641268801594,-1.4527678473143768,0
0.14686851934393153,-2.205831326934058,0,0.09334945314651644,-1.402605880785698,0
0.07913187186529272,-2.2413186610664684,0,0.04855147740473176,-1.375700978922926,0
0.09020350533191236,-2.301694523306333,0,0.05187126222773866,-1.325083796556721,0
6.359941635887201e-15,-2.3377267330361997,0,-4.035484904658753e-16,-1.3,0
-0.08422132058661141,-2.3694733236926058,0,-0.04530777872419238,-1.275068861232616,0
-0.08994042912069518,-2.44627934874776,0,-0.045045183565118364,-1.2242538135382919,0
-0.1827205925100457,-2.482924369496031,0,-0.08809221923470904,-1.197018626328959,0
-0.2738121756166516,-2.5322238049630394,0,-0.12557428605446078,-1.161007384923481,0
-0.32863758087977163,-2.624204969297882,0,-0.13892061692745566,-1.110125723683732,0
-0.3752329865486185,-2.7076221704633374,0,-0.1484540183781492,-1.069478001292287,0
-0.4769528578909276,-2.7635522524267655,0,-0.17875432905531255,-1.034882314224999,0
-0.5727324703645319,-2.8863616606370313,0,-0.19509032252401728,-0.9807852803022052,0
0.17950740237385404,2.332743311325467,0,0.0996364851344862,1.294507111164958,0
0.0842213205865672,2.3694733236926564,0,0.04530777872419223,1.275068861232616,0
2.397050863422363e-14,2.4092532458659464,0,2.220446049250313e-16,1.25,0
-1.8567520411179577e-14,2.4898526405046866,0,2.220446049250313e-16,1.2,0
-0.09182561673005898,2.528259412153998,0,-0.04268899166512432,1.176337163535087,0
-0.17261626693023382,2.552356149989465,0,-0.07832031644348028,1.159499000354933,0
-0.21565127063868006,2.6143175972355803,0,-0.09303786996718193,1.125473753467015,0
-0.2667674148401773,2.7051170370170903,0,-0.10665909930212064,1.080429989578334,0
-0.17551652548052243,2.688389107080793,0,-0.07124812390196161,1.092899391922077,0
0.22296575165319713,2.2160376198843488,0,0.1391283801817471,1.383272033175373,0
0.20281972056787534,2.1670757995806436,0,0.13396850374291036,1.432372386813668,0
0.25153009760239675,2.1275190829493282,0,0.17304630377563313,1.464162576520311,0
0.29646766084233145,2.0896162202586273,0,0.21201022851363738,1.4949997026729989,0
0.3378222778736893,2.0528454777525478,0,0.25097423121321083,1.525720328618073,0
0.3758784067632189,2.017155608397793,0,0.2898760288020512,1.5563880002167207,0
0.4108726713740072,1.9826816608284066,0,0.3287157381860437,1.587062106724503,0
0.4431129652434498,1.9494228410235754,0,0.36752371487957824,1.6177352077748557,0
0.4728564308551281,1.9174374693873149,0,0.4062712388417782,1.648397926844745,0
0.5003099194016589,1.8867803164416281,0,0.44494607475332093,1.679017387721106,0
0.47346578767807795,1.8680128787600112,0,0.43774403432057274,1.7280059641580738,0
0.4990227011183888,1.8408779654553604,0,0.4764555166442799,1.7584105664013518,0
0.5226435801278834,1.8145680936779989,0,0.5150815458796802,1.7891616994758608,0
0.5440737624063609,1.789500611655961,0,0.5533480134903668,1.820370353074562,0
0.5680634149355311,1.7622584771756946,0,0.597764505361017,1.8538753727230886,0
0.5301904789252144,1.7531099418524618,0,0.5805693529125178,1.9138806719486827,0
0.16128119341448616,2.260815103549191,0,0.09647632513066928,1.352409844500705,0
-0.3380163218853413,2.8020201126170394,0,-0.1250131795732455,1.035561018515463,0
-0.43283196837473925,2.910441186239397,0,-0.14673047483692778,0.989176509908181,0
0.3267093390256585,-1.9604000760827616,0,0.27557550585248103,-1.654329840225027,0
0.3049925966160781,-1.9351164867866468,0,0.268386524175806,-1.7032808422062349,0
0.33818171663447255,-1.9087034556741538,0,0.3071491288546042,-1.7340247508089381,0
0.31751973450861654,-1.8873677734090195,0,0.2999487683962818,-1.7830134130350404,0
0.3479215430354962,-1.8637636802501631,0,0.3386296248089178,-1.8137163862411327,0
0.37625118391538653,-1.840799190889221,0,0.37709690245515404,-1.8442659484441617,0
0.40219280820065745,-1.818965235424046,0,0.41470166107193385,-1.8742998673352531,0
0.4257710613961076,-1.7976176134943107,0,0.4517022244215716,-1.9051230532793946,0
0.4008970026388277,-1.7870726203145,0,0.438202479008571,-1.9514042603701425,0
0.2902321087048362,-1.9899703705892868,0,0.23671806579169352,-1.6236436484415262,0
0.25112004619755424,-2.020069692875521,0,0.1979408375207904,-1.593006883881828,0
0.21015835834604482,-2.0508564581417623,0,0.16001691586498878,-1.562047742327355,0
0.1673842685107589,-2.0827044585828633,0,0.12292161373287694,-1.530124103446566,0
0.11786608312709194,-2.112995361090433,0,0.08370390425982571,-1.500907669817843,0
0.06327270319335973,-2.1401891683505925,0,0.04359109009904612,-1.475000000000001,0
0.06980741971879681,-2.1880967305928802,0,0.045487959753648374,-1.4253534333835467,0
1.004360886313748e-14,-2.216703111805165,0,-4.516710362651758e-16,-1.4,0
2.6875723095670074e-18,-2.2738091528705806,0,-4.2760976336552557e-16,-1.35,0
-0.09020350533190484,-2.301694523306297,0,-0.05187126222773946,-1.325083796556721,0
-0.1795074023738463,-2.3327433113254235,0,-0.09963648513448635,-1.294507111164958,0
-0.17374717581710994,-2.4048186005780874,0,-0.09005898609444002,-1.245307382624987,0
-0.2614264077630152,-2.447554414747359,0,-0.12933259887127135,-1.210010914357945,0
-0.3559590821563241,-2.463383929362505,0,-0.17171886473413936,-1.1881852256906802,0
-0.3975644342519781,-2.5454767718426603,0,-0.17799644833867748,-1.139060617110101,0
-0.4474164903331559,-2.633439969876088,0,-0.1851149194159324,-1.090105394089912,0
-0.5519787043532823,-2.6629056085666343,0,-0.22010089776117214,-1.0625488624810968,0
-0.613719790576655,-2.7544537774840294,0,-0.2265859386866628,-1.018488388592635,0
-0.7142379501904106,-2.853547764620137,0,-0.24298018056647994,-0.9700312530284172,0
0.09020350533192205,2.3016945233063733,0,0.0518712622277393,1.325083796556721,0
-4.344722500344554e-15,2.3377267330362974,0,2.220446049250313e-16,1.3,0
-0.08422132058659842,2.3694733236926226,0,-0.04530777872419177,1.275068861232616,0
-0.08994042912075136,2.4462793487478574,0,-0.04504518356511778,1.2242538135382919,0
-0.18272059251003173,2.482924369496041,0,-0.08809221923470846,1.197018626328959,0
-0.2738121756167138,2.532223804963152,0,-0.12557428605446022,1.161007384923481,0
-0.3286375808797793,2.6242049692979585,0,-0.1389206169274551,1.110125723683732,0
-0.3752329865486312,2.707622170463367,0,-0.1484540183781487,1.069478001292287,0
-0.4769528578910043,2.7635522524268272,0,-0.17875432905531205,1.034882314224999,0
-0.5727324703646247,2.8863616606370837,0,-0.19509032252401678,0.9807852803022052,0
0.14686851934394385,2.205831326934193,0,0.0933494531465171,1.402605880785698,0
0.07913187186531147,2.241318661066495,0,0.048551477404732424,1.375700978922926,0
0.13099358866242305,2.156191506207762,0,0.08823641268801663,1.4527678473143768,0
0.18362592466814023,2.122974112419801,0,0.12807480255857318,1.481355706736923,0
0.23000270386810237,2.087985922886817,0,0.1665210482611943,1.512466978477769,0
0.27273657252216227,2.053424336873124,0,0.20497932559438214,1.5439550105116622,0
0.3130228857112024,2.0201196980550122,0,0.24389021285287793,1.574695950369547,0
0.35022889203573765,1.9876763067246486,0,0.28273487876407355,1.605378193961792,0
0.384677920812122,1.9562355418305983,0,0.3215565346357663,1.63602157031247,0
0.4165908111000847,1.925759290108601,0,0.36035178515516386,1.6666859882254128,0
0.44610073099555975,1.8963571288712173,0,0.3990923872639005,1.69736270689525,0
0.42126300697950847,1.8766020593626647,0,0.39187120676076037,1.746291315984602,0
0.4484923915494349,1.85041162032241,0,0.43058236603674716,1.7769062943872238,0
0.4739268088182129,1.8251440947314685,0,0.46926374110706504,1.8074088000968138,0
0.49645642739390167,1.8003523488384179,0,0.507493158805898,1.839778857711146,0
0.5143859133329292,1.7755440295206764,0,0.5444373455470712,1.877224849030564,0
0.48760854028511186,1.7653051408887674,0,0.5334255134940429,1.9275521319937408,0
0.26933518994230876,-1.9620751948340467,0,0.22952934363430788,-1.6726091660339908,0
0.25014507137957387,-1.93624120778437,0,0.22236316409567142,-1.721615415768595,0
0.28501189827213735,-1.911616886676232,0,0.2612371586543669,-1.752319126090208,0
0.2664596637131489,-1.8897895134024152,0,0.2540514458051961,-1.8013182541524269,0
0.29843866599251073,-1.8674690706649486,0,0.29279373588153,-1.831969037211615,0
0.328390500565204,-1.8458509553260096,0,0.3315035453439785,-1.8625521986743323,0
0.35783446294339283,-1.8259129804774743,0,0.37042659224067154,-1.8891167372137851,0
0.38015573535244895,-1.8066017287711567,0,0.4041925223339651,-1.9191261706157217,0
0.3570057532951317,-1.7963615835515088,0,0.39018064286380827,-1.9615705610388794,0
0.2310959751937057,-1.9896409124281496,0,0.1906376161256319,-1.6418418561769728,0
0.19107845944139198,-2.016399890818711,0,0.1527607351834993,-1.612456496121592,0
0.15126329931724267,-2.044637209730804,0,0.116935973329818,-1.5808759387735807,0
0.10714057063250046,-2.0713741993664327,0,0.0802500301075885,-1.5519292488713878,0
0.0588283168322277,-2.0964621267265975,0,0.04278039884806055,-1.525033915845612,0
-1.1329435129370129e-14,-2.1191098474828407,0,-2.77748977139445e-16,-1.5,0
-7.295088468196622e-15,-2.165453280271084,0,-4.75732309164826e-16,-1.4499999999999997,0
-0.06980741971879456,-2.188096730592827,0,-0.04548795975364922,-1.4253534333835467,0
-0.07913187186529512,-2.2413186610664266,0,-0.0485514774047326,-1.375700978922926,0
-0.16128119341451025,-2.260815103549129,0,-0.09647632513066944,-1.352409844500705,0
-0.244630845331878,-2.274225885724369,0,-0.1431136157671413,-1.331276302514291,0
-0.28065665547614504,-2.3325157977379054,0,-0.15423797838408163,-1.282167594887338,0
-0.31591874846331985,-2.3914068898930263,0,-0.16339032309227747,-1.237022592969058,0
-0.41152450629682397,-2.3945504076712685,0,-0.20947580326456378,-1.218831323605658,0
-0.4569251406006661,-2.465519456153743,0,-0.2166935967577567,-1.169802319917377,0
-0.5051191810129511,-2.549136218272401,0,-0.22191810231964765,-1.119217208372746,0
-0.6194767604791337,-2.537354267829523,0,-0.26891265440161666,-1.102146110577886,0
-0.6735263322537816,-2.632875702790947,0,-0.2690254522775383,-1.051901303151065,0
-0.7561592293489253,-2.7221335438955188,0,-0.27894065046113503,-1.004197890929559,0
-0.8538562779328728,-2.8153372348178864,0,-0.2902846780356869,-0.9569403354952272,0
-0.24252615193051574,-2.3843260977569183,0,-0.12743158589018105,-1.252124005671904,0
-1.9358442970098535e-14,2.2738091528706645,0,2.220446049250313e-16,1.35,0
1.408064742599055e-14,2.216703111805232,0,2.220446049250313e-16,1.4,0
0.06980741971876783,2.188096730592896,0,0.045487959753649054,1.4253534333835467,0
0.06327270319334868,2.1401891683506737,0,0.043591090099046825,1.475000000000001,0
0.11786608312707514,2.112995361090424,0,0.08370390425982643,1.500907669817843,0
0.16738426851073232,2.082704458582908,0,0.12292161373287769,1.530124103446566,0
0.2101583583460449,2.050856458141858,0,0.16001691586498956,1.562047742327355,0
0.25112004619755546,2.020069692875532,0,0.19794083752079117,1.593006883881828,0
0.29023210870481475,1.9899703705893677,0,0.2367180657916943,1.6236436484415262,0
0.32670933902566385,1.9604000760827318,0,0.2755755058524818,1.654329840225027,0
0.3605576806380281,1.9316438301478884,0,0.31438987038694255,1.684974533098074,0
0.3919663009154704,1.9036766048196925,0,0.35311879154194203,1.715666618898736,0
0.3690710263619303,1.8830403532208413,0,0.34583151637307785,1.7647329237059197,0
0.3980116128672997,1.8580426094847378,0,0.38455640201604613,1.795390116905958,0
0.4249117022304847,1.8338327516834603,0,0.4232389998707704,1.8261477166214717,0
0.44888015320694535,1.8102677582043722,0,0.4608939174569606,1.857834345994978,0
0.4695214621065256,1.7876772099390803,0,0.49731875304375506,1.8912626241194848,0
0.44435255489116743,1.7767494396766355,0,0.4859603585369858,1.940062506707092,0
-0.09020350533189841,2.3016945233063386,0,-0.05187126222773882,1.325083796556721,0
-0.17950740237385884,2.332743311325534,0,-0.09963648513448574,1.294507111164958,0
-0.17374717581714355,2.404818600578207,0,-0.09005898609443941,1.245307382624987,0
-0.26142640776300613,2.447554414747401,0,-0.1293325988712708,1.210010914357945,0
-0.35595908215636984,2.463383929362581,0,-0.1717188647341388,1.1881852256906802,0
-0.3975644342520136,2.5454767718426905,0,-0.17799644833867692,1.139060617110101,0
-0.4474164903331409,2.633439969876092,0,-0.1851149194159319,1.090105394089912,0
-0.551978704353351,2.6629056085667524,0,-0.22010089776117164,1.0625488624810968,0
-0.6137197905766983,2.754453777484085,0,-0.2265859386866623,1.018488388592635,0
-0.7142379501904442,2.8535477646201635,0,-0.2429801805664795,0.9700312530284172,0
0.21280310407754707,-1.9613549807234687,0,0.18344090596647283,-1.6908803126025873,0
0.1961214555159951,-1.9352471895225005,0,0.17634814674090943,-1.739949481250468,0
0.23246701880531123,-1.9122471718163685,0,0.21524160504089612,-1.7706299738893438,0
0.21616379198709842,-1.8901373696512345,0,0.20811832087116944,-1.819599540244635,0
0.24946577706959155,-1.8694220031847881,0,0.24693433357904815,-1.8501983997101288,0
0.28165622348663766,-1.8455234479710065,0,0.28832046710270043,-1.8882684674594497,0
0.32024176010943123,-1.8309949114488702,0,0.33261352463917127,-1.9008681197929178,0
0.3369469319554649,-1.8149355753243859,0,0.358379397354349,-1.9289534975949967,0
0.31282738225712653,-1.8045259297796405,0,0.34192377647546823,-1.97055528495923,0
0.17293015960955704,-1.9866209464309825,0,0.1444816360713198,-1.6601735157582207,0
0.13342802687734415,-2.009735174835605,0,0.10842004750359668,-1.6326138967520785,0
0.09401231924525658,-2.0329603532600835,0,0.07418101540416588,-1.6041534622706848,0
0.05246658688575356,-2.056787205157244,0,0.04020811358870148,-1.5750473763318131,0
2.438084183656887e-14,-2.077297872105526,0,-3.018102500390954e-16,-1.5500000000000003,0
-0.05882831683223355,-2.096462126726638,0,-0.04278039884806147,-1.525033915845612,0
-0.06327270319332999,-2.140189168350598,0,-0.043591090099047006,-1.475000000000001,0
-0.13099358866238878,-2.156191506207705,0,-0.0882364126880168,-1.4527678473143768,0
-0.14686851934393413,-2.205831326934089,0,-0.09334945314651727,-1.402605880785698,0
-0.22296575165320573,-2.2160376198843506,0,-0.13912838018174728,-1.383272033175373,0
-0.3049612028745614,-2.2193646261219495,0,-0.18755384618638254,-1.365924926147193,0
-0.3319940877121655,-2.274962942848542,0,-0.19193062216878834,-1.315452553377113,0
-0.3677843329975521,-2.3329386595978456,0,-0.19967445931444122,-1.2668207874490909,0
-0.46252910728352725,-2.3282371288773387,0,-0.2482259534438102,-1.249549437856368,0
-0.5090058267161833,-2.3902749251588706,0,-0.25569214394846707,-1.20081514108489,0
-0.5610517374050629,-2.4595909810501455,0,-0.26269009724273057,-1.151639946060103,0
-0.6645797628347134,-2.4443109808664705,0,-0.308436965831899,-1.134335909489621,0
-0.727818192974072,-2.5179500712460783,0,-0.31370862659348225,-1.0856398098607392,0
-0.8002137748742693,-2.5993651586479287,0,-0.3191632753664118,-1.0368128704020472,0
-0.8909488958955959,-2.682053235292546,0,-0.3284235297700594,-0.9886217685443469,0
-0.9909376561580067,-2.7702028838888246,0,-0.3368898542958706,-0.9415440648596894,0
-0.07913187186529526,2.241318661066534,0,-0.04855147740473193,1.375700978922926,0
-0.06980741971879804,2.1880967305928913,0,-0.04548795975364854,1.4253534333835467,0
8.67510166060062e-15,2.1654532802711874,0,2.220446049250313e-16,1.4499999999999997,0
-7.145147859849471e-16,2.119109847482889,0,4.440892098500626e-16,1.5,0
0.0588283168322683,2.09646212672673,0,0.042780398848061285,1.525033915845612,0
0.10714057063252473,2.0713741993665105,0,0.08025003010758924,1.5519292488713878,0
0.1512632993172597,2.0446372097308543,0,0.11693597332981875,1.5808759387735807,0
0.19107845944140062,2.0163998908188066,0,0.15276073518350008,1.612456496121592,0
0.23109597519369796,1.9896409124282146,0,0.19063761612563268,1.6418418561769728,0
0.26933518994233296,1.9620751948340895,0,0.22952934363430866,1.6726091660339908,0
0.30499259661604516,1.935116486786761,0,0.2683865241758068,1.7032808422062349,0
0.3381817166344712,1.908703455674124,0,0.3071491288546051,1.7340247508089381,0
0.3175197345086385,1.8873677734090788,0,0.2999487683962827,1.7830134130350404,0
0.34792154303549955,1.8637636802501532,0,0.33862962480891867,1.8137163862411327,0
0.3762511839154053,1.8407991908892618,0,0.3770969024551549,1.8442659484441617,0
0.4021928082007134,1.8189652354240753,0,0.41470166107193474,1.8742998673352527,0
0.42577106139618426,1.7976176134943689,0,0.4517022244215725,1.9051230532793941,0
0.4008970026388956,1.7870726203145044,0,0.4382024790085719,1.951404260370142,0
-0.1612811934145176,2.2608151035491955,0,-0.0964763251306688,1.352409844500705,0
-0.24463084533190368,2.2742258857243964,0,-0.14311361576714063,1.331276302514291,0
-0.28065665547616114,2.3325157977379827,0,-0.15423797838408101,1.282167594887338,0
-0.31591874846330276,2.3914068898931133,0,-0.16339032309227686,1.237022592969058,0
-0.41152450629687104,2.394550407671371,0,-0.20947580326456317,1.218831323605658,0
-0.45692514060065786,2.465519456153826,0,-0.21669359675775615,1.169802319917377,0
-0.5051191810129417,2.549136218272464,0,-0.2219181023196471,1.119217208372746,0
-0.619476760479178,2.537354267829658,0,-0.2689126544016161,1.102146110577886,0
-0.6735263322538124,2.6328757027910425,0,-0.26902545227753777,1.051901303151065,0
-0.7561592293489388,2.7221335438955916,0,-0.2789406504611346,1.004197890929559,0
-0.8538562779329184,2.8153372348180037,0,-0.29028467803568647,0.9569403354952272,0
-0.24252615193053556,2.384326097756928,0,-0.12743158589018044,1.252124005671904,0
0.15737841390529927,-1.9582956285134985,0,0.1373372338098771,-1.7092507103059824,0
0.1427398564613803,-1.9314574978229124,0,0.13005416236622175,-1.7593661893864032,0
0.18078935042967,-1.9110891837956807,0,0.16927364070638107,-1.7889718720245857,0
0.1665608613865532,-1.8885583188380313,0,0.1621490675829853,-1.837947665295526,0
0.20023459447121186,-1.870300657229942,0,0.20004092410567043,-1.8672936272969487,0
0.23092145732920338,-1.8506024052914667,0,0.23713906610812097,-1.8999617037780747,0
0.2491140602225824,-1.830649699321498,0,0.2642026521989158,-1.93992705931324,0
0.29333000356101135,-1.8242197064826358,0,0.3109393255730093,-1.9324841119494491,0
0.26859227537306624,-1.811676097796718,0,0.29346094804526446,-1.978353020057941,0
0.11661368456328543,-1.9802046042910362,0,0.09900746682428715,-1.680355808766392,0
0.07864842364783513,-1.9989798706660729,0,0.06513943335730685,-1.655127595563618,0
0.044142584079000964,-2.0206178542294104,0,0.03553674009030561,-1.6254834332807477,0
-3.8937289114564515e-15,-2.039480100214094,0,-3.2587152293874553e-16,-1.6,0
-0.05246658688574574,-2.0567872051572245,0,-0.040208113588702445,-1.5750473763318131,0
-0.1071405706325245,-2.071374199366426,0,-0.08025003010758944,-1.5519292488713878,0
-0.11786608312707361,-2.1129953610903986,0,-0.08370390425982661,-1.500907669817843,0
-0.1836259246681272,-2.1229741124196924,0,-0.12807480255857337,-1.481355706736923,0
-0.20281972056784903,-2.1670757995806236,0,-0.1339685037429105,-1.432372386813668,0
-0.2767359361071919,-2.171331640152416,0,-0.1803085371168633,-1.415042858290683,0
-0.35230486399131183,-2.1724267572715954,0,-0.226462760447891,-1.3967556434549313,0
-0.3849817263808263,-2.2196442933713043,0,-0.2337078337063405,-1.347657995702593,0
-0.4216441195780294,-2.271465956010909,0,-0.2409704972819501,-1.2985876924889,0
-0.507899441017426,-2.2651774782009806,0,-0.2870510277159113,-1.280334932435385,0
-0.5547617543980187,-2.319236404037923,0,-0.2945843449848361,-1.231677909434284,0
-0.6069153354120633,-2.378257861610483,0,-0.3019187746551887,-1.183185460292307,0
-0.703783951639206,-2.3588999591085895,0,-0.34784616906804755,-1.1659184707108032,0
-0.768844049375993,-2.4198295816850677,0,-0.3549575354954195,-1.1172133050891293,0
-0.8425083670058007,-2.485539727645531,0,-0.3622217799782452,-1.0686406496426593,0
-0.9239255193828866,-2.5597653733451264,0,-0.3680458222700123,-1.0196738491723591,0
-1.0185567193562504,-2.636208106921277,0,-0.3754615323548295,-0.9716515897092132,0
-1.1257407086541098,-2.718145595943512,0,-0.38268343336843447,-0.9238795320956877,0
-0.1468685193439455,2.205831326934118,0,-0.0933494531465166,1.402605880785698,0
-0.13099358866238103,2.156191506207789,0,-0.0882364126880161,1.4527678473143768,0
-0.06327270319335242,2.1401891683506493,0,-0.0435910900990463,1.475000000000001,0
-0.05882831683222813,2.0964621267267183,0,-0.04278039884806074,1.525033915845612,0
-2.5603662842910484e-15,2.077297872105539,0,4.440892098500626e-16,1.5500000000000003,0
0.052466586885730145,2.0567872051572937,0,0.04020811358870224,1.5750473763318131,0
0.09401231924524382,2.0329603532601688,0,0.07418101540416666,1.6041534622706848,0
0.13342802687734875,2.009735174835665,0,0.10842004750359746,1.6326138967520785,0
0.17293015960954192,1.9866209464310525,0,0.14448163607132058,1.6601735157582207,0
0.21280310407753825,1.961354980723547,0,0.18344090596647367,1.6908803126025873,0
0.2501450713795833,1.936241207784379,0,0.22236316409567225,1.721615415768595,0
0.28501189827214607,1.9116168866763432,0,0.2612371586543678,1.752319126090208,0
0.2664596637131553,1.8897895134024278,0,0.254051445805197,1.8013182541524269,0
0.2984386659925179,1.8674690706650168,0,0.2927937358815309,1.831969037211615,0
0.32839050056523983,1.8458509553260434,0,0.3315035453439794,1.8625521986743323,0
0.3578344629434433,1.8259129804774534,0,0.3704265922406724,1.8891167372137851,0
0.3801557353524936,1.8066017287711793,0,0.40419252233396596,1.9191261706157212,0
0.3570057532952049,1.796361583551533,0,0.39018064286380927,1.961570561038879,0
-0.222965751653197,2.2160376198844247,0,-0.1391283801817466,1.383272033175373,0
-0.3049612028745661,2.2193646261220623,0,-0.18755384618638188,1.365924926147193,0
-0.3319940877121707,2.274962942848628,0,-0.19193062216878773,1.315452553377113,0
-0.36778433299756613,2.332938659597869,0,-0.1996744593144406,1.2668207874490909,0
-0.46252910728355306,2.328237128877448,0,-0.2482259534438096,1.249549437856368,0
-0.5090058267162183,2.3902749251589,0,-0.2556921439484665,1.20081514108489,0
-0.5610517374050811,2.459590981050242,0,-0.26269009724273,1.151639946060103,0
-0.6645797628347785,2.4443109808665167,0,-0.30843696583189845,1.134335909489621,0
-0.7278181929741153,2.517950071246153,0,-0.3137086265934817,1.0856398098607392,0
-0.8002137748742848,2.599365158648012,0,-0.31916327536641137,1.0368128704020472,0
-0.8909488958956405,2.6820532352926536,0,-0.32842352977005895,0.9886217685443471,0
-0.9909376561580554,2.7702028838889223,0,-0.33688985429587015,0.9415440648596897,0
0.09494207904279657,-1.9503339305973826,0,0.08446628922661864,-1.7333463122847295,0
0.09967861897384322,-1.9241572459796152,0,0.09225907196800812,-1.7808935971466178,0
0.13080518235672173,-1.9077113293863912,0,0.12400935585313547,-1.8074161377337727,0
0.12008844283617748,-1.8852234746825178,0,0.11832672542766698,-1.8566382578642138,0
0.15315027184081897,-1.8686001509189583,0,0.15455984204448692,-1.885264390806146,0
0.18083579502107755,-1.8533505307199036,0,0.18668005450213182,-1.912482003698244,0
0.20457824662537372,-1.8357916034165114,0,0.21696083777936143,-1.9466861376540276,0
0.2240935530829837,-1.817743128444408,0,0.244821349716056,-1.9849590692815833,0
0.06048645186389988,-1.9740388064097092,0,0.051981915313274854,-1.6968314955187132,0
0.0358909926957652,-1.992727369400779,0,0.029988870108708626,-1.6682265892867811,0
-2.7356846605997594e-15,-2.0047800487585197,0,-3.499327958383958e-16,-1.65,0
-0.04414258407900208,-2.0206178542294264,0,-0.03553674009030658,-1.6254834332807477,0
-0.09401231924522005,-2.0329603532600657,0,-0.07418101540416687,-1.6041534622706848,0
-0.1512632993172694,-2.0446372097307965,0,-0.11693597332981893,-1.5808759387735807,0
-0.1673842685107342,-2.082704458582829,0,-0.12292161373287788,-1.530124103446566,0
-0.23000270386811747,-2.0879859228867086,0,-0.16652104826119446,-1.512466978477769,0
-0.2515300976024197,-2.1275190829492527,0,-0.17304630377563332,-1.464162576520311,0
-0.3229658653742195,-2.129211742396514,0,-0.21922941831972095,-1.445862726266407,0
-0.39552606806452245,-2.1270073013535753,0,-0.2653619377813314,-1.427575947573089,0
-0.4290801794177461,-2.1691222713007994,0,-0.2725948296956932,-1.3784788153751388,0
-0.4663369635788836,-2.2150677140096793,0,-0.27983033267682406,-1.329394721754459,0
-0.5483215606674666,-2.2053276236889516,0,-0.32593760893702295,-1.3111714858139034,0
-0.5948720967904718,-2.2526585163269583,0,-0.3333668210357331,-1.2624620533703903,0
-0.6467674270186511,-2.303557078030672,0,-0.3408518767713714,-1.214071734541909,0
-0.7375746887228136,-2.2820510572345523,0,-0.3866367463329262,-1.196216777394312,0
-0.8002554171508935,-2.333752865301671,0,-0.39359265178888586,-1.1477751322528322,0
-0.8712001064133789,-2.3895322791487876,0,-0.4007424435001527,-1.0990421277971383,0
-0.9511972548452173,-2.44917402471712,0,-0.40801797593576,-1.0504493620355853,0
-1.0410091549165539,-2.5135699860117553,0,-0.4149868402147686,-1.001866854700305,0
-1.1431995368755496,-2.5840349580189286,0,-0.42160120269297774,-0.9527773036306831,0
-1.2575709742688466,-2.6596135879230123,0,-0.4275550943054308,-0.9039892927095289,0
-0.20281972056785755,2.167075799580711,0,-0.13396850374290983,1.432372386813668,0
-0.27673593610719843,2.1713316401524727,0,-0.18030853711686262,1.415042858290683,0
-0.35230486399134875,2.1724267572716482,0,-0.22646276044789032,1.3967556434549313,0
-0.3849817263808546,2.2196442933713594,0,-0.23370783370633982,1.347657995702593,0
-0.4216441195780117,2.271465956011029,0,-0.2409704972819495,1.2985876924889,0
-0.5078994410174579,2.265177478201035,0,-0.2870510277159106,1.280334932435385,0
-0.5547617543980222,2.319236404038017,0,-0.29458434498483554,1.231677909434284,0
-0.6069153354120861,2.378257861610556,0,-0.3019187746551881,1.183185460292307,0
-0.7037839516392478,2.3588999591087405,0,-0.347846169068047,1.1659184707108032,0
-0.7688440493760016,2.4198295816851365,0,-0.3549575354954189,1.1172133050891293,0
-0.8425083670058595,2.4855397276455777,0,-0.3622217799782446,1.0686406496426593,0
-0.9239255193829493,2.5597653733451935,0,-0.36804582227001187,1.0196738491723591,0
-1.01855671935629,2.6362081069213423,0,-0.37546153235482904,0.9716515897092134,0
-1.1257407086541649,2.7181455959435903,0,-0.382683433368434,0.923879532095688,0
-0.18362592466811414,2.1229741124197172,0,-0.12807480255857265,1.481355706736923,0
-0.11786608312707805,2.1129953610905026,0,-0.08370390425982589,1.500907669817843,0
-0.10714057063250618,2.0713741993664936,0,-0.08025003010758869,1.5519292488713878,0
-0.05246658688570714,2.056787205157339,0,-0.04020811358870168,1.5750473763318131,0
2.4041947777151402e-14,2.0394801002142073,0,4.440892098500626e-16,1.6,0
0.04414258407897824,2.020617854229466,0,0.035536740090306385,1.6254834332807477,0
0.07864842364787383,1.9989798706660864,0,0.06513943335730765,1.655127595563618,0
0.11661368456325323,1.9802046042911574,0,0.09900746682428796,1.680355808766392,0
0.15737841390531165,1.9582956285135378,0,0.13733723380987795,1.7092507103059824,0
0.19612145551601282,1.9352471895226007,0,0.17634814674091026,1.739949481250468,0
0.2324670188052933,1.9122471718164256,0,0.21524160504089696,1.7706299738893438,0
0.21616379198712551,1.8901373696513142,0,0.20811832087117033,1.819599540244635,0
0.24946577706961878,1.8694220031848667,0,0.24693433357904904,1.8501983997101288,0
0.2816562234866847,1.8455234479710225,0,0.2883204671027013,1.8882684674594497,0
0.3202417601094874,1.830994911448959,0,0.33261352463917215,1.9008681197929178,0
0.33694693195555914,1.8149355753244092,0,0.35837939735434987,1.9289534975949967,0
0.31282738225728274,1.8045259297797012,0,0.34192377647546923,1.97055528495923,0
0.04991437913022521,-1.9292376765595103,0,0.04597447647800215,-1.7765698464807682,0
0.04234122161320057,-1.952520569529894,0,0.03764029347432368,-1.73480509929066,0
1.0957045260678812e-14,-1.9731867083063945,0,-3.7399406873804604e-16,-1.7,0
-0.03589099269575153,-1.9927273694007943,0,-0.029988870108709636,-1.6682265892867811,0
-0.07864842364785082,-1.9989798706660693,0,-0.06513943335730786,-1.655127595563618,0
-0.13342802687732525,-2.0097351748355448,0,-0.10842004750359766,-1.6326138967520785,0
-0.1910784594413924,-2.016399890818718,0,-0.15276073518350028,-1.612456496121592,0
-0.21015835834603694,-2.050856458141726,0,-0.16001691586498978,-1.562047742327355,0
-0.27273657252214834,-2.053424336873114,0,-0.2049793255943823,-1.5439550105116622,0
-0.2964676608423052,-2.089616220258546,0,-0.21201022851363757,-1.4949997026729989,0
-0.36522709471860304,-2.0884004099424938,0,-0.258141192380699,-1.476666100659508,0
-0.4347707329788376,-2.083488584655074,0,-0.3042270603573753,-1.458388756466627,0
-0.46880278848280227,-2.1208586880834,0,-0.3114415387090043,-1.4093463981583103,0
-0.5065261284035072,-2.1614218664130034,0,-0.3186905432063473,-1.3601958706981223,0
-0.5841331800220972,-2.1489586783788335,0,-0.36474329295742697,-1.3420197378988001,0
-0.6302927391593693,-2.1904787361219245,0,-0.3720098234345868,-1.2929820038783402,0
-0.6812219976572409,-2.2344463084624153,0,-0.37941260423677237,-1.244579455981317,0
-0.7664746722685347,-2.2107653167915933,0,-0.4252794204484168,-1.2266405731933703,0
-0.827277685979573,-2.25452344020214,0,-0.43231871022101875,-1.1781463760709103,0
-0.8950792446193823,-2.3013834895395595,0,-0.43935936165323136,-1.1295773861480762,0
-0.9713119580007012,-2.351348842008983,0,-0.446528304357973,-1.0808417087652382,0
-1.0571214427943194,-2.4044638031781544,0,-0.453750326671212,-1.0319088098025382,0
-1.157472704056681,-2.461800624098775,0,-0.4615420620437508,-0.9813884521041307,0
-1.269416868444031,-2.525533923902194,0,-0.4678329115627794,-0.9305459785467523,0
-1.3866889510764349,-2.59411786144205,0,-0.4713967375487834,-0.8819212639620181,0
0.0798346056645762,-1.9018051943394045,0,0.07679107591606238,-1.8277694998474183,0
0.08554646287802901,-1.8786215343443686,0,0.08555817925492645,-1.876816303509594,0
0.11010285439096433,-1.8648395301782146,0,0.11251150993909495,-1.9040053333338343,0
0.14021093280645203,-1.854540538422847,0,0.1453451031873198,-1.9218622004639243,0
0.1590375755835988,-1.8395492354192744,0,0.16883687731132152,-1.953263734074862,0
0.17945036241891027,-1.8226441811578236,0,0.19603428015147445,-1.990369453394393,0
-0.25153009760244094,2.1275190829493487,0,-0.1730463037756326,1.464162576520311,0
-0.23000270386808447,2.087985922886793,0,-0.16652104826119374,1.512466978477769,0
-0.16738426851074403,2.0827044585829126,0,-0.12292161373287713,1.530124103446566,0
-0.1512632993172544,2.044637209730862,0,-0.11693597332981819,1.5808759387735807,0
-0.09401231924524238,2.032960353260146,0,-0.07418101540416609,1.6041534622706848,0
-0.04414258407897538,2.020617854229442,0,-0.0355367400903058,1.6254834332807477,0
4.274321934233801e-15,2.004780048758709,0,4.440892098500626e-16,1.65,0
0.03589099269580346,1.992727369400864,0,0.02998887010870943,1.6682265892867811,0
0.06048645186395266,1.9740388064097592,0,0.05198191531327567,1.6968314955187132,0
0.09494207904279219,1.950333930597519,0,0.08446628922661947,1.7333463122847295,0
0.14273985646141055,1.9314574978229673,0,0.13005416236622258,1.7593661893864032,0
0.18078935042966698,1.9110891837957624,0,0.16927364070638196,1.7889718720245857,0
0.16656086138656978,1.8885583188381256,0,0.1621490675829862,1.837947665295526,0
0.20023459447124933,1.8703006572299776,0,0.20004092410567131,1.8672936272969487,0
0.23092145732922909,1.850602405291564,0,0.23713906610812185,1.8999617037780747,0
0.24911406022266583,1.8306496993215424,0,0.2642026521989167,1.93992705931324,0
0.2933300035610923,1.8242197064826482,0,0.3109393255730102,1.9324841119494491,0
0.2685922753732272,1.8116760977967037,0,0.29346094804526546,1.978353020057941,0
-0.3229658653741842,2.1292117423965955,0,-0.21922941831972023,1.445862726266407,0
-0.39552606806453394,2.1270073013536757,0,-0.2653619377813307,1.427575947573089,0
-0.4290801794177459,2.1691222713008975,0,-0.27259482969569254,1.3784788153751388,0
-0.4663369635789323,2.2150677140097077,0,-0.2798303326768234,1.329394721754459,0
-0.5483215606674695,2.2053276236890427,0,-0.3259376089370223,1.3111714858139034,0
-0.5948720967905382,2.2526585163270054,0,-0.33336682103573256,1.2624620533703903,0
-0.6467674270186701,2.3035570780307566,0,-0.34085187677137085,1.214071734541909,0
-0.7375746887228924,2.2820510572346104,0,-0.38663674633292566,1.196216777394312,0
-0.8002554171509038,2.33375286530174,0,-0.3935926517888853,1.1477751322528322,0
-0.871200106413424,2.389532279148936,0,-0.40074244350015215,1.0990421277971383,0
-0.9511972548452448,2.449174024717278,0,-0.40801797593575945,1.0504493620355853,0
-1.0410091549165892,2.513569986011861,0,-0.41498684021476817,1.001866854700305,0
-1.1431995368756318,2.58403495801903,0,-0.4216012026929773,0.9527773036306834,0
-1.2575709742689085,2.6596135879230856,0,-0.42755509430543037,0.9039892927095291,0
0.03462388950597962,-1.9047986573190103,0,0.03321336451665703,-1.825867869265637,0
0.043416273703400995,-1.8816506959750259,0,0.04330127018922124,-1.8749999999999987,0
0.0750488020214251,-1.8616377166872717,0,0.07732185336542982,-1.9182327217011752,0
0.111209841881651,-1.8450976585212953,0,0.117588385052314,-1.9516064454522202,0
0.13485899236045434,-1.826549872455168,0,0.1471291268716512,-1.9945809133815517,0
-1.8243346538775574e-14,-1.9182054072243075,0,-4.2211661453734645e-16,-1.7999999999999998,0
-9.02266605946972e-15,-1.9444817349350139,0,-3.980553416376964e-16,-1.7500000000000002,0
-0.04234122161319831,-1.9525205695298324,0,-0.037640293474324724,-1.73480509929066,0
-0.060486451863938216,-1.9740388064096788,0,-0.05198191531327588,-1.6968314955187132,0
-0.11661368456328056,-1.9802046042910244,0,-0.09900746682428817,-1.680355808766392,0
-0.1729301596095436,-1.9866209464309799,0,-0.14448163607132078,-1.6601735157582207,0
-0.23109597519369712,-1.9896409124281107,0,-0.19063761612563287,-1.6418418561769728,0
-0.25112004619755385,-2.0200696928754924,0,-0.19794083752079136,-1.593006883881828,0
-0.3130228857112261,-2.0201196980548906,0,-0.24389021285287815,-1.574695950369547,0
-0.3378222778736773,-2.052845477752457,0,-0.25097423121321105,-1.525720328618073,0
-0.4039273792577067,-2.0489984859088244,0,-0.297022355214984,-1.507402150851457,0
-0.47055153649296677,-2.0417635738757145,0,-0.3430488879727104,-1.489147238508587,0
-0.5047592337370026,-2.074766314553477,0,-0.35024547450578897,-1.440166094838575,0
-0.542434247208888,-2.1103368186204574,0,-0.35749510515074506,-1.3911859266070872,0
-0.6159932575076966,-2.0957600263227194,0,-0.40345861949465606,-1.372927970335845,0
-0.6617070841434107,-2.131991128204458,0,-0.4107349083677036,-1.3235299389249993,0
-0.7114625851124778,-2.1700699564703125,0,-0.418015161239343,-1.2750544577923812,0
-0.7910639825801808,-2.144434334127525,0,-0.4638327627957054,-1.2573541431005453,0
-0.8498580275761282,-2.181549672433763,0,-0.4708985323807485,-1.2087065395314422,0
-0.9148699667004534,-2.2207984061961943,0,-0.4779611612252263,-1.16010884323164,0
-0.9872394931767012,-2.2621863397777755,0,-0.48508230693625215,-1.1114046269006421,0
-1.0677896795064372,-2.3056274277965185,0,-0.4922185747921503,-1.0626625393001552,0
-1.159572600270941,-2.351226557155751,0,-0.4997707221212973,-1.0131041598173953,0
-1.2725646253588205,-2.4028096159372683,0,-0.5078971467827026,-0.9587496398174936,0
-1.3914567515346354,-2.458292513558339,0,-0.5137011943355826,-0.9068094239343711,0
-1.513466800129544,-2.523109905621116,0,-0.5141027447316917,-0.8577286096775256,0
-0.29646766084233583,2.0896162202586375,0,-0.21201022851363685,1.4949997026729989,0
-0.2727365725221502,2.053424336873159,0,-0.2049793255943816,1.5439550105116622,0
-0.2101583583460511,2.0508564581417907,0,-0.160016915864989,1.562047742327355,0
-0.1910784594413815,2.016399890818798,0,-0.1527607351834995,1.612456496121592,0
-0.13342802687732142,2.009735174835639,0,-0.10842004750359688,1.6326138967520785,0
-0.07864842364783543,1.9989798706661155,0,-0.06513943335730706,1.655127595563618,0
-0.03589099269576892,1.9927273694008467,0,-0.02998887010870883,1.6682265892867811,0
1.0929391381249084e-14,1.9731867083064716,0,4.440892098500626e-16,1.7,0
0.042341221613200884,1.9525205695299621,0,0.037640293474324515,1.73480509929066,0
0.049914379130229135,1.929237676559622,0,0.04597447647800301,1.7765698464807682,0
0.09967861897387555,1.9241572459796847,0,0.09225907196800898,1.7808935971466178,0
0.13080518235673524,1.907711329386483,0,0.12400935585313633,1.8074161377337727,0
0.12008844283621423,1.8852234746826129,0,0.11832672542766787,1.8566382578642138,0
0.15315027184085914,1.868600150919079,0,0.1545598420444878,1.885264390806146,0
0.18083579502113714,1.8533505307199731,0,0.18668005450213276,1.912482003698244,0
0.2045782466254533,1.8357916034165984,0,0.21696083777936237,1.9466861376540276,0
0.22409355308313905,1.8177431284444747,0,0.24482134971605696,1.9849590692815833,0
-0.36522709471861786,2.088400409942532,0,-0.2581411923806983,1.476666100659508,0
-0.43477073297884766,2.083488584655129,0,-0.3042270603573746,1.458388756466627,0
-0.4688027884828473,2.1208586880834495,0,-0.31144153870900365,1.4093463981583103,0
-0.5065261284034926,2.161421866413111,0,-0.31869054320634665,1.3601958706981223,0
-0.5841331800221359,2.1489586783788885,0,-0.3647432929574263,1.3420197378988001,0
-0.6302927391593697,2.1904787361220452,0,-0.3720098234345861,1.2929820038783402,0
-0.6812219976572824,2.2344463084625112,0,-0.3794126042367718,1.244579455981317,0
-0.7664746722685534,2.2107653167916976,0,-0.42527942044841627,1.2266405731933703,0
-0.8272776859796102,2.2545234402022163,0,-0.4323187102210182,1.1781463760709103,0
-0.8950792446194363,2.3013834895395826,0,-0.4393593616532308,1.1295773861480762,0
-0.9713119580007916,2.351348842009016,0,-0.44652830435797247,1.0808417087652382,0
-1.057121442794368,2.404463803178211,0,-0.45375032667121157,1.0319088098025382,0
-1.1574727040567223,2.4618006240988684,0,-0.46154206204375037,0.981388452104131,0
-1.2694168684440938,2.525533923902309,0,-0.46783291156277895,0.9305459785467525,0
-1.3866889510764242,2.5941178614421574,0,-0.471396737548783,0.8819212639620183,0
-2.622095580624543e-14,-1.8937895223301235,0,-4.461778874369969e-16,-1.8500000000000003,0
-3.623137807335168e-15,-1.8716139626161996,0,-4.702391603366471e-16,-1.9000000000000001,0
0.036251745790583455,-1.8588988630102552,0,0.037553985915335056,-1.928261180649688,0
0.06600779044162638,-1.8453743421722133,0,0.07007625196366413,-1.9596774076060508,0
0.09035359130981879,-1.829249705591235,0,0.09813534843591812,-1.9975909124210998,0
-0.04991437913022575,-1.9292376765594945,0,-0.045974476478003234,-1.7765698464807682,0
-0.09494207904279782,-1.9503339305974228,0,-0.08446628922661968,-1.7333463122847295,0
-0.15737841390529286,-1.9582956285134545,0,-0.13733723380987817,-1.7092507103059824,0
-0.2128031040775376,-1.9613549807234654,0,-0.1834409059664739,-1.6908803126025873,0
-0.269335189942303,-1.9620751948339996,0,-0.22952934363430882,-1.6726091660339908,0
-0.2902321087048394,-1.9899703705892724,0,-0.2367180657916945,-1.6236436484415262,0
-0.35022889203571894,-1.987676306724603,0,-0.28273487876407377,-1.605378193961792,0
-0.37587840676320955,-2.0171556083977293,0,-0.28987602880205143,-1.5563880002167207,0
-0.4393646639406973,-2.0111513950745734,0,-0.3358702774328155,-1.538095442412545,0
-0.5031848518373,-2.001907448173883,0,-0.3818470441582402,-1.519856723120797,0
-0.5373268491611124,-2.031013643813847,0,-0.3890181613194682,-1.4709227542214822,0
-0.5747721044239709,-2.0622093790948983,0,-0.39624209352543,-1.4220054950693592,0
-0.6444174180482922,-2.0457025669722744,0,-0.44215049307674276,-1.4038711475725771,0
-0.6888044130856861,-2.0766653065137666,0,-0.4493858238898895,-1.354955575942247,0
-0.7375215720334707,-2.109381491348256,0,-0.4566925259191863,-1.3062533764974122,0
-0.8123789168164955,-2.0830798785113407,0,-0.5023621380309773,-1.2880914710239872,0
-0.869117093175508,-2.1142960981536856,0,-0.5094748583675279,-1.2393250274103271,0
-0.9312609576107322,-2.147098443399065,0,-0.5164565675553587,-1.190623776248984,0
-1.000048686268747,-2.1811510199340445,0,-0.5236219767656427,-1.1419135844831623,0
-1.0758921875214191,-2.216839373351512,0,-0.5305982052874259,-1.093119389235089,0
-1.1603313008468783,-2.25286826151626,0,-0.5379745258904919,-1.0443954244305542,0
-1.258765305842486,-2.2922740727400677,0,-0.5454051006855597,-0.9927589581188689,0
-1.3787159446201362,-2.3397293878079473,0,-0.5517769301698235,-0.9361280574853371,0
-1.5058907813144138,-2.3686187216394785,0,-0.562862935672958,-0.8854187084023333,0
-1.6333756951041063,-2.4473878251485095,0,-0.5555702334510615,-0.8314696120142536,0
-0.03462388950600243,-1.904798657319021,0,-0.03321336451665813,-1.825867869265637,0
-0.3378222778736817,2.0528454777525376,0,-0.2509742312132103,1.525720328618073,0
-0.40392737925770317,2.048998485908906,0,-0.2970223552149832,1.507402150851457,0
-0.470551536492963,2.0417635738757784,0,-0.3430488879727097,1.489147238508587,0
-0.5047592337370207,2.0747663145535773,0,-0.3502454745057883,1.440166094838575,0
-0.5424342472089181,2.1103368186205005,0,-0.3574951051507444,1.3911859266070872,0
-0.6159932575077252,2.0957600263228264,0,-0.4034586194946554,1.372927970335845,0
-0.661707084143445,2.1319911282045174,0,-0.41073490836770293,1.3235299389249993,0
-0.7114625851125314,2.170069956470377,0,-0.41801516123934235,1.2750544577923812,0
-0.79106398258022,2.144434334127625,0,-0.46383276279570484,1.2573541431005453,0
-0.8498580275761919,2.181549672433862,0,-0.47089853238074797,1.2087065395314422,0
-0.9148699667004423,2.220798406196305,0,-0.47796116122522575,1.16010884323164,0
-0.9872394931767787,2.262186339777976,0,-0.4850823069362516,1.1114046269006421,0
-1.0677896795064479,2.305627427796613,0,-0.49221857479214975,1.0626625393001552,0
-1.1595726002710083,2.3512265571558513,0,-0.49977072212129686,1.0131041598173953,0
-1.2725646253589278,2.4028096159373598,0,-0.5078971467827021,0.9587496398174938,0
-1.3914567515346434,2.458292513558392,0,-0.5137011943355821,0.9068094239343714,0
-1.513466800129646,2.5231099056212085,0,-0.5141027447316913,0.8577286096775258,0
-0.3130228857112273,2.0201196980549985,0,-0.24389021285287737,1.574695950369547,0
-0.25112004619752043,2.0200696928755737,0,-0.19794083752079059,1.593006883881828,0
-0.2310959751936934,1.9896409124282044,0,-0.1906376161256321,1.6418418561769728,0
-0.17293015960951882,1.9866209464310478,0,-0.14448163607132,1.6601735157582207,0
-0.11661368456326678,1.9802046042911232,0,-0.09900746682428736,1.680355808766392,0
-0.060486451863901905,1.974038806409763,0,-0.05198191531327506,1.6968314955187132,0
-0.042341221613190504,1.952520569529993,0,-0.03764029347432389,1.73480509929066,0
2.4198819761289515e-14,1.9444817349350512,0,4.440892098500626e-16,1.7500000000000002,0
1.0966192373478722e-14,1.918205407224402,0,4.440892098500626e-16,1.7999999999999998,0
0.034623889506011474,1.904798657319076,0,0.033213364516657906,1.825867869265637,0
0.07983460566461177,1.9018051943395131,0,0.07679107591606327,1.8277694998474183,0
0.08554646287806109,1.878621534344442,0,0.08555817925492737,1.876816303509594,0
0.11010285439101154,1.8648395301783356,0,0.11251150993909587,1.9040053333338343,0
0.14021093280651284,1.8545405384229297,0,0.14534510318732075,1.9218622004639243,0
0.15903757558367795,1.839549235419365,0,0.16883687731132246,1.953263734074862,0
0.17945036241905016,1.8226441811578886,0,0.1960342801514754,1.990369453394393,0
-0.04341627370343247,-1.881650695975077,0,-0.04330127018922237,-1.8749999999999987,0
-0.07983460566458049,-1.901805194339393,0,-0.0767910759160635,-1.8277694998474183,0
-0.0996786189738497,-1.9241572459796021,0,-0.0922590719680092,-1.7808935971466178,0
-0.14273985646139728,-1.9314574978228998,0,-0.13005416236622278,-1.7593661893864032,0
-0.1961214555160009,-1.9352471895224896,0,-0.17634814674091048,-1.739949481250468,0
-0.2501450713795871,-1.9362412077842983,0,-0.22236316409567247,-1.721615415768595,0
-0.3049925966160585,-1.935116486786653,0,-0.26838652417580694,-1.7032808422062349,0
-0.32670933902565946,-1.9604000760827003,0,-0.275575505852482,-1.654329840225027,0
-0.3846779208121461,-1.9562355418304878,0,-0.32155653463576644,-1.6360215703124703,0
-0.41087267137401184,-1.9826816608283615,0,-0.32871573818604394,-1.5870621067245032,0
-0.47190884040445585,-1.974750159815893,0,-0.3746944375912995,-1.568780685456473,0
-0.5329992676662102,-1.963920128060995,0,-0.42060639106817477,-1.5505070239229581,0
-0.5669748474577655,-1.989482623805989,0,-0.4277704117103889,-1.501594527869645,0
-0.6039784175354126,-2.0167184748678224,0,-0.4349346948827674,-1.4527104669804691,0
-0.6700910041181544,-1.998880266541571,0,-0.4808141896676554,-1.434518849868267,0
-0.7133481161323544,-2.025420313009824,0,-0.4879862440859432,-1.385711011541831,0
-0.7606195522837559,-2.0534330476196563,0,-0.49519113737046044,-1.336910852842581,0
-0.8311843337447566,-2.0262485021359176,0,-0.5409604740435414,-1.3187041651600198,0
-0.8855941440931144,-2.052353379181767,0,-0.548000609435132,-1.2698873600378848,0
-0.9451020699137193,-2.079725338294387,0,-0.5549153801891833,-1.2209649577838948,0
-1.0102249974565018,-2.1078635567509423,0,-0.5618783883164293,-1.1722197755310897,0
-1.0815561682009887,-2.1366871970470425,0,-0.5688032766987923,-1.1235534294985559,0
-1.1605466377391846,-2.1656209513060776,0,-0.5760366303895524,-1.0747444034304328,0
-1.2489172264218558,-2.1953861599673776,0,-0.5832219715065895,-1.0250348469647779,0
-1.34982222015261,-2.226501203077345,0,-0.5901000355418006,-0.9734586599499814,0
-1.4503796128885915,-2.25253820962434,0,-0.5967194625730228,-0.9265112606822699,0
-1.5480921185716623,-2.2580530898286484,0,-0.609270641144163,-0.888823818325066,0
-1.6367735016860328,-2.305256710293145,0,-0.6024251021860324,-0.8491017720403066,0
-1.7516036039283687,-2.3622562705316623,0,-0.5956993047980853,-0.803207531253958,0
-2.7001958608190758e-14,-1.8504396820637727,0,-4.943004332362972e-16,-1.95,0
0.03279323908611583,-1.8450477650280543,0,0.03508607853653872,-1.9642212497895688,0
0.04512016464956232,-1.8307115546401642,0,0.049082456912150116,-1.99939763739569,0
-0.03625174579064204,-1.8588988630102539,0,-0.03755398591533622,-1.928261180649688,0
-0.37587840676320994,2.0171556083977658,0,-0.28987602880205066,1.5563880002167207,0
-0.4393646639407333,2.0111513950746613,0,-0.3358702774328147,1.538095442412545,0
-0.5031848518372912,2.0019074481739483,0,-0.38184704415823945,1.519856723120797,0
-0.5373268491611461,2.031013643813911,0,-0.38901816131946754,1.4709227542214822,0
-0.5747721044239776,2.0622093790949747,0,-0.39624209352542933,1.4220054950693592,0
-0.6444174180483505,2.0457025669723534,0,-0.4421504930767421,1.4038711475725771,0
-0.688804413085698,2.0766653065138443,0,-0.44938582388988885,1.354955575942247,0
-0.737521572033516,2.1093814913483606,0,-0.45669252591918563,1.3062533764974122,0
-0.8123789168165513,2.0830798785114064,0,-0.5023621380309766,1.2880914710239872,0
-0.8691170931755605,2.114296098153745,0,-0.5094748583675273,1.2393250274103271,0
-0.931260957610751,2.147098443399105,0,-0.5164565675553581,1.190623776248984,0
-1.000048686268884,2.181151019934103,0,-0.5236219767656423,1.1419135844831623,0
-1.075892187521455,2.2168393733515686,0,-0.5305982052874254,1.093119389235089,0
-1.1603313008469647,2.252868261516395,0,-0.5379745258904914,1.0443954244305542,0
-1.258765305842505,2.292274072740154,0,-0.5454051006855593,0.9927589581188692,0
-1.3787159446201889,2.339729387808051,0,-0.5517769301698231,0.9361280574853373,0
-1.5058907813144728,2.368618721639583,0,-0.5628629356729575,0.8854187084023335,0
-1.6333756951041996,2.447387825148573,0,-0.555570233451061,0.8314696120142538,0
-0.3502288920357216,1.9876763067246828,0,-0.282734878764073,1.605378193961792,0
-0.2902321087048372,1.989970370589303,0,-0.23671806579169372,1.6236436484415262,0
-0.26933518994228667,1.962075194834073,0,-0.22952934363430805,1.6726091660339908,0
-0.2128031040775356,1.9613549807235073,0,-0.18344090596647306,1.6908803126025873,0
-0.1573784139052879,1.9582956285135689,0,-0.13733723380987733,1.7092507103059824,0
-0.09494207904276467,1.9503339305974556,0,-0.08446628922661885,1.7333463122847295,0
-0.04991437913020981,1.929237676559613,0,-0.045974476478002374,1.7765698464807682,0
-0.03462388950598932,1.9047986573190772,0,-0.033213364516657254,1.825867869265637,0
1.0330111548435177e-14,1.8937895223302184,0,4.440892098500626e-16,1.8500000000000003,0
0.043416273703408975,1.8816506959751482,0,0.04330127018922214,1.8749999999999987,0
0.07504880202147776,1.8616377166873017,0,0.07732185336543074,1.9182327217011752,0
0.11120984188169533,1.8450976585214107,0,0.11758838505231495,1.9516064454522202,0
0.1348589923605289,1.8265498724551954,0,0.14712912687165214,1.9945809133815517,0
-0.08554646287808172,-1.878621534344331,0,-0.0855581792549276,-1.876816303509594,0
-0.07504880202148073,-1.8616377166872393,0,-0.07732185336543096,-1.9182327217011752,0
-0.06600779044166935,-1.8453743421722117,0,-0.0700762519636653,-1.9596774076060508,0
-0.032793239086182965,-1.8450477650280435,0,-0.0350860785365399,-1.9642212497895688,0
-2.452485471002873e-14,-1.8315766449740136,0,-5.183617061359476e-16,-2.0,0
-0.13080518235673727,-1.9077113293863797,0,-0.12400935585313654,-1.8074161377337727,0
-0.12008844283619748,-1.8852234746825023,0,-0.11832672542766809,-1.8566382578642138,0
-0.18078935042968125,-1.911089183795648,0,-0.1692736407063822,-1.7889718720245857,0
-0.23246701880529677,-1.9122471718163345,0,-0.21524160504089715,-1.7706299738893438,0
-0.2850118982721508,-1.91161688667623,0,-0.2612371586543681,-1.752319126090208,0
-0.33818171663445357,-1.9087034556740814,0,-0.3071491288546054,-1.7340247508089381,0
-0.36055768063804666,-1.9316438301477656,0,-0.3143898703869427,-1.6849745330980743,0
-0.41659081110007756,-1.9257592901086016,0,-0.36035178515516403,-1.666685988225413,0
-0.44311296524346444,-1.9494228410235295,0,-0.36752371487957847,-1.617735207774856,0
-0.5017578505444463,-1.9399141924580816,0,-0.4134744164963764,-1.5994759586643532,0
-0.5603186984323866,-1.9276991481343815,0,-0.45935407468174594,-1.5811556519968581,0
-0.5939896192885138,-1.9501096820379806,0,-0.4664979617709988,-1.532178596429625,0
-0.6304275331030372,-1.9737953927406486,0,-0.47364393902601065,-1.483337559407126,0
-0.6932804760913572,-1.9548315038031228,0,-0.5194966514366276,-1.4651228610774731,0
-0.7354021705747757,-1.9774836248801315,0,-0.5266645463085134,-1.4163189620861563,0
-0.7812381916519714,-2.0013030914771655,0,-0.5338238125609349,-1.3675109742324743,0
-0.8475234645762353,-1.9735481875614176,0,-0.5794975307215884,-1.3493514221344458,0
-0.8998946877697196,-1.995154917111203,0,-0.5866113877317998,-1.3004422055586018,0
-0.9567739860175336,-2.017656260727111,0,-0.593509912261829,-1.2514551744481708,0
-1.0186174318580798,-2.0405799885847187,0,-0.6003896438029142,-1.2025871732685858,0
-1.086220462959693,-2.0639146217369593,0,-0.6072315446350107,-1.1536334045363275,0
-1.159989355216697,-2.0865890019121447,0,-0.6144161180048069,-1.1050348978716238,0
-1.2418087383166385,-2.109292333985417,0,-0.6215807479295329,-1.0556809766282138,0
-1.3314954977233477,-2.1318336579801276,0,-0.6284573073799119,-1.0059047240256815,0
-1.4294008230175972,-2.1519050418430488,0,-0.6355951571603499,-0.9569884918183371,0
-1.5312276454518476,-2.166586620132273,0,-0.6434724295602686,-0.910234284142092,0
-1.6354887350282947,-2.18736301984176,0,-0.6464138720581947,-0.864628456048897,0
-1.7400773527910405,-2.231012557910997,0,-0.6399643707553332,-0.8199934384707416,0
-1.8674081200624657,-2.274215106859997,0,-0.6343932843209605,-0.773010453233632,0
-0.41087267137400124,1.9826816608284281,0,-0.32871573818604316,1.5870621067245032,0
-0.4719088404044811,1.9747501598159776,0,-0.3746944375912987,1.568780685456473,0
-0.5329992676662266,1.9639201280610308,0,-0.420606391068174,1.5505070239229581,0
-0.5669748474577805,1.9894826238060845,0,-0.4277704117103881,1.501594527869645,0
-0.6039784175354257,2.0167184748678917,0,-0.43493469488276676,1.4527104669804691,0
-0.6700910041181961,1.9988802665416479,0,-0.4808141896676547,1.434518849868267,0
-0.7133481161323876,2.0254203130098816,0,-0.48798624408594254,1.385711011541831,0
-0.7606195522838037,2.0534330476197176,0,-0.4951911373704598,1.336910852842581,0
-0.8311843337448325,2.026248502136024,0,-0.5409604740435408,1.3187041651600202,0
-0.8855941440931473,2.052353379181858,0,-0.5480006094351313,1.2698873600378853,0
-0.9451020699137705,2.0797253382944914,0,-0.5549153801891826,1.2209649577838952,0
-1.0102249974565496,2.1078635567510746,0,-0.5618783883164287,1.1722197755310901,0
-1.0815561682010384,2.136687197047138,0,-0.5688032766987918,1.1235534294985563,0
-1.1605466377392515,2.165620951306118,0,-0.576036630389552,1.0747444034304332,0
-1.2489172264219106,2.195386159967409,0,-0.583221971506589,1.0250348469647783,0
-1.3498222201527392,2.2265012030774476,0,-0.5901000355418001,0.9734586599499816,0
-1.4503796128885955,2.252538209624408,0,-0.5967194625730223,0.9265112606822701,0
-1.5480921185717578,2.2580530898287483,0,-0.6092706411441625,0.8888238183250662,0
-1.6367735016860832,2.3052567102932557,0,-0.602425102186032,0.8491017720403068,0
-1.7516036039283853,2.3622562705318035,0,-0.5956993047980849,0.8032075312539583,0
-0.3846779208121338,1.9562355418305208,0,-0.32155653463576567,1.6360215703124703,0
-0.32670933902565896,1.9604000760827869,0,-0.2755755058524812,1.654329840225027,0
-0.3049925966160454,1.9351164867866666,0,-0.26838652417580616,1.7032808422062349,0
-0.2501450713795739,1.9362412077844149,0,-0.22236316409567164,1.721615415768595,0
-0.19612145551599539,1.9352471895225474,0,-0.17634814674090965,1.739949481250468,0
-0.14273985646137435,1.9314574978229782,0,-0.13005416236622194,1.7593661893864032,0
-0.09967861897384007,1.9241572459796712,0,-0.09225907196800834,1.7808935971466178,0
-0.07983460566457624,1.9018051943395,0,-0.07679107591606261,1.8277694998474183,0
-0.043416273703400954,1.8816506959751456,0,-0.04330127018922147,1.8749999999999987,0
1.3791986903696125e-14,1.871613962616271,0,4.440892098500626e-16,1.9000000000000001,0
0.03625174579062209,1.8588988630103702,0,0.037553985915335986,1.928261180649688,0
0.06600779044166893,1.8453743421722788,0,0.07007625196366507,1.9596774076060508,0
0.09035359130980816,1.8292497055913297,0,0.09813534843591909,1.9975909124210998,0
-0.11010285439101358,-1.8648395301782423,0,-0.1125115099390961,-1.9040053333338343,0
-0.15315027184082086,-1.8686001509189416,0,-0.15455984204448803,-1.885264390806146,0
-0.16656086138657689,-1.8885583188380155,0,-0.16214906758298642,-1.837947665295526,0
-0.21616379198710975,-1.890137369651224,0,-0.20811832087117055,-1.819599540244635,0
-0.26645966371314506,-1.8897895134023368,0,-0.25405144580519723,-1.8013182541524269,0
-0.3175197345086429,-1.887367773409029,0,-0.2999487683962829,-1.7830134130350404,0
-0.36907102636191214,-1.8830403532207618,0,-0.34583151637307813,-1.76473292370592,0
-0.39196630091546275,-1.9036766048196572,0,-0.3531187915419422,-1.7156666188987362,0
-0.4461007309955741,-1.8963571288711436,0,-0.39909238726390067,-1.6973627068952502,0
-0.4728564308551273,-1.917437469387229,0,-0.40627123884177835,-1.6483979268447453,0
-0.5291979423216806,-1.9066233841497535,0,-0.4521775981785496,-1.6300816207427933,0
-0.5854778257375937,-1.8933332513551886,0,-0.49808885295392913,-1.6116046261293142,0
-0.6186242788546746,-1.912774566827457,0,-0.5052166796183272,-1.5627636591291223,0
-0.6544594012442315,-1.9332717032544866,0,-0.5123478992267804,-1.5139186190521612,0
-0.7141892501475856,-1.9134243455111528,0,-0.5581773160330769,-1.4957010917114448,0
-0.7551652963499,-1.9326450478285788,0,-0.5653297100242304,-1.4469192155108095,0
-0.7994949323770588,-1.9526655264229231,0,-0.5724530245671205,-1.3981753524001068,0
-0.8619422507521348,-1.9246329217492049,0,-0.6180801027467782,-1.3800047173256658,0
-0.91212542609588,-1.9424867231296699,0,-0.6250597025248632,-1.3309994190427197,0
-0.9665337324683967,-1.960579144928578,0,-0.632083325441801,-1.2819741079706175,0
-1.0255001290412016,-1.9789065412109648,0,-0.6390321440222393,-1.2329549199999386,0
-1.089497265798268,-1.997172942165713,0,-0.6459818153175609,-1.1839693460500358,0
-1.1588461104455854,-2.014830665590049,0,-0.6530157385484696,-1.1352268274397048,0
-1.234453219318557,-2.0317542015772614,0,-0.6601103463079512,-1.0862786488067349,0
-1.3172912004529735,-2.047576269586788,0,-0.6672421139883852,-1.0370883386700327,0
-1.407406143288815,-2.061547045438615,0,-0.6743661377210697,-0.9876834621372894,0
-1.5055487868553903,-2.0725850021798586,0,-0.6817563194080365,-0.9383748880661855,0
-1.6282399462461308,-2.0733593938693864,0,-0.6932460691234077,-0.8828824922109071,0
-1.7175167865215022,-2.133004093803323,0,-0.6756352263716856,-0.8388327235588684,0
-1.8353069241611155,-2.1328298910747208,0,-0.6823007305662931,-0.7932012235640864,0
-1.9740742870482018,-2.1817232523987444,0,-0.6715589548890094,-0.7409511253169008,0
-0.11120984188170038,-1.8450976585213152,0,-0.1175883850523152,-1.9516064454522202,0
-0.09035359130986818,-1.8292497055912418,0,-0.09813534843591934,-1.9975909124210998,0
-0.04512016464963445,-1.8307115546401704,0,-0.049082456912151316,-1.99939763739569,0
-0.4431129652434688,1.9494228410236125,0,-0.3675237148795777,1.617735207774856,0
-0.41659081110006463,1.925759290108655,0,-0.36035178515516325,1.666685988225413,0
-0.36055768063806193,1.9316438301478804,0,-0.31438987038694194,1.6849745330980743,0
-0.3381817166344309,1.908703455674154,0,-0.3071491288546045,1.7340247508089381,0
-0.2850118982721438,1.9116168866762886,0,-0.2612371586543672,1.752319126090208,0
-0.23246701880528242,1.912247171816407,0,-0.21524160504089632,1.7706299738893438,0
-0.1807893504296603,1.9110891837957351,0,-0.16927364070638132,1.7889718720245857,0
-0.1308051823567023,1.9077113293864374,0,-0.12400935585313567,1.8074161377337727,0
-0.12008844283619839,1.8852234746826113,0,-0.1183267254276672,1.8566382578642138,0
-0.08554646287806382,1.8786215343444188,0,-0.08555817925492669,1.876816303509594,0
-0.07504880202145418,1.8616377166873321,0,-0.07732185336543004,1.9182327217011752,0
-0.036251745790644316,1.8588988630103283,0,-0.03755398591533529,1.928261180649688,0
-3.8325302396606635e-14,1.850439682063848,0,4.440892098500626e-16,1.95,0
0.03279323908614621,1.8450477650280899,0,0.03508607853653967,1.9642212497895688,0
0.045120164649564844,1.8307115546402608,0,0.04908245691215107,1.99939763739569,0
-0.5017578505444723,1.9399141924581234,0,-0.4134744164963756,1.5994759586643532,0
-0.5603186984323965,1.9276991481344796,0,-0.45935407468174516,1.5811556519968581,0
-0.5939896192885379,1.9501096820380508,0,-0.466497961770998,1.532178596429625,0
-0.6304275331030595,1.9737953927406888,0,-0.47364393902601,1.483337559407126,0
-0.6932804760913736,1.9548315038032213,0,-0.5194966514366269,1.4651228610774731,0
-0.7354021705748286,1.9774836248802186,0,-0.5266645463085128,1.4163189620861563,0
-0.7812381916519872,2.001303091477252,0,-0.5338238125609343,1.3675109742324743,0
-0.8475234645762832,1.973548187561509,0,-0.5794975307215877,1.3493514221344463,0
-0.8998946877697658,1.9951549171112934,0,-0.5866113877317991,1.3004422055586022,0
-0.9567739860175987,2.0176562607272017,0,-0.5935099122618284,1.2514551744481712,0
-1.0186174318581276,2.040579988584796,0,-0.6003896438029135,1.2025871732685862,0
-1.086220462959787,2.0639146217370716,0,-0.6072315446350101,1.153633404536328,0
-1.1599893552167113,2.086589001912275,0,-0.6144161180048064,1.1050348978716242,0
-1.2418087383167362,2.109292333985636,0,-0.6215807479295324,1.0556809766282143,0
-1.331495497723353,2.131833657980234,0,-0.6284573073799115,1.005904724025682,0
-1.429400823017666,2.15190504184313,0,-0.6355951571603494,0.9569884918183373,0
-1.531227645451914,2.1665866201323953,0,-0.6434724295602682,0.9102342841420922,0
-1.6354887350283738,2.187363019841816,0,-0.6464138720581942,0.8646284560488973,0
-1.7400773527911158,2.2310125579110687,0,-0.6399643707553327,0.8199934384707418,0
-1.8674081200625539,2.2742151068600718,0,-0.6343932843209601,0.7730104532336323,0
-0.140210932806496,-1.8545405384228515,0,-0.145345103187321,-1.9218622004639243,0
-0.15903757558366535,-1.8395492354192733,0,-0.16883687731132271,-1.953263734074862,0
-0.13485899236053694,-1.8265498724551397,0,-0.14712912687165236,-1.9945809133815517,0
-0.20023459447124156,-1.870300657229912,0,-0.20004092410567154,-1.8672936272969487,0
-0.24946577706960815,-1.8694220031847582,0,-0.24693433357904926,-1.8501983997101288,0
-0.2984386659924954,-1.8674690706649288,0,-0.2927937358815311,-1.831969037211615,0
-0.3479215430355137,-1.8637636802501139,0,-0.3386296248089189,-1.813716386241133,0
-0.3980116128672749,-1.8580426094846114,0,-0.38455640201604635,-1.7953901169059583,0
-0.4212630069795459,-1.8766020593625914,0,-0.39187120676076065,-1.7462913159846023,0
-0.4734657876780594,-1.868012878759942,0,-0.4377440343205729,-1.728005964158074,0
-0.5003099194016828,-1.88678031644157,0,-0.4449460747533211,-1.6790173877211063,0
-0.5545319230180309,-1.8748948112770212,0,-0.49083110319345796,-1.6605567674059463,0
-0.6085610658137184,-1.8606376332242862,0,-0.5367731292190668,-1.6420506417088343,0
-0.6412175117739959,-1.8773972438543962,0,-0.5439459904452809,-1.5932758212545928,0
-0.6763167578934014,-1.8950229085300823,0,-0.5510415653227033,-1.5444866858612996,0
-0.7331438083873663,-1.8745077359625482,0,-0.5968441469997997,-1.5262651688857538,0
-0.7729243695437393,-1.8906557549550354,0,-0.6039782597480695,-1.4775185379453735,0
-0.8158468837985001,-1.9073112920438495,0,-0.6111480800637331,-1.4287414852392357,0
-0.8748552999112992,-1.879202235119917,0,-0.6567185461126076,-1.4105440308590096,0
-0.9227468003830206,-1.893665314637443,0,-0.6635659615862539,-1.3615979945818195,0
-0.9747016254319874,-1.9080795704108835,0,-0.6705983158359081,-1.3125686756354205,0
-1.0307727515352867,-1.9223368254266087,0,-0.6776564015804267,-1.2635915672346598,0
-1.0912917859541937,-1.9361891195027945,0,-0.6847226411054839,-1.2146563958796566,0
-1.1568127552660048,-1.949369289467904,0,-0.691850376013893,-1.1656636937524198,0
-1.227839745771113,-1.9617247619053035,0,-0.6989262942126993,-1.1165241435797546,0
-1.30452560616536,-1.972520438432918,0,-0.7060440298136835,-1.0674630612470477,0
-1.3872683503888537,-1.9812791709277018,0,-0.7131756912586308,-1.0184274622854586,0
-1.4774228422240823,-1.987217055787769,0,-0.7205089177843917,-0.9691573965762533,0
-1.5772530181569762,-1.98357307847356,0,-0.7308983563867074,-0.9191631266426119,0
-1.679246923846244,-1.9519556747550677,0,-0.7520179854041951,-0.8742064999042061,0
-1.750147520203183,-2.0365265869334688,0,-0.7162510893551985,-0.83345800749971,0
-1.8581700207514995,-2.0153597253611824,0,-0.7295211679907531,-0.7907584115602083,0
-1.9361727475689279,-2.0730023594300904,0,-0.7066264541838527,-0.7573438645274831,0
-2.081256819057697,-2.081256819057719,0,-0.7071067811865478,-0.7071067811865475,0
-0.18083579502109517,-1.853350530719851,0,-0.186680054502133,-1.912482003698244,0
-0.47285643085512824,1.9174374693873009,0,-0.40627123884177757,1.6483979268447453,0
-0.5291979423216782,1.9066233841498395,0,-0.4521775981785488,1.6300816207427933,0
-0.5854778257376276,1.893333251355249,0,-0.49808885295392835,1.6116046261293142,0
-0.6186242788546849,1.912774566827517,0,-0.5052166796183265,1.5627636591291223,0
-0.6544594012442464,1.9332717032545703,0,-0.5123478992267797,1.5139186190521612,0
-0.7141892501476181,1.9134243455112119,0,-0.5581773160330762,1.4957010917114453,0
-0.7551652963499724,1.9326450478286656,0,-0.5653297100242297,1.44691921551081,0
-0.7994949323770768,1.9526655264230308,0,-0.5724530245671199,1.3981753524001073,0
-0.8619422507521707,1.9246329217492446,0,-0.6180801027467775,1.3800047173256662,0
-0.9121254260959709,1.9424867231297729,0,-0.6250597025248625,1.3309994190427201,0
-0.9665337324684167,1.9605791449286503,0,-0.6320833254418003,1.281974107970618,0
-1.0255001290412749,1.9789065412110558,0,-0.6390321440222386,1.232954919999939,0
-1.0894972657983473,1.9971729421658146,0,-0.6459818153175603,1.1839693460500362,0
-1.1588461104456436,2.0148306655901016,0,-0.6530157385484692,1.1352268274397053,0
-1.234453219318683,2.0317542015773076,0,-0.6601103463079507,1.0862786488067353,0
-1.3172912004529609,2.047576269586769,0,-0.6672421139883847,1.0370883386700331,0
-1.4074061432889837,2.0615470454387608,0,-0.6743661377210692,0.9876834621372896,0
-1.50554878685541,2.0725850021799648,0,-0.681756319408036,0.9383748880661857,0
-1.6282399462461818,2.0733593938694934,0,-0.6932460691234072,0.8828824922109073,0
-1.717516786521543,2.1330040938034274,0,-0.6756352263716852,0.8388327235588686,0
-1.8353069241611852,2.132829891074815,0,-0.6823007305662927,0.7932012235640866,0
-1.974074287048245,2.1817232523987937,0,-0.671558954889009,0.740951125316901,0
-0.4461007309955816,1.8963571288712038,0,-0.3990923872638999,1.6973627068952502,0
-0.3919663009154667,1.903676604819708,0,-0.3531187915419414,1.7156666188987362,0
-0.3690710263619198,1.883040353220825,0,-0.34583151637307724,1.76473292370592,0
-0.31751973450862836,1.8873677734090581,0,-0.29994876839628204,1.7830134130350404,0
-0.266459663713156,1.889789513402422,0,-0.25405144580519634,1.8013182541524269,0
-0.21616379198708505,1.8901373696512893,0,-0.20811832087116966,1.819599540244635,0
-0.1665608613865523,1.888558318838062,0,-0.16214906758298553,1.837947665295526,0
-0.15315027184082125,1.8686001509190169,0,-0.15455984204448714,1.885264390806146,0
-0.11010285439101052,1.8648395301783085,0,-0.11251150993909519,1.9040053333338343,0
-0.11120984188168641,1.84509765852135,0,-0.11758838505231425,1.9516064454522202,0
-0.06600779044167682,1.845374342172316,0,-0.07007625196366436,1.9596774076060508,0
-0.03279323908617761,1.8450477650281294,0,-0.03508607853653896,1.9642212497895688,0
1.7722186107867597e-15,1.8315766449740734,0,4.440892098500626e-16,2.0,0
-0.17945036241901344,-1.8226441811578042,0,-0.19603428015147562,-1.990369453394393,0
-0.2045782466254086,-1.8357916034164907,0,-0.21696083777936262,-1.9466861376540276,0
-0.230921457329221,-1.8506024052914627,0,-0.23713906610812205,-1.8999617037780747,0
-0.28165622348666397,-1.8455234479709615,0,-0.28832046710270154,-1.8882684674594497,0
-0.32839050056522195,-1.8458509553259659,0,-0.33150354534397963,-1.8625521986743325,0
-0.376251183915385,-1.8407991908891959,0,-0.37709690245515515,-1.844265948444162,0
-0.4249117022304458,-1.8338327516834496,0,-0.4232389998707706,-1.826147716621472,0
-0.4484923915494236,-1.8504116203224277,0,-0.43058236603674743,-1.776906294387224,0
-0.4990227011183616,-1.840877965455324,0,-0.47645551664428015,-1.758410566401352,0
-0.5257568172677841,-1.857424174040174,0,-0.4835911390248226,-1.7095098021735293,0
-0.5781769697881652,-1.8446367387371922,0,-0.5296152599148009,-1.690820067663604,0
-0.6299113278420212,-1.8295543859812624,0,-0.5754924991335443,-1.6724067251201478,0
-0.6619323047255747,-1.843955357474229,0,-0.5826153788396277,-1.6237125703491808,0
-0.6962243121258368,-1.8589405154946599,0,-0.5897173596129556,-1.5749957551347256,0
-0.7503441468296269,-1.8379245286620027,0,-0.6354759842480163,-1.5568159013798888,0
-0.7889096867102032,-1.851319851457756,0,-0.6426195207666955,-1.5080911209063426,0
-0.8303148295312573,-1.8650680934986146,0,-0.6497186334191417,-1.4593570135546818,0
-0.8862996294344928,-1.8368461576438921,0,-0.6954271158278539,-1.4411258387087715,0
-0.9322913665668006,-1.84825410134163,0,-0.7023420324961616,-1.3921893495941926,0
-0.9817759754350209,-1.8595754983827415,0,-0.7092503176796288,-1.3431817133480797,0
-1.035051691471219,-1.8702919283112012,0,-0.7163847937734593,-1.2942565448041978,0
-1.0923865764315783,-1.8804609065644233,0,-0.7235384116666659,-1.2453013003900397,0
-1.1541278221181335,-1.8898513239783017,0,-0.7306922949542707,-1.1963007167111268,0
-1.2205127998576337,-1.898114471007269,0,-0.7378053097650457,-1.1472542932368908,0
-1.2919512095549863,-1.9048420534242834,0,-0.7449331261542014,-1.0981703627765917,0
-1.3687588071640773,-1.9095331145250858,0,-0.7520700421140402,-1.0491298840667835,0
-1.4495696030400576,-1.9122654945383595,0,-0.7587033262266146,-1.0007220289983836,0
-1.5384262303881862,-1.9084810904326728,0,-0.7673687901284948,-0.9519444206344148,0
-1.628541824023032,-1.8796433808407553,0,-0.7865824468356316,-0.907938892872845,0
-1.723496183830079,-1.854060089044937,0,-0.8004775023187743,-0.861165205222596,0
-1.7867076954283516,-1.9292247090623904,0,-0.764956643998985,-0.8260036963431223,0
-1.8970379288525199,-1.8970379288525216,0,-0.77781745930512,-0.7778174593051197,0
-1.985588354314408,-1.9855883543144162,0,-0.7424621202458416,-0.7424621202458412,0
-2.0730023594300664,-1.9361727475689092,0,-0.7573438645274835,-0.7066264541838523,0
-2.181723252398746,-1.974074287048206,0,-0.7409511253169009,-0.6715589548890091,0
-0.5003099194016634,1.8867803164416652,0,-0.4449460747533203,1.6790173877211063,0
-0.5545319230180538,1.8748948112770425,0,-0.4908311031934572,1.6605567674059463,0
-0.6085610658137476,1.8606376332243688,0,-0.536773129219066,1.6420506417088343,0
-0.6412175117740122,1.8773972438544546,0,-0.5439459904452802,1.5932758212545932,0
-0.6763167578934426,1.895022908530139,0,-0.5510415653227027,1.5444866858613,0
-0.7331438083873989,1.8745077359626456,0,-0.596844146999799,1.5262651688857543,0
-0.772924369543761,1.8906557549551013,0,-0.6039782597480688,1.477518537945374,0
-0.8158468837985778,1.9073112920438897,0,-0.6111480800637324,1.4287414852392362,0
-0.8748552999113184,1.8792022351200195,0,-0.6567185461126069,1.41054403085901,0
-0.9227468003830962,1.8936653146375322,0,-0.6635659615862533,1.36159799458182,0
-0.9747016254320455,1.9080795704109645,0,-0.6705983158359075,1.312568675635421,0
-1.0307727515353509,1.9223368254266913,0,-0.6776564015804261,1.2635915672346603,0
-1.091291785954273,1.9361891195029006,0,-0.6847226411054832,1.214656395879657,0
-1.156812755266039,1.9493692894679904,0,-0.6918503760138923,1.1656636937524203,0
-1.2278397457711887,1.9617247619054285,0,-0.6989262942126988,1.116524143579755,0
-1.3045256061654014,1.9725204384330581,0,-0.7060440298136831,1.0674630612470482,0
-1.3872683503889638,1.9812791709278388,0,-0.7131756912586303,1.018427462285459,0
-1.4774228422241262,1.9872170557878093,0,-0.7205089177843913,0.9691573965762535,0
-1.5772530181570688,1.983573078473607,0,-0.730898356386707,0.9191631266426121,0
-1.6792469238462977,1.9519556747551157,0,-0.7520179854041946,0.8742064999042063,0
-1.7501475202032621,2.0365265869335687,0,-0.7162510893551981,0.8334580074997102,0
-1.858170020751549,2.0153597253612427,0,-0.7295211679907526,0.7907584115602085,0
-1.93617274756897,2.073002359430192,0,-0.7066264541838523,0.7573438645274834,0
-2.081256819057716,2.0812568190577645,0,-0.7071067811865474,0.7071067811865477,0
-0.42126300697952024,1.876602059362655,0,-0.39187120676075976,1.7462913159846023,0
-0.3980116128672811,1.8580426094847238,0,-0.38455640201604546,1.7953901169059583,0
-0.3479215430354914,1.8637636802501578,0,-0.338629624808918,1.813716386241133,0
-0.2984386659924959,1.8674690706650312,0,-0.29279373588153024,1.831969037211615,0
-0.24946577706959508,1.869422003184783,0,-0.24693433357904837,1.8501983997101288,0
-0.20023459447122957,1.8703006572299992,0,-0.20004092410567065,1.8672936272969487,0
-0.18083579502111763,1.8533505307199194,0,-0.18668005450213207,1.912482003698244,0
-0.1590375755836902,1.8395492354193133,0,-0.16883687731132177,1.953263734074862,0
-0.1348589923605654,1.8265498724552267,0,-0.14712912687165142,1.9945809133815517,0
-0.09035359130994018,1.829249705591315,0,-0.09813534843591837,1.9975909124210998,0
-0.04512016464962587,1.8307115546402524,0,-0.04908245691215036,1.99939763739569,0
-0.47346578767808034,1.8680128787600296,0,-0.43774403432057213,1.728005964158074,0
-0.1402109328065029,1.8545405384229539,0,-0.14534510318732005,1.9218622004639243,0
-0.2240935530830664,-1.8177431284444123,0,-0.24482134971605718,-1.9849590692815833,0
-0.24911406022261007,-1.8306496993214572,0,-0.26420265219891687,-1.93992705931324,0
-0.2933300035610501,-1.8242197064826051,0,-0.3109393255730104,-1.9324841119494494,0
-0.3202417601094322,-1.8309949114488475,0,-0.3326135246391724,-1.900868119792918,0
-0.3578344629434094,-1.825912980477451,0,-0.37042659224067265,-1.8891167372137854,0
-0.40219280820066916,-1.8189652354240085,0,-0.41470166107193496,-1.874299867335253,0
-0.4488801532069215,-1.8102677582043165,0,-0.46089391745696084,-1.8578343459949782,0
-0.4739268088182223,-1.825144094731421,0,-0.46926374110706526,-1.807408800096814,0
-0.522643580127867,-1.8145680936779327,0,-0.5150815458796805,-1.789161699475861,0
-0.5497349291140017,-1.8293150151574704,0,-0.5224478890434812,-1.739632559779501,0
-0.6000241163236714,-1.8157677687455396,0,-0.5683501184756248,-1.7210843748206888,0
-0.6492653955817442,-1.8000583730919821,0,-0.6139661343585037,-1.7030452731148467,0
-0.6808065023437154,-1.8122628516436468,0,-0.6212006986037432,-1.6542411100321837,0
-0.7143698501353737,-1.8248728468759654,0,-0.6283472969829168,-1.6055394276913757,0
-0.7659338775079076,-1.8035035316131287,0,-0.6740613245801411,-1.5873789228274557,0
-0.8033874123343008,-1.8144384929091444,0,-0.6812500419346338,-1.5386390392957159,0
-0.8434654414922991,-1.8256029871485733,0,-0.6883693530345415,-1.4898868487216939,0
-0.8965634969201436,-1.7973966646648616,0,-0.7341582533156205,-1.4716750845600457,0
-0.9407264738649812,-1.8060825188837737,0,-0.7411879728250118,-1.4228288626328178,0
-0.98792043872895,-1.8145154704854927,0,-0.7481303406665696,-1.3738845269642008,0
-1.038575702122067,-1.822345526295997,0,-0.7552346740026508,-1.3249485041973295,0
-1.0929135423713807,-1.8294825748015624,0,-0.7623789861215868,-1.2759793620884519,0
-1.1510635480662679,-1.8356026584275165,0,-0.7695423575567124,-1.2269854415297266,0
-1.2133905161817256,-1.8405268841445805,0,-0.7766946736178235,-1.1779431754780278,0
-1.2801661965360585,-1.8438781445697399,0,-0.7838470865153417,-1.1288722858986378,0
-1.3511297498686476,-1.8452262074151529,0,-0.790890366096295,-1.0799691056849616,0
-1.4257900976406461,-1.8447689072315514,0,-0.797405326644998,-1.0316942551894785,0
-1.5009923480923653,-1.8400302874505114,0,-0.8045138581986392,-0.9863205163877234,0
-1.5817902704466997,-1.8167143775476626,0,-0.8204930068773174,-0.9424436832921932,0
-1.6681465041926395,-1.789232258534949,0,-0.8358683332186897,-0.8964934793802921,0
-1.7601489735841243,-1.7601489735841183,0,-0.8485281374235493,-0.8485281374235489,0
-1.8247492742795397,-1.8247492742795615,0,-0.8131727983643531,-0.8131727983643527,0
-1.9292247090624006,-1.786707695428374,0,-0.8260036963431227,-0.7649566439989844,0
-2.0153597253611766,-1.858170020751541,0,-0.7907584115602087,-0.7295211679907526,0
-2.1328298910747483,-1.8353069241611424,0,-0.7932012235640865,-0.6823007305662928,0
-2.274215106859964,-1.8674081200624848,0,-0.7730104532336322,-0.6343932843209599,0
-0.5257568172677893,1.8574241740401791,0,-0.4835911390248218,1.7095098021735293,0
-0.5781769697881529,1.844636738737283,0,-0.5296152599148,1.690820067663604,0
-0.629911327842032,1.829554385981339,0,-0.5754924991335434,1.6724067251201482,0
-0.6619323047255864,1.843955357474301,0,-0.5826153788396268,1.6237125703491813,0
-0.6962243121258566,1.8589405154947463,0,-0.5897173596129549,1.574995755134726,0
-0.750344146829671,1.8379245286620336,0,-0.6354759842480157,1.5568159013798892,0
-0.788909686710243,1.8513198514578137,0,-0.6426195207666948,1.508091120906343,0
-0.8303148295313256,1.8650680934987462,0,-0.649718633419141,1.4593570135546823,0
-0.8862996294345641,1.8368461576439257,0,-0.6954271158278532,1.441125838708772,0
-0.9322913665668443,1.8482541013417144,0,-0.7023420324961609,1.392189349594193,0
-0.9817759754351083,1.8595754983828383,0,-0.7092503176796281,1.3431817133480801,0
-1.035051691471243,1.8702919283112693,0,-0.7163847937734587,1.2942565448041983,0
-1.0923865764317033,1.8804609065645184,0,-0.7235384116666652,1.2453013003900402,0
-1.1541278221181808,1.8898513239783892,0,-0.73069229495427,1.1963007167111273,0
-1.2205127998577314,1.8981144710073756,0,-0.7378053097650452,1.1472542932368912,0
-1.2919512095550771,1.9048420534243615,0,-0.7449331261542009,1.0981703627765922,0
-1.3687588071641013,1.9095331145251517,0,-0.7520700421140397,1.049129884066784,0
-1.4495696030401664,1.9122654945384707,0,-0.7587033262266142,1.000722028998384,0
-1.5384262303882066,1.9084810904327647,0,-0.7673687901284943,0.951944420634415,0
-1.6285418240230984,1.879643380840896,0,-0.7865824468356312,0.9079388928728455,0
-1.7234961838301526,1.8540600890450558,0,-0.8004775023187739,0.8611652052225964,0
-1.786707695428429,1.9292247090624635,0,-0.7649566439989846,0.8260036963431225,0
-1.8970379288525978,1.8970379288526213,0,-0.7778174593051196,0.7778174593051201,0
-1.9855883543144282,1.9855883543144834,0,-0.7424621202458411,0.7424621202458415,0
-2.0730023594301663,1.9361727475690225,0,-0.757343864527483,0.7066264541838525,0
-2.1817232523987906,1.9740742870482932,0,-0.7409511253169007,0.6715589548890093,0
-0.4484923915494108,1.8504116203224545,0,-0.43058236603674654,1.776906294387224,0
-0.42491170223046554,1.8338327516835045,0,-0.42323899987076974,1.826147716621472,0
-0.3762511839153883,1.840799190889258,0,-0.37709690245515426,1.844265948444162,0
-0.3283905005652237,1.8458509553260078,0,-0.33150354534397874,1.8625521986743325,0
-0.2816562234866449,1.8455234479710372,0,-0.28832046710270065,1.8882684674594497,0
-0.23092145732921487,1.8506024052915233,0,-0.23713906610812116,1.8999617037780747,0
-0.20457824662543073,1.8357916034165878,0,-0.21696083777936168,1.9466861376540276,0
-0.17945036241901452,1.8226441811578609,0,-0.19603428015147467,1.990369453394393,0
-0.4990227011183785,1.8408779654554002,0,-0.47645551664427926,1.758410566401352,0
-0.26859227537307506,-1.8116760977966662,0,-0.29346094804526573,-1.978353020057941,0
-0.3128273822571664,-1.8045259297796366,0,-0.3419237764754695,-1.9705552849592303,0
-0.33694693195547915,-1.8149355753243621,0,-0.3583793973543501,-1.928953497594997,0
-0.3801557353524361,-1.8066017287711351,0,-0.4041925223339662,-1.9191261706157214,0
-0.42577106139612386,-1.7976176134943191,0,-0.4517022244215727,-1.9051230532793944,0
-0.46952146210646667,-1.7876772099390463,0,-0.4973187530437553,-1.891262624119485,0
-0.49645642739388324,-1.800352348838383,0,-0.5074931588058982,-1.8397788577111462,0
-0.544073762406336,-1.7895006116559284,0,-0.553348013490367,-1.8203703530745619,0
-0.571196687557506,-1.8023906430586636,0,-0.5608423222240861,-1.7706329664453995,0
-0.619362091201389,-1.7885245375246306,0,-0.6062648719815893,-1.751734730267831,0
-0.6673064085112826,-1.7719817413324748,0,-0.6525261225288073,-1.7335608421173558,0
-0.6981621357237011,-1.7822191185068064,0,-0.6597575088839321,-1.6847794269740188,0
-0.7309347382284087,-1.7927418956688435,0,-0.6669036514610706,-1.6360853882548125,0
-0.780129826357315,-1.7710615511586665,0,-0.712593323887193,-1.6179564319250017,0
-0.816482859905629,-1.7798843021416277,0,-0.7197947969313142,-1.5692109021911709,0
-0.8552336447821635,-1.788655896634404,0,-0.7270171515897218,-1.5204563177716979,0
-0.905719380446114,-1.760659056597687,0,-0.7728279241216159,-1.5022731639555227,0
-0.9481012285256533,-1.7668989363590437,0,-0.7800071014681168,-1.4534890869163746,0
-0.9932502824416369,-1.7728276108021197,0,-0.7870549657684801,-1.4045887967937636,0
-1.0414765768710552,-1.7781775974582175,0,-0.7941288541434659,-1.3556682228015366,0
-1.0929206199952672,-1.7826475868947902,0,-0.801250075625209,-1.3066951378897946,0
-1.1478500024304457,-1.7860746283678737,0,-0.8084123219822719,-1.2576940597915367,0
-1.206507654099,-1.7882272413489102,0,-0.815584512074619,-1.2086577201513367,0
-1.2689208518652764,-1.7886638331101294,0,-0.8227597875343617,-1.1596041835050919,0
-1.3354608950085423,-1.7871070441247066,0,-0.8299476668430565,-1.1105145298528376,0
-1.4026479944418566,-1.7836073975187883,0,-0.8365872251933942,-1.0638007667577536,0
-1.4723659060132748,-1.7713644597343703,0,-0.847211804456281,-1.0193124739850628,0
-1.541457440343626,-1.7569459144346804,0,-0.8570679705444982,-0.9769417357602941,0
-1.6184183906247438,-1.732201844332571,0,-0.8708839256634829,-0.9321043376152134,0
-1.7028140162924044,-1.7028140162923937,0,-0.8838834764827455,-0.8838834764827451,0
-1.7892322585349067,-1.6681465041926506,0,-0.8964934793802924,-0.8358683332186891,0
-1.8540600890449306,-1.7234961838300262,0,-0.8611652052225963,-0.8004775023187739,0
-1.9519556747550484,-1.6792469238462124,0,-0.8742064999042064,-0.7520179854041945,0
-2.036526586933412,-1.7501475202031433,0,-0.8334580074997103,-0.7162510893551981,0
-2.133004093803368,-1.7175167865214742,0,-0.8388327235588685,-0.675635226371685,0
-2.231012557910914,-1.7400773527910125,0,-0.8199934384707417,-0.6399643707553326,0
-2.3622562705316636,-1.7516036039283631,0,-0.8032075312539582,-0.595699304798085,0
-0.5497349291139769,1.829315015157553,0,-0.5224478890434803,1.739632559779501,0
-0.522643580127872,1.8145680936780277,0,-0.5150815458796796,1.789161699475861,0
-0.4739268088181912,1.8251440947314828,0,-0.46926374110706437,1.807408800096814,0
-0.44888015320691793,1.8102677582043976,0,-0.46089391745695996,1.8578343459949782,0
-0.4021928082006593,1.8189652354240988,0,-0.41470166107193407,1.874299867335253,0
-0.35783446294338506,1.8259129804774927,0,-0.37042659224067176,1.8891167372137854,0
-0.3202417601094744,1.8309949114489315,0,-0.3326135246391715,1.900868119792918,0
-0.29333000356104616,1.8242197064826153,0,-0.3109393255730095,1.9324841119494494,0
-0.24911406022261726,1.8306496993215298,0,-0.264202652198916,1.93992705931324,0
-0.2240935530831155,1.8177431284444925,0,-0.24482134971605624,1.9849590692815833,0
-0.600024116323676,1.8157677687456015,0,-0.5683501184756239,1.7210843748206892,0
-0.6492653955817517,1.800058373092026,0,-0.6139661343585028,1.703045273114847,0
-0.6808065023437398,1.8122628516437038,0,-0.6212006986037423,1.654241110032184,0
-0.7143698501353962,1.8248728468760078,0,-0.6283472969829161,1.6055394276913761,0
-0.7659338775079312,1.803503531613251,0,-0.6740613245801405,1.5873789228274562,0
-0.8033874123343315,1.814438492909262,0,-0.6812500419346331,1.5386390392957163,0
-0.8434654414923659,1.8256029871486337,0,-0.6883693530345408,1.4898868487216943,0
-0.8965634969201887,1.7973966646650028,0,-0.7341582533156198,1.4716750845600461,0
-0.9407264738650256,1.8060825188838743,0,-0.7411879728250111,1.4228288626328183,0
-0.9879204387290431,1.814515470485577,0,-0.7481303406665689,1.3738845269642013,0
-1.0385757021221191,1.8223455262961026,0,-0.7552346740026501,1.32494850419733,0
-1.0929135423714598,1.8294825748016819,0,-0.7623789861215862,1.2759793620884523,0
-1.151063548066342,1.8356026584276133,0,-0.7695423575567117,1.226985441529727,0
-1.2133905161817795,1.840526884144656,0,-0.7766946736178229,1.1779431754780283,0
-1.2801661965361553,1.8438781445698278,0,-0.7838470865153413,1.1288722858986382,0
-1.3511297498687014,1.8452262074152337,0,-0.7908903660962946,1.079969105684962,0
-1.4257900976407496,1.8447689072316276,0,-0.7974053266449975,1.031694255189479,0
-1.5009923480924219,1.8400302874505867,0,-0.8045138581986387,0.9863205163877239,0
-1.5817902704468125,1.816714377547786,0,-0.820493006877317,0.9424436832921936,0
-1.6681465041926746,1.7892322585349545,0,-0.8358683332186893,0.8964934793802926,0
-1.7601489735842193,1.7601489735842195,0,-0.8485281374235488,0.8485281374235494,0
-1.8247492742795786,1.8247492742796299,0,-0.8131727983643526,0.8131727983643532,0
-1.9292247090624457,1.7867076954284478,0,-0.8260036963431222,0.7649566439989849,0
-2.01535972536119,1.858170020751591,0,-0.7907584115602082,0.7295211679907531,0
-2.1328298910748194,1.8353069241612145,0,-0.7932012235640863,0.6823007305662933,0
-2.274215106859968,1.867408120062575,0,-0.7730104532336319,0.6343932843209603,0
-0.3570057532951373,-1.7963615835514923,0,-0.39018064286380955,-1.9615705610388792,0
-0.40089700263880507,-1.787072620314464,0,-0.43820247900857207,-1.9514042603701423,0
-0.44435255489109377,-1.7767494396765884,0,-0.485960358536986,-1.9400625067070922,0
-0.4876085402850391,-1.765305140888711,0,-0.5334255134940431,-1.927552131993741,0
-0.514385913332904,-1.7755440295206228,0,-0.5444373455470715,-1.8772248490305639,0
-0.5680634149355218,-1.7622584771756677,0,-0.5977645053610172,-1.8538753727230883,0
-0.590869000683671,-1.7781236231956163,0,-0.5974646078210561,-1.7989015125862056,0
-0.6386193402216284,-1.7633302021164117,0,-0.6441707834095818,-1.7795069687504588,0
-0.6845448263471009,-1.7462208594755,0,-0.6903421262742446,-1.7617494259109445,0
-0.7141655050647124,-1.7537119153442728,0,-0.6983203083882785,-1.7152798826443678,0
-0.7461592185990545,-1.762321737709673,0,-0.7054617558284978,-1.6666170100788416,0
-0.7932401344593144,-1.7404745086888815,0,-0.7511618762505811,-1.6484669721813265,0
-0.8283963110750929,-1.7473754645568378,0,-0.7583295788868955,-1.5997660774763316,0
-0.865816075131706,-1.7541383215950381,0,-0.7655429503290317,-1.5510105000115366,0
-0.9138271243750365,-1.7263991683655164,0,-0.8113683523643557,-1.5328851976495506,0
-0.9545800599145474,-1.7305978892353318,0,-0.8186486337617137,-1.4840822675570926,0
-0.9978565418339511,-1.734322763545529,0,-0.8258666057212553,-1.4352804068839136,0
-1.0437859586634561,-1.737388573143698,0,-0.833008919786461,-1.3863816745637367,0
-1.0926293802392415,-1.7396209048609774,0,-0.8401337787239325,-1.3374190702461695,0
-1.1446275269540511,-1.7407876880486965,0,-0.8472911698935413,-1.2884168824373485,0
-1.19976624005138,-1.7405355891618295,0,-0.8544583756322541,-1.2394093715624719,0
-1.258393993111643,-1.7386643059949483,0,-0.8616452898421838,-1.1903396385189156,0
-1.3206210890925623,-1.7347934315237519,0,-0.8689016698785652,-1.1412819189335406,0
-1.386467325481445,-1.7284927119838605,0,-0.8761097144326553,-1.0921334451713196,0
-1.4482086214422498,-1.7157962991692328,0,-0.886018159192734,-1.0497777463708255,0
-1.512525071058685,-1.6952850253046687,0,-0.8992448682242825,-1.0079905199259926,0
-1.5777888121610932,-1.6785373859238493,0,-0.9074877267618233,-0.9655136764949125,0
-1.652337845073659,-1.652337845073666,0,-0.9192388155419373,-0.919238815541937,0
-1.7322018443325982,-1.6184183906247314,0,-0.9321043376152137,-0.8708839256634825,0
-1.8167143775476748,-1.5817902704466753,0,-0.9424436832921935,-0.8204930068773172,0
-1.8796433808407895,-1.6285418240231024,0,-0.9079388928728455,-0.786582446835631,0
-1.9835730784735415,-1.5772530181570081,0,-0.9191631266426121,-0.730898356386707,0
-2.073359393869387,-1.628239946246175,0,-0.8828824922109074,-0.6932460691234071,0
-2.187363019841769,-1.6354887350283356,0,-0.8646284560488972,-0.6464138720581942,0
-2.3052567102931394,-1.6367735016860918,0,-0.8491017720403067,-0.602425102186032,0
-2.4473878251485215,-1.6333756951041132,0,-0.8314696120142536,-0.555570233451061,0
-0.5711966875575246,1.8023906430587064,0,-0.5608423222240853,1.7706329664454,0
-0.6193620912013695,1.788524537524693,0,-0.6062648719815884,1.7517347302678314,0
-0.6673064085112747,1.7719817413325518,0,-0.6525261225288064,1.7335608421173563,0
-0.6981621357237163,1.782219118506894,0,-0.6597575088839313,1.6847794269740193,0
-0.7309347382284272,1.7927418956689458,0,-0.6669036514610697,1.636085388254813,0
-0.7801298263573556,1.7710615511587304,0,-0.7125933238871921,1.6179564319250022,0
-0.8164828599056625,1.779884302141682,0,-0.7197947969313135,1.5692109021911713,0
-0.8552336447822035,1.7886558966345014,0,-0.7270171515897211,1.5204563177716983,0
-0.90571938044621,1.760659056597736,0,-0.7728279241216153,1.5022731639555231,0
-0.9481012285257026,1.7668989363591003,0,-0.7800071014681161,1.453489086916375,0
-0.9932502824416984,1.7728276108022274,0,-0.7870549657684794,1.404588796793764,0
-1.0414765768711303,1.7781775974582934,0,-0.7941288541434652,1.355668222801537,0
-1.0929206199953276,1.78264758689486,0,-0.8012500756252083,1.306695137889795,0
-1.1478500024305476,1.7860746283679674,0,-0.8084123219822712,1.2576940597915371,0
-1.2065076540990574,1.7882272413490115,0,-0.8155845120746184,1.208657720151337,0
-1.2689208518653656,1.7886638331102396,0,-0.8227597875343611,1.1596041835050923,0
-1.3354608950086049,1.7871070441247736,0,-0.8299476668430561,1.110514529852838,0
-1.4026479944418988,1.7836073975188882,0,-0.8365872251933938,1.063800766757754,0
-1.4723659060133933,1.771364459734491,0,-0.8472118044562805,1.0193124739850632,0
-1.5414574403436792,1.7569459144347315,0,-0.8570679705444978,0.9769417357602945,0
-1.6184183906247744,1.7322018443326272,0,-0.8708839256634825,0.9321043376152138,0
-1.7028140162925383,1.7028140162925234,0,-0.883883476482745,0.8838834764827456,0
-1.7892322585349336,1.668146504192669,0,-0.896493479380292,0.8358683332186896,0
-1.8540600890449916,1.7234961838301242,0,-0.8611652052225959,0.8004775023187743,0
-1.95195567475509,1.6792469238462722,0,-0.874206499904206,0.752017985404195,0
-2.0365265869335034,1.7501475202032473,0,-0.8334580074997099,0.7162510893551985,0
-2.1330040938033816,1.7175167865215233,0,-0.8388327235588683,0.6756352263716855,0
-2.231012557910971,1.740077352791093,0,-0.8199934384707415,0.6399643707553331,0
-2.3622562705316903,1.7516036039284495,0,-0.8032075312539579,0.5956993047980854,0
-0.49645642739387064,1.80035234883846,0,-0.5074931588058973,1.8397788577111462,0
-0.5440737624063179,1.7895006116559782,0,-0.5533480134903661,1.8203703530745623,0
-0.4695214621064706,1.7876772099391152,0,-0.4973187530437544,1.891262624119485,0
-0.4257710613961121,1.7976176134944,0,-0.4517022244215718,1.9051230532793944,0
-0.38015573535243385,1.8066017287711873,0,-0.4041925223339653,1.9191261706157214,0
-0.33694693195549114,1.8149355753244667,0,-0.3583793973543492,1.928953497594997,0
-0.3128273822571394,1.8045259297797278,0,-0.3419237764754685,1.9705552849592303,0
-0.2685922753731368,1.8116760977967257,0,-0.29346094804526474,1.978353020057941,0
-0.5301904789251636,-1.7531099418524194,0,-0.580569352912518,-1.9138806719486825,0
-0.5727297646796574,-1.7395493025704711,0,-0.6273634790264138,-1.8990563617712548,0
-0.6102579965294858,-1.742643254823781,0,-0.6487764114902581,-1.8523616892636545,0
-0.6551090216912385,-1.7379421051788007,0,-0.6824658404162995,-1.8109650460711089,0
-0.612870960510444,-1.758397872196408,0,-0.6330250176403873,-1.8167133472220505,0
-0.729098302628942,-1.7264490419943306,0,-0.7369145005194959,-1.7457336883349848,0
-0.7602414781611261,-1.733469592245532,0,-0.7440312115514952,-1.6971085224516547,0
-0.8053585495265458,-1.711447487396399,0,-0.789730463999451,-1.6789596856065516,0
-0.8393483135362231,-1.7167436819313224,0,-0.7968609085091013,-1.6303125295994736,0
-0.8754056240513939,-1.721812283372615,0,-0.8040236174141518,-1.5816391289494836,0
-0.9211221178908118,-1.6944221673055537,0,-0.8498033120769782,-1.5635036541434528,0
-0.9603262094983936,-1.696882996954884,0,-0.8571680851395626,-1.5147111735839165,0
-1.0018083737101835,-1.6986802357946034,0,-0.8645266627553884,-1.4658786511622857,0
-1.0456389306918061,-1.6998093556879368,0,-0.8717536437363368,-1.4170391448831958,0
-1.0921270549937314,-1.7000929728548988,0,-0.8789474002831328,-1.3681199568820988,0
-1.1413312447534087,-1.699197899013372,0,-0.8861488818067376,-1.3191457062150866,0
-1.193221097656976,-1.6970683239043822,0,-0.8932423498421285,-1.2702721379983346,0
-1.2482280411262978,-1.6935308688236925,0,-0.9002239384997026,-1.2212340356289768,0
-1.3066463520721654,-1.6877818201578003,0,-0.907435522928018,-1.1720005014611148,0
-1.3682140620391212,-1.6794593347188858,0,-0.9148550177960539,-1.1228879746071885,0
-1.4269162134640807,-1.6684407339801064,0,-0.9225103656827293,-1.0786828492309446,0
-1.4814787955408966,-1.65348774950291,0,-0.9316621481000643,-1.0398384241686518,0
-1.5402835358666092,-1.631210929216028,0,-0.9441475346320695,-0.999783972903538,0
-1.6072830650243055,-1.6072830650242846,0,-0.954594154601127,-0.9545941546011266,0
-1.678537385923833,-1.5777888121610435,0,-0.9655136764949128,-0.9074877267618229,0
-1.7569459144346877,-1.5414574403436336,0,-0.9769417357602944,-0.8570679705444979,0
-1.8400302874505021,-1.5009923480924119,0,-0.9863205163877237,-0.8045138581986387,0
-1.9084810904326466,-1.5384262303881067,0,-0.951944420634415,-0.7673687901284945,0
-1.9872170557877629,-1.4774228422240427,0,-0.9691573965762535,-0.7205089177843914,0
-2.0725850021798347,-1.5055487868553419,0,-0.9383748880661856,-0.6817563194080359,0
-2.1665866201322914,-1.531227645451842,0,-0.9102342841420921,-0.6434724295602682,0
-2.2580530898285747,-1.5480921185716638,0,-0.8888238183250661,-0.6092706411441624,0
-2.3686187216395,-1.505890781314418,0,-0.8854187084023334,-0.5628629356729575,0
-2.5231099056210864,-1.5134668001295837,0,-0.8577286096775257,-0.5141027447316913,0
-0.7036191906552367,-1.722029842659261,0,-0.7289465041660186,-1.7850367805236529,0
-0.590869000683663,1.7781236231957291,0,-0.5974646078210553,1.798901512586206,0
-0.568063414935495,1.76225847717574,0,-0.5977645053610163,1.8538753727230888,0
-0.5143859133328933,1.7755440295207017,0,-0.5444373455470706,1.8772248490305643,0
-0.4876085402850443,1.7653051408887928,0,-0.5334255134940422,1.927552131993741,0
-0.4443525548910836,1.7767494396766634,0,-0.4859603585369851,1.9400625067070922,0
-0.4008970026388114,1.7870726203145428,0,-0.4382024790085712,1.9514042603701423,0
-0.35700575329512535,1.7963615835515667,0,-0.39018064286380855,1.9615705610388792,0
-0.638619340221638,1.7633302021164694,0,-0.6441707834095809,1.7795069687504592,0
-0.684544826347084,1.7462208594755715,0,-0.6903421262742437,1.761749425910945,0
-0.71416550506474,1.7537119153443443,0,-0.6983203083882776,1.7152798826443683,0
-0.7461592185990844,1.762321737709753,0,-0.7054617558284969,1.666617010078842,0
-0.7932401344593184,1.7404745086889517,0,-0.7511618762505802,1.648466972181327,0
-0.8283963110751434,1.7473754645569273,0,-0.7583295788868948,1.599766077476332,0
-0.8658160751317421,1.754138321595093,0,-0.7655429503290311,1.551010500011537,0
-0.913827124375119,1.7263991683656537,0,-0.811368352364355,1.532885197649551,0
-0.954580059914581,1.7305978892354246,0,-0.818648633761713,1.484082267557093,0
-0.9978565418340462,1.7343227635456122,0,-0.8258666057212546,1.435280406883914,0
-1.0437859586635188,1.7373885731437761,0,-0.8330089197864603,1.3863816745637372,0
-1.0926293802393288,1.7396209048610913,0,-0.8401337787239318,1.33741907024617,0
-1.1446275269541282,1.7407876880487927,0,-0.8472911698935406,1.288416882437349,0
-1.1997662400514666,1.7405355891618972,0,-0.8544583756322535,1.2394093715624723,0
-1.2583939931117072,1.7386643059950022,0,-0.8616452898421831,1.190339638518916,0
-1.3206210890926415,1.7347934315238434,0,-0.8689016698785648,1.141281918933541,0
-1.386467325481553,1.728492711983997,0,-0.8761097144326548,1.09213344517132,0
-1.4482086214423,1.7157962991693092,0,-0.8860181591927335,1.049777746370826,0
-1.5125250710587472,1.6952850253047242,0,-0.8992448682242821,1.007990519925993,0
-1.57778881216118,1.6785373859239832,0,-0.9074877267618229,0.9655136764949129,0
-1.6523378450737074,1.6523378450737458,0,-0.9192388155419369,0.9192388155419374,0
-1.732201844332651,1.6184183906247838,0,-0.9321043376152133,0.8708839256634829,0
-1.8167143775477281,1.5817902704467983,0,-0.9424436832921931,0.8204930068773176,0
-1.879643380840832,1.6285418240231178,0,-0.907938892872845,0.7865824468356315,0
-1.9835730784736223,1.5772530181570745,0,-0.9191631266426117,0.7308983563867074,0
-2.0733593938694366,1.6282399462462172,0,-0.882882492210907,0.6932460691234076,0
-2.1873630198418095,1.6354887350283736,0,-0.8646284560488969,0.6464138720581947,0
-2.3052567102931394,1.6367735016861198,0,-0.8491017720403065,0.6024251021860324,0
-2.447387825148548,1.633375695104162,0,-0.8314696120142534,0.5555702334510615,0
-0.6161278749681919,-1.7245891582718589,0,-0.6737797048764511,-1.8830881310487306,0
-0.642190919278852,-1.7272775037386883,0,-0.6872964747462751,-1.8490105069204625,0
-0.6809934448082523,-1.7150314764976475,0,-0.7248027001288624,-1.8263860521078545,0
-0.7254524371496942,-1.6982910504845525,0,-0.7692677476283023,-1.8031962761698497,0
-0.747327095833274,-1.7039832812975595,0,-0.7730950325326,-1.7642356600390239,0
-0.773318228794755,-1.7060787744901273,0,-0.7825891545040653,-1.7275986306707736,0
-0.8170538022409565,-1.6845728708021155,0,-0.8277856665208867,-1.7081406940588748,0
-0.8495177173211639,-1.6879091526329806,0,-0.835435638117683,-1.6608108080159198,0
-0.8842896693614842,-1.6914037282871097,0,-0.8425750126353112,-1.6121746101227339,0
-0.9279394717540067,-1.664486709013407,0,-0.888285733206052,-1.5939976476546096,0
-0.9654228126816384,-1.6654417399782884,0,-0.8956190673038172,-1.5453504217494265,0
-1.0051490332550082,-1.6656265091365472,0,-0.9030424825751214,-1.4965668492416895,0
-1.0471629273496377,-1.6650788484549044,0,-0.9104239655038598,-1.4476947879023516,0
-1.0913624364008352,-1.663652247838638,0,-0.9176465317578048,-1.3988197810161076,0
-1.1379814044681391,-1.6611898008492878,0,-0.9247762276904181,-1.3498765079168826,0
-1.1872702064188014,-1.6572903314439664,0,-0.9320499721060274,-1.3009381800132749,0
-1.2386915975381005,-1.6523997963818997,0,-0.9386685172308538,-1.252077621284581,0
-1.2935127961653452,-1.6456143759246495,0,-0.9454225379161176,-1.2026530697325697,0
-1.3529057508108233,-1.6348066865979278,0,-0.9538778719754055,-1.1525894798096508,0
-1.4120744763490178,-1.6225890536364123,0,-0.9613702829909496,-1.104589151631273,0
-1.458186992242439,-1.6203544511204497,0,-0.9597710319208205,-1.066529847061606,0
-1.5064584493274282,-1.59181111382544,0,-0.9780984096862496,-1.0335550375972977,0
-1.5666856314514448,-1.5666856314514432,0,-0.9899494936603925,-0.9899494936603922,0
-1.6312109292160228,-1.5402835358666553,0,-0.9997839729035384,-0.944147534632069,0
-1.6952850253046974,-1.512525071058744,0,-1.0079905199259933,-0.8992448682242821,0
-1.7713644597343856,-1.4723659060132723,0,-1.0193124739850632,-0.8472118044562805,0
-1.8447689072315057,-1.425790097640626,0,-1.0316942551894792,-0.7974053266449975,0
-1.9122654945383528,-1.4495696030400964,0,-1.0007220289983842,-0.7587033262266143,0
-1.9812791709277415,-1.3872683503889298,0,-1.0184274622854592,-0.7131756912586303,0
-2.061547045438588,-1.4074061432888818,0,-0.9876834621372895,-0.6743661377210691,0
-2.1519050418430337,-1.4294008230175592,0,-0.9569884918183371,-0.6355951571603494,0
-2.2525382096243005,-1.4503796128885649,0,-0.92651126068227,-0.5967194625730223,0
-2.3397293878079446,-1.3787159446200987,0,-0.9361280574853372,-0.5517769301698232,0
-2.4582925135583045,-1.3914567515346052,0,-0.9068094239343711,-0.513701194335582,0
-2.5941178614420024,-1.3866889510764178,0,-0.8819212639620182,-0.4713967375487831,0
-0.6128709605104464,1.7583978721964453,0,-0.6330250176403864,1.816713347222051,0
-0.6102579965294485,1.742643254823856,0,-0.6487764114902572,1.852361689263655,0
-0.5727297646796458,1.739549302570532,0,-0.6273634790264129,1.8990563617712553,0
-0.5301904789251554,1.7531099418525127,0,-0.5805693529125171,1.913880671948683,0
-0.6551090216912265,1.7379421051789006,0,-0.6824658404162987,1.8109650460711093,0
-0.7036191906552344,1.7220298426593612,0,-0.7289465041660177,1.7850367805236533,0
-0.7290983026289238,1.7264490419944363,0,-0.736914500519495,1.7457336883349852,0
-0.7602414781611616,1.7334695922456196,0,-0.7440312115514943,1.697108522451655,0
-0.8053585495265538,1.7114474873965049,0,-0.7897304639994501,1.678959685606552,0
-0.839348313536271,1.7167436819314095,0,-0.7968609085091004,1.630312529599474,0
-0.8754056240513982,1.7218122833727199,0,-0.8040236174141512,1.581639128949484,0
-0.9211221178908539,1.6944221673056203,0,-0.8498033120769776,1.5635036541434533,0
-0.9603262094984677,1.6968829969549624,0,-0.8571680851395619,1.514711173583917,0
-1.0018083737102352,1.6986802357947028,0,-0.8645266627553877,1.465878651162286,0
-1.0456389306918643,1.6998093556880185,0,-0.8717536437363361,1.4170391448831963,0
-1.0921270549938324,1.7000929728549883,0,-0.8789474002831321,1.3681199568820992,0
-1.141331244753465,1.699197899013456,0,-0.8861488818067369,1.319145706215087,0
-1.193221097657067,1.6970683239044895,0,-0.8932423498421278,1.270272137998335,0
-1.248228041126366,1.6935308688238186,0,-0.900223938499702,1.2212340356289773,0
-1.3066463520722715,1.68778182015795,0,-0.9074355229280173,1.1720005014611152,0
-1.3682140620391858,1.67945933471896,0,-0.9148550177960535,1.122887974607189,0
-1.4269162134641171,1.6684407339801417,0,-0.9225103656827288,1.078682849230945,0
-1.481478795540996,1.653487749503018,0,-0.9316621481000639,1.0398384241686522,0
-1.5402835358667233,1.631210929216157,0,-0.944147534632069,0.9997839729035385,0
-1.6072830650243104,1.607283065024315,0,-0.9545941546011265,0.9545941546011271,0
-1.6785373859239459,1.5777888121611563,0,-0.9655136764949124,0.9074877267618233,0
-1.7569459144347415,1.5414574403436885,0,-0.976941735760294,0.8570679705444983,0
-1.840030287450528,1.5009923480924017,0,-0.9863205163877232,0.8045138581986392,0
-1.9084810904326985,1.5384262303881937,0,-0.9519444206344145,0.7673687901284949,0
-1.9872170557878113,1.4774228422240892,0,-0.9691573965762531,0.7205089177843919,0
-2.072585002179864,1.5055487868553845,0,-0.9383748880661854,0.6817563194080364,0
-2.1665866201323354,1.5312276454519032,0,-0.9102342841420918,0.6434724295602686,0
-2.2580530898286293,1.5480921185717302,0,-0.8888238183250659,0.6092706411441629,0
-2.368618721639512,1.505890781314486,0,-0.8854187084023332,0.562862935672958,0
-2.5231099056211237,1.5134668001296137,0,-0.8577286096775255,0.5141027447316917,0
-0.6599996775311692,-1.7085702253018318,0,-0.7197900710654337,-1.8659855984427145,0
-0.7023080514281153,-1.691468361423466,0,-0.7653668625933487,-1.8477590659076777,0
-0.7437439585947948,-1.673668035229623,0,-0.8104826260323441,-1.8284195122836866,0
-0.7664027759292269,-1.6797086591180441,0,-0.8130398910836052,-1.7848688434964368,0
-0.7902567267776377,-1.6837128135425978,0,-0.8181177421772898,-1.7449471571492545,0
-0.8301661773541336,-1.6644526873517405,0,-0.8591907170320681,-1.7248551399105947,0
-0.8590028719765376,-1.6605914104896222,0,-0.8740028702202599,-1.6913182881099476,0
-0.8925987960010721,-1.6628337264404311,0,-0.881110629377876,-1.6425687100191537,0
-0.9343035764833469,-1.6363615104932272,0,-0.9268313180137048,-1.6243953774495605,0
-0.9701869367812388,-1.6361229410117575,0,-0.9340245002836746,-1.5758482220911898,0
-1.0081033089942129,-1.6350508370569174,0,-0.9413242710186297,-1.5271011452976297,0
-1.0481058419297473,-1.6331743954514681,0,-0.9486054715424809,-1.478366484011826,0
-1.0901414796409103,-1.6304141064304345,0,-0.9557742848212268,-1.4295442800431717,0
-1.134513211300503,-1.6266006618717257,0,-0.9629108655293448,-1.3805933683904288,0
-1.18121552148599,-1.6214255382340477,0,-0.9700535395640819,-1.3315456465566489,0
-1.230255419340726,-1.6147108578719989,0,-0.977200852462579,-1.282496138898013,0
-1.2815968023427258,-1.6069165188328498,0,-0.9837053122634669,-1.2333387617123888,0
-1.3370907533288077,-1.5953420775558143,0,-0.9918263606010753,-1.183273242057018,0
-1.3995526842551065,-1.5780757952653945,0,-1.0023575096202184,-1.1301329393687427,0
-1.4631550860591482,-1.5661113657204278,0,-1.005213953144108,-1.0759837726798638,0
-1.530651027864333,-1.5306510278643246,0,-1.02530483271961,-1.02530483271961,0
-1.5918111138254838,-1.5064584493274262,0,-1.033555037597298,-0.9780984096862491,0
-1.6534877495028877,-1.4814787955408395,0,-1.039838424168652,-0.9316621481000639,0
-1.715796299169241,-1.4482086214421699,0,-1.0497777463708262,-0.8860181591927335,0
-1.7836073975188314,-1.4026479944418413,0,-1.0638007667577543,-0.8365872251933936,0
-1.8452262074151045,-1.3511297498686594,0,-1.0799691056849623,-0.7908903660962946,0
-1.9095331145251113,-1.3687588071640449,0,-1.0491298840667842,-0.7520700421140397,0
-1.972520438432899,-1.3045256061652746,0,-1.0674630612470482,-0.7060440298136832,0
-2.0475762695866897,-1.317291200452917,0,-1.0370883386700331,-0.6672421139883848,0
-2.1318336579801938,-1.3314954977233786,0,-1.0059047240256822,-0.6284573073799115,0
-2.2265012030773006,-1.3498222201526706,0,-0.9734586599499815,-0.5901000355418001,0
-2.2922740727400988,-1.2587653058425023,0,-0.9927589581188689,-0.5454051006855593,0
-2.402809615937253,-1.2725646253588667,0,-0.9587496398174937,-0.5078971467827021,0
-2.5255339239021617,-1.2694168684440306,0,-0.9305459785467523,-0.4678329115627789,0
-2.659613587922996,-1.2575709742688606,0,-0.9039892927095291,-0.4275550943054303,0
-0.6421909192787947,1.7272775037387857,0,-0.6872964747462742,1.849010506920463,0
-0.6809934448082344,1.7150314764977121,0,-0.7248027001288615,1.826386052107855,0
-0.7254524371496985,1.6982910504846653,0,-0.7692677476283014,1.8031962761698501,0
-0.747327095833245,1.7039832812976405,0,-0.7730950325325991,1.7642356600390243,0
-0.7733182287947807,1.7060787744902208,0,-0.7825891545040644,1.727598630670774,0
-0.817053802240995,1.6845728708022158,0,-0.8277856665208858,1.7081406940588753,0
-0.8495177173211506,1.6879091526330543,0,-0.8354356381176821,1.6608108080159203,0
-0.8842896693615616,1.691403728287206,0,-0.8425750126353105,1.6121746101227343,0
-0.9279394717540008,1.6644867090134823,0,-0.8882857332060513,1.59399764765461,0
-0.9654228126817342,1.6654417399783965,0,-0.8956190673038166,1.545350421749427,0
-1.005149033255047,1.6656265091365905,0,-0.9030424825751208,1.49656684924169,0
-1.0471629273497265,1.6650788484549914,0,-0.9104239655038592,1.447694787902352,0
-1.0913624364009145,1.663652247838723,0,-0.9176465317578041,1.398819781016108,0
-1.1379814044682375,1.6611898008493946,0,-0.9247762276904175,1.349876507916883,0
-1.1872702064188758,1.6572903314440506,0,-0.9320499721060267,1.3009381800132753,0
-1.2386915975382178,1.6523997963819852,0,-0.9386685172308531,1.2520776212845814,0
-1.2935127961654085,1.6456143759246928,0,-0.945422537916117,1.2026530697325701,0
-1.3529057508109013,1.6348066865979811,0,-0.9538778719754051,1.1525894798096512,0
-1.4120744763491049,1.622589053636526,0,-0.9613702829909492,1.1045891516312734,0
-1.4581869922425277,1.6203544511205983,0,-0.95977103192082,1.0665298470616065,0
-1.5064584493275115,1.5918111138254967,0,-0.9780984096862492,1.0335550375972982,0
-1.5666856314514863,1.5666856314514632,0,-0.9899494936603921,0.9899494936603926,0
-1.6312109292161119,1.540283535866706,0,-0.9997839729035379,0.9441475346320695,0
-1.6952850253047576,1.5125250710587692,0,-1.0079905199259929,0.8992448682242825,0
-1.77136445973443,1.4723659060133187,0,-1.0193124739850628,0.847211804456281,0
-1.8447689072315858,1.4257900976407387,0,-1.0316942551894788,0.797405326644998,0
-1.9122654945384254,1.449569603040159,0,-1.0007220289983838,0.7587033262266147,0
-1.9812791709277737,1.3872683503889611,0,-1.0184274622854588,0.7131756912586308,0
-2.061547045438648,1.4074061432889287,0,-0.9876834621372893,0.6743661377210696,0
-2.1519050418430905,1.429400823017609,0,-0.9569884918183369,0.6355951571603499,0
-2.252538209624319,1.450379612888618,0,-0.9265112606822697,0.5967194625730228,0
-2.3397293878079584,1.378715944620148,0,-0.936128057485337,0.5517769301698237,0
-2.4582925135583324,1.3914567515346579,0,-0.9068094239343709,0.5137011943355825,0
-2.5941178614420366,1.386688951076464,0,-0.881921263962018,0.4713967375487834,0
-0.6161278749681711,1.7245891582719892,0,-0.6737797048764502,1.883088131048731,0
-0.7847530606915688,-1.6548357200769102,0,-0.8551101849915401,-1.8079785871308685,0
-0.808677857061832,-1.6596335866917828,0,-0.8579788665175605,-1.7635396326281556,0
-0.8544972652006594,-1.6409754195848156,0,-0.8999310898600803,-1.7307615682818225,0
-0.9004056642127454,-1.6362213323913706,0,-0.9194998606407797,-1.6726070337701626,0
-0.9401376461340213,-1.609373840314466,0,-0.9663101389930696,-1.655941631418573,0
-0.9751764865912405,-1.609037516629698,0,-0.9720817765919002,-1.6049907924632039,0
-1.0109116488860617,-1.606426722621705,0,-0.9796895472987072,-1.5574678926984258,0
-1.049047957682505,-1.6034278071493087,0,-0.9868807959089335,-1.5089024547528158,0
-1.0891675226929591,-1.5995714035804713,0,-0.993963345829847,-1.460050818167383,0
-1.1312667616557004,-1.5947094426851607,0,-1.0009250430854604,-1.4111741489903107,0
-1.1755043407330936,-1.5884175933204119,0,-1.0080270933243913,-1.3621722235925007,0
-1.2221112894281176,-1.5806129917231995,0,-1.015219633626509,-1.3130555846502747,0
-1.2707519657277904,-1.571022348464836,0,-1.02242647146631,-1.2639901261585638,0
-1.3212800700676304,-1.5599192279461276,0,-1.0292046391021472,-1.2150616490964647,0
-1.3771139003320816,-1.5445425720638717,0,-1.0377908299233853,-1.1638414457043698,0
-1.4397223780692217,-1.523988482132292,0,-1.0477192195237581,-1.1089564630933058,0
-1.498074781603656,-1.498074781603627,0,-1.060660171778835,-1.060660171778834,0
-1.566111365720419,-1.4631550860591658,0,-1.075983772679864,-1.005213953144108,0
-1.6203544511204546,-1.4581869922424042,0,-1.066529847061606,-0.9597710319208198,0
-1.6684407339801033,-1.4269162134641418,0,-1.0786828492309453,-0.9225103656827289,0
-1.7284927119838815,-1.3864673254814868,0,-1.0921334451713203,-0.8761097144326551,0
-1.7871070441247243,-1.3354608950085443,0,-1.1105145298528383,-0.8299476668430563,0
-1.8438781445696852,-1.2801661965360565,0,-1.1288722858986382,-0.7838470865153415,0
-1.9048420534242854,-1.291951209555006,0,-1.0981703627765922,-0.744933126154201,0
-1.961724761905295,-1.2278397457711676,0,-1.1165241435797553,-0.698926294212699,0
-2.0317542015772485,-1.234453219318614,0,-1.0862786488067353,-0.660110346307951,0
-2.109292333985491,-1.2418087383166023,0,-1.0556809766282143,-0.6215807479295324,0
-2.1953861599672675,-1.2489172264218367,0,-1.0250348469647783,-0.583221971506589,0
-2.252868261516286,-1.160331300846874,0,-1.0443954244305542,-0.5379745258904913,0
-2.3512265571557305,-1.1595726002709437,0,-1.0131041598173953,-0.49977072212129686,0
-2.4618006240987547,-1.1574727040567079,0,-0.9813884521041311,-0.4615420620437505,0
-2.584034958018906,-1.1431995368755863,0,-0.9527773036306834,-0.4216012026929773,0
-2.7181455959434992,-1.1257407086541034,0,-0.923879532095688,-0.3826834333684341,0
-0.6599996775310898,1.7085702253019261,0,-0.7197900710654328,1.865985598442715,0
-0.7023080514280514,1.6914683614235968,0,-0.7653668625933479,1.8477590659076781,0
-0.743743958594773,1.6736680352297302,0,-0.8104826260323432,1.828419512283687,0
-0.7664027759291954,1.6797086591181505,0,-0.8130398910836043,1.7848688434964373,0
-0.7902567267776298,1.683712813542708,0,-0.8181177421772889,1.744947157149255,0
-0.8301661773541658,1.6644526873518335,0,-0.8591907170320672,1.7248551399105951,0
-0.8590028719765228,1.6605914104897093,0,-0.874002870220259,1.691318288109948,0
-0.8925987960011368,1.6628337264405553,0,-0.8811106293778751,1.6425687100191542,0
-0.9343035764833741,1.6363615104933158,0,-0.9268313180137039,1.624395377449561,0
-0.9701869367812926,1.6361229410118505,0,-0.9340245002836739,1.5758482220911902,0
-1.0081033089942417,1.635050837056998,0,-0.941324271018629,1.5271011452976302,0
-1.048105841929853,1.6331743954515985,0,-0.9486054715424802,1.4783664840118265,0
-1.0901414796409576,1.6304141064305213,0,-0.9557742848212262,1.4295442800431721,0
-1.1345132113006262,1.626600661871822,0,-0.9629108655293441,1.3805933683904292,0
-1.1812155214860274,1.621425538234106,0,-0.9700535395640812,1.3315456465566493,0
-1.2302554193408497,1.6147108578720992,0,-0.9772008524625784,1.2824961388980134,0
-1.281596802342777,1.6069165188329397,0,-0.9837053122634662,1.2333387617123892,0
-1.3370907533289274,1.5953420775559464,0,-0.9918263606010747,1.1832732420570184,0
-1.3995526842551762,1.578075795265477,0,-1.002357509620218,1.1301329393687432,0
-1.4631550860592124,1.5661113657204637,0,-1.0052139531441076,1.0759837726798642,0
-1.5306510278644194,1.5306510278643966,0,-1.0253048327196095,1.0253048327196104,0
-1.5918111138255226,1.5064584493275248,0,-1.0335550375972975,0.9780984096862495,0
-1.6534877495029743,1.4814787955409496,0,-1.0398384241686516,0.9316621481000643,0
-1.715796299169279,1.448208621442261,0,-1.0497777463708258,0.886018159192734,0
-1.7836073975188924,1.4026479944418941,0,-1.0638007667577538,0.836587225193394,0
-1.8452262074151464,1.3511297498686505,0,-1.0799691056849618,0.790890366096295,0
-1.9095331145251335,1.368758807164071,0,-1.0491298840667838,0.7520700421140402,0
-1.97252043843295,1.3045256061653114,0,-1.0674630612470477,0.7060440298136836,0
-2.047576269586732,1.31729120045295,0,-1.0370883386700327,0.6672421139883853,0
-2.131833657980207,1.3314954977233946,0,-1.0059047240256818,0.6284573073799119,0
-2.226501203077321,1.349822220152675,0,-0.9734586599499813,0.5901000355418006,0
-2.2922740727401196,1.2587653058425206,0,-0.9927589581188687,0.5454051006855597,0
-2.402809615937273,1.2725646253588927,0,-0.9587496398174935,0.5078971467827026,0
-2.525533923902188,1.2694168684440703,0,-0.930545978546752,0.46783291156277934,0
-2.6596135879230114,1.2575709742688872,0,-0.9039892927095289,0.42755509430543076,0
-0.8249309642899529,-1.635062768323706,0,-0.8992226575541578,-1.7864486032744515,0
-0.8645270929109725,-1.614346083068179,0,-0.9427934721717728,-1.7638425294879059,0
-0.8937404682451969,-1.6171836139196274,0,-0.9455526259126596,-1.7137354912669878,0
-0.9292235769514637,-1.5930852136225677,0,-0.9894170658473574,-1.6991428932856927,0
-0.9646644827198064,-1.5756253163002276,0,-1.0212206939993158,-1.6704061400615458,0
-0.9843555855697899,-1.5827975161163048,0,-1.0115633038189704,-1.628061441032004,0
-1.0148740383209331,-1.580272508376266,0,-1.017297515329052,-1.5851330528217207,0
-1.0504358909400835,-1.575713204236595,0,-1.025231410129671,-1.538643806422348,0
-1.0884887248446038,-1.5705887934300613,0,-1.0326154472307316,-1.4905333235896978,0
-1.1285784941653934,-1.5645182301245477,0,-1.0397778863928304,-1.4417874534395558,0
-1.1706581791924333,-1.5572262036244198,0,-1.046918742513807,-1.3928581946686638,0
-1.2147314344499855,-1.548465237952927,0,-1.0540797085920952,-1.3438173532298419,0
-1.2607397802232958,-1.5380205516700893,0,-1.0612567439468203,-1.294700675071279,0
-1.3083416968247654,-1.525938844790533,0,-1.0683035269902534,-1.2460205018494228,0
-1.3566576515802784,-1.5130517562739099,0,-1.0742707229086563,-1.198042590707686,0
-1.4138394531234821,-1.493756529581212,0,-1.0831088974383651,-1.1443210032213658,0
-1.468356305860455,-1.4683563058604758,0,-1.096015510838228,-1.096015510838228,0
-1.5239884821323368,-1.439722378069224,0,-1.108956463093306,-1.047719219523758,0
-1.5780757952653814,-1.3995526842550474,0,-1.130132939368743,-1.002357509620218,0
-1.622589053636451,-1.4120744763490294,0,-1.104589151631273,-0.9613702829909496,0
-1.6794593347188538,-1.3682140620390721,0,-1.1228879746071891,-0.9148550177960537,0
-1.734793431523789,-1.3206210890925694,0,-1.1412819189335413,-0.8689016698785652,0
-1.7886638331101405,-1.2689208518652626,0,-1.1596041835050923,-0.8227597875343613,0
-1.8405268841445848,-1.2133905161817184,0,-1.1779431754780283,-0.7766946736178231,0
-1.8981144710073052,-1.2205127998576801,0,-1.1472542932368912,-0.7378053097650455,0
-1.9493692894678782,-1.1568127552659302,0,-1.1656636937524203,-0.6918503760138925,0
-2.014830665590065,-1.1588461104456098,0,-1.1352268274397053,-0.6530157385484694,0
-2.0865890019121216,-1.159989355216725,0,-1.1050348978716242,-0.6144161180048067,0
-2.165620951306058,-1.160546637739203,0,-1.0747444034304332,-0.576036630389552,0
-2.216839373351427,-1.0758921875214231,0,-1.0931193892350892,-0.5305982052874255,0
-2.3056274277965296,-1.067789679506379,0,-1.0626625393001552,-0.4922185747921499,0
-2.404463803178047,-1.0571214427942952,0,-1.0319088098025377,-0.45375032667121173,0
-2.5135699860117233,-1.0410091549165161,0,-1.0018668547003047,-0.4149868402147681,0
-2.636208106921258,-1.0185567193562626,0,-0.9716515897092134,-0.3754615323548291,0
-2.7702028838887816,-0.9909376561580104,0,-0.9415440648596897,-0.3368898542958702,0
-0.7847530606915557,1.654835720077005,0,-0.8551101849915392,1.807978587130869,0
-0.8086778570618105,1.6596335866918757,0,-0.8579788665175596,1.763539632628156,0
-0.8544972652006738,1.6409754195849293,0,-0.8999310898600794,1.730761568281823,0
-0.9004056642127722,1.6362213323914794,0,-0.9194998606407788,1.672607033770163,0
-0.9401376461340453,1.6093738403145619,0,-0.9663101389930687,1.6559416314185735,0
-0.9751764865912591,1.6090375166297766,0,-0.9720817765918995,1.6049907924632043,0
-1.0109116488861458,1.6064267226218187,0,-0.9796895472987065,1.5574678926984262,0
-1.0490479576825789,1.6034278071494001,0,-0.9868807959089329,1.5089024547528163,0
-1.089167522693006,1.5995714035805488,0,-0.9939633458298464,1.4600508181673835,0
-1.1312667616558112,1.594709442685261,0,-1.0009250430854595,1.4111741489903111,0
-1.1755043407331645,1.5884175933205238,0,-1.0080270933243909,1.3621722235925011,0
-1.222111289428221,1.5806129917233434,0,-1.0152196336265085,1.3130555846502752,0
-1.2707519657278863,1.5710223484649493,0,-1.0224264714663096,1.2639901261585642,0
-1.32128007006769,1.5599192279462126,0,-1.0292046391021468,1.2150616490964652,0
-1.377113900332162,1.5445425720639292,0,-1.037790829923385,1.1638414457043702,0
-1.4397223780692925,1.5239884821323753,0,-1.0477192195237577,1.1089564630933062,0
-1.4980747816037283,1.4980747816037412,0,-1.0606601717788346,1.0606601717788344,0
-1.5661113657204895,1.4631550860592208,0,-1.0759837726798636,1.0052139531441084,0
-1.620354451120526,1.4581869922424582,0,-1.0665298470616056,0.9597710319208203,0
-1.6684407339801643,1.4269162134641311,0,-1.0786828492309448,0.9225103656827294,0
-1.728492711983926,1.3864673254814988,0,-1.0921334451713198,0.8761097144326555,0
-1.7871070441247834,1.3354608950085711,0,-1.1105145298528378,0.8299476668430568,0
-1.8438781445697296,1.2801661965361169,0,-1.1288722858986378,0.783847086515342,0
-1.9048420534243284,1.291951209555028,0,-1.0981703627765917,0.7449331261542015,0
-1.961724761905342,1.227839745771186,0,-1.1165241435797548,0.6989262942126995,0
-2.0317542015772903,1.234453219318629,0,-1.0862786488067349,0.6601103463079514,0
-2.109292333985533,1.2418087383166554,0,-1.0556809766282138,0.6215807479295329,0
-2.195386159967297,1.248917226421898,0,-1.0250348469647779,0.5832219715065895,0
-2.252868261516316,1.160331300846926,0,-1.0443954244305538,0.5379745258904918,0
-2.3512265571557536,1.1595726002709874,0,-1.0131041598173949,0.4997707221212973,0
-2.46180062409878,1.157472704056725,0,-0.9813884521041308,0.4615420620437509,0
-2.584034958018952,1.1431995368756294,0,-0.9527773036306831,0.42160120269297774,0
-2.718145595943492,1.1257407086542128,0,-0.9238795320956877,0.3826834333684345,0
-0.9039435639498034,-1.5927038573300494,0,-0.9857963831335155,-1.740173982968623,0
-0.9430462630848433,-1.5698250990012363,0,-1.0282054871982267,-1.715457220712734,0
-0.9814031542657629,-1.5460456327175838,0,-1.0699952387551894,-1.6897071311446918,0
-1.0029267669603736,-1.5522183542238457,0,-1.0603868659140898,-1.6429902325305348,0
-1.0224291460895778,-1.5573542250247148,0,-1.0523859876889468,-1.6043549483657267,0
-1.0520178736562231,-1.5504218000335148,0,-1.0625045965474997,-1.566990413645044,0
-1.0878855823241262,-1.5436180859909108,0,-1.0711871529369181,-1.5208376012295797,0
-1.1260412849226136,-1.5366213193739529,0,-1.0784979815361526,-1.4723673738266578,0
-1.1660997700521298,-1.5284659763230695,0,-1.0857337865222756,-1.4235540481775788,0
-1.2078658413306032,-1.5188608033153888,0,-1.0929610389939883,-1.3745837236801297,0
-1.2515115998019288,-1.5076808809289481,0,-1.1002002349559223,-1.3255134555286279,0
-1.2967783341116248,-1.4946580254072992,0,-1.1075240274466882,-1.276542672442031,0
-1.3424188931691152,-1.480816256020266,0,-1.1138145911334163,-1.2286978455988207,0
-1.390767452160247,-1.4635764467799914,0,-1.12133901547109,-1.1800151818520888,0
-1.4416594613672002,-1.4416594613671823,0,-1.131370849897643,-1.131370849897643,0
-1.493756529581218,-1.4138394531234275,0,-1.144321003221366,-1.083108897438365,0
-1.544542572063896,-1.377113900332097,0,-1.16384144570437,-1.037790829923385,0
-1.5953420775558564,-1.3370907533288687,0,-1.183273242057018,-0.991826360601075,0
-1.6348066865979551,-1.352905750810842,0,-1.152589479809651,-0.9538778719754051,0
-1.687781820157817,-1.3066463520722091,0,-1.1720005014611152,-0.9074355229280173,0
-1.7386643059949398,-1.2583939931116064,0,-1.1903396385189162,-0.8616452898421832,0
-1.788227241348907,-1.2065076540989854,0,-1.2086577201513373,-0.8155845120746188,0
-1.8356026584275291,-1.151063548066285,0,-1.2269854415297272,-0.769542357556712,0
-1.889851323978248,-1.1541278221180773,0,-1.1963007167111273,-0.7306922949542702,0
-1.9361891195028045,-1.0912917859542581,0,-1.2146563958796572,-0.6847226411054834,0
-1.9971729421657005,-1.0894972657982203,0,-1.1839693460500362,-0.6459818153175605,0
-2.0639146217368887,-1.0862204629596492,0,-1.1536334045363281,-0.6072315446350103,0
-2.1366871970470442,-1.0815561682009607,0,-1.1235534294985563,-0.568803276698792,0
-2.1811510199340236,-1.000048686268799,0,-1.1419135844831623,-0.5236219767656425,0
-2.2621863397778568,-0.9872394931767345,0,-1.1114046269006421,-0.48508230693625176,0
-2.351348842008904,-0.971311958000785,0,-1.0808417087652378,-0.44652830435797247,0
-2.449174024717179,-0.9511972548452334,0,-1.0504493620355848,-0.40801797593575956,0
-2.5597653733450927,-0.9239255193829051,0,-1.0196738491723587,-0.36804582227001204,0
-2.6820532352925204,-0.8909488958955956,0,-0.9886217685443471,-0.328423529770059,0
-2.8153372348178882,-0.8538562779328949,0,-0.9569403354952273,-0.2902846780356864,0
-0.824930964289917,1.6350627683238301,0,-0.8992226575541569,1.786448603274452,0
-0.8645270929109425,1.614346083068286,0,-0.9427934721717719,1.7638425294879063,0
-0.8937404682452075,1.6171836139197273,0,-0.9455526259126588,1.7137354912669882,0
-0.9292235769514995,1.593085213622698,0,-0.9894170658473566,1.6991428932856931,0
-0.9646644827198158,1.575625316300295,0,-1.021220693999315,1.6704061400615462,0
-0.9843555855697974,1.5827975161164034,0,-1.0115633038189695,1.6280614410320045,0
-1.0148740383210269,1.5802725083763718,0,-1.017297515329051,1.5851330528217211,0
-1.0504358909400913,1.5757132042366386,0,-1.02523141012967,1.5386438064223484,0
-1.0884887248447321,1.570588793430155,0,-1.0326154472307307,1.4905333235896983,0
-1.1285784941654462,1.5645182301246368,0,-1.0397778863928295,1.4417874534395563,0
-1.1706581791925696,1.5572262036245048,0,-1.046918742513806,1.3928581946686642,0
-1.2147314344500517,1.5484652379529744,0,-1.0540797085920948,1.3438173532298423,0
-1.2607397802234062,1.5380205516701433,0,-1.06125674394682,1.2947006750712795,0
-1.308341696824835,1.5259388447905982,0,-1.068303526990253,1.2460205018494233,0
-1.356657651580371,1.513051756273997,0,-1.0742707229086559,1.1980425907076864,0
-1.4138394531235576,1.4937565295812967,0,-1.0831088974383647,1.1443210032213662,0
-1.4683563058605509,1.4683563058605569,0,-1.0960155108382275,1.0960155108382283,0
-1.5239884821323832,1.4397223780692538,0,-1.1089564630933055,1.0477192195237583,0
-1.5780757952654443,1.3995526842551183,0,-1.1301329393687425,1.0023575096202184,0
-1.622589053636495,1.412074476349061,0,-1.1045891516312725,0.9613702829909501,0
-1.6794593347189357,1.3682140620391712,0,-1.1228879746071887,0.9148550177960542,0
-1.7347934315237996,1.3206210890926207,0,-1.1412819189335408,0.8689016698785657,0
-1.7886638331102083,1.2689208518652941,0,-1.1596041835050919,0.8227597875343617,0
-1.840526884144614,1.2133905161817404,0,-1.1779431754780278,0.7766946736178235,0
-1.898114471007322,1.2205127998577026,0,-1.1472542932368908,0.737805309765046,0
-1.949369289467954,1.1568127552659713,0,-1.1656636937524198,0.691850376013893,0
-2.014830665590069,1.158846110445638,0,-1.1352268274397048,0.6530157385484698,0
-2.08658900191215,1.1599893552167044,0,-1.1050348978716238,0.6144161180048071,0
-2.1656209513060656,1.160546637739192,0,-1.0747444034304328,0.5760366303895524,0
-2.2168393733514677,1.0758921875214025,0,-1.0931193892350888,0.530598205287426,0
-2.3056274277965123,1.0677896795063928,0,-1.0626625393001548,0.49221857479215037,0
-2.404463803178095,1.0571214427943285,0,-1.0319088098025377,0.4537503266712122,0
-2.5135699860117486,1.0410091549165228,0,-1.0018668547003047,0.41498684021476856,0
-2.6362081069212184,1.018556719356257,0,-0.9716515897092132,0.37546153235482954,0
-2.7702028838887967,0.9909376561580228,0,-0.9415440648596894,0.33688985429587065,0
-1.0185302990980891,-1.5217087822821564,0,-1.1111404650968706,-1.6629392252347377,0
-1.0492619295549823,-1.5269959357585798,0,-1.0995403595284647,-1.6016822578634728,0
-1.0870228221559095,-1.5188136237498822,0,-1.1093851536719468,-1.5512908151674178,0
-1.123624204739356,-1.5108007829308465,0,-1.117178766409959,-1.5030160473399448,0
-1.1616994496553037,-1.5019922501168328,0,-1.124362029709829,-1.454309247612962,0
-1.201137941590803,-1.491812598318945,0,-1.1315088933132595,-1.40568136286468,0
-1.2422213655587933,-1.4805533735371434,0,-1.1381324890747582,-1.356693910863326,0
-1.2848607192291381,-1.467807014303694,0,-1.1445467533678664,-1.3075804978989878,0
-1.3267567229334662,-1.4539068809729165,0,-1.1508934126061732,-1.261232679351175,0
-1.3701110008132635,-1.4370884716332126,0,-1.158595027346591,-1.215193486436476,0
-1.4172242380599682,-1.4172242380599198,0,-1.16672618895708,-1.16672618895708,0
-1.4635764467799723,-1.3907674521602507,0,-1.180015181852089,-1.12133901547109,0
-1.513051756273973,-1.3566576515803295,0,-1.198042590707686,-1.074270722908656,0
-1.5599192279461176,-1.3212800700675742,0,-1.215061649096465,-1.029204639102147,0
-1.6069165188328678,-1.2815968023426738,0,-1.233338761712389,-0.9837053122634665,0
-1.6456143759246467,-1.2935127961653017,0,-1.20265306973257,-0.9454225379161174,0
-1.693530868823669,-1.248228041126253,0,-1.2212340356289773,-0.9002239384997021,0
-1.7405355891618735,-1.1997662400514328,0,-1.2394093715624723,-0.8544583756322532,0
-1.7860746283678655,-1.1478500024304656,0,-1.2576940597915371,-0.808412321982271,0
-1.8294825748015324,-1.0929135423713614,0,-1.2759793620884523,-0.762378986121586,0
-1.8804609065644227,-1.0923865764316263,0,-1.2453013003900402,-0.7235384116666651,0
-1.9223368254265694,-1.0307727515352585,0,-1.2635915672346603,-0.6776564015804261,0
-1.9789065412109748,-1.0255001290412213,0,-1.2329549199999392,-0.6390321440222385,0
-2.040579988584709,-1.018617431858143,0,-1.2025871732685862,-0.6003896438029138,0
-2.1078635567509654,-1.0102249974565143,0,-1.1722197755310901,-0.5618783883164289,0
-2.1470984433990363,-0.9312609576107065,0,-1.1906237762489842,-0.5164565675553583,0
-2.220798406196157,-0.9148699667004082,0,-1.1601088432316402,-0.47796116122522575,0
-2.3013834895395053,-0.8950792446193503,0,-1.1295773861480758,-0.4393593616532308,0
-2.3895322791487796,-0.8712001064133842,0,-1.0990421277971378,-0.40074244350015226,0
-2.4855397276455222,-0.8425083670058217,0,-1.0686406496426588,-0.36222177997824473,0
-2.59936515864791,-0.8002137748743037,0,-1.0368128704020467,-0.31916327536641154,0
-2.722133543895501,-0.7561592293489192,0,-1.004197890929559,-0.2789406504611346,0
-2.8535477646201,-0.7142379501904013,0,-0.9700312530284172,-0.24298018056647946,0
-0.9039435639498216,1.5927038573301329,0,-0.9857963831335146,1.7401739829686234,0
-0.9430462630848893,1.5698250990013334,0,-1.0282054871982258,1.7154572207127345,0
-0.9814031542657635,1.5460456327176848,0,-1.0699952387551885,1.6897071311446923,0
-1.0029267669603792,1.5522183542239112,0,-1.060386865914089,1.6429902325305352,0
-1.022429146089629,1.5573542250247556,0,-1.0523859876889459,1.6043549483657271,0
-1.05201787365628,1.550421800033596,0,-1.0625045965474988,1.5669904136450445,0
-1.0878855823242368,1.5436180859910258,0,-1.0711871529369172,1.5208376012295801,0
-1.1260412849226669,1.5366213193740137,0,-1.0784979815361517,1.4723673738266583,0
-1.1660997700522404,1.5284659763231527,0,-1.0857337865222747,1.4235540481775792,0
-1.2078658413306769,1.518860803315468,0,-1.0929610389939879,1.3745837236801302,0
-1.2515115998020425,1.5076808809290845,0,-1.100200234955922,1.3255134555286283,0
-1.2967783341117192,1.49465802540739,0,-1.1075240274466878,1.2765426724420315,0
-1.3424188931691887,1.480816256020354,0,-1.1138145911334159,1.2286978455988211,0
-1.390767452160326,1.4635764467800692,0,-1.1213390154710896,1.1800151818520892,0
-1.4416594613672948,1.4416594613672509,0,-1.1313708498976425,1.1313708498976434,0
-1.4937565295812547,1.4138394531234746,0,-1.1443210032213655,1.0831088974383654,0
-1.5445425720639732,1.377113900332167,0,-1.1638414457043695,1.0377908299233853,0
-1.5953420775558926,1.3370907533288987,0,-1.1832732420570176,0.9918263606010754,0
-1.6348066865980244,1.3529057508108975,0,-1.1525894798096505,0.9538778719754055,0
-1.6877818201578692,1.3066463520721991,0,-1.1720005014611148,0.9074355229280178,0
-1.7386643059949696,1.2583939931116426,0,-1.1903396385189158,0.8616452898421837,0
-1.7882272413489697,1.2065076540990294,0,-1.2086577201513369,0.8155845120746192,0
-1.835602658427563,1.1510635480662823,0,-1.2269854415297268,0.7695423575567124,0
-1.8898513239782728,1.1541278221181137,0,-1.1963007167111268,0.7306922949542707,0
-1.936189119502864,1.0912917859542286,0,-1.2146563958796568,0.6847226411054839,0
-1.9971729421656992,1.0894972657982365,0,-1.1839693460500358,0.6459818153175609,0
-2.063914621736961,1.0862204629596888,0,-1.1536334045363277,0.6072315446350107,0
-2.1366871970470496,1.0815561682010102,0,-1.1235534294985559,0.5688032766987925,0
-2.1811510199340436,1.0000486862688185,0,-1.1419135844831618,0.5236219767656429,0
-2.2621863397778417,0.9872394931767482,0,-1.1114046269006417,0.4850823069362522,0
-2.351348842008929,0.9713119580007447,0,-1.0808417087652378,0.4465283043579729,0
-2.449174024717159,0.9511972548452478,0,-1.0504493620355848,0.40801797593576,0
-2.5597653733450865,0.9239255193829246,0,-1.0196738491723587,0.3680458222700125,0
-2.6820532352925195,0.8909488958956054,0,-0.9886217685443469,0.32842352977005945,0
-2.8153372348178998,0.8538562779328803,0,-0.9569403354952271,0.29028467803568686,0
-1.0548286770671529,-1.4966974425656565,0,-1.1516163820122887,-1.6351696268830729,0
-1.0871502315871657,-1.4945094093721414,0,-1.1494865907553757,-1.581658803163281,0
-1.1212533107064402,-1.4873651038508295,0,-1.1549512406425757,-1.5331860065540177,0
-1.1577277345611219,-1.4774653380247729,0,-1.1629351188894097,-1.4849020148823837,0
-1.1953257049367942,-1.4667182657939155,0,-1.1701315577130558,-1.4362801888545997,0
-1.2340225957370465,-1.4555839956968586,0,-1.1759398820576639,-1.3873059271990267,0
-1.2724495786764163,-1.444439394356168,0,-1.1801481223717984,-1.3397632023767907,0
-1.3119228756935146,-1.4314844942808704,0,-1.1850054935467533,-1.2930438374665658,0
-1.3512067211273493,-1.4141381256940104,0,-1.1941302515851955,-1.2497707904730477,0
-1.394883913529865,-1.3948839135298612,0,-1.202081528016508,-1.202081528016508,0
-1.437088471633279,-1.37011100081329,0,-1.215193486436476,-1.158595027346591,0
-1.4808162560202642,-1.3424188931690586,0,-1.228697845598821,-1.113814591133416,0
-1.5259388447905649,-1.308341696824737,0,-1.246020501849423,-1.068303526990253,0
-1.5710223484648564,-1.2707519657278308,0,-1.263990126158564,-1.02242647146631,0
-1.6147108578720457,-1.230255419340764,0,-1.282496138898013,-0.9772008524625787,0
-1.652399796381917,-1.2386915975381523,0,-1.252077621284581,-0.9386685172308532,0
-1.6970683239043993,-1.1932210976570192,0,-1.2702721379983353,-0.893242349842128,0
-1.7407876880486877,-1.1446275269540118,0,-1.2884168824373492,-0.8472911698935406,0
-1.7826475868948048,-1.0929206199952564,0,-1.3066951378897953,-0.8012500756252083,0
-1.8223455262959771,-1.0385757021220707,0,-1.3249485041973301,-0.7552346740026502,0
-1.87029192831121,-1.0350516914711847,0,-1.2942565448041983,-0.7163847937734589,0
-1.9080795704108517,-0.9747016254319832,0,-1.3125686756354211,-0.6705983158359075,0
-1.9605791449285732,-0.9665337324683573,0,-1.2819741079706182,-0.6320833254418003,0
-2.017656260727031,-0.9567739860174976,0,-1.2514551744481712,-0.5935099122618283,0
-2.0797253382943683,-0.9451020699136786,0,-1.2209649577838952,-0.5549153801891828,0
-2.114296098153641,-0.8691170931755257,0,-1.2393250274103271,-0.5094748583675273,0
-2.18154967243373,-0.8498580275761223,0,-1.2087065395314422,-0.4708985323807482,0
-2.254523440202138,-0.8272776859795545,0,-1.1781463760709099,-0.4323187102210183,0
-2.333752865301557,-0.8002554171508898,0,-1.1477751322528318,-0.39359265178888525,0
-2.4198295816850606,-0.768844049375912,0,-1.1172133050891289,-0.3549575354954189,0
-2.517950071245973,-0.7278181929740367,0,-1.0856398098607387,-0.31370862659348175,0
-2.6328757027908916,-0.6735263322537348,0,-1.051901303151065,-0.26902545227753794,0
-2.754453777483974,-0.6137197905766393,0,-1.018488388592635,-0.22658593868666227,0
-2.886361660636958,-0.5727324703645623,0,-0.980785280302205,-0.19509032252401687,0
-1.0185302990980643,1.521708782282272,0,-1.1111404650968697,1.6629392252347381,0
-1.0492619295550643,1.5269959357587088,0,-1.0995403595284639,1.6016822578634733,0
-1.0870228221559513,1.5188136237499537,0,-1.109385153671946,1.5512908151674183,0
-1.1236242047394522,1.510800782930926,0,-1.1171787664099582,1.5030160473399452,0
-1.161699449655389,1.5019922501169338,0,-1.124362029709828,1.4543092476129624,0
-1.2011379415909225,1.4918125983190504,0,-1.1315088933132587,1.4056813628646805,0
-1.2422213655589047,1.480553373537231,0,-1.1381324890747577,1.3566939108633265,0
-1.2848607192292054,1.4678070143037414,0,-1.144546753367866,1.3075804978989882,0
-1.326756722933571,1.4539068809729923,0,-1.1508934126061727,1.2612326793511754,0
-1.3701110008133435,1.4370884716332843,0,-1.1585950273465906,1.2151934864364764,0
-1.4172242380600313,1.4172242380599804,0,-1.1667261889570795,1.1667261889570804,0
-1.4635764467800663,1.3907674521602993,0,-1.1800151818520885,1.1213390154710905,0
-1.5130517562740216,1.3566576515803834,0,-1.1980425907076855,1.0742707229086566,0
-1.5599192279461898,1.3212800700676097,0,-1.2150616490964645,1.0292046391021474,0
-1.6069165188329146,1.2815968023427096,0,-1.2333387617123885,0.9837053122634671,0
-1.6456143759246984,1.2935127961653297,0,-1.2026530697325695,0.9454225379161179,0
-1.6935308688237418,1.2482280411263207,0,-1.2212340356289768,0.9002239384997025,0
-1.7405355891619034,1.1997662400514422,0,-1.2394093715624719,0.8544583756322539,0
-1.7860746283678972,1.1478500024304266,0,-1.2576940597915367,0.8084123219822716,0
-1.8294825748016055,1.0929135423713903,0,-1.2759793620884519,0.7623789861215867,0
-1.880460906564418,1.0923865764316227,0,-1.2453013003900397,0.7235384116666658,0
-1.9223368254266398,1.0307727515352925,0,-1.2635915672346598,0.6776564015804267,0
-1.9789065412109759,1.0255001290412433,0,-1.2329549199999388,0.6390321440222392,0
-2.0405799885847444,1.018617431858119,0,-1.2025871732685858,0.6003896438029143,0
-2.107863556750966,1.0102249974565003,0,-1.1722197755310897,0.5618783883164293,0
-2.1470984433990417,0.9312609576107218,0,-1.1906237762489837,0.5164565675553587,0
-2.2207984061961827,0.9148699667004155,0,-1.1601088432316398,0.4779611612252263,0
-2.3013834895395173,0.8950792446194102,0,-1.1295773861480758,0.43935936165323136,0
-2.3895322791488187,0.8712001064133704,0,-1.0990421277971378,0.4007424435001527,0
-2.4855397276454956,0.8425083670058215,0,-1.0686406496426588,0.3622217799782452,0
-2.5993651586479145,0.8002137748743083,0,-1.0368128704020467,0.319163275366412,0
-2.7221335438954934,0.7561592293489497,0,-1.004197890929559,0.27894065046113503,0
-2.8535477646200946,0.7142379501903987,0,-0.970031253028417,0.24298018056647996,0
-1.090924042477875,-1.4707578849792509,0,-1.1913986083068824,-1.6064150634641179,0
-1.1209270004602314,-1.4658852124780701,0,-1.1918253310997307,-1.559679832961669,0
-1.1542147432449428,-1.4556191534722918,0,-1.2000688964965516,-1.514280675926925,0
-1.1906821180125708,-1.4427613678250248,0,-1.2097062774389704,-1.4662898363627939,0
-1.2278429883276538,-1.431142324445245,0,-1.2152428206017956,-1.4167905016275868,0
-1.262775495934079,-1.420952065103253,0,-1.2177970900904984,-1.3705460330161898,0
-1.296945035107935,-1.4099852703116031,0,-1.2207035694102613,-1.3272377574731977,0
-1.3319471832202912,-1.3966935216661232,0,-1.2255534180193182,-1.2851171388757487,0
-1.3745484159816415,-1.374548415981642,0,-1.237436867075976,-1.237436867075975,0
-1.4141381256940684,-1.3512067211273382,0,-1.249770790473048,-1.194130251585195,0
-1.4539068809728901,-1.3267567229334445,0,-1.261232679351175,-1.150893412606173,0
-1.4946580254073465,-1.2967783341116834,0,-1.276542672442031,-1.107524027446688,0
-1.5380205516700953,-1.2607397802233067,0,-1.294700675071279,-1.06125674394682,0
-1.5806129917232183,-1.2221112894280926,0,-1.313055584650275,-1.015219633626509,0
-1.6214255382340985,-1.1812155214859936,0,-1.331545646556649,-0.9700535395640812,0
-1.6572903314439456,-1.187270206418784,0,-1.300938180013275,-0.9320499721060267,0
-1.6991978990133718,-1.1413312447533897,0,-1.3191457062150873,-0.8861488818067371,0
-1.7396209048609834,-1.0926293802392513,0,-1.3374190702461701,-0.8401337787239316,0
-1.778177597458207,-1.0414765768710488,0,-1.3556682228015373,-0.794128854143465,0
-1.8145154704854642,-0.9879204387289751,0,-1.3738845269642013,-0.7481303406665689,0
-1.8595754983827262,-0.9817759754350093,0,-1.3431817133480801,-0.7092503176796282,0
-1.8936653146374685,-0.9227468003830563,0,-1.3615979945818202,-0.6635659615862535,0
-1.942486723129648,-0.9121254260959175,0,-1.3309994190427201,-0.6250597025248626,0
-1.9951549171111849,-0.8998946877697243,0,-1.3004422055586022,-0.586611387731799,0
-2.0523533791817985,-0.8855941440931389,0,-1.2698873600378853,-0.5480006094351313,0
-2.083079878511293,-0.8123789168164542,0,-1.2880914710239872,-0.5023621380309765,0
-2.1444343341275136,-0.7910639825801836,0,-1.2573541431005453,-0.463832762795705,0
-2.2107653167915715,-0.7664746722685261,0,-1.2266405731933698,-0.4252794204484164,0
-2.2820510572344976,-0.737574688722835,0,-1.1962167773943118,-0.3866367463329259,0
-2.3588999591086584,-0.7037839516392443,0,-1.1659184707108028,-0.34784616906804716,0
-2.4443109808664416,-0.6645797628347676,0,-1.134335909489621,-0.30843696583189845,0
-2.5373542678295253,-0.6194767604791853,0,-1.102146110577886,-0.26891265440161627,0
-2.662905608566676,-0.5519787043533106,0,-1.062548862481097,-0.22010089776117164,0
-2.7635522524267055,-0.4769528578909676,0,-1.034882314224999,-0.17875432905531205,0
-2.9104411862392565,-0.43283196837472304,0,-0.989176509908181,-0.14673047483692786,0
-1.0548286770671949,1.4966974425657298,0,-1.1516163820122878,1.6351696268830733,0
-1.0871502315872104,1.4945094093722082,0,-1.1494865907553748,1.5816588031632814,0
-1.1212533107065497,1.4873651038509266,0,-1.1549512406425748,1.5331860065540182,0
-1.1577277345612023,1.4774653380248481,0,-1.1629351188894088,1.4849020148823842,0
-1.195325704936896,1.466718265793979,0,-1.1701315577130549,1.4362801888546002,0
-1.2340225957371398,1.4555839956968957,0,-1.175939882057663,1.3873059271990271,0
-1.272449578676516,1.4444393943562326,0,-1.180148122371798,1.3397632023767911,0
-1.3119228756936325,1.4314844942809575,0,-1.1850054935467529,1.2930438374665663,0
-1.3512067211274215,1.414138125694077,0,-1.194130251585195,1.2497707904730482,0
-1.3948839135299502,1.3948839135299291,0,-1.2020815280165076,1.2020815280165085,0
-1.4370884716333412,1.3701110008133377,0,-1.2151934864364755,1.1585950273465915,0
-1.4808162560203557,1.3424188931691345,0,-1.2286978455988204,1.1138145911334165,0
-1.5259388447905962,1.3083416968247572,0,-1.2460205018494226,1.0683035269902534,0
-1.5710223484649135,1.2707519657278477,0,-1.2639901261585635,1.0224264714663105,0
-1.6147108578721021,1.2302554193407913,0,-1.2824961388980125,0.9772008524625794,0
-1.652399796381982,1.2386915975381867,0,-1.2520776212845806,0.9386685172308539,0
-1.6970683239044246,1.1932210976569717,0,-1.2702721379983348,0.8932423498421287,0
-1.74078768804873,1.1446275269540385,0,-1.2884168824373488,0.8472911698935413,0
-1.7826475868948606,1.092920619995318,0,-1.3066951378897949,0.801250075625209,0
-1.8223455262960087,1.038575702122054,0,-1.3249485041973297,0.7552346740026509,0
-1.8702919283112212,1.0350516914712258,0,-1.2942565448041978,0.7163847937734595,0
-1.90807957041088,0.9747016254319614,0,-1.3125686756354207,0.6705983158359081,0
-1.9605791449286007,0.9665337324683627,0,-1.2819741079706177,0.632083325441801,0
-2.0176562607270747,0.9567739860175312,0,-1.2514551744481708,0.5935099122618289,0
-2.0797253382944114,0.9451020699137185,0,-1.2209649577838948,0.5549153801891833,0
-2.11429609815362,0.8691170931755121,0,-1.2393250274103267,0.5094748583675279,0
-2.1815496724337553,0.8498580275761103,0,-1.2087065395314418,0.47089853238074875,0
-2.2545234402021297,0.8272776859795633,0,-1.1781463760709099,0.43231871022101886,0
-2.333752865301595,0.800255417150888,0,-1.1477751322528318,0.3935926517888858,0
-2.4198295816850233,0.7688440493759642,0,-1.1172133050891289,0.3549575354954195,0
-2.5179500712459983,0.7278181929740409,0,-1.0856398098607387,0.3137086265934822,0
-2.6328757027908956,0.673526332253759,0,-1.051901303151065,0.2690254522775384,0
-2.7544537774840077,0.6137197905766567,0,-1.018488388592635,0.22658593868666277,0
-2.8863616606369518,0.572732470364577,0,-0.980785280302205,0.19509032252401737,0
-1.12672455773249,-1.4435778977831788,0,-1.2304631806793405,-1.5766928556293018,0
-1.1516785428049687,-1.4382830482977047,0,-1.2315959561210517,-1.53883046074536,0
-1.1858553770249252,-1.4183006301382028,0,-1.2531333301774619,-1.4993387059434997,0
-1.2229170394276654,-1.408140313392221,0,-1.2547487527514258,-1.4450961056802758,0
-1.2577305268795562,-1.3985386253742604,0,-1.25512730188083,-1.3957699035847397,0
-1.2852260324340143,-1.3909912307953047,0,-1.2545290474322521,-1.3578554465306538,0
-1.3146396567548562,-1.3784347273215523,0,-1.2599334939023492,-1.3211105335975057,0
-1.3557817104702496,-1.3557817104702294,0,-1.272792206135378,-1.272792206135378,0
-1.3966935216661174,-1.3319471832202696,0,-1.285117138875749,-1.225553418019318,0
-1.431484494280951,-1.3119228756935464,0,-1.293043837466566,-1.185005493546753,0
-1.4678070143036852,-1.2848607192291084,0,-1.307580497898988,-1.144546753367866,0
-1.5076808809290163,-1.2515115998018924,0,-1.325513455528628,-1.100200234955922,0
-1.5484652379529302,-1.2147314344500006,0,-1.343817353229842,-1.054079708592095,0
-1.588417593320455,-1.1755043407331167,0,-1.362172223592501,-1.008027093324391,0
-1.6266006618717175,-1.1345132113004845,0,-1.380593368390429,-0.9629108655293444,0
-1.661189800849276,-1.1379814044681307,0,-1.3498765079168833,-0.9247762276904175,0
-1.7000929728548981,-1.0921270549937665,0,-1.3681199568820992,-0.8789474002831321,0
-1.7373885731437153,-1.043785958663455,0,-1.3863816745637372,-0.8330089197864605,0
-1.7728276108021204,-0.9932502824416316,0,-1.4045887967937642,-0.7870549657684797,0
-1.8060825188837397,-0.9407264738649759,0,-1.4228288626328183,-0.7411879728250115,0
-1.8482541013416272,-0.9322913665667937,0,-1.3921893495941933,-0.702342032496161,0
-1.8792022351199074,-0.8748552999112359,0,-1.4105440308590103,-0.6567185461126069,0
-1.9246329217491218,-0.8619422507520961,0,-1.3800047173256662,-0.6180801027467775,0
-1.973548187561395,-0.8475234645762106,0,-1.3493514221344463,-0.5794975307215877,0
-2.0262485021358745,-0.8311843337447373,0,-1.3187041651600202,-0.5409604740435408,0
-2.053433047619641,-0.7606195522837761,0,-1.3369108528425813,-0.49519113737046005,0
-2.1093814913482367,-0.7375215720334748,0,-1.3062533764974118,-0.4566925259191859,0
-2.170069956470295,-0.7114625851124804,0,-1.2750544577923808,-0.41801516123934257,0
-2.2344463084624007,-0.6812219976572457,0,-1.2445794559813168,-0.37941260423677187,0
-2.30355707803063,-0.6467674270186375,0,-1.2140717345419088,-0.3408518767713711,0
-2.37825786161044,-0.6069153354120254,0,-1.183185460292307,-0.3019187746551882,0
-2.459590981050096,-0.5610517374050501,0,-1.151639946060103,-0.2626900972427301,0
-2.5491362182723685,-0.5051191810129199,0,-1.119217208372746,-0.22191810231964712,0
-2.633439969876003,-0.44741649033313935,0,-1.090105394089912,-0.18511491941593183,0
-2.707622170463267,-0.375232986548616,0,-1.069478001292287,-0.14845401837814873,0
-2.8020201126169435,-0.3380163218853488,0,-1.035561018515463,-0.12501317957324545,0
-2.92821844067289,-0.2874354467306223,0,-0.9951847266485508,-0.09801714056964254,0
-1.0909240424779059,1.4707578849793481,0,-1.1913986083068815,1.6064150634641183,0
-1.1209270004603038,1.4658852124781443,0,-1.1918253310997298,1.5596798329616695,0
-1.1542147432450276,1.455619153472349,0,-1.2000688964965507,1.5142806759269254,0
-1.1906821180126763,1.4427613678250895,0,-1.2097062774389695,1.4662898363627943,0
-1.227842988327753,1.4311423244453336,0,-1.2152428206017947,1.4167905016275872,0
-1.262775495934222,1.4209520651033716,0,-1.217797090090498,1.3705460330161903,0
-1.2969450351080096,1.4099852703116782,0,-1.2207035694102608,1.3272377574731982,0
-1.3319471832203953,1.3966935216661989,0,-1.2255534180193177,1.2851171388757492,0
-1.3745484159817176,1.3745484159816912,0,-1.2374368670759757,1.2374368670759754,0
-1.4141381256941217,1.3512067211273882,0,-1.2497707904730475,1.1941302515851955,0
-1.45390688097299,1.326756722933484,0,-1.2612326793511746,1.1508934126061734,0
-1.4946580254074024,1.296778334111665,0,-1.2765426724420306,1.1075240274466884,0
-1.5380205516701482,1.2607397802233589,0,-1.2947006750712786,1.0612567439468203,0
-1.5806129917232865,1.2221112894281192,0,-1.3130555846502745,1.0152196336265094,0
-1.6214255382341207,1.1812155214859865,0,-1.3315456465566486,0.9700535395640819,0
-1.6572903314439844,1.187270206418782,0,-1.3009381800132747,0.9320499721060274,0
-1.6991978990134309,1.1413312447534503,0,-1.3191457062150869,0.8861488818067378,0
-1.7396209048610187,1.0926293802392588,0,-1.3374190702461697,0.8401337787239322,0
-1.778177597458241,1.0414765768710053,0,-1.3556682228015369,0.7941288541434657,0
-1.8145154704855266,0.9879204387289607,0,-1.3738845269642008,0.7481303406665696,0
-1.859575498382743,0.9817759754350015,0,-1.3431817133480797,0.7092503176796289,0
-1.8936653146374822,0.9227468003830517,0,-1.3615979945818197,0.6635659615862541,0
-1.9424867231296794,0.9121254260958982,0,-1.3309994190427197,0.6250597025248633,0
-1.995154917111169,0.899894687769694,0,-1.3004422055586018,0.5866113877317997,0
-2.052353379181795,0.8855941440930828,0,-1.2698873600378848,0.548000609435132,0
-2.083079878511307,0.8123789168164874,0,-1.2880914710239868,0.5023621380309772,0
-2.144434334127545,0.7910639825801927,0,-1.2573541431005448,0.46383276279570557,0
-2.210765316791582,0.7664746722685214,0,-1.2266405731933698,0.42527942044841693,0
-2.2820510572344994,0.7375746887228278,0,-1.1962167773943118,0.38663674633292644,0
-2.35889995910865,0.7037839516392196,0,-1.1659184707108028,0.3478461690680477,0
-2.444310980866454,0.6645797628347944,0,-1.134335909489621,0.308436965831899,0
-2.537354267829546,0.6194767604791955,0,-1.102146110577886,0.2689126544016167,0
-2.66290560856665,0.5519787043533173,0,-1.062548862481097,0.2201008977611722,0
-2.763552252426711,0.4769528578909851,0,-1.034882314224999,0.17875432905531255,0
-2.9104411862392428,0.43283196837474325,0,-0.989176509908181,0.14673047483692836,0
-1.1623224674924855,-1.4147848089340218,0,-1.2687865679578592,-1.5460209070286597,0
-1.1966733279243738,-1.386130725598557,0,-1.3063456856411466,-1.5144176932427738,0
-1.223750815883122,-1.3832662965652045,0,-1.2972295096967286,-1.4668515038325178,0
-1.2570817363342313,-1.3751572812293686,0,-1.2941161931655016,-1.415962880308641,0
-1.294111666815042,-1.3640034068097895,0,-1.2928036637969835,-1.3627062966573877,0
-1.3386383610303993,-1.338638361030386,0,-1.308147545194806,-1.308147545194806,0
-1.3784347273215651,-1.314639656754857,0,-1.321110533597506,-1.259933493902349,0
-1.409985270311639,-1.2969450351079335,0,-1.327237757473198,-1.220703569410261,0
-1.444439394356185,-1.2724495786763736,0,-1.339763202376791,-1.180148122371798,0
-1.4805533735371534,-1.242221365558821,0,-1.356693910863326,-1.138132489074758,0
-1.5188608033154574,-1.207865841330659,0,-1.37458372368013,-1.092961038993988,0
-1.5572262036243973,-1.1706581791924187,0,-1.392858194668664,-1.046918742513806,0
-1.5947094426852124,-1.1312667616557315,0,-1.411174148990311,-1.00092504308546,0
-1.6304141064304432,-1.0901414796409061,0,-1.429544280043172,-0.9557742848212265,0
-1.6636522478386733,-1.0913624364008758,0,-1.3988197810161083,-0.9176465317578044,0
-1.6998093556878915,-1.0456389306917657,0,-1.4170391448831963,-0.8717536437363363,0
-1.734322763545542,-0.997856541833974,0,-1.4352804068839142,-0.8258666057212549,0
-1.7668989363590346,-0.9481012285256246,0,-1.4534890869163752,-0.7800071014681164,0
-1.7973966646648274,-0.8965634969201273,0,-1.4716750845600461,-0.73415825331562,0
-1.8368461576438375,-0.8862996294344654,0,-1.4411258387087722,-0.6954271158278537,0
-1.8650680934986457,-0.8303148295312751,0,-1.4593570135546823,-0.6497186334191415,0
-1.9073112920438076,-0.8158468837985214,0,-1.4287414852392362,-0.6111480800637326,0
-1.9526655264229114,-0.7994949323770502,0,-1.3981753524001073,-0.5724530245671201,0
-2.0013030914771734,-0.7812381916519803,0,-1.3675109742324743,-0.5338238125609343,0
-2.02542031300974,-0.7133481161323361,0,-1.3857110115418312,-0.48798624408594254,0
-2.076665306513758,-0.6888044130856575,0,-1.3549555759422467,-0.44938582388988885,0
-2.1319911282044117,-0.6617070841434027,0,-1.3235299389249988,-0.41073490836770316,0
-2.1904787361218694,-0.630292739159336,0,-1.2929820038783397,-0.3720098234345863,0
-2.25265851632692,-0.5948720967904806,0,-1.2624620533703899,-0.3333668210357327,0
-2.319236404037907,-0.5547617543979978,0,-1.231677909434284,-0.2945843449848356,0
-2.3902749251587974,-0.5090058267162048,0,-1.20081514108489,-0.25569214394846657,0
-2.465519456153706,-0.45692514060064554,0,-1.169802319917377,-0.21669359675775615,0
-2.545476771842634,-0.3975644342519717,0,-1.139060617110101,-0.17799644833867695,0
-2.6242049692977862,-0.32863758087978245,0,-1.110125723683732,-0.13892061692745514,0
-2.705117037017056,-0.26676741484012684,0,-1.080429989578334,-0.10665909930212068,0
-2.8022325873979512,-0.20083706119725783,0,-1.045564283086771,-0.0752609377221296,0
-2.9394383596559313,-0.14678820512109342,0,-0.998795456200073,-0.04906767443121759,0
-1.1267245577325258,1.4435778977832292,0,-1.2304631806793396,1.5766928556293023,0
-1.1516785428050842,1.438283048297771,0,-1.2315959561210508,1.5388304607453605,0
-1.185855377025013,1.4183006301382752,0,-1.253133330177461,1.4993387059435002,0
-1.222917039427785,1.4081403133922867,0,-1.254748752751425,1.4450961056802762,0
-1.2577305268796672,1.398538625374301,0,-1.255127301880829,1.3957699035847402,0
-1.2852260324341154,1.3909912307953316,0,-1.2545290474322517,1.3578554465306543,0
-1.3146396567549627,1.378434727321601,0,-1.2599334939023488,1.3211105335975062,0
-1.3557817104703294,1.3557817104702565,0,-1.2727922061353776,1.2727922061353785,0
-1.396693521666219,1.3319471832203265,0,-1.2851171388757485,1.2255534180193184,0
-1.431484494280989,1.3119228756935417,0,-1.2930438374665656,1.1850054935467536,0
-1.4678070143037591,1.284860719229148,0,-1.3075804978989876,1.1445467533678664,0
-1.5076808809291111,1.2515115998019661,0,-1.3255134555286276,1.1002002349559223,0
-1.5484652379529384,1.2147314344499824,0,-1.3438173532298416,1.0540797085920954,0
-1.588417593320523,1.1755043407331145,0,-1.3621722235925005,1.0080270933243916,0
-1.6266006618717672,1.134513211300501,0,-1.3805933683904286,0.962910865529345,0
-1.6611898008493469,1.1379814044681515,0,-1.3498765079168829,0.9247762276904181,0
-1.7000929728549485,1.0921270549937259,0,-1.3681199568820988,0.8789474002831328,0
-1.7373885731437355,1.0437859586634564,0,-1.3863816745637367,0.8330089197864612,0
-1.772827610802154,0.9932502824416439,0,-1.4045887967937638,0.7870549657684803,0
-1.8060825188838174,0.9407264738649584,0,-1.4228288626328178,0.7411879728250121,0
-1.848254101341636,0.9322913665667987,0,-1.3921893495941928,0.7023420324961617,0
-1.8792022351199462,0.8748552999112371,0,-1.4105440308590098,0.6567185461126076,0
-1.924632921749187,0.8619422507521022,0,-1.3800047173256658,0.6180801027467782,0
-1.9735481875614138,0.8475234645762632,0,-1.3493514221344458,0.5794975307215884,0
-2.026248502135937,0.8311843337447762,0,-1.3187041651600198,0.5409604740435414,0
-2.053433047619617,0.760619552283752,0,-1.3369108528425808,0.4951911373704606,0
-2.109381491348273,0.7375215720334631,0,-1.3062533764974118,0.45669252591918646,0
-2.170069956470276,0.7114625851124885,0,-1.2750544577923808,0.4180151612393431,0
-2.234446308462429,0.6812219976572587,0,-1.2445794559813168,0.3794126042367724,0
-2.3035570780306283,0.6467674270186453,0,-1.2140717345419088,0.34085187677137163,0
-2.3782578616104373,0.6069153354120063,0,-1.183185460292307,0.30191877465518874,0
-2.4595909810500665,0.5610517374050368,0,-1.151639946060103,0.2626900972427307,0
-2.5491362182723387,0.505119181012914,0,-1.119217208372746,0.22191810231964768,0
-2.633439969876059,0.44741649033313174,0,-1.090105394089912,0.1851149194159324,0
-2.707622170463253,0.3752329865486283,0,-1.069478001292287,0.14845401837814928,0
-2.802020112616942,0.3380163218853638,0,-1.035561018515463,0.12501317957324595,0
-2.928218440672909,0.28743544673065813,0,-0.9951847266485508,0.09801714056964302,0
-1.2299273200391136,-1.3565900319564108,0,-1.3431179095514867,-1.4819022508391178,0
-1.257517688429888,-1.3533746668800182,0,-1.3321672493269336,-1.4340531810288057,0
-1.2863251665977944,-1.3429391634325472,0,-1.3326206815401125,-1.3913002910681187,0
-1.322958109157753,-1.322958109157781,0,-1.343502884254265,-1.343502884254264,0
-1.3640034068098141,-1.2941116668150492,0,-1.362706296657388,-1.292803663796983,0
-1.3909912307952943,-1.2852260324340115,0,-1.357855446530654,-1.254529047432252,0
-1.420952065103293,-1.262775495934105,0,-1.37054603301619,-1.217797090090498,0
-1.4555839956968881,-1.2340225957370898,0,-1.387305927199027,-1.175939882057663,0
-1.491812598318991,-1.2011379415908208,0,-1.40568136286468,-1.131508893313259,0
-1.528465976323077,-1.1660997700521112,0,-1.423554048177579,-1.085733786522275,0
-1.56451823012458,-1.1285784941654091,0,-1.441787453439556,-1.03977788639283,0
-1.5995714035804671,-1.0891675226929372,0,-1.460050818167383,-0.9939633458298466,0
-1.633174395451522,-1.0481058419297746,0,-1.478366484011826,-0.9486054715424804,0
-1.6650788484548935,-1.0471629273496363,0,-1.4476947879023523,-0.9104239655038595,0
-1.6986802357946138,-1.0018083737102044,0,-1.4658786511622863,-0.8645266627553881,0
-1.7305978892352993,-0.9545800599145162,0,-1.4840822675570933,-0.8186486337617133,0
-1.7606590565976783,-0.9057193804461362,0,-1.5022731639555231,-0.772827924121615,0
-1.78865589663437,-0.8552336447821474,0,-1.5204563177716983,-0.7270171515897211,0
-1.8256029871485528,-0.8434654414923182,0,-1.4898868487216943,-0.6883693530345409,0
-1.8513198514577514,-0.7889096867101681,0,-1.5080911209063432,-0.6426195207666946,0
-1.8906557549549594,-0.7729243695437128,0,-1.4775185379453741,-0.6039782597480688,0
-1.9326450478285695,-0.7551652963499114,0,-1.4469192155108102,-0.56532971002423,0
-1.9774836248801348,-0.7354021705747514,0,-1.4163189620861563,-0.526664546308513,0
-1.9988802665415453,-0.6700910041181493,0,-1.4345188498682673,-0.4808141896676548,0
-2.045702566972265,-0.6444174180482939,0,-1.4038711475725767,-0.44215049307674215,0
-2.09576002632269,-0.6159932575076859,0,-1.3729279703358448,-0.4034586194946556,0
-2.1489586783787957,-0.5841331800221202,0,-1.3420197378987997,-0.3647432929574265,0
-2.2053276236889983,-0.5483215606674706,0,-1.3111714858139027,-0.3259376089370225,0
-2.265177478200914,-0.5078994410174434,0,-1.280334932435385,-0.2870510277159108,0
-2.328237128877335,-0.4625291072835147,0,-1.249549437856368,-0.24822595344380963,0
-2.394550407671243,-0.41152450629686665,0,-1.218831323605658,-0.20947580326456322,0
-2.4633839293625135,-0.3559590821563198,0,-1.18818522569068,-0.17171886473413892,0
-2.532223804962985,-0.27381217561671073,0,-1.161007384923481,-0.12557428605446025,0
-2.614317597235488,-0.21565127063862063,0,-1.125473753467015,-0.09303786996718197,0
-2.688389107080569,-0.17551652548048086,0,-1.092899391922077,-0.07124812390196172,0
-2.7380543950892484,-0.09734708394066281,0,-1.076057135607035,-0.037941139861740594,0
-2.831387930682974,-0.0999218939521977,0,-1.036541042540306,-0.0372059861067225,0
-2.943347511575785,8.957510279683893e-15,0,-1.0,3.5876077807826975e-16,0
-2.939438359655913,0.14678820512108448,0,-0.998795456200073,0.049067674431218074,0
-2.8022325873979486,0.2008370611972416,0,-1.045564283086771,0.0752609377221301,0
-2.705117037017023,0.2667674148401357,0,-1.080429989578334,0.10665909930212118,0
-2.6242049692977942,0.3286375808798006,0,-1.110125723683732,0.1389206169274557,0
-2.545476771842646,0.39756443425199883,0,-1.139060617110101,0.1779964483386775,0
-2.465519456153768,0.4569251406006662,0,-1.169802319917377,0.2166935967577567,0
-2.3902749251587876,0.5090058267162441,0,-1.20081514108489,0.2556921439484671,0
-2.319236404037953,0.5547617543979966,0,-1.231677909434284,0.29458434498483616,0
-2.252658516326889,0.5948720967904799,0,-1.2624620533703899,0.33336682103573323,0
-2.190478736121884,0.6302927391592944,0,-1.2929820038783397,0.37200982343458683,0
-2.1319911282044033,0.6617070841433873,0,-1.3235299389249988,0.4107349083677037,0
-2.07666530651377,0.6888044130856212,0,-1.3549555759422467,0.4493858238898895,0
-2.0254203130097497,0.7133481161323391,0,-1.3857110115418307,0.4879862440859432,0
-2.001303091477184,0.7812381916519131,0,-1.3675109742324738,0.5338238125609349,0
-1.9526655264228945,0.7994949323769868,0,-1.3981753524001068,0.5724530245671208,0
-1.9073112920437998,0.8158468837984887,0,-1.4287414852392357,0.6111480800637332,0
-1.8650680934986823,0.8303148295312602,0,-1.4593570135546818,0.6497186334191422,0
-1.8368461576438468,0.8862996294344632,0,-1.4411258387087718,0.6954271158278543,0
-1.7973966646649098,0.8965634969201002,0,-1.4716750845600457,0.7341582533156207,0
-1.7668989363590502,0.9481012285256109,0,-1.4534890869163748,0.780007101468117,0
-1.7343227635455678,0.9978565418339597,0,-1.4352804068839138,0.8258666057212556,0
-1.699809355687968,1.0456389306917755,0,-1.4170391448831958,0.871753643736337,0
-1.6636522478387052,1.0913624364008543,0,-1.3988197810161078,0.9176465317578051,0
-1.6304141064304873,1.0901414796408793,0,-1.4295442800431715,0.9557742848212272,0
-1.5947094426852566,1.1312667616557228,0,-1.4111741489903105,1.0009250430854604,0
-1.5572262036244577,1.1706581791924426,0,-1.3928581946686636,1.0469187425138065,0
-1.5188608033155095,1.2078658413306054,0,-1.3745837236801295,1.0929610389939886,0
-1.4805533735372072,1.2422213655588297,0,-1.3566939108633256,1.1381324890747584,0
-1.4444393943562903,1.2724495786764807,0,-1.3397632023767905,1.1801481223717984,0
-1.40998527031169,1.2969450351079361,0,-1.3272377574731975,1.2207035694102615,0
-1.378434727321655,1.3146396567548813,0,-1.3211105335975055,1.2599334939023494,0
-1.3386383610304926,1.3386383610304267,0,-1.3081475451948055,1.3081475451948064,0
-1.2941116668151658,1.3640034068098512,0,-1.292803663796983,1.3627062966573882,0
-1.2570817363343407,1.3751572812294033,0,-1.2941161931655007,1.4159628803086415,0
-1.2237508158832386,1.383266296565217,0,-1.2972295096967277,1.4668515038325183,0
-1.1966733279244783,1.386130725598553,0,-1.3063456856411457,1.5144176932427742,0
-1.16232246749259,1.4147848089340824,0,-1.2687865679578583,1.5460209070286601,0
-1.2627033523957367,-1.3258758658440153,0,-1.3790810894677097,-1.4484941659090498,0
-1.2811291018200397,-1.3272627148292255,0,-1.3641045612084697,-1.4137237695628768,0
-1.3080078650143998,-1.308007865014422,0,-1.37885822331368,-1.37885822331368,0
-1.3429391634325158,-1.286325166597792,0,-1.391300291068119,-1.332620681540112,0
-1.3751572812293824,-1.2570817363342515,0,-1.415962880308641,-1.294116193165501,0
-1.3985386253742744,-1.257730526879568,0,-1.39576990358474,-1.255127301880829,0
-1.4311423244452925,-1.2278429883276716,0,-1.416790501627587,-1.215242820601795,0
-1.4667182657939195,-1.1953257049367663,0,-1.4362801888546,-1.170131557713055,0
-1.5019922501168952,-1.1616994496553161,0,-1.454309247612962,-1.124362029709828,0
-1.5366213193739604,-1.1260412849226216,0,-1.472367373826658,-1.0784979815361515,0
-1.5705887934300882,-1.0884887248446395,0,-1.490533323589698,-1.0326154472307305,0
-1.6034278071493084,-1.0490479576825187,0,-1.508902454752816,-0.9868807959089331,0
-1.635050837056928,-1.0081033089941864,0,-1.52710114529763,-0.9413242710186288,0
-1.665626509136502,-1.0051490332549928,0,-1.4965668492416901,-0.9030424825751212,0
-1.6968829969548787,-0.960326209498387,0,-1.5147111735839172,-0.8571680851395619,0
-1.7263991683655249,-0.9138271243750544,0,-1.5328851976495512,-0.8113683523643549,0
-1.7541383215949962,-0.8658160751316638,0,-1.5510105000115373,-0.765542950329031,0
-1.7798843021415902,-0.8164828599056028,0,-1.5692109021911713,-0.7197947969313137,0
-1.8144384929091295,-0.8033874123342697,0,-1.5386390392957163,-0.6812500419346333,0
-1.8379245286619716,-0.7503441468296113,0,-1.5568159013798892,-0.6354759842480159,0
-1.8745077359625244,-0.7331438083873577,0,-1.5262651688857543,-0.596844146999799,0
-1.91342434551114,-0.7141892501475685,0,-1.4957010917114453,-0.5581773160330766,0
-1.9548315038030741,-0.6932804760913268,0,-1.4651228610774731,-0.5194966514366272,0
-1.9737953927406386,-0.6304275331030389,0,-1.4833375594071263,-0.47364393902601026,0
-2.016718474867758,-0.603978417535414,0,-1.4527104669804687,-0.4349346948827668,0
-2.062209379094945,-0.5747721044239548,0,-1.4220054950693588,-0.39624209352542944,0
-2.1103368186204072,-0.5424342472089061,0,-1.3911859266070867,-0.35749510515074445,0
-2.16142186641301,-0.5065261284034684,0,-1.3601958706981219,-0.3186905432063468,0
-2.215067714009558,-0.4663369635789044,0,-1.329394721754459,-0.27983033267682356,0
-2.2714659560109616,-0.42164411957800657,0,-1.2985876924889,-0.2409704972819495,0
-2.3329386595977724,-0.3677843329975729,0,-1.266820787449091,-0.19967445931444072,0
-2.391406889892961,-0.31591874846328755,0,-1.237022592969058,-0.16339032309227694,0
-2.4475544147473194,-0.2614264077629643,0,-1.210010914357945,-0.12933259887127074,0
-2.4829243694959247,-0.18272059251006798,0,-1.197018626328959,-0.08809221923470849,0
-2.552356149989352,-0.17261626693023585,0,-1.159499000354933,-0.07832031644348034,0
-2.626493361106639,-0.1038399600426292,0,-1.125704394314883,-0.04452201022262438,0
-2.6836109732114974,-1.1624196225937195e-14,0,-1.1,3.9463685588609675e-16,0
-2.8090120995995473,1.106490808149742e-14,0,-1.05,3.7669881698218327e-16,0
-2.738054395089265,0.09734708394067065,0,-1.076057135607035,0.03794113986174112,0
-2.688389107080589,0.175516525480511,0,-1.092899391922077,0.07124812390196225,0
-2.614317597235455,0.21565127063861794,0,-1.125473753467015,0.0930378699671825,0
-2.532223804963,0.2738121756166551,0,-1.161007384923481,0.1255742860544608,0
-2.463383929362447,0.3559590821562987,0,-1.18818522569068,0.17171886473413953,0
-2.3945504076712325,0.41152450629682596,0,-1.218831323605658,0.20947580326456383,0
-2.3282371288773067,0.4625291072834915,0,-1.249549437856368,0.24822595344381024,0
-2.2651774782009335,0.5078994410174221,0,-1.280334932435385,0.28705102771591134,0
-2.2053276236889805,0.5483215606674623,0,-1.3111714858139027,0.32593760893702306,0
-2.148958678378808,0.5841331800221334,0,-1.3420197378987997,0.3647432929574271,0
-2.0957600263227216,0.615993257507712,0,-1.3729279703358448,0.4034586194946563,0
-2.0457025669722997,0.6444174180482983,0,-1.4038711475725767,0.4421504930767428,0
-1.9988802665415435,0.6700910041181704,0,-1.4345188498682668,0.4808141896676555,0
-1.977483624880166,0.7354021705747766,0,-1.4163189620861558,0.5266645463085137,0
-1.9326450478285937,0.7551652963499413,0,-1.4469192155108097,0.5653297100242307,0
-1.8906557549550138,0.7729243695437098,0,-1.4775185379453737,0.6039782597480695,0
-1.8513198514577698,0.7889096867101644,0,-1.5080911209063428,0.6426195207666953,0
-1.8256029871485608,0.8434654414922975,0,-1.4898868487216939,0.6883693530345416,0
-1.7886558966344406,0.8552336447821326,0,-1.5204563177716979,0.7270171515897218,0
-1.7606590565976874,0.9057193804461203,0,-1.5022731639555227,0.7728279241216157,0
-1.7305978892353626,0.9545800599145112,0,-1.4840822675570928,0.8186486337617139,0
-1.6986802357946624,1.001808373710156,0,-1.4658786511622859,0.8645266627553888,0
-1.6650788484549475,1.0471629273496283,0,-1.4476947879023518,0.9104239655038602,0
-1.6331743954515658,1.0481058419297506,0,-1.4783664840118256,0.9486054715424811,0
-1.5995714035805109,1.0891675226929356,0,-1.4600508181673826,0.9939633458298472,0
-1.5645182301246419,1.128578494165371,0,-1.4417874534395556,1.0397778863928304,0
-1.5284659763231392,1.1660997700521247,0,-1.4235540481775786,1.0857337865222754,0
-1.4918125983190604,1.201137941590815,0,-1.4056813628646796,1.1315088933132595,0
-1.4555839956969292,1.2340225957370141,0,-1.3873059271990265,1.1759398820576634,0
-1.4209520651034007,1.2627754959341517,0,-1.3705460330161896,1.2177970900904984,0
-1.3909912307953973,1.2852260324340432,0,-1.3578554465306536,1.2545290474322524,0
-1.364003406809912,1.2941116668150772,0,-1.3627062966573875,1.2928036637969835,0
-1.3229581091578602,1.3229581091577638,0,-1.3435028842542645,1.3435028842542645,0
-1.286325166597929,1.3429391634325625,0,-1.3326206815401116,1.3913002910681191,0
-1.2575176884300248,1.353374666880034,0,-1.3321672493269328,1.4340531810288062,0
-1.2299273200392484,1.3565900319564075,0,-1.3431179095514858,1.4819022508391182,0
-2.8313879306829843,0.09992189395220308,0,-1.036541042540306,0.037205986106723,0
-1.2948677860688342,-1.2948677860688829,0,-1.4142135623730954,-1.414213562373095,0
-1.327262714829183,-1.2811291018200834,0,-1.413723769562877,-1.364104561208469,0
-1.353374666879983,-1.2575176884299455,0,-1.434053181028806,-1.332167249326933,0
-1.3832662965651956,-1.2237508158831618,0,-1.466851503832518,-1.2972295096967275,0
-1.408140313392236,-1.2229170394276914,0,-1.445096105680276,-1.254748752751425,0
-1.4427613678250488,-1.1906821180126044,0,-1.466289836362794,-1.2097062774389695,0
-1.4774653380247902,-1.1577277345611565,0,-1.484902014882384,-1.1629351188894086,0
-1.5108007829308774,-1.123624204739363,0,-1.503016047339945,-1.1171787664099575,0
-1.543618085990953,-1.087885582324133,0,-1.52083760122958,-1.0711871529369166,0
-1.5757132042365958,-1.050435890940061,0,-1.538643806422348,-1.0252314101296696,0
-1.6064267226217166,-1.0109116488860617,0,-1.557467892698426,-0.9796895472987064,0
-1.6361229410117681,-0.9701869367812357,0,-1.57584822209119,-0.9340245002836741,0
-1.6654417399782837,-0.9654228126816586,0,-1.5453504217494272,-0.8956190673038166,0
-1.6944221673055353,-0.9211221178908022,0,-1.5635036541434533,-0.8498033120769777,0
-1.7218122833725829,-0.875405624051333,0,-1.5816391289494842,-0.8040236174141511,0
-1.7473754645568433,-0.8283963110751046,0,-1.5997660774763323,-0.7583295788868947,0
-1.7710615511586263,-0.7801298263573041,0,-1.6179564319250022,-0.7125933238871923,0
-1.8035035316131207,-0.7659338775079099,0,-1.5873789228274562,-0.6740613245801402,0
-1.8248728468759254,-0.714369850135338,0,-1.6055394276913761,-0.6283472969829161,0
-1.858940515494649,-0.6962243121258103,0,-1.5749957551347262,-0.5897173596129548,0
-1.8950229085300068,-0.6763167578933855,0,-1.5444866858613002,-0.5510415653227028,0
-1.933271703254481,-0.6544594012442112,0,-1.5139186190521612,-0.5123478992267799,0
-1.9501096820379282,-0.5939896192884822,0,-1.5321785964296253,-0.4664979617709979,0
-1.9894826238059402,-0.56697484745775,0,-1.5015945278696448,-0.4277704117103881,0
-2.0310136438138477,-0.5373268491610611,0,-1.4709227542214818,-0.38901816131946787,0
-2.0747663145533717,-0.5047592337369785,0,-1.4401660948385748,-0.35024547450578836,0
-2.1208586880833633,-0.46880278848276696,0,-1.4093463981583099,-0.3114415387090038,0
-2.1691222713007496,-0.42908017941773763,0,-1.378478815375139,-0.27259482969569254,0
-2.219644293371287,-0.38498172638079775,0,-1.347657995702593,-0.23370783370634002,0
-2.2749629428484797,-0.3319940877121421,0,-1.315452553377113,-0.1919306221687877,0
-2.332515797737849,-0.2806566554761612,0,-1.282167594887338,-0.15423797838408115,0
-2.3843260977569005,-0.24252615193051424,0,-1.252124005671904,-0.12743158589018053,0
-2.4048186005780634,-0.17374717581711405,0,-1.245307382624987,-0.09005898609443944,0
-2.446279348747698,-0.0899404291207502,0,-1.224253813538292,-0.04504518356511785,0
-2.5282594121539033,-0.09182561673002311,0,-1.176337163535087,-0.042688991665124354,0
-2.5812196515054344,1.2512012959590801e-14,0,-1.15,4.125748947900102e-16,0
-2.626493361106635,0.10383996004262466,0,-1.125704394314883,0.04452201022262492,0
-2.5523561499893264,0.1726162669302258,0,-1.159499000354933,0.07832031644348089,0
-2.4829243694959597,0.1827205925101021,0,-1.197018626328959,0.08809221923470904,0
-2.4475544147473296,0.26142640776298565,0,-1.210010914357945,0.12933259887127135,0
-2.3914068898929917,0.3159187484632857,0,-1.237022592969058,0.16339032309227755,0
-2.332938659597746,0.36778433299758173,0,-1.266820787449091,0.19967445931444133,0
-2.271465956010962,0.4216441195779982,0,-1.2985876924889,0.24097049728195016,0
-2.21506771400956,0.46633696357889587,0,-1.329394721754459,0.2798303326768241,0
-2.1614218664130087,0.5065261284034401,0,-1.3601958706981219,0.3186905432063475,0
-2.110336818620369,0.5424342472088799,0,-1.3911859266070867,0.3574951051507451,0
-2.062209379094939,0.5747721044238951,0,-1.4220054950693588,0.3962420935254301,0
-2.016718474867731,0.6039784175353664,0,-1.4527104669804687,0.4349346948827675,0
-1.9737953927406104,0.6304275331029973,0,-1.4833375594071259,0.47364393902601093,0
-1.9548315038031416,0.6932804760912891,0,-1.4651228610774727,0.5194966514366278,0
-1.9134243455110962,0.7141892501475476,0,-1.4957010917114448,0.5581773160330773,0
-1.874507735962573,0.7331438083873149,0,-1.5262651688857538,0.5968441469997997,0
-1.8379245286619843,0.7503441468296143,0,-1.5568159013798888,0.6354759842480165,0
-1.8144384929091604,0.803387412334256,0,-1.5386390392957159,0.681250041934634,0
-1.779884302141621,0.816482859905587,0,-1.5692109021911709,0.7197947969313143,0
-1.7541383215950463,0.865816075131668,0,-1.5510105000115368,0.7655429503290316,0
-1.7263991683655633,0.9138271243750111,0,-1.5328851976495508,0.8113683523643556,0
-1.6968829969549457,0.960326209498376,0,-1.5147111735839167,0.8571680851395626,0
-1.66562650913655,1.0051490332549682,0,-1.4965668492416897,0.9030424825751219,0
-1.6350508370569967,1.0081033089941678,0,-1.5271011452976295,0.9413242710186295,0
-1.6034278071493346,1.0490479576824592,0,-1.5089024547528156,0.9868807959089337,0
-1.5705887934301819,1.0884887248446315,0,-1.4905333235896976,1.0326154472307314,0
-1.5366213193739933,1.1260412849225783,0,-1.4723673738266576,1.0784979815361524,0
-1.5019922501169563,1.1616994496553141,0,-1.4543092476129615,1.1243620297098285,0
-1.4667182657939974,1.1953257049368031,0,-1.4362801888545995,1.1701315577130555,0
-1.4311423244453578,1.2278429883276314,0,-1.4167905016275866,1.2152428206017953,0
-1.3985386253743703,1.2577305268795558,0,-1.3957699035847395,1.2551273018808295,0
-1.3751572812294646,1.2570817363342226,0,-1.4159628803086406,1.2941161931655014,0
-1.342939163432665,1.2863251665978366,0,-1.3913002910681185,1.3326206815401125,0
-1.3080078650145255,1.3080078650144138,0,-1.3788582233136795,1.3788582233136804,0
-1.281129101820172,1.3272627148292098,0,-1.3641045612084688,1.4137237695628773,0
-1.2627033523958817,1.3258758658439789,0,-1.3790810894677088,1.4484941659090502,0
-1.3258758658439609,-1.2627033523958135,0,-1.44849416590905,-1.379081089467709,0
-1.3565900319563475,-1.2299273200391714,0,-1.481902250839118,-1.3431179095514856,0
-1.3861307255985296,-1.1966733279244006,0,-1.514417693242774,-1.3063456856411455,0
-1.4183006301382237,-1.1858553770249398,0,-1.4993387059435,-1.2531333301774605,0
-1.4556191534723146,-1.1542147432449392,0,-1.514280675926925,-1.2000688964965505,0
-1.4873651038508577,-1.121253310706464,0,-1.533186006554018,-1.1549512406425746,0
-1.5188136237499015,-1.0870228221558942,0,-1.551290815167418,-1.1093851536719457,0
-1.5504218000335561,-1.0520178736562296,0,-1.566990413645044,-1.0625045965474988,0
-1.580272508376266,-1.014874038320918,0,-1.585133052821721,-1.0172975153290509,0
-1.6090375166297144,-0.975176486591227,0,-1.604990792463204,-0.9720817765918994,0
-1.636361510493213,-0.9343035764832957,0,-1.6243953774495612,-0.9268313180137039,0
-1.6644867090133897,-0.9279394717539629,0,-1.5939976476546103,-0.8882857332060512,0
-1.6914037282870904,-0.8842896693614531,0,-1.6121746101227343,-0.8425750126353106,0
-1.7167436819313078,-0.8393483135362251,0,-1.6303125295994743,-0.7968609085091001,0
-1.740474508688856,-0.793240134459256,0,-1.6484669721813272,-0.75116187625058,0
-1.7623217377096256,-0.7461592185990167,0,-1.6666170100788422,-0.7054617558284969,0
-1.7927418956688124,-0.7309347382283491,0,-1.6360853882548132,-0.6669036514610699,0
-1.8122628516436219,-0.6808065023436819,0,-1.6542411100321843,-0.6212006986037425,0
-1.8439553574741925,-0.6619323047255282,0,-1.6237125703491813,-0.5826153788396268,0
-1.877397243854341,-0.6412175117739772,0,-1.5932758212545932,-0.5439459904452802,0
-1.9127745668274654,-0.6186242788546361,0,-1.5627636591291223,-0.5052166796183265,0
-1.9276991481343781,-0.5603186984323634,0,-1.5811556519968577,-0.459354074681745,0
-1.9639201280609435,-0.5329992676662089,0,-1.5505070239229577,-0.4206063910681741,0
-2.001907448173845,-0.503184851837272,0,-1.5198567231207967,-0.3818470441582395,0
-2.0417635738757056,-0.4705515364929669,0,-1.4891472385085869,-0.34304888797271,0
-2.083488584655078,-0.43477073297886487,0,-1.458388756466627,-0.30422706035737473,0
-2.1270073013535757,-0.3955260680645349,0,-1.427575947573089,-0.26536193778133094,0
-2.1724267572715528,-0.352304863991351,0,-1.396755643454931,-0.22646276044789032,0
-2.2193646261219673,-0.30496120287457096,0,-1.365924926147193,-0.18755384618638193,0
-2.2742258857243063,-0.24463084533190663,0,-1.331276302514291,-0.1431136157671406,0
-2.3327433113254106,-0.17950740237384316,0,-1.294507111164958,-0.09963648513448578,0
-2.369473323692558,-0.08422132058660851,0,-1.275068861232616,-0.045307778724191866,0
-2.4092532458658584,5.530952958084619e-15,0,-1.25,4.484509725978371e-16,0
-2.4898526405046204,-2.3103593614075538e-14,0,-1.2,4.3051293369392366e-16,0
-2.4462793487476477,0.08994042912073227,0,-1.224253813538292,0.04504518356511845,0
-2.404818600578094,0.1737471758170833,0,-1.245307382624987,0.09005898609444002,0
-2.3843260977568987,0.2425261519305435,0,-1.252124005671904,0.12743158589018114,0
-2.3325157977378974,0.28065665547615326,0,-1.282167594887338,0.15423797838408176,0
-2.274962942848469,0.3319940877121428,0,-1.315452553377113,0.19193062216878837,0
-2.219644293371297,0.3849817263807856,0,-1.347657995702593,0.23370783370634068,0
-2.1691222713007736,0.42908017941771814,0,-1.378478815375139,0.2725948296956932,0
-2.1208586880833744,0.46880278848276663,0,-1.4093463981583099,0.3114415387090045,0
-2.0747663145533695,0.5047592337369976,0,-1.4401660948385748,0.350245474505789,0
-2.0310136438139095,0.5373268491610541,0,-1.4709227542214818,0.38901816131946854,0
-1.9894826238059184,0.5669748474577755,0,-1.5015945278696448,0.42777041171038876,0
-1.9501096820379749,0.5939896192884629,0,-1.5321785964296248,0.46649796177099856,0
-1.933271703254522,0.6544594012441931,0,-1.5139186190521607,0.5123478992267806,0
-1.8950229085300188,0.6763167578933976,0,-1.5444866858612998,0.5510415653227034,0
-1.8589405154946668,0.6962243121257936,0,-1.5749957551347258,0.5897173596129555,0
-1.8248728468759468,0.7143698501353191,0,-1.6055394276913757,0.6283472969829168,0
-1.8035035316131849,0.7659338775078686,0,-1.5873789228274557,0.6740613245801409,0
-1.771061551158645,0.7801298263572857,0,-1.6179564319250017,0.712593323887193,0
-1.7473754645568755,0.8283963110750615,0,-1.5997660774763318,0.7583295788868953,0
-1.7218122833726546,0.8754056240513345,0,-1.5816391289494838,0.8040236174141517,0
-1.694422167305587,0.9211221178907594,0,-1.5635036541434528,0.8498033120769783,0
-1.6654417399783357,0.9654228126816331,0,-1.5453504217494267,0.8956190673038172,0
-1.6361229410118214,0.9701869367812016,0,-1.5758482220911896,0.9340245002836748,0
-1.606426722621785,1.010911648886052,0,-1.5574678926984256,0.979689547298707,0
-1.5757132042366466,1.0504358909399978,0,-1.5386438064223475,1.0252314101296705,0
-1.543618085991008,1.0878855823241016,0,-1.5208376012295794,1.0711871529369175,0
-1.5108007829309413,1.1236242047393223,0,-1.5030160473399445,1.1171787664099584,0
-1.4774653380248683,1.157727734561089,0,-1.4849020148823835,1.1629351188894095,0
-1.4427613678251383,1.1906821180125953,0,-1.4662898363627936,1.2097062774389704,0
-1.408140313392351,1.2229170394276763,0,-1.4450961056802756,1.2547487527514254,0
-1.3832662965653062,1.2237508158831143,0,-1.4668515038325176,1.2972295096967283,0
-1.353374666880134,1.2575176884298815,0,-1.4340531810288055,1.3321672493269334,0
-1.327262714829329,1.2811291018200517,0,-1.4137237695628766,1.3641045612084695,0
-1.2948677860689954,1.2948677860688722,0,-1.4142135623730945,1.4142135623730954,0
-2.528259412153918,0.09182561673003596,0,-1.176337163535087,0.04268899166512492,0
-1.4147848089340034,-1.1623224674925157,0,-1.54602090702866,-1.2687865679578576,0
-1.4382830482977338,-1.1516785428049867,0,-1.53883046074536,-1.2315959561210506,0
-1.4658852124781125,-1.1209270004602385,0,-1.559679832961669,-1.1918253310997298,0
-1.4945094093721378,-1.0871502315871553,0,-1.581658803163281,-1.1494865907553748,0
-1.5269959357586234,-1.0492619295549517,0,-1.601682257863473,-1.0995403595284639,0
-1.55735422502472,-1.0224291460895205,0,-1.604354948365727,-1.0523859876889459,0
-1.5827975161163415,-0.9843555855697701,0,-1.628061441032004,-1.0115633038189698,0
-1.6093738403144473,-0.940137646133961,0,-1.655941631418573,-0.9663101389930687,0
-1.6362213323913894,-0.9004056642127258,0,-1.6726070337701633,-0.9194998606407789,0
-1.6628337264404272,-0.892598796001048,0,-1.6425687100191542,-0.8811106293778752,0
-1.6879091526329648,-0.8495177173211359,0,-1.6608108080159203,-0.8354356381176822,0
-1.7114474873963934,-0.8053585495265035,0,-1.6789596856065523,-0.7897304639994501,0
-1.733469592245501,-0.7602414781611145,0,-1.6971085224516553,-0.744031211551494,0
-1.7537119153442504,-0.7141655050646928,0,-1.7152798826443683,-0.6983203083882774,0
-1.7822191185067748,-0.6981621357237077,0,-1.6847794269740193,-0.659757508883931,0
-1.8000583730919475,-0.6492653955817378,0,-1.7030452731148473,-0.6139661343585028,0
-1.829554385981275,-0.6299113278420234,0,-1.6724067251201482,-0.5754924991335433,0
-1.86063763322428,-0.6085610658137239,0,-1.6420506417088343,-0.536773129219066,0
-1.8933332513551548,-0.5854778257375906,0,-1.6116046261293142,-0.49808885295392835,0
-1.906623384149765,-0.5291979423216535,0,-1.6300816207427928,-0.452177598178549,0
-1.939914192458029,-0.501757850544446,0,-1.5994759586643528,-0.41347441649637556,0
-1.9747501598158852,-0.47190884040448616,0,-1.5687806854564728,-0.37469443759129867,0
-2.011151395074627,-0.4393646639406773,0,-1.5380954424125448,-0.3358702774328148,0
-2.0489984859087484,-0.403927379257711,0,-1.507402150851457,-0.2970223552149831,0
-2.088400409942464,-0.36522709471856485,0,-1.476666100659508,-0.2581411923806986,0
-2.1292117423964343,-0.3229658653742091,0,-1.445862726266407,-0.21922941831972032,0
-2.171331640152428,-0.27673593610715236,0,-1.415042858290683,-0.18030853711686268,0
-2.2160376198842675,-0.22296575165321947,0,-1.383272033175373,-0.13912838018174672,0
-2.2608151035490924,-0.161281193414512,0,-1.352409844500705,-0.09647632513066891,0
-2.3016945233062693,-0.09020350533191089,0,-1.325083796556721,-0.05187126222773902,0
-2.3377267330361255,6.089511325736081e-15,0,-1.3,4.663890115017507e-16,0
-2.369473323692547,0.08422132058658441,0,-1.275068861232616,0.04530777872419249,0
-2.332743311325351,0.17950740237381282,0,-1.294507111164958,0.09963648513448639,0
-2.2742258857243245,0.24463084533187796,0,-1.331276302514291,0.14311361576714127,0
-2.219364626121955,0.3049612028745669,0,-1.365924926147193,0.1875538461863826,0
-2.172426757271547,0.35230486399133026,0,-1.396755643454931,0.226462760447891,0
-2.1270073013535735,0.39552606806451884,0,-1.427575947573089,0.2653619377813316,0
-2.0834885846550693,0.4347707329788484,0,-1.458388756466627,0.3042270603573754,0
-2.041763573875696,0.4705515364929328,0,-1.4891472385085869,0.34304888797271066,0
-2.00190744817387,0.5031848518372428,0,-1.5198567231207967,0.38184704415824017,0
-1.963920128060915,0.532999267666184,0,-1.5505070239229577,0.42060639106817477,0
-1.9276991481343881,0.5603186984323342,0,-1.5811556519968577,0.45935407468174577,0
-1.912774566827446,0.6186242788546271,0,-1.5627636591291219,0.5052166796183272,0
-1.8773972438543733,0.6412175117739461,0,-1.5932758212545928,0.5439459904452809,0
-1.8439553574742154,0.6619323047255267,0,-1.6237125703491808,0.5826153788396274,0
-1.8122628516436514,0.6808065023436574,0,-1.6542411100321839,0.6212006986037432,0
-1.7927418956688645,0.7309347382283503,0,-1.6360853882548128,0.6669036514610706,0
-1.7623217377096791,0.7461592185990064,0,-1.6666170100788418,0.7054617558284976,0
-1.7404745086889197,0.7932401344592376,0,-1.6484669721813268,0.7511618762505806,0
-1.716743681931339,0.839348313536165,0,-1.6303125295994738,0.7968609085091007,0
-1.6914037282871734,0.8842896693614634,0,-1.6121746101227339,0.8425750126353113,0
-1.6644867090134292,0.9279394717539358,0,-1.5939976476546098,0.8882857332060519,0
-1.6363615104932996,0.9343035764832911,0,-1.6243953774495608,0.9268313180137046,0
-1.6090375166297743,0.9751764865911626,0,-1.6049907924632036,0.9720817765919001,0
-1.580272508376317,1.0148740383209118,0,-1.5851330528217205,1.0172975153290518,0
-1.5504218000336316,1.0520178736562085,0,-1.5669904136450437,1.0625045965474997,0
-1.5188136237499539,1.0870228221558371,0,-1.5512908151674176,1.1093851536719466,0
-1.4873651038509508,1.1212533107064278,0,-1.5331860065540175,1.1549512406425755,0
-1.4556191534723728,1.1542147432448882,0,-1.5142806759269245,1.2000688964965514,0
-1.4183006301383472,1.1858553770248874,0,-1.4993387059434995,1.2531333301774614,0
-1.3861307255986746,1.1966733279243336,0,-1.5144176932427735,1.3063456856411464,0
-1.3565900319565247,1.2299273200390919,0,-1.4819022508391175,1.3431179095514865,0
-1.3258758658441023,1.2627033523957338,0,-1.4484941659090496,1.3790810894677095,0
-1.4435778977831795,-1.1267245577324803,0,-1.576692855629302,-1.2304631806793398,0
-1.4707578849793208,-1.0909240424778155,0,-1.606415063464118,-1.1913986083068817,0
-1.4966974425656447,-1.0548286770671094,0,-1.635169626883073,-1.1516163820122878,0
-1.5217087822821915,-1.01853029909802,0,-1.662939225234738,-1.1111404650968697,0
-1.5522183542238828,-1.00292676696034,0,-1.642990232530535,-1.0603868659140887,0
-1.575625316300241,-0.9646644827197398,0,-1.670406140061546,-1.0212206939993147,0
-1.5930852136226037,-0.929223576951416,0,-1.699142893285693,-0.9894170658473566,0
-1.6171836139196443,-0.8937404682451747,0,-1.713735491266988,-0.9455526259126591,0
-1.6409754195848338,-0.8544972652005931,0,-1.7307615682818231,-0.8999310898600792,0
-1.6605914104896116,-0.8590028719765246,0,-1.6913182881099482,-0.8740028702202589,0
-1.6845728708020895,-0.817053802240925,0,-1.7081406940588753,-0.8277856665208857,0
-1.7060787744901136,-0.7733182287947238,0,-1.7275986306707742,-0.7825891545040644,0
-1.7264490419943213,-0.7290983026288823,0,-1.7457336883349852,-0.7369145005194951,0
-1.7462208594754565,-0.6845448263470596,0,-1.7617494259109452,-0.6903421262742436,0
-1.7719817413324455,-0.6673064085112391,0,-1.7335608421173563,-0.6525261225288065,0
-1.788524537524574,-0.6193620912013434,0,-1.7517347302678312,-0.6062648719815884,0
-1.8157677687455298,-0.6000241163236043,0,-1.7210843748206892,-0.5683501184756239,0
-1.8446367387371474,-0.5781769697881369,0,-1.6908200676636043,-0.5296152599148,0
-1.8748948112769677,-0.5545319230180134,0,-1.6605567674059463,-0.49083110319345735,0
-1.8867803164415715,-0.5003099194016393,0,-1.6790173877211059,-0.4449460747533203,0
-1.917437469387199,-0.47285643085511003,0,-1.6483979268447448,-0.40627123884177746,0
-1.9494228410235248,-0.4431129652434314,0,-1.6177352077748557,-0.3675237148795777,0
-1.982681660828296,-0.41087267137398575,0,-1.5870621067245028,-0.328715738186043,0
-2.0171556083976734,-0.3758784067631722,0,-1.556388000216721,-0.2898760288020507,0
-2.052845477752424,-0.3378222778736665,0,-1.525720328618073,-0.2509742312132103,0
-2.0896162202585216,-0.2964676608423176,0,-1.494999702672999,-0.21201022851363702,0
-2.1275190829492603,-0.2515300976024309,0,-1.464162576520311,-0.1730463037756328,0
-2.1670757995805934,-0.20281972056785405,0,-1.432372386813668,-0.13396850374290992,0
-2.205831326934032,-0.14686851934394674,0,-1.402605880785698,-0.0933494531465166,0
-2.241318661066412,-0.07913187186529008,0,-1.375700978922926,-0.04855147740473199,0
-2.2738091528705278,-2.7099507280744918e-14,0,-1.35,4.843270504056642e-16,0
-2.3016945233063106,0.09020350533190741,0,-1.325083796556721,0.05187126222773966,0
-2.260815103549087,0.16128119341450356,0,-1.352409844500705,0.09647632513066955,0
-2.216037619884224,0.2229657516531742,0,-1.383272033175373,0.1391283801817474,0
-2.1713316401524185,0.27673593610712854,0,-1.415042858290683,0.1803085371168634,0
-2.129211742396445,0.32296586537415967,0,-1.445862726266407,0.21922941831972104,0
-2.088400409942427,0.36522709471853465,0,-1.476666100659508,0.25814119238069927,0
-2.0489984859087436,0.4039273792576814,0,-1.507402150851457,0.29702235521498377,0
-2.011151395074618,0.4393646639406436,0,-1.5380954424125448,0.33587027743281545,0
-1.9747501598158819,0.47190884040447884,0,-1.5687806854564728,0.37469443759129933,0
-1.9399141924580448,0.5017578505444303,0,-1.5994759586643528,0.41347441649637634,0
-1.9066233841497648,0.529197942321637,0,-1.6300816207427928,0.4521775981785498,0
-1.8933332513551593,0.5854778257375707,0,-1.6116046261293138,0.49808885295392913,0
-1.8606376332242716,0.6085610658136882,0,-1.6420506417088339,0.5367731292190666,0
-1.829554385981275,0.6299113278419934,0,-1.6724067251201478,0.5754924991335439,0
-1.8000583730919892,0.6492653955817228,0,-1.7030452731148469,0.6139661343585037,0
-1.782219118506797,0.6981621357236706,0,-1.6847794269740188,0.6597575088839317,0
-1.753711915344308,0.7141655050646666,0,-1.7152798826443678,0.6983203083882783,0
-1.7334695922455605,0.7602414781610796,0,-1.6971085224516549,0.7440312115514949,0
-1.7114474873964434,0.8053585495264999,0,-1.6789596856065518,0.7897304639994508,0
-1.6879091526330214,0.8495177173210705,0,-1.6608108080159198,0.8354356381176828,0
-1.6628337264404678,0.8925987960010231,0,-1.6425687100191537,0.8811106293778759,0
-1.6362213323914385,0.900405664212667,0,-1.6726070337701628,0.9194998606407796,0
-1.6093738403145506,0.940137646133959,0,-1.6559416314185726,0.9663101389930694,0
-1.5827975161163577,0.9843555855697104,0,-1.6280614410320036,1.0115633038189706,0
-1.5573542250248051,1.0224291460895032,0,-1.6043549483657265,1.0523859876889468,0
-1.5269959357587013,1.049261929554927,0,-1.6016822578634726,1.0995403595284647,0
-1.494509409372227,1.0871502315871013,0,-1.5816588031632806,1.1494865907553757,0
-1.465885212478171,1.1209270004601912,0,-1.5596798329616686,1.1918253310997307,0
-1.4382830482978486,1.1516785428049399,0,-1.5388304607453596,1.2315959561210514,0
-1.414784808934143,1.1623224674924468,0,-1.5460209070286595,1.2687865679578585,0
-1.5460456327176377,-0.9814031542656817,0,-1.689707131144692,-1.0699952387551888,0
-1.5698250990012796,-0.9430462630847606,0,-1.715457220712734,-1.0282054871982258,0
-1.5927038573300916,-0.903943563949757,0,-1.740173982968623,-0.9857963831335146,0
-1.6143460830681648,-0.8645270929108713,0,-1.763842529487906,-0.9427934721717719,0
-1.635062768323762,-0.824930964289857,0,-1.7864486032744522,-0.8992226575541566,0
-1.6596335866917524,-0.8086778570617669,0,-1.7635396326281563,-0.8579788665175595,0
-1.6837128135425967,-0.7902567267775684,0,-1.7449471571492552,-0.8181177421772889,0
-1.7039832812975368,-0.7473270958332122,0,-1.7642356600390243,-0.7730950325325993,0
-1.7220298426592608,-0.703619190655246,0,-1.7850367805236533,-0.7289465041660177,0
-1.7379421051787558,-0.6551090216912036,0,-1.8109650460711093,-0.6824658404162987,0
-1.7633302021164121,-0.6386193402216136,0,-1.7795069687504592,-0.6441707834095807,0
-1.7781236231955933,-0.590869000683656,0,-1.7989015125862062,-0.5974646078210554,0
-1.8023906430586332,-0.5711966875575019,0,-1.7706329664454001,-0.5608423222240851,0
-1.8293150151574396,-0.5497349291139527,0,-1.7396325597795013,-0.5224478890434804,0
-1.8574241740401152,-0.5257568172677524,0,-1.7095098021735293,-0.48359113902482176,0
-1.868012878759924,-0.47346578767804887,0,-1.7280059641580738,-0.43774403432057224,0
-1.8963571288711278,-0.4461007309955571,0,-1.6973627068952497,-0.3990923872639,0
-1.925759290108548,-0.4165908111000429,0,-1.6666859882254128,-0.3603517851551633,0
-1.9562355418304425,-0.38467792081213303,0,-1.6360215703124699,-0.3215565346357656,0
-1.9876763067246488,-0.35022889203572083,0,-1.605378193961792,-0.2827348787640728,0
-2.020119698054892,-0.3130228857112592,0,-1.574695950369547,-0.2438902128528773,0
-2.053424336873097,-0.2727365725221602,0,-1.543955010511662,-0.20497932559438137,0
-2.087985922886698,-0.23000270386812036,0,-1.512466978477769,-0.16652104826119374,0
-2.1229741124196657,-0.183625924668115,0,-1.481355706736923,-0.1280748025585729,0
-2.1561915062076302,-0.1309935886624185,0,-1.452767847314377,-0.08823641268801631,0
-2.18809673059282,-0.06980741971877481,0,-1.425353433383547,-0.0454879597536487,0
-2.21670311180512,-2.4411102416108332e-14,0,-1.4,5.022650893095776e-16,0
-2.2413186610663796,0.07913187186530556,0,-1.375700978922926,0.04855147740473265,0
-2.2058313269341365,0.14686851934393336,0,-1.402605880785698,0.09334945314651727,0
-2.1670757995805707,0.2028197205678745,0,-1.432372386813668,0.13396850374291064,0
-2.1275190829492554,0.2515300976024181,0,-1.464162576520311,0.17304630377563351,0
-2.089616220258558,0.29646766084231296,0,-1.494999702672999,0.21201022851363774,0
-2.052845477752434,0.33782227787367547,0,-1.525720328618073,0.25097423121321094,0
-2.0171556083976747,0.37587840676315776,0,-1.556388000216721,0.2898760288020514,0
-1.982681660828303,0.4108726713739589,0,-1.5870621067245028,0.32871573818604377,0
-1.9494228410235117,0.4431129652433982,0,-1.6177352077748557,0.36752371487957847,0
-1.9174374693871779,0.4728564308550786,0,-1.6483979268447448,0.40627123884177824,0
-1.886780316441574,0.5003099194016181,0,-1.6790173877211059,0.4449460747533211,0
-1.8748948112769928,0.5545319230179938,0,-1.6605567674059458,0.49083110319345813,0
-1.8446367387371727,0.5781769697881148,0,-1.6908200676636038,0.5296152599148006,0
-1.815767768745526,0.600024116323594,0,-1.7210843748206888,0.5683501184756248,0
-1.7885245375246022,0.6193620912012988,0,-1.7517347302678308,0.6062648719815893,0
-1.7719817413324837,0.667306408511228,0,-1.7335608421173558,0.6525261225288074,0
-1.7462208594755153,0.6845448263470233,0,-1.7617494259109447,0.6903421262742445,0
-1.7264490419943628,0.7290983026288679,0,-1.7457336883349848,0.736914500519496,0
-1.7060787744901713,0.7733182287946939,0,-1.7275986306707738,0.7825891545040653,0
-1.6845728708021528,0.8170538022409075,0,-1.7081406940588748,0.8277856665208866,0
-1.6605914104896629,0.8590028719764942,0,-1.6913182881099478,0.8740028702202596,0
-1.6409754195848953,0.8544972652005756,0,-1.7307615682818227,0.8999310898600801,0
-1.6171836139197138,0.8937404682451303,0,-1.7137354912669875,0.94555262591266,0
-1.5930852136226217,0.9292235769513985,0,-1.6991428932856925,0.9894170658473574,0
-1.5756253163002956,0.964664482719734,0,-1.6704061400615455,1.0212206939993156,0
-1.5522183542239567,1.0029267669602921,0,-1.6429902325305346,1.0603868659140896,0
-1.5217087822822664,1.018530299097987,0,-1.6629392252347375,1.1111404650968706,0
-1.4966974425657316,1.0548286770670894,0,-1.6351696268830727,1.1516163820122887,0
-1.470757884979388,1.0909240424777826,0,-1.6064150634641177,1.1913986083068826,0
-1.4435778977833247,1.126724557732389,0,-1.5766928556293016,1.2304631806793407,0
-1.6644526873517025,-0.8301661773540877,0,-1.7248551399105951,-0.8591907170320674,0
-1.654835720076902,-0.7847530606915717,0,-1.8079785871308691,-0.8551101849915395,0
-1.6797086591180284,-0.7664027759291887,0,-1.7848688434964373,-0.8130398910836043,0
-1.6982910504845765,-0.7254524371497041,0,-1.8031962761698501,-0.7692677476283014,0
-1.715031476497589,-0.6809934448082062,0,-1.8263860521078552,-0.7248027001288613,0
-1.7272775037386412,-0.6421909192788025,0,-1.8490105069204632,-0.6872964747462742,0
-1.7426432548237807,-0.6102579965294589,0,-1.8523616892636552,-0.6487764114902573,0
-1.7622584771756562,-0.56806341493551,0,-1.8538753727230892,-0.5977645053610166,0
-1.789500611655897,-0.5440737624063235,0,-1.8203703530745623,-0.5533480134903662,0
-1.8145680936779556,-0.5226435801278579,0,-1.7891616994758612,-0.5150815458796797,0
-1.8408779654552987,-0.49902270111838426,0,-1.7584105664013523,-0.4764555166442793,0
-1.8504116203223795,-0.44849239154940834,0,-1.7769062943872238,-0.4305823660367467,0
-1.8766020593626045,-0.42126300697950314,0,-1.7462913159846019,-0.3918712067607599,0
-1.90367660481961,-0.3919663009154858,0,-1.7156666188987357,-0.35311879154194126,0
-1.9316438301478238,-0.36055768063804217,0,-1.6849745330980739,-0.31438987038694205,0
-1.960400076082669,-0.3267093390256524,0,-1.654329840225027,-0.27557550585248114,0
-1.9899703705892082,-0.29023210870479754,0,-1.623643648441526,-0.2367180657916936,0
-2.0200696928754533,-0.25112004619751416,0,-1.593006883881828,-0.1979408375207905,0
-2.05085645814169,-0.21015835834602956,0,-1.562047742327355,-0.16001691586498898,0
-2.082704458582787,-0.1673842685107273,0,-1.530124103446566,-0.12292161373287704,0
-2.1129953610903858,-0.11786608312707525,0,-1.500907669817843,-0.08370390425982574,0
-2.1401891683505507,-0.06327270319337869,0,-1.475000000000001,-0.04359109009904634,0
-2.1654532802710857,2.766535711517316e-14,0,-1.45,5.202031282134911e-16,0
-2.1880967305927417,0.0698074197187332,0,-1.425353433383547,0.045487959753649394,0
-2.1561915062076236,0.13099358866236874,0,-1.452767847314377,0.088236412688017,0
-2.1229741124196644,0.1836259246680845,0,-1.481355706736923,0.12807480255857362,0
-2.087985922886674,0.23000270386808785,0,-1.512466978477769,0.16652104826119446,0
-2.053424336873073,0.27273657252212014,0,-1.543955010511662,0.20497932559438214,0
-2.020119698054892,0.31302288571121956,0,-1.574695950369547,0.24389021285287807,0
-1.9876763067246395,0.3502288920356874,0,-1.605378193961792,0.28273487876407355,0
-1.956235541830445,0.38467792081212326,0,-1.6360215703124699,0.3215565346357664,0
-1.9257592901085694,0.4165908111000291,0,-1.6666859882254128,0.3603517851551641,0
-1.8963571288711134,0.44610073099553105,0,-1.6973627068952497,0.3990923872639008,0
-1.8680128787599135,0.47346578767800457,0,-1.7280059641580738,0.437744034320573,0
-1.8574241740401223,0.52575681726775,0,-1.7095098021735289,0.48359113902482254,0
-1.8293150151574644,0.5497349291139297,0,-1.7396325597795008,0.5224478890434813,0
-1.8023906430586543,0.571196687557473,0,-1.7706329664453997,0.560842322224086,0
-1.7781236231956197,0.5908690006836305,0,-1.7989015125862058,0.5974646078210563,0
-1.7633302021164123,0.6386193402215752,0,-1.7795069687504588,0.6441707834095816,0
-1.7379421051788277,0.6551090216911754,0,-1.8109650460711089,0.6824658404162995,0
-1.722029842659306,0.703619190655189,0,-1.7850367805236529,0.7289465041660186,0
-1.703983281297582,0.7473270958331975,0,-1.7642356600390239,0.7730950325326001,0
-1.6837128135426729,0.7902567267775427,0,-1.7449471571492547,0.8181177421772898,0
-1.6596335866918006,0.8086778570617432,0,-1.7635396326281558,0.8579788665175604,0
-1.6350627683238086,0.8249309642898377,0,-1.7864486032744518,0.8992226575541575,0
-1.6143460830682514,0.8645270929108615,0,-1.7638425294879057,0.9427934721717728,0
-1.5927038573301233,0.9039435639497021,0,-1.7401739829686225,0.9857963831335155,0
-1.5698250990013485,0.9430462630847792,0,-1.7154572207127337,1.0282054871982267,0
-1.5460456327177134,0.9814031542656628,0,-1.6897071311446916,1.0699952387551896,0
-1.7583978721963751,-0.6128709605103982,0,-1.8167133472220511,-0.6330250176403862,0
-1.6644526873517536,0.8301661773540526,0,-1.7248551399105947,0.8591907170320683,0
-1.673668035229603,-0.7437439585947585,0,-1.8284195122836873,-0.8104826260323432,0
-1.6914683614234935,-0.7023080514280323,0,-1.8477590659076781,-0.7653668625933477,0
-1.7085702253018054,-0.6599996775311183,0,-1.8659855984427152,-0.7197900710654329,0
-1.724589158271831,-0.6161278749682598,0,-1.8830881310487313,-0.6737797048764502,0
-1.7395493025704256,-0.5727297646796556,0,-1.8990563617712553,-0.6273634790264127,0
-1.7531099418524254,-0.5301904789251466,0,-1.9138806719486832,-0.5805693529125169,0
-1.775544029520597,-0.5143859133329058,0,-1.8772248490305643,-0.5444373455470704,0
-1.8003523488383708,-0.49645642739386503,0,-1.8397788577111462,-0.5074931588058972,0
-1.825144094731372,-0.47392680881818666,0,-1.8074088000968143,-0.4692637411070643,0
-1.8338327516834185,-0.4249117022304613,0,-1.8261477166214717,-0.4232389998707698,0
-1.8580426094846318,-0.39801161286726366,0,-1.7953901169059578,-0.38455640201604546,0
-1.8830403532207474,-0.36907102636189965,0,-1.7647329237059197,-0.34583151637307735,0
-1.908703455674054,-0.33818171663442037,0,-1.734024750808938,-0.3071491288546043,0
-1.9351164867865707,-0.30499259661603895,0,-1.703280842206235,-0.2683865241758062,0
-1.9620751948340192,-0.2693351899422958,0,-1.672609166033991,-0.22952934363430808,0
-1.9896409124280963,-0.2310959751937143,0,-1.641841856176973,-0.19063761612563185,0
-2.0163998908187315,-0.19107845944139237,0,-1.612456496121592,-0.1527607351834995,0
-2.04463720973076,-0.15126329931728943,0,-1.580875938773581,-0.11693597332981821,0
-2.0713741993664407,-0.10714057063252601,0,-1.551929248871388,-0.08025003010758848,0
-2.0964621267265695,-0.058828316832252335,0,-1.525033915845612,-0.04278039884806066,0
-2.119109847482792,-1.625449212032245e-14,0,-1.5,5.381411671174046e-16,0
-2.140189168350604,0.0632727031933388,0,-1.475000000000001,0.04359109009904705,0
-2.1129953610903436,0.11786608312705972,0,-1.500907669817843,0.08370390425982646,0
-2.0827044585827736,0.16738426851071223,0,-1.530124103446566,0.12292161373287776,0
-2.0508564581417184,0.2101583583460005,0,-1.562047742327355,0.16001691586498976,0
-2.020069692875436,0.251120046197508,0,-1.593006883881828,0.19794083752079128,0
-1.9899703705892131,0.2902321087047669,0,-1.623643648441526,0.23671806579169438,0
-1.9604000760826448,0.32670933902563626,0,-1.654329840225027,0.2755755058524819,0
-1.9316438301478238,0.3605576806380104,0,-1.6849745330980739,0.3143898703869428,0
-1.903676604819621,0.39196630091546025,0,-1.7156666188987357,0.35311879154194203,0
-1.8766020593626178,0.4212630069794871,0,-1.7462913159846019,0.3918712067607607,0
-1.8504116203223806,0.4484923915494026,0,-1.7769062943872238,0.4305823660367475,0
-1.8408779654552996,0.499022701118319,0,-1.7584105664013518,0.4764555166442801,0
-1.8145680936779311,0.5226435801278263,0,-1.7891616994758608,0.5150815458796806,0
-1.789500611655919,0.544073762406271,0,-1.8203703530745619,0.5533480134903671,0
-1.7622584771756569,0.5680634149354651,0,-1.8538753727230888,0.5977645053610174,0
-1.7426432548238016,0.6102579965293943,0,-1.8523616892636547,0.6487764114902582,0
-1.7583978721963938,0.6128709605103898,0,-1.8167133472220507,0.6330250176403871,0
-1.7272775037387298,0.6421909192787516,0,-1.8490105069204628,0.6872964747462751,0
-1.7150314764976415,0.6809934448081713,0,-1.8263860521078548,0.7248027001288622,0
-1.6982910504846094,0.7254524371496324,0,-1.8031962761698497,0.7692677476283023,0
-1.6797086591181054,0.7664027759291677,0,-1.7848688434964368,0.8130398910836052,0
-1.6548357200769517,0.7847530606915576,0,-1.8079785871308687,0.8551101849915403,0
-1.7653051408886837,-0.48760854028503803,0,-1.9275521319937412,-0.533425513494042,0
-1.7876772099390166,-0.4695214621064713,0,-1.8912626241194852,-0.4973187530437544,0
-1.8102677582043067,-0.4488801532069152,0,-1.8578343459949778,-0.46089391745695996,0
-1.81896523542398,-0.40219280820064,0,-1.8742998673352527,-0.41470166107193396,0
-1.8407991908891463,-0.3762511839153706,0,-1.8442659484441617,-0.3770969024551541,0
-1.863763680250116,-0.34792154303547107,0,-1.8137163862411327,-0.3386296248089179,0
-1.88736777340896,-0.31751973450864246,0,-1.78301341303504,-0.29994876839628226,0
-1.9116168866762375,-0.2850118982721471,0,-1.752319126090208,-0.2612371586543673,0
-1.9362412077843267,-0.25014507137956976,0,-1.721615415768595,-0.22236316409567147,0
-1.9613549807234167,-0.2128031040775513,0,-1.690880312602587,-0.18344090596647297,0
-1.986620946430983,-0.17293015960952374,0,-1.660173515758221,-0.14448163607131986,0
-2.0097351748355234,-0.13342802687734004,0,-1.632613896752079,-0.1084200475035969,0
-2.0329603532600484,-0.09401231924522985,0,-1.604153462270685,-0.07418101540416612,0
-2.0567872051571734,-0.05246658688573738,0,-1.575047376331813,-0.04020811358870152,0
-2.077297872105475,-1.8377527035930607e-14,0,-1.55,5.560792060213181e-16,0
-2.0964621267266175,0.05882831683223551,0,-1.525033915845612,0.042780398848061396,0
-2.071374199366413,0.10714057063251521,0,-1.551929248871388,0.08025003010758923,0
-2.0446372097307646,0.15126329931724772,0,-1.580875938773581,0.11693597332981896,0
-2.0163998908187093,0.19107845944137897,0,-1.612456496121592,0.15276073518350028,0
-1.989640912428119,0.23109597519368164,0,-1.641841856176973,0.19063761612563268,0
-1.9620751948340023,0.26933518994227407,0,-1.672609166033991,0.2295293436343089,0
-1.935116486786572,0.3049925966160161,0,-1.703280842206235,0.268386524175807,0
-1.9087034556740459,0.3381817166343981,0,-1.734024750808938,0.3071491288546051,0
-1.8830403532207356,0.3690710263618842,0,-1.7647329237059197,0.34583151637307813,0
-1.8580426094846265,0.3980116128672449,0,-1.7953901169059578,0.38455640201604624,0
-1.8338327516834265,0.4249117022304324,0,-1.8261477166214717,0.4232389998707707,0
-1.8251440947314101,0.47392680881818094,0,-1.8074088000968138,0.4692637411070651,0
-1.80035234883838,0.4964564273938376,0,-1.8397788577111458,0.5074931588058981,0
-1.7755440295206133,0.5143859133328613,0,-1.8772248490305639,0.5444373455470712,0
-1.753109941852423,0.5301904789251245,0,-1.9138806719486827,0.5805693529125178,0
-1.739549302570505,0.5727297646795985,0,-1.8990563617712548,0.6273634790264135,0
-1.7245891582718933,0.6161278749681195,0,-1.8830881310487309,0.6737797048764511,0
-1.708570225301842,0.6599996775310739,0,-1.8659855984427147,0.7197900710654338,0
-1.6914683614235553,0.7023080514280138,0,-1.8477590659076777,0.7653668625933486,0
-1.6736680352296587,0.7437439585946772,0,-1.8284195122836868,0.8104826260323441,0
-1.7767494396765566,-0.4443525548910766,0,-1.9400625067070922,-0.4859603585369853,0
-1.79761761349429,-0.4257710613961061,0,-1.9051230532793937,-0.451702224421572,0
-1.806601728771115,-0.3801557353524514,0,-1.9191261706157208,-0.40419252233396546,0
-1.8259129804774066,-0.35783446294341315,0,-1.8891167372137847,-0.37042659224067187,0
-1.8458509553259823,-0.32839050056520336,0,-1.8625521986743319,-0.33150354534397897,0
-1.867469070664898,-0.29843866599249697,0,-1.831969037211615,-0.2927937358815304,0
-1.8897895134023537,-0.26645966371312785,0,-1.801318254152427,-0.25405144580519656,0
-1.912247171816298,-0.23246701880529863,0,-1.770629973889344,-0.21524160504089634,0
-1.9352471895224845,-0.19612145551597443,0,-1.739949481250468,-0.17634814674090957,0
-1.9582956285134294,-0.1573784139053036,0,-1.709250710305982,-0.1373372338098774,0
-1.9802046042910304,-0.11661368456325248,0,-1.680355808766392,-0.09900746682428734,0
-1.9989798706659767,-0.0786484236478682,0,-1.655127595563618,-0.06513943335730711,0
-2.020617854229383,-0.04414258407897534,0,-1.625483433280748,-0.035536740090305795,0
-2.0394801002141163,-2.3994680797694756e-14,0,-1.6,5.740172449252317e-16,0
-2.0567872051571983,0.052466586885705435,0,-1.575047376331813,0.040208113588702285,0
-2.0329603532600347,0.09401231924522517,0,-1.604153462270685,0.07418101540416687,0
-2.0097351748355323,0.133428026877312,0,-1.632613896752079,0.10842004750359768,0
-1.9866209464309539,0.17293015960950486,0,-1.660173515758221,0.1444816360713207,0
-1.961354980723429,0.2128031040775074,0,-1.690880312602587,0.1834409059664738,0
-1.9362412077843094,0.250145071379566,0,-1.721615415768595,0.2223631640956723,0
-1.9116168866762402,0.2850118982721069,0,-1.752319126090208,0.2612371586543681,0
-1.8873677734089418,0.31751973450862003,0,-1.78301341303504,0.29994876839628304,0
-1.8637636802501187,0.3479215430354419,0,-1.8137163862411327,0.3386296248089188,0
-1.8407991908891392,0.3762511839153498,0,-1.8442659484441617,0.377096902455155,0
-1.818965235423988,0.4021928082006183,0,-1.8742998673352527,0.41470166107193485,0
-1.8102677582043118,0.44888015320687946,0,-1.8578343459949778,0.46089391745696084,0
-1.787677209939055,0.4695214621064367,0,-1.8912626241194848,0.4973187530437553,0
-1.7653051408887142,0.4876085402850224,0,-1.9275521319937408,0.5334255134940429,0
-1.7870726203144478,-0.40089700263883427,0,-1.9514042603701418,-0.43820247900857145,0
-1.796361583551486,-0.35700575329514206,0,-1.9615705610388787,-0.3901806428638087,0
-1.8149355753243281,-0.3369469319554918,0,-1.9289534975949967,-0.3583793973543492,0
-1.8309949114488437,-0.3202417601094458,0,-1.9008681197929178,-0.3326135246391716,0
-1.84552344797095,-0.2816562234866431,0,-1.88826846745945,-0.2883204671027006,0
-1.8694220031847324,-0.24946577706960257,0,-1.850198399710129,-0.24693433357904837,0
-1.8901373696512251,-0.21616379198709762,0,-1.819599540244635,-0.20811832087116947,0
-1.9110891837956363,-0.18078935042966654,0,-1.788971872024586,-0.16927364070638126,0
-1.9314574978228753,-0.14273985646139886,0,-1.759366189386403,-0.13005416236622186,0
-1.95033393059742,-0.09494207904278347,0,-1.73334631228473,-0.08446628922661889,0
-1.9740388064096428,-0.06048645186396809,0,-1.696831495518713,-0.05198191531327493,0
-1.99272736940081,-0.0358909926957876,0,-1.668226589286781,-0.029988870108708703,0
-2.004780048758596,-2.3073340361111178e-14,0,-1.65,5.919552838291451e-16,0
-2.0206178542293394,0.04414258407897083,0,-1.625483433280748,0.035536740090306586,0
-1.998979870666013,0.07864842364782837,0,-1.655127595563618,0.06513943335730789,0
-1.9802046042910186,0.11661368456324829,0,-1.680355808766392,0.09900746682428814,0
-1.958295628513466,0.1573784139052631,0,-1.709250710305982,0.13733723380987822,0
-1.9352471895224543,0.19612145551597793,0,-1.739949481250468,0.1763481467409104,0
-1.9122471718163065,0.2324670188052727,0,-1.770629973889344,0.21524160504089723,0
-1.8897895134023628,0.26645966371311974,0,-1.801318254152427,0.25405144580519734,0
-1.8674690706648938,0.29843866599248553,0,-1.831969037211615,0.2927937358815313,0
-1.8458509553259737,0.32839050056519287,0,-1.8625521986743319,0.33150354534397986,0
-1.8259129804774255,0.3578344629434001,0,-1.8891167372137847,0.37042659224067276,0
-1.8066017287711127,0.38015573535243014,0,-1.9191261706157208,0.40419252233396635,0
-1.7976176134943012,0.42577106139608667,0,-1.9051230532793937,0.4517022244215729,0
-1.7767494396765786,0.44435255489106046,0,-1.9400625067070918,0.4859603585369862,0
-1.8045259297795977,-0.31282738225717055,0,-1.9705552849592298,-0.3419237764754685,0
-1.8242197064825745,-0.29333000356104016,0,-1.9324841119494487,-0.31093932557300935,0
-1.8306496993214516,-0.24911406022260632,0,-1.93992705931324,-0.26420265219891625,0
-1.8506024052914458,-0.2309214573292149,0,-1.899961703778075,-0.23713906610812105,0
-1.8703006572299086,-0.20023459447121789,0,-1.867293627296949,-0.20004092410567073,0
-1.8885583188379687,-0.16656086138657586,0,-1.837947665295526,-0.16214906758298558,0
-1.9077113293864103,-0.13080518235671013,0,-1.807416137733773,-0.12400935585313579,0
-1.9241572459795673,-0.09967861897387296,0,-1.780893597146618,-0.09225907196800827,0
-1.9292376765595076,-0.04991437913019876,0,-1.776569846480768,-0.045974476478002305,0
-1.9525205695298593,-0.0423412216132179,0,-1.73480509929066,-0.03764029347432384,0
-1.9731867083063668,9.969749633933128e-15,0,-1.7,6.098933227330585e-16,0
-1.9740388064096601,0.06048645186391697,0,-1.696831495518713,0.05198191531327575,0
-1.9503339305973724,0.09494207904276863,0,-1.73334631228473,0.08446628922661972,0
-1.9314574978228984,0.14273985646137263,0,-1.759366189386403,0.13005416236622275,0
-1.9110891837956305,0.18078935042964697,0,-1.788971872024586,0.16927364070638215,0
-1.8901373696511932,0.21616379198707278,0,-1.819599540244635,0.20811832087117035,0
-1.8694220031847408,0.24946577706958054,0,-1.850198399710129,0.24693433357904926,0
-1.8455234479709415,0.28165622348664493,0,-1.88826846745945,0.2883204671027015,0
-1.8309949114488298,0.32024176010942695,0,-1.9008681197929178,0.3326135246391725,0
-1.8149355753243392,0.33694693195547637,0,-1.9289534975949967,0.3583793973543501,0
-1.7963615835514946,0.35700575329513334,0,-1.9615705610388787,0.3901806428638096,0
-1.7870726203144653,0.40089700263879685,0,-1.9514042603701418,0.43820247900857234,0
-1.9927273694007257,0.03589099269576728,0,-1.668226589286781,0.0299888701087095,0
-1.8116760977966528,-0.2685922753731311,0,-1.978353020057941,-0.29346094804526474,0
-1.8177431284443824,-0.22409355308306544,0,-1.984959069281583,-0.244821349716056,0
-1.8357916034164863,-0.20457824662540722,0,-1.946686137654028,-0.21696083777936154,0
-1.8533505307198448,-0.18083579502110297,0,-1.912482003698244,-0.18668005450213204,0
-1.86860015091896,-0.1531502718408271,0,-1.885264390806146,-0.15455984204448703,0
-1.8852234746824938,-0.1200884428361948,0,-1.856638257864214,-0.11832672542766717,0
-1.9018051943393686,-0.07983460566457762,0,-1.827769499847418,-0.07679107591606253,0
-1.904798657319003,-0.034623889506025476,0,-1.825867869265637,-0.03321336451665718,0
-1.9182054072243244,-5.087044179897357e-15,0,-1.8,6.457694005408856e-16,0
-1.944481734934938,-2.139144634735551e-14,0,-1.75,6.278313616369721e-16,0
-1.9292376765594965,0.04991437913020053,0,-1.776569846480768,0.045974476478003165,0
-1.9241572459795828,0.09967861897383666,0,-1.780893597146618,0.09225907196800913,0
-1.9077113293863754,0.13080518235670485,0,-1.807416137733773,0.12400935585313665,0
-1.8885583188380057,0.1665608613865526,0,-1.837947665295526,0.16214906758298647,0
-1.8703006572298995,0.20023459447121525,0,-1.867293627296949,0.20004092410567167,0
-1.8506024052914287,0.2309214573291964,0,-1.899961703778075,0.237139066108122,0
-1.8306496993214105,0.24911406022260904,0,-1.93992705931324,0.26420265219891714,0
-1.824219706482603,0.2933300035610405,0,-1.9324841119494487,0.31093932557301024,0
-1.804525929779605,0.3128273822571583,0,-1.9705552849592298,0.3419237764754694,0
-1.9525205695298848,0.04234122161318929,0,-1.73480509929066,0.037640293474324675,0
-1.8226441811577827,-0.17945036241899437,0,-1.990369453394393,-0.19603428015147462,0
-1.8395492354192609,-0.15903757558365822,0,-1.953263734074862,-0.16883687731132185,0
-1.8545405384228488,-0.1402109328064864,0,-1.921862200463924,-0.14534510318732005,0
-1.8648395301781757,-0.11010285439100681,0,-1.904005333333834,-0.11251150993909537,0
-1.8786215343443622,-0.08554646287805304,0,-1.876816303509594,-0.08555817925492668,0
-1.8816506959750623,-0.043416273703416594,0,-1.874999999999999,-0.043301270189221544,0
-1.8937895223300776,1.3893608454311286e-14,0,-1.85,6.637074394447991e-16,0
-1.9047986573189792,0.03462388950601624,0,-1.825867869265637,0.033213364516658066,0
-1.9018051943393899,0.0798346056645567,0,-1.827769499847418,0.07679107591606339,0
-1.8852234746824774,0.12008844283618456,0,-1.856638257864214,0.11832672542766806,0
-1.8686001509189587,0.15315027184081367,0,-1.885264390806146,0.15455984204448797,0
-1.853350530719853,0.18083579502108216,0,-1.912482003698244,0.18668005450213299,0
-1.8357916034164854,0.20457824662542626,0,-1.946686137654028,0.21696083777936248,0
-1.8177431284443757,0.224093553083115,0,-1.984959069281583,0.244821349716057,0
-1.8116760977966724,0.26859227537309216,0,-1.978353020057941,0.2934609480452656,0
-1.8265498724551126,-0.13485899236048818,0,-1.994580913381552,-0.14712912687165122,0
-1.8450976585212737,-0.11120984188167891,0,-1.95160644545222,-0.11758838505231428,0
-1.8616377166872276,-0.07504880202145395,0,-1.918232721701175,-0.07732185336542999,0
-1.8588988630102612,-0.03625174579057964,0,-1.928261180649688,-0.03755398591533518,0
-1.871613962616124,-1.468675625638184e-14,0,-1.9,6.816454783487124e-16,0
-1.8816506959750956,0.04341627370341019,0,-1.874999999999999,0.043301270189222446,0
-1.87862153434434,0.08554646287805584,0,-1.876816303509594,0.08555817925492756,0
-1.86483953017821,0.11010285439100742,0,-1.904005333333834,0.11251150993909628,0
-1.8545405384228448,0.1402109328064913,0,-1.921862200463924,0.145345103187321,0
-1.8395492354192553,0.1590375755836618,0,-1.953263734074862,0.1688368773113228,0
-1.8226441811577794,0.17945036241903112,0,-1.990369453394393,0.19603428015147562,0
-1.8292497055912325,-0.09035359130984817,0,-1.9975909124211,-0.09813534843591842,0
-1.84537434217218,-0.0660077904416673,0,-1.959677407606051,-0.07007625196366446,0
-1.8450477650280024,-0.03279323908614472,0,-1.964221249789569,-0.03508607853653895,0
-1.8504396820637936,1.1283919437585942e-14,0,-1.95,6.99583517252626e-16,0
-1.8588988630102532,0.03625174579060535,0,-1.928261180649688,0.03755398591533611,0
-1.8616377166872267,0.07504880202147192,0,-1.918232721701175,0.0773218533654309,0
-1.8450976585212933,0.11120984188167274,0,-1.95160644545222,0.1175883850523152,0
-1.8265498724551135,0.1348589923605361,0,-1.994580913381552,0.14712912687165222,0
-1.8307115546401003,-0.04512016464961966,0,-1.99939763739569,-0.04908245691215015,0
-1.8315766449740314,2.297605234772792e-14,0,-2.0,7.175215561565395e-16,0
-1.845047765027993,0.03279323908616372,0,-1.964221249789569,0.035086078536539896,0
-1.845374342172199,0.06600779044166116,0,-1.959677407606051,0.0700762519636654,0
-1.829249705591234,0.09035359130987654,0,-1.9975909124211,0.09813534843591937,0
-1.8307115546401491,0.04512016464959655,0,-1.99939763739569,0.04908245691215112,0
