"f:0","f:1","f:2",":0",":1",":2"
0.029485302266426372,0.008132247236851497,0,1.99939763739569,-0.049082456912151365,0
0.013705059264424675,-0.0007294503179589342,0,1.9975909124211,-0.09813534843591962,0
-0.00911288704708333,0.00569870606798488,0,1.959677407606051,-0.07007625196366564,0
-0.0018132570952647835,0.0027354900092950644,0,1.964221249789569,-0.03508607853654013,0
0.011870672268628079,3.840025601423736e-13,0,2.0,0.0,0
0.011499211732685179,0.001885411379290064,0,1.994580913381552,-0.14712912687165244,0
-0.004320963139971102,0.006056111887895775,0,1.95160644545222,-0.11758838505231545,0
0.0027669780362557456,0.006362384893848819,0,1.918232721701175,-0.07732185336543115,0
0.00676633586455338,-0.008133234052804696,0,1.928261180649688,-0.037553985915336346,0
-0.004215528461379629,-1.883873499928294e-13,0,1.95,0.0,0
-0.0018132570930535217,-0.0027354900079215334,0,1.964221249789569,0.03508607853653919,0
0.029485302265461564,-0.008132247237645164,0,1.99939763739569,0.04908245691215041,0
0.009748953954084176,-0.002220732634949526,0,1.990369453394393,-0.19603428015147584,0
-0.010072898169572618,-0.0008012890780842965,0,1.953263734074862,-0.16883687731132305,0
-0.000416283270348646,-0.0002179839036660667,0,1.921862200463924,-0.1453451031873212,0
-0.0023526982231784673,0.0010850991541012228,0,1.904005333333834,-0.11251150993909652,0
0.0039053429967396574,-0.003386645256615617,0,1.876816303509594,-0.0855581792549278,0
-0.006304263018200012,-3.950863716226132e-05,0,1.874999999999999,-0.043301270189222675,0
-0.001216419675823873,-1.5557665794e-13,0,1.9,0.0,0
0.006766335864697634,0.008133234052944164,0,1.928261180649688,0.03755398591533542,0
-0.0091128870473352,-0.005698706067588248,0,1.959677407606051,0.0700762519636647,0
0.01370505926391175,0.0007294503161745944,0,1.9975909124211,0.09813534843591865,0
0.010201386350711517,0.0010591057757070234,0,1.984959069281583,-0.24482134971605723,0
-0.004329404841900155,-0.001446630964296174,0,1.946686137654028,-0.21696083777936273,0
-0.0017529774876175175,0.0028102815366025297,0,1.912482003698244,-0.18668005450213318,0
0.0014511420920327533,-0.0007996741784670543,0,1.885264390806146,-0.1545598420444882,0
-0.006114624186235626,0.0013189917797108112,0,1.856638257864214,-0.11832672542766831,0
0.00011640257214929647,0.005987567266632513,0,1.827769499847418,-0.07679107591606363,0
0.004924834927536087,-0.0007761431525558678,0,1.825867869265637,-0.03321336451665829,0
0.00771775205617755,-9.113688813591415e-14,0,1.85,0.0,0
-0.0063042630183178,3.950863730021279e-05,0,1.874999999999999,0.04330127018922177,0
0.0027669780368844927,-0.006362384893584625,0,1.918232721701175,0.07732185336543021,0
-0.0043209631401253884,-0.006056111888212495,0,1.95160644545222,0.1175883850523145,0
0.011499211733771502,-0.0018854113788961964,0,1.994580913381552,0.1471291268716515,0
0.009918046655663114,0.0011751681775767125,0,1.978353020057941,-0.2934609480452659,0
-0.005308571202584339,-0.0022422497038753052,0,1.93992705931324,-0.2642026521989174,0
-0.0008481627362947649,0.0023637250221908352,0,1.899961703778075,-0.2371390661081222,0
-0.002860396708427619,-0.0006521772396649205,0,1.867293627296949,-0.2000409241056719,0
-0.0011436424417043934,0.0021943545587572335,0,1.837947665295526,-0.1621490675829867,0
0.0033646177743940505,-0.0036450200304637788,0,1.807416137733773,-0.12400935585313688,0
0.00017960763094615367,0.002637072631132361,0,1.780893597146618,-0.09225907196800935,0
-0.005494537977666663,-0.006849754965275912,0,1.776569846480768,-0.04597447647800337,0
-0.012029832469319652,-7.562534824919704e-13,0,1.8,0.0,0
0.004924834928122982,0.0007761431529306176,0,1.825867869265637,0.03321336451665741,0
0.000116402571690646,-0.0059875672669242415,0,1.827769499847418,0.07679107591606274,0
0.003905342996841611,0.0033866452561765463,0,1.876816303509594,0.08555817925492688,0
-0.0023526982224564906,-0.001085099153759271,0,1.904005333333834,0.1125115099390956,0
-0.0004162832708809915,0.00021798390301867255,0,1.921862200463924,0.1453451031873203,0
-0.01007289816978948,0.0008012890783992428,0,1.953263734074862,0.1688368773113221,0
0.009748953954223764,0.002220732634812454,0,1.990369453394393,0.1960342801514749,0
0.013558705929030742,-0.003036251870572393,0,1.97055528495923,-0.3419237764754697,0
-0.0029780465689659514,0.0009958966903430798,0,1.932484111949449,-0.31093932557301057,0
-0.0009500834945212319,-0.00011645264612768062,0,1.88826846745945,-0.2883204671027018,0
-0.002096027017105019,-0.001516537374069412,0,1.850198399710129,-0.24693433357904948,0
-0.0005122694567480243,-0.0009589887308705377,0,1.819599540244635,-0.20811832087117052,0
-0.0017091019881284714,0.0007719405578300339,0,1.788971872024586,-0.16927364070638234,0
-0.006266252222981294,-0.0018599898702162927,0,1.759366189386403,-0.13005416236622294,0
0.004324525525405038,0.005374980494226468,0,1.73334631228473,-0.08446628922661993,0
-0.006017664708993026,0.007087761990994372,0,1.73480509929066,-0.03764029347432488,0
0.016354795184519644,4.550977003236065e-13,0,1.75,0.0,0
-0.0054945379777154605,0.006849754965711262,0,1.776569846480768,0.04597447647800253,0
0.00017960763140737043,-0.002637072630652285,0,1.780893597146618,0.09225907196800849,0
0.0033646177744211534,0.0036450200293396506,0,1.807416137733773,0.124009355853136,0
-0.006114624185931517,-0.0013189917792432624,0,1.856638257864214,0.1183267254276674,0
0.0014511420924482432,0.0007996741779617828,0,1.885264390806146,0.1545598420444873,0
-0.0017529774867302956,-0.0028102815370841094,0,1.912482003698244,0.1866800545021323,0
-0.0043294048413223185,0.0014466309644990362,0,1.946686137654028,0.2169608377793618,0
0.010201386350107578,-0.0010591057761880223,0,1.984959069281583,0.2448213497160563,0
-0.007023833139459598,-0.002053438284319668,0,1.928953497594997,-0.3583793973543504,0
0.012325893715264312,-0.0023878042703023824,0,1.961570561038879,-0.3901806428638099,0
-0.00661031942493737,-0.0010434878536126238,0,1.900868119792918,-0.3326135246391728,0
0.002823311958180816,-0.0008857059401759643,0,1.862552198674332,-0.3315035453439801,0
-0.00465147754627922,3.9186059977299474e-05,0,1.831969037211615,-0.2927937358815315,0
0.0003306851798894758,0.0012053332889189843,0,1.801318254152427,-0.25405144580519756,0
-0.0014405508354270445,-0.0006624852650084765,0,1.770629973889344,-0.21524160504089743,0
0.0003607512178195137,0.0016360283941955866,0,1.739949481250468,-0.17634814674091062,0
0.0014421526186218954,-0.003367353937549246,0,1.709250710305982,-0.1373372338098784,0
-0.003681231234372758,0.0031655318919315803,0,1.680355808766392,-0.09900746682428835,0
-0.00238684409556342,-0.01345344598531695,0,1.696831495518713,-0.05198191531327596,0
-0.001957433116591659,8.05151202477801e-13,0,1.7,0.0,0
-0.006017664709766126,-0.0070877619923909825,0,1.73480509929066,0.03764029347432405,0
0.0043245255255167595,-0.005374980494073052,0,1.73334631228473,0.0844662892266191,0
-0.00626625222360194,0.0018599898694242661,0,1.759366189386403,0.1300541623662221,0
-0.0017091019875684224,-0.000771940557153904,0,1.788971872024586,0.1692736407063815,0
-0.0011436424414664622,-0.002194354557862146,0,1.837947665295526,0.1621490675829858,0
-0.002860396709220611,0.0006521772386309419,0,1.867293627296949,0.200040924105671,0
-0.0008481627356627795,-0.002363725021869574,0,1.899961703778075,0.2371390661081213,0
-0.005308571202043495,0.0022422497028415814,0,1.93992705931324,0.2642026521989164,0
0.009918046656719314,-0.0011751681785687818,0,1.978353020057941,0.2934609480452649,0
-0.006628797659195871,0.0019723932675465828,0,1.919126170615721,-0.4041925223339667,0
0.006193825810410243,-0.0028994364962187068,0,1.951404260370142,-0.4382024790085726,0
-0.0022501844970911,0.0013289277665187755,0,1.889116737213785,-0.3704265922406731,0
-0.0019299205674462392,-0.0011466657668309024,0,1.844265948444162,-0.3770969024551552,0
-0.0023392937832369828,-0.001017119148925981,0,1.813716386241133,-0.338629624808919,0
-0.0006401972370236201,-0.00039153102162182784,0,1.78301341303504,-0.29994876839628326,0
-0.0013813884783712637,-0.0012513818650656807,0,1.752319126090208,-0.26123715865436836,0
-0.0013019386911039517,-0.0002559337071787396,0,1.721615415768595,-0.22236316409567253,0
-0.0011071297666161556,0.0009302632198519653,0,1.690880312602587,-0.18344090596647397,0
-0.001375628871233986,-0.00020790762584198917,0,1.660173515758221,-0.1444816360713209,0
0.0022931593984707637,-0.002747226417386962,0,1.632613896752079,-0.1084200475035979,0
-2.4689621738931816e-05,0.004393778288892145,0,1.655127595563618,-0.0651394333573081,0
0.005453842451814337,0.003514794954464969,0,1.668226589286781,-0.029988870108709705,0
-0.012232764181423893,-6.456354703458588e-13,0,1.65,0.0,0
0.005453842453478623,-0.0035147949540074424,0,1.668226589286781,0.0299888701087089,0
-0.002386844095336078,0.013453445984258237,0,1.696831495518713,0.05198191531327514,0
-0.003681231234865984,-0.003165531892729778,0,1.680355808766392,0.09900746682428754,0
0.0014421526192781203,0.003367353938095136,0,1.709250710305982,0.1373372338098776,0
0.00036075121741942294,-0.0016360283947548316,0,1.739949481250468,0.1763481467409098,0
-0.001440550835393759,0.0006624852653149352,0,1.770629973889344,0.2152416050408966,0
-0.000512269456571771,0.0009589887299399299,0,1.819599540244635,0.2081183208711697,0
-0.002096027017039232,0.0015165373744076213,0,1.850198399710129,0.2469343335790486,0
-0.0009500834949751457,0.00011645264569966568,0,1.88826846745945,0.2883204671027008,0
-0.002978046568989304,-0.000995896690607538,0,1.932484111949449,0.3109393255730096,0
0.013558705929119787,0.0030362518705617045,0,1.97055528495923,0.3419237764754687,0
-0.006767511028091115,0.00010945134649417372,0,1.905123053279394,-0.4517022244215732,0
-0.0011161904451607524,-0.0015311679670622436,0,1.874299867335253,-0.41470166107193507,0
-0.003653537668110649,-0.0010405705477314767,0,1.826147716621472,-0.4232389998707709,0
-0.0011022954675279552,-0.0014391552079502023,0,1.795390116905958,-0.38455640201604646,0
-0.0016048301103516883,-0.0011520534394488004,0,1.76473292370592,-0.3458315163730784,0
-0.0008291209687132863,0.00012492365140599174,0,1.734024750808938,-0.3071491288546054,0
-0.0006018254481023346,-0.00040211525894523996,0,1.703280842206235,-0.2683865241758073,0
-0.00022890819331221256,-1.3829712623966687e-05,0,1.672609166033991,-0.22952934363430907,0
-0.0003929508136520949,-0.001996053376782917,0,1.641841856176973,-0.19063761612563287,0
-0.0012231077767140596,0.002210517540386084,0,1.612456496121592,-0.15276073518350047,0
-1.3390788933806073e-05,-0.0015305433663912505,0,1.580875938773581,-0.11693597332981917,0
-0.0033370843965580626,0.0008862661908765869,0,1.604153462270685,-0.07418101540416708,0
0.0031015108671617895,-0.0013885416973961231,0,1.625483433280748,-0.03553674009030678,0
0.001266164016740845,1.4768327986461003e-13,0,1.6,0.0,0
0.003101510865950378,0.0013885416969620936,0,1.625483433280748,0.035536740090306,0
-2.4689620845890547e-05,-0.004393778288346383,0,1.655127595563618,0.06513943335730729,0
0.0022931593977978306,0.002747226417395642,0,1.632613896752079,0.1084200475035971,0
-0.0013756288713512338,0.0002079076265448437,0,1.660173515758221,0.1444816360713201,0
-0.0011071297672338215,-0.0009302632204869773,0,1.690880312602587,0.1834409059664732,0
-0.0013019386903445104,0.0002559337075244169,0,1.721615415768595,0.2223631640956717,0
-0.001381388478188762,0.0012513818643621736,0,1.752319126090208,0.2612371586543675,0
0.00033068517940757066,-0.0012053332891484125,0,1.801318254152427,0.2540514458051967,0
-0.004651477545746459,-3.9186059756380664e-05,0,1.831969037211615,0.2927937358815306,0
0.0028233119580893815,0.0008857059390817704,0,1.862552198674332,0.3315035453439792,0
-0.006610319425224415,0.0010434878535279003,0,1.900868119792918,0.3326135246391718,0
-0.007023833139407077,0.0020534382847131358,0,1.928953497594997,0.3583793973543494,0
0.012325893714592553,0.00238780426949289,0,1.961570561038879,0.3901806428638089,0
0.00595279916017336,-0.003718193698252539,0,1.9400625067070916,-0.4859603585369865,0
-0.0018366935924283823,-0.0024358662692415146,0,1.857834345994978,-0.46089391745696107,0
-0.009109524366589884,-0.0010801755344494797,0,1.8912626241194845,-0.4973187530437556,0
0.009838391427533733,-0.005906850015613595,0,1.9275521319937405,-0.5334255134940431,0
-0.0005384967968204963,-0.0024086587000686707,0,1.776906294387224,-0.43058236603674777,0
-0.002295259785453704,-0.0016851340794781344,0,1.8074088000968136,-0.4692637411070653,0
-0.0009891444463772747,-0.0006842947132780292,0,1.746291315984602,-0.391871206760761,0
-0.0005878903719162517,-0.0010027381145041882,0,1.715666618898736,-0.3531187915419423,0
-0.0007453895979142025,-0.0007587318153538625,0,1.684974533098074,-0.3143898703869431,0
-0.0007961014048653282,-0.0004388166726683091,0,1.654329840225027,-0.2755755058524822,0
-0.0006312826585435474,0.0002774976082940375,0,1.623643648441526,-0.23671806579169458,0
-0.0002100997013027466,-0.0002982537433307172,0,1.593006883881828,-0.19794083752079142,0
-0.0005931680687129927,0.00039391879848283697,0,1.562047742327355,-0.16001691586498992,0
-0.0005201125711213549,-0.0015482524941296716,0,1.530124103446566,-0.12292161373287795,0
0.0004789456457320073,0.001967466548025524,0,1.551929248871388,-0.08025003010758942,0
-0.001480139639895802,-0.0005047126378673061,0,1.575047376331813,-0.04020811358870247,0
-0.0006339813135385502,5.261273051007655e-13,0,1.55,0.0,0
-0.0014801396401637565,0.0005047126370821718,0,1.575047376331813,0.04020811358870172,0
-0.0033370843962799704,-0.0008862661907480571,0,1.604153462270685,0.0741810154041663,0
-1.3390787631134134e-05,0.001530543366879268,0,1.580875938773581,0.1169359733298184,0
-0.0012231077767253606,-0.002210517541248638,0,1.612456496121592,0.1527607351834997,0
-0.0003929508126343196,0.0019960533768856306,0,1.641841856176973,0.1906376161256321,0
-0.00022890819434867008,1.3829711942643129e-05,0,1.672609166033991,0.2295293436343083,0
-0.0006018254477917277,0.00040211525861044787,0,1.703280842206235,0.2683865241758064,0
-0.000829120968635898,-0.00012492365139051,0,1.734024750808938,0.3071491288546045,0
-0.0006401972369140524,0.00039153102159943706,0,1.78301341303504,0.2999487683962824,0
-0.0023392937835278065,0.0010171191481121006,0,1.813716386241133,0.3386296248089181,0
-0.0019299205674683224,0.0011466657671571933,0,1.844265948444162,0.3770969024551543,0
-0.002250184496364795,-0.0013289277665945907,0,1.889116737213785,0.3704265922406721,0
-0.006628797659106644,-0.0019723932686371,0,1.919126170615721,0.4041925223339657,0
0.006193825811235133,0.0028994364947377213,0,1.951404260370142,0.4382024790085716,0
-0.0031897130771227507,-0.006535761717533986,0,1.8397788577111456,-0.5074931588058983,0
-0.012066561305243924,-0.0019600261004287744,0,1.8772248490305636,-0.5444373455470715,0
0.003763549446908138,-0.023023806221012567,0,1.9138806719486825,-0.580569352912518,0
-0.0007132429288265157,-0.001904771859348815,0,1.728005964158074,-0.4377440343205733,0
-0.000587178262960466,-0.0010097166923351375,0,1.69736270689525,-0.39909238726390106,0
-0.0005225740895193938,-0.0007059841170923708,0,1.666685988225413,-0.36035178515516436,0
-0.00015721888309593623,-0.00024463393020410175,0,1.63602157031247,-0.32155653463576656,0
-0.0003648741576867075,-0.0004727425757504507,0,1.605378193961792,-0.28273487876407377,0
-0.00039622909204898893,-0.0003963877700998146,0,1.574695950369547,-0.24389021285287824,0
-0.00013265815891472861,-0.0002464848960010775,0,1.543955010511662,-0.2049793255943823,0
-0.00033860553804852784,0.001737524276899654,0,1.512466978477769,-0.16652104826119463,0
-0.001079361460843917,-0.002365563237590918,0,1.481355706736923,-0.1280748025585738,0
-0.0004224193357622474,0.0022016663040153235,0,1.500907669817843,-0.08370390425982664,0
0.00010726072835150251,-0.0026282016865357247,0,1.525033915845612,-0.042780398848061583,0
-0.00035035711625850774,-3.984691361354647e-13,0,1.5,0.0,0
0.0001072607286290978,0.002628201686761407,0,1.525033915845612,0.04278039884806085,0
0.000478945644889947,-0.0019674665486636954,0,1.551929248871388,0.08025003010758867,0
-0.0005201125718592629,0.0015482524940635212,0,1.530124103446566,0.1229216137328772,0
-0.0005931680688481536,-0.0003939187985840671,0,1.562047742327355,0.1600169158649892,0
-0.0002100997014444748,0.0002982537432776545,0,1.593006883881828,0.1979408375207907,0
-0.0006312826581228912,-0.00027749760882615483,0,1.623643648441526,0.2367180657916938,0
-0.0007961014044967555,0.0004388166725178101,0,1.654329840225027,0.2755755058524813,0
-0.0007453895980422182,0.0007587318157058047,0,1.684974533098074,0.3143898703869422,0
-0.0005878903726721007,0.0010027381143195983,0,1.715666618898736,0.3531187915419414,0
-0.001604830109981675,0.0011520534388519842,0,1.76473292370592,0.3458315163730775,0
-0.0011022954673505399,0.00143915520768285,0,1.795390116905958,0.3845564020160456,0
-0.0036535376678658036,0.001040570547612036,0,1.826147716621472,0.42323899987077,0
-0.00111619044551841,0.0015311679665460636,0,1.874299867335253,0.4147016610719342,0
-0.00676751102850308,-0.00010945134761047967,0,1.905123053279394,0.4517022244215722,0
0.005952799160936232,0.0037181936985026666,0,1.940062506707092,0.4859603585369855,0
-0.0006653779132712347,-0.0017565528390323475,0,1.7584105664013516,-0.4764555166442804,0
-0.0006724597003751908,-0.0041985899655556614,0,1.7891616994758606,-0.5150815458796808,0
0.0020354152724099636,-0.006474638198927203,0,1.8203703530745616,-0.5533480134903673,0
-0.006755703916368943,-0.015146320525808417,0,1.8538753727230886,-0.5977645053610177,0
0.02030940256776998,-0.022413120996371765,0,1.8990563617712546,-0.6273634790264138,0
-9.507015130525924e-05,-0.0011543942338525484,0,1.679017387721106,-0.4449460747533214,0
0.000214420629801136,-0.0018096664165979733,0,1.7095098021735287,-0.4835911390248228,0
-9.690553180711065e-05,-0.0029472071010981566,0,1.7396325597795006,-0.5224478890434815,0
0.00185694768080207,-0.004163242012770106,0,1.7706329664453995,-0.5608423222240863,0
-2.6831023465146287e-05,-0.0008397142115707535,0,1.648397926844745,-0.4062712388417784,0
-0.0002960954407741827,-0.0005017446866981672,0,1.617735207774856,-0.3675237148795787,0
-0.0003088154785561517,-0.0005775718931741583,0,1.587062106724503,-0.328715738186044,0
-0.0001810091062890521,0.00021773432262323265,0,1.556388000216721,-0.2898760288020516,0
-0.00035216576620290585,-0.0001816556618860274,0,1.525720328618073,-0.25097423121321116,0
-0.00027081104647881703,-0.0009432111756829065,0,1.494999702672999,-0.21201022851363793,0
-0.0009488430330487368,0.00024244014542987175,0,1.464162576520311,-0.17304630377563365,0
0.0045085614524981365,0.002072621938657117,0,1.432372386813668,-0.13396850374291078,0
-0.00026108438386384465,-0.0015780408507209385,0,1.452767847314377,-0.0882364126880172,0
-0.0001623243300531933,0.0012759745426908543,0,1.475000000000001,-0.04359109009904723,0
-0.0001711619817283682,-3.566497537392893e-13,0,1.45,0.0,0
-0.00016232432957561513,-0.001275974541803875,0,1.475000000000001,0.04359109009904652,0
-0.00042241933623994127,-0.0022016663041234384,0,1.500907669817843,0.08370390425982592,0
-0.001079361461144738,0.0023655632362118203,0,1.481355706736923,0.1280748025585731,0
-0.00033860553705885904,-0.0017375242768019156,0,1.512466978477769,0.1665210482611939,0
-0.00013265815950941286,0.0002464848963473921,0,1.543955010511662,0.2049793255943816,0
-0.0003962290924744688,0.00039638777025922516,0,1.574695950369547,0.2438902128528775,0
-0.0003648741584905123,0.00047274257594538097,0,1.605378193961792,0.282734878764073,0
-0.00015721888280585631,0.0002446339301959629,0,1.63602157031247,0.3215565346357658,0
-0.0005225740894010348,0.0007059841171158414,0,1.666685988225413,0.3603517851551635,0
-0.00058717826317959,0.0010097166919567206,0,1.69736270689525,0.3990923872639002,0
-0.0009891444467196352,0.0006842947130083942,0,1.746291315984602,0.3918712067607601,0
-0.0005384967966672937,0.0024086587002237914,0,1.776906294387224,0.4305823660367469,0
-0.00229525978525582,0.0016851340793259683,0,1.807408800096814,0.4692637411070644,0
-0.00183669359345576,0.0024358662684064304,0,1.857834345994978,0.4608939174569602,0
-0.009109524367223794,0.0010801755344955592,0,1.891262624119485,0.4973187530437546,0
0.009838391427344698,0.0059068500161356206,0,1.927552131993741,0.5334255134940422,0
-0.0007197047676623116,-0.004366200044993001,0,1.7989015125862056,-0.5974646078210565,0
0.02007197230966601,-0.007675705246706831,0,1.8167133472220505,-0.6330250176403873,0
-0.004166032471392517,-0.01812304407692691,0,1.8523616892636545,-0.6487764114902584,0
0.03315344245342208,-0.03137185606562986,0,1.8830881310487306,-0.6737797048764513,0
0.0003572920876749465,-0.001477003199376265,0,1.6605567674059456,-0.4908311031934584,0
0.0011511111535764198,-0.0013892098963272372,0,1.6908200676636036,-0.529615259914801,0
0.000930708066827076,-0.0033363823632097103,0,1.7210843748206885,-0.568350118475625,0
0.004514312007965007,-0.003150833548986577,0,1.7517347302678306,-0.6062648719815895,0
0.00022161411477195975,-0.0006519410362203556,0,1.630081620742793,-0.45217759817854997,0
5.5532203875956674e-05,-0.0007054734266690703,0,1.599475958664353,-0.41347441649637656,0
1.5899911407240566e-05,-0.00013831550366579673,0,1.568780685456473,-0.37469443759129956,0
-2.24390170394771e-05,-0.00035416430353046673,0,1.538095442412545,-0.33587027743281567,0
-8.596473558986504e-05,-0.00015953322590229593,0,1.507402150851457,-0.297022355214984,0
-9.863434268252779e-05,-0.00015180592975753398,0,1.476666100659508,-0.2581411923806995,0
0.0002109321388649003,0.0014595212292860353,0,1.445862726266407,-0.21922941831972118,0
-0.002108293922801823,-0.002391080643441861,0,1.415042858290683,-0.18030853711686357,0
-0.003751877528443117,-0.0016509067370160473,0,1.383272033175373,-0.13912838018174756,0
-0.005305203963011603,0.003586598988137887,0,1.402605880785698,-0.09334945314651746,0
-0.0002552873961338306,-0.0025421510547376774,0,1.425353433383547,-0.04548795975364956,0
0.001646176777761226,1.3427873820368613e-13,0,1.4,0.0,0
-0.0002552873965247218,0.002542151054461588,0,1.425353433383547,0.04548795975364888,0
-0.0002610843826323553,0.0015780408509836722,0,1.452767847314377,0.08823641268801648,0
0.00450856145307806,-0.002072621938276646,0,1.432372386813668,0.1339685037429101,0
-0.0009488430342657242,-0.00024244014557625482,0,1.464162576520311,0.173046303775633,0
-0.0002708110454670346,0.0009432111758238333,0,1.494999702672999,0.2120102285136372,0
-0.00035216576652899337,0.0001816556615339387,0,1.525720328618073,0.2509742312132104,0
-0.00018100910573327095,-0.00021773432281092927,0,1.556388000216721,0.2898760288020508,0
-0.0003088154790928508,0.0005775718928498344,0,1.587062106724503,0.3287157381860432,0
-0.0002960954411086819,0.0005017446869653816,0,1.617735207774856,0.3675237148795779,0
-2.68310231785771e-05,0.0008397142109428282,0,1.648397926844745,0.4062712388417776,0
-9.507015078861336e-05,0.0011543942336081797,0,1.679017387721106,0.4449460747533205,0
-0.0007132429296206499,0.0019047718596388772,0,1.728005964158074,0.4377440343205724,0
-0.0006653779132410786,0.0017565528389406355,0,1.758410566401352,0.4764555166442795,0
-0.0006724597005910728,0.004198589965134148,0,1.789161699475861,0.5150815458796799,0
-0.003189713077907129,0.006535761717169466,0,1.839778857711146,0.5074931588058974,0
-0.01206656130523335,0.0019600261007241995,0,1.877224849030564,0.5444373455470706,0
0.00376354944661398,0.023023806220803397,0,1.913880671948683,0.5805693529125171,0
0.0014187060979777633,-0.008767299857500292,0,1.7795069687504586,-0.6441707834095818,0
0.0055466578506448705,-0.0013939518190662743,0,1.7335608421173556,-0.6525261225288076,0
0.00283478226025556,-0.0012859070699563085,0,1.7030452731148467,-0.6139661343585039,0
0.001951565499344341,-0.0013614536126057395,0,1.6724067251201475,-0.5754924991335443,0
0.0010263546247928277,-0.0012054827697734493,0,1.6420506417088336,-0.536773129219067,0
0.0007157875105788603,-0.0005836339682444104,0,1.6116046261293135,-0.49808885295392935,0
0.00031519187748635174,-0.0005597999022183814,0,1.581155651996858,-0.459354074681746,0
0.00021444665602260064,-0.0002875101877595861,0,1.550507023922958,-0.420606391068175,0
8.684815744411656e-05,-0.00020191638724898365,0,1.519856723120797,-0.3818470441582404,0
-0.00019811075430815648,-6.149319887043038e-05,0,1.489147238508587,-0.3430488879727109,0
0.00011183256274041137,0.00010666435305758998,0,1.458388756466627,-0.3042270603573757,0
-0.0004062433176144316,-0.00013548655771636404,0,1.427575947573089,-0.2653619377813319,0
0.0010567912782819512,-0.0006729281544053282,0,1.396755643454931,-0.22646276044789115,0
-0.0001344013456924016,0.000542402304901874,0,1.365924926147193,-0.18755384618638277,0
-0.004484794220168276,0.008426480762606391,0,1.331276302514291,-0.1431136157671414,0
0.015239355234864752,-0.006932699609641481,0,1.352409844500705,-0.09647632513066973,0
0.0007633166971457416,0.0006196725949632911,0,1.375700978922926,-0.04855147740473281,0
-0.005798457579330744,2.2633018546164407e-13,0,1.35,0.0,0
0.0007633166970566315,-0.0006196725952286907,0,1.375700978922926,0.04855147740473216,0
-0.005305203963337422,-0.0035865989886250194,0,1.402605880785698,0.09334945314651677,0
-0.003751877528006427,0.0016509067373713137,0,1.383272033175373,0.1391283801817469,0
-0.002108293922839564,0.0023910806435351794,0,1.415042858290683,0.1803085371168629,0
0.0002109321385560656,-0.0014595212301982924,0,1.445862726266407,0.2192294183197205,0
-9.863434205058914e-05,0.0001518059304004715,0,1.476666100659508,0.2581411923806987,0
-8.596473585255455e-05,0.00015953322491224487,0,1.507402150851457,0.2970223552149832,0
-2.2439016355226594e-05,0.0003541643035000491,0,1.538095442412545,0.3358702774328149,0
1.5899912168940524e-05,0.00013831550330042802,0,1.568780685456473,0.3746944375912988,0
5.5532203569722246e-05,0.0007054734263067237,0,1.599475958664353,0.4134744164963758,0
0.00022161411445411673,0.0006519410358838128,0,1.630081620742793,0.4521775981785492,0
0.00035729208783544215,0.0014770031994094553,0,1.660556767405946,0.4908311031934575,0
0.00021442062975116782,0.0018096664159624784,0,1.709509802173529,0.4835911390248219,0
-9.69055320614045e-05,0.0029472071011806718,0,1.739632559779501,0.5224478890434806,0
0.001856947680127167,0.0041632420122483344,0,1.7706329664454,0.5608423222240854,0
0.0020354152722972304,0.006474638198488949,0,1.820370353074562,0.5533480134903664,0
-0.006755703916198085,0.01514632052594702,0,1.853875372723089,0.5977645053610168,0
0.020309402567036235,0.02241312099564843,0,1.899056361771255,0.6273634790264129,0
0.01258480872138317,-0.0016667313345806256,0,1.8109650460711086,-0.6824658404162998,0
0.022460723996010127,-0.010145802752232104,0,1.8490105069204625,-0.6872964747462753,0
0.03772069258158833,-0.002416772145794678,0,1.8659855984427145,-0.719790071065434,0
0.008458135413567025,0.0006959356787399316,0,1.7617494259109445,-0.6903421262742447,0
0.004903940951179472,-0.0006232738637911946,0,1.7152798826443676,-0.6983203083882785,0
0.0033462032136347096,-0.0003595520256289787,0,1.6847794269740186,-0.659757508883932,0
0.0022185380063441435,-0.0010193594453389617,0,1.6542411100321837,-0.6212006986037435,0
0.0016805220693277532,-0.0004551697327220074,0,1.6237125703491806,-0.5826153788396278,0
0.0008935868158057841,-0.00028377670367503736,0,1.5932758212545926,-0.5439459904452812,0
0.0007666628005217137,-0.0005422335494279578,0,1.5627636591291216,-0.5052166796183275,0
0.0004697791310063269,4.769929021732264e-05,0,1.5321785964296246,-0.4664979617709988,0
0.0001440221513963177,-0.000243700360147269,0,1.501594527869645,-0.427770411710389,0
0.00034424650924049443,0.00010520481007329736,0,1.470922754221482,-0.38901816131946876,0
-2.6974528631642183e-05,5.923431308145031e-05,0,1.440166094838575,-0.3502454745057893,0
4.942418750566143e-05,-0.0002914424312074125,0,1.40934639815831,-0.31144153870900465,0
-0.0007823849963534415,0.00047820667288241413,0,1.378478815375139,-0.2725948296956934,0
-0.0010350689450108889,0.0013445075498498156,0,1.347657995702593,-0.23370783370634082,0
0.005634198807079534,0.002347165045833454,0,1.315452553377113,-0.1919306221687885,0
0.0018194534902355505,-0.014798906474232598,0,1.282167594887338,-0.1542379783840819,0
-0.007364361443130508,0.0013680169836910402,0,1.294507111164958,-0.09963648513448657,0
-0.010362521051929351,0.002252989045507824,0,1.325083796556721,-0.05187126222773982,0
0.012374062670517137,-3.166904645704553e-14,0,1.3,0.0,0
-0.010362521051441673,-0.00225298904583047,0,1.325083796556721,0.05187126222773918,0
0.015239355234407337,0.0069326996093660625,0,1.352409844500705,0.09647632513066906,0
-0.004484794220696595,-0.008426480763318511,0,1.331276302514291,0.1431136157671408,0
-0.0001344013446392483,-0.0005424023042648469,0,1.365924926147193,0.1875538461863821,0
0.001056791277191641,0.0006729281532355738,0,1.396755643454931,0.2264627604478905,0
-0.00040624331703676954,0.00013548655868106927,0,1.427575947573089,0.2653619377813311,0
0.00011183256218464054,-0.00010666435322642851,0,1.458388756466627,0.3042270603573749,0
-0.00019811075519388202,6.149319934156001e-05,0,1.489147238508587,0.3430488879727101,0
8.684815715911454e-05,0.000201916387258053,0,1.519856723120797,0.3818470441582396,0
0.00021444665566590173,0.00028751018834668546,0,1.550507023922958,0.4206063910681742,0
0.0003151918774053804,0.0005597999019696746,0,1.581155651996858,0.4593540746817452,0
0.000715787510041118,0.0005836339688337549,0,1.611604626129314,0.4980888529539286,0
0.0010263546239565374,0.0012054827694465177,0,1.642050641708834,0.5367731292190661,0
0.0011511111540695436,0.0013892098967220547,0,1.690820067663604,0.5296152599148001,0
0.0009307080663447799,0.0033363823627211844,0,1.721084374820689,0.5683501184756241,0
0.004514312007670343,0.0031508335489213077,0,1.751734730267831,0.6062648719815886,0
-0.0007197047673785969,0.004366200045268054,0,1.798901512586206,0.5974646078210556,0
0.020071972309146997,0.007675705246549163,0,1.816713347222051,0.6330250176403864,0
-0.00416603247131573,0.01812304407634745,0,1.852361689263655,0.6487764114902576,0
0.03315344245222674,0.0313718560647471,0,1.883088131048731,0.6737797048764504,0
0.009922222775534145,-0.002543775264065172,0,1.7850367805236527,-0.7289465041660188,0
0.014289493402096117,0.009273512745023407,0,1.8263860521078545,-0.7248027001288624,0
0.025570319125894473,0.003735238940052829,0,1.8477590659076775,-0.7653668625933489,0
0.007501116169445171,0.002705533445568981,0,1.7457336883349845,-0.7369145005194963,0
0.004056422073911003,0.0027699448231829774,0,1.6971085224516547,-0.7440312115514952,0
0.0037347899266575928,0.0009621663363453371,0,1.6666170100788416,-0.7054617558284979,0
0.00288088010679709,0.0005615872414787673,0,1.6360853882548125,-0.6669036514610709,0
0.0020824173809027772,0.00018025832449030193,0,1.6055394276913755,-0.6283472969829171,0
0.001264683296718917,-0.00023055930475566824,0,1.5749957551347256,-0.5897173596129558,0
0.0011272752099863853,4.7323263347175874e-05,0,1.5444866858612996,-0.5510415653227038,0
0.0004545390012007295,4.288103320284588e-05,0,1.5139186190521605,-0.5123478992267807,0
0.0005758333029950367,-0.00010690651640273811,0,1.4833375594071256,-0.47364393902601115,0
0.0002249281287211388,0.00033535659569532285,0,1.452710466980469,-0.43493469488276776,0
5.124437493724625e-05,-0.0002614009842349455,0,1.422005495069359,-0.3962420935254303,0
0.0002224522411033973,0.0008378569365395624,0,1.391185926607087,-0.3574951051507453,0
0.0002668020060969469,-0.0001641471535171073,0,1.360195870698122,-0.31869054320634765,0
0.0014955202349306812,0.00045374403392994686,0,1.329394721754459,-0.2798303326768243,0
-0.0037565238209429953,-0.003450499898921767,0,1.2985876924889,-0.2409704972819503,0
-0.002591907084344983,0.0019894542702281162,0,1.266820787449091,-0.1996744593144415,0
-0.008953991328806263,0.004219768570512346,0,1.237022592969058,-0.16339032309227766,0
0.01178360954868671,0.009476217288222509,0,1.252124005671904,-0.1274315858901813,0
-0.004023978662881797,-0.011718283976041336,0,1.245307382624987,-0.09005898609444019,0
0.007169510616404085,0.0040872723718392056,0,1.275068861232616,-0.04530777872419264,0
-0.004136913689354395,5.956706733284427e-16,0,1.25,0.0,0
0.007169510616036908,-0.00408727237167716,0,1.275068861232616,0.04530777872419203,0
-0.007364361443277498,-0.0013680169833640851,0,1.294507111164958,0.09963648513448593,0
0.0018194534894685345,0.01479890647384881,0,1.282167594887338,0.1542379783840813,0
0.005634198806791981,-0.002347165045794311,0,1.315452553377113,0.1919306221687879,0
-0.001035068944772018,-0.0013445075490712138,0,1.347657995702593,0.2337078337063402,0
-0.0007823849971986128,-0.00047820667326159666,0,1.378478815375139,0.2725948296956927,0
4.942418772253351e-05,0.00029144243176288,0,1.40934639815831,0.311441538709004,0
-2.697452849789431e-05,-5.9234313682115014e-05,0,1.440166094838575,0.3502454745057885,0
0.00034424650893253623,-0.00010520481046848996,0,1.470922754221482,0.389018161319468,0
0.00014402215175546198,0.00024370036032613372,0,1.501594527869645,0.4277704117103882,0
0.00046977913057574263,-4.7699290675454754e-05,0,1.532178596429625,0.466497961770998,0
0.0007666628009147203,0.0005422335496700012,0,1.562763659129122,0.5052166796183266,0
0.0008935868156296717,0.00028377670387037574,0,1.593275821254593,0.5439459904452804,0
0.0016805220678240706,0.00045516973281819074,0,1.623712570349181,0.5826153788396269,0
0.0019515654999569954,0.0013614536126944322,0,1.672406725120148,0.5754924991335434,0
0.00283478226004231,0.0012859070694806764,0,1.703045273114847,0.613966134358503,0
0.005546657850356792,0.0013939518193862768,0,1.733560842117356,0.6525261225288067,0
0.0014187060978339213,0.008767299857603857,0,1.779506968750459,0.6441707834095809,0
0.012584808720913856,0.0016667313338263835,0,1.810965046071109,0.6824658404162989,0
0.0224607239957481,0.010145802752092002,0,1.849010506920463,0.6872964747462744,0
0.037720692582115904,0.0024167721453072157,0,1.865985598442715,0.7197900710654331,0
0.006403921631423644,0.00947316575094405,0,1.8031962761698495,-0.7692677476283025,0
0.02054293694671518,0.001643753583397537,0,1.8284195122836866,-0.8104826260323443,0
0.007447715161817005,0.0072844490840176974,0,1.7642356600390237,-0.7730950325326004,0
0.005856334545637088,0.0021029218467750674,0,1.7275986306707736,-0.7825891545040655,0
0.0037955722173576762,0.0038095057206586737,0,1.6789596856065516,-0.7897304639994511,0
0.0036181954397548023,0.0022767091153600713,0,1.6484669721813265,-0.751161876250581,0
0.002747292144857917,0.0009433495675300204,0,1.6179564319250015,-0.7125933238871933,0
0.0018736279779247662,0.0007245506145307339,0,1.5873789228274555,-0.6740613245801412,0
0.0015970721479063427,0.0004342381673199009,0,1.5568159013798886,-0.6354759842480169,0
0.001093037350488259,0.0004196250938549456,0,1.5262651688857536,-0.5968441469997998,0
0.000794414370294054,0.00012600085864940538,0,1.4957010917114446,-0.5581773160330774,0
0.0006302018396175832,0.0003317702021687599,0,1.4651228610774725,-0.5194966514366279,0
0.0003763357655776518,5.590931361244045e-05,0,1.4345188498682666,-0.48081418966765577,0
0.00022746181158842232,0.00047307047205302375,0,1.403871147572577,-0.442150493076743,0
0.00020794818453662397,-0.00026055376700335765,0,1.372927970335845,-0.40345861949465645,0
-0.0001743996239974211,0.00019786074703068225,0,1.3420197378988,-0.36474329295742725,0
-0.0012018533393742886,-0.00011609389905893714,0,1.311171485813903,-0.3259376089370233,0
0.0015795364712531653,0.0024975895888561936,0,1.280334932435385,-0.28705102771591157,0
0.0015747661739645767,0.0013050876162798257,0,1.249549437856368,-0.2482259534438104,0
0.0073674541186279936,-0.006783324138333397,0,1.218831323605658,-0.20947580326456394,0
-0.03241800956374877,0.001377205319852746,0,1.18818522569068,-0.17171886473413966,0
0.023756719481579577,0.0170117841696458,0,1.210010914357945,-0.12933259887127146,0
-0.052097523656035996,-0.02502866742057083,0,1.197018626328959,-0.0880922192347092,0
0.001061608417298504,0.011653322461981133,0,1.224253813538292,-0.04504518356511859,0
-0.014204096572458491,1.81248691106815e-13,0,1.2,0.0,0
0.0010616084173091244,-0.011653322462107618,0,1.224253813538292,0.04504518356511801,0
-0.004023978662289269,0.011718283975162856,0,1.245307382624987,0.09005898609443957,0
0.011783609550243532,-0.009476217287744797,0,1.252124005671904,0.1274315858901807,0
-0.008953991328540042,-0.004219768569449098,0,1.237022592969058,0.1633903230922771,0
-0.002591907084585124,-0.0019894542712454726,0,1.266820787449091,0.1996744593144409,0
-0.0037565238200649212,0.0034504998994103566,0,1.2985876924889,0.2409704972819497,0
0.0014955202351935651,-0.0004537440357719426,0,1.329394721754459,0.2798303326768236,0
0.00026680200698366285,0.0001641471539091954,0,1.360195870698122,0.318690543206347,0
0.0002224522415418298,-0.000837856937290155,0,1.391185926607087,0.3574951051507446,0
5.1244374534735026e-05,0.0002614009849651195,0,1.422005495069359,0.3962420935254296,0
0.00022492812853869867,-0.0003353565962985827,0,1.452710466980469,0.434934694882767,0
0.0005758333032636685,0.00010690651698675223,0,1.483337559407126,0.4736439390260104,0
0.00045453900086638276,-4.2881034221587e-05,0,1.513918619052161,0.51234789922678,0
0.0011272752109384061,-4.7323263636716266e-05,0,1.5444866858613,0.5510415653227029,0
0.001264683297769996,0.00023055930413552742,0,1.574995755134726,0.5897173596129549,0
0.002082417381393948,-0.00018025832504806885,0,1.605539427691376,0.6283472969829162,0
0.002218538005978734,0.0010193594452302288,0,1.654241110032184,0.6212006986037426,0
0.0033462032136396137,0.0003595520262124955,0,1.684779426974019,0.6597575088839311,0
0.004903940950436937,0.0006232738630326742,0,1.715279882644368,0.6983203083882776,0
0.008458135413193181,-0.0006959356791088457,0,1.761749425910945,0.6903421262742439,0
0.009922222775245187,0.0025437752647134754,0,1.785036780523653,0.7289465041660179,0
0.014289493401251654,-0.009273512745272165,0,1.826386052107855,0.7248027001288615,0
0.025570319126827404,-0.00373523893986654,0,1.847759065907678,0.765366862593348,0
0.0044969172646628424,0.008667740136735602,0,1.7848688434964366,-0.8130398910836054,0
0.018429545013847477,0.004073703243056342,0,1.8079785871308685,-0.8551101849915406,0
0.002572516953540825,0.004754059775736618,0,1.7449471571492545,-0.81811774217729,0
0.0054058099990322035,0.0056341860756050225,0,1.7081406940588746,-0.8277856665208868,0
0.002356868768996006,0.003924155272229133,0,1.6608108080159196,-0.8354356381176832,0
0.002388333884666706,0.0022525529093128196,0,1.6303125295994736,-0.7968609085091011,0
0.002219990951469086,0.0021952473382697946,0,1.5997660774763316,-0.7583295788868957,0
0.002024859024400103,0.0015653809741388357,0,1.5692109021911707,-0.7197947969313147,0
0.001680996813376186,0.0008716513026337523,0,1.5386390392957157,-0.6812500419346343,0
0.001197233755301261,0.000786204463605552,0,1.5080911209063426,-0.6426195207666954,0
0.0009386152366995152,0.00046844334979056487,0,1.4775185379453735,-0.6039782597480696,0
0.0007455290965808981,0.00048637850385335616,0,1.4469192155108095,-0.5653297100242308,0
0.00044720921062135776,0.000457961692072274,0,1.4163189620861556,-0.5266645463085138,0
0.0004417582359912421,0.0002847641718074709,0,1.3857110115418305,-0.4879862440859434,0
0.0004905828233304897,0.0007120333967540882,0,1.354955575942247,-0.4493858238898897,0
0.0001565038030712467,0.00033958946186896056,0,1.323529938924999,-0.4107349083677039,0
0.0011930680425695263,0.0010028503983309737,0,1.29298200387834,-0.37200982343458705,0
-0.0012058042689346454,-3.960466650431571e-05,0,1.26246205337039,-0.33336682103573345,0
0.00174339267087454,-0.001118042655348322,0,1.231677909434284,-0.2945843449848364,0
-0.011044464139375577,-0.0029300437509930445,0,1.20081514108489,-0.25569214394846734,0
0.01765674818937532,0.019322244943833465,0,1.169802319917377,-0.21669359675775685,0
0.012028344100217213,-0.01796416670900537,0,1.139060617110101,-0.17799644833867764,0
0.05249675733827846,-0.011839015157232492,0,1.161007384923481,-0.12557428605446094,0
0.057635059605667414,0.07338223581135743,0,1.159499000354933,-0.07832031644348103,0
0.03475649669352865,-0.01744684763813902,0,1.176337163535087,-0.042688991665125055,0
0.013428786399525659,-3.933904674396151e-13,0,1.15,0.0,0
0.0347564966942066,0.017446847637892695,0,1.176337163535087,0.0426889916651245,0
-0.052097523656538657,0.02502866741978301,0,1.197018626328959,0.08809221923470861,0
0.023756719481722817,-0.01701178416926713,0,1.210010914357945,0.1293325988712709,0
-0.0324180095640774,-0.0013772053193648111,0,1.18818522569068,0.1717188647341391,0
0.007367454117992672,0.006783324137378037,0,1.218831323605658,0.2094758032645634,0
0.0015747661738552527,-0.0013050876161186077,0,1.249549437856368,0.2482259534438098,0
0.0015795364709686188,-0.0024975895881527736,0,1.280334932435385,0.2870510277159109,0
-0.001201853340627811,0.00011609389988777109,0,1.311171485813903,0.3259376089370226,0
-0.00017439962445060483,-0.00019786074706212408,0,1.3420197378988,0.3647432929574266,0
0.0002079481852630686,0.0002605537672690733,0,1.372927970335845,0.4034586194946558,0
0.00022746181178171624,-0.00047307047315009335,0,1.403871147572577,0.4421504930767423,0
0.00037633576557553417,-5.59093130322453e-05,0,1.434518849868267,0.480814189667655,0
0.0006302018390081677,-0.0003317702029504199,0,1.465122861077473,0.5194966514366273,0
0.0007944143699154265,-0.00012600085778851402,0,1.495701091711445,0.5581773160330767,0
0.0010930373495942375,-0.00041962509335055214,0,1.526265168885754,0.5968441469997992,0
0.0015970721473067414,-0.00043423816783132527,0,1.556815901379889,0.635475984248016,0
0.00187362797894069,-0.0007245506139861273,0,1.587378922827456,0.6740613245801403,0
0.002880880106090249,-0.0005615872411792023,0,1.636085388254813,0.66690365146107,0
0.0037347899266875844,-0.0009621663367823305,0,1.666617010078842,0.705461755828497,0
0.004056422073499629,-0.002769944823181683,0,1.697108522451655,0.7440312115514943,0
0.0075011161696572,-0.00270553344510924,0,1.745733688334985,0.7369145005194954,0
0.0074477151621681874,-0.007284449084004715,0,1.764235660039024,0.7730950325325995,0
0.006403921629307413,-0.009473165750886135,0,1.80319627616985,0.7692677476283016,0
0.02054293694515975,-0.0016437535824823358,0,1.828419512283687,0.8104826260323434,0
-0.0016625100386131403,0.013734776153075853,0,1.7635396326281556,-0.8579788665175606,0
0.013152812129949867,0.002217908923099718,0,1.7864486032744515,-0.8992226575541578,0
0.00566059720689096,0.0019454033662179857,0,1.7248551399105945,-0.8591907170320685,0
0.001923004284874629,0.005708388757785387,0,1.6913182881099476,-0.8740028702202599,0
-0.004748544347600069,0.0053289072391791885,0,1.7307615682818225,-0.8999310898600803,0
0.018022932882452367,0.0021676425991011138,0,1.7638425294879057,-0.942793472171773,0
0.001258585771566801,0.003269624641103748,0,1.6425687100191535,-0.8811106293778762,0
0.0022670285087370685,0.003563872531216543,0,1.6121746101227337,-0.8425750126353116,0
0.0021438073694369187,0.0027798493217495485,0,1.5816391289494836,-0.8040236174141521,0
0.0018162651870318566,0.0016816830619524302,0,1.5510105000115366,-0.765542950329032,0
0.0014727187270884424,0.0014953483210748987,0,1.5204563177716977,-0.7270171515897219,0
0.0011499130776413834,0.0011153321809911597,0,1.4898868487216936,-0.6883693530345417,0
0.0010519254461297356,0.0007406723127078019,0,1.4593570135546816,-0.6497186334191423,0
0.0006863350565571309,0.0008086042818140944,0,1.4287414852392355,-0.6111480800637333,0
0.0005913813404090099,0.0004273051052771501,0,1.3981753524001066,-0.5724530245671209,0
0.00050995869790274,0.00044178420749384884,0,1.3675109742324736,-0.5338238125609351,0
0.00018802377528195072,0.00019439441898455275,0,1.3369108528425806,-0.4951911373704608,0
-5.4138343006513664e-05,0.0007019053749950884,0,1.306253376497412,-0.4566925259191867,0
0.0003112628217278748,-0.0005785462026217383,0,1.275054457792381,-0.41801516123934335,0
-0.0009499963756563034,0.0011823669135564922,0,1.244579455981317,-0.37941260423677264,0
0.003119535845249631,-0.0011453765821052226,0,1.214071734541909,-0.34085187677137185,0
-0.006110994584804095,0.008027127613471075,0,1.183185460292307,-0.30191877465518885,0
0.01780244544697082,-0.010041977274853257,0,1.151639946060103,-0.26269009724273085,0
-0.03970498760755048,-0.006075424949941367,0,1.119217208372746,-0.2219181023196478,0
0.04319361789831541,-0.01608939278749162,0,1.090105394089912,-0.1851149194159325,0
-0.13250070015210835,0.07564385652904723,0,1.110125723683732,-0.1389206169274558,0
-0.09505406624687139,-0.06916957051671618,0,1.125473753467015,-0.09303786996718265,0
-0.08289920021851956,-0.00912559647361811,0,1.125704394314883,-0.04452201022262506,0
-0.010739585733239547,-6.402179484306442e-13,0,1.1,0.0,0
-0.08289920021804817,0.009125596474103747,0,1.125704394314883,0.04452201022262452,0
0.05763505960473321,-0.07338223581098238,0,1.159499000354933,0.07832031644348048,0
0.05249675733782938,0.011839015157274565,0,1.161007384923481,0.1255742860544604,0
0.012028344101088296,0.01796416670849779,0,1.139060617110101,0.1779964483386771,0
0.017656748190572027,-0.0193222449434454,0,1.169802319917377,0.2166935967577563,0
-0.01104446414034927,0.002930043750851546,0,1.20081514108489,0.2556921439484667,0
0.001743392670958753,0.0011180426557769907,0,1.231677909434284,0.2945843449848357,0
-0.001205804268383198,3.96046658476411e-05,0,1.26246205337039,0.3333668210357328,0
0.0011930680427518505,-0.001002850398034809,0,1.29298200387834,0.3720098234345864,0
0.00015650380180930263,-0.00033958946252872653,0,1.323529938924999,0.4107349083677032,0
0.0004905828234806548,-0.0007120333966283905,0,1.354955575942247,0.449385823889889,0
0.00044175823625152826,-0.00028476417126163634,0,1.385711011541831,0.4879862440859427,0
0.00044720921064087243,-0.00045796169206955477,0,1.416318962086156,0.5266645463085131,0
0.0007455290961893225,-0.000486378503994762,0,1.44691921551081,0.5653297100242302,0
0.000938615236984461,-0.00046844334918621177,0,1.477518537945374,0.603978259748069,0
0.0011972337541562084,-0.0007862044640679536,0,1.508091120906343,0.6426195207666947,0
0.0016809968127753088,-0.0008716513023166348,0,1.538639039295716,0.6812500419346335,0
0.0020248590242199216,-0.001565380973459783,0,1.569210902191171,0.7197947969313138,0
0.0027472921441346206,-0.0009433495678517884,0,1.617956431925002,0.7125933238871924,0
0.0036181954393058107,-0.0022767091151982837,0,1.648466972181327,0.7511618762505801,0
0.00379557221709775,-0.0038095057198465165,0,1.678959685606552,0.7897304639994502,0
0.005856334545400288,-0.0021029218463752657,0,1.727598630670774,0.7825891545040646,0
0.00257251695252736,-0.004754059775822203,0,1.744947157149255,0.8181177421772892,0
0.004496917264960972,-0.008667740136805508,0,1.784868843496437,0.8130398910836045,0
0.01842954501385474,-0.00407370324220341,0,1.807978587130869,0.8551101849915397,0
0.008440859652410086,0.006092221572213484,0,1.6726070337701626,-0.9194998606407799,0
-0.00846777901845253,0.00135969191455104,0,1.7137354912669875,-0.9455526259126602,0
0.01723592077783643,-0.00021568809721681894,0,1.7401739829686225,-0.9857963831335157,0
0.002436007774497832,0.004287284239312293,0,1.5939976476546096,-0.8882857332060522,0
-0.0022909880366511685,0.0031942979705990625,0,1.6243953774495605,-0.9268313180137049,0
0.0013819926655367284,0.0024961105160198763,0,1.5635036541434526,-0.8498033120769787,0
0.0014609171594656232,0.002462501223615855,0,1.5328851976495506,-0.8113683523643557,0
0.0011569591897220726,0.0019326183360603181,0,1.5022731639555225,-0.7728279241216158,0
0.001170943645966319,0.0013665566443967013,0,1.4716750845600455,-0.7341582533156208,0
0.000895366176178861,0.0011309228128345548,0,1.4411258387087715,-0.6954271158278544,0
0.0006879154525712496,0.0009219405534521844,0,1.4105440308590096,-0.6567185461126077,0
0.0006965124951623531,0.0006686043689437158,0,1.3800047173256655,-0.6180801027467784,0
0.0003817143964392149,0.0007805722185827778,0,1.3493514221344456,-0.5794975307215886,0
0.0004370891262149058,0.0006836880112878851,0,1.3187041651600195,-0.5409604740435416,0
0.0006116218600089254,0.00044747896477886987,0,1.2880914710239866,-0.5023621380309774,0
0.0005073689189327239,0.0008719554305819991,0,1.2573541431005446,-0.4638327627957058,0
-0.0009502917453165491,0.0006363884703928339,0,1.22664057319337,-0.42527942044841716,0
0.0038021327811237375,-0.0009655831548679328,0,1.196216777394312,-0.38663674633292666,0
-0.012304013011981144,0.005758348756707933,0,1.165918470710803,-0.34784616906804783,0
0.034709451291389616,-0.019845566222607827,0,1.134335909489621,-0.30843696583189917,0
-0.08570241372999844,0.03995105032822871,0,1.102146110577886,-0.2689126544016169,0
0.15632785056643705,-0.03706317387308791,0,1.062548862481097,-0.2201008977611723,0
-0.11651234528659092,0.02014464353477591,0,1.034882314224999,-0.1787543290553127,0
0.26659971512962355,-0.031259693275296485,0,1.069478001292287,-0.1484540183781494,0
0.18026016301928185,-0.0302607600761636,0,1.080429989578334,-0.10665909930212132,0
0.11535568445455766,0.025265083590479076,0,1.092899391922077,-0.07124812390196239,0
0.18152108686149582,0.0318742031892732,0,1.076057135607035,-0.03794113986174125,0
0.12827422189483959,-4.924073314636578e-13,0,1.05,0.0,0
0.1815210868613638,-0.031874203189179155,0,1.076057135607035,0.03794113986174073,0
0.11535568445517266,-0.02526508358921151,0,1.092899391922077,0.07124812390196186,0
-0.09505406624709918,0.06916957051722976,0,1.125473753467015,0.0930378699671821,0
-0.13250070015218027,-0.0756438565303886,0,1.110125723683732,0.1389206169274553,0
0.043193617897918896,0.01608939278729305,0,1.090105394089912,0.185114919415932,0
-0.039704987607492886,0.006075424950351475,0,1.119217208372746,0.2219181023196473,0
0.017802445447734877,0.010041977274229843,0,1.151639946060103,0.2626900972427303,0
-0.006110994584262151,-0.008027127614053556,0,1.183185460292307,0.3019187746551883,0
0.003119535845648651,0.0011453765813570192,0,1.214071734541909,0.3408518767713712,0
-0.0009499963750557951,-0.001182366913352828,0,1.244579455981317,0.379412604236772,0
0.00031126282242226563,0.0005785462020494392,0,1.275054457792381,0.4180151612393427,0
-5.4138343375989225e-05,-0.0007019053744271047,0,1.306253376497412,0.456692525919186,0
0.00018802377422961697,-0.00019439441896157837,0,1.336910852842581,0.4951911373704601,0
0.000509958698103795,-0.00044178420738051366,0,1.367510974232474,0.5338238125609345,0
0.0005913813408905933,-0.000427305106098998,0,1.398175352400107,0.5724530245671202,0
0.0006863350569563489,-0.0008086042810704646,0,1.428741485239236,0.6111480800637327,0
0.001051925446354945,-0.0007406723134261476,0,1.459357013554682,0.6497186334191416,0
0.0011499130779657875,-0.0011153321818748701,0,1.489886848721694,0.688369353034541,0
0.0014727187279567392,-0.0014953483202549975,0,1.520456317771698,0.7270171515897212,0
0.0018162651857267158,-0.0016816830628350935,0,1.551010500011537,0.7655429503290311,0
0.002219990951829594,-0.002195247338849343,0,1.599766077476332,0.7583295788868948,0
0.0023883338848247845,-0.0022525529092456277,0,1.630312529599474,0.7968609085091002,0
0.00235686876936234,-0.00392415527238652,0,1.66081080801592,0.8354356381176823,0
0.005405809998643982,-0.005634186075464145,0,1.708140694058875,0.8277856665208859,0
0.005660597205740703,-0.0019454033656959504,0,1.724855139910595,0.8591907170320676,0
-0.0016625100381027534,-0.013734776152167958,0,1.763539632628156,0.8579788665175597,0
0.013152812128870522,-0.002217908923826898,0,1.786448603274452,0.8992226575541569,0
0.005414688876249171,0.006481970293555915,0,1.6559416314185726,-0.9663101389930697,0
0.006317607253394156,0.0007260142788782238,0,1.6991428932856925,-0.9894170658473578,0
0.013630446190726422,-0.0017234953623996943,0,1.7154572207127337,-1.028205487198227,0
0.0021566818872974566,0.003395649171773558,0,1.5758482220911896,-0.9340245002836751,0
0.0019269438530541943,0.0070148261158631655,0,1.6049907924632036,-0.9720817765919004,0
0.0007848026029043374,0.0034381399027481824,0,1.5453504217494265,-0.8956190673038176,0
0.001186662649922107,0.0029374691081374893,0,1.5147111735839165,-0.8571680851395627,0
0.0009035289312667902,0.002031355956058001,0,1.4840822675570926,-0.818648633761714,0
0.0010922338352341184,0.001752122284894571,0,1.4534890869163746,-0.7800071014681171,0
0.0006089657311021561,0.0013533616046860519,0,1.4228288626328176,-0.7411879728250123,0
0.0008023691340480997,0.0011928212137238363,0,1.3921893495941926,-0.7023420324961619,0
0.0005640958974848738,0.000851950114632962,0,1.3615979945818195,-0.6635659615862544,0
0.000338571371955197,0.0008377565348643148,0,1.3309994190427195,-0.6250597025248635,0
0.0006516252666385813,0.0004984160840631381,0,1.3004422055586016,-0.5866113877317999,0
-0.00011594954620544375,0.000586277909141831,0,1.2698873600378846,-0.5480006094351322,0
0.0004360908023918505,0.0002497048233692348,0,1.2393250274103265,-0.5094748583675281,0
-0.0006640631716689808,0.0008593811657470459,0,1.2087065395314416,-0.47089853238074897,0
0.0031014520645068324,-0.0006725095155938,0,1.17814637607091,-0.432318710221019,0
-0.00828257231394216,0.0036017562878630925,0,1.147775132252832,-0.39359265178888597,0
0.023882695666877108,-0.008250452203571483,0,1.117213305089129,-0.35495753549541964,0
-0.07223573504761269,0.03112126204625802,0,1.085639809860739,-0.31370862659348236,0
0.16191059460242588,-0.05036940638742045,0,1.051901303151065,-0.26902545227753855,0
-0.16137520152076404,0.02952912574924332,0,1.018488388592635,-0.22658593868666285,0
-1.1228734294806646,0.3393381208937587,0,0.9807852803022051,-0.19509032252401745,0
-1.160328032531013,0.06958859432065015,0,0.989176509908181,-0.14673047483692844,0
-0.2175110474420635,0.023288825894978996,0,1.035561018515463,-0.1250131795732461,0
-0.040604069596922754,-0.035253616245657864,0,1.045564283086771,-0.07526093772213023,0
-0.3708467467988312,0.1602814620595712,0,1.036541042540306,-0.03720598610672313,0
-1.1740589381901216,5.151241804502948e-13,0,1.0,0.0,0
-0.3708467467996274,-0.16028146206017477,0,1.036541042540306,0.03720598610672263,0
-0.04060406959675667,0.035253616246179564,0,1.045564283086771,0.07526093772212973,0
0.18026016301913042,0.030260760076203427,0,1.080429989578334,0.1066590993021208,0
0.26659971512862435,0.031259693274513015,0,1.069478001292287,0.1484540183781489,0
-0.1165123452865015,-0.020144643535272927,0,1.034882314224999,0.1787543290553122,0
0.15632785056586326,0.037063173872881175,0,1.062548862481097,0.2201008977611718,0
-0.08570241373018599,-0.039951050327988825,0,1.102146110577886,0.2689126544016163,0
0.03470945129087839,0.01984556622280781,0,1.134335909489621,0.3084369658318986,0
-0.012304013012230918,-0.005758348756225722,0,1.165918470710803,0.3478461690680473,0
0.003802132780626974,0.000965583155487542,0,1.196216777394312,0.386636746332926,0
-0.0009502917455369825,-0.0006363884702339359,0,1.22664057319337,0.4252794204484165,0
0.0005073689190343761,-0.000871955430960151,0,1.257354143100545,0.4638327627957051,0
0.0006116218614644431,-0.00044747896509262654,0,1.288091471023987,0.5023621380309767,0
0.0004370891260504746,-0.0006836880114034294,0,1.31870416516002,0.540960474043541,0
0.0003817143955919215,-0.0007805722192139644,0,1.349351422134446,0.5794975307215879,0
0.0006965124954466881,-0.0006686043679980437,0,1.380004717325666,0.6180801027467777,0
0.0006879154525801639,-0.000921940554048784,0,1.41054403085901,0.656718546112607,0
0.0008953661757899828,-0.0011309228127083938,0,1.441125838708772,0.6954271158278538,0
0.0011709436451436913,-0.0013665566434437032,0,1.471675084560046,0.7341582533156201,0
0.0011569591899321533,-0.0019326183363149996,0,1.502273163955523,0.7728279241216152,0
0.0014609171594197469,-0.0024625012234944484,0,1.532885197649551,0.811368352364355,0
0.002143807369393071,-0.00277984932110971,0,1.581639128949484,0.8040236174141512,0
0.00226702850831174,-0.0035638725315492604,0,1.612174610122734,0.8425750126353108,0
0.001258585771969378,-0.0032696246408957636,0,1.642568710019154,0.8811106293778753,0
0.0019230042852773682,-0.005708388758072425,0,1.691318288109948,0.874002870220259,0
-0.0047485443474342215,-0.00532890723931219,0,1.730761568281823,0.8999310898600794,0
0.018022932882511635,-0.002167642598878423,0,1.763842529487906,0.9427934721717721,0
0.0032588440231564476,0.014462532202194936,0,1.6704061400615455,-1.0212206939993158,0
-0.0015408060930483791,-0.0006468889336118215,0,1.6280614410320036,-1.0115633038189709,0
-2.422173042826493e-05,0.007921928713945968,0,1.5851330528217205,-1.017297515329052,0
0.0002960726014905639,0.0040192073657119316,0,1.5574678926984256,-0.9796895472987074,0
0.000497618636019974,0.004268367342202646,0,1.5271011452976295,-0.9413242710186296,0
0.0004545134310713529,0.002551478242231167,0,1.4965668492416895,-0.903042482575122,0
0.0007975575946788353,0.002366658883279898,0,1.4658786511622857,-0.8645266627553889,0
0.0006221430999685857,0.0020153635141335917,0,1.4352804068839136,-0.8258666057212557,0
0.0005548671574620734,0.001650811562623778,0,1.4045887967937636,-0.7870549657684804,0
0.0008179113791554362,0.0013092993074396177,0,1.3738845269642006,-0.7481303406665698,0
0.0003359813527198875,0.0010332594061602505,0,1.3431817133480795,-0.7092503176796291,0
0.0006918114903320094,0.0010392049091818084,0,1.3125686756354205,-0.6705983158359083,0
0.00031884133095550854,0.0006881294133211269,0,1.2819741079706175,-0.6320833254418012,0
0.0002592889157759068,0.0009445835244819849,0,1.2514551744481706,-0.5935099122618291,0
0.0011227107754234046,0.0004977032216547884,0,1.2209649577838946,-0.5549153801891835,0
-0.00109905751571701,0.0014753985138453755,0,1.1906237762489835,-0.516456567555359,0
0.004123404416967861,-0.0010120672550721387,0,1.1601088432316395,-0.47796116122522647,0
-0.011243738109567877,0.005573606354193697,0,1.129577386148076,-0.43935936165323153,0
0.032789448575154624,-0.012452637635353307,0,1.099042127797138,-0.40074244350015287,0
-0.07995314763593626,0.028608205055724787,0,1.068640649642659,-0.36222177997824534,0
0.1710565779094148,-0.053219735211233694,0,1.036812870402047,-0.31916327536641215,0
-0.15674038880951038,0.040527841019296455,0,1.004197890929559,-0.27894065046113525,0
-1.2556928805286078,0.3592847826860361,0,0.9700312530284169,-0.24298018056648005,0
0.02007073451181943,0.0038322766265599163,0,1.6897071311446916,-1.0699952387551899,0
-1.1983011169634943,0.24190384283927238,0,0.9951847266485508,-0.09801714056964315,0
-1.2697863353559244,-0.2754159793407883,0,0.998795456200073,-0.049067674431218185,0
-1.2697863353578207,0.27541597933963663,0,0.998795456200073,0.04906767443121771,0
-1.1983011169630409,-0.2419038428384387,0,0.9951847266485508,0.09801714056964266,0
-0.21751104744086427,-0.02328882589465224,0,1.035561018515463,0.1250131795732456,0
-1.1603280325310386,-0.06958859432128571,0,0.989176509908181,0.146730474836928,0
-1.1228734294810163,-0.33933812089396764,0,0.9807852803022051,0.195090322524017,0
-0.16137520152104678,-0.02952912574927735,0,1.018488388592635,0.2265859386866624,0
0.1619105946027804,0.050369406387754355,0,1.051901303151065,0.269025452277538,0
-0.07223573504786723,-0.031121262046052266,0,1.085639809860739,0.3137086265934818,0
0.023882695666437064,0.00825045220351729,0,1.117213305089129,0.3549575354954191,0
-0.008282572313659755,-0.003601756288035576,0,1.147775132252832,0.3935926517888854,0
0.003101452065042845,0.0006725095158988682,0,1.17814637607091,0.4323187102210184,0
-0.0006640631724062807,-0.0008593811658178259,0,1.208706539531442,0.4708985323807483,0
0.0004360908010255196,-0.0002497048228020446,0,1.239325027410327,0.5094748583675275,0
-0.00011594954596983694,-0.0005862779089923029,0,1.269887360037885,0.5480006094351315,0
0.0006516252670703134,-0.0004984160839450437,0,1.300442205558602,0.5866113877317992,0
0.00033857137139175374,-0.0008377565343994268,0,1.33099941904272,0.6250597025248629,0
0.0005640958966728187,-0.0008519501146199096,0,1.36159799458182,0.6635659615862537,0
0.0008023691340852195,-0.001192821213806937,0,1.392189349594193,0.7023420324961612,0
0.0006089657313515917,-0.0013533616046379566,0,1.422828862632818,0.7411879728250116,0
0.001092233835716177,-0.0017521222849369944,0,1.453489086916375,0.7800071014681165,0
0.0009035289305673809,-0.0020313559564696113,0,1.484082267557093,0.8186486337617134,0
0.0011866626504685514,-0.0029374691076279012,0,1.514711173583917,0.857168085139562,0
0.0013819926652043329,-0.0024961105158847747,0,1.563503654143453,0.8498033120769778,0
0.0024360077736137586,-0.004287284239021787,0,1.59399764765461,0.8882857332060513,0
-0.0022909880366171432,-0.0031942979705406856,0,1.624395377449561,0.926831318013704,0
0.008440859651955259,-0.006092221571971868,0,1.672607033770163,0.919499860640779,0
-0.00846777901830967,-0.0013596919143765407,0,1.713735491266988,0.9455526259126593,0
0.01723592077736481,0.00021568809732534617,0,1.740173982968623,0.9857963831335148,0
-0.005949906082717877,0.022186882229281512,0,1.6429902325305346,-1.0603868659140898,0
0.00766207076672264,-0.0025884065052655864,0,1.6629392252347375,-1.1111404650968708,0
0.0052151283837805545,0.0034648360140169514,0,1.6043549483657265,-1.052385987688947,0
-0.003784903327182681,0.004948890438241151,0,1.5669904136450437,-1.0625045965475,0
-0.00019340561293297573,0.003966578768436071,0,1.5386438064223475,-1.025231410129671,0
-0.0008745026047879927,0.0031206600609392085,0,1.5089024547528156,-0.9868807959089338,0
0.00016219976163434573,0.0031178637966692473,0,1.4783664840118256,-0.9486054715424812,0
0.00044031156717245774,0.0027609025422450566,0,1.4476947879023516,-0.9104239655038603,0
0.00024146818255695057,0.00207032428134707,0,1.4170391448831956,-0.8717536437363371,0
0.0005909394877419323,0.0017609540622307207,0,1.3863816745637365,-0.8330089197864614,0
0.00036777201681773664,0.0013892370801208429,0,1.3556682228015366,-0.7941288541434659,0
0.0002838478458486719,0.0013566082997918357,0,1.3249485041973295,-0.7552346740026511,0
0.0004922306403414107,0.0009312059154101983,0,1.2942565448041976,-0.7163847937734598,0
0.00022309185289256944,0.0008205967658894129,0,1.2635915672346596,-0.677656401580427,0
0.0003143805355330507,0.0008710670815031512,0,1.2329549199999386,-0.6390321440222394,0
0.0005662061343183892,0.0003329748041893985,0,1.2025871732685856,-0.6003896438029145,0
-0.0012485691379926075,0.000863882214633459,0,1.1722197755310895,-0.5618783883164296,0
0.0035957922670697153,-0.0009224059436252341,0,1.1419135844831616,-0.5236219767656431,0
-0.009629353375951478,0.004676029725356999,0,1.1114046269006415,-0.48508230693625237,0
0.029561509301387488,-0.012182721696651086,0,1.080841708765238,-0.4465283043579731,0
-0.07809778295545834,0.03467896615176371,0,1.050449362035585,-0.40801797593576017,0
0.17062085516196646,-0.06480448710353699,0,1.019673849172359,-0.36804582227001265,0
-0.16545340065502934,0.06454072309723297,0,0.9886217685443468,-0.3284235297700597,0
-1.2433558355450915,0.37160441726128485,0,0.956940335495227,-0.29028467803568697,0
-1.2556928805285932,-0.3592847826859128,0,0.9700312530284171,0.2429801805664796,0
-0.1567403888093874,-0.0405278410198773,0,1.004197890929559,0.2789406504611347,0
0.17105657791020185,0.05321973521157577,0,1.036812870402047,0.3191632753664116,0
-0.07995314763568648,-0.028608205056324474,0,1.068640649642659,0.3622217799782448,0
0.032789448574707634,0.012452637635278816,0,1.099042127797138,0.4007424435001523,0
-0.011243738109429524,-0.005573606354545648,0,1.129577386148076,0.439359361653231,0
0.0041234044176103,0.0010120672549530762,0,1.16010884323164,0.4779611612252259,0
-0.0010990575146421248,-0.001475398514075223,0,1.190623776248984,0.5164565675553583,0
0.0011227107751893694,-0.000497703221836733,0,1.220964957783895,0.5549153801891828,0
0.00025928891491691213,-0.0009445835242455396,0,1.251455174448171,0.5935099122618285,0
0.0003188413311745977,-0.0006881294138395017,0,1.281974107970618,0.6320833254418006,0
0.0006918114914119695,-0.0010392049089183125,0,1.312568675635421,0.6705983158359077,0
0.00033598135202057486,-0.0010332594066545342,0,1.34318171334808,0.7092503176796284,0
0.0008179113788628243,-0.0013092993066712078,0,1.373884526964201,0.7481303406665691,0
0.0005548671568319042,-0.0016508115628348914,0,1.404588796793764,0.7870549657684798,0
0.0006221431005918922,-0.0020153635141881413,0,1.435280406883914,0.825866605721255,0
0.0007975575938395501,-0.0023666588830771294,0,1.465878651162286,0.8645266627553883,0
0.0004545134311333873,-0.002551478242436813,0,1.49656684924169,0.9030424825751213,0
0.0007848026027340765,-0.0034381399031380763,0,1.545350421749427,0.8956190673038167,0
0.002156681887381744,-0.003395649171923062,0,1.57584822209119,0.9340245002836742,0
0.0019269438528254695,-0.007014826115917143,0,1.604990792463204,0.9720817765918995,0
0.0054146888763306695,-0.0064819702937930984,0,1.655941631418573,0.9663101389930688,0
0.006317607253307271,-0.0007260142788456695,0,1.699142893285693,0.9894170658473569,0
0.013630446190007934,0.0017234953622535419,0,1.715457220712734,1.028205487198226,0
-0.011189343020341547,0.010791817639695077,0,1.6016822578634726,-1.099540359528465,0
0.009187785596474863,-0.0025880456618832667,0,1.6351696268830727,-1.1516163820122889,0
-1.384950952138805e-05,0.001223899157806497,0,1.5512908151674176,-1.1093851536719468,0
-0.001962871904116133,0.004039290228070843,0,1.5208376012295794,-1.071187152936918,0
-0.0008074468417161584,0.0039974060620699085,0,1.4905333235896976,-1.0326154472307318,0
2.8395894597522405e-05,0.0027653070591792356,0,1.4600508181673826,-0.9939633458298474,0
-0.00027950386522828145,0.0026623808863218117,0,1.4295442800431715,-0.9557742848212273,0
5.3062214374935454e-05,0.0020366282736893784,0,1.3988197810161076,-0.9176465317578052,0
0.0002467667296894676,0.001921697646386854,0,1.3681199568820985,-0.878947400283133,0
0.00010092703940148798,0.0015978975605144246,0,1.3374190702461695,-0.8401337787239325,0
0.00038713072945865826,0.0013182331180354322,0,1.3066951378897946,-0.8012500756252092,0
0.00035838223934522867,0.0010772537925111344,0,1.2759793620884516,-0.7623789861215869,0
0.00016291086654630517,0.0011187240493531752,0,1.2453013003900395,-0.723538411666666,0
0.0005684666994384413,0.000977525980691501,0,1.2146563958796566,-0.6847226411054841,0
0.0004492817834685356,0.0002394669389336234,0,1.1839693460500356,-0.6459818153175612,0
-0.0006897694710386749,0.0018115088628832667,0,1.1536334045363275,-0.607231544635011,0
0.005193763644894974,-0.0010586456688410685,0,1.1235534294985556,-0.5688032766987927,0
-0.011364383157180292,0.00521530821123563,0,1.0931193892350886,-0.5305982052874262,0
0.029954556968739464,-0.012264273111274579,0,1.0626625393001545,-0.49221857479215053,0
-0.07901648191499391,0.03151426909558708,0,1.031908809802538,-0.45375032667121235,0
0.17420642883904167,-0.07022598285935626,0,1.001866854700305,-0.4149868402147688,0
-0.16799551639718693,0.06536352129331661,0,0.9716515897092131,-0.37546153235482976,0
-1.2184396227485728,0.4346790141910906,0,0.9415440648596893,-0.33688985429587076,0
-1.2433558355470626,-0.37160441726328175,0,0.9569403354952272,0.2902846780356865,0
-0.16545340065545314,-0.06454072309741468,0,0.988621768544347,0.3284235297700591,0
0.1706208551627742,0.06480448710311527,0,1.019673849172359,0.3680458222700121,0
-0.07809778295485016,-0.03467896615083522,0,1.050449362035585,0.4080179759357596,0
0.029561509300630635,0.012182721696471756,0,1.080841708765238,0.4465283043579725,0
-0.009629353376237862,-0.004676029724885509,0,1.111404626900642,0.4850823069362518,0
0.0035957922667433136,0.0009224059431409196,0,1.141913584483162,0.5236219767656425,0
-0.0012485691378482705,-0.0008638822146306856,0,1.17221977553109,0.5618783883164289,0
0.000566206135237246,-0.00033297480408738526,0,1.202587173268586,0.6003896438029138,0
0.0003143805350400906,-0.0008710670819259334,0,1.232954919999939,0.6390321440222387,0
0.00022309185267541817,-0.0008205967654615591,0,1.26359156723466,0.6776564015804263,0
0.0004922306406362622,-0.000931205915462907,0,1.294256544804198,0.7163847937734591,0
0.0002838478465398017,-0.0013566082996129775,0,1.32494850419733,0.7552346740026504,0
0.000367772015968785,-0.0013892370801444555,0,1.355668222801537,0.7941288541434652,0
0.0005909394871136006,-0.001760954062235931,0,1.386381674563737,0.8330089197864607,0
0.00024146818257185938,-0.00207032428047968,0,1.417039144883196,0.8717536437363365,0
0.0004403115670382536,-0.002760902542668176,0,1.447694787902352,0.9104239655038596,0
0.00016219976098405496,-0.003117863796079522,0,1.478366484011826,0.9486054715424805,0
0.0004976186359741191,-0.0042683673421709915,0,1.52710114529763,0.9413242710186289,0
0.0002960726014383425,-0.004019207365625911,0,1.557467892698426,0.9796895472987065,0
-2.422173082712711e-05,-0.007921928713908724,0,1.585133052821721,1.017297515329051,0
-0.0015408060932165322,0.0006468889337211993,0,1.628061441032004,1.01156330381897,0
0.003258844023837426,-0.014462532201946774,0,1.670406140061546,1.021220693999315,0
0.020070734512281124,-0.0038322766263484903,0,1.689707131144692,1.069995238755189,0
-0.01640166401064329,0.003784548705185687,0,1.5816588031632806,-1.149486590755376,0
0.00014045190583218217,0.003260660326116261,0,1.5331860065540175,-1.154951240642576,0
-0.002740121158571829,0.0026718068316888954,0,1.5030160473399445,-1.1171787664099588,0
-0.0010058564582855031,0.002601117961634709,0,1.4723673738266576,-1.0784979815361528,0
-0.00099566555132059,0.002919234790347315,0,1.4417874534395556,-1.0397778863928309,0
-0.0003999725699252155,0.0023790484042495214,0,1.4111741489903105,-1.0009250430854608,0
-0.0001745285418302051,0.0022931946046714524,0,1.3805933683904286,-0.9629108655293452,0
-6.858856150117246e-05,0.002100715702233297,0,1.3498765079168826,-0.9247762276904183,0
5.311892806875269e-05,0.0015011512242796845,0,1.3191457062150866,-0.886148881806738,0
0.0002755983608525402,0.001555836335113449,0,1.2884168824373485,-0.8472911698935415,0
4.6318947918683264e-05,0.001077356793144682,0,1.2576940597915365,-0.8084123219822719,0
0.00027751471760233484,0.001092378643184101,0,1.2269854415297266,-0.7695423575567126,0
0.00037009072157699445,0.0007412074023996585,0,1.1963007167111266,-0.7306922949542709,0
-0.00014947865639716905,0.0006666299103486319,0,1.1656636937524196,-0.6918503760138932,0
0.00014884967439924538,0.0017113161791096525,0,1.1352268274397046,-0.6530157385484701,0
0.001973208141207013,-0.0017912966431485558,0,1.1050348978716236,-0.6144161180048073,0
-0.01086582418015696,0.005068762731414168,0,1.0747444034304325,-0.5760366303895526,0
0.032945875762059436,-0.009468013526597163,0,1.0443954244305536,-0.5379745258904919,0
-0.07487096498418161,0.03635139338180738,0,1.0131041598173947,-0.4997707221212975,0
0.16252667374528065,-0.07330899108360765,0,0.9813884521041307,-0.46154206204375114,0
-0.16395288482006623,0.07098860707296152,0,0.952777303630683,-0.42160120269297785,0
-1.1954072336520192,0.49069506715180694,0,0.9238795320956876,-0.38268343336843463,0
0.00366569196897542,-0.0140937598765305,0,1.6064150634641177,-1.1913986083068828,0
-1.218439622749794,-0.4346790141894205,0,0.9415440648596896,0.3368898542958703,0
-0.16799551639808355,-0.06536352129334812,0,0.9716515897092133,0.3754615323548292,0
0.17420642883981802,0.07022598285960598,0,1.001866854700305,0.4149868402147682,0
-0.07901648191451348,-0.03151426909534032,0,1.031908809802538,0.4537503266712118,0
0.029954556968692408,0.012264273110266276,0,1.062662539300155,0.49221857479215,0
-0.01136438315674876,-0.005215308210830853,0,1.093119389235089,0.5305982052874255,0
0.005193763644410485,0.0010586456699311435,0,1.123553429498556,0.568803276698792,0
-0.0006897694720354459,-0.0018115088628776342,0,1.153633404536328,0.6072315446350103,0
0.0004492817838534562,-0.00023946693844181083,0,1.183969346050036,0.6459818153175605,0
0.0005684666987793564,-0.0009775259805275109,0,1.214656395879657,0.6847226411054834,0
0.00016291086596058354,-0.0011187240490765301,0,1.24530130039004,0.7235384116666653,0
0.0003583822386168453,-0.0010772537929720327,0,1.275979362088452,0.7623789861215863,0
0.00038713073097292744,-0.0013182331175461766,0,1.306695137889795,0.8012500756252086,0
0.00010092703952666846,-0.0015978975612173153,0,1.33741907024617,0.8401337787239318,0
0.00024676672985990254,-0.001921697646046192,0,1.368119956882099,0.8789474002831323,0
5.306221392192449e-05,-0.0020366282746476037,0,1.398819781016108,0.9176465317578045,0
-0.00027950386470148713,-0.0026623808857283043,0,1.429544280043172,0.9557742848212266,0
2.839589485857264e-05,-0.0027653070595242885,0,1.460050818167383,0.9939633458298467,0
-0.0008745026055765009,-0.0031206600606699156,0,1.508902454752816,0.9868807959089332,0
-0.0001934056132223226,-0.0039665787685574504,0,1.538643806422348,1.02523141012967,0
-0.003784903326968346,-0.004948890438365707,0,1.566990413645044,1.062504596547499,0
0.005215128383321888,-0.003464836013920989,0,1.604354948365727,1.052385987688946,0
-0.005949906082634757,-0.0221868822294035,0,1.642990232530535,1.060386865914089,0
0.0076620707666035055,0.002588406504305548,0,1.662939225234738,1.11114046509687,0
-0.007796072495784098,-0.006268522860648658,0,1.5596798329616686,-1.1918253310997309,0
0.0017166008969204472,-0.003310299846343196,0,1.5142806759269245,-1.2000688964965518,0
-0.0011137439010895404,0.0019347710807572824,0,1.4849020148823835,-1.16293511888941,0
-0.0018282590028800964,0.0027898453341232013,0,1.4543092476129615,-1.124362029709829,0
-0.0008899609080446833,0.0024073674528896044,0,1.4235540481775786,-1.0857337865222758,0
-0.0006721922864258617,0.0025771887293573846,0,1.3928581946686636,-1.046918742513807,0
-0.0004679683777079262,0.002190147116565235,0,1.3621722235925005,-1.008027093324392,0
-0.00038383004402535486,0.0018170244916874518,0,1.3315456465566486,-0.9700535395640821,0
-0.0001443863068480943,0.0017671685568977128,0,1.3009381800132747,-0.9320499721060276,0
-6.175391652552982e-06,0.0014588773069139011,0,1.2702721379983346,-0.8932423498421289,0
-0.0002598646002777794,0.0011595570476308915,0,1.2394093715624717,-0.8544583756322541,0
0.0003652151294569654,0.0013669828669115047,0,1.2086577201513367,-0.8155845120746195,0
-0.0002355388682299656,0.0007034051447569629,0,1.1779431754780276,-0.7766946736178237,0
0.00010842920101707156,0.001035172324223782,0,1.1472542932368905,-0.7378053097650462,0
0.000693164400212906,0.0008961993530736456,0,1.1165241435797546,-0.6989262942126997,0
0.0005690037782502635,-0.0018948050214379582,0,1.0862786488067346,-0.6601103463079516,0
-0.004156671578941659,0.007916428717260626,0,1.0556809766282136,-0.621580747929533,0
0.02399636027421866,-0.015567540368746883,0,1.0250348469647776,-0.5832219715065896,0
-0.08290766977372711,0.029217573645882417,0,0.9927589581188687,-0.5454051006855598,0
0.15965798355693353,-0.08454046894583599,0,0.9587496398174935,-0.5078971467827027,0
-0.14865792551725487,0.07651886601864377,0,0.930545978546752,-0.46783291156277945,0
-1.1694859804339726,0.5654495583805929,0,0.9039892927095288,-0.42755509430543087,0
0.009992490431184673,-0.013759671834770388,0,1.5766928556293016,-1.230463180679341,0
-1.1954072336530432,-0.4906950671526629,0,0.9238795320956878,0.3826834333684342,0
-0.16395288482123935,-0.07098860707377881,0,0.9527773036306832,0.4216012026929774,0
0.162526673746074,0.07330899108535548,0,0.981388452104131,0.4615420620437506,0
-0.07487096498526571,-0.03635139338242241,0,1.013104159817395,0.4997707221212969,0
0.0329458757624051,0.009468013527044943,0,1.044395424430554,0.5379745258904914,0
-0.010865824180054582,-0.005068762731174837,0,1.074744403430433,0.5760366303895521,0
0.0019732081418518837,0.0017912966420714964,0,1.105034897871624,0.6144161180048067,0
0.000148849674986374,-0.0017113161793909342,0,1.135226827439705,0.6530157385484694,0
-0.0001494786561913542,-0.0006666299101672778,0,1.16566369375242,0.6918503760138925,0
0.00037009072196262136,-0.0007412074022404404,0,1.196300716711127,0.7306922949542702,0
0.0002775147173293421,-0.0010923786432015835,0,1.226985441529727,0.769542357556712,0
4.631894669955761e-05,-0.0010773567924698482,0,1.257694059791537,0.8084123219822712,0
0.00027559835999802667,-0.0015558363353319442,0,1.288416882437349,0.8472911698935408,0
5.311892848473415e-05,-0.0015011512240802989,0,1.319145706215087,0.8861488818067373,0
-6.858856121934515e-05,-0.0021007157024278537,0,1.349876507916883,0.9247762276904177,0
-0.00017452854224833474,-0.002293194604317718,0,1.380593368390429,0.9629108655293446,0
-0.0003999725700287311,-0.0023790484043379654,0,1.411174148990311,1.00092504308546,0
-0.0009956655512622277,-0.002919234790570816,0,1.441787453439556,1.03977788639283,0
-0.0008074468416896756,-0.003997406062204762,0,1.490533323589698,1.032615447230731,0
-0.0019628719048710064,-0.004039290227854237,0,1.52083760122958,1.071187152936917,0
-1.384951002853862e-05,-0.0012238991575819352,0,1.551290815167418,1.109385153671946,0
-0.011189343020764176,-0.010791817639676087,0,1.601682257863473,1.099540359528464,0
0.009187785595766624,0.002588045661940701,0,1.635169626883073,1.151616382012288,0
-0.0003602493548823885,0.00894382294384379,0,1.5388304607453596,-1.2315959561210519,0
0.0007755949923604561,0.008253517713323678,0,1.4993387059434995,-1.2531333301774619,0
-0.0018433419683412998,0.0023132746139788098,0,1.4662898363627936,-1.2097062774389709,0
-0.0008467071603599514,0.0027638378010455193,0,1.4362801888545995,-1.170131557713056,0
-0.0010214573423521897,0.0023984286728351797,0,1.4056813628646796,-1.13150889331326,0
-0.0009366547399153781,0.002213287113700118,0,1.3745837236801295,-1.092961038993989,0
-0.0010878373284821477,0.0018921286099663228,0,1.3438173532298416,-1.0540797085920959,0
-0.0005446723486760746,0.001865949947717287,0,1.3130555846502745,-1.0152196336265098,0
-0.0003622337622607596,0.0014301054746457906,0,1.2824961388980125,-0.9772008524625796,0
-0.0001390189535068008,0.0013069597103339892,0,1.2520776212845806,-0.9386685172308541,0
-0.00014115653757134595,0.001359666257420757,0,1.2212340356289766,-0.9002239384997027,0
0.0002444091947679854,0.0005652368886594753,0,1.1903396385189156,-0.8616452898421839,0
0.00013029624303175394,0.000397167874719186,0,1.1596041835050916,-0.822759787534362,0
0.0012416940158615053,0.0018936892563136724,0,1.1288722858986375,-0.7838470865153422,0
0.0006003667070278316,-0.00010234392487223452,0,1.0981703627765915,-0.7449331261542017,0
-0.001604895134903074,0.0018055368182866545,0,1.0674630612470475,-0.7060440298136837,0
0.001469161772772333,0.0051624444945692185,0,1.0370883386700325,-0.6672421139883854,0
0.006195637797015158,-0.01574235263885725,0,1.0059047240256815,-0.628457307379912,0
-0.036733450893152775,0.05291927610318465,0,0.9734586599499813,-0.5901000355418007,0
0.14441845858402924,-0.0772031590043433,0,0.936128057485337,-0.5517769301698238,0
-0.15526347224802675,0.09736152883389441,0,0.9068094239343709,-0.5137011943355826,0
-1.1940022133777113,0.60942545175496,0,0.881921263962018,-0.47139673754878353,0
0.02430350689054719,-0.010996144368889134,0,1.5460209070286595,-1.268786567957859,0
-1.169485980435257,-0.5654495583829526,0,0.903989292709529,0.4275550943054304,0
-0.1486579255164504,-0.07651886601763314,0,0.9305459785467523,0.467832911562779,0
0.15965798355726687,0.08454046894518305,0,0.9587496398174937,0.5078971467827023,0
-0.08290766977417818,-0.029217573646618776,0,0.9927589581188689,0.5454051006855594,0
0.023996360274724668,0.015567540370167469,0,1.025034846964778,0.5832219715065892,0
-0.0041566715800748985,-0.007916428717471401,0,1.055680976628214,0.6215807479295326,0
0.0005690037774368452,0.0018948050214137241,0,1.086278648806735,0.660110346307951,0
0.0006931644005661744,-0.0008961993518634309,0,1.116524143579755,0.698926294212699,0
0.00010842920054724771,-0.0010351723248062104,0,1.147254293236891,0.7378053097650455,0
-0.00023553886757691017,-0.0007034051451396379,0,1.177943175478028,0.7766946736178231,0
0.0003652151300699874,-0.0013669828669484727,0,1.208657720151337,0.8155845120746188,0
-0.0002598646001816902,-0.0011595570472714082,0,1.239409371562472,0.8544583756322535,0
-6.17539276644586e-06,-0.0014588773070645191,0,1.270272137998335,0.8932423498421282,0
-0.00014438630747994855,-0.0017671685563186523,0,1.300938180013275,0.9320499721060269,0
-0.00038383004407866,-0.0018170244915682002,0,1.331545646556649,0.9700535395640815,0
-0.00046796837815662453,-0.00219014711599822,0,1.362172223592501,1.008027093324391,0
-0.0006721922873418992,-0.0025771887298199365,0,1.392858194668664,1.046918742513806,0
-0.0008899609077626158,-0.0024073674522585484,0,1.423554048177579,1.085733786522275,0
-0.0010058564582896756,-0.0026011179613919006,0,1.472367373826658,1.078497981536152,0
-0.0027401211585998983,-0.002671806831765555,0,1.503016047339945,1.117178766409958,0
0.00014045190546901033,-0.003260660326720176,0,1.533186006554018,1.154951240642575,0
-0.01640166401098155,-0.0037845487059723444,0,1.581658803163281,1.149486590755375,0
0.003665691969867088,0.014093759876595084,0,1.606415063464118,1.191398608306882,0
0.0012029701287732746,0.0027294226491641634,0,1.4450961056802756,-1.2547487527514258,0
-0.001724834221730736,0.0008790508355166419,0,1.4167905016275866,-1.2152428206017958,0
-0.0008870245988095794,0.002635462351342569,0,1.3873059271990265,-1.1759398820576639,0
-0.0017360717054670464,0.00170735897874368,0,1.3566939108633256,-1.1381324890747588,0
-0.0004461316873955092,0.0026069628984845008,0,1.3255134555286276,-1.1002002349559228,0
-8.345802373514419e-06,0.0016945585471297969,0,1.2947006750712786,-1.0612567439468203,0
-0.0010363194847556709,0.002777722728168435,0,1.2639901261585635,-1.0224264714663105,0
-0.00022276567222817055,0.0014651088005748312,0,1.2333387617123885,-0.9837053122634674,0
-0.0011448831298300302,0.0007406173933896975,0,1.2026530697325695,-0.9454225379161181,0
-0.0007418069833694037,0.0027750951287552708,0,1.1720005014611146,-0.907435522928018,0
-0.0011773037695307974,0.0006665969033482082,0,1.1412819189335406,-0.8689016698785659,0
0.0003768128514877345,0.0014270543536996892,0,1.1105145298528376,-0.829947666843057,0
-0.0030732993754601433,-0.0008290562681883902,0,1.0799691056849616,-0.7908903660962954,0
0.0015175963825428166,0.004088948300605802,0,1.0491298840667835,-0.7520700421140403,0
0.005752715977138193,-0.007885310997107804,0,1.0184274622854586,-0.7131756912586309,0
-0.005440235524344099,0.008053614718783094,0,0.9876834621372893,-0.6743661377210697,0
0.0033903653798712527,-0.012770353949908832,0,0.9569884918183369,-0.63559515716035,0
0.0629172390692584,-0.04503680067474415,0,0.9265112606822697,-0.5967194625730229,0
-0.10791101236960093,0.06577206856640957,0,0.8854187084023332,-0.5628629356729581,0
-1.0697804145723981,0.4996040929439663,0,0.8577286096775255,-0.5141027447316918,0
-0.007520973184324377,0.006458699728502649,0,1.4668515038325176,-1.2972295096967288,0
0.01133954941922724,0.00014321574878350222,0,1.5144176932427735,-1.3063456856411468,0
-1.1940022133800712,-0.6094254517556154,0,0.8819212639620182,0.4713967375487831,0
-0.15526347224782083,-0.09736152883305611,0,0.9068094239343711,0.5137011943355821,0
0.14441845858327487,0.07720315900427066,0,0.9361280574853372,0.5517769301698233,0
-0.03673345089267761,-0.052919276102648634,0,0.9734586599499815,0.5901000355418002,0
0.0061956377977122,0.015742352638221734,0,1.005904724025682,0.6284573073799116,0
0.0014691617729734906,-0.005162444495186553,0,1.037088338670033,0.667242113988385,0
-0.00160489513539225,-0.0018055368172561128,0,1.067463061247048,0.7060440298136833,0
0.0006003667064903148,0.00010234392469488649,0,1.098170362776592,0.744933126154201,0
0.001241694015146474,-0.0018936892561648936,0,1.128872285898638,0.7838470865153415,0
0.00013029624317194478,-0.0003971678743939118,0,1.159604183505092,0.8227597875343613,0
0.00024440919504576785,-0.0005652368887234614,0,1.190339638518916,0.8616452898421832,0
-0.00014115653690366666,-0.001359666258150009,0,1.221234035628977,0.9002239384997021,0
-0.00013901895303721832,-0.0013069597099816016,0,1.252077621284581,0.9386685172308534,0
-0.00036223376338714885,-0.0014301054749555097,0,1.282496138898013,0.9772008524625789,0
-0.0005446723479031754,-0.0018659499474804285,0,1.313055584650275,1.015219633626509,0
-0.0010878373280785942,-0.0018921286102934413,0,1.343817353229842,1.054079708592095,0
-0.0009366547409920043,-0.0022132871132859123,0,1.37458372368013,1.092961038993988,0
-0.001021457342945321,-0.002398428672955416,0,1.40568136286468,1.131508893313259,0
-0.0018282590026031025,-0.0027898453345337024,0,1.454309247612962,1.124362029709828,0
-0.001113743901703308,-0.0019347710805191064,0,1.484902014882384,1.162935118889409,0
0.00171660089649632,0.003310299846540418,0,1.514280675926925,1.200068896496551,0
-0.007796072496524523,0.006268522860846075,0,1.559679832961669,1.19182533109973,0
0.009992490430108735,0.01375967183600991,0,1.576692855629302,1.23046318067934,0
0.0016911985007693146,0.00802370075623014,0,1.3957699035847395,-1.25512730188083,0
-0.0032058223632709343,0.0009310028823178095,0,1.4159628803086406,-1.2941161931655019,0
-0.008305610384089961,0.006589588661323282,0,1.4340531810288055,-1.3321672493269339,0
0.011338171157029888,-0.0035306868833391105,0,1.4819022508391175,-1.343117909551487,0
-0.002072130411107247,0.0034705024669077723,0,1.3705460330161896,-1.2177970900904989,0
-0.0011865662550410749,0.0029199226253844393,0,1.3397632023767905,-1.180148122371799,0
-0.0003400909737227847,0.002437150274614889,0,1.3075804978989876,-1.1445467533678668,0
-0.0031529672479258405,0.001387130010657291,0,1.2765426724420306,-1.1075240274466884,0
-0.000522170223303453,0.0006016301042234297,0,1.2460205018494226,-1.0683035269902534,0
-0.00020250699369268497,-0.00012945363201180468,0,1.2150616490964645,-1.0292046391021474,0
-0.0003593856083865331,0.0017912588491846703,0,1.1832732420570176,-0.9918263606010757,0
0.0024758812864211846,-0.0009793258874438316,0,1.1525894798096505,-0.9538778719754057,0
0.0011550582216975135,-2.732591890877768e-05,0,1.1228879746071885,-0.9148550177960544,0
0.0031197498079943843,0.002074095029492961,0,1.0921334451713196,-0.8761097144326557,0
0.0003408367227954941,0.0001681746430104704,0,1.0638007667577536,-0.8365872251933941,0
0.0001394559967167893,0.0008680469054466807,0,1.0316942551894785,-0.7974053266449981,0
-0.00188897123348013,-0.003772973349090535,0,1.0007220289983836,-0.7587033262266148,0
-0.018406462504470887,0.020430943434519056,0,0.9691573965762529,-0.720508917784392,0
0.03144997436007121,-0.02829163236978847,0,0.9383748880661854,-0.6817563194080365,0
-0.1094326227669462,0.08624568161459797,0,0.9102342841420918,-0.6434724295602687,0
0.1774883802098426,-0.131572751775678,0,0.8888238183250659,-0.609270641144163,0
-0.12654289211259548,0.12094175492873345,0,0.8491017720403065,-0.6024251021860325,0
-0.9282836599341621,0.7725149843899363,0,0.8314696120142534,-0.5555702334510616,0
-1.069780414573407,-0.4996040929438721,0,0.8577286096775257,0.5141027447316914,0
-0.10791101236904466,-0.06577206856645768,0,0.8854187084023334,0.5628629356729576,0
0.0629172390681103,0.0450368006750095,0,0.92651126068227,0.5967194625730224,0
0.003390365379568288,0.012770353950271485,0,0.9569884918183371,0.6355951571603495,0
-0.005440235524561678,-0.008053614718149143,0,0.9876834621372895,0.6743661377210692,0
0.005752715977652949,0.007885310996930298,0,1.018427462285459,0.7131756912586305,0
0.0015175963834312594,-0.004088948300880521,0,1.049129884066784,0.7520700421140398,0
-0.0030732993751781817,0.0008290562675714309,0,1.079969105684962,0.7908903660962947,0
0.0003768128508615287,-0.001427054353276672,0,1.110514529852838,0.8299476668430563,0
-0.001177303770203008,-0.0006665969024281918,0,1.141281918933541,0.8689016698785652,0
-0.0007418069846397946,-0.002775095128725451,0,1.172000501461115,0.9074355229280173,0
-0.0011448831298491047,-0.0007406173930721095,0,1.20265306973257,0.9454225379161174,0
-0.00022276567147246618,-0.0014651087999536928,0,1.233338761712389,0.9837053122634667,0
-0.0010363194855315051,-0.0027777227287207064,0,1.263990126158564,1.02242647146631,0
-8.34580306010417e-06,-0.0016945585468437824,0,1.294700675071279,1.06125674394682,0
-0.0004461316867535207,-0.0026069628978278117,0,1.325513455528628,1.100200234955922,0
-0.0017360717060510226,-0.001707358979185415,0,1.356693910863326,1.138132489074758,0
-0.0008870245989788651,-0.0026354623508051183,0,1.387305927199027,1.175939882057663,0
-0.0008467071603389907,-0.002763837800236138,0,1.4362801888546,1.170131557713055,0
-0.0018433419690582664,-0.0023132746145249064,0,1.466289836362794,1.20970627743897,0
0.000775594992574607,-0.008253517713089405,0,1.4993387059435,1.253133330177461,0
-0.000360249355224921,-0.00894382294344545,0,1.53883046074536,1.231595956121051,0
0.02430350688971725,0.010996144368907551,0,1.54602090702866,1.268786567957858,0
-0.0048255601903067265,0.0031339132432944465,0,1.3627062966573875,-1.292803663796984,0
0.006990649797263154,0.004267548532592272,0,1.3913002910681185,-1.332620681540113,0
-0.0069669648321359825,0.0072000342296598685,0,1.4137237695628766,-1.36410456120847,0
0.011434830089308538,-0.015249357918773132,0,1.4484941659090496,-1.37908108946771,0
-0.004090845851168347,-0.004895984021823203,0,1.3578554465306536,-1.2545290474322528,0
-0.0017002537528640587,-0.00019177925443313574,0,1.3272377574731975,-1.220703569410262,0
-0.0019101427909677124,0.0016423841117693685,0,1.2930438374665656,-1.1850054935467536,0
-2.549021557877371e-05,0.0005891128963512072,0,1.2612326793511746,-1.1508934126061734,0
0.0003156566273036889,0.0035167435215065477,0,1.2286978455988204,-1.1138145911334165,0
-0.00030917378264138143,0.0015926135217693308,0,1.1980425907076855,-1.0742707229086566,0
-0.003433713934214337,0.00524430580740391,0,1.1638414457043695,-1.0377908299233853,0
-0.005524724993747282,-0.0005066583450768095,0,1.1301329393687425,-1.0023575096202184,0
0.004566068452529702,0.0059191181842767945,0,1.1045891516312725,-0.9613702829909503,0
-0.006212108681621755,0.0008273253109045782,0,1.0786828492309446,-0.9225103656827297,0
-0.006645211369011662,0.002864591781360984,0,1.0497777463708255,-0.8860181591927341,0
0.008324359912281911,-0.0023408378605418154,0,1.0193124739850625,-0.8472118044562811,0
-0.00042265074691492016,0.0013201320800462577,0,0.9863205163877231,-0.8045138581986393,0
0.008230064418764905,0.0029981060999984778,0,0.9519444206344143,-0.767368790128495,0
0.03704526489212122,-0.029636910637326874,0,0.9191631266426115,-0.7308983563867075,0
-0.06241267062299698,0.06897019598956111,0,0.8828824922109068,-0.6932460691234077,0
0.16383615432196377,-0.16839860464215445,0,0.8646284560488969,-0.6464138720581948,0
-0.16388397619016168,0.1293041533410405,0,0.8199934384707415,-0.6399643707553332,0
-1.16233792317363,0.8571681596961038,0,0.8032075312539579,-0.5956993047980855,0
-0.9282836599342628,-0.7725149843908118,0,0.8314696120142536,0.5555702334510612,0
-0.12654289211231382,-0.12094175492912015,0,0.8491017720403067,0.6024251021860321,0
0.17748838021119617,0.13157275177537914,0,0.8888238183250661,0.6092706411441625,0
-0.10943262276671278,-0.08624568161459108,0,0.9102342841420921,0.6434724295602683,0
0.031449974359661625,0.028291632369772182,0,0.9383748880661856,0.681756319408036,0
-0.0184064625055332,-0.020430943434479026,0,0.9691573965762533,0.7205089177843915,0
-0.001888971233592937,0.0037729733496360083,0,1.000722028998384,0.7587033262266144,0
0.0001394559961338371,-0.0008680469050131172,0,1.031694255189479,0.7974053266449976,0
0.00034083672342522935,-0.0001681746428065492,0,1.063800766757754,0.8365872251933937,0
0.0031197498083233004,-0.002074095029495275,0,1.09213344517132,0.8761097144326551,0
0.0011550582224065596,2.7325918423702073e-05,0,1.122887974607189,0.9148550177960537,0
0.0024758812862136384,0.0009793258874169122,0,1.152589479809651,0.9538778719754051,0
-0.00035938560924302684,-0.0017912588481667645,0,1.183273242057018,0.991826360601075,0
-0.00020250699395678,0.00012945363163050457,0,1.215061649096465,1.029204639102147,0
-0.000522170223028874,-0.0006016301037059767,0,1.246020501849423,1.068303526990253,0
-0.003152967248801087,-0.001387130010637344,0,1.276542672442031,1.107524027446688,0
-0.00034009097330501127,-0.002437150274462945,0,1.307580497898988,1.144546753367866,0
-0.0011865662553666488,-0.002919922625149776,0,1.339763202376791,1.180148122371798,0
-0.0020721304115560147,-0.003470502467052454,0,1.37054603301619,1.217797090090498,0
-0.0017248342218560517,-0.0008790508358803413,0,1.416790501627587,1.215242820601795,0
0.0012029701282297357,-0.0027294226488342485,0,1.445096105680276,1.254748752751425,0
-0.007520973185061711,-0.006458699728382706,0,1.466851503832518,1.297229509696728,0
0.011339549419489491,-0.00014321574931225954,0,1.514417693242774,1.306345685641146,0
0.0003342500307867014,-0.00033425003018511826,0,1.3081475451948055,-1.3081475451948068,0
0.00014755929348973676,0.00767948593848094,0,1.3211105335975055,-1.2599334939023499,0
-0.0013695158143724317,0.0028616294797186924,0,1.2851171388757485,-1.2255534180193184,0
-0.002621043076282878,0.0035063551389477366,0,1.2497707904730475,-1.1941302515851955,0
-0.0021924621676780074,0.0019139505807224731,0,1.2151934864364755,-1.1585950273465915,0
-0.0016854124697095695,-9.364432546184367e-06,0,1.1800151818520885,-1.1213390154710905,0
-0.0018946877202416549,-0.00036343782306969897,0,1.1443210032213655,-1.0831088974383654,0
0.01016342585234923,-0.0032575232692536433,0,1.1089564630933055,-1.0477192195237583,0
-0.0030540732277662386,-0.0020032550397099916,0,1.0759837726798636,-1.0052139531441084,0
-0.006436711126634058,-0.0053880286741922355,0,1.0665298470616056,-0.9597710319208204,0
0.006389979595367637,-0.006539168655692344,0,1.0398384241686516,-0.9316621481000644,0
0.0002622295178090551,0.001996490294398438,0,1.0079905199259926,-0.8992448682242826,0
-0.005071145036482935,0.0015153941939280748,0,0.9769417357602939,-0.8570679705444985,0
0.0015763964360765064,-0.004061077791228794,0,0.942443683292193,-0.8204930068773177,0
-0.02018894315282459,0.012096287827044628,0,0.9079388928728449,-0.7865824468356316,0
-0.014919278268133407,0.0023438234146115466,0,0.8742064999042057,-0.7520179854041951,0
0.03669936946459497,-0.06418829690138875,0,0.8334580074997097,-0.7162510893551987,0
-0.050898231774736326,0.0817616217025295,0,0.7932012235640863,-0.6823007305662934,0
0.17536963657295854,-0.09110395977481789,0,0.8388327235588683,-0.6756352263716856,0
-0.004379405700238645,0.004379405700639693,0,1.3435028842542645,-1.343502884254265,0
-0.008046532206723907,0.008046532208275677,0,1.3788582233136795,-1.3788582233136808,0
0.0036283595078118545,-0.00362835950663303,0,1.414213562373094,-1.4142135623730958,0
-1.0264813239816213,0.6700622443690418,0,0.7730104532336319,-0.6343932843209605,0
-1.162337923175585,-0.8571681596971787,0,0.8032075312539582,0.5956993047980851,0
-0.16388397619155637,-0.12930415334025006,0,0.8199934384707417,0.6399643707553327,0
0.1638361543225294,0.1683986046426482,0,0.8646284560488972,0.6464138720581943,0
-0.06241267062208513,-0.06897019598957643,0,0.8828824922109072,0.6932460691234072,0
0.03704526489255505,0.029636910636941197,0,0.9191631266426119,0.7308983563867071,0
0.008230064418835956,-0.0029981060999340102,0,0.9519444206344148,0.7673687901284946,0
-0.0004226507467062688,-0.0013201320799191554,0,0.9863205163877236,0.8045138581986389,0
0.008324359910903089,0.002340837860454123,0,1.019312473985063,0.8472118044562806,0
-0.006645211368925826,-0.002864591780996755,0,1.049777746370826,0.8860181591927336,0
-0.006212108681014042,-0.0008273253118668527,0,1.078682849230945,0.922510365682729,0
0.004566068451975449,-0.0059191181839739326,0,1.104589151631273,0.9613702829909496,0
-0.005524724992765547,0.0005066583451424698,0,1.130132939368743,1.002357509620218,0
-0.0034337139340172187,-0.0052443058084424175,0,1.16384144570437,1.037790829923385,0
-0.0003091737826936035,-0.0015926135211783207,0,1.198042590707686,1.074270722908656,0
0.0003156566272002279,-0.0035167435214545455,0,1.228697845598821,1.113814591133416,0
-2.5490216241374025e-05,-0.0005891128964241294,0,1.261232679351175,1.150893412606173,0
-0.0019101427914645184,-0.0016423841113221906,0,1.293043837466566,1.185005493546753,0
-0.0017002537528193438,0.00019177925484498872,0,1.327237757473198,1.220703569410261,0
-0.0040908458518538375,0.004895984021348412,0,1.357855446530654,1.254529047432252,0
0.0016911985003352419,-0.008023700756046656,0,1.39576990358474,1.255127301880829,0
-0.0032058223629228087,-0.0009310028817931747,0,1.415962880308641,1.294116193165501,0
-0.008305610385341106,-0.006589588661893795,0,1.434053181028806,1.332167249326933,0
0.011338171156345557,0.0035306868835973666,0,1.481902250839118,1.343117909551486,0
-0.0023303804913727215,0.0023303804919280005,0,1.2727922061353776,-1.2727922061353785,0
7.66685865383964e-05,-7.66685864521581e-05,0,1.2374368670759757,-1.2374368670759754,0
3.0877609586853733e-06,-3.087760113409539e-06,0,1.2020815280165076,-1.2020815280165085,0
-0.001159457264701146,0.0011594572655737071,0,1.1667261889570795,-1.1667261889570804,0
-0.0015977700399157392,0.0015977700397757477,0,1.1313708498976425,-1.1313708498976434,0
-0.0023183064285168683,0.0023183064282184004,0,1.0960155108382275,-1.0960155108382283,0
-0.012435297244224078,0.01243529724486865,0,1.0606601717788346,-1.0606601717788344,0
0.010802488467019488,-0.01080248846848873,0,1.0253048327196095,-1.0253048327196104,0
0.0012905668063562163,0.015033264563773768,0,1.0335550375972975,-0.9780984096862496,0
0.0018718645940988064,-0.003421098941805503,0,0.9997839729035378,-0.9441475346320696,0
-0.002385071450862395,0.0032281884710511338,0,0.9655136764949123,-0.9074877267618234,0
0.0007780188051176715,0.0005759011730417367,0,0.9321043376152132,-0.870883925663483,0
0.002618835542007946,0.00044566369329231755,0,0.8964934793802919,-0.8358683332186897,0
0.020527448877979502,-0.02339859424895581,0,0.8611652052225958,-0.8004775023187745,0
-0.03806159816335994,0.08211720438053632,0,0.826003696343122,-0.764956643998985,0
0.13788905544066224,-0.17321840462802907,0,0.790758411560208,-0.7295211679907532,0
-0.38011012921033566,0.16207630364758457,0,0.7573438645274828,-0.7066264541838527,0
-0.738548816954696,1.1245297629353956,0,0.7409511253169007,-0.6715589548890095,0
-0.003133913242459751,0.00482556019089899,0,1.292803663796983,-1.3627062966573882,0
-0.004267548532360818,-0.006990649796396889,0,1.3326206815401112,-1.3913002910681196,0
-0.007200034229007728,0.006966964833170455,0,1.3641045612084683,-1.4137237695628777,0
0.015249357920280333,-0.011434830088387863,0,1.3790810894677084,-1.4484941659090507,0
-0.007679485937743369,-0.00014755929336930876,0,1.2599334939023488,-1.3211105335975062,0
-1.0264813239817712,-0.6700622443672978,0,0.7730104532336322,0.6343932843209601,0
-0.050898231774486956,-0.08176162170190383,0,0.7932012235640865,0.6823007305662929,0
0.03669936946238105,0.06418829690048936,0,0.8334580074997101,0.7162510893551982,0
-0.01491927826763809,-0.0023438234140024466,0,0.8742064999042062,0.7520179854041946,0
-0.020188943152849696,-0.012096287826525224,0,0.9079388928728453,0.7865824468356312,0
0.0015763964354968318,0.00406107779075455,0,0.9424436832921934,0.8204930068773173,0
-0.0050711450349521505,-0.001515394193498011,0,0.9769417357602943,0.857067970544498,0
0.00026222951703515004,-0.0019964902948592642,0,1.007990519925993,0.8992448682242822,0
0.006389979594596404,0.006539168655518914,0,1.039838424168652,0.931662148100064,0
-0.0064367111262173225,0.005388028676099354,0,1.066529847061606,0.9597710319208199,0
-0.0030540732288000475,0.0020032550396223217,0,1.075983772679864,1.005213953144108,0
0.010163425851577952,0.0032575232691896025,0,1.108956463093306,1.047719219523758,0
-0.0018946877201968186,0.0003634378237304248,0,1.144321003221366,1.083108897438365,0
-0.0016854124694408582,9.36443215077336e-06,0,1.180015181852089,1.12133901547109,0
-0.0021924621678214864,-0.0019139505804593923,0,1.215193486436476,1.158595027346591,0
-0.002621043076434494,-0.003506355138199535,0,1.249770790473048,1.194130251585195,0
-0.001369515814839956,-0.002861629479822355,0,1.285117138875749,1.225553418019318,0
0.0001475592929126498,-0.00767948593828374,0,1.321110533597506,1.259933493902349,0
-0.004825560190673347,-0.003133913242879928,0,1.362706296657388,1.292803663796983,0
0.0069906497970782045,-0.004267548532751358,0,1.391300291068119,1.332620681540112,0
-0.006966964831578532,-0.007200034229426943,0,1.413723769562877,1.364104561208469,0
0.01143483008858526,0.015249357920193751,0,1.44849416590905,1.379081089467709,0
0.17536963657202964,0.0911039597758417,0,0.8388327235588685,0.6756352263716852,0
-0.0028616294796363836,0.0013695158154833273,0,1.2255534180193177,-1.2851171388757492,0
-0.0035063551385500287,0.002621043076130704,0,1.194130251585195,-1.2497707904730482,0
-0.0019139505806538785,0.0021924621673738813,0,1.1585950273465906,-1.2151934864364764,0
9.364432068880423e-06,0.0016854124703884065,0,1.1213390154710896,-1.1800151818520892,0
0.0003634378240841607,0.001894687720986011,0,1.0831088974383647,-1.1443210032213662,0
0.0032575232693783603,-0.01016342585258137,0,1.0477192195237577,-1.1089564630933062,0
0.0020032550392165903,0.0030540732291196703,0,1.0052139531441076,-1.0759837726798642,0
-0.015033264562258885,-0.0012905668061049887,0,0.9780984096862491,-1.0335550375972982,0
-0.00382988519503433,0.0038298851946452434,0,0.989949493660392,-0.9899494936603928,0
-0.0004477722849415955,0.0004477722857305113,0,0.9545941546011264,-0.9545941546011272,0
0.0011451432558859992,-0.0011451432551923431,0,0.9192388155419368,-0.9192388155419375,0
0.003162512219087011,-0.0031625122192264978,0,0.8838834764827449,-0.8838834764827457,0
-0.014718724735494678,0.014718724736166002,0,0.8485281374235487,-0.8485281374235495,0
0.02647351430374343,-0.026473514304038378,0,0.8131727983643525,-0.8131727983643533,0
-0.0407371966910132,0.04073719669026827,0,0.7778174593051195,-0.7778174593051203,0
0.11211238550565387,-0.11211238550400518,0,0.7424621202458409,-0.7424621202458417,0
-0.8757724837343553,0.8757724837356002,0,0.7071067811865471,-0.7071067811865479,0
-0.0009310028817943621,0.0032058223639039023,0,1.2941161931655003,-1.4159628803086415,0
-0.00802370075568173,-0.0016911984999665641,0,1.2551273018808287,-1.3957699035847402,0
0.0048959840216096125,0.004090845852615977,0,1.2545290474322517,-1.3578554465306543,0
0.00019177925510292232,0.0017002537526571554,0,1.2207035694102608,-1.3272377574731982,0
-0.006589588661445708,0.008305610385930433,0,1.3321672493269323,-1.4340531810288066,0
0.003530686884157785,-0.01133817115650724,0,1.3431179095514854,-1.4819022508391186,0
-0.7385488169518076,-1.1245297629352833,0,0.7409511253169009,0.6715589548890091,0
-0.380110129209366,-0.16207630365027725,0,0.7573438645274833,0.7066264541838523,0
0.1378890554418814,0.1732184046276653,0,0.7907584115602084,0.7295211679907527,0
-0.0380615981643611,-0.08211720437992152,0,0.8260036963431224,0.7649566439989846,0
0.02052744887805196,0.02339859424911607,0,0.8611652052225962,0.800477502318774,0
0.002618835541694295,-0.00044566369310703396,0,0.8964934793802923,0.8358683332186893,0
0.0007780188042642724,-0.000575901172852489,0,0.9321043376152136,0.8708839256634826,0
-0.0023850714498820044,-0.003228188471558551,0,0.9655136764949127,0.907487726761823,0
0.0018718645938316668,0.0034210989423408447,0,0.9997839729035383,0.9441475346320691,0
0.0012905668060101325,-0.01503326456246238,0,1.033555037597298,0.9780984096862492,0
0.010802488467802147,0.01080248846669768,0,1.02530483271961,1.02530483271961,0
-0.012435297243546634,-0.012435297244057425,0,1.060660171778835,1.060660171778834,0
-0.0023183064293905453,-0.0023183064282764265,0,1.096015510838228,1.096015510838228,0
-0.0015977700401724108,-0.0015977700393837247,0,1.131370849897643,1.131370849897643,0
-0.0011594572647497996,-0.001159457264752795,0,1.16672618895708,1.16672618895708,0
3.0877610235375183e-06,3.08776020355217e-06,0,1.202081528016508,1.202081528016508,0
7.666858619747329e-05,7.666858588702987e-05,0,1.237436867075976,1.237436867075975,0
-0.002330380491218343,-0.002330380491370385,0,1.272792206135378,1.272792206135378,0
0.0003342500303069721,0.0003342500304095968,0,1.308147545194806,1.308147545194806,0
-0.004379405701022235,-0.004379405700026079,0,1.343502884254265,1.343502884254264,0
-0.00804653220801151,-0.008046532207720945,0,1.37885822331368,1.37885822331368,0
0.003628359507950648,0.003628359506821451,0,1.414213562373095,1.414213562373095,0
-0.0016423841115659951,0.0019101427917855805,0,1.1850054935467529,-1.2930438374665663,0
-0.0029199226253873644,0.0011865662558248112,0,1.180148122371798,-1.3397632023767911,0
-0.0034705024668133665,0.0020721304117772717,0,1.217797090090498,-1.3705460330161903,0
-0.000879050836030079,0.001724834222465095,0,1.2152428206017942,-1.4167905016275872,0
-0.002729422648795412,-0.0012029701279086642,0,1.2547487527514245,-1.4450961056802762,0
-0.006458699728385246,0.007520973185400159,0,1.2972295096967272,-1.4668515038325183,0
-0.00014321574961342169,-0.011339549418581979,0,1.3063456856411453,-1.5144176932427742,0
-0.0005891128966596883,2.5490216319502765e-05,0,1.1508934126061727,-1.2612326793511754,0
-0.0035167435210073763,-0.00031565662799472267,0,1.1138145911334159,-1.2286978455988211,0
-0.001592613520921195,0.0003091737832161058,0,1.0742707229086559,-1.1980425907076864,0
-0.005244305808465066,0.003433713934708336,0,1.037790829923385,-1.1638414457043702,0
0.0005066583457896364,0.005524724993282078,0,1.002357509620218,-1.1301329393687432,0
-0.0059191181837646096,-0.004566068452024326,0,0.9613702829909492,-1.1045891516312734,0
0.005388028676262054,0.006436711126454093,0,0.9597710319208199,-1.0665298470616065,0
0.006539168655116174,-0.006389979594985627,0,0.9316621481000638,-1.0398384241686522,0
0.003421098942284772,-0.0018718645940629759,0,0.9441475346320689,-0.9997839729035386,0
-0.0032281884714184584,0.0023850714507575566,0,0.9074877267618228,-0.965513676494913,0
-0.0005759011734536168,-0.0007780188046612427,0,0.8708839256634824,-0.9321043376152139,0
-0.00044566369296728626,-0.002618835542779842,0,0.8358683332186891,-0.8964934793802927,0
0.02339859424915926,-0.020527448877853877,0,0.8004775023187738,-0.8611652052225965,0
-0.08211720437971065,0.038061598164433386,0,0.7649566439989844,-0.8260036963431228,0
0.1732184046288505,-0.1378890554410978,0,0.7295211679907525,-0.7907584115602088,0
-0.162076303649297,0.3801101292097448,0,0.7066264541838521,-0.7573438645274836,0
-1.1245297629359214,0.738548816952663,0,0.6715589548890087,-0.7409511253169012,0
-0.8757724837362582,-0.8757724837344593,0,0.7071067811865476,0.7071067811865475,0
0.1121123855044636,0.11211238550536473,0,0.7424621202458414,0.7424621202458412,0
-0.04073719668984761,-0.04073719669006223,0,0.7778174593051199,0.7778174593051198,0
0.02647351430361894,0.02647351430317553,0,0.813172798364353,0.8131727983643529,0
-0.014718724735258338,-0.014718724735653504,0,0.8485281374235492,0.848528137423549,0
0.0031625122190951506,0.0031625122196597406,0,0.8838834764827453,0.8838834764827452,0
0.001145143254527802,0.001145143254880583,0,0.9192388155419372,0.9192388155419371,0
-0.00044777228485440534,-0.0004477722846518973,0,0.9545941546011268,0.9545941546011267,0
-0.0038298851946146693,-0.003829885194713417,0,0.9899494936603924,0.9899494936603923,0
-0.015033264563748526,0.0012905668055437716,0,0.9780984096862495,1.0335550375972977,0
0.0020032550392627855,-0.003054073228105464,0,1.005213953144108,1.0759837726798638,0
0.003257523269655187,0.010163425852634805,0,1.0477192195237581,1.1089564630933058,0
0.00036343782404802696,-0.0018946877211943587,0,1.0831088974383651,1.1443210032213658,0
9.364431785967428e-06,-0.0016854124698507274,0,1.12133901547109,1.1800151818520888,0
-0.0019139505808646953,-0.0021924621681467275,0,1.158595027346591,1.215193486436476,0
-0.003506355138071809,-0.00262104307619158,0,1.1941302515851955,1.2497707904730477,0
-0.0028616294798172338,-0.0013695158143575367,0,1.2255534180193182,1.2851171388757487,0
-0.007679485938728687,0.00014755929342581225,0,1.2599334939023492,1.3211105335975057,0
-0.0031339132423540447,-0.004825560190405253,0,1.2928036637969835,1.3627062966573877,0
-0.0042675485330731615,0.006990649796770181,0,1.332620681540112,1.3913002910681187,0
-0.00720003423047818,-0.0069669648329500735,0,1.3641045612084692,1.4137237695628768,0
0.015249357918681115,0.01143483008977899,0,1.3790810894677092,1.4484941659090498,0
-0.0024371502741251023,0.0003400909735198309,0,1.144546753367866,-1.3075804978989882,0
-0.001387130009794528,0.003152967249921804,0,1.1075240274466878,-1.2765426724420315,0
-0.0006016301040710292,0.0005221702230160249,0,1.068303526990253,-1.2460205018494233,0
0.000129453630728178,0.00020250699349922573,0,1.0292046391021468,-1.2150616490964652,0
-0.0017912588482222093,0.0003593856085061225,0,0.9918263606010744,-1.1832732420570184,0
0.000979325887520845,-0.0024758812863068607,0,0.9538778719754051,-1.1525894798096512,0
2.7325919146621878e-05,-0.001155058221670002,0,0.9148550177960535,-1.1228879746071891,0
-0.0008273253121632912,0.006212108681792862,0,0.9225103656827287,-1.0786828492309453,0
-0.0028645917807732244,0.006645211368940545,0,0.8860181591927334,-1.0497777463708262,0
-0.001996490294988171,-0.00026222951770760666,0,0.899244868224282,-1.0079905199259933,0
-0.0015153941933005485,0.005071145035810938,0,0.8570679705444977,-0.9769417357602946,0
0.004061077791161447,-0.0015763964347924153,0,0.8204930068773169,-0.9424436832921937,0
-0.0120962878262051,0.020188943152746514,0,0.786582446835631,-0.9079388928728456,0
-0.002343823414491473,0.014919278268054156,0,0.7520179854041945,-0.8742064999042065,0
0.06418829690073494,-0.03669936946346979,0,0.716251089355198,-0.8334580074997104,0
-0.08176162170279026,0.05089823177515538,0,0.6823007305662926,-0.7932012235640868,0
-0.6700622443680867,1.0264813239833732,0,0.6343932843209599,-0.7730104532336325,0
-0.0017073589790022254,0.0017360717067798487,0,1.1381324890747577,-1.3566939108633265,0
-0.00263546235036981,0.0008870245988242473,0,1.1759398820576625,-1.3873059271990271,0
-0.002763837799912417,0.0008467071614299601,0,1.1701315577130544,-1.4362801888546002,0
-0.002313274613892848,0.0018433419694341136,0,1.209706277438969,-1.4662898363627943,0
-0.008253517712948884,-0.0007755949926457348,0,1.2531333301774605,-1.4993387059435002,0
0.010996144368477343,-0.024303506888951457,0,1.2687865679578578,-1.5460209070286601,0
-0.1620763036483373,-0.38011012920898385,0,0.7066264541838525,0.7573438645274831,0
-1.1245297629338842,-0.7385488169514818,0,0.6715589548890092,0.7409511253169008,0
0.17321840462755608,0.13788905544049457,0,0.729521167990753,0.7907584115602083,0
-0.08211720438018365,-0.03806159816386983,0,0.7649566439989849,0.8260036963431223,0
0.023398594248900517,0.02052744887803375,0,0.8004775023187742,0.8611652052225961,0
-0.00044566369231353637,0.002618835542165609,0,0.8358683332186896,0.8964934793802922,0
-0.0005759011733866951,0.0007780188042609691,0,0.8708839256634828,0.9321043376152135,0
-0.0032281884714647512,-0.0023850714504882425,0,0.9074877267618232,0.9655136764949126,0
0.003421098942602617,0.0018718645944562672,0,0.9441475346320694,0.9997839729035382,0
0.006539168655816125,0.00638997959482879,0,0.9316621481000642,1.0398384241686518,0
0.005388028675172381,-0.006436711125662889,0,0.9597710319208204,1.066529847061606,0
-0.00591911818403511,0.0045660684516931034,0,0.9613702829909496,1.104589151631273,0
0.0005066583456910365,-0.005524724992824264,0,1.0023575096202184,1.1301329393687427,0
-0.005244305809249888,-0.0034337139350312782,0,1.0377908299233853,1.1638414457043698,0
-0.0015926135200535659,-0.000309173782942805,0,1.0742707229086563,1.198042590707686,0
-0.0035167435212311157,0.0003156566279496798,0,1.1138145911334163,1.2286978455988207,0
-0.000589112897569082,-2.549021503561075e-05,0,1.1508934126061732,1.261232679351175,0
-0.0016423841118973733,-0.0019101427911408678,0,1.1850054935467533,1.2930438374665658,0
0.00019177925528786072,-0.0017002537529434976,0,1.2207035694102613,1.3272377574731977,0
0.004895984021146119,-0.004090845852486114,0,1.2545290474322521,1.3578554465306538,0
-0.008023700756135375,0.0016911985006696196,0,1.2551273018808295,1.3957699035847397,0
-0.0009310028816714767,-0.00320582236340704,0,1.2941161931655012,1.415962880308641,0
-0.006589588661990035,-0.00830561038507036,0,1.3321672493269332,1.4340531810288057,0
0.0035306868836375437,0.011338171157230674,0,1.3431179095514862,1.4819022508391178,0
-0.0026069628978073888,0.0004461316868335103,0,1.100200234955922,-1.3255134555286283,0
-0.0016945585477525708,8.345802772507774e-06,0,1.06125674394682,-1.2947006750712795,0
-0.002777722728529986,0.0010363194860126895,0,1.0224264714663096,-1.2639901261585642,0
-0.0014651087985382114,0.00022276567213204212,0,0.983705312263466,-1.2333387617123892,0
-0.0007406173939979866,0.0011448831304238375,0,0.9454225379161167,-1.2026530697325701,0
-0.0027750951289431144,0.0007418069832651475,0,0.9074355229280171,-1.1720005014611155,0
-0.0006665969034224926,0.0011773037690619456,0,0.8689016698785648,-1.1412819189335413,0
-0.00207409502913696,-0.003119749807234282,0,0.8761097144326548,-1.0921334451713203,0
-0.00016817464235415993,-0.000340836722841597,0,0.8365872251933937,-1.0638007667577543,0
0.0023408378609728157,-0.008324359911478412,0,0.8472118044562804,-1.0193124739850634,0
-0.0013201320803700623,0.0004226507468496547,0,0.8045138581986386,-0.986320516387724,0
-0.002998106099749327,-0.00823006441946676,0,0.7673687901284942,-0.9519444206344152,0
0.02963691063715994,-0.037045264892508825,0,0.7308983563867069,-0.9191631266426123,0
-0.06897019598976707,0.062412670622544617,0,0.6932460691234071,-0.8828824922109075,0
0.09110395977560491,-0.17536963657313773,0,0.675635226371685,-0.8388327235588688,0
-0.1293041533405894,0.16388397619123662,0,0.6399643707553326,-0.819993438470742,0
-0.8571681596969158,1.16233792317625,0,0.5956993047980847,-0.8032075312539583,0
-0.0022132871138864914,0.0009366547401465384,0,1.0929610389939879,-1.3745837236801302,0
-0.0023984286730277544,0.0010214573432507743,0,1.1315088933132582,-1.4056813628646805,0
-0.0027898453350772984,0.001828259002619824,0,1.1243620297098276,-1.4543092476129624,0
-0.0019347710807874527,0.0011137439013270071,0,1.1629351188894084,-1.4849020148823842,0
0.003310299846733978,-0.0017166008963355038,0,1.2000688964965502,-1.5142806759269254,0
-0.008943822942902156,0.0003602493568078837,0,1.2315959561210503,-1.5388304607453605,0
0.013759671836137544,-0.009992490429181194,0,1.2304631806793394,-1.5766928556293023,0
-0.08176162170267783,-0.050898231775821486,0,0.682300730566293,0.7932012235640864,0
0.06418829690167564,0.0366993694640396,0,0.7162510893551984,0.83345800749971,0
-0.0023438234143877325,-0.014919278267887687,0,0.752017985404195,0.8742064999042061,0
-0.012096287827114877,-0.020188943152296596,0,0.7865824468356315,0.9079388928728451,0
0.004061077791315742,0.0015763964357648774,0,0.8204930068773173,0.9424436832921933,0
-0.0015153941939316656,-0.005071145035835703,0,0.8570679705444981,0.9769417357602942,0
-0.001996490294789147,0.00026222951748768064,0,0.8992448682242824,1.0079905199259929,0
-0.0028645917813397183,-0.006645211368091409,0,0.8860181591927339,1.0497777463708258,0
-0.0008273253114044597,-0.0062121086817882075,0,0.9225103656827291,1.0786828492309448,0
2.7325918541480893e-05,0.0011550582220662784,0,0.9148550177960539,1.1228879746071887,0
0.0009793258877276887,0.0024758812862086363,0,0.9538778719754055,1.1525894798096508,0
-0.0017912588477359713,-0.00035938560881012654,0,0.9918263606010751,1.183273242057018,0
0.0001294536300564415,-0.00020250699347481408,0,1.0292046391021472,1.2150616490964647,0
-0.0006016301038030591,-0.0005221702219348708,0,1.0683035269902534,1.2460205018494228,0
-0.0013871300100459832,-0.003152967249331536,0,1.1075240274466882,1.276542672442031,0
-0.0024371502743481223,-0.0003400909739723406,0,1.1445467533678664,1.3075804978989878,0
-0.0029199226251125187,-0.0011865662554594156,0,1.1801481223717984,1.3397632023767907,0
-0.0034705024671895135,-0.0020721304109708456,0,1.2177970900904984,1.3705460330161898,0
-0.0008790508362801425,-0.0017248342220895134,0,1.2152428206017951,1.4167905016275868,0
-0.002729422649205225,0.0012029701286204988,0,1.2547487527514254,1.4450961056802758,0
-0.006458699728595694,-0.007520973184688721,0,1.2972295096967281,1.4668515038325178,0
-0.00014321574917185327,0.011339549419477242,0,1.3063456856411462,1.5144176932427738,0
-0.6700622443672125,-1.0264813239803334,0,0.6343932843209603,0.773010453233632,0
-0.0018921286104231234,0.0010878373288118381,0,1.0540797085920948,-1.3438173532298423,0
-0.0018659499466419426,0.0005446723484491223,0,1.0152196336265085,-1.3130555846502752,0
-0.0014301054744110242,0.00036223376335721544,0,0.9772008524625782,-1.2824961388980134,0
-0.0013069597109409792,0.00013901895348596518,0,0.9386685172308529,-1.2520776212845814,0
-0.0013596662573035468,0.00014115653751737013,0,0.9002239384997017,-1.2212340356289775,0
-0.0005652368883079534,-0.00024440919392278415,0,0.8616452898421829,-1.1903396385189162,0
-0.00039716787484557925,-0.00013029624307849243,0,0.8227597875343609,-1.1596041835050925,0
-0.0014270543536004823,-0.00037681285172965433,0,0.8299476668430561,-1.1105145298528383,0
0.0008290562669319683,0.0030732993755378875,0,0.7908903660962945,-1.0799691056849623,0
-0.0008680469055440131,-0.00013945599626614236,0,0.7974053266449974,-1.0316942551894792,0
0.003772973349652601,0.0018889712338667267,0,0.7587033262266141,-1.0007220289983842,0
-0.020430943434524118,0.018406462505925907,0,0.7205089177843912,-0.9691573965762538,0
0.02829163236943582,-0.031449974360410075,0,0.6817563194080359,-0.938374888066186,0
-0.08624568161435607,0.10943262276682185,0,0.6434724295602681,-0.9102342841420924,0
0.16839860464317785,-0.16383615432202192,0,0.6464138720581941,-0.8646284560488975,0
-0.12094175492901327,0.1265428921125094,0,0.6024251021860318,-0.8491017720403068,0
-0.7725149843916057,0.9282836599366695,0,0.5555702334510609,-0.8314696120142538,0
-0.0024073674527916723,0.0008899609086843866,0,1.0857337865222743,-1.4235540481775792,0
-0.0025771887287115943,0.0006721922872887482,0,1.0469187425138056,-1.3928581946686642,0
-0.002601117961475193,0.0010058564588944815,0,1.0784979815361513,-1.4723673738266583,0
-0.002671806831719456,0.0027401211589116498,0,1.1171787664099577,-1.5030160473399452,0
-0.0032606603267837995,-0.000140451904596238,0,1.1549512406425744,-1.5331860065540182,0
0.006268522861073341,0.0077960724973683004,0,1.1918253310997295,-1.5596798329616695,0
0.014093759875420692,-0.003665691969448501,0,1.1913986083068813,-1.6064150634641183,0
0.0911039597744972,0.1753696365721912,0,0.6756352263716855,0.8388327235588684,0
-0.06897019598945621,-0.06241267062188286,0,0.6932460691234076,0.8828824922109071,0
0.029636910636837155,0.03704526489199142,0,0.7308983563867073,0.9191631266426119,0
-0.0029981060998548214,0.008230064418816869,0,0.7673687901284947,0.9519444206344148,0
-0.0013201320797635915,-0.0004226507474037963,0,0.8045138581986391,0.9863205163877236,0
0.0023408378609458317,0.008324359911347157,0,0.8472118044562809,1.019312473985063,0
-0.0001681746427199872,0.0003408367227668261,0,0.8365872251933941,1.0638007667577538,0
-0.002074095029147801,0.003119749807017887,0,0.8761097144326553,1.0921334451713198,0
-0.0006665969024275129,-0.0011773037689392185,0,0.8689016698785652,1.1412819189335408,0
-0.0027750951293748377,-0.0007418069836904234,0,0.9074355229280178,1.172000501461115,0
-0.0007406173939392235,-0.0011448831295186215,0,0.9454225379161174,1.2026530697325697,0
-0.0014651087990767962,-0.00022276567174513587,0,0.9837053122634667,1.2333387617123888,0
-0.002777722728482907,-0.0010363194856283025,0,1.02242647146631,1.2639901261585638,0
-0.001694558547175295,-8.34580325909955e-06,0,1.0612567439468203,1.294700675071279,0
-0.002606962897862268,-0.00044613168693586556,0,1.1002002349559223,1.3255134555286279,0
-0.0017073589791003242,-0.0017360717061348611,0,1.1381324890747582,1.356693910863326,0
-0.002635462350786808,-0.0008870245980971837,0,1.1759398820576634,1.3873059271990267,0
-0.002763837800092159,-0.0008467071611300949,0,1.1701315577130553,1.4362801888545997,0
-0.0023132746142164704,-0.0018433419688062413,0,1.20970627743897,1.4662898363627939,0
-0.008253517713188276,0.0007755949932692804,0,1.2531333301774614,1.4993387059434997,0
0.01099614436760032,0.02430350689028516,0,1.2687865679578587,1.5460209070286597,0
-0.12930415334104015,-0.16388397619168163,0,0.6399643707553331,0.8199934384707416,0
-0.8571681596958498,-1.1623379231757245,0,0.5956993047980852,0.803207531253958,0
-0.002190147115779089,0.0004679683785733716,0,1.0080270933243909,-1.3621722235925011,0
-0.002379048405063789,0.0003999725699799731,0,1.000925043085459,-1.4111741489903111,0
-0.002919234789973214,0.0009956655515922705,0,1.039777886392829,-1.4417874534395563,0
-0.003997406062107204,0.0008074468422278374,0,1.0326154472307303,-1.4905333235896983,0
-0.004039290227462365,0.0019628719054827783,0,1.0711871529369168,-1.5208376012295801,0
-0.0012238991575120376,1.3849510923778819e-05,0,1.1093851536719457,-1.5512908151674183,0
-0.003784548706208594,0.016401664010923685,0,1.1494865907553746,-1.5816588031632814,0
0.0025880456623632803,-0.009187785595496852,0,1.1516163820122876,-1.6351696268830733,0
-0.0018170244919625022,0.0003838300441068902,0,0.970053539564081,-1.3315456465566493,0
-0.0017671685571108622,0.0001443863071277838,0,0.9320499721060265,-1.3009381800132753,0
-0.0014588773071190833,6.175392452967197e-06,0,0.8932423498421276,-1.2702721379983353,0
-0.0011595570467557528,0.0002598645999141262,0,0.8544583756322532,-1.2394093715624726,0
-0.001366982867329643,-0.00036521512918082744,0,0.8155845120746181,-1.2086577201513373,0
-0.0007034051439059908,0.00023553886938275476,0,0.7766946736178226,-1.1779431754780285,0
-0.0018936892555358627,-0.0012416940160588277,0,0.7838470865153413,-1.1288722858986384,0
0.00010234392507243262,-0.0006003667060264654,0,0.7449331261542009,-1.0981703627765924,0
-0.004088948300215586,-0.0015175963830762898,0,0.7520700421140396,-1.0491298840667842,0
0.007885310997519566,-0.005752715978193036,0,0.7131756912586302,-1.0184274622854592,0
-0.008053614718930754,0.0054402355258272,0,0.6743661377210691,-0.9876834621372899,0
0.012770353951210834,-0.003390365379668232,0,0.6355951571603493,-0.9569884918183376,0
0.04503680067466314,-0.06291723906929272,0,0.5967194625730222,-0.9265112606822701,0
-0.06577206856624317,0.10791101236903879,0,0.5628629356729574,-0.8854187084023335,0
0.1315727517756178,-0.17748838021063554,0,0.6092706411441624,-0.8888238183250662,0
-0.49960409294534497,1.069780414574821,0,0.5141027447316912,-0.8577286096775258,0
0.16839860464228784,0.1638361543233571,0,0.6464138720581946,0.864628456048897,0
-0.12094175492903324,-0.12654289211158298,0,0.6024251021860323,0.8491017720403066,0
-0.7725149843898487,-0.9282836599339556,0,0.5555702334510614,0.8314696120142536,0
0.02829163236998535,0.03144997435976328,0,0.6817563194080364,0.9383748880661855,0
-0.020430943434531536,-0.018406462505730182,0,0.7205089177843916,0.9691573965762533,0
0.003772973349766324,-0.0018889712335862553,0,0.7587033262266145,1.0007220289983838,0
-0.0008680469056201436,0.00013945599736783635,0,0.7974053266449979,1.0316942551894788,0
0.000829056267057148,-0.0030732993763358443,0,0.7908903660962949,1.0799691056849618,0
-0.0014270543536750542,0.0003768128513920216,0,0.8299476668430565,1.1105145298528378,0
-0.00039716787525210953,0.00013029624358045844,0,0.8227597875343615,1.159604183505092,0
-0.00056523688831724,0.0002444091939888302,0,0.8616452898421836,1.1903396385189158,0
-0.0013596662572790356,-0.00014115653758734717,0,0.9002239384997024,1.221234035628977,0
-0.0013069597100926844,-0.00013901895308516575,0,0.9386685172308535,1.252077621284581,0
-0.0014301054751389075,-0.000362233763469102,0,0.9772008524625788,1.282496138898013,0
-0.0018659499469000816,-0.0005446723477727037,0,1.015219633626509,1.3130555846502747,0
-0.0018921286106822178,-0.0010878373280503624,0,1.0540797085920952,1.3438173532298419,0
-0.002213287114007207,-0.0009366547401136423,0,1.0929610389939883,1.3745837236801297,0
-0.002398428672596669,-0.0010214573424799874,0,1.131508893313259,1.40568136286468,0
-0.002789845335058827,-0.0018282590025032101,0,1.1243620297098285,1.454309247612962,0
-0.0019347710809360969,-0.001113743901084559,0,1.1629351188894093,1.4849020148823837,0
0.003310299847206888,0.001716600897202139,0,1.2000688964965511,1.514280675926925,0
-0.008943822943543176,-0.0003602493556742875,0,1.2315959561210512,1.53883046074536,0
0.013759671836121352,0.009992490430363163,0,1.2304631806793402,1.5766928556293018,0
-0.08624568161465004,-0.10943262276729367,0,0.6434724295602685,0.910234284142092,0
-0.0022931946049608545,0.00017452854148779955,0,0.9629108655293439,-1.3805933683904292,0
-0.0026623808860928534,0.00027950386557467195,0,0.9557742848212261,-1.4295442800431721,0
-0.0027653070597959493,-2.8395894431471652e-05,0,0.9939633458298462,-1.4600508181673835,0
-0.0031206600611086233,0.0008745026054952351,0,0.9868807959089327,-1.5089024547528163,0
-0.0039665787691248455,0.00019340561360065215,0,1.0252314101296696,-1.5386438064223484,0
-0.004948890438591776,0.003784903326918236,0,1.0625045965474986,-1.5669904136450445,0
-0.010791817639717075,0.011189343020813387,0,1.0995403595284636,-1.6016822578634733,0
0.0025884065043109516,-0.00766207076548422,0,1.1111404650968695,-1.6629392252347381,0
-0.0021007157025488173,6.858856152303456e-05,0,0.9247762276904172,-1.3498765079168833,0
-0.0015011512234757419,-5.311892759974102e-05,0,0.8861488818067367,-1.3191457062150873,0
-0.0015558363352720578,-0.0002755983601874947,0,0.8472911698935404,-1.2884168824373492,0
-0.00107735679384525,-4.631894735382782e-05,0,0.808412321982271,-1.2576940597915374,0
-0.0010923786418815082,-0.0002775147190779901,0,0.7695423575567115,-1.2269854415297272,0
-0.000741207404052885,-0.00037009072085238863,0,0.7306922949542698,-1.1963007167111275,0
-0.0010351723248485062,-0.0001084292011705681,0,0.7378053097650452,-1.1472542932368914,0
-0.0008961993522173795,-0.0006931644005015672,0,0.6989262942126988,-1.1165241435797553,0
-0.0018055368187202413,0.001604895135181258,0,0.706044029813683,-1.0674630612470484,0
-0.005162444495229318,-0.001469161774377734,0,0.6672421139883846,-1.0370883386700334,0
0.015742352639134764,-0.006195637797914491,0,0.6284573073799113,-1.0059047240256822,0
-0.05291927610370024,0.03673345089395097,0,0.5901000355418,-0.9734586599499816,0
0.07720315900472524,-0.14441845858408958,0,0.551776930169823,-0.9361280574853373,0
-0.09736152883398666,0.15526347224781123,0,0.513701194335582,-0.9068094239343714,0
-0.6094254517568898,1.194002213379816,0,0.47139673754878286,-0.8819212639620183,0
0.1315727517759849,0.17748838021013016,0,0.6092706411441629,0.888823818325066,0
-0.06577206856663716,-0.1079110123691909,0,0.5628629356729579,0.8854187084023333,0
0.04503680067474874,0.06291723906760434,0,0.5967194625730227,0.9265112606822699,0
0.01277035395079659,0.0033903653795005805,0,0.6355951571603498,0.9569884918183371,0
-0.008053614718659513,-0.005440235524622705,0,0.6743661377210696,0.9876834621372894,0
0.007885310996367101,0.005752715977845586,0,0.7131756912586307,1.0184274622854588,0
-0.004088948299894619,0.0015175963839266224,0,0.75207004211404,1.0491298840667838,0
0.00010234392502732955,0.0006003667057036994,0,0.7449331261542014,1.098170362776592,0
-0.0018936892558648576,0.0012416940162514707,0,0.7838470865153417,1.128872285898638,0
-0.0007034051437640894,-0.0002355388689181866,0,0.7766946736178233,1.177943175478028,0
-0.0013669828673102402,0.00036521512933558126,0,0.8155845120746188,1.2086577201513369,0
-0.0011595570471966605,-0.0002598645994844635,0,0.8544583756322539,1.239409371562472,0
-0.0014588773071652161,-6.175392065970163e-06,0,0.8932423498421282,1.2702721379983348,0
-0.0017671685567273155,-0.00014438630733548352,0,0.9320499721060271,1.3009381800132749,0
-0.001817024491789226,-0.00038383004369598486,0,0.9700535395640817,1.3315456465566489,0
-0.002190147115999721,-0.00046796837883084183,0,1.0080270933243913,1.3621722235925007,0
-0.002577188728588763,-0.0006721922870214908,0,1.0469187425138065,1.3928581946686638,0
-0.002407367452585882,-0.0008899609081134269,0,1.0857337865222751,1.4235540481775788,0
-0.00260111796087756,-0.0010058564585785702,0,1.0784979815361522,1.4723673738266578,0
-0.002671806831520176,-0.0027401211582730933,0,1.1171787664099586,1.5030160473399448,0
-0.0032606603271612875,0.0001404519055657177,0,1.1549512406425753,1.5331860065540177,0
0.006268522861713372,-0.007796072496473928,0,1.1918253310997304,1.559679832961669,0
0.014093759875900365,0.003665691970534162,0,1.1913986083068822,1.6064150634641179,0
-0.49960409294363123,-1.0697804145716527,0,0.5141027447316916,0.8577286096775256,0
-0.0020366282741156165,-5.3062213958032573e-05,0,0.917646531757804,-1.3988197810161083,0
-0.001921697646027392,-0.00024676673010641883,0,0.8789474002831319,-1.3681199568820994,0
-0.0015978975614957527,-0.00010092703969210448,0,0.8401337787239316,-1.3374190702461701,0
-0.0013182331176766324,-0.0003871307297439216,0,0.8012500756252081,-1.3066951378897953,0
-0.0010772537923791736,-0.00035838223816179175,0,0.7623789861215859,-1.2759793620884525,0
-0.0011187240497940848,-0.00016291086728142755,0,0.723538411666665,-1.2453013003900404,0
-0.0009775259799828498,-0.0005684666990869591,0,0.684722641105483,-1.2146563958796572,0
-0.0006666299103488481,0.00014947865661273584,0,0.6918503760138921,-1.1656636937524205,0
-0.0017113161788766887,-0.00014884967638903823,0,0.6530157385484692,-1.1352268274397055,0
0.001894805022491526,-0.0005690037761229072,0,0.6601103463079507,-1.0862786488067355,0
-0.007916428716741652,0.004156671580634625,0,0.6215807479295323,-1.0556809766282145,0
0.01556754036896746,-0.023996360275468497,0,0.5832219715065889,-1.0250348469647785,0
-0.029217573646241998,0.08290766977390984,0,0.5454051006855591,-0.9927589581188692,0
0.08454046894624191,-0.1596579835568448,0,0.507897146782702,-0.9587496398174938,0
-0.07651886601885494,0.14865792551772866,0,0.46783291156277884,-0.9305459785467525,0
-0.5654495583810496,1.169485980435382,0,0.42755509430543026,-0.9039892927095292,0
-0.002760902542416862,-0.00044031156635387556,0,0.9104239655038591,-1.4476947879023523,0
-0.003117863796107599,-0.00016219976070286,0,0.9486054715424801,-1.4783664840118265,0
-0.004268367342040792,-0.0004976186361955119,0,0.9413242710186289,-1.5271011452976302,0
-0.004019207366355184,-0.0002960726007368556,0,0.9796895472987064,-1.5574678926984262,0
-0.007921928713828092,2.422173107943984e-05,0,1.0172975153290509,-1.5851330528217211,0
-0.003464836013638812,-0.005215128382727189,0,1.0523859876889456,-1.6043549483657271,0
-0.02218688222972912,0.005949906083374934,0,1.0603868659140887,-1.6429902325305352,0
-0.0038322766267307193,-0.02007073451154995,0,1.0699952387551883,-1.6897071311446923,0
0.0772031590042266,0.1444184585835396,0,0.5517769301698234,0.9361280574853371,0
-0.05291927610363627,-0.03673345089244593,0,0.5901000355418005,0.9734586599499814,0
0.015742352638759633,0.006195637797678932,0,0.6284573073799118,1.0059047240256818,0
-0.005162444494798848,0.0014691617739792705,0,0.6672421139883851,1.037088338670033,0
-0.001805536818366884,-0.001604895135536517,0,0.7060440298136834,1.067463061247048,0
-0.000896199352151064,0.0006931644007141173,0,0.6989262942126993,1.1165241435797548,0
-0.0010351723250280895,0.00010842920129415348,0,0.7378053097650457,1.147254293236891,0
-0.0007412074036828768,0.00037009072096483986,0,0.7306922949542705,1.196300716711127,0
-0.0010923786423983105,0.00027751471857369786,0,0.7695423575567122,1.2269854415297268,0
-0.0010773567930942233,4.631894730153074e-05,0,0.8084123219822716,1.257694059791537,0
-0.0015558363354101661,0.0002755983601784186,0,0.847291169893541,1.2884168824373488,0
-0.0015011512237079769,5.3118928017852047e-05,0,0.8861488818067373,1.3191457062150869,0
-0.00210071570226743,-6.858856213220935e-05,0,0.9247762276904179,1.3498765079168829,0
-0.002293194604273488,-0.00017452854211101712,0,0.9629108655293446,1.3805933683904288,0
-0.002379048404585477,-0.0003999725689859238,0,1.00092504308546,1.4111741489903107,0
-0.002919234790585335,-0.0009956655514650253,0,1.03977788639283,1.4417874534395558,0
-0.003997406062648779,-0.0008074468417445162,0,1.0326154472307312,1.4905333235896978,0
-0.004039290226961763,-0.001962871904316467,0,1.0711871529369177,1.5208376012295797,0
-0.0012238991574053018,-1.3849510310288456e-05,0,1.1093851536719466,1.5512908151674178,0
-0.00378454870620149,-0.01640166401037389,0,1.1494865907553755,1.581658803163281,0
0.002588045661700669,0.009187785595562515,0,1.1516163820122884,1.6351696268830729,0
-0.09736152883252559,-0.1552634722476316,0,0.5137011943355825,0.9068094239343711,0
-0.6094254517553674,-1.1940022133801798,0,0.4713967375487833,0.8819212639620181,0
-0.002070324280803655,-0.00024146818262920936,0,0.871753643736336,-1.4170391448831965,0
-0.0023666588838191015,-0.0007975575935369327,0,0.8645266627553876,-1.4658786511622863,0
-0.002551478242653832,-0.00045451343082876576,0,0.9030424825751207,-1.4965668492416901,0
-0.0034381399030764146,-0.0007848026028471471,0,0.8956190673038165,-1.5453504217494272,0
-0.003395649171895262,-0.002156681886853469,0,0.9340245002836738,-1.5758482220911902,0
-0.0070148261167807925,-0.0019269438524328422,0,0.9720817765918994,-1.6049907924632043,0
0.0006468889334848027,0.0015408060934064063,0,1.0115633038189693,-1.6280614410320045,0
-0.014462532202032422,-0.00325884402267058,0,1.0212206939993147,-1.6704061400615462,0
0.0017234953630378207,-0.013630446188882959,0,1.0282054871982256,-1.7154572207127345,0
-0.0017609540625842285,-0.0005909394868608476,0,0.8330089197864601,-1.3863816745637374,0
-0.001389237079872389,-0.00036777201676884666,0,0.794128854143465,-1.3556682228015373,0
-0.0013566082998794525,-0.0002838478460581303,0,0.7552346740026499,-1.3249485041973301,0
-0.0009312059158266433,-0.0004922306397876696,0,0.7163847937734584,-1.2942565448041985,0
-0.000820596765648155,-0.00022309185288565497,0,0.6776564015804258,-1.2635915672346605,0
-0.0008710670813957843,-0.0003143805362071418,0,0.6390321440222384,-1.2329549199999392,0
-0.0002394669385289936,-0.00044928178205368987,0,0.64598181531756,-1.1839693460500365,0
-0.0018115088630791946,0.0006897694707854353,0,0.6072315446350098,-1.1536334045363281,0
0.0017912966422241876,-0.0019732081420488043,0,0.6144161180048064,-1.1050348978716245,0
-0.0050687627318151554,0.010865824181073578,0,0.5760366303895519,-1.0747444034304334,0
0.009468013527351053,-0.032945875761886304,0,0.5379745258904913,-1.0443954244305544,0
-0.036351393381438724,0.07487096498429467,0,0.4997707221212968,-1.0131041598173955,0
0.07330899108374603,-0.1625266737456606,0,0.46154206204375026,-0.9813884521041311,0
-0.07098860707208707,0.16395288482127837,0,0.4216012026929772,-0.9527773036306835,0
-0.49069506715310895,1.195407233657045,0,0.3826834333684339,-0.9238795320956881,0
-0.029217573646283662,-0.08290766977447854,0,0.5454051006855596,0.9927589581188689,0
0.08454046894600767,0.15965798355741517,0,0.5078971467827025,0.9587496398174936,0
-0.07651886601870278,-0.1486579255167032,0,0.4678329115627793,0.9305459785467523,0
-0.5654495583832465,-1.1694859804331244,0,0.4275550943054307,0.903989292709529,0
0.01556754036890454,0.0239963602749152,0,0.5832219715065894,1.025034846964778,0
-0.00791642871657066,-0.004156671579499378,0,0.6215807479295328,1.055680976628214,0
0.0018948050213185178,0.0005690037762362347,0,0.6601103463079512,1.086278648806735,0
-0.001711316178880273,0.00014884967519342377,0,0.6530157385484696,1.135226827439705,0
-0.0006666299095863659,-0.00014947865626033208,0,0.6918503760138928,1.16566369375242,0
-0.000977525980622107,0.0005684666991477015,0,0.6847226411054836,1.2146563958796568,0
-0.0011187240493197692,0.00016291086693254696,0,0.7235384116666657,1.24530130039004,0
-0.0010772537925353592,0.0003583822385434041,0,0.7623789861215866,1.275979362088452,0
-0.0013182331175756372,0.00038713072970259925,0,0.8012500756252088,1.3066951378897949,0
-0.0015978975607007057,0.00010092703934998416,0,0.8401337787239322,1.3374190702461697,0
-0.0019216976465791383,0.00024676673012561946,0,0.8789474002831326,1.368119956882099,0
-0.0020366282746182673,5.3062215292442966e-05,0,0.9176465317578046,1.3988197810161078,0
-0.002662380885978048,-0.0002795038647514852,0,0.9557742848212267,1.4295442800431717,0
-0.0027653070594840156,2.8395894257182666e-05,0,0.9939633458298469,1.460050818167383,0
-0.003120660060368001,-0.0008745026048057086,0,0.9868807959089334,1.5089024547528158,0
-0.003966578769162382,-0.00019340561326421172,0,1.0252314101296705,1.538643806422348,0
-0.00494889043824535,-0.0037849033269838086,0,1.0625045965474995,1.566990413645044,0
-0.010791817638767557,-0.011189343020239974,0,1.0995403595284645,1.6016822578634728,0
0.0025884065051485377,0.007662070766438294,0,1.1111404650968704,1.6629392252347377,0
-0.002015363513897821,-0.0006221431005533365,0,0.8258666057212545,-1.4352804068839142,0
-0.002031355955795455,-0.0009035289304891597,0,0.8186486337617129,-1.4840822675570933,0
-0.0029374691082660965,-0.0011866626502755153,0,0.8571680851395618,-1.5147111735839172,0
-0.002496110516679192,-0.0013819926651202682,0,0.8498033120769775,-1.5635036541434535,0
-0.004287284239229979,-0.002436007773604801,0,0.8882857332060512,-1.5939976476546103,0
-0.003194297970742284,0.002290988036772758,0,0.9268313180137036,-1.6243953774495612,0
-0.006481970294550418,-0.005414688875630435,0,0.9663101389930684,-1.6559416314185735,0
-0.0007260142794655275,-0.006317607252154456,0,0.9894170658473562,-1.6991428932856931,0
0.00021568809545587106,-0.017235920777978465,0,0.9857963831335144,-1.7401739829686234,0
-0.0016508115628640742,-0.0005548671564232486,0,0.7870549657684793,-1.4045887967937642,0
-0.0013092993071634087,-0.0008179113793118458,0,0.7481303406665687,-1.3738845269642015,0
-0.0010332594061243504,-0.00033598135243863167,0,0.7092503176796279,-1.3431817133480803,0
-0.0010392049089590894,-0.0006918114900375582,0,0.6705983158359072,-1.3125686756354211,0
-0.0006881294132367471,-0.0003188413309353452,0,0.6320833254418001,-1.2819741079706182,0
-0.0009445835250342112,-0.00025928891501509927,0,0.5935099122618281,-1.2514551744481714,0
-0.00033297480515146995,-0.0005662061342263033,0,0.6003896438029133,-1.2025871732685864,0
-0.00086388221327348,0.0012485691388243697,0,0.5618783883164284,-1.1722197755310904,0
0.0010586456687901166,-0.005193763645622145,0,0.5688032766987918,-1.1235534294985565,0
-0.005215308210997025,0.011364383156669038,0,0.5305982052874254,-1.0931193892350892,0
0.012264273110975443,-0.029954556968784598,0,0.4922185747921496,-1.0626625393001554,0
-0.0315142690963793,0.07901648191476794,0,0.4537503266712115,-1.0319088098025384,0
0.07022598286004988,-0.174206428840633,0,0.41498684021476806,-1.0018668547003051,0
-0.06536352129431157,0.1679955163975493,0,0.37546153235482893,-0.9716515897092135,0
-0.4346790141928397,1.2184396227509047,0,0.33688985429587004,-0.9415440648596898,0
-0.03635139338242064,-0.07487096498495893,0,0.49977072212129725,1.013104159817395,0
0.07330899108494755,0.16252667374544325,0,0.4615420620437507,0.9813884521041308,0
-0.07098860707365291,-0.16395288482099848,0,0.42160120269297763,0.9527773036306832,0
-0.4906950671506397,-1.1954072336521924,0,0.38268343336843436,0.9238795320956878,0
0.009468013528228365,0.0329458757625849,0,0.5379745258904918,1.044395424430554,0
-0.005068762731893219,-0.010865824181171147,0,0.5760366303895523,1.074744403430433,0
0.0017912966426974985,0.001973208141349076,0,0.6144161180048069,1.105034897871624,0
-0.0018115088634884,-0.0006897694708031114,0,0.6072315446350105,1.1536334045363277,0
-0.00023946693880083243,0.00044928178361656454,0,0.6459818153175607,1.183969346050036,0
-0.0008710670806323981,0.0003143805357147195,0,0.6390321440222391,1.2329549199999388,0
-0.0008205967661393162,0.00022309185244413578,0,0.6776564015804265,1.26359156723466,0
-0.0009312059155155839,0.0004922306400601212,0,0.7163847937734591,1.294256544804198,0
-0.0013566082997937413,0.00028384784611287887,0,0.7552346740026505,1.3249485041973297,0
-0.00138923708022882,0.00036777201730967565,0,0.7941288541434657,1.3556682228015369,0
-0.001760954062271806,0.0005909394876526368,0,0.8330089197864607,1.386381674563737,0
-0.0020703242806063564,0.00024146818277025976,0,0.8717536437363367,1.417039144883196,0
-0.002760902542437559,0.00044031156610372085,0,0.9104239655038597,1.4476947879023518,0
-0.003117863795781103,0.0001621997604007597,0,0.9486054715424808,1.478366484011826,0
-0.004268367341659859,0.0004976186367231326,0,0.9413242710186296,1.5271011452976297,0
-0.004019207365648404,0.00029607260051243273,0,0.979689547298707,1.5574678926984258,0
-0.007921928713548715,-2.4221730490298893e-05,0,1.0172975153290518,1.5851330528217207,0
-0.0034648360138350358,0.005215128383463132,0,1.0523859876889465,1.6043549483657267,0
-0.022186882229217095,-0.005949906083343032,0,1.0603868659140896,1.6429902325305348,0
-0.0038322766258592194,0.020070734512983496,0,1.0699952387551892,1.6897071311446918,0
-0.0017521222852793698,-0.0010922338349252242,0,0.780007101468116,-1.4534890869163752,0
-0.0019326183364198357,-0.0011569591905043362,0,0.7728279241216152,-1.5022731639555233,0
-0.002462501223881372,-0.0014609171598243922,0,0.8113683523643549,-1.5328851976495512,0
-0.0027798493214411667,-0.0021438073686268874,0,0.8040236174141511,-1.5816391289494842,0
-0.0035638725320137517,-0.0022670285084097816,0,0.8425750126353104,-1.6121746101227346,0
-0.0032696246411801307,-0.0012585857721464368,0,0.8811106293778748,-1.6425687100191544,0
-0.006092221572766168,-0.008440859651592185,0,0.9194998606407785,-1.6726070337701633,0
-0.0013596919156221093,0.008467779018727271,0,0.9455526259126585,-1.7137354912669882,0
-0.0021676426002061088,-0.018022932882615705,0,0.9427934721717717,-1.7638425294879063,0
-0.0013533616050994933,-0.0006089657314097903,0,0.741187972825011,-1.4228288626328185,0
-0.0011928212136657894,-0.0008023691341395579,0,0.7023420324961607,-1.3921893495941933,0
-0.0008519501148577925,-0.0005640958974707946,0,0.663565961586253,-1.3615979945818202,0
-0.0008377565351492409,-0.0003385713719233555,0,0.6250597025248623,-1.3309994190427203,0
-0.0004984160839502637,-0.0006516252665999978,0,0.5866113877317989,-1.3004422055586025,0
-0.0005862779089955434,0.0001159495465316836,0,0.5480006094351311,-1.2698873600378855,0
-0.0004977032205984809,-0.0011227107765092506,0,0.5549153801891824,-1.2209649577838955,0
-0.0014753985152448565,0.0010990575158235404,0,0.5164565675553578,-1.1906237762489842,0
0.0009224059435075616,-0.003595792266383487,0,0.5236219767656423,-1.1419135844831625,0
-0.00467602972498691,0.009629353375772715,0,0.48508230693625143,-1.1114046269006423,0
0.012182721696364033,-0.029561509301098687,0,0.4465283043579723,-1.0808417087652384,0
-0.03467896615086301,0.07809778295575993,0,0.4080179759357593,-1.0504493620355855,0
0.06480448710372833,-0.17062085516276254,0,0.3680458222700118,-1.019673849172359,0
-0.064540723098148,0.16545340065517497,0,0.32842352977005884,-0.9886217685443472,0
-0.3716044172617372,1.2433558355463883,0,0.29028467803568636,-0.9569403354952273,0
-0.03151426909543315,-0.07901648191407792,0,0.45375032667121196,1.031908809802538,0
0.07022598285933013,0.17420642883953036,0,0.4149868402147685,1.0018668547003047,0
-0.06536352129286054,-0.1679955163979791,0,0.3754615323548294,0.9716515897092133,0
-0.43467901418997096,-1.2184396227507261,0,0.3368898542958705,0.9415440648596896,0
0.012264273109831036,0.029954556968669402,0,0.49221857479215014,1.062662539300155,0
-0.005215308210665646,-0.011364383156881097,0,0.5305982052874259,1.0931193892350888,0
0.00105864566896497,0.005193763645462818,0,0.5688032766987923,1.123553429498556,0
-0.0008638822140414407,-0.001248569138106642,0,0.5618783883164291,1.17221977553109,0
-0.0003329748047821263,0.0005662061336130107,0,0.6003896438029139,1.202587173268586,0
-0.0009445835247628367,0.0002592889159037252,0,0.5935099122618288,1.251455174448171,0
-0.0006881294128758468,0.00031884133078371714,0,0.6320833254418008,1.2819741079706177,0
-0.00103920490943465,0.0006918114905761188,0,0.6705983158359079,1.3125686756354207,0
-0.0010332594062291876,0.0003359813525669271,0,0.7092503176796285,1.34318171334808,0
-0.0013092993068437582,0.0008179113796213119,0,0.7481303406665694,1.373884526964201,0
-0.0016508115629775715,0.0005548671560905031,0,0.78705496576848,1.4045887967937638,0
-0.0020153635136178926,0.0006221430994856066,0,0.8258666057212551,1.4352804068839138,0
-0.0023666588829069153,0.0007975575935176361,0,0.8645266627553883,1.4658786511622859,0
-0.0025514782425536792,0.0004545134310235018,0,0.9030424825751213,1.4965668492416897,0
-0.003438139902862283,0.0007848026030479178,0,0.8956190673038171,1.5453504217494267,0
-0.00339564917217016,0.002156681887177196,0,0.9340245002836745,1.5758482220911898,0
-0.007014826115588354,0.001926943853502337,0,0.9720817765919001,1.6049907924632039,0
0.0006468889334719909,-0.0015408060929937685,0,1.0115633038189702,1.628061441032004,0
-0.014462532202444816,0.003258844023307881,0,1.0212206939993156,1.6704061400615458,0
0.0017234953629865091,0.013630446190697063,0,1.0282054871982265,1.715457220712734,0
-0.0013665566446710972,-0.0011709436448227592,0,0.7341582533156197,-1.4716750845600464,0
-0.0011309228117713246,-0.000895366175908492,0,0.6954271158278531,-1.4411258387087722,0
-0.0009219405540157791,-0.0006879154523047963,0,0.6567185461126068,-1.4105440308590103,0
-0.0006686043692850465,-0.0006965124949529499,0,0.6180801027467773,-1.3800047173256664,0
-0.000780572217683982,-0.0003817143968608719,0,0.5794975307215875,-1.3493514221344465,0
-0.0006836880119579976,-0.0004370891251578511,0,0.5409604740435405,-1.3187041651600204,0
-0.00044747896470770555,-0.0006116218614296315,0,0.5023621380309764,-1.2880914710239875,0
-0.00024970482315349026,-0.00043609080214054337,0,0.509474858367527,-1.2393250274103274,0
-0.0008593811663707863,0.0006640631719501863,0,0.47089853238074786,-1.2087065395314425,0
0.0010120672554685347,-0.004123404417710475,0,0.4779611612252256,-1.1601088432316402,0
-0.005573606354238491,0.011243738110289529,0,0.43935936165323064,-1.1295773861480765,0
0.012452637634803955,-0.03278944857534646,0,0.400742443500152,-1.0990421277971385,0
-0.02860820505569926,0.07995314763598882,0,0.36222177997824445,-1.068640649642659,0
0.053219735210802,-0.17105657790957685,0,0.3191632753664113,-1.036812870402047,0
-0.04052784101840235,0.15674038881074986,0,0.2789406504611345,-1.004197890929559,0
-0.3592847826862002,1.2556928805322247,0,0.2429801805664794,-0.9700312530284173,0
-0.0016816830626737362,-0.0018162651864005131,0,0.765542950329031,-1.5510105000115373,0
-0.0021952473390469992,-0.002219990951540941,0,0.7583295788868947,-1.5997660774763323,0
-0.0022525529096153493,-0.00238833388549871,0,0.7968609085091001,-1.6303125295994743,0
-0.003924155272923419,-0.002356868768603583,0,0.8354356381176817,-1.6608108080159205,0
-0.00570838875849792,-0.0019230042846607603,0,0.8740028702202587,-1.6913182881099482,0
-0.005328907240022467,0.004748544347428027,0,0.8999310898600792,-1.7307615682818231,0
-0.002217908924101717,-0.013152812128633985,0,0.8992226575541566,-1.7864486032744522,0
-0.0014953483211568828,-0.001472718727896023,0,0.727017151589721,-1.5204563177716985,0
0.012182721696522888,0.02956150930019015,0,0.44652830435797286,1.080841708765238,0
-0.004676029725062914,-0.009629353376129248,0,0.485082306936252,1.111404626900642,0
0.0009224059437993603,0.0035957922672115645,0,0.5236219767656427,1.141913584483162,0
-0.0014753985140594967,-0.001099057516026824,0,0.5164565675553585,1.1906237762489837,0
-0.0004977032212699797,0.001122710775233706,0,0.5549153801891831,1.220964957783895,0
-0.0005862779095272392,-0.00011594954587515828,0,0.5480006094351317,1.269887360037885,0
-0.0004984160844089052,0.0006516252664649089,0,0.5866113877317995,1.300442205558602,0
-0.0008377565343915083,0.000338571372476092,0,0.625059702524863,1.33099941904272,0
-0.0008519501152169485,0.0005640958972004545,0,0.6635659615862537,1.3615979945818197,0
-0.001192821213330923,0.0008023691338289294,0,0.7023420324961613,1.3921893495941928,0
-0.001353361604578706,0.0006089657305007053,0,0.7411879728250117,1.422828862632818,0
-0.0017521222851282694,0.0010922338355601549,0,0.7800071014681167,1.4534890869163748,0
-0.0020313559560275495,0.0009035289314565237,0,0.8186486337617136,1.4840822675570928,0
-0.0029374691083728565,0.0011866626506878849,0,0.8571680851395624,1.5147111735839167,0
-0.0024961105162809864,0.001381992665103327,0,0.8498033120769781,1.563503654143453,0
-0.0042872842388461205,0.002436007774196475,0,0.8882857332060519,1.5939976476546098,0
-0.003194297970745167,-0.002290988036737294,0,0.9268313180137044,1.6243953774495608,0
-0.0064819702935809366,0.005414688876125629,0,0.9663101389930693,1.655941631418573,0
-0.000726014278674922,0.006317607252172674,0,0.9894170658473571,1.6991428932856927,0
0.0002156880968201227,0.017235920778015577,0,0.9857963831335153,1.740173982968623,0
-0.03467896615065403,-0.0780977829549882,0,0.40801797593575984,1.050449362035585,0
0.06480448710264775,0.1706208551628026,0,0.36804582227001226,1.019673849172359,0
-0.06454072309757841,-0.1654534006542504,0,0.3284235297700593,0.988621768544347,0
-0.37160441726392696,-1.2433558355454355,0,0.2902846780356868,0.9569403354952271,0
-0.0011153321810150768,-0.0011499130785399228,0,0.6883693530345407,-1.4898868487216945,0
-0.0008716513025015902,-0.0016809968121962809,0,0.681250041934633,-1.5386390392957165,0
-0.0015653809737803846,-0.002024859023748567,0,0.7197947969313134,-1.5692109021911715,0
-0.0009433495682519546,-0.002747292145296146,0,0.7125933238871918,-1.6179564319250024,0
-0.0022767091155258164,-0.003618195439604649,0,0.7511618762505798,-1.6484669721813272,0
-0.0038095057214667786,-0.0037955722163274643,0,0.7897304639994498,-1.6789596856065523,0
-0.005634186075222327,-0.005405809999304194,0,0.8277856665208856,-1.7081406940588755,0
-0.0019454033664989274,-0.005660597207295089,0,0.859190717032067,-1.7248551399105954,0
-0.013734776153661157,0.00166251003935334,0,0.8579788665175594,-1.7635396326281563,0
-0.004073703243757919,-0.018429545014080576,0,0.855110184991539,-1.8079785871308691,0
-0.0007406723137482454,-0.0010519254461290942,0,0.6497186334191409,-1.4593570135546825,0
-0.0008086042817859342,-0.0006863350566199265,0,0.6111480800637323,-1.4287414852392364,0
-0.0004273051050451562,-0.0005913813404159754,0,0.5724530245671198,-1.3981753524001075,0
-0.0004417842073798573,-0.0005099586984818114,0,0.533823812560934,-1.3675109742324745,0
-0.0001943944193022631,-0.00018802377428113375,0,0.4951911373704596,-1.3369108528425813,0
-0.0007019053746421025,5.413834357358583e-05,0,0.4566925259191854,-1.3062533764974125,0
-0.0008719554312867199,-0.0005073689184933749,0,0.46383276279570473,-1.2573541431005455,0
-0.0006363884688147058,0.0009502917450540007,0,0.42527942044841616,-1.2266405731933705,0
0.0006725095161889423,-0.0031014520651340945,0,0.4323187102210181,-1.1781463760709106,0
-0.0036017562890523725,0.008282572313584537,0,0.39359265178888514,-1.1477751322528325,0
0.00825045220541364,-0.02388269566651428,0,0.35495753549541875,-1.117213305089129,0
-0.0311212620468445,0.07223573504837344,0,0.31370862659348153,-1.085639809860739,0
0.050369406388295346,-0.16191059460336021,0,0.2690254522775376,-1.051901303151065,0
-0.029529125750017968,0.16137520152055163,0,0.22658593868666216,-1.018488388592635,0
-0.3393381208959805,1.1228734294832303,0,0.19509032252401665,-0.9807852803022054,0
-0.00557360635538157,-0.011243738109458189,0,0.4393593616532312,1.129577386148076,0
0.0010120672555382288,0.004123404417272027,0,0.47796116122522614,1.1601088432316398,0
-0.0008593811659802301,-0.0006640631715135601,0,0.4708985323807484,1.208706539531442,0
-0.000249704823430566,0.0004360908030083194,0,0.5094748583675277,1.239325027410327,0
-0.0004474789643396961,0.0006116218598992344,0,0.5023621380309771,1.288091471023987,0
-0.0006836880116783751,0.00043708912555059096,0,0.5409604740435412,1.31870416516002,0
-0.0007805722180102097,0.00038171439660092204,0,0.5794975307215882,1.349351422134446,0
-0.0006686043688593862,0.0006965124949215863,0,0.6180801027467779,1.380004717325666,0
-0.0009219405538024112,0.0006879154513305031,0,0.6567185461126075,1.4105440308590098,0
-0.0011309228121714574,0.0008953661766026117,0,0.6954271158278538,1.4411258387087718,0
-0.0013665566444871424,0.0011709436459874268,0,0.7341582533156203,1.471675084560046,0
-0.001932618336586092,0.0011569591902407853,0,0.7728279241216158,1.502273163955523,0
-0.002462501223268516,0.0014609171595126203,0,0.8113683523643556,1.5328851976495508,0
-0.0027798493209746245,0.002143807369207926,0,0.8040236174141517,1.5816391289494838,0
-0.0035638725314086853,0.002267028508222126,0,0.8425750126353111,1.612174610122734,0
-0.003269624640482366,0.0012585857715050794,0,0.8811106293778757,1.642568710019154,0
-0.006092221571840923,0.008440859651586308,0,0.9194998606407794,1.6726070337701628,0
-0.001359691914250907,-0.008467779018276283,0,0.9455526259126594,1.7137354912669878,0
-0.002167642599463041,0.01802293288283991,0,0.9427934721717726,1.7638425294879059,0
0.012452637635890116,0.032789448575401774,0,0.40074244350015253,1.099042127797138,0
-0.028608205056555355,-0.07995314763649596,0,0.362221779978245,1.068640649642659,0
0.053219735212257424,0.17105657790945283,0,0.31916327536641176,1.036812870402047,0
-0.04052784101953354,-0.15674038880983215,0,0.2789406504611349,1.004197890929559,0
-0.35928478268530595,-1.2556928805288023,0,0.24298018056647985,0.9700312530284171,0
-0.0007862044638208198,-0.001197233755263024,0,0.6426195207666947,-1.5080911209063432,0
-0.00043423816727853275,-0.0015970721473231731,0,0.6354759842480155,-1.5568159013798895,0
-0.0007245506144177915,-0.0018736279789851305,0,0.6740613245801403,-1.5873789228274564,0
-0.0005615872413477984,-0.002880880106440644,0,0.6669036514610693,-1.6360853882548132,0
-0.0009621663367656309,-0.003734789925599738,0,0.7054617558284966,-1.6666170100788422,0
-0.0027699448232572734,-0.004056422074251341,0,0.744031211551494,-1.6971085224516553,0
-0.0021029218480897375,-0.0058563345463319705,0,0.7825891545040642,-1.7275986306707742,0
-0.0047540597758853834,-0.002572516953387296,0,0.8181177421772887,-1.7449471571492552,0
-0.008667740136868383,-0.004496917264494283,0,0.8130398910836041,-1.7848688434964375,0
-0.0016437535834456357,-0.020542936948602097,0,0.810482626032343,-1.8284195122836873,0
-0.0004684433499548782,-0.0009386152372343901,0,0.6039782597480687,-1.4775185379453741,0
-0.0004863785039859771,-0.00074552909612285,0,0.5653297100242296,-1.4469192155108102,0
-0.00045796169192251375,-0.0004472092112661722,0,0.5266645463085127,-1.4163189620861565,0
-0.00028476417257083356,-0.00044175823592529763,0,0.4879862440859424,-1.3857110115418312,0
-0.0007120333963047666,-0.0004905828241010879,0,0.4493858238898887,-1.3549555759422471,0
-0.00033958946270856087,-0.00015650380256824158,0,0.41073490836770277,-1.3235299389249995,0
0.0005785462024632473,-0.00031126282248814674,0,0.4180151612393421,-1.2750544577923815,0
-0.0011823669135936688,0.0009499963751059727,0,0.3794126042367717,-1.2445794559813168,0
0.0009655831540183615,-0.00380213277949581,0,0.38663674633292555,-1.1962167773943122,0
-0.0057583487549888734,0.012304013010898611,0,0.3478461690680469,-1.165918470710803,0
0.01984556622165498,-0.0347094512915305,0,0.3084369658318983,-1.134335909489621,0
-0.039951050328786285,0.08570241373028084,0,0.26891265440161594,-1.102146110577886,0
0.03706317387298613,-0.15632785056703682,0,0.22010089776117153,-1.0625488624810968,0
-0.020144643535241865,0.11651234528692982,0,0.1787543290553119,-1.034882314224999,0
-0.06958859432036701,1.160328032532613,0,0.14673047483692764,-0.989176509908181,0
-0.0036017562875489133,-0.008282572313869327,0,0.3935926517888857,1.147775132252832,0
0.00825045220346625,0.02388269566710306,0,0.3549575354954193,1.117213305089129,0
-0.031121262046323848,-0.07223573504774125,0,0.3137086265934821,1.085639809860739,0
0.05036940638729107,0.1619105946030184,0,0.26902545227753816,1.051901303151065,0
-0.02952912574905763,-0.16137520152065388,0,0.22658593868666266,1.018488388592635,0
-0.3393381208936608,-1.1228734294807226,0,0.19509032252401715,0.9807852803022051,0
0.0006725095152737969,0.0031014520646050624,0,0.43231871022101864,1.17814637607091,0
-0.0006363884698838615,-0.0009502917452639841,0,0.4252794204484167,1.22664057319337,0
-0.0008719554307653583,0.0005073689187380649,0,0.4638327627957053,1.257354143100545,0
-0.0007019053748338413,-5.413834344374694e-05,0,0.4566925259191861,1.306253376497412,0
-0.00019439441918755952,0.00018802377553612097,0,0.4951911373704603,1.3369108528425808,0
-0.0004417842077552369,0.0005099586975831712,0,0.5338238125609347,1.367510974232474,0
-0.00042730510472967014,0.0005913813407658315,0,0.5724530245671204,1.398175352400107,0
-0.0008086042826479251,0.0006863350560600509,0,0.611148080063733,1.428741485239236,0
-0.0007406723128910444,0.0010519254470631653,0,0.6497186334191416,1.459357013554682,0
-0.0011153321809145107,0.0011499130778336213,0,0.6883693530345414,1.489886848721694,0
-0.0014953483207184653,0.001472718726881525,0,0.7270171515897217,1.520456317771698,0
-0.001681683062141491,0.0018162651857482211,0,0.7655429503290316,1.5510105000115368,0
-0.0021952473382708735,0.0022199909520309777,0,0.7583295788868953,1.5997660774763318,0
-0.002252552909537112,0.0023883338845554496,0,0.796860908509101,1.6303125295994738,0
-0.0039241552720830925,0.0023568687690768107,0,0.8354356381176826,1.66081080801592,0
-0.005708388758283627,0.0019230042850122814,0,0.8740028702202596,1.6913182881099478,0
-0.005328907238935342,-0.004748544347027328,0,0.8999310898600801,1.7307615682818227,0
-0.002217908923035121,0.013152812128378101,0,0.8992226575541575,1.7864486032744518,0
-0.00041962509417112914,-0.0010930373492554128,0,0.5968441469997989,-1.5262651688857545,0
-0.00012600085771068644,-0.0007944143703445513,0,0.5581773160330761,-1.4957010917114455,0
-0.0003317702025551473,-0.0006302018391443504,0,0.5194966514366268,-1.4651228610774734,0
-5.590931295109493e-05,-0.0003763357655987177,0,0.48081418966765455,-1.4345188498682673,0
-0.0004730704725722198,-0.0002274618110732843,0,0.4421504930767419,-1.4038711475725774,0
0.0002605537668883863,-0.00020794818446960204,0,0.4034586194946552,-1.3729279703358452,0
-0.00019786074611494737,0.0001743996232702433,0,0.36474329295742614,-1.3420197378988,0
-0.0010028503971991236,-0.001193068042511303,0,0.3720098234345859,-1.29298200387834,0
3.960466465371295e-05,0.0012058042692960807,0,0.33336682103573245,-1.26246205337039,0
0.0011453765813020844,-0.0031195358453697188,0,0.34085187677137074,-1.2140717345419088,0
-0.008027127613444032,0.006110994584750257,0,0.301918774655188,-1.183185460292307,0
0.01004197727362741,-0.017802445447616198,0,0.26269009724272985,-1.151639946060103,0
0.0060754249511728985,0.03970498760798813,0,0.22191810231964693,-1.119217208372746,0
0.016089392787018555,-0.043193617897598895,0,0.18511491941593178,-1.090105394089912,0
0.03125969327596643,-0.2665997151297689,0,0.1484540183781486,-1.069478001292287,0
-0.023288825894985155,0.21751104744247146,0,0.12501317957324537,-1.035561018515463,0
-0.24190384283917352,1.19830111696606,0,0.09801714056964247,-0.9951847266485508,0
0.00023055930366820546,-0.0012646832978262924,0,0.5897173596129548,-1.5749957551347262,0
-0.0001802583252352016,-0.0020824173820476826,0,0.628347296982916,-1.6055394276913764,0
0.0010193594456980035,-0.0022185380055489688,0,0.6212006986037419,-1.6542411100321843,0
0.0003595520252733382,-0.0033462032134328437,0,0.6597575088839309,-1.6847794269740195,0
0.0006232738637789537,-0.00490394095246885,0,0.6983203083882774,-1.7152798826443685,0
-0.0027055334463842464,-0.007501116169536707,0,0.7369145005194948,-1.7457336883349854,0
-0.007284449085109464,-0.007447715160648626,0,0.7730950325325989,-1.7642356600390245,0
-0.009473165751594442,-0.006403921631474243,0,0.7692677476283012,-1.8031962761698503,0
-0.003735238941017791,-0.025570319125795875,0,0.7653668625933476,-1.8477590659076784,0
-0.00575834875580846,-0.012304013011917405,0,0.34784616906804744,1.165918470710803,0
0.0009655831546973957,0.0038021327808623715,0,0.3866367463329261,1.1962167773943118,0
-0.0011823669139514883,-0.0009499963759601307,0,0.37941260423677226,1.2445794559813168,0
0.0005785462029359117,0.0003112628217247014,0,0.4180151612393428,1.275054457792381,0
-0.00033958946242084793,0.00015650380304711356,0,0.41073490836770343,1.323529938924999,0
-0.000712033396062744,0.0004905828238397107,0,0.44938582388988935,1.3549555759422467,0
-0.0002847641724834514,0.0004417582353024616,0,0.48798624408594304,1.3857110115418307,0
-0.00045796169147771076,0.00044720921082919645,0,0.5266645463085133,1.416318962086156,0
-0.0004863785038111362,0.0007455290967393717,0,0.5653297100242303,1.4469192155108097,0
-0.0004684433500559007,0.000938615236591615,0,0.6039782597480694,1.4775185379453737,0
-0.0007862044632115455,0.001197233754792896,0,0.6426195207666954,1.5080911209063428,0
-0.0008716513023716381,0.0016809968125697516,0,0.6812500419346337,1.538639039295716,0
-0.0015653809743562447,0.0020248590243041533,0,0.7197947969313141,1.569210902191171,0
-0.0009433495682989161,0.0027472921444160175,0,0.7125933238871927,1.617956431925002,0
-0.0022767091149795983,0.0036181954397736388,0,0.7511618762505807,1.6484669721813268,0
-0.003809505720966765,0.0037955722169870855,0,0.7897304639994507,1.6789596856065518,0
-0.005634186075051854,0.005405809999039157,0,0.8277856665208865,1.708140694058875,0
-0.0019454033660758038,0.005660597206322457,0,0.8591907170320678,1.724855139910595,0
-0.01373477615205176,-0.0016625100391408124,0,0.8579788665175603,1.7635396326281558,0
-0.004073703242283111,0.01842954501425166,0,0.8551101849915399,1.8079785871308687,0
0.019845566222218017,0.03470945129088084,0,0.30843696583189883,1.134335909489621,0
-0.039951050328104344,-0.08570241372990424,0,0.2689126544016165,1.102146110577886,0
0.03706317387274065,0.1563278505663482,0,0.22010089776117203,1.0625488624810968,0
-0.020144643535127273,-0.11651234528646376,0,0.1787543290553124,1.034882314224999,0
-0.06958859432215227,-1.1603280325306704,0,0.14673047483692814,0.989176509908181,0
-4.732326336131486e-05,-0.0011272752107118228,0,0.5510415653227025,-1.5444866858613002,0
-4.2881033857442876e-05,-0.00045453900117677353,0,0.5123478992267796,-1.5139186190521614,0
0.00010690651637370986,-0.0005758333031058737,0,0.4736439390260099,-1.4833375594071263,0
-0.0003353565970136576,-0.00022492812925964037,0,0.4349346948827666,-1.4527104669804694,0
0.00026140098515399577,-5.124437528530806e-05,0,0.39624209352542916,-1.4220054950693595,0
-0.0008378569378360531,-0.00022245224090207391,0,0.35749510515074423,-1.391185926607087,0
0.00016414715414682073,-0.00026680200746685755,0,0.3186905432063465,-1.360195870698122,0
0.00011609389845950197,0.0012018533406058084,0,0.32593760893702206,-1.3111714858139032,0
-0.002497589588039824,-0.001579536471464432,0,0.2870510277159104,-1.280334932435385,0
0.0011180426575465774,-0.0017433926720422093,0,0.29458434498483543,-1.231677909434284,0
0.00293004374924922,0.01104446414117452,0,0.2556921439484664,-1.20081514108489,0
-0.019322244941689173,-0.017656748190502874,0,0.216693596757756,-1.169802319917377,0
0.01796416670777142,-0.012028344100294599,0,0.17799644833867678,-1.139060617110101,0
-0.07564385652937694,0.13250070015123339,0,0.13892061692745494,-1.110125723683732,0
0.030260760074744122,-0.18026016301912184,0,0.1066590993021205,-1.080429989578334,0
0.03525361624613938,0.040604069596236365,0,0.07526093772212955,-1.045564283086771,0
0.27541597933995315,1.2697863353585146,0,0.04906767443121758,-0.9987954562000729,0
0.0004551697330131181,-0.001680522067908326,0,0.5826153788396264,-1.6237125703491815,0
0.0013614536116362927,-0.001951565500236188,0,0.5754924991335431,-1.6724067251201484,0
0.0012859070698256782,-0.0028347822615745785,0,0.6139661343585026,-1.7030452731148473,0
0.0013939518181661826,-0.005546657850524164,0,0.6525261225288062,-1.7335608421173565,0
-0.000695935678211314,-0.008458135413073144,0,0.6903421262742435,-1.7617494259109452,0
0.002543775262842234,-0.009922222775515067,0,0.7289465041660175,-1.7850367805236536,0
-0.00927351274726493,-0.01428949340312918,0,0.7248027001288613,-1.8263860521078552,0
0.002416772142558255,-0.03772069258089985,0,0.7197900710654326,-1.8659855984427152,0
0.0002837767034936411,-0.0008935868158091338,0,0.5439459904452801,-1.5932758212545934,0
0.0011453765820519462,0.0031195358459515338,0,0.3408518767713713,1.2140717345419088,0
3.960466597517946e-05,-0.0012058042695831256,0,0.333366821035733,1.26246205337039,0
-0.0010028503983473967,0.0011930680427846268,0,0.37200982343458655,1.29298200387834,0
-0.0001978607465914287,-0.00017439962361073902,0,0.3647432929574268,1.3420197378988,0
0.0002605537670605439,0.00020794818382339429,0,0.4034586194946559,1.3729279703358448,0
-0.00047307047198408736,0.0002274618118164507,0,0.4421504930767426,1.403871147572577,0
-5.590931442835219e-05,0.00037633576521663376,0,0.4808141896676552,1.4345188498682668,0
-0.00033177020141438355,0.0006302018401736779,0,0.5194966514366275,1.465122861077473,0
-0.00012600085872763064,0.0007944143695738456,0,0.5581773160330767,1.495701091711445,0
-0.00041962509390179185,0.0010930373500835967,0,0.5968441469997996,1.526265168885754,0
-0.00043423816768986046,0.0015970721474465935,0,0.6354759842480162,1.556815901379889,0
-0.0007245506137550646,0.0018736279788131363,0,0.674061324580141,1.587378922827456,0
-0.0005615872413755405,0.0028808801059203573,0,0.6669036514610702,1.6360853882548128,0
-0.0009621663365613172,0.0037347899261175716,0,0.7054617558284975,1.6666170100788418,0
-0.0027699448227264385,0.004056422073639696,0,0.7440312115514949,1.6971085224516549,0
-0.0021029218468079335,0.005856334545446249,0,0.7825891545040651,1.7275986306707738,0
-0.0047540597755302795,0.002572516952295935,0,0.8181177421772896,1.7449471571492547,0
-0.008667740136766088,0.004496917264397534,0,0.813039891083605,1.784868843496437,0
-0.0016437535829620083,0.020542936947124297,0,0.8104826260323439,1.8284195122836868,0
-0.008027127614118845,-0.006110994584588139,0,0.30191877465518857,1.183185460292307,0
0.010041977274574598,0.017802445447673763,0,0.2626900972427304,1.151639946060103,0
0.006075424950668178,-0.03970498760860454,0,0.22191810231964748,1.119217208372746,0
0.016089392788215223,0.04319361789842311,0,0.18511491941593228,1.090105394089912,0
0.031259693274793186,0.2665997151280546,0,0.1484540183781491,1.069478001292287,0
-0.023288825894962523,-0.21751104744141833,0,0.12501317957324587,1.035561018515463,0
-0.24190384283793856,-1.1983011169633917,0,0.09801714056964295,0.9951847266485508,0
0.0005422335498162628,-0.0007666628008713794,0,0.5052166796183264,-1.5627636591291225,0
0.0005836339696202979,-0.0007157875101040457,0,0.49808885295392813,-1.6116046261293144,0
0.0012054827693209732,-0.0010263546243234663,0,0.5367731292190656,-1.6420506417088345,0
0.0013892098965446482,-0.0011511111543295888,0,0.5296152599147996,-1.6908200676636043,0
0.0033363823626476126,-0.0009307080668369254,0,0.5683501184756237,-1.7210843748206894,0
0.003150833549038856,-0.004514312007785961,0,0.6062648719815882,-1.7517347302678317,0
0.008767299856666542,-0.0014187060985410061,0,0.6441707834095807,-1.7795069687504594,0
0.0016667313348807473,-0.01258480872300387,0,0.6824658404162984,-1.8109650460711095,0
0.010145802751529707,-0.022460723996355358,0,0.687296474746274,-1.8490105069204632,0
0.03137185606797156,-0.033153442453533,0,0.67377970487645,-1.8830881310487313,0
-4.7699290586965276e-05,-0.00046977913072877365,0,0.4664979617709978,-1.5321785964296253,0
0.0002437003603383977,-0.0001440221513683743,0,0.4277704117103879,-1.5015945278696452,0
-0.00010520480942569122,-0.0003442465085200067,0,0.3890181613194674,-1.4709227542214824,0
-5.923431375246848e-05,2.697452901985552e-05,0,0.35024547450578813,-1.4401660948385748,0
0.0002914424327048203,-4.942418761065145e-05,0,0.3114415387090035,-1.40934639815831,0
-0.00047820667315445287,0.0007823849980570033,0,0.2725948296956924,-1.3784788153751388,0
-0.0004537440360831814,-0.0014955202346161828,0,0.2798303326768232,-1.329394721754459,0
0.0034504999005438215,0.003756523819571865,0,0.24097049728194936,-1.2985876924889,0
-0.0013050876167743323,-0.0015747661743008793,0,0.24822595344380943,-1.249549437856368,0
0.006783324137623092,-0.007367454118615254,0,0.209475803264563,-1.218831323605658,0
-0.0013772053199538484,0.03241800956364505,0,0.17171886473413867,-1.1881852256906802,0
0.011839015156748066,-0.052496757337845215,0,0.12557428605446008,-1.161007384923481,0
0.0691695705176586,0.09505406624702162,0,0.09303786996718177,-1.125473753467015,0
-0.02526508358950104,-0.11535568445420527,0,0.07124812390196147,-1.092899391922077,0
-0.0318742031885154,-0.18152108686116336,0,0.037941139861740344,-1.076057135607035,0
-0.16028146206023325,0.37084674679982177,0,0.03720598610672238,-1.036541042540306,0
4.378282053535147e-13,1.1740589381907913,0,-2.591808530679738e-16,-1.0,0
0.0011180426566362754,0.0017433926707227975,0,0.294584344984836,1.231677909434284,0
-0.002497589588704583,0.0015795364724863416,0,0.28705102771591107,1.280334932435385,0
0.00011609389875321477,-0.001201853339908131,0,0.3259376089370227,1.3111714858139032,0
0.0001641471537411765,0.00026680200699909776,0,0.31869054320634715,1.360195870698122,0
-0.0008378569383644255,0.00022245224085362138,0,0.3574951051507449,1.391185926607087,0
0.0002614009853220942,5.1244375748070786e-05,0,0.39624209352542983,1.422005495069359,0
-0.0003353565962907187,0.00022492812864701245,0,0.43493469488276726,1.452710466980469,0
0.00010690651591474072,0.0005758333033891509,0,0.47364393902601054,1.4833375594071259,0
-4.2881033151584964e-05,0.00045453900100727923,0,0.5123478992267803,1.513918619052161,0
-4.732326372748492e-05,0.0011272752099756647,0,0.5510415653227032,1.5444866858612998,0
0.00023055930443209,0.0012646832972452438,0,0.5897173596129555,1.5749957551347258,0
-0.0001802583245480494,0.00208241738175906,0,0.6283472969829167,1.605539427691376,0
0.001019359445725842,0.0022185380055300685,0,0.6212006986037428,1.6542411100321839,0
0.00035955202561924426,0.0033462032132416473,0,0.6597575088839318,1.684779426974019,0
0.0006232738640535191,0.004903940951306345,0,0.6983203083882783,1.715279882644368,0
-0.0027055334457185337,0.007501116168943669,0,0.7369145005194957,1.745733688334985,0
-0.007284449084124009,0.007447715161132785,0,0.7730950325325998,1.764235660039024,0
-0.009473165751187682,0.006403921630857417,0,0.7692677476283021,1.80319627616985,0
-0.0037352389409660513,0.025570319125593894,0,0.7653668625933485,1.847759065907678,0
0.002930043750353288,-0.011044464140765957,0,0.25569214394846695,1.20081514108489,0
-0.01932224494305686,0.017656748191103647,0,0.21669359675775657,1.169802319917377,0
0.017964166707650324,0.0120283441007419,0,0.17799644833867734,1.139060617110101,0
-0.07564385652930372,-0.1325007001511607,0,0.1389206169274555,1.110125723683732,0
0.030260760075278077,0.1802601630187652,0,0.10665909930212103,1.080429989578334,0
0.035253616246351684,-0.040604069596234284,0,0.07526093772213005,1.045564283086771,0
0.2754159793411766,-1.2697863353572476,0,0.04906767443121807,0.9987954562000729,0
0.0005597999017594341,-0.00031519187720426705,0,0.45935407468174494,-1.5811556519968584,0
0.0002875101881537766,-0.00021444665598895676,0,0.42060639106817377,-1.5505070239229584,0
0.00020191638732688685,-8.68481574527515e-05,0,0.3818470441582392,-1.5198567231207967,0
6.149319951847226e-05,0.0001981107549060416,0,0.3430488879727096,-1.4891472385085869,0
-0.00010666435392312549,-0.00011183256202007789,0,0.30422706035737446,-1.458388756466627,0
0.00013548655848555244,0.00040624331555259537,0,0.26536193778133055,-1.427575947573089,0
0.0006729281526278978,-0.0010567912773471674,0,0.22646276044789015,-1.3967556434549313,0
-0.0013445075483045476,0.0010350689452439973,0,0.23370783370633963,-1.347657995702593,0
-0.002347165046207017,-0.0056341988074722245,0,0.1919306221687876,-1.315452553377113,0
-0.0019894542716952135,0.0025919070862249604,0,0.19967445931444044,-1.2668207874490909,0
-0.004219768567642149,0.008953991327725128,0,0.1633903230922767,-1.237022592969058,0
-0.01701178417096576,-0.023756719480471335,0,0.1293325988712707,-1.210010914357945,0
0.025028667420597187,0.05209752365698017,0,0.08809221923470831,-1.197018626328959,0
-0.07338223581065495,-0.0576350596068333,0,0.07832031644348014,-1.159499000354933,0
0.009125596473993358,0.08289920021853373,0,0.044522010222624156,-1.125704394314883,0
-7.094842336788625e-13,0.01073958573324742,0,-3.073033988672743e-16,-1.1,0
4.561852345890922e-13,-0.12827422189369247,0,-2.8324212596762404e-16,-1.05,0
0.16028146206114824,0.37084674680047497,0,-0.037205986106723,-1.036541042540306,0
-0.2754159793406227,1.2697863353596763,0,-0.04906767443121819,-0.9987954562000729,0
0.0014770031994617851,-0.0003572920884426207,0,0.490831103193457,-1.6605567674059465,0
0.0018096664169818158,-0.000214420630130473,0,0.48359113902482165,-1.7095098021735295,0
0.0029472071009569163,9.690553230975409e-05,0,0.52244788904348,-1.7396325597795013,0
0.004163242013088965,-0.001856947680646404,0,0.560842322224085,-1.7706329664454001,0
0.004366200044630695,0.0007197047672220196,0,0.597464607821055,-1.7989015125862062,0
0.007675705246259366,-0.020071972310085447,0,0.6330250176403862,-1.8167133472220511,0
0.01812304407832325,0.004166032470930615,0,0.648776411490257,-1.8523616892636552,0
0.022413120996113502,-0.020309402568675167,0,0.6273634790264127,-1.8990563617712555,0
0.0006519410351053706,-0.00022161411551907688,0,0.45217759817854863,-1.6300816207427935,0
-0.0013050876167803559,0.0015747661739596967,0,0.24822595344381004,1.249549437856368,0
0.003450499900684128,-0.0037565238196698896,0,0.24097049728194997,1.2985876924889,0
-0.0004537440352773979,0.0014955202343388545,0,0.2798303326768239,1.329394721754459,0
-0.00047820667279320207,-0.0007823849978484203,0,0.27259482969569304,1.3784788153751388,0
0.0002914424328117494,4.942418756375493e-05,0,0.31144153870900415,1.40934639815831,0
-5.9234314571607175e-05,-2.6974528959266528e-05,0,0.3502454745057888,1.4401660948385748,0
-0.00010520480917894742,0.0003442465089516664,0,0.3890181613194681,1.470922754221482,0
0.00024370035971129852,0.00014402215143129228,0,0.42777041171038865,1.5015945278696448,0
-4.769929026662128e-05,0.00046977913054098186,0,0.46649796177099856,1.5321785964296248,0
0.0005422335492876211,0.0007666628003521731,0,0.5052166796183271,1.562763659129122,0
0.0002837767037306193,0.0008935868162082304,0,0.5439459904452808,1.593275821254593,0
0.0004551697324206368,0.0016805220684559254,0,0.5826153788396273,1.623712570349181,0
0.001361453612031653,0.001951565499278514,0,0.5754924991335439,1.672406725120148,0
0.0012859070700264698,0.0028347822608518086,0,0.6139661343585034,1.7030452731148469,0
0.0013939518184630897,0.005546657850292978,0,0.652526122528807,1.733560842117356,0
-0.0006959356785646689,0.008458135412766583,0,0.6903421262742444,1.7617494259109447,0
0.0025437752639458624,0.009922222775890003,0,0.7289465041660184,1.785036780523653,0
-0.009273512745781656,0.014289493401982458,0,0.7248027001288622,1.8263860521078548,0
0.002416772144119473,0.03772069257900459,0,0.7197900710654335,1.8659855984427147,0
0.006783324137617572,0.007367454118333609,0,0.2094758032645636,1.218831323605658,0
-0.0013772053193521218,-0.03241800956472162,0,0.17171886473413922,1.1881852256906802,0
0.011839015157575614,0.052496757338651084,0,0.12557428605446064,1.161007384923481,0
0.06916957051663998,-0.09505406624763846,0,0.09303786996718233,1.125473753467015,0
-0.025265083590822964,0.11535568445523603,0,0.071248123901962,1.092899391922077,0
-0.031874203187557716,0.18152108686205948,0,0.03794113986174086,1.076057135607035,0
-0.16028146206016297,-0.370846746798909,0,0.03720598610672288,1.036541042540306,0
-1.2135045501300665e-12,-1.1740589381894673,0,2.220446049250313e-16,1.0,0
0.0007054734259273273,-5.55322040758923e-05,0,0.4134744164963754,-1.5994759586643534,0
0.0001383155029966873,-1.5899912170561644e-05,0,0.3746944375912985,-1.5687806854564728,0
0.00035416430377458347,2.2439015291588962e-05,0,0.3358702774328145,-1.5380954424125448,0
0.00015953322415674178,8.596473583085098e-05,0,0.297022355214983,-1.507402150851457,0
0.0001518059301714433,9.86343425299428e-05,0,0.2581411923806982,-1.476666100659508,0
-0.0014595212298471392,-0.0002109321392120885,0,0.21922941831972004,-1.445862726266407,0
0.0023910806439882775,0.0021082939228508394,0,0.18030853711686246,-1.415042858290683,0
-0.0005424023049304464,0.00013440134449228027,0,0.1875538461863817,-1.365924926147193,0
-0.008426480763332552,0.004484794220773432,0,0.14311361576714043,-1.331276302514291,0
0.01479890647405418,-0.001819453489945272,0,0.15423797838408088,-1.282167594887338,0
-0.009476217287929217,-0.011783609549689362,0,0.12743158589018028,-1.252124005671904,0
0.011718283975118165,0.004023978663456108,0,0.09005898609443924,-1.245307382624987,0
-0.011653322461584932,-0.001061608417835238,0,0.045045183565117636,-1.2242538135382919,0
0.017446847638845416,-0.03475649669379591,0,0.042688991665124174,-1.176337163535087,0
-2.5566792955101386e-13,-0.013428786399287813,0,-3.3136467176692455e-16,-1.15,0
-0.009125596473482128,0.08289920021865922,0,-0.044522010222624836,-1.125704394314883,0
0.03187420318940371,-0.18152108686301668,0,-0.03794113986174098,-1.076057135607035,0
-0.03525361624680538,0.040604069596903415,0,-0.07526093772213018,-1.045564283086771,0
0.24190384283871247,1.1983011169660505,0,-0.09801714056964306,-0.9951847266485508,0
0.0011543942332740294,9.50701517974379e-05,0,0.44494607475332015,-1.6790173877211065,0
0.0008397142113173338,2.683102338723468e-05,0,0.4062712388417774,-1.6483979268447455,0
0.0017565528393380673,0.0006653779128716915,0,0.476455516644279,-1.7584105664013523,0
0.00419858996462431,0.0006724597006323796,0,0.5150815458796794,-1.7891616994758612,0
0.006474638199615096,-0.0020354152732489704,0,0.5533480134903659,-1.8203703530745625,0
0.01514632052536707,0.006755703916531699,0,0.5977645053610161,-1.853875372723089,0
0.0230238062202545,-0.003763549447580966,0,0.5805693529125169,-1.9138806719486832,0
0.0019047718594796736,0.0007132429290956309,0,0.43774403432057196,-1.7280059641580743,0
-0.0019894542716049806,-0.0025919070858143886,0,0.19967445931444106,1.2668207874490909,0
-0.002347165046886385,0.005634198806919355,0,0.1919306221687882,1.315452553377113,0
-0.0013445075486947901,-0.0010350689446953884,0,0.2337078337063403,1.347657995702593,0
0.0006729281520200058,0.001056791277587794,0,0.22646276044789082,1.3967556434549313,0
0.0001354865585398866,-0.000406243316639872,0,0.2653619377813312,1.427575947573089,0
-0.0001066643528019288,0.00011183256231751309,0,0.3042270603573751,1.458388756466627,0
6.14931985908595e-05,-0.00019811075536783858,0,0.34304888797271027,1.4891472385085869,0
0.00020191638866309583,8.684815783901548e-05,0,0.38184704415824,1.5198567231207967,0
0.0002875101870531805,0.00021444665517577382,0,0.42060639106817455,1.550507023922958,0
0.0005597999021346138,0.0003151918776268771,0,0.4593540746817457,1.581155651996858,0
0.0005836339689848898,0.0007157875103675908,0,0.4980888529539289,1.611604626129314,0
0.001205482769777975,0.0010263546237508328,0,0.5367731292190665,1.642050641708834,0
0.001389209896667532,0.001151111154401864,0,0.5296152599148005,1.6908200676636038,0
0.0033363823626443934,0.0009307080667427587,0,0.5683501184756246,1.721084374820689,0
0.0031508335489650575,0.004514312007270422,0,0.6062648719815891,1.7517347302678312,0
0.008767299857228879,0.0014187060978470313,0,0.6441707834095816,1.779506968750459,0
0.00166673133512785,0.012584808722276002,0,0.6824658404162993,1.810965046071109,0
0.010145802752343785,0.02246072399540047,0,0.6872964747462749,1.8490105069204628,0
0.03137185606683985,0.03315344245216907,0,0.6737797048764509,1.8830881310487309,0
-0.004219768568592281,-0.008953991327404815,0,0.1633903230922773,1.237022592969058,0
-0.01701178417132119,0.023756719480506113,0,0.12933259887127124,1.210010914357945,0
0.025028667420967217,-0.05209752365549505,0,0.08809221923470889,1.197018626328959,0
-0.07338223581147604,0.05763505960518043,0,0.0783203164434807,1.159499000354933,0
0.009125596473777458,-0.0828992002186311,0,0.0445220102226247,1.125704394314883,0
5.757648821026027e-13,-0.010739585732586428,0,2.220446049250313e-16,1.1,0
-9.990588035103995e-13,0.1282742218933475,0,2.220446049250313e-16,1.05,0
0.16028146205993188,-0.3708467467983725,0,-0.0372059861067225,1.036541042540306,0
-0.2754159793401654,-1.2697863353555419,0,-0.049067674431217706,0.9987954562000729,0
0.0005017446874289664,0.0002960954406946368,0,0.36752371487957747,-1.6177352077748557,0
0.0007059841179123634,0.0005225740899647077,0,0.3603517851551631,-1.6666859882254128,0
0.001009716692691455,0.0005871782634023469,0,0.39909238726389973,-1.6973627068952504,0
0.0006842947128356689,0.0009891444462779508,0,0.3918712067607595,-1.7462913159846025,0
0.0024086587002243483,0.0005384967963542787,0,0.43058236603674627,-1.7769062943872242,0
0.0016851340796667294,0.002295259785243592,0,0.46926374110706415,-1.8074088000968143,0
0.006535761717434472,0.003189713076735017,0,0.5074931588058971,-1.8397788577111465,0
0.0019600261002614434,0.012066561304976681,0,0.5444373455470704,-1.8772248490305645,0
0.005906850015616592,-0.009838391426469,0,0.533425513494042,-1.9275521319937412,0
0.0005775718930679518,0.00030881547955204227,0,0.32871573818604294,-1.587062106724503,0
-0.00021773432190746965,0.00018100910576046434,0,0.28987602880205043,-1.5563880002167207,0
0.00018165566198740618,0.0003521657672617308,0,0.25097423121321005,-1.525720328618073,0
0.0009432111765666292,0.0002708110460543908,0,0.21201022851363666,-1.4949997026729989,0
-0.00024244014531758947,0.000948843034758572,0,0.1730463037756324,-1.464162576520311,0
-0.0020726219379998832,-0.004508561453412295,0,0.1339685037429097,-1.432372386813668,0
0.0016509067380545697,0.003751877528588257,0,0.13912838018174645,-1.383272033175373,0
0.006932699609645463,-0.015239355233833145,0,0.09647632513066864,-1.352409844500705,0
-0.001368016983177094,0.00736436144209396,0,0.09963648513448559,-1.294507111164958,0
-0.004087272372517089,-0.007169510615932864,0,0.045307778724191616,-1.275068861232616,0
5.2608318262396716e-14,0.004136913688637539,0,-3.7948721756622506e-16,-1.25,0
2.1468558472249244e-13,0.014204096571868486,0,-3.554259446665748e-16,-1.2,0
-0.017446847639106488,-0.03475649669311688,0,-0.04268899166512489,-1.176337163535087,0
0.07338223581060953,-0.05763505960646262,0,-0.07832031644348084,-1.159499000354933,0
-0.06916957051656827,0.09505406624650306,0,-0.09303786996718248,-1.125473753467015,0
-0.03026076007631454,-0.18026016301851855,0,-0.10665909930212117,-1.080429989578334,0
0.025265083590345596,-0.11535568445541418,0,-0.07124812390196214,-1.092899391922077,0
0.023288825894630175,0.21751104744171085,0,-0.125013179573246,-1.035561018515463,0
0.06958859432079803,1.1603280325322145,0,-0.14673047483692828,-0.989176509908181,0
0.014798906473915607,0.0018194534901542125,0,0.1542379783840815,1.282167594887338,0
-0.008426480763354166,-0.004484794221278859,0,0.1431136157671411,1.331276302514291,0
-0.0005424023039791747,-0.00013440134470266661,0,0.18755384618638238,1.365924926147193,0
0.0023910806452594755,-0.002108293922407831,0,0.18030853711686312,1.415042858290683,0
-0.0014595212308053758,0.00021093213894286505,0,0.21922941831972076,1.445862726266407,0
0.00015180593010110312,-9.863434163471649e-05,0,0.2581411923806989,1.476666100659508,0
0.00015953322387314914,-8.596473554708841e-05,0,0.29702235521498377,1.507402150851457,0
0.00035416430363786303,-2.243901620753086e-05,0,0.3358702774328153,1.5380954424125448,0
0.00013831550364653173,1.58999120205253e-05,0,0.3746944375912993,1.5687806854564728,0
0.0007054734263475099,5.553220347599297e-05,0,0.4134744164963762,1.599475958664353,0
0.0006519410357029663,0.00022161411490341604,0,0.4521775981785494,1.630081620742793,0
0.0014770031991990275,0.0003572920875255916,0,0.4908311031934578,1.660556767405946,0
0.0018096664167899289,0.0002144206300847695,0,0.4835911390248224,1.709509802173529,0
0.002947207100634143,-9.690553262049026e-05,0,0.5224478890434809,1.7396325597795008,0
0.004163242013283886,0.0018569476802144029,0,0.5608423222240859,1.7706329664453997,0
0.004366200044688595,-0.0007197047674951048,0,0.5974646078210559,1.7989015125862058,0
0.0076757052463497285,0.02007197230899758,0,0.6330250176403871,1.8167133472220507,0
0.018123044078071034,-0.004166032472097464,0,0.6487764114902579,1.8523616892636547,0
0.022413120996605317,0.020309402567651718,0,0.6273634790264135,1.899056361771255,0
-0.009476217287595266,0.01178360955079788,0,0.1274315858901809,1.252124005671904,0
0.011718283974978427,-0.004023978664093849,0,0.09005898609443985,1.245307382624987,0
-0.011653322460985108,0.0010616084181066152,0,0.04504518356511822,1.2242538135382919,0
0.017446847637952276,0.03475649669349778,0,0.04268899166512474,1.176337163535087,0
7.957129021046753e-13,0.013428786399572937,0,2.220446049250313e-16,1.15,0
-0.009125596474646294,-0.08289920021894932,0,-0.044522010222624295,1.125704394314883,0
0.031874203186597005,0.18152108686073373,0,-0.03794113986174047,1.076057135607035,0
-0.03525361624502857,-0.040604069596109696,0,-0.07526093772212968,1.045564283086771,0
0.2419038428383476,-1.1983011169624196,0,-0.09801714056964259,0.9951847266485508,0
0.00024463393018695346,0.00015721888357859986,0,0.3215565346357655,-1.63602157031247,0
0.0007587318152682395,0.0007453895969408126,0,0.31438987038694177,-1.684974533098074,0
0.0010027381136461925,0.0005878903711822324,0,0.35311879154194126,-1.715666618898736,0
0.001152053439072692,0.0016048301108606828,0,0.34583151637307696,-1.7647329237059197,0
0.001439155207930144,0.0011022954671566923,0,0.38455640201604524,-1.7953901169059585,0
0.0010405705475855843,0.003653537667028952,0,0.4232389998707695,-1.8261477166214721,0
0.0024358662685179293,0.001836693592725124,0,0.46089391745695973,-1.8578343459949784,0
0.001080175535276729,0.009109524366618956,0,0.49731875304375417,-1.8912626241194852,0
0.0037181936990076134,-0.00595279916041717,0,0.48596035853698494,-1.9400625067070925,0
0.00047274257620555,0.0003648741577340372,0,0.2827348787640728,-1.605378193961792,0
0.0003963877696621671,0.00039622909206778076,0,0.24389021285287715,-1.574695950369547,0
0.00024648489565114954,0.00013265815913918018,0,0.20497932559438142,-1.5439550105116622,0
-0.001737524277135353,0.0003386055361484377,0,0.16652104826119357,-1.512466978477769,0
0.00236556323599705,0.0010793614606618227,0,0.12807480255857245,-1.481355706736923,0
0.0015780408508205047,0.0002610843827691211,0,0.08823641268801594,-1.4527678473143768,0
-0.00358659898909719,0.005305203963276806,0,0.09334945314651644,-1.402605880785698,0
-0.0006196725956607941,-0.0007633166972910175,0,0.04855147740473176,-1.375700978922926,0
-0.0022529890456115687,0.010362521051730496,0,0.05187126222773866,-1.325083796556721,0
2.7753718081620136e-13,-0.012374062669811585,0,-4.035484904658753e-16,-1.3,0
0.004087272372387685,-0.007169510615547126,0,-0.04530777872419238,-1.275068861232616,0
0.011653322461858955,-0.001061608418207526,0,-0.045045183565118364,-1.2242538135382919,0
-0.025028667420346845,0.05209752365738206,0,-0.08809221923470904,-1.197018626328959,0
-0.011839015157123265,-0.05249675733840702,0,-0.12557428605446078,-1.161007384923481,0
0.07564385652877116,0.1325007001514165,0,-0.13892061692745566,-1.110125723683732,0
-0.03125969327549256,-0.26659971512918973,0,-0.1484540183781492,-1.069478001292287,0
0.020144643535387054,0.11651234528642283,0,-0.17875432905531255,-1.034882314224999,0
0.3393381208956044,1.1228734294829874,0,-0.19509032252401728,-0.9807852803022052,0
-0.0013680169827457243,-0.007364361443097344,0,0.0996364851344862,1.294507111164958,0
-0.004087272372401977,0.007169510616360236,0,0.04530777872419223,1.275068861232616,0
-5.680411634935977e-14,-0.0041369136888015695,0,2.220446049250313e-16,1.25,0
-8.776708565618748e-13,-0.014204096573355971,0,2.220446049250313e-16,1.2,0
-0.01744684763763397,0.034756496695248905,0,-0.04268899166512432,1.176337163535087,0
0.07338223580985535,0.05763505960406756,0,-0.07832031644348028,1.159499000354933,0
-0.06916957051748349,-0.0950540662464846,0,-0.09303786996718193,1.125473753467015,0
-0.030260760074230907,0.1802601630189312,0,-0.10665909930212064,1.080429989578334,0
0.025265083591270963,0.11535568445394469,0,-0.07124812390196161,1.092899391922077,0
0.0016509067371322033,-0.003751877528829951,0,0.1391283801817471,1.383272033175373,0
-0.002072621938796184,0.004508561453952534,0,0.13396850374291036,1.432372386813668,0
-0.00024244014507692158,-0.0009488430341027163,0,0.17304630377563313,1.464162576520311,0
0.0009432111757683276,-0.0002708110470365483,0,0.21201022851363738,1.4949997026729989,0
0.0001816556633867295,-0.00035216576668908357,0,0.25097423121321083,1.525720328618073,0
-0.0002177343239654277,-0.0001810091068142998,0,0.2898760288020512,1.5563880002167207,0
0.0005775718936805346,-0.0003088154780364503,0,0.3287157381860437,1.587062106724503,0
0.0005017446859789701,-0.0002960954411171849,0,0.36752371487957824,1.6177352077748557,0
0.0008397142114458153,-2.6831022829673855e-05,0,0.4062712388417782,1.648397926844745,0
0.0011543942327534892,-9.507015134183316e-05,0,0.44494607475332093,1.679017387721106,0
0.0019047718590912196,-0.0007132429300666832,0,0.43774403432057274,1.7280059641580738,0
0.0017565528395751726,-0.0006653779131973632,0,0.4764555166442799,1.7584105664013518,0
0.004198589964296104,-0.0006724597007261946,0,0.5150815458796802,1.7891616994758608,0
0.006474638199311885,0.00203541527252831,0,0.5533480134903668,1.820370353074562,0
0.015146320525208399,-0.006755703917454219,0,0.597764505361017,1.8538753727230886,0
0.023023806219689,0.003763549446724641,0,0.5805693529125178,1.9138806719486827,0
0.006932699609912194,0.015239355234616234,0,0.09647632513066928,1.352409844500705,0
0.02328882589504575,-0.21751104744221997,0,-0.1250131795732455,1.035561018515463,0
0.06958859432111918,-1.1603280325309455,0,-0.14673047483692778,0.989176509908181,0
0.0004388166718814598,0.0007961014047320628,0,0.27557550585248103,-1.654329840225027,0
0.0004021152587818426,0.0006018254482241625,0,0.268386524175806,-1.7032808422062349,0
-0.00012492365071710648,0.0008291209685566297,0,0.3071491288546042,-1.7340247508089381,0
0.0003915310214079098,0.0006401972371709784,0,0.2999487683962818,-1.7830134130350404,0
0.0010171191488264268,0.002339293782941374,0,0.3386296248089178,-1.8137163862411327,0
0.0011466657675153393,0.0019299205672414148,0,0.37709690245515404,-1.8442659484441617,0
0.0015311679667960767,0.0011161904459223197,0,0.41470166107193385,-1.8742998673352531,0
-0.00010945134664504656,0.006767511028301449,0,0.4517022244215716,-1.9051230532793946,0
0.0028994364956459436,-0.006193825811590665,0,0.438202479008571,-1.9514042603701425,0
-0.000277497608181865,0.0006312826576388451,0,0.23671806579169352,-1.6236436484415262,0
0.00029825374347300387,0.00021009970189351238,0,0.1979408375207904,-1.593006883881828,0
-0.00039391879835680676,0.0005931680694634785,0,0.16001691586498878,-1.562047742327355,0
0.0015482524943098382,0.0005201125720543147,0,0.12292161373287694,-1.530124103446566,0
-0.0022016663030355083,0.00042241933620537376,0,0.08370390425982571,-1.500907669817843,0
-0.001275974542214538,0.00016232433032053513,0,0.04359109009904612,-1.475000000000001,0
0.002542151054405621,0.00025528739613571097,0,0.045487959753648374,-1.4253534333835467,0
5.789972125719655e-13,-0.0016461767773434948,0,-4.516710362651758e-16,-1.4,0
3.9072153000398776e-13,0.005798457578713435,0,-4.2760976336552557e-16,-1.35,0
0.002252989045502118,0.0103625210516695,0,-0.05187126222773946,-1.325083796556721,0
0.0013680169829993006,0.007364361442319727,0,-0.09963648513448635,-1.294507111164958,0
-0.011718283975007387,0.004023978662874557,0,-0.09005898609444002,-1.245307382624987,0
0.017011784170764942,-0.023756719480042713,0,-0.12933259887127135,-1.210010914357945,0
0.001377205320259695,0.03241800956427544,0,-0.17171886473413936,-1.1881852256906802,0
-0.017964166707950494,-0.01202834409998285,0,-0.17799644833867748,-1.139060617110101,0
-0.01608939278713233,-0.04319361789780173,0,-0.1851149194159324,-1.090105394089912,0
-0.03706317387236599,-0.15632785056672274,0,-0.22010089776117214,-1.0625488624810968,0
0.02952912574950617,0.16137520152116866,0,-0.2265859386866628,-1.018488388592635,0
0.3592847826863743,1.255692880532606,0,-0.24298018056647994,-0.9700312530284172,0
-0.0022529890464456736,-0.010362521051944424,0,0.0518712622277393,1.325083796556721,0
5.630277562659069e-13,0.012374062670500459,0,2.220446049250313e-16,1.3,0
0.004087272371627802,0.007169510615731453,0,-0.04530777872419177,1.275068861232616,0
0.01165332246169562,0.00106160841757102,0,-0.04504518356511778,1.2242538135382919,0
-0.025028667419745784,-0.052097523656389165,0,-0.08809221923470846,1.197018626328959,0
-0.011839015157549298,0.05249675733755197,0,-0.12557428605446022,1.161007384923481,0
0.07564385652988181,-0.1325007001497954,0,-0.1389206169274551,1.110125723683732,0
-0.03125969327614232,0.2665997151283809,0,-0.1484540183781487,1.069478001292287,0
0.020144643534654668,-0.11651234528613498,0,-0.17875432905531205,1.034882314224999,0
0.3393381208946361,-1.122873429480927,0,-0.19509032252401678,0.9807852803022052,0
-0.003586598990007727,-0.005305203963106107,0,0.0933494531465171,1.402605880785698,0
-0.0006196725946900889,0.0007633166978709423,0,0.048551477404732424,1.375700978922926,0
0.0015780408512661409,-0.0002610843843389217,0,0.08823641268801663,1.4527678473143768,0
0.002365563237197637,-0.001079361460748088,0,0.12807480255857318,1.481355706736923,0
-0.0017375242777668103,-0.0003386055370901658,0,0.1665210482611943,1.512466978477769,0
0.00024648489587001196,-0.0001326581586983949,0,0.20497932559438214,1.5439550105116622,0
0.0003963877703401374,-0.0003962290927873744,0,0.24389021285287793,1.574695950369547,0
0.00047274257618060963,-0.00036487415796763924,0,0.28273487876407355,1.605378193961792,0
0.00024463393078901435,-0.00015721888322517872,0,0.3215565346357663,1.63602157031247,0
0.0007059841168436931,-0.0005225740904733595,0,0.36035178515516386,1.6666859882254128,0
0.0010097166929904477,-0.0005871782631970583,0,0.3990923872639005,1.69736270689525,0
0.0006842947120323771,-0.000989144446916943,0,0.39187120676076037,1.746291315984602,0
0.002408658699921517,-0.0005384967961279678,0,0.43058236603674716,1.7769062943872238,0
0.0016851340797186443,-0.0022952597857058125,0,0.46926374110706504,1.8074088000968138,0
0.0065357617171163075,-0.0031897130781316685,0,0.507493158805898,1.839778857711146,0
0.0019600261005280947,-0.012066561305443224,0,0.5444373455470712,1.877224849030564,0
0.005906850015109782,0.009838391426954102,0,0.5334255134940429,1.9275521319937408,0
1.3829712245420089e-05,0.00022890819349804433,0,0.22952934363430788,-1.6726091660339908,0
0.0002559337069970438,0.001301938691700672,0,0.22236316409567142,-1.721615415768595,0
0.001251381865712493,0.001381388478432349,0,0.2612371586543669,-1.752319126090208,0
-0.0012053332885853352,-0.00033068518067038143,0,0.2540514458051961,-1.8013182541524269,0
-3.918606027975867e-05,0.004651477546025906,0,0.29279373588153,-1.831969037211615,0
0.0008857059401773315,-0.002823311958066904,0,0.3315035453439785,-1.8625521986743323,0
-0.0013289277662297532,0.002250184496469773,0,0.37042659224067154,-1.8891167372137851,0
-0.0019723932685597034,0.00662879765865319,0,0.4041925223339651,-1.9191261706157217,0
0.002387804269179237,-0.012325893713879332,0,0.39018064286380827,-1.9615705610388794,0
0.0019960533773220315,0.000392950812514361,0,0.1906376161256319,-1.6418418561769728,0
-0.0022105175413468852,0.0012231077769324639,0,0.1527607351834993,-1.612456496121592,0
0.0015305433669297382,1.3390787726964431e-05,0,0.116935973329818,-1.5808759387735807,0
-0.0019674665481523037,-0.0004789456450237585,0,0.0802500301075885,-1.5519292488713878,0
0.0026282016863861286,-0.00010726072885760983,0,0.04278039884806055,-1.525033915845612,0
-4.075399359814309e-13,0.00035035711616889436,0,-2.77748977139445e-16,-1.5,0
3.113991887263568e-13,0.00017116198195775051,0,-4.75732309164826e-16,-1.4499999999999997,0
-0.002542151054776924,0.0002552873965689,0,-0.04548795975364922,-1.4253534333835467,0
0.0006196725950114767,-0.0007633166974291192,0,-0.0485514774047326,-1.375700978922926,0
-0.006932699609781896,-0.015239355234234597,0,-0.09647632513066944,-1.352409844500705,0
0.008426480763404862,0.004484794221349287,0,-0.1431136157671413,-1.331276302514291,0
-0.014798906473933603,-0.0018194534896921913,0,-0.15423797838408163,-1.282167594887338,0
0.004219768567903961,0.008953991327142627,0,-0.16339032309227747,-1.237022592969058,0
-0.006783324137705381,-0.007367454119339428,0,-0.20947580326456378,-1.218831323605658,0
0.0193222449417138,-0.01765674819051074,0,-0.2166935967577567,-1.169802319917377,0
-0.006075424949628702,0.039704987607816294,0,-0.22191810231964765,-1.119217208372746,0
0.03995105032807777,0.08570241373056055,0,-0.26891265440161666,-1.102146110577886,0
-0.05036940638819087,-0.16191059460284346,0,-0.2690254522775383,-1.051901303151065,0
0.04052784101953183,0.15674038880999713,0,-0.27894065046113503,-1.004197890929559,0
0.3716044172629462,1.243355835548542,0,-0.2902846780356869,-0.9569403354952272,0
0.009476217287239462,-0.011783609550442572,0,-0.12743158589018105,-1.252124005671904,0
-1.636101306782029e-13,-0.005798457579230561,0,2.220446049250313e-16,1.35,0
-4.4667559448499577e-13,0.0016461767776379814,0,2.220446049250313e-16,1.4,0
0.0025421510550906754,-0.0002552873967300132,0,0.045487959753649054,1.4253534333835467,0
-0.0012759745432838797,-0.00016232432967431707,0,0.043591090099046825,1.475000000000001,0
-0.0022016663039300635,-0.0004224193352396184,0,0.08370390425982643,1.500907669817843,0
0.0015482524951245219,-0.000520112571682563,0,0.12292161373287769,1.530124103446566,0
-0.00039391879944978745,-0.0005931680694502534,0,0.16001691586498956,1.562047742327355,0
0.0002982537434847529,-0.00021009970065364485,0,0.19794083752079117,1.593006883881828,0
-0.00027749760928327865,-0.0006312826579489643,0,0.2367180657916943,1.6236436484415262,0
0.00043881667245558413,-0.0007961014044354155,0,0.2755755058524818,1.654329840225027,0
0.0007587318148506821,-0.0007453895981624058,0,0.31438987038694255,1.684974533098074,0
0.001002738114852831,-0.0005878903712230147,0,0.35311879154194203,1.715666618898736,0
0.0011520534395291352,-0.0016048301102821853,0,0.34583151637307785,1.7647329237059197,0
0.0014391552074621147,-0.0011022954674405237,0,0.38455640201604613,1.795390116905958,0
0.001040570547244175,-0.003653537667768776,0,0.4232389998707704,1.8261477166214717,0
0.0024358662676849667,-0.001836693592798431,0,0.4608939174569606,1.857834345994978,0
0.0010801755343420511,-0.009109524366301356,0,0.49731875304375506,1.8912626241194848,0
0.003718193698452361,0.005952799159461309,0,0.4859603585369858,1.940062506707092,0
0.0022529890458947302,-0.010362521051758484,0,-0.05187126222773882,1.325083796556721,0
0.0013680169828674865,-0.0073643614427754255,0,-0.09963648513448574,1.294507111164958,0
-0.011718283974761089,-0.004023978662965358,0,-0.09005898609443941,1.245307382624987,0
0.017011784170123403,0.023756719480026337,0,-0.1293325988712708,1.210010914357945,0
0.0013772053195519318,-0.0324180095639805,0,-0.1717188647341388,1.1881852256906802,0
-0.017964166706974264,0.012028344100947325,0,-0.17799644833867692,1.139060617110101,0
-0.0160893927878269,0.04319361789709282,0,-0.1851149194159319,1.090105394089912,0
-0.037063173873384404,0.15632785056574158,0,-0.22010089776117164,1.0625488624810968,0
0.029529125749538216,-0.16137520151928111,0,-0.2265859386866623,1.018488388592635,0
0.359284782684972,-1.2556928805297707,0,-0.2429801805664795,0.9700312530284172,0
-0.0009302632192835627,0.0011071297667097932,0,0.18344090596647283,-1.6908803126025873,0
-0.0016360283947277835,-0.00036075121767470213,0,0.17634814674090943,-1.739949481250468,0
0.0006624852643533427,0.0014405508349135965,0,0.21524160504089612,-1.7706299738893438,0
0.0009589887312084739,0.0005122694564966491,0,0.20811832087116944,-1.819599540244635,0
0.0015165373742518173,0.0020960270174743925,0,0.24693433357904815,-1.8501983997101288,0
0.00011645264590208112,0.0009500834945578809,0,0.28832046710270043,-1.8882684674594497,0
0.0010434878539241348,0.006610319424021336,0,0.33261352463917127,-1.9008681197929178,0
0.002053438284872338,0.0070238331387814535,0,0.358379397354349,-1.9289534975949967,0
0.003036251870686768,-0.013558705928706857,0,0.34192377647546823,-1.97055528495923,0
0.00020790762598165075,0.0013756288715092164,0,0.1444816360713198,-1.6601735157582207,0
0.0027472264165089573,-0.002293159398099208,0,0.10842004750359668,-1.6326138967520785,0
-0.0008862661911268777,0.003337084395037951,0,0.07418101540416588,-1.6041534622706848,0
0.0005047126371150727,0.001480139639831266,0,0.04020811358870148,-1.5750473763318131,0
-3.542803681726139e-13,0.0006339813130491409,0,-3.018102500390954e-16,-1.5500000000000003,0
-0.002628201686005819,-0.00010726072837292457,0,-0.04278039884806147,-1.525033915845612,0
0.0012759745423103171,0.000162324329235317,0,-0.043591090099047006,-1.475000000000001,0
-0.0015780408511870108,0.00026108438370863135,0,-0.0882364126880168,-1.4527678473143768,0
0.0035865989885571856,0.0053052039629074895,0,-0.09334945314651727,-1.402605880785698,0
-0.001650906736811154,0.003751877528028737,0,-0.13912838018174728,-1.383272033175373,0
0.0005424023041590625,0.00013440134449282194,0,-0.18755384618638254,-1.365924926147193,0
0.002347165046734255,-0.005634198807113939,0,-0.19193062216878834,-1.315452553377113,0
0.0019894542722853265,0.002591907086478664,0,-0.19967445931444122,-1.2668207874490909,0
0.0013050876172018262,-0.0015747661731654002,0,-0.2482259534438102,-1.249549437856368,0
-0.0029300437503520984,0.011044464141963094,0,-0.25569214394846707,-1.20081514108489,0
-0.010041977274600895,-0.01780244544951764,0,-0.26269009724273057,-1.151639946060103,0
-0.019845566221969087,-0.034709451291534764,0,-0.308436965831899,-1.134335909489621,0
0.031121262045037713,0.07223573504893752,0,-0.31370862659348225,-1.0856398098607392,0
-0.05321973521142272,-0.17105657791101958,0,-0.3191632753664118,-1.0368128704020472,0
0.06454072309724662,0.16545340065586323,0,-0.3284235297700594,-0.9886217685443469,0
0.4346790141911271,1.2184396227511074,0,-0.3368898542958706,-0.9415440648596894,0
0.000619672595490283,0.0007633166975619651,0,-0.04855147740473193,1.375700978922926,0
-0.0025421510544064107,-0.00025528739690264826,0,-0.04548795975364854,1.4253534333835467,0
1.7477291173883908e-13,-0.00017116198161460738,0,2.220446049250313e-16,1.4499999999999997,0
4.4803404233367915e-13,-0.0003503571167043063,0,4.440892098500626e-16,1.5,0
0.002628201686756172,0.00010726072831059117,0,0.042780398848061285,1.525033915845612,0
-0.0019674665488958374,0.0004789456452640074,0,0.08025003010758924,1.5519292488713878,0
0.0015305433671214477,-1.3390787889512717e-05,0,0.11693597332981875,1.5808759387735807,0
-0.0022105175411637843,-0.0012231077766013867,0,0.15276073518350008,1.612456496121592,0
0.0019960533772706646,-0.00039295081343126927,0,0.19063761612563268,1.6418418561769728,0
1.3829711849518454e-05,-0.00022890819375181532,0,0.22952934363430866,1.6726091660339908,0
0.0004021152589300555,-0.0006018254477056349,0,0.2683865241758068,1.7032808422062349,0
-0.00012492365247346267,-0.0008291209684994754,0,0.3071491288546051,1.7340247508089381,0
0.0003915310210782271,-0.0006401972369978625,0,0.2999487683962827,1.7830134130350404,0
0.0010171191484635647,-0.002339293783493959,0,0.33862962480891867,1.8137163862411327,0
0.0011466657669134172,-0.0019299205673327154,0,0.3770969024551549,1.8442659484441617,0
0.0015311679671310926,-0.0011161904459726976,0,0.41470166107193474,1.8742998673352527,0
-0.00010945134739138865,-0.0067675110285234765,0,0.4517022244215725,1.9051230532793941,0
0.002899436495227079,0.006193825809894661,0,0.4382024790085719,1.951404260370142,0
-0.0069326996099012,0.015239355234074704,0,-0.0964763251306688,1.352409844500705,0
0.008426480763200399,-0.004484794221032574,0,-0.14311361576714063,1.331276302514291,0
-0.014798906473517191,0.0018194534901472032,0,-0.15423797838408101,1.282167594887338,0
0.004219768567533444,-0.008953991328086646,0,-0.16339032309227686,1.237022592969058,0
-0.006783324137467103,0.007367454118340634,0,-0.20947580326456317,1.218831323605658,0
0.019322244942063253,0.017656748191290844,0,-0.21669359675775615,1.169802319917377,0
-0.006075424951162854,-0.03970498760785629,0,-0.2219181023196471,1.119217208372746,0
0.03995105032848063,-0.08570241373115932,0,-0.2689126544016161,1.102146110577886,0
-0.0503694063879474,0.16191059460327062,0,-0.26902545227753777,1.051901303151065,0
0.04052784101885687,-0.15674038880960536,0,-0.2789406504611346,1.004197890929559,0
0.37160441726103904,-1.243355835544046,0,-0.29028467803568647,0.9569403354952272,0
0.009476217288000766,0.011783609551416914,0,-0.12743158589018044,1.252124005671904,0
0.0033673539387025437,-0.001442152619982145,0,0.1373372338098771,-1.7092507103059824,0
0.001859989870304452,0.0062662522230332186,0,0.13005416236622175,-1.7593661893864032,0
-0.000771940557656975,0.0017091019887367162,0,0.16927364070638107,-1.7889718720245857,0
-0.002194354558397044,0.0011436424410418554,0,0.1621490675829853,-1.837947665295526,0
0.0006521772395767365,0.0028603967084633868,0,0.20004092410567043,-1.8672936272969487,0
-0.00236372502203477,0.0008481627359493436,0,0.23713906610812097,-1.8999617037780747,0
0.002242249703980469,0.005308571202062147,0,0.2642026521989158,-1.93992705931324,0
-0.0009958966901124715,0.002978046568418714,0,0.3109393255730093,-1.9324841119494491,0
-0.001175168177287029,-0.00991804665636354,0,0.29346094804526446,-1.978353020057941,0
-0.003165531892627789,0.0036812312365827765,0,0.09900746682428715,-1.680355808766392,0
-0.004393778288082832,2.468962183875554e-05,0,0.06513943335730685,-1.655127595563618,0
0.0013885416994318053,-0.003101510865473892,0,0.03553674009030561,-1.6254834332807477,0
3.831818435037429e-13,-0.0012661640156395417,0,-3.2587152293874553e-16,-1.6,0
-0.0005047126370723399,0.0014801396404324413,0,-0.040208113588702445,-1.5750473763318131,0
0.0019674665482288145,-0.000478945645216555,0,-0.08025003010758944,-1.5519292488713878,0
0.0022016663040778134,0.00042241933598521133,0,-0.08370390425982661,-1.500907669817843,0
-0.002365563236556214,0.001079361461189685,0,-0.12807480255857337,-1.481355706736923,0
0.0020726219387855733,-0.004508561453151619,0,-0.1339685037429105,-1.432372386813668,0
-0.002391080644007842,0.002108293922698329,0,-0.1803085371168633,-1.415042858290683,0
-0.0006729281530663391,-0.001056791276596608,0,-0.226462760447891,-1.3967556434549313,0
0.0013445075480715712,0.0010350689443807191,0,-0.2337078337063405,-1.347657995702593,0
-0.003450499900570168,0.0037565238189519556,0,-0.2409704972819501,-1.2985876924889,0
0.0024975895869494926,-0.0015795364728877891,0,-0.2870510277159113,-1.280334932435385,0
-0.0011180426569367787,-0.0017433926712090027,0,-0.2945843449848361,-1.231677909434284,0
0.008027127615685333,0.006110994585459586,0,-0.3019187746551887,-1.183185460292307,0
0.005758348755409278,0.012304013011772134,0,-0.34784616906804755,-1.1659184707108032,0
-0.008250452203832003,-0.02388269566539437,0,-0.3549575354954195,-1.1172133050891293,0
0.028608205057639526,0.07995314763495119,0,-0.3622217799782452,-1.0686406496426593,0
-0.06480448710312646,-0.17062085516184797,0,-0.3680458222700123,-1.0196738491723591,0
0.06536352129395276,0.167995516397768,0,-0.3754615323548295,-0.9716515897092132,0
0.4906950671539742,1.195407233655198,0,-0.38268343336843447,-0.9238795320956877,0
0.003586598988671616,-0.0053052039626871935,0,-0.0933494531465166,1.402605880785698,0
-0.0015780408512765696,-0.0002610843834863911,0,-0.0882364126880161,1.4527678473143768,0
0.0012759745420817988,-0.0001623243294413601,0,-0.0435910900990463,1.475000000000001,0
-0.0026282016872694004,0.00010726072864721366,0,-0.04278039884806074,1.525033915845612,0
-4.0053949479023146e-13,-0.0006339813130643969,0,4.440892098500626e-16,1.5500000000000003,0
0.0005047126380441743,-0.0014801396396504052,0,0.04020811358870224,1.5750473763318131,0
-0.0008862661911475646,-0.0033370843962007503,0,0.07418101540416666,1.6041534622706848,0
0.0027472264170927997,0.002293159397957231,0,0.10842004750359746,1.6326138967520785,0
0.000207907625892586,-0.001375628871403982,0,0.14448163607132058,1.6601735157582207,0
-0.0009302632196736861,-0.0011071297671404131,0,0.18344090596647367,1.6908803126025873,0
0.0002559337074040292,-0.0013019386908011093,0,0.22236316409567225,1.721615415768595,0
0.0012513818655524968,-0.0013813884789237647,0,0.2612371586543678,1.752319126090208,0
-0.0012053332886514132,0.0003306851805735745,0,0.254051445805197,1.8013182541524269,0
-3.918606067228201e-05,-0.004651477545837978,0,0.2927937358815309,1.831969037211615,0
0.0008857059396328121,0.00282331195801309,0,0.3315035453439794,1.8625521986743323,0
-0.001328927767108681,-0.002250184496848957,0,0.3704265922406724,1.8891167372137851,0
-0.001972393268315391,-0.0066287976595991215,0,0.40419252233396596,1.9191261706157212,0
0.002387804268666898,0.012325893715721884,0,0.39018064286380927,1.961570561038879,0
-0.001650906737234136,-0.003751877528036294,0,-0.1391283801817466,1.383272033175373,0
0.0005424023042368378,-0.00013440134542701097,0,-0.18755384618638188,1.365924926147193,0
0.002347165046292737,0.005634198807723001,0,-0.19193062216878773,1.315452553377113,0
0.001989454271629331,-0.002591907086166278,0,-0.1996744593144406,1.2668207874490909,0
0.0013050876164205029,0.0015747661735549478,0,-0.2482259534438096,1.249549437856368,0
-0.0029300437499902385,-0.011044464141301951,0,-0.2556921439484665,1.20081514108489,0
-0.010041977274292038,0.017802445448487886,0,-0.26269009724273,1.151639946060103,0
-0.019845566222140253,0.03470945129184009,0,-0.30843696583189845,1.134335909489621,0
0.031121262046297248,-0.07223573504866336,0,-0.3137086265934817,1.0856398098607392,0
-0.05321973521066184,0.1710565779100357,0,-0.31916327536641137,1.0368128704020472,0
0.06454072309762508,-0.16545340065577602,0,-0.32842352977005895,0.9886217685443471,0
0.434679014189554,-1.218439622746103,0,-0.33688985429587015,0.9415440648596897,0
-0.005374980493834206,-0.004324525526343776,0,0.08446628922661864,-1.7333463122847295,0
-0.0026370726310821616,-0.00017960763177123947,0,0.09225907196800812,-1.7808935971466178,0
0.003645020030048005,-0.0033646177736347043,0,0.12400935585313547,-1.8074161377337727,0
-0.001318991778999186,0.0061146241856782635,0,0.11832672542766698,-1.8566382578642138,0
0.0007996741785778943,-0.0014511420918654034,0,0.15455984204448692,-1.885264390806146,0
-0.002810281536329558,0.0017529774880228955,0,0.18668005450213182,-1.912482003698244,0
0.0014466309649655744,0.004329404842018835,0,0.21696083777936143,-1.9466861376540276,0
-0.0010591057750355959,-0.010201386350142476,0,0.244821349716056,-1.9849590692815833,0
0.013453445983131453,0.0023868440956100927,0,0.051981915313274854,-1.6968314955187132,0
-0.003514794951669791,-0.005453842454404114,0,0.029988870108708626,-1.6682265892867811,0
-4.0405898137815227e-13,0.012232764181695256,0,-3.499327958383958e-16,-1.65,0
-0.0013885416994641082,-0.003101510866638069,0,-0.03553674009030658,-1.6254834332807477,0
0.0008862661913041803,0.003337084395382934,0,-0.07418101540416687,-1.6041534622706848,0
-0.0015305433671773051,1.3390787844707591e-05,0,-0.11693597332981893,-1.5808759387735807,0
-0.0015482524941221694,0.0005201125715535111,0,-0.12292161373287788,-1.530124103446566,0
0.0017375242770011512,0.000338605536783816,0,-0.16652104826119446,-1.512466978477769,0
0.00024244014556400084,0.000948843034409618,0,-0.17304630377563332,-1.464162576520311,0
0.0014595212299575839,-0.00021093213937565343,0,-0.21922941831972095,-1.445862726266407,0
-0.00013548655796460498,0.0004062433159386641,0,-0.2653619377813314,-1.427575947573089,0
0.0004782066739524716,0.0007823849984168828,0,-0.2725948296956932,-1.3784788153751388,0
0.0004537440359244802,-0.0014955202342654924,0,-0.27983033267682406,-1.329394721754459,0
-0.00011609389804410363,0.0012018533420323535,0,-0.32593760893702295,-1.3111714858139034,0
-3.9604665074880756e-05,0.0012058042687665505,0,-0.3333668210357331,-1.2624620533703903,0
-0.0011453765824574855,-0.003119535846837256,0,-0.3408518767713714,-1.214071734541909,0
-0.0009655831547772795,-0.0038021327806414154,0,-0.3866367463329262,-1.196216777394312,0
0.0036017562865683305,0.008282572313703761,0,-0.39359265178888586,-1.1477751322528322,0
-0.012452637635036068,-0.03278944857547775,0,-0.4007424435001527,-1.0990421277971383,0
0.03467896615008215,0.07809778295504492,0,-0.40801797593576,-1.0504493620355853,0
-0.07022598285976189,-0.1742064288399871,0,-0.4149868402147686,-1.001866854700305,0
0.07098860707373232,0.16395288482082443,0,-0.42160120269297774,-0.9527773036306831,0
0.5654495583823066,1.169485980437387,0,-0.4275550943054308,-0.9039892927095289,0
0.0020726219385787574,0.004508561452722891,0,-0.13396850374290983,1.432372386813668,0
-0.0023910806437715997,-0.0021082939225569694,0,-0.18030853711686262,1.415042858290683,0
-0.0006729281537270379,0.0010567912770266395,0,-0.22646276044789032,1.3967556434549313,0
0.0013445075489000719,-0.0010350689445566639,0,-0.23370783370633982,1.347657995702593,0
-0.0034504998999592925,-0.0037565238196226544,0,-0.2409704972819495,1.2985876924889,0
0.002497589587916304,0.0015795364715260793,0,-0.2870510277159106,1.280334932435385,0
-0.0011180426564030978,0.0017433926711293418,0,-0.29458434498483554,1.231677909434284,0
0.008027127614297736,-0.006110994584985313,0,-0.3019187746551881,1.183185460292307,0
0.005758348755749988,-0.01230401301146033,0,-0.347846169068047,1.1659184707108032,0
-0.00825045220485295,0.02388269566549847,0,-0.3549575354954189,1.1172133050891293,0
0.028608205056175857,-0.0799531476342866,0,-0.3622217799782446,1.0686406496426593,0
-0.06480448710330611,0.1706208551613833,0,-0.36804582227001187,1.0196738491723591,0
0.06536352129384129,-0.1679955163977792,0,-0.37546153235482904,0.9716515897092134,0
0.4906950671524006,-1.1954072336517778,0,-0.382683433368434,0.923879532095688,0
-0.0023655632363604366,-0.0010793614609097798,0,-0.12807480255857265,1.481355706736923,0
0.0022016663042571123,-0.0004224193357099859,0,-0.08370390425982589,1.500907669817843,0
0.0019674665486989276,0.0004789456445654919,0,-0.08025003010758869,1.5519292488713878,0
-0.0005047126373246087,-0.0014801396402816613,0,-0.04020811358870168,1.5750473763318131,0
-1.5969115565769724e-13,0.00126616401693403,0,4.440892098500626e-16,1.6,0
0.00138854169774946,0.003101510865648028,0,0.035536740090306385,1.6254834332807477,0
-0.004393778288083619,-2.4689621043920938e-05,0,0.06513943335730765,1.655127595563618,0
-0.0031655318926462556,-0.003681231235343311,0,0.09900746682428796,1.680355808766392,0
0.003367353937921749,0.0014421526193332832,0,0.13733723380987795,1.7092507103059824,0
-0.0016360283946963042,0.00036075121814192843,0,0.17634814674091026,1.739949481250468,0
0.0006624852641421567,-0.0014405508352539414,0,0.21524160504089696,1.7706299738893438,0
0.0009589887302581108,-0.0005122694567291491,0,0.20811832087117033,1.819599540244635,0
0.0015165373741426202,-0.002096027017074573,0,0.24693433357904904,1.8501983997101288,0
0.00011645264533570061,-0.0009500834948714352,0,0.2883204671027013,1.8882684674594497,0
0.0010434878532883042,-0.006610319425170894,0,0.33261352463917215,1.9008681197929178,0
0.002053438283658842,-0.0070238331386616535,0,0.35837939735434987,1.9289534975949967,0
0.0030362518707700613,0.013558705929401841,0,0.34192377647546923,1.97055528495923,0
0.006849754965968623,0.005494537977469387,0,0.04597447647800215,-1.7765698464807682,0
-0.007087761993053973,0.0060176647101589575,0,0.03764029347432368,-1.73480509929066,0
4.234387570821868e-13,0.0019574331150388016,0,-3.7399406873804604e-16,-1.7,0
0.003514794951829826,-0.005453842453190378,0,-0.029988870108709636,-1.6682265892867811,0
0.004393778289264637,2.468962144985256e-05,0,-0.06513943335730786,-1.655127595563618,0
-0.002747226416775914,-0.002293159397593322,0,-0.10842004750359766,-1.6326138967520785,0
0.002210517541065148,0.0012231077773561954,0,-0.15276073518350028,-1.612456496121592,0
0.00039391879862199725,0.0005931680687380961,0,-0.16001691586498978,-1.562047742327355,0
-0.0002464848956236011,0.0001326581588774362,0,-0.2049793255943823,-1.5439550105116622,0
-0.0009432111765095686,0.00027081104636966254,0,-0.21201022851363757,-1.4949997026729989,0
-0.00015180593041932188,9.863434176080625e-05,0,-0.258141192380699,-1.476666100659508,0
0.00010666435343486825,-0.0001118325621475869,0,-0.3042270603573753,-1.458388756466627,0
-0.0002914424337509171,-4.942418795399157e-05,0,-0.3114415387090043,-1.4093463981583103,0
-0.0001641471536257085,-0.00026680200783792205,0,-0.3186905432063473,-1.3601958706981223,0
0.00019786074526952964,0.00017439962293994943,0,-0.36474329295742697,-1.3420197378988001,0
0.0010028503980062484,-0.0011930680427021667,0,-0.3720098234345868,-1.2929820038783402,0
0.0011823669141296112,0.0009499963762891356,0,-0.37941260423677237,-1.244579455981317,0
0.0006363884701746708,0.0009502917461551491,0,-0.4252794204484168,-1.2266405731933703,0
-0.000672509515188634,-0.0031014520643922877,0,-0.43231871022101875,-1.1781463760709103,0
0.005573606355892798,0.01124373810897129,0,-0.43935936165323136,-1.1295773861480762,0
-0.012182721696895264,-0.029561509300369094,0,-0.446528304357973,-1.0808417087652382,0
0.03151426909572418,0.07901648191523518,0,-0.453750326671212,-1.0319088098025382,0
-0.07330899108495638,-0.1625266737468118,0,-0.4615420620437508,-0.9813884521041307,0
0.0765188660182523,0.14865792551784104,0,-0.4678329115627794,-0.9305459785467523,0
0.6094254517570697,1.1940022133813633,0,-0.4713967375487834,-0.8819212639620181,0
-0.005987567266857578,-0.00011640257153811406,0,0.07679107591606238,-1.8277694998474183,0
0.0033866452571815918,-0.0039053429967355387,0,0.08555817925492645,-1.876816303509594,0
-0.0010850991546424034,0.0023526982234631233,0,0.11251150993909495,-1.9040053333338343,0
0.00021798390407477583,0.00041628327119343683,0,0.1453451031873198,-1.9218622004639243,0
0.000801289078579697,0.010072898169492289,0,0.16883687731132152,-1.953263734074862,0
0.0022207326352211283,-0.009748953954383723,0,0.19603428015147445,-1.990369453394393,0
0.00024244014501286791,-0.0009488430341245959,0,-0.1730463037756326,1.464162576520311,0
0.001737524276748114,-0.00033860553715940145,0,-0.16652104826119374,1.512466978477769,0
-0.001548252493946075,-0.0005201125715005073,0,-0.12292161373287713,1.530124103446566,0
-0.0015305433671995944,-1.3390788316638001e-05,0,-0.11693597332981819,1.5808759387735807,0
0.0008862661911015968,-0.0033370843954100616,0,-0.07418101540416609,1.6041534622706848,0
-0.0013885416978385789,0.0031015108660065968,0,-0.0355367400903058,1.6254834332807477,0
3.2502288798296075e-13,-0.012232764182196605,0,4.440892098500626e-16,1.65,0
-0.003514794953836985,0.005453842453146785,0,0.02998887010870943,1.6682265892867811,0
0.01345344598488633,-0.0023868440948343157,0,0.05198191531327567,1.6968314955187132,0
-0.005374980494618822,0.004324525525654891,0,0.08446628922661947,1.7333463122847295,0
0.0018599898703674752,-0.006266252223070469,0,0.13005416236622258,1.7593661893864032,0
-0.0007719405574899962,-0.0017091019879617421,0,0.16927364070638196,1.7889718720245857,0
-0.00219435455890178,-0.0011436424414896806,0,0.1621490675829862,1.837947665295526,0
0.0006521772396389077,-0.0028603967081780118,0,0.20004092410567131,1.8672936272969487,0
-0.0023637250226632867,-0.0008481627358634166,0,0.23713906610812185,1.8999617037780747,0
0.0022422497023029428,-0.0053085712021265705,0,0.2642026521989167,1.93992705931324,0
-0.0009958966903259679,-0.0029780465685059474,0,0.3109393255730102,1.9324841119494491,0
-0.0011751681785694501,0.009918046657002872,0,0.29346094804526546,1.978353020057941,0
0.0014595212302767277,0.00021093213924475637,0,-0.21922941831972023,1.445862726266407,0
-0.00013548655803582549,-0.000406243317447393,0,-0.2653619377813307,1.427575947573089,0
0.0004782066736378414,-0.0007823849974723768,0,-0.27259482969569254,1.3784788153751388,0
0.00045374403534093776,0.0014955202350898941,0,-0.2798303326768234,1.329394721754459,0
-0.00011609389900473697,-0.0012018533409122397,0,-0.3259376089370223,1.3111714858139034,0
-3.960466599105569e-05,-0.0012058042686426942,0,-0.33336682103573256,1.2624620533703903,0
-0.0011453765818399296,0.0031195358455367067,0,-0.34085187677137085,1.214071734541909,0
-0.0009655831547760126,0.0038021327805154454,0,-0.38663674633292566,1.196216777394312,0
0.0036017562881704886,-0.008282572313529944,0,-0.3935926517888853,1.1477751322528322,0
-0.012452637634309044,0.03278944857426843,0,-0.40074244350015215,1.0990421277971383,0
0.034678966150170173,-0.07809778295447632,0,-0.40801797593575945,1.0504493620355853,0
-0.0702259828598225,0.174206428839379,0,-0.41498684021476817,1.001866854700305,0
0.07098860707273137,-0.16395288482072415,0,-0.4216012026929773,0.9527773036306834,0
0.5654495583807317,-1.1694859804326085,0,-0.42755509430543037,0.9039892927095291,0
0.0007761431534908558,-0.00492483492672887,0,0.03321336451665703,-1.825867869265637,0
3.9508636647844485e-05,0.006304263018106196,0,0.04330127018922124,-1.8749999999999987,0
-0.006362384893522932,-0.0027669780375836933,0,0.07732185336542982,-1.9182327217011752,0
-0.006056111889176429,0.0043209631394358775,0,0.117588385052314,-1.9516064454522202,0
-0.0018854113790407444,-0.011499211734510293,0,0.1471291268716512,-1.9945809133815517,0
-8.200846910444717e-14,0.012029832468230714,0,-4.2211661453734645e-16,-1.7999999999999998,0
8.787764367335728e-13,-0.01635479518287315,0,-3.980553416376964e-16,-1.7500000000000002,0
0.0070877619923754385,0.006017664710413276,0,-0.037640293474324724,-1.73480509929066,0
-0.013453445983855832,0.002386844095746229,0,-0.05198191531327588,-1.6968314955187132,0
0.0031655318928977597,0.003681231235674517,0,-0.09900746682428817,-1.680355808766392,0
-0.00020790762620108918,0.0013756288713269965,0,-0.14448163607132078,-1.6601735157582207,0
-0.001996053377149563,0.00039295081305348607,0,-0.19063761612563287,-1.6418418561769728,0
-0.00029825374310038424,0.00021009970156260637,0,-0.19794083752079136,-1.593006883881828,0
-0.00039638776987704417,0.000396229091776496,0,-0.24389021285287815,-1.574695950369547,0
-0.00018165566248531871,0.00035216576779994725,0,-0.25097423121321105,-1.525720328618073,0
-0.00015953322381038386,8.596473581657831e-05,0,-0.297022355214984,-1.507402150851457,0
-6.149319899275296e-05,0.00019811075463999528,0,-0.3430488879727104,-1.489147238508587,0
5.9234314332703315e-05,2.6974529823750478e-05,0,-0.35024547450578897,-1.440166094838575,0
0.0008378569378526234,-0.00022245224126401142,0,-0.35749510515074506,-1.3911859266070872,0
-0.00026055376626082027,-0.0002079481837098283,0,-0.40345861949465606,-1.372927970335845,0
0.0003395894627048858,-0.0001565038027781993,0,-0.4107349083677036,-1.3235299389249993,0
-0.0005785462027685562,-0.0003112628230874669,0,-0.418015161239343,-1.2750544577923812,0
0.0008719554302345268,-0.0005073689196305881,0,-0.4638327627957054,-1.2573541431005453,0
0.0008593811654997117,0.0006640631724075613,0,-0.4708985323807485,-1.2087065395314422,0
-0.001012067255429559,-0.00412340441789544,0,-0.4779611612252263,-1.16010884323164,0
0.004676029725385847,0.009629353375910888,0,-0.48508230693625215,-1.1114046269006421,0
-0.012264273109853577,-0.029954556968723494,0,-0.4922185747921503,-1.0626625393001552,0
0.03635139338318729,0.0748709649848889,0,-0.4997707221212973,-1.0131041598173953,0
-0.0845404689454691,-0.1596579835572431,0,-0.5078971467827026,-0.9587496398174936,0
0.09736152883311701,0.15526347224821405,0,-0.5137011943355826,-0.9068094239343711,0
0.49960409294559044,1.069780414574445,0,-0.5141027447316917,-0.8577286096775256,0
-0.000943211176331093,-0.00027081104666187183,0,-0.21201022851363685,1.4949997026729989,0
-0.0002464848960598571,-0.00013265815901312433,0,-0.2049793255943816,1.5439550105116622,0
0.0003939187987847109,-0.0005931680684816993,0,-0.160016915864989,1.562047742327355,0
0.002210517540896649,-0.0012231077769241424,0,-0.1527607351834995,1.612456496121592,0
-0.0027472264169505784,0.0022931593986861617,0,-0.10842004750359688,1.6326138967520785,0
0.004393778287900847,-2.468962175689284e-05,0,-0.06513943335730706,1.655127595563618,0
0.0035147949529724582,0.005453842453813086,0,-0.02998887010870883,1.6682265892867811,0
-2.7922839355281173e-13,-0.0019574331151112245,0,4.440892098500626e-16,1.7,0
-0.007087761991961927,-0.006017664710337414,0,0.037640293474324515,1.73480509929066,0
0.006849754966197278,-0.005494537977259958,0,0.04597447647800301,1.7765698464807682,0
-0.002637072631628728,0.00017960763188722104,0,0.09225907196800898,1.7808935971466178,0
0.0036450200300834883,0.0033646177745756396,0,0.12400935585313633,1.8074161377337727,0
-0.0013189917790443686,-0.006114624185742844,0,0.11832672542766787,1.8566382578642138,0
0.0007996741774492052,0.0014511420921686292,0,0.1545598420444878,1.885264390806146,0
-0.0028102815363064988,-0.0017529774868963387,0,0.18668005450213276,1.912482003698244,0
0.0014466309643129378,-0.00432940484127616,0,0.21696083777936237,1.9466861376540276,0
-0.0010591057766112454,0.010201386350449065,0,0.24482134971605696,1.9849590692815833,0
-0.0001518059298330657,-9.86343413760925e-05,0,-0.2581411923806983,1.476666100659508,0
0.00010666435275944692,0.00011183256247248334,0,-0.3042270603573746,1.458388756466627,0
-0.0002914424330701138,4.942418768230271e-05,0,-0.31144153870900365,1.4093463981583103,0
-0.0001641471533638354,0.000266802007321264,0,-0.31869054320634665,1.3601958706981223,0
0.00019786074609689415,-0.00017439962376671297,0,-0.3647432929574263,1.3420197378988001,0
0.0010028503980655185,0.0011930680421087165,0,-0.3720098234345861,1.2929820038783402,0
0.001182366913810943,-0.0009499963752111594,0,-0.3794126042367718,1.244579455981317,0
0.0006363884695709213,-0.0009502917460304942,0,-0.42527942044841627,1.2266405731933703,0
-0.0006725095157917537,0.00310145206504788,0,-0.4323187102210182,1.1781463760709103,0
0.005573606354059127,-0.01124373810945591,0,-0.4393593616532308,1.1295773861480762,0
-0.012182721696169886,0.02956150930090591,0,-0.44652830435797247,1.0808417087652382,0
0.031514269096024804,-0.07901648191491081,0,-0.45375032667121157,1.0319088098025382,0
-0.07330899108389087,0.16252667374524798,0,-0.46154206204375037,0.981388452104131,0
0.07651886601812191,-0.14865792551611245,0,-0.46783291156277895,0.9305459785467525,0
0.6094254517561754,-1.1940022133780586,0,-0.471396737548783,0.8819212639620183,0
-5.920716746985175e-13,-0.007717752057222477,0,-4.461778874369969e-16,-1.8500000000000003,0
-4.014953935876039e-13,0.0012164196770314455,0,-4.702391603366471e-16,-1.9000000000000001,0
0.008133234053244053,-0.006766335864942657,0,0.037553985915335056,-1.928261180649688,0
-0.00569870606685514,0.009112887048126414,0,0.07007625196366413,-1.9596774076060508,0
0.0007294503168715028,-0.01370505926347739,0,0.09813534843591812,-1.9975909124210998,0
-0.006849754966133177,0.0054945379773771175,0,-0.045974476478003234,-1.7765698464807682,0
0.0053749804938035065,-0.004324525525951166,0,-0.08446628922661968,-1.7333463122847295,0
-0.003367353938349921,-0.0014421526198581465,0,-0.13733723380987817,-1.7092507103059824,0
0.0009302632198570239,0.0011071297668419841,0,-0.1834409059664739,-1.6908803126025873,0
-1.3829712348279076e-05,0.00022890819375312205,0,-0.22952934363430882,-1.6726091660339908,0
0.0002774976084459923,0.0006312826579385678,0,-0.2367180657916945,-1.6236436484415262,0
-0.00047274257627796763,0.00036487415782897315,0,-0.28273487876407377,-1.605378193961792,0
0.0002177343225441034,0.0001810091063225812,0,-0.28987602880205143,-1.5563880002167207,0
-0.00035416430331435683,2.2439016355208593e-05,0,-0.3358702774328155,-1.538095442412545,0
-0.00020191638830250154,-8.684815748070712e-05,0,-0.3818470441582402,-1.519856723120797,0
0.00010520480937682463,-0.0003442465088132788,0,-0.3890181613194682,-1.4709227542214822,0
-0.00026140098436127463,-5.1244375395559635e-05,0,-0.39624209352543,-1.4220054950693592,0
0.00047307047197260084,-0.00022746181195123965,0,-0.44215049307674276,-1.4038711475725771,0
0.0007120333958636703,-0.0004905828235356137,0,-0.4493858238898895,-1.354955575942247,0
0.0007019053748539868,5.41383439257893e-05,0,-0.4566925259191863,-1.3062533764974122,0
0.0004474789646281383,-0.0006116218603131677,0,-0.5023621380309773,-1.2880914710239872,0
0.0002497048234606042,-0.00043609080214335817,0,-0.5094748583675279,-1.2393250274103271,0
0.0014753985146143131,0.0010990575154539817,0,-0.5164565675553587,-1.190623776248984,0
-0.0009224059437665754,-0.003595792267232309,0,-0.5236219767656427,-1.1419135844831623,0
0.00521530820970339,0.011364383157408264,0,-0.5305982052874259,-1.093119389235089,0
-0.009468013528724253,-0.03294587576295241,0,-0.5379745258904919,-1.0443954244305542,0
0.029217573645769764,0.08290766977422412,0,-0.5454051006855597,-0.9927589581188689,0
-0.07720315900502107,-0.14441845858299385,0,-0.5517769301698235,-0.9361280574853371,0
0.06577206856664129,0.10791101236829814,0,-0.562862935672958,-0.8854187084023333,0
0.7725149843933782,0.9282836599376675,0,-0.5555702334510615,-0.8314696120142536,0
-0.0007761431529156376,-0.004924834927755438,0,-0.03321336451665813,-1.825867869265637,0
-0.00018165566258393845,-0.0003521657668922807,0,-0.2509742312132103,1.525720328618073,0
-0.00015953322420119868,-8.596473555729177e-05,0,-0.2970223552149832,1.507402150851457,0
-6.149319865735461e-05,-0.00019811075503766015,0,-0.3430488879727097,1.489147238508587,0
5.923431394937769e-05,-2.6974529904228115e-05,0,-0.3502454745057883,1.440166094838575,0
0.000837856937592098,0.00022245224193521786,0,-0.3574951051507444,1.3911859266070872,0
-0.0002605537668470855,0.00020794818438286117,0,-0.4034586194946554,1.372927970335845,0
0.00033958946247482206,0.00015650380252413493,0,-0.41073490836770293,1.3235299389249993,0
-0.000578546202335751,0.00031126282251617483,0,-0.41801516123934235,1.2750544577923812,0
0.0008719554305011481,0.0005073689192671756,0,-0.46383276279570484,1.2573541431005453,0
0.0008593811664423557,-0.0006640631717619747,0,-0.47089853238074797,1.2087065395314422,0
-0.0010120672550017048,0.0041234044169993645,0,-0.47796116122522575,1.16010884323164,0
0.004676029725055702,-0.009629353376036808,0,-0.4850823069362516,1.1114046269006421,0
-0.012264273110904,0.029954556968751354,0,-0.49221857479214975,1.0626625393001552,0
0.03635139338186051,-0.07487096498453229,0,-0.49977072212129686,1.0131041598173953,0
-0.08454046894540346,0.15965798355664096,0,-0.5078971467827021,0.9587496398174938,0
0.09736152883340825,-0.15526347224716333,0,-0.5137011943355821,0.9068094239343714,0
0.49960409294311536,-1.069780414573172,0,-0.5141027447316913,0.8577286096775258,0
-0.0003963877698925764,-0.0003962290925906299,0,-0.24389021285287737,1.574695950369547,0
-0.00029825374321109657,-0.00021009970156154792,0,-0.19794083752079059,1.593006883881828,0
-0.001996053376876869,-0.0003929508129694754,0,-0.1906376161256321,1.6418418561769728,0
-0.00020790762580258674,-0.0013756288716624196,0,-0.14448163607132,1.6601735157582207,0
0.0031655318924878034,-0.0036812312360942714,0,-0.09900746682428736,1.680355808766392,0
-0.013453445983597906,-0.002386844095595733,0,-0.05198191531327506,1.6968314955187132,0
0.007087761992580374,-0.006017664709968291,0,-0.03764029347432389,1.73480509929066,0
-2.6087027439034834e-13,0.016354795183400828,0,4.440892098500626e-16,1.7500000000000002,0
1.4387541491325505e-13,-0.012029832468446647,0,4.440892098500626e-16,1.7999999999999998,0
0.0007761431534464978,0.004924834927008468,0,0.033213364516657906,1.825867869265637,0
-0.005987567266971817,0.0001164025715635263,0,0.07679107591606327,1.8277694998474183,0
0.0033866452572800195,0.0039053429967269683,0,0.08555817925492737,1.876816303509594,0
-0.0010850991536580637,-0.0023526982227141126,0,0.11251150993909587,1.9040053333338343,0
0.00021798390309368598,-0.0004162832703618968,0,0.14534510318732075,1.9218622004639243,0
0.0008012890783432091,-0.01007289816895566,0,0.16883687731132246,1.953263734074862,0
0.002220732634752964,0.009748953954651638,0,0.1960342801514754,1.990369453394393,0
-3.950863600844265e-05,0.006304263018591485,0,-0.04330127018922237,-1.8749999999999987,0
0.005987567267488758,-0.00011640257142653162,0,-0.0767910759160635,-1.8277694998474183,0
0.0026370726308697504,-0.00017960763196525837,0,-0.0922590719680092,-1.7808935971466178,0
-0.001859989869695231,0.0062662522233783045,0,-0.13005416236622278,-1.7593661893864032,0
0.001636028394872865,-0.0003607512175304276,0,-0.17634814674091048,-1.739949481250468,0
-0.00025593370713795634,0.001301938691438864,0,-0.22236316409567247,-1.721615415768595,0
-0.00040211525852956216,0.0006018254481396823,0,-0.26838652417580694,-1.7032808422062349,0
-0.0004388166718546985,0.0007961014047874892,0,-0.275575505852482,-1.654329840225027,0
-0.0002446339308120963,0.00015721888362582595,0,-0.32155653463576644,-1.6360215703124703,0
-0.0005775718928441061,0.0003088154781311976,0,-0.32871573818604394,-1.5870621067245032,0
-0.00013831550399880153,-1.589991205586616e-05,0,-0.3746944375912995,-1.568780685456473,0
-0.00028751018764647344,-0.00021444665493939875,0,-0.42060639106817477,-1.5505070239229581,0
-0.00024370036039421554,-0.00014402215204585903,0,-0.4277704117103889,-1.501594527869645,0
0.00033535659565830527,-0.00022492812904302366,0,-0.4349346948827674,-1.4527104669804691,0
5.5909314325788186e-05,-0.00037633576542705675,0,-0.4808141896676554,-1.434518849868267,0
0.0002847641718876472,-0.0004417582353055231,0,-0.4879862440859432,-1.385711011541831,0
0.00019439441957576776,-0.00018802377571123784,0,-0.49519113737046044,-1.336910852842581,0
0.0006836880118822507,-0.0004370891253244626,0,-0.5409604740435414,-1.3187041651600198,0
0.0005862779092037551,0.0001159495458542631,0,-0.548000609435132,-1.2698873600378848,0
0.0004977032214615666,-0.0011227107749387144,0,-0.5549153801891833,-1.2209649577838948,0
0.0008638822141780448,0.001248569137564007,0,-0.5618783883164293,-1.1722197755310897,0
-0.0010586456687238716,-0.005193763644750242,0,-0.5688032766987923,-1.1235534294985559,0
0.005068762732891208,0.010865824181183481,0,-0.5760366303895524,-1.0747444034304328,0
-0.01556754036884232,-0.023996360275870557,0,-0.5832219715065895,-1.0250348469647779,0
0.05291927610361808,0.036733450893293336,0,-0.5901000355418006,-0.9734586599499814,0
-0.045036800674815206,-0.0629172390676078,0,-0.5967194625730228,-0.9265112606822699,0
-0.13157275177589464,-0.17748838021249363,0,-0.609270641144163,-0.888823818325066,0
0.1209417549284769,0.12654289211346303,0,-0.6024251021860324,-0.8491017720403066,0
0.8571681596964089,1.1623379231777156,0,-0.5956993047980853,-0.803207531253958,0
3.013228146720523e-13,0.004215528462130524,0,-4.943004332362972e-16,-1.95,0
-0.0027354900082315215,0.001813257094431414,0,0.03508607853653872,-1.9642212497895688,0
-0.008132247236819925,-0.029485302265702718,0,0.049082456912150116,-1.99939763739569,0
-0.008133234052487491,-0.006766335864834553,0,-0.03755398591533622,-1.928261180649688,0
0.00021773432296207717,-0.00018100910704755923,0,-0.28987602880205066,1.5563880002167207,0
-0.00035416430365372057,-2.243901594794258e-05,0,-0.3358702774328147,1.538095442412545,0
-0.00020191638820992388,8.684815830314122e-05,0,-0.38184704415823945,1.519856723120797,0
0.0001052048094368597,0.0003442465085476432,0,-0.38901816131946754,1.4709227542214822,0
-0.0002614009844240088,5.1244375149945186e-05,0,-0.39624209352542933,1.4220054950693592,0
0.0004730704719619963,0.00022746181179222546,0,-0.4421504930767421,1.4038711475725771,0
0.0007120333965543714,0.0004905828235849743,0,-0.44938582388988885,1.354955575942247,0
0.0007019053743526761,-5.413834372860443e-05,0,-0.45669252591918563,1.3062533764974122,0
0.0004474789652277177,0.0006116218606576299,0,-0.5023621380309766,1.2880914710239872,0
0.00024970482316066865,0.00043609080213515754,0,-0.5094748583675273,1.2393250274103271,0
0.0014753985141792798,-0.001099057515432753,0,-0.5164565675553581,1.190623776248984,0
-0.0009224059436411063,0.0035957922670617126,0,-0.5236219767656423,1.1419135844831623,0
0.005215308211944759,-0.011364383157203298,0,-0.5305982052874254,1.093119389235089,0
-0.009468013527006705,0.03294587576226515,0,-0.5379745258904914,1.0443954244305542,0
0.029217573646171096,-0.08290766977400221,0,-0.5454051006855593,0.9927589581188692,0
-0.07720315900480558,0.14441845858300695,0,-0.5517769301698231,0.9361280574853373,0
0.06577206856599521,-0.10791101236863593,0,-0.5628629356729575,0.8854187084023335,0
0.7725149843883032,-0.9282836599330433,0,-0.555570233451061,0.8314696120142538,0
-0.00047274257598621663,-0.000364874157097738,0,-0.282734878764073,1.605378193961792,0
0.0002774976084955872,-0.0006312826581166204,0,-0.23671806579169372,1.6236436484415262,0
-1.3829712248331915e-05,-0.0002289081937155586,0,-0.22952934363430805,1.6726091660339908,0
0.0009302632197834142,-0.0011071297668981681,0,-0.18344090596647306,1.6908803126025873,0
-0.0033673539382244526,0.0014421526195104156,0,-0.13733723380987733,1.7092507103059824,0
0.005374980494137793,0.00432452552608002,0,-0.08446628922661885,1.7333463122847295,0
-0.006849754965940096,-0.005494537977496162,0,-0.045974476478002374,1.7765698464807682,0
-0.0007761431534338975,0.004924834927487028,0,-0.033213364516657254,1.825867869265637,0
-5.567299220350358e-14,0.007717752057629202,0,4.440892098500626e-16,1.8500000000000003,0
3.9508636248044554e-05,-0.00630426301760196,0,0.04330127018922214,1.8749999999999987,0
-0.006362384893908873,0.00276697803809042,0,0.07732185336543074,1.9182327217011752,0
-0.006056111888837731,-0.004320963138960659,0,0.11758838505231495,1.9516064454522202,0
-0.001885411379714787,0.011499211733537342,0,0.14712912687165214,1.9945809133815517,0
-0.0033866452565817482,-0.003905342996628058,0,-0.0855581792549276,-1.876816303509594,0
0.006362384893369671,-0.0027669780374542734,0,-0.07732185336543096,-1.9182327217011752,0
0.005698706066669582,0.009112887047563982,0,-0.0700762519636653,-1.9596774076060508,0
0.0027354900080467292,0.0018132570943502513,0,-0.0350860785365399,-1.9642212497895688,0
-4.020874590384249e-14,-0.011870672270177986,0,-5.183617061359476e-16,-2.0,0
-0.0036450200299064533,-0.0033646177732433173,0,-0.12400935585313654,-1.8074161377337727,0
0.0013189917790903324,0.0061146241857188135,0,-0.11832672542766809,-1.8566382578642138,0
0.0007719405576661872,0.0017091019878881463,0,-0.1692736407063822,-1.7889718720245857,0
-0.0006624852643280981,0.0014405508353316319,0,-0.21524160504089715,-1.7706299738893438,0
-0.0012513818658592166,0.0013813884784020375,0,-0.2612371586543681,-1.752319126090208,0
0.00012492365168966275,0.0008291209684062167,0,-0.3071491288546054,-1.7340247508089381,0
-0.000758731815625497,0.000745389597878906,0,-0.3143898703869427,-1.6849745330980743,0
-0.0007059841175125033,0.0005225740900744695,0,-0.36035178515516403,-1.666685988225413,0
-0.0005017446865287646,0.0002960954404345576,0,-0.36752371487957847,-1.617735207774856,0
-0.0007054734259023761,-5.5532203529751676e-05,0,-0.4134744164963764,-1.5994759586643532,0
-0.0005597999020131878,-0.00031519187716827344,0,-0.45935407468174594,-1.5811556519968581,0
4.769929102070981e-05,-0.000469779130208098,0,-0.4664979617709988,-1.532178596429625,0
-0.0001069065159852419,-0.0005758333032340896,0,-0.47364393902601065,-1.483337559407126,0
0.0003317702022538592,-0.0006302018403648444,0,-0.5194966514366276,-1.4651228610774731,0
0.00045796169203716477,-0.000447209210588887,0,-0.5266645463085134,-1.4163189620861563,0
0.0004417842080798111,-0.0005099586979952543,0,-0.5338238125609349,-1.3675109742324743,0
0.0007805722177825137,-0.00038171439749372626,0,-0.5794975307215884,-1.3493514221344458,0
0.000498416083846725,-0.0006516252658646524,0,-0.5866113877317998,-1.3004422055586018,0
0.0009445835246905692,-0.000259288916133608,0,-0.593509912261829,-1.2514551744481708,0
0.0003329748048611314,-0.0005662061335386037,0,-0.6003896438029142,-1.2025871732685858,0
0.0018115088625263026,0.0006897694707029973,0,-0.6072315446350107,-1.1536334045363275,0
-0.0017912966421472873,-0.0019732081422891242,0,-0.6144161180048069,-1.1050348978716238,0
0.007916428716452435,0.004156671580990836,0,-0.6215807479295329,-1.0556809766282138,0
-0.015742352638211384,-0.006195637798732556,0,-0.6284573073799119,-1.0059047240256815,0
-0.012770353951325558,-0.0033903653782802047,0,-0.6355951571603499,-0.9569884918183371,0
0.08624568161602625,0.10943262276587146,0,-0.6434724295602686,-0.910234284142092,0
-0.16839860464275452,-0.16383615432204834,0,-0.6464138720581947,-0.864628456048897,0
0.12930415334155285,0.16388397619181802,0,-0.6399643707553332,-0.8199934384707416,0
0.6700622443689844,1.026481323982137,0,-0.6343932843209605,-0.773010453233632,0
-0.0005775718936139148,-0.00030881547864453974,0,-0.32871573818604316,1.5870621067245032,0
-0.00013831550350406404,1.589991154633701e-05,0,-0.3746944375912987,1.568780685456473,0
-0.00028751018736760645,0.00021444665519845097,0,-0.420606391068174,1.5505070239229581,0
-0.0002437003606021184,0.00014402215179146264,0,-0.4277704117103881,1.501594527869645,0
0.00033535659599838924,0.00022492812879956398,0,-0.43493469488276676,1.4527104669804691,0
5.5909313826899786e-05,0.00037633576517693337,0,-0.4808141896676547,1.434518849868267,0
0.0002847641719044236,0.00044175823639835667,0,-0.48798624408594254,1.385711011541831,0
0.0001943944192911462,0.00018802377440303697,0,-0.4951911373704598,1.336910852842581,0
0.0006836880112310688,0.00043708912567204904,0,-0.5409604740435408,1.3187041651600202,0
0.0005862779090706115,-0.00011594954596147501,0,-0.5480006094351313,1.2698873600378853,0
0.0004977032213719601,0.0011227107751772692,0,-0.5549153801891826,1.2209649577838952,0
0.0008638822135049229,-0.0012485691386620805,0,-0.5618783883164287,1.1722197755310901,0
-0.0010586456701681477,0.005193763646575034,0,-0.5688032766987918,1.1235534294985563,0
0.005068762730356632,-0.010865824181657092,0,-0.576036630389552,1.0747444034304332,0
-0.015567540369492127,0.02399636027570477,0,-0.583221971506589,1.0250348469647783,0
0.052919276103537055,-0.03673345089296001,0,-0.5901000355418001,0.9734586599499816,0
-0.045036800674596186,0.06291723906844805,0,-0.5967194625730223,0.9265112606822701,0
-0.13157275177391164,0.17748838020952198,0,-0.6092706411441625,0.8888238183250662,0
0.12094175492880382,-0.12654289211221637,0,-0.602425102186032,0.8491017720403068,0
0.8571681596947878,-1.162337923173035,0,-0.5956993047980849,0.8032075312539583,0
-0.0002446339304116427,-0.00015721888342612204,0,-0.32155653463576567,1.6360215703124703,0
-0.00043881667232351996,-0.0007961014050963526,0,-0.2755755058524812,1.654329840225027,0
-0.0004021152585064062,-0.0006018254482126016,0,-0.26838652417580616,1.7032808422062349,0
-0.00025593370705553296,-0.00130193869113336,0,-0.22236316409567164,1.721615415768595,0
0.0016360283946625595,0.0003607512178339316,0,-0.17634814674090965,1.739949481250468,0
-0.0018599898701620204,-0.006266252223428572,0,-0.13005416236622194,1.7593661893864032,0
0.0026370726314171354,0.00017960763202379908,0,-0.09225907196800834,1.7808935971466178,0
0.005987567267310796,0.00011640257174801731,0,-0.07679107591606261,1.8277694998474183,0
-3.950863625202474e-05,-0.006304263018457118,0,-0.04330127018922147,1.8749999999999987,0
5.348332275362742e-13,-0.0012164196764175006,0,4.440892098500626e-16,1.9000000000000001,0
0.008133234052810643,0.006766335864220123,0,0.037553985915335986,1.928261180649688,0
-0.005698706066196816,-0.009112887047743125,0,0.07007625196366507,1.9596774076060508,0
0.0007294503175186795,0.013705059263890018,0,0.09813534843591909,1.9975909124210998,0
0.001085099154257074,0.0023526982223499157,0,-0.1125115099390961,-1.9040053333338343,0
-0.0007996741780182345,-0.0014511420919818148,0,-0.15455984204448803,-1.885264390806146,0
0.0021943545582517455,0.0011436424416541204,0,-0.16214906758298642,-1.837947665295526,0
-0.0009589887304014321,0.0005122694562583726,0,-0.20811832087117055,-1.819599540244635,0
0.0012053332884405378,-0.0003306851801499814,0,-0.25405144580519723,-1.8013182541524269,0
-0.0003915310214963623,0.0006401972372138949,0,-0.2999487683962829,-1.7830134130350404,0
-0.0011520534385581376,0.0016048301103566969,0,-0.34583151637307813,-1.76473292370592,0
-0.0010027381146560503,0.0005878903721160088,0,-0.3531187915419422,-1.7156666188987362,0
-0.0010097166917936735,0.0005871782635800207,0,-0.39909238726390067,-1.6973627068952502,0
-0.0008397142106297009,2.6831023043671224e-05,0,-0.40627123884177835,-1.6483979268447453,0
-0.0006519410357164285,-0.00022161411545712246,0,-0.4521775981785496,-1.6300816207427933,0
-0.0005836339697421383,-0.0007157875100338007,0,-0.49808885295392913,-1.6116046261293142,0
-0.0005422335498664625,-0.0007666628011616272,0,-0.5052166796183272,-1.5627636591291223,0
4.2881033608180954e-05,-0.00045453900049217163,0,-0.5123478992267804,-1.5139186190521612,0
0.00012600085803759014,-0.0007944143696226966,0,-0.5581773160330769,-1.4957010917114448,0
0.00048637850355079555,-0.0007455290965989493,0,-0.5653297100242304,-1.4469192155108095,0
0.00042730510405459903,-0.0005913813404268064,0,-0.5724530245671205,-1.3981753524001068,0
0.0006686043695157182,-0.0006965124956854156,0,-0.6180801027467782,-1.3800047173256658,0
0.0008377565345655552,-0.00033857137172265534,0,-0.6250597025248632,-1.3309994190427197,0
0.0006881294130619055,-0.0003188413313418696,0,-0.632083325441801,-1.2819741079706175,0
0.0008710670818068102,-0.0003143805358295493,0,-0.6390321440222393,-1.2329549199999386,0
0.00023946693877069573,-0.0004492817822643443,0,-0.6459818153175609,-1.1839693460500358,0
0.0017113161792970688,-0.00014884967626230887,0,-0.6530157385484696,-1.1352268274397048,0
-0.0018948050223468631,-0.0005690037759580659,0,-0.6601103463079512,-1.0862786488067349,0
0.0051624444949568745,-0.0014691617745668378,0,-0.6672421139883852,-1.0370883386700327,0
0.008053614718409976,0.005440235525310608,0,-0.6743661377210697,-0.9876834621372894,0
-0.028291632369894553,-0.03144997435983275,0,-0.6817563194080365,-0.9383748880661855,0
0.06897019598909976,0.06241267062234471,0,-0.6932460691234077,-0.8828824922109071,0
-0.09110395977461466,-0.17536963657207205,0,-0.6756352263716856,-0.8388327235588684,0
0.08176162170372371,0.05089823177472841,0,-0.6823007305662931,-0.7932012235640864,0
1.1245297629386344,0.7385488169539759,0,-0.6715589548890094,-0.7409511253169008,0
0.0060561118890764725,0.0043209631399098725,0,-0.1175883850523152,-1.9516064454522202,0
-0.0007294503164263373,-0.013705059263255248,0,-0.09813534843591934,-1.9975909124210998,0
0.008132247237089245,-0.029485302265153567,0,-0.049082456912151316,-1.99939763739569,0
-0.0005017446867559606,-0.0002960954411156419,0,-0.3675237148795777,1.617735207774856,0
-0.0007059841171575395,-0.0005225740897328579,0,-0.36035178515516325,1.666685988225413,0
-0.0007587318156833981,-0.0007453895978872541,0,-0.31438987038694194,1.6849745330980743,0
0.00012492365114293713,-0.0008291209685557119,0,-0.3071491288546045,1.7340247508089381,0
-0.001251381865282166,-0.0013813884780798091,0,-0.2612371586543672,1.752319126090208,0
-0.0006624852643406045,-0.0014405508355971408,0,-0.21524160504089632,1.7706299738893438,0
0.0007719405574568278,-0.0017091019881348712,0,-0.16927364070638132,1.7889718720245857,0
-0.0036450200295873115,0.0033646177738423885,0,-0.12400935585313567,1.8074161377337727,0
0.001318991779695759,-0.006114624185533399,0,-0.1183267254276672,1.8566382578642138,0
-0.003386645257082715,0.0039053429958657575,0,-0.08555817925492669,1.876816303509594,0
0.006362384893693586,0.0027669780381567124,0,-0.07732185336543004,1.9182327217011752,0
-0.00813323405247223,0.0067663358653897625,0,-0.03755398591533529,1.928261180649688,0
2.2521717459760512e-13,-0.004215528462800185,0,4.440892098500626e-16,1.95,0
-0.0027354900080487814,-0.0018132570943802436,0,0.03508607853653967,1.9642212497895688,0
-0.008132247235622843,0.02948530226688834,0,0.04908245691215107,1.99939763739569,0
-0.0007054734261170191,5.553220370825827e-05,0,-0.4134744164963756,1.5994759586643532,0
-0.000559799902541602,0.0003151918773447629,0,-0.45935407468174516,1.5811556519968581,0
4.769929067449394e-05,0.00046977913041992305,0,-0.466497961770998,1.532178596429625,0
-0.00010690651595063487,0.0005758333032962434,0,-0.47364393902601,1.483337559407126,0
0.00033177020200761214,0.0006302018392690505,0,-0.5194966514366269,1.4651228610774731,0
0.00045796169159445684,0.00044720921084845806,0,-0.5266645463085128,1.4163189620861563,0
0.0004417842073366826,0.0005099586983987346,0,-0.5338238125609343,1.3675109742324743,0
0.0007805722180489746,0.00038171439637005533,0,-0.5794975307215877,1.3493514221344463,0
0.000498416083939913,0.0006516252667543321,0,-0.5866113877317991,1.3004422055586022,0
0.0009445835246673093,0.0002592889158601778,0,-0.5935099122618284,1.2514551744481712,0
0.0003329748050238932,0.0005662061337950817,0,-0.6003896438029135,1.2025871732685862,0
0.0018115088639287468,-0.0006897694714678618,0,-0.6072315446350101,1.153633404536328,0
-0.0017912966415217114,0.0019732081417427106,0,-0.6144161180048064,1.1050348978716242,0
0.007916428717776904,-0.0041566715798495085,0,-0.6215807479295324,1.0556809766282143,0
-0.015742352638676058,0.006195637797643783,0,-0.6284573073799115,1.005904724025682,0
-0.012770353951450155,0.0033903653788748263,0,-0.6355951571603494,0.9569884918183373,0
0.08624568161372638,-0.1094326227655127,0,-0.6434724295602682,0.9102342841420922,0
-0.16839860464222617,0.16383615432154255,0,-0.6464138720581942,0.8646284560488973,0
0.12930415334126177,-0.16388397619138825,0,-0.6399643707553327,0.8199934384707418,0
0.6700622443672842,-1.0264813239802437,0,-0.6343932843209601,0.7730104532336323,0
-0.00021798390268461628,0.0004162832708441013,0,-0.145345103187321,-1.9218622004639243,0
-0.0008012890778591676,0.010072898169329337,0,-0.16883687731132271,-1.953263734074862,0
0.0018854113796599532,-0.011499211734050113,0,-0.14712912687165236,-1.9945809133815517,0
-0.0006521772398227229,0.002860396708803833,0,-0.20004092410567154,-1.8672936272969487,0
-0.0015165373738656733,0.0020960270170206387,0,-0.24693433357904926,-1.8501983997101288,0
3.918606017664765e-05,0.004651477546194263,0,-0.2927937358815311,-1.831969037211615,0
-0.001017119148053432,0.0023392937832138272,0,-0.3386296248089189,-1.813716386241133,0
-0.0014391552083883184,0.0011022954670603172,0,-0.38455640201604635,-1.7953901169059583,0
-0.0006842947128910834,0.000989144446744467,0,-0.39187120676076065,-1.7462913159846023,0
-0.0019047718600484094,0.000713242928938824,0,-0.4377440343205729,-1.728005964158074,0
-0.001154394234290583,9.507015147303215e-05,0,-0.4449460747533211,-1.6790173877211063,0
-0.0014770031992589246,-0.0003572920886856517,0,-0.49083110319345796,-1.6605567674059463,0
-0.0012054827692386395,-0.0010263546237520463,0,-0.5367731292190668,-1.6420506417088343,0
-0.0002837767036630877,-0.0008935868160666252,0,-0.5439459904452809,-1.5932758212545928,0
4.7323263600330393e-05,-0.00112727521062318,0,-0.5510415653227033,-1.5444866858612996,0
0.0004196250932379388,-0.0010930373495182252,0,-0.5968441469997997,-1.5262651688857538,0
0.00046844335064149796,-0.0009386152379497103,0,-0.6039782597480695,-1.4775185379453735,0
0.0008086042824914835,-0.0006863350550417812,0,-0.6111480800637331,-1.4287414852392357,0
0.0009219405537900078,-0.0006879154519947203,0,-0.6567185461126076,-1.4105440308590096,0
0.0008519501153353393,-0.0005640958973041108,0,-0.6635659615862539,-1.3615979945818195,0
0.0010392049093411754,-0.000691811489570143,0,-0.6705983158359081,-1.3125686756354205,0
0.0008205967655682225,-0.00022309185419691895,0,-0.6776564015804267,-1.2635915672346598,0
0.0009775259796842048,-0.0005684666981830052,0,-0.6847226411054839,-1.2146563958796566,0
0.0006666299100455436,0.00014947865566247376,0,-0.691850376013893,-1.1656636937524198,0
0.0008961993527117152,-0.0006931644004832853,0,-0.6989262942126993,-1.1165241435797546,0
0.0018055368182198954,0.001604895135964461,0,-0.7060440298136835,-1.0674630612470477,0
-0.007885310996128181,-0.005752715978929093,0,-0.7131756912586308,-1.0184274622854586,0
0.020430943434351277,0.01840646250691333,0,-0.7205089177843917,-0.9691573965762533,0
-0.02963691063642039,-0.03704526489365072,0,-0.7308983563867074,-0.9191631266426119,0
0.0023438234145734243,0.014919278269390508,0,-0.7520179854041951,-0.8742064999042061,0
-0.06418829690228772,-0.03669936946440213,0,-0.7162510893551985,-0.83345800749971,0
-0.17321840462892343,-0.13788905544155147,0,-0.7295211679907531,-0.7907584115602083,0
0.16207630364865816,0.3801101292113314,0,-0.7066264541838527,-0.7573438645274831,0
0.8757724837376174,0.8757724837365014,0,-0.7071067811865478,-0.7071067811865475,0
0.002810281536546696,0.0017529774880647466,0,-0.186680054502133,-1.912482003698244,0
-0.0008397142113176608,-2.6831022999408575e-05,0,-0.40627123884177757,1.6483979268447453,0
-0.0006519410356553463,0.00022161411473092043,0,-0.4521775981785488,1.6300816207427933,0
-0.0005836339692190708,0.0007157875101188397,0,-0.49808885295392835,1.6116046261293142,0
-0.0005422335491546261,0.0007666628007788478,0,-0.5052166796183265,1.5627636591291223,0
4.2881033461461695e-05,0.00045453900108078987,0,-0.5123478992267797,1.5139186190521612,0
0.0001260008580836077,0.0007944143703437063,0,-0.5581773160330762,1.4957010917114453,0
0.0004863785042595693,0.0007455290959552569,0,-0.5653297100242297,1.44691921551081,0
0.00042730510516236797,0.0005913813407745985,0,-0.5724530245671199,1.3981753524001073,0
0.0006686043694344677,0.0006965124950503953,0,-0.6180801027467775,1.3800047173256662,0
0.000837756534930514,0.00033857137192065196,0,-0.6250597025248625,1.3309994190427201,0
0.0006881294133506731,0.00031884133109245206,0,-0.6320833254418003,1.281974107970618,0
0.0008710670810145138,0.0003143805358834352,0,-0.6390321440222386,1.232954919999939,0
0.00023946693850130177,0.00044928178284460473,0,-0.6459818153175603,1.1839693460500362,0
0.001711316179193476,0.00014884967619440174,0,-0.6530157385484692,1.1352268274397053,0
-0.0018948050218527688,0.0005690037759818538,0,-0.6601103463079507,1.0862786488067353,0
0.0051624444953458646,0.0014691617744179088,0,-0.6672421139883847,1.0370883386700331,0
0.008053614718918264,-0.005440235526295872,0,-0.6743661377210692,0.9876834621372896,0
-0.028291632368394472,0.03144997436041798,0,-0.681756319408036,0.9383748880661857,0
0.06897019598994208,-0.062412670622248895,0,-0.6932460691234072,0.8828824922109073,0
-0.0911039597753562,0.17536963657218793,0,-0.6756352263716852,0.8388327235588686,0
0.08176162170253296,-0.05089823177418118,0,-0.6823007305662927,0.7932012235640866,0
1.124529762935179,-0.7385488169519255,0,-0.671558954889009,0.740951125316901,0
-0.0010097166925009493,-0.0005871782634900393,0,-0.3990923872638999,1.6973627068952502,0
-0.0010027381143641696,-0.0005878903720054956,0,-0.3531187915419414,1.7156666188987362,0
-0.0011520534389535425,-0.0016048301104196795,0,-0.34583151637307724,1.76473292370592,0
-0.0003915310211721382,-0.0006401972369993528,0,-0.29994876839628204,1.7830134130350404,0
0.0012053332882447413,0.0003306851796186778,0,-0.25405144580519634,1.8013182541524269,0
-0.0009589887302157476,-0.0005122694566752865,0,-0.20811832087116966,1.819599540244635,0
0.0021943545584040955,-0.0011436424415158528,0,-0.16214906758298553,1.837947665295526,0
-0.0007996741776517789,0.0014511420922529192,0,-0.15455984204448714,1.885264390806146,0
0.0010850991540327975,-0.0023526982225499666,0,-0.11251150993909519,1.9040053333338343,0
0.006056111889627628,-0.004320963139934301,0,-0.11758838505231425,1.9516064454522202,0
0.005698706067408853,-0.009112887047157943,0,-0.07007625196366436,1.9596774076060508,0
0.0027354900071710703,-0.0018132570934290637,0,-0.03508607853653896,1.9642212497895688,0
-5.055905265406687e-13,0.011870672271273721,0,4.440892098500626e-16,2.0,0
-0.002220732634783158,-0.009748953954654162,0,-0.19603428015147562,-1.990369453394393,0
-0.001446630964418864,0.004329404842165294,0,-0.21696083777936262,-1.9466861376540276,0
0.002363725021961795,0.0008481627367517148,0,-0.23713906610812205,-1.8999617037780747,0
-0.00011645264532569702,0.0009500834949026056,0,-0.28832046710270154,-1.8882684674594497,0
-0.000885705940294761,-0.0028233119573965347,0,-0.33150354534397963,-1.8625521986743325,0
-0.0011466657672356227,0.0019299205669948093,0,-0.37709690245515515,-1.844265948444162,0
-0.0010405705477865943,0.0036535376680601364,0,-0.4232389998707706,-1.826147716621472,0
-0.0024086587005850975,0.0005384967963909926,0,-0.43058236603674743,-1.776906294387224,0
-0.00175655283848546,0.0006653779136423163,0,-0.47645551664428015,-1.758410566401352,0
-0.0018096664169861443,-0.00021442062956761305,0,-0.4835911390248226,-1.7095098021735293,0
-0.0013892098955225814,-0.0011511111545158214,0,-0.5296152599148009,-1.690820067663604,0
-0.0013614536123465603,-0.0019515654995462168,0,-0.5754924991335443,-1.6724067251201478,0
-0.00045516973292872276,-0.0016805220677243511,0,-0.5826153788396277,-1.6237125703491808,0
-0.00023055930443097145,-0.0012646832979222812,0,-0.5897173596129556,-1.5749957551347256,0
0.0004342381680085585,-0.0015970721469070002,0,-0.6354759842480163,-1.5568159013798888,0
0.00078620446384363,-0.0011972337554757573,0,-0.6426195207666955,-1.5080911209063426,0
0.0007406723121363921,-0.0010519254467853067,0,-0.6497186334191417,-1.4593570135546818,0
0.0011309228119929155,-0.0008953661753654323,0,-0.6954271158278539,-1.4411258387087715,0
0.0011928212134266656,-0.0008023691353221819,0,-0.7023420324961616,-1.3921893495941926,0
0.0010332594056858453,-0.00033598135213000203,0,-0.7092503176796288,-1.3431817133480797,0
0.0009312059162933466,-0.0004922306401702127,0,-0.7163847937734593,-1.2942565448041978,0
0.001118724049335609,-0.0001629108663794141,0,-0.7235384116666659,-1.2453013003900397,0
0.0007412074035361004,-0.00037009072099848406,0,-0.7306922949542707,-1.1963007167111268,0
0.0010351723248147862,-0.00010842920219148915,0,-0.7378053097650457,-1.1472542932368908,0
-0.00010234392567921295,-0.000600366704895296,0,-0.7449331261542014,-1.0981703627765917,0
0.004088948300515011,-0.0015175963848317112,0,-0.7520700421140402,-1.0491298840667835,0
-0.003772973350914469,0.0018889712345017957,0,-0.7587033262266146,-1.0007220289983836,0
0.0029981061005404613,-0.008230064419675607,0,-0.7673687901284948,-0.9519444206344148,0
0.01209628782622204,0.020188943153117037,0,-0.7865824468356316,-0.907938892872845,0
-0.02339859424896229,-0.020527448878156954,0,-0.8004775023187743,-0.861165205222596,0
0.08211720438126857,0.03806159816312043,0,-0.764956643998985,-0.8260036963431223,0
0.040737196690522205,0.040737196691197526,0,-0.77781745930512,-0.7778174593051197,0
-0.11211238550524258,-0.11211238550575515,0,-0.7424621202458416,-0.7424621202458412,0
0.38011012921101156,0.16207630364994194,0,-0.7573438645274835,-0.7066264541838523,0
0.73854881695336,1.1245297629383673,0,-0.7409511253169009,-0.6715589548890091,0
-0.0011543942331250533,-9.507015137467894e-05,0,-0.4449460747533203,1.6790173877211063,0
-0.0014770031994761398,0.0003572920879642785,0,-0.4908311031934572,1.6605567674059463,0
-0.0012054827700090894,0.0010263546240825503,0,-0.536773129219066,1.6420506417088343,0
-0.0002837767041913454,0.0008935868163026801,0,-0.5439459904452802,1.5932758212545932,0
4.7323263226305506e-05,0.0011272752100274937,0,-0.5510415653227027,1.5444866858613,0
0.00041962509360898414,0.0010930373496208842,0,-0.596844146999799,1.5262651688857543,0
0.0004684433496829337,0.0009386152373054531,0,-0.6039782597480688,1.477518537945374,0
0.0008086042817774767,0.0006863350561749314,0,-0.6111480800637324,1.4287414852392362,0
0.0009219405535930421,0.0006879154530417919,0,-0.6567185461126069,1.41054403085901,0
0.0008519501145301112,0.000564095896676749,0,-0.6635659615862533,1.36159799458182,0
0.0010392049094076873,0.0006918114906796446,0,-0.6705983158359075,1.312568675635421,0
0.0008205967659310049,0.00022309185256892079,0,-0.6776564015804261,1.2635915672346603,0
0.0009775259798782522,0.0005684666988975043,0,-0.6847226411054832,1.214656395879657,0
0.0006666299101224878,-0.00014947865592916158,0,-0.6918503760138923,1.1656636937524203,0
0.000896199351393164,0.0006931644005938324,0,-0.6989262942126988,1.116524143579755,0
0.0018055368176321798,-0.0016048951351048573,0,-0.7060440298136831,1.0674630612470482,0
-0.00788531099773875,0.005752715977970924,0,-0.7131756912586303,1.018427462285459,0
0.02043094343479708,-0.018406462505323018,0,-0.7205089177843913,0.9691573965762535,0
-0.02963691063699373,0.03704526489283412,0,-0.730898356386707,0.9191631266426121,0
0.002343823413909477,-0.014919278268914345,0,-0.7520179854041946,0.8742064999042063,0
-0.06418829690116523,0.03669936946322314,0,-0.7162510893551981,0.8334580074997102,0
-0.17321840462764446,0.13788905544149707,0,-0.7295211679907526,0.7907584115602085,0
0.1620763036486698,-0.38011012920966586,0,-0.7066264541838523,0.7573438645274834,0
0.8757724837352011,-0.8757724837351821,0,-0.7071067811865474,0.7071067811865477,0
-0.0006842947128816615,-0.0009891444470783838,0,-0.39187120676075976,1.7462913159846023,0
-0.0014391552080313705,-0.0011022954671887466,0,-0.38455640201604546,1.7953901169059583,0
-0.0010171191481185991,-0.002339293783618482,0,-0.338629624808918,1.813716386241133,0
3.9186060118945386e-05,-0.00465147754613587,0,-0.29279373588153024,1.831969037211615,0
-0.0015165373741420644,-0.002096027017083872,0,-0.24693433357904837,1.8501983997101288,0
-0.000652177239312623,-0.002860396708831363,0,-0.20004092410567065,1.8672936272969487,0
0.002810281536846587,-0.0017529774875346227,0,-0.18668005450213207,1.912482003698244,0
-0.0008012890779429937,-0.01007289816990163,0,-0.16883687731132177,1.953263734074862,0
0.0018854113798854992,0.011499211733896942,0,-0.14712912687165142,1.9945809133815517,0
-0.000729450315059872,0.013705059263166185,0,-0.09813534843591837,1.9975909124210998,0
0.008132247236915725,0.029485302263952587,0,-0.04908245691215036,1.99939763739569,0
-0.0019047718596947396,-0.0007132429292951827,0,-0.43774403432057213,1.728005964158074,0
-0.0002179839026995497,-0.0004162832713612047,0,-0.14534510318732005,1.9218622004639243,0
0.0010591057759152013,-0.010201386350930581,0,-0.24482134971605718,-1.9849590692815833,0
-0.0022422497034093928,0.005308571202620242,0,-0.26420265219891687,-1.93992705931324,0
0.0009958966900285953,0.0029780465688064727,0,-0.3109393255730104,-1.9324841119494494,0
-0.0010434878541286134,0.00661031942421504,0,-0.3326135246391724,-1.900868119792918,0
0.0013289277662211136,0.0022501844973280925,0,-0.37042659224067265,-1.8891167372137854,0
-0.0015311679666411328,0.0011161904456906267,0,-0.41470166107193496,-1.874299867335253,0
-0.0024358662684266807,0.0018366935927230062,0,-0.46089391745696084,-1.8578343459949782,0
-0.0016851340789084798,0.0022952597854101727,0,-0.46926374110706526,-1.807408800096814,0
-0.0041985899650003764,0.0006724596999604304,0,-0.5150815458796805,-1.789161699475861,0
-0.0029472071009167913,9.69055332211239e-05,0,-0.5224478890434812,-1.739632559779501,0
-0.00333638236321438,-0.0009307080672983377,0,-0.5683501184756248,-1.7210843748206888,0
-0.001285907070202206,-0.0028347822616379094,0,-0.6139661343585037,-1.7030452731148467,0
-0.0010193594458877799,-0.0022185380056068383,0,-0.6212006986037432,-1.6542411100321837,0
0.00018025832565466137,-0.0020824173817207735,0,-0.6283472969829168,-1.6055394276913757,0
0.0007245506139399838,-0.0018736279788409,0,-0.6740613245801411,-1.5873789228274557,0
0.0008716513028954288,-0.001680996812630843,0,-0.6812500419346338,-1.5386390392957159,0
0.0011153321818269013,-0.0011499130777062716,0,-0.6883693530345415,-1.4898868487216939,0
0.0013665566442641066,-0.0011709436450451217,0,-0.7341582533156205,-1.4716750845600457,0
0.0013533616059795382,-0.0006089657310101598,0,-0.7411879728250118,-1.4228288626328178,0
0.001309299307141424,-0.0008179113788847641,0,-0.7481303406665696,-1.3738845269642008,0
0.0013566082996052545,-0.0002838478465011598,0,-0.7552346740026508,-1.3249485041973295,0
0.0010772537923479295,-0.0003583822387288944,0,-0.7623789861215868,-1.2759793620884519,0
0.0010923786431379628,-0.0002775147178599612,0,-0.7695423575567124,-1.2269854415297266,0
0.0007034051444509651,0.0002355388682563904,0,-0.7766946736178235,-1.1779431754780278,0
0.0018936892555337244,-0.001241694015544327,0,-0.7838470865153417,-1.1288722858986378,0
-0.0008290562666146505,0.003073299375951796,0,-0.790890366096295,-1.0799691056849616,0
0.0008680469052532152,-0.0001394559968337957,0,-0.797405326644998,-1.0316942551894785,0
0.0013201320803431923,0.0004226507474023363,0,-0.8045138581986392,-0.9863205163877234,0
-0.004061077791655258,-0.0015763964364008342,0,-0.8204930068773174,-0.9424436832921932,0
0.00044566369234245594,-0.0026188355416827,0,-0.8358683332186897,-0.8964934793802921,0
0.01471872473510291,0.014718724734808996,0,-0.8485281374235493,-0.8485281374235489,0
-0.02647351430380155,-0.026473514304055208,0,-0.8131727983643531,-0.8131727983643527,0
0.03806159816417318,0.08211720438043307,0,-0.8260036963431227,-0.7649566439989844,0
-0.13788905544167013,-0.17321840462890586,0,-0.7907584115602087,-0.7295211679907526,0
0.0508982317752492,0.08176162170308508,0,-0.7932012235640865,-0.6823007305662928,0
1.0264813239829402,0.6700622443691236,0,-0.7730104532336322,-0.6343932843209599,0
-0.0018096664170349013,0.00021442063029764011,0,-0.4835911390248218,1.7095098021735293,0
-0.001389209896710792,0.0011511111544511728,0,-0.5296152599148,1.690820067663604,0
-0.001361453611494894,0.001951565499120132,0,-0.5754924991335434,1.6724067251201482,0
-0.00045516973247796213,0.0016805220681508515,0,-0.5826153788396268,1.6237125703491813,0
-0.00023055930422665456,0.001264683297766246,0,-0.5897173596129549,1.574995755134726,0
0.00043423816759837744,0.001597072147295573,0,-0.6354759842480157,1.5568159013798892,0
0.0007862044638342739,0.001197233755416722,0,-0.6426195207666948,1.508091120906343,0
0.0007406723129124417,0.0010519254457169412,0,-0.649718633419141,1.4593570135546823,0
0.001130922812357271,0.0008953661759351434,0,-0.6954271158278532,1.441125838708772,0
0.0011928212136870636,0.0008023691341123754,0,-0.7023420324961609,1.392189349594193,0
0.0010332594058765012,0.0003359813527099926,0,-0.7092503176796281,1.3431817133480801,0
0.0009312059154869705,0.0004922306401224055,0,-0.7163847937734587,1.2942565448041983,0
0.0011187240488482444,0.00016291086662876278,0,-0.7235384116666652,1.2453013003900402,0
0.0007412074041100887,0.0003700907214238133,0,-0.73069229495427,1.1963007167111273,0
0.0010351723250931414,0.00010842920090356458,0,-0.7378053097650452,1.1472542932368912,0
-0.00010234392419169361,0.0006003667057120128,0,-0.7449331261542009,1.0981703627765922,0
0.00408894830147758,0.0015175963838577103,0,-0.7520700421140397,1.049129884066784,0
-0.003772973349998416,-0.0018889712340554815,0,-0.7587033262266142,1.000722028998384,0
0.002998106099507357,0.008230064419387109,0,-0.7673687901284943,0.951944420634415,0
0.012096287826269241,-0.020188943153068975,0,-0.7865824468356312,0.9079388928728455,0
-0.023398594249023512,0.020527448878190815,0,-0.8004775023187739,0.8611652052225964,0
0.08211720438070616,-0.038061598162923864,0,-0.7649566439989846,0.8260036963431225,0
0.040737196690463745,-0.04073719669035535,0,-0.7778174593051196,0.7778174593051201,0
-0.11211238550478027,0.11211238550498649,0,-0.7424621202458411,0.7424621202458415,0
0.3801101292099667,-0.1620763036500108,0,-0.757343864527483,0.7066264541838525,0
0.7385488169508229,-1.1245297629343984,0,-0.7409511253169007,0.6715589548890093,0
-0.0024086587002841446,-0.0005384967964657362,0,-0.43058236603674654,1.776906294387224,0
-0.0010405705474399373,-0.0036535376676013723,0,-0.42323899987076974,1.826147716621472,0
-0.0011466657678485914,-0.001929920567803245,0,-0.37709690245515426,1.844265948444162,0
-0.0008857059393838872,0.002823311957409147,0,-0.33150354534397874,1.8625521986743325,0
-0.0001164526454562283,-0.0009500834954336945,0,-0.28832046710270065,1.8882684674594497,0
0.0023637250221508078,-0.0008481627361926485,0,-0.23713906610812116,1.8999617037780747,0
-0.001446630964739072,-0.004329404842048288,0,-0.21696083777936168,1.9466861376540276,0
-0.0022207326352972575,0.009748953954426596,0,-0.19603428015147467,1.990369453394393,0
-0.0017565528394996107,-0.0006653779137948957,0,-0.47645551664427926,1.758410566401352,0
0.0011751681770506986,-0.00991804665609828,0,-0.29346094804526573,-1.978353020057941,0
-0.0030362518711598897,-0.013558705927789228,0,-0.3419237764754695,-1.9705552849592303,0
-0.0020534382844041056,0.007023833138365335,0,-0.3583793973543501,-1.928953497594997,0
0.0019723932681889266,0.00662879765932164,0,-0.4041925223339662,-1.9191261706157214,0
0.00010945134671380234,0.006767511028668823,0,-0.4517022244215727,-1.9051230532793944,0
-0.0010801755344918202,0.009109524366590445,0,-0.4973187530437553,-1.891262624119485,0
-0.006535761717765023,0.003189713077449665,0,-0.5074931588058982,-1.8397788577111462,0
-0.006474638199433666,-0.002035415272784197,0,-0.553348013490367,-1.8203703530745619,0
-0.004163242013700326,-0.0018569476803804478,0,-0.5608423222240861,-1.7706329664453995,0
-0.0031508335488636013,-0.0045143120073827285,0,-0.6062648719815893,-1.751734730267831,0
-0.0013939518186119884,-0.005546657850465617,0,-0.6525261225288073,-1.7335608421173558,0
-0.0003595520254192097,-0.0033462032132918497,0,-0.6597575088839321,-1.6847794269740188,0
0.0005615872408663157,-0.0028808801069373407,0,-0.6669036514610706,-1.6360853882548125,0
0.0009433495677558903,-0.0027472921451491697,0,-0.712593323887193,-1.6179564319250017,0
0.0015653809730253395,-0.0020248590241951224,0,-0.7197947969313142,-1.5692109021911709,0
0.0014953483202400553,-0.0014727187281993253,0,-0.7270171515897218,-1.5204563177716979,0
0.0019326183359059338,-0.0011569591899372343,0,-0.7728279241216159,-1.5022731639555227,0
0.0017521222842563052,-0.0010922338361191311,0,-0.7800071014681168,-1.4534890869163746,0
0.0016508115623540432,-0.0005548671569010901,0,-0.7870549657684801,-1.4045887967937636,0
0.0013892370804310615,-0.0003677720163603053,0,-0.7941288541434659,-1.3556682228015366,0
0.0013182331181258206,-0.0003871307297038487,0,-0.801250075625209,-1.3066951378897946,0
0.0010773567925891929,-4.631894794357805e-05,0,-0.8084123219822719,-1.2576940597915367,0
0.001366982867110969,-0.00036521512908216955,0,-0.815584512074619,-1.2086577201513367,0
0.0003971678748444748,-0.00013029624331944843,0,-0.8227597875343617,-1.1596041835050919,0
0.0014270543542641524,-0.0003768128516708762,0,-0.8299476668430565,-1.1105145298528376,0
0.00016817464316168764,-0.00034083672287344867,0,-0.8365872251933942,-1.0638007667577536,0
-0.0023408378608179774,-0.008324359911373513,0,-0.847211804456281,-1.0193124739850628,0
0.0015153941947334039,0.005071145035939423,0,-0.8570679705444982,-0.9769417357602941,0
0.0005759011734842523,-0.0007780188039677351,0,-0.8708839256634829,-0.9321043376152134,0
-0.003162512218540589,-0.0031625122188240376,0,-0.8838834764827455,-0.8838834764827451,0
-0.0026188355417141543,0.000445663692466208,0,-0.8964934793802924,-0.8358683332186891,0
-0.020527448878739835,-0.023398594248587836,0,-0.8611652052225963,-0.8004775023187739,0
0.014919278267541133,0.002343823413763871,0,-0.8742064999042064,-0.7520179854041945,0
-0.03669936946334653,-0.0641882969012733,0,-0.8334580074997103,-0.7162510893551981,0
-0.1753696365726009,-0.09110395977427553,0,-0.8388327235588685,-0.675635226371685,0
0.16388397619150902,0.12930415334036444,0,-0.8199934384707417,-0.6399643707553326,0
1.162337923177163,0.8571681596983607,0,-0.8032075312539582,-0.595699304798085,0
-0.0029472071004781318,-9.690553320643497e-05,0,-0.5224478890434803,1.739632559779501,0
-0.004198589964545661,-0.0006724597007652991,0,-0.5150815458796796,1.789161699475861,0
-0.001685134079476854,-0.0022952597854772466,0,-0.46926374110706437,1.807408800096814,0
-0.002435866268163704,-0.0018366935929734602,0,-0.46089391745695996,1.8578343459949782,0
-0.00153116796737323,-0.0011161904460982562,0,-0.41470166107193407,1.874299867335253,0
0.0013289277663680273,-0.0022501844961115326,0,-0.37042659224067176,1.8891167372137854,0
-0.00104348785414234,-0.00661031942449712,0,-0.3326135246391715,1.900868119792918,0
0.000995896689589931,-0.002978046569346258,0,-0.3109393255730095,1.9324841119494494,0
-0.002242249702241323,-0.005308571202520116,0,-0.264202652198916,1.93992705931324,0
0.00105910577674324,0.010201386349322765,0,-0.24482134971605624,1.9849590692815833,0
-0.0033363823626256536,0.0009307080670070645,0,-0.5683501184756239,1.7210843748206892,0
-0.001285907070741562,0.0028347822614709574,0,-0.6139661343585028,1.703045273114847,0
-0.0010193594461784638,0.002218538005345203,0,-0.6212006986037423,1.654241110032184,0
0.0001802583248750423,0.0020824173815613732,0,-0.6283472969829161,1.6055394276913761,0
0.0007245506135600506,0.0018736279786485317,0,-0.6740613245801405,1.5873789228274562,0
0.0008716513022552961,0.0016809968124918472,0,-0.6812500419346331,1.5386390392957163,0
0.0011153321807966662,0.0011499130782357037,0,-0.6883693530345408,1.4898868487216943,0
0.0013665566442858988,0.0011709436454842117,0,-0.7341582533156198,1.4716750845600461,0
0.00135336160462654,0.0006089657316685343,0,-0.7411879728250111,1.4228288626328183,0
0.0013092993070798137,0.0008179113784731394,0,-0.7481303406665689,1.3738845269642013,0
0.0013566083000266106,0.00028384784717048133,0,-0.7552346740026501,1.32494850419733,0
0.0010772537925094288,0.0003583822374573173,0,-0.7623789861215862,1.2759793620884523,0
0.0010923786426575814,0.0002775147192427227,0,-0.7695423575567117,1.226985441529727,0
0.0007034051439045539,-0.00023553886866956044,0,-0.7766946736178229,1.1779431754780283,0
0.001893689255433007,0.0012416940159087242,0,-0.7838470865153413,1.1288722858986382,0
-0.0008290562674960391,-0.003073299374883135,0,-0.7908903660962946,1.079969105684962,0
0.0008680469047074444,0.00013945599575506827,0,-0.7974053266449975,1.031694255189479,0
0.001320132080521962,-0.0004226507468917343,0,-0.8045138581986387,0.9863205163877239,0
-0.004061077790044537,0.0015763964361739295,0,-0.820493006877317,0.9424436832921936,0
0.0004456636931909159,0.002618835540949141,0,-0.8358683332186893,0.8964934793802926,0
0.014718724735605314,-0.014718724734852102,0,-0.8485281374235488,0.8485281374235494,0
-0.02647351430361742,0.02647351430417011,0,-0.8131727983643526,0.8131727983643532,0
0.03806159816334931,-0.08211720438030803,0,-0.8260036963431222,0.7649566439989849,0
-0.1378890554408182,0.17321840462762625,0,-0.7907584115602082,0.7295211679907531,0
0.050898231774828925,-0.08176162170259967,0,-0.7932012235640863,0.6823007305662933,0
1.0264813239818689,-0.6700622443665215,0,-0.7730104532336319,0.6343932843209603,0
-0.0023878042687556335,-0.012325893715065591,0,-0.39018064286380955,-1.9615705610388792,0
-0.002899436495695919,-0.006193825810639029,0,-0.43820247900857207,-1.9514042603701423,0
-0.0037181936984976897,-0.005952799160435182,0,-0.485960358536986,-1.9400625067070922,0
-0.00590685001562883,-0.009838391427589499,0,-0.5334255134940431,-1.927552131993741,0
-0.0019600261006466504,0.012066561305684741,0,-0.5444373455470715,-1.8772248490305639,0
-0.015146320525659023,0.006755703916786182,0,-0.5977645053610172,-1.8538753727230883,0
-0.004366200044868793,0.0007197047673948164,0,-0.5974646078210561,-1.7989015125862056,0
-0.008767299857014087,-0.0014187060979053302,0,-0.6441707834095818,-1.7795069687504588,0
0.00069593567854206,-0.00845813541271188,0,-0.6903421262742446,-1.7617494259109445,0
-0.000623273863637987,-0.004903940952120494,0,-0.6983203083882785,-1.7152798826443678,0
0.0009621663366904109,-0.0037347899252845825,0,-0.7054617558284978,-1.6666170100788416,0
0.002276709115593141,-0.0036181954393329965,0,-0.7511618762505811,-1.6484669721813265,0
0.0021952473393821456,-0.0022199909516277786,0,-0.7583295788868955,-1.5997660774763316,0
0.0016816830629401629,-0.0018162651863811586,0,-0.7655429503290317,-1.5510105000115366,0
0.0024625012242057904,-0.0014609171597344836,0,-0.8113683523643557,-1.5328851976495506,0
0.0020313559571241264,-0.0009035289301340594,0,-0.8186486337617137,-1.4840822675570926,0
0.00201536351442982,-0.0006221431002724566,0,-0.8258666057212553,-1.4352804068839136,0
0.0017609540620259522,-0.0005909394874475491,0,-0.833008919786461,-1.3863816745637367,0
0.001597897560839211,-0.00010092704006561217,0,-0.8401337787239325,-1.3374190702461695,0
0.0015558363355012948,-0.00027559835938700415,0,-0.8472911698935413,-1.2884168824373485,0
0.001159557047780894,0.0002598645991305845,0,-0.8544583756322541,-1.2394093715624719,0
0.0005652368883252884,-0.00024440919389297964,0,-0.8616452898421838,-1.1903396385189156,0
0.0006665969029529813,0.0011773037687149122,0,-0.8689016698785652,-1.1412819189335406,0
0.002074095028928468,-0.0031197498070249406,0,-0.8761097144326553,-1.0921334451713196,0
0.002864591780513909,0.006645211368714133,0,-0.886018159192734,-1.0497777463708255,0
0.001996490295097426,-0.00026222951845728746,0,-0.8992448682242825,-1.0079905199259926,0
0.0032281884705128313,0.0023850714506565,0,-0.9074877267618233,-0.9655136764949125,0
-0.0011451432547864148,-0.001145143255161685,0,-0.9192388155419373,-0.919238815541937,0
-0.0007780188035480608,0.0005759011733668299,0,-0.9321043376152137,-0.8708839256634825,0
-0.0015763964358581739,-0.0040610777912614745,0,-0.9424436832921935,-0.8204930068773172,0
0.02018894315394254,0.012096287826587494,0,-0.9079388928728455,-0.786582446835631,0
-0.03704526489213821,-0.02963691063676223,0,-0.9191631266426121,-0.730898356386707,0
0.06241267062169547,0.06897019598971967,0,-0.8828824922109074,-0.6932460691234071,0
-0.16383615432282211,-0.1683986046430464,0,-0.8646284560488972,-0.6464138720581942,0
0.12654289211358935,0.12094175492940457,0,-0.8491017720403067,-0.602425102186032,0
0.9282836599367389,0.7725149843932495,0,-0.8314696120142536,-0.555570233451061,0
-0.004163242014064463,0.0018569476805016384,0,-0.5608423222240853,1.7706329664454,0
-0.0031508335491387436,0.004514312007808696,0,-0.6062648719815884,1.7517347302678314,0
-0.0013939518184263883,0.005546657849796025,0,-0.6525261225288064,1.7335608421173563,0
-0.00035955202594634486,0.003346203213366385,0,-0.6597575088839313,1.6847794269740193,0
0.0005615872409212022,0.0028808801067726673,0,-0.6669036514610697,1.636085388254813,0
0.0009433495679972425,0.002747292144918846,0,-0.7125933238871921,1.6179564319250022,0
0.0015653809744188452,0.002024859024400794,0,-0.7197947969313135,1.5692109021911713,0
0.0014953483206704345,0.0014727187273211183,0,-0.7270171515897211,1.5204563177716983,0
0.001932618335877444,0.001156959190092293,0,-0.7728279241216153,1.5022731639555231,0
0.0017521222854332437,0.001092233835476211,0,-0.7800071014681161,1.453489086916375,0
0.0016508115627028564,0.0005548671567896403,0,-0.7870549657684794,1.404588796793764,0
0.001389237080165968,0.00036777201716715755,0,-0.7941288541434652,1.355668222801537,0
0.0013182331178834149,0.0003871307295339078,0,-0.8012500756252083,1.306695137889795,0
0.0010773567932586539,4.631894740267702e-05,0,-0.8084123219822712,1.2576940597915371,0
0.0013669828677607347,0.0003652151296650394,0,-0.8155845120746184,1.208657720151337,0
0.00039716787511969505,0.0001302962429825054,0,-0.8227597875343611,1.1596041835050923,0
0.0014270543541217648,0.0003768128516239558,0,-0.8299476668430561,1.110514529852838,0
0.0001681746424394222,0.00034083672240022803,0,-0.8365872251933938,1.063800766757754,0
-0.002340837860255877,0.008324359911721526,0,-0.8472118044562805,1.0193124739850632,0
0.0015153941937459032,-0.005071145034636391,0,-0.8570679705444978,0.9769417357602945,0
0.0005759011723351247,0.0007780188038888329,0,-0.8708839256634825,0.9321043376152138,0
-0.003162512219424082,0.0031625122189028803,0,-0.883883476482745,0.8838834764827456,0
-0.0026188355416396246,-0.0004456636915275714,0,-0.896493479380292,0.8358683332186896,0
-0.020527448877517365,0.023398594248829545,0,-0.8611652052225959,0.8004775023187743,0
0.014919278268297174,-0.002343823414175843,0,-0.874206499904206,0.752017985404195,0
-0.03669936946330838,0.06418829690114781,0,-0.8334580074997099,0.7162510893551985,0
-0.17536963657178734,0.09110395977446831,0,-0.8388327235588683,0.6756352263716855,0
0.16388397619096742,-0.1293041533395845,0,-0.8199934384707415,0.6399643707553331,0
1.1623379231764055,-0.8571681596969135,0,-0.8032075312539579,0.5956993047980854,0
-0.0065357617174054425,-0.0031897130774540127,0,-0.5074931588058973,1.8397788577111462,0
-0.006474638199747795,0.002035415272674996,0,-0.5533480134903661,1.8203703530745623,0
-0.001080175534598169,-0.009109524366789851,0,-0.4973187530437544,1.891262624119485,0
0.00010945134687637377,-0.00676751102854888,0,-0.4517022244215718,1.9051230532793944,0
0.0019723932684945437,-0.006628797659411527,0,-0.4041925223339653,1.9191261706157214,0
-0.0020534382846797827,-0.007023833139078054,0,-0.3583793973543492,1.928953497594997,0
-0.0030362518720514118,0.013558705928326122,0,-0.3419237764754685,1.9705552849592303,0
0.0011751681780666733,0.009918046656589222,0,-0.29346094804526474,1.978353020057941,0
-0.023023806220622167,-0.0037635494468144866,0,-0.580569352912518,-1.9138806719486825,0
-0.022413120996717606,-0.020309402567408492,0,-0.6273634790264138,-1.8990563617712548,0
-0.01812304407743534,0.004166032471332406,0,-0.6487764114902581,-1.8523616892636545,0
-0.0016667313348600384,-0.012584808722517202,0,-0.6824658404162995,-1.8109650460711089,0
-0.007675705246445927,-0.020071972309650337,0,-0.6330250176403873,-1.8167133472220505,0
0.0027055334451804355,-0.007501116169742089,0,-0.7369145005194959,-1.7457336883349848,0
0.002769944822977999,-0.004056422074360149,0,-0.7440312115514952,-1.6971085224516547,0
0.0038095057208138616,-0.003795572216483276,0,-0.789730463999451,-1.6789596856065516,0
0.002252552909250704,-0.0023883338853428414,0,-0.7968609085091013,-1.6303125295994736,0
0.0027798493213333224,-0.0021438073690808737,0,-0.8040236174141518,-1.5816391289494836,0
0.0024961105161414865,-0.0013819926654812977,0,-0.8498033120769782,-1.5635036541434528,0
0.0029374691069668866,-0.0011866626506307559,0,-0.8571680851395626,-1.5147111735839165,0
0.0023666588831585673,-0.0007975575939827307,0,-0.8645266627553884,-1.4658786511622857,0
0.0020703242807624572,-0.00024146818209267059,0,-0.8717536437363368,-1.4170391448831958,0
0.0019216976466668258,-0.00024676673036957134,0,-0.8789474002831328,-1.3681199568820988,0
0.001501151223365585,-5.3118927929904e-05,0,-0.8861488818067376,-1.3191457062150866,0
0.0014588773069538292,6.175391838442251e-06,0,-0.8932423498421285,-1.2702721379983346,0
0.0013596662569708886,0.00014115653801207345,0,-0.9002239384997026,-1.2212340356289768,0
0.0027750951292105142,0.0007418069832013756,0,-0.907435522928018,-1.1720005014611148,0
-2.7325919101907636e-05,-0.001155058221858066,0,-0.9148550177960539,-1.1228879746071885,0
0.0008273253114844393,0.006212108681855435,0,-0.9225103656827293,-1.0786828492309446,0
-0.00653916865492684,-0.006389979595568502,0,-0.9316621481000643,-1.0398384241686518,0
-0.003421098942985627,-0.0018718645931239612,0,-0.9441475346320695,-0.999783972903538,0
0.0004477722845968517,0.0004477722846878081,0,-0.954594154601127,-0.9545941546011266,0
0.0023850714496231823,0.003228188470873849,0,-0.9655136764949128,-0.9074877267618229,0
0.0050711450337556484,0.0015153941938602772,0,-0.9769417357602944,-0.8570679705444979,0
0.0004226507467120507,0.0013201320795653971,0,-0.9863205163877237,-0.8045138581986387,0
-0.008230064419447633,0.0029981061003123664,0,-0.951944420634415,-0.7673687901284945,0
0.01840646250503798,0.020430943434131647,0,-0.9691573965762535,-0.7205089177843914,0
-0.03144997435947059,-0.028291632369488912,0,-0.9383748880661856,-0.6817563194080359,0
0.10943262276758907,0.08624568161463117,0,-0.9102342841420921,-0.6434724295602682,0
-0.17748838021149416,-0.13157275177643638,0,-0.8888238183250661,-0.6092706411441624,0
0.10791101236938662,0.0657720685667779,0,-0.8854187084023334,-0.5628629356729575,0
1.0697804145751997,0.4996040929442632,0,-0.8577286096775257,-0.5141027447316913,0
-0.002543775264014778,-0.009922222775050771,0,-0.7289465041660186,-1.7850367805236529,0
-0.0043662000447703105,-0.0007197047681141724,0,-0.5974646078210553,1.798901512586206,0
-0.01514632052551254,-0.006755703917114643,0,-0.5977645053610163,1.8538753727230888,0
-0.001960026100665814,-0.012066561305440404,0,-0.5444373455470706,1.8772248490305643,0
-0.00590685001578788,0.009838391427250634,0,-0.5334255134940422,1.927552131993741,0
-0.003718193698381439,0.005952799159980214,0,-0.4859603585369851,1.9400625067070922,0
-0.002899436495793287,0.00619382581015356,0,-0.4382024790085712,1.9514042603701423,0
-0.0023878042685121404,0.01232589371393166,0,-0.39018064286380855,1.9615705610388792,0
-0.00876729985661536,0.0014187060982565028,0,-0.6441707834095809,1.7795069687504592,0
0.0006959356778153298,0.008458135413164328,0,-0.6903421262742437,1.761749425910945,0
-0.0006232738639610892,0.004903940951273564,0,-0.6983203083882776,1.7152798826443683,0
0.0009621663370830993,0.003734789925482093,0,-0.7054617558284969,1.666617010078842,0
0.0022767091153561235,0.003618195438794091,0,-0.7511618762505802,1.648466972181327,0
0.0021952473384424377,0.002219990952313094,0,-0.7583295788868948,1.599766077476332,0
0.0016816830619805715,0.0018162651859311265,0,-0.7655429503290311,1.551010500011537,0
0.00246250122353193,0.001460917159178251,0,-0.811368352364355,1.532885197649551,0
0.002031355956247279,0.0009035289314628363,0,-0.818648633761713,1.484082267557093,0
0.00201536351376257,0.0006221431002400311,0,-0.8258666057212546,1.435280406883914,0
0.0017609540623865067,0.0005909394868024455,0,-0.8330089197864603,1.3863816745637372,0
0.0015978975606025668,0.0001009270405008941,0,-0.8401337787239318,1.33741907024617,0
0.001555836335121122,0.000275598359462484,0,-0.8472911698935406,1.288416882437349,0
0.0011595570473849819,-0.0002598645988645785,0,-0.8544583756322535,1.2394093715624723,0
0.0005652368877528329,0.0002444091936852373,0,-0.8616452898421831,1.190339638518916,0
0.000666596902478672,-0.001177303768796919,0,-0.8689016698785648,1.141281918933541,0
0.0020740950294409416,0.0031197498080232566,0,-0.8761097144326548,1.09213344517132,0
0.002864591781533603,-0.006645211368913469,0,-0.8860181591927335,1.049777746370826,0
0.0019964902945881916,0.00026222951742420645,0,-0.8992448682242821,1.007990519925993,0
0.0032281884710903845,-0.002385071450344749,0,-0.9074877267618229,0.9655136764949129,0
-0.0011451432547560365,0.0011451432548936656,0,-0.9192388155419369,0.9192388155419374,0
-0.0007780188038533608,-0.0005759011728921917,0,-0.9321043376152133,0.8708839256634829,0
-0.0015763964361630444,0.004061077791556655,0,-0.9424436832921931,0.8204930068773176,0
0.02018894315291277,-0.012096287827255749,0,-0.907938892872845,0.7865824468356315,0
-0.037045264892445216,0.029636910636981543,0,-0.9191631266426117,0.7308983563867074,0
0.0624126706222066,-0.06897019598947378,0,-0.882882492210907,0.6932460691234076,0
-0.16383615432235138,0.16839860464310874,0,-0.8646284560488969,0.6464138720581947,0
0.12654289211305242,-0.12094175492846879,0,-0.8491017720403065,0.6024251021860324,0
0.928283659935496,-0.7725149843930714,0,-0.8314696120142534,0.5555702334510615,0
-0.03137185606674646,-0.03315344245202557,0,-0.6737797048764511,-1.8830881310487306,0
-0.01014580275281097,-0.022460723996507635,0,-0.6872964747462751,-1.8490105069204625,0
0.009273512745742792,-0.014289493403397024,0,-0.7248027001288624,-1.8263860521078545,0
0.009473165751409352,-0.006403921631297667,0,-0.7692677476283023,-1.8031962761698497,0
0.007284449084758718,-0.007447715160238565,0,-0.7730950325326,-1.7642356600390239,0
0.0021029218472812024,-0.0058563345468646616,0,-0.7825891545040653,-1.7275986306707736,0
0.00563418607461243,-0.0054058099993504576,0,-0.8277856665208867,-1.7081406940588748,0
0.003924155272529976,-0.0023568687690563453,0,-0.835435638117683,-1.6608108080159198,0
0.0035638725310393827,-0.002267028508645654,0,-0.8425750126353112,-1.6121746101227339,0
0.004287284239196279,-0.0024360077744898707,0,-0.888285733206052,-1.5939976476546096,0
0.0034381399032248814,-0.0007848026025746512,0,-0.8956190673038172,-1.5453504217494265,0
0.002551478242952673,-0.0004545134311706182,0,-0.9030424825751214,-1.4965668492416895,0
0.002760902542400564,-0.00044031156705854235,0,-0.9104239655038598,-1.4476947879023516,0
0.0020366282742058975,-5.306221433167563e-05,0,-0.9176465317578048,-1.3988197810161076,0
0.002100715702315821,6.858856198115058e-05,0,-0.9247762276904181,-1.3498765079168826,0
0.001767168557099698,0.00014438630716448776,0,-0.9320499721060274,-1.3009381800132749,0
0.001306959710356864,0.00013901895327050935,0,-0.9386685172308538,-1.252077621284581,0
0.0007406173936507217,0.0011448831297330903,0,-0.9454225379161176,-1.2026530697325697,0
-0.0009793258872904547,-0.0024758812861903783,0,-0.9538778719754055,-1.1525894798096508,0
0.005919118183875372,-0.004566068451486845,0,-0.9613702829909496,-1.104589151631273,0
-0.005388028675305,0.006436711125260366,0,-0.9597710319208205,-1.066529847061606,0
0.015033264562822498,-0.00129056680565004,0,-0.9780984096862496,-1.0335550375972977,0
0.0038298851951063194,0.0038298851949512534,0,-0.9899494936603925,-0.9899494936603922,0
-0.001871864593143921,-0.0034210989429407763,0,-0.9997839729035384,-0.944147534632069,0
-0.00026222951656428755,0.001996490295958051,0,-1.0079905199259933,-0.8992448682242821,0
-0.00832435990991089,-0.0023408378610632733,0,-1.0193124739850632,-0.8472118044562805,0
-0.0001394559956103968,0.000868046905426776,0,-1.0316942551894792,-0.7974053266449975,0
0.0018889712337565455,-0.0037729733495122995,0,-1.0007220289983842,-0.7587033262266143,0
-0.005752715977599195,-0.007885310997767448,0,-1.0184274622854592,-0.7131756912586303,0
0.005440235525145876,0.008053614719044906,0,-0.9876834621372895,-0.6743661377210691,0
-0.0033903653802532657,-0.01277035395120971,0,-0.9569884918183371,-0.6355951571603494,0
-0.06291723906797808,-0.04503680067446088,0,-0.92651126068227,-0.5967194625730223,0
-0.1444184585842587,-0.0772031590045506,0,-0.9361280574853372,-0.5517769301698232,0
0.15526347224866135,0.0973615288330668,0,-0.9068094239343711,-0.513701194335582,0
1.1940022133836452,0.6094254517577677,0,-0.8819212639620182,-0.4713967375487831,0
-0.007675705246537105,0.02007197230896214,0,-0.6330250176403864,1.816713347222051,0
-0.01812304407816646,-0.004166032471627226,0,-0.6487764114902572,1.852361689263655,0
-0.02241312099631045,0.020309402567731293,0,-0.6273634790264129,1.8990563617712553,0
-0.023023806220327004,0.003763549446914002,0,-0.5805693529125171,1.913880671948683,0
-0.001666731335629147,0.012584808722354375,0,-0.6824658404162987,1.8109650460711093,0
-0.00254377526381853,0.009922222775984951,0,-0.7289465041660177,1.7850367805236533,0
0.0027055334451500926,0.00750111616870227,0,-0.736914500519495,1.7457336883349852,0
0.002769944822302929,0.004056422075254584,0,-0.7440312115514943,1.697108522451655,0
0.003809505720716795,0.0037955722174793363,0,-0.7897304639994501,1.678959685606552,0
0.0022525529091748315,0.0023883338849130203,0,-0.7968609085091004,1.630312529599474,0
0.0027798493216412614,0.002143807368980445,0,-0.8040236174141512,1.581639128949484,0
0.0024961105161415615,0.0013819926647011852,0,-0.8498033120769776,1.5635036541434533,0
0.0029374691083409636,0.0011866626505908277,0,-0.8571680851395619,1.514711173583917,0
0.0023666588832733097,0.0007975575939635746,0,-0.8645266627553877,1.465878651162286,0
0.0020703242804615985,0.0002414681825922379,0,-0.8717536437363361,1.4170391448831963,0
0.0019216976461639496,0.0002467667303319202,0,-0.8789474002831321,1.3681199568820992,0
0.001501151223791161,5.311892786355619e-05,0,-0.8861488818067369,1.319145706215087,0
0.0014588773067407237,-6.175392045939406e-06,0,-0.8932423498421278,1.270272137998335,0
0.0013596662569444965,-0.0001411565374323001,0,-0.900223938499702,1.2212340356289773,0
0.002775095129488154,-0.000741806983542879,0,-0.9074355229280173,1.1720005014611152,0
-2.7325918137834522e-05,0.0011550582219944916,0,-0.9148550177960535,1.122887974607189,0
0.0008273253104159119,-0.006212108681716616,0,-0.9225103656827288,1.078682849230945,0
-0.006539168655874135,0.0063899795947344245,0,-0.9316621481000639,1.0398384241686522,0
-0.003421098942177063,0.0018718645946415493,0,-0.944147534632069,0.9997839729035385,0
0.00044777228570138213,-0.00044777228452216894,0,-0.9545941546011265,0.9545941546011271,0
0.0023850714503701837,-0.0032281884720954915,0,-0.9655136764949124,0.9074877267618233,0
0.005071145035739016,-0.0015153941934670078,0,-0.976941735760294,0.8570679705444983,0
0.0004226507470074626,-0.0013201320798477024,0,-0.9863205163877232,0.8045138581986392,0
-0.008230064419266242,-0.002998106100288949,0,-0.9519444206344145,0.7673687901284949,0
0.018406462505630918,-0.020430943434209457,0,-0.9691573965762531,0.7205089177843919,0
-0.031449974359490415,0.028291632369636596,0,-0.9383748880661854,0.6817563194080364,0
0.10943262276698203,-0.08624568161487463,0,-0.9102342841420918,0.6434724295602686,0
-0.17748838021219573,0.13157275177649846,0,-0.8888238183250659,0.6092706411441629,0
0.10791101236878856,-0.06577206856652838,0,-0.8854187084023332,0.562862935672958,0
1.0697804145732637,-0.49960409294442415,0,-0.8577286096775255,0.5141027447316917,0
-0.0024167721445801735,-0.037720692580250986,0,-0.7197900710654337,-1.8659855984427145,0
0.003735238941314379,-0.025570319126183415,0,-0.7653668625933487,-1.8477590659076777,0
0.0016437535827622735,-0.020542936947794257,0,-0.8104826260323441,-1.8284195122836866,0
0.008667740136068703,-0.004496917264386786,0,-0.8130398910836052,-1.7848688434964368,0
0.004754059775705383,-0.0025725169533599352,0,-0.8181177421772898,-1.7449471571492545,0
0.0019454033658440686,-0.005660597207762462,0,-0.8591907170320681,-1.7248551399105947,0
0.005708388758825545,-0.0019230042848812656,0,-0.8740028702202599,-1.6913182881099476,0
0.0032696246409172694,-0.001258585771497075,0,-0.881110629377876,-1.6425687100191537,0
0.0031942979707180385,0.0022909880368067745,0,-0.9268313180137048,-1.6243953774495605,0
0.003395649172587998,-0.0021566818877018896,0,-0.9340245002836746,-1.5758482220911898,0
0.004268367342003183,-0.0004976186360984224,0,-0.9413242710186297,-1.5271011452976297,0
0.0031178637963893484,-0.00016219976080817015,0,-0.9486054715424809,-1.478366484011826,0
0.0026623808861291984,0.0002795038652887436,0,-0.9557742848212268,-1.4295442800431717,0
0.002293194605349104,0.00017452854156798777,0,-0.9629108655293448,-1.3805933683904288,0
0.0018170244921181643,0.0003838300439577663,0,-0.9700535395640819,-1.3315456465566489,0
0.0014301054755316955,0.00036223376332827613,0,-0.977200852462579,-1.282496138898013,0
0.0014651087996038897,0.00022276567273694003,0,-0.9837053122634669,-1.2333387617123888,0
0.0017912588486271367,0.00035938560762209965,0,-0.9918263606010753,-1.183273242057018,0
-0.0005066583458550629,0.005524724993998017,0,-1.0023575096202184,-1.1301329393687427,0
-0.0020032550389434767,0.0030540732279174866,0,-1.005213953144108,-1.0759837726798638,0
-0.01080248846794908,-0.010802488467362419,0,-1.02530483271961,-1.02530483271961,0
-0.0012905668051117196,0.015033264562590831,0,-1.033555037597298,-0.9780984096862491,0
-0.006389979594824721,-0.006539168655370939,0,-1.039838424168652,-0.9316621481000639,0
0.006645211368248027,0.002864591781727607,0,-1.0497777463708262,-0.8860181591927335,0
-0.00034083672436367415,0.00016817464163360293,0,-1.0638007667577543,-0.8365872251933936,0
0.003073299374593282,-0.0008290562678571285,0,-1.0799691056849623,-0.7908903660962946,0
-0.0015175963835159958,0.004088948301724765,0,-1.0491298840667842,-0.7520700421140397,0
0.001604895134447147,0.0018055368163397852,0,-1.0674630612470482,-0.7060440298136832,0
-0.0014691617724931182,0.005162444495935315,0,-1.0370883386700331,-0.6672421139883848,0
-0.006195637797798465,-0.015742352638753343,0,-1.0059047240256822,-0.6284573073799115,0
0.03673345089285636,0.05291927610347901,0,-0.9734586599499815,-0.5901000355418001,0
0.08290766977440844,0.029217573646897567,0,-0.9927589581188689,-0.5454051006855593,0
-0.15965798355845767,-0.08454046894637837,0,-0.9587496398174937,-0.5078971467827021,0
0.148657925516876,0.07651886601866772,0,-0.9305459785467523,-0.4678329115627789,0
1.1694859804380595,0.565449558383126,0,-0.9039892927095291,-0.4275550943054303,0
-0.010145802752174967,0.022460723994924964,0,-0.6872964747462742,1.849010506920463,0
0.009273512745468981,0.014289493401865574,0,-0.7248027001288615,1.826386052107855,0
0.009473165750734052,0.0064039216320336545,0,-0.7692677476283014,1.8031962761698501,0
0.00728444908424424,0.007447715160645336,0,-0.7730950325325991,1.7642356600390243,0
0.002102921847158784,0.00585633454538935,0,-0.7825891545040644,1.727598630670774,0
0.005634186075005098,0.005405810000463309,0,-0.8277856665208858,1.7081406940588753,0
0.003924155271935299,0.002356868768198392,0,-0.8354356381176821,1.6608108080159203,0
0.003563872530798652,0.002267028509651752,0,-0.8425750126353105,1.6121746101227343,0
0.004287284238674265,0.0024360077752573544,0,-0.8882857332060513,1.59399764765461,0
0.0034381399026035065,0.0007848026030048456,0,-0.8956190673038166,1.545350421749427,0
0.0025514782422976427,0.00045451343121967025,0,-0.9030424825751208,1.49656684924169,0
0.002760902542633117,0.0004403115665304218,0,-0.9104239655038592,1.447694787902352,0
0.0020366282738289707,5.3062213894703376e-05,0,-0.9176465317578041,1.398819781016108,0
0.0021007157025924395,-6.858856040569021e-05,0,-0.9247762276904175,1.349876507916883,0
0.0017671685570934336,-0.00014438630799689072,0,-0.9320499721060267,1.3009381800132753,0
0.0013069597112297653,-0.0001390189531148143,0,-0.9386685172308531,1.2520776212845814,0
0.0007406173939701345,-0.0011448831296790982,0,-0.945422537916117,1.2026530697325701,0
-0.0009793258875813087,0.002475881286545276,0,-0.9538778719754051,1.1525894798096512,0
0.005919118183917728,0.0045660684516845886,0,-0.9613702829909492,1.1045891516312734,0
-0.0053880286745153945,-0.006436711126098091,0,-0.95977103192082,1.0665298470616065,0
0.015033264564097462,0.0012905668060545549,0,-0.9780984096862492,1.0335550375972982,0
0.003829885194791307,-0.003829885194583625,0,-0.9899494936603921,0.9899494936603926,0
-0.0018718645947506322,0.0034210989422021575,0,-0.9997839729035379,0.9441475346320695,0
-0.0002622295174458628,-0.001996490294429663,0,-1.0079905199259929,0.8992448682242825,0
-0.008324359911417223,0.0023408378607769446,0,-1.0193124739850628,0.847211804456281,0
-0.00013945599592446947,-0.0008680469050879519,0,-1.0316942551894788,0.797405326644998,0
0.0018889712337503584,0.003772973349566403,0,-1.0007220289983838,0.7587033262266147,0
-0.00575271597755919,0.007885310997845604,0,-1.0184274622854588,0.7131756912586308,0
0.005440235524825536,-0.008053614718742342,0,-0.9876834621372893,0.6743661377210696,0
-0.003390365379268241,0.012770353951263818,0,-0.9569884918183369,0.6355951571603499,0
-0.06291723906743125,0.04503680067493536,0,-0.9265112606822697,0.5967194625730228,0
-0.1444184585831609,0.07720315900448073,0,-0.936128057485337,0.5517769301698237,0
0.155263472248636,-0.0973615288327657,0,-0.9068094239343709,0.5137011943355825,0
1.1940022133808885,-0.609425451756205,0,-0.881921263962018,0.4713967375487834,0
-0.03137185606665003,0.03315344245293184,0,-0.6737797048764502,1.883088131048731,0
0.00407370324261575,-0.018429545014687885,0,-0.8551101849915401,-1.8079785871308685,0
0.013734776153123254,0.0016625100396183855,0,-0.8579788665175605,-1.7635396326281556,0
0.005328907239893055,0.0047485443466993805,0,-0.8999310898600803,-1.7307615682818225,0
0.0060922215726128956,-0.008440859651560745,0,-0.9194998606407797,-1.6726070337701626,0
0.006481970293756478,-0.0054146888755214366,0,-0.9663101389930696,-1.655941631418573,0
0.007014826116268492,-0.0019269438539238674,0,-0.9720817765919002,-1.6049907924632039,0
0.004019207365720581,-0.00029607260009999214,0,-0.9796895472987072,-1.5574678926984258,0
0.0031206600605548545,0.0008745026047092147,0,-0.9868807959089335,-1.5089024547528158,0
0.002765307059561774,-2.839589448145759e-05,0,-0.993963345829847,-1.460050818167383,0
0.002379048404430766,0.0003999725692554729,0,-1.0009250430854604,-1.4111741489903107,0
0.0021901471154660685,0.0004679683789237796,0,-1.0080270933243913,-1.3621722235925007,0
0.0018659499464611451,0.0005446723475349247,0,-1.015219633626509,-1.3130555846502747,0
0.002777722728256364,0.0010363194857257786,0,-1.02242647146631,-1.2639901261585638,0
-0.00012945363101046862,0.0002025069934540316,0,-1.0292046391021472,-1.2150616490964647,0
0.005244305808309781,0.003433713934915325,0,-1.0377908299233853,-1.1638414457043698,0
-0.0032575232689319583,-0.01016342585244803,0,-1.0477192195237581,-1.1089564630933058,0
0.012435297244043022,0.012435297244306162,0,-1.060660171778835,-1.060660171778834,0
0.003054073228391318,-0.002003255039317824,0,-1.075983772679864,-1.005213953144108,0
0.0064367111237938965,-0.005388028675742983,0,-1.066529847061606,-0.9597710319208198,0
0.0062121086807778655,0.0008273253109576263,0,-1.0786828492309453,-0.9225103656827289,0
-0.0031197498070058447,0.002074095030311992,0,-1.0921334451713203,-0.8761097144326551,0
-0.0003768128508220403,0.0014270543535504976,0,-1.1105145298528383,-0.8299476668430563,0
-0.0012416940157791963,0.0018936892558700498,0,-1.1288722858986382,-0.7838470865153415,0
-0.0006003667058851596,-0.00010234392429222554,0,-1.0981703627765922,-0.744933126154201,0
-0.0006931644002333943,0.0008961993526734475,0,-1.1165241435797553,-0.698926294212699,0
-0.0005690037784791668,-0.0018948050214605894,0,-1.0862786488067353,-0.660110346307951,0
0.004156671580105593,0.007916428717312811,0,-1.0556809766282143,-0.6215807479295324,0
-0.023996360274498803,-0.01556754036974093,0,-1.0250348469647783,-0.583221971506589,0
-0.03294587576204815,-0.009468013527059975,0,-1.0443954244305542,-0.5379745258904913,0
0.07487096498613043,0.03635139338125483,0,-1.0131041598173953,-0.49977072212129686,0
-0.16252667374606125,-0.07330899108467849,0,-0.9813884521041311,-0.4615420620437505,0
0.1639528848209591,0.07098860707318944,0,-0.9527773036306834,-0.4216012026929773,0
1.1954072336554138,0.4906950671553379,0,-0.923879532095688,-0.3826834333684341,0
-0.002416772145098517,0.03772069257976327,0,-0.7197900710654328,1.865985598442715,0
0.003735238939947945,0.02557031912450812,0,-0.7653668625933479,1.8477590659076781,0
0.001643753583153198,0.02054293694671894,0,-0.8104826260323432,1.828419512283687,0
0.008667740135918195,0.004496917265640912,0,-0.8130398910836043,1.7848688434964373,0
0.004754059775153472,0.0025725169521103215,0,-0.8181177421772889,1.744947157149255,0
0.0019454033659000221,0.005660597207564754,0,-0.8591907170320672,1.7248551399105951,0
0.005708388758285145,0.0019230042853377368,0,-0.874002870220259,1.691318288109948,0
0.0032696246407325578,0.0012585857707624823,0,-0.8811106293778751,1.6425687100191542,0
0.0031942979713935975,-0.0022909880365158527,0,-0.9268313180137039,1.624395377449561,0
0.0033956491720430726,0.0021566818869541184,0,-0.9340245002836739,1.5758482220911902,0
0.004268367341924199,0.000497618636294558,0,-0.941324271018629,1.5271011452976302,0
0.0031178637953715757,0.00016219976146398743,0,-0.9486054715424802,1.4783664840118265,0
0.0026623808862681424,-0.00027950386544224815,0,-0.9557742848212262,1.4295442800431721,0
0.002293194605029674,-0.00017452854147275706,0,-0.9629108655293441,1.3805933683904292,0
0.0018170244914992827,-0.00038383004359727134,0,-0.9700535395640812,1.3315456465566493,0
0.0014301054744049822,-0.00036223376305034817,0,-0.9772008524625784,1.2824961388980134,0
0.0014651087987456175,-0.0002227656720095302,0,-0.9837053122634662,1.2333387617123892,0
0.0017912588482123942,-0.0003593856082021328,0,-0.9918263606010747,1.1832732420570184,0
-0.0005066583456514799,-0.005524724993282748,0,-1.002357509620218,1.1301329393687432,0
-0.002003255039059533,-0.0030540732281374165,0,-1.0052139531441076,1.0759837726798642,0
-0.010802488468471238,0.010802488467333022,0,-1.0253048327196095,1.0253048327196104,0
-0.0012905668057397717,-0.015033264562743794,0,-1.0335550375972975,0.9780984096862495,0
-0.006389979594268748,0.006539168655436686,0,-1.0398384241686516,0.9316621481000643,0
0.006645211369092481,-0.00286459178141387,0,-1.0497777463708258,0.886018159192734,0
-0.00034083672278252623,-0.0001681746420829291,0,-1.0638007667577538,0.836587225193394,0
0.0030732993751183824,0.0008290562680501304,0,-1.0799691056849618,0.790890366096295,0
-0.001517596382598578,-0.0040889483011054524,0,-1.0491298840667838,0.7520700421140402,0
0.0016048951350063035,-0.0018055368171859597,0,-1.0674630612470477,0.7060440298136836,0
-0.0014691617725515014,-0.005162444496040555,0,-1.0370883386700327,0.6672421139883853,0
-0.006195637798519623,0.01574235263906215,0,-1.0059047240256818,0.6284573073799119,0
0.03673345089282047,-0.05291927610299407,0,-0.9734586599499813,0.5901000355418006,0
0.08290766977339273,-0.029217573646477223,0,-0.9927589581188687,0.5454051006855597,0
-0.15965798355777389,0.08454046894593191,0,-0.9587496398174935,0.5078971467827026,0
0.14865792551764392,-0.07651886601912816,0,-0.930545978546752,0.46783291156277934,0
1.1694859804346056,-0.5654495583822285,0,-0.9039892927095289,0.42755509430543076,0
0.0022179089242695556,-0.013152812128629048,0,-0.8992226575541578,-1.7864486032744515,0
0.0021676425990832414,-0.01802293288321399,0,-0.9427934721717728,-1.7638425294879059,0
0.0013596919143747546,0.008467779017639478,0,-0.9455526259126596,-1.7137354912669878,0
0.0007260142790910749,-0.006317607252811275,0,-0.9894170658473574,-1.6991428932856927,0
0.014462532202251856,-0.003258844022855752,0,-1.0212206939993158,-1.6704061400615458,0
-0.0006468889330956901,0.0015408060927927137,0,-1.0115633038189704,-1.628061441032004,0
0.007921928713390942,2.4221730323400965e-05,0,-1.017297515329052,-1.5851330528217207,0
0.003966578769528778,0.00019340561350578722,0,-1.025231410129671,-1.538643806422348,0
0.003997406062575299,0.0008074468415856832,0,-1.0326154472307316,-1.4905333235896978,0
0.002919234790262296,0.0009956655518835059,0,-1.0397778863928304,-1.4417874534395558,0
0.00257718872896851,0.000672192286752875,0,-1.046918742513807,-1.3928581946686638,0
0.0018921286109209506,0.001087837328804093,0,-1.0540797085920952,-1.3438173532298419,0
0.0016945585473550242,8.345802235218653e-06,0,-1.0612567439468203,-1.294700675071279,0
0.0006016301036237291,0.0005221702236771033,0,-1.0683035269902534,-1.2460205018494228,0
0.0015926135207509778,0.0003091737820382672,0,-1.0742707229086563,-1.198042590707686,0
-0.0003634378240977961,0.0018946877208079098,0,-1.0831088974383651,-1.1443210032213658,0
0.0023183064284862773,0.002318306428251356,0,-1.096015510838228,-1.096015510838228,0
-0.010163425851984254,-0.0032575232687812373,0,-1.108956463093306,-1.047719219523758,0
0.005524724993498344,-0.0005066583456969187,0,-1.130132939368743,-1.002357509620218,0
-0.0045660684508289015,0.005919118184238499,0,-1.104589151631273,-0.9613702829909496,0
-0.0011550582213287117,-2.7325919181205976e-05,0,-1.1228879746071891,-0.9148550177960537,0
0.001177303769222477,0.0006665969034475609,0,-1.1412819189335413,-0.8689016698785652,0
-0.0001302962426532939,0.00039716787447982506,0,-1.1596041835050923,-0.8227597875343613,0
0.0002355388684344519,0.0007034051439588221,0,-1.1779431754780283,-0.7766946736178231,0
-0.0001084292000230145,0.001035172324619138,0,-1.1472542932368912,-0.7378053097650455,0
0.00014947865655473818,0.0006666299103870722,0,-1.1656636937524203,-0.6918503760138925,0
-0.0001488496743144078,0.0017113161781624254,0,-1.1352268274397053,-0.6530157385484694,0
-0.0019732081412568198,-0.001791296642177846,0,-1.1050348978716242,-0.6144161180048067,0
0.010865824179833557,0.005068762731151234,0,-1.0747444034304332,-0.576036630389552,0
0.011364383156698452,0.0052153082109828745,0,-1.0931193892350892,-0.5305982052874255,0
-0.0299545569702288,-0.012264273110473498,0,-1.0626625393001552,-0.4922185747921499,0
0.07901648191501612,0.03151426909619343,0,-1.0319088098025377,-0.45375032667121173,0
-0.17420642884003512,-0.07022598285983943,0,-1.0018668547003047,-0.4149868402147681,0
0.16799551639897597,0.06536352129403335,0,-0.9716515897092134,-0.3754615323548291,0
1.218439622751095,0.4346790141910262,0,-0.9415440648596897,-0.3368898542958702,0
0.004073703242936927,0.018429545014995576,0,-0.8551101849915392,1.807978587130869,0
0.013734776152667638,-0.001662510039961075,0,-0.8579788665175596,1.763539632628156,0
0.005328907239500754,-0.004748544346703342,0,-0.8999310898600794,1.730761568281823,0
0.006092221572294157,0.00844085965165103,0,-0.9194998606407788,1.672607033770163,0
0.006481970293522916,0.005414688876002958,0,-0.9663101389930687,1.6559416314185735,0
0.007014826115374653,0.0019269438534622347,0,-0.9720817765918995,1.6049907924632043,0
0.004019207366075875,0.00029607260071927574,0,-0.9796895472987065,1.5574678926984262,0
0.0031206600608116443,-0.0008745026051234151,0,-0.9868807959089329,1.5089024547528163,0
0.0027653070599230967,2.839589523399121e-05,0,-0.9939633458298464,1.4600508181673835,0
0.0023790484038219094,-0.0003999725701859995,0,-1.0009250430854595,1.4111741489903111,0
0.002190147116014733,-0.00046796837764230103,0,-1.0080270933243909,1.3621722235925011,0
0.0018659499466991928,-0.0005446723488161322,0,-1.0152196336265085,1.3130555846502752,0
0.0027777227289811557,-0.0010363194847609637,0,-1.0224264714663096,1.2639901261585642,0
-0.0001294536304906716,-0.0002025069936646744,0,-1.0292046391021468,1.2150616490964652,0
0.005244305808710701,-0.0034337139346020374,0,-1.037790829923385,1.1638414457043702,0
-0.003257523269729708,0.010163425852615747,0,-1.0477192195237577,1.1089564630933062,0
0.012435297244200585,-0.012435297244177641,0,-1.0606601717788346,1.0606601717788344,0
0.003054073228956246,0.002003255039687824,0,-1.0759837726798636,1.0052139531441084,0
0.006436711125467931,0.005388028675194551,0,-1.0665298470616056,0.9597710319208203,0
0.006212108681290025,-0.0008273253104923579,0,-1.0786828492309448,0.9225103656827294,0
-0.003119749807490466,-0.00207409502988054,0,-1.0921334451713198,0.8761097144326555,0
-0.0003768128517591351,-0.0014270543535740117,0,-1.1105145298528378,0.8299476668430568,0
-0.0012416940159605814,-0.001893689255139496,0,-1.1288722858986378,0.783847086515342,0
-0.000600366706768501,0.00010234392420280937,0,-1.0981703627765917,0.7449331261542015,0
-0.0006931644008334755,-0.0008961993520242109,0,-1.1165241435797548,0.6989262942126995,0
-0.0005690037779313154,0.0018948050217382738,0,-1.0862786488067349,0.6601103463079514,0
0.004156671581020225,-0.007916428716853996,0,-1.0556809766282138,0.6215807479295329,0
-0.02399636027476941,0.01556754036941205,0,-1.0250348469647779,0.5832219715065895,0
-0.032945875761023195,0.00946801352725228,0,-1.0443954244305538,0.5379745258904918,0
0.07487096498498431,-0.03635139338115811,0,-1.0131041598173949,0.4997707221212973,0
-0.16252667374570814,0.07330899108448805,0,-0.9813884521041308,0.4615420620437509,0
0.16395288482128229,-0.0709886070728897,0,-0.9527773036306831,0.42160120269297774,0
1.1954072336554598,-0.4906950671521936,0,-0.9238795320956877,0.3826834333684345,0
-0.0002156880957877468,-0.01723592077813475,0,-0.9857963831335155,-1.740173982968623,0
-0.0017234953623091757,-0.01363044619021542,0,-1.0282054871982267,-1.715457220712734,0
0.0038322766260373265,-0.020070734512653163,0,-1.0699952387551894,-1.6897071311446918,0
0.022186882229790462,0.005949906083323724,0,-1.0603868659140898,-1.6429902325305348,0
0.0034648360145626,-0.0052151283840885555,0,-1.0523859876889468,-1.6043549483657267,0
0.004948890438499954,0.0037849033276856087,0,-1.0625045965474997,-1.566990413645044,0
0.004039290227371091,0.0019628719043912088,0,-1.0711871529369181,-1.5208376012295797,0
0.0026011179614939144,0.0010058564590679716,0,-1.0784979815361526,-1.4723673738266578,0
0.0024073674528822813,0.0008899609079484836,0,-1.0857337865222756,-1.4235540481775788,0
0.0022132871144548323,0.0009366547399200693,0,-1.0929610389939883,-1.3745837236801297,0
0.0026069628979153844,0.00044613168732936655,0,-1.1002002349559223,-1.3255134555286279,0
0.0013871300101704399,0.0031529672494832813,0,-1.1075240274466882,-1.276542672442031,0
0.003516743521943518,-0.00031565662780943306,0,-1.1138145911334163,-1.2286978455988207,0
-9.364432196051602e-06,0.0016854124700462201,0,-1.12133901547109,-1.1800151818520888,0
0.001597770040271969,0.001597770039573312,0,-1.131370849897643,-1.131370849897643,0
0.001894687720298407,-0.0003634378235200076,0,-1.144321003221366,-1.083108897438365,0
0.003433713934320853,0.005244305807819428,0,-1.16384144570437,-1.037790829923385,0
0.0003593856083370888,0.0017912588488624144,0,-1.183273242057018,-0.991826360601075,0
-0.0024758812869933515,-0.0009793258874690853,0,-1.152589479809651,-0.9538778719754051,0
0.0007418069833266525,0.002775095128655536,0,-1.1720005014611152,-0.9074355229280173,0
-0.00024440919409922986,0.0005652368885096818,0,-1.1903396385189162,-0.8616452898421832,0
-0.00036521513007606933,0.0013669828672904097,0,-1.2086577201513373,-0.8155845120746188,0
-0.00027751471837359935,0.0010923786430392264,0,-1.2269854415297272,-0.769542357556712,0
-0.00037009072273383215,0.0007412074032837154,0,-1.1963007167111273,-0.7306922949542702,0
-0.000568466699347326,0.000977525980747155,0,-1.2146563958796572,-0.6847226411054834,0
-0.00044928178424317815,0.00023946693848326652,0,-1.1839693460500362,-0.6459818153175605,0
0.0006897694712219031,0.0018115088634383211,0,-1.1536334045363281,-0.6072315446350103,0
-0.005193763644589463,-0.0010586456692368673,0,-1.1235534294985563,-0.568803276698792,0
-0.0035957922667915515,-0.0009224059438133314,0,-1.1419135844831623,-0.5236219767656425,0
0.009629353376617836,0.004676029725495937,0,-1.1114046269006421,-0.48508230693625176,0
-0.029561509301006424,-0.012182721697401795,0,-1.0808417087652378,-0.44652830435797247,0
0.07809778295485723,0.034678966151825676,0,-1.0504493620355848,-0.40801797593575956,0
-0.1706208551634657,-0.06480448710359249,0,-1.0196738491723587,-0.36804582227001204,0
0.16545340065643488,0.06454072309823,0,-0.9886217685443471,-0.328423529770059,0
1.243355835548135,0.3716044172620395,0,-0.9569403354952273,-0.2902846780356864,0
0.00221790892333543,0.013152812129174808,0,-0.8992226575541569,1.786448603274452,0
0.0021676425991195504,0.018022932882636195,0,-0.9427934721717719,1.7638425294879063,0
0.001359691913990766,-0.008467779017429075,0,-0.9455526259126588,1.7137354912669882,0
0.000726014279159268,0.006317607252241691,0,-0.9894170658473566,1.6991428932856931,0
0.014462532202801491,0.0032588440236635823,0,-1.021220693999315,1.6704061400615462,0
-0.0006468889327990315,-0.0015408060932567771,0,-1.0115633038189695,1.6280614410320045,0
0.007921928713651268,-2.4221729983808577e-05,0,-1.017297515329051,1.5851330528217211,0
0.003966578769020425,-0.00019340561357869437,0,-1.02523141012967,1.5386438064223484,0
0.003997406062243892,-0.0008074468413083255,0,-1.0326154472307307,1.4905333235896983,0
0.002919234790218559,-0.0009956655521610807,0,-1.0397778863928295,1.4417874534395563,0
0.002577188729407406,-0.0006721922863636524,0,-1.046918742513806,1.3928581946686642,0
0.001892128610525254,-0.0010878373283016976,0,-1.0540797085920948,1.3438173532298423,0
0.0016945585478103408,-8.345802546076337e-06,0,-1.06125674394682,1.2947006750712795,0
0.0006016301034586276,-0.0005221702230260412,0,-1.068303526990253,1.2460205018494233,0
0.001592613520498037,-0.00030917378235863387,0,-1.0742707229086559,1.1980425907076864,0
-0.0003634378242746715,-0.00189468772103849,0,-1.0831088974383647,1.1443210032213662,0
0.002318306429095427,-0.002318306427775143,0,-1.0960155108382275,1.0960155108382283,0
-0.010163425851979494,0.0032575232691135917,0,-1.1089564630933055,1.0477192195237583,0
0.005524724993273369,0.0005066583455504648,0,-1.1301329393687425,1.0023575096202184,0
-0.0045660684519161394,-0.0059191181843880015,0,-1.1045891516312725,0.9613702829909501,0
-0.0011550582220764718,2.7325919682909642e-05,0,-1.1228879746071887,0.9148550177960542,0
0.001177303769603683,-0.0006665969034517381,0,-1.1412819189335408,0.8689016698785657,0
-0.00013029624288346634,-0.000397167874925812,0,-1.1596041835050919,0.8227597875343617,0
0.0002355388686378113,-0.0007034051431835805,0,-1.1779431754780278,0.7766946736178235,0
-0.0001084292001094572,-0.0010351723253585897,0,-1.1472542932368908,0.737805309765046,0
0.00014947865678285175,-0.0006666299100259989,0,-1.1656636937524198,0.691850376013893,0
-0.00014884967448140795,-0.0017113161786094862,0,-1.1352268274397048,0.6530157385484698,0
-0.0019732081421721327,0.0017912966425720016,0,-1.1050348978716238,0.6144161180048071,0
0.010865824180560757,-0.0050687627311056865,0,-1.0747444034304328,0.5760366303895524,0
0.011364383155931752,-0.005215308210579985,0,-1.0931193892350888,0.530598205287426,0
-0.029954556968283447,0.012264273110424785,0,-1.0626625393001548,0.49221857479215037,0
0.07901648191481227,-0.031514269095961535,0,-1.0319088098025377,0.4537503266712122,0
-0.1742064288401822,0.07022598286049737,0,-1.0018668547003047,0.41498684021476856,0
0.16799551639873803,-0.06536352129350123,0,-0.9716515897092132,0.37546153235482954,0
1.2184396227531342,-0.434679014192092,0,-0.9415440648596894,0.33688985429587065,0
-0.0025884065048314047,-0.007662070767180398,0,-1.1111404650968706,-1.6629392252347377,0
0.010791817639189204,0.011189343020121789,0,-1.0995403595284647,-1.6016822578634728,0
0.0012238991577601724,1.3849510482821822e-05,0,-1.1093851536719468,-1.5512908151674178,0
0.0026718068319946517,0.0027401211580906047,0,-1.117178766409959,-1.5030160473399448,0
0.002789845335434272,0.0018282590031167658,0,-1.124362029709829,-1.454309247612962,0
0.0023984286723965466,0.0010214573425795638,0,-1.1315088933132595,-1.40568136286468,0
0.0017073589782504333,0.0017360717069467202,0,-1.1381324890747582,-1.356693910863326,0
0.0024371502741529208,0.00034009097274334576,0,-1.1445467533678664,-1.3075804978989878,0
0.0005891128971890269,2.5490216079415355e-05,0,-1.1508934126061732,-1.261232679351175,0
0.0019139505808846344,0.002192462167884132,0,-1.158595027346591,-1.215193486436476,0
0.0011594572648904065,0.0011594572650680717,0,-1.16672618895708,-1.16672618895708,0
0.0016854124698336447,-9.364432418753837e-06,0,-1.180015181852089,-1.12133901547109,0
0.0003091737827084989,0.0015926135215687813,0,-1.198042590707686,-1.074270722908656,0
0.00020250699403858384,-0.00012945363140044587,0,-1.215061649096465,-1.029204639102147,0
0.00022276567177382695,0.0014651087996091143,0,-1.233338761712389,-0.9837053122634665,0
0.0011448831307657307,0.0007406173930686842,0,-1.20265306973257,-0.9454225379161174,0
0.00014115653743524133,0.0013596662577098197,0,-1.2212340356289773,-0.9002239384997021,0
0.0002598645988026965,0.0011595570476784626,0,-1.2394093715624723,-0.8544583756322532,0
-4.631894707475914e-05,0.001077356792379092,0,-1.2576940597915371,-0.808412321982271,0
-0.0003583822379667974,0.0010772537925572158,0,-1.2759793620884523,-0.762378986121586,0
-0.00016291086591604576,0.0011187240490259846,0,-1.2453013003900402,-0.7235384116666651,0
-0.00022309185202045465,0.00082059676531425,0,-1.2635915672346603,-0.6776564015804261,0
-0.00031438053478452874,0.0008710670807976298,0,-1.2329549199999392,-0.6390321440222385,0
-0.0005662061345189469,0.0003329748042239533,0,-1.2025871732685862,-0.6003896438029138,0
0.0012485691377794612,0.0008638822148395128,0,-1.1722197755310901,-0.5618783883164289,0
0.0010990575153047076,0.0014753985134681898,0,-1.1906237762489842,-0.5164565675553583,0
-0.004123404416738419,-0.0010120672548030985,0,-1.1601088432316402,-0.47796116122522575,0
0.01124373810912984,0.005573606353299415,0,-1.1295773861480758,-0.4393593616532308,0
-0.0327894485735078,-0.012452637634218203,0,-1.0990421277971378,-0.40074244350015226,0
0.07995314763556333,0.028608205055640133,0,-1.0686406496426588,-0.36222177997824473,0
-0.1710565779099135,-0.05321973521177091,0,-1.0368128704020467,-0.31916327536641154,0
0.15674038881063165,0.04052784101937739,0,-1.004197890929559,-0.2789406504611346,0
1.2556928805332883,0.35928478268632263,0,-0.9700312530284172,-0.24298018056647946,0
-0.00021568809607559685,0.017235920777817354,0,-0.9857963831335146,1.7401739829686234,0
-0.0017234953620702761,0.013630446190722031,0,-1.0282054871982258,1.7154572207127345,0
0.003832276625650314,0.020070734513238684,0,-1.0699952387551885,1.6897071311446923,0
0.02218688222887265,-0.0059499060834635655,0,-1.060386865914089,1.6429902325305352,0
0.00346483601400229,0.0052151283830431374,0,-1.0523859876889459,1.6043549483657271,0
0.004948890438055051,-0.0037849033269077383,0,-1.0625045965474988,1.5669904136450445,0
0.004039290226948501,-0.0019628719049238517,0,-1.0711871529369172,1.5208376012295801,0
0.0026011179614362397,-0.0010058564576812578,0,-1.0784979815361517,1.4723673738266583,0
0.002407367452472521,-0.0008899609088114735,0,-1.0857337865222747,1.4235540481775792,0
0.0022132871136672293,-0.0009366547393247324,0,-1.0929610389939879,1.3745837236801302,0
0.0026069628972706332,-0.0004461316872381004,0,-1.100200234955922,1.3255134555286283,0
0.0013871300099531473,-0.003152967248818875,0,-1.1075240274466878,1.2765426724420315,0
0.00351674352181438,0.0003156566277727153,0,-1.1138145911334159,1.2286978455988211,0
-9.364431857769464e-06,-0.0016854124700108497,0,-1.1213390154710896,1.1800151818520892,0
0.0015977700406448407,-0.001597770039333938,0,-1.1313708498976425,1.1313708498976434,0
0.0018946877202621435,0.0003634378239384993,0,-1.1443210032213655,1.0831088974383654,0
0.0034337139341395163,-0.005244305808196673,0,-1.1638414457043695,1.0377908299233853,0
0.00035938560871436433,-0.0017912588480470566,0,-1.1832732420570176,0.9918263606010754,0
-0.002475881285900054,0.0009793258870827361,0,-1.1525894798096505,0.9538778719754055,0
0.0007418069837784188,-0.0027750951280190294,0,-1.1720005014611148,0.9074355229280178,0
-0.0002444091942622357,-0.0005652368886696895,0,-1.1903396385189158,0.8616452898421837,0
-0.00036521512924292165,-0.0013669828673189518,0,-1.2086577201513369,0.8155845120746192,0
-0.00027751471819591157,-0.0010923786421699715,0,-1.2269854415297268,0.7695423575567124,0
-0.00037009072176564806,-0.0007412074035938794,0,-1.1963007167111268,0.7306922949542707,0
-0.0005684666992722817,-0.000977525980475381,0,-1.2146563958796568,0.6847226411054839,0
-0.00044928178375214315,-0.0002394669377827962,0,-1.1839693460500358,0.6459818153175609,0
0.0006897694721749697,-0.0018115088637406188,0,-1.1536334045363277,0.6072315446350107,0
-0.005193763645418576,0.0010586456693596658,0,-1.1235534294985559,0.5688032766987925,0
-0.0035957922662703005,0.0009224059435082049,0,-1.1419135844831618,0.5236219767656429,0
0.009629353374934,-0.00467602972475032,0,-1.1114046269006417,0.4850823069362522,0
-0.029561509300759292,0.012182721696413915,0,-1.0808417087652378,0.4465283043579729,0
0.07809778295540559,-0.03467896615106657,0,-1.0504493620355848,0.40801797593576,0
-0.17062085516343153,0.06480448710340893,0,-1.0196738491723587,0.3680458222700125,0
0.1654534006547602,-0.06454072309803897,0,-0.9886217685443469,0.32842352977005945,0
1.2433558355485201,-0.3716044172630787,0,-0.9569403354952271,0.29028467803568686,0
-0.00258804566198439,-0.00918778559564913,0,-1.1516163820122887,-1.6351696268830729,0
0.003784548706091542,0.016401664010761152,0,-1.1494865907553757,-1.581658803163281,0
0.0032606603266576227,-0.00014045190553716605,0,-1.1549512406425757,-1.5331860065540177,0
0.0019347710802607209,0.0011137439010567788,0,-1.1629351188894097,-1.4849020148823837,0
0.0027638378000081005,0.0008467071614853864,0,-1.1701315577130558,-1.4362801888545997,0
0.002635462351453877,0.00088702459797635,0,-1.1759398820576639,-1.3873059271990267,0
0.002919922626333786,0.0011865662562556348,0,-1.1801481223717984,-1.3397632023767907,0
0.0016423841115170898,0.0019101427909290233,0,-1.1850054935467533,-1.2930438374665658,0
0.0035063551380426885,0.002621043076307018,0,-1.1941302515851955,-1.2497707904730477,0
-3.087761549218425e-06,-3.0877601992760273e-06,0,-1.202081528016508,-1.202081528016508,0
0.002192462167983717,0.0019139505801672356,0,-1.215193486436476,-1.158595027346591,0
-0.0003156566278226214,0.0035167435217831992,0,-1.228697845598821,-1.113814591133416,0
0.0005221702229037349,0.0006016301033775521,0,-1.246020501849423,-1.068303526990253,0
0.001036319485148283,0.0027777227287072628,0,-1.263990126158564,-1.02242647146631,0
0.000362233763352504,0.0014301054752684566,0,-1.282496138898013,-0.9772008524625787,0
0.000139018951984452,0.0013069597101516494,0,-1.252077621284581,-0.9386685172308532,0
6.175392583213925e-06,0.001458877307085434,0,-1.2702721379983353,-0.893242349842128,0
-0.00027559835866372914,0.0015558363354018683,0,-1.2884168824373492,-0.8472911698935406,0
-0.00038713072975060116,0.0013182331177414859,0,-1.3066951378897953,-0.8012500756252083,0
-0.0002838478468203524,0.0013566083000282531,0,-1.3249485041973301,-0.7552346740026502,0
-0.0004922306403386946,0.0009312059158876624,0,-1.2942565448041983,-0.7163847937734589,0
-0.0006918114913330515,0.0010392049090635995,0,-1.3125686756354211,-0.6705983158359075,0
-0.00031884133189587086,0.0006881294138696899,0,-1.2819741079706182,-0.6320833254418003,0
-0.00025928891527424836,0.00094458352485486,0,-1.2514551744481712,-0.5935099122618283,0
-0.0011227107750721589,0.0004977032216450395,0,-1.2209649577838952,-0.5549153801891828,0
-0.00043609080231962554,0.00024970482282345033,0,-1.2393250274103271,-0.5094748583675273,0
0.0006640631716881773,0.0008593811662757026,0,-1.2087065395314422,-0.4708985323807482,0
-0.0031014520647245753,-0.0006725095154463505,0,-1.1781463760709099,-0.4323187102210183,0
0.008282572312528047,0.003601756287927298,0,-1.1477751322528318,-0.39359265178888525,0
-0.023882695665471357,-0.008250452203341394,0,-1.1172133050891289,-0.3549575354954189,0
0.07223573504811877,0.03112126204509053,0,-1.0856398098607387,-0.31370862659348175,0
-0.16191059460295715,-0.05036940638739442,0,-1.051901303151065,-0.26902545227753794,0
0.16137520152070248,0.02952912574940127,0,-1.018488388592635,-0.22658593868666227,0
1.1228734294842198,0.33933812089547105,0,-0.980785280302205,-0.19509032252401687,0
-0.0025884065055858945,0.007662070766148621,0,-1.1111404650968697,1.6629392252347381,0
0.010791817638770693,-0.01118934302013168,0,-1.0995403595284639,1.6016822578634733,0
0.0012238991575576797,-1.3849510538734722e-05,0,-1.109385153671946,1.5512908151674183,0
0.0026718068319973635,-0.002740121157734248,0,-1.1171787664099582,1.5030160473399452,0
0.0027898453346387212,-0.0018282590030598512,0,-1.124362029709828,1.4543092476129624,0
0.002398428673053421,-0.0010214573422392076,0,-1.1315088933132587,1.4056813628646805,0
0.0017073589790206462,-0.0017360717064376144,0,-1.1381324890747577,1.3566939108633265,0
0.002437150275093003,-0.0003400909729800391,0,-1.144546753367866,1.3075804978989882,0
0.0005891128971336607,-2.5490215730243943e-05,0,-1.1508934126061727,1.2612326793511754,0
0.0019139505809219715,-0.0021924621674251988,0,-1.1585950273465906,1.2151934864364764,0
0.0011594572649468332,-0.001159457265117216,0,-1.1667261889570795,1.1667261889570804,0
0.0016854124695170362,9.364432590497791e-06,0,-1.1800151818520885,1.1213390154710905,0
0.0003091737829344449,-0.001592613521317964,0,-1.1980425907076855,1.0742707229086566,0
0.00020250699437594406,0.0001294536317329519,0,-1.2150616490964645,1.0292046391021474,0
0.00022276567155406644,-0.0014651087997436941,0,-1.2333387617123885,0.9837053122634671,0
0.0011448831301068005,-0.0007406173937170302,0,-1.2026530697325695,0.9454225379161179,0
0.00014115653753774728,-0.0013596662572304974,0,-1.2212340356289768,0.9002239384997025,0
0.0002598645997477948,-0.0011595570473476352,0,-1.2394093715624719,0.8544583756322539,0
-4.6318947382461075e-05,-0.0010773567929969103,0,-1.2576940597915367,0.8084123219822716,0
-0.00035838223895392845,-0.0010772537920189903,0,-1.2759793620884519,0.7623789861215867,0
-0.00016291086638372303,-0.0011187240497408646,0,-1.2453013003900397,0.7235384116666658,0
-0.00022309185241714313,-0.0008205967658507151,0,-1.2635915672346598,0.6776564015804267,0
-0.00031438053550782673,-0.0008710670807970175,0,-1.2329549199999388,0.6390321440222392,0
-0.0005662061350714294,-0.00033297480492051,0,-1.2025871732685858,0.6003896438029143,0
0.0012485691382853558,-0.0008638822141414031,0,-1.1722197755310897,0.5618783883164293,0
0.0010990575156246006,-0.001475398513933167,0,-1.1906237762489837,0.5164565675553587,0
-0.004123404416514614,0.0010120672550782042,0,-1.1601088432316398,0.4779611612252263,0
0.011243738109301517,-0.005573606354399977,0,-1.1295773861480758,0.43935936165323136,0
-0.032789448575520505,0.012452637635156208,0,-1.0990421277971378,0.4007424435001527,0
0.07995314763636215,-0.028608205055950037,0,-1.0686406496426588,0.3622217799782452,0
-0.17105657790997666,0.053219735211724746,0,-1.0368128704020467,0.319163275366412,0
0.1567403888103371,-0.04052784101924285,0,-1.004197890929559,0.27894065046113503,0
1.2556928805331051,-0.35928478268726377,0,-0.970031253028417,0.24298018056647996,0
-0.01409375987492981,-0.0036656919700134827,0,-1.1913986083068824,-1.6064150634641179,0
-0.006268522860666482,0.007796072497302869,0,-1.1918253310997307,-1.559679832961669,0
-0.0033102998460697633,-0.001716600896778116,0,-1.2000688964965516,-1.514280675926925,0
0.002313274614585624,0.0018433419692135491,0,-1.2097062774389704,-1.4662898363627939,0
0.000879050836115503,0.00172483422185044,0,-1.2152428206017956,-1.4167905016275868,0
0.003470502466431541,0.0020721304111602254,0,-1.2177970900904984,-1.3705460330161898,0
-0.00019177925530374708,0.0017002537533252807,0,-1.2207035694102613,-1.3272377574731977,0
0.0028616294796531593,0.001369515814955811,0,-1.2255534180193182,-1.2851171388757487,0
-7.666858585436217e-05,-7.666858600827927e-05,0,-1.237436867075976,-1.237436867075975,0
0.0026210430768136704,0.0035063551383326874,0,-1.249770790473048,-1.194130251585195,0
2.549021562235923e-05,0.0005891128962959488,0,-1.261232679351175,-1.150893412606173,0
0.0031529672488872997,0.0013871300109732476,0,-1.276542672442031,-1.107524027446688,0
8.345802983501054e-06,0.0016945585467212255,0,-1.294700675071279,-1.06125674394682,0
0.0005446723485593948,0.0018659499475703982,0,-1.313055584650275,-1.015219633626509,0
0.0003838300441972903,0.001817024491376803,0,-1.331545646556649,-0.9700535395640812,0
0.0001443863083157308,0.0017671685563155572,0,-1.300938180013275,-0.9320499721060267,0
-5.311892846436316e-05,0.001501151223698575,0,-1.3191457062150873,-0.8861488818067371,0
-0.00010092704082640614,0.001597897561192496,0,-1.3374190702461701,-0.8401337787239316,0
-0.0003677720169562096,0.0013892370794207575,0,-1.3556682228015373,-0.794128854143465,0
-0.0008179113784813959,0.0013092993073572064,0,-1.3738845269642013,-0.7481303406665689,0
-0.00033598135264071996,0.00103325940634536,0,-1.3431817133480801,-0.7092503176796282,0
-0.0005640958967509723,0.0008519501144375702,0,-1.3615979945818202,-0.6635659615862535,0
-0.00033857137124752986,0.0008377565345327794,0,-1.3309994190427201,-0.6250597025248626,0
-0.0006516252666506301,0.0004984160834582176,0,-1.3004422055586022,-0.586611387731799,0
0.00011594954624777436,0.0005862779096998719,0,-1.2698873600378853,-0.5480006094351313,0
-0.0006116218601491063,0.000447478964810978,0,-1.2880914710239872,-0.5023621380309765,0
-0.0005073689190698312,0.0008719554305255463,0,-1.2573541431005453,-0.463832762795705,0
0.0009502917455726643,0.0006363884700618281,0,-1.2266405731933698,-0.4252794204484164,0
-0.0038021327807347054,-0.0009655831551902114,0,-1.1962167773943118,-0.3866367463329259,0
0.01230401301204228,0.005758348756390579,0,-1.1659184707108028,-0.34784616906804716,0
-0.034709451292362546,-0.01984556622292831,0,-1.134335909489621,-0.30843696583189845,0
0.0857024137305639,0.039951050329465526,0,-1.102146110577886,-0.26891265440161627,0
-0.15632785056716897,-0.03706317387273295,0,-1.062548862481097,-0.22010089776117164,0
0.11651234528647399,0.02014464353479528,0,-1.034882314224999,-0.17875432905531205,0
1.1603280325346255,0.06958859432179738,0,-0.989176509908181,-0.14673047483692786,0
-0.002588045661894342,0.009187785595641063,0,-1.1516163820122878,1.6351696268830733,0
0.0037845487057424224,-0.016401664010121823,0,-1.1494865907553748,1.5816588031632814,0
0.0032606603261338125,0.00014045190558737897,0,-1.1549512406425748,1.5331860065540182,0
0.001934771080410665,-0.001113743900432996,0,-1.1629351188894088,1.4849020148823842,0
0.0027638378002770654,-0.0008467071613791633,0,-1.1701315577130549,1.4362801888546002,0
0.0026354623506083387,-0.0008870245978468813,0,-1.175939882057663,1.3873059271990271,0
0.0029199226253018135,-0.0011865662556668646,0,-1.180148122371798,1.3397632023767911,0
0.0016423841105787137,-0.0019101427910153104,0,-1.1850054935467529,1.2930438374665663,0
0.0035063551382947147,-0.0026210430759035152,0,-1.194130251585195,1.2497707904730482,0
-3.0877614572476845e-06,3.087760597987171e-06,0,-1.2020815280165076,1.2020815280165085,0
0.002192462167744175,-0.0019139505805501765,0,-1.2151934864364755,1.1585950273465915,0
-0.00031565662730059183,-0.0035167435210159323,0,-1.2286978455988204,1.1138145911334165,0
0.0005221702232689593,-0.0006016301032710348,0,-1.2460205018494226,1.0683035269902534,0
0.0010363194849578009,-0.0027777227291496463,0,-1.2639901261585635,1.0224264714663105,0
0.00036223376341573937,-0.001430105474362731,0,-1.2824961388980125,0.9772008524625794,0
0.00013901895322974078,-0.001306959710022767,0,-1.2520776212845806,0.9386685172308539,0
6.175392273110597e-06,-0.0014588773066173952,0,-1.2702721379983348,0.8932423498421287,0
-0.00027559836003692714,-0.0015558363355595952,0,-1.2884168824373488,0.8472911698935413,0
-0.00038713072957070535,-0.0013182331177182304,0,-1.3066951378897949,0.801250075625209,0
-0.00028384784596599056,-0.0013566082993469763,0,-1.3249485041973297,0.7552346740026509,0
-0.0004922306399815774,-0.0009312059154117184,0,-1.2942565448041978,0.7163847937734595,0
-0.0006918114906378528,-0.001039204909323011,0,-1.3125686756354207,0.6705983158359081,0
-0.00031884133090304194,-0.0006881294123732982,0,-1.2819741079706177,0.632083325441801,0
-0.0002592889143577761,-0.000944583525054426,0,-1.2514551744481708,0.5935099122618289,0
-0.0011227107753835608,-0.0004977032206306607,0,-1.2209649577838948,0.5549153801891833,0
-0.00043609080248534134,-0.00024970482300269313,0,-1.2393250274103267,0.5094748583675279,0
0.0006640631717190222,-0.0008593811660633548,0,-1.2087065395314418,0.47089853238074875,0
-0.003101452064605713,0.0006725095158990938,0,-1.1781463760709099,0.43231871022101886,0
0.008282572314700549,-0.0036017562880449805,0,-1.1477751322528318,0.3935926517888858,0
-0.023882695667354896,0.008250452204214439,0,-1.1172133050891289,0.3549575354954195,0
0.07223573504805436,-0.031121262046267948,0,-1.0856398098607387,0.3137086265934822,0
-0.16191059460321824,0.05036940638765945,0,-1.051901303151065,0.2690254522775384,0
0.1613752015207081,-0.02952912574940042,0,-1.018488388592635,0.22658593868666277,0
1.1228734294837799,-0.3393381208953322,0,-0.980785280302205,0.19509032252401737,0
-0.013759671835404825,-0.009992490430964557,0,-1.2304631806793405,-1.5766928556293018,0
0.00894382294463484,0.00036024935632770995,0,-1.2315959561210517,-1.53883046074536,0
0.00825351771349239,-0.0007755949925777655,0,-1.2531333301774619,-1.4993387059434997,0
0.0027294226491977854,-0.0012029701275274576,0,-1.2547487527514258,-1.4450961056802758,0
0.008023700756295883,-0.0016911985005742297,0,-1.25512730188083,-1.3957699035847397,0
-0.004895984021745061,0.004090845852730901,0,-1.2545290474322521,-1.3578554465306538,0
0.0076794859384276175,-0.00014755929352351153,0,-1.2599334939023492,-1.3211105335975057,0
0.0023303804917919296,0.0023303804914301686,0,-1.272792206135378,-1.272792206135378,0
0.0013695158141285187,0.0028616294804280126,0,-1.285117138875749,-1.225553418019318,0
0.0019101427916919306,0.0016423841112668549,0,-1.293043837466566,-1.185005493546753,0
0.0003400909740254243,0.002437150274467358,0,-1.307580497898988,-1.144546753367866,0
0.0004461316871902828,0.0026069628983446925,0,-1.325513455528628,-1.100200234955922,0
0.001087837327838237,0.0018921286099894746,0,-1.343817353229842,-1.054079708592095,0
0.00046796837806513977,0.002190147116029148,0,-1.362172223592501,-1.008027093324391,0
0.00017452854177847082,0.002293194605027748,0,-1.380593368390429,-0.9629108655293444,0
6.858856084598389e-05,0.0021007157022751113,0,-1.3498765079168833,-0.9247762276904175,0
-0.00024676672974934633,0.001921697646645634,0,-1.3681199568820992,-0.8789474002831321,0
-0.0005909394866267108,0.0017609540624553748,0,-1.3863816745637372,-0.8330089197864605,0
-0.0005548671569839715,0.0016508115622415472,0,-1.4045887967937642,-0.7870549657684797,0
-0.0006089657312080562,0.001353361604803218,0,-1.4228288626328183,-0.7411879728250115,0
-0.000802369134053587,0.0011928212138505763,0,-1.3921893495941933,-0.702342032496161,0
-0.0006879154525904163,0.0009219405531723407,0,-1.4105440308590103,-0.6567185461126069,0
-0.0006965124949696105,0.0006686043689999065,0,-1.3800047173256662,-0.6180801027467775,0
-0.0003817143969045827,0.0007805722184306873,0,-1.3493514221344463,-0.5794975307215877,0
-0.00043708912577924383,0.0006836880114620772,0,-1.3187041651600202,-0.5409604740435408,0
-0.00018802377541966505,0.0001943944196482239,0,-1.3369108528425813,-0.49519113737046005,0
5.413834296326336e-05,0.0007019053746264366,0,-1.3062533764974118,-0.4566925259191859,0
-0.00031126282198129605,-0.0005785462027350103,0,-1.2750544577923808,-0.41801516123934257,0
0.0009499963761022683,0.0011823669136187744,0,-1.2445794559813168,-0.37941260423677187,0
-0.003119535846351543,-0.0011453765820459432,0,-1.2140717345419088,-0.3408518767713711,0
0.006110994585822222,0.00802712761431305,0,-1.183185460292307,-0.3019187746551882,0
-0.017802445448433214,-0.010041977274933736,0,-1.151639946060103,-0.2626900972427301,0
0.03970498760865976,-0.006075424950571437,0,-1.119217208372746,-0.22191810231964712,0
-0.04319361789726666,-0.016089392788574318,0,-1.090105394089912,-0.18511491941593183,0
-0.2665997151294868,-0.03125969327520792,0,-1.069478001292287,-0.14845401837814873,0
0.2175110474427647,0.023288825895079416,0,-1.035561018515463,-0.12501317957324545,0
1.1983011169667546,0.24190384283904284,0,-0.9951847266485508,-0.09801714056964254,0
-0.01409375987540382,0.0036656919701310224,0,-1.1913986083068815,1.6064150634641183,0
-0.0062685228609022665,-0.007796072497365628,0,-1.1918253310997298,1.5596798329616695,0
-0.0033102998462959483,0.0017166008976043762,0,-1.2000688964965507,1.5142806759269254,0
0.002313274613766404,-0.0018433419689863875,0,-1.2097062774389695,1.4662898363627943,0
0.0008790508356109731,-0.0017248342216950358,0,-1.2152428206017947,1.4167905016275872,0
0.003470502466907543,-0.002072130410923201,0,-1.217797090090498,1.3705460330161903,0
-0.00019177925488198262,-0.0017002537527428256,0,-1.2207035694102608,1.3272377574731982,0
0.002861629480081314,-0.0013695158144022151,0,-1.2255534180193177,1.2851171388757492,0
-7.66685860560581e-05,7.666858632626942e-05,0,-1.2374368670759757,1.2374368670759754,0
0.002621043077405635,-0.0035063551384548163,0,-1.2497707904730475,1.1941302515851955,0
2.5490216327719855e-05,-0.0005891128965351372,0,-1.2612326793511746,1.1508934126061734,0
0.0031529672486048876,-0.001387130010367695,0,-1.2765426724420306,1.1075240274466884,0
8.34580270744006e-06,-0.0016945585466846785,0,-1.2947006750712786,1.0612567439468203,0
0.0005446723488947649,-0.0018659499475079193,0,-1.3130555846502745,1.0152196336265094,0
0.0003838300442603186,-0.0018170244913565728,0,-1.3315456465566486,0.9700535395640819,0
0.00014438630776884856,-0.0017671685565893499,0,-1.3009381800132747,0.9320499721060274,0
-5.311892814497634e-05,-0.001501151223866018,0,-1.3191457062150869,0.8861488818067378,0
-0.00010092703922108245,-0.0015978975608306957,0,-1.3374190702461697,0.8401337787239322,0
-0.0003677720163756599,-0.0013892370800992052,0,-1.3556682228015369,0.7941288541434657,0
-0.0008179113793729364,-0.0013092993069422304,0,-1.3738845269642008,0.7481303406665696,0
-0.0003359813523359104,-0.0010332594060691778,0,-1.3431817133480797,0.7092503176796289,0
-0.0005640958964950093,-0.0008519501154633754,0,-1.3615979945818197,0.6635659615862541,0
-0.0003385713724866051,-0.0008377565345836573,0,-1.3309994190427197,0.6250597025248633,0
-0.0006516252673766851,-0.0004984160841217116,0,-1.3004422055586018,0.5866113877317997,0
0.00011594954633851392,-0.00058627790936333,0,-1.2698873600378848,0.548000609435132,0
-0.0006116218607845245,-0.0004474789646851934,0,-1.2880914710239868,0.5023621380309772,0
-0.0005073689188170669,-0.0008719554311794252,0,-1.2573541431005448,0.46383276279570557,0
0.00095029174471314,-0.0006363884697116071,0,-1.2266405731933698,0.42527942044841693,0
-0.0038021327810317737,0.0009655831551074711,0,-1.1962167773943118,0.38663674633292644,0
0.012304013012751027,-0.005758348756124563,0,-1.1659184707108028,0.3478461690680477,0
-0.03470945129151838,0.019845566223116826,0,-1.134335909489621,0.308436965831899,0
0.08570241373071667,-0.03995105032844958,0,-1.102146110577886,0.2689126544016167,0
-0.15632785056672208,0.03706317387288485,0,-1.062548862481097,0.2201008977611722,0
0.11651234528704486,-0.020144643534800076,0,-1.034882314224999,0.17875432905531255,0
1.1603280325336338,-0.06958859432145273,0,-0.989176509908181,0.14673047483692836,0
-0.010996144368536917,-0.024303506889613493,0,-1.2687865679578592,-1.5460209070286597,0
0.0001432157490179167,-0.011339549418386864,0,-1.3063456856411466,-1.5144176932427738,0
0.006458699727791707,0.007520973185150801,0,-1.2972295096967286,-1.4668515038325178,0
0.0009310028819482557,0.0032058223636758144,0,-1.2941161931655016,-1.415962880308641,0
0.0031339132425661923,0.0048255601907521714,0,-1.2928036637969835,-1.3627062966573877,0
-0.0003342500307422908,-0.00033425003022947205,0,-1.308147545194806,-1.308147545194806,0
-0.00014755929375138638,0.007679485937901217,0,-1.321110533597506,-1.259933493902349,0
0.0017002537532142274,-0.00019177925466352485,0,-1.327237757473198,-1.220703569410261,0
0.0011865662548706903,0.0029199226248327,0,-1.339763202376791,-1.180148122371798,0
0.0017360717051159407,0.001707358978971958,0,-1.356693910863326,-1.138132489074758,0
0.0009366547402472946,0.002213287113747131,0,-1.37458372368013,-1.092961038993988,0
0.0006721922872010369,0.0025771887290439075,0,-1.392858194668664,-1.046918742513806,0
0.0003999725697189808,0.0023790484043259273,0,-1.411174148990311,-1.00092504308546,0
0.00027950386508997623,0.002662380885979748,0,-1.429544280043172,-0.9557742848212265,0
-5.3062214368097446e-05,0.0020366282738452086,0,-1.3988197810161083,-0.9176465317578044,0
-0.00024146818237655182,0.002070324280574083,0,-1.4170391448831963,-0.8717536437363363,0
-0.0006221431002248942,0.0020153635146445653,0,-1.4352804068839142,-0.8258666057212549,0
-0.0010922338356220238,0.0017521222841449865,0,-1.4534890869163752,-0.7800071014681164,0
-0.0011709436454788854,0.0013665566439314,0,-1.4716750845600461,-0.73415825331562,0
-0.0008953661759077045,0.0011309228133358341,0,-1.4411258387087722,-0.6954271158278537,0
-0.0010519254466197442,0.0007406723120709736,0,-1.4593570135546823,-0.6497186334191415,0
-0.0006863350565562659,0.0008086042820510659,0,-1.4287414852392362,-0.6111480800637326,0
-0.0005913813403641247,0.0004273051054321159,0,-1.3981753524001073,-0.5724530245671201,0
-0.0005099586982005674,0.0004417842076405826,0,-1.3675109742324743,-0.5338238125609343,0
-0.00044175823484947574,0.0002847641715173193,0,-1.3857110115418312,-0.48798624408594254,0
-0.0004905828229531173,0.0007120333962044627,0,-1.3549555759422467,-0.44938582388988885,0
-0.0001565038031619077,0.00033958946177606395,0,-1.3235299389249988,-0.41073490836770316,0
-0.0011930680427784926,0.0010028503988995607,0,-1.2929820038783397,-0.3720098234345863,0
0.001205804268935444,-3.9604665423630994e-05,0,-1.2624620533703899,-0.3333668210357327,0
-0.001743392671609073,-0.0011180426566031489,0,-1.231677909434284,-0.2945843449848356,0
0.011044464140817693,-0.002930043750177912,0,-1.20081514108489,-0.25569214394846657,0
-0.017656748190748747,0.019322244943358095,0,-1.169802319917377,-0.21669359675775615,0
-0.012028344101707264,-0.017964166708137337,0,-1.139060617110101,-0.17799644833867695,0
0.13250070015164775,0.07564385653002302,0,-1.110125723683732,-0.13892061692745514,0
-0.18026016301969494,-0.03026076007535731,0,-1.080429989578334,-0.10665909930212068,0
0.04060406959671788,-0.035253616246728035,0,-1.045564283086771,-0.0752609377221296,0
1.269786335360165,-0.2754159793405673,0,-0.998795456200073,-0.04906767443121759,0
-0.01375967183617244,0.009992490430486322,0,-1.2304631806793396,1.5766928556293023,0
0.008943822943478579,-0.0003602493558731027,0,-1.2315959561210508,1.5388304607453605,0
0.008253517713304728,0.0007755949932704079,0,-1.253133330177461,1.4993387059435002,0
0.002729422649510555,0.0012029701280334355,0,-1.254748752751425,1.4450961056802762,0
0.008023700756135572,0.0016911985010273074,0,-1.255127301880829,1.3957699035847402,0
-0.004895984021117456,-0.004090845852195729,0,-1.2545290474322517,1.3578554465306543,0
0.007679485938509617,0.0001475592935728929,0,-1.2599334939023488,1.3211105335975062,0
0.002330380491808232,-0.002330380490994045,0,-1.2727922061353776,1.2727922061353785,0
0.0013695158147070511,-0.0028616294793377714,0,-1.2851171388757485,1.2255534180193184,0
0.0019101427908099924,-0.0016423841109981028,0,-1.2930438374665656,1.1850054935467536,0
0.00034009097303380547,-0.0024371502749818696,0,-1.3075804978989876,1.1445467533678664,0
0.00044613168741427264,-0.0026069628972265847,0,-1.3255134555286276,1.1002002349559223,0
0.001087837328488872,-0.0018921286095571028,0,-1.3438173532298416,1.0540797085920954,0
0.00046796837811960066,-0.002190147116414579,0,-1.3621722235925005,1.0080270933243916,0
0.00017452854196344067,-0.0022931946044665247,0,-1.3805933683904286,0.962910865529345,0
6.858856117092315e-05,-0.00210071570245896,0,-1.3498765079168829,0.9247762276904181,0
-0.0002467667296610306,-0.001921697645665403,0,-1.3681199568820988,0.8789474002831328,0
-0.0005909394875059895,-0.0017609540622019592,0,-1.3863816745637367,0.8330089197864612,0
-0.0005548671567638966,-0.0016508115630413803,0,-1.4045887967937638,0.7870549657684803,0
-0.0006089657305445146,-0.0013533616047347115,0,-1.4228288626328178,0.7411879728250121,0
-0.0008023691345990382,-0.0011928212130609519,0,-1.3921893495941928,0.7023420324961617,0
-0.000687915452236728,-0.0009219405535031033,0,-1.4105440308590098,0.6567185461126076,0
-0.0006965124944113342,-0.0006686043683056351,0,-1.3800047173256658,0.6180801027467782,0
-0.0003817143958293787,-0.0007805722178575164,0,-1.3493514221344458,0.5794975307215884,0
-0.0004370891255617056,-0.000683688011700826,0,-1.3187041651600198,0.5409604740435414,0
-0.000188023774383194,-0.00019439441914006225,0,-1.3369108528425808,0.4951911373704606,0
5.413834355128628e-05,-0.0007019053738783837,0,-1.3062533764974118,0.45669252591918646,0
-0.0003112628209275912,0.0005785462028861691,0,-1.2750544577923808,0.4180151612393431,0
0.0009499963757812797,-0.0011823669133403528,0,-1.2445794559813168,0.3794126042367724,0
-0.0031195358460678444,0.0011453765815689848,0,-1.2140717345419088,0.34085187677137163,0
0.006110994584588536,-0.008027127614228028,0,-1.183185460292307,0.30191877465518874,0
-0.017802445448350454,0.010041977274406104,0,-1.151639946060103,0.2626900972427307,0
0.03970498760831267,0.006075424949811297,0,-1.119217208372746,0.22191810231964768,0
-0.04319361789843701,0.01608939278813885,0,-1.090105394089912,0.1851149194159324,0
-0.2665997151298152,0.03125969327598828,0,-1.069478001292287,0.14845401837814928,0
0.21751104744355151,-0.02328882589499621,0,-1.035561018515463,0.12501317957324595,0
1.198301116966424,-0.24190384283817068,0,-0.9951847266485508,0.09801714056964302,0
-0.0035306868833906535,-0.01133817115610952,0,-1.3431179095514867,-1.4819022508391178,0
0.006589588661457963,0.008305610385438257,0,-1.3321672493269336,-1.4340531810288057,0
0.0042675485320718826,-0.006990649796885557,0,-1.3326206815401125,-1.3913002910681187,0
0.0043794057005971795,0.004379405700876797,0,-1.343502884254265,-1.343502884254264,0
0.004825560190622385,0.0031339132427385162,0,-1.362706296657388,-1.292803663796983,0
0.004090845852383462,-0.0048959840219132845,0,-1.357855446530654,-1.254529047432252,0
0.0020721304111795467,0.003470502467620917,0,-1.37054603301619,-1.217797090090498,0
0.0008870245985236841,0.0026354623511587413,0,-1.387305927199027,-1.175939882057663,0
0.0010214573431188872,0.0023984286724682167,0,-1.40568136286468,-1.131508893313259,0
0.0008899609082602157,0.002407367452357313,0,-1.423554048177579,-1.085733786522275,0
0.0009956655513733191,0.0029192347907742904,0,-1.441787453439556,-1.03977788639283,0
-2.8395894686930077e-05,0.0027653070594812275,0,-1.460050818167383,-0.9939633458298466,0
-0.0001621997610909552,0.0031178637959998474,0,-1.478366484011826,-0.9486054715424804,0
-0.0004403115666036185,0.002760902542144116,0,-1.4476947879023523,-0.9104239655038595,0
-0.0007975575943245611,0.0023666588833220785,0,-1.4658786511622863,-0.8645266627553881,0
-0.0009035289307690117,0.0020313559568347138,0,-1.4840822675570933,-0.8186486337617133,0
-0.0011569591901817232,0.001932618335995155,0,-1.5022731639555231,-0.772827924121615,0
-0.0014727187275682594,0.0014953483199029608,0,-1.5204563177716983,-0.7270171515897211,0
-0.0011499130774367263,0.0011153321821456034,0,-1.4898868487216943,-0.6883693530345409,0
-0.001197233754873145,0.0007862044635730414,0,-1.5080911209063432,-0.6426195207666946,0
-0.0009386152372300082,0.0004684433497966294,0,-1.4775185379453741,-0.6039782597480688,0
-0.0007455290962323778,0.0004863785041332094,0,-1.4469192155108102,-0.56532971002423,0
-0.0004472092103467733,0.00045796169100861226,0,-1.4163189620861563,-0.526664546308513,0
-0.00037633576649550514,5.5909314074763175e-05,0,-1.4345188498682673,-0.4808141896676548,0
-0.0002274618118858246,0.0004730704731147314,0,-1.4038711475725767,-0.44215049307674215,0
-0.00020794818429006244,-0.0002605537666544409,0,-1.3729279703358448,-0.4034586194946556,0
0.00017439962316927882,0.00019786074649742923,0,-1.3420197378987997,-0.3647432929574265,0
0.0012018533412980043,-0.00011609389898145575,0,-1.3111714858139027,-0.3259376089370225,0
-0.0015795364720862643,0.002497589587894276,0,-1.280334932435385,-0.2870510277159108,0
-0.0015747661738790685,0.001305087616673149,0,-1.249549437856368,-0.24822595344380963,0
-0.00736745411825482,-0.006783324137661337,0,-1.218831323605658,-0.20947580326456322,0
0.03241800956447807,0.0013772053196309333,0,-1.18818522569068,-0.17171886473413892,0
-0.05249675733829359,-0.011839015158068674,0,-1.161007384923481,-0.12557428605446025,0
0.09505406624702503,-0.069169570516191,0,-1.125473753467015,-0.09303786996718197,0
-0.11535568445548033,0.02526508359018393,0,-1.092899391922077,-0.07124812390196172,0
-0.18152108686279878,0.03187420318834961,0,-1.076057135607035,-0.037941139861740594,0
0.370846746801114,0.16028146206058935,0,-1.036541042540306,-0.0372059861067225,0
1.1740589381937871,-7.506209461816422e-14,0,-1.0,3.5876077807826975e-16,0
1.2697863353616539,0.2754159793406839,0,-0.998795456200073,0.049067674431218074,0
0.040604069596531185,0.03525361624618605,0,-1.045564283086771,0.0752609377221301,0
-0.18026016301992207,0.030260760075194244,0,-1.080429989578334,0.10665909930212118,0
0.13250070015178744,-0.07564385652923021,0,-1.110125723683732,0.1389206169274557,0
-0.01202834410066402,0.017964166708497764,0,-1.139060617110101,0.1779964483386775,0
-0.017656748190458402,-0.01932224494306364,0,-1.169802319917377,0.2166935967577567,0
0.011044464140650455,0.0029300437504329083,0,-1.20081514108489,0.2556921439484671,0
-0.0017433926710165922,0.0011180426568318464,0,-1.231677909434284,0.29458434498483616,0
0.001205804269039919,3.9604665538778855e-05,0,-1.2624620533703899,0.33336682103573323,0
-0.0011930680427678236,-0.0010028503987028065,0,-1.2929820038783397,0.37200982343458683,0
-0.00015650380354204812,-0.0003395894620115901,0,-1.3235299389249988,0.4107349083677037,0
-0.0004905828239180904,-0.0007120333968755358,0,-1.3549555759422467,0.4493858238898895,0
-0.00044175823578261755,-0.0002847641723878664,0,-1.3857110115418307,0.4879862440859432,0
-0.0005099586975554324,-0.0004417842073038611,0,-1.3675109742324738,0.5338238125609349,0
-0.0005913813411694158,-0.0004273051054668334,0,-1.3981753524001068,0.5724530245671208,0
-0.000686335056482889,-0.0008086042816848323,0,-1.4287414852392357,0.6111480800637332,0
-0.0010519254465204868,-0.0007406723129808901,0,-1.4593570135546818,0.6497186334191422,0
-0.0008953661757775801,-0.0011309228125737083,0,-1.4411258387087718,0.6954271158278543,0
-0.0011709436456260132,-0.0013665566439996929,0,-1.4716750845600457,0.7341582533156207,0
-0.0010922338351462856,-0.0017521222850017833,0,-1.4534890869163748,0.780007101468117,0
-0.0006221430998822669,-0.0020153635136611002,0,-1.4352804068839138,0.8258666057212556,0
-0.0002414681824989519,-0.0020703242805632117,0,-1.4170391448831958,0.871753643736337,0
-5.3062214323699746e-05,-0.002036628274213793,0,-1.3988197810161078,0.9176465317578051,0
0.0002795038654695474,-0.002662380886272427,0,-1.4295442800431715,0.9557742848212272,0
0.00039997256994050084,-0.0023790484040036204,0,-1.4111741489903105,1.0009250430854604,0
0.0006721922867413565,-0.002577188728986623,0,-1.3928581946686636,1.0469187425138065,0
0.0009366547404043337,-0.002213287113886508,0,-1.3745837236801295,1.0929610389939886,0
0.0017360717072099812,-0.0017073589788707908,0,-1.3566939108633256,1.1381324890747584,0
0.0011865662558721843,-0.0029199226249054565,0,-1.3397632023767905,1.1801481223717984,0
0.0017002537523263044,0.00019177925473270012,0,-1.3272377574731975,1.2207035694102615,0
-0.00014755929368510357,-0.007679485938171459,0,-1.3211105335975055,1.2599334939023494,0
-0.0003342500304576007,0.0003342500305728427,0,-1.3081475451948055,1.3081475451948064,0
0.0031339132425049505,-0.004825560190132022,0,-1.292803663796983,1.3627062966573882,0
0.0009310028817692515,-0.003205822363165973,0,-1.2941161931655007,1.4159628803086415,0
0.006458699727820181,-0.0075209731848091144,0,-1.2972295096967277,1.4668515038325183,0
0.00014321574915221143,0.011339549419541541,0,-1.3063456856411457,1.5144176932427742,0
-0.010996144369319996,0.02430350689119341,0,-1.2687865679578583,1.5460209070286601,0
-0.01524935791885717,-0.01143483008894105,0,-1.3790810894677097,-1.4484941659090498,0
0.007200034229675424,0.006966964832751631,0,-1.3641045612084697,-1.4137237695628768,0
0.008046532208053611,0.008046532207849563,0,-1.37885822331368,-1.37885822331368,0
-0.006990649796969956,0.004267548532752215,0,-1.391300291068119,-1.332620681540112,0
0.003205822362984578,0.0009310028820412312,0,-1.415962880308641,-1.294116193165501,0
-0.0016911985011245569,0.008023700756115184,0,-1.39576990358474,-1.255127301880829,0
0.0017248342219338077,0.0008790508357958317,0,-1.416790501627587,-1.215242820601795,0
0.0008467071612108145,0.0027638378001817584,0,-1.4362801888546,-1.170131557713055,0
0.0018282590023629783,0.0027898453351328715,0,-1.454309247612962,-1.124362029709828,0
0.001005856458090476,0.0026011179608044855,0,-1.472367373826658,-1.0784979815361515,0
0.0008074468418020098,0.003997406062124072,0,-1.490533323589698,-1.0326154472307305,0
0.0008745026051086487,0.003120660061027249,0,-1.508902454752816,-0.9868807959089331,0
-0.0004976186361800598,0.004268367341690502,0,-1.52710114529763,-0.9413242710186288,0
-0.00045451343110584826,0.002551478242182474,0,-1.4965668492416901,-0.9030424825751212,0
-0.0011866626501870457,0.0029374691078512985,0,-1.5147111735839172,-0.8571680851395619,0
-0.0014609171590518788,0.00246250122373714,0,-1.5328851976495512,-0.8113683523643549,0
-0.0018162651858830332,0.0016816830625912167,0,-1.5510105000115373,-0.765542950329031,0
-0.002024859024801115,0.0015653809736330111,0,-1.5692109021911713,-0.7197947969313137,0
-0.0016809968126465702,0.0008716513029285874,0,-1.5386390392957163,-0.6812500419346333,0
-0.0015970721474715414,0.0004342381680499559,0,-1.5568159013798892,-0.6354759842480159,0
-0.0010930373497907708,0.0004196250933087709,0,-1.5262651688857543,-0.596844146999799,0
-0.0007944143698928315,0.0001260008582007245,0,-1.4957010917114453,-0.5581773160330766,0
-0.0006302018400083679,0.0003317702023793738,0,-1.4651228610774731,-0.5194966514366272,0
-0.0005758333029771142,-0.00010690651650290972,0,-1.4833375594071263,-0.47364393902601026,0
-0.00022492812862702006,0.0003353565962873767,0,-1.4527104669804687,-0.4349346948827668,0
-5.124437514463161e-05,-0.00026140098540498684,0,-1.4220054950693588,-0.39624209352542944,0
-0.00022245224046133933,0.0008378569374384033,0,-1.3911859266070867,-0.35749510515074445,0
-0.0002668020074646416,-0.000164147154509309,0,-1.3601958706981219,-0.3186905432063468,0
-0.001495520234058739,0.0004537440353224993,0,-1.329394721754459,-0.27983033267682356,0
0.003756523820146552,-0.003450499900168147,0,-1.2985876924889,-0.2409704972819495,0
0.002591907085962033,0.0019894542708385828,0,-1.266820787449091,-0.19967445931444072,0
0.008953991328419687,0.0042197685689922965,0,-1.237022592969058,-0.16339032309227694,0
-0.02375671948126346,0.017011784169491662,0,-1.210010914357945,-0.12933259887127074,0
0.05209752365633853,-0.025028667420305736,0,-1.197018626328959,-0.08809221923470849,0
-0.05763505960414293,0.07338223581142424,0,-1.159499000354933,-0.07832031644348034,0
0.08289920021878035,-0.009125596474909226,0,-1.125704394314883,-0.04452201022262438,0
0.01073958573323818,3.060426024298029e-13,0,-1.1,3.9463685588609675e-16,0
-0.1282742218943427,1.7353665522234736e-13,0,-1.05,3.7669881698218327e-16,0
-0.18152108686215024,-0.03187420318838092,0,-1.076057135607035,0.03794113986174112,0
-0.11535568445498258,-0.025265083590493134,0,-1.092899391922077,0.07124812390196225,0
0.09505406624711298,0.06916957051718507,0,-1.125473753467015,0.0930378699671825,0
-0.052496757337816335,0.011839015157583075,0,-1.161007384923481,0.1255742860544608,0
0.032418009564213646,-0.0013772053192594857,0,-1.18818522569068,0.17171886473413953,0
-0.007367454117946592,0.006783324137802221,0,-1.218831323605658,0.20947580326456383,0
-0.001574766173562955,-0.0013050876159764685,0,-1.249549437856368,0.24822595344381024,0
-0.0015795364720546505,-0.0024975895884231008,0,-1.280334932435385,0.28705102771591134,0
0.0012018533405663224,0.00011609389934308555,0,-1.3111714858139027,0.32593760893702306,0
0.00017439962384254172,-0.00019786074697523195,0,-1.3420197378987997,0.3647432929574271,0
-0.0002079481842805956,0.00026055376775238235,0,-1.3729279703358448,0.4034586194946563,0
-0.0002274618113303034,-0.0004730704730443779,0,-1.4038711475725767,0.4421504930767428,0
-0.0003763357651279813,-5.590931249233049e-05,0,-1.4345188498682668,0.4808141896676555,0
-0.0004472092121451241,-0.0004579616913234859,0,-1.4163189620861558,0.5266645463085137,0
-0.0007455290954940127,-0.00048637850478935407,0,-1.4469192155108097,0.5653297100242307,0
-0.0009386152371591234,-0.000468443348988723,0,-1.4775185379453737,0.6039782597480695,0
-0.001197233754873465,-0.0007862044641431544,0,-1.5080911209063428,0.6426195207666953,0
-0.0011499130777832102,-0.0011153321810383728,0,-1.4898868487216939,0.6883693530345416,0
-0.0014727187273169573,-0.001495348320346754,0,-1.5204563177716979,0.7270171515897218,0
-0.0011569591900644778,-0.0019326183362268817,0,-1.5022731639555227,0.7728279241216157,0
-0.0009035289312210544,-0.0020313559557952597,0,-1.4840822675570928,0.8186486337617139,0
-0.0007975575941035987,-0.0023666588833730707,0,-1.4658786511622859,0.8645266627553888,0
-0.00044031156625792426,-0.002760902542104977,0,-1.4476947879023518,0.9104239655038602,0
-0.00016219976100679358,-0.0031178637960105737,0,-1.4783664840118256,0.9486054715424811,0
-2.839589464099925e-05,-0.0027653070589790624,0,-1.4600508181673826,0.9939633458298472,0
0.0009956655515643877,-0.002919234790515526,0,-1.4417874534395556,1.0397778863928304,0
0.0008899609085513179,-0.0024073674520323444,0,-1.4235540481775786,1.0857337865222754,0
0.0010214573420026846,-0.002398428673083951,0,-1.4056813628646796,1.1315088933132595,0
0.0008870245987108212,-0.002635462350257665,0,-1.3873059271990265,1.1759398820576634,0
0.002072130412101785,-0.0034705024666867672,0,-1.3705460330161896,1.2177970900904984,0
0.00409084585253049,0.004895984021900637,0,-1.3578554465306536,1.2545290474322524,0
0.004825560190878491,-0.003133913242615499,0,-1.3627062966573875,1.2928036637969835,0
0.004379405700373943,-0.004379405699928629,0,-1.3435028842542645,1.3435028842542645,0
0.0042675485325487025,0.006990649797189761,0,-1.3326206815401116,1.3913002910681191,0
0.006589588661731234,-0.008305610384769228,0,-1.3321672493269328,1.4340531810288062,0
-0.003530686884167994,0.011338171156752078,0,-1.3431179095514858,1.4819022508391182,0
0.37084674679975904,-0.16028146206068133,0,-1.036541042540306,0.037205986106723,0
-0.003628359507586559,-0.0036283595073880294,0,-1.4142135623730954,-1.414213562373095,0
0.006966964831307901,0.007200034229678491,0,-1.413723769562877,-1.364104561208469,0
0.008305610384596806,0.00658958866211946,0,-1.434053181028806,-1.332167249326933,0
0.007520973185388741,0.006458699728296493,0,-1.466851503832518,-1.2972295096967275,0
-0.00120297012851195,0.002729422648906526,0,-1.445096105680276,-1.254748752751425,0
0.0018433419687443,0.002313274614033853,0,-1.466289836362794,-1.2097062774389695,0
0.0011137439006648037,0.0019347710807249624,0,-1.484902014882384,-1.1629351188894086,0
0.0027401211585327966,0.0026718068321407284,0,-1.503016047339945,-1.1171787664099575,0
0.001962871904236149,0.004039290227178061,0,-1.52083760122958,-1.0711871529369166,0
0.00019340561343693532,0.003966578768517827,0,-1.538643806422348,-1.0252314101296696,0
-0.0002960726002419408,0.004019207366018327,0,-1.557467892698426,-0.9796895472987064,0
-0.002156681886849989,0.003395649172304006,0,-1.57584822209119,-0.9340245002836741,0
-0.0007848026031545155,0.0034381399030584425,0,-1.5453504217494272,-0.8956190673038166,0
-0.001381992664854667,0.0024961105157314174,0,-1.5635036541434533,-0.8498033120769777,0
-0.0021438073691678987,0.0027798493214716688,0,-1.5816391289494842,-0.8040236174141511,0
-0.0022199909517408886,0.002195247339257919,0,-1.5997660774763323,-0.7583295788868947,0
-0.0027472921438557963,0.0009433495674986725,0,-1.6179564319250022,-0.7125933238871923,0
-0.0018736279787797037,0.0007245506138826641,0,-1.5873789228274562,-0.6740613245801402,0
-0.0020824173807628037,0.00018025832532463,0,-1.6055394276913761,-0.6283472969829161,0
-0.0012646832977334318,-0.00023055930522895425,0,-1.5749957551347262,-0.5897173596129548,0
-0.001127275210034024,4.732326373235599e-05,0,-1.5444866858613002,-0.5510415653227028,0
-0.0004545390008246057,4.288103383227736e-05,0,-1.5139186190521612,-0.5123478992267799,0
-0.00046977913092112467,4.769928993612411e-05,0,-1.5321785964296253,-0.4664979617709979,0
-0.00014402215074971203,-0.00024370036037951167,0,-1.5015945278696448,-0.4277704117103881,0
-0.00034424650898990283,0.00010520480953864978,0,-1.4709227542214818,-0.38901816131946787,0
2.697452918814641e-05,5.9234313544981715e-05,0,-1.4401660948385748,-0.35024547450578836,0
-4.9424188052224684e-05,-0.00029144243201380905,0,-1.4093463981583099,-0.3114415387090038,0
0.0007823849974698105,0.00047820667354625236,0,-1.378478815375139,-0.27259482969569254,0
0.0010350689439733718,0.0013445075495950919,0,-1.347657995702593,-0.23370783370634002,0
-0.005634198807923382,0.002347165045769453,0,-1.315452553377113,-0.1919306221687877,0
-0.001819453489323585,-0.014798906473048037,0,-1.282167594887338,-0.15423797838408115,0
-0.011783609550268274,0.009476217288381099,0,-1.252124005671904,-0.12743158589018053,0
0.004023978662164175,-0.011718283975705242,0,-1.245307382624987,-0.09005898609443944,0
-0.0010616084180952606,0.011653322462423805,0,-1.224253813538292,-0.04504518356511785,0
-0.03475649669380001,-0.017446847637689496,0,-1.176337163535087,-0.042688991665124354,0
-0.013428786400103974,2.709940147435554e-13,0,-1.15,4.125748947900102e-16,0
0.08289920021866484,0.009125596474252814,0,-1.125704394314883,0.04452201022262492,0
-0.057635059606018085,-0.07338223581185668,0,-1.159499000354933,0.07832031644348089,0
0.052097523656523786,0.025028667421012292,0,-1.197018626328959,0.08809221923470904,0
-0.023756719482210083,-0.01701178417074048,0,-1.210010914357945,0.12933259887127135,0
0.008953991327762563,-0.00421976856930616,0,-1.237022592969058,0.16339032309227755,0
0.00259190708551281,-0.0019894542720488018,0,-1.266820787449091,0.19967445931444133,0
0.0037565238197042696,0.003450499900912151,0,-1.2985876924889,0.24097049728195016,0
-0.0014955202341508126,-0.00045374403541464833,0,-1.329394721754459,0.2798303326768241,0
-0.0002668020064620178,0.00016414715425000652,0,-1.3601958706981219,0.3186905432063475,0
-0.00022245224054846962,-0.000837856937236526,0,-1.3911859266070867,0.3574951051507451,0
-5.124437570675336e-05,0.00026140098583103216,0,-1.4220054950693588,0.3962420935254301,0
-0.00022492812784752545,-0.000335356597508285,0,-1.4527104669804687,0.4349346948827675,0
-0.0005758333041007684,0.00010690651750081734,0,-1.4833375594071259,0.47364393902601093,0
-0.0006302018387700948,-0.0003317702022912208,0,-1.4651228610774727,0.5194966514366278,0
-0.0007944143699204913,-0.00012600085810712518,0,-1.4957010917114448,0.5581773160330773,0
-0.0010930373501191817,-0.0004196250929042403,0,-1.5262651688857538,0.5968441469997997,0
-0.0015970721468428727,-0.0004342381679066932,0,-1.5568159013798888,0.6354759842480165,0
-0.0016809968127996385,-0.0008716513025713168,0,-1.5386390392957159,0.681250041934634,0
-0.0020248590240590147,-0.001565380973818443,0,-1.5692109021911709,0.7197947969313143,0
-0.0018162651858706547,-0.0016816830625556525,0,-1.5510105000115368,0.7655429503290316,0
-0.001460917159173444,-0.0024625012232997144,0,-1.5328851976495508,0.8113683523643556,0
-0.0011866626499344953,-0.0029374691080460494,0,-1.5147111735839167,0.8571680851395626,0
-0.00045451343099752904,-0.0025514782424632355,0,-1.4965668492416897,0.9030424825751219,0
-0.0004976186362319415,-0.004268367342114784,0,-1.5271011452976295,0.9413242710186295,0
0.0008745026055030244,-0.0031206600605123706,0,-1.5089024547528156,0.9868807959089337,0
0.0008074468421490073,-0.003997406062161515,0,-1.4905333235896976,1.0326154472307314,0
0.0010058564586779553,-0.0026011179615830645,0,-1.4723673738266576,1.0784979815361524,0
0.0018282590035369009,-0.002789845334257733,0,-1.4543092476129615,1.1243620297098285,0
0.0008467071607778185,-0.0027638378001464342,0,-1.4362801888545995,1.1701315577130555,0
0.0017248342215430373,-0.0008790508356502745,0,-1.4167905016275866,1.2152428206017953,0
-0.0016911985002460777,-0.008023700755686992,0,-1.3957699035847395,1.2551273018808295,0
0.0032058223635572634,-0.000931002881455814,0,-1.4159628803086406,1.2941161931655014,0
-0.0069906497970289565,-0.004267548531771202,0,-1.3913002910681185,1.3326206815401125,0
0.00804653220781545,-0.008046532207782372,0,-1.3788582233136795,1.3788582233136804,0
0.00720003422939124,-0.006966964831995137,0,-1.3641045612084688,1.4137237695628773,0
-0.015249357919558004,0.011434830090115975,0,-1.3790810894677088,1.4484941659090502,0
-0.011434830089369536,-0.015249357919317322,0,-1.44849416590905,-1.379081089467709,0
-0.01133817115640329,-0.003530686884114681,0,-1.481902250839118,-1.3431179095514856,0
-0.011339549419772135,0.00014321574885510973,0,-1.514417693242774,-1.3063456856411455,0
-0.0007755949928104766,0.008253517713660482,0,-1.4993387059435,-1.2531333301774605,0
-0.0017166008970878376,-0.0033102998470144643,0,-1.514280675926925,-1.2000688964965505,0
-0.00014045190555616853,0.003260660326137026,0,-1.533186006554018,-1.1549512406425746,0
1.384951052365606e-05,0.0012238991579773355,0,-1.551290815167418,-1.1093851536719457,0
0.003784903327759742,0.004948890437751172,0,-1.566990413645044,-1.0625045965474988,0
2.4221730165156626e-05,0.00792192871328001,0,-1.585133052821721,-1.0172975153290509,0
-0.0019269438535787573,0.007014826115844512,0,-1.604990792463204,-0.9720817765918994,0
0.002290988036696635,0.00319429797070605,0,-1.6243953774495612,-0.9268313180137039,0
-0.0024360077738170742,0.004287284238653647,0,-1.5939976476546103,-0.8882857332060512,0
-0.002267028509156594,0.003563872531218963,0,-1.6121746101227343,-0.8425750126353106,0
-0.002388333885255293,0.0022525529094591526,0,-1.6303125295994743,-0.7968609085091001,0
-0.0036181954392799126,0.00227670911485647,0,-1.6484669721813272,-0.75116187625058,0
-0.0037347899267537597,0.0009621663367492511,0,-1.6666170100788422,-0.7054617558284969,0
-0.002880880106339471,0.0005615872412545868,0,-1.6360853882548132,-0.6669036514610699,0
-0.0022185380065775006,-0.0010193594453344157,0,-1.6542411100321843,-0.6212006986037425,0
-0.0016805220682202732,-0.00045516973258155245,0,-1.6237125703491813,-0.5826153788396268,0
-0.000893586816312297,-0.00028377670339830403,0,-1.5932758212545932,-0.5439459904452802,0
-0.0007666628007223339,-0.0005422335492605677,0,-1.5627636591291223,-0.5052166796183265,0
-0.00031519187743027203,-0.0005597999025451728,0,-1.5811556519968577,-0.459354074681745,0
-0.00021444665638979427,-0.00028751018757443726,0,-1.5505070239229577,-0.4206063910681741,0
-8.684815726389524e-05,-0.00020191638658696552,0,-1.5198567231207967,-0.3818470441582395,0
0.00019811075373218266,-6.149319932727932e-05,0,-1.4891472385085869,-0.34304888797271,0
-0.00011183256199858303,0.00010666435431322204,0,-1.458388756466627,-0.30422706035737473,0
0.0004062433159163325,-0.00013548655934028853,0,-1.427575947573089,-0.26536193778133094,0
-0.0010567912760072187,-0.0006729281523932001,0,-1.396755643454931,-0.22646276044789032,0
0.00013440134445407573,0.0005424023037149085,0,-1.365924926147193,-0.18755384618638193,0
0.004484794220440891,0.008426480763493286,0,-1.331276302514291,-0.1431136157671406,0
0.0073643614430309885,0.0013680169832337504,0,-1.294507111164958,-0.09963648513448578,0
-0.0071695106153543955,0.004087272371892638,0,-1.275068861232616,-0.045307778724191866,0
0.004136913688702871,-5.409946112863247e-13,0,-1.25,4.484509725978371e-16,0
0.014204096572773134,-2.842743277090797e-13,0,-1.2,4.3051293369392366e-16,0
-0.0010616084172402828,-0.011653322461823788,0,-1.224253813538292,0.04504518356511845,0
0.004023978663019755,0.0117182839762009,0,-1.245307382624987,0.09005898609444002,0
-0.011783609549341047,-0.009476217287657797,0,-1.252124005671904,0.12743158589018114,0
-0.0018194534892273324,0.014798906473922683,0,-1.282167594887338,0.15423797838408176,0
-0.005634198807603444,-0.002347165046052192,0,-1.315452553377113,0.19193062216878837,0
0.0010350689440662207,-0.0013445075494545671,0,-1.347657995702593,0.23370783370634068,0
0.0007823849971312631,-0.00047820667359658016,0,-1.378478815375139,0.2725948296956932,0
-4.942418820528734e-05,0.0002914424313725341,0,-1.4093463981583099,0.3114415387090045,0
2.697452856470089e-05,-5.9234313259543206e-05,0,-1.4401660948385748,0.350245474505789,0
-0.0003442465087848283,-0.00010520481018635348,0,-1.4709227542214818,0.38901816131946854,0
-0.00014402215129445228,0.00024370036003250662,0,-1.5015945278696448,0.42777041171038876,0
-0.0004697791309163324,-4.769928928371802e-05,0,-1.5321785964296248,0.46649796177099856,0
-0.00045453900053780483,-4.288103469815035e-05,0,-1.5139186190521607,0.5123478992267806,0
-0.0011272752108170987,-4.732326328321248e-05,0,-1.5444866858612998,0.5510415653227034,0
-0.001264683297003743,0.00023055930450669343,0,-1.5749957551347258,0.5897173596129555,0
-0.002082417381497815,-0.00018025832455813404,0,-1.6055394276913757,0.6283472969829168,0
-0.0018736279785372362,-0.0007245506139160816,0,-1.5873789228274557,0.6740613245801409,0
-0.002747292144596564,-0.0009433495677918076,0,-1.6179564319250017,0.712593323887193,0
-0.0022199909520587307,-0.0021952473383910986,0,-1.5997660774763318,0.7583295788868953,0
-0.0021438073692530467,-0.002779849321232876,0,-1.5816391289494838,0.8040236174141517,0
-0.0013819926651736825,-0.0024961105161356817,0,-1.5635036541434528,0.8498033120769783,0
-0.0007848026027249427,-0.0034381399027253214,0,-1.5453504217494267,0.8956190673038172,0
-0.0021566818869906013,-0.0033956491716057016,0,-1.5758482220911896,0.9340245002836748,0
-0.0002960726006711061,-0.004019207365970975,0,-1.5574678926984256,0.979689547298707,0
0.0001934056133373478,-0.003966578768570404,0,-1.5386438064223475,1.0252314101296705,0
0.001962871904628982,-0.004039290227389023,0,-1.5208376012295794,1.0711871529369175,0
0.0027401211583804436,-0.0026718068314877967,0,-1.5030160473399445,1.1171787664099584,0
0.0011137439016831886,-0.0019347710807876878,0,-1.4849020148823835,1.1629351188894095,0
0.001843341969908303,-0.0023132746136081315,0,-1.4662898363627936,1.2097062774389704,0
-0.0012029701281211147,-0.002729422649438294,0,-1.4450961056802756,1.2547487527514254,0
0.00752097318525232,-0.006458699727348154,0,-1.4668515038325176,1.2972295096967283,0
0.008305610385103902,-0.006589588661015154,0,-1.4340531810288055,1.3321672493269334,0
0.006966964832904307,-0.007200034229040831,0,-1.4137237695628766,1.3641045612084695,0
-0.0036283595072742402,0.0036283595074878628,0,-1.4142135623730945,1.4142135623730954,0
-0.03475649669354413,0.01744684763789979,0,-1.176337163535087,0.04268899166512492,0
-0.024303506890740553,-0.010996144368698366,0,-1.54602090702866,-1.2687865679578576,0
0.00036024935539459655,0.008943822944116796,0,-1.53883046074536,-1.2315959561210506,0
0.007796072496239516,-0.006268522861408013,0,-1.559679832961669,-1.1918253310997298,0
0.016401664010587434,0.0037845487050843286,0,-1.581658803163281,-1.1494865907553748,0
0.011189343020364574,0.010791817639382308,0,-1.601682257863473,-1.0995403595284639,0
-0.005215128383804134,0.003464836014233801,0,-1.604354948365727,-1.0523859876889459,0
0.0015408060928189143,-0.0006468889336716391,0,-1.628061441032004,-1.0115633038189698,0
-0.00541468887575718,0.006481970293360273,0,-1.655941631418573,-0.9663101389930687,0
-0.008440859651984168,0.006092221572505791,0,-1.6726070337701633,-0.9194998606407789,0
-0.0012585857716464486,0.003269624641217978,0,-1.6425687100191542,-0.8811106293778752,0
-0.0023568687687237936,0.003924155272291091,0,-1.6608108080159203,-0.8354356381176822,0
-0.0037955722167973055,0.003809505720494553,0,-1.6789596856065523,-0.7897304639994501,0
-0.00405642207426409,0.0027699448230795224,0,-1.6971085224516553,-0.744031211551494,0
-0.0049039409507896535,-0.0006232738636689585,0,-1.7152798826443683,-0.6983203083882774,0
-0.003346203213775715,-0.000359552025637441,0,-1.6847794269740193,-0.659757508883931,0
-0.0028347822600729216,-0.001285907069960531,0,-1.7030452731148473,-0.6139661343585028,0
-0.0019515654996719654,-0.001361453612336337,0,-1.6724067251201482,-0.5754924991335433,0
-0.0010263546241419833,-0.0012054827699470975,0,-1.6420506417088343,-0.536773129219066,0
-0.0007157875097442376,-0.0005836339689396275,0,-1.6116046261293142,-0.49808885295392835,0
-0.00022161411477629862,-0.0006519410356816417,0,-1.6300816207427928,-0.452177598178549,0
-5.5532203522311664e-05,-0.0007054734259901342,0,-1.5994759586643528,-0.41347441649637556,0
-1.589991164149539e-05,-0.00013831550377890248,0,-1.5687806854564728,-0.37469443759129867,0
2.243901665372496e-05,-0.00035416430414623816,0,-1.5380954424125448,-0.3358702774328148,0
8.596473629019244e-05,-0.00015953322492910112,0,-1.507402150851457,-0.2970223552149831,0
9.863434254185856e-05,-0.0001518059305425005,0,-1.476666100659508,-0.2581411923806986,0
-0.00021093213953962762,0.0014595212300832464,0,-1.445862726266407,-0.21922941831972032,0
0.0021082939233776216,-0.0023910806437542572,0,-1.415042858290683,-0.18030853711686268,0
0.003751877528593891,-0.001650906737838681,0,-1.383272033175373,-0.13912838018174672,0
-0.01523935523395737,-0.006932699609272972,0,-1.352409844500705,-0.09647632513066891,0
0.010362521051363826,0.002252989045237478,0,-1.325083796556721,-0.05187126222773902,0
-0.012374062670243128,6.243263282325635e-13,0,-1.3,4.663890115017507e-16,0
-0.0071695106167989206,-0.004087272372311002,0,-1.275068861232616,0.04530777872419249,0
0.007364361443113589,-0.0013680169831060403,0,-1.294507111164958,0.09963648513448639,0
0.004484794220713168,-0.008426480763343564,0,-1.331276302514291,0.14311361576714127,0
0.00013440134509789324,-0.0005424023031770084,0,-1.365924926147193,0.1875538461863826,0
-0.0010567912762889618,0.0006729281528135579,0,-1.396755643454931,0.226462760447891,0
0.00040624331662455994,0.00013548655952593146,0,-1.427575947573089,0.2653619377813316,0
-0.00011183256121307274,-0.00010666435379602153,0,-1.458388756466627,0.3042270603573754,0
0.00019811075410586135,6.149320048025442e-05,0,-1.4891472385085869,0.34304888797271066,0
-8.684815662789458e-05,0.00020191638646925824,0,-1.5198567231207967,0.38184704415824017,0
-0.00021444665654060793,0.0002875101878637285,0,-1.5505070239229577,0.42060639106817477,0
-0.0003151918770299942,0.0005597999021226533,0,-1.5811556519968577,0.45935407468174577,0
-0.0007666628003360858,0.0005422335490663052,0,-1.5627636591291219,0.5052166796183272,0
-0.0008935868156555811,0.00028377670408576816,0,-1.5932758212545928,0.5439459904452809,0
-0.0016805220684261769,0.0004551697325641138,0,-1.6237125703491808,0.5826153788396274,0
-0.0022185380059906016,0.0010193594456690987,0,-1.6542411100321839,0.6212006986037432,0
-0.0028808801060194334,-0.0005615872413923896,0,-1.6360853882548128,0.6669036514610706,0
-0.0037347899262142412,-0.0009621663360678479,0,-1.6666170100788418,0.7054617558284976,0
-0.003618195439339459,-0.0022767091153356642,0,-1.6484669721813268,0.7511618762505806,0
-0.002388333884497126,-0.002252552909403795,0,-1.6303125295994738,0.7968609085091007,0
-0.0022670285083006476,-0.003563872531057328,0,-1.6121746101227339,0.8425750126353113,0
-0.0024360077741521174,-0.004287284239170205,0,-1.5939976476546098,0.8882857332060519,0
0.0022909880367150528,-0.003194297970253435,0,-1.6243953774495608,0.9268313180137046,0
-0.0019269438532384144,-0.007014826116573034,0,-1.6049907924632036,0.9720817765919001,0
2.422173101909288e-05,-0.007921928713229406,0,-1.5851330528217205,1.0172975153290518,0
0.0037849033273615494,-0.004948890438274035,0,-1.5669904136450437,1.0625045965474997,0
1.3849510450413782e-05,-0.0012238991572794096,0,-1.5512908151674176,1.1093851536719466,0
-0.00014045190535567624,-0.003260660326573442,0,-1.5331860065540175,1.1549512406425755,0
-0.0017166008972368228,0.003310299846984658,0,-1.5142806759269245,1.2000688964965514,0
-0.0007755949926150557,-0.008253517712833107,0,-1.4993387059434995,1.2531333301774614,0
-0.011339549418772011,-0.00014321574916817398,0,-1.5144176932427735,1.3063456856411464,0
-0.0113381711561939,0.0035306868839225613,0,-1.4819022508391175,1.3431179095514865,0
-0.0114348300891307,0.015249357919218312,0,-1.4484941659090496,1.3790810894677095,0
-0.009992490430485921,-0.01375967183468595,0,-1.576692855629302,-1.2304631806793398,0
-0.0036656919696259936,-0.014093759876544078,0,-1.606415063464118,-1.1913986083068817,0
-0.009187785596153478,-0.002588045662449729,0,-1.635169626883073,-1.1516163820122878,0
-0.007662070766798217,-0.002588406504894847,0,-1.662939225234738,-1.1111404650968697,0
0.005949906082836778,0.022186882229163325,0,-1.642990232530535,-1.0603868659140887,0
-0.003258844022287466,0.01446253220178298,0,-1.670406140061546,-1.0212206939993147,0
-0.006317607252874791,0.0007260142792503667,0,-1.699142893285693,-0.9894170658473566,0
0.008467779018410471,0.0013596919144753822,0,-1.713735491266988,-0.9455526259126591,0
0.004748544347821032,0.005328907239422353,0,-1.7307615682818231,-0.8999310898600792,0
-0.0019230042849995154,0.00570838875783665,0,-1.6913182881099482,-0.8740028702202589,0
-0.005405809998605658,0.005634186075257797,0,-1.7081406940588753,-0.8277856665208857,0
-0.005856334545298128,0.0021029218474189395,0,-1.7275986306707742,-0.7825891545040644,0
-0.0075011161690781755,0.002705533445248383,0,-1.7457336883349852,-0.7369145005194951,0
-0.008458135413587564,0.0006959356783547368,0,-1.7617494259109452,-0.6903421262742436,0
-0.005546657849916608,-0.0013939518186954593,0,-1.7335608421173563,-0.6525261225288065,0
-0.004514312007923904,-0.0031508335488296653,0,-1.7517347302678312,-0.6062648719815884,0
-0.0009307080666011094,-0.003336382363080754,0,-1.7210843748206892,-0.5683501184756239,0
-0.0011511111537645903,-0.0013892098967785071,0,-1.6908200676636043,-0.5296152599148,0
-0.0003572920880973084,-0.0014770031991367177,0,-1.6605567674059463,-0.49083110319345735,0
9.50701506637503e-05,-0.00115439423387408,0,-1.6790173877211059,-0.4449460747533203,0
2.683102368000131e-05,-0.0008397142113696523,0,-1.6483979268447448,-0.40627123884177746,0
0.00029609544083121687,-0.0005017446870753393,0,-1.6177352077748557,-0.3675237148795777,0
0.0003088154791620353,-0.0005775718925962049,0,-1.5870621067245028,-0.328715738186043,0
0.0001810091054344689,0.00021773432267043616,0,-1.556388000216721,-0.2898760288020507,0
0.0003521657666579299,-0.00018165566150483016,0,-1.525720328618073,-0.2509742312132103,0
0.000270811045860127,-0.0009432111761973362,0,-1.494999702672999,-0.21201022851363702,0
0.000948843034390538,0.00024244014622256128,0,-1.464162576520311,-0.1730463037756328,0
-0.004508561454353368,0.0020726219377363896,0,-1.432372386813668,-0.13396850374290992,0
0.005305203963560424,0.0035865989894512786,0,-1.402605880785698,-0.0933494531465166,0
-0.0007633166977829423,0.0006196725949797914,0,-1.375700978922926,-0.04855147740473199,0
0.005798457579670293,-1.2341990477810926e-14,0,-1.35,4.843270504056642e-16,0
0.010362521051847925,-0.002252989045785601,0,-1.325083796556721,0.05187126222773966,0
-0.015239355234781397,0.006932699608988176,0,-1.352409844500705,0.09647632513066955,0
0.0037518775282902473,0.0016509067369993014,0,-1.383272033175373,0.1391283801817474,0
0.002108293922846905,0.0023910806442850115,0,-1.415042858290683,0.1803085371168634,0
-0.0002109321393282326,-0.0014595212304159644,0,-1.445862726266407,0.21922941831972104,0
9.863434233675812e-05,0.00015180592980180136,0,-1.476666100659508,0.25814119238069927,0
8.596473527720692e-05,0.00015953322482395926,0,-1.507402150851457,0.29702235521498377,0
2.243901663435894e-05,0.00035416430393452595,0,-1.5380954424125448,0.33587027743281545,0
-1.5899911495231084e-05,0.00013831550356375481,0,-1.5687806854564728,0.37469443759129933,0
-5.553220318345325e-05,0.0007054734266164253,0,-1.5994759586643528,0.41347441649637634,0
-0.00022161411474776432,0.0006519410357771333,0,-1.6300816207427928,0.4521775981785498,0
-0.0007157875099797017,0.0005836339690026907,0,-1.6116046261293138,0.49808885295392913,0
-0.0010263546238650123,0.0012054827699038196,0,-1.6420506417088339,0.5367731292190666,0
-0.0019515654994211342,0.001361453612628627,0,-1.6724067251201478,0.5754924991335439,0
-0.002834782260237012,0.001285907070174013,0,-1.7030452731148469,0.6139661343585037,0
-0.0033462032137782263,0.0003595520255595504,0,-1.6847794269740188,0.6597575088839317,0
-0.004903940950975884,0.0006232738637747711,0,-1.7152798826443678,0.6983203083882783,0
-0.004056422073891228,-0.00276994482297065,0,-1.6971085224516549,0.7440312115514949,0
-0.0037955722171430202,-0.0038095057206542285,0,-1.6789596856065518,0.7897304639994508,0
-0.0023568687689275217,-0.00392415527222681,0,-1.6608108080159198,0.8354356381176828,0
-0.0012585857713006746,-0.003269624640970197,0,-1.6425687100191537,0.8811106293778759,0
-0.008440859651536346,-0.006092221571653747,0,-1.6726070337701628,0.9194998606407796,0
-0.005414688875718861,-0.006481970294034963,0,-1.6559416314185726,0.9663101389930694,0
0.0015408060932081537,0.0006468889331909156,0,-1.6280614410320036,1.0115633038189706,0
-0.005215128382894217,-0.0034648360131203106,0,-1.6043549483657265,1.0523859876889468,0
0.011189343020544156,-0.010791817639658747,0,-1.6016822578634726,1.0995403595284647,0
0.01640166401134236,-0.003784548706015046,0,-1.5816588031632806,1.1494865907553757,0
0.0077960724971244426,0.006268522861297257,0,-1.5596798329616686,1.1918253310997307,0
0.0003602493564775836,-0.008943822943568451,0,-1.5388304607453596,1.2315959561210514,0
-0.024303506889676807,0.010996144368183523,0,-1.5460209070286595,1.2687865679578585,0
-0.020070734511219417,0.0038322766260990605,0,-1.689707131144692,-1.0699952387551888,0
-0.013630446190432504,-0.0017234953624776777,0,-1.715457220712734,-1.0282054871982258,0
-0.017235920777708115,-0.00021568809679277961,0,-1.740173982968623,-0.9857963831335146,0
-0.018022932881662915,0.002167642599311884,0,-1.763842529487906,-0.9427934721717719,0
-0.013152812129576787,0.0022179089234428792,0,-1.7864486032744522,-0.8992226575541566,0
0.0016625100387616376,0.013734776152523694,0,-1.7635396326281563,-0.8579788665175595,0
-0.002572516952626903,0.0047540597755936454,0,-1.7449471571492552,-0.8181177421772889,0
-0.007447715161969557,0.007284449084725195,0,-1.7642356600390243,-0.7730950325325993,0
-0.009922222775657035,-0.002543775264118261,0,-1.7850367805236533,-0.7289465041660177,0
-0.012584808721215743,-0.0016667313343540554,0,-1.8109650460711093,-0.6824658404162987,0
-0.0014187060982955477,-0.008767299857090337,0,-1.7795069687504592,-0.6441707834095807,0
0.0007197047676093633,-0.004366200045205644,0,-1.7989015125862062,-0.5974646078210554,0
-0.0018569476806319877,-0.004163242012871123,0,-1.7706329664454001,-0.5608423222240851,0
9.690553186069284e-05,-0.002947207100714199,0,-1.7396325597795013,-0.5224478890434804,0
-0.0002144206296614092,-0.0018096664161463914,0,-1.7095098021735293,-0.48359113902482176,0
0.000713242929620611,-0.0019047718592706926,0,-1.7280059641580738,-0.43774403432057224,0
0.0005871782628459322,-0.0010097166924312312,0,-1.6973627068952497,-0.3990923872639,0
0.0005225740897520252,-0.0007059841164592504,0,-1.6666859882254128,-0.3603517851551633,0
0.00015721888241288466,-0.0002446339305774944,0,-1.6360215703124699,-0.3215565346357656,0
0.00036487415838509313,-0.0004727425758756275,0,-1.605378193961792,-0.2827348787640728,0
0.00039622909248857984,-0.0003963877702731768,0,-1.574695950369547,-0.2438902128528773,0
0.00013265815913659725,-0.0002464848961772954,0,-1.543955010511662,-0.20497932559438137,0
0.0003386055372589537,0.0017375242766665305,0,-1.512466978477769,-0.16652104826119374,0
0.0010793614617118277,-0.002365563237010497,0,-1.481355706736923,-0.1280748025585729,0
0.0002610843834612162,-0.0015780408511937851,0,-1.452767847314377,-0.08823641268801631,0
0.00025528739675306485,-0.0025421510541158788,0,-1.425353433383547,-0.0454879597536487,0
-0.001646176778409724,-8.700492398985565e-13,0,-1.4,5.022650893095776e-16,0
-0.0007633166969424143,-0.0006196725939645874,0,-1.375700978922926,0.04855147740473265,0
0.005305203963558102,-0.0035865989888886245,0,-1.402605880785698,0.09334945314651727,0
-0.004508561453881392,-0.0020726219387865374,0,-1.432372386813668,0.13396850374291064,0
0.0009488430337521298,-0.00024244014549357066,0,-1.464162576520311,0.17304630377563351,0
0.00027081104580320843,0.0009432111760558151,0,-1.494999702672999,0.21201022851363774,0
0.00035216576717360994,0.00018165566164991993,0,-1.525720328618073,0.25097423121321094,0
0.0001810091053822077,-0.0002177343224873763,0,-1.556388000216721,0.2898760288020514,0
0.00030881547959253955,0.000577571892659767,0,-1.5870621067245028,0.32871573818604377,0
0.0002960954406542791,0.0005017446868189133,0,-1.6177352077748557,0.36752371487957847,0
2.6831023338112233e-05,0.0008397142112163583,0,-1.6483979268447448,0.40627123884177824,0
9.50701511602232e-05,0.0011543942342724094,0,-1.6790173877211059,0.4449460747533211,0
-0.00035729208844549593,0.0014770031991607332,0,-1.6605567674059458,0.49083110319345813,0
-0.0011511111542835074,0.001389209896177289,0,-1.6908200676636038,0.5296152599148006,0
-0.0009307080661460596,0.0033363823630708964,0,-1.7210843748206888,0.5683501184756248,0
-0.004514312008018757,0.0031508335489642404,0,-1.7517347302678308,0.6062648719815893,0
-0.005546657849710917,0.0013939518190561413,0,-1.7335608421173558,0.6525261225288074,0
-0.008458135413178993,-0.0006959356779999428,0,-1.7617494259109447,0.6903421262742445,0
-0.0075011161692923696,-0.0027055334454256915,0,-1.7457336883349848,0.736914500519496,0
-0.005856334545516519,-0.0021029218470446152,0,-1.7275986306707738,0.7825891545040653,0
-0.00540580999919138,-0.005634186075048806,0,-1.7081406940588748,0.8277856665208866,0
-0.0019230042853791885,-0.0057083887581647706,0,-1.6913182881099478,0.8740028702202596,0
0.004748544347675965,-0.00532890723930873,0,-1.7307615682818227,0.8999310898600801,0
0.00846777901831357,-0.00135969191482736,0,-1.7137354912669875,0.94555262591266,0
-0.006317607252422003,-0.0007260142790966171,0,-1.6991428932856925,0.9894170658473574,0
-0.0032588440235268926,-0.014462532201682135,0,-1.6704061400615455,1.0212206939993156,0
0.005949906082823315,-0.0221868822288577,0,-1.6429902325305346,1.0603868659140896,0
-0.007662070765830411,0.0025884065045339547,0,-1.6629392252347375,1.1111404650968706,0
-0.009187785595895625,0.002588045662160134,0,-1.6351696268830727,1.1516163820122887,0
-0.0036656919696842253,0.014093759876224144,0,-1.6064150634641177,1.1913986083068826,0
-0.00999249042912837,0.013759671836202246,0,-1.5766928556293016,1.2304631806793407,0
-0.005660597206243186,0.0019454033659554156,0,-1.7248551399105951,-0.8591907170320674,0
-0.018429545014728987,0.0040737032426801,0,-1.8079785871308691,-0.8551101849915395,0
-0.004496917265368901,0.008667740136848139,0,-1.7848688434964373,-0.8130398910836043,0
-0.0064039216306825955,0.009473165751368124,0,-1.8031962761698501,-0.7692677476283014,0
-0.014289493400805797,0.009273512745059366,0,-1.8263860521078552,-0.7248027001288613,0
-0.02246072399616814,-0.010145802751812408,0,-1.8490105069204632,-0.6872964747462742,0
0.004166032471096375,-0.018123044076667597,0,-1.8523616892636552,-0.6487764114902573,0
0.006755703916158179,-0.015146320525941729,0,-1.8538753727230892,-0.5977645053610166,0
-0.00203541527242513,-0.0064746381988388165,0,-1.8203703530745623,-0.5533480134903662,0
0.0006724597009075997,-0.004198589965143807,0,-1.7891616994758612,-0.5150815458796797,0
0.0006653779131971793,-0.0017565528394898802,0,-1.7584105664013523,-0.4764555166442793,0
0.0005384967970320616,-0.0024086586998188064,0,-1.7769062943872238,-0.4305823660367467,0
0.000989144446458066,-0.0006842947130870958,0,-1.7462913159846019,-0.3918712067607599,0
0.000587890372203391,-0.001002738114428493,0,-1.7156666188987357,-0.35311879154194126,0
0.0007453895983397918,-0.0007587318158953523,0,-1.6849745330980739,-0.31438987038694205,0
0.0007961014045645201,-0.0004388166722368178,0,-1.654329840225027,-0.27557550585248114,0
0.0006312826581170617,0.00027749760780873816,0,-1.623643648441526,-0.2367180657916936,0
0.00021009970213983994,-0.00029825374267568506,0,-1.593006883881828,-0.1979408375207905,0
0.000593168068563137,0.00039391879817949113,0,-1.562047742327355,-0.16001691586498898,0
0.0005201125713804755,-0.0015482524934665532,0,-1.530124103446566,-0.12292161373287704,0
0.0004224193351516157,0.0022016663035921693,0,-1.500907669817843,-0.08370390425982574,0
0.00016232433034461618,0.0012759745431117691,0,-1.475000000000001,-0.04359109009904634,0
0.00017116198171418151,-3.280933293390168e-13,0,-1.45,5.202031282134911e-16,0
0.0002552873961248625,0.00254215105477033,0,-1.425353433383547,0.045487959753649394,0
0.0002610843841386742,0.0015780408513807326,0,-1.452767847314377,0.088236412688017,0
0.0010793614616652696,0.002365563237474826,0,-1.481355706736923,0.12807480255857362,0
0.0003386055376003935,-0.0017375242766742157,0,-1.512466978477769,0.16652104826119446,0
0.00013265815984804465,0.00024648489625170614,0,-1.543955010511662,0.20497932559438214,0
0.0003962290922026077,0.00039638777075873374,0,-1.574695950369547,0.24389021285287807,0
0.00036487415854876353,0.0004727425757353021,0,-1.605378193961792,0.28273487876407355,0
0.0001572188824518493,0.00024463393057445285,0,-1.6360215703124699,0.3215565346357664,0
0.0005225740896513396,0.0007059841165334777,0,-1.6666859882254128,0.3603517851551641,0
0.0005871782633457527,0.0010097166922581554,0,-1.6973627068952497,0.3990923872639008,0
0.0007132429298845836,0.0019047718592203995,0,-1.7280059641580738,0.437744034320573,0
-0.00021442062890318745,0.0018096664167143767,0,-1.7095098021735289,0.48359113902482254,0
9.6905532914264e-05,0.002947207100810431,0,-1.7396325597795008,0.5224478890434813,0
-0.0018569476810498722,0.004163242013729966,0,-1.7706329664453997,0.560842322224086,0
0.0007197047681375,0.0043662000445868245,0,-1.7989015125862058,0.5974646078210563,0
-0.0014187060981844589,0.008767299857092745,0,-1.7795069687504588,0.6441707834095816,0
-0.012584808721804664,0.0016667313349303073,0,-1.8109650460711089,0.6824658404162995,0
-0.00992222277550967,0.0025437752639442452,0,-1.7850367805236529,0.7289465041660186,0
-0.007447715161389753,-0.007284449083841082,0,-1.7642356600390239,0.7730950325326001,0
-0.0025725169530996183,-0.004754059775747242,0,-1.7449471571492547,0.8181177421772898,0
0.0016625100382200405,-0.013734776153024115,0,-1.7635396326281558,0.8579788665175604,0
-0.013152812129488508,-0.0022179089228228205,0,-1.7864486032744518,0.8992226575541575,0
-0.018022932882799044,-0.002167642599054327,0,-1.7638425294879057,0.9427934721717728,0
-0.01723592077682782,0.00021568809635417457,0,-1.7401739829686225,0.9857963831335155,0
-0.013630446189332028,0.0017234953629896783,0,-1.7154572207127337,1.0282054871982267,0
-0.020070734512224422,-0.0038322766257846397,0,-1.6897071311446916,1.0699952387551896,0
-0.0200719723092274,-0.007675705246284815,0,-1.8167133472220511,-0.6330250176403862,0
-0.0056605972056287136,-0.0019454033660745442,0,-1.7248551399105947,0.8591907170320683,0
-0.02054293694635321,0.0016437535832636344,0,-1.8284195122836873,-0.8104826260323432,0
-0.025570319125067287,0.003735238939812937,0,-1.8477590659076781,-0.7653668625933477,0
-0.037720692582480876,-0.002416772145303154,0,-1.8659855984427152,-0.7197900710654329,0
-0.03315344245311501,-0.031371856064581496,0,-1.8830881310487313,-0.6737797048764502,0
-0.02030940256713874,-0.022413120996109988,0,-1.8990563617712553,-0.6273634790264127,0
-0.0037635494467411273,-0.023023806220694183,0,-1.9138806719486832,-0.5805693529125169,0
0.012066561305141263,-0.0019600261010024427,0,-1.8772248490305643,-0.5444373455470704,0
0.0031897130775729475,-0.006535761717371923,0,-1.8397788577111462,-0.5074931588058972,0
0.0022952597852041756,-0.0016851340794673951,0,-1.8074088000968143,-0.4692637411070643,0
0.003653537667598235,-0.0010405705478540115,0,-1.8261477166214717,-0.4232389998707698,0
0.0011022954676656043,-0.0014391552074871127,0,-1.7953901169059578,-0.38455640201604546,0
0.0016048301100827593,-0.0011520534396861194,0,-1.7647329237059197,-0.34583151637307735,0
0.0008291209687504604,0.00012492365167156096,0,-1.734024750808938,-0.3071491288546043,0
0.0006018254482625705,-0.0004021152586006567,0,-1.703280842206235,-0.2683865241758062,0
0.0002289081932229422,-1.3829711825329809e-05,0,-1.672609166033991,-0.22952934363430808,0
0.0003929508124001461,-0.0019960533766041045,0,-1.641841856176973,-0.19063761612563185,0
0.0012231077764744316,0.0022105175411568333,0,-1.612456496121592,-0.1527607351834995,0
1.339078830887983e-05,-0.0015305433666066347,0,-1.580875938773581,-0.11693597332981821,0
-0.0004789456447514885,0.001967466548303741,0,-1.551929248871388,-0.08025003010758848,0
-0.00010726072925599591,-0.0026282016873659807,0,-1.525033915845612,-0.04278039884806066,0
0.0003503571167535688,9.27681428769025e-13,0,-1.5,5.381411671174046e-16,0
0.0001623243293506124,-0.0012759745430793044,0,-1.475000000000001,0.04359109009904705,0
0.0004224193349541253,-0.002201666304571317,0,-1.500907669817843,0.08370390425982646,0
0.0005201125714741947,0.0015482524941302003,0,-1.530124103446566,0.12292161373287776,0
0.0005931680686663434,-0.0003939187987748331,0,-1.562047742327355,0.16001691586498976,0
0.00021009970145755602,0.0002982537427436528,0,-1.593006883881828,0.19794083752079128,0
0.0006312826578281229,-0.00027749760820772624,0,-1.623643648441526,0.23671806579169438,0
0.0007961014050994838,0.00043881667233595234,0,-1.654329840225027,0.2755755058524819,0
0.0007453895983366067,0.0007587318163738389,0,-1.6849745330980739,0.3143898703869428,0
0.0005878903726120063,0.001002738114256545,0,-1.7156666188987357,0.35311879154194203,0
0.0009891444460118747,0.0006842947127366321,0,-1.7462913159846019,0.3918712067607607,0
0.0005384967962385232,0.0024086587000066453,0,-1.7769062943872238,0.4305823660367475,0
0.0006653779128953057,0.001756552839418491,0,-1.7584105664013518,0.4764555166442801,0
0.000672459700497751,0.004198589964978737,0,-1.7891616994758608,0.5150815458796806,0
-0.0020354152720797524,0.00647463819926614,0,-1.8203703530745619,0.5533480134903671,0
0.006755703917189526,0.015146320525820513,0,-1.8538753727230888,0.5977645053610174,0
0.0041660324714069405,0.01812304407805928,0,-1.8523616892636547,0.6487764114902582,0
-0.020071972308869767,0.007675705246883025,0,-1.8167133472220507,0.6330250176403871,0
-0.022460723995210992,0.010145802752211141,0,-1.8490105069204628,0.6872964747462751,0
-0.014289493401666218,-0.009273512745365238,0,-1.8263860521078548,0.7248027001288622,0
-0.006403921630663683,-0.009473165751032511,0,-1.8031962761698497,0.7692677476283023,0
-0.004496917264484204,-0.008667740136431417,0,-1.7848688434964368,0.8130398910836052,0
-0.018429545014354464,-0.004073703243029435,0,-1.8079785871308687,0.8551101849915403,0
-0.009838391427000198,-0.0059068500160272125,0,-1.9275521319937412,-0.533425513494042,0
0.009109524366804627,-0.0010801755344666164,0,-1.8912626241194852,-0.4973187530437544,0
0.0018366935930698906,-0.0024358662683634405,0,-1.8578343459949778,-0.46089391745695996,0
0.0011161904455262868,-0.001531167967198223,0,-1.8742998673352527,-0.41470166107193396,0
0.0019299205675397913,-0.0011466657667780456,0,-1.8442659484441617,-0.3770969024551541,0
0.002339293783383607,-0.0010171191485932457,0,-1.8137163862411327,-0.3386296248089179,0
0.0006401972366465396,-0.0003915310211770747,0,-1.78301341303504,-0.29994876839628226,0
0.001381388478137638,-0.0012513818652576739,0,-1.752319126090208,-0.2612371586543673,0
0.00130193869155551,-0.0002559337068454959,0,-1.721615415768595,-0.22236316409567147,0
0.0011071297671130245,0.0009302632188535316,0,-1.690880312602587,-0.18344090596647297,0
0.0013756288723660505,-0.00020790762559412778,0,-1.660173515758221,-0.14448163607131986,0
-0.0022931593986307603,-0.002747226418227118,0,-1.632613896752079,-0.1084200475035969,0
0.0033370843961050404,0.0008862661911878917,0,-1.604153462270685,-0.07418101540416612,0
0.0014801396404838284,-0.000504712637641087,0,-1.575047376331813,-0.04020811358870152,0
0.0006339813135016733,6.226738269900626e-13,0,-1.55,5.560792060213181e-16,0
-0.00010726072821617649,0.0026282016863241942,0,-1.525033915845612,0.042780398848061396,0
-0.00047894564458292636,-0.001967466548461778,0,-1.551929248871388,0.08025003010758923,0
1.3390787579614592e-05,0.0015305433671374965,0,-1.580875938773581,0.11693597332981896,0
0.001223107777073824,-0.0022105175412652977,0,-1.612456496121592,0.15276073518350028,0
0.00039295081229417575,0.001996053377023166,0,-1.641841856176973,0.19063761612563268,0
0.00022890819409744918,1.3829711437848186e-05,0,-1.672609166033991,0.2295293436343089,0
0.000601825447857454,0.0004021152587494107,0,-1.703280842206235,0.268386524175807,0
0.0008291209689212939,-0.0001249236518131791,0,-1.734024750808938,0.3071491288546051,0
0.0016048301099262634,0.001152053440100402,0,-1.7647329237059197,0.34583151637307813,0
0.0011022954683293485,0.0014391552075792577,0,-1.7953901169059578,0.38455640201604624,0
0.0036535376685487377,0.0010405705482843153,0,-1.8261477166214717,0.4232389998707707,0
0.0022952597856758534,0.001685134079043167,0,-1.8074088000968138,0.4692637411070651,0
0.003189713077572249,0.0065357617173864065,0,-1.8397788577111458,0.5074931588058981,0
0.012066561305603669,0.001960026100320923,0,-1.8772248490305639,0.5444373455470712,0
-0.0037635494466054477,0.023023806220793693,0,-1.9138806719486827,0.5805693529125178,0
-0.020309402567725645,0.02241312099671356,0,-1.8990563617712548,0.6273634790264135,0
-0.03315344245252509,0.03137185606573559,0,-1.8830881310487309,0.6737797048764511,0
-0.037720692581203155,0.0024167721447354166,0,-1.8659855984427147,0.7197900710654338,0
-0.025570319126222034,-0.0037352389398150826,0,-1.8477590659076777,0.7653668625933486,0
-0.020542936946,-0.001643753582797422,0,-1.8284195122836868,0.8104826260323441,0
-0.005952799160278097,-0.003718193698539548,0,-1.9400625067070922,-0.4859603585369853,0
0.006767511028618452,0.00010945134714254052,0,-1.9051230532793937,-0.451702224421572,0
0.006628797659239706,0.00197239326851248,0,-1.9191261706157208,-0.40419252233396546,0
0.002250184496310343,0.0013289277666806083,0,-1.8891167372137847,-0.37042659224067187,0
-0.0028233119577447886,-0.00088570593961271,0,-1.8625521986743319,-0.33150354534397897,0
0.004651477546007461,3.9186059913811116e-05,0,-1.831969037211615,-0.2927937358815304,0
-0.0003306851797720795,0.0012053332886766755,0,-1.801318254152427,-0.25405144580519656,0
0.0014405508355898689,-0.0006624852646912296,0,-1.770629973889344,-0.21524160504089634,0
-0.00036075121829001614,0.001636028394453482,0,-1.739949481250468,-0.17634814674090957,0
-0.0014421526194950927,-0.0033673539377912535,0,-1.709250710305982,-0.1373372338098774,0
0.003681231235700481,0.00316553189239741,0,-1.680355808766392,-0.09900746682428734,0
2.46896214077149e-05,0.004393778289068107,0,-1.655127595563618,-0.06513943335730711,0
-0.003101510866881296,-0.001388541697629457,0,-1.625483433280748,-0.035536740090305795,0
-0.0012661640168325425,-1.461871802886723e-13,0,-1.6,5.740172449252317e-16,0
0.0014801396403413445,0.0005047126373196123,0,-1.575047376331813,0.040208113588702285,0
0.0033370843956058278,-0.0008862661908064029,0,-1.604153462270685,0.07418101540416687,0
-0.0022931593978408903,0.0027472264172381604,0,-1.632613896752079,0.10842004750359768,0
0.0013756288717177148,0.0002079076262898624,0,-1.660173515758221,0.1444816360713207,0
0.0011071297675902402,-0.000930263219477916,0,-1.690880312602587,0.1834409059664738,0
0.0013019386911526155,0.00025593370713487547,0,-1.721615415768595,0.2223631640956723,0
0.001381388478124172,0.0012513818651752413,0,-1.752319126090208,0.2612371586543681,0
0.0006401972369397001,0.00039153102091104994,0,-1.78301341303504,0.29994876839628304,0
0.002339293783736182,0.0010171191485810636,0,-1.8137163862411327,0.3386296248089188,0
0.0019299205676375495,0.0011466657665586567,0,-1.8442659484441617,0.377096902455155,0
0.0011161904450538301,0.0015311679671089946,0,-1.8742998673352527,0.41470166107193485,0
0.00183669359311486,0.0024358662687017697,0,-1.8578343459949778,0.46089391745696084,0
0.009109524366956681,0.001080175534469479,0,-1.8912626241194848,0.4973187530437553,0
-0.009838391426308804,0.005906850015007527,0,-1.9275521319937408,0.5334255134940429,0
-0.006193825810928881,-0.002899436495317447,0,-1.9514042603701418,-0.43820247900857145,0
-0.012325893713652818,-0.002387804269026108,0,-1.9615705610388787,-0.3901806428638087,0
0.0070238331390936465,-0.0020534382847358836,0,-1.9289534975949967,-0.3583793973543492,0
0.0066103194246419595,-0.0010434878536757905,0,-1.9008681197929178,-0.3326135246391716,0
0.0009500834947575339,-0.00011645264580660718,0,-1.88826846745945,-0.2883204671027006,0
0.002096027017059432,-0.0015165373736584986,0,-1.850198399710129,-0.24693433357904837,0
0.0005122694559733902,-0.0009589887309417118,0,-1.819599540244635,-0.20811832087116947,0
0.001709101988854936,0.0007719405582391638,0,-1.788971872024586,-0.16927364070638126,0
0.006266252222762926,-0.001859989870082782,0,-1.759366189386403,-0.13005416236622186,0
-0.004324525526171238,0.005374980494210655,0,-1.73334631228473,-0.08446628922661889,0
0.002386844095305607,-0.013453445984022764,0,-1.696831495518713,-0.05198191531327493,0
-0.005453842452376551,0.003514794953792841,0,-1.668226589286781,-0.029988870108708703,0
0.012232764181386817,-1.1244499086073117e-12,0,-1.65,5.919552838291451e-16,0
-0.0031015108658848764,0.0013885416979375832,0,-1.625483433280748,0.035536740090306586,0
2.4689621613625374e-05,-0.004393778288070789,0,-1.655127595563618,0.06513943335730789,0
0.0036812312355203277,-0.003165531892496135,0,-1.680355808766392,0.09900746682428814,0
-0.0014421526196622873,0.0033673539379361402,0,-1.709250710305982,0.13733723380987822,0
-0.0003607512176860342,-0.0016360283951065832,0,-1.739949481250468,0.1763481467409104,0
0.0014405508350087619,0.0006624852652343641,0,-1.770629973889344,0.21524160504089723,0
-0.0003306851792286131,-0.001205333288909028,0,-1.801318254152427,0.25405144580519734,0
0.004651477545890882,-3.9186060143309136e-05,0,-1.831969037211615,0.2927937358815313,0
-0.0028233119578686297,0.00088570593963773,0,-1.8625521986743319,0.33150354534397986,0
0.002250184496432872,-0.0013289277665267496,0,-1.8891167372137847,0.37042659224067276,0
0.006628797659361752,-0.0019723932685175322,0,-1.9191261706157208,0.40419252233396635,0
0.006767511028669312,-0.0001094513470386226,0,-1.9051230532793937,0.4517022244215729,0
-0.005952799159530813,0.003718193698667308,0,-1.9400625067070918,0.4859603585369862,0
-0.013558705928447424,-0.003036251870865995,0,-1.9705552849592298,-0.3419237764754685,0
0.002978046568970745,0.0009958966905230747,0,-1.9324841119494487,-0.31093932557300935,0
0.005308571202506552,-0.002242249703155544,0,-1.93992705931324,-0.26420265219891625,0
0.0008481627362642163,0.002363725022127155,0,-1.899961703778075,-0.23713906610812105,0
0.002860396708631845,-0.0006521772397115706,0,-1.867293627296949,-0.20004092410567073,0
0.0011436424411800604,0.002194354558652975,0,-1.837947665295526,-0.16214906758298558,0
-0.003364617773727133,-0.0036450200301985673,0,-1.807416137733773,-0.12400935585313579,0
-0.00017960763117179563,0.0026370726310254097,0,-1.780893597146618,-0.09225907196800827,0
0.005494537977424945,-0.0068497549658639535,0,-1.776569846480768,-0.045974476478002305,0
0.0060176647100800805,0.007087761991306501,0,-1.73480509929066,-0.03764029347432384,0
0.0019574331157971364,9.07641061736652e-14,0,-1.7,6.098933227330585e-16,0
0.002386844094983977,0.013453445983625795,0,-1.696831495518713,0.05198191531327575,0
-0.004324525525925057,-0.005374980493959253,0,-1.73334631228473,0.08446628922661972,0
0.006266252223311546,0.0018599898700746476,0,-1.759366189386403,0.13005416236622275,0
0.0017091019883037461,-0.000771940558013707,0,-1.788971872024586,0.16927364070638215,0
0.0005122694566166822,0.0009589887306056058,0,-1.819599540244635,0.20811832087117035,0
0.0020960270170358253,0.0015165373738716187,0,-1.850198399710129,0.24693433357904926,0
0.0009500834952391608,0.0001164526458064772,0,-1.88826846745945,0.2883204671027015,0
0.006610319424657663,0.0010434878536093525,0,-1.9008681197929178,0.3326135246391725,0
0.007023833139161629,0.002053438284551061,0,-1.9289534975949967,0.3583793973543501,0
-0.012325893713756942,0.002387804269068768,0,-1.9615705610388787,0.3901806428638096,0
-0.006193825810679184,0.002899436495587201,0,-1.9514042603701418,0.43820247900857234,0
-0.0054538424532809635,-0.0035147949531224654,0,-1.668226589286781,0.0299888701087095,0
-0.00991804665661212,0.0011751681779350552,0,-1.978353020057941,-0.29346094804526474,0
-0.010201386350188576,0.001059105776172958,0,-1.984959069281583,-0.244821349716056,0
0.004329404841353379,-0.0014466309646754038,0,-1.946686137654028,-0.21696083777936154,0
0.0017529774877253338,0.0028102815370725934,0,-1.912482003698244,-0.18668005450213204,0
-0.001451142092234556,-0.000799674178355772,0,-1.885264390806146,-0.15455984204448703,0
0.006114624185779876,0.0013189917793634586,0,-1.856638257864214,-0.11832672542766717,0
-0.00011640257191480105,0.005987567267171476,0,-1.827769499847418,-0.07679107591606253,0
-0.0049248349272781634,-0.0007761431530561693,0,-1.825867869265637,-0.03321336451665718,0
0.012029832468386707,-5.464143300754173e-13,0,-1.8,6.457694005408856e-16,0
-0.016354795183447766,4.012118783854763e-13,0,-1.75,6.278313616369721e-16,0
0.00549453797734722,0.006849754965811847,0,-1.776569846480768,0.045974476478003165,0
-0.00017960763135857122,-0.0026370726307653456,0,-1.780893597146618,0.09225907196800913,0
-0.003364617773828371,0.0036450200298431875,0,-1.807416137733773,0.12400935585313665,0
0.0011436424416586663,-0.0021943545585464534,0,-1.837947665295526,0.16214906758298647,0
0.0028603967084991364,0.000652177239483017,0,-1.867293627296949,0.20004092410567167,0
0.0008481627365628781,-0.002363725022409359,0,-1.899961703778075,0.237139066108122,0
0.005308571202519614,0.0022422497031674223,0,-1.93992705931324,0.26420265219891714,0
0.0029780465693145628,-0.0009958966900725874,0,-1.9324841119494487,0.31093932557301024,0
-0.013558705927643872,0.0030362518705644398,0,-1.9705552849592298,0.3419237764754694,0
0.006017664710363598,-0.007087761992135866,0,-1.73480509929066,0.037640293474324675,0
-0.00974895395459217,-0.0022207326348128195,0,-1.990369453394393,-0.19603428015147462,0
0.01007289816929595,-0.0008012890783380306,0,-1.953263734074862,-0.16883687731132185,0
0.00041628327118319877,-0.00021798390358404904,0,-1.921862200463924,-0.14534510318732005,0
0.0023526982227175222,0.001085099154019673,0,-1.904005333333834,-0.11251150993909537,0
-0.0039053429965191363,-0.00338664525616143,0,-1.876816303509594,-0.08555817925492668,0
0.00630426301797187,-3.9508637309297466e-05,0,-1.874999999999999,-0.043301270189221544,0
-0.007717752056341874,2.2254153182112073e-13,0,-1.85,6.637074394447991e-16,0
-0.004924834927985438,0.000776143153447629,0,-1.825867869265637,0.033213364516658066,0
-0.00011640257204435728,-0.00598756726748628,0,-1.827769499847418,0.07679107591606339,0
0.006114624186019171,-0.001318991779144475,0,-1.856638257864214,0.11832672542766806,0
-0.001451142092547457,0.000799674178146109,0,-1.885264390806146,0.15455984204448797,0
0.001752977487591301,-0.0028102815369856187,0,-1.912482003698244,0.18668005450213299,0
0.004329404842364298,0.0014466309636161825,0,-1.946686137654028,0.21696083777936248,0
-0.010201386351033745,-0.0010591057763670558,0,-1.984959069281583,0.244821349716057,0
-0.009918046656733773,-0.0011751681769435374,0,-1.978353020057941,0.2934609480452656,0
-0.011499211733626152,0.001885411379072508,0,-1.994580913381552,-0.14712912687165122,0
0.004320963139674016,0.006056111888957596,0,-1.95160644545222,-0.11758838505231428,0
-0.0027669780370222267,0.006362384894138341,0,-1.918232721701175,-0.07732185336542999,0
-0.006766335864966644,-0.008133234053212911,0,-1.928261180649688,-0.03755398591533518,0
0.001216419676130149,1.9577124255015172e-13,0,-1.9,6.816454783487124e-16,0
0.0063042630183845535,3.950863707285272e-05,0,-1.874999999999999,0.043301270189222446,0
-0.003905342996253452,0.003386645255606031,0,-1.876816303509594,0.08555817925492756,0
0.002352698222486,-0.001085099154128044,0,-1.904005333333834,0.11251150993909628,0
0.00041628327054833546,0.00021798390339513966,0,-1.921862200463924,0.145345103187321,0
0.010072898169918488,0.0008012890779047179,0,-1.953263734074862,0.1688368773113228,0
-0.009748953954119392,0.0022207326347439627,0,-1.990369453394393,0.19603428015147562,0
-0.013705059264714419,-0.0007294503169303754,0,-1.9975909124211,-0.09813534843591842,0
0.009112887047829747,0.005698706066873321,0,-1.959677407606051,-0.07007625196366446,0
0.0018132570947064857,0.0027354900096704885,0,-1.964221249789569,-0.03508607853653895,0
0.004215528461774135,-3.5536990740300645e-13,0,-1.95,6.99583517252626e-16,0
-0.006766335864562291,0.008133234052747077,0,-1.928261180649688,0.03755398591533611,0
-0.0027669780374749847,-0.0063623848937397354,0,-1.918232721701175,0.0773218533654309,0
0.004320963139516146,-0.006056111889196392,0,-1.95160644545222,0.1175883850523152,0
-0.011499211734086329,-0.0018854113800515944,0,-1.994580913381552,0.14712912687165222,0
-0.02948530226587012,0.008132247236769044,0,-1.99939763739569,-0.04908245691215015,0
-0.011870672270031739,-5.35435321716678e-14,0,-2.0,7.175215561565395e-16,0
0.001813257093064436,-0.002735490008775109,0,-1.964221249789569,0.035086078536539896,0
0.009112887047088215,-0.005698706066384339,0,-1.959677407606051,0.0700762519636654,0
-0.013705059263895848,0.000729450315909901,0,-1.9975909124211,0.09813534843591937,0
-0.02948530226553994,-0.00813224723644633,0,-1.99939763739569,0.04908245691215112,0
