"f",":0",":1",":2"
0.029829369683973966,1.99939763739569,-0.049082456912151365,0
0.030010837545993967,1.9975909124211,-0.09813534843591962,0
0.031899268505616314,1.959677407606051,-0.07007625196366564,0
0.030960165141277727,1.964221249789569,-0.03508607853654013,0
0.02981426036866159,2.0,0.0,0
0.029868699446293216,1.994580913381552,-0.14712912687165244,0
0.031089645500414567,1.95160644545222,-0.11758838505231545,0
0.03327902303104149,1.918232721701175,-0.07732185336543115,0
0.032385304914125675,1.928261180649688,-0.037553985915336346,0
0.03216631868794296,1.95,0.0,0
0.030960165141162344,1.964221249789569,0.03508607853653919,0
0.02982936968416872,1.99939763739569,0.04908245691215041,0
0.030052101589104565,1.990369453394393,-0.19603428015147584,0
0.0314763061113975,1.953263734074862,-0.16883687731132305,0
0.03252084153967505,1.921862200463924,-0.1453451031873212,0
0.033553811267093565,1.904005333333834,-0.11251150993909652,0
0.034933015094195066,1.876816303509594,-0.0855581792549278,0
0.03449258516845216,1.874999999999999,-0.043301270189222675,0
0.033446452822438966,1.9,0.0,0
0.03238530491381688,1.928261180649688,0.03755398591533542,0
0.03189926850596607,1.959677407606051,0.0700762519636647,0
0.030010837545623174,1.9975909124211,0.09813534843591865,0
0.029941142455458647,1.984959069281583,-0.24482134971605723,0
0.031455121541340184,1.946686137654028,-0.21696083777936273,0
0.03332291896334659,1.912482003698244,-0.18668005450213318,0
0.03392044797838165,1.885264390806146,-0.1545598420444882,0
0.03573075363871158,1.856638257864214,-0.11832672542766831,0
0.03636866135604729,1.827769499847418,-0.07679107591606363,0
0.03695249318733727,1.825867869265637,-0.03321336451665829,0
0.03668880806610013,1.85,0.0,0
0.034492585168528836,1.874999999999999,0.04330127018922177,0
0.033279023031298614,1.918232721701175,0.07732185336543021,0
0.031089645500406146,1.95160644545222,0.1175883850523145,0
0.029868699446352225,1.994580913381552,0.1471291268716515,0
0.030521879906415465,1.978353020057941,-0.2934609480452659,0
0.03151937905096048,1.93992705931324,-0.2642026521989174,0
0.032251755267181444,1.899961703778075,-0.2371390661081222,0
0.03490461885779788,1.867293627296949,-0.2000409241056719,0
0.035662191675294434,1.837947665295526,-0.1621490675829867,0
0.03786645978253679,1.807416137733773,-0.12400935585313688,0
0.03974579378379923,1.780893597146618,-0.09225907196800935,0
0.039574480065292086,1.776569846480768,-0.04597447647800337,0
0.03788563039604291,1.8,0.0,0
0.0369524931869855,1.825867869265637,0.03321336451665741,0
0.03636866135632397,1.827769499847418,0.07679107591606274,0
0.034933015093938896,1.876816303509594,0.08555817925492688,0
0.03355381126717583,1.904005333333834,0.1125115099390956,0
0.03252084153971666,1.921862200463924,0.1453451031873203,0
0.03147630611120561,1.953263734074862,0.1688368773113221,0
0.030052101589082943,1.990369453394393,0.1960342801514749,0
0.029883926340418,1.97055528495923,-0.3419237764754697,0
0.03107262173759591,1.932484111949449,-0.31093932557301057,0
0.03321168374552974,1.88826846745945,-0.2883204671027018,0
0.03527619355511922,1.850198399710129,-0.24693433357904948,0
0.03666992807891638,1.819599540244635,-0.20811832087117052,0
0.038601771641936705,1.788971872024586,-0.16927364070638234,0
0.039937487576992114,1.759366189386403,-0.13005416236622294,0
0.04158684312755486,1.73334631228473,-0.08446628922661993,0
0.04193312076572211,1.73480509929066,-0.03764029347432488,0
0.04193438625087576,1.75,0.0,0
0.039574480065125164,1.776569846480768,0.04597447647800253,0
0.039745793784070324,1.780893597146618,0.09225907196800849,0
0.037866459782371555,1.807416137733773,0.124009355853136,0
0.035730753638374406,1.856638257864214,0.1183267254276674,0
0.03392044797859092,1.885264390806146,0.1545598420444873,0
0.03332291896316159,1.912482003698244,0.1866800545021323,0
0.031455121541589026,1.946686137654028,0.2169608377793618,0
0.029941142455419,1.984959069281583,0.2448213497160563,0
0.030942336836219175,1.928953497594997,-0.3583793973543504,0
0.030194444840455796,1.961570561038879,-0.3901806428638099,0
0.03258448106951561,1.900868119792918,-0.3326135246391728,0
0.03423536818333489,1.862552198674332,-0.3315035453439801,0
0.03520988285733861,1.831969037211615,-0.2927937358815315,0
0.037570096517286336,1.801318254152427,-0.25405144580519756,0
0.03870671256960419,1.770629973889344,-0.21524160504089743,0
0.04147210834546154,1.739949481250468,-0.17634814674091062,0
0.04274489890095402,1.709250710305982,-0.1373372338098784,0
0.04552362739641587,1.680355808766392,-0.09900746682428835,0
0.044738123639298716,1.696831495518713,-0.05198191531327596,0
0.042628317874655666,1.7,0.0,0
0.04193312076603231,1.73480509929066,0.03764029347432405,0
0.04158684312721315,1.73334631228473,0.0844662892266191,0
0.03993748757712922,1.759366189386403,0.1300541623662221,0
0.03860177164159614,1.788971872024586,0.1692736407063815,0
0.0356621916754811,1.837947665295526,0.1621490675829858,0
0.034904618857574066,1.867293627296949,0.200040924105671,0
0.032251755267014175,1.899961703778075,0.2371390661081213,0
0.0315193790509804,1.93992705931324,0.2642026521989164,0
0.03052187990660455,1.978353020057941,0.2934609480452649,0
0.03150114611589944,1.919126170615721,-0.4041925223339667,0
0.029664011815764973,1.951404260370142,-0.4382024790085726,0
0.03310648515294155,1.889116737213785,-0.3704265922406731,0
0.03406241195587622,1.844265948444162,-0.3770969024551552,0
0.03607011171601461,1.813716386241133,-0.338629624808919,0
0.03770069565595588,1.78301341303504,-0.29994876839628326,0
0.03994978888859184,1.752319126090208,-0.26123715865436836,0
0.04149539069566825,1.721615415768595,-0.22236316409567253,0
0.044178005599397725,1.690880312602587,-0.18344090596647397,0
0.046538417815334375,1.660173515758221,-0.1444816360713209,0
0.04834550960874301,1.632613896752079,-0.1084200475035979,0
0.047071914937140746,1.655127595563618,-0.0651394333573081,0
0.04593644791388482,1.668226589286781,-0.029988870108709705,0
0.04846667006622949,1.65,0.0,0
0.04593644791376869,1.668226589286781,0.0299888701087089,0
0.04473812363991412,1.696831495518713,0.05198191531327514,0
0.04552362739603991,1.680355808766392,0.09900746682428754,0
0.042744898901276314,1.709250710305982,0.1373372338098776,0
0.041472108345246714,1.739949481250468,0.1763481467409098,0
0.038706712569897356,1.770629973889344,0.2152416050408966,0
0.03666992807911034,1.819599540244635,0.2081183208711697,0
0.0352761935550426,1.850198399710129,0.2469343335790486,0
0.033211683745614395,1.88826846745945,0.2883204671027008,0
0.031072621737381092,1.932484111949449,0.3109393255730096,0
0.02988392634017927,1.97055528495923,0.3419237764754687,0
0.03170844207595177,1.905123053279394,-0.4517022244215732,0
0.03288573080944927,1.874299867335253,-0.41470166107193507,0
0.035139526025594905,1.826147716621472,-0.4232389998707709,0
0.036400314934803536,1.795390116905958,-0.38455640201604646,0
0.03847759356440462,1.76473292370592,-0.3458315163730784,0
0.04015758812842914,1.734024750808938,-0.3071491288546054,0
0.0426200071200188,1.703280842206235,-0.2683865241758073,0
0.04492410731278871,1.672609166033991,-0.22952934363430907,0
0.046971898080211384,1.641841856176973,-0.19063761612563287,0
0.04958296281754536,1.612456496121592,-0.15276073518350047,0
0.05319520423758873,1.580875938773581,-0.11693597332981917,0
0.050494150873019755,1.604153462270685,-0.07418101540416708,0
0.04960424418767204,1.625483433280748,-0.03553674009030678,0
0.051830591052734194,1.6,0.0,0
0.049604244187294956,1.625483433280748,0.035536740090306,0
0.04707191493706908,1.655127595563618,0.06513943335730729,0
0.0483455096089853,1.632613896752079,0.1084200475035971,0
0.04653841781531888,1.660173515758221,0.1444816360713201,0
0.04417800559943878,1.690880312602587,0.1834409059664732,0
0.04149539069559652,1.721615415768595,0.2223631640956717,0
0.03994978888871982,1.752319126090208,0.2612371586543675,0
0.037570096517035134,1.801318254152427,0.2540514458051967,0
0.03520988285753382,1.831969037211615,0.2927937358815306,0
0.034235368183400415,1.862552198674332,0.3315035453439792,0
0.032584481069396425,1.900868119792918,0.3326135246391718,0
0.030942336836539422,1.928953497594997,0.3583793973543494,0
0.030194444840567172,1.961570561038879,0.3901806428638089,0
0.02996516565051527,1.9400625067070916,-0.4859603585369865,0
0.03262606666181248,1.857834345994978,-0.46089391745696107,0
0.03162425951963688,1.8912626241194845,-0.4973187530437556,0
0.030158336436366968,1.9275521319937405,-0.5334255134940431,0
0.037111700938645055,1.776906294387224,-0.43058236603674777,0
0.0347987015136931,1.8074088000968136,-0.4692637411070653,0
0.03859163417031289,1.746291315984602,-0.391871206760761,0
0.04093680425249553,1.715666618898736,-0.3531187915419423,0
0.04320647678262796,1.684974533098074,-0.3143898703869431,0
0.045251483219234424,1.654329840225027,-0.2755755058524822,0
0.048479274818620556,1.623643648441526,-0.23671806579169458,0
0.05096961412078738,1.593006883881828,-0.19794083752079142,0
0.05431481493617379,1.562047742327355,-0.16001691586498992,0
0.05686933979962781,1.530124103446566,-0.12292161373287795,0
0.05569107314816194,1.551929248871388,-0.08025003010758942,0
0.05328932897550308,1.575047376331813,-0.04020811358870247,0
0.055359056039830434,1.55,0.0,0
0.05328932897585861,1.575047376331813,0.04020811358870172,0
0.050494150872894744,1.604153462270685,0.0741810154041663,0
0.053195204237678394,1.580875938773581,0.1169359733298184,0
0.049582962817462724,1.612456496121592,0.1527607351834997,0
0.046971898080426046,1.641841856176973,0.1906376161256321,0
0.044924107312937965,1.672609166033991,0.2295293436343083,0
0.04262000711991542,1.703280842206235,0.2683865241758064,0
0.04015758812830118,1.734024750808938,0.3071491288546045,0
0.037700695656114225,1.78301341303504,0.2999487683962824,0
0.03607011171598748,1.813716386241133,0.3386296248089181,0
0.03406241195589558,1.844265948444162,0.3770969024551543,0
0.033106485153069166,1.889116737213785,0.3704265922406721,0
0.03150114611612102,1.919126170615721,0.4041925223339657,0
0.029664011815626497,1.951404260370142,0.4382024790085716,0
0.03351288284787942,1.8397788577111456,-0.5074931588058983,0
0.031223494455813638,1.8772248490305636,-0.5444373455470715,0
0.029789384677573468,1.9138806719486825,-0.580569352912518,0
0.03906133315272578,1.728005964158074,-0.4377440343205733,0
0.04160228050057059,1.69736270689525,-0.39909238726390106,0
0.043466680565589604,1.666685988225413,-0.36035178515516436,0
0.046467205136257995,1.63602157031247,-0.32155653463576656,0
0.04899163476597034,1.605378193961792,-0.28273487876407377,0
0.05182068355600642,1.574695950369547,-0.24389021285287824,0
0.05509028179395159,1.543955010511662,-0.2049793255943823,0
0.05873914981133363,1.512466978477769,-0.16652104826119463,0
0.06314280914121917,1.481355706736923,-0.1280748025585738,0
0.060399816721841026,1.500907669817843,-0.08370390425982664,0
0.05907927630528181,1.525033915845612,-0.042780398848061583,0
0.06074520695568517,1.5,0.0,0
0.059079276305379166,1.525033915845612,0.04278039884806085,0
0.05569107314773649,1.551929248871388,0.08025003010758867,0
0.05686933979950093,1.530124103446566,0.1229216137328772,0
0.05431481493623603,1.562047742327355,0.1600169158649892,0
0.05096961412051354,1.593006883881828,0.1979408375207907,0
0.048479274818607865,1.623643648441526,0.2367180657916938,0
0.04525148321889854,1.654329840225027,0.2755755058524813,0
0.04320647678276222,1.684974533098074,0.3143898703869422,0
0.040936804252493,1.715666618898736,0.3531187915419414,0
0.03847759356448163,1.76473292370592,0.3458315163730775,0
0.03640031493461173,1.795390116905958,0.3845564020160456,0
0.03513952602581514,1.826147716621472,0.42323899987077,0
0.032885730809487985,1.874299867335253,0.4147016610719342,0
0.03170844207560551,1.905123053279394,0.4517022244215722,0
0.029965165650657134,1.940062506707092,0.4859603585369855,0
0.0373263452064159,1.7584105664013516,-0.4764555166442804,0
0.035361682143537236,1.7891616994758606,-0.5150815458796808,0
0.03374283648627938,1.8203703530745616,-0.5533480134903673,0
0.03190991917332832,1.8538753727230886,-0.5977645053610177,0
0.02978906716378503,1.8990563617712546,-0.6273634790264138,0
0.0416844508037789,1.679017387721106,-0.4449460747533214,0
0.039632798549037,1.7095098021735287,-0.4835911390248228,0
0.037245642825494134,1.7396325597795006,-0.5224478890434815,0
0.03580017038476092,1.7706329664453995,-0.5608423222240863,0
0.04419174777438058,1.648397926844745,-0.4062712388417784,0
0.04689530288935504,1.617735207774856,-0.3675237148795787,0
0.04961643762535229,1.587062106724503,-0.328715738186044,0
0.05286308093429277,1.556388000216721,-0.2898760288020516,0
0.05656283903044387,1.525720328618073,-0.25097423121321116,0
0.05984332157840951,1.494999702672999,-0.21201022851363793,0
0.06399241024091128,1.464162576520311,-0.17304630377563365,0
0.06793799739498038,1.432372386813668,-0.13396850374291078,0
0.06633198952899128,1.452767847314377,-0.0882364126880172,0
0.06359854623726795,1.475000000000001,-0.04359109009904723,0
0.06750530648798948,1.45,0.0,0
0.06359854623709424,1.475000000000001,0.04359109009904652,0
0.060399816722472195,1.500907669817843,0.08370390425982592,0
0.06314280914133592,1.481355706736923,0.1280748025585731,0
0.05873914981108146,1.512466978477769,0.1665210482611939,0
0.05509028179429546,1.543955010511662,0.2049793255943816,0
0.051820683555862675,1.574695950369547,0.2438902128528775,0
0.048991634766011004,1.605378193961792,0.282734878764073,0
0.04646720513610882,1.63602157031247,0.3215565346357658,0
0.04346668056573958,1.666685988225413,0.3603517851551635,0
0.041602280500664376,1.69736270689525,0.3990923872639002,0
0.03859163417011837,1.746291315984602,0.3918712067607601,0
0.037111700938537016,1.776906294387224,0.4305823660367469,0
0.0347987015137087,1.807408800096814,0.4692637411070644,0
0.032626066661798556,1.857834345994978,0.4608939174569602,0
0.031624259519421626,1.891262624119485,0.4973187530437546,0
0.03015833643646778,1.927552131993741,0.5334255134940422,0
0.03397577635065917,1.7989015125862056,-0.5974646078210565,0
0.03281213975746933,1.8167133472220505,-0.6330250176403873,0
0.032190307190583786,1.8523616892636545,-0.6487764114902584,0
0.02892914092248716,1.8830881310487306,-0.6737797048764513,0
0.042153726135050196,1.6605567674059456,-0.4908311031934584,0
0.03986612281286848,1.6908200676636036,-0.529615259914801,0
0.037649478508849456,1.7210843748206885,-0.568350118475625,0
0.03582501510888071,1.7517347302678306,-0.6062648719815895,0
0.04459353264013814,1.630081620742793,-0.45217759817854997,0
0.0474365615470288,1.599475958664353,-0.41347441649637656,0
0.05028841086459597,1.568780685456473,-0.37469443759129956,0
0.05385327554179019,1.538095442412545,-0.33587027743281567,0
0.0570685615663533,1.507402150851457,-0.297022355214984,0
0.06094524835555075,1.476666100659508,-0.2581411923806995,0
0.06560629925301774,1.445862726266407,-0.21922941831972118,0
0.07014151039984179,1.415042858290683,-0.18030853711686357,0
0.07467659857759561,1.383272033175373,-0.13912838018174756,0
0.0736785301408291,1.402605880785698,-0.09334945314651746,0
0.07015359661193038,1.425353433383547,-0.04548795975364956,0
0.07324604869380277,1.4,0.0,0
0.0701535966117561,1.425353433383547,0.04548795975364888,0
0.06633198952931882,1.452767847314377,0.08823641268801648,0
0.06793799739492447,1.432372386813668,0.1339685037429101,0
0.06399241024091462,1.464162576520311,0.173046303775633,0
0.05984332157827583,1.494999702672999,0.2120102285136372,0
0.05656283903067272,1.525720328618073,0.2509742312132104,0
0.05286308093460848,1.556388000216721,0.2898760288020508,0
0.04961643762544103,1.587062106724503,0.3287157381860432,0
0.04689530288940215,1.617735207774856,0.3675237148795779,0
0.044191747774415674,1.648397926844745,0.4062712388417776,0
0.04168445080375859,1.679017387721106,0.4449460747533205,0
0.03906133315275661,1.728005964158074,0.4377440343205724,0
0.03732634520653935,1.758410566401352,0.4764555166442795,0
0.03536168214372821,1.789161699475861,0.5150815458796799,0
0.03351288284787889,1.839778857711146,0.5074931588058974,0
0.03122349445587459,1.877224849030564,0.5444373455470706,0
0.029789384677618016,1.913880671948683,0.5805693529125171,0
0.03366511330032982,1.7795069687504586,-0.6441707834095818,0
0.03586209128640465,1.7335608421173556,-0.6525261225288076,0
0.03767645451801365,1.7030452731148467,-0.6139661343585039,0
0.04013569340194569,1.6724067251201475,-0.5754924991335443,0
0.04217788714846743,1.6420506417088336,-0.536773129219067,0
0.0449998624994566,1.6116046261293135,-0.49808885295392935,0
0.0477320368815221,1.581155651996858,-0.459354074681746,0
0.05089288795157042,1.550507023922958,-0.420606391068175,0
0.05433326267188771,1.519856723120797,-0.3818470441582404,0
0.05787553344300965,1.489147238508587,-0.3430488879727109,0
0.06260559177868033,1.458388756466627,-0.3042270603573757,0
0.06649150513705446,1.427575947573089,-0.2653619377813319,0
0.07180805919998305,1.396755643454931,-0.22646276044789115,0
0.07723693568362316,1.365924926147193,-0.18755384618638277,0
0.08423319259643952,1.331276302514291,-0.1431136157671414,0
0.08151912778308376,1.352409844500705,-0.09647632513066973,0
0.07724458358850451,1.375700978922926,-0.04855147740473281,0
0.08189727650716097,1.35,0.0,0
0.0772445835887992,1.375700978922926,0.04855147740473216,0
0.07367853014046566,1.402605880785698,0.09334945314651677,0
0.07467659857729879,1.383272033175373,0.1391283801817469,0
0.07014151040046154,1.415042858290683,0.1803085371168629,0
0.06560629925256167,1.445862726266407,0.2192294183197205,0
0.06094524835574122,1.476666100659508,0.2581411923806987,0
0.0570685615660214,1.507402150851457,0.2970223552149832,0
0.05385327554159124,1.538095442412545,0.3358702774328149,0
0.05028841086463232,1.568780685456473,0.3746944375912988,0
0.047436561547119255,1.599475958664353,0.4134744164963758,0
0.044593532639875005,1.630081620742793,0.4521775981785492,0
0.042153726134966665,1.660556767405946,0.4908311031934575,0
0.03963279854912986,1.709509802173529,0.4835911390248219,0
0.03724564282536049,1.739632559779501,0.5224478890434806,0
0.03580017038471445,1.7706329664454,0.5608423222240854,0
0.03374283648617413,1.820370353074562,0.5533480134903664,0
0.031909919173453136,1.853875372723089,0.5977645053610168,0
0.02978906716365822,1.899056361771255,0.6273634790264129,0
0.031547216813877677,1.8109650460711086,-0.6824658404162998,0
0.030585339480055863,1.8490105069204625,-0.6872964747462753,0
0.030650605967274057,1.8659855984427145,-0.719790071065434,0
0.03408977874508539,1.7617494259109445,-0.6903421262742447,0
0.03550122770221323,1.7152798826443676,-0.6983203083882785,0
0.037597005068748864,1.6847794269740186,-0.659757508883932,0
0.04008746162704727,1.6542411100321837,-0.6212006986037435,0
0.04236229337369428,1.6237125703491806,-0.5826153788396278,0
0.04530815287675683,1.5932758212545926,-0.5439459904452812,0
0.04803077914484752,1.5627636591291216,-0.5052166796183275,0
0.0513517211694538,1.5321785964296246,-0.4664979617709988,0
0.05483215874784424,1.501594527869645,-0.427770411710389,0
0.058875684253926565,1.470922754221482,-0.38901816131946876,0
0.06296978771036361,1.440166094838575,-0.3502454745057893,0
0.06766373210199578,1.40934639815831,-0.31144153870900465,0
0.07311702675612279,1.378478815375139,-0.2725948296956934,0
0.07874004777683485,1.347657995702593,-0.23370783370634082,0
0.08503867150279418,1.315452553377113,-0.1919306221687885,0
0.09306373584526088,1.282167594887338,-0.1542379783840819,0
0.08978464247209907,1.294507111164958,-0.09963648513448657,0
0.08602434434616436,1.325083796556721,-0.05187126222773982,0
0.09267101753822087,1.3,0.0,0
0.08602434434600846,1.325083796556721,0.05187126222773918,0
0.08151912778318915,1.352409844500705,0.09647632513066906,0
0.08423319259641607,1.331276302514291,0.1431136157671408,0
0.07723693568344632,1.365924926147193,0.1875538461863821,0
0.07180805920006018,1.396755643454931,0.2264627604478905,0
0.06649150513664416,1.427575947573089,0.2653619377813311,0
0.06260559177900318,1.458388756466627,0.3042270603573749,0
0.05787553344287374,1.489147238508587,0.3430488879727101,0
0.054333262671750954,1.519856723120797,0.3818470441582396,0
0.05089288795149717,1.550507023922958,0.4206063910681742,0
0.047732036881480075,1.581155651996858,0.4593540746817452,0
0.0449998624994474,1.611604626129314,0.4980888529539286,0
0.04217788714826368,1.642050641708834,0.5367731292190661,0
0.039866122812899654,1.690820067663604,0.5296152599148001,0
0.03764947850920248,1.721084374820689,0.5683501184756241,0
0.03582501510858441,1.751734730267831,0.6062648719815886,0
0.0339757763506287,1.798901512586206,0.5974646078210556,0
0.03281213975750943,1.816713347222051,0.6330250176403864,0
0.03219030719073814,1.852361689263655,0.6487764114902576,0
0.028929140922375703,1.883088131048731,0.6737797048764504,0
0.032668649843206596,1.7850367805236527,-0.7289465041660188,0
0.030991910117633456,1.8263860521078545,-0.7248027001288624,0
0.029674439966054473,1.8477590659076775,-0.7653668625933489,0
0.03402023246724457,1.7457336883349845,-0.7369145005194963,0
0.03551118646472302,1.6971085224516547,-0.7440312115514952,0
0.03802580918139292,1.6666170100788416,-0.7054617558284979,0
0.04003704817270799,1.6360853882548125,-0.6669036514610709,0
0.04253422584433118,1.6055394276913755,-0.6283472969829171,0
0.04532544797659335,1.5749957551347256,-0.5897173596129558,0
0.048145391225723956,1.5444866858612996,-0.5510415653227038,0
0.051660519399843584,1.5139186190521605,-0.5123478992267807,0
0.05523649696101368,1.4833375594071256,-0.47364393902601115,0
0.05917535011317524,1.452710466980469,-0.43493469488276776,0
0.06381184108775631,1.422005495069359,-0.3962420935254303,0
0.06880285500415488,1.391185926607087,-0.3574951051507453,0
0.07432585205051492,1.360195870698122,-0.31869054320634765,0
0.0802409505766023,1.329394721754459,-0.2798303326768243,0
0.08700210229470703,1.2985876924889,-0.2409704972819503,0
0.09527355386911684,1.266820787449091,-0.1996744593144415,0
0.1009169547391018,1.237022592969058,-0.16339032309227766,0
0.1023748020376095,1.252124005671904,-0.1274315858901813,0
0.10312579008081318,1.245307382624987,-0.09005898609444019,0
0.09553061482810175,1.275068861232616,-0.04530777872419264,0
0.10437626110856234,1.25,0.0,0
0.09553061482835669,1.275068861232616,0.04530777872419203,0
0.08978464247216347,1.294507111164958,0.09963648513448593,0
0.09306373584566136,1.282167594887338,0.1542379783840813,0
0.08503867150224154,1.315452553377113,0.1919306221687879,0
0.07874004777746377,1.347657995702593,0.2337078337063402,0
0.0731170267560872,1.378478815375139,0.2725948296956927,0
0.06766373210235177,1.40934639815831,0.311441538709004,0
0.0629697877103969,1.440166094838575,0.3502454745057885,0
0.05887568425406049,1.470922754221482,0.389018161319468,0
0.054832158747918636,1.501594527869645,0.4277704117103882,0
0.05135172116967972,1.532178596429625,0.466497961770998,0
0.048030779144899595,1.562763659129122,0.5052166796183266,0
0.045308152877211946,1.593275821254593,0.5439459904452804,0
0.04236229337383375,1.623712570349181,0.5826153788396269,0
0.04013569340186023,1.672406725120148,0.5754924991335434,0
0.037676454517998566,1.703045273114847,0.613966134358503,0
0.03586209128641977,1.733560842117356,0.6525261225288067,0
0.03366511330057498,1.779506968750459,0.6441707834095809,0
0.03154721681376335,1.810965046071109,0.6824658404162989,0
0.030585339480205195,1.849010506920463,0.6872964747462744,0
0.030650605967421918,1.865985598442715,0.7197900710654331,0
0.031313457463984076,1.8031962761698495,-0.7692677476283025,0
0.029889474278908253,1.8284195122836866,-0.8104826260323443,0
0.03222849650844392,1.7642356600390237,-0.7730950325326004,0
0.03388957102002898,1.7275986306707736,-0.7825891545040655,0
0.03557591528476315,1.6789596856065516,-0.7897304639994511,0
0.037692015213268204,1.6484669721813265,-0.751161876250581,0
0.039741592222057254,1.6179564319250015,-0.7125933238871933,0
0.042556647372674214,1.5873789228274555,-0.6740613245801412,0
0.04520558256551974,1.5568159013798886,-0.6354759842480169,0
0.048367806283329824,1.5262651688857536,-0.5968441469997998,0
0.05182361939363536,1.4957010917114446,-0.5581773160330774,0
0.05538823439370614,1.4651228610774725,-0.5194966514366279,0
0.059769457968737234,1.4345188498682666,-0.48081418966765577,0
0.06435524789736055,1.403871147572577,-0.442150493076743,0
0.06925183946764428,1.372927970335845,-0.40345861949465645,0
0.0753693554478593,1.3420197378988,-0.36474329295742725,0
0.08124457032057296,1.311171485813903,-0.3259376089370233,0
0.0890675278056183,1.280334932435385,-0.28705102771591157,0
0.09682764073347692,1.249549437856368,-0.2482259534438104,0
0.1037759013675883,1.218831323605658,-0.20947580326456394,0
0.11564732905408634,1.18818522569068,-0.17171886473413966,0
0.11240336377082999,1.210010914357945,-0.12933259887127146,0
0.11525475432415903,1.197018626328959,-0.0880922192347092,0
0.10625832562730848,1.224253813538292,-0.04504518356511859,0
0.11473200000771529,1.2,0.0,0
0.10625832562733944,1.224253813538292,0.04504518356511801,0
0.10312579008054772,1.245307382624987,0.09005898609443957,0
0.10237480203787103,1.252124005671904,0.1274315858901807,0
0.10091695473919798,1.237022592969058,0.1633903230922771,0
0.09527355386922161,1.266820787449091,0.1996744593144409,0
0.08700210229476076,1.2985876924889,0.2409704972819497,0
0.0802409505764481,1.329394721754459,0.2798303326768236,0
0.07432585205036504,1.360195870698122,0.318690543206347,0
0.06880285500413477,1.391185926607087,0.3574951051507446,0
0.06381184108803167,1.422005495069359,0.3962420935254296,0
0.059175350112926996,1.452710466980469,0.434934694882767,0
0.055236496961040035,1.483337559407126,0.4736439390260104,0
0.05166051939967665,1.513918619052161,0.51234789922678,0
0.04814539122546897,1.5444866858613,0.5510415653227029,0
0.04532544797666454,1.574995755134726,0.5897173596129549,0
0.04253422584453644,1.605539427691376,0.6283472969829162,0
0.040087461626901695,1.654241110032184,0.6212006986037426,0
0.037597005068710145,1.684779426974019,0.6597575088839311,0
0.03550122770237582,1.715279882644368,0.6983203083882776,0
0.034089778744913306,1.761749425910945,0.6903421262742439,0
0.03266864984331438,1.785036780523653,0.7289465041660179,0
0.030991910117323444,1.826386052107855,0.7248027001288615,0
0.029674439966096134,1.847759065907678,0.765366862593348,0
0.031156283460345137,1.7848688434964366,-0.8130398910836054,0
0.030423984528052075,1.8079785871308685,-0.8551101849915406,0
0.03224570890349407,1.7449471571492545,-0.81811774217729,0
0.0340270591212815,1.7081406940588746,-0.8277856665208868,0
0.03543604822539205,1.6608108080159196,-0.8354356381176832,0
0.037326729425143326,1.6303125295994736,-0.7968609085091011,0
0.03996466203320308,1.5997660774763316,-0.7583295788868957,0
0.042431805451280696,1.5692109021911707,-0.7197947969313147,0
0.045177576637975364,1.5386390392957157,-0.6812500419346343,0
0.0483475828813235,1.5080911209063426,-0.6426195207666954,0
0.05171012380423068,1.4775185379453735,-0.6039782597480696,0
0.05557573157688999,1.4469192155108095,-0.5653297100242308,0
0.05993812530788101,1.4163189620861556,-0.5266645463085138,0
0.0643541240969087,1.3857110115418305,-0.4879862440859434,0
0.07012773855586386,1.354955575942247,-0.4493858238898897,0
0.07585148380956003,1.323529938924999,-0.4107349083677039,0
0.0825666341892602,1.29298200387834,-0.37200982343458705,0
0.09004284886969485,1.26246205337039,-0.33336682103573345,0
0.09769125748826232,1.231677909434284,-0.2945843449848364,0
0.10759470583902188,1.20081514108489,-0.25569214394846734,0
0.11906902907832775,1.169802319917377,-0.21669359675775685,0
0.13051976361709208,1.139060617110101,-0.17799644833867764,0
0.12075544334485076,1.161007384923481,-0.12557428605446094,0
0.12737854059725243,1.159499000354933,-0.07832031644348103,0
0.12399771061492396,1.176337163535087,-0.042688991665125055,0
0.13092323589611568,1.15,0.0,0
0.12399771061503392,1.176337163535087,0.0426889916651245,0
0.11525475432423704,1.197018626328959,0.08809221923470861,0
0.11240336376996463,1.210010914357945,0.1293325988712709,0
0.11564732905444867,1.18818522569068,0.1717188647341391,0
0.10377590136787247,1.218831323605658,0.2094758032645634,0
0.09682764073273217,1.249549437856368,0.2482259534438098,0
0.08906752780582669,1.280334932435385,0.2870510277159109,0
0.08124457032020857,1.311171485813903,0.3259376089370226,0
0.07536935544790016,1.3420197378988,0.3647432929574266,0
0.06925183946730105,1.372927970335845,0.4034586194946558,0
0.06435524789753437,1.403871147572577,0.4421504930767423,0
0.05976945796864174,1.434518849868267,0.480814189667655,0
0.05538823439390146,1.465122861077473,0.5194966514366273,0
0.05182361939331242,1.495701091711445,0.5581773160330767,0
0.048367806283434914,1.526265168885754,0.5968441469997992,0
0.045205582565066245,1.556815901379889,0.635475984248016,0
0.042556647372417954,1.587378922827456,0.6740613245801403,0
0.04003704817275053,1.636085388254813,0.66690365146107,0
0.03802580918139799,1.666617010078842,0.705461755828497,0
0.03551118646451643,1.697108522451655,0.7440312115514943,0
0.03402023246688975,1.745733688334985,0.7369145005194954,0
0.032228496508780145,1.764235660039024,0.7730950325325995,0
0.031313457463992014,1.80319627616985,0.7692677476283016,0
0.02988947427881037,1.828419512283687,0.8104826260323434,0
0.031431010448091365,1.7635396326281556,-0.8579788665175606,0
0.02935917231082593,1.7864486032744515,-0.8992226575541578,0
0.03255898838338943,1.7248551399105945,-0.8591907170320685,0
0.033620722928172954,1.6913182881099476,-0.8740028702202599,0
0.0318794592500963,1.7307615682818225,-0.8999310898600803,0
0.03000807828775122,1.7638425294879057,-0.942793472171773,0
0.03513988906522676,1.6425687100191535,-0.8811106293778762,0
0.037578643298874455,1.6121746101227337,-0.8425750126353116,0
0.03964934121251024,1.5816391289494836,-0.8040236174141521,0
0.042132889292330965,1.5510105000115366,-0.765542950329032,0
0.044977690712670486,1.5204563177716977,-0.7270171515897219,0
0.04817610538464954,1.4898868487216936,-0.6883693530345417,0
0.051620459575042306,1.4593570135546816,-0.6497186334191423,0
0.05559554146743052,1.4287414852392355,-0.6111480800637333,0
0.059790540514910735,1.3981753524001066,-0.5724530245671209,0
0.06489149903769144,1.3675109742324736,-0.5338238125609351,0
0.0701652700937856,1.3369108528425806,-0.4951911373704608,0
0.0761803369311539,1.306253376497412,-0.4566925259191867,0
0.08331610402912752,1.275054457792381,-0.41801516123934335,0
0.09078562089560613,1.244579455981317,-0.37941260423677264,0
0.09943719606556596,1.214071734541909,-0.34085187677137185,0
0.11011079011239908,1.183185460292307,-0.30191877465518885,0
0.11879644939699753,1.151639946060103,-0.26269009724273085,0
0.13267944392485748,1.119217208372746,-0.2219181023196478,0
0.14499316300234702,1.090105394089912,-0.1851149194159325,0
0.14104883230525894,1.110125723683732,-0.1389206169274558,0
0.1385644693105047,1.125473753467015,-0.09303786996718265,0
0.13836863696531518,1.125704394314883,-0.04452201022262506,0
0.1463620304585613,1.1,0.0,0
0.13836863696517906,1.125704394314883,0.04452201022262452,0
0.12737854059673215,1.159499000354933,0.07832031644348048,0
0.12075544334536123,1.161007384923481,0.1255742860544604,0
0.13051976361648213,1.139060617110101,0.1779964483386771,0
0.11906902907862263,1.169802319917377,0.2166935967577563,0
0.10759470583943909,1.20081514108489,0.2556921439484667,0
0.09769125748851597,1.231677909434284,0.2945843449848357,0
0.0900428488700315,1.26246205337039,0.3333668210357328,0
0.08256663418978683,1.29298200387834,0.3720098234345864,0
0.0758514838094745,1.323529938924999,0.4107349083677032,0
0.07012773855576038,1.354955575942247,0.449385823889889,0
0.06435412409658138,1.385711011541831,0.4879862440859427,0
0.05993812530824898,1.416318962086156,0.5266645463085131,0
0.05557573157665976,1.44691921551081,0.5653297100242302,0
0.05171012380452872,1.477518537945374,0.603978259748069,0
0.04834758288168441,1.508091120906343,0.6426195207666947,0
0.045177576637754055,1.538639039295716,0.6812500419346335,0
0.04243180545157264,1.569210902191171,0.7197947969313138,0
0.039741592222278944,1.617956431925002,0.7125933238871924,0
0.03769201521321905,1.648466972181327,0.7511618762505801,0
0.035575915284782586,1.678959685606552,0.7897304639994502,0
0.03388957102012529,1.727598630670774,0.7825891545040646,0
0.03224570890312443,1.744947157149255,0.8181177421772892,0
0.03115628346040564,1.784868843496437,0.8130398910836045,0
0.03042398452807554,1.807978587130869,0.8551101849915397,0
0.03353850145816028,1.6726070337701626,-0.9194998606407799,0
0.03186989737477906,1.7137354912669875,-0.9455526259126602,0
0.029545347734600002,1.7401739829686225,-0.9857963831335157,0
0.03689326297078278,1.5939976476546096,-0.8882857332060522,0
0.0350317844032212,1.6243953774495605,-0.9268313180137049,0
0.03934947891265867,1.5635036541434526,-0.8498033120769787,0
0.041878868802314576,1.5328851976495506,-0.8113683523643557,0
0.044818220838856705,1.5022731639555225,-0.7728279241216158,0
0.047913418405153285,1.4716750845600455,-0.7341582533156208,0
0.05141615086900943,1.4411258387087715,-0.6954271158278544,0
0.055337968094951694,1.4105440308590096,-0.6567185461126077,0
0.05980895925879011,1.3800047173256655,-0.6180801027467784,0
0.06461231922295564,1.3493514221344456,-0.5794975307215886,0
0.07014381668281985,1.3187041651600195,-0.5409604740435416,0
0.07648283361573892,1.2880914710239866,-0.5023621380309774,0
0.08351505009098177,1.2573541431005446,-0.4638327627957058,0
0.09112633771730322,1.22664057319337,-0.42527942044841716,0
0.10065898894967716,1.196216777394312,-0.38663674633292666,0
0.10962410320291505,1.165918470710803,-0.34784616906804783,0
0.12181350353362613,1.134335909489621,-0.30843696583189917,0
0.13629644160247684,1.102146110577886,-0.2689126544016169,0
0.15379146466700222,1.062548862481097,-0.2201008977611723,0
0.16772995100059868,1.034882314224999,-0.1787543290553127,0
0.1565355115997622,1.069478001292287,-0.1484540183781494,0
0.15855284341241405,1.080429989578334,-0.10665909930212132,0
0.15025479113898535,1.092899391922077,-0.07124812390196239,0
0.1601687333135299,1.076057135607035,-0.03794113986174125,0
0.17701034456768266,1.05,0.0,0
0.16016873331243073,1.076057135607035,0.03794113986174073,0
0.1502547911391435,1.092899391922077,0.07124812390196186,0
0.1385644693109817,1.125473753467015,0.0930378699671821,0
0.14104883230554432,1.110125723683732,0.1389206169274553,0
0.14499316300216897,1.090105394089912,0.185114919415932,0
0.1326794439247926,1.119217208372746,0.2219181023196473,0
0.11879644939697301,1.151639946060103,0.2626900972427303,0
0.1101107901122382,1.183185460292307,0.3019187746551883,0
0.09943719606536329,1.214071734541909,0.3408518767713712,0
0.09078562089537938,1.244579455981317,0.379412604236772,0
0.08331610402934508,1.275054457792381,0.4180151612393427,0
0.07618033693117471,1.306253376497412,0.456692525919186,0
0.0701652700938651,1.336910852842581,0.4951911373704601,0
0.06489149903764381,1.367510974232474,0.5338238125609345,0
0.05979054051478118,1.398175352400107,0.5724530245671202,0
0.05559554146765785,1.428741485239236,0.6111480800637327,0
0.0516204595751465,1.459357013554682,0.6497186334191416,0
0.048176105384509886,1.489886848721694,0.688369353034541,0
0.0449776907126717,1.520456317771698,0.7270171515897212,0
0.04213288929242762,1.551010500011537,0.7655429503290311,0
0.03996466203297245,1.599766077476332,0.7583295788868948,0
0.03732672942534851,1.630312529599474,0.7968609085091002,0
0.035436048225398316,1.66081080801592,0.8354356381176823,0
0.034027059121612226,1.708140694058875,0.8277856665208859,0
0.03255898838350234,1.724855139910595,0.8591907170320676,0
0.03143101044805406,1.763539632628156,0.8579788665175597,0
0.029359172310748378,1.786448603274452,0.8992226575541569,0
0.0323433821061847,1.6559416314185726,-0.9663101389930697,0
0.031056994368051715,1.6991428932856925,-0.9894170658473578,0
0.030248371771417672,1.7154572207127337,-1.028205487198227,0
0.03695246968394878,1.5758482220911896,-0.9340245002836751,0
0.03469431791661002,1.6049907924632036,-0.9720817765919004,0
0.03906177882402842,1.5453504217494265,-0.8956190673038176,0
0.04157941152021835,1.5147111735839165,-0.8571680851395627,0
0.044387759518333625,1.4840822675570926,-0.818648633761714,0
0.047504285548479144,1.4534890869163746,-0.7800071014681171,0
0.051060804349285546,1.4228288626328176,-0.7411879728250123,0
0.05509763160408724,1.3921893495941926,-0.7023420324961619,0
0.05938652382573492,1.3615979945818195,-0.6635659615862544,0
0.06446542555716195,1.3309994190427195,-0.6250597025248635,0
0.0701230215775724,1.3004422055586016,-0.5866113877317999,0
0.07639219953965214,1.2698873600378846,-0.5480006094351322,0
0.08340384648555928,1.2393250274103265,-0.5094748583675281,0
0.09198175516709622,1.2087065395314416,-0.47089853238074897,0
0.10072743313716785,1.17814637607091,-0.432318710221019,0
0.111359375376683,1.147775132252832,-0.39359265178888597,0
0.12385919118674026,1.117213305089129,-0.35495753549541964,0
0.1370387256597403,1.085639809860739,-0.31370862659348236,0
0.15637422224827902,1.051901303151065,-0.26902545227753855,0
0.17265194560725824,1.018488388592635,-0.22658593868666285,0
0.19944412990859217,0.9807852803022051,-0.19509032252401745,0
0.20004304617135085,0.989176509908181,-0.14673047483692844,0
0.1731920404214789,1.035561018515463,-0.1250131795732461,0
0.16958186870517253,1.045564283086771,-0.07526093772213023,0
0.17945174303270778,1.036541042540306,-0.03720598610672313,0
0.19430028259298346,1.0,0.0,0
0.1794517430326816,1.036541042540306,0.03720598610672263,0
0.1695818687052068,1.045564283086771,0.07526093772212973,0
0.1585528434132638,1.080429989578334,0.1066590993021208,0
0.15653551160016602,1.069478001292287,0.1484540183781489,0
0.16772995100033194,1.034882314224999,0.1787543290553122,0
0.1537914646666067,1.062548862481097,0.2201008977611718,0
0.13629644160203017,1.102146110577886,0.2689126544016163,0
0.12181350353344984,1.134335909489621,0.3084369658318986,0
0.10962410320271826,1.165918470710803,0.3478461690680473,0
0.10065898894964627,1.196216777394312,0.386636746332926,0
0.09112633771716601,1.22664057319337,0.4252794204484165,0
0.08351505009069751,1.257354143100545,0.4638327627957051,0
0.07648283361586117,1.288091471023987,0.5023621380309767,0
0.0701438166830581,1.31870416516002,0.540960474043541,0
0.06461231922268457,1.349351422134446,0.5794975307215879,0
0.05980895925843148,1.380004717325666,0.6180801027467777,0
0.055337968095096286,1.41054403085901,0.656718546112607,0
0.0514161508687289,1.441125838708772,0.6954271158278538,0
0.04791341840494509,1.471675084560046,0.7341582533156201,0
0.044818220839168324,1.502273163955523,0.7728279241216152,0
0.041878868802116366,1.532885197649551,0.811368352364355,0
0.03964934121231921,1.581639128949484,0.8040236174141512,0
0.03757864329880025,1.612174610122734,0.8425750126353108,0
0.03513988906515318,1.642568710019154,0.8811106293778753,0
0.0336207229283486,1.691318288109948,0.874002870220259,0
0.031879459250219,1.730761568281823,0.8999310898600794,0
0.030008078287627606,1.763842529487906,0.9427934721717721,0
0.03174106339969973,1.6704061400615455,-1.0212206939993158,0
0.03264037456879636,1.6280614410320036,-1.0115633038189709,0
0.03454985460911796,1.5851330528217205,-1.017297515329052,0
0.03617024982498826,1.5574678926984256,-0.9796895472987074,0
0.038316104795517766,1.5271011452976295,-0.9413242710186296,0
0.04115778926453559,1.4965668492416895,-0.903042482575122,0
0.043883571861318915,1.4658786511622857,-0.8645266627553889,0
0.04713177909811434,1.4352804068839136,-0.8258666057212557,0
0.050603209732785474,1.4045887967937636,-0.7870549657684804,0
0.05458016340682944,1.3738845269642006,-0.7481303406665698,0
0.059000955720487344,1.3431817133480795,-0.7092503176796291,0
0.06410476007291177,1.3125686756354205,-0.6705983158359083,0
0.06962711707113124,1.2819741079706175,-0.6320833254418012,0
0.07591212197730274,1.2514551744481706,-0.5935099122618291,0
0.08355142515211327,1.2209649577838946,-0.5549153801891835,0
0.0912538786509338,1.1906237762489835,-0.516456567555359,0
0.10093307128839948,1.1601088432316395,-0.47796116122522647,0
0.11165734571962914,1.129577386148076,-0.43935936165323153,0
0.12370289189715816,1.099042127797138,-0.40074244350015287,0
0.13774656995140605,1.068640649642659,-0.36222177997824534,0
0.1550375124538931,1.036812870402047,-0.31916327536641215,0
0.1750841967167862,1.004197890929559,-0.27894065046113525,0
0.19750930424652355,0.9700312530284169,-0.24298018056648005,0
0.02991573199917312,1.6897071311446916,-1.0699952387551899,0
0.1977856917501692,0.9951847266485508,-0.09801714056964315,0
0.19658142542521892,0.998795456200073,-0.049067674431218185,0
0.19658142542490278,0.998795456200073,0.04906767443121771,0
0.1977856917494835,0.9951847266485508,0.09801714056964266,0
0.17319204042268643,1.035561018515463,0.1250131795732456,0
0.20004304617104907,0.989176509908181,0.146730474836928,0
0.19944412990852337,0.9807852803022051,0.195090322524017,0
0.17265194560750904,1.018488388592635,0.2265859386866624,0
0.15637422224860362,1.051901303151065,0.269025452277538,0
0.1370387256601265,1.085639809860739,0.3137086265934818,0
0.12385919118670455,1.117213305089129,0.3549575354954191,0
0.11135937537660505,1.147775132252832,0.3935926517888854,0
0.10072743313753595,1.17814637607091,0.4323187102210184,0
0.09198175516731198,1.208706539531442,0.4708985323807483,0
0.08340384648520627,1.239325027410327,0.5094748583675275,0
0.07639219953938221,1.269887360037885,0.5480006094351315,0
0.07012302157765289,1.300442205558602,0.5866113877317992,0
0.06446542555732197,1.33099941904272,0.6250597025248629,0
0.05938652382592159,1.36159799458182,0.6635659615862537,0
0.055097631603888496,1.392189349594193,0.7023420324961612,0
0.05106080434951341,1.422828862632818,0.7411879728250116,0
0.047504285548629115,1.453489086916375,0.7800071014681165,0
0.04438775951831556,1.484082267557093,0.8186486337617134,0
0.04157941152010546,1.514711173583917,0.857168085139562,0
0.03934947891297291,1.563503654143453,0.8498033120769778,0
0.03689326297058215,1.59399764765461,0.8882857332060513,0
0.03503178440337238,1.624395377449561,0.926831318013704,0
0.03353850145801165,1.672607033770163,0.919499860640779,0
0.03186989737478142,1.713735491266988,0.9455526259126593,0
0.029545347734668662,1.740173982968623,0.9857963831335148,0
0.03163718296319031,1.6429902325305346,-1.0603868659140898,0
0.029928994220153538,1.6629392252347375,-1.1111404650968708,0
0.033280591044519865,1.6043549483657265,-1.052385987688947,0
0.034290428291681656,1.5669904136450437,-1.0625045965475,0
0.03569494951340017,1.5386438064223475,-1.025231410129671,0
0.038303921289399405,1.5089024547528156,-0.9868807959089338,0
0.04069790395611066,1.4783664840118256,-0.9486054715424812,0
0.0434434795300734,1.4476947879023516,-0.9104239655038603,0
0.04648415078638674,1.4170391448831956,-0.8717536437363371,0
0.05001069620668734,1.3863816745637365,-0.8330089197864614,0
0.05398367883832328,1.3556682228015366,-0.7941288541434659,0
0.05829991970585398,1.3249485041973295,-0.7552346740026511,0
0.06350914167519685,1.2942565448041976,-0.7163847937734598,0
0.0688698731688223,1.2635915672346596,-0.677656401580427,0
0.07584767971603436,1.2329549199999386,-0.6390321440222394,0
0.08263357128984011,1.2025871732685856,-0.6003896438029145,0
0.0910873032180624,1.1722197755310895,-0.5618783883164296,0
0.10081468904136275,1.1419135844831616,-0.5236219767656431,0
0.11128704859083044,1.1114046269006415,-0.48508230693625237,0
0.12426451876099859,1.080841708765238,-0.4465283043579731,0
0.138440588891256,1.050449362035585,-0.40801797593576017,0
0.15452312362328496,1.019673849172359,-0.36804582227001265,0
0.17566627563230272,0.9886217685443468,-0.3284235297700597,0
0.19670982630649217,0.956940335495227,-0.29028467803568697,0
0.19750930424678365,0.9700312530284171,0.2429801805664796,0
0.17508419671666212,1.004197890929559,0.2789406504611347,0
0.1550375124539277,1.036812870402047,0.3191632753664116,0
0.13774656995161455,1.068640649642659,0.3622217799782448,0
0.12370289189716403,1.099042127797138,0.4007424435001523,0
0.11165734571930093,1.129577386148076,0.439359361653231,0
0.10093307128825983,1.16010884323164,0.4779611612252259,0
0.09125387865139876,1.190623776248984,0.5164565675553583,0
0.08355142515248735,1.220964957783895,0.5549153801891828,0
0.07591212197738535,1.251455174448171,0.5935099122618285,0
0.06962711707090985,1.281974107970618,0.6320833254418006,0
0.06410476007311694,1.312568675635421,0.6705983158359077,0
0.0590009557205075,1.34318171334808,0.7092503176796284,0
0.05458016340665546,1.373884526964201,0.7481303406665691,0
0.05060320973258823,1.404588796793764,0.7870549657684798,0
0.047131779098073416,1.435280406883914,0.825866605721255,0
0.04388357186137242,1.465878651162286,0.8645266627553883,0
0.04115778926456436,1.49656684924169,0.9030424825751213,0
0.039061778824155124,1.545350421749427,0.8956190673038167,0
0.03695246968392037,1.57584822209119,0.9340245002836742,0
0.034694317916566485,1.604990792463204,0.9720817765918995,0
0.03234338210620194,1.655941631418573,0.9663101389930688,0
0.031056994368245446,1.699142893285693,0.9894170658473569,0
0.030248371771362352,1.715457220712734,1.028205487198226,0
0.03187216266125119,1.6016822578634726,-1.099540359528465,0
0.02999381927489363,1.6351696268830727,-1.1516163820122889,0
0.03361644056543448,1.5512908151674176,-1.1093851536719468,0
0.03554626395157471,1.5208376012295794,-1.071187152936918,0
0.037821752571447396,1.4905333235896976,-1.0326154472307318,0
0.04000683446166372,1.4600508181673826,-0.9939633458298474,0
0.04273906629016715,1.4295442800431715,-0.9557742848212273,0
0.04589756301892623,1.3988197810161076,-0.9176465317578052,0
0.04939943977171477,1.3681199568820985,-0.878947400283133,0
0.053116657134399795,1.3374190702461695,-0.8401337787239325,0
0.0577193979634228,1.3066951378897946,-0.8012500756252092,0
0.06256147289986805,1.2759793620884516,-0.7623789861215869,0
0.0682525144615563,1.2453013003900395,-0.723538411666666,0
0.07472933371320395,1.2146563958796566,-0.6847226411054841,0
0.08163635453837928,1.1839693460500356,-0.6459818153175612,0
0.09067847592385242,1.1536334045363275,-0.607231544635011,0
0.09956271932598068,1.1235534294985556,-0.5688032766987927,0
0.11076514313721558,1.0931193892350886,-0.5305982052874262,0
0.12345285911927957,1.0626625393001545,-0.49221857479215053,0
0.13783720907929298,1.031908809802538,-0.45375032667121235,0
0.15548616382385202,1.001866854700305,-0.4149868402147688,0
0.17428989445704496,0.9716515897092131,-0.37546153235482976,0
0.19822089672978369,0.9415440648596893,-0.33688985429587076,0
0.19670982630642234,0.9569403354952272,0.2902846780356865,0
0.1756662756318551,0.988621768544347,0.3284235297700591,0
0.15452312362282966,1.019673849172359,0.3680458222700121,0
0.1384405888914528,1.050449362035585,0.4080179759357596,0
0.12426451876106445,1.080841708765238,0.4465283043579725,0
0.11128704859070059,1.111404626900642,0.4850823069362518,0
0.10081468904100009,1.141913584483162,0.5236219767656425,0
0.0910873032174744,1.17221977553109,0.5618783883164289,0
0.08263357128982773,1.202587173268586,0.6003896438029138,0
0.07584767971618703,1.232954919999939,0.6390321440222387,0
0.06886987316837952,1.26359156723466,0.6776564015804263,0
0.06350914167528955,1.294256544804198,0.7163847937734591,0
0.0582999197058594,1.32494850419733,0.7552346740026504,0
0.05398367883894726,1.355668222801537,0.7941288541434652,0
0.05001069620654499,1.386381674563737,0.8330089197864607,0
0.04648415078653147,1.417039144883196,0.8717536437363365,0
0.04344347953001393,1.447694787902352,0.9104239655038596,0
0.04069790395604838,1.478366484011826,0.9486054715424805,0
0.03831610479540771,1.52710114529763,0.9413242710186289,0
0.03617024982492334,1.557467892698426,0.9796895472987065,0
0.03454985460905848,1.585133052821721,1.017297515329051,0
0.032640374568506714,1.628061441032004,1.01156330381897,0
0.03174106339971353,1.670406140061546,1.021220693999315,0
0.029915731999401462,1.689707131144692,1.069995238755189,0
0.03154244152745881,1.5816588031632806,-1.149486590755376,0
0.032784738372927245,1.5331860065540175,-1.154951240642576,0
0.03476169680385302,1.5030160473399445,-1.1171787664099588,0
0.03697913935131875,1.4723673738266576,-1.0784979815361528,0
0.03938635489644821,1.4417874534395556,-1.0397778863928309,0
0.042404356057036866,1.4111741489903105,-1.0009250430854608,0
0.045185560114261517,1.3805933683904286,-0.9629108655293452,0
0.04848231074681905,1.3498765079168826,-0.9247762276904183,0
0.05240768197918677,1.3191457062150866,-0.886148881806738,0
0.05671459646615553,1.2884168824373485,-0.8472911698935415,0
0.06150257803285383,1.2576940597915365,-0.8084123219822719,0
0.06719738202300997,1.2269854415297266,-0.7695423575567126,0
0.07353668517073417,1.1963007167111266,-0.7306922949542709,0
0.08089662603709429,1.1656636937524196,-0.6918503760138932,0
0.08947718284807177,1.1352268274397046,-0.6530157385484701,0
0.09839845824846676,1.1050348978716236,-0.6144161180048073,0
0.10982422454255024,1.0747444034304325,-0.5760366303895526,0
0.12248094244837886,1.0443954244305536,-0.5379745258904919,0
0.1378043311622723,1.0131041598173947,-0.4997707221212975,0
0.15502495131010557,0.9813884521041307,-0.46154206204375114,0
0.17553865281703318,0.952777303630683,-0.42160120269297785,0
0.19726273555863116,0.9238795320956876,-0.38268343336843463,0
0.030209411839781906,1.6064150634641177,-1.1913986083068828,0
0.19822089672960544,0.9415440648596896,0.3368898542958703,0
0.17428989445723775,0.9716515897092133,0.3754615323548292,0
0.15548616382314623,1.001866854700305,0.4149868402147682,0
0.13783720907992253,1.031908809802538,0.4537503266712118,0
0.12345285911910167,1.062662539300155,0.49221857479215,0
0.11076514313715956,1.093119389235089,0.5305982052874255,0
0.099562719326359,1.123553429498556,0.568803276698792,0
0.09067847592389319,1.153633404536328,0.6072315446350103,0
0.08163635453832316,1.183969346050036,0.6459818153175605,0
0.0747293337133483,1.214656395879657,0.6847226411054834,0
0.06825251446160885,1.24530130039004,0.7235384116666653,0
0.0625614728994941,1.275979362088452,0.7623789861215863,0
0.05771939796327272,1.306695137889795,0.8012500756252086,0
0.05311665713439166,1.33741907024617,0.8401337787239318,0
0.049399439771753435,1.368119956882099,0.8789474002831323,0
0.045897563019072385,1.398819781016108,0.9176465317578045,0
0.042739066290081104,1.429544280043172,0.9557742848212266,0
0.040006834462074536,1.460050818167383,0.9939633458298467,0
0.038303921289507874,1.508902454752816,0.9868807959089332,0
0.03569494951341574,1.538643806422348,1.02523141012967,0
0.034290428291668076,1.566990413645044,1.062504596547499,0
0.03328059104458807,1.604354948365727,1.052385987688946,0
0.03163718296310311,1.642990232530535,1.060386865914089,0
0.029928994219991855,1.662939225234738,1.11114046509687,0
0.031403706925105516,1.5596798329616686,-1.1918253310997309,0
0.0327104392622961,1.5142806759269245,-1.2000688964965518,0
0.03434378811738425,1.4849020148823835,-1.16293511888941,0
0.03648651782088292,1.4543092476129615,-1.124362029709829,0
0.03899302888691363,1.4235540481775786,-1.0857337865222758,0
0.041419841408284405,1.3928581946686636,-1.046918742513807,0
0.04419237802298127,1.3621722235925005,-1.008027093324392,0
0.04796419700556099,1.3315456465566486,-0.9700535395640821,0
0.05124228277873461,1.3009381800132747,-0.9320499721060276,0
0.05575764365600327,1.2702721379983346,-0.8932423498421289,0
0.0603694349822539,1.2394093715624717,-0.8544583756322541,0
0.06615738788850478,1.2086577201513367,-0.8155845120746195,0
0.07214376589758267,1.1779431754780276,-0.7766946736178237,0
0.07946013753527617,1.1472542932368905,-0.7378053097650462,0
0.08768118765525955,1.1165241435797546,-0.6989262942126997,0
0.09678183938266768,1.0862786488067346,-0.6601103463079516,0
0.10900593466006095,1.0556809766282136,-0.621580747929533,0
0.12016793768422993,1.0250348469647776,-0.5832219715065896,0
0.13653013974437964,0.9927589581188687,-0.5454051006855598,0
0.1538354103963955,0.9587496398174935,-0.5078971467827027,0
0.17478001268619556,0.930545978546752,-0.46783291156277945,0
0.1975236275144127,0.9039892927095288,-0.42755509430543087,0
0.029294657363111126,1.5766928556293016,-1.230463180679341,0
0.1972627355596593,0.9238795320956878,0.3826834333684342,0
0.1755386528168068,0.9527773036306832,0.4216012026929774,0
0.15502495131006466,0.981388452104131,0.4615420620437506,0
0.1378043311623225,1.013104159817395,0.4997707221212969,0
0.1224809424479992,1.044395424430554,0.5379745258904914,0
0.10982422454249552,1.074744403430433,0.5760366303895521,0
0.09839845824858655,1.105034897871624,0.6144161180048067,0
0.08947718284773142,1.135226827439705,0.6530157385484694,0
0.08089662603737897,1.16566369375242,0.6918503760138925,0
0.07353668517080363,1.196300716711127,0.7306922949542702,0
0.06719738202333539,1.226985441529727,0.769542357556712,0
0.061502578032667635,1.257694059791537,0.8084123219822712,0
0.056714596466159,1.288416882437349,0.8472911698935408,0
0.05240768197895476,1.319145706215087,0.8861488818067373,0
0.04848231074687125,1.349876507916883,0.9247762276904177,0
0.0451855601139143,1.380593368390429,0.9629108655293446,0
0.042404356056960725,1.411174148990311,1.00092504308546,0
0.0393863548961344,1.441787453439556,1.03977788639283,0
0.03782175257143709,1.490533323589698,1.032615447230731,0
0.03554626395155103,1.52083760122958,1.071187152936917,0
0.033616440565560936,1.551290815167418,1.109385153671946,0
0.03187216266140339,1.601682257863473,1.099540359528464,0
0.029993819274822225,1.635169626883073,1.151616382012288,0
0.031598989086947846,1.5388304607453596,-1.2315959561210519,0
0.031506235962167936,1.4993387059434995,-1.2531333301774619,0
0.03390977650074538,1.4662898363627936,-1.2097062774389709,0
0.03561692328702065,1.4362801888545995,-1.170131557713056,0
0.03820248258841544,1.4056813628646796,-1.13150889331326,0
0.0404538282392417,1.3745837236801295,-1.092961038993989,0
0.043856759575980446,1.3438173532298416,-1.0540797085920959,0
0.04677181478330079,1.3130555846502745,-1.0152196336265098,0
0.05038372618913887,1.2824961388980125,-0.9772008524625796,0
0.05462406331799471,1.2520776212845806,-0.9386685172308541,0
0.0590742514422359,1.2212340356289766,-0.9002239384997027,0
0.06473426850002088,1.1903396385189156,-0.8616452898421839,0
0.07038825171049913,1.1596041835050916,-0.822759787534362,0
0.07810406358188568,1.1288722858986375,-0.7838470865153422,0
0.08563526027242654,1.0981703627765915,-0.7449331261542017,0
0.09560876447235955,1.0674630612470475,-0.7060440298136837,0
0.10653863002235414,1.0370883386700325,-0.6672421139883854,0
0.11840516592919557,1.0059047240256815,-0.628457307379912,0
0.13356421316286257,0.9734586599499813,-0.5901000355418007,0
0.15545381771211317,0.936128057485337,-0.5517769301698238,0
0.17425923791968853,0.9068094239343709,-0.5137011943355826,0
0.1980161065222775,0.881921263962018,-0.47139673754878353,0
0.030002316213210988,1.5460209070286595,-1.268786567957859,0
0.19752362751427133,0.903989292709529,0.4275550943054304,0
0.17478001268554932,0.9305459785467523,0.467832911562779,0
0.15383541039731996,0.9587496398174937,0.5078971467827023,0
0.13653013974360015,0.9927589581188689,0.5454051006855594,0
0.12016793768489387,1.025034846964778,0.5832219715065892,0
0.1090059346603751,1.055680976628214,0.6215807479295326,0
0.09678183938223998,1.086278648806735,0.660110346307951,0
0.0876811876550273,1.116524143579755,0.698926294212699,0
0.07946013753520373,1.147254293236891,0.7378053097650455,0
0.07214376589748513,1.177943175478028,0.7766946736178231,0
0.06615738788867846,1.208657720151337,0.8155845120746188,0
0.06036943498277169,1.239409371562472,0.8544583756322535,0
0.055757643655942296,1.270272137998335,0.8932423498421282,0
0.0512422827785579,1.300938180013275,0.9320499721060269,0
0.04796419700546596,1.331545646556649,0.9700535395640815,0
0.04419237802334285,1.362172223592501,1.008027093324391,0
0.04141984140827379,1.392858194668664,1.046918742513806,0
0.03899302888682291,1.423554048177579,1.085733786522275,0
0.0369791393515437,1.472367373826658,1.078497981536152,0
0.03476169680397557,1.503016047339945,1.117178766409958,0
0.03278473837291004,1.533186006554018,1.154951240642575,0
0.03154244152743755,1.581658803163281,1.149486590755375,0
0.0302094118398518,1.606415063464118,1.191398608306882,0
0.03312662957785205,1.4450961056802756,-1.2547487527514258,0
0.0352711041292318,1.4167905016275866,-1.2152428206017958,0
0.0374180208162915,1.3873059271990265,-1.1759398820576639,0
0.03992885279057851,1.3566939108633256,-1.1381324890747588,0
0.04271209234421975,1.3255134555286276,-1.1002002349559228,0
0.045594690287742067,1.2947006750712786,-1.0612567439468203,0
0.04938784445138119,1.2639901261585635,-1.0224264714663105,0
0.05355981561232734,1.2333387617123885,-0.9837053122634674,0
0.057646847891688044,1.2026530697325695,-0.9454225379161181,0
0.06321194753459354,1.1720005014611146,-0.907435522928018,0
0.06932560529236699,1.1412819189335406,-0.8689016698785659,0
0.07580299118920043,1.1105145298528376,-0.829947666843057,0
0.08327654316493273,1.0799691056849616,-0.7908903660962954,0
0.09367361250152431,1.0491298840667835,-0.7520700421140403,0
0.10258472313178578,1.0184274622854586,-0.7131756912586309,0
0.11624920637096683,0.9876834621372893,-0.6743661377210697,0
0.13207583209975016,0.9569884918183369,-0.63559515716035,0
0.14870997189842142,0.9265112606822697,-0.5967194625730229,0
0.1699564753906435,0.8854187084023332,-0.5628629356729581,0
0.19927426174493792,0.8577286096775255,-0.5141027447316918,0
0.03104813050836839,1.4668515038325176,-1.2972295096967288,0
0.030053614601954423,1.5144176932427735,-1.3063456856411468,0
0.19801610652243812,0.8819212639620182,0.4713967375487831,0
0.17425923791951622,0.9068094239343711,0.5137011943355821,0
0.15545381771234862,0.9361280574853372,0.5517769301698233,0
0.13356421316228917,0.9734586599499815,0.5901000355418002,0
0.11840516592945272,1.005904724025682,0.6284573073799116,0
0.10653863002232984,1.037088338670033,0.667242113988385,0
0.09560876447249578,1.067463061247048,0.7060440298136833,0
0.08563526027294752,1.098170362776592,0.744933126154201,0
0.07810406358159144,1.128872285898638,0.7838470865153415,0
0.07038825171018957,1.159604183505092,0.8227597875343613,0
0.06473426849974556,1.190339638518916,0.8616452898421832,0
0.059074251442152025,1.221234035628977,0.9002239384997021,0
0.05462406331839074,1.252077621284581,0.9386685172308534,0
0.050383726189196634,1.282496138898013,0.9772008524625789,0
0.0467718147833122,1.313055584650275,1.015219633626509,0
0.043856759575860355,1.343817353229842,1.054079708592095,0
0.0404538282393047,1.37458372368013,1.092961038993988,0
0.038202482588143176,1.40568136286468,1.131508893313259,0
0.03648651782091343,1.454309247612962,1.124362029709828,0
0.03434378811728848,1.484902014882384,1.162935118889409,0
0.032710439262301876,1.514280675926925,1.200068896496551,0
0.031403706924724835,1.559679832961669,1.19182533109973,0
0.029294657363186132,1.576692855629302,1.23046318067934,0
0.03504598698210086,1.3957699035847395,-1.25512730188083,0
0.032803943769496184,1.4159628803086406,-1.2941161931655019,0
0.03183176853830615,1.4340531810288055,-1.3321672493269339,0
0.030324858839174972,1.4819022508391175,-1.343117909551487,0
0.036218556197510784,1.3705460330161896,-1.2177970900904989,0
0.039119648002180915,1.3397632023767905,-1.180148122371799,0
0.04177131724121928,1.3075804978989876,-1.1445467533678668,0
0.04451900665874578,1.2765426724420306,-1.1075240274466884,0
0.04835374583969548,1.2460205018494226,-1.0683035269902534,0
0.051989758370582256,1.2150616490964645,-1.0292046391021474,0
0.056426789092609016,1.1832732420570176,-0.9918263606010757,0
0.061864759490412105,1.1525894798096505,-0.9538778719754057,0
0.06686021852203063,1.1228879746071885,-0.9148550177960544,0
0.07323705172123601,1.0921334451713196,-0.8761097144326557,0
0.08187498735906298,1.0638007667577536,-0.8365872251933941,0
0.08987354619454432,1.0316942551894785,-0.7974053266449981,0
0.10069337168419965,1.0007220289983836,-0.7587033262266148,0
0.11307787246865571,0.9691573965762529,-0.720508917784392,0
0.1270331631972518,0.9383748880661854,-0.6817563194080365,0
0.14336539185187108,0.9102342841420918,-0.6434724295602687,0
0.15446087757698837,0.8888238183250659,-0.609270641144163,0
0.17659456257162323,0.8491017720403065,-0.6024251021860325,0
0.19416303217761843,0.8314696120142534,-0.5555702334510616,0
0.1992742617445648,0.8577286096775257,0.5141027447316914,0
0.16995647539117645,0.8854187084023334,0.5628629356729576,0
0.14870997189869997,0.92651126068227,0.5967194625730224,0
0.13207583209971221,0.9569884918183371,0.6355951571603495,0
0.11624920637060583,0.9876834621372895,0.6743661377210692,0
0.10258472313179344,1.018427462285459,0.7131756912586305,0
0.09367361250146106,1.049129884066784,0.7520700421140398,0
0.08327654316505545,1.079969105684962,0.7908903660962947,0
0.075802991189259,1.110514529852838,0.8299476668430563,0
0.06932560529262702,1.141281918933541,0.8689016698785652,0
0.06321194753484717,1.172000501461115,0.9074355229280173,0
0.05764684789089533,1.20265306973257,0.9454225379161174,0
0.053559815612514806,1.233338761712389,0.9837053122634667,0
0.049387844451394915,1.263990126158564,1.02242647146631,0
0.04559469028746518,1.294700675071279,1.06125674394682,0
0.042712092344374314,1.325513455528628,1.100200234955922,0
0.03992885279082984,1.356693910863326,1.138132489074758,0
0.03741802081614073,1.387305927199027,1.175939882057663,0
0.03561692328716977,1.4362801888546,1.170131557713055,0
0.03390977650086025,1.466289836362794,1.20970627743897,0
0.031506235962074074,1.4993387059435,1.253133330177461,0
0.03159898908718435,1.53883046074536,1.231595956121051,0
0.030002316213238057,1.54602090702866,1.268786567957858,0
0.03445183301433162,1.3627062966573875,-1.292803663796984,0
0.03224614389932576,1.3913002910681185,-1.332620681540113,0
0.03153678850646624,1.4137237695628766,-1.36410456120847,0
0.03000464501955379,1.4484941659090496,-1.37908108946771,0
0.035845685218033725,1.3578554465306536,-1.2545290474322528,0
0.03824848434658674,1.3272377574731975,-1.220703569410262,0
0.040472999354530005,1.2930438374665656,-1.1850054935467536,0
0.043671734940227504,1.2612326793511746,-1.1508934126061734,0
0.04727359053272621,1.2286978455988204,-1.1138145911334165,0
0.05031312992106604,1.1980425907076855,-1.0742707229086566,0
0.05539435094468045,1.1638414457043695,-1.0377908299233853,0
0.059857197448638245,1.1301329393687425,-1.0023575096202184,0
0.06485829123482381,1.1045891516312725,-0.9613702829909503,0
0.07117074364100258,1.0786828492309446,-0.9225103656827297,0
0.0779000439008174,1.0497777463708255,-0.8860181591927341,0
0.0865350039166523,1.0193124739850625,-0.8472118044562811,0
0.09680023524172424,0.9863205163877231,-0.8045138581986393,0
0.11000977487082068,0.9519444206344143,-0.767368790128495,0
0.12176129453739361,0.9191631266426115,-0.7308983563867075,0
0.1385290423735149,0.8828824922109068,-0.6932460691234077,0
0.15975014564068007,0.8646284560488969,-0.6464138720581948,0
0.17854741831872165,0.8199934384707415,-0.6399643707553332,0
0.20058830249874052,0.8032075312539579,-0.5956993047980855,0
0.19416303217782493,0.8314696120142536,0.5555702334510612,0
0.17659456257085054,0.8491017720403067,0.6024251021860321,0
0.15446087757755173,0.8888238183250661,0.6092706411441625,0
0.14336539185192695,0.9102342841420921,0.6434724295602683,0
0.12703316319782337,0.9383748880661856,0.681756319408036,0
0.11307787246853264,0.9691573965762533,0.7205089177843915,0
0.1006933716843698,1.000722028998384,0.7587033262266144,0
0.08987354619435901,1.031694255189479,0.7974053266449976,0
0.08187498735882308,1.063800766757754,0.8365872251933937,0
0.07323705172147002,1.09213344517132,0.8761097144326551,0
0.06686021852207319,1.122887974607189,0.9148550177960537,0
0.06186475949053643,1.152589479809651,0.9538778719754051,0
0.05642678909297771,1.183273242057018,0.991826360601075,0
0.05198975837049978,1.215061649096465,1.029204639102147,0
0.0483537458398851,1.246020501849423,1.068303526990253,0
0.044519006658690755,1.276542672442031,1.107524027446688,0
0.041771317241101995,1.307580497898988,1.144546753367866,0
0.039119648002115245,1.339763202376791,1.180148122371798,0
0.036218556197646905,1.37054603301619,1.217797090090498,0
0.03527110412938764,1.416790501627587,1.215242820601795,0
0.03312662957785389,1.445096105680276,1.254748752751425,0
0.031048130508459698,1.466851503832518,1.297229509696728,0
0.03005361460207445,1.514417693242774,1.306345685641146,0
0.03540631056215292,1.3081475451948055,-1.3081475451948068,0
0.037525687124170565,1.3211105335975055,-1.2599334939023499,0
0.039512099822217504,1.2851171388757485,-1.2255534180193184,0
0.042474345151501613,1.2497707904730475,-1.1941302515851955,0
0.04501724076719919,1.2151934864364755,-1.1585950273465915,0
0.04890015561384791,1.1800151818520885,-1.1213390154710905,0
0.05358678722256145,1.1443210032213655,-1.0831088974383654,0
0.05802364015811405,1.1089564630933055,-1.0477192195237583,0
0.06385990515437538,1.0759837726798636,-1.0052139531441084,0
0.06985567468663854,1.0665298470616056,-0.9597710319208204,0
0.07524625998703191,1.0398384241686516,-0.9316621481000644,0
0.08076130178123095,1.0079905199259926,-0.8992448682242826,0
0.09138881690768436,0.9769417357602939,-0.8570679705444985,0
0.10171681386331047,0.942443683292193,-0.8204930068773177,0
0.11416607927035849,0.9079388928728449,-0.7865824468356316,0
0.1313423492970983,0.8742064999042057,-0.7520179854041951,0
0.14938816416504674,0.8334580074997097,-0.7162510893551987,0
0.17072282662406255,0.7932012235640863,-0.6823007305662934,0
0.15740340247162918,0.8388327235588683,-0.6756352263716856,0
0.03404376925479176,1.3435028842542645,-1.343502884254265,0
0.03213375373184798,1.3788582233136795,-1.3788582233136808,0
0.02957379920842575,1.414213562373094,-1.4142135623730958,0
0.19487108256434346,0.7730104532336319,-0.6343932843209605,0
0.2005883024988385,0.8032075312539582,0.5956993047980851,0
0.17854741831820134,0.8199934384707417,0.6399643707553327,0
0.15975014563977544,0.8646284560488972,0.6464138720581943,0
0.13852904237317726,0.8828824922109072,0.6932460691234072,0
0.12176129453774819,0.9191631266426119,0.7308983563867071,0
0.11000977487041856,0.9519444206344148,0.7673687901284946,0
0.09680023524207228,0.9863205163877236,0.8045138581986389,0
0.0865350039167738,1.019312473985063,0.8472118044562806,0
0.07790004390049944,1.049777746370826,0.8860181591927336,0
0.0711707436409344,1.078682849230945,0.922510365682729,0
0.06485829123452974,1.104589151631273,0.9613702829909496,0
0.059857197448675285,1.130132939368743,1.002357509620218,0
0.05539435094483091,1.16384144570437,1.037790829923385,0
0.05031312992083416,1.198042590707686,1.074270722908656,0
0.04727359053296343,1.228697845598821,1.113814591133416,0
0.04367173494012149,1.261232679351175,1.150893412606173,0
0.04047299935461509,1.293043837466566,1.185005493546753,0
0.03824848434665854,1.327237757473198,1.220703569410261,0
0.035845685217915355,1.357855446530654,1.254529047432252,0
0.03504598698180886,1.39576990358474,1.255127301880829,0
0.032803943769732016,1.415962880308641,1.294116193165501,0
0.03183176853840892,1.434053181028806,1.332167249326933,0
0.030324858838856977,1.481902250839118,1.343117909551486,0
0.03791268766383951,1.2727922061353776,-1.2727922061353785,0
0.041000589035875994,1.2374368670759757,-1.2374368670759754,0
0.04399800906467103,1.2020815280165076,-1.2020815280165085,0
0.04819859518323935,1.1667261889570795,-1.1667261889570804,0
0.05156125789169603,1.1313708498976425,-1.1313708498976434,0
0.05585659227554487,1.0960155108382275,-1.0960155108382283,0
0.06197422715546729,1.0606601717788346,-1.0606601717788344,0
0.06638926151771533,1.0253048327196095,-1.0253048327196104,0
0.07065030215563974,1.0335550375972975,-0.9780984096862496,0
0.07747933708120382,0.9997839729035378,-0.9441475346320696,0
0.08627777800037537,0.9655136764949123,-0.9074877267618234,0
0.09609879225896127,0.9321043376152132,-0.870883925663483,0
0.10779366960043989,0.8964934793802919,-0.8358683332186897,0
0.12108949394600599,0.8611652052225958,-0.8004775023187745,0
0.13907544011484266,0.826003696343122,-0.764956643998985,0
0.15948196246148946,0.790758411560208,-0.7295211679907532,0
0.17737293437891063,0.7573438645274828,-0.7066264541838527,0
0.20008377837754454,0.7409511253169007,-0.6715589548890095,0
0.03445183301436899,1.292803663796983,-1.3627062966573882,0
0.03224614389927648,1.3326206815401112,-1.3913002910681196,0
0.031536788506147904,1.3641045612084683,-1.4137237695628777,0
0.030004645019872773,1.3790810894677084,-1.4484941659090507,0
0.037525687124088644,1.2599334939023488,-1.3211105335975062,0
0.19487108256427096,0.7730104532336322,0.6343932843209601,0
0.17072282662551488,0.7932012235640865,0.6823007305662929,0
0.14938816416478187,0.8334580074997101,0.7162510893551982,0
0.13134234929679942,0.8742064999042062,0.7520179854041946,0
0.1141660792705805,0.9079388928728453,0.7865824468356312,0
0.1017168138632232,0.9424436832921934,0.8204930068773173,0
0.09138881690754617,0.9769417357602943,0.857067970544498,0
0.08076130178184965,1.007990519925993,0.8992448682242822,0
0.07524625998643156,1.039838424168652,0.931662148100064,0
0.06985567468641554,1.066529847061606,0.9597710319208199,0
0.06385990515484884,1.075983772679864,1.005213953144108,0
0.05802364015761172,1.108956463093306,1.047719219523758,0
0.05358678722248021,1.144321003221366,1.083108897438365,0
0.04890015561387465,1.180015181852089,1.12133901547109,0
0.04501724076720316,1.215193486436476,1.158595027346591,0
0.04247434515154588,1.249770790473048,1.194130251585195,0
0.03951209982221086,1.285117138875749,1.225553418019318,0
0.03752568712418496,1.321110533597506,1.259933493902349,0
0.03445183301415024,1.362706296657388,1.292803663796983,0
0.032246143899142064,1.391300291068119,1.332620681540112,0
0.03153678850637352,1.413723769562877,1.364104561208469,0
0.030004645019839002,1.44849416590905,1.379081089467709,0
0.15740340247235188,0.8388327235588685,0.6756352263716852,0
0.03951209982213788,1.2255534180193177,-1.2851171388757492,0
0.04247434515164187,1.194130251585195,-1.2497707904730482,0
0.0450172407668566,1.1585950273465906,-1.2151934864364764,0
0.04890015561380226,1.1213390154710896,-1.1800151818520892,0
0.05358678722292707,1.0831088974383647,-1.1443210032213662,0
0.05802364015776717,1.0477192195237577,-1.1089564630933062,0
0.06385990515482451,1.0052139531441076,-1.0759837726798642,0
0.07065030215611155,0.9780984096862491,-1.0335550375972982,0
0.07323713869549653,0.989949493660392,-0.9899494936603928,0
0.08254575752029807,0.9545941546011264,-0.9545941546011272,0
0.09110403365589038,0.9192388155419368,-0.9192388155419375,0
0.10207427422521585,0.8838834764827449,-0.8838834764827457,0
0.11694230771039843,0.8485281374235487,-0.8485281374235495,0
0.12940993527473948,0.8131727983643525,-0.8131727983643533,0
0.1478478130154352,0.7778174593051195,-0.7778174593051203,0
0.17254313797504078,0.7424621202458409,-0.7424621202458417,0
0.1955894208189977,0.7071067811865471,-0.7071067811865479,0
0.03280394376958071,1.2941161931655003,-1.4159628803086415,0
0.03504598698181448,1.2551273018808287,-1.3957699035847402,0
0.035845685218069225,1.2545290474322517,-1.3578554465306543,0
0.03824848434659996,1.2207035694102608,-1.3272377574731982,0
0.031831768538210466,1.3321672493269323,-1.4340531810288066,0
0.030324858838979108,1.3431179095514854,-1.4819022508391186,0
0.2000837783777421,0.7409511253169009,0.6715589548890091,0
0.17737293437817603,0.7573438645274833,0.7066264541838523,0
0.15948196246193494,0.7907584115602084,0.7295211679907527,0
0.13907544011492556,0.8260036963431224,0.7649566439989846,0
0.1210894939459508,0.8611652052225962,0.800477502318774,0
0.107793669600664,0.8964934793802923,0.8358683332186893,0
0.09609879225858696,0.9321043376152136,0.8708839256634826,0
0.08627777800024543,0.9655136764949127,0.907487726761823,0
0.07747933708098612,0.9997839729035383,0.9441475346320691,0
0.07065030215609512,1.033555037597298,0.9780984096862492,0
0.06638926151748688,1.02530483271961,1.02530483271961,0
0.061974227155583865,1.060660171778835,1.060660171778834,0
0.05585659227583453,1.096015510838228,1.096015510838228,0
0.051561257891354725,1.131370849897643,1.131370849897643,0
0.04819859518316174,1.16672618895708,1.16672618895708,0
0.043998009064825934,1.202081528016508,1.202081528016508,0
0.041000589036034436,1.237436867075976,1.237436867075975,0
0.037912687663723174,1.272792206135378,1.272792206135378,0
0.03540631056223072,1.308147545194806,1.308147545194806,0
0.034043769254763316,1.343502884254265,1.343502884254264,0
0.03213375373163854,1.37885822331368,1.37885822331368,0
0.029573799208508715,1.414213562373095,1.414213562373095,0
0.040472999354526494,1.1850054935467529,-1.2930438374665663,0
0.03911964800218763,1.180148122371798,-1.3397632023767911,0
0.036218556197570036,1.217797090090498,-1.3705460330161903,0
0.035271104129529524,1.2152428206017942,-1.4167905016275872,0
0.03312662957783433,1.2547487527514245,-1.4450961056802762,0
0.031048130508395395,1.2972295096967272,-1.4668515038325183,0
0.030053614601972353,1.3063456856411453,-1.5144176932427742,0
0.04367173494040075,1.1508934126061727,-1.2612326793511754,0
0.047273590533076955,1.1138145911334159,-1.2286978455988211,0
0.05031312992041597,1.0742707229086559,-1.1980425907076864,0
0.05539435094474827,1.037790829923385,-1.1638414457043702,0
0.05985719744874344,1.002357509620218,-1.1301329393687432,0
0.06485829123455687,0.9613702829909492,-1.1045891516312734,0
0.06985567468631393,0.9597710319208199,-1.0665298470616065,0
0.0752462599865918,0.9316621481000638,-1.0398384241686522,0
0.07747933708089129,0.9441475346320689,-0.9997839729035386,0
0.08627777799994943,0.9074877267618228,-0.965513676494913,0
0.09609879225894805,0.8708839256634824,-0.9321043376152139,0
0.10779366960072169,0.8358683332186891,-0.8964934793802927,0
0.12108949394579709,0.8004775023187738,-0.8611652052225965,0
0.13907544011514353,0.7649566439989844,-0.8260036963431228,0
0.15948196246125687,0.7295211679907525,-0.7907584115602088,0
0.17737293437850962,0.7066264541838521,-0.7573438645274836,0
0.20008377837705835,0.6715589548890087,-0.7409511253169012,0
0.19558942081898711,0.7071067811865476,0.7071067811865475,0
0.17254313797360682,0.7424621202458414,0.7424621202458412,0
0.14784781301534572,0.7778174593051199,0.7778174593051198,0
0.1294099352747423,0.813172798364353,0.8131727983643529,0
0.11694230771027642,0.8485281374235492,0.848528137423549,0
0.10207427422569697,0.8838834764827453,0.8838834764827452,0
0.09110403365579674,0.9192388155419372,0.9192388155419371,0
0.08254575751992003,0.9545941546011268,0.9545941546011267,0
0.07323713869601323,0.9899494936603924,0.9899494936603923,0
0.0706503021557973,0.9780984096862495,1.0335550375972977,0
0.06385990515446369,1.005213953144108,1.0759837726798638,0
0.05802364015791469,1.0477192195237581,1.1089564630933058,0
0.053586787222770736,1.0831088974383651,1.1443210032213658,0
0.048900155614024846,1.12133901547109,1.1800151818520888,0
0.04501724076692717,1.158595027346591,1.215193486436476,0
0.042474345151330826,1.1941302515851955,1.2497707904730477,0
0.0395120998221324,1.2255534180193182,1.2851171388757487,0
0.037525687124183124,1.2599334939023492,1.3211105335975057,0
0.03445183301424833,1.2928036637969835,1.3627062966573877,0
0.032246143899576814,1.332620681540112,1.3913002910681187,0
0.03153678850614186,1.3641045612084692,1.4137237695628768,0
0.03000464501958597,1.3790810894677092,1.4484941659090498,0
0.04177131724119012,1.144546753367866,-1.3075804978989882,0
0.04451900665871125,1.1075240274466878,-1.2765426724420315,0
0.048353745839755005,1.068303526990253,-1.2460205018494233,0
0.051989758370803975,1.0292046391021468,-1.2150616490964652,0
0.05642678909291953,0.9918263606010744,-1.1832732420570184,0
0.06186475949032488,0.9538778719754051,-1.1525894798096512,0
0.06686021852167047,0.9148550177960535,-1.1228879746071891,0
0.07117074364126216,0.9225103656827287,-1.0786828492309453,0
0.07790004390076716,0.8860181591927334,-1.0497777463708262,0
0.08076130178175349,0.899244868224282,-1.0079905199259933,0
0.09138881690759094,0.8570679705444977,-0.9769417357602946,0
0.10171681386349535,0.8204930068773169,-0.9424436832921937,0
0.11416607927032617,0.786582446835631,-0.9079388928728456,0
0.13134234929648522,0.7520179854041945,-0.8742064999042065,0
0.14938816416446932,0.716251089355198,-0.8334580074997104,0
0.1707228266243811,0.6823007305662926,-0.7932012235640868,0
0.19487108256575922,0.6343932843209599,-0.7730104532336325,0
0.039928852790819064,1.1381324890747577,-1.3566939108633265,0
0.03741802081611288,1.1759398820576625,-1.3873059271990271,0
0.03561692328716541,1.1701315577130544,-1.4362801888546002,0
0.03390977650063435,1.209706277438969,-1.4662898363627943,0
0.0315062359622626,1.2531333301774605,-1.4993387059435002,0
0.03000231621325804,1.2687865679578578,-1.5460209070286601,0
0.17737293437952315,0.7066264541838525,0.7573438645274831,0
0.20008377837690414,0.6715589548890092,0.7409511253169008,0
0.15948196246140722,0.729521167990753,0.7907584115602083,0
0.13907544011495804,0.7649566439989849,0.8260036963431223,0
0.12108949394551065,0.8004775023187742,0.8611652052225961,0
0.10779366960074281,0.8358683332186896,0.8964934793802922,0
0.09609879225915713,0.8708839256634828,0.9321043376152135,0
0.08627777799998976,0.9074877267618232,0.9655136764949126,0
0.07747933708131162,0.9441475346320694,0.9997839729035382,0
0.07524625998678787,0.9316621481000642,1.0398384241686518,0
0.06985567468662653,0.9597710319208204,1.066529847061606,0
0.06485829123457765,0.9613702829909496,1.104589151631273,0
0.05985719744890042,1.0023575096202184,1.1301329393687427,0
0.055394350944814694,1.0377908299233853,1.1638414457043698,0
0.05031312992027488,1.0742707229086563,1.198042590707686,0
0.047273590533105585,1.1138145911334163,1.2286978455988207,0
0.04367173494004548,1.1508934126061732,1.261232679351175,0
0.04047299935469356,1.1850054935467533,1.2930438374665658,0
0.03824848434670343,1.2207035694102613,1.3272377574731977,0
0.03584568521803908,1.2545290474322521,1.3578554465306538,0
0.03504598698177094,1.2551273018808295,1.3957699035847397,0
0.03280394376962899,1.2941161931655012,1.415962880308641,0
0.031831768538306035,1.3321672493269332,1.4340531810288057,0
0.030324858839194366,1.3431179095514862,1.4819022508391178,0
0.04271209234404324,1.100200234955922,-1.3255134555286283,0
0.04559469028754146,1.06125674394682,-1.2947006750712795,0
0.04938784445162229,1.0224264714663096,-1.2639901261585642,0
0.05355981561256844,0.983705312263466,-1.2333387617123892,0
0.05764684789116191,0.9454225379161167,-1.2026530697325701,0
0.0632119475349338,0.9074355229280171,-1.1720005014611155,0
0.06932560529234533,0.8689016698785648,-1.1412819189335413,0
0.07323705172135467,0.8761097144326548,-1.0921334451713203,0
0.08187498735872858,0.8365872251933937,-1.0638007667577543,0
0.08653500391664055,0.8472118044562804,-1.0193124739850634,0
0.09680023524158321,0.8045138581986386,-0.986320516387724,0
0.11000977487068976,0.7673687901284942,-0.9519444206344152,0
0.12176129453721189,0.7308983563867069,-0.9191631266426123,0
0.13852904237351665,0.6932460691234071,-0.8828824922109075,0
0.15740340247213944,0.675635226371685,-0.8388327235588688,0
0.17854741831828597,0.6399643707553326,-0.819993438470742,0
0.20058830249781487,0.5956993047980847,-0.8032075312539583,0
0.04045382823937611,1.0929610389939879,-1.3745837236801302,0
0.03820248258808505,1.1315088933132582,-1.4056813628646805,0
0.03648651782067576,1.1243620297098276,-1.4543092476129624,0
0.034343788117223384,1.1629351188894084,-1.4849020148823842,0
0.032710439262506885,1.2000688964965502,-1.5142806759269254,0
0.031598989087362396,1.2315959561210503,-1.5388304607453605,0
0.029294657363061496,1.2304631806793394,-1.5766928556293023,0
0.1707228266246736,0.682300730566293,0.7932012235640864,0
0.14938816416446687,0.7162510893551984,0.83345800749971,0
0.1313423492969361,0.752017985404195,0.8742064999042061,0
0.11416607927031056,0.7865824468356315,0.9079388928728451,0
0.10171681386316848,0.8204930068773173,0.9424436832921933,0
0.09138881690767739,0.8570679705444981,0.9769417357602942,0
0.08076130178138395,0.8992448682242824,1.0079905199259929,0
0.07790004390080099,0.8860181591927339,1.0497777463708258,0
0.0711707436412208,0.9225103656827291,1.0786828492309448,0
0.06686021852185096,0.9148550177960539,1.1228879746071887,0
0.06186475949019255,0.9538778719754055,1.1525894798096508,0
0.05642678909302766,0.9918263606010751,1.183273242057018,0
0.0519897583704194,1.0292046391021472,1.2150616490964647,0
0.04835374583981938,1.0683035269902534,1.2460205018494228,0
0.04451900665901258,1.1075240274466882,1.276542672442031,0
0.04177131724139046,1.1445467533678664,1.3075804978989878,0
0.03911964800191762,1.1801481223717984,1.3397632023767907,0
0.03621855619759546,1.2177970900904984,1.3705460330161898,0
0.035271104129541785,1.2152428206017951,1.4167905016275868,0
0.03312662957775275,1.2547487527514254,1.4450961056802758,0
0.03104813050842659,1.2972295096967281,1.4668515038325178,0
0.030053614601858774,1.3063456856411462,1.5144176932427738,0
0.19487108256536906,0.6343932843209603,0.773010453233632,0
0.04385675957607155,1.0540797085920948,-1.3438173532298423,0
0.046771814783373666,1.0152196336265085,-1.3130555846502752,0
0.050383726188918926,0.9772008524625782,-1.2824961388980134,0
0.05462406331790245,0.9386685172308529,-1.2520776212845814,0
0.05907425144259428,0.9002239384997017,-1.2212340356289775,0
0.0647342684999008,0.8616452898421829,-1.1903396385189162,0
0.07038825171082552,0.8227597875343609,-1.1596041835050925,0
0.07580299118908082,0.8299476668430561,-1.1105145298528383,0
0.08327654316476558,0.7908903660962945,-1.0799691056849623,0
0.08987354619464034,0.7974053266449974,-1.0316942551894792,0
0.10069337168450741,0.7587033262266141,-1.0007220289983842,0
0.11307787246873183,0.7205089177843912,-0.9691573965762538,0
0.12703316319816377,0.6817563194080359,-0.938374888066186,0
0.14336539185153857,0.6434724295602681,-0.9102342841420924,0
0.15975014564043888,0.6464138720581941,-0.8646284560488975,0
0.17659456257148473,0.6024251021860318,-0.8491017720403068,0
0.1941630321779828,0.5555702334510609,-0.8314696120142538,0
0.03899302888720143,1.0857337865222743,-1.4235540481775792,0
0.041419841408244944,1.0469187425138056,-1.3928581946686642,0
0.03697913935149048,1.0784979815361513,-1.4723673738266583,0
0.03476169680429064,1.1171787664099577,-1.5030160473399452,0
0.03278473837296271,1.1549512406425744,-1.5331860065540182,0
0.03140370692466877,1.1918253310997295,-1.5596798329616695,0
0.03020941183982181,1.1913986083068813,-1.6064150634641183,0
0.15740340247083143,0.6756352263716855,0.8388327235588684,0
0.1385290423736197,0.6932460691234076,0.8828824922109071,0
0.12176129453740824,0.7308983563867073,0.9191631266426119,0
0.11000977487086062,0.7673687901284947,0.9519444206344148,0
0.09680023524201616,0.8045138581986391,0.9863205163877236,0
0.08653500391668457,0.8472118044562809,1.019312473985063,0
0.0818749873590594,0.8365872251933941,1.0638007667577538,0
0.07323705172128962,0.8761097144326553,1.0921334451713198,0
0.06932560529219865,0.8689016698785652,1.1412819189335408,0
0.063211947535234,0.9074355229280178,1.172000501461115,0
0.057646847890835726,0.9454225379161174,1.2026530697325697,0
0.053559815612750424,0.9837053122634667,1.2333387617123888,0
0.04938784445168124,1.02242647146631,1.2639901261585638,0
0.04559469028750665,1.0612567439468203,1.294700675071279,0
0.04271209234401971,1.1002002349559223,1.3255134555286279,0
0.03992885279061665,1.1381324890747582,1.356693910863326,0
0.03741802081634373,1.1759398820576634,1.3873059271990267,0
0.035616923287187956,1.1701315577130553,1.4362801888545997,0
0.03390977650073018,1.20970627743897,1.4662898363627939,0
0.031506235962177595,1.2531333301774614,1.4993387059434997,0
0.03000231621324247,1.2687865679578587,1.5460209070286597,0
0.17854741831830162,0.6399643707553331,0.8199934384707416,0
0.20058830249857973,0.5956993047980852,0.803207531253958,0
0.04419237802302955,1.0080270933243909,-1.3621722235925011,0
0.042404356056818034,1.000925043085459,-1.4111741489903111,0
0.03938635489618517,1.039777886392829,-1.4417874534395563,0
0.03782175257141489,1.0326154472307303,-1.4905333235896983,0
0.03554626395141765,1.0711871529369168,-1.5208376012295801,0
0.033616440565286114,1.1093851536719457,-1.5512908151674183,0
0.031542441527355455,1.1494865907553746,-1.5816588031632814,0
0.029993819274986545,1.1516163820122876,-1.6351696268830733,0
0.04796419700525175,0.970053539564081,-1.3315456465566493,0
0.051242282778626434,0.9320499721060265,-1.3009381800132753,0
0.055757643656327786,0.8932423498421276,-1.2702721379983353,0
0.060369434981964135,0.8544583756322532,-1.2394093715624726,0
0.06615738788852574,0.8155845120746181,-1.2086577201513373,0
0.07214376589721895,0.7766946736178226,-1.1779431754780285,0
0.07810406358210883,0.7838470865153413,-1.1288722858986384,0
0.08563526027228727,0.7449331261542009,-1.0981703627765924,0
0.09367361250172707,0.7520700421140396,-1.0491298840667842,0
0.10258472313093085,0.7131756912586302,-1.0184274622854592,0
0.1162492063706964,0.6743661377210691,-0.9876834621372899,0
0.13207583210005103,0.6355951571603493,-0.9569884918183376,0
0.14870997189859156,0.5967194625730222,-0.9265112606822701,0
0.1699564753908333,0.5628629356729574,-0.8854187084023335,0
0.15446087757737292,0.6092706411441624,-0.8888238183250662,0
0.19927426174461352,0.5141027447316912,-0.8577286096775258,0
0.1597501456403985,0.6464138720581946,0.864628456048897,0
0.1765945625713497,0.6024251021860323,0.8491017720403066,0
0.19416303217673328,0.5555702334510614,0.8314696120142536,0
0.12703316319766084,0.6817563194080364,0.9383748880661855,0
0.1130778724687988,0.7205089177843916,0.9691573965762533,0
0.10069337168370943,0.7587033262266145,1.0007220289983838,0
0.08987354619446154,0.7974053266449979,1.0316942551894788,0
0.08327654316506121,0.7908903660962949,1.0799691056849618,0
0.07580299118889071,0.8299476668430565,1.1105145298528378,0
0.07038825171060009,0.8227597875343615,1.159604183505092,0
0.06473426849992861,0.8616452898421836,1.1903396385189158,0
0.05907425144218789,0.9002239384997024,1.221234035628977,0
0.0546240633183592,0.9386685172308535,1.252077621284581,0
0.050383726188838525,0.9772008524625788,1.282496138898013,0
0.046771814783284765,1.015219633626509,1.3130555846502747,0
0.043856759576095326,1.0540797085920952,1.3438173532298419,0
0.04045382823939059,1.0929610389939883,1.3745837236801297,0
0.03820248258815275,1.131508893313259,1.40568136286468,0
0.03648651782093419,1.1243620297098285,1.454309247612962,0
0.03434378811712339,1.1629351188894093,1.4849020148823837,0
0.03271043926241669,1.2000688964965511,1.514280675926925,0
0.0315989890873555,1.2315959561210512,1.53883046074536,0
0.02929465736321249,1.2304631806793402,1.5766928556293018,0
0.14336539185209432,0.6434724295602685,0.910234284142092,0
0.04518556011413484,0.9629108655293439,-1.3805933683904292,0
0.04273906629048074,0.9557742848212261,-1.4295442800431721,0
0.04000683446192128,0.9939633458298462,-1.4600508181673835,0
0.03830392128950443,0.9868807959089327,-1.5089024547528163,0
0.03569494951324563,1.0252314101296696,-1.5386438064223484,0
0.03429042829169,1.0625045965474986,-1.5669904136450445,0
0.03187216266139143,1.0995403595284636,-1.6016822578634733,0
0.029928994220057348,1.1111404650968695,-1.6629392252347381,0
0.04848231074688613,0.9247762276904172,-1.3498765079168833,0
0.05240768197903682,0.8861488818067367,-1.3191457062150873,0
0.05671459646599564,0.8472911698935404,-1.2884168824373492,0
0.06150257803329445,0.808412321982271,-1.2576940597915374,0
0.06719738202286332,0.7695423575567115,-1.2269854415297272,0
0.07353668517030242,0.7306922949542698,-1.1963007167111275,0
0.07946013753531514,0.7378053097650452,-1.1472542932368914,0
0.08768118765499931,0.6989262942126988,-1.1165241435797553,0
0.09560876447313493,0.706044029813683,-1.0674630612470484,0
0.10653863002273584,0.6672421139883846,-1.0370883386700334,0
0.11840516592898621,0.6284573073799113,-1.0059047240256822,0
0.13356421316236863,0.5901000355418,-0.9734586599499816,0
0.15545381771258007,0.551776930169823,-0.9361280574853373,0
0.17425923791918752,0.513701194335582,-0.9068094239343714,0
0.19801610652199964,0.47139673754878286,-0.8819212639620183,0
0.1544608775781044,0.6092706411441629,0.888823818325066,0
0.16995647539153413,0.5628629356729579,0.8854187084023333,0
0.14870997189814503,0.5967194625730227,0.9265112606822699,0
0.1320758320997887,0.6355951571603498,0.9569884918183371,0
0.11624920637083423,0.6743661377210696,0.9876834621372894,0
0.10258472313108145,0.7131756912586307,1.0184274622854588,0
0.09367361250216953,0.75207004211404,1.0491298840667838,0
0.08563526027225561,0.7449331261542014,1.098170362776592,0
0.07810406358182947,0.7838470865153417,1.128872285898638,0
0.07214376589750228,0.7766946736178233,1.177943175478028,0
0.06615738788857363,0.8155845120746188,1.2086577201513369,0
0.060369434982115285,0.8544583756322539,1.239409371562472,0
0.055757643656195933,0.8932423498421282,1.2702721379983348,0
0.051242282778654016,0.9320499721060271,1.3009381800132749,0
0.04796419700569524,0.9700535395640817,1.3315456465566489,0
0.04419237802308552,1.0080270933243913,1.3621722235925007,0
0.04141984140818387,1.0469187425138065,1.3928581946686638,0
0.03899302888702427,1.0857337865222751,1.4235540481775788,0
0.03697913935125715,1.0784979815361522,1.4723673738266578,0
0.034761696804177775,1.1171787664099586,1.5030160473399448,0
0.03278473837297566,1.1549512406425753,1.5331860065540177,0
0.03140370692455623,1.1918253310997304,1.559679832961669,0
0.030209411839785313,1.1913986083068822,1.6064150634641179,0
0.19927426174523655,0.5141027447316916,0.8577286096775256,0
0.04589756301913105,0.917646531757804,-1.3988197810161083,0
0.04939943977165827,0.8789474002831319,-1.3681199568820994,0
0.05311665713426958,0.8401337787239316,-1.3374190702461701,0
0.05771939796322323,0.8012500756252081,-1.3066951378897953,0
0.06256147289984727,0.7623789861215859,-1.2759793620884525,0
0.06825251446163562,0.723538411666665,-1.2453013003900404,0
0.07472933371319858,0.684722641105483,-1.2146563958796572,0
0.08089662603798276,0.6918503760138921,-1.1656636937524205,0
0.08947718284756995,0.6530157385484692,-1.1352268274397055,0
0.09678183938234235,0.6601103463079507,-1.0862786488067355,0
0.10900593466061638,0.6215807479295323,-1.0556809766282145,0
0.12016793768452823,0.5832219715065889,-1.0250348469647785,0
0.13653013974433645,0.5454051006855591,-0.9927589581188692,0
0.15383541039678025,0.507897146782702,-0.9587496398174938,0
0.1747800126868504,0.46783291156277884,-0.9305459785467525,0
0.19752362751455418,0.42755509430543026,-0.9039892927095292,0
0.04344347952994969,0.9104239655038591,-1.4476947879023523,0
0.04069790395591518,0.9486054715424801,-1.4783664840118265,0
0.03831610479560145,0.9413242710186289,-1.5271011452976302,0
0.0361702498250194,0.9796895472987064,-1.5574678926984262,0
0.034549854608970046,1.0172975153290509,-1.5851330528217211,0
0.033280591044675074,1.0523859876889456,-1.6043549483657271,0
0.03163718296317297,1.0603868659140887,-1.6429902325305352,0
0.029915731999280364,1.0699952387551883,-1.6897071311446923,0
0.15545381771261882,0.5517769301698234,0.9361280574853371,0
0.133564213162539,0.5901000355418005,0.9734586599499814,0
0.11840516592886786,0.6284573073799118,1.0059047240256818,0
0.10653863002297403,0.6672421139883851,1.037088338670033,0
0.09560876447267494,0.7060440298136834,1.067463061247048,0
0.0876811876550289,0.6989262942126993,1.1165241435797548,0
0.07946013753549248,0.7378053097650457,1.147254293236891,0
0.07353668517033156,0.7306922949542705,1.196300716711127,0
0.06719738202289821,0.7695423575567122,1.2269854415297268,0
0.0615025780331552,0.8084123219822716,1.257694059791537,0
0.05671459646630664,0.847291169893541,1.2884168824373488,0
0.052407681979127374,0.8861488818067373,1.3191457062150869,0
0.04848231074668286,0.9247762276904179,1.3498765079168829,0
0.0451855601138676,0.9629108655293446,1.3805933683904288,0
0.04240435605689869,1.00092504308546,1.4111741489903107,0
0.03938635489637637,1.03977788639283,1.4417874534395558,0
0.037821752571232554,1.0326154472307312,1.4905333235896978,0
0.03554626395149894,1.0711871529369177,1.5208376012295797,0
0.0336164405655078,1.1093851536719466,1.5512908151674178,0
0.031542441527442205,1.1494865907553755,1.581658803163281,0
0.029993819274807182,1.1516163820122884,1.6351696268830729,0
0.17425923791930706,0.5137011943355825,0.9068094239343711,0
0.19801610652191454,0.4713967375487833,0.8819212639620181,0
0.046484150786607246,0.871753643736336,-1.4170391448831965,0
0.04388357186143678,0.8645266627553876,-1.4658786511622863,0
0.04115778926440576,0.9030424825751207,-1.4965668492416901,0
0.03906177882393753,0.8956190673038165,-1.5453504217494272,0
0.036952469684120304,0.9340245002836738,-1.5758482220911902,0
0.03469431791652405,0.9720817765918994,-1.6049907924632043,0
0.032640374568542456,1.0115633038189693,-1.6280614410320045,0
0.03174106339969149,1.0212206939993147,-1.6704061400615462,0
0.030248371771499766,1.0282054871982256,-1.7154572207127345,0
0.0500106962066161,0.8330089197864601,-1.3863816745637374,0
0.05398367883899225,0.794128854143465,-1.3556682228015373,0
0.05829991970552927,0.7552346740026499,-1.3249485041973301,0
0.063509141675273,0.7163847937734584,-1.2942565448041985,0
0.06886987316902926,0.6776564015804258,-1.2635915672346605,0
0.07584767971566583,0.6390321440222384,-1.2329549199999392,0
0.0816363545383164,0.64598181531756,-1.1839693460500365,0
0.09067847592470817,0.6072315446350098,-1.1536334045363281,0
0.09839845824765878,0.6144161180048064,-1.1050348978716245,0
0.10982422454241374,0.5760366303895519,-1.0747444034304334,0
0.12248094244868658,0.5379745258904913,-1.0443954244305544,0
0.1378043311617937,0.4997707221212968,-1.0131041598173955,0
0.1550249513097732,0.46154206204375026,-0.9813884521041311,0
0.1755386528167446,0.4216012026929772,-0.9527773036306835,0
0.19726273555937868,0.3826834333684339,-0.9238795320956881,0
0.13653013974414174,0.5454051006855596,0.9927589581188689,0
0.153835410396945,0.5078971467827025,0.9587496398174936,0
0.1747800126853902,0.4678329115627793,0.9305459785467523,0
0.19752362751460226,0.4275550943054307,0.903989292709529,0
0.12016793768471914,0.5832219715065894,1.025034846964778,0
0.1090059346604333,0.6215807479295328,1.055680976628214,0
0.09678183938260339,0.6601103463079512,1.086278648806735,0
0.08947718284745507,0.6530157385484696,1.135226827439705,0
0.0808966260376879,0.6918503760138928,1.16566369375242,0
0.07472933371346091,0.6847226411054836,1.2146563958796568,0
0.06825251446149526,0.7235384116666657,1.24530130039004,0
0.06256147289989691,0.7623789861215866,1.275979362088452,0
0.05771939796303879,0.8012500756252088,1.3066951378897949,0
0.05311665713422286,0.8401337787239322,1.3374190702461697,0
0.0493994397717074,0.8789474002831326,1.368119956882099,0
0.04589756301893637,0.9176465317578046,1.3988197810161078,0
0.04273906629041308,0.9557742848212267,1.4295442800431717,0
0.04000683446205292,0.9939633458298469,1.460050818167383,0
0.03830392128954048,0.9868807959089334,1.5089024547528158,0
0.035694949513435104,1.0252314101296705,1.538643806422348,0
0.03429042829143495,1.0625045965474995,1.566990413645044,0
0.03187216266142289,1.0995403595284645,1.6016822578634728,0
0.029928994220313875,1.1111404650968704,1.6629392252347377,0
0.047131779098133146,0.8258666057212545,-1.4352804068839142,0
0.044387759518246556,0.8186486337617129,-1.4840822675570933,0
0.04157941152004586,0.8571680851395618,-1.5147111735839172,0
0.039349478913027876,0.8498033120769775,-1.5635036541434535,0
0.03689326297052044,0.8882857332060512,-1.5939976476546103,0
0.035031784403486456,0.9268313180137036,-1.6243953774495612,0
0.032343382106246966,0.9663101389930684,-1.6559416314185735,0
0.031056994367987197,0.9894170658473562,-1.6991428932856931,0
0.029545347734619982,0.9857963831335144,-1.7401739829686234,0
0.050603209732579646,0.7870549657684793,-1.4045887967937642,0
0.05458016340676437,0.7481303406665687,-1.3738845269642015,0
0.05900095572058081,0.7092503176796279,-1.3431817133480803,0
0.06410476007284144,0.6705983158359072,-1.3125686756354211,0
0.06962711707126262,0.6320833254418001,-1.2819741079706182,0
0.0759121219775141,0.5935099122618281,-1.2514551744481714,0
0.08263357128970734,0.6003896438029133,-1.2025871732685864,0
0.091087303217559,0.5618783883164284,-1.1722197755310904,0
0.09956271932628082,0.5688032766987918,-1.1235534294985565,0
0.1107651431369846,0.5305982052874254,-1.0931193892350892,0
0.12345285911890669,0.4922185747921496,-1.0626625393001554,0
0.13783720907984173,0.4537503266712115,-1.0319088098025384,0
0.15548616382370398,0.41498684021476806,-1.0018668547003051,0
0.17428989445611806,0.37546153235482893,-0.9716515897092135,0
0.19822089672938883,0.33688985429587004,-0.9415440648596898,0
0.13780433116211388,0.49977072212129725,1.013104159817395,0
0.15502495130997995,0.4615420620437507,0.9813884521041308,0
0.1755386528175517,0.42160120269297763,0.9527773036306832,0
0.19726273555998616,0.38268343336843436,0.9238795320956878,0
0.1224809424481291,0.5379745258904918,1.044395424430554,0
0.1098242245428836,0.5760366303895523,1.074744403430433,0
0.09839845824815747,0.6144161180048069,1.105034897871624,0
0.09067847592430703,0.6072315446350105,1.1536334045363277,0
0.08163635453813933,0.6459818153175607,1.183969346050036,0
0.07584767971595717,0.6390321440222391,1.2329549199999388,0
0.06886987316898928,0.6776564015804265,1.26359156723466,0
0.06350914167512633,0.7163847937734591,1.294256544804198,0
0.05829991970570723,0.7552346740026505,1.3249485041973297,0
0.053983678838855735,0.7941288541434657,1.3556682228015369,0
0.05001069620668282,0.8330089197864607,1.386381674563737,0
0.04648415078682312,0.8717536437363367,1.417039144883196,0
0.043443479530180275,0.9104239655038597,1.4476947879023518,0
0.04069790395587072,0.9486054715424808,1.478366484011826,0
0.03831610479543776,0.9413242710186296,1.5271011452976297,0
0.0361702498250347,0.979689547298707,1.5574678926984258,0
0.03454985460895737,1.0172975153290518,1.5851330528217207,0
0.03328059104464534,1.0523859876889465,1.6043549483657267,0
0.03163718296291533,1.0603868659140896,1.6429902325305348,0
0.02991573199906554,1.0699952387551892,1.6897071311446918,0
0.04750428554846419,0.780007101468116,-1.4534890869163752,0
0.0448182208387291,0.7728279241216152,-1.5022731639555233,0
0.0418788688023115,0.8113683523643549,-1.5328851976495512,0
0.03964934121233134,0.8040236174141511,-1.5816391289494842,0
0.03757864329872093,0.8425750126353104,-1.6121746101227346,0
0.03513988906515077,0.8811106293778748,-1.6425687100191544,0
0.03353850145812999,0.9194998606407785,-1.6726070337701633,0
0.03186989737471203,0.9455526259126585,-1.7137354912669882,0
0.03000807828785953,0.9427934721717717,-1.7638425294879063,0
0.05106080434968621,0.741187972825011,-1.4228288626328185,0
0.05509763160392109,0.7023420324961607,-1.3921893495941933,0
0.059386523825624885,0.663565961586253,-1.3615979945818202,0
0.06446542555727836,0.6250597025248623,-1.3309994190427203,0
0.07012302157723156,0.5866113877317989,-1.3004422055586025,0
0.07639219953986405,0.5480006094351311,-1.2698873600378855,0
0.08355142515235105,0.5549153801891824,-1.2209649577838955,0
0.091253878650783,0.5164565675553578,-1.1906237762489842,0
0.10081468904168284,0.5236219767656423,-1.1419135844831625,0
0.11128704859093397,0.48508230693625143,-1.1114046269006423,0
0.12426451876105724,0.4465283043579723,-1.0808417087652384,0
0.13844058889141347,0.4080179759357593,-1.0504493620355855,0
0.1545231236230554,0.3680458222700118,-1.019673849172359,0
0.17566627563304252,0.32842352977005884,-0.9886217685443472,0
0.1967098263068169,0.29028467803568636,-0.9569403354952273,0
0.13783720907988203,0.45375032667121196,1.031908809802538,0
0.155486163823117,0.4149868402147685,1.0018668547003047,0
0.1742898944568104,0.3754615323548294,0.9716515897092133,0
0.19822089672896057,0.3368898542958705,0.9415440648596896,0
0.12345285911886529,0.49221857479215014,1.062662539300155,0
0.11076514313718645,0.5305982052874259,1.0931193892350888,0
0.09956271932564209,0.5688032766987923,1.123553429498556,0
0.09108730321826757,0.5618783883164291,1.17221977553109,0
0.08263357128972444,0.6003896438029139,1.202587173268586,0
0.07591212197717619,0.5935099122618288,1.251455174448171,0
0.06962711707113271,0.6320833254418008,1.2819741079706177,0
0.06410476007287257,0.6705983158359079,1.3125686756354207,0
0.05900095572030065,0.7092503176796285,1.34318171334808,0
0.054580163406949336,0.7481303406665694,1.373884526964201,0
0.0506032097328395,0.78705496576848,1.4045887967937638,0
0.04713177909806882,0.8258666057212551,1.4352804068839138,0
0.04388357186125477,0.8645266627553883,1.4658786511622859,0
0.04115778926424059,0.9030424825751213,1.4965668492416897,0
0.03906177882402287,0.8956190673038171,1.5453504217494267,0
0.036952469684004105,0.9340245002836745,1.5758482220911898,0
0.034694317916398265,0.9720817765919001,1.6049907924632039,0
0.032640374568715685,1.0115633038189702,1.628061441032004,0
0.031741063399649105,1.0212206939993156,1.6704061400615458,0
0.030248371771750722,1.0282054871982265,1.715457220712734,0
0.047913418405037496,0.7341582533156197,-1.4716750845600464,0
0.05141615086884454,0.6954271158278531,-1.4411258387087722,0
0.055337968095012666,0.6567185461126068,-1.4105440308590103,0
0.05980895925891204,0.6180801027467773,-1.3800047173256664,0
0.06461231922311961,0.5794975307215875,-1.3493514221344465,0
0.07014381668259179,0.5409604740435405,-1.3187041651600204,0
0.07648283361613786,0.5023621380309764,-1.2880914710239875,0
0.08340384648477646,0.509474858367527,-1.2393250274103274,0
0.091981755168051,0.47089853238074786,-1.2087065395314425,0
0.10093307128822529,0.4779611612252256,-1.1601088432316402,0
0.11165734571913,0.43935936165323064,-1.1295773861480765,0
0.12370289189758885,0.400742443500152,-1.0990421277971385,0
0.1377465699513475,0.36222177997824445,-1.068640649642659,0
0.15503751245406824,0.3191632753664113,-1.036812870402047,0
0.1750841967166647,0.2789406504611345,-1.004197890929559,0
0.19750930424678947,0.2429801805664794,-0.9700312530284173,0
0.042132889292639246,0.765542950329031,-1.5510105000115373,0
0.039964662033042206,0.7583295788868947,-1.5997660774763323,0
0.037326729425329296,0.7968609085091001,-1.6303125295994743,0
0.03543604822551231,0.8354356381176817,-1.6608108080159205,0
0.0336207229283134,0.8740028702202587,-1.6913182881099482,0
0.03187945925017177,0.8999310898600792,-1.7307615682818231,0
0.02935917231055512,0.8992226575541566,-1.7864486032744522,0
0.04497769071272545,0.727017151589721,-1.5204563177716985,0
0.1242645187615446,0.44652830435797286,1.080841708765238,0
0.11128704859031019,0.485082306936252,1.111404626900642,0
0.10081468904159327,0.5236219767656427,1.141913584483162,0
0.0912538786508919,0.5164565675553585,1.1906237762489837,0
0.08355142515202381,0.5549153801891831,1.220964957783895,0
0.07639219953983746,0.5480006094351317,1.269887360037885,0
0.07012302157749274,0.5866113877317995,1.300442205558602,0
0.06446542555728228,0.625059702524863,1.33099941904272,0
0.059386523826000674,0.6635659615862537,1.3615979945818197,0
0.055097631604032374,0.7023420324961613,1.3921893495941928,0
0.05106080434946996,0.7411879728250117,1.422828862632818,0
0.04750428554814382,0.7800071014681167,1.4534890869163748,0
0.044387759518112385,0.8186486337617136,1.4840822675570928,0
0.04157941152016363,0.8571680851395624,1.5147111735839167,0
0.03934947891289174,0.8498033120769781,1.563503654143453,0
0.03689326297074473,0.8882857332060519,1.5939976476546098,0
0.03503178440342955,0.9268313180137044,1.6243953774495608,0
0.032343382106425116,0.9663101389930693,1.655941631418573,0
0.031056994368215737,0.9894170658473571,1.6991428932856927,0
0.029545347734222824,0.9857963831335153,1.740173982968623,0
0.13844058889119343,0.40801797593575984,1.050449362035585,0
0.15452312362329737,0.36804582227001226,1.019673849172359,0
0.1756662756318096,0.3284235297700593,0.988621768544347,0
0.19670982630658915,0.2902846780356868,0.9569403354952271,0
0.04817610538470723,0.6883693530345407,-1.4898868487216945,0
0.04517757663808208,0.681250041934633,-1.5386390392957165,0
0.04243180545140704,0.7197947969313134,-1.5692109021911715,0
0.0397415922222013,0.7125933238871918,-1.6179564319250024,0
0.03769201521337274,0.7511618762505798,-1.6484669721813272,0
0.03557591528475344,0.7897304639994498,-1.6789596856065523,0
0.03402705912109734,0.8277856665208856,-1.7081406940588755,0
0.03255898838383459,0.859190717032067,-1.7248551399105954,0
0.03143101044832222,0.8579788665175594,-1.7635396326281563,0
0.03042398452806787,0.855110184991539,-1.8079785871308691,0
0.05162045957470081,0.6497186334191409,-1.4593570135546825,0
0.05559554146755788,0.6111480800637323,-1.4287414852392364,0
0.05979054051492459,0.5724530245671198,-1.3981753524001075,0
0.06489149903710752,0.533823812560934,-1.3675109742324745,0
0.07016527009399662,0.4951911373704596,-1.3369108528425813,0
0.07618033693065589,0.4566925259191854,-1.3062533764974125,0
0.08351505009106401,0.46383276279570473,-1.2573541431005455,0
0.09112633771690484,0.42527942044841616,-1.2266405731933705,0
0.10072743313722225,0.4323187102210181,-1.1781463760709106,0
0.11135937537691058,0.39359265178888514,-1.1477751322528325,0
0.1238591911863312,0.35495753549541875,-1.117213305089129,0
0.13703872565990402,0.31370862659348153,-1.085639809860739,0
0.15637422224824238,0.2690254522775376,-1.051901303151065,0
0.17265194560625038,0.22658593868666216,-1.018488388592635,0
0.19944412990858762,0.19509032252401665,-0.9807852803022054,0
0.11165734571939571,0.4393593616532312,1.129577386148076,0
0.10093307128801883,0.47796116122522614,1.1601088432316398,0
0.09198175516731529,0.4708985323807484,1.208706539531442,0
0.08340384648542848,0.5094748583675277,1.239325027410327,0
0.0764828336160373,0.5023621380309771,1.288091471023987,0
0.07014381668280296,0.5409604740435412,1.31870416516002,0
0.06461231922272406,0.5794975307215882,1.349351422134446,0
0.059808959259146574,0.6180801027467779,1.380004717325666,0
0.0553379680945732,0.6567185461126075,1.4105440308590098,0
0.05141615086871532,0.6954271158278538,1.4411258387087718,0
0.047913418405185364,0.7341582533156203,1.471675084560046,0
0.04481822083913371,0.7728279241216158,1.502273163955523,0
0.04187886880240473,0.8113683523643556,1.5328851976495508,0
0.03964934121257124,0.8040236174141517,1.5816391289494838,0
0.0375786432988079,0.8425750126353111,1.612174610122734,0
0.03513988906527814,0.8811106293778757,1.642568710019154,0
0.03353850145806232,0.9194998606407794,1.6726070337701628,0
0.03186989737471629,0.9455526259126594,1.7137354912669878,0
0.03000807828809363,0.9427934721717726,1.7638425294879059,0
0.12370289189700841,0.40074244350015253,1.099042127797138,0
0.13774656995136325,0.362221779978245,1.068640649642659,0
0.15503751245423672,0.31916327536641176,1.036812870402047,0
0.175084196716816,0.2789406504611349,1.004197890929559,0
0.19750930424675853,0.24298018056647985,0.9700312530284171,0
0.048347582881384105,0.6426195207666947,-1.5080911209063432,0
0.04520558256516548,0.6354759842480155,-1.5568159013798895,0
0.04255664737226729,0.6740613245801403,-1.5873789228274564,0
0.04003704817312258,0.6669036514610693,-1.6360853882548132,0
0.038025809181303764,0.7054617558284966,-1.6666170100788422,0
0.03551118646463561,0.744031211551494,-1.6971085224516553,0
0.03388957101990659,0.7825891545040642,-1.7275986306707742,0
0.03224570890353518,0.8181177421772887,-1.7449471571492552,0
0.031156283460143257,0.8130398910836041,-1.7848688434964375,0
0.029889474279150494,0.810482626032343,-1.8284195122836873,0
0.05171012380456973,0.6039782597480687,-1.4775185379453741,0
0.055575731576768546,0.5653297100242296,-1.4469192155108102,0
0.059938125308228965,0.5266645463085127,-1.4163189620861565,0
0.06435412409669876,0.4879862440859424,-1.3857110115418312,0
0.0701277385560899,0.4493858238898887,-1.3549555759422471,0
0.07585148380957418,0.41073490836770277,-1.3235299389249995,0
0.0833161040296328,0.4180151612393421,-1.2750544577923815,0
0.09078562089501736,0.3794126042367717,-1.2445794559813168,0
0.10065898894959245,0.38663674633292555,-1.1962167773943122,0
0.10962410320341356,0.3478461690680469,-1.165918470710803,0
0.12181350353259879,0.3084369658318983,-1.134335909489621,0
0.13629644160252322,0.26891265440161594,-1.102146110577886,0
0.15379146466720514,0.22010089776117153,-1.0625488624810968,0
0.167729951001287,0.1787543290553119,-1.034882314224999,0
0.20004304617129565,0.14673047483692764,-0.989176509908181,0
0.1113593753768819,0.3935926517888857,1.147775132252832,0
0.1238591911865439,0.3549575354954193,1.117213305089129,0
0.1370387256599979,0.3137086265934821,1.085639809860739,0
0.15637422224829292,0.26902545227753816,1.051901303151065,0
0.17265194560740021,0.22658593868666266,1.018488388592635,0
0.19944412990788693,0.19509032252401715,0.9807852803022051,0
0.10072743313739685,0.43231871022101864,1.17814637607091,0
0.09112633771714829,0.4252794204484167,1.22664057319337,0
0.08351505009121718,0.4638327627957053,1.257354143100545,0
0.07618033693086253,0.4566925259191861,1.306253376497412,0
0.07016527009376189,0.4951911373704603,1.3369108528425808,0
0.06489149903756998,0.5338238125609347,1.367510974232474,0
0.059790540514849694,0.5724530245671204,1.398175352400107,0
0.055595541467559184,0.611148080063733,1.428741485239236,0
0.05162045957479168,0.6497186334191416,1.459357013554682,0
0.048176105384935344,0.6883693530345414,1.489886848721694,0
0.04497769071278729,0.7270171515897217,1.520456317771698,0
0.04213288929221287,0.7655429503290316,1.5510105000115368,0
0.03996466203298675,0.7583295788868953,1.5997660774763318,0
0.037326729425181684,0.796860908509101,1.6303125295994738,0
0.03543604822530943,0.8354356381176826,1.66081080801592,0
0.033620722928198274,0.8740028702202596,1.6913182881099478,0
0.03187945925014427,0.8999310898600801,1.7307615682818227,0
0.02935917231055493,0.8992226575541575,1.7864486032744518,0
0.048367806283422035,0.5968441469997989,-1.5262651688857545,0
0.05182361939360354,0.5581773160330761,-1.4957010917114455,0
0.05538823439379483,0.5194966514366268,-1.4651228610774734,0
0.05976945796836924,0.48081418966765455,-1.4345188498682673,0
0.06435524789765555,0.4421504930767419,-1.4038711475725774,0
0.06925183946746374,0.4034586194946552,-1.3729279703358452,0
0.07536935544807072,0.36474329295742614,-1.3420197378988,0
0.08256663418917672,0.3720098234345859,-1.29298200387834,0
0.0900428488701681,0.33336682103573245,-1.26246205337039,0
0.09943719606587578,0.34085187677137074,-1.2140717345419088,0
0.11011079011186777,0.301918774655188,-1.183185460292307,0
0.11879644939778743,0.26269009724272985,-1.151639946060103,0
0.13267944392432998,0.22191810231964693,-1.119217208372746,0
0.1449931630025198,0.18511491941593178,-1.090105394089912,0
0.15653551159898743,0.1484540183781486,-1.069478001292287,0
0.17319204042209718,0.12501317957324537,-1.035561018515463,0
0.1977856917492722,0.09801714056964247,-0.9951847266485508,0
0.04532544797646979,0.5897173596129548,-1.5749957551347262,0
0.042534225844494664,0.628347296982916,-1.6055394276913764,0
0.04008746162674719,0.6212006986037419,-1.6542411100321843,0
0.03759700506852293,0.6597575088839309,-1.6847794269740195,0
0.03550122770218495,0.6983203083882774,-1.7152798826443685,0
0.03402023246755649,0.7369145005194948,-1.7457336883349854,0
0.032228496508110265,0.7730950325325989,-1.7642356600390245,0
0.03131345746357593,0.7692677476283012,-1.8031962761698503,0
0.029674439966292928,0.7653668625933476,-1.8477590659076784,0
0.10962410320277237,0.34784616906804744,1.165918470710803,0
0.10065898894973078,0.3866367463329261,1.1962167773943118,0
0.0907856208956292,0.37941260423677226,1.2445794559813168,0
0.08331610402910825,0.4180151612393428,1.275054457792381,0
0.07585148380952138,0.41073490836770343,1.323529938924999,0
0.07012773855602128,0.44938582388988935,1.3549555759422467,0
0.06435412409698835,0.48798624408594304,1.3857110115418307,0
0.05993812530761712,0.5266645463085133,1.416318962086156,0
0.055575731577173645,0.5653297100242303,1.4469192155108097,0
0.05171012380414053,0.6039782597480694,1.4775185379453737,0
0.048347582881453466,0.6426195207666954,1.5080911209063428,0
0.04517757663780296,0.6812500419346337,1.538639039295716,0
0.04243180545143126,0.7197947969313141,1.569210902191171,0
0.03974159222215428,0.7125933238871927,1.617956431925002,0
0.037692015213411055,0.7511618762505807,1.6484669721813268,0
0.03557591528482892,0.7897304639994507,1.6789596856065518,0
0.0340270591213783,0.8277856665208865,1.708140694058875,0
0.03255898838366902,0.8591907170320678,1.724855139910595,0
0.03143101044813561,0.8579788665175603,1.7635396326281558,0
0.030423984528152242,0.8551101849915399,1.8079785871308687,0
0.1218135035335516,0.30843696583189883,1.134335909489621,0
0.13629644160250085,0.2689126544016165,1.102146110577886,0
0.15379146466699997,0.22010089776117203,1.0625488624810968,0
0.16772995100040802,0.1787543290553124,1.034882314224999,0
0.2000430461721293,0.14673047483692814,0.989176509908181,0
0.048145391225722194,0.5510415653227025,-1.5444866858613002,0
0.05166051939949089,0.5123478992267796,-1.5139186190521614,0
0.05523649696108513,0.4736439390260099,-1.4833375594071263,0
0.05917535011326251,0.4349346948827666,-1.4527104669804694,0
0.0638118410876529,0.39624209352542916,-1.4220054950693595,0
0.06880285500446545,0.35749510515074423,-1.391185926607087,0
0.0743258520503952,0.3186905432063465,-1.360195870698122,0
0.08124457031973485,0.32593760893702206,-1.3111714858139032,0
0.08906752780637368,0.2870510277159104,-1.280334932435385,0
0.09769125748821744,0.29458434498483543,-1.231677909434284,0
0.107594705839145,0.2556921439484664,-1.20081514108489,0
0.11906902907859837,0.216693596757756,-1.169802319917377,0
0.13051976361659348,0.17799644833867678,-1.139060617110101,0
0.14104883230588006,0.13892061692745494,-1.110125723683732,0
0.15855284341291534,0.1066590993021205,-1.080429989578334,0
0.16958186870578099,0.07526093772212955,-1.045564283086771,0
0.19658142542410567,0.04906767443121758,-0.9987954562000729,0
0.042362293373893,0.5826153788396264,-1.6237125703491815,0
0.04013569340160872,0.5754924991335431,-1.6724067251201484,0
0.03767645451814355,0.6139661343585026,-1.7030452731148473,0
0.035862091286389515,0.6525261225288062,-1.7335608421173565,0
0.034089778745030025,0.6903421262742435,-1.7617494259109452,0
0.03266864984331506,0.7289465041660175,-1.7850367805236536,0
0.030991910117796697,0.7248027001288613,-1.8263860521078552,0
0.030650605966621072,0.7197900710654326,-1.8659855984427152,0
0.04530815287723675,0.5439459904452801,-1.5932758212545934,0
0.09943719606577327,0.3408518767713713,1.2140717345419088,0
0.09004284887011446,0.333366821035733,1.26246205337039,0
0.08256663418895357,0.37200982343458655,1.29298200387834,0
0.0753693554481315,0.3647432929574268,1.3420197378988,0
0.06925183946718404,0.4034586194946559,1.3729279703358448,0
0.0643552478976987,0.4421504930767426,1.403871147572577,0
0.05976945796826549,0.4808141896676552,1.4345188498682668,0
0.055388234393838005,0.5194966514366275,1.465122861077473,0
0.051823619393652126,0.5581773160330767,1.495701091711445,0
0.04836780628333283,0.5968441469997996,1.526265168885754,0
0.045205582565146014,0.6354759842480162,1.556815901379889,0
0.042556647372584196,0.674061324580141,1.587378922827456,0
0.04003704817313523,0.6669036514610702,1.6360853882548128,0
0.03802580918120813,0.7054617558284975,1.6666170100788418,0
0.035511186464674535,0.7440312115514949,1.6971085224516549,0
0.033889571020033024,0.7825891545040651,1.7275986306707738,0
0.03224570890342113,0.8181177421772896,1.7449471571492547,0
0.031156283460115626,0.813039891083605,1.784868843496437,0
0.029889474278936068,0.8104826260323439,1.8284195122836868,0
0.11011079011219327,0.30191877465518857,1.183185460292307,0
0.11879644939707952,0.2626900972427304,1.151639946060103,0
0.13267944392498573,0.22191810231964748,1.119217208372746,0
0.14499316300198206,0.18511491941593228,1.090105394089912,0
0.1565355115996127,0.1484540183781491,1.069478001292287,0
0.17319204042238626,0.12501317957324587,1.035561018515463,0
0.19778569174918725,0.09801714056964295,0.9951847266485508,0
0.04803077914483639,0.5052166796183264,-1.5627636591291225,0
0.044999862499277,0.49808885295392813,-1.6116046261293144,0
0.042177887148283334,0.5367731292190656,-1.6420506417088345,0
0.03986612281323332,0.5296152599147996,-1.6908200676636043,0
0.03764947850899184,0.5683501184756237,-1.7210843748206894,0
0.03582501510901605,0.6062648719815882,-1.7517347302678317,0
0.03366511330016887,0.6441707834095807,-1.7795069687504594,0
0.03154721681401113,0.6824658404162984,-1.8109650460711095,0
0.030585339480806023,0.687296474746274,-1.8490105069204632,0
0.028929140922680993,0.67377970487645,-1.8830881310487313,0
0.05135172116973117,0.4664979617709978,-1.5321785964296253,0
0.05483215874786843,0.4277704117103879,-1.5015945278696452,0
0.05887568425427621,0.3890181613194674,-1.4709227542214824,0
0.06296978771041482,0.35024547450578813,-1.4401660948385748,0
0.06766373210233305,0.3114415387090035,-1.40934639815831,0
0.07311702675590791,0.2725948296956924,-1.3784788153751388,0
0.08024095057691509,0.2798303326768232,-1.329394721754459,0
0.08700210229470728,0.24097049728194936,-1.2985876924889,0
0.096827640732394,0.24822595344380943,-1.249549437856368,0
0.10377590136843641,0.209475803264563,-1.218831323605658,0
0.11564732905358499,0.17171886473413867,-1.1881852256906802,0
0.12075544334570637,0.12557428605446008,-1.161007384923481,0
0.13856446930992292,0.09303786996718177,-1.125473753467015,0
0.15025479114030504,0.07124812390196147,-1.092899391922077,0
0.16016873331279866,0.037941139861740344,-1.076057135607035,0
0.1794517430329107,0.03720598610672238,-1.036541042540306,0
0.19430028259453516,-2.591808530679738e-16,-1.0,0
0.09769125748796832,0.294584344984836,1.231677909434284,0
0.08906752780593147,0.28705102771591107,1.280334932435385,0
0.08124457032006352,0.3259376089370227,1.3111714858139032,0
0.07432585205069059,0.31869054320634715,1.360195870698122,0
0.06880285500420244,0.3574951051507449,1.391185926607087,0
0.06381184108741689,0.39624209352542983,1.422005495069359,0
0.059175350113611976,0.43493469488276726,1.452710466980469,0
0.05523649696079856,0.47364393902601054,1.4833375594071259,0
0.05166051939988661,0.5123478992267803,1.513918619052161,0
0.04814539122555775,0.5510415653227032,1.5444866858612998,0
0.04532544797654444,0.5897173596129555,1.5749957551347258,0
0.042534225844366766,0.6283472969829167,1.605539427691376,0
0.04008746162690072,0.6212006986037428,1.6542411100321839,0
0.03759700506854091,0.6597575088839318,1.684779426974019,0
0.03550122770229371,0.6983203083882783,1.715279882644368,0
0.03402023246722815,0.7369145005194957,1.745733688334985,0
0.032228496508260894,0.7730950325325998,1.764235660039024,0
0.03131345746381776,0.7692677476283021,1.80319627616985,0
0.029674439966207205,0.7653668625933485,1.847759065907678,0
0.10759470583955003,0.25569214394846695,1.20081514108489,0
0.1190690290781185,0.21669359675775657,1.169802319917377,0
0.13051976361673207,0.17799644833867734,1.139060617110101,0
0.14104883230514603,0.1389206169274555,1.110125723683732,0
0.15855284341298212,0.10665909930212103,1.080429989578334,0
0.16958186870560849,0.07526093772213005,1.045564283086771,0
0.19658142542484863,0.04906767443121807,0.9987954562000729,0
0.04773203688126558,0.45935407468174494,-1.5811556519968584,0
0.050892887951487296,0.42060639106817377,-1.5505070239229584,0
0.054333262671696914,0.3818470441582392,-1.5198567231207967,0
0.057875533442280726,0.3430488879727096,-1.4891472385085869,0
0.06260559177880926,0.30422706035737446,-1.458388756466627,0
0.06649150513649621,0.26536193778133055,-1.427575947573089,0
0.0718080591996464,0.22646276044789015,-1.3967556434549313,0
0.07874004777756011,0.23370783370633963,-1.347657995702593,0
0.08503867150186552,0.1919306221687876,-1.315452553377113,0
0.09527355386951285,0.19967445931444044,-1.2668207874490909,0
0.10091695473915102,0.1633903230922767,-1.237022592969058,0
0.11240336377027162,0.1293325988712707,-1.210010914357945,0
0.11525475432493362,0.08809221923470831,-1.197018626328959,0
0.12737854059755557,0.07832031644348014,-1.159499000354933,0
0.13836863696463628,0.044522010222624156,-1.125704394314883,0
0.1463620304583724,-3.073033988672743e-16,-1.1,0
0.17701034456759937,-2.8324212596762404e-16,-1.05,0
0.179451743031836,-0.037205986106723,-1.036541042540306,0
0.19658142542454976,-0.04906767443121819,-0.9987954562000729,0
0.04215372613504668,0.490831103193457,-1.6605567674059465,0
0.03963279854889742,0.48359113902482165,-1.7095098021735295,0
0.037245642825736835,0.52244788904348,-1.7396325597795013,0
0.03580017038449312,0.560842322224085,-1.7706329664454001,0
0.03397577635083791,0.597464607821055,-1.7989015125862062,0
0.032812139757342845,0.6330250176403862,-1.8167133472220511,0
0.03219030719042912,0.648776411490257,-1.8523616892636552,0
0.029789067163454093,0.6273634790264127,-1.8990563617712555,0
0.04459353263984197,0.45217759817854863,-1.6300816207427935,0
0.09682764073247774,0.24822595344381004,1.249549437856368,0
0.08700210229495509,0.24097049728194997,1.2985876924889,0
0.08024095057698015,0.2798303326768239,1.329394721754459,0
0.07311702675579913,0.27259482969569304,1.3784788153751388,0
0.06766373210247278,0.31144153870900415,1.40934639815831,0
0.06296978771049272,0.3502454745057888,1.4401660948385748,0
0.05887568425408607,0.3890181613194681,1.470922754221482,0
0.05483215874794872,0.42777041171038865,1.5015945278696448,0
0.05135172116961345,0.46649796177099856,1.5321785964296248,0
0.04803077914476962,0.5052166796183271,1.562763659129122,0
0.04530815287695153,0.5439459904452808,1.593275821254593,0
0.04236229337385831,0.5826153788396273,1.623712570349181,0
0.04013569340166942,0.5754924991335439,1.672406725120148,0
0.03767645451804776,0.6139661343585034,1.7030452731148469,0
0.035862091286438205,0.652526122528807,1.733560842117356,0
0.03408977874483428,0.6903421262742444,1.7617494259109447,0
0.03266864984325846,0.7289465041660184,1.785036780523653,0
0.030991910117828616,0.7248027001288622,1.8263860521078548,0
0.030650605966905508,0.7197900710654335,1.8659855984427147,0
0.10377590136827658,0.2094758032645636,1.218831323605658,0
0.11564732905407725,0.17171886473413922,1.1881852256906802,0
0.12075544334567871,0.12557428605446064,1.161007384923481,0
0.13856446931040034,0.09303786996718233,1.125473753467015,0
0.15025479113959272,0.071248123901962,1.092899391922077,0
0.16016873331290202,0.03794113986174086,1.076057135607035,0
0.17945174303170175,0.03720598610672288,1.036541042540306,0
0.1943002825945967,2.220446049250313e-16,1.0,0
0.04743656154715621,0.4134744164963754,-1.5994759586643534,0
0.05028841086478483,0.3746944375912985,-1.5687806854564728,0
0.05385327554181512,0.3358702774328145,-1.5380954424125448,0
0.05706856156611279,0.297022355214983,-1.507402150851457,0
0.060945248356275725,0.2581411923806982,-1.476666100659508,0
0.06560629925306555,0.21922941831972004,-1.445862726266407,0
0.0701415104005999,0.18030853711686246,-1.415042858290683,0
0.07723693568355798,0.1875538461863817,-1.365924926147193,0
0.08423319259693322,0.14311361576714043,-1.331276302514291,0
0.0930637358455482,0.15423797838408088,-1.282167594887338,0
0.10237480203702025,0.12743158589018028,-1.252124005671904,0
0.10312579008053446,0.09005898609443924,-1.245307382624987,0
0.10625832562722688,0.045045183565117636,-1.2242538135382919,0
0.12399771061508486,0.042688991665124174,-1.176337163535087,0
0.13092323589624008,-3.3136467176692455e-16,-1.15,0
0.1383686369653474,-0.044522010222624836,-1.125704394314883,0
0.16016873331228393,-0.03794113986174098,-1.076057135607035,0
0.16958186870482742,-0.07526093772213018,-1.045564283086771,0
0.1977856917502952,-0.09801714056964306,-0.9951847266485508,0
0.04168445080389217,0.44494607475332015,-1.6790173877211065,0
0.044191747774895006,0.4062712388417774,-1.6483979268447455,0
0.03732634520649273,0.476455516644279,-1.7584105664013523,0
0.03536168214346399,0.5150815458796794,-1.7891616994758612,0
0.03374283648631241,0.5533480134903659,-1.8203703530745625,0
0.031909919173248404,0.5977645053610161,-1.853875372723089,0
0.02978938467764518,0.5805693529125169,-1.9138806719486832,0
0.03906133315264978,0.43774403432057196,-1.7280059641580743,0
0.09527355386915841,0.19967445931444106,1.2668207874490909,0
0.08503867150163567,0.1919306221687882,1.315452553377113,0
0.0787400477773361,0.2337078337063403,1.347657995702593,0
0.0718080591999191,0.22646276044789082,1.3967556434549313,0
0.06649150513628299,0.2653619377813312,1.427575947573089,0
0.06260559177903227,0.3042270603573751,1.458388756466627,0
0.0578755334423914,0.34304888797271027,1.4891472385085869,0
0.05433326267183274,0.38184704415824,1.5198567231207967,0
0.05089288795185867,0.42060639106817455,1.550507023922958,0
0.047732036881217306,0.4593540746817457,1.581155651996858,0
0.04499986249957782,0.4980888529539289,1.611604626129314,0
0.04217788714853895,0.5367731292190665,1.642050641708834,0
0.03986612281296215,0.5296152599148005,1.6908200676636038,0
0.037649478509040823,0.5683501184756246,1.721084374820689,0
0.03582501510891249,0.6062648719815891,1.7517347302678312,0
0.03366511330034608,0.6441707834095816,1.779506968750459,0
0.03154721681404783,0.6824658404162993,1.810965046071109,0
0.03058533948071134,0.6872964747462749,1.8490105069204628,0
0.028929140922463892,0.6737797048764509,1.8830881310487309,0
0.10091695473904852,0.1633903230922773,1.237022592969058,0
0.1124033637703085,0.12933259887127124,1.210010914357945,0
0.11525475432493765,0.08809221923470889,1.197018626328959,0
0.12737854059628637,0.0783203164434807,1.159499000354933,0
0.13836863696597942,0.0445220102226247,1.125704394314883,0
0.14636203045758903,2.220446049250313e-16,1.1,0
0.17701034456681253,2.220446049250313e-16,1.05,0
0.17945174303340464,-0.0372059861067225,1.036541042540306,0
0.19658142542306417,-0.049067674431217706,0.9987954562000729,0
0.046895302889482876,0.36752371487957747,-1.6177352077748557,0
0.043466680565429607,0.3603517851551631,-1.6666859882254128,0
0.04160228050044249,0.39909238726389973,-1.6973627068952504,0
0.03859163417013655,0.3918712067607595,-1.7462913159846025,0
0.03711170093846393,0.43058236603674627,-1.7769062943872242,0
0.03479870151372063,0.46926374110706415,-1.8074088000968143,0
0.03351288284784556,0.5074931588058971,-1.8397788577111465,0
0.03122349445597106,0.5444373455470704,-1.8772248490305645,0
0.030158336436313195,0.533425513494042,-1.9275521319937412,0
0.04961643762563631,0.32871573818604294,-1.587062106724503,0
0.05286308093441259,0.28987602880205043,-1.5563880002167207,0
0.05656283903047923,0.25097423121321005,-1.525720328618073,0
0.05984332157807369,0.21201022851363666,-1.4949997026729989,0
0.06399241024059793,0.1730463037756324,-1.464162576520311,0
0.06793799739479864,0.1339685037429097,-1.432372386813668,0
0.07467659857722672,0.13912838018174645,-1.383272033175373,0
0.08151912778296633,0.09647632513066864,-1.352409844500705,0
0.08978464247215814,0.09963648513448559,-1.294507111164958,0
0.09553061482815674,0.045307778724191616,-1.275068861232616,0
0.10437626110943564,-3.7948721756622506e-16,-1.25,0
0.11473200000665826,-3.554259446665748e-16,-1.2,0
0.12399771061478987,-0.04268899166512489,-1.176337163535087,0
0.12737854059739873,-0.07832031644348084,-1.159499000354933,0
0.13856446930986985,-0.09303786996718248,-1.125473753467015,0
0.15855284341269218,-0.10665909930212117,-1.080429989578334,0
0.15025479113949577,-0.07124812390196214,-1.092899391922077,0
0.17319204042241346,-0.125013179573246,-1.035561018515463,0
0.2000430461704123,-0.14673047483692828,-0.989176509908181,0
0.09306373584630387,0.1542379783840815,1.282167594887338,0
0.08423319259674732,0.1431136157671411,1.331276302514291,0
0.07723693568385948,0.18755384618638238,1.365924926147193,0
0.07014151040017036,0.18030853711686312,1.415042858290683,0
0.06560629925331475,0.21922941831972076,1.445862726266407,0
0.06094524835569186,0.2581411923806989,1.476666100659508,0
0.05706856156652938,0.29702235521498377,1.507402150851457,0
0.053853275541240905,0.3358702774328153,1.5380954424125448,0
0.05028841086486503,0.3746944375912993,1.5687806854564728,0
0.0474365615468211,0.4134744164963762,1.599475958664353,0
0.0445935326401544,0.4521775981785494,1.630081620742793,0
0.04215372613465643,0.4908311031934578,1.660556767405946,0
0.03963279854913077,0.4835911390248224,1.709509802173529,0
0.0372456428256626,0.5224478890434809,1.7396325597795008,0
0.03580017038457494,0.5608423222240859,1.7706329664453997,0
0.03397577635082342,0.5974646078210559,1.7989015125862058,0
0.03281213975733144,0.6330250176403871,1.8167133472220507,0
0.032190307190463736,0.6487764114902579,1.8523616892636547,0
0.029789067163626885,0.6273634790264135,1.899056361771255,0
0.1023748020368472,0.1274315858901809,1.252124005671904,0
0.10312579008085841,0.09005898609443985,1.245307382624987,0
0.10625832562701938,0.04504518356511822,1.2242538135382919,0
0.12399771061483003,0.04268899166512474,1.176337163535087,0
0.1309232358964161,2.220446049250313e-16,1.15,0
0.13836863696486484,-0.044522010222624295,1.125704394314883,0
0.16016873331355147,-0.03794113986174047,1.076057135607035,0
0.1695818687063017,-0.07526093772212968,1.045564283086771,0
0.19778569174998867,-0.09801714056964259,0.9951847266485508,0
0.04646720513600918,0.3215565346357655,-1.63602157031247,0
0.043206476782531575,0.31438987038694177,-1.684974533098074,0
0.04093680425253229,0.35311879154194126,-1.715666618898736,0
0.038477593564467456,0.34583151637307696,-1.7647329237059197,0
0.0364003149346872,0.38455640201604524,-1.7953901169059585,0
0.03513952602578342,0.4232389998707695,-1.8261477166214721,0
0.03262606666182779,0.46089391745695973,-1.8578343459949784,0
0.03162425951973708,0.49731875304375417,-1.8912626241194852,0
0.02996516565052692,0.48596035853698494,-1.9400625067070925,0
0.04899163476592647,0.2827348787640728,-1.605378193961792,0
0.051820683555674305,0.24389021285287715,-1.574695950369547,0
0.055090281794340654,0.20497932559438142,-1.5439550105116622,0
0.058739149811232856,0.16652104826119357,-1.512466978477769,0
0.06314280914138913,0.12807480255857245,-1.481355706736923,0
0.06633198952929281,0.08823641268801594,-1.4527678473143768,0
0.07367853014023948,0.09334945314651644,-1.402605880785698,0
0.07724458358887538,0.04855147740473176,-1.375700978922926,0
0.08602434434626938,0.05187126222773866,-1.325083796556721,0
0.09267101753816036,-4.035484904658753e-16,-1.3,0
0.09553061482799792,-0.04530777872419238,-1.275068861232616,0
0.1062583256273508,-0.045045183565118364,-1.2242538135382919,0
0.11525475432469305,-0.08809221923470904,-1.197018626328959,0
0.12075544334585736,-0.12557428605446078,-1.161007384923481,0
0.14104883230522955,-0.13892061692745566,-1.110125723683732,0
0.15653551160044943,-0.1484540183781492,-1.069478001292287,0
0.16772995100091467,-0.17875432905531255,-1.034882314224999,0
0.1994441299092045,-0.19509032252401728,-0.9807852803022052,0
0.08978464247214495,0.0996364851344862,1.294507111164958,0
0.0955306148282803,0.04530777872419223,1.275068861232616,0
0.10437626110884764,2.220446049250313e-16,1.25,0
0.11473200000717629,2.220446049250313e-16,1.2,0
0.12399771061500844,-0.04268899166512432,1.176337163535087,0
0.12737854059661802,-0.07832031644348028,1.159499000354933,0
0.13856446931070293,-0.09303786996718193,1.125473753467015,0
0.15855284341208234,-0.10665909930212064,1.080429989578334,0
0.15025479114039583,-0.07124812390196161,1.092899391922077,0
0.07467659857668234,0.1391283801817471,1.383272033175373,0
0.06793799739458786,0.13396850374291036,1.432372386813668,0
0.06399241024124873,0.17304630377563313,1.464162576520311,0
0.05984332157807828,0.21201022851363738,1.4949997026729989,0
0.05656283903071789,0.25097423121321083,1.525720328618073,0
0.052863080934547294,0.2898760288020512,1.5563880002167207,0
0.04961643762533455,0.3287157381860437,1.587062106724503,0
0.04689530288956545,0.36752371487957824,1.6177352077748557,0
0.04419174777457731,0.4062712388417782,1.648397926844745,0
0.04168445080382637,0.44494607475332093,1.679017387721106,0
0.039061333152602046,0.43774403432057274,1.7280059641580738,0
0.037326345206459534,0.4764555166442799,1.7584105664013518,0
0.03536168214346713,0.5150815458796802,1.7891616994758608,0
0.033742836486305015,0.5533480134903668,1.820370353074562,0
0.03190991917333447,0.597764505361017,1.8538753727230886,0
0.029789384677514644,0.5805693529125178,1.9138806719486827,0
0.08151912778305888,0.09647632513066928,1.352409844500705,0
0.17319204042164077,-0.1250131795732455,1.035561018515463,0
0.20004304617192717,-0.14673047483692778,0.989176509908181,0
0.04525148321911823,0.27557550585248103,-1.654329840225027,0
0.042620007119929276,0.268386524175806,-1.7032808422062349,0
0.0401575881287634,0.3071491288546042,-1.7340247508089381,0
0.03770069565606038,0.2999487683962818,-1.7830134130350404,0
0.03607011171578859,0.3386296248089178,-1.8137163862411327,0
0.034062411956072826,0.37709690245515404,-1.8442659484441617,0
0.03288573080957212,0.41470166107193385,-1.8742998673352531,0
0.03170844207557443,0.4517022244215716,-1.9051230532793946,0
0.029664011815837065,0.438202479008571,-1.9514042603701425,0
0.04847927481861973,0.23671806579169352,-1.6236436484415262,0
0.050969614120502583,0.1979408375207904,-1.593006883881828,0
0.05431481493632359,0.16001691586498878,-1.562047742327355,0
0.05686933979971751,0.12292161373287694,-1.530124103446566,0
0.060399816722344526,0.08370390425982571,-1.500907669817843,0
0.06359854623698176,0.04359109009904612,-1.475000000000001,0
0.07015359661206899,0.045487959753648374,-1.4253534333835467,0
0.07324604869404615,-4.516710362651758e-16,-1.4,0
0.08189727650693099,-4.2760976336552557e-16,-1.35,0
0.08602434434603119,-0.05187126222773946,-1.325083796556721,0
0.08978464247220173,-0.09963648513448635,-1.294507111164958,0
0.10312579008038544,-0.09005898609444002,-1.245307382624987,0
0.11240336376977005,-0.12933259887127135,-1.210010914357945,0
0.11564732905380491,-0.17171886473413936,-1.1881852256906802,0
0.13051976361691203,-0.17799644833867748,-1.139060617110101,0
0.1449931630027677,-0.1851149194159324,-1.090105394089912,0
0.1537914646669938,-0.22010089776117214,-1.0625488624810968,0
0.17265194560691988,-0.2265859386866628,-1.018488388592635,0
0.19750930424678262,-0.24298018056647994,-0.9700312530284172,0
0.08602434434579227,0.0518712622277393,1.325083796556721,0
0.09267101753852411,2.220446049250313e-16,1.3,0
0.09553061482766344,-0.04530777872419177,1.275068861232616,0
0.10625832562760024,-0.04504518356511778,1.2242538135382919,0
0.11525475432411511,-0.08809221923470846,1.197018626328959,0
0.12075544334623833,-0.12557428605446022,1.161007384923481,0
0.14104883230533855,-0.1389206169274551,1.110125723683732,0
0.15653551159857143,-0.1484540183781487,1.069478001292287,0
0.16772995100017749,-0.17875432905531205,1.034882314224999,0
0.19944412990875182,-0.19509032252401678,0.9807852803022052,0
0.07367853014096538,0.0933494531465171,1.402605880785698,0
0.07724458358882945,0.048551477404732424,1.375700978922926,0
0.06633198952917854,0.08823641268801663,1.4527678473143768,0
0.0631428091413953,0.12807480255857318,1.481355706736923,0
0.05873914981122251,0.1665210482611943,1.512466978477769,0
0.055090281793862335,0.20497932559438214,1.5439550105116622,0
0.05182068355599317,0.24389021285287793,1.574695950369547,0
0.04899163476553786,0.28273487876407355,1.605378193961792,0
0.04646720513671117,0.3215565346357663,1.63602157031247,0
0.04346668056538309,0.36035178515516386,1.6666859882254128,0
0.0416022805008062,0.3990923872639005,1.69736270689525,0
0.038591634170355826,0.39187120676076037,1.746291315984602,0
0.03711170093819695,0.43058236603674716,1.7769062943872238,0
0.03479870151400572,0.46926374110706504,1.8074088000968138,0
0.0335128828476435,0.507493158805898,1.839778857711146,0
0.031223494455857953,0.5444373455470712,1.877224849030564,0
0.03015833643665992,0.5334255134940429,1.9275521319937408,0
0.044924107313259666,0.22952934363430788,-1.6726091660339908,0
0.04149539069562731,0.22236316409567142,-1.721615415768595,0
0.0399497888883289,0.2612371586543669,-1.752319126090208,0
0.03757009651730583,0.2540514458051961,-1.8013182541524269,0
0.03520988285743471,0.29279373588153,-1.831969037211615,0
0.034235368183322554,0.3315035453439785,-1.8625521986743323,0
0.03310648515287128,0.37042659224067154,-1.8891167372137851,0
0.03150114611594936,0.4041925223339651,-1.9191261706157217,0
0.030194444840373105,0.39018064286380827,-1.9615705610388794,0
0.04697189808016019,0.1906376161256319,-1.6418418561769728,0
0.04958296281732186,0.1527607351834993,-1.612456496121592,0
0.05319520423760433,0.116935973329818,-1.5808759387735807,0
0.05569107314779327,0.0802500301075885,-1.5519292488713878,0
0.059079276304813015,0.04278039884806055,-1.525033915845612,0
0.06074520695591078,-2.77748977139445e-16,-1.5,0
0.06750530648788051,-4.75732309164826e-16,-1.4499999999999997,0
0.07015359661183596,-0.04548795975364922,-1.4253534333835467,0
0.07724458358860144,-0.0485514774047326,-1.375700978922926,0
0.08151912778308386,-0.09647632513066944,-1.352409844500705,0
0.08423319259679451,-0.1431136157671413,-1.331276302514291,0
0.0930637358458012,-0.15423797838408163,-1.282167594887338,0
0.10091695473923386,-0.16339032309227747,-1.237022592969058,0
0.10377590136813418,-0.20947580326456378,-1.218831323605658,0
0.11906902907816905,-0.2166935967577567,-1.169802319917377,0
0.13267944392462194,-0.22191810231964765,-1.119217208372746,0
0.1362964416014255,-0.26891265440161666,-1.102146110577886,0
0.15637422224809644,-0.2690254522775383,-1.051901303151065,0
0.17508419671628533,-0.27894065046113503,-1.004197890929559,0
0.19670982630680753,-0.2902846780356869,-0.9569403354952272,0
0.10237480203735229,-0.12743158589018105,-1.252124005671904,0
0.08189727650717982,2.220446049250313e-16,1.35,0
0.07324604869393313,2.220446049250313e-16,1.4,0
0.07015359661183292,0.045487959753649054,1.4253534333835467,0
0.06359854623700704,0.043591090099046825,1.475000000000001,0
0.060399816721842324,0.08370390425982643,1.500907669817843,0
0.05686933979976638,0.12292161373287769,1.530124103446566,0
0.05431481493644348,0.16001691586498956,1.562047742327355,0
0.05096961412022446,0.19794083752079117,1.593006883881828,0
0.048479274818859976,0.2367180657916943,1.6236436484415262,0
0.04525148321888526,0.2755755058524818,1.654329840225027,0
0.04320647678245464,0.31438987038694255,1.684974533098074,0
0.04093680425232196,0.35311879154194203,1.715666618898736,0
0.038477593564397373,0.34583151637307785,1.7647329237059197,0
0.03640031493485548,0.38455640201604613,1.795390116905958,0
0.03513952602571246,0.4232389998707704,1.8261477166214717,0
0.032626066661702584,0.4608939174569606,1.857834345994978,0
0.0316242595195346,0.49731875304375506,1.8912626241194848,0
0.02996516565041966,0.4859603585369858,1.940062506707092,0
0.08602434434587558,-0.05187126222773882,1.325083796556721,0
0.08978464247251867,-0.09963648513448574,1.294507111164958,0
0.10312579008093951,-0.09005898609443941,1.245307382624987,0
0.11240336376954559,-0.1293325988712708,1.210010914357945,0
0.1156473290541591,-0.1717188647341388,1.1881852256906802,0
0.13051976361608847,-0.17799644833867692,1.139060617110101,0
0.14499316300202397,-0.1851149194159319,1.090105394089912,0
0.15379146466763927,-0.22010089776117164,1.0625488624810968,0
0.17265194560721453,-0.2265859386866623,1.018488388592635,0
0.1975093042461263,-0.2429801805664795,0.9700312530284172,0
0.04417800559948199,0.18344090596647283,-1.6908803126025873,0
0.041472108345561635,0.17634814674090943,-1.739949481250468,0
0.0387067125694193,0.21524160504089612,-1.7706299738893438,0
0.036669928079053137,0.20811832087116944,-1.819599540244635,0
0.03527619355528977,0.24693433357904815,-1.8501983997101288,0
0.03321168374533896,0.28832046710270043,-1.8882684674594497,0
0.032584481069347,0.33261352463917127,-1.9008681197929178,0
0.03094233683661143,0.358379397354349,-1.9289534975949967,0
0.029883926340364953,0.34192377647546823,-1.97055528495923,0
0.04653841781512968,0.1444816360713198,-1.6601735157582207,0
0.04834550960930751,0.10842004750359668,-1.6326138967520785,0
0.05049415087294187,0.07418101540416588,-1.6041534622706848,0
0.0532893289760665,0.04020811358870148,-1.5750473763318131,0
0.05535905604008461,-3.018102500390954e-16,-1.5500000000000003,0
0.05907927630539329,-0.04278039884806147,-1.525033915845612,0
0.06359854623692772,-0.043591090099047006,-1.475000000000001,0
0.06633198952929335,-0.0882364126880168,-1.4527678473143768,0
0.07367853014072684,-0.09334945314651727,-1.402605880785698,0
0.07467659857719813,-0.13912838018174728,-1.383272033175373,0
0.07723693568346918,-0.18755384618638254,-1.365924926147193,0
0.08503867150175005,-0.19193062216878834,-1.315452553377113,0
0.09527355386970347,-0.19967445931444122,-1.2668207874490909,0
0.09682764073206133,-0.2482259534438102,-1.249549437856368,0
0.1075947058400513,-0.25569214394846707,-1.20081514108489,0
0.11879644939768938,-0.26269009724273057,-1.151639946060103,0
0.12181350353299174,-0.308436965831899,-1.134335909489621,0
0.1370387256607078,-0.31370862659348225,-1.0856398098607392,0
0.15503751245435285,-0.3191632753664118,-1.0368128704020472,0
0.17566627563257484,-0.3284235297700594,-0.9886217685443469,0
0.1982208967286953,-0.3368898542958706,-0.9415440648596894,0
0.07724458358888726,-0.04855147740473193,1.375700978922926,0
0.07015359661174322,-0.04548795975364854,1.4253534333835467,0
0.06750530648820793,2.220446049250313e-16,1.4499999999999997,0
0.060745206955775226,4.440892098500626e-16,1.5,0
0.05907927630529919,0.042780398848061285,1.525033915845612,0
0.055691073147892824,0.08025003010758924,1.5519292488713878,0
0.05319520423759202,0.11693597332981875,1.5808759387735807,0
0.04958296281767428,0.15276073518350008,1.612456496121592,0
0.0469718980804971,0.19063761612563268,1.6418418561769728,0
0.04492410731290007,0.22952934363430866,1.6726091660339908,0
0.04262000712028504,0.2683865241758068,1.7032808422062349,0
0.04015758812853088,0.3071491288546051,1.7340247508089381,0
0.03770069565602248,0.2999487683962827,1.7830134130350404,0
0.03607011171584212,0.33862962480891867,1.8137163862411327,0
0.03406241195606422,0.3770969024551549,1.8442659484441617,0
0.03288573080976918,0.41470166107193474,1.8742998673352527,0
0.0317084420760147,0.4517022244215725,1.9051230532793941,0
0.029664011815555714,0.4382024790085719,1.951404260370142,0
0.08151912778292565,-0.0964763251306688,1.352409844500705,0
0.08423319259671268,-0.14311361576714063,1.331276302514291,0
0.09306373584564066,-0.15423797838408101,1.282167594887338,0
0.10091695473918644,-0.16339032309227686,1.237022592969058,0
0.10377590136826587,-0.20947580326456317,1.218831323605658,0
0.1190690290784113,-0.21669359675775615,1.169802319917377,0
0.13267944392429176,-0.2219181023196471,1.119217208372746,0
0.13629644160204424,-0.2689126544016161,1.102146110577886,0
0.15637422224901007,-0.26902545227753777,1.051901303151065,0
0.17508419671663406,-0.2789406504611346,1.004197890929559,0
0.19670982630644537,-0.29028467803568647,0.9569403354952272,0
0.10237480203686286,-0.12743158589018044,1.252124005671904,0
0.04274489890090281,0.1373372338098771,-1.7092507103059824,0
0.03993748757731079,0.13005416236622175,-1.7593661893864032,0
0.03860177164181973,0.16927364070638107,-1.7889718720245857,0
0.035662191675264056,0.1621490675829853,-1.837947665295526,0
0.03490461885762558,0.20004092410567043,-1.8672936272969487,0
0.03225175526725637,0.23713906610812097,-1.8999617037780747,0
0.03151937905107364,0.2642026521989158,-1.93992705931324,0
0.03107262173754729,0.3109393255730093,-1.9324841119494491,0
0.030521879906377065,0.29346094804526446,-1.978353020057941,0
0.04552362739591735,0.09900746682428715,-1.680355808766392,0
0.047071914937832755,0.06513943335730685,-1.655127595563618,0
0.049604244187471495,0.03553674009030561,-1.6254834332807477,0
0.051830591052467505,-3.2587152293874553e-16,-1.6,0
0.053289328975788884,-0.040208113588702445,-1.5750473763318131,0
0.05569107314778308,-0.08025003010758944,-1.5519292488713878,0
0.06039981672222743,-0.08370390425982661,-1.500907669817843,0
0.06314280914114757,-0.12807480255857337,-1.481355706736923,0
0.06793799739513073,-0.1339685037429105,-1.432372386813668,0
0.07014151040015913,-0.1803085371168633,-1.415042858290683,0
0.07180805920004732,-0.226462760447891,-1.3967556434549313,0
0.07874004777773555,-0.2337078337063405,-1.347657995702593,0
0.08700210229409604,-0.2409704972819501,-1.2985876924889,0
0.08906752780639937,-0.2870510277159113,-1.280334932435385,0
0.0976912574877262,-0.2945843449848361,-1.231677909434284,0
0.11011079011231832,-0.3019187746551887,-1.183185460292307,0
0.10962410320225374,-0.34784616906804755,-1.1659184707108032,0
0.12385919118673433,-0.3549575354954195,-1.1172133050891293,0
0.1377465699515286,-0.3622217799782452,-1.0686406496426593,0
0.1545231236229148,-0.3680458222700123,-1.0196738491723591,0
0.17428989445744048,-0.3754615323548295,-0.9716515897092132,0
0.19726273555947166,-0.38268343336843447,-0.9238795320956877,0
0.07367853014058699,-0.0933494531465166,1.402605880785698,0
0.06633198952923136,-0.0882364126880161,1.4527678473143768,0
0.06359854623694662,-0.0435910900990463,1.475000000000001,0
0.05907927630527682,-0.04278039884806074,1.525033915845612,0
0.05535905603965536,4.440892098500626e-16,1.5500000000000003,0
0.053289328975804004,0.04020811358870224,1.5750473763318131,0
0.0504941508730908,0.07418101540416666,1.6041534622706848,0
0.04834550960899809,0.10842004750359746,1.6326138967520785,0
0.04653841781509877,0.14448163607132058,1.6601735157582207,0
0.04417800559936281,0.18344090596647367,1.6908803126025873,0
0.041495390695564086,0.22236316409567225,1.721615415768595,0
0.03994978888861853,0.2612371586543678,1.752319126090208,0
0.0375700965171893,0.254051445805197,1.8013182541524269,0
0.035209882857500194,0.2927937358815309,1.831969037211615,0
0.034235368183166075,0.3315035453439794,1.8625521986743323,0
0.03310648515269977,0.3704265922406724,1.8891167372137851,0
0.031501146116021346,0.40419252233396596,1.9191261706157212,0
0.030194444840397506,0.39018064286380927,1.961570561038879,0
0.07467659857716173,-0.1391283801817466,1.383272033175373,0
0.07723693568366163,-0.18755384618638188,1.365924926147193,0
0.08503867150210315,-0.19193062216878773,1.315452553377113,0
0.09527355386923426,-0.1996744593144406,1.2668207874490909,0
0.09682764073257408,-0.2482259534438096,1.249549437856368,0
0.10759470583972408,-0.2556921439484665,1.20081514108489,0
0.1187964493976361,-0.26269009724273,1.151639946060103,0
0.12181350353267387,-0.30843696583189845,1.134335909489621,0
0.1370387256607238,-0.3137086265934817,1.0856398098607392,0
0.15503751245391334,-0.31916327536641137,1.0368128704020472,0
0.1756662756328598,-0.32842352977005895,0.9886217685443471,0
0.1982208967293896,-0.33688985429587015,0.9415440648596897,0
0.04158684312691157,0.08446628922661864,-1.7333463122847295,0
0.03974579378428216,0.09225907196800812,-1.7808935971466178,0
0.037866459782308494,0.12400935585313547,-1.8074161377337727,0
0.03573075363851505,0.11832672542766698,-1.8566382578642138,0
0.033920447978548554,0.15455984204448692,-1.885264390806146,0
0.033322918963385365,0.18668005450213182,-1.912482003698244,0
0.031455121541394945,0.21696083777936143,-1.9466861376540276,0
0.02994114245542046,0.244821349716056,-1.9849590692815833,0
0.04473812363970576,0.051981915313274854,-1.6968314955187132,0
0.045936447913456656,0.029988870108708626,-1.6682265892867811,0
0.04846667006503992,-3.499327958383958e-16,-1.65,0
0.049604244187531045,-0.03553674009030658,-1.6254834332807477,0
0.050494150873013156,-0.07418101540416687,-1.6041534622706848,0
0.053195204237676236,-0.11693597332981893,-1.5808759387735807,0
0.056869339799554136,-0.12292161373287788,-1.530124103446566,0
0.05873914981102837,-0.16652104826119446,-1.512466978477769,0
0.06399241024080528,-0.17304630377563332,-1.464162576520311,0
0.06560629925293136,-0.21922941831972095,-1.445862726266407,0
0.0664915051362364,-0.2653619377813314,-1.427575947573089,0
0.07311702675573802,-0.2725948296956932,-1.3784788153751388,0
0.08024095057734267,-0.27983033267682406,-1.329394721754459,0
0.08124457031982338,-0.32593760893702295,-1.3111714858139034,0
0.09004284887059891,-0.3333668210357331,-1.2624620533703903,0
0.0994371960654601,-0.3408518767713714,-1.214071734541909,0
0.10065898894993092,-0.3866367463329262,-1.196216777394312,0
0.11135937537671912,-0.39359265178888586,-1.1477751322528322,0
0.12370289189759721,-0.4007424435001527,-1.0990421277971383,0
0.1384405888905325,-0.40801797593576,-1.0504493620355853,0
0.15548616382358366,-0.4149868402147686,-1.001866854700305,0
0.17553865281648506,-0.42160120269297774,-0.9527773036306831,0
0.19752362751480496,-0.4275550943054308,-0.9039892927095289,0
0.06793799739518293,-0.13396850374290983,1.432372386813668,0
0.07014151040007154,-0.18030853711686262,1.415042858290683,0
0.07180805919987784,-0.22646276044789032,1.3967556434549313,0
0.07874004777756766,-0.23370783370633982,1.347657995702593,0
0.08700210229425086,-0.2409704972819495,1.2985876924889,0
0.08906752780611318,-0.2870510277159106,1.280334932435385,0
0.09769125748796689,-0.29458434498483554,1.231677909434284,0
0.1101107901122741,-0.3019187746551881,1.183185460292307,0
0.1096241032031718,-0.347846169068047,1.1659184707108032,0
0.12385919118645625,-0.3549575354954189,1.1172133050891293,0
0.13774656995158766,-0.3622217799782446,1.0686406496426593,0
0.15452312362241344,-0.36804582227001187,1.0196738491723591,0
0.17428989445713353,-0.37546153235482904,0.9716515897092134,0
0.1972627355591942,-0.382683433368434,0.923879532095688,0
0.06314280914093476,-0.12807480255857265,1.481355706736923,0
0.060399816722436876,-0.08370390425982589,1.500907669817843,0
0.05569107314804011,-0.08025003010758869,1.5519292488713878,0
0.05328932897596861,-0.04020811358870168,1.5750473763318131,0
0.05183059105268364,4.440892098500626e-16,1.6,0
0.049604244187543896,0.035536740090306385,1.6254834332807477,0
0.04707191493719105,0.06513943335730765,1.655127595563618,0
0.04552362739631932,0.09900746682428796,1.680355808766392,0
0.04274489890083806,0.13733723380987795,1.7092507103059824,0
0.04147210834558021,0.17634814674091026,1.739949481250468,0
0.038706712569416095,0.21524160504089696,1.7706299738893438,0
0.036669928078921006,0.20811832087117033,1.819599540244635,0
0.03527619355530805,0.24693433357904904,1.8501983997101288,0
0.033211683745350884,0.2883204671027013,1.8882684674594497,0
0.03258448106964441,0.33261352463917215,1.9008681197929178,0
0.030942336836181975,0.35837939735434987,1.9289534975949967,0
0.029883926340859655,0.34192377647546923,1.97055528495923,0
0.039574480065150956,0.04597447647800215,-1.7765698464807682,0
0.04193312076620797,0.03764029347432368,-1.73480509929066,0
0.042628317875143824,-3.7399406873804604e-16,-1.7,0
0.045936447913838954,-0.029988870108709636,-1.6682265892867811,0
0.047071914937763824,-0.06513943335730786,-1.655127595563618,0
0.04834550960892951,-0.10842004750359766,-1.6326138967520785,0
0.049582962817644974,-0.15276073518350028,-1.612456496121592,0
0.05431481493642439,-0.16001691586498978,-1.562047742327355,0
0.05509028179409027,-0.2049793255943823,-1.5439550105116622,0
0.059843321578212934,-0.21201022851363757,-1.4949997026729989,0
0.06094524835626196,-0.258141192380699,-1.476666100659508,0
0.06260559177878071,-0.3042270603573753,-1.458388756466627,0
0.06766373210263522,-0.3114415387090043,-1.4093463981583103,0
0.07432585204990963,-0.3186905432063473,-1.3601958706981223,0
0.07536935544808376,-0.36474329295742697,-1.3420197378988001,0
0.08256663418888514,-0.3720098234345868,-1.2929820038783402,0
0.09078562089556642,-0.37941260423677237,-1.244579455981317,0
0.09112633771653365,-0.4252794204484168,-1.2266405731933703,0
0.10072743313811316,-0.43231871022101875,-1.1781463760709103,0
0.1116573457193395,-0.43935936165323136,-1.1295773861480762,0
0.12426451876120738,-0.446528304357973,-1.0808417087652382,0
0.13783720908059155,-0.453750326671212,-1.0319088098025382,0
0.15502495130991553,-0.4615420620437508,-0.9813884521041307,0
0.17478001268566074,-0.4678329115627794,-0.9305459785467523,0
0.19801610652249713,-0.4713967375487834,-0.8819212639620181,0
0.03636866135610328,0.07679107591606238,-1.8277694998474183,0
0.03493301509401005,0.08555817925492645,-1.876816303509594,0
0.03355381126691892,0.11251150993909495,-1.9040053333338343,0
0.032520841539023265,0.1453451031873198,-1.9218622004639243,0
0.03147630611097996,0.16883687731132152,-1.953263734074862,0
0.030052101589263584,0.19603428015147445,-1.990369453394393,0
0.06399241024092733,-0.1730463037756326,1.464162576520311,0
0.05873914981119707,-0.16652104826119374,1.512466978477769,0
0.05686933979955998,-0.12292161373287713,1.530124103446566,0
0.05319520423753305,-0.11693597332981819,1.5808759387735807,0
0.05049415087268185,-0.07418101540416609,1.6041534622706848,0
0.049604244187481605,-0.0355367400903058,1.6254834332807477,0
0.048466670065769914,4.440892098500626e-16,1.65,0
0.04593644791336149,0.02998887010870943,1.6682265892867811,0
0.044738123639681174,0.05198191531327567,1.6968314955187132,0
0.041586843127356166,0.08446628922661947,1.7333463122847295,0
0.039937487576932246,0.13005416236622258,1.7593661893864032,0
0.0386017716421054,0.16927364070638196,1.7889718720245857,0
0.0356621916753761,0.1621490675829862,1.837947665295526,0
0.03490461885752962,0.20004092410567131,1.8672936272969487,0
0.032251755267414264,0.23713906610812185,1.8999617037780747,0
0.031519379050992974,0.2642026521989167,1.93992705931324,0
0.031072621737340142,0.3109393255730102,1.9324841119494491,0
0.03052187990613878,0.29346094804526546,1.978353020057941,0
0.06560629925309909,-0.21922941831972023,1.445862726266407,0
0.0664915051363453,-0.2653619377813307,1.427575947573089,0
0.07311702675625012,-0.27259482969569254,1.3784788153751388,0
0.08024095057682112,-0.2798303326768234,1.329394721754459,0
0.08124457031999635,-0.3259376089370223,1.3111714858139034,0
0.09004284887018335,-0.33336682103573256,1.2624620533703903,0
0.09943719606550472,-0.34085187677137085,1.214071734541909,0
0.10065898894959165,-0.38663674633292566,1.196216777394312,0
0.11135937537654214,-0.3935926517888853,1.1477751322528322,0
0.12370289189790508,-0.40074244350015215,1.0990421277971383,0
0.1384405888914809,-0.40801797593575945,1.0504493620355853,0
0.15548616382328795,-0.41498684021476817,1.001866854700305,0
0.17553865281686545,-0.4216012026929773,0.9527773036306834,0
0.19752362751450353,-0.42755509430543037,0.9039892927095291,0
0.03695249318761051,0.03321336451665703,-1.825867869265637,0
0.03449258516817485,0.04330127018922124,-1.8749999999999987,0
0.03327902303156363,0.07732185336542982,-1.9182327217011752,0
0.031089645500281267,0.117588385052314,-1.9516064454522202,0
0.02986869944656387,0.1471291268716512,-1.9945809133815517,0
0.037885630395567346,-4.2211661453734645e-16,-1.7999999999999998,0
0.04193438625102482,-3.980553416376964e-16,-1.7500000000000002,0
0.041933120765817705,-0.037640293474324724,-1.73480509929066,0
0.04473812363956766,-0.05198191531327588,-1.6968314955187132,0
0.04552362739597406,-0.09900746682428817,-1.680355808766392,0
0.046538417814998505,-0.14448163607132078,-1.6601735157582207,0
0.04697189808023155,-0.19063761612563287,-1.6418418561769728,0
0.0509696141205592,-0.19794083752079136,-1.593006883881828,0
0.05182068355577811,-0.24389021285287815,-1.574695950369547,0
0.056562839030574755,-0.25097423121321105,-1.525720328618073,0
0.05706856156643622,-0.297022355214984,-1.507402150851457,0
0.05787553344246732,-0.3430488879727104,-1.489147238508587,0
0.06296978771047172,-0.35024547450578897,-1.440166094838575,0
0.0688028550047376,-0.35749510515074506,-1.3911859266070872,0
0.0692518394670978,-0.40345861949465606,-1.372927970335845,0
0.07585148381006201,-0.4107349083677036,-1.3235299389249993,0
0.08331610402905622,-0.418015161239343,-1.2750544577923812,0
0.08351505009115928,-0.4638327627957054,-1.2573541431005453,0
0.09198175516705356,-0.4708985323807485,-1.2087065395314422,0
0.10093307128824751,-0.4779611612252263,-1.16010884323164,0
0.11128704859014941,-0.48508230693625215,-1.1114046269006421,0
0.12345285911880595,-0.4922185747921503,-1.0626625393001552,0
0.1378043311617938,-0.4997707221212973,-1.0131041598173953,0
0.15383541039654217,-0.5078971467827026,-0.9587496398174936,0
0.17425923791945075,-0.5137011943355826,-0.9068094239343711,0
0.19927426174487758,-0.5141027447316917,-0.8577286096775256,0
0.05984332157824719,-0.21201022851363685,1.4949997026729989,0
0.05509028179384063,-0.2049793255943816,1.5439550105116622,0
0.05431481493631205,-0.160016915864989,1.562047742327355,0
0.049582962817535665,-0.1527607351834995,1.612456496121592,0
0.04834550960922288,-0.10842004750359688,1.6326138967520785,0
0.04707191493756642,-0.06513943335730706,1.655127595563618,0
0.04593644791341047,-0.02998887010870883,1.6682265892867811,0
0.04262831787503948,4.440892098500626e-16,1.7,0
0.04193312076593751,0.037640293474324515,1.73480509929066,0
0.03957448006524249,0.04597447647800301,1.7765698464807682,0
0.03974579378402964,0.09225907196800898,1.7808935971466178,0
0.03786645978226851,0.12400935585313633,1.8074161377337727,0
0.03573075363877082,0.11832672542766787,1.8566382578642138,0
0.033920447978439315,0.1545598420444878,1.885264390806146,0
0.033322918963185136,0.18668005450213276,1.912482003698244,0
0.031455121541572054,0.21696083777936237,1.9466861376540276,0
0.029941142455632088,0.24482134971605696,1.9849590692815833,0
0.06094524835577961,-0.2581411923806983,1.476666100659508,0
0.06260559177862962,-0.3042270603573746,1.458388756466627,0
0.0676637321025194,-0.31144153870900365,1.4093463981583103,0
0.07432585205009086,-0.31869054320634665,1.3601958706981223,0
0.07536935544794371,-0.3647432929574263,1.3420197378988001,0
0.08256663418940738,-0.3720098234345861,1.2929820038783402,0
0.0907856208955895,-0.3794126042367718,1.244579455981317,0
0.09112633771698966,-0.42527942044841627,1.2266405731933703,0
0.1007274331377665,-0.4323187102210182,1.1781463760709103,0
0.11165734571907095,-0.4393593616532308,1.1295773861480762,0
0.12426451876068499,-0.44652830435797247,1.0808417087652382,0
0.13783720907998154,-0.45375032667121157,1.0319088098025382,0
0.15502495131017427,-0.46154206204375037,0.981388452104131,0
0.17478001268622384,-0.46783291156277895,0.9305459785467525,0
0.19801610652250518,-0.471396737548783,0.8819212639620183,0
0.0366888080662037,-4.461778874369969e-16,-1.8500000000000003,0
0.033446452822965274,-4.702391603366471e-16,-1.9000000000000001,0
0.03238530491393237,0.037553985915335056,-1.928261180649688,0
0.031899268506231655,0.07007625196366413,-1.9596774076060508,0
0.030010837545822504,0.09813534843591812,-1.9975909124210998,0
0.03957448006497175,-0.045974476478003234,-1.7765698464807682,0
0.041586843127313415,-0.08446628922661968,-1.7333463122847295,0
0.042744898901028984,-0.13733723380987817,-1.7092507103059824,0
0.0441780055995007,-0.1834409059664739,-1.6908803126025873,0
0.04492410731315713,-0.22952934363430882,-1.6726091660339908,0
0.048479274818666956,-0.2367180657916945,-1.6236436484415262,0
0.04899163476602448,-0.28273487876407377,-1.605378193961792,0
0.05286308093428844,-0.28987602880205143,-1.5563880002167207,0
0.05385327554146075,-0.3358702774328155,-1.538095442412545,0
0.05433326267164692,-0.3818470441582402,-1.519856723120797,0
0.05887568425397268,-0.3890181613194682,-1.4709227542214822,0
0.0638118410875841,-0.39624209352543,-1.4220054950693592,0
0.0643552478974545,-0.44215049307674276,-1.4038711475725771,0
0.07012773855579217,-0.4493858238898895,-1.354955575942247,0
0.07618033693085481,-0.4566925259191863,-1.3062533764974122,0
0.07648283361615989,-0.5023621380309773,-1.2880914710239872,0
0.08340384648534788,-0.5094748583675279,-1.2393250274103271,0
0.09125387865156072,-0.5164565675553587,-1.190623776248984,0
0.1008146890411481,-0.5236219767656427,-1.1419135844831623,0
0.11076514313738617,-0.5305982052874259,-1.093119389235089,0
0.12248094244820755,-0.5379745258904919,-1.0443954244305542,0
0.13653013974375428,-0.5454051006855597,-0.9927589581188689,0
0.15545381771278857,-0.5517769301698235,-0.9361280574853371,0
0.16995647539130002,-0.562862935672958,-0.8854187084023333,0
0.1941630321767789,-0.5555702334510615,-0.8314696120142536,0
0.03695249318783214,-0.03321336451665813,-1.825867869265637,0
0.05656283903091448,-0.2509742312132103,1.525720328618073,0
0.05706856156647598,-0.2970223552149832,1.507402150851457,0
0.057875533442393816,-0.3430488879727097,1.489147238508587,0
0.06296978771071239,-0.3502454745057883,1.440166094838575,0
0.0688028550044063,-0.3574951051507444,1.3911859266070872,0
0.06925183946724602,-0.4034586194946554,1.372927970335845,0
0.0758514838095396,-0.41073490836770293,1.3235299389249993,0
0.08331610402920633,-0.41801516123934235,1.2750544577923812,0
0.08351505009113323,-0.46383276279570484,1.2573541431005453,0
0.09198175516732858,-0.47089853238074797,1.2087065395314422,0
0.10093307128812284,-0.47796116122522575,1.16010884323164,0
0.11128704859114558,-0.4850823069362516,1.1114046269006421,0
0.12345285911925086,-0.49221857479214975,1.0626625393001552,0
0.13780433116161991,-0.49977072212129686,1.0131041598173953,0
0.15383541039683904,-0.5078971467827021,0.9587496398174938,0
0.17425923791837508,-0.5137011943355821,0.9068094239343714,0
0.19927426174503113,-0.5141027447316913,0.8577286096775258,0
0.051820683555844634,-0.24389021285287737,1.574695950369547,0
0.050969614120803836,-0.19794083752079059,1.593006883881828,0
0.04697189808018273,-0.1906376161256321,1.6418418561769728,0
0.046538417815262384,-0.14448163607132,1.6601735157582207,0
0.045523627396053305,-0.09900746682428736,1.680355808766392,0
0.04473812363954189,-0.05198191531327506,1.6968314955187132,0
0.041933120766331516,-0.03764029347432389,1.73480509929066,0
0.041934386250808045,4.440892098500626e-16,1.7500000000000002,0
0.03788563039562395,4.440892098500626e-16,1.7999999999999998,0
0.03695249318742436,0.033213364516657906,1.825867869265637,0
0.03636866135627659,0.07679107591606327,1.8277694998474183,0
0.034933015093689665,0.08555817925492737,1.876816303509594,0
0.03355381126697299,0.11251150993909587,1.9040053333338343,0
0.03252084153953764,0.14534510318732075,1.9218622004639243,0
0.03147630611115041,0.16883687731132246,1.953263734074862,0
0.030052101589014082,0.1960342801514754,1.990369453394393,0
0.03449258516852008,-0.04330127018922237,-1.8749999999999987,0
0.03636866135612996,-0.0767910759160635,-1.8277694998474183,0
0.03974579378423827,-0.0922590719680092,-1.7808935971466178,0
0.039937487577169854,-0.13005416236622278,-1.7593661893864032,0
0.041472108345556,-0.17634814674091048,-1.739949481250468,0
0.041495390695447824,-0.22236316409567247,-1.721615415768595,0
0.04262000711998128,-0.26838652417580694,-1.7032808422062349,0
0.04525148321904595,-0.275575505852482,-1.654329840225027,0
0.0464672051364894,-0.32155653463576644,-1.6360215703124703,0
0.049616437625372094,-0.32871573818604394,-1.5870621067245032,0
0.05028841086464721,-0.3746944375912995,-1.568780685456473,0
0.0508928879519222,-0.42060639106817477,-1.5505070239229581,0
0.05483215874823231,-0.4277704117103889,-1.501594527869645,0
0.059175350113267584,-0.4349346948827674,-1.4527104669804691,0
0.05976945796852775,-0.4808141896676554,-1.434518849868267,0
0.06435412409709326,-0.4879862440859432,-1.385711011541831,0
0.0701652700939433,-0.49519113737046044,-1.336910852842581,0
0.07014381668258028,-0.5409604740435414,-1.3187041651600198,0
0.07639219953953102,-0.548000609435132,-1.2698873600378848,0
0.08355142515221678,-0.5549153801891833,-1.2209649577838948,0
0.09108730321774527,-0.5618783883164293,-1.1722197755310897,0
0.0995627193260242,-0.5688032766987923,-1.1235534294985559,0
0.1098242245429934,-0.5760366303895524,-1.0747444034304328,0
0.12016793768511808,-0.5832219715065895,-1.0250348469647779,0
0.13356421316209088,-0.5901000355418006,-0.9734586599499814,0
0.14870997189948543,-0.5967194625730228,-0.9265112606822699,0
0.15446087757747554,-0.609270641144163,-0.888823818325066,0
0.17659456257123068,-0.6024251021860324,-0.8491017720403066,0
0.20058830249814752,-0.5956993047980853,-0.803207531253958,0
0.032166318687707564,-4.943004332362972e-16,-1.95,0
0.030960165141108054,0.03508607853653872,-1.9642212497895688,0
0.029829369683737887,0.049082456912150116,-1.99939763739569,0
0.032385304913859714,-0.03755398591533622,-1.928261180649688,0
0.052863080934305424,-0.28987602880205066,1.5563880002167207,0
0.05385327554161506,-0.3358702774328147,1.538095442412545,0
0.05433326267166504,-0.38184704415823945,1.519856723120797,0
0.0588756842538098,-0.38901816131946754,1.4709227542214822,0
0.06381184108777269,-0.39624209352542933,1.4220054950693592,0
0.06435524789751483,-0.4421504930767421,1.4038711475725771,0
0.07012773855586635,-0.44938582388988885,1.354955575942247,0
0.07618033693107419,-0.45669252591918563,1.3062533764974122,0
0.07648283361600305,-0.5023621380309766,1.2880914710239872,0
0.0834038464853083,-0.5094748583675273,1.2393250274103271,0
0.09125387865094564,-0.5164565675553581,1.190623776248984,0
0.10081468904127958,-0.5236219767656423,1.1419135844831623,0
0.11076514313667962,-0.5305982052874254,1.093119389235089,0
0.1224809424483335,-0.5379745258904914,1.0443954244305542,0
0.13653013974390815,-0.5454051006855593,0.9927589581188692,0
0.15545381771254613,-0.5517769301698231,0.9361280574853373,0
0.16995647539133912,-0.5628629356729575,0.8854187084023335,0
0.1941630321771687,-0.555570233451061,0.8314696120142538,0
0.04899163476584866,-0.282734878764073,1.605378193961792,0
0.048479274818517076,-0.23671806579169372,1.6236436484415262,0
0.044924107313101064,-0.22952934363430805,1.6726091660339908,0
0.04417800559939812,-0.18344090596647306,1.6908803126025873,0
0.04274489890100881,-0.13733723380987733,1.7092507103059824,0
0.04158684312712832,-0.08446628922661885,1.7333463122847295,0
0.03957448006506262,-0.045974476478002374,1.7765698464807682,0
0.036952493187705236,-0.033213364516657254,1.825867869265637,0
0.03668880806606439,4.440892098500626e-16,1.8500000000000003,0
0.034492585168328344,0.04330127018922214,1.8749999999999987,0
0.033279023031305116,0.07732185336543074,1.9182327217011752,0
0.03108964550050953,0.11758838505231495,1.9516064454522202,0
0.029868699446393938,0.14712912687165214,1.9945809133815517,0
0.03493301509379745,-0.0855581792549276,-1.876816303509594,0
0.03327902303131693,-0.07732185336543096,-1.9182327217011752,0
0.03189926850625182,-0.0700762519636653,-1.9596774076060508,0
0.03096016514123737,-0.0350860785365399,-1.9642212497895688,0
0.029814260368741182,-5.183617061359476e-16,-2.0,0
0.037866459782325064,-0.12400935585313654,-1.8074161377337727,0
0.035730753638439174,-0.11832672542766809,-1.8566382578642138,0
0.03860177164191607,-0.1692736407063822,-1.7889718720245857,0
0.03870671256937286,-0.21524160504089715,-1.7706299738893438,0
0.039949788888652964,-0.2612371586543681,-1.752319126090208,0
0.04015758812849996,-0.3071491288546054,-1.7340247508089381,0
0.04320647678233265,-0.3143898703869427,-1.6849745330980743,0
0.043466680565637475,-0.36035178515516403,-1.666685988225413,0
0.04689530288963918,-0.36752371487957847,-1.617735207774856,0
0.04743656154688713,-0.4134744164963764,-1.5994759586643532,0
0.04773203688100331,-0.45935407468174594,-1.5811556519968581,0
0.05135172116962436,-0.4664979617709988,-1.532178596429625,0
0.055236496961213286,-0.47364393902601065,-1.483337559407126,0
0.05538823439372124,-0.5194966514366276,-1.4651228610774731,0
0.05993812530742293,-0.5266645463085134,-1.4163189620861563,0
0.06489149903751185,-0.5338238125609349,-1.3675109742324743,0
0.06461231922253381,-0.5794975307215884,-1.3493514221344458,0
0.07012302157765767,-0.5866113877317998,-1.3004422055586018,0
0.07591212197736825,-0.593509912261829,-1.2514551744481708,0
0.08263357128972786,-0.6003896438029142,-1.2025871732685858,0
0.09067847592459485,-0.6072315446350107,-1.1536334045363275,0
0.09839845824768878,-0.6144161180048069,-1.1050348978716238,0
0.10900593465999525,-0.6215807479295329,-1.0556809766282138,0
0.1184051659291173,-0.6284573073799119,-1.0059047240256815,0
0.1320758320995547,-0.6355951571603499,-0.9569884918183371,0
0.1433653918520504,-0.6434724295602686,-0.910234284142092,0
0.1597501456403116,-0.6464138720581947,-0.864628456048897,0
0.17854741831921772,-0.6399643707553332,-0.8199934384707416,0
0.19487108256526756,-0.6343932843209605,-0.773010453233632,0
0.0496164376253692,-0.32871573818604316,1.5870621067245032,0
0.050288410864934414,-0.3746944375912987,1.568780685456473,0
0.050892887951700626,-0.420606391068174,1.5505070239229581,0
0.05483215874819956,-0.4277704117103881,1.501594527869645,0
0.0591753501133175,-0.43493469488276676,1.4527104669804691,0
0.05976945796871819,-0.4808141896676547,1.434518849868267,0
0.06435412409671105,-0.48798624408594254,1.385711011541831,0
0.07016527009371494,-0.4951911373704598,1.336910852842581,0
0.07014381668291422,-0.5409604740435408,1.3187041651600202,0
0.07639219953955198,-0.5480006094351313,1.2698873600378853,0
0.08355142515205355,-0.5549153801891826,1.2209649577838952,0
0.09108730321818113,-0.5618783883164287,1.1722197755310901,0
0.09956271932603838,-0.5688032766987918,1.1235534294985563,0
0.10982422454255099,-0.576036630389552,1.0747444034304332,0
0.12016793768469092,-0.583221971506589,1.0250348469647783,0
0.13356421316213835,-0.5901000355418001,0.9734586599499816,0
0.14870997189858443,-0.5967194625730223,0.9265112606822701,0
0.15446087757775404,-0.6092706411441625,0.8888238183250662,0
0.17659456257183204,-0.602425102186032,0.8491017720403068,0
0.2005883024979825,-0.5956993047980849,0.8032075312539583,0
0.046467205136332436,-0.32155653463576567,1.6360215703124703,0
0.045251483219227846,-0.2755755058524812,1.654329840225027,0
0.042620007119774324,-0.26838652417580616,1.7032808422062349,0
0.041495390695553615,-0.22236316409567164,1.721615415768595,0
0.041472108345576776,-0.17634814674090965,1.739949481250468,0
0.0399374875771214,-0.13005416236622194,1.7593661893864032,0
0.03974579378410978,-0.09225907196800834,1.7808935971466178,0
0.03636866135628696,-0.07679107591606261,1.8277694998474183,0
0.03449258516829822,-0.04330127018922147,1.8749999999999987,0
0.03344645282303668,4.440892098500626e-16,1.9000000000000001,0
0.03238530491402638,0.037553985915335986,1.928261180649688,0
0.03189926850596214,0.07007625196366507,1.9596774076060508,0
0.030010837545846596,0.09813534843591909,1.9975909124210998,0
0.033553811267195456,-0.1125115099390961,-1.9040053333338343,0
0.03392044797835084,-0.15455984204448803,-1.885264390806146,0
0.035662191675298056,-0.16214906758298642,-1.837947665295526,0
0.036669928079054157,-0.20811832087117055,-1.819599540244635,0
0.03757009651706815,-0.25405144580519723,-1.8013182541524269,0
0.03770069565631682,-0.2999487683962829,-1.7830134130350404,0
0.03847759356427495,-0.34583151637307813,-1.76473292370592,0
0.04093680425267581,-0.3531187915419422,-1.7156666188987362,0
0.041602280500568245,-0.39909238726390067,-1.6973627068952502,0
0.04419174777470236,-0.40627123884177835,-1.6483979268447453,0
0.04459353263974257,-0.4521775981785496,-1.6300816207427933,0
0.04499986249950745,-0.49808885295392913,-1.6116046261293142,0
0.048030779144828964,-0.5052166796183272,-1.5627636591291223,0
0.05166051939964645,-0.5123478992267804,-1.5139186190521612,0
0.05182361939369054,-0.5581773160330769,-1.4957010917114448,0
0.05557573157685727,-0.5653297100242304,-1.4469192155108095,0
0.059790540515252885,-0.5724530245671205,-1.3981753524001068,0
0.05980895925946935,-0.6180801027467782,-1.3800047173256658,0
0.06446542555715963,-0.6250597025248632,-1.3309994190427197,0
0.06962711707122227,-0.632083325441801,-1.2819741079706175,0
0.0758476797155285,-0.6390321440222393,-1.2329549199999386,0
0.08163635453847251,-0.6459818153175609,-1.1839693460500358,0
0.08947718284774975,-0.6530157385484696,-1.1352268274397048,0
0.09678183938248314,-0.6601103463079512,-1.0862786488067349,0
0.10653863002322289,-0.6672421139883852,-1.0370883386700327,0
0.11624920637000358,-0.6743661377210697,-0.9876834621372894,0
0.12703316319870675,-0.6817563194080365,-0.9383748880661855,0
0.13852904237291383,-0.6932460691234077,-0.8828824922109071,0
0.15740340247185675,-0.6756352263716856,-0.8388327235588684,0
0.17072282662417518,-0.6823007305662931,-0.7932012235640864,0
0.20008377837750585,-0.6715589548890094,-0.7409511253169008,0
0.031089645500456373,-0.1175883850523152,-1.9516064454522202,0
0.03001083754571128,-0.09813534843591934,-1.9975909124210998,0
0.029829369683781793,-0.049082456912151316,-1.99939763739569,0
0.046895302889491196,-0.3675237148795777,1.617735207774856,0
0.043466680565651616,-0.36035178515516325,1.666685988225413,0
0.04320647678245363,-0.31438987038694194,1.6849745330980743,0
0.04015758812855136,-0.3071491288546045,1.7340247508089381,0
0.039949788888609075,-0.2612371586543672,1.752319126090208,0
0.03870671256964025,-0.21524160504089632,1.7706299738893438,0
0.0386017716418222,-0.16927364070638132,1.7889718720245857,0
0.03786645978234347,-0.12400935585313567,1.8074161377337727,0
0.03573075363856976,-0.1183267254276672,1.8566382578642138,0
0.034933015093984415,-0.08555817925492669,1.876816303509594,0
0.0332790230312595,-0.07732185336543004,1.9182327217011752,0
0.03238530491389394,-0.03755398591533529,1.928261180649688,0
0.03216631868756304,4.440892098500626e-16,1.95,0
0.030960165140753105,0.03508607853653967,1.9642212497895688,0
0.02982936968397627,0.04908245691215107,1.99939763739569,0
0.04743656154682606,-0.4134744164963756,1.5994759586643532,0
0.047732036881204,-0.45935407468174516,1.5811556519968581,0
0.05135172116974638,-0.466497961770998,1.532178596429625,0
0.05523649696082419,-0.47364393902601,1.483337559407126,0
0.0553882343937134,-0.5194966514366269,1.4651228610774731,0
0.05993812530807138,-0.5266645463085128,1.4163189620861563,0
0.06489149903735258,-0.5338238125609343,1.3675109742324743,0
0.0646123192228566,-0.5794975307215877,1.3493514221344463,0
0.07012302157755447,-0.5866113877317991,1.3004422055586022,0
0.07591212197753792,-0.5935099122618284,1.2514551744481712,0
0.08263357128950104,-0.6003896438029135,1.2025871732685862,0
0.0906784759249971,-0.6072315446350101,1.153633404536328,0
0.09839845824817339,-0.6144161180048064,1.1050348978716242,0
0.10900593466075169,-0.6215807479295324,1.0556809766282143,0
0.11840516592895665,-0.6284573073799115,1.005904724025682,0
0.13207583210036658,-0.6355951571603494,0.9569884918183373,0
0.14336539185184954,-0.6434724295602682,0.9102342841420922,0
0.1597501456398696,-0.6464138720581942,0.8646284560488973,0
0.17854741831848892,-0.6399643707553327,0.8199934384707418,0
0.1948710825658716,-0.6343932843209601,0.7730104532336323,0
0.032520841539366,-0.145345103187321,-1.9218622004639243,0
0.03147630611106226,-0.16883687731132271,-1.953263734074862,0
0.02986869944641371,-0.14712912687165236,-1.9945809133815517,0
0.03490461885771773,-0.20004092410567154,-1.8672936272969487,0
0.0352761935553482,-0.24693433357904926,-1.8501983997101288,0
0.035209882857500416,-0.2927937358815311,-1.831969037211615,0
0.036070111715915634,-0.3386296248089189,-1.813716386241133,0
0.03640031493451602,-0.38455640201604635,-1.7953901169059583,0
0.038591634170091996,-0.39187120676076065,-1.7462913159846023,0
0.03906133315254437,-0.4377440343205729,-1.728005964158074,0
0.04168445080377196,-0.4449460747533211,-1.6790173877211063,0
0.042153726135090525,-0.49083110319345796,-1.6605567674059463,0
0.04217788714818655,-0.5367731292190668,-1.6420506417088343,0
0.045308152877209136,-0.5439459904452809,-1.5932758212545928,0
0.04814539122549226,-0.5510415653227033,-1.5444866858612996,0
0.04836780628347238,-0.5968441469997997,-1.5262651688857538,0
0.05171012380429967,-0.6039782597480695,-1.4775185379453735,0
0.0555955414672744,-0.6111480800637331,-1.4287414852392357,0
0.05533796809500402,-0.6567185461126076,-1.4105440308590096,0
0.0593865238253298,-0.6635659615862539,-1.3615979945818195,0
0.06410476007319313,-0.6705983158359081,-1.3125686756354205,0
0.06886987316899394,-0.6776564015804267,-1.2635915672346598,0
0.07472933371298227,-0.6847226411054839,-1.2146563958796566,0
0.08089662603793012,-0.691850376013893,-1.1656636937524198,0
0.08768118765438965,-0.6989262942126993,-1.1165241435797546,0
0.09560876447321125,-0.7060440298136835,-1.0674630612470477,0
0.10258472313090436,-0.7131756912586308,-1.0184274622854586,0
0.1130778724690006,-0.7205089177843917,-0.9691573965762533,0
0.12176129453727476,-0.7308983563867074,-0.9191631266426119,0
0.13134234929724398,-0.7520179854041951,-0.8742064999042061,0
0.149388164164949,-0.7162510893551985,-0.83345800749971,0
0.1594819624610846,-0.7295211679907531,-0.7907584115602083,0
0.17737293437824894,-0.7066264541838527,-0.7573438645274831,0
0.19558942081924974,-0.7071067811865478,-0.7071067811865475,0
0.03332291896312053,-0.186680054502133,-1.912482003698244,0
0.04419174777465217,-0.40627123884177757,1.6483979268447453,0
0.04459353264001652,-0.4521775981785488,1.6300816207427933,0
0.044999862499487515,-0.49808885295392835,1.6116046261293142,0
0.048030779144690616,-0.5052166796183265,1.5627636591291223,0
0.05166051939973802,-0.5123478992267797,1.5139186190521612,0
0.05182361939346435,-0.5581773160330762,1.4957010917114453,0
0.05557573157682791,-0.5653297100242297,1.44691921551081,0
0.05979054051516932,-0.5724530245671199,1.3981753524001073,0
0.059808959258811745,-0.6180801027467775,1.3800047173256662,0
0.06446542555755433,-0.6250597025248625,1.3309994190427201,0
0.06962711707092752,-0.6320833254418003,1.281974107970618,0
0.07584767971571152,-0.6390321440222386,1.232954919999939,0
0.08163635453816212,-0.6459818153175603,1.1839693460500362,0
0.08947718284708342,-0.6530157385484692,1.1352268274397053,0
0.09678183938230953,-0.6601103463079507,1.0862786488067353,0
0.10653863002232535,-0.6672421139883847,1.0370883386700331,0
0.11624920637039006,-0.6743661377210692,0.9876834621372896,0
0.12703316319845578,-0.681756319408036,0.9383748880661857,0
0.13852904237321442,-0.6932460691234072,0.8828824922109073,0
0.15740340247202425,-0.6756352263716852,0.8388327235588686,0
0.17072282662463947,-0.6823007305662927,0.7932012235640866,0
0.20008377837634195,-0.671558954889009,0.740951125316901,0
0.04160228050056938,-0.3990923872638999,1.6973627068952502,0
0.04093680425267313,-0.3531187915419414,1.7156666188987362,0
0.0384775935641643,-0.34583151637307724,1.76473292370592,0
0.03770069565624452,-0.29994876839628204,1.7830134130350404,0
0.03757009651703418,-0.25405144580519634,1.8013182541524269,0
0.036669928079029517,-0.20811832087116966,1.819599540244635,0
0.035662191675156836,-0.16214906758298553,1.837947665295526,0
0.0339204479785381,-0.15455984204448714,1.885264390806146,0
0.03355381126715572,-0.11251150993909519,1.9040053333338343,0
0.03108964550033633,-0.11758838505231425,1.9516064454522202,0
0.03189926850650073,-0.07007625196366436,1.9596774076060508,0
0.03096016514119285,-0.03508607853653896,1.9642212497895688,0
0.029814260368826395,4.440892098500626e-16,2.0,0
0.030052101589298035,-0.19603428015147562,-1.990369453394393,0
0.03145512154127559,-0.21696083777936262,-1.9466861376540276,0
0.03225175526734645,-0.23713906610812205,-1.8999617037780747,0
0.03321168374540422,-0.28832046710270154,-1.8882684674594497,0
0.034235368183246885,-0.33150354534397963,-1.8625521986743325,0
0.03406241195609644,-0.37709690245515515,-1.844265948444162,0
0.03513952602575824,-0.4232389998707706,-1.826147716621472,0
0.037111700938682865,-0.43058236603674743,-1.776906294387224,0
0.03732634520647929,-0.47645551664428015,-1.758410566401352,0
0.03963279854951277,-0.4835911390248226,-1.7095098021735293,0
0.039866122813056765,-0.5296152599148009,-1.690820067663604,0
0.04013569340135797,-0.5754924991335443,-1.6724067251201478,0
0.042362293374055594,-0.5826153788396277,-1.6237125703491808,0
0.04532544797659471,-0.5897173596129556,-1.5749957551347256,0
0.04520558256528246,-0.6354759842480163,-1.5568159013798888,0
0.04834758288162371,-0.6426195207666955,-1.5080911209063426,0
0.05162045957464519,-0.6497186334191417,-1.4593570135546818,0
0.05141615086920228,-0.6954271158278539,-1.4411258387087715,0
0.05509763160409693,-0.7023420324961616,-1.3921893495941926,0
0.05900095572028929,-0.7092503176796288,-1.3431817133480797,0
0.06350914167531559,-0.7163847937734593,-1.2942565448041978,0
0.06825251446152314,-0.7235384116666659,-1.2453013003900397,0
0.07353668517110272,-0.7306922949542707,-1.1963007167111268,0
0.07946013753511427,-0.7378053097650457,-1.1472542932368908,0
0.08563526027254924,-0.7449331261542014,-1.0981703627765917,0
0.09367361250191873,-0.7520700421140402,-1.0491298840667835,0
0.10069337168373992,-0.7587033262266146,-1.0007220289983836,0
0.11000977487104162,-0.7673687901284948,-0.9519444206344148,0
0.11416607926967758,-0.7865824468356316,-0.907938892872845,0
0.12108949394602117,-0.8004775023187743,-0.861165205222596,0
0.1390754401151065,-0.764956643998985,-0.8260036963431223,0
0.14784781301501887,-0.77781745930512,-0.7778174593051197,0
0.17254313797444362,-0.7424621202458416,-0.7424621202458412,0
0.1773729343777447,-0.7573438645274835,-0.7066264541838523,0
0.20008377837781147,-0.7409511253169009,-0.6715589548890091,0
0.04168445080381659,-0.4449460747533203,1.6790173877211063,0
0.042153726134667904,-0.4908311031934572,1.6605567674059463,0
0.0421778871483817,-0.536773129219066,1.6420506417088343,0
0.04530815287707932,-0.5439459904452802,1.5932758212545932,0
0.0481453912255559,-0.5510415653227027,1.5444866858613,0
0.04836780628355863,-0.596844146999799,1.5262651688857543,0
0.0517101238043895,-0.6039782597480688,1.477518537945374,0
0.05559554146728681,-0.6111480800637324,1.4287414852392362,0
0.055337968095127886,-0.6567185461126069,1.41054403085901,0
0.05938652382538766,-0.6635659615862533,1.36159799458182,0
0.06410476007299183,-0.6705983158359075,1.312568675635421,0
0.06886987316888099,-0.6776564015804261,1.2635915672346603,0
0.07472933371342788,-0.6847226411054832,1.214656395879657,0
0.08089662603813713,-0.6918503760138923,1.1656636937524203,0
0.08768118765488711,-0.6989262942126988,1.116524143579755,0
0.0956087644729665,-0.7060440298136831,1.0674630612470482,0
0.10258472313127845,-0.7131756912586303,1.018427462285459,0
0.11307787246880414,-0.7205089177843913,0.9691573965762535,0
0.12176129453669574,-0.730898356386707,0.9191631266426121,0
0.1313423492967268,-0.7520179854041946,0.8742064999042063,0
0.14938816416507375,-0.7162510893551981,0.8334580074997102,0
0.15948196246143356,-0.7295211679907526,0.7907584115602085,0
0.17737293437832796,-0.7066264541838523,0.7573438645274834,0
0.19558942081944727,-0.7071067811865474,0.7071067811865477,0
0.03859163417017003,-0.39187120676075976,1.7462913159846023,0
0.036400314934830834,-0.38455640201604546,1.7953901169059583,0
0.0360701117159048,-0.338629624808918,1.813716386241133,0
0.03520988285769049,-0.29279373588153024,1.831969037211615,0
0.03527619355512364,-0.24693433357904837,1.8501983997101288,0
0.03490461885766206,-0.20004092410567065,1.8672936272969487,0
0.03332291896328157,-0.18668005450213207,1.912482003698244,0
0.03147630611091916,-0.16883687731132177,1.953263734074862,0
0.029868699446360822,-0.14712912687165142,1.9945809133815517,0
0.03001083754574229,-0.09813534843591837,1.9975909124210998,0
0.029829369683728277,-0.04908245691215036,1.99939763739569,0
0.03906133315272955,-0.43774403432057213,1.728005964158074,0
0.032520841539396224,-0.14534510318732005,1.9218622004639243,0
0.029941142455655274,-0.24482134971605718,-1.9849590692815833,0
0.031519379050899514,-0.26420265219891687,-1.93992705931324,0
0.031072621737646328,-0.3109393255730104,-1.9324841119494494,0
0.032584481069457584,-0.3326135246391724,-1.900868119792918,0
0.03310648515282138,-0.37042659224067265,-1.8891167372137854,0
0.032885730809738764,-0.41470166107193496,-1.874299867335253,0
0.032626066661709106,-0.46089391745696084,-1.8578343459949782,0
0.03479870151382064,-0.46926374110706526,-1.807408800096814,0
0.035361682143169426,-0.5150815458796805,-1.789161699475861,0
0.037245642825454825,-0.5224478890434812,-1.739632559779501,0
0.037649478509039644,-0.5683501184756248,-1.7210843748206888,0
0.03767645451809188,-0.6139661343585037,-1.7030452731148467,0
0.0400874616267808,-0.6212006986037432,-1.6542411100321837,0
0.04253422584441269,-0.6283472969829168,-1.6055394276913757,0
0.042556647372249366,-0.6740613245801411,-1.5873789228274557,0
0.045177576637793884,-0.6812500419346338,-1.5386390392957159,0
0.048176105384504446,-0.6883693530345415,-1.4898868487216939,0
0.047913418404946416,-0.7341582533156205,-1.4716750845600457,0
0.0510608043493955,-0.7411879728250118,-1.4228288626328178,0
0.05458016340692711,-0.7481303406665696,-1.3738845269642008,0
0.05829991970576549,-0.7552346740026508,-1.3249485041973295,0
0.06256147289961139,-0.7623789861215868,-1.2759793620884519,0
0.06719738202288852,-0.7695423575567124,-1.2269854415297266,0
0.07214376589740458,-0.7766946736178235,-1.1779431754780278,0
0.07810406358176608,-0.7838470865153417,-1.1288722858986378,0
0.08327654316533643,-0.790890366096295,-1.0799691056849616,0
0.08987354619455477,-0.797405326644998,-1.0316942551894785,0
0.09680023524222227,-0.8045138581986392,-0.9863205163877234,0
0.10171681386325292,-0.8204930068773174,-0.9424436832921932,0
0.1077936696010312,-0.8358683332186897,-0.8964934793802921,0
0.11694230771034154,-0.8485281374235493,-0.8485281374235489,0
0.12940993527398448,-0.8131727983643531,-0.8131727983643527,0
0.13907544011512707,-0.8260036963431227,-0.7649566439989844,0
0.15948196246161672,-0.7907584115602087,-0.7295211679907526,0
0.17072282662492327,-0.7932012235640865,-0.6823007305662928,0
0.19487108256496508,-0.7730104532336322,-0.6343932843209599,0
0.03963279854916798,-0.4835911390248218,1.7095098021735293,0
0.03986612281320093,-0.5296152599148,1.690820067663604,0
0.04013569340149138,-0.5754924991335434,1.6724067251201482,0
0.04236229337415029,-0.5826153788396268,1.6237125703491813,0
0.04532544797647524,-0.5897173596129549,1.574995755134726,0
0.045205582565239676,-0.6354759842480157,1.5568159013798892,0
0.04834758288123904,-0.6426195207666948,1.508091120906343,0
0.05162045957490387,-0.649718633419141,1.4593570135546823,0
0.05141615086902457,-0.6954271158278532,1.441125838708772,0
0.055097631603809864,-0.7023420324961609,1.392189349594193,0
0.05900095572072923,-0.7092503176796281,1.3431817133480801,0
0.06350914167486013,-0.7163847937734587,1.2942565448041983,0
0.06825251446181059,-0.7235384116666652,1.2453013003900402,0
0.07353668517035884,-0.73069229495427,1.1963007167111273,0
0.07946013753514232,-0.7378053097650452,1.1472542932368912,0
0.08563526027269631,-0.7449331261542009,1.0981703627765922,0
0.09367361250182148,-0.7520700421140397,1.049129884066784,0
0.10069337168415836,-0.7587033262266142,1.000722028998384,0
0.11000977487090896,-0.7673687901284943,0.951944420634415,0
0.11416607927057647,-0.7865824468356312,0.9079388928728455,0
0.12108949394638344,-0.8004775023187739,0.8611652052225964,0
0.1390754401150717,-0.7649566439989846,0.8260036963431225,0
0.1478478130149348,-0.7778174593051196,0.7778174593051201,0
0.17254313797453438,-0.7424621202458411,0.7424621202458415,0
0.17737293437820384,-0.757343864527483,0.7066264541838525,0
0.2000837783777317,-0.7409511253169007,0.6715589548890093,0
0.03711170093839363,-0.43058236603674654,1.776906294387224,0
0.03513952602575931,-0.42323899987076974,1.826147716621472,0
0.03406241195599253,-0.37709690245515426,1.844265948444162,0
0.03423536818299691,-0.33150354534397874,1.8625521986743325,0
0.03321168374539734,-0.28832046710270065,1.8882684674594497,0
0.03225175526736949,-0.23713906610812116,1.8999617037780747,0
0.0314551215415694,-0.21696083777936168,1.9466861376540276,0
0.030052101589211073,-0.19603428015147467,1.990369453394393,0
0.0373263452066073,-0.47645551664427926,1.758410566401352,0
0.030521879906159913,-0.29346094804526573,-1.978353020057941,0
0.02988392634067751,-0.3419237764754695,-1.9705552849592303,0
0.03094233683638259,-0.3583793973543501,-1.928953497594997,0
0.03150114611590823,-0.4041925223339662,-1.9191261706157214,0
0.031708442075967125,-0.4517022244215727,-1.9051230532793944,0
0.031624259519468845,-0.4973187530437553,-1.891262624119485,0
0.03351288284784971,-0.5074931588058982,-1.8397788577111462,0
0.03374283648637326,-0.553348013490367,-1.8203703530745619,0
0.035800170384677976,-0.5608423222240861,-1.7706329664453995,0
0.03582501510908576,-0.6062648719815893,-1.751734730267831,0
0.035862091286423085,-0.6525261225288073,-1.7335608421173558,0
0.037597005068654654,-0.6597575088839321,-1.6847794269740188,0
0.040037048172955496,-0.6669036514610706,-1.6360853882548125,0
0.039741592222262936,-0.712593323887193,-1.6179564319250017,0
0.04243180545157137,-0.7197947969313142,-1.5692109021911709,0
0.04497769071249664,-0.7270171515897218,-1.5204563177716979,0
0.0448182208391708,-0.7728279241216159,-1.5022731639555227,0
0.04750428554859897,-0.7800071014681168,-1.4534890869163746,0
0.050603209732337326,-0.7870549657684801,-1.4045887967937636,0
0.05398367883885452,-0.7941288541434659,-1.3556682228015366,0
0.05771939796327265,-0.801250075625209,-1.3066951378897946,0
0.06150257803317371,-0.8084123219822719,-1.2576940597915367,0
0.06615738788836208,-0.815584512074619,-1.2086577201513367,0
0.07038825171093879,-0.8227597875343617,-1.1596041835050919,0
0.07580299118897088,-0.8299476668430565,-1.1105145298528376,0
0.08187498735870712,-0.8365872251933942,-1.0638007667577536,0
0.08653500391674335,-0.847211804456281,-1.0193124739850628,0
0.09138881690731615,-0.8570679705444982,-0.9769417357602941,0
0.09609879225900951,-0.8708839256634829,-0.9321043376152134,0
0.1020742742257407,-0.8838834764827455,-0.8838834764827451,0
0.10779366960111804,-0.8964934793802924,-0.8358683332186891,0
0.12108949394568712,-0.8611652052225963,-0.8004775023187739,0
0.13134234929708832,-0.8742064999042064,-0.7520179854041945,0
0.1493881641639473,-0.8334580074997103,-0.7162510893551981,0
0.15740340247239698,-0.8388327235588685,-0.675635226371685,0
0.17854741831913773,-0.8199934384707417,-0.6399643707553326,0
0.20058830249747775,-0.8032075312539582,-0.595699304798085,0
0.0372456428256207,-0.5224478890434803,1.739632559779501,0
0.035361682143379154,-0.5150815458796796,1.789161699475861,0
0.0347987015137917,-0.46926374110706437,1.807408800096814,0
0.03262606666191976,-0.46089391745695996,1.8578343459949782,0
0.03288573080970637,-0.41470166107193407,1.874299867335253,0
0.033106485152821205,-0.37042659224067176,1.8891167372137854,0
0.03258448106948494,-0.3326135246391715,1.900868119792918,0
0.03107262173712727,-0.3109393255730095,1.9324841119494494,0
0.03151937905106074,-0.264202652198916,1.93992705931324,0
0.029941142455608985,-0.24482134971605624,1.9849590692815833,0
0.03764947850889486,-0.5683501184756239,1.7210843748206892,0
0.037676454517901935,-0.6139661343585028,1.703045273114847,0
0.0400874616267609,-0.6212006986037423,1.654241110032184,0
0.04253422584429211,-0.6283472969829161,1.6055394276913761,0
0.04255664737241059,-0.6740613245801405,1.5873789228274562,0
0.04517757663802759,-0.6812500419346331,1.5386390392957163,0
0.04817610538454969,-0.6883693530345408,1.4898868487216943,0
0.047913418405238294,-0.7341582533156198,1.4716750845600461,0
0.05106080434942357,-0.7411879728250111,1.4228288626328183,0
0.054580163407037384,-0.7481303406665689,1.3738845269642013,0
0.058299919705541714,-0.7552346740026501,1.32494850419733,0
0.06256147289998665,-0.7623789861215862,1.2759793620884523,0
0.06719738202319929,-0.7695423575567117,1.226985441529727,0
0.0721437658972739,-0.7766946736178229,1.1779431754780283,0
0.07810406358203928,-0.7838470865153413,1.1288722858986382,0
0.08327654316454709,-0.7908903660962946,1.079969105684962,0
0.0898735461942907,-0.7974053266449975,1.031694255189479,0
0.09680023524224365,-0.8045138581986387,0.9863205163877239,0
0.10171681386302577,-0.820493006877317,0.9424436832921936,0
0.10779366960054446,-0.8358683332186893,0.8964934793802926,0
0.11694230771052931,-0.8485281374235488,0.8485281374235494,0
0.12940993527448522,-0.8131727983643526,0.8131727983643532,0
0.13907544011520126,-0.8260036963431222,0.7649566439989849,0
0.15948196246127777,-0.7907584115602082,0.7295211679907531,0
0.1707228266250785,-0.7932012235640863,0.6823007305662933,0
0.19487108256489588,-0.7730104532336319,0.6343932843209603,0
0.030194444840246616,-0.39018064286380955,-1.9615705610388792,0
0.029664011815686772,-0.43820247900857207,-1.9514042603701423,0
0.02996516565050428,-0.485960358536986,-1.9400625067070922,0
0.030158336436559522,-0.5334255134940431,-1.927552131993741,0
0.03122349445584706,-0.5444373455470715,-1.8772248490305639,0
0.03190991917347746,-0.5977645053610172,-1.8538753727230883,0
0.03397577635069809,-0.5974646078210561,-1.7989015125862056,0
0.033665113300245596,-0.6441707834095818,-1.7795069687504588,0
0.034089778744928224,-0.6903421262742446,-1.7617494259109445,0
0.03550122770207733,-0.6983203083882785,-1.7152798826443678,0
0.03802580918144426,-0.7054617558284978,-1.6666170100788416,0
0.03769201521344859,-0.7511618762505811,-1.6484669721813265,0
0.03996466203308061,-0.7583295788868955,-1.5997660774763316,0
0.04213288929263213,-0.7655429503290317,-1.5510105000115366,0
0.04187886880204336,-0.8113683523643557,-1.5328851976495506,0
0.04438775951823967,-0.8186486337617137,-1.4840822675570926,0
0.047131779098306105,-0.8258666057212553,-1.4352804068839136,0
0.05001069620673559,-0.833008919786461,-1.3863816745637367,0
0.053116657134053884,-0.8401337787239325,-1.3374190702461695,0
0.05671459646628566,-0.8472911698935413,-1.2884168824373485,0
0.060369434982153004,-0.8544583756322541,-1.2394093715624719,0
0.06473426849985237,-0.8616452898421838,-1.1903396385189156,0
0.0693256052921361,-0.8689016698785652,-1.1412819189335406,0
0.07323705172114436,-0.8761097144326553,-1.0921334451713196,0
0.0779000439008366,-0.886018159192734,-1.0497777463708255,0
0.08076130178132575,-0.8992448682242825,-1.0079905199259926,0
0.08627777800005428,-0.9074877267618233,-0.9655136764949125,0
0.09110403365543611,-0.9192388155419373,-0.919238815541937,0
0.09609879225874748,-0.9321043376152137,-0.8708839256634825,0
0.101716813862532,-0.9424436832921935,-0.8204930068773172,0
0.11416607927052612,-0.9079388928728455,-0.786582446835631,0
0.12176129453757278,-0.9191631266426121,-0.730898356386707,0
0.13852904237319585,-0.8828824922109074,-0.6932460691234071,0
0.15975014564060408,-0.8646284560488972,-0.6464138720581942,0
0.17659456257090578,-0.8491017720403067,-0.602425102186032,0
0.1941630321784684,-0.8314696120142536,-0.555570233451061,0
0.035800170384521844,-0.5608423222240853,1.7706329664454,0
0.035825015109082384,-0.6062648719815884,1.7517347302678314,0
0.03586209128637489,-0.6525261225288064,1.7335608421173563,0
0.03759700506879629,-0.6597575088839313,1.6847794269740193,0
0.040037048173093816,-0.6669036514610697,1.636085388254813,0
0.03974159222239793,-0.7125933238871921,1.6179564319250022,0
0.04243180545127409,-0.7197947969313135,1.5692109021911713,0
0.04497769071282524,-0.7270171515897211,1.5204563177716983,0
0.04481822083888867,-0.7728279241216153,1.5022731639555231,0
0.047504285548598355,-0.7800071014681161,1.453489086916375,0
0.05060320973241704,-0.7870549657684794,1.404588796793764,0
0.05398367883895316,-0.7941288541434652,1.355668222801537,0
0.05771939796292997,-0.8012500756252083,1.306695137889795,0
0.0615025780332521,-0.8084123219822712,1.2576940597915371,0
0.06615738788822584,-0.8155845120746184,1.208657720151337,0
0.0703882517107512,-0.8227597875343611,1.1596041835050923,0
0.07580299118920122,-0.8299476668430561,1.110514529852838,0
0.08187498735896814,-0.8365872251933938,1.063800766757754,0
0.08653500391719181,-0.8472118044562805,1.0193124739850632,0
0.0913888169071912,-0.8570679705444978,0.9769417357602945,0
0.09609879225856421,-0.8708839256634825,0.9321043376152138,0
0.10207427422620674,-0.883883476482745,0.8838834764827456,0
0.10779366960047182,-0.896493479380292,0.8358683332186896,0
0.1210894939457067,-0.8611652052225959,0.8004775023187743,0
0.13134234929704,-0.874206499904206,0.752017985404195,0
0.14938816416440928,-0.8334580074997099,0.7162510893551985,0
0.15740340247252294,-0.8388327235588683,0.6756352263716855,0
0.17854741831876134,-0.8199934384707415,0.6399643707553331,0
0.2005883024977397,-0.8032075312539579,0.5956993047980854,0
0.033512882847694124,-0.5074931588058973,1.8397788577111462,0
0.0337428364862902,-0.5533480134903661,1.8203703530745623,0
0.03162425951958799,-0.4973187530437544,1.891262624119485,0
0.03170844207588861,-0.4517022244215718,1.9051230532793944,0
0.03150114611597986,-0.4041925223339653,1.9191261706157214,0
0.03094233683672398,-0.3583793973543492,1.928953497594997,0
0.029883926340774632,-0.3419237764754685,1.9705552849592303,0
0.030521879906200148,-0.29346094804526474,1.978353020057941,0
0.02978938467746682,-0.580569352912518,-1.9138806719486825,0
0.029789067163595077,-0.6273634790264138,-1.8990563617712548,0
0.03219030719059255,-0.6487764114902581,-1.8523616892636545,0
0.03154721681369396,-0.6824658404162995,-1.8109650460711089,0
0.03281213975743847,-0.6330250176403873,-1.8167133472220505,0
0.03402023246758643,-0.7369145005194959,-1.7457336883349848,0
0.03551118646433002,-0.7440312115514952,-1.6971085224516547,0
0.03557591528478148,-0.789730463999451,-1.6789596856065516,0
0.03732672942509647,-0.7968609085091013,-1.6303125295994736,0
0.03964934121233016,-0.8040236174141518,-1.5816391289494836,0
0.0393494789129766,-0.8498033120769782,-1.5635036541434528,0
0.041579411520072634,-0.8571680851395626,-1.5147111735839165,0
0.04388357186111696,-0.8645266627553884,-1.4658786511622857,0
0.04648415078650785,-0.8717536437363368,-1.4170391448831958,0
0.04939943977193938,-0.8789474002831328,-1.3681199568820988,0
0.05240768197887282,-0.8861488818067376,-1.3191457062150866,0
0.055757643656258925,-0.8932423498421285,-1.2702721379983346,0
0.05907425144225408,-0.9002239384997026,-1.2212340356289768,0
0.06321194753513162,-0.907435522928018,-1.1720005014611148,0
0.06686021852181434,-0.9148550177960539,-1.1228879746071885,0
0.07117074364128007,-0.9225103656827293,-1.0786828492309446,0
0.07524625998682452,-0.9316621481000643,-1.0398384241686518,0
0.0774793370808075,-0.9441475346320695,-0.999783972903538,0
0.08254575752049048,-0.954594154601127,-0.9545941546011266,0
0.08627777799989798,-0.9655136764949128,-0.9074877267618229,0
0.09138881690800246,-0.9769417357602944,-0.8570679705444979,0
0.09680023524245895,-0.9863205163877237,-0.8045138581986387,0
0.11000977487028664,-0.951944420634415,-0.7673687901284945,0
0.11307787246842016,-0.9691573965762535,-0.7205089177843914,0
0.12703316319805283,-0.9383748880661856,-0.6817563194080359,0
0.14336539185204658,-0.9102342841420921,-0.6434724295602682,0
0.15446087757716104,-0.8888238183250661,-0.6092706411441624,0
0.1699564753912947,-0.8854187084023334,-0.5628629356729575,0
0.1992742617440711,-0.8577286096775257,-0.5141027447316913,0
0.032668649842991865,-0.7289465041660186,-1.7850367805236529,0
0.03397577635097081,-0.5974646078210553,1.798901512586206,0
0.031909919173282,-0.5977645053610163,1.8538753727230888,0
0.031223494455808503,-0.5444373455470706,1.8772248490305643,0
0.030158336436475565,-0.5334255134940422,1.927552131993741,0
0.02996516565053299,-0.4859603585369851,1.9400625067070922,0
0.029664011815555034,-0.4382024790085712,1.9514042603701423,0
0.03019444484022812,-0.39018064286380855,1.9615705610388792,0
0.033665113300190286,-0.6441707834095809,1.7795069687504592,0
0.03408977874476778,-0.6903421262742437,1.761749425910945,0
0.035501227702115355,-0.6983203083882776,1.7152798826443683,0
0.0380258091813146,-0.7054617558284969,1.666617010078842,0
0.03769201521310286,-0.7511618762505802,1.648466972181327,0
0.039964662033112774,-0.7583295788868948,1.599766077476332,0
0.042132889292337994,-0.7655429503290311,1.551010500011537,0
0.041878868802713326,-0.811368352364355,1.532885197649551,0
0.04438775951814218,-0.818648633761713,1.484082267557093,0
0.04713177909809999,-0.8258666057212546,1.435280406883914,0
0.05001069620671974,-0.8330089197864603,1.3863816745637372,0
0.05311665713422556,-0.8401337787239318,1.33741907024617,0
0.05671459646612411,-0.8472911698935406,1.288416882437349,0
0.060369434982115,-0.8544583756322535,1.2394093715624723,0
0.06473426849982182,-0.8616452898421831,1.190339638518916,0
0.06932560529220748,-0.8689016698785648,1.141281918933541,0
0.07323705172110338,-0.8761097144326548,1.09213344517132,0
0.07790004390053207,-0.8860181591927335,1.049777746370826,0
0.0807613017814461,-0.8992448682242821,1.007990519925993,0
0.08627777800044054,-0.9074877267618229,0.9655136764949129,0
0.09110403365572294,-0.9192388155419369,0.9192388155419374,0
0.09609879225911833,-0.9321043376152133,0.8708839256634829,0
0.10171681386309013,-0.9424436832921931,0.8204930068773176,0
0.11416607926998855,-0.907938892872845,0.7865824468356315,0
0.1217612945376364,-0.9191631266426117,0.7308983563867074,0
0.13852904237310534,-0.882882492210907,0.6932460691234076,0
0.15975014564053572,-0.8646284560488969,0.6464138720581947,0
0.176594562570455,-0.8491017720403065,0.6024251021860324,0
0.1941630321782144,-0.8314696120142534,0.5555702334510615,0
0.028929140922379155,-0.6737797048764511,-1.8830881310487306,0
0.030585339480533897,-0.6872964747462751,-1.8490105069204625,0
0.030991910117794823,-0.7248027001288624,-1.8263860521078545,0
0.03131345746373904,-0.7692677476283023,-1.8031962761698497,0
0.032228496508440785,-0.7730950325326,-1.7642356600390239,0
0.03388957102012814,-0.7825891545040653,-1.7275986306707736,0
0.0340270591211133,-0.8277856665208867,-1.7081406940588748,0
0.035436048225502885,-0.835435638117683,-1.6608108080159198,0
0.037578643298795046,-0.8425750126353112,-1.6121746101227339,0
0.03689326297071622,-0.888285733206052,-1.5939976476546096,0
0.03906177882412693,-0.8956190673038172,-1.5453504217494265,0
0.04115778926463343,-0.9030424825751214,-1.4965668492416895,0
0.04344347953022353,-0.9104239655038598,-1.4476947879023516,0
0.04589756301896811,-0.9176465317578048,-1.3988197810161076,0
0.04848231074687346,-0.9247762276904181,-1.3498765079168826,0
0.05124228277901042,-0.9320499721060274,-1.3009381800132749,0
0.05462406331805117,-0.9386685172308538,-1.252077621284581,0
0.057646847891366565,-0.9454225379161176,-1.2026530697325697,0
0.061864759490189145,-0.9538778719754055,-1.1525894798096508,0
0.06485829123472767,-0.9613702829909496,-1.104589151631273,0
0.06985567468646443,-0.9597710319208205,-1.066529847061606,0
0.07065030215569673,-0.9780984096862496,-1.0335550375972977,0
0.07323713869622976,-0.9899494936603925,-0.9899494936603922,0
0.07747933708110966,-0.9997839729035384,-0.944147534632069,0
0.08076130178170925,-1.0079905199259933,-0.8992448682242821,0
0.08653500391697667,-1.0193124739850632,-0.8472118044562805,0
0.08987354619361827,-1.0316942551894792,-0.7974053266449975,0
0.10069337168458872,-1.0007220289983842,-0.7587033262266143,0
0.10258472313146322,-1.0184274622854592,-0.7131756912586303,0
0.1162492063706047,-0.9876834621372895,-0.6743661377210691,0
0.1320758320996427,-0.9569884918183371,-0.6355951571603494,0
0.14870997189847363,-0.92651126068227,-0.5967194625730223,0
0.1554538177125765,-0.9361280574853372,-0.5517769301698232,0
0.17425923791919132,-0.9068094239343711,-0.513701194335582,0
0.19801610652265242,-0.8819212639620182,-0.4713967375487831,0
0.032812139757240275,-0.6330250176403864,1.816713347222051,0
0.032190307190455736,-0.6487764114902572,1.852361689263655,0
0.029789067163407464,-0.6273634790264129,1.8990563617712553,0
0.029789384677777607,-0.5805693529125171,1.913880671948683,0
0.0315472168140317,-0.6824658404162987,1.8109650460711093,0
0.03266864984328226,-0.7289465041660177,1.7850367805236533,0
0.03402023246748031,-0.736914500519495,1.7457336883349852,0
0.035511186464618136,-0.7440312115514943,1.697108522451655,0
0.03557591528467524,-0.7897304639994501,1.678959685606552,0
0.03732672942534533,-0.7968609085091004,1.630312529599474,0
0.039649341212243144,-0.8040236174141512,1.581639128949484,0
0.03934947891257354,-0.8498033120769776,1.5635036541434533,0
0.04157941152022635,-0.8571680851395619,1.514711173583917,0
0.043883571861226024,-0.8645266627553877,1.465878651162286,0
0.04648415078654255,-0.8717536437363361,1.4170391448831963,0
0.04939943977178899,-0.8789474002831321,1.3681199568820992,0
0.05240768197895432,-0.8861488818067369,1.319145706215087,0
0.05575764365650984,-0.8932423498421278,1.270272137998335,0
0.05907425144220033,-0.900223938499702,1.2212340356289773,0
0.0632119475352959,-0.9074355229280173,1.1720005014611152,0
0.06686021852194221,-0.9148550177960535,1.122887974607189,0
0.07117074364121367,-0.9225103656827288,1.078682849230945,0
0.07524625998697916,-0.9316621481000639,1.0398384241686522,0
0.07747933708129251,-0.944147534632069,0.9997839729035385,0
0.08254575751985181,-0.9545941546011265,0.9545941546011271,0
0.08627777800015192,-0.9655136764949124,0.9074877267618233,0
0.09138881690771548,-0.976941735760294,0.8570679705444983,0
0.09680023524192884,-0.9863205163877232,0.8045138581986392,0
0.11000977487064517,-0.9519444206344145,0.7673687901284949,0
0.11307787246877045,-0.9691573965762531,0.7205089177843919,0
0.12703316319783944,-0.9383748880661854,0.6817563194080364,0
0.14336539185235,-0.9102342841420918,0.6434724295602686,0
0.15446087757753152,-0.8888238183250659,0.6092706411441629,0
0.16995647539113,-0.8854187084023332,0.562862935672958,0
0.19927426174469287,-0.8577286096775255,0.5141027447316917,0
0.03065060596712227,-0.7197900710654337,-1.8659855984427145,0
0.029674439966275726,-0.7653668625933487,-1.8477590659076777,0
0.029889474278929004,-0.8104826260323441,-1.8284195122836866,0
0.031156283460078673,-0.8130398910836052,-1.7848688434964368,0
0.032245708903608866,-0.8181177421772898,-1.7449471571492545,0
0.03255898838394366,-0.8591907170320681,-1.7248551399105947,0
0.03362072292829588,-0.8740028702202599,-1.6913182881099476,0
0.035139889065415174,-0.881110629377876,-1.6425687100191537,0
0.035031784403694394,-0.9268313180137048,-1.6243953774495605,0
0.03695246968384062,-0.9340245002836746,-1.5758482220911898,0
0.038316104795470915,-0.9413242710186297,-1.5271011452976297,0
0.04069790395571848,-0.9486054715424809,-1.478366484011826,0
0.04273906629032306,-0.9557742848212268,-1.4295442800431717,0
0.045185560114000795,-0.9629108655293448,-1.3805933683904288,0
0.047964197005293877,-0.9700535395640819,-1.3315456465566489,0
0.05038372618859934,-0.977200852462579,-1.282496138898013,0
0.05355981561297297,-0.9837053122634669,-1.2333387617123888,0
0.05642678909261147,-0.9918263606010753,-1.183273242057018,0
0.05985719744888675,-1.0023575096202184,-1.1301329393687427,0
0.06385990515469214,-1.005213953144108,-1.0759837726798638,0
0.06638926151757922,-1.02530483271961,-1.02530483271961,0
0.07065030215568469,-1.033555037597298,-0.9780984096862491,0
0.07524625998614637,-1.039838424168652,-0.9316621481000639,0
0.0779000439004558,-1.0497777463708262,-0.8860181591927335,0
0.08187498735906605,-1.0638007667577543,-0.8365872251933936,0
0.08327654316481668,-1.0799691056849623,-0.7908903660962946,0
0.09367361250187792,-1.0491298840667842,-0.7520700421140397,0
0.095608764472409,-1.0674630612470482,-0.7060440298136832,0
0.10653863002216139,-1.0370883386700331,-0.6672421139883848,0
0.1184051659297867,-1.0059047240256822,-0.6284573073799115,0
0.13356421316218836,-0.9734586599499815,-0.5901000355418001,0
0.13653013974449643,-0.9927589581188689,-0.5454051006855593,0
0.15383541039720622,-0.9587496398174937,-0.5078971467827021,0
0.1747800126855483,-0.9305459785467523,-0.4678329115627789,0
0.1975236275145429,-0.9039892927095291,-0.4275550943054303,0
0.030585339480437495,-0.6872964747462742,1.849010506920463,0
0.03099191011783344,-0.7248027001288615,1.826386052107855,0
0.03131345746392864,-0.7692677476283014,1.8031962761698501,0
0.03222849650799084,-0.7730950325325991,1.7642356600390243,0
0.03388957102035586,-0.7825891545040644,1.727598630670774,0
0.03402705912128822,-0.8277856665208858,1.7081406940588753,0
0.03543604822528574,-0.8354356381176821,1.6608108080159203,0
0.03757864329881406,-0.8425750126353105,1.6121746101227343,0
0.03689326297084953,-0.8882857332060513,1.59399764765461,0
0.03906177882406873,-0.8956190673038166,1.545350421749427,0
0.0411577892642591,-0.9030424825751208,1.49656684924169,0
0.043443479530103586,-0.9104239655038592,1.447694787902352,0
0.045897563019195675,-0.9176465317578041,1.398819781016108,0
0.048482310746894956,-0.9247762276904175,1.349876507916883,0
0.051242282778458645,-0.9320499721060267,1.3009381800132753,0
0.0546240633182134,-0.9386685172308531,1.2520776212845814,0
0.05764684789122903,-0.945422537916117,1.2026530697325701,0
0.061864759489948226,-0.9538778719754051,1.1525894798096512,0
0.0648582912346408,-0.9613702829909492,1.1045891516312734,0
0.06985567468675428,-0.95977103192082,1.0665298470616065,0
0.07065030215578862,-0.9780984096862492,1.0335550375972982,0
0.07323713869578274,-0.9899494936603921,0.9899494936603926,0
0.077479337081045,-0.9997839729035379,0.9441475346320695,0
0.08076130178156916,-1.0079905199259929,0.8992448682242825,0
0.08653500391684939,-1.0193124739850628,0.847211804456281,0
0.08987354619425376,-1.0316942551894788,0.797405326644998,0
0.10069337168448733,-1.0007220289983838,0.7587033262266147,0
0.10258472313145621,-1.0184274622854588,0.7131756912586308,0
0.1162492063706688,-0.9876834621372893,0.6743661377210696,0
0.1320758320996733,-0.9569884918183369,0.6355951571603499,0
0.14870997189866245,-0.9265112606822697,0.5967194625730228,0
0.1554538177125222,-0.936128057485337,0.5517769301698237,0
0.17425923791945605,-0.9068094239343709,0.5137011943355825,0
0.19801610652225918,-0.881921263962018,0.4713967375487834,0
0.028929140922859125,-0.6737797048764502,1.883088131048731,0
0.030423984528061228,-0.8551101849915401,-1.8079785871308685,0
0.03143101044844774,-0.8579788665175605,-1.7635396326281556,0
0.03187945925005581,-0.8999310898600803,-1.7307615682818225,0
0.03353850145766198,-0.9194998606407797,-1.6726070337701626,0
0.03234338210636198,-0.9663101389930696,-1.655941631418573,0
0.0346943179164486,-0.9720817765919002,-1.6049907924632039,0
0.03617024982485573,-0.9796895472987072,-1.5574678926984258,0
0.038303921289635424,-0.9868807959089335,-1.5089024547528158,0
0.04000683446197763,-0.993963345829847,-1.460050818167383,0
0.04240435605678244,-1.0009250430854604,-1.4111741489903107,0
0.044192378022982766,-1.0080270933243913,-1.3621722235925007,0
0.04677181478344472,-1.015219633626509,-1.3130555846502747,0
0.04938784445118975,-1.02242647146631,-1.2639901261585638,0
0.051989758370674675,-1.0292046391021472,-1.2150616490964647,0
0.055394350944538914,-1.0377908299233853,-1.1638414457043698,0
0.058023640157908514,-1.0477192195237581,-1.1089564630933058,0
0.06197422715532222,-1.060660171778835,-1.060660171778834,0
0.06385990515477115,-1.075983772679864,-1.005213953144108,0
0.06985567468646188,-1.066529847061606,-0.9597710319208198,0
0.07117074364149835,-1.0786828492309453,-0.9225103656827289,0
0.073237051721566,-1.0921334451713203,-0.8761097144326551,0
0.07580299118954717,-1.1105145298528383,-0.8299476668430563,0
0.07810406358170272,-1.1288722858986382,-0.7838470865153415,0
0.0856352602728818,-1.0981703627765922,-0.744933126154201,0
0.08768118765562188,-1.1165241435797553,-0.698926294212699,0
0.09678183938232411,-1.0862786488067353,-0.660110346307951,0
0.10900593466027554,-1.0556809766282143,-0.6215807479295324,0
0.12016793768458967,-1.0250348469647783,-0.583221971506589,0
0.12248094244800596,-1.0443954244305542,-0.5379745258904913,0
0.1378043311620914,-1.0131041598173953,-0.49977072212129686,0
0.15502495131018754,-0.9813884521041311,-0.4615420620437505,0
0.17553865281670847,-0.9527773036306834,-0.4216012026929773,0
0.1972627355596064,-0.923879532095688,-0.3826834333684341,0
0.030650605966772073,-0.7197900710654328,1.865985598442715,0
0.029674439966239866,-0.7653668625933479,1.8477590659076781,0
0.02988947427893305,-0.8104826260323432,1.828419512283687,0
0.031156283460091774,-0.8130398910836043,1.7848688434964373,0
0.032245708903328806,-0.8181177421772889,1.744947157149255,0
0.03255898838423865,-0.8591907170320672,1.7248551399105951,0
0.03362072292804506,-0.874002870220259,1.691318288109948,0
0.03513988906572295,-0.8811106293778751,1.6425687100191542,0
0.03503178440344507,-0.9268313180137039,1.624395377449561,0
0.03695246968386643,-0.9340245002836739,1.5758482220911902,0
0.038316104795651444,-0.941324271018629,1.5271011452976302,0
0.040697903955926554,-0.9486054715424802,1.4783664840118265,0
0.042739066290117526,-0.9557742848212262,1.4295442800431721,0
0.04518556011426139,-0.9629108655293441,1.3805933683904292,0
0.04796419700512219,-0.9700535395640812,1.3315456465566493,0
0.05038372618900693,-0.9772008524625784,1.2824961388980134,0
0.053559815612454945,-0.9837053122634662,1.2333387617123892,0
0.05642678909294473,-0.9918263606010747,1.1832732420570184,0
0.05985719744886557,-1.002357509620218,1.1301329393687432,0
0.06385990515429933,-1.0052139531441076,1.0759837726798642,0
0.06638926151766579,-1.0253048327196095,1.0253048327196104,0
0.07065030215586764,-1.0335550375972975,0.9780984096862495,0
0.07524625998674402,-1.0398384241686516,0.9316621481000643,0
0.07790004390054912,-1.0497777463708258,0.886018159192734,0
0.08187498735912879,-1.0638007667577538,0.836587225193394,0
0.08327654316447741,-1.0799691056849618,0.790890366096295,0
0.09367361250163139,-1.0491298840667838,0.7520700421140402,0
0.09560876447247761,-1.0674630612470477,0.7060440298136836,0
0.10653863002230457,-1.0370883386700327,0.6672421139883853,0
0.11840516592981883,-1.0059047240256818,0.6284573073799119,0
0.13356421316166878,-0.9734586599499813,0.5901000355418006,0
0.13653013974443737,-0.9927589581188687,0.5454051006855597,0
0.15383541039639342,-0.9587496398174935,0.5078971467827026,0
0.1747800126861214,-0.930545978546752,0.46783291156277934,0
0.19752362751452787,-0.9039892927095289,0.42755509430543076,0
0.029359172310473518,-0.8992226575541578,-1.7864486032744515,0
0.03000807828784896,-0.9427934721717728,-1.7638425294879059,0
0.031869897374677346,-0.9455526259126596,-1.7137354912669878,0
0.031056994368260753,-0.9894170658473574,-1.6991428932856927,0
0.03174106339964363,-1.0212206939993158,-1.6704061400615458,0
0.03264037456896613,-1.0115633038189704,-1.628061441032004,0
0.03454985460882334,-1.017297515329052,-1.5851330528217207,0
0.03569494951349902,-1.025231410129671,-1.538643806422348,0
0.03782175257116416,-1.0326154472307316,-1.4905333235896978,0
0.03938635489644106,-1.0397778863928304,-1.4417874534395558,0
0.041419841408294834,-1.046918742513807,-1.3928581946686638,0
0.04385675957625483,-1.0540797085920952,-1.3438173532298419,0
0.04559469028760341,-1.0612567439468203,-1.294700675071279,0
0.04835374583999678,-1.0683035269902534,-1.2460205018494228,0
0.05031312992067177,-1.0742707229086563,-1.198042590707686,0
0.05358678722272029,-1.0831088974383651,-1.1443210032213658,0
0.055856592275454496,-1.096015510838228,-1.096015510838228,0
0.058023640158201474,-1.108956463093306,-1.047719219523758,0
0.059857197448401914,-1.130132939368743,-1.002357509620218,0
0.06485829123502397,-1.104589151631273,-0.9613702829909496,0
0.06686021852132326,-1.1228879746071891,-0.9148550177960537,0
0.06932560529226188,-1.1412819189335413,-0.8689016698785652,0
0.07038825171065909,-1.1596041835050923,-0.8227597875343613,0
0.07214376589737864,-1.1779431754780283,-0.7766946736178231,0
0.07946013753501016,-1.1472542932368912,-0.7378053097650455,0
0.08089662603726586,-1.1656636937524203,-0.6918503760138925,0
0.08947718284769629,-1.1352268274397053,-0.6530157385484694,0
0.0983984582485252,-1.1050348978716242,-0.6144161180048067,0
0.10982422454258779,-1.0747444034304332,-0.576036630389552,0
0.11076514313727402,-1.0931193892350892,-0.5305982052874255,0
0.12345285911911348,-1.0626625393001552,-0.4922185747921499,0
0.13783720907917696,-1.0319088098025377,-0.45375032667121173,0
0.15548616382310715,-1.0018668547003047,-0.4149868402147681,0
0.1742898944571234,-0.9716515897092134,-0.3754615323548291,0
0.1982208967290855,-0.9415440648596897,-0.3368898542958702,0
0.030423984528043752,-0.8551101849915392,1.807978587130869,0
0.031431010448203754,-0.8579788665175596,1.763539632628156,0
0.03187945925024182,-0.8999310898600794,1.730761568281823,0
0.03353850145782945,-0.9194998606407788,1.672607033770163,0
0.03234338210635147,-0.9663101389930687,1.6559416314185735,0
0.034694317916479415,-0.9720817765918995,1.6049907924632043,0
0.03617024982489734,-0.9796895472987065,1.5574678926984262,0
0.038303921289655166,-0.9868807959089329,1.5089024547528163,0
0.04000683446192973,-0.9939633458298464,1.4600508181673835,0
0.042404356057007445,-1.0009250430854595,1.4111741489903111,0
0.04419237802303668,-1.0080270933243909,1.3621722235925011,0
0.046771814783626,-1.0152196336265085,1.3130555846502752,0
0.04938784445158648,-1.0224264714663096,1.2639901261585642,0
0.05198975837075257,-1.0292046391021468,1.2150616490964652,0
0.055394350944600476,-1.037790829923385,1.1638414457043702,0
0.05802364015793103,-1.0477192195237577,1.1089564630933062,0
0.061974227155581096,-1.0606601717788346,1.0606601717788344,0
0.0638599051547341,-1.0759837726798636,1.0052139531441084,0
0.06985567468645132,-1.0665298470616056,0.9597710319208203,0
0.07117074364097747,-1.0786828492309448,0.9225103656827294,0
0.0732370517212557,-1.0921334451713198,0.8761097144326555,0
0.07580299118940467,-1.1105145298528378,0.8299476668430568,0
0.07810406358191972,-1.1288722858986378,0.783847086515342,0
0.08563526027253866,-1.0981703627765917,0.7449331261542015,0
0.08768118765554495,-1.1165241435797548,0.6989262942126995,0
0.09678183938218585,-1.0862786488067349,0.6601103463079514,0
0.1090059346603927,-1.0556809766282138,0.6215807479295329,0
0.12016793768487527,-1.0250348469647779,0.5832219715065895,0
0.12248094244830286,-1.0443954244305538,0.5379745258904918,0
0.1378043311624871,-1.0131041598173949,0.4997707221212973,0
0.1550249513099534,-0.9813884521041308,0.4615420620437509,0
0.17553865281730693,-0.9527773036306831,0.42160120269297774,0
0.19726273555964782,-0.9238795320956877,0.3826834333684345,0
0.02954534773473836,-0.9857963831335155,-1.740173982968623,0
0.030248371771114467,-1.0282054871982267,-1.715457220712734,0
0.029915731999513948,-1.0699952387551894,-1.6897071311446918,0
0.03163718296301088,-1.0603868659140898,-1.6429902325305348,0
0.03328059104440894,-1.0523859876889468,-1.6043549483657267,0
0.03429042829142403,-1.0625045965474997,-1.566990413645044,0
0.035546263951555655,-1.0711871529369181,-1.5208376012295797,0
0.03697913935135594,-1.0784979815361526,-1.4723673738266578,0
0.0389930288872031,-1.0857337865222756,-1.4235540481775788,0
0.040453828239112574,-1.0929610389939883,-1.3745837236801297,0
0.042712092344004776,-1.1002002349559223,-1.3255134555286279,0
0.044519006658655,-1.1075240274466882,-1.276542672442031,0
0.047273590533204485,-1.1138145911334163,-1.2286978455988207,0
0.04890015561375579,-1.12133901547109,-1.1800151818520888,0
0.051561257891738745,-1.131370849897643,-1.131370849897643,0
0.053586787222479,-1.144321003221366,-1.083108897438365,0
0.05539435094467287,-1.16384144570437,-1.037790829923385,0
0.056426789093115035,-1.183273242057018,-0.991826360601075,0
0.06186475949030243,-1.152589479809651,-0.9538778719754051,0
0.06321194753516712,-1.1720005014611152,-0.9074355229280173,0
0.06473426849965101,-1.1903396385189162,-0.8616452898421832,0
0.06615738788843677,-1.2086577201513373,-0.8155845120746188,0
0.06719738202305929,-1.2269854415297272,-0.769542357556712,0
0.0735366851705789,-1.1963007167111273,-0.7306922949542702,0
0.07472933371343306,-1.2146563958796572,-0.6847226411054834,0
0.08163635453839187,-1.1839693460500362,-0.6459818153175605,0
0.0906784759236474,-1.1536334045363281,-0.6072315446350103,0
0.09956271932618677,-1.1235534294985563,-0.568803276698792,0
0.1008146890412751,-1.1419135844831623,-0.5236219767656425,0
0.11128704859106245,-1.1114046269006421,-0.48508230693625176,0
0.124264518761142,-1.0808417087652378,-0.44652830435797247,0
0.13844058889186525,-1.0504493620355848,-0.40801797593575956,0
0.1545231236228025,-1.0196738491723587,-0.36804582227001204,0
0.17566627563310344,-0.9886217685443471,-0.328423529770059,0
0.19670982630657644,-0.9569403354952273,-0.2902846780356864,0
0.02935917231060125,-0.8992226575541569,1.786448603274452,0
0.030008078287723405,-0.9427934721717719,1.7638425294879063,0
0.031869897374795585,-0.9455526259126588,1.7137354912669882,0
0.031056994368410917,-0.9894170658473566,1.6991428932856931,0
0.031741063399429184,-1.021220693999315,1.6704061400615462,0
0.03264037456862902,-1.0115633038189695,1.6280614410320045,0
0.03454985460904496,-1.017297515329051,1.5851330528217211,0
0.03569494951324131,-1.02523141012967,1.5386438064223484,0
0.037821752571381914,-1.0326154472307307,1.4905333235896983,0
0.039386354896080854,-1.0397778863928295,1.4417874534395563,0
0.041419841408578316,-1.046918742513806,1.3928581946686642,0
0.043856759575723436,-1.0540797085920948,1.3438173532298423,0
0.045594690287537334,-1.06125674394682,1.2947006750712795,0
0.04835374583962587,-1.068303526990253,1.2460205018494233,0
0.050313129920480766,-1.0742707229086559,1.1980425907076864,0
0.053586787222911596,-1.0831088974383647,1.1443210032213662,0
0.05585659227567744,-1.0960155108382275,1.0960155108382283,0
0.0580236401578224,-1.1089564630933055,1.0477192195237583,0
0.05985719744847893,-1.1301329393687425,1.0023575096202184,0
0.06485829123501899,-1.1045891516312725,0.9613702829909501,0
0.06686021852193139,-1.1228879746071887,0.9148550177960542,0
0.06932560529216722,-1.1412819189335408,0.8689016698785657,0
0.07038825171105488,-1.1596041835050919,0.8227597875343617,0
0.07214376589716844,-1.1779431754780278,0.7766946736178235,0
0.07946013753513502,-1.1472542932368908,0.737805309765046,0
0.08089662603771652,-1.1656636937524198,0.691850376013893,0
0.08947718284766847,-1.1352268274397048,0.6530157385484698,0
0.09839845824839598,-1.1050348978716238,0.6144161180048071,0
0.1098242245420291,-1.0747444034304328,0.5760366303895524,0
0.11076514313698044,-1.0931193892350888,0.530598205287426,0
0.12345285911844874,-1.0626625393001548,0.49221857479215037,0
0.13783720907974142,-1.0319088098025377,0.4537503266712122,0
0.1554861638230425,-1.0018668547003047,0.41498684021476856,0
0.17428989445611337,-0.9716515897092132,0.37546153235482954,0
0.19822089672950455,-0.9415440648596894,0.33688985429587065,0
0.029928994220098686,-1.1111404650968706,-1.6629392252347377,0
0.031872162661193575,-1.0995403595284647,-1.6016822578634728,0
0.03361644056542817,-1.1093851536719468,-1.5512908151674178,0
0.034761696804092274,-1.117178766409959,-1.5030160473399448,0
0.03648651782072626,-1.124362029709829,-1.454309247612962,0
0.03820248258817406,-1.1315088933132595,-1.40568136286468,0
0.039928852790721336,-1.1381324890747582,-1.356693910863326,0
0.041771317241509155,-1.1445467533678664,-1.3075804978989878,0
0.043671734940021634,-1.1508934126061732,-1.261232679351175,0
0.045017240767021675,-1.158595027346591,-1.215193486436476,0
0.048198595183208785,-1.16672618895708,-1.16672618895708,0
0.04890015561368896,-1.180015181852089,-1.12133901547109,0
0.05031312992099548,-1.198042590707686,-1.074270722908656,0
0.05198975837045842,-1.215061649096465,-1.029204639102147,0
0.05355981561241132,-1.233338761712389,-0.9837053122634665,0
0.05764684789115665,-1.20265306973257,-0.9454225379161174,0
0.05907425144190603,-1.2212340356289773,-0.9002239384997021,0
0.06036943498265153,-1.2394093715624723,-0.8544583756322532,0
0.06150257803330692,-1.2576940597915371,-0.808412321982271,0
0.06256147289959406,-1.2759793620884523,-0.762378986121586,0
0.06825251446197905,-1.2453013003900402,-0.7235384116666651,0
0.06886987316865525,-1.2635915672346603,-0.6776564015804261,0
0.07584767971612692,-1.2329549199999392,-0.6390321440222385,0
0.08263357128980604,-1.2025871732685862,-0.6003896438029138,0
0.09108730321809093,-1.1722197755310901,-0.5618783883164289,0
0.0912538786509536,-1.1906237762489842,-0.5164565675553583,0
0.10093307128813431,-1.1601088432316402,-0.47796116122522575,0
0.11165734571930637,-1.1295773861480758,-0.4393593616532308,0
0.1237028918968572,-1.0990421277971378,-0.40074244350015226,0
0.1377465699522855,-1.0686406496426588,-0.36222177997824473,0
0.155037512453777,-1.0368128704020467,-0.31916327536641154,0
0.17508419671658748,-1.004197890929559,-0.2789406504611346,0
0.19750930424698904,-0.9700312530284172,-0.24298018056647946,0
0.029545347734556453,-0.9857963831335146,1.7401739829686234,0
0.030248371771323182,-1.0282054871982258,1.7154572207127345,0
0.029915731999581464,-1.0699952387551885,1.6897071311446923,0
0.03163718296270919,-1.060386865914089,1.6429902325305352,0
0.03328059104451315,-1.0523859876889459,1.6043549483657271,0
0.03429042829138754,-1.0625045965474988,1.5669904136450445,0
0.03554626395170683,-1.0711871529369172,1.5208376012295801,0
0.03697913935123673,-1.0784979815361517,1.4723673738266583,0
0.0389930288871667,-1.0857337865222747,1.4235540481775792,0
0.040453828239227586,-1.0929610389939879,1.3745837236801302,0
0.04271209234424108,-1.100200234955922,1.3255134555286283,0
0.04451900665870505,-1.1075240274466878,1.2765426724420315,0
0.04727359053336838,-1.1138145911334159,1.2286978455988211,0
0.04890015561376227,-1.1213390154710896,1.1800151818520892,0
0.05156125789179408,-1.1313708498976425,1.1313708498976434,0
0.05358678722232369,-1.1443210032213655,1.0831088974383654,0
0.055394350945001884,-1.1638414457043695,1.0377908299233853,0
0.056426789092796005,-1.1832732420570176,0.9918263606010754,0
0.061864759490461815,-1.1525894798096505,0.9538778719754055,0
0.06321194753500611,-1.1720005014611148,0.9074355229280178,0
0.06473426849958777,-1.1903396385189158,0.8616452898421837,0
0.06615738788871359,-1.2086577201513369,0.8155845120746192,0
0.06719738202297094,-1.2269854415297268,0.7695423575567124,0
0.07353668517042083,-1.1963007167111268,0.7306922949542707,0
0.07472933371358094,-1.2146563958796568,0.6847226411054839,0
0.0816363545379808,-1.1839693460500358,0.6459818153175609,0
0.09067847592411986,-1.1536334045363277,0.6072315446350107,0
0.09956271932639349,-1.1235534294985559,0.5688032766987925,0
0.10081468904160239,-1.1419135844831618,0.5236219767656429,0
0.11128704859069707,-1.1114046269006417,0.4850823069362522,0
0.12426451876102289,-1.0808417087652378,0.4465283043579729,0
0.1384405888914709,-1.0504493620355848,0.40801797593576,0
0.15452312362305898,-1.0196738491723587,0.3680458222700125,0
0.17566627563232326,-0.9886217685443469,0.32842352977005945,0
0.19670982630639997,-0.9569403354952271,0.29028467803568686,0
0.02999381927504384,-1.1516163820122887,-1.6351696268830729,0
0.031542441527558494,-1.1494865907553757,-1.581658803163281,0
0.03278473837307423,-1.1549512406425757,-1.5331860065540177,0
0.03434378811708982,-1.1629351188894097,-1.4849020148823837,0
0.03561692328737096,-1.1701315577130558,-1.4362801888545997,0
0.03741802081618394,-1.1759398820576639,-1.3873059271990267,0
0.03911964800214398,-1.1801481223717984,-1.3397632023767907,0
0.040472999354546395,-1.1850054935467533,-1.2930438374665658,0
0.04247434515142728,-1.1941302515851955,-1.2497707904730477,0
0.04399800906485707,-1.202081528016508,-1.202081528016508,0
0.045017240767158156,-1.215193486436476,-1.158595027346591,0
0.0472735905328501,-1.228697845598821,-1.113814591133416,0
0.048353745839791844,-1.246020501849423,-1.068303526990253,0
0.04938784445152237,-1.263990126158564,-1.02242647146631,0
0.050383726189355174,-1.282496138898013,-0.9772008524625787,0
0.05462406331825029,-1.252077621284581,-0.9386685172308532,0
0.05575764365637703,-1.2702721379983353,-0.893242349842128,0
0.056714596466117734,-1.2884168824373492,-0.8472911698935406,0
0.057719397963027816,-1.3066951378897953,-0.8012500756252083,0
0.05829991970569615,-1.3249485041973301,-0.7552346740026502,0
0.06350914167497078,-1.2942565448041983,-0.7163847937734589,0
0.06410476007302843,-1.3125686756354211,-0.6705983158359075,0
0.06962711707084766,-1.2819741079706182,-0.6320833254418003,0
0.07591212197707632,-1.2514551744481712,-0.5935099122618283,0
0.08355142515226312,-1.2209649577838952,-0.5549153801891828,0
0.0834038464855568,-1.2393250274103271,-0.5094748583675273,0
0.0919817551670407,-1.2087065395314422,-0.4708985323807482,0
0.10072743313784302,-1.1781463760709099,-0.4323187102210183,0
0.11135937537601703,-1.1477751322528318,-0.39359265178888525,0
0.1238591911868479,-1.1172133050891289,-0.3549575354954189,0
0.13703872565978834,-1.0856398098607387,-0.31370862659348175,0
0.15637422224803876,-1.051901303151065,-0.26902545227753794,0
0.17265194560688504,-1.018488388592635,-0.22658593868666227,0
0.19944412990794566,-0.980785280302205,-0.19509032252401687,0
0.029928994220143165,-1.1111404650968697,1.6629392252347381,0
0.03187216266152126,-1.0995403595284639,1.6016822578634733,0
0.03361644056543699,-1.109385153671946,1.5512908151674183,0
0.03476169680423357,-1.1171787664099582,1.5030160473399452,0
0.03648651782070757,-1.124362029709828,1.4543092476129624,0
0.038202482588274446,-1.1315088933132587,1.4056813628646805,0
0.03992885279069027,-1.1381324890747577,1.3566939108633265,0
0.04177131724135768,-1.144546753367866,1.3075804978989882,0
0.04367173494001192,-1.1508934126061727,1.2612326793511754,0
0.045017240766767795,-1.1585950273465906,1.2151934864364764,0
0.04819859518320653,-1.1667261889570795,1.1667261889570804,0
0.048900155613788486,-1.1800151818520885,1.1213390154710905,0
0.05031312992084533,-1.1980425907076855,1.0742707229086566,0
0.05198975837052418,-1.2150616490964645,1.0292046391021474,0
0.0535598156124353,-1.2333387617123885,0.9837053122634671,0
0.05764684789118429,-1.2026530697325695,0.9454225379161179,0
0.05907425144225562,-1.2212340356289768,0.9002239384997025,0
0.06036943498225943,-1.2394093715624719,0.8544583756322539,0
0.06150257803304671,-1.2576940597915367,0.8084123219822716,0
0.062561472899802,-1.2759793620884519,0.7623789861215867,0
0.0682525144614677,-1.2453013003900397,0.7235384116666658,0
0.06886987316896853,-1.2635915672346598,0.6776564015804267,0
0.07584767971609095,-1.2329549199999388,0.6390321440222392,0
0.0826335712897314,-1.2025871732685858,0.6003896438029143,0
0.09108730321779343,-1.1722197755310897,0.5618783883164293,0
0.09125387865061169,-1.1906237762489837,0.5164565675553587,0
0.10093307128854423,-1.1601088432316398,0.4779611612252263,0
0.11165734571952064,-1.1295773861480758,0.43935936165323136,0
0.12370289189717464,-1.0990421277971378,0.4007424435001527,0
0.137746569951202,-1.0686406496426588,0.3622217799782452,0
0.15503751245433972,-1.0368128704020467,0.319163275366412,0
0.17508419671656697,-1.004197890929559,0.27894065046113503,0
0.1975093042472469,-0.970031253028417,0.24298018056647996,0
0.030209411839761405,-1.1913986083068824,-1.6064150634641179,0
0.03140370692464204,-1.1918253310997307,-1.559679832961669,0
0.03271043926273693,-1.2000688964965516,-1.514280675926925,0
0.0339097765007071,-1.2097062774389704,-1.4662898363627939,0
0.03527110412964052,-1.2152428206017956,-1.4167905016275868,0
0.036218556197314365,-1.2177970900904984,-1.3705460330161898,0
0.038248484346529804,-1.2207035694102613,-1.3272377574731977,0
0.039512099822345784,-1.2255534180193182,-1.2851171388757487,0
0.04100058903597708,-1.237436867075976,-1.237436867075975,0
0.04247434515177534,-1.249770790473048,-1.194130251585195,0
0.04367173494003922,-1.261232679351175,-1.150893412606173,0
0.04451900665901539,-1.276542672442031,-1.107524027446688,0
0.04559469028754745,-1.294700675071279,-1.06125674394682,0
0.04677181478309129,-1.313055584650275,-1.015219633626509,0
0.04796419700538895,-1.331545646556649,-0.9700535395640812,0
0.05124228277862948,-1.300938180013275,-0.9320499721060267,0
0.052407681978657444,-1.3191457062150873,-0.8861488818067371,0
0.05311665713419904,-1.3374190702461701,-0.8401337787239316,0
0.05398367883893549,-1.3556682228015373,-0.794128854143465,0
0.05458016340669537,-1.3738845269642013,-0.7481303406665689,0
0.05900095572069494,-1.3431817133480801,-0.7092503176796282,0
0.05938652382570507,-1.3615979945818202,-0.6635659615862535,0
0.06446542555754443,-1.3309994190427201,-0.6250597025248626,0
0.0701230215776084,-1.3004422055586022,-0.586611387731799,0
0.07639219953976792,-1.2698873600378853,-0.5480006094351313,0
0.07648283361587738,-1.2880914710239872,-0.5023621380309765,0
0.08351505009125425,-1.2573541431005453,-0.463832762795705,0
0.09112633771698177,-1.2266405731933698,-0.4252794204484164,0
0.10065898894987105,-1.1962167773943118,-0.3866367463329259,0
0.10962410320308286,-1.1659184707108028,-0.34784616906804716,0
0.12181350353331152,-1.134335909489621,-0.30843696583189845,0
0.13629644160179924,-1.102146110577886,-0.26891265440161627,0
0.1537914646680465,-1.062548862481097,-0.22010089776117164,0
0.16772995100082552,-1.034882314224999,-0.17875432905531205,0
0.2000430461713619,-0.989176509908181,-0.14673047483692786,0
0.029993819274970593,-1.1516163820122878,1.6351696268830733,0
0.031542441527476144,-1.1494865907553748,1.5816588031632814,0
0.03278473837313961,-1.1549512406425748,1.5331860065540182,0
0.03434378811692725,-1.1629351188894088,1.4849020148823842,0
0.0356169232872326,-1.1701315577130549,1.4362801888546002,0
0.037418020816097436,-1.175939882057663,1.3873059271990271,0
0.03911964800197624,-1.180148122371798,1.3397632023767911,0
0.04047299935452662,-1.1850054935467529,1.2930438374665663,0
0.04247434515155638,-1.194130251585195,1.2497707904730482,0
0.043998009064835863,-1.2020815280165076,1.2020815280165085,0
0.04501724076715409,-1.2151934864364755,1.1585950273465915,0
0.04727359053325506,-1.2286978455988204,1.1138145911334165,0
0.048353745839497926,-1.2460205018494226,1.0683035269902534,0
0.04938784445155651,-1.2639901261585635,1.0224264714663105,0
0.05038372618933946,-1.2824961388980125,0.9772008524625794,0
0.054624063318250905,-1.2520776212845806,0.9386685172308539,0
0.05575764365613176,-1.2702721379983348,0.8932423498421287,0
0.05671459646614849,-1.2884168824373488,0.8472911698935413,0
0.0577193979635597,-1.3066951378897949,0.801250075625209,0
0.05829991970579745,-1.3249485041973297,0.7552346740026509,0
0.0635091416751345,-1.2942565448041978,0.7163847937734595,0
0.06410476007310195,-1.3125686756354207,0.6705983158359081,0
0.06962711707078703,-1.2819741079706177,0.632083325441801,0
0.07591212197727637,-1.2514551744481708,0.5935099122618289,0
0.08355142515272557,-1.2209649577838948,0.5549153801891833,0
0.08340384648523873,-1.2393250274103267,0.5094748583675279,0
0.0919817551671564,-1.2087065395314418,0.47089853238074875,0
0.10072743313712638,-1.1781463760709099,0.43231871022101886,0
0.11135937537691684,-1.1477751322528318,0.3935926517888858,0
0.12385919118699357,-1.1172133050891289,0.3549575354954195,0
0.1370387256598884,-1.0856398098607387,0.3137086265934822,0
0.15637422224834957,-1.051901303151065,0.2690254522775384,0
0.17265194560724315,-1.018488388592635,0.22658593868666277,0
0.19944412990730678,-0.980785280302205,0.19509032252401737,0
0.02929465736296258,-1.2304631806793405,-1.5766928556293018,0
0.03159898908720531,-1.2315959561210517,-1.53883046074536,0
0.0315062359621066,-1.2531333301774619,-1.4993387059434997,0
0.03312662957765993,-1.2547487527514258,-1.4450961056802758,0
0.03504598698186982,-1.25512730188083,-1.3957699035847397,0
0.03584568521814903,-1.2545290474322521,-1.3578554465306538,0
0.037525687124239794,-1.2599334939023492,-1.3211105335975057,0
0.03791268766357307,-1.272792206135378,-1.272792206135378,0
0.039512099822095484,-1.285117138875749,-1.225553418019318,0
0.04047299935460947,-1.293043837466566,-1.185005493546753,0
0.04177131724098767,-1.307580497898988,-1.144546753367866,0
0.042712092344057206,-1.325513455528628,-1.100200234955922,0
0.04385675957605974,-1.343817353229842,-1.054079708592095,0
0.044192378023135866,-1.362172223592501,-1.008027093324391,0
0.04518556011398783,-1.380593368390429,-0.9629108655293444,0
0.04848231074677455,-1.3498765079168833,-0.9247762276904175,0
0.04939943977199575,-1.3681199568820992,-0.8789474002831321,0
0.05001069620689754,-1.3863816745637372,-0.8330089197864605,0
0.050603209732717286,-1.4045887967937642,-0.7870549657684797,0
0.051060804349055536,-1.4228288626328183,-0.7411879728250115,0
0.05509763160420903,-1.3921893495941933,-0.702342032496161,0
0.05533796809494918,-1.4105440308590103,-0.6567185461126069,0
0.059808959258576495,-1.3800047173256662,-0.6180801027467775,0
0.06461231922272488,-1.3493514221344463,-0.5794975307215877,0
0.07014381668247412,-1.3187041651600202,-0.5409604740435408,0
0.07016527009418605,-1.3369108528425813,-0.49519113737046005,0
0.07618033693072547,-1.3062533764974118,-0.4566925259191859,0
0.08331610402922053,-1.2750544577923808,-0.41801516123934257,0
0.09078562089547082,-1.2445794559813168,-0.37941260423677187,0
0.0994371960653055,-1.2140717345419088,-0.3408518767713711,0
0.11011079011225829,-1.183185460292307,-0.3019187746551882,0
0.11879644939746646,-1.151639946060103,-0.2626900972427301,0
0.1326794439245305,-1.119217208372746,-0.22191810231964712,0
0.14499316300226017,-1.090105394089912,-0.18511491941593183,0
0.15653551159965517,-1.069478001292287,-0.14845401837814873,0
0.17319204042223035,-1.035561018515463,-0.12501317957324545,0
0.19778569174966878,-0.9951847266485508,-0.09801714056964254,0
0.030209411839622818,-1.1913986083068815,1.6064150634641183,0
0.03140370692481602,-1.1918253310997298,1.5596798329616695,0
0.03271043926267317,-1.2000688964965507,1.5142806759269254,0
0.03390977650062125,-1.2097062774389695,1.4662898363627943,0
0.035271104129590496,-1.2152428206017947,1.4167905016275872,0
0.03621855619766015,-1.217797090090498,1.3705460330161903,0
0.03824848434674752,-1.2207035694102608,1.3272377574731982,0
0.03951209982235662,-1.2255534180193177,1.2851171388757492,0
0.041000589035807083,-1.2374368670759757,1.2374368670759754,0
0.0424743451516952,-1.2497707904730475,1.1941302515851955,0
0.04367173493998751,-1.2612326793511746,1.1508934126061734,0
0.044519006658809895,-1.2765426724420306,1.1075240274466884,0
0.04559469028756919,-1.2947006750712786,1.0612567439468203,0
0.046771814783205475,-1.3130555846502745,1.0152196336265094,0
0.047964197005393124,-1.3315456465566486,0.9700535395640819,0
0.051242282778527465,-1.3009381800132747,0.9320499721060274,0
0.052407681979054994,-1.3191457062150869,0.8861488818067378,0
0.053116657134146095,-1.3374190702461697,0.8401337787239322,0
0.05398367883860679,-1.3556682228015369,0.7941288541434657,0
0.05458016340696467,-1.3738845269642008,0.7481303406665696,0
0.059000955720088274,-1.3431817133480797,0.7092503176796289,0
0.05938652382579539,-1.3615979945818197,0.6635659615862541,0
0.06446542555749489,-1.3309994190427197,0.6250597025248633,0
0.07012302157725145,-1.3004422055586018,0.5866113877317997,0
0.07639219953933213,-1.2698873600378848,0.548000609435132,0
0.07648283361610073,-1.2880914710239868,0.5023621380309772,0
0.08351505009124555,-1.2573541431005448,0.46383276279570557,0
0.091126337717373,-1.2266405731933698,0.42527942044841693,0
0.1006589889493933,-1.1962167773943118,0.38663674633292644,0
0.10962410320276533,-1.1659184707108028,0.3478461690680477,0
0.12181350353332761,-1.134335909489621,0.308436965831899,0
0.13629644160207607,-1.102146110577886,0.2689126544016167,0
0.15379146466774143,-1.062548862481097,0.2201008977611722,0
0.16772995100130936,-1.034882314224999,0.17875432905531255,0
0.20004304617134575,-0.989176509908181,0.14673047483692836,0
0.03000231621349617,-1.2687865679578592,-1.5460209070286597,0
0.030053614601834616,-1.3063456856411466,-1.5144176932427738,0
0.031048130508366557,-1.2972295096967286,-1.4668515038325178,0
0.03280394376959215,-1.2941161931655016,-1.415962880308641,0
0.03445183301414348,-1.2928036637969835,-1.3627062966573877,0
0.03540631056230148,-1.308147545194806,-1.308147545194806,0
0.03752568712419149,-1.321110533597506,-1.259933493902349,0
0.03824848434669561,-1.327237757473198,-1.220703569410261,0
0.03911964800201063,-1.339763202376791,-1.180148122371798,0
0.03992885279060194,-1.356693910863326,-1.138132489074758,0
0.04045382823940186,-1.37458372368013,-1.092961038993988,0
0.041419841408222864,-1.392858194668664,-1.046918742513806,0
0.0424043560568776,-1.411174148990311,-1.00092504308546,0
0.04273906629045506,-1.429544280043172,-0.9557742848212265,0
0.04589756301906469,-1.3988197810161083,-0.9176465317578044,0
0.046484150786229264,-1.4170391448831963,-0.8717536437363363,0
0.04713177909808296,-1.4352804068839142,-0.8258666057212549,0
0.047504285548710355,-1.4534890869163752,-0.7800071014681164,0
0.04791341840487968,-1.4716750845600461,-0.73415825331562,0
0.0514161508690428,-1.4411258387087722,-0.6954271158278537,0
0.051620459574971536,-1.4593570135546823,-0.6497186334191415,0
0.05559554146752479,-1.4287414852392362,-0.6111480800637326,0
0.059790540515181255,-1.3981753524001073,-0.5724530245671201,0
0.06489149903768367,-1.3675109742324743,-0.5338238125609343,0
0.06435412409644956,-1.3857110115418312,-0.48798624408594254,0
0.07012773855627077,-1.3549555759422467,-0.44938582388988885,0
0.07585148380966727,-1.3235299389249988,-0.41073490836770316,0
0.08256663418883484,-1.2929820038783397,-0.3720098234345863,0
0.09004284887062591,-1.2624620533703899,-0.3333668210357327,0
0.0976912574878841,-1.231677909434284,-0.2945843449848356,0
0.10759470583942973,-1.20081514108489,-0.25569214394846657,0
0.11906902907845722,-1.169802319917377,-0.21669359675775615,0
0.13051976361684076,-1.139060617110101,-0.17799644833867695,0
0.1410488323048139,-1.110125723683732,-0.13892061692745514,0
0.15855284341260872,-1.080429989578334,-0.10665909930212068,0
0.16958186870509584,-1.045564283086771,-0.0752609377221296,0
0.19658142542509394,-0.998795456200073,-0.04906767443121759,0
0.029294657362904153,-1.2304631806793396,1.5766928556293023,0
0.03159898908712683,-1.2315959561210508,1.5388304607453605,0
0.031506235961922105,-1.253133330177461,1.4993387059435002,0
0.033126629577814745,-1.254748752751425,1.4450961056802762,0
0.03504598698180746,-1.255127301880829,1.3957699035847402,0
0.03584568521783479,-1.2545290474322517,1.3578554465306543,0
0.03752568712420929,-1.2599334939023488,1.3211105335975062,0
0.03791268766366825,-1.2727922061353776,1.2727922061353785,0
0.039512099822105795,-1.2851171388757485,1.2255534180193184,0
0.04047299935427013,-1.2930438374665656,1.1850054935467536,0
0.04177131724130845,-1.3075804978989876,1.1445467533678664,0
0.04271209234451784,-1.3255134555286276,1.1002002349559223,0
0.04385675957577384,-1.3438173532298416,1.0540797085920954,0
0.044192378023135005,-1.3621722235925005,1.0080270933243916,0
0.04518556011405607,-1.3805933683904286,0.962910865529345,0
0.048482310746830785,-1.3498765079168829,0.9247762276904181,0
0.049399439771819216,-1.3681199568820988,0.8789474002831328,0
0.0500106962066364,-1.3863816745637367,0.8330089197864612,0
0.05060320973271821,-1.4045887967937638,0.7870549657684803,0
0.05106080434944167,-1.4228288626328178,0.7411879728250121,0
0.0550976316040629,-1.3921893495941928,0.7023420324961617,0
0.0553379680948267,-1.4105440308590098,0.6567185461126076,0
0.05980895925888172,-1.3800047173256658,0.6180801027467782,0
0.06461231922290173,-1.3493514221344458,0.5794975307215884,0
0.07014381668312515,-1.3187041651600198,0.5409604740435414,0
0.07016527009378444,-1.3369108528425808,0.4951911373704606,0
0.07618033693093404,-1.3062533764974118,0.45669252591918646,0
0.08331610402904571,-1.2750544577923808,0.4180151612393431,0
0.0907856208958308,-1.2445794559813168,0.3794126042367724,0
0.0994371960653708,-1.2140717345419088,0.34085187677137163,0
0.11011079011236713,-1.183185460292307,0.30191877465518874,0
0.11879644939714534,-1.151639946060103,0.2626900972427307,0
0.132679443924649,-1.119217208372746,0.22191810231964768,0
0.14499316300248843,-1.090105394089912,0.1851149194159324,0
0.15653551159869633,-1.069478001292287,0.14845401837814928,0
0.17319204042217798,-1.035561018515463,0.12501317957324595,0
0.1977856917498732,-0.9951847266485508,0.09801714056964302,0
0.030324858839227187,-1.3431179095514867,-1.4819022508391178,0
0.031831768538486044,-1.3321672493269336,-1.4340531810288057,0
0.0322461438994474,-1.3326206815401125,-1.3913002910681187,0
0.034043769254890034,-1.343502884254265,-1.343502884254264,0
0.03445183301429264,-1.362706296657388,-1.292803663796983,0
0.03584568521791409,-1.357855446530654,-1.254529047432252,0
0.03621855619742058,-1.37054603301619,-1.217797090090498,0
0.03741802081645311,-1.387305927199027,-1.175939882057663,0
0.03820248258836935,-1.40568136286468,-1.131508893313259,0
0.03899302888691092,-1.423554048177579,-1.085733786522275,0
0.03938635489628703,-1.441787453439556,-1.03977788639283,0
0.040006834461940984,-1.460050818167383,-0.9939633458298466,0
0.040697903955892,-1.478366484011826,-0.9486054715424804,0
0.04344347953014619,-1.4476947879023523,-0.9104239655038595,0
0.0438835718613399,-1.4658786511622863,-0.8645266627553881,0
0.04438775951829713,-1.4840822675570933,-0.8186486337617133,0
0.04481822083914129,-1.5022731639555231,-0.772827924121615,0
0.04497769071257755,-1.5204563177716983,-0.7270171515897211,0
0.04817610538474062,-1.4898868487216943,-0.6883693530345409,0
0.04834758288173277,-1.5080911209063432,-0.6426195207666946,0
0.051710123804222796,-1.4775185379453741,-0.6039782597480688,0
0.05557573157666002,-1.4469192155108102,-0.56532971002423,0
0.059938125307937004,-1.4163189620861563,-0.526664546308513,0
0.05976945796846861,-1.4345188498682673,-0.4808141896676548,0
0.0643552478972939,-1.4038711475725767,-0.44215049307674215,0
0.06925183946733639,-1.3729279703358448,-0.4034586194946556,0
0.07536935544801222,-1.3420197378987997,-0.3647432929574265,0
0.08124457032026651,-1.3111714858139027,-0.3259376089370225,0
0.08906752780623399,-1.280334932435385,-0.2870510277159108,0
0.0968276407327499,-1.249549437856368,-0.24822595344380963,0
0.103775901368067,-1.218831323605658,-0.20947580326456322,0
0.11564732905469459,-1.18818522569068,-0.17171886473413892,0
0.1207554433454622,-1.161007384923481,-0.12557428605446025,0
0.1385644693107584,-1.125473753467015,-0.09303786996718197,0
0.1502547911400327,-1.092899391922077,-0.07124812390196172,0
0.16016873331256168,-1.076057135607035,-0.037941139861740594,0
0.17945174303266753,-1.036541042540306,-0.0372059861067225,0
0.19430028259358936,-1.0,3.5876077807826975e-16,0
0.19658142542475301,-0.998795456200073,0.049067674431218074,0
0.1695818687050538,-1.045564283086771,0.0752609377221301,0
0.15855284341233902,-1.080429989578334,0.10665909930212118,0
0.14104883230570323,-1.110125723683732,0.1389206169274557,0
0.13051976361708367,-1.139060617110101,0.1779964483386775,0
0.11906902907868762,-1.169802319917377,0.2166935967577567,0
0.10759470583932843,-1.20081514108489,0.2556921439484671,0
0.0976912574883311,-1.231677909434284,0.29458434498483616,0
0.0900428488702752,-1.2624620533703899,0.33336682103573323,0
0.08256663418871474,-1.2929820038783397,0.37200982343458683,0
0.07585148380943572,-1.3235299389249988,0.4107349083677037,0
0.07012773855620001,-1.3549555759422467,0.4493858238898895,0
0.06435412409647903,-1.3857110115418307,0.4879862440859432,0
0.06489149903722631,-1.3675109742324738,0.5338238125609349,0
0.059790540514644046,-1.3981753524001068,0.5724530245671208,0
0.05559554146746944,-1.4287414852392357,0.6111480800637332,0
0.0516204595749821,-1.4593570135546818,0.6497186334191422,0
0.051416150868984684,-1.4411258387087718,0.6954271158278543,0
0.04791341840498463,-1.4716750845600457,0.7341582533156207,0
0.047504285548353814,-1.4534890869163748,0.780007101468117,0
0.0471317790980057,-1.4352804068839138,0.8258666057212556,0
0.04648415078651011,-1.4170391448831958,0.871753643736337,0
0.045897563019150815,-1.3988197810161078,0.9176465317578051,0
0.04273906629028222,-1.4295442800431715,0.9557742848212272,0
0.0424043560568475,-1.4111741489903105,1.0009250430854604,0
0.04141984140829505,-1.3928581946686636,1.0469187425138065,0
0.04045382823934215,-1.3745837236801295,1.0929610389939886,0
0.03992885279057642,-1.3566939108633256,1.1381324890747584,0
0.0391196480024667,-1.3397632023767905,1.1801481223717984,0
0.038248484346707155,-1.3272377574731975,1.2207035694102615,0
0.03752568712425151,-1.3211105335975055,1.2599334939023494,0
0.035406310562110015,-1.3081475451948055,1.3081475451948064,0
0.034451833014361444,-1.292803663796983,1.3627062966573882,0
0.03280394376958041,-1.2941161931655007,1.4159628803086415,0
0.031048130508311542,-1.2972295096967277,1.4668515038325183,0
0.03005361460191687,-1.3063456856411457,1.5144176932427742,0
0.03000231621360316,-1.2687865679578583,1.5460209070286601,0
0.03000464501953159,-1.3790810894677097,-1.4484941659090498,0
0.031536788506150326,-1.3641045612084697,-1.4137237695628768,0
0.03213375373187222,-1.37885822331368,-1.37885822331368,0
0.032246143899085436,-1.391300291068119,-1.332620681540112,0
0.03280394376972534,-1.415962880308641,-1.294116193165501,0
0.035045986981703386,-1.39576990358474,-1.255127301880829,0
0.035271104129550715,-1.416790501627587,-1.215242820601795,0
0.03561692328690043,-1.4362801888546,-1.170131557713055,0
0.03648651782077721,-1.454309247612962,-1.124362029709828,0
0.03697913935143041,-1.472367373826658,-1.0784979815361515,0
0.03782175257126138,-1.490533323589698,-1.0326154472307305,0
0.038303921289712696,-1.508902454752816,-0.9868807959089331,0
0.03831610479567575,-1.52710114529763,-0.9413242710186288,0
0.04115778926436415,-1.4965668492416901,-0.9030424825751212,0
0.04157941152004943,-1.5147111735839172,-0.8571680851395619,0
0.04187886880239231,-1.5328851976495512,-0.8113683523643549,0
0.04213288929249884,-1.5510105000115373,-0.765542950329031,0
0.04243180545150252,-1.5692109021911713,-0.7197947969313137,0
0.04517757663753387,-1.5386390392957163,-0.6812500419346333,0
0.04520558256552654,-1.5568159013798892,-0.6354759842480159,0
0.048367806283262496,-1.5262651688857543,-0.596844146999799,0
0.0518236193937644,-1.4957010917114453,-0.5581773160330766,0
0.05538823439373177,-1.4651228610774731,-0.5194966514366272,0
0.05523649696108846,-1.4833375594071263,-0.47364393902601026,0
0.059175350113526086,-1.4527104669804687,-0.4349346948827668,0
0.0638118410879985,-1.4220054950693588,-0.39624209352542944,0
0.0688028550044766,-1.3911859266070867,-0.35749510515074445,0
0.07432585205035944,-1.3601958706981219,-0.3186905432063468,0
0.08024095057658275,-1.329394721754459,-0.27983033267682356,0
0.0870021022945756,-1.2985876924889,-0.2409704972819495,0
0.09527355386933672,-1.266820787449091,-0.19967445931444072,0
0.1009169547388895,-1.237022592969058,-0.16339032309227694,0
0.1124033637699471,-1.210010914357945,-0.12933259887127074,0
0.11525475432382813,-1.197018626328959,-0.08809221923470849,0
0.12737854059692144,-1.159499000354933,-0.07832031644348034,0
0.13836863696551616,-1.125704394314883,-0.04452201022262438,0
0.14636203045805574,-1.1,3.9463685588609675e-16,0
0.17701034456724163,-1.05,3.7669881698218327e-16,0
0.16016873331289957,-1.076057135607035,0.03794113986174112,0
0.15025479114005383,-1.092899391922077,0.07124812390196225,0
0.13856446931008284,-1.125473753467015,0.0930378699671825,0
0.12075544334522695,-1.161007384923481,0.1255742860544608,0
0.11564732905393865,-1.18818522569068,0.17171886473413953,0
0.10377590136812351,-1.218831323605658,0.20947580326456383,0
0.0968276407326132,-1.249549437856368,0.24822595344381024,0
0.08906752780608945,-1.280334932435385,0.28705102771591134,0
0.08124457032038114,-1.3111714858139027,0.32593760893702306,0
0.07536935544827446,-1.3420197378987997,0.3647432929574271,0
0.06925183946742453,-1.3729279703358448,0.4034586194946563,0
0.06435524789786023,-1.4038711475725767,0.4421504930767428,0
0.05976945796828561,-1.4345188498682668,0.4808141896676555,0
0.05993812530834404,-1.4163189620861558,0.5266645463085137,0
0.055575731576951996,-1.4469192155108097,0.5653297100242307,0
0.05171012380426399,-1.4775185379453737,0.6039782597480695,0
0.048347582881682415,-1.5080911209063428,0.6426195207666953,0
0.048176105384513335,-1.4898868487216939,0.6883693530345416,0
0.044977690712813656,-1.5204563177716979,0.7270171515897218,0
0.04481822083907989,-1.5022731639555227,0.7728279241216157,0
0.04438775951820503,-1.4840822675570928,0.8186486337617139,0
0.04388357186137831,-1.4658786511622859,0.8645266627553888,0
0.04344347953007069,-1.4476947879023518,0.9104239655038602,0
0.04069790395586589,-1.4783664840118256,0.9486054715424811,0
0.04000683446192221,-1.4600508181673826,0.9939633458298472,0
0.03938635489636116,-1.4417874534395556,1.0397778863928304,0
0.038993028887023023,-1.4235540481775786,1.0857337865222754,0
0.03820248258820859,-1.4056813628646796,1.1315088933132595,0
0.03741802081586004,-1.3873059271990265,1.1759398820576634,0
0.036218556197571146,-1.3705460330161896,1.2177970900904984,0
0.035845685218047256,-1.3578554465306536,1.2545290474322524,0
0.03445183301431721,-1.3627062966573875,1.2928036637969835,0
0.03404376925476831,-1.3435028842542645,1.3435028842542645,0
0.03224614389935643,-1.3326206815401116,1.3913002910681191,0
0.031831768538410785,-1.3321672493269328,1.4340531810288062,0
0.030324858839154388,-1.3431179095514858,1.4819022508391182,0
0.17945174303301184,-1.036541042540306,0.037205986106723,0
0.029573799208588835,-1.4142135623730954,-1.414213562373095,0
0.031536788506069544,-1.413723769562877,-1.364104561208469,0
0.031831768538425016,-1.434053181028806,-1.332167249326933,0
0.03104813050836828,-1.466851503832518,-1.2972295096967275,0
0.03312662957788504,-1.445096105680276,-1.254748752751425,0
0.03390977650071861,-1.466289836362794,-1.2097062774389695,0
0.034343788117185636,-1.484902014882384,-1.1629351188894086,0
0.03476169680423438,-1.503016047339945,-1.1171787664099575,0
0.035546263951731036,-1.52083760122958,-1.0711871529369166,0
0.035694949513290414,-1.538643806422348,-1.0252314101296696,0
0.03617024982481433,-1.557467892698426,-0.9796895472987064,0
0.03695246968388439,-1.57584822209119,-0.9340245002836741,0
0.039061778824183914,-1.5453504217494272,-0.8956190673038166,0
0.03934947891278782,-1.5635036541434533,-0.8498033120769777,0
0.039649341212056,-1.5816391289494842,-0.8040236174141511,0
0.03996466203315294,-1.5997660774763323,-0.7583295788868947,0
0.0397415922223117,-1.6179564319250022,-0.7125933238871923,0
0.04255664737256326,-1.5873789228274562,-0.6740613245801402,0
0.042534225844306155,-1.6055394276913761,-0.6283472969829161,0
0.045325447976615786,-1.5749957551347262,-0.5897173596129548,0
0.04814539122542193,-1.5444866858613002,-0.5510415653227028,0
0.05166051939978487,-1.5139186190521612,-0.5123478992267799,0
0.05135172116957157,-1.5321785964296253,-0.4664979617709979,0
0.054832158747708186,-1.5015945278696448,-0.4277704117103881,0
0.05887568425398749,-1.4709227542214818,-0.38901816131946787,0
0.06296978770989815,-1.4401660948385748,-0.35024547450578836,0
0.06766373210242065,-1.4093463981583099,-0.3114415387090038,0
0.07311702675553752,-1.378478815375139,-0.27259482969569254,0
0.078740047777762,-1.347657995702593,-0.23370783370634002,0
0.0850386715016092,-1.315452553377113,-0.1919306221687877,0
0.09306373584539646,-1.282167594887338,-0.15423797838408115,0
0.10237480203798546,-1.252124005671904,-0.12743158589018053,0
0.10312579008082699,-1.245307382624987,-0.09005898609443944,0
0.1062583256273852,-1.224253813538292,-0.04504518356511785,0
0.12399771061474002,-1.176337163535087,-0.042688991665124354,0
0.130923235895928,-1.15,4.125748947900102e-16,0
0.13836863696527077,-1.125704394314883,0.04452201022262492,0
0.12737854059649892,-1.159499000354933,0.07832031644348089,0
0.11525475432472936,-1.197018626328959,0.08809221923470904,0
0.11240336377037108,-1.210010914357945,0.12933259887127135,0
0.10091695473918999,-1.237022592969058,0.16339032309227755,0
0.09527355386890761,-1.266820787449091,0.19967445931444133,0
0.08700210229468008,-1.2985876924889,0.24097049728195016,0
0.08024095057677255,-1.329394721754459,0.2798303326768241,0
0.07432585205021484,-1.3601958706981219,0.3186905432063475,0
0.06880285500395705,-1.3911859266070867,0.3574951051507451,0
0.06381184108797121,-1.4220054950693588,0.3962420935254301,0
0.059175350113092245,-1.4527104669804687,0.4349346948827675,0
0.05523649696074761,-1.4833375594071259,0.47364393902601093,0
0.055388234394179565,-1.4651228610774727,0.5194966514366278,0
0.05182361939300452,-1.4957010917114448,0.5581773160330773,0
0.048367806283732696,-1.5262651688857538,0.5968441469997997,0
0.04520558256520227,-1.5568159013798888,0.6354759842480165,0
0.04517757663782509,-1.5386390392957159,0.681250041934634,0
0.04243180545135868,-1.5692109021911709,0.7197947969313143,0
0.042132889292361274,-1.5510105000115368,0.7655429503290316,0
0.04187886880232883,-1.5328851976495508,0.8113683523643556,0
0.04157941152026094,-1.5147111735839167,0.8571680851395626,0
0.041157789264323584,-1.4965668492416897,0.9030424825751219,0
0.03831610479564111,-1.5271011452976295,0.9413242710186295,0
0.038303921289464006,-1.5089024547528156,0.9868807959089337,0
0.037821752571469774,-1.4905333235896976,1.0326154472307314,0
0.03697913935135201,-1.4723673738266576,1.0784979815361524,0
0.03648651782091622,-1.4543092476129615,1.1243620297098285,0
0.03561692328734327,-1.4362801888545995,1.1701315577130555,0
0.03527110412957297,-1.4167905016275866,1.2152428206017953,0
0.035045986981797096,-1.3957699035847395,1.2551273018808295,0
0.03280394376943742,-1.4159628803086406,1.2941161931655014,0
0.032246143899413264,-1.3913002910681185,1.3326206815401125,0
0.03213375373181982,-1.3788582233136795,1.3788582233136804,0
0.03153678850624726,-1.3641045612084688,1.4137237695628773,0
0.030004645019723646,-1.3790810894677088,1.4484941659090502,0
0.03000464501966607,-1.44849416590905,-1.379081089467709,0
0.030324858839122844,-1.481902250839118,-1.3431179095514856,0
0.030053614601934706,-1.514417693242774,-1.3063456856411455,0
0.031506235961969456,-1.4993387059435,-1.2531333301774605,0
0.03271043926254416,-1.514280675926925,-1.2000688964965505,0
0.03278473837283856,-1.533186006554018,-1.1549512406425746,0
0.03361644056544207,-1.551290815167418,-1.1093851536719457,0
0.0342904282917073,-1.566990413645044,-1.0625045965474988,0
0.0345498546088666,-1.585133052821721,-1.0172975153290509,0
0.03469431791645605,-1.604990792463204,-0.9720817765918994,0
0.03503178440338552,-1.6243953774495612,-0.9268313180137039,0
0.036893262970780334,-1.5939976476546103,-0.8882857332060512,0
0.037578643298672366,-1.6121746101227343,-0.8425750126353106,0
0.03732672942535691,-1.6303125295994743,-0.7968609085091001,0
0.037692015213213956,-1.6484669721813272,-0.75116187625058,0
0.03802580918119701,-1.6666170100788422,-0.7054617558284969,0
0.040037048172608655,-1.6360853882548132,-0.6669036514610699,0
0.04008746162690844,-1.6542411100321843,-0.6212006986037425,0
0.042362293373980585,-1.6237125703491813,-0.5826153788396268,0
0.04530815287695693,-1.5932758212545932,-0.5439459904452802,0
0.04803077914491558,-1.5627636591291223,-0.5052166796183265,0
0.0477320368815281,-1.5811556519968577,-0.459354074681745,0
0.0508928879513726,-1.5505070239229577,-0.4206063910681741,0
0.05433326267195254,-1.5198567231207967,-0.3818470441582395,0
0.057875533442787876,-1.4891472385085869,-0.34304888797271,0
0.06260559177901757,-1.458388756466627,-0.30422706035737473,0
0.06649150513663699,-1.427575947573089,-0.26536193778133094,0
0.07180805920000892,-1.396755643454931,-0.22646276044789032,0
0.07723693568404284,-1.365924926147193,-0.18755384618638193,0
0.08423319259661638,-1.331276302514291,-0.1431136157671406,0
0.08978464247235858,-1.294507111164958,-0.09963648513448578,0
0.09553061482807158,-1.275068861232616,-0.045307778724191866,0
0.1043762611088,-1.25,4.484509725978371e-16,0
0.11473200000766219,-1.2,4.3051293369392366e-16,0
0.10625832562659705,-1.224253813538292,0.04504518356511845,0
0.10312579008072491,-1.245307382624987,0.09005898609444002,0
0.10237480203776553,-1.252124005671904,0.12743158589018114,0
0.0930637358460109,-1.282167594887338,0.15423797838408176,0
0.08503867150178804,-1.315452553377113,0.19193062216878837,0
0.07874004777776311,-1.347657995702593,0.23370783370634068,0
0.07311702675581937,-1.378478815375139,0.2725948296956932,0
0.06766373210244495,-1.4093463981583099,0.3114415387090045,0
0.0629697877100633,-1.4401660948385748,0.350245474505789,0
0.05887568425455284,-1.4709227542214818,0.38901816131946854,0
0.05483215874744719,-1.5015945278696448,0.42777041171038876,0
0.051351721170041775,-1.5321785964296248,0.46649796177099856,0
0.051660519399886966,-1.5139186190521607,0.5123478992267806,0
0.04814539122547939,-1.5444866858612998,0.5510415653227034,0
0.04532544797662277,-1.5749957551347258,0.5897173596129555,0
0.042534225844440145,-1.6055394276913757,0.6283472969829168,0
0.04255664737256256,-1.5873789228274557,0.6740613245801409,0
0.03974159222218007,-1.6179564319250017,0.712593323887193,0
0.03996466203307851,-1.5997660774763318,0.7583295788868953,0
0.03964934121233429,-1.5816391289494838,0.8040236174141517,0
0.039349478912775876,-1.5635036541434528,0.8498033120769783,0
0.039061778824001796,-1.5453504217494267,0.8956190673038172,0
0.03695246968397313,-1.5758482220911896,0.9340245002836748,0
0.03617024982477753,-1.5574678926984256,0.979689547298707,0
0.03569494951332358,-1.5386438064223475,1.0252314101296705,0
0.03554626395151849,-1.5208376012295794,1.0711871529369175,0
0.034761696804022094,-1.5030160473399445,1.1171787664099584,0
0.034343788117122825,-1.4849020148823835,1.1629351188894095,0
0.033909776500715735,-1.4662898363627936,1.2097062774389704,0
0.03312662957786923,-1.4450961056802756,1.2547487527514254,0
0.031048130508365072,-1.4668515038325176,1.2972295096967283,0
0.031831768538454736,-1.4340531810288055,1.3321672493269334,0
0.03153678850626855,-1.4137237695628766,1.3641045612084695,0
0.029573799208363977,-1.4142135623730945,1.4142135623730954,0
0.12399771061537908,-1.176337163535087,0.04268899166512492,0
0.030002316213203973,-1.54602090702866,-1.2687865679578576,0
0.031598989087323275,-1.53883046074536,-1.2315959561210506,0
0.03140370692495854,-1.559679832961669,-1.1918253310997298,0
0.03154244152736279,-1.581658803163281,-1.1494865907553748,0
0.031872162661234674,-1.601682257863473,-1.0995403595284639,0
0.033280591044360264,-1.604354948365727,-1.0523859876889459,0
0.03264037456895332,-1.628061441032004,-1.0115633038189698,0
0.03234338210622166,-1.655941631418573,-0.9663101389930687,0
0.033538501457999234,-1.6726070337701633,-0.9194998606407789,0
0.03513988906530586,-1.6425687100191542,-0.8811106293778752,0
0.03543604822553556,-1.6608108080159203,-0.8354356381176822,0
0.03557591528479844,-1.6789596856065523,-0.7897304639994501,0
0.03551118646477143,-1.6971085224516553,-0.744031211551494,0
0.03550122770231548,-1.7152798826443683,-0.6983203083882774,0
0.03759700506886425,-1.6847794269740193,-0.659757508883931,0
0.03767645451815715,-1.7030452731148473,-0.6139661343585028,0
0.04013569340187063,-1.6724067251201482,-0.5754924991335433,0
0.04217788714836293,-1.6420506417088343,-0.536773129219066,0
0.04499986249948548,-1.6116046261293142,-0.49808885295392835,0
0.04459353263980723,-1.6300816207427928,-0.452177598178549,0
0.047436561547134305,-1.5994759586643528,-0.41347441649637556,0
0.050288410864717206,-1.5687806854564728,-0.37469443759129867,0
0.053853275541839024,-1.5380954424125448,-0.3358702774328148,0
0.0570685615659148,-1.507402150851457,-0.2970223552149831,0
0.060945248356223204,-1.476666100659508,-0.2581411923806986,0
0.065606299252452,-1.445862726266407,-0.21922941831972032,0
0.07014151040033222,-1.415042858290683,-0.18030853711686268,0
0.07467659857697155,-1.383272033175373,-0.13912838018174672,0
0.08151912778312499,-1.352409844500705,-0.09647632513066891,0
0.08602434434602794,-1.325083796556721,-0.05187126222773902,0
0.09267101753839452,-1.3,4.663890115017507e-16,0
0.09553061482813134,-1.275068861232616,0.04530777872419249,0
0.08978464247202671,-1.294507111164958,0.09963648513448639,0
0.084233192596321,-1.331276302514291,0.14311361576714127,0
0.07723693568392398,-1.365924926147193,0.1875538461863826,0
0.07180805920003502,-1.396755643454931,0.226462760447891,0
0.06649150513668746,-1.427575947573089,0.2653619377813316,0
0.06260559177883661,-1.458388756466627,0.3042270603573754,0
0.05787553344271957,-1.4891472385085869,0.34304888797271066,0
0.05433326267203665,-1.5198567231207967,0.38184704415824017,0
0.05089288795133583,-1.5505070239229577,0.42060639106817477,0
0.04773203688132717,-1.5811556519968577,0.45935407468174577,0
0.048030779144842335,-1.5627636591291219,0.5052166796183272,0
0.045308152877031986,-1.5932758212545928,0.5439459904452809,0
0.042362293373828734,-1.6237125703491808,0.5826153788396274,0
0.040087461626974755,-1.6542411100321839,0.6212006986037432,0
0.04003704817275339,-1.6360853882548128,0.6669036514610706,0
0.03802580918135112,-1.6666170100788418,0.7054617558284976,0
0.03769201521330962,-1.6484669721813268,0.7511618762505806,0
0.03732672942520314,-1.6303125295994738,0.7968609085091007,0
0.0375786432989498,-1.6121746101227339,0.8425750126353113,0
0.036893262970643784,-1.5939976476546098,0.8882857332060519,0
0.03503178440347488,-1.6243953774495608,0.9268313180137046,0
0.03469431791656245,-1.6049907924632036,0.9720817765919001,0
0.03454985460894502,-1.5851330528217205,1.0172975153290518,0
0.03429042829165217,-1.5669904136450437,1.0625045965474997,0
0.033616440565626966,-1.5512908151674176,1.1093851536719466,0
0.03278473837303058,-1.5331860065540175,1.1549512406425755,0
0.03271043926235112,-1.5142806759269245,1.2000688964965514,0
0.03150623596212264,-1.4993387059434995,1.2531333301774614,0
0.030053614602058507,-1.5144176932427735,1.3063456856411464,0
0.03032485883905058,-1.4819022508391175,1.3431179095514865,0
0.03000464501960247,-1.4484941659090496,1.3790810894677095,0
0.029294657363069257,-1.576692855629302,-1.2304631806793398,0
0.030209411839818755,-1.606415063464118,-1.1913986083068817,0
0.029993819274960865,-1.635169626883073,-1.1516163820122878,0
0.029928994220022653,-1.662939225234738,-1.1111404650968697,0
0.0316371829632032,-1.642990232530535,-1.0603868659140887,0
0.03174106339967669,-1.670406140061546,-1.0212206939993147,0
0.031056994368160215,-1.699142893285693,-0.9894170658473566,0
0.0318698973748222,-1.713735491266988,-0.9455526259126591,0
0.03187945925022999,-1.7307615682818231,-0.8999310898600792,0
0.03362072292838068,-1.6913182881099482,-0.8740028702202589,0
0.03402705912115915,-1.7081406940588753,-0.8277856665208857,0
0.033889571020112294,-1.7275986306707742,-0.7825891545040644,0
0.03402023246715748,-1.7457336883349852,-0.7369145005194951,0
0.03408977874496085,-1.7617494259109452,-0.6903421262742436,0
0.035862091286169635,-1.7335608421173563,-0.6525261225288065,0
0.03582501510883714,-1.7517347302678312,-0.6062648719815884,0
0.03764947850894398,-1.7210843748206892,-0.5683501184756239,0
0.03986612281293425,-1.6908200676636043,-0.5296152599148,0
0.04215372613494507,-1.6605567674059463,-0.49083110319345735,0
0.041684450803970485,-1.6790173877211059,-0.4449460747533203,0
0.04419174777436475,-1.6483979268447448,-0.40627123884177746,0
0.04689530288948894,-1.6177352077748557,-0.3675237148795777,0
0.04961643762513448,-1.5870621067245028,-0.328715738186043,0
0.05286308093462703,-1.556388000216721,-0.2898760288020507,0
0.05656283903041918,-1.525720328618073,-0.2509742312132103,0
0.059843321578159865,-1.494999702672999,-0.21201022851363702,0
0.06399241024121266,-1.464162576520311,-0.1730463037756328,0
0.06793799739494337,-1.432372386813668,-0.13396850374290992,0
0.07367853014042706,-1.402605880785698,-0.0933494531465166,0
0.07724458358882044,-1.375700978922926,-0.04855147740473199,0
0.08189727650680843,-1.35,4.843270504056642e-16,0
0.08602434434620133,-1.325083796556721,0.05187126222773966,0
0.08151912778321022,-1.352409844500705,0.09647632513066955,0
0.07467659857687711,-1.383272033175373,0.1391283801817474,0
0.07014151040010574,-1.415042858290683,0.1803085371168634,0
0.06560629925251464,-1.445862726266407,0.21922941831972104,0
0.06094524835584853,-1.476666100659508,0.25814119238069927,0
0.05706856156585385,-1.507402150851457,0.29702235521498377,0
0.05385327554189593,-1.5380954424125448,0.33587027743281545,0
0.05028841086459032,-1.5687806854564728,0.37469443759129933,0
0.047436561547210467,-1.5994759586643528,0.41347441649637634,0
0.04459353263988473,-1.6300816207427928,0.4521775981785498,0
0.04499986249942551,-1.6116046261293138,0.49808885295392913,0
0.04217788714829888,-1.6420506417088339,0.5367731292190666,0
0.04013569340180954,-1.6724067251201478,0.5754924991335439,0
0.03767645451817271,-1.7030452731148469,0.6139661343585037,0
0.037597005068728505,-1.6847794269740188,0.6597575088839317,0
0.03550122770235768,-1.7152798826443678,0.6983203083882783,0
0.03551118646471513,-1.6971085224516549,0.7440312115514949,0
0.03557591528481504,-1.6789596856065518,0.7897304639994508,0
0.03543604822516186,-1.6608108080159198,0.8354356381176828,0
0.03513988906520367,-1.6425687100191537,0.8811106293778759,0
0.03353850145796668,-1.6726070337701628,0.9194998606407796,0
0.03234338210643676,-1.6559416314185726,0.9663101389930694,0
0.03264037456826485,-1.6280614410320036,1.0115633038189706,0
0.03328059104458161,-1.6043549483657265,1.0523859876889468,0
0.031872162661466814,-1.6016822578634726,1.0995403595284647,0
0.03154244152732709,-1.5816588031632806,1.1494865907553757,0
0.03140370692477118,-1.5596798329616686,1.1918253310997307,0
0.0315989890875274,-1.5388304607453596,1.2315959561210514,0
0.030002316213071877,-1.5460209070286595,1.2687865679578585,0
0.029915731999418174,-1.689707131144692,-1.0699952387551888,0
0.030248371771199777,-1.715457220712734,-1.0282054871982258,0
0.029545347734785867,-1.740173982968623,-0.9857963831335146,0
0.030008078287479967,-1.763842529487906,-0.9427934721717719,0
0.02935917231090044,-1.7864486032744522,-0.8992226575541566,0
0.03143101044797743,-1.7635396326281563,-0.8579788665175595,0
0.03224570890303921,-1.7449471571492552,-0.8181177421772889,0
0.03222849650854546,-1.7642356600390243,-0.7730950325325993,0
0.032668649843464,-1.7850367805236533,-0.7289465041660177,0
0.031547216813727234,-1.8109650460711093,-0.6824658404162987,0
0.03366511330040491,-1.7795069687504592,-0.6441707834095807,0
0.033975776350816805,-1.7989015125862062,-0.5974646078210554,0
0.035800170384705635,-1.7706329664454001,-0.5608423222240851,0
0.03724564282544714,-1.7396325597795013,-0.5224478890434804,0
0.039632798549060405,-1.7095098021735293,-0.48359113902482176,0
0.03906133315275188,-1.7280059641580738,-0.43774403432057224,0
0.04160228050053422,-1.6973627068952497,-0.3990923872639,0
0.04346668056569906,-1.6666859882254128,-0.3603517851551633,0
0.04646720513630245,-1.6360215703124699,-0.3215565346357656,0
0.04899163476603688,-1.605378193961792,-0.2827348787640728,0
0.0518206835559795,-1.574695950369547,-0.2438902128528773,0
0.055090281794368555,-1.543955010511662,-0.20497932559438137,0
0.058739149811061354,-1.512466978477769,-0.16652104826119374,0
0.06314280914133535,-1.481355706736923,-0.1280748025585729,0
0.06633198952914099,-1.452767847314377,-0.08823641268801631,0
0.0701535966121367,-1.425353433383547,-0.0454879597536487,0
0.07324604869376443,-1.4,5.022650893095776e-16,0
0.07724458358874159,-1.375700978922926,0.04855147740473265,0
0.07367853014110128,-1.402605880785698,0.09334945314651727,0
0.06793799739478953,-1.432372386813668,0.13396850374291064,0
0.06399241024141303,-1.464162576520311,0.17304630377563351,0
0.05984332157849685,-1.494999702672999,0.21201022851363774,0
0.05656283903063746,-1.525720328618073,0.25097423121321094,0
0.05286308093468074,-1.556388000216721,0.2898760288020514,0
0.049616437625260204,-1.5870621067245028,0.32871573818604377,0
0.04689530288945569,-1.6177352077748557,0.36752371487957847,0
0.04419174777418576,-1.6483979268447448,0.40627123884177824,0
0.04168445080409247,-1.6790173877211059,0.4449460747533211,0
0.042153726134951455,-1.6605567674059458,0.49083110319345813,0
0.03986612281309794,-1.6908200676636038,0.5296152599148006,0
0.03764947850882092,-1.7210843748206888,0.5683501184756248,0
0.03582501510883886,-1.7517347302678308,0.6062648719815893,0
0.03586209128635001,-1.7335608421173558,0.6525261225288074,0
0.03408977874487077,-1.7617494259109447,0.6903421262742445,0
0.03402023246730354,-1.7457336883349848,0.736914500519496,0
0.03388957101997421,-1.7275986306707738,0.7825891545040653,0
0.03402705912144234,-1.7081406940588748,0.8277856665208866,0
0.033620722928319975,-1.6913182881099478,0.8740028702202596,0
0.03187945925010479,-1.7307615682818227,0.8999310898600801,0
0.03186989737481287,-1.7137354912669875,0.94555262591266,0
0.031056994368218165,-1.6991428932856925,0.9894170658473574,0
0.03174106339954343,-1.6704061400615455,1.0212206939993156,0
0.03163718296306334,-1.6429902325305346,1.0603868659140896,0
0.0299289942200586,-1.6629392252347375,1.1111404650968706,0
0.029993819274955973,-1.6351696268830727,1.1516163820122887,0
0.030209411839656898,-1.6064150634641177,1.1913986083068826,0
0.029294657363134354,-1.5766928556293016,1.2304631806793407,0
0.032558988383664444,-1.7248551399105951,-0.8591907170320674,0
0.030423984528078853,-1.8079785871308691,-0.8551101849915395,0
0.03115628346013743,-1.7848688434964373,-0.8130398910836043,0
0.03131345746409811,-1.8031962761698501,-0.7692677476283014,0
0.03099191011763177,-1.8263860521078552,-0.7248027001288613,0
0.03058533947985136,-1.8490105069204632,-0.6872964747462742,0
0.03219030719066094,-1.8523616892636552,-0.6487764114902573,0
0.03190991917351786,-1.8538753727230892,-0.5977645053610166,0
0.033742836486128885,-1.8203703530745623,-0.5533480134903662,0
0.035361682143678685,-1.7891616994758612,-0.5150815458796797,0
0.03732634520644904,-1.7584105664013523,-0.4764555166442793,0
0.03711170093847299,-1.7769062943872238,-0.4305823660367467,0
0.03859163417041811,-1.7462913159846019,-0.3918712067607599,0
0.04093680425245236,-1.7156666188987357,-0.35311879154194126,0
0.043206476782694826,-1.6849745330980739,-0.31438987038694205,0
0.04525148321902587,-1.654329840225027,-0.27557550585248114,0
0.04847927481843116,-1.623643648441526,-0.2367180657916936,0
0.05096961412031835,-1.593006883881828,-0.1979408375207905,0
0.054314814936225274,-1.562047742327355,-0.16001691586498898,0
0.05686933979943552,-1.530124103446566,-0.12292161373287704,0
0.06039981672214171,-1.500907669817843,-0.08370390425982574,0
0.06359854623672265,-1.475000000000001,-0.04359109009904634,0
0.06750530648840328,-1.45,5.202031282134911e-16,0
0.07015359661141463,-1.425353433383547,0.045487959753649394,0
0.06633198952910824,-1.452767847314377,0.088236412688017,0
0.06314280914123416,-1.481355706736923,0.12807480255857362,0
0.05873914981092439,-1.512466978477769,0.16652104826119446,0
0.05509028179416284,-1.543955010511662,0.20497932559438214,0
0.051820683555768216,-1.574695950369547,0.24389021285287807,0
0.0489916347660903,-1.605378193961792,0.28273487876407355,0
0.046467205136185345,-1.6360215703124699,0.3215565346357664,0
0.04346668056579379,-1.6666859882254128,0.3603517851551641,0
0.04160228050058014,-1.6973627068952497,0.3990923872639008,0
0.03906133315239023,-1.7280059641580738,0.437744034320573,0
0.039632798549261605,-1.7095098021735289,0.48359113902482254,0
0.03724564282538817,-1.7396325597795008,0.5224478890434813,0
0.03580017038476674,-1.7706329664453997,0.560842322224086,0
0.03397577635095674,-1.7989015125862058,0.5974646078210563,0
0.03366511330028938,-1.7795069687504588,0.6441707834095816,0
0.03154721681402761,-1.8109650460711089,0.6824658404162995,0
0.03266864984321239,-1.7850367805236529,0.7289465041660186,0
0.032228496508558836,-1.7642356600390239,0.7730950325326001,0
0.03224570890333913,-1.7449471571492547,0.8181177421772898,0
0.031431010448016015,-1.7635396326281558,0.8579788665175604,0
0.029359172310856798,-1.7864486032744518,0.8992226575541575,0
0.030008078287795902,-1.7638425294879057,0.9427934721717728,0
0.02954534773440491,-1.7401739829686225,0.9857963831335155,0
0.030248371771375505,-1.7154572207127337,1.0282054871982267,0
0.029915731999580527,-1.6897071311446916,1.0699952387551896,0
0.03281213975748748,-1.8167133472220511,-0.6330250176403862,0
0.03255898838355031,-1.7248551399105947,0.8591907170320683,0
0.02988947427907033,-1.8284195122836873,-0.8104826260323432,0
0.029674439965860163,-1.8477590659076781,-0.7653668625933477,0
0.030650605967385697,-1.8659855984427152,-0.7197900710654329,0
0.02892914092261923,-1.8830881310487313,-0.6737797048764502,0
0.029789067163628495,-1.8990563617712553,-0.6273634790264127,0
0.02978938467747176,-1.9138806719486832,-0.5805693529125169,0
0.031223494455881146,-1.8772248490305643,-0.5444373455470704,0
0.0335128828476945,-1.8397788577111462,-0.5074931588058972,0
0.034798701513689086,-1.8074088000968143,-0.4692637411070643,0
0.03513952602565784,-1.8261477166214717,-0.4232389998707698,0
0.03640031493477548,-1.7953901169059578,-0.38455640201604546,0
0.038477593564329345,-1.7647329237059197,-0.34583151637307735,0
0.04015758812835694,-1.734024750808938,-0.3071491288546043,0
0.042620007119880565,-1.703280842206235,-0.2683865241758062,0
0.044924107313165665,-1.672609166033991,-0.22952934363430808,0
0.046971898080250415,-1.641841856176973,-0.19063761612563185,0
0.04958296281778686,-1.612456496121592,-0.1527607351834995,0
0.053195204237503596,-1.580875938773581,-0.11693597332981821,0
0.055691073148403,-1.551929248871388,-0.08025003010758848,0
0.059079276305127736,-1.525033915845612,-0.04278039884806066,0
0.060745206955931635,-1.5,5.381411671174046e-16,0
0.06359854623729407,-1.475000000000001,0.04359109009904705,0
0.06039981672198083,-1.500907669817843,0.08370390425982646,0
0.05686933979938851,-1.530124103446566,0.12292161373287776,0
0.054314814936361956,-1.562047742327355,0.16001691586498976,0
0.0509696141202433,-1.593006883881828,0.19794083752079128,0
0.04847927481875312,-1.623643648441526,0.23671806579169438,0
0.04525148321883333,-1.654329840225027,0.2755755058524819,0
0.04320647678285835,-1.6849745330980739,0.3143898703869428,0
0.040936804252503754,-1.7156666188987357,0.35311879154194203,0
0.038591634170376934,-1.7462913159846019,0.3918712067607607,0
0.03711170093870581,-1.7769062943872238,0.4305823660367475,0
0.03732634520631429,-1.7584105664013518,0.4764555166442801,0
0.03536168214348353,-1.7891616994758608,0.5150815458796806,0
0.03374283648631713,-1.8203703530745619,0.5533480134903671,0
0.03190991917322872,-1.8538753727230888,0.5977645053610174,0
0.03219030719058487,-1.8523616892636547,0.6487764114902582,0
0.03281213975737043,-1.8167133472220507,0.6330250176403871,0
0.03058533948037037,-1.8490105069204628,0.6872964747462751,0
0.030991910117574364,-1.8263860521078548,0.7248027001288622,0
0.031313457463775785,-1.8031962761698497,0.7692677476283023,0
0.03115628346038274,-1.7848688434964368,0.8130398910836052,0
0.030423984528101595,-1.8079785871308687,0.8551101849915403,0
0.03015833643658313,-1.9275521319937412,-0.533425513494042,0
0.03162425951946793,-1.8912626241194852,-0.4973187530437544,0
0.032626066661910105,-1.8578343459949778,-0.46089391745695996,0
0.032885730809525775,-1.8742998673352527,-0.41470166107193396,0
0.0340624119558947,-1.8442659484441617,-0.3770969024551541,0
0.036070111716078455,-1.8137163862411327,-0.3386296248089179,0
0.037700695656136256,-1.78301341303504,-0.29994876839628226,0
0.039949788888528466,-1.752319126090208,-0.2612371586543673,0
0.04149539069573865,-1.721615415768595,-0.22236316409567147,0
0.04417800559943237,-1.690880312602587,-0.18344090596647297,0
0.04653841781533463,-1.660173515758221,-0.14448163607131986,0
0.04834550960905569,-1.632613896752079,-0.1084200475035969,0
0.05049415087274701,-1.604153462270685,-0.07418101540416612,0
0.05328932897559856,-1.575047376331813,-0.04020811358870152,0
0.0553590560397417,-1.55,5.560792060213181e-16,0
0.05907927630547259,-1.525033915845612,0.042780398848061396,0
0.055691073148052994,-1.551929248871388,0.08025003010758923,0
0.05319520423766471,-1.580875938773581,0.11693597332981896,0
0.04958296281771207,-1.612456496121592,0.15276073518350028,0
0.046971898080396535,-1.641841856176973,0.19063761612563268,0
0.04492410731303019,-1.672609166033991,0.2295293436343089,0
0.04262000711979351,-1.703280842206235,0.268386524175807,0
0.040157588128318045,-1.734024750808938,0.3071491288546051,0
0.03847759356429469,-1.7647329237059197,0.34583151637307813,0
0.03640031493489501,-1.7953901169059578,0.38455640201604624,0
0.03513952602552783,-1.8261477166214717,0.4232389998707707,0
0.03479870151397403,-1.8074088000968138,0.4692637411070651,0
0.03351288284775018,-1.8397788577111458,0.5074931588058981,0
0.031223494455890902,-1.8772248490305639,0.5444373455470712,0
0.029789384677452676,-1.9138806719486827,0.5805693529125178,0
0.029789067163907508,-1.8990563617712548,0.6273634790264135,0
0.028929140922446892,-1.8830881310487309,0.6737797048764511,0
0.03065060596713206,-1.8659855984427147,0.7197900710654338,0
0.029674439966053325,-1.8477590659076777,0.7653668625933486,0
0.02988947427889137,-1.8284195122836868,0.8104826260323441,0
0.02996516565052981,-1.9400625067070922,-0.4859603585369853,0
0.031708442075898506,-1.9051230532793937,-0.451702224421572,0
0.031501146116051516,-1.9191261706157208,-0.40419252233396546,0
0.03310648515287911,-1.8891167372137847,-0.37042659224067187,0
0.03423536818335219,-1.8625521986743319,-0.33150354534397897,0
0.0352098828573448,-1.831969037211615,-0.2927937358815304,0
0.03757009651724007,-1.801318254152427,-0.25405144580519656,0
0.03870671256941954,-1.770629973889344,-0.21524160504089634,0
0.041472108345556424,-1.739949481250468,-0.17634814674090957,0
0.042744898900615724,-1.709250710305982,-0.1373372338098774,0
0.045523627396124304,-1.680355808766392,-0.09900746682428734,0
0.04707191493729335,-1.655127595563618,-0.06513943335730711,0
0.04960424418755012,-1.625483433280748,-0.035536740090305795,0
0.05183059105281525,-1.6,5.740172449252317e-16,0
0.05328932897573101,-1.575047376331813,0.040208113588702285,0
0.05049415087280681,-1.604153462270685,0.07418101540416687,0
0.048345509609047724,-1.632613896752079,0.10842004750359768,0
0.046538417815162804,-1.660173515758221,0.1444816360713207,0
0.04417800559962406,-1.690880312602587,0.1834409059664738,0
0.041495390695509345,-1.721615415768595,0.2223631640956723,0
0.03994978888873913,-1.752319126090208,0.2612371586543681,0
0.03770069565603256,-1.78301341303504,0.29994876839628304,0
0.03607011171608199,-1.8137163862411327,0.3386296248089188,0
0.034062411955707,-1.8442659484441617,0.377096902455155,0
0.03288573080957071,-1.8742998673352527,0.41470166107193485,0
0.03262606666180585,-1.8578343459949778,0.46089391745696084,0
0.031624259519692,-1.8912626241194848,0.4973187530437553,0
0.03015833643653344,-1.9275521319937408,0.5334255134940429,0
0.029664011815691383,-1.9514042603701418,-0.43820247900857145,0
0.030194444840364227,-1.9615705610388787,-0.3901806428638087,0
0.030942336836447547,-1.9289534975949967,-0.3583793973543492,0
0.0325844810695019,-1.9008681197929178,-0.3326135246391716,0
0.033211683745537325,-1.88826846745945,-0.2883204671027006,0
0.03527619355520664,-1.850198399710129,-0.24693433357904837,0
0.036669928078960905,-1.819599540244635,-0.20811832087116947,0
0.03860177164182258,-1.788971872024586,-0.16927364070638126,0
0.03993748757733062,-1.759366189386403,-0.13005416236622186,0
0.04158684312751952,-1.73334631228473,-0.08446628922661889,0
0.044738123639369416,-1.696831495518713,-0.05198191531327493,0
0.045936447914204835,-1.668226589286781,-0.029988870108708703,0
0.04846667006563995,-1.65,5.919552838291451e-16,0
0.04960424418728941,-1.625483433280748,0.035536740090306586,0
0.04707191493739326,-1.655127595563618,0.06513943335730789,0
0.04552362739608241,-1.680355808766392,0.09900746682428814,0
0.04274489890103515,-1.709250710305982,0.13733723380987822,0
0.0414721083452504,-1.739949481250468,0.1763481467409104,0
0.03870671256957141,-1.770629973889344,0.21524160504089723,0
0.03757009651729447,-1.801318254152427,0.25405144580519734,0
0.03520988285734779,-1.831969037211615,0.2927937358815313,0
0.03423536818336543,-1.8625521986743319,0.33150354534397986,0
0.03310648515287061,-1.8891167372137847,0.37042659224067276,0
0.03150114611594697,-1.9191261706157208,0.40419252233396635,0
0.031708442075867975,-1.9051230532793937,0.4517022244215729,0
0.02996516565037726,-1.9400625067070918,0.4859603585369862,0
0.029883926340355894,-1.9705552849592298,-0.3419237764754685,0
0.031072621737494286,-1.9324841119494487,-0.31093932557300935,0
0.031519379051004374,-1.93992705931324,-0.26420265219891625,0
0.03225175526723587,-1.899961703778075,-0.23713906610812105,0
0.03490461885782504,-1.867293627296949,-0.20004092410567073,0
0.03566219167512097,-1.837947665295526,-0.16214906758298558,0
0.03786645978249877,-1.807416137733773,-0.12400935585313579,0
0.03974579378398005,-1.780893597146618,-0.09225907196800827,0
0.03957448006515173,-1.776569846480768,-0.045974476478002305,0
0.041933120765928915,-1.73480509929066,-0.03764029347432384,0
0.04262831787495241,-1.7,6.098933227330585e-16,0
0.04473812363952585,-1.696831495518713,0.05198191531327575,0
0.04158684312726386,-1.73334631228473,0.08446628922661972,0
0.039937487577284284,-1.759366189386403,0.13005416236622275,0
0.03860177164188759,-1.788971872024586,0.16927364070638215,0
0.036669928078861366,-1.819599540244635,0.20811832087117035,0
0.03527619355531877,-1.850198399710129,0.24693433357904926,0
0.03321168374539318,-1.88826846745945,0.2883204671027015,0
0.032584481069588965,-1.9008681197929178,0.3326135246391725,0
0.030942336836586835,-1.9289534975949967,0.3583793973543501,0
0.030194444840236142,-1.9615705610388787,0.3901806428638096,0
0.029664011815764262,-1.9514042603701418,0.43820247900857234,0
0.04593644791362412,-1.668226589286781,0.0299888701087095,0
0.03052187990638767,-1.978353020057941,-0.29346094804526474,0
0.02994114245546629,-1.984959069281583,-0.244821349716056,0
0.03145512154143354,-1.946686137654028,-0.21696083777936154,0
0.033322918963115525,-1.912482003698244,-0.18668005450213204,0
0.03392044797847768,-1.885264390806146,-0.15455984204448703,0
0.035730753638496544,-1.856638257864214,-0.11832672542766717,0
0.036368661356124495,-1.827769499847418,-0.07679107591606253,0
0.03695249318778471,-1.825867869265637,-0.03321336451665718,0
0.037885630395722146,-1.8,6.457694005408856e-16,0
0.04193438625081587,-1.75,6.278313616369721e-16,0
0.039574480065016404,-1.776569846480768,0.045974476478003165,0
0.03974579378402907,-1.780893597146618,0.09225907196800913,0
0.037866459782366836,-1.807416137733773,0.12400935585313665,0
0.035662191675279925,-1.837947665295526,0.16214906758298647,0
0.03490461885766719,-1.867293627296949,0.20004092410567167,0
0.03225175526726707,-1.899961703778075,0.237139066108122,0
0.031519379050653,-1.93992705931324,0.26420265219891714,0
0.031072621737682635,-1.9324841119494487,0.31093932557301024,0
0.029883926340568908,-1.9705552849592298,0.3419237764754694,0
0.041933120766106516,-1.73480509929066,0.037640293474324675,0
0.030052101589161037,-1.990369453394393,-0.19603428015147462,0
0.0314763061110284,-1.953263734074862,-0.16883687731132185,0
0.03252084153953731,-1.921862200463924,-0.14534510318732005,0
0.03355381126700494,-1.904005333333834,-0.11251150993909537,0
0.03493301509400544,-1.876816303509594,-0.08555817925492668,0
0.034492585168406725,-1.874999999999999,-0.043301270189221544,0
0.036688808065921216,-1.85,6.637074394447991e-16,0
0.036952493187543234,-1.825867869265637,0.033213364516658066,0
0.03636866135620096,-1.827769499847418,0.07679107591606339,0
0.03573075363839667,-1.856638257864214,0.11832672542766806,0
0.03392044797851996,-1.885264390806146,0.15455984204448797,0
0.03332291896341809,-1.912482003698244,0.18668005450213299,0
0.03145512154142278,-1.946686137654028,0.21696083777936248,0
0.029941142455591846,-1.984959069281583,0.244821349716057,0
0.03052187990632873,-1.978353020057941,0.2934609480452656,0
0.02986869944649311,-1.994580913381552,-0.14712912687165122,0
0.031089645500268364,-1.95160644545222,-0.11758838505231428,0
0.03327902303147803,-1.918232721701175,-0.07732185336542999,0
0.03238530491412089,-1.928261180649688,-0.03755398591533518,0
0.03344645282257924,-1.9,6.816454783487124e-16,0
0.03449258516862823,-1.874999999999999,0.043301270189222446,0
0.034933015093866635,-1.876816303509594,0.08555817925492756,0
0.033553811266998676,-1.904005333333834,0.11251150993909628,0
0.03252084153946069,-1.921862200463924,0.145345103187321,0
0.03147630611111572,-1.953263734074862,0.1688368773113228,0
0.0300521015892044,-1.990369453394393,0.19603428015147562,0
0.030010837545931528,-1.9975909124211,-0.09813534843591842,0
0.031899268506191576,-1.959677407606051,-0.07007625196366446,0
0.030960165141058985,-1.964221249789569,-0.03508607853653895,0
0.03216631868784416,-1.95,6.99583517252626e-16,0
0.0323853049137951,-1.928261180649688,0.03755398591533611,0
0.033279023031275445,-1.918232721701175,0.0773218533654309,0
0.031089645500396775,-1.95160644545222,0.1175883850523152,0
0.029868699446259906,-1.994580913381552,0.14712912687165222,0
0.029829369683546547,-1.99939763739569,-0.04908245691215015,0
0.029814260368966606,-2.0,7.175215561565395e-16,0
0.030960165140894533,-1.964221249789569,0.035086078536539896,0
0.03189926850614663,-1.959677407606051,0.0700762519636654,0
0.030010837546010024,-1.9975909124211,0.09813534843591937,0
0.02982936968390622,-1.99939763739569,0.04908245691215112,0
