"f:0","f:1","f:2",":0",":1",":2"
-0.03568355677449141,-0.007633455372245223,0,1.99939763739569,-0.049082456912151365,0
-0.013244435953713789,0.007430550451921756,0,1.9975909124211,-0.09813534843591962,0
-0.023194055682149023,-0.010466387126071902,0,1.959677407606051,-0.07007625196366564,0
-0.029859725143750637,0.00816455181776046,0,1.964221249789569,-0.03508607853654013,0
-0.023674069847890646,-1.307227115091974e-12,0,2.0,0.0,0
-0.03978014993375599,0.002043424103742198,0,1.994580913381552,-0.14712912687165244,0
-0.026279868763429665,0.012027661246411372,0,1.95160644545222,-0.11758838505231545,0
-0.02625736119876426,0.001479595858086617,0,1.918232721701175,-0.07732185336543115,0
-0.02730729587263353,0.00023425289892996357,0,1.928261180649688,-0.037553985915336346,0
-0.024250677865943118,5.304682421550002e-13,0,1.95,0.0,0
-0.029859725145260082,-0.008164551819332332,0,1.964221249789569,0.03508607853653919,0
-0.03568355677747306,0.007633455378818195,0,1.99939763739569,0.04908245691215041,0
-0.00845567987586172,0.003470303545238156,0,1.990369453394393,-0.19603428015147584,0
-0.026303036638412363,-0.011068789299605787,0,1.953263734074862,-0.16883687731132305,0
-0.025853055161411252,0.003812139789942531,0,1.921862200463924,-0.1453451031873212,0
-0.02640017122600265,-0.00022707837987774693,0,1.904005333333834,-0.11251150993909652,0
-0.02675028693380086,0.0016099689925636227,0,1.876816303509594,-0.0855581792549278,0
-0.026767915371854453,0.00044146058333338644,0,1.874999999999999,-0.043301270189222675,0
-0.027059288527151934,-5.995205775016987e-15,0,1.9,0.0,0
-0.027307295872565546,-0.00023425289889690212,0,1.928261180649688,0.03755398591533542,0
-0.023194055679417326,0.010466387131206702,0,1.959677407606051,0.0700762519636647,0
-0.013244435945926603,-0.007430550456594194,0,1.9975909124211,0.09813534843591865,0
-0.041332441293039916,0.011645936513415504,0,1.984959069281583,-0.24482134971605723,0
-0.02422125043908065,0.017304604457703564,0,1.946686137654028,-0.21696083777936273,0
-0.026802965686728943,0.0033360281173389177,0,1.912482003698244,-0.18668005450213318,0
-0.026715187286453466,0.0028019045760891708,0,1.885264390806146,-0.1545598420444882,0
-0.02688937629889936,0.0022566281702972504,0,1.856638257864214,-0.11832672542766831,0
-0.02717818159947553,0.0012230904467223375,0,1.827769499847418,-0.07679107591606363,0
-0.027253686920995546,0.0005574627980042897,0,1.825867869265637,-0.03321336451665829,0
-0.02712022809614346,1.2708791740456542e-16,0,1.85,0.0,0
-0.02676791537175885,-0.00044146058318527407,0,1.874999999999999,0.04330127018922177,0
-0.026257361198485752,-0.0014795958584802173,0,1.918232721701175,0.07732185336543021,0
-0.02627986876292293,-0.012027661252155746,0,1.95160644545222,0.1175883850523145,0
-0.0397801499405065,-0.002043424109763853,0,1.994580913381552,0.1471291268716515,0
-0.018267762092910828,0.0006788733442579775,0,1.978353020057941,-0.2934609480452659,0
-0.03050318625585324,-0.005404895501097585,0,1.93992705931324,-0.2642026521989174,0
-0.027211031054399214,0.0040026788697142745,0,1.899961703778075,-0.2371390661081222,0
-0.02700169753321357,0.0035126590966586373,0,1.867293627296949,-0.2000409241056719,0
-0.027113752666872885,0.0026405448879363797,0,1.837947665295526,-0.1621490675829867,0
-0.02731450644784135,0.002008523105294131,0,1.807416137733773,-0.12400935585313688,0
-0.027478184376961496,0.0015588474714471581,0,1.780893597146618,-0.09225907196800935,0
-0.027497574021722555,0.0007186703263877742,0,1.776569846480768,-0.04597447647800337,0
-0.027330049082275223,1.7262246224913401e-15,0,1.8,0.0,0
-0.02725368692098239,-0.0005574627980488992,0,1.825867869265637,0.03321336451665741,0
-0.027178181599481672,-0.001223090446745964,0,1.827769499847418,0.07679107591606274,0
-0.02675028693366994,-0.001609968992841435,0,1.876816303509594,0.08555817925492688,0
-0.026400171226052073,0.00022707838045380022,0,1.904005333333834,0.1125115099390956,0
-0.025853055161700285,-0.0038121397908758045,0,1.921862200463924,0.1453451031873203,0
-0.026303036642128987,0.011068789303327109,0,1.953263734074862,0.1688368773113221,0
-0.008455679874794309,-0.003470303538864167,0,1.990369453394393,0.1960342801514749,0
-0.03919347024154329,0.007882401860929505,0,1.97055528495923,-0.3419237764754697,0
-0.02658449555531587,0.013469432586668665,0,1.932484111949449,-0.31093932557301057,0
-0.027486483924078632,0.004568421535796241,0,1.88826846745945,-0.2883204671027018,0
-0.027352760176740615,0.0038673187122890695,0,1.850198399710129,-0.24693433357904948,0
-0.027307646720218185,0.0033720612243529073,0,1.819599540244635,-0.20811832087117052,0
-0.02742145963538876,0.002792698826020898,0,1.788971872024586,-0.16927364070638234,0
-0.027579125517474396,0.0021555727709497477,0,1.759366189386403,-0.13005416236622294,0
-0.027811261128419536,0.0014551153343598802,0,1.73334631228473,-0.08446628922661993,0
-0.027800547319475635,0.0006510199683834951,0,1.73480509929066,-0.03764029347432488,0
-0.027782962472330003,-6.975726269006537e-15,0,1.75,0.0,0
-0.027497574021724723,-0.0007186703263978676,0,1.776569846480768,0.04597447647800253,0
-0.027478184376973674,-0.0015588474714733546,0,1.780893597146618,0.09225907196800849,0
-0.02731450644788092,-0.002008523105306067,0,1.807416137733773,0.124009355853136,0
-0.026889376298942766,-0.002256628170528423,0,1.856638257864214,0.1183267254276674,0
-0.02671518728675353,-0.0028019045762883925,0,1.885264390806146,0.1545598420444873,0
-0.026802965687203143,-0.003336028117213011,0,1.912482003698244,0.1866800545021323,0
-0.024221250437983555,-0.01730460445795989,0,1.946686137654028,0.2169608377793618,0
-0.041332441292418386,-0.01164593651465218,0,1.984959069281583,0.2448213497160563,0
-0.031051826144205326,-0.005287033281893275,0,1.928953497594997,-0.3583793973543504,0
-0.020185070661095705,-0.007896662560218568,0,1.961570561038879,-0.3901806428638099,0
-0.0275472168051255,0.0035714261591017755,0,1.900868119792918,-0.3326135246391728,0
-0.027195407140903325,0.004233158406333929,0,1.862552198674332,-0.3315035453439801,0
-0.02732132269290541,0.0042213491534395155,0,1.831969037211615,-0.2927937358815315,0
-0.027368058972655512,0.003959442987458071,0,1.801318254152427,-0.25405144580519756,0
-0.027507432760071365,0.003453172816271954,0,1.770629973889344,-0.21524160504089743,0
-0.02769895801747912,0.002906251679777176,0,1.739949481250468,-0.17634814674091062,0
-0.02792205968753585,0.002282784939782469,0,1.709250710305982,-0.1373372338098784,0
-0.028111412933713602,0.0017110625754699017,0,1.680355808766392,-0.09900746682428835,0
-0.028042489279661593,0.0008498113061959191,0,1.696831495518713,-0.05198191531327596,0
-0.028030528387858567,-3.701624188242075e-15,0,1.7,0.0,0
-0.027800547319476673,-0.0006510199683891328,0,1.73480509929066,0.03764029347432405,0
-0.027811261128429698,-0.001455115334365563,0,1.73334631228473,0.0844662892266191,0
-0.027579125517498193,-0.002155572770951269,0,1.759366189386403,0.1300541623662221,0
-0.027421459635436813,-0.0027926988260143027,0,1.788971872024586,0.1692736407063815,0
-0.027113752666985753,-0.002640544887924094,0,1.837947665295526,0.1621490675829858,0
-0.0270016975333703,-0.0035126590965204652,0,1.867293627296949,0.200040924105671,0
-0.027211031054689427,-0.004002678869455836,0,1.899961703778075,0.2371390661081213,0
-0.03050318625594648,0.005404895501564313,0,1.93992705931324,0.2642026521989164,0
-0.01826776209306497,-0.0006788733472458199,0,1.978353020057941,0.2934609480452649,0
-0.021033909815045097,0.00593782035907041,0,1.919126170615721,-0.4041925223339667,0
-0.022155942824772727,0.013050238053222946,0,1.951404260370142,-0.4382024790085726,0
-0.02669561120103322,0.004378624069101284,0,1.889116737213785,-0.3704265922406731,0
-0.026573969974845964,0.004938614349733087,0,1.844265948444162,-0.3770969024551552,0
-0.027066282802969327,0.004808808416018525,0,1.813716386241133,-0.338629624808919,0
-0.027301025883462254,0.0045221922342379315,0,1.78301341303504,-0.29994876839628326,0
-0.027505207145942037,0.004119653110070309,0,1.752319126090208,-0.26123715865436836,0
-0.027712160311136668,0.0036341619777505788,0,1.721615415768595,-0.22236316409567253,0
-0.027942575389995936,0.0030955519293618,0,1.690880312602587,-0.18344090596647397,0
-0.02819995676016302,0.0024952307047278388,0,1.660173515758221,-0.1444816360713209,0
-0.028471315928907323,0.0019071702499167211,0,1.632613896752079,-0.1084200475035979,0
-0.02834457447265784,0.0011815128801300329,0,1.655127595563618,-0.0651394333573081,0
-0.028289693037357438,0.0005404679008141305,0,1.668226589286781,-0.029988870108709705,0
-0.02835573868677558,5.976921879024564e-16,0,1.65,0.0,0
-0.028289693037361032,-0.0005404679008166711,0,1.668226589286781,0.0299888701087089,0
-0.028042489279667716,-0.0008498113061981814,0,1.696831495518713,0.05198191531327514,0
-0.02811141293372063,-0.0017110625754690595,0,1.680355808766392,0.09900746682428754,0
-0.027922059687547515,-0.002282784939778735,0,1.709250710305982,0.1373372338098776,0
-0.027698958017498894,-0.0029062516797602176,0,1.739949481250468,0.1763481467409098,0
-0.0275074327600931,-0.0034531728162320785,0,1.770629973889344,0.2152416050408966,0
-0.0273076467203009,-0.00337206122429059,0,1.819599540244635,0.2081183208711697,0
-0.027352760176774828,-0.0038673187121786084,0,1.850198399710129,0.2469343335790486,0
-0.027486483924074396,-0.0045684215352396525,0,1.88826846745945,0.2883204671027008,0
-0.02658449555737052,-0.013469432587994339,0,1.932484111949449,0.3109393255730096,0
-0.03919347024734718,-0.007882401852101598,0,1.97055528495923,0.3419237764754687,0
-0.026207474722363962,0.00848276478155071,0,1.905123053279394,-0.4517022244215732,0
-0.025914319002902482,0.004869559977928439,0,1.874299867335253,-0.41470166107193507,0
-0.026291932507330425,0.005883528649880422,0,1.826147716621472,-0.4232389998707709,0
-0.026785427524672837,0.005484081466668506,0,1.795390116905958,-0.38455640201604646,0
-0.027127252325574256,0.005171772750640786,0,1.76473292370592,-0.3458315163730784,0
-0.02741394371309061,0.004805462063768292,0,1.734024750808938,-0.3071491288546054,0
-0.027676664677319694,0.004365693913767928,0,1.703280842206235,-0.2683865241758073,0
-0.027945498249408618,0.003861579789685189,0,1.672609166033991,-0.22952934363430907,0
-0.028233753644934814,0.003307422855366664,0,1.641841856176973,-0.19063761612563287,0
-0.028530271293109494,0.002737418164496711,0,1.612456496121592,-0.15276073518350047,0
-0.02884119349169304,0.0021469485243583012,0,1.580875938773581,-0.11693597332981917,0
-0.028716985185919565,0.0013696196564571478,0,1.604153462270685,-0.07418101540416708,0
-0.028588850613450616,0.0006129886730850437,0,1.625483433280748,-0.03553674009030678,0
-0.028793776091217315,1.0279644545477092e-15,0,1.6,0.0,0
-0.02858885061345246,-0.0006129886730839215,0,1.625483433280748,0.035536740090306,0
-0.028344574472662063,-0.0011815128801303373,0,1.655127595563618,0.06513943335730729,0
-0.028471315928910022,-0.0019071702499142635,0,1.632613896752079,0.1084200475035971,0
-0.02819995676016961,-0.0024952307047233883,0,1.660173515758221,0.1444816360713201,0
-0.027942575390001622,-0.003095551929349462,0,1.690880312602587,0.1834409059664732,0
-0.0277121603111427,-0.003634161977725693,0,1.721615415768595,0.2223631640956717,0
-0.027505207145934255,-0.004119653110029858,0,1.752319126090208,0.2612371586543675,0
-0.027368058972660824,-0.003959442987353701,0,1.801318254152427,0.2540514458051967,0
-0.027321322692869427,-0.004221349153311694,0,1.831969037211615,0.2927937358815306,0
-0.027195407140576527,-0.00423315840603079,0,1.862552198674332,0.3315035453439792,0
-0.027547216804484048,-0.003571426158530065,0,1.900868119792918,0.3326135246391718,0
-0.031051826141318434,0.005287033289907078,0,1.928953497594997,0.3583793973543494,0
-0.020185070646998274,0.007896662559233473,0,1.961570561038879,0.3901806428638089,0
-0.02989713775918562,0.005054098837105813,0,1.9400625067070916,-0.4859603585369865,0
-0.025938237537941555,0.00692879975105392,0,1.857834345994978,-0.46089391745696107,0
-0.025950819155466674,0.0027652008359061358,0,1.8912626241194845,-0.4973187530437556,0
-0.019995612561121808,0.012145128208036666,0,1.9275521319937405,-0.5334255134940431,0
-0.02655286656049297,0.0062789039959727224,0,1.776906294387224,-0.43058236603674777,0
-0.026267438704228773,0.006550755627822378,0,1.8074088000968136,-0.4692637411070653,0
-0.026928232762066864,0.005905364765685838,0,1.746291315984602,-0.391871206760761,0
-0.02726977753773077,0.0055341637774912,0,1.715666618898736,-0.3531187915419423,0
-0.02758314143843099,0.005115877644462159,0,1.684974533098074,-0.3143898703869431,0
-0.027892398341930972,0.004647290887642304,0,1.654329840225027,-0.2755755058524822,0
-0.028211817752493738,0.004131245854613636,0,1.623643648441526,-0.23671806579169458,0
-0.028547531062554615,0.00357309799962882,0,1.593006883881828,-0.19794083752079142,0
-0.028907182402804016,0.0029929332817223956,0,1.562047742327355,-0.16001691586498992,0
-0.029297815553945564,0.0023682833814105157,0,1.530124103446566,-0.12292161373287795,0
-0.029171118839676442,0.0015382244394962251,0,1.551929248871388,-0.08025003010758942,0
-0.02897944459002163,0.0007378064435024461,0,1.575047376331813,-0.04020811358870247,0
-0.029239359414841494,-9.73085456515183e-17,0,1.55,0.0,0
-0.02897944459002086,-0.0007378064435000402,0,1.575047376331813,0.04020811358870172,0
-0.028716985185921903,-0.0013696196564557893,0,1.604153462270685,0.0741810154041663,0
-0.02884119349169553,-0.0021469485243566675,0,1.580875938773581,0.1169359733298184,0
-0.02853027129311196,-0.0027374181644922047,0,1.612456496121592,0.1527607351834997,0
-0.028233753644937788,-0.0033074228553575586,0,1.641841856176973,0.1906376161256321,0
-0.02794549824940729,-0.003861579789670179,0,1.672609166033991,0.2295293436343083,0
-0.0276766646773099,-0.004365693913745893,0,1.703280842206235,0.2683865241758064,0
-0.02741394371306214,-0.004805462063744282,0,1.734024750808938,0.3071491288546045,0
-0.027301025883405442,-0.004522192234174414,0,1.78301341303504,0.2999487683962824,0
-0.027066282802828856,-0.004808808415974823,0,1.813716386241133,0.3386296248089181,0
-0.026573969974517338,-0.0049386143499840695,0,1.844265948444162,0.3770969024551543,0
-0.026695611200389036,-0.00437862406910139,0,1.889116737213785,0.3704265922406721,0
-0.021033909810951823,-0.005937820367391198,0,1.919126170615721,0.4041925223339657,0
-0.022155942830612424,-0.013050238065340353,0,1.951404260370142,0.4382024790085716,0
-0.026040068017803262,0.006583058959886939,0,1.8397788577111456,-0.5074931588058983,0
-0.02793665658533401,0.01431127815503464,0,1.8772248490305636,-0.5444373455470715,0
-0.03689912766280945,-0.0065995697147010444,0,1.9138806719486825,-0.580569352912518,0
-0.026724422152072772,0.006671184012509251,0,1.728005964158074,-0.4377440343205733,0
-0.027092906597147828,0.006297480879366354,0,1.69736270689525,-0.39909238726390106,0
-0.027446853505843815,0.0058920639223664925,0,1.666685988225413,-0.36035178515516436,0
-0.027794523560444602,0.005448359987605589,0,1.63602157031247,-0.32155653463576656,0
-0.028149912382674364,0.004961377314480505,0,1.605378193961792,-0.28273487876407377,0
-0.02852232336865726,0.004433148362232974,0,1.574695950369547,-0.24389021285287824,0
-0.02892123653043886,0.003862908116006085,0,1.543955010511662,-0.2049793255943823,0
-0.029353196485974033,0.0032629128496153054,0,1.512466978477769,-0.16652104826119463,0
-0.029831992706416753,0.002594349381158976,0,1.481355706736923,-0.1280748025585738,0
-0.029686963730693475,0.0016889709983428035,0,1.500907669817843,-0.08370390425982664,0
-0.02948553668684802,0.0008189940966500458,0,1.525033915845612,-0.042780398848061583,0
-0.02978948544773755,1.8573986940810267e-15,0,1.5,0.0,0
-0.029485536686847755,-0.0008189940966476317,0,1.525033915845612,0.04278039884806085,0
-0.029171118839676668,-0.0015382244394919558,0,1.551929248871388,0.08025003010758867,0
-0.029297815553945488,-0.0023682833814065696,0,1.530124103446566,0.1229216137328772,0
-0.028907182402804505,-0.002992933281718598,0,1.562047742327355,0.1600169158649892,0
-0.02854753106255399,-0.0035730979996238515,0,1.593006883881828,0.1979408375207907,0
-0.028211817752490678,-0.0041312458546051015,0,1.623643648441526,0.2367180657916938,0
-0.02789239834192214,-0.004647290887631416,0,1.654329840225027,0.2755755058524813,0
-0.027583141438413214,-0.005115877644453961,0,1.684974533098074,0.3143898703869422,0
-0.02726977753769944,-0.005534163777488977,0,1.715666618898736,0.3531187915419414,0
-0.027127252325513575,-0.005171772750639172,0,1.76473292370592,0.3458315163730775,0
-0.026785427524584748,-0.005484081466724096,0,1.795390116905958,0.3845564020160456,0
-0.026291932507451623,-0.0058835286501104506,0,1.826147716621472,0.42323899987077,0
-0.02591431900255501,-0.004869559978542304,0,1.874299867335253,0.4147016610719342,0
-0.026207474727301946,-0.008482764780632777,0,1.905123053279394,0.4517022244215722,0
-0.029897137762587605,-0.005054098830324891,0,1.940062506707092,0.4859603585369855,0
-0.02633590783576672,0.006974857748167052,0,1.7584105664013516,-0.4764555166442804,0
-0.025888507163047008,0.007463228823750986,0,1.7891616994758606,-0.5150815458796808,0
-0.02547645724763074,0.0058202811233273866,0,1.8203703530745616,-0.5533480134903673,0
-0.022574733696058325,-0.0022986786284691038,0,1.8538753727230886,-0.5977645053610177,0
-0.003355114549108126,-0.002278721419866144,0,1.8990563617712546,-0.6273634790264138,0
-0.026897640211922348,0.007083891489372292,0,1.679017387721106,-0.4449460747533214,0
-0.026500929387263835,0.007470271032347819,0,1.7095098021735287,-0.4835911390248228,0
-0.026048122050580526,0.007777846820077885,0,1.7396325597795006,-0.5224478890434815,0
-0.025553473792215294,0.008006497929261365,0,1.7706329664453995,-0.5608423222240863,0
-0.02727890051111577,0.006690990100220591,0,1.648397926844745,-0.4062712388417784,0
-0.027658161781187914,0.0062654175410667015,0,1.617735207774856,-0.3675237148795787,0
-0.02804676251242214,0.005805558490246979,0,1.587062106724503,-0.328715738186044,0
-0.028454180574354976,0.005308030125119086,0,1.556388000216721,-0.2898760288020516,0
-0.028891762833832428,0.004768674539253455,0,1.525720328618073,-0.25097423121321116,0
-0.02936590517939783,0.004187641013480953,0,1.494999702672999,-0.21201022851363793,0
-0.029890048445230286,0.0035690049032508064,0,1.464162576520311,-0.17304630377563365,0
-0.030473733996737064,0.00288515159135823,0,1.432372386813668,-0.13396850374291078,0
-0.03031614485434376,0.0018618675845358792,0,1.452767847314377,-0.0882364126880172,0
-0.0300751757968905,0.0008970846855492133,0,1.475000000000001,-0.04359109009904723,0
-0.03045651357904563,3.1273244519295763e-15,0,1.45,0.0,0
-0.03007517579689342,-0.0008970846855481702,0,1.475000000000001,0.04359109009904652,0
-0.029686963730693117,-0.0016889709983404964,0,1.500907669817843,0.08370390425982592,0
-0.029831992706419112,-0.0025943493811532315,0,1.481355706736923,0.1280748025585731,0
-0.029353196485975584,-0.003262912849613991,0,1.512466978477769,0.1665210482611939,0
-0.02892123653043806,-0.0038629081160035544,0,1.543955010511662,0.2049793255943816,0
-0.028522323368652232,-0.004433148362230074,0,1.574695950369547,0.2438902128528775,0
-0.028149912382665124,-0.004961377314476408,0,1.605378193961792,0.282734878764073,0
-0.027794523560432764,-0.005448359987601881,0,1.63602157031247,0.3215565346357658,0
-0.027446853505826183,-0.0058920639223665455,0,1.666685988225413,0.3603517851551635,0
-0.027092906597126393,-0.0062974808793741675,0,1.69736270689525,0.3990923872639002,0
-0.026928232762037343,-0.0059053647657086586,0,1.746291315984602,0.3918712067607601,0
-0.02655286656048743,-0.006278903996028883,0,1.776906294387224,0.4305823660367469,0
-0.026267438704356452,-0.006550755627752128,0,1.807408800096814,0.4692637411070644,0
-0.025938237538333696,-0.006928799751401376,0,1.857834345994978,0.4608939174569602,0
-0.025950819155585274,-0.0027652008347790764,0,1.891262624119485,0.4973187530437546,0
-0.019995612560117094,-0.012145128205924153,0,1.927552131993741,0.5334255134940422,0
-0.023305191718085268,0.010877444747282153,0,1.7989015125862056,-0.5974646078210565,0
-0.02495725211190085,0.010792733768529615,0,1.8167133472220505,-0.6330250176403873,0
-0.014798255829809759,0.025988160427082935,0,1.8523616892636545,-0.6487764114902584,0
-0.029212764730942645,0.04192593002086179,0,1.8830881310487306,-0.6737797048764513,0
-0.026689422511734378,0.00789336673578911,0,1.6605567674059456,-0.4908311031934584,0
-0.02628765746759265,0.008275231327024974,0,1.6908200676636036,-0.529615259914801,0
-0.025785251763351506,0.008792337853541877,0,1.7210843748206885,-0.568350118475625,0
-0.025493984271706984,0.008978248751339943,0,1.7517347302678306,-0.6062648719815895,0
-0.027087996861768493,0.00750525155644456,0,1.630081620742793,-0.45217759817854997,0
-0.027489874834929293,0.007095651230964723,0,1.599475958664353,-0.41347441649637656,0
-0.027905223247568917,0.00666101770541606,0,1.568780685456473,-0.37469443759129956,0
-0.02834518924033223,0.006194227117962363,0,1.538095442412545,-0.33587027743281567,0
-0.028818251697472576,0.005691199896372257,0,1.507402150851457,-0.297022355214984,0
-0.029335080478706303,0.005149277414950169,0,1.476666100659508,-0.2581411923806995,0
-0.029903846698131207,0.004561458767901433,0,1.445862726266407,-0.21922941831972118,0
-0.0305224846789648,0.0039337151237734055,0,1.415042858290683,-0.18030853711686357,0
-0.03125142193741958,0.003197430918826416,0,1.383272033175373,-0.13912838018174756,0
-0.031061887368582366,0.002087608317957117,0,1.402605880785698,-0.09334945314651746,0
-0.03079755989736787,0.0010066643658254919,0,1.425353433383547,-0.04548795975364956,0
-0.03126528530608376,4.8364108269762684e-15,0,1.4,0.0,0
-0.030797559897371166,-0.0010066643658195155,0,1.425353433383547,0.04548795975364888,0
-0.030316144854350687,-0.001861867584532446,0,1.452767847314377,0.08823641268801648,0
-0.03047373399674334,-0.002885151591358247,0,1.432372386813668,0.1339685037429101,0
-0.029890048445231472,-0.0035690049032477615,0,1.464162576520311,0.173046303775633,0
-0.02936590517939966,-0.004187641013482172,0,1.494999702672999,0.2120102285136372,0
-0.028891762833830718,-0.004768674539251267,0,1.525720328618073,0.2509742312132104,0
-0.028454180574350552,-0.00530803012511733,0,1.556388000216721,0.2898760288020508,0
-0.028046762512413226,-0.0058055584902450925,0,1.587062106724503,0.3287157381860432,0
-0.027658161781175868,-0.0062654175410684744,0,1.617735207774856,0.3675237148795779,0
-0.027278900511101385,-0.006690990100223005,0,1.648397926844745,0.4062712388417776,0
-0.02689764021190974,-0.0070838914893805545,0,1.679017387721106,0.4449460747533205,0
-0.026724422152061965,-0.006671184012521086,0,1.728005964158074,0.4377440343205724,0
-0.026335907835781634,-0.0069748577481639745,0,1.758410566401352,0.4764555166442795,0
-0.025888507162999178,-0.007463228823688205,0,1.789161699475861,0.5150815458796799,0
-0.026040068018090046,-0.006583058959483154,0,1.839778857711146,0.5074931588058974,0
-0.027936656584521463,-0.014311278154433681,0,1.877224849030564,0.5444373455470706,0
-0.03689912766184806,0.006599569713304389,0,1.913880671948683,0.5805693529125171,0
-0.025191888483924584,0.010390527724353171,0,1.7795069687504586,-0.6441707834095818,0
-0.025512400376279595,0.010166947364399962,0,1.7335608421173556,-0.6525261225288076,0
-0.02572844413122714,0.00959822310496289,0,1.7030452731148467,-0.6139661343585039,0
-0.02610332083279194,0.009087551945660792,0,1.6724067251201475,-0.5754924991335443,0
-0.02647839510849281,0.00871323864479952,0,1.6420506417088336,-0.536773129219067,0
-0.026881066017927512,0.008324300563536849,0,1.6116046261293135,-0.49808885295392935,0
-0.02729422939875058,0.007933130793777152,0,1.581155651996858,-0.459354074681746,0
-0.02772919372054624,0.0075232597457897425,0,1.550507023922958,-0.420606391068175,0
-0.02819450773640465,0.007087377230233079,0,1.519856723120797,-0.3818470441582404,0
-0.02869921379987632,0.00662091147585135,0,1.489147238508587,-0.3430488879727109,0
-0.02925314686817997,0.006120009912353254,0,1.458388756466627,-0.3042270603573757,0
-0.02986587237312753,0.0055793693947407,0,1.427575947573089,-0.2653619377813319,0
-0.030550425365154194,0.004997605947877418,0,1.396755643454931,-0.22646276044789115,0
-0.03132946303751264,0.004342917255143151,0,1.365924926147193,-0.18755384618638277,0
-0.03226960287232576,0.003601768635192215,0,1.331276302514291,-0.1431136157671414,0
-0.03213183769401211,0.0023294255417006062,0,1.352409844500705,-0.09647632513066973,0
-0.03170188478714288,0.0011581157251818043,0,1.375700978922926,-0.04855147740473281,0
-0.032276699807733046,6.467771105732351e-15,0,1.35,0.0,0
-0.03170188478714715,-0.0011581157251716987,0,1.375700978922926,0.04855147740473216,0
-0.03106188736858971,-0.0020876083179513093,0,1.402605880785698,0.09334945314651677,0
-0.03125142193742845,-0.003197430918825949,0,1.383272033175373,0.1391283801817469,0
-0.03052248467897014,-0.003933715123774825,0,1.415042858290683,0.1803085371168629,0
-0.02990384669813139,-0.004561458767901311,0,1.445862726266407,0.2192294183197205,0
-0.029335080478707285,-0.005149277414953256,0,1.476666100659508,0.2581411923806987,0
-0.028818251697467604,-0.005691199896372471,0,1.507402150851457,0.2970223552149832,0
-0.02834518924032732,-0.0061942271179624715,0,1.538095442412545,0.3358702774328149,0
-0.027905223247560455,-0.006661017705418262,0,1.568780685456473,0.3746944375912988,0
-0.02748987483491934,-0.007095651230967839,0,1.599475958664353,0.4134744164963758,0
-0.02708799686175649,-0.007505251556451125,0,1.630081620742793,0.4521775981785492,0
-0.026689422511721298,-0.007893366735799046,0,1.660556767405946,0.4908311031934575,0
-0.026500929387248483,-0.007470271032353367,0,1.709509802173529,0.4835911390248219,0
-0.026048122050545897,-0.007777846820059898,0,1.739632559779501,0.5224478890434806,0
-0.02555347379212253,-0.008006497929273076,0,1.7706329664454,0.5608423222240854,0
-0.02547645724739624,-0.005820281123129183,0,1.820370353074562,0.5533480134903664,0
-0.02257473369608285,0.002298678628103061,0,1.853875372723089,0.5977645053610168,0
-0.0033551145502143955,0.002278721423427874,0,1.899056361771255,0.6273634790264129,0
-0.02674222140110245,0.011298585188992284,0,1.8109650460711086,-0.6824658404162998,0
-0.03631943157850696,0.013001324066719432,0,1.8490105069204625,-0.6872964747462753,0
-0.04034962323556453,0.00031259387916758244,0,1.8659855984427145,-0.719790071065434,0
-0.0258462982656571,0.010506996805267678,0,1.7617494259109445,-0.6903421262742447,0
-0.025595242754384757,0.010525715494956976,0,1.7152798826443676,-0.6983203083882785,0
-0.025684914485171392,0.010221577520786961,0,1.6847794269740186,-0.659757508883932,0
-0.02593128922009751,0.009867818680514933,0,1.6542411100321837,-0.6212006986037435,0
-0.026271262066135493,0.00950436134496951,0,1.6237125703491806,-0.5826153788396278,0
-0.02665817480637952,0.009136203493308594,0,1.5932758212545926,-0.5439459904452812,0
-0.02707398092746591,0.00876870707410627,0,1.5627636591291216,-0.5052166796183275,0
-0.02752087031863538,0.008386059080484795,0,1.5321785964296246,-0.4664979617709988,0
-0.028005662770336084,0.007982948873592305,0,1.501594527869645,-0.427770411710389,0
-0.028535779100028788,0.007554707631483374,0,1.470922754221482,-0.38901816131946876,0
-0.02912260716852666,0.007095627987751111,0,1.440166094838575,-0.3502454745057893,0
-0.02977745496591156,0.00660256058416952,0,1.40934639815831,-0.31144153870900465,0
-0.030509321604534533,0.006065356653875169,0,1.378478815375139,-0.2725948296956934,0
-0.031318628631283575,0.005500272898669606,0,1.347657995702593,-0.23370783370634082,0
-0.03230835632736774,0.00483693542785425,0,1.315452553377113,-0.1919306221687885,0
-0.0333961507111946,0.004071135989787382,0,1.282167594887338,-0.1542379783840819,0
-0.03335659833067632,0.0027005435013846752,0,1.294507111164958,-0.09963648513448657,0
-0.03280263785584863,0.0012813700917781107,0,1.325083796556721,-0.05187126222773982,0
-0.03361962621109487,1.1882048575250976e-14,0,1.3,0.0,0
-0.032802637855857304,-0.0012813700917624403,0,1.325083796556721,0.05187126222773918,0
-0.03213183769402232,-0.002329425541692351,0,1.352409844500705,0.09647632513066906,0
-0.03226960287233934,-0.0036017686351915625,0,1.331276302514291,0.1431136157671408,0
-0.0313294630375238,-0.00434291725515009,0,1.365924926147193,0.1875538461863821,0
-0.03055042536515497,-0.004997605947879826,0,1.396755643454931,0.2264627604478905,0
-0.029865872373126424,-0.005579369394748563,0,1.427575947573089,0.2653619377813311,0
-0.02925314686817517,-0.006120009912356372,0,1.458388756466627,0.3042270603573749,0
-0.028699213799868527,-0.006620911475854385,0,1.489147238508587,0.3430488879727101,0
-0.028194507736397194,-0.007087377230236704,0,1.519856723120797,0.3818470441582396,0
-0.027729193720537684,-0.0075232597457948166,0,1.550507023922958,0.4206063910681742,0
-0.027294229398740384,-0.007933130793783884,0,1.581155651996858,0.4593540746817452,0
-0.02688106601791724,-0.008324300563548447,0,1.611604626129314,0.4980888529539286,0
-0.026478395108480813,-0.008713238644816311,0,1.642050641708834,0.5367731292190661,0
-0.026287657467572882,-0.008275231327042606,0,1.690820067663604,0.5296152599148001,0
-0.02578525176330164,-0.008792337853569,0,1.721084374820689,0.5683501184756241,0
-0.025493984271597155,-0.008978248751477423,0,1.751734730267831,0.6062648719815886,0
-0.023305191717768167,-0.010877444747110852,0,1.798901512586206,0.5974646078210556,0
-0.02495725211088763,-0.01079273376913407,0,1.816713347222051,0.6330250176403864,0
-0.014798255827755407,-0.025988160424528013,0,1.852361689263655,0.6487764114902576,0
-0.02921276472085649,-0.04192593002231119,0,1.883088131048731,0.6737797048764504,0
-0.026377362393872512,0.009842330960340063,0,1.7850367805236527,-0.7289465041660188,0
-0.02749594044730332,0.0032753185282186777,0,1.8263860521078545,-0.7248027001288624,0
-0.015346347804743565,0.00768137908478435,0,1.8477590659076775,-0.7653668625933489,0
-0.025508087619399655,0.01061777747341165,0,1.7457336883349845,-0.7369145005194963,0
-0.025327432297567735,0.010922061626280313,0,1.6971085224516547,-0.7440312115514952,0
-0.025489632422120753,0.010799288484115084,0,1.6666170100788416,-0.7054617558284979,0
-0.025734202296196433,0.010551488096362313,0,1.6360853882548125,-0.6669036514610709,0
-0.026047271107251052,0.01024960836015314,0,1.6055394276913755,-0.6283472969829171,0
-0.026415130468701753,0.009927331649751686,0,1.5749957551347256,-0.5897173596129558,0
-0.026826791460061675,0.009592518150361936,0,1.5444866858612996,-0.5510415653227038,0
-0.027279686216124473,0.009242502226991961,0,1.5139186190521605,-0.5123478992267807,0
-0.027777985593302003,0.008875608577067746,0,1.4833375594071256,-0.47364393902601115,0
-0.02832828365500919,0.00848653476120656,0,1.452710466980469,-0.43493469488276776,0
-0.02894302455043483,0.00807254166168643,0,1.422005495069359,-0.3962420935254303,0
-0.02963263529656642,0.007628677533350283,0,1.391185926607087,-0.3574951051507453,0
-0.030410292069095138,0.00714880387133747,0,1.360195870698122,-0.31869054320634765,0
-0.031286828744846104,0.00662703406259966,0,1.329394721754459,-0.2798303326768243,0
-0.032267040378114537,0.0060368728632072795,0,1.2985876924889,-0.2409704972819503,0
-0.033387671961863666,0.0054302732101840934,0,1.266820787449091,-0.1996744593144415,0
-0.034615929687873706,0.004838102949009158,0,1.237022592969058,-0.16339032309227766,0
-0.0345367083335579,0.00375929631927188,0,1.252124005671904,-0.1274315858901813,0
-0.03505938547777434,0.002708413848253051,0,1.245307382624987,-0.09005898609444019,0
-0.034300849275107084,0.0013495308063541198,0,1.275068861232616,-0.04530777872419264,0
-0.03518391749719128,2.061422246032801e-14,0,1.25,0.0,0
-0.03430084927512514,-0.0013495308063250497,0,1.275068861232616,0.04530777872419203,0
-0.03335659833069804,-0.0027005435013743367,0,1.294507111164958,0.09963648513448593,0
-0.03339615071122094,-0.004071135989792167,0,1.282167594887338,0.1542379783840813,0
-0.0323083563273817,-0.004836935427864588,0,1.315452553377113,0.1919306221687879,0
-0.03131862863128958,-0.005500272898681197,0,1.347657995702593,0.2337078337063402,0
-0.030509321604534234,-0.006065356653883451,0,1.378478815375139,0.2725948296956927,0
-0.029777454965909497,-0.006602560584176687,0,1.40934639815831,0.311441538709004,0
-0.029122607168520796,-0.007095627987755521,0,1.440166094838575,0.3502454745057885,0
-0.028535779100020798,-0.007554707631486435,0,1.470922754221482,0.389018161319468,0
-0.028005662770329457,-0.007982948873596825,0,1.501594527869645,0.4277704117103882,0
-0.027520870318628876,-0.008386059080490286,0,1.532178596429625,0.466497961770998,0
-0.027073980927460706,-0.008768707074112843,0,1.562763659129122,0.5052166796183266,0
-0.026658174806376164,-0.009136203493320628,0,1.593275821254593,0.5439459904452804,0
-0.02627126206613456,-0.009504361344987292,0,1.623712570349181,0.5826153788396269,0
-0.026103320832780826,-0.009087551945693965,0,1.672406725120148,0.5754924991335434,0
-0.025728444131229922,-0.009598223105029138,0,1.703045273114847,0.613966134358503,0
-0.02551240037630032,-0.010166947364585868,0,1.733560842117356,0.6525261225288067,0
-0.025191888483894326,-0.010390527724735804,0,1.779506968750459,0.6441707834095809,0
-0.026742221401173022,-0.011298585190482224,0,1.810965046071109,0.6824658404162989,0
-0.036319431576280974,-0.013001324076154334,0,1.849010506920463,0.6872964747462744,0
-0.040349623242816254,-0.00031259388749811813,0,1.865985598442715,0.7197900710654331,0
-0.021481477557485945,0.017174200187645084,0,1.8031962761698495,-0.7692677476283025,0
-0.0344052059436145,0.01701732254788629,0,1.8284195122836866,-0.8104826260323443,0
-0.02513818883917626,0.011180980440267396,0,1.7642356600390237,-0.7730950325326004,0
-0.025245806051836274,0.010846063426553585,0,1.7275986306707736,-0.7825891545040655,0
-0.024841520743433817,0.011380271654364163,0,1.6789596856065516,-0.7897304639994511,0
-0.025176041724333905,0.011316950766381577,0,1.6484669721813265,-0.751161876250581,0
-0.025458184195815248,0.011183258369515281,0,1.6179564319250015,-0.7125933238871933,0
-0.0257777002066139,0.010956993376664115,0,1.5873789228274555,-0.6740613245801412,0
-0.026140840575833317,0.010689917783493865,0,1.5568159013798886,-0.6354759842480169,0
-0.02654909084729954,0.010396942681408413,0,1.5262651688857536,-0.5968441469997998,0
-0.027004349785862605,0.010086283359965875,0,1.4957010917114446,-0.5581773160330774,0
-0.027510705009417376,0.009758815666930785,0,1.4651228610774725,-0.5194966514366279,0
-0.028076763990759493,0.00941283548748568,0,1.4345188498682666,-0.48081418966765577,0
-0.028712598713533235,0.009045470467604884,0,1.403871147572577,-0.442150493076743,0
-0.029435264252519928,0.008653802508009742,0,1.372927970335845,-0.40345861949465645,0
-0.030251217420228876,0.008233257602967258,0,1.3420197378988,-0.36474329295742725,0
-0.03117539450295562,0.007768465914892516,0,1.311171485813903,-0.3259376089370233,0
-0.03222169289172125,0.0072704625351468054,0,1.280334932435385,-0.28705102771591157,0
-0.033403394324363275,0.00669066577914159,0,1.249549437856368,-0.2482259534438104,0
-0.03473515222503121,0.006098303261641259,0,1.218831323605658,-0.20947580326456394,0
-0.03612535212952396,0.005568915266786131,0,1.18818522569068,-0.17171886473413966,0
-0.03600668875222674,0.004228222368768212,0,1.210010914357945,-0.12933259887127146,0
-0.03683391195497576,0.0030124544531501068,0,1.197018626328959,-0.0880922192347092,0
-0.03608414693113745,0.0015253760520951435,0,1.224253813538292,-0.04504518356511859,0
-0.037382820913419684,4.005880769319699e-14,0,1.2,0.0,0
-0.03608414693116337,-0.0015253760520414841,0,1.224253813538292,0.04504518356511801,0
-0.035059385477815334,-0.0027084138482300125,0,1.245307382624987,0.09005898609443957,0
-0.034536708333602735,-0.0037592963192689096,0,1.252124005671904,0.1274315858901807,0
-0.03461592968791771,-0.004838102949028883,0,1.237022592969058,0.1633903230922771,0
-0.03338767196188352,-0.005430273210203461,0,1.266820787449091,0.1996744593144409,0
-0.032267040378124015,-0.0060368728632268194,0,1.2985876924889,0.2409704972819497,0
-0.0312868287448457,-0.006627034062610799,0,1.329394721754459,0.2798303326768236,0
-0.030410292069092956,-0.007148803871346668,0,1.360195870698122,0.318690543206347,0
-0.029632635296561887,-0.007628677533355849,0,1.391185926607087,0.3574951051507446,0
-0.028943024550428693,-0.008072541661689863,0,1.422005495069359,0.3962420935254296,0
-0.028328283655004154,-0.008486534761210132,0,1.452710466980469,0.434934694882767,0
-0.02777798559329543,-0.008875608577071762,0,1.483337559407126,0.4736439390260104,0
-0.027279686216119387,-0.009242502226995495,0,1.513918619052161,0.51234789922678,0
-0.02682679146006088,-0.00959251815036955,0,1.5444866858613,0.5510415653227029,0
-0.026415130468705653,-0.009927331649760243,0,1.574995755134726,0.5897173596129549,0
-0.02604727110726467,-0.010249608360162076,0,1.605539427691376,0.6283472969829162,0
-0.025931289220108785,-0.009867818680548951,0,1.654241110032184,0.6212006986037426,0
-0.025684914485233485,-0.010221577520833193,0,1.684779426974019,0.6597575088839311,0
-0.02559524275455572,-0.0105257154950225,0,1.715279882644368,0.6983203083882776,0
-0.025846298266035125,-0.010506996805460078,0,1.761749425910945,0.6903421262742439,0
-0.026377362394889015,-0.009842330960605557,0,1.785036780523653,0.7289465041660179,0
-0.02749594045221419,-0.003275318527892638,0,1.826386052107855,0.7248027001288615,0
-0.015346347809242109,-0.007681379077864843,0,1.847759065907678,0.765366862593348,0
-0.03012548096633192,0.003693838841556472,0,1.7848688434964366,-0.8130398910836054,0
-0.01853702786637088,0.004707282313961765,0,1.8079785871308685,-0.8551101849915406,0
-0.0252899092805363,0.010558857280325615,0,1.7449471571492545,-0.81811774217729,0
-0.024611458648045467,0.01106408620232937,0,1.7081406940588746,-0.8277856665208868,0
-0.024373264793366024,0.011709895862401823,0,1.6608108080159196,-0.8354356381176832,0
-0.024719102979584073,0.011933637726081742,0,1.6303125295994736,-0.7968609085091011,0
-0.025099842671233732,0.01181330863809599,0,1.5997660774763316,-0.7583295788868957,0
-0.025453045864042255,0.011642629924667216,0,1.5692109021911707,-0.7197947969313147,0
-0.025825410277578627,0.011427254937699883,0,1.5386390392957157,-0.6812500419346343,0
-0.026235445617375983,0.01118012254220917,0,1.5080911209063426,-0.6426195207666954,0
-0.026691936438387995,0.010912303493882577,0,1.4775185379453735,-0.6039782597480696,0
-0.027203253989340488,0.010628669009325476,0,1.4469192155108095,-0.5653297100242308,0
-0.027779061981959674,0.010327692591350397,0,1.4163189620861556,-0.5266645463085138,0
-0.028431383589603693,0.010009970423391603,0,1.3857110115418305,-0.4879862440859434,0
-0.029173741856971504,0.009675795368826779,0,1.354955575942247,-0.4493858238898897,0
-0.030028410817903445,0.009315650690207268,0,1.323529938924999,-0.4107349083677039,0
-0.030998473640686183,0.008922900072427756,0,1.29298200387834,-0.37200982343458705,0
-0.032102943627917956,0.008479625012201623,0,1.26246205337039,-0.33336682103573345,0
-0.033354440397084434,0.007991609394935754,0,1.231677909434284,-0.2945843449848364,0
-0.03474513074531664,0.007438070316686444,0,1.20081514108489,-0.25569214394846734,0
-0.03630780996905753,0.006871074827265771,0,1.169802319917377,-0.21669359675775685,0
-0.037933620753411126,0.006382596135098744,0,1.139060617110101,-0.17799644833867764,0
-0.03798146296232808,0.004865442199538321,0,1.161007384923481,-0.12557428605446094,0
-0.03882869637421547,0.0036736020783547786,0,1.159499000354933,-0.07832031644348103,0
-0.0384226917503959,0.0016631034665907914,0,1.176337163535087,-0.042688991665125055,0
-0.04022156998790813,6.818168098863835e-14,0,1.15,0.0,0
-0.038422691750439344,-0.0016631034665407218,0,1.176337163535087,0.0426889916651245,0
-0.036833911955043035,-0.003012454453079539,0,1.197018626328959,0.08809221923470861,0
-0.03600668875230067,-0.004228222368780705,0,1.210010914357945,0.1293325988712709,0
-0.03612535212959555,-0.005568915266830969,0,1.18818522569068,0.1717188647341391,0
-0.0347351522250541,-0.006098303261687112,0,1.218831323605658,0.2094758032645634,0
-0.03340339432437064,-0.006690665779173161,0,1.249549437856368,0.2482259534438098,0
-0.032221692891717425,-0.007270462535170967,0,1.280334932435385,0.2870510277159109,0
-0.031175394502947974,-0.007768465914908547,0,1.311171485813903,0.3259376089370226,0
-0.030251217420218534,-0.00823325760297748,0,1.3420197378988,0.3647432929574266,0
-0.029435264252512985,-0.008653802508015014,0,1.372927970335845,0.4034586194946558,0
-0.02871259871352694,-0.009045470467607059,0,1.403871147572577,0.4421504930767423,0
-0.02807676399075293,-0.00941283548748932,0,1.434518849868267,0.480814189667655,0
-0.027510705009411635,-0.009758815666933275,0,1.465122861077473,0.5194966514366273,0
-0.027004349785858774,-0.010086283359970107,0,1.495701091711445,0.5581773160330767,0
-0.026549090847298985,-0.010396942681413522,0,1.526265168885754,0.5968441469997992,0
-0.02614084057583737,-0.010689917783495085,0,1.556815901379889,0.635475984248016,0
-0.02577770020663065,-0.010956993376663667,0,1.587378922827456,0.6740613245801403,0
-0.02573420229622974,-0.01055148809637402,0,1.636085388254813,0.66690365146107,0
-0.02548963242219438,-0.010799288484095185,0,1.666617010078842,0.705461755828497,0
-0.0253274322977015,-0.010922061626158991,0,1.697108522451655,0.7440312115514943,0
-0.025508087619783848,-0.010617777473246754,0,1.745733688334985,0.7369145005194954,0
-0.02513818883962654,-0.011180980439365617,0,1.764235660039024,0.7730950325325995,0
-0.021481477557449544,-0.01717420018499881,0,1.80319627616985,0.7692677476283016,0
-0.03440520594024339,-0.01701732254722266,0,1.828419512283687,0.8104826260323434,0
-0.02109831865491927,0.01753073302924341,0,1.7635396326281556,-0.8579788665175606,0
-0.033172646310938324,0.007078981858237441,0,1.7864486032744515,-0.8992226575541578,0
-0.02470965647972403,0.009656749253510366,0,1.7248551399105945,-0.8591907170320685,0
-0.022635073974004577,0.01295589598125781,0,1.6913182881099476,-0.8740028702202599,0
-0.024331037154314908,0.004082429317033239,0,1.7307615682818225,-0.8999310898600803,0
-0.010551718105763592,0.004708763874196093,0,1.7638425294879057,-0.942793472171773,0
-0.023734196113370357,0.012597356642181808,0,1.6425687100191535,-0.8811106293778762,0
-0.024229384992998995,0.012671406806138643,0,1.6121746101227337,-0.8425750126353116,0
-0.024699758267580637,0.012460315798165084,0,1.5816391289494836,-0.8040236174141521,0
-0.025077797113586247,0.012327541475400456,0,1.5510105000115366,-0.765542950329032,0
-0.02546678798243673,0.012148379946817925,0,1.5204563177716977,-0.7270171515897219,0
-0.025882662267798527,0.011943613496979099,0,1.4898868487216936,-0.6883693530345417,0
-0.026341884575668398,0.011718682765164868,0,1.4593570135546816,-0.6497186334191423,0
-0.026854919586649015,0.011478938151021677,0,1.4287414852392355,-0.6111480800637333,0
-0.027436770745447404,0.011225088604404583,0,1.3981753524001066,-0.5724530245671209,0
-0.02809846523699625,0.010959331941941857,0,1.3675109742324736,-0.5338238125609351,0
-0.028855028851262537,0.010678170854901229,0,1.3369108528425806,-0.4951911373704608,0
-0.029726986392877765,0.010384958067344166,0,1.306253376497412,-0.4566925259191867,0
-0.03073938655429883,0.010062607833505086,0,1.275054457792381,-0.41801516123934335,0
-0.0318975166512242,0.0097087922653909,0,1.244579455981317,-0.37941260423677264,0
-0.03321759039203402,0.009299698767504836,0,1.214071734541909,-0.34085187677137185,0
-0.034766062219918466,0.008803901943048548,0,1.183185460292307,-0.30191877465518885,0
-0.036447006667817756,0.008190799896161123,0,1.151639946060103,-0.26269009724273085,0
-0.03811837291421038,0.007560440334389619,0,1.119217208372746,-0.2219181023196478,0
-0.03975368350100258,0.006935483438236004,0,1.090105394089912,-0.1851149194159325,0
-0.039806921721878406,0.00646923324505561,0,1.110125723683732,-0.1389206169274558,0
-0.04024927115171176,0.0038271140694340873,0,1.125473753467015,-0.09303786996718265,0
-0.04203946401198455,0.0024950126198256812,0,1.125704394314883,-0.04452201022262506,0
-0.044175357774869195,-2.666683746081339e-13,0,1.1,0.0,0
-0.04203946401190053,-0.0024950126194548433,0,1.125704394314883,0.04452201022262452,0
-0.038828696374308184,-0.003673602078309048,0,1.159499000354933,0.07832031644348048,0
-0.03798146296247676,-0.004865442199522005,0,1.161007384923481,0.1255742860544604,0
-0.037933620753503726,-0.006382596135292033,0,1.139060617110101,0.1779964483386771,0
-0.03630780996910738,-0.00687107482734298,0,1.169802319917377,0.2166935967577563,0
-0.03474513074531099,-0.007438070316738475,0,1.20081514108489,0.2556921439484667,0
-0.033354440397075996,-0.007991609394972057,0,1.231677909434284,0.2945843449848357,0
-0.03210294362790613,-0.008479625012222452,0,1.26246205337039,0.3333668210357328,0
-0.030998473640671355,-0.008922900072438907,0,1.29298200387834,0.3720098234345864,0
-0.030028410817889237,-0.009315650690211915,0,1.323529938924999,0.4107349083677032,0
-0.029173741856960474,-0.009675795368829938,0,1.354955575942247,0.449385823889889,0
-0.028431383589596713,-0.010009970423394958,0,1.385711011541831,0.4879862440859427,0
-0.027779061981954633,-0.010327692591352603,0,1.416318962086156,0.5266645463085131,0
-0.0272032539893363,-0.010628669009327867,0,1.44691921551081,0.5653297100242302,0
-0.026691936438386084,-0.010912303493886194,0,1.477518537945374,0.603978259748069,0
-0.02623544561737481,-0.01118012254220868,0,1.508091120906343,0.6426195207666947,0
-0.02582541027758268,-0.011427254937696165,0,1.538639039295716,0.6812500419346335,0
-0.025453045864049565,-0.011642629924654986,0,1.569210902191171,0.7197947969313138,0
-0.025458184195843576,-0.01118325836949354,0,1.617956431925002,0.7125933238871924,0
-0.02517604172436293,-0.011316950766321162,0,1.648466972181327,0.7511618762505801,0
-0.02484152074343606,-0.011380271654199569,0,1.678959685606552,0.7897304639994502,0
-0.02524580605189558,-0.0108460634262642,0,1.727598630670774,0.7825891545040646,0
-0.025289909280248695,-0.010558857279977636,0,1.744947157149255,0.8181177421772892,0
-0.030125480965384154,-0.0036938388431923147,0,1.784868843496437,0.8130398910836045,0
-0.01853702786963041,-0.004707282313988004,0,1.807978587130869,0.8551101849915397,0
-0.023046174993101142,0.013285438647844797,0,1.6726070337701626,-0.9194998606407799,0
-0.01553118168796794,0.02051964374577963,0,1.7137354912669875,-0.9455526259126602,0
-0.020980721148437218,0.032220481135633756,0,1.7401739829686225,-0.9857963831335157,0
-0.02389666246305346,0.013365396449978074,0,1.5939976476546096,-0.8882857332060522,0
-0.023454684320917144,0.013952222250166846,0,1.6243953774495605,-0.9268313180137049,0
-0.024290290450001598,0.013151868737202166,0,1.5635036541434526,-0.8498033120769787,0
-0.024674734982451516,0.013015935282725405,0,1.5328851976495506,-0.8113683523643557,0
-0.025072386647212324,0.012858246725095897,0,1.5022731639555225,-0.7728279241216158,0
-0.025492434346712972,0.01269033913436267,0,1.4716750845600455,-0.7341582533156208,0
-0.025953146262693266,0.012505076003631236,0,1.4411258387087715,-0.6954271158278544,0
-0.0264676571489289,0.01230786678297503,0,1.4105440308590096,-0.6567185461126077,0
-0.027049915043218048,0.012100698495383299,0,1.3800047173256655,-0.6180801027467784,0
-0.027714480209267128,0.011887988282870058,0,1.3493514221344456,-0.5794975307215886,0
-0.028480351110884962,0.011667216301574563,0,1.3187041651600195,-0.5409604740435416,0
-0.029366182362191354,0.011435700285251552,0,1.2880914710239866,-0.5023621380309774,0
-0.030394064588579975,0.011194250802372721,0,1.2573541431005446,-0.4638327627957058,0
-0.03159520682621696,0.010927782671274033,0,1.22664057319337,-0.42527942044841716,0
-0.03298247806020429,0.010618891181377934,0,1.196216777394312,-0.38663674633292666,0
-0.034611149591668014,0.010262260831820825,0,1.165918470710803,-0.34784616906804783,0
-0.03649847623724551,0.00977160248411857,0,1.134335909489621,-0.30843696583189917,0
-0.038821172740221635,0.0087539769349911,0,1.102146110577886,-0.2689126544016169,0
-0.04079472617735991,0.007772261488457068,0,1.062548862481097,-0.2201008977611723,0
-0.036156401051648156,0.009046088723139362,0,1.034882314224999,-0.1787543290553127,0
-0.041757043517361786,0.007270467117417181,0,1.069478001292287,-0.1484540183781494,0
-0.04204307206559213,0.006886342213436605,0,1.080429989578334,-0.10665909930212132,0
-0.0435379698869213,0.007736009350846771,0,1.092899391922077,-0.07124812390196239,0
-0.04255675672392369,0.002673101960656233,0,1.076057135607035,-0.03794113986174125,0
-0.06745889666474637,2.0734032199967126e-13,0,1.05,0.0,0
-0.04255675672319195,-0.0026731019602780756,0,1.076057135607035,0.03794113986174073,0
-0.04353796988702921,-0.0077360093514536625,0,1.092899391922077,0.07124812390196186,0
-0.040249271152041674,-0.003827114069070283,0,1.125473753467015,0.0930378699671821,0
-0.03980692172224017,-0.006469233245321101,0,1.110125723683732,0.1389206169274553,0
-0.03975368350123294,-0.006935483438244898,0,1.090105394089912,0.185114919415932,0
-0.038118372914074494,-0.007560440334563808,0,1.119217208372746,0.2219181023196473,0
-0.03644700666780858,-0.008190799896258845,0,1.151639946060103,0.2626900972427303,0
-0.034766062219895186,-0.008803901943086268,0,1.183185460292307,0.3019187746551883,0
-0.03321759039201177,-0.00929969876752925,0,1.214071734541909,0.3408518767713712,0
-0.03189751665120646,-0.00970879226540427,0,1.244579455981317,0.379412604236772,0
-0.030739386554283578,-0.010062607833510602,0,1.275054457792381,0.4180151612393427,0
-0.029726986392863756,-0.01038495806734572,0,1.306253376497412,0.456692525919186,0
-0.028855028851251022,-0.010678170854901897,0,1.336910852842581,0.4951911373704601,0
-0.02809846523698939,-0.01095933194194175,0,1.367510974232474,0.5338238125609345,0
-0.0274367707454428,-0.011225088604402893,0,1.398175352400107,0.5724530245671202,0
-0.026854919586648596,-0.011478938151022317,0,1.428741485239236,0.6111480800637327,0
-0.026341884575667225,-0.011718682765161423,0,1.459357013554682,0.6497186334191416,0
-0.02588266226779783,-0.011943613496974538,0,1.489886848721694,0.688369353034541,0
-0.025466787982436883,-0.012148379946812653,0,1.520456317771698,0.7270171515897212,0
-0.025077797113578427,-0.012327541475382744,0,1.551010500011537,0.7655429503290311,0
-0.02509984267123446,-0.011813308638060072,0,1.599766077476332,0.7583295788868948,0
-0.02471910297956287,-0.011933637726009288,0,1.630312529599474,0.7968609085091002,0
-0.024373264793221515,-0.01170989586238074,0,1.66081080801592,0.8354356381176823,0
-0.024611458647907373,-0.011064086202106653,0,1.708140694058875,0.8277856665208859,0
-0.02470965647931203,-0.009656749253627896,0,1.724855139910595,0.8591907170320676,0
-0.021098318655732994,-0.017530733025553018,0,1.763539632628156,0.8579788665175597,0
-0.03317264630656053,-0.007078981857565708,0,1.786448603274452,0.8992226575541569,0
-0.023778922090968678,0.014566835027859073,0,1.6559416314185726,-0.9663101389930697,0
-0.02936931105520537,0.01604586515126873,0,1.6991428932856925,-0.9894170658473578,0
-0.030414687218079148,0.012219439442588773,0,1.7154572207127337,-1.028205487198227,0
-0.023637916947394637,0.013966042892064575,0,1.5758482220911896,-0.9340245002836751,0
-0.02366186224674761,0.014112857152365824,0,1.6049907924632036,-0.9720817765919004,0
-0.023907792215421348,0.013831031222644875,0,1.5453504217494265,-0.8956190673038176,0
-0.024265422095069274,0.013688268131104683,0,1.5147111735839165,-0.8571680851395627,0
-0.024651859683093014,0.013556072675928626,0,1.4840822675570926,-0.818648633761714,0
-0.025069304246821463,0.013419799397967403,0,1.4534890869163746,-0.7800071014681171,0
-0.025528197447796372,0.01327159516221317,0,1.4228288626328176,-0.7411879728250123,0
-0.026041497430513937,0.013115688808122616,0,1.3921893495941926,-0.7023420324961619,0
-0.02662183550026959,0.012954323707102734,0,1.3615979945818195,-0.6635659615862544,0
-0.02728404332223112,0.01279253943773998,0,1.3309994190427195,-0.6250597025248635,0
-0.028049423872738278,0.012630362158562551,0,1.3004422055586016,-0.5866113877317999,0
-0.02893971457607756,0.012464151014252129,0,1.2698873600378846,-0.5480006094351322,0
-0.02997817176847512,0.012296972082914772,0,1.2393250274103265,-0.5094748583675281,0
-0.031196763924650515,0.012124186104817053,0,1.2087065395314416,-0.47089853238074897,0
-0.032626471045970114,0.011934076101065614,0,1.17814637607091,-0.432318710221019,0
-0.0343174383363239,0.011711816162221694,0,1.147775132252832,-0.39359265178888597,0
-0.036277310626607516,0.011391502582090901,0,1.117213305089129,-0.35495753549541964,0
-0.03904007260799582,0.011090514162105875,0,1.085639809860739,-0.31370862659348236,0
-0.041730306938382436,0.009039795802749499,0,1.051901303151065,-0.26902545227753855,0
-0.045459751975755164,-0.000606742620615451,0,1.018488388592635,-0.22658593868666285,0
-0.03430253668172315,-0.005639693963166102,0,0.9807852803022051,-0.19509032252401745,0
-0.03717786089409772,0.025444657251200254,0,0.989176509908181,-0.14673047483692844,0
-0.04747170548374768,0.016109079428822785,0,1.035561018515463,-0.1250131795732461,0
-0.04630222193044243,-0.005448109332861133,0,1.045564283086771,-0.07526093772213023,0
-0.04904516982947833,0.03660175363112659,0,1.036541042540306,-0.03720598610672313,0
-0.07542036229132389,-5.5663297853549054e-12,0,1.0,0.0,0
-0.049045169823536364,-0.036601753636326013,0,1.036541042540306,0.03720598610672263,0
-0.04630222193168417,0.005448109340270402,0,1.045564283086771,0.07526093772212973,0
-0.04204307206607507,-0.006886342213004921,0,1.080429989578334,0.1066590993021208,0
-0.04175704351830745,-0.007270467118128491,0,1.069478001292287,0.1484540183781489,0
-0.03615640104816503,-0.009046088726321162,0,1.034882314224999,0.1787543290553122,0
-0.0407947261772201,-0.007772261489015189,0,1.062548862481097,0.2201008977611718,0
-0.03882117274018055,-0.008753976934949547,0,1.102146110577886,0.2689126544016163,0
-0.03649847623718116,-0.009771602484182547,0,1.134335909489621,0.3084369658318986,0
-0.034611149591627206,-0.010262260831855368,0,1.165918470710803,0.3478461690680473,0
-0.032982478060170385,-0.010618891181393747,0,1.196216777394312,0.386636746332926,0
-0.03159520682619067,-0.010927782671279128,0,1.22664057319337,0.4252794204484165,0
-0.030394064588561535,-0.011194250802371311,0,1.257354143100545,0.4638327627957051,0
-0.029366182362179628,-0.011435700285251567,0,1.288091471023987,0.5023621380309767,0
-0.02848035111087506,-0.011667216301571725,0,1.31870416516002,0.540960474043541,0
-0.027714480209258596,-0.011887988282867717,0,1.349351422134446,0.5794975307215879,0
-0.02704991504321457,-0.012100698495383824,0,1.380004717325666,0.6180801027467777,0
-0.026467657148925697,-0.012307866782972745,0,1.41054403085901,0.656718546112607,0
-0.02595314626269112,-0.012505076003628159,0,1.441125838708772,0.6954271158278538,0
-0.02549243434670961,-0.012690339134360532,0,1.471675084560046,0.7341582533156201,0
-0.025072386647205437,-0.012858246725090065,0,1.502273163955523,0.7728279241216152,0
-0.024674734982435248,-0.013015935282717635,0,1.532885197649551,0.811368352364355,0
-0.02469975826755273,-0.012460315798146476,0,1.581639128949484,0.8040236174141512,0
-0.024229384992946443,-0.012671406806086817,0,1.612174610122734,0.8425750126353108,0
-0.02373419611320515,-0.012597356642244805,0,1.642568710019154,0.8811106293778753,0
-0.02263507397404171,-0.012955895980712548,0,1.691318288109948,0.874002870220259,0
-0.024331037152689992,-0.004082429319307127,0,1.730761568281823,0.8999310898600794,0
-0.01055171810827032,-0.004708763876628295,0,1.763842529487906,0.9427934721717721,0
-0.02585296917287831,0.013762419638992732,0,1.6704061400615455,-1.0212206939993158,0
-0.024051052802912178,0.013801970703388889,0,1.6280614410320036,-1.0115633038189709,0
-0.02306879443085919,0.014185085771960688,0,1.5851330528217205,-1.017297515329052,0
-0.023283895448049804,0.014435741455351012,0,1.5574678926984256,-0.9796895472987074,0
-0.023524479168679075,0.01440679797947594,0,1.5271011452976295,-0.9413242710186296,0
-0.02384217263589366,0.014325161848481484,0,1.4965668492416895,-0.903042482575122,0
-0.02421048934444764,0.014233027626602278,0,1.4658786511622857,-0.8645266627553889,0
-0.02461818259359338,0.014127767928045173,0,1.4352804068839136,-0.8258666057212557,0
-0.02506934131854799,0.0140166837985851,0,1.4045887967937636,-0.7870549657684804,0
-0.025575847900696662,0.013900782375698853,0,1.3738845269642006,-0.7481303406665698,0
-0.02614970992954104,0.013783795955754961,0,1.3431817133480795,-0.7092503176796291,0
-0.026807247840786752,0.013671415595541974,0,1.3125686756354205,-0.6705983158359083,0
-0.02756617789597981,0.013564890264476851,0,1.2819741079706175,-0.6320833254418012,0
-0.0284518380769679,0.013464623310177467,0,1.2514551744481706,-0.5935099122618291,0
-0.029490201377868206,0.013369548984946415,0,1.2209649577838946,-0.5549153801891835,0
-0.0307066208076762,0.013285845364530209,0,1.1906237762489835,-0.516456567555359,0
-0.03214797636119491,0.013209228035797676,0,1.1601088432316395,-0.47796116122522647,0
-0.03386072343926269,0.013127475354487227,0,1.129577386148076,-0.43935936165323153,0
-0.03588907575918112,0.013047697735341214,0,1.099042127797138,-0.40074244350015287,0
-0.038379971194362955,0.013066820862321802,0,1.068640649642659,-0.36222177997824534,0
-0.041587046551102,0.012641405844648259,0,1.036812870402047,-0.31916327536641215,0
-0.05268892886956636,0.014742056514057102,0,1.004197890929559,-0.27894065046113525,0
-0.05950518781751658,-0.003536232253227659,0,0.9700312530284169,-0.24298018056648005,0
-0.02739062754035162,0.008600792778216982,0,1.6897071311446916,-1.0699952387551899,0
-0.05553065200631134,0.0015210776931395453,0,0.9951847266485508,-0.09801714056964315,0
-0.029743973638455466,0.017010410004472516,0,0.998795456200073,-0.049067674431218185,0
-0.0297439736303793,-0.01701040999392293,0,0.998795456200073,0.04906767443121771,0
-0.05553065201524123,-0.0015210776859964064,0,0.9951847266485508,0.09801714056964266,0
-0.04747170548905366,-0.016109079432627068,0,1.035561018515463,0.1250131795732456,0
-0.037177860893436394,-0.025444657265128155,0,0.989176509908181,0.146730474836928,0
-0.03430253667462516,0.005639693967951469,0,0.9807852803022051,0.195090322524017,0
-0.04545975197644718,0.0006067426262115316,0,1.018488388592635,0.2265859386866624,0
-0.04173030693815527,-0.009039795802692414,0,1.051901303151065,0.269025452277538,0
-0.03904007260793009,-0.011090514162264418,0,1.085639809860739,0.3137086265934818,0
-0.03627731062653664,-0.011391502582106238,0,1.117213305089129,0.3549575354954191,0
-0.03431743833627124,-0.011711816162232774,0,1.147775132252832,0.3935926517888854,0
-0.032626471045934725,-0.011934076101066485,0,1.17814637607091,0.4323187102210184,0
-0.031196763924624515,-0.01212418610481233,0,1.208706539531442,0.4708985323807483,0
-0.029978171768456394,-0.012296972082907934,0,1.239325027410327,0.5094748583675275,0
-0.02893971457606704,-0.012464151014246791,0,1.269887360037885,0.5480006094351315,0
-0.028049423872731884,-0.012630362158557232,0,1.300442205558602,0.5866113877317992,0
-0.027284043322225542,-0.012792539437737673,0,1.33099941904272,0.6250597025248629,0
-0.0266218355002659,-0.01295432370710049,0,1.36159799458182,0.6635659615862537,0
-0.026041497430512005,-0.013115688808120675,0,1.392189349594193,0.7023420324961612,0
-0.0255281974477931,-0.01327159516221212,0,1.422828862632818,0.7411879728250116,0
-0.02506930424681757,-0.013419799397966212,0,1.453489086916375,0.7800071014681165,0
-0.024651859683082374,-0.013556072675928389,0,1.484082267557093,0.8186486337617134,0
-0.024265422095052565,-0.013688268131111798,0,1.514711173583917,0.857168085139562,0
-0.024290290449963656,-0.013151868737206654,0,1.563503654143453,0.8498033120769778,0
-0.023896662462983283,-0.01336539645000986,0,1.59399764765461,0.8882857332060513,0
-0.02345468432083319,-0.013952222250189258,0,1.624395377449561,0.926831318013704,0
-0.023046174992777387,-0.01328543864797053,0,1.672607033770163,0.919499860640779,0
-0.015531181689221348,-0.020519643743275074,0,1.713735491266988,0.9455526259126593,0
-0.02098072114590292,-0.03222048113112443,0,1.740173982968623,0.9857963831335148,0
-0.022595702667437108,0.01147054569064279,0,1.6429902325305346,-1.0603868659140898,0
-0.020966873365100284,0.01041804998652326,0,1.6629392252347375,-1.1111404650968708,0
-0.02296914790003628,0.014084606870008315,0,1.6043549483657265,-1.052385987688947,0
-0.02219918326093264,0.014662004131445056,0,1.5669904136450437,-1.0625045965475,0
-0.02274004579413935,0.014872733432787196,0,1.5386438064223475,-1.025231410129671,0
-0.023058286052909435,0.014928071650913987,0,1.5089024547528156,-0.9868807959089338,0
-0.023388373160621378,0.014924752179263413,0,1.4783664840118256,-0.9486054715424812,0
-0.023744534550633342,0.014877709223416323,0,1.4476947879023516,-0.9104239655038603,0
-0.024140920188628186,0.014811690695490503,0,1.4170391448831956,-0.8717536437363371,0
-0.024580983772242,0.014736471686927027,0,1.3863816745637365,-0.8330089197864614,0
-0.025074667104453652,0.014658975138897228,0,1.3556682228015366,-0.7941288541434659,0
-0.025635908575403252,0.014585118663084682,0,1.3249485041973295,-0.7552346740026511,0
-0.026281423901097847,0.014519320914849603,0,1.2942565448041976,-0.7163847937734598,0
-0.027029559360174003,0.014466035219502647,0,1.2635915672346596,-0.677656401580427,0
-0.027904754111757867,0.014427355441154347,0,1.2329549199999386,-0.6390321440222394,0
-0.02893220341018472,0.014405677783746278,0,1.2025871732685856,-0.6003896438029145,0
-0.03014070763501451,0.014402706248839187,0,1.1722197755310895,-0.5618783883164296,0
-0.03156608856390853,0.014426829627047935,0,1.1419135844831616,-0.5236219767656431,0
-0.033269618941146786,0.014485959650397465,0,1.1114046269006415,-0.48508230693625237,0
-0.0352856527363607,0.014562688337484645,0,1.080841708765238,-0.4465283043579731,0
-0.03774091533408172,0.01458759732240827,0,1.050449362035585,-0.40801797593576017,0
-0.04062007838750619,0.014945410546541742,0,1.019673849172359,-0.36804582227001265,0
-0.04276024480104647,0.01872355182175314,0,0.9886217685443468,-0.3284235297700597,0
-0.048655109894632606,0.02706274986814926,0,0.956940335495227,-0.29028467803568697,0
-0.059505187824891725,0.0035362322555769067,0,0.9700312530284171,0.2429801805664796,0
-0.05268892887066185,-0.014742056518411945,0,1.004197890929559,0.2789406504611347,0
-0.041587046551010656,-0.012641405844589974,0,1.036812870402047,0.3191632753664116,0
-0.038379971194230755,-0.013066820862324167,0,1.068640649642659,0.3622217799782448,0
-0.03588907575910373,-0.01304769773535216,0,1.099042127797138,0.4007424435001523,0
-0.03386072343921089,-0.013127475354472971,0,1.129577386148076,0.439359361653231,0
-0.03214797636116499,-0.013209228035780562,0,1.16010884323164,0.4779611612252259,0
-0.030706620807658014,-0.013285845364514753,0,1.190623776248984,0.5164565675553583,0
-0.02949020137785664,-0.013369548984935925,0,1.220964957783895,0.5549153801891828,0
-0.028451838076959196,-0.013464623310168422,0,1.251455174448171,0.5935099122618285,0
-0.027566177895976395,-0.013564890264470915,0,1.281974107970618,0.6320833254418006,0
-0.026807247840786388,-0.013671415595537936,0,1.312568675635421,0.6705983158359077,0
-0.02614970992953664,-0.013783795955751441,0,1.34318171334808,0.7092503176796284,0
-0.025575847900694396,-0.013900782375698579,0,1.373884526964201,0.7481303406665691,0
-0.02506934131854471,-0.014016683798584739,0,1.404588796793764,0.7870549657684798,0
-0.024618182593590214,-0.014127767928046554,0,1.435280406883914,0.825866605721255,0
-0.024210489344441796,-0.014233027626607934,0,1.465878651162286,0.8645266627553883,0
-0.023842172635887296,-0.014325161848498405,0,1.49656684924169,0.9030424825751213,0
-0.02390779221539901,-0.01383103122266874,0,1.545350421749427,0.8956190673038167,0
-0.02363791694736445,-0.0139660428921444,0,1.57584822209119,0.9340245002836742,0
-0.023661862246786066,-0.014112857152611003,0,1.604990792463204,0.9720817765918995,0
-0.023778922090598995,-0.01456683502831161,0,1.655941631418573,0.9663101389930688,0
-0.02936931105194328,-0.016045865152820308,0,1.699142893285693,0.9894170658473569,0
-0.03041468721531581,-0.01221943944864807,0,1.715457220712734,1.028205487198226,0
-0.02006820291385129,0.013449474526716649,0,1.6016822578634726,-1.099540359528465,0
-0.01636152531188108,0.018569718883128875,0,1.6351696268830727,-1.1516163820122889,0
-0.021841368008621218,0.01578142703587725,0,1.5512908151674176,-1.1093851536719468,0
-0.022096096225568542,0.015395878501850228,0,1.5208376012295794,-1.071187152936918,0
-0.02252877716073146,0.015484579372961438,0,1.4905333235896976,-1.0326154472307318,0
-0.022891904882712123,0.015503470242189947,0,1.4600508181673826,-0.9939633458298474,0
-0.02325343359119249,0.015493253483089478,0,1.4295442800431715,-0.9557742848212273,0
-0.023638089534681755,0.015466803759881749,0,1.3988197810161076,-0.9176465317578052,0
-0.024065516914869533,0.015429158577853805,0,1.3681199568820985,-0.878947400283133,0
-0.02454304777192839,0.015389153873283124,0,1.3374190702461695,-0.8401337787239325,0
-0.025086740701055404,0.015355468807181286,0,1.3066951378897946,-0.8012500756252092,0
-0.025712789700501285,0.015333448034029301,0,1.2759793620884516,-0.7623789861215869,0
-0.02644146026680306,0.015330292385425178,0,1.2453013003900395,-0.723538411666666,0
-0.02729701733493026,0.015351452652808097,0,1.2146563958796566,-0.6847226411054841,0
-0.02830528258497862,0.015398697609738856,0,1.1839693460500356,-0.6459818153175612,0
-0.02949438233018041,0.015475295258695747,0,1.1536334045363275,-0.607231544635011,0
-0.030897774112734415,0.015593498424220332,0,1.1235534294985556,-0.5688032766987927,0
-0.032566346270819634,0.01575859694005621,0,1.0931193892350886,-0.5305982052874262,0
-0.03455825880155205,0.01595692295654318,0,1.0626625393001545,-0.49221857479215053,0
-0.037030983532440116,0.01629886093914788,0,1.031908809802538,-0.45375032667121235,0
-0.039467926921894166,0.016630714764584876,0,1.001866854700305,-0.4149868402147688,0
-0.041985620451115216,0.014105834816068178,0,0.9716515897092131,-0.37546153235482976,0
-0.03785465704684031,0.018170554821642586,0,0.9415440648596893,-0.33688985429587076,0
-0.04865510988958067,-0.027062749874014445,0,0.9569403354952272,0.2902846780356865,0
-0.04276024479879818,-0.01872355182039419,0,0.988621768544347,0.3284235297700591,0
-0.040620078387370806,-0.014945410546725171,0,1.019673849172359,0.3680458222700121,0
-0.03774091533400508,-0.0145875973223591,0,1.050449362035585,0.4080179759357596,0
-0.035285652736279254,-0.014562688337448644,0,1.080841708765238,0.4465283043579725,0
-0.033269618941101954,-0.014485959650364318,0,1.111404626900642,0.4850823069362518,0
-0.03156608856388645,-0.014426829627021867,0,1.141913584483162,0.5236219767656425,0
-0.03014070763500458,-0.014402706248818661,0,1.17221977553109,0.5618783883164289,0
-0.02893220341018032,-0.01440567778373395,0,1.202587173268586,0.6003896438029138,0
-0.027904754111753725,-0.014427355441144466,0,1.232954919999939,0.6390321440222387,0
-0.02702955936017089,-0.014466035219497048,0,1.26359156723466,0.6776564015804263,0
-0.026281423901098087,-0.014519320914845191,0,1.294256544804198,0.7163847937734591,0
-0.02563590857540444,-0.014585118663081924,0,1.32494850419733,0.7552346740026504,0
-0.02507466710445198,-0.01465897513889723,0,1.355668222801537,0.7941288541434652,0
-0.024580983772239832,-0.014736471686926387,0,1.386381674563737,0.8330089197864607,0
-0.024140920188625684,-0.01481169069549548,0,1.417039144883196,0.8717536437363365,0
-0.023744534550633443,-0.01487770922342372,0,1.447694787902352,0.9104239655038596,0
-0.023388373160627814,-0.014924752179278392,0,1.478366484011826,0.9486054715424805,0
-0.02352447916868694,-0.014406797979507696,0,1.52710114529763,0.9413242710186289,0
-0.02328389544808997,-0.01443574145541538,0,1.557467892698426,0.9796895472987065,0
-0.023068794431083586,-0.014185085771936974,0,1.585133052821721,1.017297515329051,0
-0.024051052803076213,-0.013801970703649476,0,1.628061441032004,1.01156330381897,0
-0.025852969173596793,-0.013762419641329656,0,1.670406140061546,1.021220693999315,0
-0.02739062754444218,-0.00860079278003588,0,1.689707131144692,1.069995238755189,0
-0.02091617329302475,0.0178358464801631,0,1.5816588031632806,-1.149486590755376,0
-0.021768463074691147,0.01540100010501398,0,1.5331860065540175,-1.154951240642576,0
-0.02161534665083513,0.01602935146097872,0,1.5030160473399445,-1.1171787664099588,0
-0.02197492898824491,0.016055883636612537,0,1.4723673738266576,-1.0784979815361528,0
-0.02235793749787456,0.016076613970815258,0,1.4417874534395556,-1.0397778863928309,0
-0.022735414586936342,0.016095730745943997,0,1.4111741489903105,-1.0009250430854608,0
-0.02311732519979262,0.016096111728746736,0,1.3805933683904286,-0.9629108655293452,0
-0.023526398070912745,0.01609259694748392,0,1.3498765079168826,-0.9247762276904183,0
-0.023985636143984607,0.01608840589664668,0,1.3191457062150866,-0.886148881806738,0
-0.02450746867160461,0.016091425884966072,0,1.2884168824373485,-0.8472911698935415,0
-0.025108410813699467,0.016111750349992716,0,1.2576940597915365,-0.8084123219822719,0
-0.025809695416567496,0.0161555393142002,0,1.2269854415297266,-0.7695423575567126,0
-0.02663516192647921,0.016228747672323584,0,1.1963007167111266,-0.7306922949542709,0
-0.027612708183829483,0.01634035639374334,0,1.1656636937524196,-0.6918503760138932,0
-0.02877255384087567,0.016491740214131464,0,1.1352268274397046,-0.6530157385484701,0
-0.03014751763065123,0.016687360838870763,0,1.1050348978716236,-0.6144161180048073,0
-0.03178017327043776,0.01694568587300381,0,1.0747444034304325,-0.5760366303895526,0
-0.033676506655418395,0.01732424543685408,0,1.0443954244305536,-0.5379745258904919,0
-0.036117400957215814,0.017865247025560273,0,1.0131041598173947,-0.4997707221212975,0
-0.03911507733184836,0.01796416911136806,0,0.9813884521041307,-0.46154206204375114,0
-0.04639394724700989,0.01849883922335008,0,0.952777303630683,-0.42160120269297785,0
-0.04806294512574778,0.010645291788231702,0,0.9238795320956876,-0.38268343336843463,0
-0.022943915112545198,0.02216173235655592,0,1.6064150634641177,-1.1913986083068828,0
-0.03785465704725214,-0.018170554815739735,0,0.9415440648596896,0.3368898542958703,0
-0.04198562045313906,-0.014105834814631922,0,0.9716515897092133,0.3754615323548292,0
-0.03946792692171706,-0.016630714764482638,0,1.001866854700305,0.4149868402147682,0
-0.037030983532318706,-0.016298860939137773,0,1.031908809802538,0.4537503266712118,0
-0.034558258801505114,-0.01595692295647058,0,1.062662539300155,0.49221857479215,0
-0.03256634627079787,-0.015758596940007218,0,1.093119389235089,0.5305982052874255,0
-0.030897774112726605,-0.015593498424190012,0,1.123553429498556,0.568803276698792,0
-0.029494382330177815,-0.015475295258676053,0,1.153633404536328,0.6072315446350103,0
-0.028305282584979313,-0.015398697609726465,0,1.183969346050036,0.6459818153175605,0
-0.027297017334929986,-0.015351452652800229,0,1.214656395879657,0.6847226411054834,0
-0.02644146026680197,-0.015330292385420913,0,1.24530130039004,0.7235384116666653,0
-0.02571278970050088,-0.015333448034026358,0,1.275979362088452,0.7623789861215863,0
-0.025086740701058145,-0.015355468807180086,0,1.306695137889795,0.8012500756252086,0
-0.02454304777193068,-0.015389153873282253,0,1.33741907024617,0.8401337787239318,0
-0.02406551691487089,-0.015429158577855078,0,1.368119956882099,0.8789474002831323,0
-0.023638089534684617,-0.015466803759883572,0,1.398819781016108,0.9176465317578045,0
-0.0232534335911984,-0.015493253483095847,0,1.429544280043172,0.9557742848212266,0
-0.022891904882726966,-0.015503470242192384,0,1.460050818167383,0.9939633458298467,0
-0.0230582860529256,-0.014928071650931601,0,1.508902454752816,0.9868807959089332,0
-0.022740045794223902,-0.01487273343272054,0,1.538643806422348,1.02523141012967,0
-0.022199183260769095,-0.01466200413154483,0,1.566990413645044,1.062504596547499,0
-0.022969147900943253,-0.014084606869906247,0,1.604354948365727,1.052385987688946,0
-0.0225957026697182,-0.011470545690989438,0,1.642990232530535,1.060386865914089,0
-0.020966873369668494,-0.010418049979185525,0,1.662939225234738,1.11114046509687,0
-0.024797320937297886,0.016863699071241925,0,1.5596798329616686,-1.1918253310997309,0
-0.01989446500818984,0.015380769976717178,0,1.5142806759269245,-1.2000688964965518,0
-0.020748572055256508,0.016557034386044205,0,1.4849020148823835,-1.16293511888941,0
-0.02143454471161656,0.016512504446987753,0,1.4543092476129615,-1.124362029709829,0
-0.02178882095185743,0.01667674504159088,0,1.4235540481775786,-1.0857337865222758,0
-0.02219178799166367,0.016689865834057505,0,1.3928581946686636,-1.046918742513807,0
-0.02257813206882818,0.016707916673229024,0,1.3621722235925005,-1.008027093324392,0
-0.022974539674851514,0.016727846446551453,0,1.3315456465566486,-0.9700535395640821,0
-0.02340921229967248,0.016754391038384935,0,1.3009381800132747,-0.9320499721060276,0
-0.023904642145252376,0.016788445517119572,0,1.2702721379983346,-0.8932423498421289,0
-0.024473692864516495,0.016848631751523832,0,1.2394093715624717,-0.8544583756322541,0
-0.025141586106628037,0.016937473147436825,0,1.2086577201513367,-0.8155845120746195,0
-0.025929193540578904,0.017060390167774935,0,1.1779431754780276,-0.7766946736178237,0
-0.0268670910161182,0.017230700082630123,0,1.1472542932368905,-0.7378053097650462,0
-0.027984588018132545,0.017453790339158975,0,1.1165241435797546,-0.6989262942126997,0
-0.029321399374727386,0.01773100701354656,0,1.0862786488067346,-0.6601103463079516,0
-0.03090496409973399,0.01810479065121713,0,1.0556809766282136,-0.621580747929533,0
-0.032799215705101525,0.018541972837679242,0,1.0250348469647776,-0.5832219715065896,0
-0.03528607716866101,0.018990977903909034,0,0.9927589581188687,-0.5454051006855598,0
-0.0374958003474032,0.020293104434391723,0,0.9587496398174935,-0.5078971467827027,0
-0.03682515533280641,0.025406371740237257,0,0.930545978546752,-0.46783291156277945,0
-0.04448791323337275,0.02985834954304759,0,0.9039892927095288,-0.42755509430543087,0
-0.03362244668658142,0.006788438200923664,0,1.5766928556293016,-1.230463180679341,0
-0.04806294512868953,-0.010645291792122539,0,0.9238795320956878,0.3826834333684342,0
-0.04639394724541167,-0.01849883922637398,0,0.9527773036306832,0.4216012026929774,0
-0.03911507733160835,-0.017964169111272195,0,0.981388452104131,0.4615420620437506,0
-0.036117400957102266,-0.017865247025372285,0,1.013104159817395,0.4997707221212969,0
-0.0336765066554224,-0.017324245436770302,0,1.044395424430554,0.5379745258904914,0
-0.03178017327044737,-0.016945685872960713,0,1.074744403430433,0.5760366303895521,0
-0.030147517630655766,-0.01668736083884165,0,1.105034897871624,0.6144161180048067,0
-0.02877255384088471,-0.016491740214116077,0,1.135226827439705,0.6530157385484694,0
-0.027612708183835193,-0.016340356393734833,0,1.16566369375242,0.6918503760138925,0
-0.026635161926482714,-0.016228747672317172,0,1.196300716711127,0.7306922949542702,0
-0.025809695416569606,-0.01615553931419557,0,1.226985441529727,0.769542357556712,0
-0.025108410813699165,-0.0161117503499923,0,1.257694059791537,0.8084123219822712,0
-0.02450746867160423,-0.016091425884964886,0,1.288416882437349,0.8472911698935408,0
-0.02398563614398705,-0.01608840589664681,0,1.319145706215087,0.8861488818067373,0
-0.023526398070916187,-0.016092596947485643,0,1.349876507916883,0.9247762276904177,0
-0.023117325199796975,-0.01609611172875021,0,1.380593368390429,0.9629108655293446,0
-0.02273541458694407,-0.016095730745947646,0,1.411174148990311,1.00092504308546,0
-0.022357937497884145,-0.01607661397081137,0,1.441787453439556,1.03977788639283,0
-0.022528777160745053,-0.015484579372974856,0,1.490533323589698,1.032615447230731,0
-0.02209609622550361,-0.015395878501775,0,1.52083760122958,1.071187152936917,0
-0.021841368008796314,-0.0157814270359699,0,1.551290815167418,1.109385153671946,0
-0.020068202912834166,-0.013449474523342544,0,1.601682257863473,1.099540359528464,0
-0.016361525304758387,-0.018569718883047082,0,1.635169626883073,1.151616382012288,0
-0.02170624109756476,0.0019137313469203172,0,1.5388304607453596,-1.2315959561210519,0
-0.013125256656431323,0.02450950643040836,0,1.4993387059434995,-1.2531333301774619,0
-0.020903599064083792,0.01598680167548398,0,1.4662898363627936,-1.2097062774389709,0
-0.020598149190495338,0.01743425219654484,0,1.4362801888545995,-1.170131557713056,0
-0.021255250602268013,0.01724683572650071,0,1.4056813628646796,-1.13150889331326,0
-0.021637426400531845,0.017279368829956405,0,1.3745837236801295,-1.092961038993989,0
-0.022019062861729628,0.017308794725931945,0,1.3438173532298416,-1.0540797085920959,0
-0.022410495381300074,0.0173391636530884,0,1.3130555846502745,-1.0152196336265098,0
-0.02282303566670056,0.017389084679427378,0,1.2824961388980125,-0.9772008524625796,0
-0.02328908990796196,0.01744925588807718,0,1.2520776212845806,-0.9386685172308541,0
-0.023821269719904656,0.01753966837405311,0,1.2212340356289766,-0.9002239384997027,0
-0.024442845934349693,0.01766954846773596,0,1.1903396385189156,-0.8616452898421839,0
-0.025185254951675284,0.017839856967255974,0,1.1596041835050916,-0.822759787534362,0
-0.0260712006638101,0.01806335063968028,0,1.1288722858986375,-0.7838470865153422,0
-0.02713217504456767,0.0183500305633032,0,1.0981703627765915,-0.7449331261542017,0
-0.028415565002192163,0.018707218992660788,0,1.0674630612470475,-0.7060440298136837,0
-0.029945549662005022,0.019175263254260947,0,1.0370883386700325,-0.6672421139883854,0
-0.03187471589243138,0.019604956446073348,0,1.0059047240256815,-0.628457307379912,0
-0.03386432582302938,0.020701488099434617,0,0.9734586599499813,-0.5901000355418007,0
-0.03632424253931037,0.022179470828443768,0,0.936128057485337,-0.5517769301698238,0
-0.04810210236496802,0.015714813957357042,0,0.9068094239343709,-0.5137011943355826,0
-0.03728040964880432,0.012172081827479763,0,0.881921263962018,-0.47139673754878353,0
0.003126317360167672,0.016474379411647252,0,1.5460209070286595,-1.268786567957859,0
-0.04448791322771084,-0.029858349543698738,0,0.903989292709529,0.4275550943054304,0
-0.03682515533192296,-0.025406371737039732,0,0.9305459785467523,0.467832911562779,0
-0.03749580034758347,-0.02029310443395882,0,0.9587496398174937,0.5078971467827023,0
-0.035286077168777075,-0.018990977903757277,0,0.9927589581188689,0.5454051006855594,0
-0.032799215705136636,-0.018541972837616945,0,1.025034846964778,0.5832219715065892,0
-0.030904964099764263,-0.018104790651187613,0,1.055680976628214,0.6215807479295326,0
-0.029321399374738728,-0.017731007013529112,0,1.086278648806735,0.660110346307951,0
-0.027984588018141437,-0.017453790339151506,0,1.116524143579755,0.698926294212699,0
-0.02686709101612536,-0.017230700082622095,0,1.147254293236891,0.7378053097650455,0
-0.02592919354058471,-0.017060390167770324,0,1.177943175478028,0.7766946736178231,0
-0.025141586106633907,-0.01693747314743391,0,1.208657720151337,0.8155845120746188,0
-0.024473692864519978,-0.0168486317515222,0,1.239409371562472,0.8544583756322535,0
-0.023904642145253365,-0.0167884455171198,0,1.270272137998335,0.8932423498421282,0
-0.023409212299673954,-0.01675439103838581,0,1.300938180013275,0.9320499721060269,0
-0.02297453967485409,-0.01672784644655374,0,1.331545646556649,0.9700535395640815,0
-0.022578132068833204,-0.01670791667323019,0,1.362172223592501,1.008027093324391,0
-0.022191787991670122,-0.016689865834056034,0,1.392858194668664,1.046918742513806,0
-0.021788820951866437,-0.01667674504158747,0,1.423554048177579,1.085733786522275,0
-0.021974928988279754,-0.016055883636621564,0,1.472367373826658,1.078497981536152,0
-0.02161534665081122,-0.016029351461111098,0,1.503016047339945,1.117178766409958,0
-0.021768463074918473,-0.015401000105229547,0,1.533186006554018,1.154951240642575,0
-0.020916173289820823,-0.017835846484320305,0,1.581658803163281,1.149486590755375,0
-0.02294391511401324,-0.02216173236602772,0,1.606415063464118,1.191398608306882,0
-0.019209270694524428,0.019065537218369517,0,1.4450961056802756,-1.2547487527514258,0
-0.02031084478669551,0.01827347008213163,0,1.4167905016275866,-1.2152428206017958,0
-0.02079465939915772,0.017807642897615755,0,1.3873059271990265,-1.1759398820576639,0
-0.02110387438975474,0.01786373025940031,0,1.3566939108633256,-1.1381324890747588,0
-0.02146128034375752,0.01788821639133713,0,1.3255134555286276,-1.1002002349559228,0
-0.021829409116606302,0.01793216367508657,0,1.2947006750712786,-1.0612567439468203,0
-0.02222563282951001,0.017992970100144976,0,1.2639901261585635,-1.0224264714663105,0
-0.02266136607650322,0.018077418863443974,0,1.2333387617123885,-0.9837053122634674,0
-0.023155207972346208,0.01819838988475457,0,1.2026530697325695,-0.9454225379161181,0
-0.0237244712486509,0.018355429446026077,0,1.1720005014611146,-0.907435522928018,0
-0.024410323246181736,0.018564578487004067,0,1.1412819189335406,-0.8689016698785659,0
-0.02523875796773979,0.018838742161525143,0,1.1105145298528376,-0.829947666843057,0
-0.026250341703682366,0.019157291959055127,0,1.0799691056849616,-0.7908903660962954,0
-0.02744025147109048,0.01959759665556072,0,1.0491298840667835,-0.7520700421140403,0
-0.02890788966753229,0.020133204050153737,0,1.0184274622854586,-0.7131756912586309,0
-0.030723388477990433,0.02076033419539886,0,0.9876834621372893,-0.6743661377210697,0
-0.03268186138421745,0.02176540760455629,0,0.9569884918183369,-0.63559515716035,0
-0.03666366244896901,0.02000269476995443,0,0.9265112606822697,-0.5967194625730229,0
-0.02901105364307096,0.03187830302494864,0,0.8854187084023332,-0.5628629356729581,0
-0.044023384042937,0.040685682961742325,0,0.8577286096775255,-0.5141027447316918,0
-0.02888780320061796,0.015604843991799058,0,1.4668515038325176,-1.2972295096967288,0
-0.023303831553529983,0.03318117992550122,0,1.5144176932427735,-1.3063456856411468,0
-0.03728040965131515,-0.012172081823104508,0,0.8819212639620182,0.4713967375487831,0
-0.04810210236565899,-0.01571481395742818,0,0.9068094239343711,0.5137011943355821,0
-0.036324242539557426,-0.022179470828127823,0,0.9361280574853372,0.5517769301698233,0
-0.033864325823233524,-0.02070148809943861,0,0.9734586599499815,0.5901000355418002,0
-0.031874715892468417,-0.01960495644607452,0,1.005904724025682,0.6284573073799116,0
-0.029945549662032032,-0.019175263254248138,0,1.037088338670033,0.667242113988385,0
-0.02841556500220762,-0.018707218992657215,0,1.067463061247048,0.7060440298136833,0
-0.02713217504457574,-0.018350030563298945,0,1.098170362776592,0.744933126154201,0
-0.02607120066381729,-0.01806335063967575,0,1.128872285898638,0.7838470865153415,0
-0.025185254951680575,-0.017839856967254653,0,1.159604183505092,0.8227597875343613,0
-0.024442845934355282,-0.01766954846773623,0,1.190339638518916,0.8616452898421832,0
-0.023821269719909263,-0.017539668374050542,0,1.221234035628977,0.9002239384997021,0
-0.023289089907966645,-0.01744925588807782,0,1.252077621284581,0.9386685172308534,0
-0.02282303566670224,-0.01738908467942856,0,1.282496138898013,0.9772008524625789,0
-0.022410495381304615,-0.01733916365308804,0,1.313055584650275,1.015219633626509,0
-0.022019062861733607,-0.017308794725931418,0,1.343817353229842,1.054079708592095,0
-0.02163742640053233,-0.017279368829950716,0,1.37458372368013,1.092961038993988,0
-0.02125525060226955,-0.017246835726478945,0,1.40568136286468,1.131508893313259,0
-0.02143454471165875,-0.01651250444695331,0,1.454309247612962,1.124362029709828,0
-0.02074857205545151,-0.016557034385984132,0,1.484902014882384,1.162935118889409,0
-0.019894465008680015,-0.015380769976298246,0,1.514280675926925,1.200068896496551,0
-0.0247973209418043,-0.01686369907090767,0,1.559679832961669,1.19182533109973,0
-0.033622446691715685,-0.00678843819617066,0,1.576692855629302,1.23046318067934,0
-0.02039874079261641,0.018456737213508052,0,1.3957699035847395,-1.25512730188083,0
-0.020314061525925894,0.018565591808833416,0,1.4159628803086406,-1.2941161931655019,0
-0.014832722446424819,0.020527566075132956,0,1.4340531810288055,-1.3321672493269339,0
-0.02180214338964017,0.007724353879308983,0,1.4819022508391175,-1.343117909551487,0
-0.020343773767032874,0.018387980168143667,0,1.3705460330161896,-1.2177970900904989,0
-0.020657445901475682,0.018382005599205126,0,1.3397632023767905,-1.180148122371799,0
-0.020943997529933357,0.018412033586385254,0,1.3075804978989876,-1.1445467533678668,0
-0.021255994368024056,0.018482979515707314,0,1.2765426724420306,-1.1075240274466884,0
-0.021628149994702306,0.018561569378152853,0,1.2460205018494226,-1.0683035269902534,0
-0.02202858078940245,0.018652644209117494,0,1.2150616490964645,-1.0292046391021474,0
-0.022453556081610752,0.01882658910349095,0,1.1832732420570176,-0.9918263606010757,0
-0.022991290306721215,0.019028750505590837,0,1.1525894798096505,-0.9538778719754057,0
-0.023620324105399073,0.01922771199939812,0,1.1228879746071885,-0.9148550177960544,0
-0.024364843964674327,0.01953299442996219,0,1.0921334451713196,-0.8761097144326557,0
-0.02529760567439027,0.019904368638972283,0,1.0638007667577536,-0.8365872251933941,0
-0.02642002472334124,0.020368731073296894,0,1.0316942551894785,-0.7974053266449981,0
-0.027782107529397988,0.02098825021453217,0,1.0007220289983836,-0.7587033262266148,0
-0.02942391567774638,0.021798153958809355,0,0.9691573965762529,-0.720508917784392,0
-0.03161043730448191,0.02259892689921691,0,0.9383748880661854,-0.6817563194080365,0
-0.034116883389219525,0.023630341059572114,0,0.9102342841420918,-0.6434724295602687,0
-0.03648641158804278,0.024813635021021782,0,0.8888238183250659,-0.609270641144163,0
-0.052859892598406316,0.009089320787800165,0,0.8491017720403065,-0.6024251021860325,0
-0.02668429274804,0.008804195709252362,0,0.8314696120142534,-0.5555702334510616,0
-0.04402338404659406,-0.040685682958859104,0,0.8577286096775257,0.5141027447316914,0
-0.029011053646335824,-0.031878303025268624,0,0.8854187084023334,0.5628629356729576,0
-0.03666366244885932,-0.020002694770547846,0,0.92651126068227,0.5967194625730224,0
-0.03268186138429082,-0.021765407604547267,0,0.9569884918183371,0.6355951571603495,0
-0.030723388478013865,-0.020760334195413514,0,0.9876834621372895,0.6743661377210692,0
-0.028907889667551985,-0.02013320405015286,0,1.018427462285459,0.7131756912586305,0
-0.027440251471106125,-0.01959759665555788,0,1.049129884066784,0.7520700421140398,0
-0.026250341703691293,-0.01915729195905121,0,1.079969105684962,0.7908903660962947,0
-0.025238757967745534,-0.01883874216152515,0,1.110514529852838,0.8299476668430563,0
-0.02441032324618606,-0.018564578487004945,0,1.141281918933541,0.8689016698785652,0
-0.023724471248652634,-0.01835542944602497,0,1.172000501461115,0.9074355229280173,0
-0.023155207972351034,-0.01819838988475518,0,1.20265306973257,0.9454225379161174,0
-0.02266136607650766,-0.018077418863444904,0,1.233338761712389,0.9837053122634667,0
-0.022225632829512967,-0.01799297010014522,0,1.263990126158564,1.02242647146631,0
-0.021829409116608793,-0.01793216367508796,0,1.294700675071279,1.06125674394682,0
-0.02146128034375972,-0.017888216391337863,0,1.325513455528628,1.100200234955922,0
-0.02110387438974489,-0.017863730259398122,0,1.356693910863326,1.138132489074758,0
-0.020794659399125358,-0.017807642897599965,0,1.387305927199027,1.175939882057663,0
-0.020598149190469227,-0.01743425219648246,0,1.4362801888546,1.170131557713055,0
-0.020903599064084587,-0.015986801675052432,0,1.466289836362794,1.20970627743897,0
-0.013125256655472525,-0.02450950642941413,0,1.4993387059435,1.253133330177461,0
-0.021706241098178414,-0.0019137313447526606,0,1.53883046074536,1.231595956121051,0
0.003126317360951983,-0.01647437940847438,0,1.54602090702866,1.268786567957858,0
-0.019738868817333045,0.01884730036021889,0,1.3627062966573875,-1.292803663796984,0
-0.020085339865310838,0.018963747446348763,0,1.3913002910681185,-1.332620681540113,0
-0.02378455418908366,0.01548993744654634,0,1.4137237695628766,-1.36410456120847,0
-0.02062333339852163,0.023329970317649263,0,1.4484941659090496,-1.37908108946771,0
-0.020107624537067745,0.01876863185133066,0,1.3578554465306536,-1.2545290474322528,0
-0.020269325416347756,0.018771692591813594,0,1.3272377574731975,-1.220703569410262,0
-0.020472147442320586,0.018848139677281793,0,1.2930438374665656,-1.1850054935467536,0
-0.020720055868224944,0.018969065422313053,0,1.2612326793511746,-1.1508934126061734,0
-0.021011888429881564,0.01907728544944143,0,1.2286978455988204,-1.1138145911334165,0
-0.021381094798504075,0.019213557102747976,0,1.1980425907076855,-1.0742707229086566,0
-0.02175504659486245,0.019417825928833406,0,1.1638414457043695,-1.0377908299233853,0
-0.022230833826839966,0.019660034796475465,0,1.1301329393687425,-1.0023575096202184,0
-0.022811728139881658,0.01985965387098184,0,1.1045891516312725,-0.9613702829909503,0
-0.023512146701794422,0.020060765671256062,0,1.0786828492309446,-0.9225103656827297,0
-0.024269910805557668,0.020438690301824314,0,1.0497777463708255,-0.8860181591927341,0
-0.02528501292019031,0.020988205399676933,0,1.0193124739850625,-0.8472118044562811,0
-0.02654486631898816,0.021645433422797285,0,0.9863205163877231,-0.8045138581986393,0
-0.02803908447252502,0.022581289511659174,0,0.9519444206344143,-0.767368790128495,0
-0.029893458069829897,0.02386426149832657,0,0.9191631266426115,-0.7308983563867075,0
-0.03242058218265456,0.025475115456268148,0,0.8828824922109068,-0.6932460691234077,0
-0.03569314472291347,0.026362115069480996,0,0.8646284560488969,-0.6464138720581948,0
-0.03395725489766079,0.04739376643227353,0,0.8199934384707415,-0.6399643707553332,0
-0.06794377614072376,0.03532130337662467,0,0.8032075312539579,-0.5956993047980855,0
-0.02668429274741524,-0.008804195718821807,0,0.8314696120142536,0.5555702334510612,0
-0.05285989259249683,-0.00908932079170846,0,0.8491017720403067,0.6024251021860321,0
-0.03648641158754564,-0.02481363502099543,0,0.8888238183250661,0.6092706411441625,0
-0.034116883389110036,-0.02363034105959608,0,0.9102342841420921,0.6434724295602683,0
-0.031610437304492645,-0.022598926899229734,0,0.9383748880661856,0.681756319408036,0
-0.02942391567776552,-0.021798153958811985,0,0.9691573965762533,0.7205089177843915,0
-0.027782107529412108,-0.020988250214535358,0,1.000722028998384,0.7587033262266144,0
-0.026420024723350033,-0.02036873107329793,0,1.031694255189479,0.7974053266449976,0
-0.02529760567439939,-0.019904368638971923,0,1.063800766757754,0.8365872251933937,0
-0.024364843964683452,-0.019532994429963195,0,1.09213344517132,0.8761097144326551,0
-0.023620324105406536,-0.01922771199939651,0,1.122887974607189,0.9148550177960537,0
-0.0229912903067257,-0.019028750505591555,0,1.152589479809651,0.9538778719754051,0
-0.022453556081614156,-0.018826589103493215,0,1.183273242057018,0.991826360601075,0
-0.022028580789406806,-0.018652644209117216,0,1.215061649096465,1.029204639102147,0
-0.021628149994706216,-0.018561569378154032,0,1.246020501849423,1.068303526990253,0
-0.02125599436802606,-0.018482979515710266,0,1.276542672442031,1.107524027446688,0
-0.020943997529933492,-0.018412033586391156,0,1.307580497898988,1.144546753367866,0
-0.020657445901460982,-0.01838200559921929,0,1.339763202376791,1.180148122371798,0
-0.020343773766979545,-0.01838798016819651,0,1.37054603301619,1.217797090090498,0
-0.020310844786555916,-0.018273470082058346,0,1.416790501627587,1.215242820601795,0
-0.019209270694015883,-0.019065537218472824,0,1.445096105680276,1.254748752751425,0
-0.028887803199515092,-0.015604843991071033,0,1.466851503832518,1.297229509696728,0
-0.02330383155157933,-0.03318117992496919,0,1.514417693242774,1.306345685641146,0
-0.01943100753438072,0.01943100753446948,0,1.3081475451948055,-1.3081475451948068,0
-0.01987177156083556,0.01910665367371579,0,1.3211105335975055,-1.2599334939023499,0
-0.020030749259909903,0.01922332167935798,0,1.2851171388757485,-1.2255534180193184,0
-0.020213707334802686,0.019366806971011202,0,1.2497707904730475,-1.1941302515851955,0
-0.02044602438289208,0.01952490141366624,0,1.2151934864364755,-1.1585950273465915,0
-0.020739511566189802,0.019705838306755555,0,1.1800151818520885,-1.1213390154710905,0
-0.02108282526522839,0.019939115186824105,0,1.1443210032213655,-1.0831088974383654,0
-0.021473875396437865,0.02029074913311884,0,1.1089564630933055,-1.0477192195237583,0
-0.021998317235460092,0.020573260295139263,0,1.0759837726798636,-1.0052139531441084,0
-0.02282061454415769,0.020491352106321952,0,1.0665298470616056,-0.9597710319208204,0
-0.023347311012902536,0.02091442410435763,0,1.0398384241686516,-0.9316621481000644,0
-0.024100342917503473,0.021422302020796022,0,1.0079905199259926,-0.8992448682242826,0
-0.025164667935231904,0.022064510278459796,0,0.9769417357602939,-0.8570679705444985,0
-0.026435364712689566,0.022978539815185453,0,0.942443683292193,-0.8204930068773177,0
-0.02786194843630159,0.024114854099201503,0,0.9079388928728449,-0.7865824468356316,0
-0.02967148209076244,0.025505132524559677,0,0.8742064999042057,-0.7520179854041951,0
-0.03145880500320176,0.028579561592850928,0,0.8334580074997097,-0.7162510893551987,0
-0.03338288306131577,0.02523215406363983,0,0.7932012235640863,-0.6823007305662934,0
-0.03450968268764289,0.027941614930528092,0,0.8388327235588683,-0.6756352263716856,0
-0.019284785137099775,0.019284785137473823,0,1.3435028842542645,-1.343502884254265,0
-0.01760361301620158,0.01760361301706139,0,1.3788582233136795,-1.3788582233136808,0
-0.016687640764605806,0.016687640767967374,0,1.414213562373094,-1.4142135623730958,0
-0.017428959729867455,0.040708567676043535,0,0.7730104532336319,-0.6343932843209605,0
-0.06794377613258012,-0.03532130336939251,0,0.8032075312539582,0.5956993047980851,0
-0.03395725490087786,-0.04739376642542434,0,0.8199934384707417,0.6399643707553327,0
-0.03569314472302943,-0.026362115069216964,0,0.8646284560488972,0.6464138720581943,0
-0.03242058218273885,-0.025475115456212852,0,0.8828824922109072,0.6932460691234072,0
-0.02989345806984577,-0.023864261498332432,0,0.9191631266426119,0.7308983563867071,0
-0.02803908447254264,-0.02258128951166876,0,0.9519444206344148,0.7673687901284946,0
-0.026544866318997953,-0.021645433422802087,0,0.9863205163877236,0.8045138581986389,0
-0.025285012920195672,-0.020988205399679095,0,1.019312473985063,0.8472118044562806,0
-0.02426991080556288,-0.020438690301824193,0,1.049777746370826,0.8860181591927336,0
-0.023512146701801295,-0.02006076567125581,0,1.078682849230945,0.922510365682729,0
-0.022811728139887282,-0.019859653870984515,0,1.104589151631273,0.9613702829909496,0
-0.022230833826844855,-0.019660034796474976,0,1.130132939368743,1.002357509620218,0
-0.021755046594868547,-0.019417825928830994,0,1.16384144570437,1.037790829923385,0
-0.021381094798509588,-0.019213557102749322,0,1.198042590707686,1.074270722908656,0
-0.021011888429887767,-0.01907728544944385,0,1.228697845598821,1.113814591133416,0
-0.020720055868230076,-0.018969065422317796,0,1.261232679351175,1.150893412606173,0
-0.020472147442325533,-0.018848139677297773,0,1.293043837466566,1.185005493546753,0
-0.020269325416348863,-0.01877169259185349,0,1.327237757473198,1.220703569410261,0
-0.020107624537029176,-0.01876863185145672,0,1.357855446530654,1.254529047432252,0
-0.02039874079244999,-0.018456737213650595,0,1.39576990358474,1.255127301880829,0
-0.02031406152562708,-0.01856559180929927,0,1.415962880308641,1.294116193165501,0
-0.014832722444899566,-0.020527566078353217,0,1.434053181028806,1.332167249326933,0
-0.021802143385508038,-0.007724353881816027,0,1.481902250839118,1.343117909551486,0
-0.01955885513039733,0.01955885513041703,0,1.2727922061353776,-1.2727922061353785,0
-0.019729401251784174,0.019729401251794478,0,1.2374368670759757,-1.2374368670759754,0
-0.01990729742760896,0.019907297427613272,0,1.2020815280165076,-1.2020815280165085,0
-0.020125691390525995,0.020125691390529245,0,1.1667261889570795,-1.1667261889570804,0
-0.02038183635244621,0.020381836352449913,0,1.1313708498976425,-1.1313708498976434,0
-0.020700410114189525,0.020700410114192557,0,1.0960155108382275,-1.0960155108382283,0
-0.021035681613528062,0.021035681613531115,0,1.0606601717788346,-1.0606601717788344,0
-0.021559169515347754,0.021559169515350852,0,1.0253048327196095,-1.0253048327196104,0
-0.022378878200216168,0.021205586039140155,0,1.0335550375972975,-0.9780984096862496,0
-0.02307316296856698,0.02181286151954967,0,0.9997839729035378,-0.9441475346320696,0
-0.023888860604549995,0.02247443084000519,0,0.9655136764949123,-0.9074877267618234,0
-0.024975930196375572,0.023339997884433007,0,0.9321043376152132,-0.870883925663483,0
-0.026234985175538086,0.024473828685035365,0,0.8964934793802919,-0.8358683332186897,0
-0.027767835477960814,0.025896436815020272,0,0.8611652052225958,-0.8004775023187745,0
-0.029720239039346227,0.02752157457003813,0,0.826003696343122,-0.764956643998985,0
-0.03150694458602957,0.029466526324591576,0,0.790758411560208,-0.7295211679907532,0
-0.03633210045445718,0.03167160032374997,0,0.7573438645274828,-0.7066264541838527,0
-0.03984820953497523,0.023340067152900417,0,0.7409511253169007,-0.6715589548890095,0
-0.01884730036038492,0.019738868817595057,0,1.292803663796983,-1.3627062966573882,0
-0.01896374744653199,0.020085339866148997,0,1.3326206815401112,-1.3913002910681196,0
-0.015489937446402958,0.023784554192115562,0,1.3641045612084683,-1.4137237695628777,0
-0.023329970318676525,0.020623333402753803,0,1.3790810894677084,-1.4484941659090507,0
-0.019106653673728616,0.019871771560913118,0,1.2599334939023488,-1.3211105335975062,0
-0.017428959741134627,-0.04070856767294316,0,0.7730104532336322,0.6343932843209601,0
-0.03338288306353215,-0.025232154067108412,0,0.7932012235640865,0.6823007305662929,0
-0.03145880500340221,-0.028579561592806287,0,0.8334580074997101,0.7162510893551982,0
-0.029671482090813446,-0.02550513252464902,0,0.8742064999042062,0.7520179854041946,0
-0.027861948436306693,-0.02411485409921509,0,0.9079388928728453,0.7865824468356312,0
-0.02643536471269747,-0.022978539815194432,0,0.9424436832921934,0.8204930068773173,0
-0.025164667935241438,-0.022064510278463848,0,0.9769417357602943,0.857067970544498,0
-0.02410034291750721,-0.02142230202079817,0,1.007990519925993,0.8992448682242822,0
-0.023347311012907462,-0.020914424104359952,0,1.039838424168652,0.931662148100064,0
-0.022820614544160404,-0.02049135210632685,0,1.066529847061606,0.9597710319208199,0
-0.0219983172354638,-0.02057326029513955,0,1.075983772679864,1.005213953144108,0
-0.021473875396440547,-0.020290749133118697,0,1.108956463093306,1.047719219523758,0
-0.02108282526523309,-0.019939115186823758,0,1.144321003221366,1.083108897438365,0
-0.020739511566197175,-0.019705838306756016,0,1.180015181852089,1.12133901547109,0
-0.020446024382899865,-0.019524901413668378,0,1.215193486436476,1.158595027346591,0
-0.02021370733481509,-0.019366806971018797,0,1.249770790473048,1.194130251585195,0
-0.020030749259928045,-0.019223321679376786,0,1.285117138875749,1.225553418019318,0
-0.019871771560898456,-0.019106653673768532,0,1.321110533597506,1.259933493902349,0
-0.01973886881743409,-0.018847300360464458,0,1.362706296657388,1.292803663796983,0
-0.02008533986577109,-0.018963747447008246,0,1.391300291068119,1.332620681540112,0
-0.023784554193085145,-0.015489937446710624,0,1.413723769562877,1.364104561208469,0
-0.020623333400802087,-0.023329970322378383,0,1.44849416590905,1.379081089467709,0
-0.03450968268753167,-0.027941614930371703,0,0.8388327235588685,0.6756352263716852,0
-0.01922332167935778,0.020030749259926737,0,1.2255534180193177,-1.2851171388757492,0
-0.019366806971008593,0.02021370733481175,0,1.194130251585195,-1.2497707904730482,0
-0.019524901413662706,0.020446024382897554,0,1.1585950273465906,-1.2151934864364764,0
-0.019705838306752568,0.02073951156619383,0,1.1213390154710896,-1.1800151818520892,0
-0.019939115186821215,0.02108282526523067,0,1.0831088974383647,-1.1443210032213662,0
-0.020290749133118277,0.021473875396440033,0,1.0477192195237577,-1.1089564630933062,0
-0.02057326029513844,0.021998317235461994,0,1.0052139531441076,-1.0759837726798642,0
-0.02120558603914171,0.02237887820021891,0,0.9780984096862491,-1.0335550375972982,0
-0.02209073707937685,0.022090737079377636,0,0.989949493660392,-0.9899494936603928,0
-0.022809046543248654,0.02280904654324748,0,0.9545941546011264,-0.9545941546011272,0
-0.02366470602803845,0.02366470602804064,0,0.9192388155419368,-0.9192388155419375,0
-0.02474573983909295,0.024745739839104868,0,0.8838834764827449,-0.8838834764827457,0
-0.02607898811972634,0.026078988119751047,0,0.8485281374235487,-0.8485281374235495,0
-0.02773505483790058,0.027735054837976655,0,0.8131727983643525,-0.8131727983643533,0
-0.029626827382360783,0.029626827382635175,0,0.7778174593051195,-0.7778174593051203,0
-0.0334924374074189,0.03349243740781088,0,0.7424621202458409,-0.7424621202458417,0
-0.03551994876197056,0.035519948764402565,0,0.7071067811865471,-0.7071067811865479,0
-0.018565591809409802,0.020314061525913443,0,1.2941161931655003,-1.4159628803086415,0
-0.018456737213771578,0.020398740792539068,0,1.2551273018808287,-1.3957699035847402,0
-0.01876863185142218,0.020107624537074313,0,1.2545290474322517,-1.3578554465306543,0
-0.018771692591843556,0.020269325416363466,0,1.2207035694102608,-1.3272377574731982,0
-0.02052756607741259,0.014832722447974293,0,1.3321672493269323,-1.4340531810288066,0
-0.0077243538849060015,0.021802143388519015,0,1.3431179095514854,-1.4819022508391186,0
-0.039848209529946145,-0.023340067164145103,0,0.7409511253169009,0.6715589548890091,0
-0.03633210044888933,-0.03167160032759343,0,0.7573438645274833,0.7066264541838523,0
-0.03150694458602928,-0.029466526325085892,0,0.7907584115602084,0.7295211679907527,0
-0.029720239039159123,-0.027521574570157647,0,0.8260036963431224,0.7649566439989846,0
-0.027767835477970328,-0.025896436815041057,0,0.8611652052225962,0.800477502318774,0
-0.026234985175534485,-0.02447382868504799,0,0.8964934793802923,0.8358683332186893,0
-0.02497593019637661,-0.02333999788443737,0,0.9321043376152136,0.8708839256634826,0
-0.023888860604556264,-0.022474430840007855,0,0.9655136764949127,0.907487726761823,0
-0.023073162968571075,-0.02181286151955367,0,0.9997839729035383,0.9441475346320691,0
-0.02237887820022059,-0.02120558603914413,0,1.033555037597298,0.9780984096862492,0
-0.021559169515351938,-0.021559169515349714,0,1.02530483271961,1.02530483271961,0
-0.02103568161353241,-0.021035681613530567,0,1.060660171778835,1.060660171778834,0
-0.020700410114192,-0.02070041011419259,0,1.096015510838228,1.096015510838228,0
-0.02038183635245069,-0.020381836352448543,0,1.131370849897643,1.131370849897643,0
-0.020125691390534037,-0.02012569139053015,0,1.16672618895708,1.16672618895708,0
-0.019907297427620905,-0.019907297427612845,0,1.202081528016508,1.202081528016508,0
-0.01972940125180647,-0.01972940125179372,0,1.237436867075976,1.237436867075975,0
-0.019558855130443427,-0.019558855130424813,0,1.272792206135378,1.272792206135378,0
-0.019431007534505,-0.019431007534479006,0,1.308147545194806,1.308147545194806,0
-0.0192847851375603,-0.019284785137471932,0,1.343502884254265,1.343502884254264,0
-0.017603613016860635,-0.017603613016674974,0,1.37885822331368,1.37885822331368,0
-0.01668764076689887,-0.01668764076605797,0,1.414213562373095,1.414213562373095,0
-0.01884813967728678,0.02047214744232611,0,1.1850054935467529,-1.2930438374665663,0
-0.018382005599211933,0.02065744590146371,0,1.180148122371798,-1.3397632023767911,0
-0.018387980168215603,0.020343773766993287,0,1.217797090090498,-1.3705460330161903,0
-0.018273470082118846,0.020310844786505435,0,1.2152428206017942,-1.4167905016275872,0
-0.019065537218747968,0.019209270693972016,0,1.2547487527514245,-1.4450961056802762,0
-0.015604843993758817,0.028887803198825012,0,1.2972295096967272,-1.4668515038325183,0
-0.03318117992666231,0.02330383154852398,0,1.3063456856411453,-1.5144176932427742,0
-0.01896906542231065,0.020720055868230582,0,1.1508934126061727,-1.2612326793511754,0
-0.01907728544943928,0.021011888429887417,0,1.1138145911334159,-1.2286978455988211,0
-0.01921355710274609,0.02138109479850787,0,1.0742707229086559,-1.1980425907076864,0
-0.019417825928829978,0.02175504659486637,0,1.037790829923385,-1.1638414457043702,0
-0.01966003479647496,0.02223083382684311,0,1.002357509620218,-1.1301329393687432,0
-0.01985965387098438,0.022811728139882775,0,0.9613702829909492,-1.1045891516312734,0
-0.020491352106324447,0.022820614544157396,0,0.9597710319208199,-1.0665298470616065,0
-0.020914424104357305,0.023347311012903237,0,0.9316621481000638,-1.0398384241686522,0
-0.02181286151954851,0.023073162968568064,0,0.9441475346320689,-0.9997839729035386,0
-0.022474430840000975,0.023888860604550734,0,0.9074877267618228,-0.965513676494913,0
-0.023339997884421683,0.024975930196374087,0,0.8708839256634824,-0.9321043376152139,0
-0.024473828685014683,0.026234985175537115,0,0.8358683332186891,-0.8964934793802927,0
-0.025896436814947195,0.027767835477962056,0,0.8004775023187738,-0.8611652052225965,0
-0.027521574569890055,0.029720239039280266,0,0.7649566439989844,-0.8260036963431228,0
-0.029466526324057007,0.0315069445859786,0,0.7295211679907525,-0.7907584115602088,0
-0.03167160032140457,0.03633210045454175,0,0.7066264541838521,-0.7573438645274836,0
-0.023340067151537757,0.03984820953284369,0,0.6715589548890087,-0.7409511253169012,0
-0.035519948758416,-0.03551994875802962,0,0.7071067811865476,0.7071067811865475,0
-0.03349243740397706,-0.03349243740491301,0,0.7424621202458414,0.7424621202458412,0
-0.02962682738242903,-0.029626827382605716,0,0.7778174593051199,0.7778174593051198,0
-0.027735054837829825,-0.027735054837928774,0,0.813172798364353,0.8131727983643529,0
-0.026078988119716054,-0.02607898811975649,0,0.8485281374235492,0.848528137423549,0
-0.02474573983909413,-0.024745739839106825,0,0.8838834764827453,0.8838834764827452,0
-0.023664706028037382,-0.023664706028043735,0,0.9192388155419372,0.9192388155419371,0
-0.022809046543251856,-0.02280904654325336,0,0.9545941546011268,0.9545941546011267,0
-0.022090737079381723,-0.02209073707937991,0,0.9899494936603924,0.9899494936603923,0
-0.021205586039142355,-0.02237887820021805,0,0.9780984096862495,1.0335550375972977,0
-0.020573260295141758,-0.02199831723546308,0,1.005213953144108,1.0759837726798638,0
-0.020290749133120792,-0.02147387539644027,0,1.0477192195237581,1.1089564630933058,0
-0.019939115186824723,-0.021082825265229088,0,1.0831088974383651,1.1443210032213658,0
-0.019705838306758275,-0.020739511566193327,0,1.12133901547109,1.1800151818520888,0
-0.01952490141366974,-0.02044602438289228,0,1.158595027346591,1.215193486436476,0
-0.019366806971022797,-0.020213707334803478,0,1.1941302515851955,1.2497707904730477,0
-0.019223321679385147,-0.020030749259908723,0,1.2255534180193182,1.2851171388757487,0
-0.019106653673783246,-0.019871771560867973,0,1.2599334939023492,1.3211105335975057,0
-0.018847300360458633,-0.019738868817385142,0,1.2928036637969835,1.3627062966573877,0
-0.018963747446938864,-0.020085339865720513,0,1.332620681540112,1.3913002910681187,0
-0.015489937446597015,-0.023784554192423233,0,1.3641045612084692,1.4137237695628768,0
-0.023329970322050874,-0.020623333399870523,0,1.3790810894677092,1.4484941659090498,0
-0.01841203358638346,0.020943997529933547,0,1.144546753367866,-1.3075804978989882,0
-0.018482979515705877,0.02125599436802705,0,1.1075240274466878,-1.2765426724420315,0
-0.01856156937814934,0.021628149994707902,0,1.068303526990253,-1.2460205018494233,0
-0.01865264420911468,0.022028580789408145,0,1.0292046391021468,-1.2150616490964652,0
-0.018826589103493295,0.022453556081613864,0,0.9918263606010744,-1.1832732420570184,0
-0.01902875050559301,0.022991290306725615,0,0.9538778719754051,-1.1525894798096512,0
-0.019227711999399037,0.023620324105401644,0,0.9148550177960535,-1.1228879746071891,0
-0.020060765671254616,0.023512146701795137,0,0.9225103656827287,-1.0786828492309453,0
-0.020438690301824762,0.024269910805555787,0,0.8860181591927334,-1.0497777463708262,0
-0.021422302020794416,0.024100342917502647,0,0.899244868224282,-1.0079905199259933,0
-0.022064510278456573,0.02516466793522736,0,0.8570679705444977,-0.9769417357602946,0
-0.022978539815175635,0.026435364712676292,0,0.8204930068773169,-0.9424436832921937,0
-0.024114854099179538,0.027861948436270767,0,0.786582446835631,-0.9079388928728456,0
-0.02550513252453265,0.0296714820906637,0,0.7520179854041945,-0.8742064999042065,0
-0.02857956159252418,0.0314588050030487,0,0.716251089355198,-0.8334580074997104,0
-0.025232154064134395,0.03338288306000842,0,0.6823007305662926,-0.7932012235640868,0
-0.04070856767614284,0.017428959729935942,0,0.6343932843209599,-0.7730104532336325,0
-0.01786373025938654,0.02110387438974675,0,1.1381324890747577,-1.3566939108633265,0
-0.017807642897601464,0.02079465939910489,0,1.1759398820576625,-1.3873059271990271,0
-0.017434252196412505,0.020598149190431365,0,1.1701315577130544,-1.4362801888546002,0
-0.015986801675145705,0.02090359906367709,0,1.209706277438969,-1.4662898363627943,0
-0.024509506428947433,0.013125256654920824,0,1.2531333301774605,-1.4993387059435002,0
-0.016474379409512966,-0.0031263173617186012,0,1.2687865679578578,-1.5460209070286601,0
-0.031671600328503594,-0.03633210044909684,0,0.7066264541838525,0.7573438645274831,0
-0.023340067158704063,-0.039848209535001976,0,0.6715589548890092,0.7409511253169008,0
-0.02946652632451674,-0.031506944586254526,0,0.729521167990753,0.7907584115602083,0
-0.0275215745698198,-0.029720239039182497,0,0.7649566439989849,0.8260036963431223,0
-0.02589643681497814,-0.027767835477946826,0,0.8004775023187742,0.8611652052225961,0
-0.02447382868501238,-0.026234985175536803,0,0.8358683332186896,0.8964934793802922,0
-0.023339997884425943,-0.024975930196374323,0,0.8708839256634828,0.9321043376152135,0
-0.02247443084000382,-0.023888860604552958,0,0.9074877267618232,0.9655136764949126,0
-0.02181286151955337,-0.023073162968571172,0,0.9441475346320694,0.9997839729035382,0
-0.02091442410436117,-0.02334731101290534,0,0.9316621481000642,1.0398384241686518,0
-0.020491352106325238,-0.022820614544157753,0,0.9597710319208204,1.066529847061606,0
-0.019859653870985282,-0.022811728139884354,0,0.9613702829909496,1.104589151631273,0
-0.019660034796478217,-0.02223083382684344,0,1.0023575096202184,1.1301329393687427,0
-0.019417825928831168,-0.02175504659486382,0,1.0377908299233853,1.1638414457043698,0
-0.019213557102749607,-0.021381094798506264,0,1.0742707229086563,1.198042590707686,0
-0.01907728544944302,-0.021011888429883552,0,1.1138145911334163,1.2286978455988207,0
-0.018969065422316158,-0.020720055868222183,0,1.1508934126061732,1.261232679351175,0
-0.018848139677295633,-0.020472147442309716,0,1.1850054935467533,1.2930438374665658,0
-0.018771692591855127,-0.020269325416323394,0,1.2207035694102613,1.3272377574731977,0
-0.018768631851471533,-0.020107624536987185,0,1.2545290474322521,1.3578554465306538,0
-0.018456737213643038,-0.020398740792464894,0,1.2551273018808295,1.3957699035847397,0
-0.01856559180932843,-0.02031406152561634,0,1.2941161931655012,1.415962880308641,0
-0.02052756607789324,-0.014832722444370162,0,1.3321672493269332,1.4340531810288057,0
-0.007724353879052627,-0.021802143387328363,0,1.3431179095514862,1.4819022508391178,0
-0.017888216391330262,0.021461280343763912,0,1.100200234955922,-1.3255134555286283,0
-0.01793216367508381,0.021829409116612082,0,1.06125674394682,-1.2947006750712795,0
-0.017992970100144737,0.022225632829514168,0,1.0224264714663096,-1.2639901261585642,0
-0.018077418863447152,0.022661366076507358,0,0.983705312263466,-1.2333387617123892,0
-0.0181983898847556,0.023155207972349552,0,0.9454225379161167,-1.2026530697325701,0
-0.018355429446026573,0.02372447124865488,0,0.9074355229280171,-1.1720005014611155,0
-0.018564578487004983,0.024410323246183915,0,0.8689016698785648,-1.1412819189335413,0
-0.019532994429964864,0.02436484396467587,0,0.8761097144326548,-1.0921334451713203,0
-0.019904368638974032,0.025297605674390013,0,0.8365872251933937,-1.0638007667577543,0
-0.020988205399677193,0.025285012920185566,0,0.8472118044562804,-1.0193124739850634,0
-0.02164543342279801,0.026544866318977945,0,0.8045138581986386,-0.986320516387724,0
-0.022581289511664812,0.028039084472500305,0,0.7673687901284942,-0.9519444206344152,0
-0.023864261498324414,0.029893458069778785,0,0.7308983563867069,-0.9191631266426123,0
-0.02547511545634225,0.03242058218246745,0,0.6932460691234071,-0.8828824922109075,0
-0.02794161493074612,0.03450968268717859,0,0.675635226371685,-0.8388327235588688,0
-0.04739376643053785,0.03395725489744958,0,0.6399643707553326,-0.819993438470742,0
-0.03532130337842827,0.06794377613571252,0,0.5956993047980847,-0.8032075312539583,0
-0.017279368829938517,0.02163742640054295,0,1.0929610389939879,-1.3745837236801302,0
-0.017246835726445826,0.021255250602268228,0,1.1315088933132582,-1.4056813628646805,0
-0.016512504446891143,0.0214345447116773,0,1.1243620297098276,-1.4543092476129624,0
-0.016557034385669182,0.020748572055427152,0,1.1629351188894084,-1.4849020148823842,0
-0.015380769975799962,0.019894465008408916,0,1.2000688964965502,-1.5142806759269254,0
-0.0019137313447316466,0.021706241095567277,0,1.2315959561210503,-1.5388304607453605,0
-0.006788438193254646,0.03362244668892879,0,1.2304631806793394,-1.5766928556293023,0
-0.025232154062601625,-0.03338288306314584,0,0.682300730566293,0.7932012235640864,0
-0.028579561592941866,-0.03145880500267793,0,0.7162510893551984,0.83345800749971,0
-0.025505132524511576,-0.02967148209073852,0,0.752017985404195,0.8742064999042061,0
-0.024114854099188104,-0.02786194843625629,0,0.7865824468356315,0.9079388928728451,0
-0.022978539815184,-0.026435364712678416,0,0.8204930068773173,0.9424436832921933,0
-0.02206451027845969,-0.025164667935230832,0,0.8570679705444981,0.9769417357602942,0
-0.02142230202079846,-0.02410034291750565,0,0.8992448682242824,1.0079905199259929,0
-0.020438690301827277,-0.02426991080556045,0,0.8860181591927339,1.0497777463708258,0
-0.020060765671258078,-0.023512146701796372,0,0.9225103656827291,1.0786828492309448,0
-0.01922771199940087,-0.02362032410540367,0,0.9148550177960539,1.1228879746071887,0
-0.01902875050559359,-0.02299129030672538,0,0.9538778719754055,1.1525894798096508,0
-0.01882658910349475,-0.02245355608161409,0,0.9918263606010751,1.183273242057018,0
-0.018652644209114545,-0.022028580789407216,0,1.0292046391021472,1.2150616490964647,0
-0.018561569378151503,-0.021628149994704977,0,1.0683035269902534,1.2460205018494228,0
-0.01848297951570635,-0.021255994368019972,0,1.1075240274466882,1.276542672442031,0
-0.01841203358638183,-0.020943997529920065,0,1.1445467533678664,1.3075804978989878,0
-0.018382005599214095,-0.02065744590143567,0,1.1801481223717984,1.3397632023767907,0
-0.018387980168190435,-0.02034377376693299,0,1.2177970900904984,1.3705460330161898,0
-0.018273470082125286,-0.02031084478643955,0,1.2152428206017951,1.4167905016275868,0
-0.019065537218686777,-0.01920927069373146,0,1.2547487527514254,1.4450961056802758,0
-0.015604843991015657,-0.02888780320170113,0,1.2972295096967281,1.4668515038325178,0
-0.033181179929798243,-0.023303831551160274,0,1.3063456856411462,1.5144176932427738,0
-0.04070856767177697,-0.01742895973212561,0,0.6343932843209603,0.773010453233632,0
-0.017308794725927102,0.022019062861741816,0,1.0540797085920948,-1.3438173532298423,0
-0.01733916365308944,0.022410495381308602,0,1.0152196336265085,-1.3130555846502752,0
-0.01738908467943101,0.022823035666703934,0,0.9772008524625782,-1.2824961388980134,0
-0.017449255888078368,0.023289089907966007,0,0.9386685172308529,-1.2520776212845814,0
-0.017539668374055156,0.023821269719907605,0,0.9002239384997017,-1.2212340356289775,0
-0.01766954846773906,0.02444284593435234,0,0.8616452898421829,-1.1903396385189162,0
-0.017839856967260263,0.025185254951676537,0,0.8227597875343609,-1.1596041835050925,0
-0.018838742161526957,0.025238757967742366,0,0.8299476668430561,-1.1105145298528383,0
-0.019157291959058645,0.026250341703682217,0,0.7908903660962945,-1.0799691056849623,0
-0.02036873107329892,0.026420024723335836,0,0.7974053266449974,-1.0316942551894792,0
-0.02098825021454462,0.027782107529389134,0,0.7587033262266141,-1.0007220289983842,0
-0.02179815395884001,0.02942391567772705,0,0.7205089177843912,-0.9691573965762538,0
-0.022598926899317945,0.03161043730443684,0,0.6817563194080359,-0.938374888066186,0
-0.023630341059783108,0.03411688338925389,0,0.6434724295602681,-0.9102342841420924,0
-0.026362115069800664,0.03569314472264436,0,0.6464138720581941,-0.8646284560488975,0
-0.009089320792020282,0.052859892597150696,0,0.6024251021860318,-0.8491017720403068,0
-0.008804195711439327,0.026684292752620985,0,0.5555702334510609,-0.8314696120142538,0
-0.016676745041564044,0.0217888209518984,0,1.0857337865222743,-1.4235540481775792,0
-0.01668986583405485,0.022191787991686977,0,1.0469187425138056,-1.3928581946686642,0
-0.016055883636609446,0.021974928988343665,0,1.0784979815361513,-1.4723673738266583,0
-0.01602935146098747,0.02161534665108173,0,1.1171787664099577,-1.5030160473399452,0
-0.015401000104746446,0.021768463075191126,0,1.1549512406425744,-1.5331860065540182,0
-0.016863699068546564,0.024797320941328027,0,1.1918253310997295,-1.5596798329616695,0
-0.022161732359452346,0.022943915118501593,0,1.1913986083068813,-1.6064150634641183,0
-0.02794161493050824,-0.03450968268714235,0,0.6756352263716855,0.8388327235588684,0
-0.025475115456288493,-0.03242058218250817,0,0.6932460691234076,0.8828824922109071,0
-0.02386426149836325,-0.029893458069750516,0,0.7308983563867073,0.9191631266426119,0
-0.022581289511671473,-0.02803908447250684,0,0.7673687901284947,0.9519444206344148,0
-0.02164543342280602,-0.026544866318979645,0,0.8045138581986391,0.9863205163877236,0
-0.02098820539967985,-0.02528501292018779,0,0.8472118044562809,1.019312473985063,0
-0.019904368638976613,-0.02529760567439329,0,0.8365872251933941,1.0638007667577538,0
-0.01953299442996775,-0.024364843964675996,0,0.8761097144326553,1.0921334451713198,0
-0.018564578487007617,-0.024410323246187072,0,0.8689016698785652,1.1412819189335408,0
-0.018355429446027412,-0.023724471248654563,0,0.9074355229280178,1.172000501461115,0
-0.018198389884757034,-0.02315520797235116,0,0.9454225379161174,1.2026530697325697,0
-0.018077418863445185,-0.022661366076507025,0,0.9837053122634667,1.2333387617123888,0
-0.017992970100143994,-0.022225632829513793,0,1.02242647146631,1.2639901261585638,0
-0.017932163675082012,-0.02182940911660758,0,1.0612567439468203,1.294700675071279,0
-0.017888216391326088,-0.02146128034375488,0,1.1002002349559223,1.3255134555286279,0
-0.01786373025937962,-0.021103874389729164,0,1.1381324890747582,1.356693910863326,0
-0.017807642897553867,-0.02079465939910005,0,1.1759398820576634,1.3873059271990267,0
-0.01743425219643322,-0.02059814919037636,0,1.1701315577130553,1.4362801888545997,0
-0.015986801674565804,-0.020903599064131195,0,1.20970627743897,1.4662898363627939,0
-0.02450950643106011,-0.013125256653060446,0,1.2531333301774614,1.4993387059434997,0
-0.01647437940630908,0.0031263173672875016,0,1.2687865679578587,1.5460209070286597,0
-0.047393766431173524,-0.0339572548958913,0,0.6399643707553331,0.8199934384707416,0
-0.03532130337775142,-0.06794377613595451,0,0.5956993047980852,0.803207531253958,0
-0.016707916673232744,0.0225781320688427,0,1.0080270933243909,-1.3621722235925011,0
-0.016095730745953392,0.0227354145869598,0,1.000925043085459,-1.4111741489903111,0
-0.01607661397082694,0.022357937497914662,0,1.039777886392829,-1.4417874534395563,0
-0.01548457937300033,0.022528777160796667,0,1.0326154472307303,-1.4905333235896983,0
-0.0153958785019538,0.022096096225613322,0,1.0711871529369168,-1.5208376012295801,0
-0.015781427036230526,0.021841368009051784,0,1.1093851536719457,-1.5512908151674183,0
-0.017835846483113583,0.0209161732941595,0,1.1494865907553746,-1.5816588031632814,0
-0.018569718889035327,0.016361525307436908,0,1.1516163820122876,-1.6351696268830733,0
-0.016727846446556335,0.02297453967486007,0,0.970053539564081,-1.3315456465566493,0
-0.016754391038387755,0.023409212299676484,0,0.9320499721060265,-1.3009381800132753,0
-0.016788445517123884,0.023904642145253785,0,0.8932423498421276,-1.2702721379983353,0
-0.016848631751528138,0.024473692864519288,0,0.8544583756322532,-1.2394093715624726,0
-0.01693747314743954,0.02514158610663008,0,0.8155845120746181,-1.2086577201513373,0
-0.01706039016777937,0.02592919354057984,0,0.7766946736178226,-1.1779431754780285,0
-0.018063350639684183,0.026071200663813052,0,0.7838470865153413,-1.1288722858986384,0
-0.01835003056330829,0.027132175044569412,0,0.7449331261542009,-1.0981703627765924,0
-0.01959759665557015,0.027440251471090586,0,0.7520700421140396,-1.0491298840667842,0
-0.02013320405017399,0.028907889667535738,0,0.7131756912586302,-1.0184274622854592,0
-0.020760334195446355,0.030723388477999117,0,0.6743661377210691,-0.9876834621372899,0
-0.021765407604580594,0.03268186138430967,0,0.6355951571603493,-0.9569884918183376,0
-0.02000269477051195,0.03666366244892236,0,0.5967194625730222,-0.9265112606822701,0
-0.03187830302326187,0.02901105364544324,0,0.5628629356729574,-0.8854187084023335,0
-0.024813635021159925,0.036486411588226075,0,0.6092706411441624,-0.8888238183250662,0
-0.04068568295708562,0.04402338404280376,0,0.5141027447316912,-0.8577286096775258,0
-0.0263621150698774,-0.035693144722652066,0,0.6464138720581946,0.864628456048897,0
-0.009089320789905722,-0.05285989259689405,0,0.6024251021860323,0.8491017720403066,0
-0.008804195716172821,-0.026684292747194964,0,0.5555702334510614,0.8314696120142536,0
-0.02259892689934213,-0.031610437304450845,0,0.6817563194080364,0.9383748880661855,0
-0.021798153958855152,-0.029423915677736175,0,0.7205089177843916,0.9691573965762533,0
-0.020988250214554114,-0.02778210752939485,0,0.7587033262266145,1.0007220289983838,0
-0.020368731073307153,-0.026420024723342997,0,0.7974053266449979,1.0316942551894788,0
-0.019157291959060206,-0.026250341703685395,0,0.7908903660962949,1.0799691056849618,0
-0.018838742161528293,-0.025238757967743265,0,0.8299476668430565,1.1105145298528378,0
-0.017839856967259357,-0.02518525495168178,0,0.8227597875343615,1.159604183505092,0
-0.01766954846773984,-0.02444284593435522,0,0.8616452898421836,1.1903396385189158,0
-0.017539668374054223,-0.023821269719909943,0,0.9002239384997024,1.221234035628977,0
-0.017449255888078823,-0.023289089907968786,0,0.9386685172308535,1.252077621284581,0
-0.017389084679428173,-0.022823035666704055,0,0.9772008524625788,1.282496138898013,0
-0.01733916365308578,-0.022410495381306034,0,1.015219633626509,1.3130555846502747,0
-0.01730879472592198,-0.022019062861737503,0,1.0540797085920952,1.3438173532298419,0
-0.017279368829928123,-0.021637426400537,0,1.0929610389939883,1.3745837236801297,0
-0.017246835726428187,-0.0212552506022661,0,1.131508893313259,1.40568136286468,0
-0.016512504446849326,-0.021434544711704695,0,1.1243620297098285,1.454309247612962,0
-0.016557034385807624,-0.02074857205538554,0,1.1629351188894093,1.4849020148823837,0
-0.015380769975613247,-0.019894465008616677,0,1.2000688964965511,1.514280675926925,0
-0.0019137313395820445,-0.021706241100142357,0,1.2315959561210512,1.53883046074536,0
-0.006788438196844739,-0.03362244669550133,0,1.2304631806793402,1.5766928556293018,0
-0.023630341059917,-0.03411688338917751,0,0.6434724295602685,0.910234284142092,0
-0.01609611172875511,0.02311732519980643,0,0.9629108655293439,-1.3805933683904292,0
-0.015493253483109128,0.02325343359120431,0,0.9557742848212261,-1.4295442800431721,0
-0.015503470242218459,0.02289190488273755,0,0.9939633458298462,-1.4600508181673835,0
-0.01492807165096655,0.023058286052930484,0,0.9868807959089327,-1.5089024547528163,0
-0.014872733432881468,0.022740045794167028,0,1.0252314101296696,-1.5386438064223484,0
-0.014662004131449588,0.022199183261066235,0,1.0625045965474986,-1.5669904136450445,0
-0.01344947452657896,0.020068202911835177,0,1.0995403595284636,-1.6016822578634733,0
-0.010418049982460431,0.02096687336409945,0,1.1111404650968695,-1.6629392252347381,0
-0.01609259694749117,0.023526398070920555,0,0.9247762276904172,-1.3498765079168833,0
-0.016088405896651777,0.02398563614398844,0,0.8861488818067367,-1.3191457062150873,0
-0.016091425884969847,0.02450746867160512,0,0.8472911698935404,-1.2884168824373492,0
-0.0161117503499962,0.025108410813700778,0,0.808412321982271,-1.2576940597915374,0
-0.016155539314203493,0.025809695416572014,0,0.7695423575567115,-1.2269854415297272,0
-0.016228747672322255,0.026635161926480484,0,0.7306922949542698,-1.1963007167111275,0
-0.01723070008263096,0.02686709101612099,0,0.7378053097650452,-1.1472542932368914,0
-0.017453790339163344,0.027984588018138842,0,0.6989262942126988,-1.1165241435797553,0
-0.01870721899267183,0.028415565002199657,0,0.706044029813683,-1.0674630612470484,0
-0.01917526325427388,0.029945549662026248,0,0.6672421139883846,-1.0370883386700334,0
-0.019604956446120543,0.03187471589246711,0,0.6284573073799113,-1.0059047240256822,0
-0.02070148809938946,0.03386432582316228,0,0.5901000355418,-0.9734586599499816,0
-0.02217947082827884,0.036324242539561964,0,0.551776930169823,-0.9361280574853373,0
-0.015714813958060306,0.04810210236314152,0,0.513701194335582,-0.9068094239343714,0
-0.012172081831601716,0.03728040964779985,0,0.47139673754878286,-0.8819212639620183,0
-0.02481363502160266,-0.036486411587724234,0,0.6092706411441629,0.888823818325066,0
-0.031878303027247805,-0.02901105364561823,0,0.5628629356729579,0.8854187084023333,0
-0.020002694770163632,-0.03666366244942838,0,0.5967194625730227,0.9265112606822699,0
-0.021765407604695853,-0.03268186138431126,0,0.6355951571603498,0.9569884918183371,0
-0.020760334195456105,-0.030723388478033038,0,0.6743661377210696,0.9876834621372894,0
-0.02013320405018041,-0.02890788966754891,0,0.7131756912586307,1.0184274622854588,0
-0.019597596655574288,-0.027440251471101722,0,0.75207004211404,1.0491298840667838,0
-0.018350030563310287,-0.027132175044576,0,0.7449331261542014,1.098170362776592,0
-0.018063350639683073,-0.026071200663818007,0,0.7838470865153417,1.128872285898638,0
-0.0170603901677773,-0.02592919354058464,0,0.7766946736178233,1.177943175478028,0
-0.016937473147438056,-0.025141586106633772,0,0.8155845120746188,1.2086577201513369,0
-0.01684863175152603,-0.02447369286452266,0,0.8544583756322539,1.239409371562472,0
-0.016788445517122916,-0.02390464214525624,0,0.8932423498421282,1.2702721379983348,0
-0.016754391038385826,-0.02340921229967564,0,0.9320499721060271,1.3009381800132749,0
-0.016727846446553823,-0.02297453967485858,0,0.9700535395640817,1.3315456465566489,0
-0.016707916673228067,-0.02257813206884071,0,1.0080270933243913,1.3621722235925007,0
-0.016689865834045924,-0.022191787991686293,0,1.0469187425138065,1.3928581946686638,0
-0.016676745041556067,-0.021788820951890976,0,1.0857337865222751,1.4235540481775788,0
-0.01605588363660046,-0.021974928988350417,0,1.0784979815361522,1.4723673738266578,0
-0.01602935146096738,-0.02161534665102246,0,1.1171787664099586,1.5030160473399448,0
-0.015401000104852305,-0.02176846307525577,0,1.1549512406425753,1.5331860065540177,0
-0.016863699072340473,-0.024797320940569294,0,1.1918253310997304,1.559679832961669,0
-0.022161732362062894,-0.022943915113297946,0,1.1913986083068822,1.6064150634641179,0
-0.0406856829588098,-0.04402338405051575,0,0.5141027447316916,0.8577286096775256,0
-0.015466803759894315,0.023638089534687653,0,0.917646531757804,-1.3988197810161083,0
-0.015429158577862189,0.024065516914872256,0,0.8789474002831319,-1.3681199568820994,0
-0.015389153873288397,0.024543047771931656,0,0.8401337787239316,-1.3374190702461701,0
-0.015355468807184885,0.025086740701055803,0,0.8012500756252081,-1.3066951378897953,0
-0.015333448034031465,0.025712789700501355,0,0.7623789861215859,-1.2759793620884525,0
-0.015330292385425456,0.02644146026680557,0,0.723538411666665,-1.2453013003900404,0
-0.015351452652808007,0.02729701733493139,0,0.684722641105483,-1.2146563958796572,0
-0.0163403563937447,0.0276127081838345,0,0.6918503760138921,-1.1656636937524205,0
-0.01649174021413194,0.028772553840888417,0,0.6530157385484692,-1.1352268274397055,0
-0.01773100701355459,0.029321399374736715,0,0.6601103463079507,-1.0862786488067355,0
-0.018104790651214668,0.030904964099761123,0,0.6215807479295323,-1.0556809766282145,0
-0.01854197283766632,0.03279921570515892,0,0.5832219715065889,-1.0250348469647785,0
-0.018990977903918183,0.03528607716871964,0,0.5454051006855591,-0.9927589581188692,0
-0.020293104434181027,0.037495800347622774,0,0.507897146782702,-0.9587496398174938,0
-0.025406371741154614,0.036825155334357394,0,0.46783291156277884,-0.9305459785467525,0
-0.029858349539446497,0.04448791323751501,0,0.42755509430543026,-0.9039892927095292,0
-0.014877709223437306,0.023744534550631805,0,0.9104239655038591,-1.4476947879023523,0
-0.014924752179299864,0.023388373160626866,0,0.9486054715424801,-1.4783664840118265,0
-0.01440679797953195,0.023524479168672337,0,0.9413242710186289,-1.5271011452976302,0
-0.014435741455438607,0.023283895448060633,0,0.9796895472987064,-1.5574678926984262,0
-0.014185085771998177,0.02306879443091915,0,1.0172975153290509,-1.5851330528217211,0
-0.014084606870374133,0.022969147900378004,0,1.0523859876889456,-1.6043549483657271,0
-0.011470545688454035,0.02259570266905867,0,1.0603868659140887,-1.6429902325305352,0
-0.008600792777678326,0.0273906275457937,0,1.0699952387551883,-1.6897071311446923,0
-0.022179470828061588,-0.03632424253965476,0,0.5517769301698234,0.9361280574853371,0
-0.020701488099473805,-0.033864325823280333,0,0.5901000355418005,0.9734586599499814,0
-0.01960495644608558,-0.03187471589252135,0,0.6284573073799118,1.0059047240256818,0
-0.019175263254277514,-0.029945549662044716,0,0.6672421139883851,1.037088338670033,0
-0.01870721899267061,-0.028415565002211495,0,0.7060440298136834,1.067463061247048,0
-0.01745379033916115,-0.027984588018146458,0,0.6989262942126993,1.1165241435797548,0
-0.017230700082630612,-0.026867091016127463,0,0.7378053097650457,1.147254293236891,0
-0.016228747672321246,-0.02663516192648496,0,0.7306922949542705,1.196300716711127,0
-0.0161555393142024,-0.02580969541657415,0,0.7695423575567122,1.2269854415297268,0
-0.01611175034999503,-0.025108410813703998,0,0.8084123219822716,1.257694059791537,0
-0.016091425884969285,-0.02450746867160707,0,0.847291169893541,1.2884168824373488,0
-0.016088405896648558,-0.023985636143988603,0,0.8861488818067373,1.3191457062150869,0
-0.016092596947488904,-0.023526398070919007,0,0.9247762276904179,1.3498765079168829,0
-0.01609611172875215,-0.02311732519980472,0,0.9629108655293446,1.3805933683904288,0
-0.016095730745949857,-0.022735414586962457,0,1.00092504308546,1.4111741489903107,0
-0.0160766139708129,-0.022357937497917504,0,1.03977788639283,1.4417874534395558,0
-0.015484579372989275,-0.022528777160816308,0,1.0326154472307312,1.4905333235896978,0
-0.015395878501877557,-0.022096096225621423,0,1.0711871529369177,1.5208376012295797,0
-0.015781427036146385,-0.02184136800901052,0,1.1093851536719466,1.5512908151674178,0
-0.017835846481782398,-0.020916173292833854,0,1.1494865907553755,1.581658803163281,0
-0.01856971888610888,-0.016361525307773947,0,1.1516163820122884,1.6351696268830729,0
-0.015714813953742995,-0.04810210236700664,0,0.5137011943355825,0.9068094239343711,0
-0.012172081819909262,-0.0372804096469217,0,0.4713967375487833,0.8819212639620181,0
-0.014811690695503905,0.02414092018862574,0,0.871753643736336,-1.4170391448831965,0
-0.014233027626617697,0.02421048934443669,0,0.8645266627553876,-1.4658786511622863,0
-0.014325161848512633,0.023842172635880225,0,0.9030424825751207,-1.4965668492416901,0
-0.013831031222679925,0.023907792215390106,0,0.8956190673038165,-1.5453504217494272,0
-0.013966042892158026,0.023637916947333283,0,0.9340245002836738,-1.5758482220911902,0
-0.01411285715257443,0.023661862246742393,0,0.9720817765918994,-1.6049907924632043,0
-0.01380197070366956,0.02405105280286813,0,1.0115633038189693,-1.6280614410320045,0
-0.013762419641285665,0.025852969173699957,0,1.0212206939993147,-1.6704061400615462,0
-0.012219439448894212,0.030414687215320677,0,1.0282054871982256,-1.7154572207127345,0
-0.014736471686933919,0.02458098377223911,0,0.8330089197864601,-1.3863816745637374,0
-0.014658975138901915,0.02507466710445258,0,0.794128854143465,-1.3556682228015373,0
-0.01458511866308824,0.025635908575403158,0,0.7552346740026499,-1.3249485041973301,0
-0.01451932091485023,0.026281423901097598,0,0.7163847937734584,-1.2942565448041985,0
-0.014466035219502666,0.02702955936017471,0,0.6776564015804258,-1.2635915672346605,0
-0.014427355441152642,0.027904754111759338,0,0.6390321440222384,-1.2329549199999392,0
-0.015398697609736542,0.028305282584981138,0,0.64598181531756,-1.1839693460500365,0
-0.015475295258688045,0.029494382330188414,0,0.6072315446350098,-1.1536334045363281,0
-0.016687360838862016,0.03014751763066605,0,0.6144161180048064,-1.1050348978716245,0
-0.016945685872987136,0.031780173270458775,0,0.5760366303895519,-1.0747444034304334,0
-0.017324245436794776,0.033676506655456115,0,0.5379745258904913,-1.0443954244305544,0
-0.017865247025458,0.03611740095727961,0,0.4997707221212968,-1.0131041598173955,0
-0.017964169111115477,0.039115077331774585,0,0.46154206204375026,-0.9813884521041311,0
-0.018498839220172886,0.046393947246926,0,0.4216012026929772,-0.9527773036306835,0
-0.010645291785883781,0.048062945121050596,0,0.3826834333684339,-0.9238795320956881,0
-0.018990977903652378,-0.03528607716880213,0,0.5454051006855596,0.9927589581188689,0
-0.02029310443397557,-0.037495800347505125,0,0.5078971467827025,0.9587496398174936,0
-0.025406371739348396,-0.0368251553294224,0,0.4678329115627793,0.9305459785467523,0
-0.029858349549358027,-0.044487913228358385,0,0.4275550943054307,0.903989292709529,0
-0.018541972837614416,-0.03279921570517302,0,0.5832219715065894,1.025034846964778,0
-0.01810479065120317,-0.03090496409978302,0,0.6215807479295328,1.055680976628214,0
-0.01773100701354424,-0.029321399374746638,0,0.6601103463079512,1.086278648806735,0
-0.016491740214125163,-0.028772553840892064,0,0.6530157385484696,1.135226827439705,0
-0.016340356393742112,-0.02761270818383963,0,0.6918503760138928,1.16566369375242,0
-0.015351452652804645,-0.02729701733493706,0,0.6847226411054836,1.2146563958796568,0
-0.015330292385422172,-0.026441460266807795,0,0.7235384116666657,1.24530130039004,0
-0.015333448034030181,-0.02571278970050501,0,0.7623789861215866,1.275979362088452,0
-0.015355468807182542,-0.025086740701058183,0,0.8012500756252088,1.3066951378897949,0
-0.015389153873286307,-0.024543047771933724,0,0.8401337787239322,1.3374190702461697,0
-0.015429158577856966,-0.024065516914873512,0,0.8789474002831326,1.368119956882099,0
-0.015466803759889037,-0.0236380895346888,0,0.9176465317578046,1.3988197810161078,0
-0.01549325348310574,-0.023253433591206806,0,0.9557742848212267,1.4295442800431717,0
-0.015503470242216745,-0.022891904882742137,0,0.9939633458298469,1.460050818167383,0
-0.014928071650975665,-0.02305828605294077,0,0.9868807959089334,1.5089024547528158,0
-0.014872733432908106,-0.022740045794213497,0,1.0252314101296705,1.538643806422348,0
-0.014662004131310738,-0.02219918326130307,0,1.0625045965474995,1.566990413645044,0
-0.013449474525941597,-0.02006820291183097,0,1.0995403595284645,1.6016822578634728,0
-0.010418049978933485,-0.02096687336743116,0,1.1111404650968704,1.6629392252347377,0
-0.014127767928054097,0.024618182593586748,0,0.8258666057212545,-1.4352804068839142,0
-0.013556072675936694,0.024651859683078203,0,0.8186486337617129,-1.4840822675570933,0
-0.01368826813111966,0.024265422095044318,0,0.8571680851395618,-1.5147111735839172,0
-0.013151868737213922,0.024290290449953015,0,0.8498033120769775,-1.5635036541434535,0
-0.013365396450017936,0.023896662462957127,0,0.8882857332060512,-1.5939976476546103,0
-0.013952222250169025,0.023454684320892934,0,0.9268313180137036,-1.6243953774495612,0
-0.014566835028089363,0.023778922090633627,0,0.9663101389930684,-1.6559416314185735,0
-0.016045865152967242,0.0293693110513188,0,0.9894170658473562,-1.6991428932856931,0
-0.03222048112796917,0.020980721146908035,0,0.9857963831335144,-1.7401739829686234,0
-0.014016683798590052,0.025069341318543475,0,0.7870549657684793,-1.4045887967937642,0
-0.01390078237570273,0.02557584790069561,0,0.7481303406665687,-1.3738845269642015,0
-0.013783795955756893,0.026149709929537832,0,0.7092503176796279,-1.3431817133480803,0
-0.013671415595541477,0.02680724784078459,0,0.6705983158359072,-1.3125686756354211,0
-0.013564890264476834,0.027566177895979597,0,0.6320833254418001,-1.2819741079706182,0
-0.013464623310173484,0.02845183807696597,0,0.5935099122618281,-1.2514551744481714,0
-0.014405677783742164,0.028932203410184605,0,0.6003896438029133,-1.2025871732685864,0
-0.01440270624883009,0.030140707635013832,0,0.5618783883164284,-1.1722197755310904,0
-0.015593498424204245,0.030897774112744254,0,0.5688032766987918,-1.1235534294985565,0
-0.015758596940025165,0.032566346270826614,0,0.5305982052874254,-1.0931193892350892,0
-0.01595692295648776,0.03455825880153913,0,0.4922185747921496,-1.0626625393001554,0
-0.016298860938980555,0.03703098353237765,0,0.4537503266712115,-1.0319088098025384,0
-0.016630714764555563,0.03946792692172408,0,0.41498684021476806,-1.0018668547003051,0
-0.014105834817996172,0.04198562044859312,0,0.37546153235482893,-0.9716515897092135,0
-0.01817055482873489,0.03785465704629588,0,0.33688985429587004,-0.9415440648596898,0
-0.01786524702541614,-0.036117400957069855,0,0.49977072212129725,1.013104159817395,0
-0.017964169111212923,-0.039115077331636855,0,0.4615420620437507,0.9813884521041308,0
-0.018498839226402188,-0.04639394724756482,0,0.42160120269297763,0.9527773036306832,0
-0.010645291787869543,-0.04806294513141307,0,0.38268343336843436,0.9238795320956878,0
-0.01732424543677364,-0.03367650665543611,0,0.5379745258904918,1.044395424430554,0
-0.01694568587296081,-0.0317801732704619,0,0.5760366303895523,1.074744403430433,0
-0.01668736083885037,-0.030147517630668814,0,0.6144161180048069,1.105034897871624,0
-0.01547529525867977,-0.029494382330190628,0,0.6072315446350105,1.1536334045363277,0
-0.0153986976097325,-0.028305282584986803,0,0.6459818153175607,1.183969346050036,0
-0.014427355441150425,-0.02790475411176266,0,0.6390321440222391,1.2329549199999388,0
-0.014466035219499315,-0.027029559360176814,0,0.6776564015804265,1.26359156723466,0
-0.01451932091484825,-0.026281423901101046,0,0.7163847937734591,1.294256544804198,0
-0.014585118663085438,-0.02563590857540808,0,0.7552346740026505,1.3249485041973297,0
-0.014658975138899008,-0.025074667104456452,0,0.7941288541434657,1.3556682228015369,0
-0.014736471686930165,-0.024580983772241632,0,0.8330089197864607,1.386381674563737,0
-0.0148116906954995,-0.02414092018862651,0,0.8717536437363367,1.417039144883196,0
-0.014877709223434198,-0.02374453455063041,0,0.9104239655038597,1.4476947879023518,0
-0.014924752179300654,-0.02338837316062594,0,0.9486054715424808,1.478366484011826,0
-0.014406797979547322,-0.02352447916865696,0,0.9413242710186296,1.5271011452976297,0
-0.014435741455479476,-0.023283895448059495,0,0.979689547298707,1.5574678926984258,0
-0.014185085772184821,-0.02306879443100012,0,1.0172975153290518,1.5851330528217207,0
-0.014084606870703235,-0.02296914790078949,0,1.0523859876889465,1.6043549483657267,0
-0.011470545688762433,-0.022595702672251902,0,1.0603868659140896,1.6429902325305348,0
-0.008600792784996383,-0.027390627546577083,0,1.0699952387551892,1.6897071311446918,0
-0.013419799397971163,0.025069304246810822,0,0.780007101468116,-1.4534890869163752,0
-0.012858246725094303,0.02507238664720153,0,0.7728279241216152,-1.5022731639555233,0
-0.013015935282721559,0.024674734982429437,0,0.8113683523643549,-1.5328851976495512,0
-0.012460315798148939,0.024699758267545065,0,0.8040236174141511,-1.5816391289494842,0
-0.012671406806071485,0.024229384992927875,0,0.8425750126353104,-1.6121746101227346,0
-0.012597356642326155,0.02373419611316764,0,0.8811106293778748,-1.6425687100191544,0
-0.013285438648268715,0.023046174992645788,0,0.9194998606407785,-1.6726070337701633,0
-0.020519643742409843,0.015531181691256333,0,0.9455526259126585,-1.7137354912669882,0
-0.00470876388071609,0.010551718110116935,0,0.9427934721717717,-1.7638425294879063,0
-0.013271595162215355,0.02552819744779082,0,0.741187972825011,-1.4228288626328185,0
-0.013115688808125534,0.026041497430511193,0,0.7023420324961607,-1.3921893495941933,0
-0.012954323707101485,0.02662183550026706,0,0.663565961586253,-1.3615979945818202,0
-0.012792539437740369,0.027284043322229078,0,0.6250597025248623,-1.3309994190427203,0
-0.012630362158561777,0.028049423872736443,0,0.5866113877317989,-1.3004422055586025,0
-0.012464151014249417,0.028939714576073625,0,0.5480006094351311,-1.2698873600378855,0
-0.013369548984942027,0.029490201377867724,0,0.5549153801891824,-1.2209649577838955,0
-0.013285845364517929,0.030706620807668707,0,0.5164565675553578,-1.1906237762489842,0
-0.014426829627030093,0.03156608856390463,0,0.5236219767656423,-1.1419135844831625,0
-0.014485959650366689,0.033269618941132256,0,0.48508230693625143,-1.1114046269006423,0
-0.014562688337448046,0.03528565273632024,0,0.4465283043579723,-1.0808417087652384,0
-0.014587597322445654,0.03774091533394227,0,0.4080179759357593,-1.0504493620355855,0
-0.014945410546574351,0.040620078387384614,0,0.3680458222700118,-1.019673849172359,0
-0.018723551823262678,0.042760244803449546,0,0.32842352977005884,-0.9886217685443472,0
-0.027062749863217835,0.04865510989990892,0,0.29028467803568636,-0.9569403354952273,0
-0.01629886093914399,-0.03703098353236223,0,0.45375032667121196,1.031908809802538,0
-0.016630714764547385,-0.03946792692167996,0,0.4149868402147685,1.0018668547003047,0
-0.014105834812702212,-0.04198562045253663,0,0.3754615323548294,0.9716515897092133,0
-0.018170554815862078,-0.03785465704353885,0,0.3368898542958705,0.9415440648596896,0
-0.01595692295646271,-0.03455825880151532,0,0.49221857479215014,1.062662539300155,0
-0.015758596940010406,-0.03256634627080916,0,0.5305982052874259,1.0931193892350888,0
-0.015593498424193606,-0.03089777411274082,0,0.5688032766987923,1.123553429498556,0
-0.01440270624882283,-0.030140707635013652,0,0.5618783883164291,1.17221977553109,0
-0.014405677783736158,-0.028932203410185243,0,0.6003896438029139,1.202587173268586,0
-0.013464623310171403,-0.0284518380769691,0,0.5935099122618288,1.251455174448171,0
-0.013564890264474456,-0.02756617789598345,0,0.6320833254418008,1.2819741079706177,0
-0.013671415595538654,-0.02680724784078912,0,0.6705983158359079,1.3125686756354207,0
-0.013783795955753542,-0.026149709929542624,0,0.7092503176796285,1.34318171334808,0
-0.013900782375700024,-0.02557584790069857,0,0.7481303406665694,1.373884526964201,0
-0.014016683798585885,-0.025069341318545244,0,0.78705496576848,1.4045887967937638,0
-0.014127767928049031,-0.024618182593587567,0,0.8258666057212551,1.4352804068839138,0
-0.014233027626611584,-0.02421048934443504,0,0.8645266627553883,1.4658786511622859,0
-0.014325161848505932,-0.02384217263587661,0,0.9030424825751213,1.4965668492416897,0
-0.013831031222672248,-0.023907792215370174,0,0.8956190673038171,1.5453504217494267,0
-0.013966042892131896,-0.023637916947307224,0,0.9340245002836745,1.5758482220911898,0
-0.014112857152730468,-0.023661862246573292,0,0.9720817765919001,1.6049907924632039,0
-0.013801970703913494,-0.024051052802661208,0,1.0115633038189702,1.628061441032004,0
-0.013762419645156496,-0.025852969169818718,0,1.0212206939993156,1.6704061400615458,0
-0.012219439445377784,-0.030414687207972232,0,1.0282054871982265,1.715457220712734,0
-0.012690339134362327,0.025492434346706096,0,0.7341582533156197,-1.4716750845600464,0
-0.012505076003632137,0.02595314626268831,0,0.6954271158278531,-1.4411258387087722,0
-0.01230786678297438,0.02646765714892462,0,0.6567185461126068,-1.4105440308590103,0
-0.012100698495383257,0.0270499150432151,0,0.6180801027467773,-1.3800047173256664,0
-0.011887988282871693,0.027714480209263967,0,0.5794975307215875,-1.3493514221344465,0
-0.011667216301572128,0.028480351110878113,0,0.5409604740435405,-1.3187041651600204,0
-0.011435700285250188,0.029366182362186563,0,0.5023621380309764,-1.2880914710239875,0
-0.012296972082908692,0.029978171768468724,0,0.509474858367527,-1.2393250274103274,0
-0.012124186104811717,0.03119676392463936,0,0.47089853238074786,-1.2087065395314425,0
-0.013209228035785175,0.03214797636118271,0,0.4779611612252256,-1.1601088432316402,0
-0.013127475354474389,0.03386072343923155,0,0.43935936165323064,-1.1295773861480765,0
-0.013047697735330701,0.035889075759130584,0,0.400742443500152,-1.0990421277971385,0
-0.013066820862374741,0.03837997119436167,0,0.36222177997824445,-1.068640649642659,0
-0.01264140584466864,0.04158704655106728,0,0.3191632753664113,-1.036812870402047,0
-0.014742056510347105,0.052688928869240606,0,0.2789406504611345,-1.004197890929559,0
0.003536232255328489,0.05950518781203841,0,0.2429801805664794,-0.9700312530284173,0
-0.012327541475387045,0.025077797113574014,0,0.765542950329031,-1.5510105000115373,0
-0.011813308638066148,0.02509984267123098,0,0.7583295788868947,-1.5997660774763323,0
-0.011933637725994829,0.0247191029795664,0,0.7968609085091001,-1.6303125295994743,0
-0.011709895862353223,0.024373264793178574,0,0.8354356381176817,-1.6608108080159205,0
-0.012955895980456362,0.022635073973824565,0,0.8740028702202587,-1.6913182881099482,0
-0.004082429321480465,0.02433103715187209,0,0.8999310898600792,-1.7307615682818231,0
-0.007078981863237872,0.03317264629982567,0,0.8992226575541566,-1.7864486032744522,0
-0.012148379946814124,0.025466787982431363,0,0.727017151589721,-1.5204563177716985,0
-0.014562688337455278,-0.0352856527362845,0,0.44652830435797286,1.080841708765238,0
-0.014485959650366156,-0.03326961894111441,0,0.485082306936252,1.111404626900642,0
-0.01442682962702521,-0.03156608856390021,0,0.5236219767656427,1.141913584483162,0
-0.013285845364518403,-0.030706620807666805,0,0.5164565675553585,1.1906237762489837,0
-0.01336954898493675,-0.02949020137786641,0,0.5549153801891831,1.220964957783895,0
-0.012464151014245247,-0.02893971457607562,0,0.5480006094351317,1.269887360037885,0
-0.012630362158559269,-0.0280494238727382,0,0.5866113877317995,1.300442205558602,0
-0.012792539437738637,-0.027284043322232807,0,0.625059702524863,1.33099941904272,0
-0.012954323707098663,-0.026621835500271245,0,0.6635659615862537,1.3615979945818197,0
-0.013115688808123152,-0.026041497430514766,0,0.7023420324961613,1.3921893495941928,0
-0.013271595162212328,-0.025528197447795196,0,0.7411879728250117,1.422828862632818,0
-0.01341979939796407,-0.025069304246816804,0,0.7800071014681167,1.4534890869163748,0
-0.013556072675926477,-0.024651859683083,0,0.8186486337617136,1.4840822675570928,0
-0.013688268131107182,-0.024265422095043985,0,0.8571680851395624,1.5147111735839167,0
-0.01315186873718135,-0.024290290449955277,0,0.8498033120769781,1.563503654143453,0
-0.013365396449965936,-0.023896662462939647,0,0.8882857332060519,1.5939976476546098,0
-0.013952222250218388,-0.023454684320668266,0,0.9268313180137044,1.6243953774495608,0
-0.014566835027735578,-0.023778922090575257,0,0.9663101389930693,1.655941631418573,0
-0.016045865146842156,-0.029369311054619325,0,0.9894170658473571,1.6991428932856927,0
-0.032220481132847506,-0.02098072115111181,0,0.9857963831335153,1.740173982968623,0
-0.014587597322314468,-0.037740915334005,0,0.40801797593575984,1.050449362035585,0
-0.014945410546620885,-0.04062007838735434,0,0.36804582227001226,1.019673849172359,0
-0.01872355182255062,-0.04276024479768452,0,0.3284235297700593,0.988621768544347,0
-0.027062749876754454,-0.04865510989131817,0,0.2902846780356868,0.9569403354952271,0
-0.01194361349697851,0.0258826622677953,0,0.6883693530345407,-1.4898868487216945,0
-0.011427254937697664,0.025825410277575893,0,0.681250041934633,-1.5386390392957165,0
-0.01164262992465982,0.02545304586404067,0,0.7197947969313134,-1.5692109021911715,0
-0.011183258369505057,0.025458184195829743,0,0.7125933238871918,-1.6179564319250024,0
-0.011316950766341437,0.025176041724375074,0,0.7511618762505798,-1.6484669721813272,0
-0.011380271654162314,0.02484152074352855,0,0.7897304639994498,-1.6789596856065523,0
-0.011064086201772077,0.024611458647912587,0,0.8277856665208856,-1.7081406940588755,0
-0.009656749252931744,0.024709656478729736,0,0.859190717032067,-1.7248551399105954,0
-0.017530733023065792,0.021098318650180563,0,0.8579788665175594,-1.7635396326281563,0
-0.004707282296702338,0.01853702787069159,0,0.855110184991539,-1.8079785871308691,0
-0.011718682765162969,0.02634188457566475,0,0.6497186334191409,-1.4593570135546825,0
-0.011478938151020352,0.02685491958664654,0,0.6111480800637323,-1.4287414852392364,0
-0.011225088604405591,0.027436770745445403,0,0.5724530245671198,-1.3981753524001075,0
-0.010959331941941371,0.028098465236994975,0,0.533823812560934,-1.3675109742324745,0
-0.010678170854898795,0.02885502885125732,0,0.4951911373704596,-1.3369108528425813,0
-0.010384958067344024,0.029726986392871652,0,0.4566925259191854,-1.3062533764974125,0
-0.011194250802370315,0.030394064588570684,0,0.46383276279570473,-1.2573541431005455,0
-0.01092778267127831,0.03159520682620397,0,0.42527942044841616,-1.2266405731933705,0
-0.011934076101062058,0.03262647104595246,0,0.4323187102210181,-1.1781463760709106,0
-0.01171181616222501,0.03431743833629547,0,0.39359265178888514,-1.1477751322528325,0
-0.011391502582114764,0.03627731062655922,0,0.35495753549541875,-1.117213305089129,0
-0.011090514162034954,0.03904007260794574,0,0.31370862659348153,-1.085639809860739,0
-0.009039795802678515,0.04173030693827723,0,0.2690254522775376,-1.051901303151065,0
0.0006067426175772674,0.045459751973267105,0,0.22658593868666216,-1.018488388592635,0
0.005639693958584683,0.034302536682944494,0,0.19509032252401665,-0.9807852803022054,0
-0.013127475354473365,-0.03386072343922122,0,0.4393593616532312,1.129577386148076,0
-0.013209228035783758,-0.032147976361174946,0,0.47796116122522614,1.1601088432316398,0
-0.01212418610481196,-0.031196763924638847,0,0.4708985323807484,1.208706539531442,0
-0.012296972082908074,-0.029978171768469456,0,0.5094748583675277,1.239325027410327,0
-0.011435700285251755,-0.02936618236218563,0,0.5023621380309771,1.288091471023987,0
-0.011667216301571501,-0.028480351110881125,0,0.5409604740435412,1.31870416516002,0
-0.011887988282869993,-0.02771448020926739,0,0.5794975307215882,1.349351422134446,0
-0.012100698495383052,-0.027049915043217933,0,0.6180801027467779,1.380004717325666,0
-0.01230786678297234,-0.026467657148928077,0,0.6567185461126075,1.4105440308590098,0
-0.012505076003630327,-0.025953146262696725,0,0.6954271158278538,1.4411258387087718,0
-0.012690339134358207,-0.025492434346714554,0,0.7341582533156203,1.471675084560046,0
-0.012858246725085424,-0.02507238664720913,0,0.7728279241216158,1.502273163955523,0
-0.013015935282710046,-0.02467473498243428,0,0.8113683523643556,1.5328851976495508,0
-0.012460315798121466,-0.02469975826756594,0,0.8040236174141517,1.5816391289494838,0
-0.012671406806063809,-0.02422938499292932,0,0.8425750126353111,1.612174610122734,0
-0.012597356642082506,-0.023734196113220706,0,0.8811106293778757,1.642568710019154,0
-0.013285438647655433,-0.02304617499271351,0,0.9194998606407794,1.6726070337701628,0
-0.020519643746568412,-0.015531181687603486,0,0.9455526259126594,1.7137354912669878,0
-0.004708763874691919,-0.010551718105148931,0,0.9427934721717726,1.7638425294879059,0
-0.0130476977353606,-0.03588907575911694,0,0.40074244350015253,1.099042127797138,0
-0.013066820862385788,-0.03837997119419289,0,0.362221779978245,1.068640649642659,0
-0.012641405844825412,-0.04158704655098357,0,0.31916327536641176,1.036812870402047,0
-0.014742056517450808,-0.052688928871779554,0,0.2789406504611349,1.004197890929559,0
0.0035362322558772086,-0.059505187824429755,0,0.24298018056647985,0.9700312530284171,0
-0.011180122542208203,0.026235445617372236,0,0.6426195207666947,-1.5080911209063432,0
-0.010689917783493262,0.026140840575830653,0,0.6354759842480155,-1.5568159013798895,0
-0.010956993376663516,0.025777700206618893,0,0.6740613245801403,-1.5873789228274564,0
-0.010551488096371289,0.025734202296206238,0,0.6669036514610693,-1.6360853882548132,0
-0.010799288484131107,0.02548963242215944,0,0.7054617558284966,-1.6666170100788422,0
-0.01092206162630446,0.025327432297692527,0,0.744031211551494,-1.6971085224516553,0
-0.010846063426318274,0.02524580605240447,0,0.7825891545040642,-1.7275986306707742,0
-0.010558857279409495,0.02528990928139943,0,0.8181177421772887,-1.7449471571492552,0
-0.003693838836897313,0.0301254809746213,0,0.8130398910836041,-1.7848688434964375,0
-0.01701732255520524,0.034405205956221915,0,0.810482626032343,-1.8284195122836873,0
-0.01091230349388217,0.026691936438385168,0,0.6039782597480687,-1.4775185379453741,0
-0.010628669009325586,0.027203253989336717,0,0.5653297100242296,-1.4469192155108102,0
-0.010327692591350626,0.027779061981958415,0,0.5266645463085127,-1.4163189620861565,0
-0.010009970423389188,0.028431383589600578,0,0.4879862440859424,-1.3857110115418312,0
-0.009675795368826533,0.02917374185696875,0,0.4493858238898887,-1.3549555759422471,0
-0.00931565069020852,0.030028410817898664,0,0.41073490836770277,-1.3235299389249995,0
-0.010062607833508527,0.030739386554293476,0,0.4180151612393421,-1.2750544577923815,0
-0.00970879226539637,0.03189751665121417,0,0.3794126042367717,-1.2445794559813168,0
-0.010618891181383793,0.03298247806018267,0,0.38663674633292555,-1.1962167773943122,0
-0.010262260831837634,0.034611149591645476,0,0.3478461690680469,-1.165918470710803,0
-0.009771602484145249,0.03649847623721189,0,0.3084369658318983,-1.134335909489621,0
-0.008753976935087032,0.03882117274006672,0,0.26891265440161594,-1.102146110577886,0
-0.0077722614886871315,0.040794726177164196,0,0.22010089776117153,-1.0625488624810968,0
-0.009046088722705438,0.036156401052369044,0,0.1787543290553119,-1.034882314224999,0
-0.02544465725231461,0.037177860893644096,0,0.14673047483692764,-0.989176509908181,0
-0.011711816162237102,-0.034317438336287996,0,0.3935926517888857,1.147775132252832,0
-0.011391502582122211,-0.03627731062656193,0,0.3549575354954193,1.117213305089129,0
-0.011090514162309113,-0.03904007260800853,0,0.3137086265934821,1.085639809860739,0
-0.00903979580278695,-0.04173030693836492,0,0.26902545227753816,1.051901303151065,0
0.0006067426249318461,-0.045459751976886606,0,0.22658593868666266,1.018488388592635,0
0.005639693969053046,-0.03430253667696983,0,0.19509032252401715,0.9807852803022051,0
-0.011934076101065255,-0.03262647104594824,0,0.43231871022101864,1.17814637607091,0
-0.010927782671278644,-0.03159520682620216,0,0.4252794204484167,1.22664057319337,0
-0.011194250802372826,-0.030394064588571395,0,0.4638327627957053,1.257354143100545,0
-0.01038495806734645,-0.02972698639287207,0,0.4566925259191861,1.306253376497412,0
-0.010678170854900948,-0.028855028851259092,0,0.4951911373704603,1.3369108528425808,0
-0.010959331941941165,-0.028098465236995156,0,0.5338238125609347,1.367510974232474,0
-0.01122508860440631,-0.027436770745448858,0,0.5724530245671204,1.398175352400107,0
-0.011478938151018924,-0.026854919586650622,0,0.611148080063733,1.428741485239236,0
-0.011718682765162329,-0.02634188457567324,0,0.6497186334191416,1.459357013554682,0
-0.011943613496976339,-0.02588266226780271,0,0.6883693530345414,1.489886848721694,0
-0.012148379946808244,-0.025466787982440744,0,0.7270171515897217,1.520456317771698,0
-0.01232754147537916,-0.02507779711358491,0,0.7655429503290316,1.5510105000115368,0
-0.011813308638058873,-0.02509984267125356,0,0.7583295788868953,1.5997660774763318,0
-0.011933637725992602,-0.02471910297959692,0,0.796860908509101,1.6303125295994738,0
-0.011709895862182636,-0.024373264793330636,0,0.8354356381176826,1.66081080801592,0
-0.01295589598107599,-0.02263507397364367,0,0.8740028702202596,1.6913182881099478,0
-0.004082429316555653,-0.024331037154305794,0,0.8999310898600801,1.7307615682818227,0
-0.0070789818608503795,-0.03317264630899943,0,0.8992226575541575,1.7864486032744518,0
-0.010396942681406958,0.026549090847295315,0,0.5968441469997989,-1.5262651688857545,0
-0.01008628335996615,0.02700434978585905,0,0.5581773160330761,-1.4957010917114455,0
-0.009758815666931472,0.02751070500941359,0,0.5194966514366268,-1.4651228610774734,0
-0.009412835487484252,0.028076763990756842,0,0.48081418966765455,-1.4345188498682673,0
-0.009045470467603362,0.02871259871352983,0,0.4421504930767419,-1.4038711475725774,0
-0.008653802508010858,0.0294352642525185,0,0.4034586194946552,-1.3729279703358452,0
-0.008233257602972199,0.030251217420229577,0,0.36474329295742614,-1.3420197378988,0
-0.008922900072435165,0.030998473640680948,0,0.3720098234345859,-1.29298200387834,0
-0.008479625012210832,0.03210294362791221,0,0.33336682103573245,-1.26246205337039,0
-0.009299698767519512,0.03321759039202217,0,0.34085187677137074,-1.2140717345419088,0
-0.008803901943078498,0.034766062219900334,0,0.301918774655188,-1.183185460292307,0
-0.008190799896224827,0.03644700666780211,0,0.26269009724272985,-1.151639946060103,0
-0.007560440334530256,0.03811837291418868,0,0.22191810231964693,-1.119217208372746,0
-0.006935483438866685,0.0397536835010504,0,0.18511491941593178,-1.090105394089912,0
-0.007270467117846777,0.041757043517835185,0,0.1484540183781486,-1.069478001292287,0
-0.01610907943099027,0.047471705484934276,0,0.12501317957324537,-1.035561018515463,0
-0.0015210776943948626,0.05553065200983793,0,0.09801714056964247,-0.9951847266485508,0
-0.00992733164975182,0.026415130468700112,0,0.5897173596129548,-1.5749957551347262,0
-0.010249608360156856,0.02604727110725272,0,0.628347296982916,-1.6055394276913764,0
-0.009867818680528339,0.02593128922009415,0,0.6212006986037419,-1.6542411100321843,0
-0.010221577520817985,0.025684914485166452,0,0.6597575088839309,-1.6847794269740195,0
-0.010525715495059521,0.02559524275441249,0,0.6983203083882774,-1.7152798826443685,0
-0.010617777473830482,0.02550808761962228,0,0.7369145005194948,-1.7457336883349854,0
-0.011180980440820677,0.02513818883996927,0,0.7730950325325989,-1.7642356600390245,0
-0.017174200196713785,0.02148147755687511,0,0.7692677476283012,-1.8031962761698503,0
-0.007681379092021441,0.01534634779446326,0,0.7653668625933476,-1.8477590659076784,0
-0.010262260831856244,-0.0346111495916514,0,0.34784616906804744,1.165918470710803,0
-0.010618891181391556,-0.0329824780601858,0,0.3866367463329261,1.1962167773943118,0
-0.009708792265399148,-0.03189751665121478,0,0.37941260423677226,1.2445794559813168,0
-0.010062607833511018,-0.03073938655429068,0,0.4180151612393428,1.275054457792381,0
-0.009315650690210696,-0.03002841081789921,0,0.41073490836770343,1.323529938924999,0
-0.009675795368830013,-0.0291737418569697,0,0.44938582388988935,1.3549555759422467,0
-0.010009970423391162,-0.028431383589602913,0,0.48798624408594304,1.3857110115418307,0
-0.010327692591352397,-0.02777906198196155,0,0.5266645463085133,1.416318962086156,0
-0.010628669009326125,-0.027203253989343385,0,0.5653297100242303,1.4469192155108097,0
-0.010912303493882227,-0.026691936438391267,0,0.6039782597480694,1.4775185379453737,0
-0.011180122542208615,-0.026235445617381687,0,0.6426195207666954,1.5080911209063428,0
-0.011427254937696925,-0.025825410277587425,0,0.6812500419346337,1.538639039295716,0
-0.011642629924653997,-0.025453045864055817,0,0.7197947969313141,1.569210902191171,0
-0.011183258369505358,-0.025458184195848287,0,0.7125933238871927,1.617956431925002,0
-0.011316950766338036,-0.025176041724405594,0,0.7511618762505807,1.6484669721813268,0
-0.011380271654211578,-0.024841520743570836,0,0.7897304639994507,1.6789596856065518,0
-0.01106408620185989,-0.02461145864810204,0,0.8277856665208865,1.708140694058875,0
-0.00965674925264537,-0.024709656479383352,0,0.8591907170320678,1.724855139910595,0
-0.01753073302877724,-0.0210983186515669,0,0.8579788665175603,1.7635396326281558,0
-0.004707282304669979,-0.01853702786506011,0,0.8551101849915399,1.8079785871308687,0
-0.009771602484179805,-0.03649847623722531,0,0.30843696583189883,1.134335909489621,0
-0.008753976934951026,-0.03882117274029142,0,0.2689126544016165,1.102146110577886,0
-0.007772261488642099,-0.040794726177463034,0,0.22010089776117203,1.0625488624810968,0
-0.009046088724674538,-0.036156401048571984,0,0.1787543290553124,1.034882314224999,0
-0.025444657261536583,-0.03717786089201726,0,0.14673047483692814,0.989176509908181,0
-0.009592518150363263,0.026826791460058386,0,0.5510415653227025,-1.5444866858613002,0
-0.009242502226990891,0.027279686216120286,0,0.5123478992267796,-1.5139186190521614,0
-0.008875608577065484,0.027777985593298193,0,0.4736439390260099,-1.4833375594071263,0
-0.00848653476120545,0.028328283655007894,0,0.4349346948827666,-1.4527104669804694,0
-0.008072541661686349,0.028943024550432243,0,0.39624209352542916,-1.4220054950693595,0
-0.007628677533351826,0.029632635296565218,0,0.35749510515074423,-1.391185926607087,0
-0.007148803871341891,0.03041029206909803,0,0.3186905432063465,-1.360195870698122,0
-0.0077684659148983355,0.031175394502953983,0,0.32593760893702206,-1.3111714858139032,0
-0.007270462535160308,0.03222169289172526,0,0.2870510277159104,-1.280334932435385,0
-0.007991609394961548,0.03335444039708509,0,0.29458434498483543,-1.231677909434284,0
-0.0074380703167226765,0.034745130745318924,0,0.2556921439484664,-1.20081514108489,0
-0.006871074827354788,0.03630780996909535,0,0.216693596757756,-1.169802319917377,0
-0.006382596135162094,0.03793362075354321,0,0.17799644833867678,-1.139060617110101,0
-0.006469233245152891,0.03980692172222713,0,0.13892061692745494,-1.110125723683732,0
-0.0068863422131636,0.0420430720661385,0,0.1066590993021205,-1.080429989578334,0
0.005448109334263598,0.046302221932391266,0,0.07526093772212955,-1.045564283086771,0
-0.017010409999050215,0.029743973640119024,0,0.04906767443121758,-0.9987954562000729,0
-0.00950436134497167,0.026271262066128218,0,0.5826153788396264,-1.6237125703491815,0
-0.009087551945676288,0.026103320832780386,0,0.5754924991335431,-1.6724067251201484,0
-0.009598223104956494,0.02572844413122415,0,0.6139661343585026,-1.7030452731148473,0
-0.010166947364422146,0.02551240037624983,0,0.6525261225288062,-1.7335608421173565,0
-0.010506996805379584,0.02584629826536976,0,0.6903421262742435,-1.7617494259109452,0
-0.009842330961103278,0.026377362393539227,0,0.7289465041660175,-1.7850367805236536,0
-0.0032753185242319917,0.0274959404456559,0,0.7248027001288613,-1.8263860521078552,0
-0.00031259387859390646,0.04034962323717367,0,0.7197900710654326,-1.8659855984427152,0
-0.009136203493311169,0.026658174806373912,0,0.5439459904452801,-1.5932758212545934,0
-0.00929969876752438,-0.03321759039202788,0,0.3408518767713713,1.2140717345419088,0
-0.008479625012214458,-0.03210294362791467,0,0.333366821035733,1.26246205337039,0
-0.008922900072433515,-0.0309984736406809,0,0.37200982343458655,1.29298200387834,0
-0.008233257602970931,-0.03025121742022947,0,0.3647432929574268,1.3420197378988,0
-0.008653802508012577,-0.029435264252519168,0,0.4034586194946559,1.3729279703358448,0
-0.009045470467608157,-0.02871259871353247,0,0.4421504930767426,1.403871147572577,0
-0.00941283548748506,-0.028076763990758896,0,0.4808141896676552,1.4345188498682668,0
-0.009758815666934947,-0.027510705009420405,0,0.5194966514366275,1.465122861077473,0
-0.010086283359966865,-0.027004349785865574,0,0.5581773160330767,1.495701091711445,0
-0.010396942681409505,-0.02654909084730422,0,0.5968441469997996,1.526265168885754,0
-0.010689917783494464,-0.026140840575843528,0,0.6354759842480162,1.556815901379889,0
-0.01095699337666358,-0.025777700206633537,0,0.674061324580141,1.587378922827456,0
-0.010551488096373096,-0.02573420229622044,0,0.6669036514610702,1.6360853882548128,0
-0.01079928848413844,-0.02548963242217655,0,0.7054617558284975,1.6666170100788418,0
-0.010922061626323863,-0.025327432297717712,0,0.7440312115514949,1.6971085224516549,0
-0.010846063426372463,-0.025245806052344538,0,0.7825891545040651,1.7275986306707738,0
-0.010558857279511424,-0.025289909281390736,0,0.8181177421772896,1.7449471571492547,0
-0.0036938388367071186,-0.030125480971008967,0,0.813039891083605,1.784868843496437,0
-0.017017322548207345,-0.03440520595412123,0,0.8104826260323439,1.8284195122836868,0
-0.008803901943074479,-0.03476606221991998,0,0.30191877465518857,1.183185460292307,0
-0.008190799896214507,-0.03644700666784753,0,0.2626900972427304,1.151639946060103,0
-0.007560440334464058,-0.03811837291414225,0,0.22191810231964748,1.119217208372746,0
-0.006935483438197701,-0.03975368350112302,0,0.18511491941593228,1.090105394089912,0
-0.007270467118002913,-0.0417570435180854,0,0.1484540183781491,1.069478001292287,0
-0.01610907943210968,-0.04747170548709458,0,0.12501317957324587,1.035561018515463,0
-0.0015210776912465288,-0.055530652013556184,0,0.09801714056964295,0.9951847266485508,0
-0.008768707074106093,0.027073980927461556,0,0.5052166796183264,-1.5627636591291225,0
-0.008324300563538214,0.026881066017918953,0,0.49808885295392813,-1.6116046261293144,0
-0.008713238644800083,0.026478395108483804,0,0.5367731292190656,-1.6420506417088345,0
-0.008275231327033242,0.026287657467575564,0,0.5296152599147996,-1.6908200676636043,0
-0.008792337853524857,0.025785251763349597,0,0.5683501184756237,-1.7210843748206894,0
-0.008978248751457083,0.025493984271668994,0,0.6062648719815882,-1.7517347302678317,0
-0.01039052772410143,0.02519188848388166,0,0.6441707834095807,-1.7795069687504594,0
-0.011298585189173259,0.026742221400295522,0,0.6824658404162984,-1.8109650460711095,0
-0.013001324070085179,0.03631943157443295,0,0.687296474746274,-1.8490105069204632,0
-0.04192593001066382,0.029212764726264637,0,0.67377970487645,-1.8830881310487313,0
-0.008386059080481765,0.02752087031863131,0,0.4664979617709978,-1.5321785964296253,0
-0.007982948873590818,0.028005662770332798,0,0.4277704117103879,-1.5015945278696452,0
-0.007554707631484363,0.028535779100025242,0,0.3890181613194674,-1.4709227542214824,0
-0.007095627987751634,0.029122607168524158,0,0.35024547450578813,-1.4401660948385748,0
-0.006602560584173708,0.029777454965912786,0,0.3114415387090035,-1.40934639815831,0
-0.006065356653878551,0.030509321604535282,0,0.2725948296956924,-1.3784788153751388,0
-0.00662703406260266,0.031286828744848415,0,0.2798303326768232,-1.329394721754459,0
-0.006036872863219167,0.032267040378127,0,0.24097049728194936,-1.2985876924889,0
-0.006690665779162733,0.03340339432437524,0,0.24822595344380943,-1.249549437856368,0
-0.006098303261665668,0.034735152225063334,0,0.209475803264563,-1.218831323605658,0
-0.005568915266823082,0.03612535212959596,0,0.17171886473413867,-1.1881852256906802,0
-0.004865442199523403,0.03798146296247271,0,0.12557428605446008,-1.161007384923481,0
-0.003827114069272079,0.04024927115202733,0,0.09303786996718177,-1.125473753467015,0
-0.007736009350561477,0.043537969887261344,0,0.07124812390196147,-1.092899391922077,0
-0.0026731019597800504,0.04255675672408356,0,0.037941139861740344,-1.076057135607035,0
-0.036601753628373986,0.04904516982918482,0,0.03720598610672238,-1.036541042540306,0
7.234111679605474e-12,0.07542036228920103,0,-2.591808530679738e-16,-1.0,0
-0.007991609394958044,-0.03335444039708882,0,0.294584344984836,1.231677909434284,0
-0.007270462535157908,-0.03222169289172768,0,0.28705102771591107,1.280334932435385,0
-0.007768465914898621,-0.03117539450295636,0,0.3259376089370227,1.3111714858139032,0
-0.007148803871341083,-0.03041029206909681,0,0.31869054320634715,1.360195870698122,0
-0.007628677533351708,-0.0296326352965654,0,0.3574951051507449,1.391185926607087,0
-0.008072541661689903,-0.02894302455043479,0,0.39624209352542983,1.422005495069359,0
-0.00848653476120923,-0.02832828365501102,0,0.43493469488276726,1.452710466980469,0
-0.008875608577069465,-0.027777985593303748,0,0.47364393902601054,1.4833375594071259,0
-0.00924250222699534,-0.02727968621612634,0,0.5123478992267803,1.513918619052161,0
-0.00959251815036576,-0.026826791460065957,0,0.5510415653227032,1.5444866858612998,0
-0.009927331649755632,-0.02641513046871194,0,0.5897173596129555,1.5749957551347258,0
-0.010249608360159488,-0.026047271107265676,0,0.6283472969829167,1.605539427691376,0
-0.00986781868052998,-0.025931289220108848,0,0.6212006986037428,1.6542411100321839,0
-0.010221577520824702,-0.025684914485180083,0,0.6597575088839318,1.684779426974019,0
-0.010525715495058366,-0.02559524275442194,0,0.6983203083882783,1.715279882644368,0
-0.010617777473784855,-0.025508087619664478,0,0.7369145005194957,1.745733688334985,0
-0.011180980440922311,-0.025138188839955753,0,0.7730950325325998,1.764235660039024,0
-0.017174200193366095,-0.02148147755964854,0,0.7692677476283021,1.80319627616985,0
-0.007681379094486061,-0.015346347800372315,0,0.7653668625933485,1.847759065907678,0
-0.007438070316709409,-0.03474513074532611,0,0.25569214394846695,1.20081514108489,0
-0.006871074827292461,-0.03630780996910729,0,0.21669359675775657,1.169802319917377,0
-0.006382596135184326,-0.037933620753487746,0,0.17799644833867734,1.139060617110101,0
-0.006469233245195043,-0.039806921722102075,0,0.1389206169274555,1.110125723683732,0
-0.0068863422129730074,-0.042043072065866806,0,0.10665909930212103,1.080429989578334,0
0.0054481093371166614,-0.046302221932480965,0,0.07526093772213005,1.045564283086771,0
-0.017010409991428072,-0.029743973635998077,0,0.04906767443121807,0.9987954562000729,0
-0.007933130793773079,0.0272942293987448,0,0.45935407468174494,-1.5811556519968584,0
-0.007523259745787001,0.027729193720542958,0,0.42060639106817377,-1.5505070239229584,0
-0.007087377230232486,0.02819450773640452,0,0.3818470441582392,-1.5198567231207967,0
-0.006620911475850835,0.02869921379987471,0,0.3430488879727096,-1.4891472385085869,0
-0.006120009912351376,0.029253146868178457,0,0.30422706035737446,-1.458388756466627,0
-0.005579369394742799,0.029865872373131836,0,0.26536193778133055,-1.427575947573089,0
-0.004997605947874706,0.030550425365157,0,0.22646276044789015,-1.3967556434549313,0
-0.005500272898674899,0.03131862863128984,0,0.23370783370633963,-1.347657995702593,0
-0.004836935427855831,0.03230835632738271,0,0.1919306221687876,-1.315452553377113,0
-0.005430273210191725,0.033387671961882935,0,0.19967445931444044,-1.2668207874490909,0
-0.004838102949016845,0.03461592968791815,0,0.1633903230922767,-1.237022592969058,0
-0.004228222368747302,0.03600668875229795,0,0.1293325988712707,-1.210010914357945,0
-0.003012454453064016,0.036833911955039,0,0.08809221923470831,-1.197018626328959,0
-0.0036736020782196514,0.038828696374330576,0,0.07832031644348014,-1.159499000354933,0
-0.002495012619468171,0.042039464012035115,0,0.044522010222624156,-1.125704394314883,0
6.707175088488885e-13,0.044175357774590786,0,-3.073033988672743e-16,-1.1,0
7.768764120225124e-13,0.06745889666320357,0,-2.8324212596762404e-16,-1.05,0
0.0366017536353653,0.049045169822229735,0,-0.037205986106723,-1.036541042540306,0
0.017010409994315055,0.029743973629464657,0,-0.04906767443121819,-0.9987954562000729,0
-0.00789336673578724,0.026689422511724025,0,0.490831103193457,-1.6605567674059465,0
-0.007470271032339473,0.026500929387240045,0,0.48359113902482165,-1.7095098021735295,0
-0.007777846820090539,0.026048122050550807,0,0.52244788904348,-1.7396325597795013,0
-0.008006497929391197,0.025553473792164893,0,0.560842322224085,-1.7706329664454001,0
-0.010877444746626542,0.02330519171857471,0,0.597464607821055,-1.7989015125862062,0
-0.010792733768234298,0.02495725211165494,0,0.6330250176403862,-1.8167133472220511,0
-0.025988160420284075,0.01479825583305351,0,0.648776411490257,-1.8523616892636552,0
0.0022787214167969434,0.0033551145572692375,0,0.6273634790264127,-1.8990563617712555,0
-0.0075052515564364925,0.02708799686176267,0,0.45217759817854863,-1.6300816207427935,0
-0.00669066577915164,-0.03340339432437568,0,0.24822595344381004,1.249549437856368,0
-0.006036872863215378,-0.03226704037812468,0,0.24097049728194997,1.2985876924889,0
-0.00662703406260285,-0.031286828744848345,0,0.2798303326768239,1.329394721754459,0
-0.00606535665388095,-0.03050932160453361,0,0.27259482969569304,1.3784788153751388,0
-0.006602560584175225,-0.029777454965911086,0,0.31144153870900415,1.40934639815831,0
-0.0070956279877525865,-0.02912260716852441,0,0.3502454745057888,1.4401660948385748,0
-0.007554707631488615,-0.028535779100028254,0,0.3890181613194681,1.470922754221482,0
-0.007982948873595795,-0.02800566277033561,0,0.42777041171038865,1.5015945278696448,0
-0.008386059080487137,-0.027520870318635808,0,0.46649796177099856,1.5321785964296248,0
-0.008768707074111296,-0.02707398092746871,0,0.5052166796183271,1.562763659129122,0
-0.009136203493316024,-0.026658174806385895,0,0.5439459904452808,1.593275821254593,0
-0.009504361344977617,-0.02627126206614247,0,0.5826153788396273,1.623712570349181,0
-0.009087551945674444,-0.026103320832798926,0,0.5754924991335439,1.672406725120148,0
-0.009598223104970246,-0.025728444131227844,0,0.6139661343585034,1.7030452731148469,0
-0.010166947364424415,-0.02551240037625658,0,0.652526122528807,1.733560842117356,0
-0.010506996805527788,-0.025846298265380277,0,0.6903421262742444,1.7617494259109447,0
-0.009842330961030989,-0.026377362393530144,0,0.7289465041660184,1.785036780523653,0
-0.0032753185290948766,-0.02749594044411986,0,0.7248027001288622,1.8263860521078548,0
-0.00031259387782035515,-0.04034962322986967,0,0.7197900710654335,1.8659855984427147,0
-0.006098303261653687,-0.03473515222505385,0,0.2094758032645636,1.218831323605658,0
-0.005568915266789227,-0.036125352129573345,0,0.17171886473413922,1.1881852256906802,0
-0.004865442199485579,-0.037981462962414454,0,0.12557428605446064,1.161007384923481,0
-0.0038271140692031874,-0.04024927115198939,0,0.09303786996718233,1.125473753467015,0
-0.007736009350808787,-0.043537969886868845,0,0.071248123901962,1.092899391922077,0
-0.00267310196040039,-0.0425567567236546,0,0.03794113986174086,1.076057135607035,0
-0.03660175362844815,-0.04904516982439414,0,0.03720598610672288,1.036541042540306,0
-4.390122027434325e-12,-0.07542036228579792,0,2.220446049250313e-16,1.0,0
-0.0070956512309567205,0.02748987483492731,0,0.4134744164963754,-1.5994759586643534,0
-0.00666101770541057,0.027905223247569284,0,0.3746944375912985,-1.5687806854564728,0
-0.006194227117959712,0.028345189240337035,0,0.3358702774328145,-1.5380954424125448,0
-0.0056911998963674205,0.028818251697473887,0,0.297022355214983,-1.507402150851457,0
-0.005149277414950236,0.029335080478709627,0,0.2581411923806982,-1.476666100659508,0
-0.004561458767900386,0.029903846698134024,0,0.21922941831972004,-1.445862726266407,0
-0.003933715123772346,0.03052248467896843,0,0.18030853711686246,-1.415042858290683,0
-0.004342917255141679,0.03132946303752182,0,0.1875538461863817,-1.365924926147193,0
-0.003601768635183374,0.03226960287233471,0,0.14311361576714043,-1.331276302514291,0
-0.00407113598977958,0.033396150711219784,0,0.15423797838408088,-1.282167594887338,0
-0.0037592963192541093,0.034536708333595977,0,0.12743158589018028,-1.252124005671904,0
-0.002708413848206686,0.03505938547780259,0,0.09005898609443924,-1.245307382624987,0
-0.0015253760520199326,0.036084146931143375,0,0.045045183565117636,-1.2242538135382919,0
-0.0016631034664533447,0.03842269175042396,0,0.042688991665124174,-1.176337163535087,0
1.4190598913047313e-13,0.04022156998778377,0,-3.3136467176692455e-16,-1.15,0
0.002495012619538512,0.0420394640115646,0,-0.044522010222624836,-1.125704394314883,0
0.0026731019606308563,0.04255675672271379,0,-0.03794113986174098,-1.076057135607035,0
-0.005448109340222209,0.046302221930377044,0,-0.07526093772213018,-1.045564283086771,0
0.0015210776852208863,0.05553065201298512,0,-0.09801714056964306,-0.9951847266485508,0
-0.007083891489362538,0.026897640211910875,0,0.44494607475332015,-1.6790173877211065,0
-0.0066909901002099705,0.027278900511108845,0,0.4062712388417774,-1.6483979268447455,0
-0.00697485774815896,0.02633590783574001,0,0.476455516644279,-1.7584105664013523,0
-0.007463228823697822,0.025888507162897884,0,0.5150815458796794,-1.7891616994758612,0
-0.005820281123919622,0.025476457247361257,0,0.5533480134903659,-1.8203703530745625,0
0.0022986786245423395,0.022574733697186215,0,0.5977645053610161,-1.853875372723089,0
0.006599569706033552,0.03689912765767636,0,0.5805693529125169,-1.9138806719486832,0
-0.006671184012488483,0.02672442215205681,0,0.43774403432057196,-1.7280059641580743,0
-0.005430273210184235,-0.03338767196187695,0,0.19967445931444106,1.2668207874490909,0
-0.004836935427852882,-0.03230835632737622,0,0.1919306221687882,1.315452553377113,0
-0.005500272898674394,-0.031318628631286906,0,0.2337078337063403,1.347657995702593,0
-0.004997605947875709,-0.030550425365153854,0,0.22646276044789082,1.3967556434549313,0
-0.0055793693947445615,-0.02986587237312795,0,0.2653619377813312,1.427575947573089,0
-0.006120009912355787,-0.029253146868178023,0,0.3042270603573751,1.458388756466627,0
-0.006620911475855345,-0.02869921379987283,0,0.34304888797271027,1.4891472385085869,0
-0.0070873772302409025,-0.028194507736405475,0,0.38184704415824,1.5198567231207967,0
-0.007523259745794854,-0.027729193720545758,0,0.42060639106817455,1.550507023922958,0
-0.007933130793783164,-0.027294229398750265,0,0.4593540746817457,1.581155651996858,0
-0.008324300563546492,-0.026881066017928675,0,0.4980888529539289,1.611604626129314,0
-0.008713238644810004,-0.026478395108496408,0,0.5367731292190665,1.642050641708834,0
-0.0082752313270419,-0.026287657467597758,0,0.5296152599148005,1.6908200676636038,0
-0.008792337853540272,-0.025785251763370133,0,0.5683501184756246,1.721084374820689,0
-0.008978248751351,-0.025493984271704906,0,0.6062648719815891,1.7517347302678312,0
-0.010390527724135635,-0.025191888483798962,0,0.6441707834095816,1.779506968750459,0
-0.011298585188804432,-0.02674222140041273,0,0.6824658404162993,1.810965046071109,0
-0.013001324063459633,-0.03631943157629168,0,0.6872964747462749,1.8490105069204628,0
-0.041925930014822796,-0.029212764732829678,0,0.6737797048764509,1.8830881310487309,0
-0.004838102949006777,-0.03461592968790291,0,0.1633903230922773,1.237022592969058,0
-0.004228222368750978,-0.036006688752267646,0,0.12933259887127124,1.210010914357945,0
-0.0030124544530821026,-0.036833911955000256,0,0.08809221923470889,1.197018626328959,0
-0.0036736020782709095,-0.038828696374260424,0,0.0783203164434807,1.159499000354933,0
-0.0024950126195130286,-0.042039464011747865,0,0.0445220102226247,1.125704394314883,0
-2.7821756030936594e-13,-0.04417535777488477,0,2.220446049250313e-16,1.1,0
-4.815304593501802e-13,-0.06745889666055008,0,2.220446049250313e-16,1.05,0
0.036601753624978514,-0.049045169828749645,0,-0.0372059861067225,1.036541042540306,0
0.017010409992690538,-0.029743973642858506,0,-0.049067674431217706,0.9987954562000729,0
-0.006265417541060883,0.027658161781186043,0,0.36752371487957747,-1.6177352077748557,0
-0.005892063922354696,0.02744685350584172,0,0.3603517851551631,-1.6666859882254128,0
-0.0062974808793526005,0.02709290659713781,0,0.39909238726389973,-1.6973627068952504,0
-0.005905364765666078,0.026928232762060567,0,0.3918712067607595,-1.7462913159846025,0
-0.006278903995943403,0.02655286656048021,0,0.43058236603674627,-1.7769062943872242,0
-0.006550755627668688,0.026267438704208664,0,0.46926374110706415,-1.8074088000968143,0
-0.006583058959680591,0.02604006801769353,0,0.5074931588058971,-1.8397788577111465,0
-0.014311278153562562,0.027936656582115815,0,0.5444373455470704,-1.8772248490305645,0
-0.012145128202114497,0.01999561255909943,0,0.533425513494042,-1.9275521319937412,0
-0.005805558490242828,0.028046762512422684,0,0.32871573818604294,-1.587062106724503,0
-0.005308030125118167,0.028454180574358532,0,0.28987602880205043,-1.5563880002167207,0
-0.0047686745392519604,0.028891762833833854,0,0.25097423121321005,-1.525720328618073,0
-0.004187641013483465,0.02936590517940071,0,0.21201022851363666,-1.4949997026729989,0
-0.003569004903249134,0.029890048445231056,0,0.1730463037756324,-1.464162576520311,0
-0.0028851515913566627,0.030473733996739468,0,0.1339685037429097,-1.432372386813668,0
-0.0031974309188236116,0.03125142193742437,0,0.13912838018174645,-1.383272033175373,0
-0.002329425541686219,0.03213183769401312,0,0.09647632513066864,-1.352409844500705,0
-0.0027005435013629305,0.03335659833069375,0,0.09963648513448559,-1.294507111164958,0
-0.0013495308063117236,0.03430084927510795,0,0.045307778724191616,-1.275068861232616,0
2.9538243053192216e-14,0.03518391749716287,0,-3.7948721756622506e-16,-1.25,0
5.2978488202245104e-14,0.03738282091336444,0,-3.554259446665748e-16,-1.2,0
0.0016631034666174818,0.03842269175029558,0,-0.04268899166512489,-1.176337163535087,0
0.0036736020782563816,0.038828696374150304,0,-0.07832031644348084,-1.159499000354933,0
0.0038271140689998422,0.04024927115174823,0,-0.09303786996718248,-1.125473753467015,0
0.006886342212313656,0.04204307206595973,0,-0.10665909930212117,-1.080429989578334,0
0.00773600935126111,0.0435379698864265,0,-0.07124812390196214,-1.092899391922077,0
0.01610907943202544,0.047471705487424014,0,-0.125013179573246,-1.035561018515463,0
0.02544465725480724,0.03717786089495426,0,-0.14673047483692828,-0.989176509908181,0
-0.004071135989776487,-0.03339615071120853,0,0.1542379783840815,1.282167594887338,0
-0.0036017686351833265,-0.032269602872325845,0,0.1431136157671411,1.331276302514291,0
-0.004342917255143924,-0.03132946303751764,0,0.18755384618638238,1.365924926147193,0
-0.003933715123775561,-0.030522484678966164,0,0.18030853711686312,1.415042858290683,0
-0.004561458767900434,-0.029903846698130926,0,0.21922941831972076,1.445862726266407,0
-0.005149277414953399,-0.029335080478707466,0,0.2581411923806989,1.476666100659508,0
-0.00569119989637232,-0.028818251697469623,0,0.29702235521498377,1.507402150851457,0
-0.006194227117965838,-0.028345189240333357,0,0.3358702774328153,1.5380954424125448,0
-0.0066610177054222675,-0.027905223247568008,0,0.3746944375912993,1.5687806854564728,0
-0.0070956512309682356,-0.027489874834928364,0,0.4134744164963762,1.599475958664353,0
-0.007505251556451042,-0.027087996861768,0,0.4521775981785494,1.630081620742793,0
-0.00789336673580125,-0.026689422511735457,0,0.4908311031934578,1.660556767405946,0
-0.007470271032364721,-0.02650092938726119,0,0.4835911390248224,1.709509802173529,0
-0.007777846820108599,-0.02604812205059601,0,0.5224478890434809,1.7396325597795008,0
-0.008006497929306373,-0.02555347379222583,0,0.5608423222240859,1.7706329664453997,0
-0.010877444747073313,-0.023305191718312166,0,0.5974646078210559,1.7989015125862058,0
-0.010792733768090514,-0.024957252111939554,0,0.6330250176403871,1.8167133472220507,0
-0.025988160425103695,-0.014798255831484518,0,0.6487764114902579,1.8523616892636547,0
0.0022787214178055,-0.003355114551901432,0,0.6273634790264135,1.899056361771255,0
-0.0037592963192546887,-0.034536708333579615,0,0.1274315858901809,1.252124005671904,0
-0.0027084138482207456,-0.03505938547778833,0,0.09005898609443985,1.245307382624987,0
-0.0015253760520481379,-0.036084146931131995,0,0.04504518356511822,1.2242538135382919,0
-0.0016631034665519078,-0.038422691750410645,0,0.04268899166512474,1.176337163535087,0
1.1809861401028075e-14,-0.040221569987836804,0,2.220446049250313e-16,1.15,0
0.002495012619623277,-0.042039464012003605,0,-0.044522010222624295,1.125704394314883,0
0.0026731019603143825,-0.042556756724332685,0,-0.03794113986174047,1.076057135607035,0
-0.005448109334175065,-0.04630222193497147,0,-0.07526093772212968,1.045564283086771,0
0.0015210777045211994,-0.05553065201315181,0,-0.09801714056964259,0.9951847266485508,0
-0.005448359987597382,0.027794523560446538,0,0.3215565346357655,-1.63602157031247,0
-0.005115877644446077,0.02758314143843878,0,0.31438987038694177,-1.684974533098074,0
-0.005534163777468408,0.02726977753772808,0,0.35311879154194126,-1.715666618898736,0
-0.005171772750611226,0.02712725232556563,0,0.34583151637307696,-1.7647329237059197,0
-0.0054840814666489365,0.0267854275246542,0,0.38455640201604524,-1.7953901169059585,0
-0.005883528649907937,0.026291932507456848,0,0.4232389998707695,-1.8261477166214721,0
-0.006928799750792243,0.025938237538114375,0,0.46089391745695973,-1.8578343459949784,0
-0.00276520083362701,0.025950819155774938,0,0.49731875304375417,-1.8912626241194852,0
-0.005054098832155567,0.029897137763226556,0,0.48596035853698494,-1.9400625067070925,0
-0.004961377314477731,0.028149912382679682,0,0.2827348787640728,-1.605378193961792,0
-0.004433148362231861,0.02852232336866108,0,0.24389021285287715,-1.574695950369547,0
-0.003862908116005391,0.028921236530441853,0,0.20497932559438142,-1.5439550105116622,0
-0.003262912849615104,0.029353196485976146,0,0.16652104826119357,-1.512466978477769,0
-0.002594349381155101,0.02983199270641777,0,0.12807480255857245,-1.481355706736923,0
-0.0018618675845320032,0.0303161448543433,0,0.08823641268801594,-1.4527678473143768,0
-0.00208760831794674,0.03106188736858317,0,0.09334945314651644,-1.402605880785698,0
-0.00115811572516722,0.031701884787137695,0,0.04855147740473176,-1.375700978922926,0
-0.0012813700917548888,0.032802637855844315,0,0.05187126222773866,-1.325083796556721,0
1.2755224430878197e-14,0.03361962621107527,0,-4.035484904658753e-16,-1.3,0
0.0013495308063444262,0.03430084927508467,0,-0.04530777872419238,-1.275068861232616,0
0.0015253760520782794,0.036084146931095726,0,-0.045045183565118364,-1.2242538135382919,0
0.0030124544530679394,0.036833911954943066,0,-0.08809221923470904,-1.197018626328959,0
0.004865442199442665,0.03798146296237959,0,-0.12557428605446078,-1.161007384923481,0
0.006469233244963195,0.03980692172226093,0,-0.13892061692745566,-1.110125723683732,0
0.007270467117359221,0.04175704351807019,0,-0.1484540183781492,-1.069478001292287,0
0.009046088722906655,0.036156401052784504,0,-0.17875432905531255,-1.034882314224999,0
-0.0056396939566644745,0.03430253668262978,0,-0.19509032252401728,-0.9807852803022052,0
-0.0027005435013693897,-0.033356598330681136,0,0.0996364851344862,1.294507111164958,0
-0.0013495308063247824,-0.034300849275104024,0,0.04530777872419223,1.275068861232616,0
1.2297244176080295e-14,-0.035183917497173665,0,2.220446049250313e-16,1.25,0
1.842266706553186e-14,-0.037382820913393094,0,2.220446049250313e-16,1.2,0
0.0016631034665812747,-0.038422691750417404,0,-0.04268899166512432,1.176337163535087,0
0.0036736020783730314,-0.03882869637422861,0,-0.07832031644348028,1.159499000354933,0
0.0038271140695652285,-0.040249271151922984,0,-0.09303786996718193,1.125473753467015,0
0.006886342213547769,-0.042043072065451804,0,-0.10665909930212064,1.080429989578334,0
0.007736009351102802,-0.0435379698870338,0,-0.07124812390196161,1.092899391922077,0
-0.0031974309188225352,-0.031251421937418415,0,0.1391283801817471,1.383272033175373,0
-0.0028851515913561085,-0.030473733996737785,0,0.13396850374291036,1.432372386813668,0
-0.003569004903251812,-0.029890048445226816,0,0.17304630377563313,1.464162576520311,0
-0.004187641013484115,-0.02936590517939282,0,0.21201022851363738,1.4949997026729989,0
-0.0047686745392582055,-0.02889176283382958,0,0.25097423121321083,1.525720328618073,0
-0.005308030125121642,-0.028454180574351874,0,0.2898760288020512,1.5563880002167207,0
-0.005805558490253685,-0.02804676251242315,0,0.3287157381860437,1.587062106724503,0
-0.006265417541070626,-0.027658161781186595,0,0.36752371487957824,1.6177352077748557,0
-0.00669099010022594,-0.027278900511112078,0,0.4062712388417782,1.648397926844745,0
-0.007083891489381448,-0.026897640211917248,0,0.44494607475332093,1.679017387721106,0
-0.006671184012522723,-0.026724422152056535,0,0.43774403432057274,1.7280059641580738,0
-0.006974857748215532,-0.026335907835747085,0,0.4764555166442799,1.7584105664013518,0
-0.007463228823768977,-0.025888507163060678,0,0.5150815458796802,1.7891616994758608,0
-0.005820281123459212,-0.02547645724777567,0,0.5533480134903668,1.820370353074562,0
0.0022986786274230356,-0.02257473369655621,0,0.597764505361017,1.8538753727230886,0
0.006599569711848357,-0.0368991276611307,0,0.5805693529125178,1.9138806719486827,0
-0.002329425541688833,-0.03213183769400964,0,0.09647632513066928,1.352409844500705,0
0.016109079436638144,-0.04747170548127011,0,-0.1250131795732455,1.035561018515463,0
0.025444657253317553,-0.0371778608836571,0,-0.14673047483692778,0.989176509908181,0
-0.004647290887631532,0.02789239834194156,0,0.27557550585248103,-1.654329840225027,0
-0.004365693913750279,0.02767666467733724,0,0.268386524175806,-1.7032808422062349,0
-0.004805462063738972,0.027413943713098663,0,0.3071491288546042,-1.7340247508089381,0
-0.004522192234186775,0.02730102588345675,0,0.2999487683962818,-1.7830134130350404,0
-0.004808808415974762,0.027066282802921865,0,0.3386296248089178,-1.8137163862411327,0
-0.004938614349840954,0.026573969974737526,0,0.37709690245515404,-1.8442659484441617,0
-0.0048695599782206745,0.025914319002881513,0,0.41470166107193385,-1.8742998673352531,0
-0.008482764781862849,0.026207474725371802,0,0.4517022244215716,-1.9051230532793946,0
-0.013050238059448414,0.022155942827366857,0,0.438202479008571,-1.9514042603701425,0
-0.004131245854612004,0.028211817752505516,0,0.23671806579169352,-1.6236436484415262,0
-0.0035730979996307964,0.028547531062558716,0,0.1979408375207904,-1.593006883881828,0
-0.0029929332817251416,0.028907182402804165,0,0.16001691586498878,-1.562047742327355,0
-0.0023682833814131854,0.02929781555394342,0,0.12292161373287694,-1.530124103446566,0
-0.0016889709983445144,0.029686963730688173,0,0.08370390425982571,-1.500907669817843,0
-0.0008970846855491015,0.030075175796882948,0,0.04359109009904612,-1.475000000000001,0
-0.0010066643658178012,0.030797559897362596,0,0.045487959753648374,-1.4253534333835467,0
3.4545672876184894e-15,0.031265285306071325,0,-4.516710362651758e-16,-1.4,0
6.7145102862266774e-15,0.032276699807722804,0,-4.2760976336552557e-16,-1.35,0
0.0012813700917752178,0.03280263785583281,0,-0.05187126222773946,-1.325083796556721,0
0.0027005435013763793,0.033356598330666745,0,-0.09963648513448635,-1.294507111164958,0
0.002708413848228561,0.035059385477753925,0,-0.09005898609444002,-1.245307382624987,0
0.004228222368733674,0.0360066887522352,0,-0.12933259887127135,-1.210010914357945,0
0.005568915266777668,0.03612535212956976,0,-0.17171886473413936,-1.1881852256906802,0
0.006382596135067096,0.03793362075354385,0,-0.17799644833867748,-1.139060617110101,0
0.006935483438878458,0.039753683501266686,0,-0.1851149194159324,-1.090105394089912,0
0.007772261488825612,0.040794726177203755,0,-0.22010089776117214,-1.0625488624810968,0
-0.0006067426172063204,0.045459751972633314,0,-0.2265859386866628,-1.018488388592635,0
-0.0035362322562021214,0.05950518781125552,0,-0.24298018056647994,-0.9700312530284172,0
-0.0012813700917599985,-0.03280263785584268,0,0.0518712622277393,1.325083796556721,0
7.473834095061905e-15,-0.03361962621107949,0,2.220446049250313e-16,1.3,0
0.0013495308063466238,-0.0343008492750951,0,-0.04530777872419177,1.275068861232616,0
0.001525376052081701,-0.0360841469311245,0,-0.04504518356511778,1.2242538135382919,0
0.003012454453144019,-0.036833911954969774,0,-0.08809221923470846,1.197018626328959,0
0.00486544219958143,-0.037981462962282386,0,-0.12557428605446022,1.161007384923481,0
0.006469233245184436,-0.03980692172166984,0,-0.1389206169274551,1.110125723683732,0
0.00727046711770404,-0.04175704351738687,0,-0.1484540183781487,1.069478001292287,0
0.009046088718048599,-0.036156401048647674,0,-0.17875432905531205,1.034882314224999,0
-0.005639693974306012,-0.034302536685291346,0,-0.19509032252401678,0.9807852803022052,0
-0.0020876083179465323,-0.031061887368578796,0,0.0933494531465171,1.402605880785698,0
-0.001158115725169314,-0.031701884787135634,0,0.048551477404732424,1.375700978922926,0
-0.0018618675845326572,-0.03031614485433723,0,0.08823641268801663,1.4527678473143768,0
-0.0025943493811580306,-0.029831992706412458,0,0.12807480255857318,1.481355706736923,0
-0.0032629128496154025,-0.02935319648597005,0,0.1665210482611943,1.512466978477769,0
-0.0038629081160089633,-0.028921236530434262,0,0.20497932559438214,1.5439550105116622,0
-0.004433148362238853,-0.028522323368654245,0,0.24389021285287793,1.574695950369547,0
-0.004961377314485192,-0.02814991238267226,0,0.28273487876407355,1.605378193961792,0
-0.005448359987611561,-0.02779452356044312,0,0.3215565346357663,1.63602157031247,0
-0.005892063922370153,-0.027446853505838587,0,0.36035178515516386,1.6666859882254128,0
-0.006297480879370722,-0.02709290659713842,0,0.3990923872639005,1.69736270689525,0
-0.0059053647656812,-0.026928232762046152,0,0.39187120676076037,1.746291315984602,0
-0.006278903995981124,-0.026552866560441188,0,0.43058236603674716,1.7769062943872238,0
-0.006550755627890792,-0.026267438704226466,0,0.46926374110706504,1.8074088000968138,0
-0.006583058960178161,-0.02604006801781299,0,0.507493158805898,1.839778857711146,0
-0.014311278154794887,-0.027936656584164304,0,0.5444373455470712,1.877224849030564,0
-0.012145128202898507,-0.01999561256170202,0,0.5334255134940429,1.9275521319937408,0
-0.0038615797896816026,0.02794549824942818,0,0.22952934363430788,-1.6726091660339908,0
-0.0036341619777399757,0.027712160311171696,0,0.22236316409567142,-1.721615415768595,0
-0.004119653110038403,0.02750520714597332,0,0.2612371586543669,-1.752319126090208,0
-0.003959442987359145,0.027368058972698818,0,0.2540514458051961,-1.8013182541524269,0
-0.004221349153321804,0.027321322692926597,0,0.29279373588153,-1.831969037211615,0
-0.004233158406195472,0.027195407140793708,0,0.3315035453439785,-1.8625521986743323,0
-0.004378624069097692,0.02669561120080712,0,0.37042659224067154,-1.8891167372137851,0
-0.005937820362299177,0.021033909813796263,0,0.4041925223339651,-1.9191261706157217,0
0.007896662557651871,0.020185070655447543,0,0.39018064286380827,-1.9615705610388794,0
-0.0033074228553736846,0.028233753644950323,0,0.1906376161256319,-1.6418418561769728,0
-0.002737418164503225,0.02853027129311426,0,0.1527607351834993,-1.612456496121592,0
-0.002146948524365235,0.02884119349169272,0,0.116935973329818,-1.5808759387735807,0
-0.0015382244395003213,0.029171118839671425,0,0.0802500301075885,-1.5519292488713878,0
-0.000818994096651014,0.029485536686840702,0,0.04278039884806055,-1.525033915845612,0
1.0993753376622036e-15,0.029789485447728227,0,-2.77748977139445e-16,-1.5,0
1.4703959385583631e-15,0.030456513579035956,0,-4.75732309164826e-16,-1.4499999999999997,0
0.001006664365824018,0.030797559897357746,0,-0.04548795975364922,-1.4253534333835467,0
0.001158115725179557,0.031701884787131526,0,-0.0485514774047326,-1.375700978922926,0
0.002329425541696335,0.032131837694000596,0,-0.09647632513066944,-1.352409844500705,0
0.0036017686351843938,0.03226960287231683,0,-0.1431136157671413,-1.331276302514291,0
0.004071135989777618,0.033396150711192216,0,-0.15423797838408163,-1.282167594887338,0
0.0048381029490001184,0.034615929687889145,0,-0.16339032309227747,-1.237022592969058,0
0.006098303261644264,0.034735152225044176,0,-0.20947580326456378,-1.218831323605658,0
0.00687107482732646,0.03630780996909963,0,-0.2166935967577567,-1.169802319917377,0
0.007560440334493293,0.03811837291420619,0,-0.22191810231964765,-1.119217208372746,0
0.008753976935062763,0.03882117274007204,0,-0.26891265440161666,-1.102146110577886,0
0.009039795802739347,0.04173030693818244,0,-0.2690254522775383,-1.051901303151065,0
0.014742056509554425,0.05268892886947358,0,-0.27894065046113503,-1.004197890929559,0
0.027062749864406082,0.04865510990015803,0,-0.2902846780356869,-0.9569403354952272,0
0.003759296319254133,0.03453670833355882,0,-0.12743158589018105,-1.252124005671904,0
5.489386812269672e-15,-0.03227669980772185,0,2.220446049250313e-16,1.35,0
3.1430329761276904e-15,-0.031265285306070686,0,2.220446049250313e-16,1.4,0
-0.0010066643658194492,-0.03079755989735854,0,0.045487959753649054,1.4253534333835467,0
-0.0008970846855464383,-0.03007517579688028,0,0.043591090099046825,1.475000000000001,0
-0.0016889709983426793,-0.029686963730684558,0,0.08370390425982643,1.500907669817843,0
-0.0023682833814137353,-0.029297815553937512,0,0.12292161373287769,1.530124103446566,0
-0.002992933281724201,-0.02890718240279745,0,0.16001691586498956,1.562047742327355,0
-0.003573097999633779,-0.028547531062551038,0,0.19794083752079117,1.593006883881828,0
-0.004131245854618321,-0.028211817752493262,0,0.2367180657916943,1.6236436484415262,0
-0.004647290887647506,-0.027892398341932245,0,0.2755755058524818,1.654329840225027,0
-0.005115877644463695,-0.02758314143843054,0,0.31438987038694255,1.684974533098074,0
-0.005534163777488927,-0.027269777537727892,0,0.35311879154194203,1.715666618898736,0
-0.005171772750619818,-0.027127252325573867,0,0.34583151637307785,1.7647329237059197,0
-0.005484081466625013,-0.02678542752465125,0,0.38455640201604613,1.795390116905958,0
-0.005883528649941328,-0.02629193250714934,0,0.4232389998707704,1.8261477166214717,0
-0.0069287997512306665,-0.02593823753764096,0,0.4608939174569606,1.857834345994978,0
-0.0027652008343909272,-0.025950819158014067,0,0.49731875304375506,1.8912626241194848,0
-0.005054098843510924,-0.029897137763263044,0,0.4859603585369858,1.940062506707092,0
0.0012813700917742867,-0.032802637855837286,0,-0.05187126222773882,1.325083796556721,0
0.0027005435013811056,-0.03335659833066704,0,-0.09963648513448574,1.294507111164958,0
0.002708413848246525,-0.035059385477764264,0,-0.09005898609443941,1.245307382624987,0
0.004228222368761013,-0.03600668875220981,0,-0.1293325988712708,1.210010914357945,0
0.005568915266788436,-0.03612535212948593,0,-0.1717188647341388,1.1881852256906802,0
0.006382596134960313,-0.03793362075335127,0,-0.17799644833867692,1.139060617110101,0
0.006935483438765278,-0.03975368350050167,0,-0.1851149194159319,1.090105394089912,0
0.007772261487741494,-0.04079472617768774,0,-0.22010089776117164,1.0625488624810968,0
-0.0006067426201695603,-0.04545975197836093,0,-0.2265859386866623,1.018488388592635,0
-0.0035362322509244603,-0.05950518781987948,0,-0.2429801805664795,0.9700312530284172,0
-0.0030955519293744058,0.027942575390021075,0,0.18344090596647283,-1.6908803126025873,0
-0.002906251679794668,0.027698958017533793,0,0.17634814674090943,-1.739949481250468,0
-0.003453172816247862,0.027507432760139706,0,0.21524160504089612,-1.7706299738893438,0
-0.003372061224270809,0.027307646720392657,0,0.20811832087116944,-1.819599540244635,0
-0.0038673187122102728,0.027352760176716086,0,0.24693433357904815,-1.8501983997101288,0
-0.004568421535589119,0.027486483923880537,0,0.28832046710270043,-1.8882684674594497,0
-0.0035714261588555537,0.02754721680480889,0,0.33261352463917127,-1.9008681197929178,0
0.0052870332836797915,0.031051826141596083,0,0.358379397354349,-1.9289534975949967,0
-0.007882401853307061,0.03919347024222166,0,0.34192377647546823,-1.97055528495923,0
-0.0024952307047438403,0.028199956760173065,0,0.1444816360713198,-1.6601735157582207,0
-0.001907170249930854,0.02847131592890589,0,0.10842004750359668,-1.6326138967520785,0
-0.0013696196564686254,0.028716985185914246,0,0.07418101540416588,-1.6041534622706848,0
-0.0007378064435079613,0.02897944459001106,0,0.04020811358870148,-1.5750473763318131,0
-2.0160629714702392e-15,0.029239359414829986,0,-3.018102500390954e-16,-1.5500000000000003,0
0.0008189940966466066,0.029485536686837368,0,-0.04278039884806147,-1.525033915845612,0
0.0008970846855500856,0.03007517579688034,0,-0.043591090099047006,-1.475000000000001,0
0.0018618675845356325,0.030316144854334082,0,-0.0882364126880168,-1.4527678473143768,0
0.0020876083179536898,0.031061887368574292,0,-0.09334945314651727,-1.402605880785698,0
0.003197430918824577,0.031251421937411594,0,-0.13912838018174728,-1.383272033175373,0
0.004342917255141941,0.03132946303750764,0,-0.18755384618638254,-1.365924926147193,0
0.004836935427850885,0.03230835632736499,0,-0.19193062216878834,-1.315452553377113,0
0.005430273210178071,0.03338767196186416,0,-0.19967445931444122,-1.2668207874490909,0
0.006690665779149587,0.03340339432436196,0,-0.2482259534438102,-1.249549437856368,0
0.007438070316703487,0.034745130745311256,0,-0.25569214394846707,-1.20081514108489,0
0.008190799896215378,0.03644700666781144,0,-0.26269009724273057,-1.151639946060103,0
0.009771602484132608,0.036498476237214916,0,-0.308436965831899,-1.134335909489621,0
0.011090514162012196,0.03904007260793818,0,-0.31370862659348225,-1.0856398098607392,0
0.01264140584443639,0.041587046551164804,0,-0.3191632753664118,-1.0368128704020472,0
0.018723551824064467,0.04276024480220271,0,-0.3284235297700594,-0.9886217685443469,0
0.018170554823369402,0.03785465704595402,0,-0.3368898542958706,-0.9415440648596894,0
0.001158115725178506,-0.03170188478713166,0,-0.04855147740473193,1.375700978922926,0
0.0010066643658231905,-0.030797559897356327,0,-0.04548795975364854,1.4253534333835467,0
3.108901051268679e-15,-0.030456513579033458,0,2.220446049250313e-16,1.4499999999999997,0
2.019881001405963e-15,-0.02978948544772531,0,4.440892098500626e-16,1.5,0
-0.0008189940966489617,-0.029485536686837493,0,0.042780398848061285,1.525033915845612,0
-0.001538224439497945,-0.02917111883966701,0,0.08025003010758924,1.5519292488713878,0
-0.0021469485243642305,-0.028841193491684493,0,0.11693597332981875,1.5808759387735807,0
-0.0027374181645030203,-0.028530271293102708,0,0.15276073518350008,1.612456496121592,0
-0.0033074228553747263,-0.02823375364493307,0,0.19063761612563268,1.6418418561769728,0
-0.003861579789692811,-0.027945498249408753,0,0.22952934363430866,1.6726091660339908,0
-0.004365693913771569,-0.027676664677324648,0,0.2683865241758068,1.7032808422062349,0
-0.004805462063763838,-0.027413943713097393,0,0.3071491288546051,1.7340247508089381,0
-0.004522192234237084,-0.027301025883480736,0,0.2999487683962827,1.7830134130350404,0
-0.004808808415964347,-0.027066282803015724,0,0.33862962480891867,1.8137163862411327,0
-0.004938614349474528,-0.026573969974741294,0,0.3770969024551549,1.8442659484441617,0
-0.004869559977709669,-0.025914319002586745,0,0.41470166107193474,1.8742998673352527,0
-0.008482764786405923,-0.02620747472000474,0,0.4517022244215725,1.9051230532793941,0
-0.013050238055075629,-0.022155942815988528,0,0.4382024790085719,1.951404260370142,0
0.0023294255416961792,-0.03213183769399899,0,-0.0964763251306688,1.352409844500705,0
0.0036017686351859563,-0.03226960287231575,0,-0.14311361576714063,1.331276302514291,0
0.004071135989777593,-0.03339615071118569,0,-0.15423797838408101,1.282167594887338,0
0.004838102949005048,-0.0346159296878596,0,-0.16339032309227686,1.237022592969058,0
0.006098303261611233,-0.034735152225018384,0,-0.20947580326456317,1.218831323605658,0
0.006871074827243391,-0.036307809969038034,0,-0.21669359675775615,1.169802319917377,0
0.007560440334149297,-0.03811837291416358,0,-0.2219181023196471,1.119217208372746,0
0.00875397693492813,-0.038821172740360226,0,-0.2689126544016161,1.102146110577886,0
0.009039795802361965,-0.041730306938748796,0,-0.26902545227753777,1.051901303151065,0
0.014742056514982102,-0.05268892887031944,0,-0.2789406504611346,1.004197890929559,0
0.027062749869173244,-0.048655109894270326,0,-0.29028467803568647,0.9569403354952272,0
0.0037592963192654826,-0.034536708333550395,0,-0.12743158589018044,1.252124005671904,0
-0.0022827849398190368,0.027922059687559696,0,0.1373372338098771,-1.7092507103059824,0
-0.0021555727710179614,0.02757912551752408,0,0.13005416236622175,-1.7593661893864032,0
-0.002792698826062793,0.027421459635504138,0,0.16927364070638107,-1.7889718720245857,0
-0.0026405448879694058,0.027113752667171098,0,0.1621490675829853,-1.837947665295526,0
-0.0035126590963038026,0.027001697533458956,0,0.20004092410567043,-1.8672936272969487,0
-0.004002678868899671,0.027211031054532358,0,0.23713906610812097,-1.8999617037780747,0
0.005404895497475985,0.030503186254653963,0,0.2642026521989158,-1.93992705931324,0
-0.013469432584497835,0.02658449555791221,0,0.3109393255730093,-1.9324841119494491,0
-0.0006788733496056978,0.018267762097144893,0,0.29346094804526446,-1.978353020057941,0
-0.00171106257549699,0.028111412933709886,0,0.09900746682428715,-1.680355808766392,0
-0.0011815128801513496,0.028344574472645014,0,0.06513943335730685,-1.655127595563618,0
-0.0006129886731007085,0.028588850613435635,0,0.03553674009030561,-1.6254834332807477,0
-5.651134954780114e-15,0.02879377609119805,0,-3.2587152293874553e-16,-1.6,0
0.0007378064435009894,0.028979444590005295,0,-0.040208113588702445,-1.5750473763318131,0
0.0015382244394956243,0.029171118839664518,0,-0.08025003010758944,-1.5519292488713878,0
0.0016889709983411746,0.029686963730681203,0,-0.08370390425982661,-1.500907669817843,0
0.002594349381155569,0.0298319927064058,0,-0.12807480255857337,-1.481355706736923,0
0.002885151591357059,0.030473733996728168,0,-0.1339685037429105,-1.432372386813668,0
0.003933715123772443,0.03052248467895781,0,-0.1803085371168633,-1.415042858290683,0
0.0049976059478754,0.03055042536514414,0,-0.226462760447891,-1.3967556434549313,0
0.005500272898673841,0.03131862863128048,0,-0.2337078337063405,-1.347657995702593,0
0.006036872863213081,0.032267040378115334,0,-0.2409704972819501,-1.2985876924889,0
0.007270462535156616,0.032221692891718494,0,-0.2870510277159113,-1.280334932435385,0
0.007991609394949122,0.03335444039707846,0,-0.2945843449848361,-1.231677909434284,0
0.008803901943060244,0.03476606221990119,0,-0.3019187746551887,-1.183185460292307,0
0.010262260831829224,0.0346111495916459,0,-0.34784616906804755,-1.1659184707108032,0
0.01139150258209911,0.03627731062658274,0,-0.3549575354954195,-1.1172133050891293,0
0.013066820862351187,0.03837997119441773,0,-0.3622217799782452,-1.0686406496426593,0
0.014945410546581068,0.0406200783876512,0,-0.3680458222700123,-1.0196738491723591,0
0.01410583481563559,0.041985620451872034,0,-0.3754615323548295,-0.9716515897092132,0
0.010645291790778527,0.04806294512670381,0,-0.38268343336843447,-0.9238795320956877,0
0.002087608317953726,-0.031061887368574858,0,-0.0933494531465166,1.402605880785698,0
0.0018618675845363964,-0.030316144854335175,0,-0.0882364126880161,1.4527678473143768,0
0.0008970846855512047,-0.030075175796879707,0,-0.0435910900990463,1.475000000000001,0
0.0008189940966526099,-0.029485536686836282,0,-0.04278039884806074,1.525033915845612,0
1.1986310990279716e-15,-0.029239359414827193,0,4.440892098500626e-16,1.5500000000000003,0
-0.0007378064435041823,-0.028979444590007848,0,0.04020811358870224,1.5750473763318131,0
-0.001369619656462668,-0.02871698518590611,0,0.07418101540416666,1.6041534622706848,0
-0.001907170249925703,-0.028471315928895864,0,0.10842004750359746,1.6326138967520785,0
-0.0024952307047410444,-0.028199956760155694,0,0.14448163607132058,1.6601735157582207,0
-0.003095551929375691,-0.027942575389994714,0,0.18344090596647367,1.6908803126025873,0
-0.0036341619777609142,-0.027712160311142778,0,0.22236316409567225,1.721615415768595,0
-0.004119653110077826,-0.027505207145950977,0,0.2612371586543678,1.752319126090208,0
-0.0039594429874605895,-0.027368058972673394,0,0.254051445805197,1.8013182541524269,0
-0.004221349153460029,-0.027321322692975776,0,0.2927937358815309,1.831969037211615,0
-0.004233158406276799,-0.02719540714120136,0,0.3315035453439794,1.8625521986743323,0
-0.004378624068487495,-0.026695611201254705,0,0.3704265922406724,1.8891167372137851,0
-0.005937820354118477,-0.021033909812613858,0,0.40419252233396596,1.9191261706157212,0
0.007896662569225475,-0.020185070664150928,0,0.39018064286380927,1.961570561038879,0
0.0031974309188250033,-0.03125142193741185,0,-0.1391283801817466,1.383272033175373,0
0.004342917255140907,-0.03132946303750741,0,-0.18755384618638188,1.365924926147193,0
0.004836935427847063,-0.03230835632736299,0,-0.19193062216878773,1.315452553377113,0
0.005430273210171509,-0.0333876719618539,0,-0.1996744593144406,1.2668207874490909,0
0.006690665779126809,-0.03340339432436067,0,-0.2482259534438096,1.249549437856368,0
0.007438070316649315,-0.03474513074532635,0,-0.2556921439484665,1.20081514108489,0
0.008190799896087808,-0.03644700666787539,0,-0.26269009724273,1.151639946060103,0
0.009771602484101643,-0.03649847623733265,0,-0.30843696583189845,1.134335909489621,0
0.011090514162203264,-0.039040072608204426,0,-0.3137086265934817,1.0856398098607392,0
0.012641405845093814,-0.04158704655141763,0,-0.31916327536641137,1.0368128704020472,0
0.018723551821674556,-0.04276024480169272,0,-0.32842352977005895,0.9886217685443471,0
0.018170554824072607,-0.03785465704750497,0,-0.33688985429587015,0.9415440648596897,0
-0.0014551153344247382,0.027811261128414158,0,0.08446628922661864,-1.7333463122847295,0
-0.0015588474715774229,0.02747818437695899,0,0.09225907196800812,-1.7808935971466178,0
-0.00200852310542759,0.02731450644794768,0,0.12400935585313547,-1.8074161377337727,0
-0.002256628170880098,0.026889376299100463,0,0.11832672542766698,-1.8566382578642138,0
-0.002801904576366559,0.026715187287369692,0,0.15455984204448692,-1.885264390806146,0
-0.003336028116627958,0.026802965687827595,0,0.18668005450213182,-1.912482003698244,0
-0.01730460445463439,0.024221250434716617,0,0.21696083777936143,-1.9466861376540276,0
-0.011645936517688114,0.04133244128525015,0,0.244821349716056,-1.9849590692815833,0
-0.0008498113062273371,0.028042489279642147,0,0.051981915313274854,-1.6968314955187132,0
-0.0005404679008382782,0.02828969303733962,0,0.029988870108708626,-1.6682265892867811,0
-7.363911718737001e-15,0.028355738686752764,0,-3.499327958383958e-16,-1.65,0
0.0006129886730884409,0.028588850613432453,0,-0.03553674009030658,-1.6254834332807477,0
0.0013696196564583275,0.028716985185905607,0,-0.07418101540416687,-1.6041534622706848,0
0.0021469485243605763,0.028841193491682206,0,-0.11693597332981893,-1.5808759387735807,0
0.0023682833814100625,0.029297815553935236,0,-0.12292161373287788,-1.530124103446566,0
0.003262912849614785,0.02935319648596593,0,-0.16652104826119446,-1.512466978477769,0
0.0035690049032496385,0.0298900484452195,0,-0.17304630377563332,-1.464162576520311,0
0.004561458767901169,0.029903846698123546,0,-0.21922941831972095,-1.445862726266407,0
0.005579369394744187,0.029865872373121792,0,-0.2653619377813314,-1.427575947573089,0
0.006065356653875951,0.030509321604524166,0,-0.2725948296956932,-1.3784788153751388,0
0.0066270340625986055,0.031286828744839984,0,-0.27983033267682406,-1.329394721754459,0
0.007768465914893072,0.031175394502945458,0,-0.32593760893702295,-1.3111714858139034,0
0.008479625012206912,0.03210294362790747,0,-0.3333668210357331,-1.2624620533703903,0
0.009299698767514773,0.03321759039202536,0,-0.3408518767713714,-1.214071734541909,0
0.010618891181384536,0.032982478060184096,0,-0.3866367463329262,-1.196216777394312,0
0.011711816162230548,0.034317438336302825,0,-0.39359265178888586,-1.1477751322528322,0
0.013047697735355225,0.035889075759147,0,-0.4007424435001527,-1.0990421277971383,0
0.01458759732251976,0.03774091533406074,0,-0.40801797593576,-1.0504493620355853,0
0.016630714765054205,0.03946792692157958,0,-0.4149868402147686,-1.001866854700305,0
0.01849883922509873,0.04639394724599861,0,-0.42160120269297774,-0.9527773036306831,0
0.029858349546328086,0.04448791322863503,0,-0.4275550943054308,-0.9039892927095289,0
0.0028851515913586594,-0.030473733996729823,0,-0.13396850374290983,1.432372386813668,0
0.003933715123772766,-0.030522484678959644,0,-0.18030853711686262,1.415042858290683,0
0.004997605947874357,-0.03055042536514721,0,-0.22646276044789032,1.3967556434549313,0
0.005500272898667166,-0.03131862863128308,0,-0.23370783370633982,1.347657995702593,0
0.006036872863201421,-0.032267040378115744,0,-0.2409704972819495,1.2985876924889,0
0.00727046253514195,-0.03222169289172741,0,-0.2870510277159106,1.280334932435385,0
0.007991609394926843,-0.03335444039709774,0,-0.29458434498483554,1.231677909434284,0
0.008803901943033222,-0.03476606221995566,0,-0.3019187746551881,1.183185460292307,0
0.0102622608318435,-0.034611149591707704,0,-0.347846169068047,1.1659184707108032,0
0.01139150258216163,-0.03627731062666038,0,-0.3549575354954189,1.1172133050891293,0
0.013066820862481718,-0.038379971194425024,0,-0.3622217799782446,1.0686406496426593,0
0.014945410546894827,-0.04062007838747229,0,-0.36804582227001187,1.0196738491723591,0
0.014105834817819147,-0.041985620449922066,0,-0.37546153235482904,0.9716515897092134,0
0.010645291787523332,-0.048062945123381884,0,-0.382683433368434,0.923879532095688,0
0.00259434938115694,-0.029831992706407632,0,-0.12807480255857265,1.481355706736923,0
0.0016889709983437526,-0.029686963730682327,0,-0.08370390425982589,1.500907669817843,0
0.0015382244394975737,-0.02917111883966366,0,-0.08025003010758869,1.5519292488713878,0
0.000737806443505609,-0.028979444590006037,0,-0.04020811358870168,1.5750473763318131,0
5.958569109890238e-16,-0.02879377609119895,0,4.440892098500626e-16,1.6,0
-0.0006129886730912841,-0.02858885061343225,0,0.035536740090306385,1.6254834332807477,0
-0.0011815128801409484,-0.028344574472640296,0,0.06513943335730765,1.655127595563618,0
-0.0017110625754837242,-0.028111412933698857,0,0.09900746682428796,1.680355808766392,0
-0.0022827849398029624,-0.02792205968753189,0,0.13733723380987795,1.7092507103059824,0
-0.0029062516797955028,-0.02769895801748671,0,0.17634814674091026,1.739949481250468,0
-0.003453172816283957,-0.027507432760081375,0,0.21524160504089696,1.7706299738893438,0
-0.003372061224350262,-0.02730764672025492,0,0.20811832087117033,1.819599540244635,0
-0.0038673187124023184,-0.027352760176617953,0,0.24693433357904904,1.8501983997101288,0
-0.004568421536089205,-0.02748648392413451,0,0.2883204671027013,1.8882684674594497,0
-0.003571426159021683,-0.027547216805602157,0,0.33261352463917215,1.9008681197929178,0
0.005287033282632402,-0.03105182614705896,0,0.35837939735434987,1.9289534975949967,0
-0.007882401860749727,-0.03919347024581471,0,0.34192377647546923,1.97055528495923,0
-0.0007186703264808697,0.02749757402166266,0,0.04597447647800215,-1.7765698464807682,0
-0.0006510199684225261,0.02780054731942341,0,0.03764029347432368,-1.73480509929066,0
-1.3163885590451214e-14,0.02803052838782151,0,-3.7399406873804604e-16,-1.7,0
0.0005404679008184763,0.02828969303733444,0,-0.029988870108709636,-1.6682265892867811,0
0.0011815128801352384,0.02834457447263635,0,-0.06513943335730786,-1.655127595563618,0
0.0019071702499209341,0.028471315928893355,0,-0.10842004750359766,-1.6326138967520785,0
0.0027374181644987203,0.02853027129309861,0,-0.15276073518350028,-1.612456496121592,0
0.002992933281721895,0.028907182402794156,0,-0.16001691586498978,-1.562047742327355,0
0.0038629081160060446,0.02892123653042959,0,-0.2049793255943823,-1.5439550105116622,0
0.004187641013484474,0.029365905179388214,0,-0.21201022851363757,-1.4949997026729989,0
0.005149277414952208,0.029335080478699482,0,-0.258141192380699,-1.476666100659508,0
0.006120009912353202,0.029253146868170096,0,-0.3042270603573753,-1.458388756466627,0
0.006602560584174296,0.029777454965904896,0,-0.3114415387090043,-1.4093463981583103,0
0.007148803871339878,0.030410292069090933,0,-0.3186905432063473,-1.3601958706981223,0
0.008233257602970891,0.030251217420222996,0,-0.36474329295742697,-1.3420197378988001,0
0.00892290007242995,0.030998473640675754,0,-0.3720098234345868,-1.2929820038783402,0
0.00970879226538976,0.03189751665121255,0,-0.37941260423677237,-1.244579455981317,0
0.010927782671274146,0.03159520682619891,0,-0.4252794204484168,-1.2266405731933703,0
0.01193407610106265,0.03262647104594753,0,-0.43231871022101875,-1.1781463760709103,0
0.013127475354482726,0.03386072343923189,0,-0.43935936165323136,-1.1295773861480762,0
0.014562688337488632,0.03528565273628427,0,-0.446528304357973,-1.0808417087652382,0
0.01629886093916228,0.037030983532232206,0,-0.453750326671212,-1.0319088098025382,0
0.017964169111160794,0.03911507733139551,0,-0.4615420620437508,-0.9813884521041307,0
0.025406371738935646,0.03682515532952811,0,-0.4678329115627794,-0.9305459785467523,0
0.012172081819284713,0.03728040964777016,0,-0.4713967375487834,-0.8819212639620181,0
-0.001223090446953428,0.027178181599425772,0,0.07679107591606238,-1.8277694998474183,0
-0.0016099689935359194,0.026750286933536295,0,0.08555817925492645,-1.876816303509594,0
0.0002270783802903046,0.02640017122662986,0,0.11251150993909495,-1.9040053333338343,0
-0.0038121397915678265,0.025853055162514328,0,0.1453451031873198,-1.9218622004639243,0
0.011068789307949477,0.026303036648004194,0,0.16883687731132152,-1.953263734074862,0
-0.0034703035251246,0.008455679874855185,0,0.19603428015147445,-1.990369453394393,0
0.003569004903251034,-0.029890048445221366,0,-0.1730463037756326,1.464162576520311,0
0.0032629128496178017,-0.029353196485967455,0,-0.16652104826119374,1.512466978477769,0
0.002368283381412508,-0.02929781555393562,0,-0.12292161373287713,1.530124103446566,0
0.00214694852436498,-0.02884119349168303,0,-0.11693597332981819,1.5808759387735807,0
0.0013696196564638588,-0.028716985185905028,0,-0.07418101540416609,1.6041534622706848,0
0.0006129886730906514,-0.02858885061343125,0,-0.0355367400903058,1.6254834332807477,0
-2.797768986948288e-16,-0.028355738686752334,0,4.440892098500626e-16,1.65,0
-0.0005404679008235272,-0.02828969303733737,0,0.02998887010870943,1.6682265892867811,0
-0.0008498113062104054,-0.028042489279640752,0,0.05198191531327567,1.6968314955187132,0
-0.0014551153343892362,-0.027811261128401054,0,0.08446628922661947,1.7333463122847295,0
-0.002155572770983673,-0.02757912551747777,0,0.13005416236622258,1.7593661893864032,0
-0.002792698826047184,-0.02742145963541294,0,0.16927364070638196,1.7889718720245857,0
-0.002640544887945312,-0.027113752666952172,0,0.1621490675829862,1.837947665295526,0
-0.0035126590964230297,-0.027001697533249085,0,0.20004092410567131,1.8672936272969487,0
-0.00400267886951036,-0.02721103105422922,0,0.23713906610812185,1.8999617037780747,0
0.005404895497365388,-0.030503186252581263,0,0.2642026521989167,1.93992705931324,0
-0.013469432587649918,-0.02658449555815011,0,0.3109393255730102,1.9324841119494491,0
-0.0006788733542317757,-0.01826776209352777,0,0.29346094804526546,1.978353020057941,0
0.004561458767900247,-0.029903846698126936,0,-0.21922941831972023,1.445862726266407,0
0.005579369394742752,-0.02986587237312414,0,-0.2653619377813307,1.427575947573089,0
0.006065356653873763,-0.03050932160453116,0,-0.27259482969569254,1.3784788153751388,0
0.006627034062593153,-0.031286828744846826,0,-0.2798303326768234,1.329394721754459,0
0.0077684659148911615,-0.031175394502957525,0,-0.3259376089370223,1.3111714858139034,0
0.008479625012200521,-0.03210294362792623,0,-0.33336682103573256,1.2624620533703903,0
0.009299698767506843,-0.033217590392055935,0,-0.34085187677137085,1.214071734541909,0
0.010618891181396297,-0.03298247806021659,0,-0.38663674633292566,1.196216777394312,0
0.011711816162264606,-0.03431743833633816,0,-0.3935926517888853,1.1477751322528322,0
0.013047697735431973,-0.03588907575917676,0,-0.40074244350015215,1.0990421277971383,0
0.014587597322584937,-0.037740915333986456,0,-0.40801797593575945,1.0504493620355853,0
0.016630714764762917,-0.03946792692168111,0,-0.41498684021476817,1.001866854700305,0
0.018498839222135837,-0.04639394724706333,0,-0.4216012026929773,0.9527773036306834,0
0.029858349543229506,-0.0444879132348255,0,-0.42755509430543037,0.9039892927095291,0
-0.0005574627981918488,0.02725368692077781,0,0.03321336451665703,-1.825867869265637,0
-0.0004414605834185848,0.026767915371525286,0,0.04330127018922124,-1.8749999999999987,0
-0.0014795958594552125,0.02625736119799303,0,0.07732185336542982,-1.9182327217011752,0
-0.01202766125794793,0.02627986876542916,0,0.117588385052314,-1.9516064454522202,0
-0.002043424113677708,0.0397801499511299,0,0.1471291268716512,-1.9945809133815517,0
-2.6261500976031094e-14,0.02733004908212005,0,-4.2211661453734645e-16,-1.7999999999999998,0
-2.273991325050126e-14,0.02778296247225334,0,-3.980553416376964e-16,-1.7500000000000002,0
0.0006510199683931764,0.02780054731941266,0,-0.037640293474324724,-1.73480509929066,0
0.0008498113062048597,0.028042489279630912,0,-0.05198191531327588,-1.6968314955187132,0
0.001711062575481805,0.02811141293369534,0,-0.09900746682428817,-1.680355808766392,0
0.0024952307047355206,0.028199956760156554,0,-0.14448163607132078,-1.6601735157582207,0
0.0033074228553684926,0.028233753644930287,0,-0.19063761612563287,-1.6418418561769728,0
0.003573097999627938,0.02854753106254482,0,-0.19794083752079136,-1.593006883881828,0
0.0044331483622325005,0.028522323368646924,0,-0.24389021285287815,-1.574695950369547,0
0.004768674539254574,0.028891762833820354,0,-0.25097423121321105,-1.525720328618073,0
0.005691199896369785,0.02881825169746176,0,-0.297022355214984,-1.507402150851457,0
0.006620911475854384,0.028699213799865335,0,-0.3430488879727104,-1.489147238508587,0
0.007095627987752243,0.02912260716851555,0,-0.35024547450578897,-1.440166094838575,0
0.007628677533350405,0.029632635296560374,0,-0.35749510515074506,-1.3911859266070872,0
0.008653802508009664,0.029435264252512257,0,-0.40345861949465606,-1.372927970335845,0
0.00931565069020659,0.030028410817895087,0,-0.4107349083677036,-1.3235299389249993,0
0.010062607833506026,0.03073938655429016,0,-0.418015161239343,-1.2750544577923812,0
0.01119425080237114,0.0303940645885706,0,-0.4638327627957054,-1.2573541431005453,0
0.012124186104810778,0.031196763924633514,0,-0.4708985323807485,-1.2087065395314422,0
0.013209228035782358,0.03214797636117696,0,-0.4779611612252263,-1.16010884323164,0
0.01448595965037151,0.033269618941104716,0,-0.48508230693625215,-1.1114046269006421,0
0.015956922956472813,0.03455825880148384,0,-0.4922185747921503,-1.0626625393001552,0
0.01786524702535032,0.03611740095700195,0,-0.4997707221212973,-1.0131041598173953,0
0.020293104433708235,0.03749580034745904,0,-0.5078971467827026,-0.9587496398174936,0
0.015714813953711763,0.04810210236741775,0,-0.5137011943355826,-0.9068094239343711,0
0.04068568295964775,0.04402338405020043,0,-0.5141027447316917,-0.8577286096775256,0
0.004187641013484897,-0.029365905179391992,0,-0.21201022851363685,1.4949997026729989,0
0.0038629081160109803,-0.02892123653043206,0,-0.2049793255943816,1.5439550105116622,0
0.002992933281725654,-0.028907182402796723,0,-0.160016915864989,1.562047742327355,0
0.0027374181645040798,-0.028530271293101303,0,-0.1527607351834995,1.612456496121592,0
0.0019071702499263202,-0.028471315928895458,0,-0.10842004750359688,1.6326138967520785,0
0.0011815128801412817,-0.028344574472638554,0,-0.06513943335730706,1.655127595563618,0
0.000540467900823293,-0.02828969303733603,0,-0.02998887010870883,1.6682265892867811,0
-2.40411634573307e-15,-0.028030528387826662,0,4.440892098500626e-16,1.7,0
-0.0006510199684029138,-0.02780054731943596,0,0.037640293474324515,1.73480509929066,0
-0.0007186703264312061,-0.027497574021682812,0,0.04597447647800301,1.7765698464807682,0
-0.0015588474715046623,-0.02747818437694689,0,0.09225907196800898,1.7808935971466178,0
-0.0020085231053455182,-0.027314506447864387,0,0.12400935585313633,1.8074161377337727,0
-0.0022566281705356686,-0.026889376298956217,0,0.11832672542766787,1.8566382578642138,0
-0.0028019045762355506,-0.02671518728681748,0,0.1545598420444878,1.885264390806146,0
-0.003336028116944889,-0.026802965687036797,0,0.18668005450213276,1.912482003698244,0
-0.017304604452536676,-0.024221250437197386,0,0.21696083777936237,1.9466861376540276,0
-0.011645936511146999,-0.041332441284294585,0,0.24482134971605696,1.9849590692815833,0
0.005149277414952574,-0.029335080478704815,0,-0.2581411923806983,1.476666100659508,0
0.006120009912354869,-0.029253146868175678,0,-0.3042270603573746,1.458388756466627,0
0.006602560584172279,-0.029777454965910312,0,-0.31144153870900365,1.4093463981583103,0
0.007148803871336179,-0.030410292069098867,0,-0.31869054320634665,1.3601958706981223,0
0.008233257602969193,-0.03025121742023169,0,-0.3647432929574263,1.3420197378988001,0
0.008922900072429987,-0.03099847364068859,0,-0.3720098234345861,1.2929820038783402,0
0.0097087922653964,-0.031897516651235074,0,-0.3794126042367718,1.244579455981317,0
0.010927782671286853,-0.031595206826217845,0,-0.42527942044841627,1.2266405731933703,0
0.011934076101088677,-0.03262647104596879,0,-0.4323187102210182,1.1781463760709103,0
0.013127475354526708,-0.03386072343923944,0,-0.4393593616532308,1.1295773861480762,0
0.014562688337542479,-0.03528565273628933,0,-0.44652830435797247,1.0808417087652382,0
0.016298860939185027,-0.037030983532300416,0,-0.45375032667121157,1.0319088098025382,0
0.01796416911147308,-0.039115077331369076,0,-0.46154206204375037,0.981388452104131,0
0.0254063717411386,-0.03682515533256237,0,-0.46783291156277895,0.9305459785467525,0
0.0121720818307678,-0.03728040964492678,0,-0.471396737548783,0.8819212639620183,0
-6.2395998467922e-14,0.027120228095893716,0,-4.461778874369969e-16,-1.8500000000000003,0
-1.8289636314759652e-13,0.02705928852634111,0,-4.702391603366471e-16,-1.9000000000000001,0
-0.00023425289937579682,0.027307295871439916,0,0.037553985915335056,-1.928261180649688,0
0.010466387129504885,0.02319405567490171,0,0.07007625196366413,-1.9596774076060508,0
-0.00743055047006278,0.013244435941358051,0,0.09813534843591812,-1.9975909124210998,0
0.000718670326434769,0.02749757402164068,0,-0.045974476478003234,-1.7765698464807682,0
0.0014551153344019216,0.027811261128393334,0,-0.08446628922661968,-1.7333463122847295,0
0.0022827849398049855,0.02792205968753814,0,-0.13733723380987817,-1.7092507103059824,0
0.0030955519293649134,0.027942575389998118,0,-0.1834409059664739,-1.6908803126025873,0
0.00386157978967894,0.027945498249403688,0,-0.22952934363430882,-1.6726091660339908,0
0.0041312458546118955,0.02821181775248659,0,-0.2367180657916945,-1.6236436484415262,0
0.0049613773144813415,0.028149912382662443,0,-0.28273487876407377,-1.605378193961792,0
0.005308030125119548,0.028454180574343402,0,-0.28987602880205143,-1.5563880002167207,0
0.006194227117964359,0.02834518924032304,0,-0.3358702774328155,-1.538095442412545,0
0.007087377230240605,0.028194507736395855,0,-0.3818470441582402,-1.519856723120797,0
0.007554707631488208,0.02853577910001979,0,-0.3890181613194682,-1.4709227542214822,0
0.00807254166168728,0.028943024550428378,0,-0.39624209352543,-1.4220054950693592,0
0.009045470467606776,0.028712598713527878,0,-0.44215049307674276,-1.4038711475725771,0
0.00967579536882744,0.029173741856964034,0,-0.4493858238898895,-1.354955575942247,0
0.010384958067342909,0.029726986392869536,0,-0.4566925259191863,-1.3062533764974122,0
0.011435700285248106,0.02936618236218338,0,-0.5023621380309773,-1.2880914710239872,0
0.012296972082905764,0.029978171768464075,0,-0.5094748583675279,-1.2393250274103271,0
0.013285845364516788,0.030706620807666285,0,-0.5164565675553587,-1.190623776248984,0
0.014426829627021144,0.0315660885638967,0,-0.5236219767656427,-1.1419135844831623,0
0.015758596940001687,0.032566346270797686,0,-0.5305982052874259,-1.093119389235089,0
0.017324245436740146,0.03367650665541649,0,-0.5379745258904919,-1.0443954244305542,0
0.018990977903578486,0.03528607716881493,0,-0.5454051006855597,-0.9927589581188689,0
0.022179470828002926,0.03632424253970903,0,-0.5517769301698235,-0.9361280574853371,0
0.03187830302709457,0.029011053645439322,0,-0.562862935672958,-0.8854187084023333,0
0.008804195715613876,0.026684292746638957,0,-0.5555702334510615,-0.8314696120142536,0
0.0005574627980895865,0.027253686920744483,0,-0.03321336451665813,-1.825867869265637,0
0.004768674539257026,-0.028891762833826395,0,-0.2509742312132103,1.525720328618073,0
0.005691199896371496,-0.02881825169746952,0,-0.2970223552149832,1.507402150851457,0
0.006620911475855492,-0.028699213799873308,0,-0.3430488879727097,1.489147238508587,0
0.007095627987752839,-0.029122607168522503,0,-0.3502454745057883,1.440166094838575,0
0.007628677533349952,-0.02963263529656924,0,-0.3574951051507444,1.3911859266070872,0
0.00865380250801063,-0.029435264252522554,0,-0.4034586194946554,1.372927970335845,0
0.009315650690209133,-0.030028410817904232,0,-0.41073490836770293,1.3235299389249993,0
0.010062607833510475,-0.03073938655430202,0,-0.41801516123934235,1.2750544577923812,0
0.011194250802379154,-0.030394064588579173,0,-0.46383276279570484,1.2573541431005453,0
0.012124186104826965,-0.031196763924644967,0,-0.47089853238074797,1.2087065395314422,0
0.013209228035812494,-0.03214797636117761,0,-0.47796116122522575,1.16010884323164,0
0.014485959650412078,-0.03326961894110255,0,-0.4850823069362516,1.1114046269006421,0
0.01595692295654213,-0.034558258801456285,0,-0.49221857479214975,1.0626625393001552,0
0.017865247025495655,-0.03611740095702329,0,-0.49977072212129686,1.0131041598173953,0
0.020293104433995134,-0.03749580034728841,0,-0.5078971467827021,0.9587496398174938,0
0.015714813956752113,-0.0481021023613847,0,-0.5137011943355821,0.9068094239343714,0
0.04068568295059286,-0.044023384045273915,0,-0.5141027447316913,0.8577286096775258,0
0.004433148362236558,-0.028522323368651088,0,-0.24389021285287737,1.574695950369547,0
0.0035730979996334146,-0.02854753106254869,0,-0.19794083752079059,1.593006883881828,0
0.003307422855373864,-0.02823375364493202,0,-0.1906376161256321,1.6418418561769728,0
0.0024952307047406163,-0.028199956760156724,0,-0.14448163607132,1.6601735157582207,0
0.00171106257548625,-0.028111412933694638,0,-0.09900746682428736,1.680355808766392,0
0.0008498113062085012,-0.02804248927963508,0,-0.05198191531327506,1.6968314955187132,0
0.0006510199683963142,-0.027800547319427025,0,-0.03764029347432389,1.73480509929066,0
-7.321919447807829e-15,-0.027782962472275765,0,4.440892098500626e-16,1.7500000000000002,0
-2.3858019289286173e-14,-0.027330049082183394,0,4.440892098500626e-16,1.7999999999999998,0
-0.000557462798132954,-0.027253686920900348,0,0.033213364516657906,1.825867869265637,0
-0.0012230904468045745,-0.027178181599450353,0,0.07679107591606327,1.8277694998474183,0
-0.0016099689929245076,-0.026750286933655137,0,0.08555817925492737,1.876816303509594,0
0.00022707838024381755,-0.02640017122612813,0,0.11251150993909587,1.9040053333338343,0
-0.003812139790733729,-0.02585305516200277,0,0.14534510318732075,1.9218622004639243,0
0.011068789300862046,-0.026303036644367006,0,0.16883687731132246,1.953263734074862,0
-0.003470303533413015,-0.008455679880572215,0,0.1960342801514754,1.990369453394393,0
0.0004414605833865345,0.02676791537142782,0,-0.04330127018922237,-1.8749999999999987,0
0.0012230904469177754,0.027178181599365896,0,-0.0767910759160635,-1.8277694998474183,0
0.0015588474715459183,0.027478184376921552,0,-0.0922590719680092,-1.7808935971466178,0
0.0021555727710005465,0.027579125517491775,0,-0.13005416236622278,-1.7593661893864032,0
0.002906251679785354,0.027698958017506718,0,-0.17634814674091048,-1.739949481250468,0
0.003634161977735466,0.027712160311145824,0,-0.22236316409567247,-1.721615415768595,0
0.004365693913749031,0.02767666467730967,0,-0.26838652417580694,-1.7032808422062349,0
0.0046472908876346326,0.027892398341917375,0,-0.275575505852482,-1.654329840225027,0
0.0054483599876063125,0.027794523560427522,0,-0.32155653463576644,-1.6360215703124703,0
0.005805558490248718,0.028046762512411606,0,-0.32871573818604394,-1.5870621067245032,0
0.006661017705423082,0.027905223247558876,0,-0.3746944375912995,-1.568780685456473,0
0.007523259745797709,0.027729193720534315,0,-0.42060639106817477,-1.5505070239229581,0
0.007982948873599249,0.028005662770328996,0,-0.4277704117103889,-1.501594527869645,0
0.0084865347612094,0.028328283655006566,0,-0.4349346948827674,-1.4527104669804691,0
0.009412835487485546,0.028076763990755097,0,-0.4808141896676554,-1.434518849868267,0
0.010009970423389107,0.02843138358959857,0,-0.4879862440859432,-1.385711011541831,0
0.010678170854898575,0.028855028851256178,0,-0.49519113737046044,-1.336910852842581,0
0.011667216301569434,0.028480351110878255,0,-0.5409604740435414,-1.3187041651600198,0
0.012464151014244022,0.02893971457607286,0,-0.548000609435132,-1.2698873600378848,0
0.01336954898493275,0.029490201377864594,0,-0.5549153801891833,-1.2209649577838948,0
0.01440270624881883,0.030140707635012146,0,-0.5618783883164293,-1.1722197755310897,0
0.015593498424185724,0.030897774112738988,0,-0.5688032766987923,-1.1235534294985559,0
0.016945685872940174,0.03178017327046357,0,-0.5760366303895524,-1.0747444034304328,0
0.01854197283757934,0.032799215705188525,0,-0.5832219715065895,-1.0250348469647779,0
0.02070148809941389,0.033864325823330745,0,-0.5901000355418006,-0.9734586599499814,0
0.02000269477004526,0.03666366244951968,0,-0.5967194625730228,-0.9265112606822699,0
0.024813635021439837,0.036486411588147576,0,-0.609270641144163,-0.888823818325066,0
0.009089320789300344,0.05285989259674216,0,-0.6024251021860324,-0.8491017720403066,0
0.03532130337412382,0.067943776139058,0,-0.5956993047980853,-0.803207531253958,0
8.959776014054107e-15,0.02425067786937386,0,-4.943004332362972e-16,-1.95,0
-0.008164551811979729,0.02985972514434344,0,0.03508607853653872,-1.9642212497895688,0
0.0076334553862043636,0.035683556770620385,0,0.049082456912150116,-1.99939763739569,0
0.00023425289894932872,0.027307295871111508,0,-0.03755398591533622,-1.928261180649688,0
0.0053080301251231966,-0.028454180574349255,0,-0.28987602880205066,1.5563880002167207,0
0.006194227117966163,-0.028345189240330797,0,-0.3358702774328147,1.538095442412545,0
0.007087377230241234,-0.028194507736404858,0,-0.38184704415823945,1.519856723120797,0
0.007554707631489136,-0.02853577910002674,0,-0.38901816131946754,1.4709227542214822,0
0.00807254166168857,-0.02894302455043592,0,-0.39624209352542933,1.4220054950693592,0
0.009045470467607088,-0.028712598713536524,0,-0.4421504930767421,1.4038711475725771,0
0.00967579536882968,-0.02917374185697259,0,-0.44938582388988885,1.354955575942247,0
0.010384958067347388,-0.029726986392877162,0,-0.45669252591918563,1.3062533764974122,0
0.011435700285255535,-0.02936618236218975,0,-0.5023621380309766,1.2880914710239872,0
0.012296972082916767,-0.02997817176846933,0,-0.5094748583675273,1.2393250274103271,0
0.013285845364533918,-0.030706620807663027,0,-0.5164565675553581,1.190623776248984,0
0.014426829627047935,-0.0315660885638849,0,-0.5236219767656423,1.1419135844831623,0
0.015758596940037048,-0.03256634627077518,0,-0.5305982052874254,1.093119389235089,0
0.017324245436776357,-0.03367650665536752,0,-0.5379745258904914,1.0443954244305542,0
0.018990977903782416,-0.03528607716853591,0,-0.5454051006855593,0.9927589581188692,0
0.022179470827634593,-0.03632424253951484,0,-0.5517769301698231,0.9361280574853373,0
0.03187830302190388,-0.029011053648341053,0,-0.5628629356729575,0.8854187084023335,0
0.008804195715495957,-0.02668429275588395,0,-0.555570233451061,0.8314696120142538,0
0.004961377314485127,-0.028149912382668767,0,-0.282734878764073,1.605378193961792,0
0.004131245854617321,-0.02821181775249072,0,-0.23671806579169372,1.6236436484415262,0
0.0038615797896887696,-0.02794549824940894,0,-0.22952934363430805,1.6726091660339908,0
0.003095551929375255,-0.027942575389997483,0,-0.18344090596647306,1.6908803126025873,0
0.0022827849398097877,-0.027922059687531524,0,-0.13733723380987733,1.7092507103059824,0
0.0014551153343942789,-0.027811261128395433,0,-0.08446628922661885,1.7333463122847295,0
0.0007186703264166028,-0.027497574021654828,0,-0.045974476478002374,1.7765698464807682,0
0.0005574627980431512,-0.027253686920811218,0,-0.033213364516657254,1.825867869265637,0
-7.737981073640765e-14,-0.02712022809602556,0,4.440892098500626e-16,1.8500000000000003,0
-0.0004414605833173594,-0.026767915371847698,0,0.04330127018922214,1.8749999999999987,0
-0.0014795958584164252,-0.026257361198742727,0,0.07732185336543074,1.9182327217011752,0
-0.012027661251830997,-0.026279868762220417,0,0.11758838505231495,1.9516064454522202,0
-0.0020434241139896166,-0.03978014993952143,0,0.14712912687165214,1.9945809133815517,0
0.0016099689933824326,0.026750286933429256,0,-0.0855581792549276,-1.876816303509594,0
0.0014795958592116554,0.026257361197810566,0,-0.07732185336543096,-1.9182327217011752,0
-0.01046638712596404,0.023194055675514653,0,-0.0700762519636653,-1.9596774076060508,0
0.008164551809646889,0.029859725142426324,0,-0.0350860785365399,-1.9642212497895688,0
-2.0336797623275197e-12,0.023674069853012257,0,-5.183617061359476e-16,-2.0,0
0.002008523105424314,0.027314506447898047,0,-0.12400935585313654,-1.8074161377337727,0
0.002256628170803435,0.026889376299010854,0,-0.11832672542766809,-1.8566382578642138,0
0.0027926988260545175,0.02742145963547525,0,-0.1692736407063822,-1.7889718720245857,0
0.0034531728162358064,0.027507432760115177,0,-0.21524160504089715,-1.7706299738893438,0
0.0041196531100283615,0.027505207145939674,0,-0.2612371586543681,-1.752319126090208,0
0.004805462063741942,0.02741394371306105,0,-0.3071491288546054,-1.7340247508089381,0
0.0051158776444549465,0.027583141438408336,0,-0.3143898703869427,-1.6849745330980743,0
0.005892063922368757,0.027446853505817322,0,-0.36035178515516403,-1.666685988225413,0
0.006265417541071329,0.027658161781171697,0,-0.36752371487957847,-1.617735207774856,0
0.007095651230970234,0.02748987483491592,0,-0.4134744164963764,-1.5994759586643532,0
0.007933130793789591,0.027294229398739833,0,-0.45935407468174594,-1.5811556519968581,0
0.0083860590804895,0.02752087031862783,0,-0.4664979617709988,-1.532178596429625,0
0.008875608577070121,0.027777985593299002,0,-0.47364393902601065,-1.483337559407126,0
0.009758815666932959,0.027510705009417647,0,-0.5194966514366276,-1.4651228610774731,0
0.010327692591351679,0.02777906198195732,0,-0.5266645463085134,-1.4163189620861563,0
0.010959331941939808,0.028098465236992692,0,-0.5338238125609349,-1.3675109742324743,0
0.011887988282869974,0.027714480209266125,0,-0.5794975307215884,-1.3493514221344458,0
0.01263036215855896,0.02804942387273605,0,-0.5866113877317998,-1.3004422055586018,0
0.01346462331016898,0.028451838076966537,0,-0.593509912261829,-1.2514551744481708,0
0.014405677783734227,0.02893220341018484,0,-0.6003896438029142,-1.2025871732685858,0
0.01547529525867631,0.02949438233019239,0,-0.6072315446350107,-1.1536334045363275,0
0.016687360838840936,0.03014751763067666,0,-0.6144161180048069,-1.1050348978716238,0
0.01810479065118899,0.03090496409979608,0,-0.6215807479295329,-1.0556809766282138,0
0.019604956446067093,0.03187471589256073,0,-0.6284573073799119,-1.0059047240256815,0
0.021765407604694514,0.03268186138439225,0,-0.6355951571603499,-0.9569884918183371,0
0.023630341059919697,0.03411688338938328,0,-0.6434724295602686,-0.910234284142092,0
0.026362115070113993,0.03569314472295331,0,-0.6464138720581947,-0.864628456048897,0
0.0473937664308859,0.033957254899823895,0,-0.6399643707553332,-0.8199934384707416,0
0.040708567679457616,0.01742895973204125,0,-0.6343932843209605,-0.773010453233632,0
0.005805558490252953,-0.02804676251241761,0,-0.32871573818604316,1.5870621067245032,0
0.006661017705425298,-0.027905223247565936,0,-0.3746944375912987,1.568780685456473,0
0.007523259745798855,-0.027729193720544113,0,-0.420606391068174,1.5505070239229581,0
0.007982948873598945,-0.028005662770338113,0,-0.4277704117103881,1.501594527869645,0
0.008486534761210933,-0.028328283655011856,0,-0.43493469488276676,1.4527104669804691,0
0.009412835487486679,-0.028076763990761873,0,-0.4808141896676547,1.434518849868267,0
0.010009970423392373,-0.02843138358960756,0,-0.48798624408594254,1.385711011541831,0
0.01067817085490302,-0.028855028851260043,0,-0.4951911373704598,1.336910852842581,0
0.011667216301575193,-0.028480351110882644,0,-0.5409604740435408,1.3187041651600202,0
0.012464151014250783,-0.02893971457607496,0,-0.5480006094351313,1.2698873600378853,0
0.013369548984946788,-0.02949020137786118,0,-0.5549153801891826,1.2209649577838952,0
0.014402706248835601,-0.03014070763500169,0,-0.5618783883164287,1.1722197755310901,0
0.01559349842420444,-0.030897774112719757,0,-0.5688032766987918,1.1235534294985563,0
0.016945685872967943,-0.03178017327041537,0,-0.576036630389552,1.0747444034304332,0
0.01854197283758846,-0.03279921570511095,0,-0.583221971506589,1.0250348469647783,0
0.020701488099186198,-0.03386432582321435,0,-0.5901000355418001,0.9734586599499816,0
0.02000269477071616,-0.0366636624488947,0,-0.5967194625730223,0.9265112606822701,0
0.024813635020868165,-0.03648641158837769,0,-0.6092706411441625,0.8888238183250662,0
0.009089320795680922,-0.05285989259498266,0,-0.602425102186032,0.8491017720403068,0
0.03532130337716264,-0.06794377613034551,0,-0.5956993047980849,0.8032075312539583,0
0.0054483599876101844,-0.027794523560435838,0,-0.32155653463576567,1.6360215703124703,0
0.004647290887643146,-0.02789239834192683,0,-0.2755755058524812,1.654329840225027,0
0.0043656939137617385,-0.02767666467731986,0,-0.26838652417580616,1.7032808422062349,0
0.0036341619777516716,-0.027712160311149633,0,-0.22236316409567164,1.721615415768595,0
0.00290625167979779,-0.027698958017497177,0,-0.17634814674090965,1.739949481250468,0
0.0021555727710004476,-0.027579125517478313,0,-0.13005416236622194,1.7593661893864032,0
0.0015588474715312263,-0.027478184376915765,0,-0.09225907196800834,1.7808935971466178,0
0.0012230904468487774,-0.0271781815993814,0,-0.07679107591606261,1.8277694998474183,0
0.00044146058319858244,-0.026767915371410975,0,-0.04330127018922147,1.8749999999999987,0
-5.401798812746832e-13,-0.02705928852681114,0,4.440892098500626e-16,1.9000000000000001,0
-0.00023425289928369323,-0.027307295872537874,0,0.037553985915335986,1.928261180649688,0
0.010466387131171121,-0.023194055679224956,0,0.07007625196366507,1.9596774076060508,0
-0.007430550455998257,-0.013244435945179156,0,0.09813534843591909,1.9975909124210998,0
-0.0002270783797090038,0.026400171226375693,0,-0.1125115099390961,-1.9040053333338343,0
0.002801904576431494,0.026715187287236694,0,-0.15455984204448803,-1.885264390806146,0
0.0026405448880051177,0.027113752667123923,0,-0.16214906758298642,-1.837947665295526,0
0.003372061224267365,0.027307646720371524,0,-0.20811832087117055,-1.819599540244635,0
0.003959442987355397,0.027368058972673553,0,-0.25405144580519723,-1.8013182541524269,0
0.004522192234177086,0.027301025883414768,0,-0.2999487683962829,-1.7830134130350404,0
0.005171772750616233,0.027127252325512066,0,-0.34583151637307813,-1.76473292370592,0
0.00553416377748643,0.027269777537691903,0,-0.3531187915419422,-1.7156666188987362,0
0.006297480879377492,0.027092906597113,0,-0.39909238726390067,-1.6973627068952502,0
0.006690990100229335,0.027278900511095175,0,-0.40627123884177835,-1.6483979268447453,0
0.007505251556460129,0.02708799686175757,0,-0.4521775981785496,-1.6300816207427933,0
0.008324300563558566,0.02688106601792261,0,-0.49808885295392913,-1.6116046261293142,0
0.008768707074118599,0.027073980927464363,0,-0.5052166796183272,-1.5627636591291223,0
0.00924250222699747,0.02727968621612243,0,-0.5123478992267804,-1.5139186190521612,0
0.010086283359969242,0.027004349785864638,0,-0.5581773160330769,-1.4957010917114448,0
0.010628669009327203,0.027203253989339624,0,-0.5653297100242304,-1.4469192155108095,0
0.011225088604405978,0.027436770745445267,0,-0.5724530245671205,-1.3981753524001068,0
0.012100698495380875,0.027049915043217364,0,-0.6180801027467782,-1.3800047173256658,0
0.012792539437736767,0.02728404332222991,0,-0.6250597025248632,-1.3309994190427197,0
0.013564890264473486,0.027566177895982185,0,-0.632083325441801,-1.2819741079706175,0
0.014427355441146735,0.0279047541117623,0,-0.6390321440222393,-1.2329549199999386,0
0.01539869760973045,0.02830528258498496,0,-0.6459818153175609,-1.1839693460500358,0
0.016491740214121888,0.028772553840899787,0,-0.6530157385484696,-1.1352268274397048,0
0.017731007013543503,0.02932139937475753,0,-0.6601103463079512,-1.0862786488067349,0
0.01917526325428066,0.029945549662069162,0,-0.6672421139883852,-1.0370883386700327,0
0.020760334195472477,0.030723388478073144,0,-0.6743661377210697,-0.9876834621372894,0
0.022598926899386765,0.031610437304526964,0,-0.6817563194080365,-0.9383748880661855,0
0.025475115456577838,0.03242058218255105,0,-0.6932460691234077,-0.8828824922109071,0
0.02794161493112754,0.03450968268721987,0,-0.6756352263716856,-0.8388327235588684,0
0.025232154066666953,0.033382883059513715,0,-0.6823007305662931,-0.7932012235640864,0
0.023340067155811592,0.03984820952854614,0,-0.6715589548890094,-0.7409511253169008,0
0.012027661254709648,0.026279868765046562,0,-0.1175883850523152,-1.9516064454522202,0
0.007430550467812622,0.013244435945286452,0,-0.09813534843591934,-1.9975909124210998,0
-0.0076334553828805735,0.0356835567668776,0,-0.049082456912151316,-1.99939763739569,0
0.006265417541075186,-0.027658161781179767,0,-0.3675237148795777,1.617735207774856,0
0.0058920639223721556,-0.027446853505828126,0,-0.36035178515516325,1.666685988225413,0
0.005115877644459818,-0.027583141438421367,0,-0.31438987038694194,1.6849745330980743,0
0.004805462063746972,-0.027413943713085545,0,-0.3071491288546045,1.7340247508089381,0
0.004119653110058462,-0.027505207145961604,0,-0.2612371586543672,1.752319126090208,0
0.0034531728162787855,-0.027507432760103076,0,-0.21524160504089632,1.7706299738893438,0
0.00279269882607059,-0.027421459635436612,0,-0.16927364070638132,1.7889718720245857,0
0.00200852310538696,-0.027314506447863995,0,-0.12400935585313567,1.8074161377337727,0
0.002256628170775621,-0.0268893762989402,0,-0.1183267254276672,1.8566382578642138,0
0.0016099689932902305,-0.026750286933369304,0,-0.08555817925492669,1.876816303509594,0
0.0014795958592528336,-0.026257361197635443,0,-0.07732185336543004,1.9182327217011752,0
0.00023425289834656213,-0.027307295871266502,0,-0.03755398591533529,1.928261180649688,0
-9.795410339083964e-13,-0.024250677868544308,0,4.440892098500626e-16,1.95,0
-0.008164551816400765,-0.029859725147464312,0,0.03508607853653967,1.9642212497895688,0
0.0076334553828905005,-0.03568355677759637,0,0.04908245691215107,1.99939763739569,0
0.007095651230974592,-0.027489874834926688,0,-0.4134744164963756,1.5994759586643532,0
0.007933130793790433,-0.02729422939875188,0,-0.45935407468174516,1.5811556519968581,0
0.008386059080491063,-0.02752087031863914,0,-0.466497961770998,1.532178596429625,0
0.008875608577070126,-0.02777798559330548,0,-0.47364393902601,1.483337559407126,0
0.009758815666933478,-0.027510705009422334,0,-0.5194966514366269,1.4651228610774731,0
0.010327692591352832,-0.027779061981963223,0,-0.5266645463085128,1.4163189620861563,0
0.010959331941944022,-0.02809846523699877,0,-0.5338238125609343,1.3675109742324743,0
0.011887988282870547,-0.027714480209266933,0,-0.5794975307215877,1.3493514221344463,0
0.012630362158561637,-0.02804942387273787,0,-0.5866113877317991,1.3004422055586022,0
0.013464623310174331,-0.028451838076964994,0,-0.5935099122618284,1.2514551744481712,0
0.014405677783739523,-0.028932203410175942,0,-0.6003896438029135,1.2025871732685862,0
0.015475295258681231,-0.029494382330174467,0,-0.6072315446350101,1.153633404536328,0
0.01668736083884281,-0.030147517630648026,0,-0.6144161180048064,1.1050348978716242,0
0.018104790651167973,-0.03090496409975091,0,-0.6215807479295324,1.0556809766282143,0
0.019604956446063495,-0.03187471589246764,0,-0.6284573073799115,1.005904724025682,0
0.021765407604452936,-0.03268186138441869,0,-0.6355951571603494,0.9569884918183373,0
0.023630341059773307,-0.034116883389400506,0,-0.6434724295602682,0.9102342841420922,0
0.026362115069799904,-0.03569314472284429,0,-0.6464138720581942,0.8646284560488973,0
0.04739376642716799,-0.03395725489865391,0,-0.6399643707553327,0.8199934384707418,0
0.04070856767445893,-0.017428959734736012,0,-0.6343932843209601,0.7730104532336323,0
0.0038121397915218524,0.025853055162348232,0,-0.145345103187321,-1.9218622004639243,0
-0.01106878930448221,0.026303036645800394,0,-0.16883687731132271,-1.953263734074862,0
0.002043424111665358,0.03978014994606166,0,-0.14712912687165236,-1.9945809133815517,0
0.00351265909641359,0.027001697533541202,0,-0.20004092410567154,-1.8672936272969487,0
0.0038673187120591974,0.027352760176755357,0,-0.24693433357904926,-1.8501983997101288,0
0.004221349153258704,0.02732132269281729,0,-0.2927937358815311,-1.831969037211615,0
0.004808808415985181,0.02706628280284826,0,-0.3386296248089189,-1.813716386241133,0
0.005484081466688174,0.026785427524589362,0,-0.38455640201604635,-1.7953901169059583,0
0.005905364765698964,0.02692823276201142,0,-0.39187120676076065,-1.7462913159846023,0
0.006671184012538626,0.02672442215203359,0,-0.4377440343205729,-1.728005964158074,0
0.007083891489395238,0.026897640211899356,0,-0.4449460747533211,-1.6790173877211063,0
0.007893366735818025,0.026689422511724382,0,-0.49083110319345796,-1.6605567674059463,0
0.008713238644828538,0.026478395108493792,0,-0.5367731292190668,-1.6420506417088343,0
0.00913620349332674,0.026658174806385333,0,-0.5439459904452809,-1.5932758212545928,0
0.00959251815037102,0.02682679146006647,0,-0.5510415653227033,-1.5444866858612996,0
0.01039694268141027,0.02654909084730636,0,-0.5968441469997997,-1.5262651688857538,0
0.010912303493881656,0.026691936438391954,0,-0.6039782597480695,-1.4775185379453735,0
0.011478938151019276,0.02685491958664663,0,-0.6111480800637331,-1.4287414852392357,0
0.012307866782971874,0.026467657148926023,0,-0.6567185461126076,-1.4105440308590096,0
0.012954323707098068,0.026621835500269416,0,-0.6635659615862539,-1.3615979945818195,0
0.013671415595539195,0.026807247840786374,0,-0.6705983158359081,-1.3125686756354205,0
0.01446603521949932,0.02702955936017744,0,-0.6776564015804267,-1.2635915672346598,0
0.015351452652807183,0.02729701733493502,0,-0.6847226411054839,-1.2146563958796566,0
0.016340356393741696,0.02761270818384443,0,-0.691850376013893,-1.1656636937524198,0
0.017453790339162955,0.027984588018152585,0,-0.6989262942126993,-1.1165241435797546,0
0.018707218992677882,0.02841556500222083,0,-0.7060440298136835,-1.0674630612470477,0
0.020133204050197393,0.0289078896675685,0,-0.7131756912586308,-1.0184274622854586,0
0.02179815395890411,0.02942391567774891,0,-0.7205089177843917,-0.9691573965762533,0
0.023864261498440637,0.029893458069786286,0,-0.7308983563867074,-0.9191631266426119,0
0.025505132524705015,0.029671482090524583,0,-0.7520179854041951,-0.8742064999042061,0
0.028579561592823512,0.03145880500298946,0,-0.7162510893551985,-0.83345800749971,0
0.02946652632450654,0.031506944585036036,0,-0.7295211679907531,-0.7907584115602083,0
0.03167160032129318,0.036332100452046386,0,-0.7066264541838527,-0.7573438645274831,0
0.03551994876145837,0.03551994876073141,0,-0.7071067811865478,-0.7071067811865475,0
0.003336028116946429,0.026802965687877257,0,-0.186680054502133,-1.912482003698244,0
0.006690990100233992,-0.027278900511102922,0,-0.40627123884177757,1.6483979268447453,0
0.007505251556464071,-0.02708799686176682,0,-0.4521775981785488,1.6300816207427933,0
0.008324300563559546,-0.026881066017936536,0,-0.49808885295392835,1.6116046261293142,0
0.008768707074116772,-0.02707398092747516,0,-0.5052166796183265,1.5627636591291223,0
0.009242502226995962,-0.027279686216131367,0,-0.5123478992267797,1.5139186190521612,0
0.010086283359966473,-0.027004349785870487,0,-0.5581773160330762,1.4957010917114453,0
0.010628669009323499,-0.027203253989344013,0,-0.5653297100242297,1.44691921551081,0
0.011225088604404547,-0.027436770745449743,0,-0.5724530245671199,1.3981753524001073,0
0.012100698495379744,-0.027049915043217874,0,-0.6180801027467775,1.3800047173256662,0
0.012792539437737628,-0.027284043322230136,0,-0.6250597025248625,1.3309994190427201,0
0.013564890264474563,-0.02756617789598024,0,-0.6320833254418003,1.281974107970618,0
0.014427355441150223,-0.027904754111756202,0,-0.6390321440222386,1.232954919999939,0
0.015398697609731643,-0.028305282584976593,0,-0.6459818153175603,1.1839693460500362,0
0.016491740214115976,-0.028772553840882217,0,-0.6530157385484692,1.1352268274397053,0
0.017731007013530815,-0.029321399374732368,0,-0.6601103463079507,1.0862786488067353,0
0.019175263254234434,-0.029945549662041215,0,-0.6672421139883847,1.0370883386700331,0
0.02076033419541631,-0.03072338847803466,0,-0.6743661377210692,0.9876834621372896,0
0.02259892689930633,-0.031610437304506564,0,-0.681756319408036,0.9383748880661857,0
0.02547511545636686,-0.032420582182558194,0,-0.6932460691234072,0.8828824922109073,0
0.027941614930812295,-0.03450968268722751,0,-0.6756352263716852,0.8388327235588686,0
0.025232154065808168,-0.033382883060777364,0,-0.6823007305662927,0.7932012235640866,0
0.023340067154639335,-0.03984820953229615,0,-0.671558954889009,0.740951125316901,0
0.006297480879380358,-0.02709290659711752,0,-0.3990923872638999,1.6973627068952502,0
0.005534163777483164,-0.02726977753770384,0,-0.3531187915419414,1.7156666188987362,0
0.0051717727505991426,-0.0271272523255414,0,-0.34583151637307724,1.76473292370592,0
0.004522192234194722,-0.02730102588346357,0,-0.29994876839628204,1.7830134130350404,0
0.003959442987404334,-0.02736805897269023,0,-0.25405144580519634,1.8013182541524269,0
0.003372061224329982,-0.027307646720326623,0,-0.20811832087116966,1.819599540244635,0
0.0026405448879968907,-0.027113752667042246,0,-0.16214906758298553,1.837947665295526,0
0.0028019045763228475,-0.02671518728714288,0,-0.15455984204448714,1.885264390806146,0
-0.0002270783801027559,-0.0264001712263712,0,-0.11251150993909519,1.9040053333338343,0
0.012027661256491516,-0.02627986876505448,0,-0.11758838505231425,1.9516064454522202,0
-0.010466387128149797,-0.023194055674361058,0,-0.07007625196366436,1.9596774076060508,0
0.008164551811057578,-0.029859725142113668,0,-0.03508607853653896,1.9642212497895688,0
-5.9146651380898015e-12,-0.02367406985186481,0,4.440892098500626e-16,2.0,0
0.003470303531982574,0.008455679876700524,0,-0.19603428015147562,-1.990369453394393,0
0.01730460445509133,0.02422125043719853,0,-0.21696083777936262,-1.9466861376540276,0
0.00400267886871717,0.027211031054645732,0,-0.23713906610812205,-1.8999617037780747,0
0.004568421535635571,0.027486483923777172,0,-0.28832046710270154,-1.8882684674594497,0
0.004233158406261378,0.027195407140705716,0,-0.33150354534397963,-1.8625521986743325,0
0.004938614349700774,0.026573969974689703,0,-0.37709690245515515,-1.844265948444162,0
0.005883528649990009,0.026291932507207693,0,-0.4232389998707706,-1.826147716621472,0
0.006278903996004958,0.02655286656043545,0,-0.43058236603674743,-1.776906294387224,0
0.006974857748217719,0.02633590783572039,0,-0.47645551664428015,-1.758410566401352,0
0.007470271032382642,0.026500929387239643,0,-0.4835911390248226,-1.7095098021735293,0
0.00827523132706846,0.02628765746758461,0,-0.5296152599148009,-1.690820067663604,0
0.009087551945710266,0.026103320832807156,0,-0.5754924991335443,-1.6724067251201478,0
0.009504361344990334,0.026271262066150054,0,-0.5826153788396277,-1.6237125703491808,0
0.009927331649759629,0.026415130468715804,0,-0.5897173596129556,-1.5749957551347256,0
0.010689917783490011,0.02614084057584722,0,-0.6354759842480163,-1.5568159013798888,0
0.0111801225422035,0.02623544561738247,0,-0.6426195207666955,-1.5080911209063426,0
0.011718682765160636,0.026341884575669154,0,-0.6497186334191417,-1.4593570135546818,0
0.0125050760036277,0.025953146262689245,0,-0.6954271158278539,-1.4411258387087715,0
0.013115688808120928,0.026041497430515335,0,-0.7023420324961616,-1.3921893495941926,0
0.01378379595575402,0.026149709929537846,0,-0.7092503176796288,-1.3431817133480797,0
0.014519320914846454,0.02628142390110074,0,-0.7163847937734593,-1.2942565448041978,0
0.015330292385423602,0.026441460266805626,0,-0.7235384116666659,-1.2453013003900397,0
0.016228747672320562,0.02663516192648527,0,-0.7306922949542707,-1.1963007167111268,0
0.017230700082632826,0.026867091016132025,0,-0.7378053097650457,-1.1472542932368908,0
0.018350030563315276,0.027132175044577284,0,-0.7449331261542014,-1.0981703627765917,0
0.01959759665558864,0.027440251471107936,0,-0.7520700421140402,-1.0491298840667835,0
0.020988250214579313,0.027782107529397304,0,-0.7587033262266146,-1.0007220289983836,0
0.022581289511720486,0.02803908447249014,0,-0.7673687901284948,-0.9519444206344148,0
0.024114854099233873,0.027861948436209115,0,-0.7865824468356316,-0.907938892872845,0
0.025896436814961104,0.027767835477841004,0,-0.8004775023187743,-0.861165205222596,0
0.02752157456994845,0.02972023903897905,0,-0.764956643998985,-0.8260036963431223,0
0.029626827382086527,0.02962682738210387,0,-0.77781745930512,-0.7778174593051197,0
0.03349243740617326,0.03349243740658968,0,-0.7424621202458416,-0.7424621202458412,0
0.036332100451973236,0.03167160032029875,0,-0.7573438645274835,-0.7066264541838523,0
0.039848209525322066,0.02334006715858221,0,-0.7409511253169009,-0.6715589548890091,0
0.007083891489403003,-0.0268976402119079,0,-0.4449460747533203,1.6790173877211063,0
0.007893366735826668,-0.02668942251174025,0,-0.4908311031934572,1.6605567674059463,0
0.008713238644828087,-0.026478395108516867,0,-0.536773129219066,1.6420506417088343,0
0.009136203493323234,-0.026658174806400377,0,-0.5439459904452802,1.5932758212545932,0
0.009592518150367381,-0.026826791460076514,0,-0.5510415653227027,1.5444866858613,0
0.01039694268140495,-0.02654909084731279,0,-0.596844146999799,1.5262651688857543,0
0.010912303493879325,-0.026691936438395427,0,-0.6039782597480688,1.477518537945374,0
0.011478938151018083,-0.026854919586651753,0,-0.6111480800637324,1.4287414852392362,0
0.012307866782970687,-0.026467657148929465,0,-0.6567185461126069,1.41054403085901,0
0.012954323707099155,-0.026621835500268153,0,-0.6635659615862533,1.36159799458182,0
0.013671415595538458,-0.02680724784078694,0,-0.6705983158359075,1.312568675635421,0
0.014466035219499958,-0.027029559360172473,0,-0.6776564015804261,1.2635915672346603,0
0.015351452652805238,-0.027297017334930118,0,-0.6847226411054832,1.214656395879657,0
0.01634035639373717,-0.027612708183834895,0,-0.6918503760138923,1.1656636937524203,0
0.017453790339151905,-0.027984588018141167,0,-0.6989262942126988,1.116524143579755,0
0.018707218992655417,-0.028415565002209056,0,-0.7060440298136831,1.0674630612470482,0
0.02013320405015685,-0.02890788966755765,0,-0.7131756912586303,1.018427462285459,0
0.021798153958829915,-0.029423915677769048,0,-0.7205089177843913,0.9691573965762535,0
0.02386426149834203,-0.029893458069839805,0,-0.730898356386707,0.9191631266426121,0
0.0255051325246268,-0.02967148209068191,0,-0.7520179854041946,0.8742064999042063,0
0.028579561592529244,-0.031458805003285364,0,-0.7162510893551981,0.8334580074997102,0
0.0294665263244938,-0.031506944585658045,0,-0.7295211679907526,0.7907584115602085,0
0.031671600322485845,-0.03633210045425474,0,-0.7066264541838523,0.7573438645274834,0
0.03551994876479409,-0.03551994876063224,0,-0.7071067811865474,0.7071067811865477,0
0.005905364765685917,-0.026928232762007835,0,-0.39187120676075976,1.7462913159846023,0
0.0054840814666204715,-0.0267854275245738,0,-0.38455640201604546,1.7953901169059583,0
0.004808808415894994,-0.027066282802944062,0,-0.338629624808918,1.813716386241133,0
0.004221349153360537,-0.027321322693048253,0,-0.29279373588153024,1.831969037211615,0
0.0038673187124377635,-0.02735276017669918,0,-0.24693433357904837,1.8501983997101288,0
0.0035126590964022963,-0.027001697533278777,0,-0.20004092410567065,1.8672936272969487,0
0.003336028116798882,-0.02680296568743066,0,-0.18668005450213207,1.912482003698244,0
-0.011068789305761615,-0.026303036647808576,0,-0.16883687731132177,1.953263734074862,0
0.002043424113934205,-0.039780149948901444,0,-0.14712912687165142,1.9945809133815517,0
0.007430550469798662,-0.013244435942523143,0,-0.09813534843591837,1.9975909124210998,0
-0.007633455384171174,-0.0356835567675993,0,-0.04908245691215036,1.99939763739569,0
0.00667118401254946,-0.026724422152026313,0,-0.43774403432057213,1.728005964158074,0
0.003812139791281187,-0.025853055162218763,0,-0.14534510318732005,1.9218622004639243,0
0.011645936515179846,0.04133244128877274,0,-0.24482134971605718,-1.9849590692815833,0
-0.005404895498902318,0.030503186255488157,0,-0.26420265219891687,-1.93992705931324,0
0.013469432581808594,0.026584495554665136,0,-0.3109393255730104,-1.9324841119494494,0
0.0035714261588734907,0.027547216804836717,0,-0.3326135246391724,-1.900868119792918,0
0.004378624069227636,0.026695611200662186,0,-0.37042659224067265,-1.8891167372137854,0
0.004869559978222014,0.02591431900282349,0,-0.41470166107193496,-1.874299867335253,0
0.006928799751011094,0.025938237537902295,0,-0.46089391745696084,-1.8578343459949782,0
0.006550755627901435,0.02626743870423092,0,-0.46926374110706526,-1.807408800096814,0
0.007463228823725618,0.02588850716301069,0,-0.5150815458796805,-1.789161699475861,0
0.007777846820134714,0.02604812205055428,0,-0.5224478890434812,-1.739632559779501,0
0.008792337853598597,0.02578525176335655,0,-0.5683501184756248,-1.7210843748206888,0
0.009598223105030326,0.02572844413127712,0,-0.6139661343585037,-1.7030452731148467,0
0.009867818680547051,0.025931289220138425,0,-0.6212006986037432,-1.6542411100321837,0
0.01024960836015796,0.02604727110728025,0,-0.6283472969829168,-1.6055394276913757,0
0.01095699337665009,0.0257777002066418,0,-0.6740613245801411,-1.5873789228274557,0
0.01142725493768697,0.025825410277587547,0,-0.6812500419346338,-1.5386390392957159,0
0.011943613496970963,0.025882662267798773,0,-0.6883693530345415,-1.4898868487216939,0
0.012690339134356054,0.025492434346706398,0,-0.7341582533156205,-1.4716750845600457,0
0.013271595162210555,0.025528197447791362,0,-0.7411879728250118,-1.4228288626328178,0
0.013900782375698379,0.025575847900695378,0,-0.7481303406665696,-1.3738845269642008,0
0.014585118663085357,0.025635908575404872,0,-0.7552346740026508,-1.3249485041973295,0
0.015333448034029478,0.02571278970050394,0,-0.7623789861215868,-1.2759793620884519,0
0.016155539314200634,0.0258096954165725,0,-0.7695423575567124,-1.2269854415297266,0
0.017060390167778484,0.02592919354058518,0,-0.7766946736178235,-1.1779431754780278,0
0.018063350639688024,0.026071200663817354,0,-0.7838470865153417,-1.1288722858986378,0
0.01915729195906732,0.02625034170368618,0,-0.790890366096295,-1.0799691056849616,0
0.02036873107331774,0.026420024723336575,0,-0.797405326644998,-1.0316942551894785,0
0.02164543342282452,0.026544866318967447,0,-0.8045138581986392,-0.9863205163877234,0
0.022978539815200927,0.02643536471264389,0,-0.8204930068773174,-0.9424436832921932,0
0.024473828685020755,0.02623498517547459,0,-0.8358683332186897,-0.8964934793802921,0
0.026078988119676304,0.02607898811968343,0,-0.8485281374235493,-0.8485281374235489,0
0.027735054837777606,0.02773505483780217,0,-0.8131727983643531,-0.8131727983643527,0
0.029720239038968994,0.027521574570079445,0,-0.8260036963431227,-0.7649566439989844,0
0.03150694458491929,0.02946652632469421,0,-0.7907584115602087,-0.7295211679907526,0
0.03338288305952381,0.02523215406923478,0,-0.7932012235640865,-0.6823007305662928,0
0.01742895973706465,0.04070856768027148,0,-0.7730104532336322,-0.6343932843209599,0
0.0074702710324057245,-0.026500929387251956,0,-0.4835911390248218,1.7095098021735293,0
0.008275231327082968,-0.02628765746761782,0,-0.5296152599148,1.690820067663604,0
0.009087551945700488,-0.026103320832839182,0,-0.5754924991335434,1.6724067251201482,0
0.009504361344978668,-0.02627126206616928,0,-0.5826153788396268,1.6237125703491813,0
0.00992733164975165,-0.026415130468727024,0,-0.5897173596129549,1.574995755134726,0
0.010689917783481964,-0.02614084057585298,0,-0.6354759842480157,1.5568159013798892,0
0.011180122542198584,-0.026235445617385285,0,-0.6426195207666948,1.508091120906343,0
0.011718682765157426,-0.026341884575671118,0,-0.649718633419141,1.4593570135546823,0
0.012505076003625026,-0.02595314626269149,0,-0.6954271158278532,1.441125838708772,0
0.013115688808120954,-0.026041497430513382,0,-0.7023420324961609,1.392189349594193,0
0.013783795955753398,-0.026149709929539612,0,-0.7092503176796281,1.3431817133480801,0
0.014519320914847787,-0.026281423901097285,0,-0.7163847937734587,1.2942565448041983,0
0.015330292385421572,-0.02644146026680369,0,-0.7235384116666652,1.2453013003900402,0
0.01622874767231631,-0.026635161926483117,0,-0.73069229495427,1.1963007167111273,0
0.017230700082622685,-0.026867091016124323,0,-0.7378053097650452,1.1472542932368912,0
0.018350030563298078,-0.027132175044575713,0,-0.7449331261542009,1.0981703627765922,0
0.019597596655559595,-0.027440251471107055,0,-0.7520700421140397,1.049129884066784,0
0.020988250214540684,-0.02778210752941138,0,-0.7587033262266142,1.000722028998384,0
0.022581289511677437,-0.028039084472527412,0,-0.7673687901284943,0.951944420634415,0
0.024114854099204424,-0.027861948436292423,0,-0.7865824468356312,0.9079388928728455,0
0.025896436814983895,-0.027767835477951107,0,-0.8004775023187739,0.8611652052225964,0
0.02752157457003376,-0.029720239039294598,0,-0.7649566439989846,0.8260036963431225,0
0.02962682738245629,-0.02962682738225337,0,-0.7778174593051196,0.7778174593051201,0
0.03349243740740093,-0.03349243740749709,0,-0.7424621202458411,0.7424621202458415,0
0.03633210045373196,-0.03167160031845226,0,-0.757343864527483,0.7066264541838525,0
0.03984820952542718,-0.023340067156188544,0,-0.7409511253169007,0.6715589548890093,0
0.006278903996007832,-0.02655286656038415,0,-0.43058236603674654,1.776906294387224,0
0.005883528649894286,-0.026291932507122442,0,-0.42323899987076974,1.826147716621472,0
0.004938614349552765,-0.02657396997461191,0,-0.37709690245515426,1.844265948444162,0
0.0042331584060566274,-0.02719540714104467,0,-0.33150354534397874,1.8625521986743325,0
0.004568421535735251,-0.027486483924179614,0,-0.28832046710270065,1.8882684674594497,0
0.0040026788693283254,-0.027211031054443776,0,-0.23713906610812116,1.8999617037780747,0
0.017304604452012345,-0.024221250433616066,0,-0.21696083777936168,1.9466861376540276,0
0.0034703035232795847,-0.008455679877150193,0,-0.19603428015147467,1.990369453394393,0
0.006974857748269952,-0.02633590783570937,0,-0.47645551664427926,1.758410566401352,0
0.0006788733424980009,0.018267762096737163,0,-0.29346094804526573,-1.978353020057941,0
0.007882401861431857,0.03919347023419231,0,-0.3419237764754695,-1.9705552849592303,0
-0.005287033275363301,0.031051826142988872,0,-0.3583793973543501,-1.928953497594997,0
0.005937820353480896,0.021033909816316473,0,-0.4041925223339662,-1.9191261706157214,0
0.008482764785618291,0.02620747471982407,0,-0.4517022244215727,-1.9051230532793944,0
0.002765200835310915,0.025950819158000397,0,-0.4973187530437553,-1.891262624119485,0
0.006583058960037355,0.026040068017730462,0,-0.5074931588058982,-1.8397788577111462,0
0.005820281123420595,0.025476457247600375,0,-0.553348013490367,-1.8203703530745619,0
0.008006497929396826,0.025553473792123096,0,-0.5608423222240861,-1.7706329664453995,0
0.008978248751528233,0.025493984271694678,0,-0.6062648719815893,-1.751734730267831,0
0.010166947364542751,0.02551240037638398,0,-0.6525261225288073,-1.7335608421173558,0
0.010221577520821893,0.025684914485267277,0,-0.6597575088839321,-1.6847794269740188,0
0.010551488096358861,0.025734202296252544,0,-0.6669036514610706,-1.6360853882548125,0
0.011183258369468844,0.025458184195855705,0,-0.712593323887193,-1.6179564319250017,0
0.011642629924639306,0.0254530458640516,0,-0.7197947969313142,-1.5692109021911709,0
0.012148379946803498,0.02546678798243544,0,-0.7270171515897218,-1.5204563177716979,0
0.012858246725085952,0.025072386647197274,0,-0.7728279241216159,-1.5022731639555227,0
0.013419799397965847,0.025069304246812325,0,-0.7800071014681168,-1.4534890869163746,0
0.014016683798587476,0.02506934131854291,0,-0.7870549657684801,-1.4045887967937636,0
0.01465897513889945,0.025074667104451935,0,-0.7941288541434659,-1.3556682228015366,0
0.015355468807183179,0.025086740701056633,0,-0.801250075625209,-1.3066951378897946,0
0.016111750349995672,0.025108410813702395,0,-0.8084123219822719,-1.2576940597915367,0
0.016937473147439507,0.02514158610663179,0,-0.815584512074619,-1.2086577201513367,0
0.017839856967260967,0.02518525495167924,0,-0.8227597875343617,-1.1596041835050919,0
0.018838742161530628,0.025238757967742848,0,-0.8299476668430565,-1.1105145298528376,0
0.01990436863898118,0.02529760567438699,0,-0.8365872251933942,-1.0638007667577536,0
0.020988205399686773,0.025285012920178183,0,-0.847211804456281,-1.0193124739850628,0
0.022064510278465496,0.025164667935209502,0,-0.8570679705444982,-0.9769417357602941,0
0.02333999788442177,0.024975930196341357,0,-0.8708839256634829,-0.9321043376152134,0
0.0247457398390697,0.02474573983906646,0,-0.8838834764827455,-0.8838834764827451,0
0.02623498517547855,0.024473828685022948,0,-0.8964934793802924,-0.8358683332186891,0
0.027767835477866636,0.025896436814960556,0,-0.8611652052225963,-0.8004775023187739,0
0.0296714820905562,0.02550513252473967,0,-0.8742064999042064,-0.7520179854041945,0
0.03145880500339036,0.028579561592642445,0,-0.8334580074997103,-0.7162510893551981,0
0.034509682687387876,0.027941614931014273,0,-0.8388327235588685,-0.675635226371685,0
0.03395725490275416,0.0473937664273658,0,-0.8199934384707417,-0.6399643707553326,0
0.06794377613684068,0.03532130336944078,0,-0.8032075312539582,-0.595699304798085,0
0.007777846820192715,-0.0260481220505957,0,-0.5224478890434803,1.739632559779501,0
0.007463228823856559,-0.025888507163011863,0,-0.5150815458796796,1.789161699475861,0
0.006550755627972765,-0.026267438704093517,0,-0.46926374110706437,1.807408800096814,0
0.006928799751155358,-0.025938237537638513,0,-0.46089391745695996,1.8578343459949782,0
0.004869559978026213,-0.02591431900233938,0,-0.41470166107193407,1.874299867335253,0
0.0043786240681708685,-0.026695611200916534,0,-0.37042659224067176,1.8891167372137854,0
0.0035714261586236107,-0.02754721680537531,0,-0.3326135246391715,1.900868119792918,0
0.013469432583078601,-0.026584495560721996,0,-0.3109393255730095,1.9324841119494494,0
-0.005404895493211998,-0.03050318625402713,0,-0.264202652198916,1.93992705931324,0
0.011645936519504975,-0.04133244127986755,0,-0.24482134971605624,1.9849590692815833,0
0.008792337853587542,-0.025785251763436212,0,-0.5683501184756239,1.7210843748206892,0
0.009598223104972011,-0.025728444131324437,0,-0.6139661343585028,1.703045273114847,0
0.00986781868052135,-0.025931289220156375,0,-0.6212006986037423,1.654241110032184,0
0.010249608360143403,-0.026047271107289622,0,-0.6283472969829161,1.6055394276913761,0
0.010956993376637195,-0.02577770020664418,0,-0.6740613245801405,1.5873789228274562,0
0.0114272549376794,-0.025825410277587807,0,-0.6812500419346331,1.5386390392957163,0
0.01194361349696702,-0.025882662267799443,0,-0.6883693530345408,1.4898868487216943,0
0.012690339134352432,-0.025492434346705225,0,-0.7341582533156198,1.4716750845600461,0
0.013271595162209045,-0.025528197447791275,0,-0.7411879728250111,1.4228288626328183,0
0.013900782375698851,-0.025575847900694296,0,-0.7481303406665689,1.3738845269642013,0
0.01458511866308434,-0.02563590857540437,0,-0.7552346740026501,1.32494850419733,0
0.015333448034028892,-0.025712789700500827,0,-0.7623789861215862,1.2759793620884523,0
0.016155539314198,-0.025809695416573367,0,-0.7695423575567117,1.226985441529727,0
0.017060390167772894,-0.025929193540583966,0,-0.7766946736178229,1.1779431754780283,0
0.018063350639677674,-0.026071200663818267,0,-0.7838470865153413,1.1288722858986382,0
0.01915729195905249,-0.026250341703692438,0,-0.7908903660962946,1.079969105684962,0
0.020368731073300735,-0.026420024723346914,0,-0.7974053266449975,1.031694255189479,0
0.021645433422801914,-0.026544866318996614,0,-0.8045138581986387,0.9863205163877239,0
0.022978539815186286,-0.026435364712691582,0,-0.820493006877317,0.9424436832921936,0
0.024473828685034796,-0.026234985175536525,0,-0.8358683332186893,0.8964934793802926,0
0.026078988119735375,-0.02607898811974961,0,-0.8485281374235488,0.8485281374235494,0
0.02773505483790256,-0.027735054837921647,0,-0.8131727983643526,0.8131727983643532,0
0.02972023903916753,-0.027521574570089417,0,-0.8260036963431222,0.7649566439989849,0
0.031506944585287036,-0.029466526324437872,0,-0.7907584115602082,0.7295211679907531,0
0.03338288305907641,-0.025232154069100787,0,-0.7932012235640863,0.6823007305662933,0
0.017428959736641138,-0.04070856768049303,0,-0.7730104532336319,0.6343932843209603,0
-0.007896662558919507,0.02018507066872642,0,-0.39018064286380955,-1.9615705610388792,0
0.013050238050109249,0.022155942818161124,0,-0.43820247900857207,-1.9514042603701423,0
0.005054098843931751,0.02989713776178007,0,-0.485960358536986,-1.9400625067070922,0
0.012145128202856676,0.01999561256363463,0,-0.5334255134940431,-1.927552131993741,0
0.0143112781532956,0.027936656584539633,0,-0.5444373455470715,-1.8772248490305639,0
-0.002298678626883289,0.02257473369526502,0,-0.5977645053610172,-1.8538753727230883,0
0.010877444747118185,0.023305191718063063,0,-0.5974646078210561,-1.7989015125862056,0
0.010390527724603006,0.02519188848400785,0,-0.6441707834095818,-1.7795069687504588,0
0.010506996805391074,0.025846298265950512,0,-0.6903421262742446,-1.7617494259109445,0
0.01052571549498874,0.025595242754592146,0,-0.6983203083882785,-1.7152798826443678,0
0.01079928848406692,0.025489632422226176,0,-0.7054617558284978,-1.6666170100788416,0
0.011316950766272716,0.02517604172437364,0,-0.7511618762505811,-1.6484669721813265,0
0.011813308638029736,0.025099842671229316,0,-0.7583295788868955,-1.5997660774763316,0
0.012327541475367128,0.02507779711357017,0,-0.7655429503290317,-1.5510105000115366,0
0.013015935282708942,0.02467473498241738,0,-0.8113683523643557,-1.5328851976495506,0
0.013556072675930448,0.024651859683071355,0,-0.8186486337617137,-1.4840822675570926,0
0.014127767928051536,0.024618182593584028,0,-0.8258666057212553,-1.4352804068839136,0
0.014736471686933324,0.024580983772240255,0,-0.833008919786461,-1.3863816745637367,0
0.015389153873287285,0.02454304777193203,0,-0.8401337787239325,-1.3374190702461695,0
0.016091425884968487,0.02450746867160501,0,-0.8472911698935413,-1.2884168824373485,0
0.016848631751526413,0.024473692864521092,0,-0.8544583756322541,-1.2394093715624719,0
0.017669548467740312,0.024442845934352593,0,-0.8616452898421838,-1.1903396385189156,0
0.01856457848700776,0.024410323246183863,0,-0.8689016698785652,-1.1412819189335406,0
0.01953299442997086,0.024364843964672398,0,-0.8761097144326553,-1.0921334451713196,0
0.02043869030183042,0.02426991080555133,0,-0.886018159192734,-1.0497777463708255,0
0.02142230202079877,0.02410034291749238,0,-0.8992448682242825,-1.0079905199259926,0
0.022474430840001038,0.023888860604534923,0,-0.9074877267618233,-0.9655136764949125,0
0.023664706028024902,0.023664706028021447,0,-0.9192388155419373,-0.919238815541937,0
0.024975930196346256,0.023339997884418724,0,-0.9321043376152137,-0.8708839256634825,0
0.026435364712652083,0.022978539815194654,0,-0.9424436832921935,-0.8204930068773172,0
0.02786194843623183,0.02411485409922184,0,-0.9079388928728455,-0.786582446835631,0
0.02989345806980911,0.023864261498389962,0,-0.9191631266426121,-0.730898356386707,0
0.032420582182643085,0.02547511545649138,0,-0.8828824922109074,-0.6932460691234071,0
0.035693144723099396,0.02636211506960385,0,-0.8646284560488972,-0.6464138720581942,0
0.052859892594094855,0.009089320790789276,0,-0.8491017720403067,-0.602425102186032,0
0.026684292748043122,0.008804195715496451,0,-0.8314696120142536,-0.555570233451061,0
0.00800649792947572,-0.025553473792254127,0,-0.5608423222240853,1.7706329664454,0
0.008978248751521246,-0.02549398427180774,0,-0.6062648719815884,1.7517347302678314,0
0.010166947364394986,-0.025512400376413957,0,-0.6525261225288064,1.7335608421173563,0
0.01022157752077513,-0.02568491448525777,0,-0.6597575088839313,1.6847794269740193,0
0.010551488096336409,-0.025734202296253467,0,-0.6669036514610697,1.636085388254813,0
0.011183258369453983,-0.02545818419585234,0,-0.7125933238871921,1.6179564319250022,0
0.01164262992462622,-0.025453045864048576,0,-0.7197947969313135,1.5692109021911713,0
0.012148379946794968,-0.0254667879824308,0,-0.7270171515897211,1.5204563177716983,0
0.01285824672508129,-0.025072386647191403,0,-0.7728279241216153,1.5022731639555231,0
0.0134197993979634,-0.025069304246808526,0,-0.7800071014681161,1.453489086916375,0
0.014016683798586298,-0.025069341318540352,0,-0.7870549657684794,1.404588796793764,0
0.014658975138899355,-0.0250746671044532,0,-0.7941288541434652,1.355668222801537,0
0.015355468807182407,-0.025086740701055623,0,-0.8012500756252083,1.306695137889795,0
0.016111750349991925,-0.025108410813702648,0,-0.8084123219822712,1.2576940597915371,0
0.016937473147435468,-0.02514158610663343,0,-0.8155845120746184,1.208657720151337,0
0.017839856967255527,-0.02518525495168052,0,-0.8227597875343611,1.1596041835050923,0
0.01883874216152382,-0.02523875796774804,0,-0.8299476668430561,1.110514529852838,0
0.019904368638972426,-0.025297605674397528,0,-0.8365872251933938,1.063800766757754,0
0.020988205399677898,-0.025285012920196324,0,-0.8472118044562805,1.0193124739850632,0
0.0220645102784616,-0.02516466793523965,0,-0.8570679705444978,0.9769417357602945,0
0.023339997884433136,-0.02497593019637808,0,-0.8708839256634825,0.9321043376152138,0
0.02474573983910194,-0.02474573983910178,0,-0.883883476482745,0.8838834764827456,0
0.02623498517553235,-0.024473828685048132,0,-0.896493479380292,0.8358683332186896,0
0.02776783547796619,-0.02589643681497794,0,-0.8611652052225959,0.8004775023187743,0
0.029671482090648862,-0.02550513252469505,0,-0.874206499904206,0.752017985404195,0
0.0314588050036092,-0.028579561592435576,0,-0.8334580074997099,0.7162510893551985,0
0.034509682687471156,-0.02794161493078411,0,-0.8388327235588683,0.6756352263716855,0
0.033957254902823565,-0.04739376642698001,0,-0.8199934384707415,0.6399643707553331,0
0.06794377613678164,-0.03532130336885161,0,-0.8032075312539579,0.5956993047980854,0
0.006583058960128119,-0.02604006801763386,0,-0.5074931588058973,1.8397788577111462,0
0.005820281124100491,-0.025476457247633245,0,-0.5533480134903661,1.8203703530745623,0
0.002765200838634838,-0.02595081915548057,0,-0.4973187530437544,1.891262624119485,0
0.008482764780516527,-0.02620747472202148,0,-0.4517022244215718,1.9051230532793944,0
0.005937820360053728,-0.021033909813284124,0,-0.4041925223339653,1.9191261706157214,0
-0.005287033283875872,-0.031051826142467643,0,-0.3583793973543492,1.928953497594997,0
0.00788240185034781,-0.0391934702436841,0,-0.3419237764754685,1.9705552849592303,0
0.000678873354880586,-0.01826776210122852,0,-0.29346094804526474,1.978353020057941,0
-0.006599569714396863,0.03689912765989352,0,-0.580569352912518,-1.9138806719486825,0
-0.0022787214183458446,0.003355114550552406,0,-0.6273634790264138,-1.8990563617712548,0
0.02598816042484136,0.01479825582993331,0,-0.6487764114902581,-1.8523616892636545,0
0.011298585190001417,0.02674222140120517,0,-0.6824658404162995,-1.8109650460711089,0
0.01079273376909628,0.0249572521116152,0,-0.6330250176403873,-1.8167133472220505,0
0.01061777747342687,0.025508087619865984,0,-0.7369145005194959,-1.7457336883349848,0
0.010922061626127567,0.025327432297745173,0,-0.7440312115514952,-1.6971085224516547,0
0.011380271654060312,0.02484152074345546,0,-0.789730463999451,-1.6789596856065516,0
0.011933637725948375,0.024719102979543814,0,-0.7968609085091013,-1.6303125295994736,0
0.012460315798129904,0.024699758267525924,0,-0.8040236174141518,-1.5816391289494836,0
0.01315186873720573,0.02429029044992818,0,-0.8498033120769782,-1.5635036541434528,0
0.013688268131121315,0.02426542209502971,0,-0.8571680851395626,-1.5147111735839165,0
0.014233027626619921,0.02421048934443193,0,-0.8645266627553884,-1.4658786511622857,0
0.014811690695504216,0.02414092018862489,0,-0.8717536437363368,-1.4170391448831958,0
0.01542915857785974,0.024065516914872766,0,-0.8789474002831328,-1.3681199568820988,0
0.016088405896650414,0.023985636143988125,0,-0.8861488818067376,-1.3191457062150866,0
0.016788445517123277,0.02390464214525488,0,-0.8932423498421285,-1.2702721379983346,0
0.01753966837405463,0.02382126971990704,0,-0.9002239384997026,-1.2212340356289768,0
0.018355429446028634,0.023724471248652703,0,-0.907435522928018,-1.1720005014611148,0
0.019227711999402288,0.023620324105398837,0,-0.9148550177960539,-1.1228879746071885,0
0.020060765671259032,0.023512146701792164,0,-0.9225103656827293,-1.0786828492309446,0
0.020914424104359775,0.02334731101289738,0,-0.9316621481000643,-1.0398384241686518,0
0.02181286151955023,0.023073162968558245,0,-0.9441475346320695,-0.999783972903538,0
0.022809046543243137,0.022809046543239973,0,-0.954594154601127,-0.9545941546011266,0
0.02388886060454012,0.02247443083999689,0,-0.9655136764949128,-0.9074877267618229,0
0.025164667935214487,0.022064510278460854,0,-0.9769417357602944,-0.8570679705444979,0
0.026544866318969657,0.021645433422814973,0,-0.9863205163877237,-0.8045138581986387,0
0.02803908447249294,0.022581289511703483,0,-0.951944420634415,-0.7673687901284945,0
0.02942391567774184,0.021798153958866185,0,-0.9691573965762535,-0.7205089177843914,0
0.03161043730449585,0.022598926899308622,0,-0.9383748880661856,-0.6817563194080359,0
0.034116883389258425,0.023630341059683074,0,-0.9102342841420921,-0.6434724295602682,0
0.0364864115880375,0.024813635020997173,0,-0.8888238183250661,-0.6092706411441624,0
0.02901105364542505,0.03187830302476052,0,-0.8854187084023334,-0.5628629356729575,0
0.044023384044672015,0.04068568296008579,0,-0.8577286096775257,-0.5141027447316913,0
0.009842330960583493,0.026377362394565985,0,-0.7289465041660186,-1.7850367805236529,0
0.010877444746751702,-0.023305191718672395,0,-0.5974646078210553,1.798901512586206,0
-0.002298678624748959,-0.022574733695809986,0,-0.5977645053610163,1.8538753727230888,0
0.014311278151997835,-0.027936656585021362,0,-0.5444373455470706,1.8772248490305643,0
0.012145128206655071,-0.01999561256486239,0,-0.5334255134940422,1.927552131993741,0
0.005054098839022728,-0.029897137756745035,0,-0.4859603585369851,1.9400625067070922,0
0.013050238054645082,-0.022155942824903407,0,-0.4382024790085712,1.9514042603701423,0
-0.007896662560897764,-0.020185070657202753,0,-0.39018064286380855,1.9615705610388792,0
0.010390527724295955,-0.02519188848413793,0,-0.6441707834095809,1.7795069687504592,0
0.010506996805108311,-0.025846298265729147,0,-0.6903421262742437,1.761749425910945,0
0.010525715494943327,-0.025595242754515093,0,-0.6983203083882776,1.7152798826443683,0
0.01079928848405387,-0.025489632422206056,0,-0.7054617558284969,1.666617010078842,0
0.011316950766266874,-0.02517604172438382,0,-0.7511618762505802,1.648466972181327,0
0.011813308638013964,-0.025099842671225815,0,-0.7583295788868948,1.599766077476332,0
0.012327541475357862,-0.025077797113561742,0,-0.7655429503290311,1.551010500011537,0
0.013015935282706198,-0.024674734982403263,0,-0.811368352364355,1.532885197649551,0
0.013556072675931194,-0.024651859683066393,0,-0.818648633761713,1.484082267557093,0
0.014127767928053819,-0.024618182593581058,0,-0.8258666057212546,1.435280406883914,0
0.014736471686933763,-0.024580983772237858,0,-0.8330089197864603,1.3863816745637372,0
0.015389153873288661,-0.024543047771932513,0,-0.8401337787239318,1.33741907024617,0
0.016091425884969947,-0.02450746867160593,0,-0.8472911698935406,1.288416882437349,0
0.01684863175152614,-0.024473692864523725,0,-0.8544583756322535,1.2394093715624723,0
0.017669548467738338,-0.024442845934356562,0,-0.8616452898421831,1.190339638518916,0
0.018564578487004754,-0.024410323246189445,0,-0.8689016698785648,1.141281918933541,0
0.01953299442996428,-0.02436484396468122,0,-0.8761097144326548,1.09213344517132,0
0.02043869030182629,-0.024269910805563236,0,-0.8860181591927335,1.049777746370826,0
0.02142230202079843,-0.02410034291750984,0,-0.8992448682242821,1.007990519925993,0
0.02247443084000847,-0.02388886060455789,0,-0.9074877267618229,0.9655136764949129,0
0.023664706028042302,-0.023664706028043544,0,-0.9192388155419369,0.9192388155419374,0
0.024975930196379337,-0.023339997884435883,0,-0.9321043376152133,0.8708839256634829,0
0.026435364712694503,-0.02297853981519475,0,-0.9424436832921931,0.8204930068773176,0
0.02786194843630342,-0.024114854099208164,0,-0.907938892872845,0.7865824468356315,0
0.02989345806986154,-0.02386426149834004,0,-0.9191631266426117,0.7308983563867074,0
0.03242058218266715,-0.02547511545638466,0,-0.882882492210907,0.6932460691234076,0
0.0356931447230244,-0.026362115069568034,0,-0.8646284560488969,0.6464138720581947,0
0.05285989259384604,-0.009089320790261845,0,-0.8491017720403065,0.6024251021860324,0
0.026684292746560524,-0.008804195716928045,0,-0.8314696120142534,0.5555702334510615,0
0.04192593002105295,0.029212764725620306,0,-0.6737797048764511,-1.8830881310487306,0
0.013001324073220046,0.03631943157781662,0,-0.6872964747462751,-1.8490105069204625,0
0.003275318524092958,0.027495940449169445,0,-0.7248027001288624,-1.8263860521078545,0
0.017174200193082554,0.02148147755694965,0,-0.7692677476283023,-1.8031962761698497,0
0.01118098043977614,0.02513818883990442,0,-0.7730950325326,-1.7642356600390239,0
0.010846063425989283,0.025245806052171985,0,-0.7825891545040653,-1.7275986306707736,0
0.01106408620188047,0.024611458647668224,0,-0.8277856665208867,-1.7081406940588748,0
0.011709895862427155,0.024373264793092455,0,-0.835435638117683,-1.6608108080159198,0
0.012671406806025905,0.024229384992904886,0,-0.8425750126353112,-1.6121746101227339,0
0.013365396450008742,0.023896662462893837,0,-0.888285733206052,-1.5939976476546096,0
0.013831031222685239,0.02390779221535937,0,-0.8956190673038172,-1.5453504217494265,0
0.014325161848527628,0.02384217263587329,0,-0.9030424825751214,-1.4965668492416895,0
0.01487770922344244,0.023744534550634154,0,-0.9104239655038598,-1.4476947879023516,0
0.015466803759892145,0.0236380895346913,0,-0.9176465317578048,-1.3988197810161076,0
0.016092596947487988,0.023526398070919777,0,-0.9247762276904181,-1.3498765079168826,0
0.01675439103838381,0.023409212299675013,0,-0.9320499721060274,-1.3009381800132749,0
0.017449255888076075,0.023289089907965334,0,-0.9386685172308538,-1.252077621284581,0
0.018198389884755445,0.023155207972348324,0,-0.9454225379161176,-1.2026530697325697,0
0.01902875050559214,0.02299129030672247,0,-0.9538778719754055,-1.1525894798096508,0
0.01985965387098506,0.02281172813987855,0,-0.9613702829909496,-1.104589151631273,0
0.020491352106323146,0.02282061454415286,0,-0.9597710319208205,-1.066529847061606,0
0.02120558603914082,0.022378878200211606,0,-0.9780984096862496,-1.0335550375972977,0
0.022090737079373795,0.022090737079371724,0,-0.9899494936603925,-0.9899494936603922,0
0.023073162968559158,0.0218128615195464,0,-0.9997839729035384,-0.944147534632069,0
0.024100342917491226,0.021422302020792882,0,-1.0079905199259933,-0.8992448682242821,0
0.02528501292017491,0.020988205399684164,0,-1.0193124739850632,-0.8472118044562805,0
0.026420024723330035,0.020368731073312225,0,-1.0316942551894792,-0.7974053266449975,0
0.02778210752939109,0.020988250214561497,0,-1.0007220289983842,-0.7587033262266143,0
0.02890788966754597,0.020133204050186766,0,-1.0184274622854592,-0.7131756912586303,0
0.03072338847802156,0.020760334195450734,0,-0.9876834621372895,-0.6743661377210691,0
0.03268186138433069,0.021765407604597702,0,-0.9569884918183371,-0.6355951571603494,0
0.03666366244893014,0.02000269477044663,0,-0.92651126068227,-0.5967194625730223,0
0.036324242539606935,0.022179470828282123,0,-0.9361280574853372,-0.5517769301698232,0
0.0481021023654591,0.01571481395790122,0,-0.9068094239343711,-0.513701194335582,0
0.03728040965132158,0.012172081825709488,0,-0.8819212639620182,-0.4713967375487831,0
0.010792733768671637,-0.024957252112135894,0,-0.6330250176403864,1.816713347222051,0
0.025988160422185585,-0.014798255832492434,0,-0.6487764114902572,1.852361689263655,0
-0.00227872141563286,-0.003355114554428282,0,-0.6273634790264129,1.8990563617712553,0
-0.006599569712582201,-0.036899127658447606,0,-0.5805693529125171,1.913880671948683,0
0.011298585189222693,-0.026742221401070097,0,-0.6824658404162987,1.8109650460711093,0
0.0098423309605061,-0.02637736239387155,0,-0.7289465041660177,1.7850367805236533,0
0.010617777473568672,-0.02550808761956531,0,-0.736914500519495,1.7457336883349852,0
0.01092206162618386,-0.025327432297719325,0,-0.7440312115514943,1.697108522451655,0
0.011380271654062208,-0.024841520743522853,0,-0.7897304639994501,1.678959685606552,0
0.011933637725912624,-0.02471910297954472,0,-0.7968609085091004,1.630312529599474,0
0.012460315798109448,-0.024699758267510332,0,-0.8040236174141512,1.581639128949484,0
0.013151868737204146,-0.02429029044989667,0,-0.8498033120769776,1.5635036541434533,0
0.013688268131127663,-0.02426542209501888,0,-0.8571680851395619,1.514711173583917,0
0.014233027626623996,-0.02421048934442777,0,-0.8645266627553877,1.465878651162286,0
0.014811690695508495,-0.024140920188623828,0,-0.8717536437363361,1.4170391448831963,0
0.015429158577863021,-0.024065516914872492,0,-0.8789474002831321,1.3681199568820992,0
0.01608840589665131,-0.023985636143990432,0,-0.8861488818067369,1.319145706215087,0
0.016788445517123652,-0.02390464214525693,0,-0.8932423498421278,1.270272137998335,0
0.017539668374055087,-0.02382126971991105,0,-0.900223938499702,1.2212340356289773,0
0.018355429446025865,-0.02372447124865759,0,-0.9074355229280173,1.1720005014611152,0
0.019227711999397375,-0.023620324105407226,0,-0.9148550177960535,1.122887974607189,0
0.02006076567125768,-0.023512146701799488,0,-0.9225103656827288,1.078682849230945,0
0.020914424104359754,-0.023347311012907965,0,-0.9316621481000639,1.0398384241686522,0
0.021812861519551096,-0.023073162968574257,0,-0.944147534632069,0.9997839729035385,0
0.02280904654325155,-0.022809046543253476,0,-0.9545941546011265,0.9545941546011271,0
0.02388886060455567,-0.022474430840006637,0,-0.9655136764949124,0.9074877267618233,0
0.025164667935238645,-0.022064510278464986,0,-0.976941735760294,0.8570679705444983,0
0.026544866318999077,-0.021645433422804332,0,-0.9863205163877232,0.8045138581986392,0
0.0280390844725344,-0.022581289511678152,0,-0.9519444206344145,0.7673687901284949,0
0.029423915677767244,-0.021798153958833312,0,-0.9691573965762531,0.7205089177843919,0
0.031610437304520615,-0.02259892689924703,0,-0.9383748880661854,0.6817563194080364,0
0.03411688338925114,-0.023630341059637978,0,-0.9102342841420918,0.6434724295602686,0
0.03648641158791078,-0.02481363502093609,0,-0.8888238183250659,0.6092706411441629,0
0.029011053645518432,-0.03187830302593824,0,-0.8854187084023332,0.562862935672958,0
0.044023384047586656,-0.04068568295902651,0,-0.8577286096775255,0.5141027447316917,0
0.00031259388000663555,0.04034962324284261,0,-0.7197900710654337,-1.8659855984427145,0
0.007681379085796566,0.015346347798816544,0,-0.7653668625933487,-1.8477590659076777,0
0.017017322551685404,0.03440520595282867,0,-0.8104826260323441,-1.8284195122836866,0
0.0036938388370970137,0.03012548097182906,0,-0.8130398910836052,-1.7848688434964368,0
0.010558857279422934,0.02528990928069673,0,-0.8181177421772898,-1.7449471571492545,0
0.009656749253474671,0.024709656478182292,0,-0.8591907170320681,-1.7248551399105947,0
0.01295589598019351,0.022635073974182032,0,-0.8740028702202599,-1.6913182881099476,0
0.012597356642315635,0.02373419611316615,0,-0.881110629377876,-1.6425687100191537,0
0.013952222249960743,0.023454684320780246,0,-0.9268313180137048,-1.6243953774495605,0
0.013966042892230643,0.023637916947264307,0,-0.9340245002836746,-1.5758482220911898,0
0.014406797979569124,0.023524479168663882,0,-0.9413242710186297,-1.5271011452976297,0
0.014924752179315956,0.023388373160638208,0,-0.9486054715424809,-1.478366484011826,0
0.015493253483109476,0.023253433591214918,0,-0.9557742848212268,-1.4295442800431717,0
0.016096111728749682,0.023117325199810027,0,-0.9629108655293448,-1.3805933683904288,0
0.016727846446550225,0.02297453967485972,0,-0.9700535395640819,-1.3315456465566489,0
0.017389084679424613,0.022823035666702417,0,-0.977200852462579,-1.282496138898013,0
0.018077418863443308,0.022661366076503136,0,-0.9837053122634669,-1.2333387617123888,0
0.018826589103490877,0.022453556081612022,0,-0.9918263606010753,-1.183273242057018,0
0.019660034796474754,0.022230833826838037,0,-1.0023575096202184,-1.1301329393687427,0
0.02057326029513837,0.02199831723545849,0,-1.005213953144108,-1.0759837726798638,0
0.02155916951534682,0.021559169515344923,0,-1.02530483271961,-1.02530483271961,0
0.02237887820021244,0.021205586039139867,0,-1.033555037597298,-0.9780984096862491,0
0.02334731101289625,0.020914424104356757,0,-1.039838424168652,-0.9316621481000639,0
0.024269910805550295,0.020438690301824842,0,-1.0497777463708262,-0.8860181591927335,0
0.02529760567438666,0.01990436863898057,0,-1.0638007667577543,-0.8365872251933936,0
0.026250341703682855,0.019157291959064883,0,-1.0799691056849623,-0.7908903660962946,0
0.027440251471095158,0.019597596655578555,0,-1.0491298840667842,-0.7520700421140397,0
0.02841556500220798,0.018707218992678968,0,-1.0674630612470482,-0.7060440298136832,0
0.029945549662036983,0.019175263254274374,0,-1.0370883386700331,-0.6672421139883848,0
0.03187471589248635,0.0196049564461043,0,-1.0059047240256822,-0.6284573073799115,0
0.03386432582323804,0.02070148809943057,0,-0.9734586599499815,-0.5901000355418001,0
0.03528607716879783,0.01899097790380379,0,-0.9927589581188689,-0.5454051006855593,0
0.037495800347637,0.020293104433862005,0,-0.9587496398174937,-0.5078971467827021,0
0.03682515533319981,0.02540637173818005,0,-0.9305459785467523,-0.4678329115627789,0
0.044487913231933164,0.029858349539013868,0,-0.9039892927095291,-0.4275550943054303,0
0.013001324072399175,-0.036319431577517686,0,-0.6872964747462742,1.849010506920463,0
0.0032753185212210253,-0.02749594044749123,0,-0.7248027001288615,1.826386052107855,0
0.017174200195256336,-0.021481477554263516,0,-0.7692677476283014,1.8031962761698501,0
0.011180980440522447,-0.025138188839652627,0,-0.7730950325325991,1.7642356600390243,0
0.010846063426288279,-0.025245806052342668,0,-0.7825891545040644,1.727598630670774,0
0.011064086201678414,-0.02461145864804598,0,-0.8277856665208858,1.7081406940588753,0
0.011709895862237767,-0.024373264793131906,0,-0.8354356381176821,1.6608108080159203,0
0.012671406806001291,-0.024229384992849646,0,-0.8425750126353105,1.6121746101227343,0
0.013365396450048733,-0.023896662462828597,0,-0.8882857332060513,1.59399764765461,0
0.013831031222718532,-0.023907792215345867,0,-0.8956190673038166,1.545350421749427,0
0.014325161848538926,-0.023842172635873633,0,-0.9030424825751208,1.49656684924169,0
0.014877709223446778,-0.0237445345506319,0,-0.9104239655038592,1.447694787902352,0
0.015466803759897129,-0.02363808953468893,0,-0.9176465317578041,1.398819781016108,0
0.016092596947491874,-0.02352639807092383,0,-0.9247762276904175,1.349876507916883,0
0.01675439103838821,-0.02340921229967779,0,-0.9320499721060267,1.3009381800132753,0
0.01744925588807795,-0.023289089907970517,0,-0.9386685172308531,1.2520776212845814,0
0.018198389884754775,-0.02315520797235508,0,-0.945422537916117,1.2026530697325701,0
0.01902875050559132,-0.02299129030672946,0,-0.9538778719754051,1.1525894798096512,0
0.019859653870982614,-0.02281172813988617,0,-0.9613702829909492,1.1045891516312734,0
0.020491352106321595,-0.022820614544161125,0,-0.95977103192082,1.0665298470616065,0
0.02120558603914096,-0.02237887820022094,0,-0.9780984096862492,1.0335550375972982,0
0.022090737079380834,-0.02209073707938261,0,-0.9899494936603921,0.9899494936603926,0
0.023073162968572945,-0.021812861519553483,0,-0.9997839729035379,0.9441475346320695,0
0.02410034291750879,-0.02142230202079775,0,-1.0079905199259929,0.8992448682242825,0
0.025285012920197275,-0.020988205399679848,0,-1.0193124739850628,0.847211804456281,0
0.02642002472335016,-0.02036873107330117,0,-1.0316942551894788,0.797405326644998,0
0.027782107529415654,-0.020988250214538425,0,-1.0007220289983838,0.7587033262266147,0
0.028907889667560457,-0.020133204050155513,0,-1.0184274622854588,0.7131756912586308,0
0.030723388478036486,-0.020760334195409534,0,-0.9876834621372893,0.6743661377210696,0
0.032681861384317876,-0.021765407604585466,0,-0.9569884918183369,0.6355951571603499,0
0.036663662449017524,-0.020002694770223185,0,-0.9265112606822697,0.5967194625730228,0
0.03632424253950089,-0.02217947082830613,0,-0.936128057485337,0.5517769301698237,0
0.04810210236587649,-0.01571481395544443,0,-0.9068094239343709,0.5137011943355825,0
0.03728040964727569,-0.01217208182510409,0,-0.881921263962018,0.4713967375487834,0
0.04192593001633065,-0.029212764726436507,0,-0.6737797048764502,1.883088131048731,0
0.004707282298947242,0.018537027868768284,0,-0.8551101849915401,-1.8079785871308685,0
0.017530733022574,0.02109831864978496,0,-0.8579788665175605,-1.7635396326281556,0
0.0040824293245632455,0.024331037152698427,0,-0.8999310898600803,-1.7307615682818225,0
0.013285438648028423,0.023046174992485194,0,-0.9194998606407797,-1.6726070337701626,0
0.014566835028300341,0.02377892209002356,0,-0.9663101389930696,-1.655941631418573,0
0.014112857152725413,0.023661862246476192,0,-0.9720817765919002,-1.6049907924632039,0
0.014435741455572604,0.02328389544805418,0,-0.9796895472987072,-1.5574678926984258,0
0.01492807165101614,0.023058286052971697,0,-0.9868807959089335,-1.5089024547528158,0
0.015503470242214356,0.022891904882769716,0,-0.993963345829847,-1.460050818167383,0
0.016095730745946293,0.022735414586969035,0,-1.0009250430854604,-1.4111741489903107,0
0.016707916673223272,0.022578132068843678,0,-1.0080270933243913,-1.3621722235925007,0
0.017339163653083408,0.02241049538130602,0,-1.015219633626509,-1.3130555846502747,0
0.01799297010014136,0.022225632829510015,0,-1.02242647146631,-1.2639901261585638,0
0.018652644209114496,0.02202858078940288,0,-1.0292046391021472,-1.2150616490964647,0
0.01941782592883096,0.021755046594861917,0,-1.0377908299233853,-1.1638414457043698,0
0.02029074913311735,0.021473875396436706,0,-1.0477192195237581,-1.1089564630933058,0
0.02103568161352861,0.021035681613526504,0,-1.060660171778835,-1.060660171778834,0
0.021998317235459017,0.0205732602951371,0,-1.075983772679864,-1.005213953144108,0
0.02282061454415532,0.020491352106322684,0,-1.066529847061606,-0.9597710319208198,0
0.02351214670179176,0.020060765671256166,0,-1.0786828492309453,-0.9225103656827289,0
0.024364843964669713,0.01953299442996549,0,-1.0921334451713203,-0.8761097144326551,0
0.02523875796773651,0.018838742161531693,0,-1.1105145298528383,-0.8299476668430563,0
0.026071200663808566,0.018063350639688017,0,-1.1288722858986382,-0.7838470865153415,0
0.027132175044570068,0.018350030563311432,0,-1.0981703627765922,-0.744933126154201,0
0.02798458801814052,0.017453790339167115,0,-1.1165241435797553,-0.698926294212699,0
0.029321399374743574,0.017731007013550598,0,-1.0862786488067353,-0.660110346307951,0
0.030904964099772142,0.018104790651206244,0,-1.0556809766282143,-0.6215807479295324,0
0.03279921570515825,0.018541972837635354,0,-1.0250348469647783,-0.583221971506589,0
0.03367650665543171,0.01732424543677275,0,-1.0443954244305542,-0.5379745258904913,0
0.0361174009571503,0.017865247025356305,0,-1.0131041598173953,-0.49977072212129686,0
0.0391150773315402,0.017964169111159584,0,-0.9813884521041311,-0.4615420620437505,0
0.046393947244662455,0.018498839222607984,0,-0.9527773036306834,-0.4216012026929773,0
0.04806294512149089,0.01064529179233664,0,-0.923879532095688,-0.3826834333684341,0
0.00031259387618729693,-0.040349623243546705,0,-0.7197900710654328,1.865985598442715,0
0.0076813790860425675,-0.015346347793326602,0,-0.7653668625933479,1.8477590659076781,0
0.017017322558907918,-0.03440520595155449,0,-0.8104826260323432,1.828419512283687,0
0.003693838839523312,-0.030125480974085014,0,-0.8130398910836043,1.7848688434964373,0
0.010558857279690926,-0.0252899092813387,0,-0.8181177421772889,1.744947157149255,0
0.009656749252578858,-0.02470965647912586,0,-0.8591907170320672,1.7248551399105951,0
0.012955895979915049,-0.022635073973847574,0,-0.874002870220259,1.691318288109948,0
0.012597356642175405,-0.023734196112960525,0,-0.8811106293778751,1.6425687100191542,0
0.013952222250240075,-0.02345468432057607,0,-0.9268313180137039,1.624395377449561,0
0.01396604289231703,-0.02363791694727134,0,-0.9340245002836739,1.5758482220911902,0
0.014406797979594424,-0.0235244791686873,0,-0.941324271018629,1.5271011452976302,0
0.014924752179318799,-0.023388373160644335,0,-0.9486054715424802,1.4783664840118265,0
0.015493253483112646,-0.02325343359121198,0,-0.9557742848212262,1.4295442800431721,0
0.01609611172875661,-0.023117325199808973,0,-0.9629108655293441,1.3805933683904292,0
0.01672784644655849,-0.022974539674863015,0,-0.9700535395640812,1.3315456465566493,0
0.017389084679431798,-0.022823035666708465,0,-0.9772008524625784,1.2824961388980134,0
0.01807741886344619,-0.02266136607651084,0,-0.9837053122634662,1.2333387617123892,0
0.018826589103492657,-0.022453556081619738,0,-0.9918263606010747,1.1832732420570184,0
0.01966003479647568,-0.022230833826846777,0,-1.002357509620218,1.1301329393687432,0
0.0205732602951394,-0.021998317235465414,0,-1.0052139531441076,1.0759837726798642,0
0.021559169515350807,-0.021559169515350668,0,-1.0253048327196095,1.0253048327196104,0
0.022378878200219842,-0.021205586039143704,0,-1.0335550375972975,0.9780984096862495,0
0.02334731101290745,-0.020914424104359643,0,-1.0398384241686516,0.9316621481000643,0
0.024269910805563424,-0.02043869030182534,0,-1.0497777463708258,0.886018159192734,0
0.025297605674400418,-0.019904368638973238,0,-1.0638007667577538,0.836587225193394,0
0.0262503417036957,-0.019157291959052917,0,-1.0799691056849618,0.790890366096295,0
0.027440251471108526,-0.01959759665555985,0,-1.0491298840667838,0.7520700421140402,0
0.02841556500221538,-0.018707218992653433,0,-1.0674630612470477,0.7060440298136836,0
0.02994554966204201,-0.019175263254246535,0,-1.0370883386700327,0.6672421139883853,0
0.03187471589249303,-0.01960495644605823,0,-1.0059047240256818,0.6284573073799119,0
0.033864325823241066,-0.02070148809939294,0,-0.9734586599499813,0.5901000355418006,0
0.03528607716879147,-0.01899097790372882,0,-0.9927589581188687,0.5454051006855597,0
0.037495800347674385,-0.02029310443390168,0,-0.9587496398174935,0.5078971467827026,0
0.03682515533191371,-0.025406371740776427,0,-0.930545978546752,0.46783291156277934,0
0.04448791323465099,-0.029858349542968253,0,-0.9039892927095289,0.42755509430543076,0
0.007078981868169449,0.033172646297181724,0,-0.8992226575541578,-1.7864486032744515,0
0.004708763879798761,0.010551718117344556,0,-0.9427934721717728,-1.7638425294879059,0
0.020519643737443756,0.015531181693511802,0,-0.9455526259126596,-1.7137354912669878,0
0.016045865155213813,0.029369311046026643,0,-0.9894170658473574,-1.6991428932856927,0
0.013762419639359565,0.025852969173437174,0,-1.0212206939993158,-1.6704061400615458,0
0.013801970704347284,0.0240510528025253,0,-1.0115633038189704,-1.628061441032004,0
0.014185085772432802,0.023068794431102067,0,-1.017297515329052,-1.5851330528217207,0
0.01487273343288332,0.022740045794372034,0,-1.025231410129671,-1.538643806422348,0
0.01548457937300159,0.022528777160845673,0,-1.0326154472307316,-1.4905333235896978,0
0.016076613970786875,0.022357937497943094,0,-1.0397778863928304,-1.4417874534395558,0
0.016689865834032983,0.022191787991688628,0,-1.046918742513807,-1.3928581946686638,0
0.017308794725914876,0.022019062861734766,0,-1.0540797085920952,-1.3438173532298419,0
0.01793216367507847,0.021829409116604942,0,-1.0612567439468203,-1.294700675071279,0
0.01856156937814974,0.02162814999469971,0,-1.0683035269902534,-1.2460205018494228,0
0.019213557102747268,0.021381094798503888,0,-1.0742707229086563,-1.198042590707686,0
0.019939115186824057,0.02108282526522669,0,-1.0831088974383651,-1.1443210032213658,0
0.02070041011419004,0.020700410114188564,0,-1.096015510838228,-1.096015510838228,0
0.02147387539643842,0.020290749133116397,0,-1.108956463093306,-1.047719219523758,0
0.022230833826838724,0.01966003479647561,0,-1.130132939368743,-1.002357509620218,0
0.022811728139877575,0.01985965387098503,0,-1.104589151631273,-0.9613702829909496,0
0.02362032410539578,0.01922771199939997,0,-1.1228879746071891,-0.9148550177960537,0
0.024410323246177184,0.01856457848700637,0,-1.1412819189335413,-0.8689016698785652,0
0.025185254951673446,0.017839856967261116,0,-1.1596041835050923,-0.8227597875343613,0
0.025929193540579692,0.01706039016778036,0,-1.1779431754780283,-0.7766946736178231,0
0.02686709101611987,0.017230700082633835,0,-1.1472542932368912,-0.7378053097650455,0
0.027612708183833504,0.016340356393745415,0,-1.1656636937524203,-0.6918503760138925,0
0.02877255384088645,0.01649174021413165,0,-1.1352268274397053,-0.6530157385484694,0
0.030147517630664106,0.0166873608388566,0,-1.1050348978716242,-0.6144161180048067,0
0.03178017327045775,0.01694568587297557,0,-1.0747444034304332,-0.576036630389552,0
0.032566346270809204,0.01575859694002004,0,-1.0931193892350892,-0.5305982052874255,0
0.034558258801506876,0.01595692295649516,0,-1.0626625393001552,-0.4922185747921499,0
0.03703098353224193,0.01629886093909495,0,-1.0319088098025377,-0.45375032667121173,0
0.03946792692160015,0.016630714764772334,0,-1.0018668547003047,-0.4149868402147681,0
0.041985620450855195,0.014105834818811511,0,-0.9716515897092134,-0.3754615323548291,0
0.03785465704998127,0.01817055482480887,0,-0.9415440648596897,-0.3368898542958702,0
0.004707282299598915,-0.01853702787365959,0,-0.8551101849915392,1.807978587130869,0
0.017530733022050264,-0.021098318652669916,0,-0.8579788665175596,1.763539632628156,0
0.004082429321210295,-0.024331037151599476,0,-0.8999310898600794,1.730761568281823,0
0.013285438648061353,-0.02304617499196548,0,-0.9194998606407788,1.672607033770163,0
0.014566835029103836,-0.02377892208983974,0,-0.9663101389930687,1.6559416314185735,0
0.014112857153006999,-0.023661862246717638,0,-0.9720817765918995,1.6049907924632043,0
0.014435741455583904,-0.023283895448160657,0,-0.9796895472987065,1.5574678926984262,0
0.014928071650983081,-0.023058286052994936,0,-0.9868807959089329,1.5089024547528163,0
0.015503470242207924,-0.022891904882759988,0,-0.9939633458298464,1.4600508181673835,0
0.01609573074595177,-0.022735414586961204,0,-1.0009250430854595,1.4111741489903111,0
0.016707916673233434,-0.02257813206884518,0,-1.0080270933243909,1.3621722235925011,0
0.017339163653090944,-0.022410495381311776,0,-1.0152196336265085,1.3130555846502752,0
0.017992970100145275,-0.022225632829520624,0,-1.0224264714663096,1.2639901261585642,0
0.018652644209114593,-0.022028580789413003,0,-1.0292046391021468,1.2150616490964652,0
0.019417825928829343,-0.021755046594870178,0,-1.037790829923385,1.1638414457043702,0
0.020290749133118305,-0.02147387539644378,0,-1.0477192195237577,1.1089564630933062,0
0.02103568161352945,-0.02103568161353149,0,-1.0606601717788346,1.0606601717788344,0
0.021998317235462944,-0.02057326029513947,0,-1.0759837726798636,1.0052139531441084,0
0.022820614544161844,-0.02049135210632472,0,-1.0665298470616056,0.9597710319208203,0
0.023512146701802305,-0.020060765671255906,0,-1.0786828492309448,0.9225103656827294,0
0.0243648439646826,-0.019532994429962185,0,-1.0921334451713198,0.8761097144326555,0
0.025238757967751276,-0.01883874216152272,0,-1.1105145298528378,0.8299476668430568,0
0.026071200663821598,-0.01806335063967756,0,-1.1288722858986378,0.783847086515342,0
0.02713217504458131,-0.01835003056329572,0,-1.0981703627765917,0.7449331261542015,0
0.02798458801814763,-0.017453790339148036,0,-1.1165241435797548,0.6989262942126995,0
0.02932139937474619,-0.01773100701352443,0,-1.0862786488067349,0.6601103463079514,0
0.030904964099769203,-0.018104790651177306,0,-1.0556809766282138,0.6215807479295329,0
0.0327992157051506,-0.01854197283760324,0,-1.0250348469647779,0.5832219715065895,0
0.033676506655419304,-0.01732424543673404,0,-1.0443954244305538,0.5379745258904918,0
0.03611740095714354,-0.017865247025346184,0,-1.0131041598173949,0.4997707221212973,0
0.03911507733163628,-0.01796416911095646,0,-0.9813884521041308,0.4615420620437509,0
0.046393947247109456,-0.018498839221371563,0,-0.9527773036306831,0.42160120269297774,0
0.04806294512329535,-0.010645291786099742,0,-0.9238795320956877,0.3826834333684345,0
0.03222048111979771,0.020980721143052244,0,-0.9857963831335155,-1.740173982968623,0
0.012219439451735505,0.030414687215027797,0,-1.0282054871982267,-1.715457220712734,0
0.008600792781936593,0.027390627538501133,0,-1.0699952387551894,-1.6897071311446918,0
0.011470545695409484,0.022595702667983702,0,-1.0603868659140898,-1.6429902325305348,0
0.014084606870230125,0.02296914790087232,0,-1.0523859876889468,-1.6043549483657267,0
0.014662004131965013,0.02219918326116487,0,-1.0625045965474997,-1.566990413645044,0
0.015395878501718165,0.022096096225867643,0,-1.0711871529369181,-1.5208376012295797,0
0.01605588363654119,0.02197492898835603,0,-1.0784979815361526,-1.4723673738266578,0
0.0166767450415317,0.02178882095187955,0,-1.0857337865222756,-1.4235540481775788,0
0.017279368829916195,0.021637426400531422,0,-1.0929610389939883,-1.3745837236801297,0
0.017888216391320447,0.021461280343749427,0,-1.1002002349559223,-1.3255134555286279,0
0.018482979515702023,0.02125599436801469,0,-1.1075240274466882,-1.276542672442031,0
0.019077285449439214,0.021011888429877296,0,-1.1138145911334163,-1.2286978455988207,0
0.019705838306755742,0.020739511566189982,0,-1.12133901547109,-1.1800151818520888,0
0.020381836352449625,0.02038183635244704,0,-1.131370849897643,-1.131370849897643,0
0.021082825265231298,0.019939115186821583,0,-1.144321003221366,-1.083108897438365,0
0.02175504659486381,0.019417825928832427,0,-1.16384144570437,-1.037790829923385,0
0.022453556081611703,0.018826589103494627,0,-1.183273242057018,-0.991826360601075,0
0.0229912903067211,0.019028750505593894,0,-1.152589479809651,-0.9538778719754051,0
0.023724471248648293,0.018355429446028842,0,-1.1720005014611152,-0.9074355229280173,0
0.024442845934349363,0.017669548467740267,0,-1.1903396385189162,-0.8616452898421832,0
0.025141586106628526,0.016937473147440395,0,-1.2086577201513373,-0.8155845120746188,0
0.02580969541656922,0.01615553931420239,0,-1.2269854415297272,-0.769542357556712,0
0.02663516192648245,0.016228747672325086,0,-1.1963007167111273,-0.7306922949542702,0
0.027297017334933272,0.01535145265280938,0,-1.2146563958796572,-0.6847226411054834,0
0.02830528258498341,0.01539869760973776,0,-1.1839693460500362,-0.6459818153175605,0
0.029494382330184612,0.015475295258687356,0,-1.1536334045363281,-0.6072315446350103,0
0.030897774112736604,0.0155934984242013,0,-1.1235534294985563,-0.568803276698792,0
0.03156608856389735,0.014426829627034765,0,-1.1419135844831623,-0.5236219767656425,0
0.03326961894111303,0.01448595965038255,0,-1.1114046269006421,-0.48508230693625176,0
0.03528565273629773,0.014562688337487827,0,-1.0808417087652378,-0.44652830435797247,0
0.03774091533400183,0.01458759732255549,0,-1.0504493620355848,-0.40801797593575956,0
0.04062007838749788,0.014945410546771272,0,-1.0196738491723587,-0.36804582227001204,0
0.042760244803286544,0.01872355182109481,0,-0.9886217685443471,-0.328423529770059,0
0.048655109896325904,0.027062749862884677,0,-0.9569403354952273,-0.2902846780356864,0
0.007078981860482335,-0.03317264630077327,0,-0.8992226575541569,1.786448603274452,0
0.004708763876445335,-0.010551718112127524,0,-0.9427934721717719,1.7638425294879063,0
0.02051964373903046,-0.015531181689777504,0,-0.9455526259126588,1.7137354912669882,0
0.016045865157293292,-0.029369311046156796,0,-0.9894170658473566,1.6991428932856931,0
0.013762419643642014,-0.025852969175263276,0,-1.021220693999315,1.6704061400615462,0
0.013801970704597327,-0.024051052803205686,0,-1.0115633038189695,1.6280614410320045,0
0.014185085772218853,-0.023068794431427387,0,-1.017297515329051,1.5851330528217211,0
0.01487273343279065,-0.02274004579439325,0,-1.02523141012967,1.5386438064223484,0
0.015484579372947291,-0.022528777160822838,0,-1.0326154472307307,1.4905333235896983,0
0.016076613970799254,-0.022357937497907696,0,-1.0397778863928295,1.4417874534395563,0
0.016689865834054428,-0.022191787991682973,0,-1.046918742513806,1.3928581946686642,0
0.01730879472593277,-0.02201906286174376,0,-1.0540797085920948,1.3438173532298423,0
0.017932163675086075,-0.021829409116618608,0,-1.06125674394682,1.2947006750712795,0
0.018561569378150247,-0.021628149994714244,0,-1.068303526990253,1.2460205018494233,0
0.019213557102745492,-0.02138109479851369,0,-1.0742707229086559,1.1980425907076864,0
0.019939115186820733,-0.02108282526523406,0,-1.0831088974383647,1.1443210032213662,0
0.02070041011418768,-0.020700410114193695,0,-1.0960155108382275,1.0960155108382283,0
0.021473875396437095,-0.020290749133118128,0,-1.1089564630933055,1.0477192195237583,0
0.02223083382684108,-0.019660034796472804,0,-1.1301329393687425,1.0023575096202184,0
0.022811728139883997,-0.01985965387098202,0,-1.1045891516312725,0.9613702829909501,0
0.023620324105405894,-0.019227711999397448,0,-1.1228879746071887,0.9148550177960542,0
0.02441032324618786,-0.018564578487000345,0,-1.1412819189335408,0.8689016698785657,0
0.025185254951682112,-0.01783985696725285,0,-1.1596041835050919,0.8227597875343617,0
0.02592919354058637,-0.01706039016777215,0,-1.1779431754780278,0.7766946736178235,0
0.026867091016127307,-0.01723070008261941,0,-1.1472542932368908,0.737805309765046,0
0.02761270818383544,-0.016340356393731787,0,-1.1656636937524198,0.691850376013893,0
0.02877255384088574,-0.016491740214113048,0,-1.1352268274397048,0.6530157385484698,0
0.030147517630661244,-0.016687360838833848,0,-1.1050348978716238,0.6144161180048071,0
0.031780173270447895,-0.016945685872943303,0,-1.0747444034304328,0.5760366303895524,0
0.03256634627079115,-0.01575859693998938,0,-1.0931193892350888,0.530598205287426,0
0.034558258801472314,-0.015956922956433174,0,-1.0626625393001548,0.49221857479215037,0
0.03703098353224602,-0.01629886093897871,0,-1.0319088098025377,0.4537503266712122,0
0.03946792692144489,-0.01663071476449305,0,-1.0018668547003047,0.41498684021476856,0
0.04198562044923334,-0.014105834816871745,0,-0.9716515897092132,0.37546153235482954,0
0.03785465704562964,-0.01817055482453474,0,-0.9415440648596894,0.33688985429587065,0
0.010418049986450312,0.02096687337142194,0,-1.1111404650968706,-1.6629392252347377,0
0.013449474524829282,0.020068202916472697,0,-1.0995403595284647,-1.6016822578634728,0
0.015781427035641137,0.021841368009069634,0,-1.1093851536719468,-1.5512908151674178,0
0.016029351460812954,0.02161534665097496,0,-1.117178766409959,-1.5030160473399448,0
0.01651250444676033,0.021434544711686477,0,-1.124362029709829,-1.454309247612962,0
0.017246835726418688,0.021255250602241604,0,-1.1315088933132595,-1.40568136286468,0
0.017863730259382284,0.021103874389717413,0,-1.1381324890747582,-1.356693910863326,0
0.01841203358637682,0.020943997529917092,0,-1.1445467533678664,-1.3075804978989878,0
0.018969065422313157,0.02072005586821475,0,-1.1508934126061732,-1.261232679351175,0
0.019524901413668687,0.020446024382887302,0,-1.158595027346591,-1.215193486436476,0
0.02012569139053339,0.02012569139052567,0,-1.16672618895708,-1.16672618895708,0
0.020739511566196637,0.01970583830675389,0,-1.180015181852089,-1.12133901547109,0
0.021381094798508048,0.01921355710274952,0,-1.198042590707686,-1.074270722908656,0
0.022028580789404235,0.018652644209118895,0,-1.215061649096465,-1.029204639102147,0
0.022661366076502976,0.01807741886344799,0,-1.233338761712389,-0.9837053122634665,0
0.023155207972345097,0.01819838988475882,0,-1.20265306973257,-0.9454225379161174,0
0.023821269719904937,0.017539668374055156,0,-1.2212340356289773,-0.9002239384997021,0
0.024473692864516897,0.016848631751525834,0,-1.2394093715624723,-0.8544583756322532,0
0.02510841081369604,0.016111750349997452,0,-1.2576940597915371,-0.808412321982271,0
0.02571278970049676,0.015333448034031923,0,-1.2759793620884523,-0.762378986121586,0
0.026441460266801477,0.01533029238542637,0,-1.2453013003900402,-0.7235384116666651,0
0.027029559360171852,0.014466035219503525,0,-1.2635915672346603,-0.6776564015804261,0
0.027904754111756244,0.014427355441154144,0,-1.2329549199999392,-0.6390321440222385,0
0.02893220341018461,0.014405677783741817,0,-1.2025871732685862,-0.6003896438029138,0
0.030140707635012018,0.014402706248829646,0,-1.1722197755310901,-0.5618783883164289,0
0.03070662080766947,0.013285845364525643,0,-1.1906237762489842,-0.5164565675553583,0
0.03214797636117975,0.013209228035795047,0,-1.1601088432316402,-0.47796116122522575,0
0.03386072343923552,0.013127475354499,0,-1.1295773861480758,-0.4393593616532308,0
0.03588907575914069,0.013047697735373271,0,-1.0990421277971378,-0.40074244350015226,0
0.0383799711944269,0.013066820862372765,0,-1.0686406496426588,-0.36222177997824473,0
0.04158704655122605,0.01264140584460711,0,-1.0368128704020467,-0.31916327536641154,0
0.05268892886828676,0.014742056512472007,0,-1.004197890929559,-0.2789406504611346,0
0.05950518781405604,-0.003536232252222643,0,-0.9700312530284172,-0.24298018056647946,0
0.03222048112586222,-0.020980721138950297,0,-0.9857963831335146,1.7401739829686234,0
0.012219439458261974,-0.03041468721409758,0,-1.0282054871982258,1.7154572207127345,0
0.00860079278021179,-0.027390627548926315,0,-1.0699952387551885,1.6897071311446923,0
0.011470545690787053,-0.022595702671648444,0,-1.060386865914089,1.6429902325305352,0
0.014084606870042858,-0.022969147901731483,0,-1.0523859876889459,1.6043549483657271,0
0.014662004131270428,-0.02219918326128563,0,-1.0625045965474988,1.5669904136450445,0
0.01539587850164419,-0.02209609622563917,0,-1.0711871529369172,1.5208376012295801,0
0.016055883636558882,-0.021974928988284886,0,-1.0784979815361517,1.4723673738266583,0
0.016676745041575385,-0.021788820951859463,0,-1.0857337865222747,1.4235540481775792,0
0.017279368829954657,-0.021637426400542878,0,-1.0929610389939879,1.3745837236801302,0
0.017888216391339373,-0.021461280343772284,0,-1.100200234955922,1.3255134555286283,0
0.01848297951570795,-0.02125599436803697,0,-1.1075240274466878,1.2765426724420315,0
0.019077285449436356,-0.0210118884298955,0,-1.1138145911334159,1.2286978455988211,0
0.019705838306748238,-0.020739511566198018,0,-1.1213390154710896,1.1800151818520892,0
0.020381836352441587,-0.020381836352452533,0,-1.1313708498976425,1.1313708498976434,0
0.02108282526522535,-0.019939115186823425,0,-1.1443210032213655,1.0831088974383654,0
0.021755046594862992,-0.0194178259288283,0,-1.1638414457043695,1.0377908299233853,0
0.022453556081611942,-0.01882658910348702,0,-1.1832732420570176,0.9918263606010754,0
0.022991290306725715,-0.019028750505588415,0,-1.1525894798096505,0.9538778719754055,0
0.02372447124865538,-0.01835542944602271,0,-1.1720005014611148,0.9074355229280178,0
0.024442845934357818,-0.017669548467731427,0,-1.1903396385189158,0.8616452898421837,0
0.025141586106634733,-0.016937473147432908,0,-1.2086577201513369,0.8155845120746192,0
0.025809695416574956,-0.016155539314196447,0,-1.2269854415297268,0.7695423575567124,0
0.02663516192648426,-0.016228747672312683,0,-1.1963007167111268,0.7306922949542707,0
0.02729701733493342,-0.015351452652798716,0,-1.2146563958796568,0.6847226411054839,0
0.02830528258497924,-0.015398697609724612,0,-1.1839693460500358,0.6459818153175609,0
0.02949438233017745,-0.015475295258668897,0,-1.1536334045363277,0.6072315446350107,0
0.030897774112725436,-0.015593498424179526,0,-1.1235534294985559,0.5688032766987925,0
0.0315660885638751,-0.014426829627015438,0,-1.1419135844831618,0.5236219767656429,0
0.03326961894108089,-0.01448595965035341,0,-1.1114046269006417,0.4850823069362522,0
0.03528565273622312,-0.014562688337443024,0,-1.0808417087652378,0.4465283043579729,0
0.03774091533381824,-0.014587597322424452,0,-1.0504493620355848,0.40801797593576,0
0.040620078387122775,-0.014945410546698021,0,-1.0196738491723587,0.3680458222700125,0
0.04276024480113647,-0.018723551822544347,0,-0.9886217685443469,0.32842352977005945,0
0.04865510989524033,-0.027062749868257227,0,-0.9569403354952271,0.29028467803568686,0
0.01856971887725518,0.016361525312823855,0,-1.1516163820122887,-1.6351696268830729,0
0.017835846480175215,0.020916173291117855,0,-1.1494865907553757,-1.581658803163281,0
0.015401000104329758,0.021768463075357382,0,-1.1549512406425757,-1.5331860065540177,0
0.01655703438581652,0.020748572055079746,0,-1.1629351188894097,-1.4849020148823837,0
0.01743425219651822,0.020598149190250176,0,-1.1701315577130558,-1.4362801888545997,0
0.017807642897554734,0.02079465939910726,0,-1.1759398820576639,-1.3873059271990267,0
0.018382005599216027,0.020657445901434653,0,-1.1801481223717984,-1.3397632023767907,0
0.01884813967728873,0.020472147442303138,0,-1.1850054935467533,-1.2930438374665658,0
0.019366806971019158,0.020213707334794443,0,-1.1941302515851955,-1.2497707904730477,0
0.019907297427621245,0.019907297427604914,0,-1.202081528016508,-1.202081528016508,0
0.020446024382902488,0.019524901413666564,0,-1.215193486436476,-1.158595027346591,0
0.021011888429889516,0.019077285449443874,0,-1.228697845598821,-1.113814591133416,0
0.021628149994705737,0.018561569378156742,0,-1.246020501849423,-1.068303526990253,0
0.0222256328295108,0.017992970100149226,0,-1.263990126158564,-1.02242647146631,0
0.022823035666697775,0.01738908467943299,0,-1.282496138898013,-0.9772008524625787,0
0.02328908990796288,0.017449255888081373,0,-1.252077621284581,-0.9386685172308532,0
0.02390464214524813,0.016788445517123503,0,-1.2702721379983353,-0.893242349842128,0
0.024507468671597643,0.016091425884968934,0,-1.2884168824373492,-0.8472911698935406,0
0.025086740701052893,0.015355468807184296,0,-1.3066951378897953,-0.8012500756252083,0
0.02563590857540377,0.014585118663084167,0,-1.3249485041973301,-0.7552346740026502,0
0.02628142390109672,0.014519320914849788,0,-1.2942565448041983,-0.7163847937734589,0
0.02680724784078766,0.013671415595541449,0,-1.3125686756354211,-0.6705983158359075,0
0.02756617789598062,0.01356489026447688,0,-1.2819741079706182,-0.6320833254418003,0
0.028451838076966423,0.013464623310174652,0,-1.2514551744481712,-0.5935099122618283,0
0.02949020137786568,0.013369548984941707,0,-1.2209649577838952,-0.5549153801891828,0
0.029978171768469883,0.012296972082912559,0,-1.2393250274103271,-0.5094748583675273,0
0.031196763924641345,0.012124186104818203,0,-1.2087065395314422,-0.4708985323807482,0
0.03262647104595804,0.011934076101073,0,-1.1781463760709099,-0.4323187102210183,0
0.034317438336314926,0.011711816162240575,0,-1.1477751322528318,-0.39359265178888525,0
0.036277310626600175,0.011391502582125755,0,-1.1172133050891289,-0.3549575354954189,0
0.039040072607978836,0.011090514162081492,0,-1.0856398098607387,-0.31370862659348175,0
0.04173030693832974,0.009039795802722551,0,-1.051901303151065,-0.26902545227753794,0
0.0454597519748518,-0.0006067426185580319,0,-1.018488388592635,-0.22658593868666227,0
0.03430253668324817,-0.005639693960654603,0,-0.980785280302205,-0.19509032252401687,0
0.01041804997852749,-0.020966873370474398,0,-1.1111404650968697,1.6629392252347381,0
0.013449474523836248,-0.020068202913429697,0,-1.0995403595284639,1.6016822578634733,0
0.015781427035508944,-0.02184136800880838,0,-1.109385153671946,1.5512908151674183,0
0.016029351460884876,-0.021615346650720978,0,-1.1171787664099582,1.5030160473399452,0
0.016512504446939084,-0.021434544711596486,0,-1.124362029709828,1.4543092476129624,0
0.01724683572650296,-0.02125525060226364,0,-1.1315088933132587,1.4056813628646805,0
0.017863730259410945,-0.021103874389763327,0,-1.1381324890747577,1.3566939108633265,0
0.01841203358638644,-0.020943997529954482,0,-1.144546753367866,1.3075804978989882,0
0.01896906542230662,-0.020720055868243725,0,-1.1508934126061727,1.2612326793511754,0
0.019524901413656568,-0.020446024382905006,0,-1.1585950273465906,1.2151934864364764,0
0.020125691390519253,-0.02012569139053299,0,-1.1667261889570795,1.1667261889570804,0
0.020739511566185777,-0.019705838306754896,0,-1.1800151818520885,1.1213390154710905,0
0.021381094798499884,-0.0192135571027441,0,-1.1980425907076855,1.0742707229086566,0
0.022028580789401585,-0.018652644209109108,0,-1.2150616490964645,1.0292046391021474,0
0.022661366076506116,-0.01807741886343648,0,-1.2333387617123885,0.9837053122634671,0
0.02315520797235099,-0.01819838988474966,0,-1.2026530697325695,0.9454225379161179,0
0.023821269719910342,-0.017539668374048144,0,-1.2212340356289768,0.9002239384997025,0
0.02447369286452389,-0.01684863175151932,0,-1.2394093715624719,0.8544583756322539,0
0.02510841081370599,-0.016111750349991072,0,-1.2576940597915367,0.8084123219822716,0
0.025712789700505303,-0.015333448034027303,0,-1.2759793620884519,0.7623789861215867,0
0.026441460266805626,-0.015330292385418972,0,-1.2453013003900397,0.7235384116666658,0
0.027029559360171276,-0.01446603521949701,0,-1.2635915672346598,0.6776564015804267,0
0.027904754111752972,-0.014427355441145333,0,-1.2329549199999388,0.6390321440222392,0
0.028932203410176324,-0.014405677783730583,0,-1.2025871732685858,0.6003896438029143,0
0.0301407076349987,-0.014402706248815062,0,-1.1722197755310897,0.5618783883164293,0
0.03070662080764737,-0.013285845364516899,0,-1.1906237762489837,0.5164565675553587,0
0.032147976361146864,-0.01320922803578572,0,-1.1601088432316398,0.4779611612252263,0
0.0338607234391803,-0.013127475354489094,0,-1.1295773861480758,0.43935936165323136,0
0.035889075759050676,-0.013047697735388065,0,-1.0990421277971378,0.4007424435001527,0
0.03837997119418681,-0.01306682086249748,0,-1.0686406496426588,0.3622217799782452,0
0.041587046550917425,-0.012641405845080387,0,-1.0368128704020467,0.319163275366412,0
0.05268892886944112,-0.01474205651412152,0,-1.004197890929559,0.27894065046113503,0
0.05950518781666132,0.0035362322520441215,0,-0.970031253028417,0.24298018056647996,0
0.022161732361802255,0.022943915109083272,0,-1.1913986083068824,-1.6064150634641179,0
0.016863699073870336,0.0247973209390106,0,-1.1918253310997307,-1.559679832961669,0
0.015380769975553333,0.01989446500798691,0,-1.2000688964965516,-1.514280675926925,0
0.015986801674335634,0.020903599064304293,0,-1.2097062774389704,-1.4662898363627939,0
0.018273470082306325,0.02031084478644212,0,-1.2152428206017956,-1.4167905016275868,0
0.018387980168183552,0.020343773766956966,0,-1.2177970900904984,-1.3705460330161898,0
0.018771692591833273,0.020269325416326457,0,-1.2207035694102613,-1.3272377574731977,0
0.019223321679370114,0.020030749259894617,0,-1.2255534180193182,-1.2851171388757487,0
0.019729401251807964,0.019729401251778883,0,-1.237436867075976,-1.237436867075975,0
0.02021370733482155,0.019366806971011057,0,-1.249770790473048,-1.194130251585195,0
0.020720055868236463,0.01896906542231723,0,-1.261232679351175,-1.150893412606173,0
0.021255994368029576,0.018482979515714995,0,-1.276542672442031,-1.107524027446688,0
0.021829409116606528,0.01793216367509494,0,-1.294700675071279,-1.06125674394682,0
0.022410495381298825,0.01733916365309497,0,-1.313055584650275,-1.015219633626509,0
0.02297453967484717,0.016727846446558062,0,-1.331545646556649,-0.9700535395640812,0
0.023409212299666117,0.016754391038390177,0,-1.300938180013275,-0.9320499721060267,0
0.0239856361439816,0.016088405896649862,0,-1.3191457062150873,-0.8861488818067371,0
0.02454304777192822,0.015389153873284628,0,-1.3374190702461701,-0.8401337787239316,0
0.025074667104451564,0.014658975138899659,0,-1.3556682228015373,-0.794128854143465,0
0.02557584790069266,0.01390078237569934,0,-1.3738845269642013,-0.7481303406665689,0
0.02614970992953889,0.013783795955754501,0,-1.3431817133480801,-0.7092503176796282,0
0.02662183550026774,0.012954323707102663,0,-1.3615979945818202,-0.6635659615862535,0
0.027284043322229185,0.01279253943774102,0,-1.3309994190427201,-0.6250597025248626,0
0.02804942387273719,0.01263036215856152,0,-1.3004422055586022,-0.586611387731799,0
0.028939714576072608,0.012464151014248772,0,-1.2698873600378853,-0.5480006094351313,0
0.029366182362186275,0.01143570028525147,0,-1.2880914710239872,-0.5023621380309765,0
0.030394064588575163,0.011194250802375936,0,-1.2573541431005453,-0.463832762795705,0
0.03159520682620971,0.01092778267127942,0,-1.2266405731933698,-0.4252794204484164,0
0.03298247806019815,0.010618891181391202,0,-1.1962167773943118,-0.3866367463329259,0
0.03461114959166585,0.010262260831837877,0,-1.1659184707108028,-0.34784616906804716,0
0.03649847623725423,0.00977160248413966,0,-1.134335909489621,-0.30843696583189845,0
0.03882117274017048,0.00875397693507641,0,-1.102146110577886,-0.26891265440161627,0
0.04079472617732356,0.007772261488661578,0,-1.062548862481097,-0.22010089776117164,0
0.03615640105239382,0.009046088722597443,0,-1.034882314224999,-0.17875432905531205,0
0.0371778608940127,0.025444657251605638,0,-0.989176509908181,-0.14673047483692786,0
0.018569718881171877,-0.01636152530814051,0,-1.1516163820122878,1.6351696268830733,0
0.01783584648113738,-0.020916173290654563,0,-1.1494865907553748,1.5816588031632814,0
0.015401000104884858,-0.021768463074494985,0,-1.1549512406425748,1.5331860065540182,0
0.016557034386052747,-0.020748572055141624,0,-1.1629351188894088,1.4849020148823842,0
0.01743425219660161,-0.020598149190414045,0,-1.1701315577130549,1.4362801888546002,0
0.017807642897637272,-0.020794659399171262,0,-1.175939882057663,1.3873059271990271,0
0.018382005599222255,-0.020657445901500746,0,-1.180148122371798,1.3397632023767911,0
0.01884813967728079,-0.020472147442348584,0,-1.1850054935467529,1.2930438374665663,0
0.019366806970999777,-0.020213707334826015,0,-1.194130251585195,1.2497707904730482,0
0.01990729742759707,-0.019907297427620246,0,-1.2020815280165076,1.2020815280165085,0
0.020446024382879967,-0.019524901413666258,0,-1.2151934864364755,1.1585950273465915,0
0.02101188842987193,-0.01907728544943671,0,-1.2286978455988204,1.1138145911334165,0
0.02162814999469725,-0.018561569378144203,0,-1.2460205018494226,1.0683035269902534,0
0.022225632829510022,-0.01799297010013184,0,-1.2639901261585635,1.0224264714663105,0
0.022823035666704388,-0.01738908467941716,0,-1.2824961388980125,0.9772008524625794,0
0.02328908990796955,-0.017449255888069674,0,-1.2520776212845806,0.9386685172308539,0
0.023904642145259412,-0.016788445517115495,0,-1.2702721379983348,0.8932423498421287,0
0.024507468671611004,-0.016091425884960518,0,-1.2884168824373488,0.8472911698935413,0
0.025086740701060897,-0.01535546880717981,0,-1.3066951378897949,0.801250075625209,0
0.025635908575407075,-0.01458511866308666,0,-1.3249485041973297,0.7552346740026509,0
0.026281423901098475,-0.014519320914846487,0,-1.2942565448041978,0.7163847937734595,0
0.02680724784078468,-0.01367141559553888,0,-1.3125686756354207,0.6705983158359081,0
0.027566177895975135,-0.013564890264473932,0,-1.2819741079706177,0.632083325441801,0
0.02845183807695643,-0.013464623310168719,0,-1.2514551744481708,0.5935099122618289,0
0.02949020137785105,-0.013369548984935448,0,-1.2209649577838948,0.5549153801891833,0
0.029978171768455197,-0.012296972082909906,0,-1.2393250274103267,0.5094748583675279,0
0.03119676392461881,-0.012124186104815795,0,-1.2087065395314418,0.47089853238074875,0
0.032626471045921854,-0.011934076101080729,0,-1.1781463760709099,0.43231871022101886,0
0.03431743833625696,-0.011711816162269531,0,-1.1477751322528318,0.3935926517888858,0
0.03627731062653338,-0.011391502582207115,0,-1.1172133050891289,0.3549575354954195,0
0.039040072607963966,-0.011090514162317029,0,-1.0856398098607387,0.3137086265934822,0
0.04173030693852405,-0.0090397958031658,0,-1.051901303151065,0.2690254522775384,0
0.04545975197600945,0.0006067426193132648,0,-1.018488388592635,0.22658593868666277,0
0.03430253668331971,0.005639693961083361,0,-0.980785280302205,0.19509032252401737,0
0.006788438198738654,0.03362244669826095,0,-1.2304631806793405,-1.5766928556293018,0
0.0019137313355391686,0.021706241101802026,0,-1.2315959561210517,-1.53883046074536,0
0.024509506433881178,0.01312525665096996,0,-1.2531333301774619,-1.4993387059434997,0
0.019065537219152277,0.019209270693675708,0,-1.2547487527514258,-1.4450961056802758,0
0.018456737213646043,0.020398740792695078,0,-1.25512730188083,-1.3957699035847397,0
0.018768631851409964,0.02010762453704047,0,-1.2545290474322521,-1.3578554465306538,0
0.01910665367376107,0.01987177156085246,0,-1.2599334939023492,-1.3211105335975057,0
0.019558855130428023,0.019558855130384686,0,-1.272792206135378,-1.272792206135378,0
0.02003074925994318,0.01922332167935476,0,-1.285117138875749,-1.225553418019318,0
0.02047214744234247,0.018848139677296472,0,-1.293043837466566,-1.185005493546753,0
0.020943997529942256,0.018412033586398358,0,-1.307580497898988,-1.144546753367866,0
0.021461280343761935,0.01788821639134803,0,-1.325513455528628,-1.100200234955922,0
0.022019062861730006,0.017308794725940834,0,-1.343817353229842,-1.054079708592095,0
0.022578132068827503,0.01670791667323777,0,-1.362172223592501,-1.008027093324391,0
0.02311732519979096,0.01609611172875404,0,-1.380593368390429,-0.9629108655293444,0
0.023526398070910972,0.016092596947489095,0,-1.3498765079168833,-0.9247762276904175,0
0.0240655169148653,0.015429158577856667,0,-1.3681199568820992,-0.8789474002831321,0
0.02458098377223569,0.014736471686927901,0,-1.3863816745637372,-0.8330089197864605,0
0.025069341318542163,0.01401668379858645,0,-1.4045887967937642,-0.7870549657684797,0
0.025528197447792736,0.013271595162212104,0,-1.4228288626328183,-0.7411879728250115,0
0.026041497430511863,0.013115688808122146,0,-1.3921893495941933,-0.702342032496161,0
0.026467657148926804,0.012307866782975544,0,-1.4105440308590103,-0.6567185461126069,0
0.027049915043215782,0.012100698495383682,0,-1.3800047173256662,-0.6180801027467775,0
0.027714480209265598,0.01188798828287124,0,-1.3493514221344463,-0.5794975307215877,0
0.028480351110881392,0.011667216301573474,0,-1.3187041651600202,-0.5409604740435408,0
0.028855028851259422,0.010678170854900354,0,-1.3369108528425813,-0.49519113737046005,0
0.029726986392875056,0.01038495806734637,0,-1.3062533764974118,-0.4566925259191859,0
0.030739386554295544,0.010062607833509735,0,-1.2750544577923808,-0.41801516123934257,0
0.03189751665122302,0.009708792265395588,0,-1.2445794559813168,-0.37941260423677187,0
0.03321759039203799,0.009299698767516417,0,-1.2140717345419088,-0.3408518767713711,0
0.03476606221992369,0.008803901943065275,0,-1.183185460292307,-0.3019187746551882,0
0.036447006667834424,0.008190799896196909,0,-1.151639946060103,-0.2626900972427301,0
0.03811837291426905,0.00756044033443738,0,-1.119217208372746,-0.22191810231964712,0
0.0397536835011531,0.006935483438576437,0,-1.090105394089912,-0.18511491941593183,0
0.04175704351774023,0.007270467117452724,0,-1.069478001292287,-0.14845401837814873,0
0.04747170548480877,0.016109079430132664,0,-1.035561018515463,-0.12501317957324545,0
0.05553065200903578,0.0015210776925182,0,-0.9951847266485508,-0.09801714056964254,0
0.022161732361047282,-0.022943915111339974,0,-1.1913986083068815,1.6064150634641183,0
0.016863699071558328,-0.024797320938517373,0,-1.1918253310997298,1.5596798329616695,0
0.015380769976659556,-0.019894465007907224,0,-1.2000688964965507,1.5142806759269254,0
0.015986801675355575,-0.020903599064121783,0,-1.2097062774389695,1.4662898363627943,0
0.01827347008227378,-0.020310844786680653,0,-1.2152428206017947,1.4167905016275872,0
0.018387980168190873,-0.02034377376707352,0,-1.217797090090498,1.3705460330161903,0
0.018771692591822448,-0.020269325416400717,0,-1.2207035694102608,1.3272377574731982,0
0.019223321679342112,-0.02003074925994937,0,-1.2255534180193177,1.2851171388757492,0
0.01972940125176709,-0.019729401251806174,0,-1.2374368670759757,1.2374368670759754,0
0.020213707334782956,-0.01936680697101516,0,-1.2497707904730475,1.1941302515851955,0
0.020720055868206924,-0.01896906542230778,0,-1.2612326793511746,1.1508934126061734,0
0.021255994368011004,-0.01848297951569597,0,-1.2765426724420306,1.1075240274466884,0
0.021829409116600983,-0.017932163675070882,0,-1.2947006750712786,1.0612567439468203,0
0.022410495381302666,-0.01733916365306936,0,-1.3130555846502745,1.0152196336265094,0
0.022974539674862265,-0.016727846446538696,0,-1.3315456465566486,0.9700535395640819,0
0.023409212299678735,-0.016754391038376476,0,-1.3009381800132747,0.9320499721060274,0
0.023985636143995744,-0.01608840589664219,0,-1.3191457062150869,0.8861488818067378,0
0.024543047771938324,-0.015389153873282602,0,-1.3374190702461697,0.8401337787239322,0
0.025074667104459644,-0.014658975138898625,0,-1.3556682228015369,0.7941288541434657,0
0.02557584790070039,-0.01390078237570377,0,-1.3738845269642008,0.7481303406665696,0
0.026149709929540497,-0.013783795955756193,0,-1.3431817133480797,0.7092503176796289,0
0.026621835500265523,-0.012954323707102592,0,-1.3615979945818197,0.6635659615862541,0
0.02728404332222624,-0.012792539437740377,0,-1.3309994190427197,0.6250597025248633,0
0.02804942387273091,-0.01263036215855935,0,-1.3004422055586018,0.5866113877317997,0
0.02893971457606305,-0.012464151014244772,0,-1.2698873600378848,0.548000609435132,0
0.02936618236217504,-0.011435700285252978,0,-1.2880914710239868,0.5023621380309772,0
0.030394064588559113,-0.011194250802377799,0,-1.2573541431005448,0.46383276279570557,0
0.03159520682619017,-0.01092778267129091,0,-1.2266405731933698,0.42527942044841693,0
0.03298247806017441,-0.010618891181414661,0,-1.1962167773943118,0.38663674633292644,0
0.03461114959164179,-0.010262260831892602,0,-1.1659184707108028,0.3478461690680477,0
0.03649847623725309,-0.009771602484243214,0,-1.134335909489621,0.308436965831899,0
0.03882117274033135,-0.008753976935210083,0,-1.102146110577886,0.2689126544016167,0
0.040794726177656525,-0.007772261488663643,0,-1.062548862481097,0.2201008977611722,0
0.036156401053085166,-0.009046088723141906,0,-1.034882314224999,0.17875432905531255,0
0.037177860895972865,-0.025444657249209406,0,-0.989176509908181,0.14673047483692836,0
0.016474379406054396,-0.003126317374162629,0,-1.2687865679578592,-1.5460209070286597,0
0.033181179935489406,0.023303831552640465,0,-1.3063456856411466,-1.5144176932427738,0
0.015604843990566802,0.02888780320537782,0,-1.2972295096967286,-1.4668515038325178,0
0.018565591808962733,0.02031406152612962,0,-1.2941161931655016,-1.415962880308641,0
0.018847300360171803,0.01973886881735219,0,-1.2928036637969835,-1.3627062966573877,0
0.019431007534456445,0.019431007534366516,0,-1.308147545194806,-1.308147545194806,0
0.019871771560959855,0.019106653673725178,0,-1.321110533597506,-1.259933493902349,0
0.020269325416390375,0.018771692591840968,0,-1.327237757473198,-1.220703569410261,0
0.020657445901494785,0.018382005599236056,0,-1.339763202376791,-1.180148122371798,0
0.02110387438975611,0.01786373025942236,0,-1.356693910863326,-1.138132489074758,0
0.0216374264005279,0.01727936882996807,0,-1.37458372368013,-1.092961038993988,0
0.022191787991662583,0.01668986583406673,0,-1.392858194668664,-1.046918742513806,0
0.022735414586934833,0.01609573074595437,0,-1.411174148990311,-1.00092504308546,0
0.023253433591187346,0.015493253483100012,0,-1.429544280043172,-0.9557742848212265,0
0.023638089534676304,0.015466803759887146,0,-1.3988197810161083,-0.9176465317578044,0
0.024140920188618936,0.014811690695494326,0,-1.4170391448831963,-0.8717536437363363,0
0.02461818259358475,0.014127767928042864,0,-1.4352804068839142,-0.8258666057212549,0
0.025069304246816315,0.013419799397965029,0,-1.4534890869163752,-0.7800071014681164,0
0.025492434346711175,0.012690339134359017,0,-1.4716750845600461,-0.73415825331562,0
0.025953146262691552,0.01250507600362814,0,-1.4411258387087722,-0.6954271158278537,0
0.026341884575668648,0.011718682765164037,0,-1.4593570135546823,-0.6497186334191415,0
0.02685491958664927,0.011478938151021465,0,-1.4287414852392362,-0.6111480800637326,0
0.027436770745445375,0.011225088604405738,0,-1.3981753524001073,-0.5724530245671201,0
0.028098465236994233,0.01095933194194234,0,-1.3675109742324743,-0.5338238125609343,0
0.028431383589599218,0.010009970423391345,0,-1.3857110115418312,-0.48798624408594254,0
0.02917374185696845,0.009675795368827327,0,-1.3549555759422467,-0.44938582388988885,0
0.03002841081790197,0.009315650690209433,0,-1.3235299389249988,-0.41073490836770316,0
0.030998473640685264,0.00892290007243005,0,-1.2929820038783397,-0.3720098234345863,0
0.03210294362792036,0.008479625012205646,0,-1.2624620533703899,-0.3333668210357327,0
0.03335444039709455,0.007991609394948343,0,-1.231677909434284,-0.2945843449848356,0
0.034745130745333704,0.0074380703166971865,0,-1.20081514108489,-0.25569214394846657,0
0.03630780996910285,0.006871074827296385,0,-1.169802319917377,-0.21669359675775615,0
0.03793362075351936,0.006382596135079609,0,-1.139060617110101,-0.17799644833867695,0
0.03980692172209688,0.006469233244994697,0,-1.110125723683732,-0.13892061692745514,0
0.042043072065846454,0.006886342212912533,0,-1.080429989578334,-0.10665909930212068,0
0.046302221931271856,-0.00544810933454006,0,-1.045564283086771,-0.0752609377221296,0
0.029743973637938948,0.017010409997755948,0,-0.998795456200073,-0.04906767443121759,0
0.006788438199120181,-0.0336224466892941,0,-1.2304631806793396,1.5766928556293023,0
0.001913731344665892,-0.021706241097799766,0,-1.2315959561210508,1.5388304607453605,0
0.02450950643167607,-0.01312525665523332,0,-1.253133330177461,1.4993387059435002,0
0.019065537218667425,-0.019209270694407397,0,-1.254748752751425,1.4450961056802762,0
0.01845673721357283,-0.020398740792753126,0,-1.255127301880829,1.3957699035847402,0
0.018768631851361343,-0.020107624537138786,0,-1.2545290474322517,1.3578554465306543,0
0.019106653673692405,-0.019871771560919377,0,-1.2599334939023488,1.3211105335975062,0
0.019558855130372477,-0.019558855130436256,0,-1.2727922061353776,1.2727922061353785,0
0.020030749259883015,-0.01922332167937062,0,-1.2851171388757485,1.2255534180193184,0
0.02047214744229237,-0.018848139677281724,0,-1.2930438374665656,1.1850054935467536,0
0.020943997529908272,-0.018412033586370228,0,-1.3075804978989876,1.1445467533678664,0
0.021461280343743103,-0.017888216391312772,0,-1.3255134555286276,1.1002002349559223,0
0.022019062861729444,-0.01730879472590468,0,-1.3438173532298416,1.0540797085920954,0
0.02257813206884172,-0.016707916673205196,0,-1.3621722235925005,1.0080270933243916,0
0.02311732519981524,-0.01609611172873171,0,-1.3805933683904286,0.962910865529345,0
0.023526398070929117,-0.01609259694747585,0,-1.3498765079168829,0.9247762276904181,0
0.02406551691488363,-0.01542915857785299,0,-1.3681199568820988,0.8789474002831328,0
0.024580983772251857,-0.014736471686930732,0,-1.3863816745637367,0.8330089197864612,0
0.02506934131855266,-0.014016683798591327,0,-1.4045887967937638,0.7870549657684803,0
0.02552819744779609,-0.013271595162220404,0,-1.4228288626328178,0.7411879728250121,0
0.026041497430514367,-0.013115688808126897,0,-1.3921893495941928,0.7023420324961617,0
0.026467657148923598,-0.012307866782980528,0,-1.4105440308590098,0.6567185461126076,0
0.027049915043210068,-0.012100698495385878,0,-1.3800047173256658,0.6180801027467782,0
0.027714480209257278,-0.011887988282871955,0,-1.3493514221344458,0.5794975307215884,0
0.02848035111087224,-0.011667216301572282,0,-1.3187041651600198,0.5409604740435414,0
0.02885502885124742,-0.010678170854901968,0,-1.3369108528425808,0.4951911373704606,0
0.02972698639286323,-0.010384958067350028,0,-1.3062533764974118,0.45669252591918646,0
0.030739386554280896,-0.010062607833519028,0,-1.2750544577923808,0.4180151612393431,0
0.031897516651209566,-0.009708792265413194,0,-1.2445794559813168,0.3794126042367724,0
0.03321759039203135,-0.009299698767545583,0,-1.2140717345419088,0.34085187677137163,0
0.03476606221994031,-0.008803901943111979,0,-1.183185460292307,0.30191877465518874,0
0.036447006667886805,-0.008190799896243616,0,-1.151639946060103,0.2626900972427307,0
0.038118372914428635,-0.00756044033446122,0,-1.119217208372746,0.22191810231964768,0
0.03975368350135766,-0.006935483438203675,0,-1.090105394089912,0.1851149194159324,0
0.041757043517647516,-0.007270467117132608,0,-1.069478001292287,0.14845401837814928,0
0.04747170548422151,-0.01610907942735605,0,-1.035561018515463,0.12501317957324595,0
0.05553065200574561,-0.0015210776919184616,0,-0.9951847266485508,0.09801714056964302,0
0.00772435387588383,0.021802143389333305,0,-1.3431179095514867,-1.4819022508391178,0
0.02052756607839517,0.014832722443597835,0,-1.3321672493269336,-1.4340531810288057,0
0.018963747446730076,0.02008533986593086,0,-1.3326206815401125,-1.3913002910681187,0
0.01928478513758045,0.01928478513718985,0,-1.343502884254265,-1.343502884254264,0
0.019738868817488184,0.018847300360267206,0,-1.362706296657388,-1.292803663796983,0
0.020107624537141437,0.018768631851413566,0,-1.357855446530654,-1.254529047432252,0
0.02034377376704505,0.018387980168221622,0,-1.37054603301619,-1.217797090090498,0
0.020794659399143052,0.017807642897653953,0,-1.387305927199027,-1.175939882057663,0
0.021255250602257667,0.017246835726510833,0,-1.40568136286468,-1.131508893313259,0
0.02178882095185095,0.016676745041599064,0,-1.423554048177579,-1.085733786522275,0
0.022357937497876117,0.01607661397082122,0,-1.441787453439556,-1.03977788639283,0
0.022891904882713476,0.015503470242200838,0,-1.460050818167383,-0.9939633458298466,0
0.02338837316060868,0.014924752179282373,0,-1.478366484011826,-0.9486054715424804,0
0.023744534550621144,0.014877709223424454,0,-1.4476947879023523,-0.9104239655038595,0
0.02421048934443356,0.014233027626603143,0,-1.4658786511622863,-0.8645266627553881,0
0.024651859683080528,0.013556072675922579,0,-1.4840822675570933,-0.8186486337617133,0
0.025072386647207442,0.012858246725088078,0,-1.5022731639555231,-0.772827924121615,0
0.025466787982438777,0.012148379946812797,0,-1.5204563177716983,-0.7270171515897211,0
0.025882662267798628,0.011943613496974955,0,-1.4898868487216943,-0.6883693530345409,0
0.026235445617377538,0.011180122542209502,0,-1.5080911209063432,-0.6426195207666946,0
0.02669193643838821,0.010912303493885118,0,-1.4775185379453741,-0.6039782597480688,0
0.027203253989338313,0.01062866900932704,0,-1.4469192155108102,-0.56532971002423,0
0.02777906198195853,0.01032769259135236,0,-1.4163189620861563,-0.526664546308513,0
0.028076763990757734,0.00941283548748467,0,-1.4345188498682673,-0.4808141896676548,0
0.028712598713531698,0.009045470467602837,0,-1.4038711475725767,-0.44215049307674215,0
0.0294352642525186,0.008653802508010008,0,-1.3729279703358448,-0.4034586194946556,0
0.030251217420230358,0.008233257602969415,0,-1.3420197378987997,-0.3647432929574265,0
0.031175394502954517,0.007768465914894204,0,-1.3111714858139027,-0.3259376089370225,0
0.03222169289172751,0.007270462535154306,0,-1.280334932435385,-0.2870510277159108,0
0.03340339432437633,0.00669066577914453,0,-1.249549437856368,-0.24822595344380963,0
0.03473515222505476,0.006098303261636628,0,-1.218831323605658,-0.20947580326456322,0
0.036125352129573685,0.005568915266776129,0,-1.18818522569068,-0.17171886473413892,0
0.03798146296238816,0.004865442199469887,0,-1.161007384923481,-0.12557428605446025,0
0.0402492711518335,0.0038271140692694525,0,-1.125473753467015,-0.09303786996718197,0
0.04353796988679885,0.007736009350562056,0,-1.092899391922077,-0.07124812390196172,0
0.042556756723879374,0.0026731019606054144,0,-1.076057135607035,-0.037941139861740594,0
0.049045169827044065,0.03660175362812416,0,-1.036541042540306,-0.0372059861067225,0
0.07542036228761483,9.573929745161465e-13,0,-1.0,3.5876077807826975e-16,0
0.029743973639196408,-0.017010410001367722,0,-0.998795456200073,0.049067674431218074,0
0.04630222193016226,0.005448109332501906,0,-1.045564283086771,0.0752609377221301,0
0.04204307206571625,-0.0068863422129161475,0,-1.080429989578334,0.10665909930212118,0
0.039806921722065146,-0.006469233244849109,0,-1.110125723683732,0.1389206169274557,0
0.03793362075356946,-0.006382596135047192,0,-1.139060617110101,0.1779964483386775,0
0.0363078099691562,-0.006871074827286077,0,-1.169802319917377,0.2166935967577567,0
0.034745130745364845,-0.007438070316721207,0,-1.20081514108489,0.2556921439484671,0
0.03335444039710205,-0.007991609394970857,0,-1.231677909434284,0.29458434498483616,0
0.03210294362791762,-0.008479625012223461,0,-1.2624620533703899,0.33336682103573323,0
0.030998473640678016,-0.00892290007244065,0,-1.2929820038783397,0.37200982343458683,0
0.030028410817894605,-0.009315650690215163,0,-1.3235299389249988,0.4107349083677037,0
0.029173741856962164,-0.009675795368829872,0,-1.3549555759422467,0.4493858238898895,0
0.028431383589594073,-0.010009970423392356,0,-1.3857110115418307,0.4879862440859432,0
0.028098465236985202,-0.01095933194194365,0,-1.3675109742324738,0.5338238125609349,0
0.027436770745440795,-0.011225088604407614,0,-1.3981753524001068,0.5724530245671208,0
0.026854919586642,-0.011478938151025807,0,-1.4287414852392357,0.6111480800637332,0
0.02634188457566371,-0.01171868276517033,0,-1.4593570135546818,0.6497186334191422,0
0.025953146262689807,-0.012505076003639332,0,-1.4411258387087718,0.6954271158278543,0
0.02549243434671245,-0.012690339134373715,0,-1.4716750845600457,0.7341582533156207,0
0.02506930424682485,-0.013419799397978327,0,-1.4534890869163748,0.780007101468117,0
0.024618182593603273,-0.014127767928056409,0,-1.4352804068839138,0.8258666057212556,0
0.02414092018864515,-0.014811690695498321,0,-1.4170391448831958,0.871753643736337,0
0.023638089534705087,-0.01546680375987841,0,-1.3988197810161078,0.9176465317578051,0
0.023253433591227956,-0.015493253483080642,0,-1.4295442800431715,0.9557742848212272,0
0.022735414586968237,-0.01609573074591729,0,-1.4111741489903105,1.0009250430854604,0
0.02219178799167872,-0.01668986583401609,0,-1.3928581946686636,1.0469187425138065,0
0.02163742640051939,-0.017279368829911056,0,-1.3745837236801295,1.0929610389939886,0
0.021103874389715453,-0.017863730259366682,0,-1.3566939108633256,1.1381324890747584,0
0.02065744590142903,-0.018382005599196578,0,-1.3397632023767905,1.1801481223717984,0
0.020269325416309637,-0.018771692591829564,0,-1.3272377574731975,1.2207035694102615,0
0.019871771560820962,-0.0191066536737341,0,-1.3211105335975055,1.2599334939023494,0
0.01943100753438664,-0.019431007534481112,0,-1.3081475451948055,1.3081475451948064,0
0.018847300360255437,-0.0197388688175108,0,-1.292803663796983,1.3627062966573882,0
0.018565591809056863,-0.02031406152609648,0,-1.2941161931655007,1.4159628803086415,0
0.015604843991771054,-0.028887803202093564,0,-1.2972295096967277,1.4668515038325183,0
0.033181179928411166,-0.02330383155385648,0,-1.3063456856411457,1.5144176932427742,0
0.016474379411458476,0.0031263173640712965,0,-1.2687865679578583,1.5460209070286601,0
0.023329970320138248,0.02062333340412995,0,-1.3790810894677097,-1.4484941659090498,0
0.015489937441365382,0.02378455419522861,0,-1.3641045612084697,-1.4137237695628768,0
0.017603613014310997,0.01760361301385745,0,-1.37885822331368,-1.37885822331368,0
0.020085339866415117,0.018963747446990545,0,-1.391300291068119,-1.332620681540112,0
0.02031406152622193,0.018565591809050368,0,-1.415962880308641,-1.294116193165501,0
0.02039874079267117,0.01845673721369806,0,-1.39576990358474,-1.255127301880829,0
0.02031084478669429,0.018273470082189915,0,-1.416790501627587,-1.215242820601795,0
0.020598149190420325,0.017434252196606933,0,-1.4362801888546,-1.170131557713055,0
0.02143454471159955,0.016512504446956146,0,-1.454309247612962,-1.124362029709828,0
0.02197492898826413,0.016055883636608325,0,-1.472367373826658,-1.0784979815361515,0
0.02252877716073763,0.015484579372993527,0,-1.490533323589698,-1.0326154472307305,0
0.02305828605290088,0.014928071650950404,0,-1.508902454752816,-0.9868807959089331,0
0.02352447916865441,0.014406797979499097,0,-1.52710114529763,-0.9413242710186288,0
0.023842172635871833,0.014325161848491783,0,-1.4965668492416901,-0.9030424825751212,0
0.02426542209504805,0.013688268131097876,0,-1.5147111735839172,-0.8571680851395619,0
0.024674734982439092,0.01301593528270657,0,-1.5328851976495512,-0.8113683523643549,0
0.025077797113586354,0.012327541475381825,0,-1.5510105000115373,-0.765542950329031,0
0.02545304586405286,0.01164262992466,0,-1.5692109021911713,-0.7197947969313137,0
0.025825410277583533,0.011427254937696477,0,-1.5386390392957163,-0.6812500419346333,0
0.02614084057583662,0.010689917783495314,0,-1.5568159013798892,-0.6354759842480159,0
0.026549090847300238,0.010396942681412467,0,-1.5262651688857543,-0.596844146999799,0
0.027004349785861533,0.010086283359967908,0,-1.4957010917114453,-0.5581773160330766,0
0.027510705009416502,0.009758815666932945,0,-1.4651228610774731,-0.5194966514366272,0
0.027777985593298166,0.008875608577068168,0,-1.4833375594071263,-0.47364393902601026,0
0.028328283655006888,0.008486534761206267,0,-1.4527104669804687,-0.4349346948827668,0
0.028943024550431767,0.008072541661687617,0,-1.4220054950693588,-0.39624209352542944,0
0.029632635296565756,0.007628677533349887,0,-1.3911859266070867,-0.35749510515074445,0
0.030410292069096484,0.007148803871339171,0,-1.3601958706981219,-0.3186905432063468,0
0.031286828744848665,0.0066270340625968985,0,-1.329394721754459,-0.27983033267682356,0
0.03226704037812437,0.006036872863208425,0,-1.2985876924889,-0.2409704972819495,0
0.03338767196187306,0.005430273210177643,0,-1.266820787449091,-0.19967445931444072,0
0.03461592968789589,0.00483810294899509,0,-1.237022592969058,-0.16339032309227694,0
0.03600668875225386,0.004228222368737108,0,-1.210010914357945,-0.12933259887127074,0
0.036833911954978794,0.0030124544530749273,0,-1.197018626328959,-0.08809221923470849,0
0.03882869637422354,0.003673602078247673,0,-1.159499000354933,-0.07832031644348034,0
0.04203946401178629,0.0024950126195582025,0,-1.125704394314883,-0.04452201022262438,0
0.04417535777482173,3.6245103320579606e-14,0,-1.1,3.9463685588609675e-16,0
0.06745889666159287,-1.9880886850804898e-13,0,-1.05,3.7669881698218327e-16,0
0.04255675672396698,-0.0026731019607541076,0,-1.076057135607035,0.03794113986174112,0
0.04353796988670416,-0.007736009350224182,0,-1.092899391922077,0.07124812390196225,0
0.04024927115173525,-0.0038271140692809113,0,-1.125473753467015,0.0930378699671825,0
0.037981462962386234,-0.004865442199419632,0,-1.161007384923481,0.1255742860544608,0
0.03612535212960006,-0.005568915266747887,0,-1.18818522569068,0.17171886473413953,0
0.0347351522250798,-0.006098303261640072,0,-1.218831323605658,0.20947580326456383,0
0.03340339432439117,-0.006690665779156299,0,-1.249549437856368,0.24822595344381024,0
0.03222169289173285,-0.007270462535165744,0,-1.280334932435385,0.28705102771591134,0
0.031175394502954645,-0.0077684659149030375,0,-1.3111714858139027,0.32593760893702306,0
0.030251217420224553,-0.008233257602975637,0,-1.3420197378987997,0.3647432929574271,0
0.029435264252513412,-0.008653802508016669,0,-1.3729279703358448,0.4034586194946563,0
0.028712598713522275,-0.009045470467605028,0,-1.4038711475725767,0.4421504930767428,0
0.02807676399074906,-0.009412835487488358,0,-1.4345188498682668,0.4808141896676555,0
0.027779061981952513,-0.010327692591353358,0,-1.4163189620861558,0.5266645463085137,0
0.027203253989329358,-0.010628669009327756,0,-1.4469192155108097,0.5653297100242307,0
0.02669193643838013,-0.010912303493892285,0,-1.4775185379453737,0.6039782597480695,0
0.026235445617367105,-0.011180122542217761,0,-1.5080911209063428,0.6426195207666953,0
0.025882662267793944,-0.011943613496989218,0,-1.4898868487216939,0.6883693530345416,0
0.025466787982433754,-0.012148379946832008,0,-1.5204563177716979,0.7270171515897218,0
0.025072386647213375,-0.012858246725111929,0,-1.5022731639555227,0.7728279241216157,0
0.024651859683100266,-0.013556072675946452,0,-1.4840822675570928,0.8186486337617139,0
0.024210489344464493,-0.014233027626619021,0,-1.4658786511622859,0.8645266627553888,0
0.023744534550661247,-0.014877709223424844,0,-1.4476947879023518,0.9104239655038602,0
0.023388373160675026,-0.014924752179275757,0,-1.4783664840118256,0.9486054715424811,0
0.0228919048827713,-0.015503470242163067,0,-1.4600508181673826,0.9939633458298472,0
0.02235793749790915,-0.016076613970758637,0,-1.4417874534395556,1.0397778863928304,0
0.021788820951859952,-0.016676745041521474,0,-1.4235540481775786,1.0857337865222754,0
0.02125525060223824,-0.017246835726425845,0,-1.4056813628646796,1.1315088933132595,0
0.020794659399083287,-0.017807642897568816,0,-1.3873059271990265,1.1759398820576634,0
0.020343773766941638,-0.01838798016816693,0,-1.3705460330161896,1.2177970900904984,0
0.02010762453699613,-0.018768631851392093,0,-1.3578554465306536,1.2545290474322524,0
0.01973886881736474,-0.01884730036036633,0,-1.3627062966573875,1.2928036637969835,0
0.01928478513724004,-0.019284785137315665,0,-1.3435028842542645,1.3435028842542645,0
0.0189637474462584,-0.020085339865662518,0,-1.3326206815401116,1.3913002910681191,0
0.02052756607526291,-0.014832722446122243,0,-1.3321672493269328,1.4340531810288062,0
0.00772435387772498,-0.021802143390446928,0,-1.3431179095514858,1.4819022508391182,0
0.049045169828147724,-0.03660175362706119,0,-1.036541042540306,0.037205986106723,0
0.0166876407648216,0.016687640759803852,0,-1.4142135623730954,-1.414213562373095,0
0.023784554199848703,0.015489937441549513,0,-1.413723769562877,-1.364104561208469,0
0.014832722442437244,0.02052756608141485,0,-1.434053181028806,-1.332167249326933,0
0.02888780320154522,0.01560484398906746,0,-1.466851503832518,-1.2972295096967275,0
0.019209270694066128,0.019065537218787728,0,-1.445096105680276,-1.254748752751425,0
0.020903599063976833,0.015986801675370553,0,-1.466289836362794,-1.2097062774389695,0
0.020748572055227593,0.016557034385961653,0,-1.484902014882384,-1.1629351188894086,0
0.021615346650824808,0.016029351460997734,0,-1.503016047339945,-1.1171787664099575,0
0.022096096225594664,0.015395878501817794,0,-1.52083760122958,-1.0711871529369166,0
0.02274004579420418,0.01487273343276913,0,-1.538643806422348,-1.0252314101296696,0
0.023283895448020484,0.014435741455431682,0,-1.557467892698426,-0.9796895472987064,0
0.02363791694731277,0.013966042892115612,0,-1.57584822209119,-0.9340245002836741,0
0.023907792215381175,0.013831031222643887,0,-1.5453504217494272,-0.8956190673038166,0
0.024290290449966362,0.01315186873718394,0,-1.5635036541434533,-0.8498033120769777,0
0.024699758267569948,0.012460315798138078,0,-1.5816391289494842,-0.8040236174141511,0
0.025099842671248214,0.011813308638070176,0,-1.5997660774763323,-0.7583295788868947,0
0.02545818419583895,0.01118325836950728,0,-1.6179564319250022,-0.7125933238871923,0
0.025777700206627268,0.010956993376665919,0,-1.5873789228274562,-0.6740613245801402,0
0.026047271107259292,0.010249608360160992,0,-1.6055394276913761,-0.6283472969829161,0
0.026415130468704737,0.009927331649758748,0,-1.5749957551347262,-0.5897173596129548,0
0.026826791460060607,0.009592518150366698,0,-1.5444866858613002,-0.5510415653227028,0
0.02727968621612118,0.009242502226993594,0,-1.5139186190521612,-0.5123478992267799,0
0.027520870318631166,0.008386059080486624,0,-1.5321785964296253,-0.4664979617709979,0
0.02800566277033107,0.007982948873593349,0,-1.5015945278696448,-0.4277704117103881,0
0.028535779100024625,0.007554707631483931,0,-1.4709227542214818,-0.38901816131946787,0
0.029122607168523214,0.007095627987750231,0,-1.4401660948385748,-0.35024547450578836,0
0.02977745496591153,0.006602560584169945,0,-1.4093463981583099,-0.3114415387090038,0
0.030509321604534224,0.006065356653872935,0,-1.378478815375139,-0.27259482969569254,0
0.03131862863128863,0.0055002728986666884,0,-1.347657995702593,-0.23370783370634002,0
0.032308356327376525,0.004836935427847783,0,-1.315452553377113,-0.1919306221687877,0
0.03339615071120252,0.004071135989768062,0,-1.282167594887338,-0.15423797838408115,0
0.03453670833357112,0.003759296319244859,0,-1.252124005671904,-0.12743158589018053,0
0.03505938547777711,0.0027084138482190052,0,-1.245307382624987,-0.09005898609443944,0
0.0360841469311142,0.0015253760520483376,0,-1.224253813538292,-0.04504518356511785,0
0.038422691750369456,0.0016631034665390086,0,-1.176337163535087,-0.042688991665124354,0
0.04022156998779794,-1.3396856194673513e-14,0,-1.15,4.125748947900102e-16,0
0.042039464011750724,-0.002495012619648415,0,-1.125704394314883,0.04452201022262492,0
0.038828696374204906,-0.0036736020782175815,0,-1.159499000354933,0.07832031644348089,0
0.03683391195496975,-0.0030124544530710532,0,-1.197018626328959,0.08809221923470904,0
0.03600668875225657,-0.004228222368716921,0,-1.210010914357945,0.12933259887127135,0
0.034615929687909636,-0.004838102948982541,0,-1.237022592969058,0.16339032309227755,0
0.033387671961887556,-0.005430273210175717,0,-1.266820787449091,0.19967445931444133,0
0.032267040378132716,-0.0060368728632150225,0,-1.2985876924889,0.24097049728195016,0
0.03128682874485056,-0.006627034062603438,0,-1.329394721754459,0.2798303326768241,0
0.030410292069094444,-0.007148803871342711,0,-1.3601958706981219,0.3186905432063475,0
0.029632635296561554,-0.0076286775333544825,0,-1.3911859266070867,0.3574951051507451,0
0.028943024550428333,-0.00807254166168962,0,-1.4220054950693588,0.3962420935254301,0
0.02832828365499845,-0.008486534761205547,0,-1.4527104669804687,0.4349346948827675,0
0.027777985593291057,-0.008875608577070244,0,-1.4833375594071259,0.47364393902601093,0
0.027510705009405802,-0.009758815666934888,0,-1.4651228610774727,0.5194966514366278,0
0.027004349785850285,-0.010086283359970073,0,-1.4957010917114448,0.5581773160330773,0
0.02654909084728822,-0.010396942681419016,0,-1.5262651688857538,0.5968441469997997,0
0.026140840575819998,-0.010689917783505358,0,-1.5568159013798888,0.6354759842480165,0
0.025825410277571115,-0.011427254937713276,0,-1.5386390392957159,0.681250041934634,0
0.025453045864036624,-0.011642629924685734,0,-1.5692109021911709,0.7197947969313143,0
0.025077797113581674,-0.012327541475415574,0,-1.5510105000115368,0.7655429503290316,0
0.024674734982450566,-0.013015935282744884,0,-1.5328851976495508,0.8113683523643556,0
0.024265422095078603,-0.013688268131134261,0,-1.5147111735839167,0.8571680851395626,0
0.023842172635923854,-0.014325161848512393,0,-1.4965668492416897,0.9030424825751219,0
0.023524479168746528,-0.014406797979533488,0,-1.5271011452976295,0.9413242710186295,0
0.023058286053008668,-0.01492807165091693,0,-1.5089024547528156,0.9868807959089337,0
0.022528777160824683,-0.015484579372908472,0,-1.4905333235896976,1.0326154472307314,0
0.021974928988314255,-0.016055883636513908,0,-1.4723673738266576,1.0784979815361524,0
0.021434544711607998,-0.01651250444685084,0,-1.4543092476129615,1.1243620297098285,0
0.02059814919037812,-0.017434252196447265,0,-1.4362801888545995,1.1701315577130555,0
0.020310844786543776,-0.018273470082118593,0,-1.4167905016275866,1.2152428206017953,0
0.020398740792510944,-0.018456737213583554,0,-1.3957699035847395,1.2551273018808295,0
0.020314061525783526,-0.018565591809157643,0,-1.4159628803086406,1.2941161931655014,0
0.020085339865539842,-0.01896374744646876,0,-1.3913002910681185,1.3326206815401125,0
0.017603613017353126,-0.017603613017412166,0,-1.3788582233136795,1.3788582233136804,0
0.015489937447761828,-0.02378455418929005,0,-1.3641045612084688,1.4137237695628773,0
0.023329970319113186,-0.020623333397562754,0,-1.3790810894677088,1.4484941659090502,0
0.02062333340668347,0.02332997032572483,0,-1.44849416590905,-1.379081089467709,0
0.02180214338252442,0.0077243538802543674,0,-1.481902250839118,-1.3431179095514856,0
0.023303831557262,0.0331811799241235,0,-1.514417693242774,-1.3063456856411455,0
0.013125256656502098,0.02450950643168126,0,-1.4993387059435,-1.2531333301774605,0
0.019894465007692822,0.015380769976561744,0,-1.514280675926925,-1.2000688964965505,0
0.02176846307473538,0.015401000104751754,0,-1.533186006554018,-1.1549512406425746,0
0.021841368008937156,0.015781427035732168,0,-1.551290815167418,-1.1093851536719457,0
0.022199183260795535,0.014662004131831314,0,-1.566990413645044,-1.0625045965474988,0
0.023068794430937796,0.014185085772048559,0,-1.585133052821721,-1.0172975153290509,0
0.023661862246666946,0.014112857152515479,0,-1.604990792463204,-0.9720817765918994,0
0.023454684320780204,0.013952222250063557,0,-1.6243953774495612,-0.9268313180137039,0
0.023896662462983,0.013365396449952487,0,-1.5939976476546103,-0.8882857332060512,0
0.024229384992994207,0.012671406806038158,0,-1.6121746101227343,-0.8425750126353106,0
0.024719102979614424,0.011933637726016336,0,-1.6303125295994743,-0.7968609085091001,0
0.02517604172437213,0.011316950766367429,0,-1.6484669721813272,-0.75116187625058,0
0.025489632422161488,0.010799288484118662,0,-1.6666170100788422,-0.7054617558284969,0
0.02573420229621829,0.010551488096375013,0,-1.6360853882548132,-0.6669036514610699,0
0.0259312892201044,0.009867818680537781,0,-1.6542411100321843,-0.6212006986037425,0
0.026271262066134067,0.009504361344982415,0,-1.6237125703491813,-0.5826153788396268,0
0.02665817480637756,0.0091362034933168,0,-1.5932758212545932,-0.5439459904452802,0
0.02707398092746194,0.008768707074110656,0,-1.5627636591291223,-0.5052166796183265,0
0.027294229398743295,0.007933130793780281,0,-1.5811556519968577,-0.459354074681745,0
0.02772919372054011,0.007523259745790717,0,-1.5505070239229577,-0.4206063910681741,0
0.028194507736400573,0.00708737723023122,0,-1.5198567231207967,-0.3818470441582395,0
0.028699213799873276,0.006620911475850637,0,-1.4891472385085869,-0.34304888797271,0
0.029253146868177045,0.00612000991234825,0,-1.458388756466627,-0.30422706035737473,0
0.0298658723731296,0.005579369394740617,0,-1.427575947573089,-0.26536193778133094,0
0.030550425365151155,0.0049976059478690485,0,-1.396755643454931,-0.22646276044789032,0
0.03132946303751781,0.004342917255138885,0,-1.365924926147193,-0.18755384618638193,0
0.03226960287232686,0.003601768635178304,0,-1.331276302514291,-0.1431136157671406,0
0.033356598330674316,0.002700543501366205,0,-1.294507111164958,-0.09963648513448578,0
0.034300849275092665,0.0013495308063304966,0,-1.275068861232616,-0.045307778724191866,0
0.035183917497158344,2.9106054772094588e-15,0,-1.25,4.484509725978371e-16,0
0.03738282091336077,-3.0110687559663965e-15,0,-1.2,4.3051293369392366e-16,0
0.03608414693110814,-0.0015253760520475572,0,-1.224253813538292,0.04504518356511845,0
0.03505938547777357,-0.002708413848211648,0,-1.245307382624987,0.09005898609444002,0
0.03453670833357617,-0.0037592963192419663,0,-1.252124005671904,0.12743158589018114,0
0.033396150711208744,-0.0040711359897667165,0,-1.282167594887338,0.15423797838408176,0
0.03230835632738219,-0.004836935427849533,0,-1.315452553377113,0.19193062216878837,0
0.03131862863129211,-0.005500272898671853,0,-1.347657995702593,0.23370783370634068,0
0.030509321604534664,-0.0060653566538760645,0,-1.378478815375139,0.2725948296956932,0
0.02977745496590997,-0.006602560584171093,0,-1.4093463981583099,0.3114415387090045,0
0.029122607168521112,-0.007095627987753599,0,-1.4401660948385748,0.350245474505789,0
0.028535779100019986,-0.0075547076314826265,0,-1.4709227542214818,0.38901816131946854,0
0.028005662770324617,-0.007982948873590657,0,-1.5015945278696448,0.42777041171038876,0
0.02752087031862233,-0.008386059080485621,0,-1.5321785964296248,0.46649796177099856,0
0.02727968621611073,-0.009242502226993165,0,-1.5139186190521607,0.5123478992267806,0
0.026826791460048037,-0.009592518150367975,0,-1.5444866858612998,0.5510415653227034,0
0.02641513046868623,-0.00992733164976196,0,-1.5749957551347258,0.5897173596129555,0
0.026047271107235627,-0.010249608360169053,0,-1.6055394276913757,0.6283472969829168,0
0.02577770020660618,-0.010956993376681799,0,-1.5873789228274557,0.6740613245801409,0
0.025458184195812698,-0.011183258369534248,0,-1.6179564319250017,0.712593323887193,0
0.025099842671228927,-0.011813308638109232,0,-1.5997660774763318,0.7583295788868953,0
0.024699758267568647,-0.012460315798189708,0,-1.5816391289494838,0.8040236174141517,0
0.024290290449990638,-0.013151868737237745,0,-1.5635036541434528,0.8498033120769783,0
0.023907792215435573,-0.01383103122270036,0,-1.5453504217494267,0.8956190673038172,0
0.02363791694740654,-0.013966042892206675,0,-1.5758482220911896,0.9340245002836748,0
0.023283895448204073,-0.014435741455464663,0,-1.5574678926984256,0.979689547298707,0
0.02274004579436386,-0.01487273343268142,0,-1.5386438064223475,1.0252314101296705,0
0.022096096225553166,-0.01539587850164822,0,-1.5208376012295794,1.0711871529369175,0
0.021615346650815773,-0.016029351460940717,0,-1.5030160473399445,1.1171787664099584,0
0.020748572055338657,-0.01655703438576682,0,-1.4849020148823835,1.1629351188894095,0
0.02090359906384214,-0.015986801675127872,0,-1.4662898363627936,1.2097062774389704,0
0.01920927069402529,-0.019065537218553454,0,-1.4450961056802756,1.2547487527514254,0
0.028887803200659923,-0.01560484399199363,0,-1.4668515038325176,1.2972295096967283,0
0.01483272244595443,-0.020527566076035713,0,-1.4340531810288055,1.3321672493269334,0
0.023784554189850395,-0.015489937448011257,0,-1.4137237695628766,1.3641045612084695,0
0.01668764076782191,-0.01668764076714488,0,-1.4142135623730945,1.4142135623730954,0
0.038422691750355,-0.001663103466532372,0,-1.176337163535087,0.04268899166512492,0
-0.0031263173626245523,0.016474379416235686,0,-1.54602090702866,-1.2687865679578576,0
0.021706241093539125,0.001913731347689868,0,-1.53883046074536,-1.2315959561210506,0
0.024797320940588324,0.016863699067555825,0,-1.559679832961669,-1.1918253310997298,0
0.02091617329139045,0.017835846483753717,0,-1.581658803163281,-1.1494865907553748,0
0.02006820291435684,0.013449474524371759,0,-1.601682257863473,-1.0995403595284639,0
0.02296914790048811,0.014084606870040895,0,-1.604354948365727,-1.0523859876889459,0
0.02405105280288801,0.013801970703660458,0,-1.628061441032004,-1.0115633038189698,0
0.023778922090394294,0.014566835028264748,0,-1.655941631418573,-0.9663101389930687,0
0.023046174992847775,0.013285438647840521,0,-1.6726070337701633,-0.9194998606407789,0
0.02373419611319551,0.012597356642159824,0,-1.6425687100191542,-0.8811106293778752,0
0.024373264793335563,0.011709895862371533,0,-1.6608108080159203,-0.8354356381176822,0
0.024841520743509364,0.01138027165429635,0,-1.6789596856065523,-0.7897304639994501,0
0.025327432297638886,0.010922061626259824,0,-1.6971085224516553,-0.744031211551494,0
0.025595242754474338,0.010525715494986144,0,-1.7152798826443683,-0.6983203083882774,0
0.02568491448520854,0.010221577520812377,0,-1.6847794269740193,-0.659757508883931,0
0.025728444131221294,0.009598223105020797,0,-1.7030452731148473,-0.6139661343585028,0
0.02610332083278545,0.009087551945677848,0,-1.6724067251201482,-0.5754924991335433,0
0.026478395108483724,0.008713238644813926,0,-1.6420506417088343,-0.536773129219066,0
0.026881066017918905,0.008324300563544272,0,-1.6116046261293142,-0.49808885295392835,0
0.02708799686175866,0.007505251556447641,0,-1.6300816207427928,-0.452177598178549,0
0.027489874834920824,0.007095651230963771,0,-1.5994759586643528,-0.41347441649637556,0
0.027905223247562307,0.006661017705414642,0,-1.5687806854564728,-0.37469443759129867,0
0.0283451892403289,0.006194227117958995,0,-1.5380954424125448,-0.3358702774328148,0
0.028818251697468548,0.005691199896367917,0,-1.507402150851457,-0.2970223552149831,0
0.02933508047870586,0.005149277414948598,0,-1.476666100659508,-0.2581411923806986,0
0.02990384669813017,0.004561458767896158,0,-1.445862726266407,-0.21922941831972032,0
0.03052248467896423,0.003933715123768676,0,-1.415042858290683,-0.18030853711686268,0
0.0312514219374182,0.0031974309188218604,0,-1.383272033175373,-0.13912838018174672,0
0.032131837694005426,0.002329425541688311,0,-1.352409844500705,-0.09647632513066891,0
0.032802637855838326,0.0012813700917652666,0,-1.325083796556721,-0.05187126222773902,0
0.033619626211073256,1.211867679562829e-15,0,-1.3,4.663890115017507e-16,0
0.034300849275094435,-0.001349530806326196,0,-1.275068861232616,0.04530777872419249,0
0.033356598330676245,-0.0027005435013615253,0,-1.294507111164958,0.09963648513448639,0
0.03226960287232909,-0.003601768635177625,0,-1.331276302514291,0.14311361576714127,0
0.031329463037520364,-0.0043429172551409986,0,-1.365924926147193,0.1875538461863826,0
0.030550425365152914,-0.00499760594787275,0,-1.396755643454931,0.226462760447891,0
0.02986587237312736,-0.005579369394741237,0,-1.427575947573089,0.2653619377813316,0
0.02925314686817589,-0.006120009912351045,0,-1.458388756466627,0.3042270603573754,0
0.028699213799869557,-0.0066209114758516594,0,-1.4891472385085869,0.34304888797271066,0
0.028194507736395712,-0.007087377230228731,0,-1.5198567231207967,0.38184704415824017,0
0.027729193720532643,-0.007523259745786773,0,-1.5505070239229577,0.42060639106817477,0
0.027294229398731912,-0.00793313079377564,0,-1.5811556519968577,0.45935407468174577,0
0.027073980927449216,-0.00876870707410774,0,-1.5627636591291219,0.5052166796183272,0
0.02665817480636095,-0.00913620349331589,0,-1.5932758212545928,0.5439459904452809,0
0.02627126206611032,-0.009504361344981612,0,-1.6237125703491808,0.5826153788396274,0
0.025931289220071194,-0.009867818680538747,0,-1.6542411100321839,0.6212006986037432,0
0.02573420229618466,-0.010551488096388343,0,-1.6360853882548128,0.6669036514610706,0
0.025489632422124726,-0.01079928848414667,0,-1.6666170100788418,0.7054617558284976,0
0.025176041724336937,-0.011316950766397877,0,-1.6484669721813268,0.7511618762505806,0
0.024719102979580288,-0.011933637726079962,0,-1.6303125295994738,0.7968609085091007,0
0.024229384992979212,-0.012671406806126492,0,-1.6121746101227339,0.8425750126353113,0
0.023896662463003322,-0.0133653964500492,0,-1.5939976476546098,0.8882857332060519,0
0.023454684320786713,-0.01395222225018565,0,-1.6243953774495608,0.9268313180137046,0
0.023661862246831068,-0.014112857152852504,0,-1.6049907924632036,0.9720817765919001,0
0.023068794431386572,-0.014185085771953628,0,-1.5851330528217205,1.0172975153290518,0
0.022199183261076384,-0.014662004131308835,0,-1.5669904136450437,1.0625045965474997,0
0.021841368009091245,-0.01578142703573294,0,-1.5512908151674176,1.1093851536719466,0
0.02176846307478079,-0.015401000104797858,0,-1.5331860065540175,1.1549512406425755,0
0.019894465008021504,-0.015380769976128932,0,-1.5142806759269245,1.2000688964965514,0
0.013125256655401745,-0.024509506430422382,0,-1.4993387059434995,1.2531333301774614,0
0.02330383155259117,-0.033181179926888384,0,-1.5144176932427735,1.3063456856411464,0
0.02180214338890929,-0.007724353879547276,0,-1.4819022508391175,1.3431179095514865,0
0.02062333339807799,-0.023329970319995015,0,-1.4484941659090496,1.3790810894677095,0
0.03362244668469984,0.006788438193336179,0,-1.576692855629302,-1.2304631806793398,0
0.022943915117480288,0.02216173236053288,0,-1.606415063464118,-1.1913986083068817,0
0.01636152530779855,0.018569718882844848,0,-1.635169626883073,-1.1516163820122878,0
0.02096687336873348,0.010418049984085815,0,-1.662939225234738,-1.1111404650968697,0
0.02259570266768297,0.011470545692585387,0,-1.642990232530535,-1.0603868659140887,0
0.025852969173631543,0.013762419639194343,0,-1.670406140061546,-1.0212206939993147,0
0.029369311051901745,0.016045865153655543,0,-1.699142893285693,-0.9894170658473566,0
0.015531181689434466,0.020519643742695253,0,-1.713735491266988,-0.9455526259126591,0
0.024331037151096923,0.004082429319140178,0,-1.7307615682818231,-0.8999310898600792,0
0.02263507397432643,0.012955895980227226,0,-1.6913182881099482,-0.8740028702202589,0
0.024611458648284408,0.011064086202163068,0,-1.7081406940588753,-0.8277856665208857,0
0.025245806051948684,0.01084606342669644,0,-1.7275986306707742,-0.7825891545040644,0
0.025508087619365523,0.01061777747335434,0,-1.7457336883349852,-0.7369145005194951,0
0.025846298265958172,0.010506996805206288,0,-1.7617494259109452,-0.6903421262742436,0
0.025512400376300957,0.010166947364520534,0,-1.7335608421173563,-0.6525261225288065,0
0.025493984271670656,0.008978248751347508,0,-1.7517347302678312,-0.6062648719815884,0
0.025785251763307766,0.00879233785358501,0,-1.7210843748206892,-0.5683501184756239,0
0.026287657467580525,0.008275231327033871,0,-1.6908200676636043,-0.5296152599148,0
0.02668942251172358,0.007893366735796901,0,-1.6605567674059463,-0.49083110319345735,0
0.026897640211908026,0.007083891489376915,0,-1.6790173877211059,-0.4449460747533203,0
0.027278900511102232,0.006690990100219196,0,-1.6483979268447448,-0.40627123884177746,0
0.02765816178117821,0.006265417541063218,0,-1.6177352077748557,-0.3675237148795777,0
0.028046762512416237,0.005805558490242128,0,-1.5870621067245028,-0.328715738186043,0
0.028454180574352353,0.005308030125114628,0,-1.556388000216721,-0.2898760288020507,0
0.028891762833830048,0.004768674539248001,0,-1.525720328618073,-0.2509742312132103,0
0.029365905179397883,0.004187641013478394,0,-1.494999702672999,-0.21201022851363702,0
0.029890048445227003,0.003569004903244012,0,-1.464162576520311,-0.1730463037756328,0
0.03047373399673783,0.0028851515913547883,0,-1.432372386813668,-0.13396850374290992,0
0.03106188736857956,0.0020876083179465084,0,-1.402605880785698,-0.0933494531465166,0
0.0317018847871353,0.0011581157251732664,0,-1.375700978922926,-0.04855147740473199,0
0.03227669980772061,7.090980342938382e-16,0,-1.35,4.843270504056642e-16,0
0.03280263785583986,-0.0012813700917619097,0,-1.325083796556721,0.05187126222773966,0
0.032131837694010415,-0.002329425541686117,0,-1.352409844500705,0.09647632513066955,0
0.03125142193742224,-0.0031974309188193733,0,-1.383272033175373,0.1391283801817474,0
0.030522484678967038,-0.00393371512376987,0,-1.415042858290683,0.1803085371168634,0
0.02990384669813285,-0.004561458767895725,0,-1.445862726266407,0.21922941831972104,0
0.029335080478707132,-0.005149277414946747,0,-1.476666100659508,0.25814119238069927,0
0.028818251697469252,-0.0056911998963663345,0,-1.507402150851457,0.29702235521498377,0
0.02834518924032728,-0.006194227117956605,0,-1.5380954424125448,0.33587027743281545,0
0.027905223247557568,-0.006661017705408954,0,-1.5687806854564728,0.37469443759129933,0
0.027489874834913865,-0.007095651230956388,0,-1.5994759586643528,0.41347441649637634,0
0.02708799686174824,-0.007505251556438535,0,-1.6300816207427928,0.4521775981785498,0
0.02688106601790484,-0.008324300563538695,0,-1.6116046261293138,0.49808885295392913,0
0.026478395108464843,-0.008713238644805305,0,-1.6420506417088339,0.5367731292190666,0
0.026103320832758656,-0.009087551945672546,0,-1.6724067251201478,0.5754924991335439,0
0.025728444131181957,-0.009598223104995151,0,-1.7030452731148469,0.6139661343585037,0
0.025684914485152307,-0.010221577520830553,0,-1.6847794269740188,0.6597575088839317,0
0.02559524275439902,-0.010525715495033663,0,-1.7152798826443678,0.6983203083882783,0
0.025327432297606763,-0.010922061626298756,0,-1.6971085224516549,0.7440312115514949,0
0.024841520743452167,-0.01138027165432778,0,-1.6789596856065518,0.7897304639994508,0
0.024373264793298505,-0.011709895862480996,0,-1.6608108080159198,0.8354356381176828,0
0.023734196113289967,-0.012597356642217113,0,-1.6425687100191537,0.8811106293778759,0
0.023046174992597736,-0.01328543864776575,0,-1.6726070337701628,0.9194998606407796,0
0.023778922090298613,-0.014566835028593678,0,-1.6559416314185726,0.9663101389930694,0
0.024051052803198688,-0.013801970704101078,0,-1.6280614410320036,1.0115633038189706,0
0.022969147901765793,-0.014084606870079746,0,-1.6043549483657265,1.0523859876889468,0
0.02006820291163371,-0.0134494745223442,0,-1.6016822578634726,1.0995403595284647,0
0.020916173290116965,-0.017835846485778316,0,-1.5816588031632806,1.1494865907553757,0
0.024797320943410917,-0.01686369906771883,0,-1.5596798329616686,1.1918253310997307,0
0.021706241094253648,-0.0019137313451958416,0,-1.5388304607453596,1.2315959561210514,0
-0.0031263173638421808,-0.0164743794127247,0,-1.5460209070286595,1.2687865679578585,0
0.027390627540465246,0.008600792779143057,0,-1.689707131144692,-1.0699952387551888,0
0.030414687217686365,0.012219439446694213,0,-1.715457220712734,-1.0282054871982258,0
0.02098072114544795,0.032220481131402606,0,-1.740173982968623,-0.9857963831335146,0
0.01055171810701673,0.004708763878599675,0,-1.763842529487906,-0.9427934721717719,0
0.03317264630604121,0.007078981851408135,0,-1.7864486032744522,-0.8992226575541566,0
0.0210983186594192,0.017530733022449115,0,-1.7635396326281563,-0.8579788665175595,0
0.02528990928064229,0.010558857280628973,0,-1.7449471571492552,-0.8181177421772889,0
0.025138188839056563,0.011180980440009005,0,-1.7642356600390243,-0.7730950325325993,0
0.026377362394309954,0.009842330960159875,0,-1.7850367805236533,-0.7289465041660177,0
0.026742221401833386,0.01129858518952669,0,-1.8109650460711093,-0.6824658404162987,0
0.025191888483947232,0.010390527724749982,0,-1.7795069687504592,-0.6441707834095807,0
0.023305191717488617,0.010877444747785464,0,-1.7989015125862062,-0.5974646078210554,0
0.02555347379215654,0.0080064979292006,0,-1.7706329664454001,-0.5608423222240851,0
0.026048122050561444,0.007777846820064778,0,-1.7396325597795013,-0.5224478890434804,0
0.026500929387251754,0.007470271032358509,0,-1.7095098021735293,-0.48359113902482176,0
0.026724422152053985,0.006671184012523071,0,-1.7280059641580738,-0.43774403432057224,0
0.027092906597125578,0.006297480879368378,0,-1.6973627068952497,-0.3990923872639,0
0.027446853505828085,0.005892063922359626,0,-1.6666859882254128,-0.3603517851551633,0
0.02779452356043611,0.005448359987598569,0,-1.6360215703124699,-0.3215565346357656,0
0.028149912382669253,0.004961377314474109,0,-1.605378193961792,-0.2827348787640728,0
0.0285223233686537,0.00443314836222869,0,-1.574695950369547,-0.2438902128528773,0
0.02892123653043599,0.003862908116003054,0,-1.543955010511662,-0.20497932559438137,0
0.029353196485971945,0.0032629128496118524,0,-1.512466978477769,-0.16652104826119374,0
0.0298319927064136,0.0025943493811536184,0,-1.481355706736923,-0.1280748025585729,0
0.03031614485434073,0.00186186758453135,0,-1.452767847314377,-0.08823641268801631,0
0.030797559897362527,0.0010066643658189559,0,-1.425353433383547,-0.0454879597536487,0
0.031265285306075884,1.917801030356796e-15,0,-1.4,5.022650893095776e-16,0
0.031701884787135315,-0.0011581157251727477,0,-1.375700978922926,0.04855147740473265,0
0.03106188736858079,-0.002087608317947278,0,-1.402605880785698,0.09334945314651727,0
0.030473733996738427,-0.0028851515913533507,0,-1.432372386813668,0.13396850374291064,0
0.029890048445230303,-0.00356900490324655,0,-1.464162576520311,0.17304630377563351,0
0.029365905179398598,-0.004187641013477231,0,-1.494999702672999,0.21201022851363774,0
0.02889176283383108,-0.004768674539247322,0,-1.525720328618073,0.25097423121321094,0
0.028454180574352242,-0.005308030125111505,0,-1.556388000216721,0.2898760288020514,0
0.028046762512413573,-0.005805558490235987,0,-1.5870621067245028,0.32871573818604377,0
0.02765816178117473,-0.006265417541054354,0,-1.6177352077748557,0.36752371487957847,0
0.027278900511095956,-0.006690990100208234,0,-1.6483979268447448,0.40627123884177824,0
0.026897640211897604,-0.007083891489363024,0,-1.6790173877211059,0.4449460747533211,0
0.026689422511709266,-0.007893366735786191,0,-1.6605567674059458,0.49083110319345813,0
0.026287657467560045,-0.008275231327023532,0,-1.6908200676636038,0.5296152599148006,0
0.025785251763296265,-0.008792337853549022,0,-1.7210843748206888,0.5683501184756248,0
0.025493984271627662,-0.008978248751329488,0,-1.7517347302678308,0.6062648719815893,0
0.025512400376214592,-0.010166947364483179,0,-1.7335608421173558,0.6525261225288074,0
0.02584629826562302,-0.010506996805502674,0,-1.7617494259109447,0.6903421262742445,0
0.025508087619570997,-0.010617777473475178,0,-1.7457336883349848,0.736914500519496,0
0.025245806051874122,-0.010846063426464379,0,-1.7275986306707738,0.7825891545040653,0
0.02461145864798523,-0.011064086202350294,0,-1.7081406940588748,0.8277856665208866,0
0.022635073974309944,-0.012955895980693652,0,-1.6913182881099478,0.8740028702202596,0
0.02433103715418202,-0.004082429320059117,0,-1.7307615682818227,0.8999310898600801,0
0.015531181689266831,-0.020519643740286624,0,-1.7137354912669875,0.94555262591266,0
0.02936931104798648,-0.01604586515418888,0,-1.6991428932856925,0.9894170658473574,0
0.025852969174207575,-0.013762419644775252,0,-1.6704061400615455,1.0212206939993156,0
0.022595702672590232,-0.011470545689403509,0,-1.6429902325305346,1.0603868659140896,0
0.02096687337087931,-0.010418049974017676,0,-1.6629392252347375,1.1111404650968706,0
0.01636152530160377,-0.01856971888577948,0,-1.6351696268830727,1.1516163820122887,0
0.02294391511830301,-0.022161732366242578,0,-1.6064150634641177,1.1913986083068826,0
0.03362244668919085,-0.006788438190164785,0,-1.5766928556293016,1.2304631806793407,0
0.024709656480177665,0.009656749253613189,0,-1.7248551399105951,-0.8591907170320674,0
0.018537027877705323,0.004707282315290285,0,-1.8079785871308691,-0.8551101849915395,0
0.030125480966896986,0.0036938388481881274,0,-1.7848688434964373,-0.8130398910836043,0
0.0214814775537898,0.017174200185611634,0,-1.8031962761698501,-0.7692677476283014,0
0.027495940450043804,0.0032753185247576273,0,-1.8263860521078552,-0.7248027001288613,0
0.036319431582342195,0.013001324071332157,0,-1.8490105069204632,-0.6872964747462742,0
0.014798255826561078,0.025988160431220337,0,-1.8523616892636552,-0.6487764114902573,0
0.022574733694918896,-0.0022986786311767443,0,-1.8538753727230892,-0.5977645053610166,0
0.025476457247689654,0.005820281122727581,0,-1.8203703530745623,-0.5533480134903662,0
0.025888507163086102,0.00746322882375175,0,-1.7891616994758612,-0.5150815458796797,0
0.026335907835767593,0.006974857748173862,0,-1.7584105664013523,-0.4764555166442793,0
0.026552866560456363,0.006278903996022733,0,-1.7769062943872238,-0.4305823660367467,0
0.026928232762026074,0.00590536476569144,0,-1.7462913159846019,-0.3918712067607599,0
0.027269777537703464,0.0055341637774786664,0,-1.7156666188987357,-0.35311879154194126,0
0.027583141438418637,0.005115877644446964,0,-1.6849745330980739,-0.31438987038694205,0
0.027892398341927527,0.004647290887629916,0,-1.654329840225027,-0.27557550585248114,0
0.02821181775249455,0.004131245854606356,0,-1.623643648441526,-0.2367180657916936,0
0.02854753106255285,0.0035730979996237873,0,-1.593006883881828,-0.1979408375207905,0
0.028907182402802805,0.0029929332817184295,0,-1.562047742327355,-0.16001691586498898,0
0.029297815553941616,0.0023682833814060444,0,-1.530124103446566,-0.12292161373287704,0
0.02968696373068944,0.0016889709983404545,0,-1.500907669817843,-0.08370390425982574,0
0.030075175796883357,0.0008970846855450208,0,-1.475000000000001,-0.04359109009904634,0
0.030456513579040733,1.7833447085939029e-16,0,-1.45,5.202031282134911e-16,0
0.030797559897363293,-0.0010066643658203467,0,-1.425353433383547,0.045487959753649394,0
0.03031614485434271,-0.0018618675845310318,0,-1.452767847314377,0.088236412688017,0
0.029831992706415403,-0.0025943493811539375,0,-1.481355706736923,0.12807480255857362,0
0.029353196485973496,-0.003262912849613492,0,-1.512466978477769,0.16652104826119446,0
0.028921236530438568,-0.0038629081160011913,0,-1.543955010511662,0.20497932559438214,0
0.028522323368656302,-0.004433148362227754,0,-1.574695950369547,0.24389021285287807,0
0.028149912382670703,-0.004961377314467964,0,-1.605378193961792,0.28273487876407355,0
0.027794523560436823,-0.005448359987591099,0,-1.6360215703124699,0.3215565346357664,0
0.02744685350582766,-0.005892063922346551,0,-1.6666859882254128,0.3603517851551641,0
0.027092906597120894,-0.00629748087934951,0,-1.6973627068952497,0.3990923872639008,0
0.02672442215203995,-0.006671184012497422,0,-1.7280059641580738,0.437744034320573,0
0.026500929387230636,-0.0074702710323422995,0,-1.7095098021735289,0.48359113902482254,0
0.026048122050537532,-0.007777846820062386,0,-1.7396325597795008,0.5224478890434813,0
0.02555347379217615,-0.008006497929241296,0,-1.7706329664453997,0.560842322224086,0
0.023305191717883565,-0.01087744474736832,0,-1.7989015125862058,0.5974646078210563,0
0.025191888483779852,-0.010390527724405782,0,-1.7795069687504588,0.6441707834095816,0
0.026742221400809875,-0.011298585189304914,0,-1.8109650460711089,0.6824658404162995,0
0.026377362394045856,-0.009842330960779314,0,-1.7850367805236529,0.7289465041660186,0
0.025138188839541057,-0.011180980439955279,0,-1.7642356600390239,0.7730950325326001,0
0.02528990928042012,-0.010558857280243793,0,-1.7449471571492547,0.8181177421772898,0
0.02109831865548172,-0.017530733026749373,0,-1.7635396326281558,0.8579788665175604,0
0.033172646307251384,-0.0070789818609028644,0,-1.7864486032744518,0.8992226575541575,0
0.010551718112718383,-0.004708763872727132,0,-1.7638425294879057,0.9427934721717728,0
0.02098072114155223,-0.0322204811267008,0,-1.7401739829686225,0.9857963831335155,0
0.030414687211495563,-0.012219439456425257,0,-1.7154572207127337,1.0282054871982267,0
0.027390627550771388,-0.008600792781139456,0,-1.6897071311446916,1.0699952387551896,0
0.024957252111741404,0.01079273376924908,0,-1.8167133472220511,-0.6330250176403862,0
0.024709656479362373,-0.00965674925376206,0,-1.7248551399105947,0.8591907170320683,0
0.03440520593545652,0.017017322556173872,0,-1.8284195122836873,-0.8104826260323432,0
0.015346347803520427,0.007681379076353299,0,-1.8477590659076781,-0.7653668625933477,0
0.0403496232449837,0.00031259387739200834,0,-1.8659855984427152,-0.7197900710654329,0
0.02921276472904965,0.041925930031813836,0,-1.8830881310487313,-0.6737797048764502,0
0.003355114542983694,-0.002278721423187364,0,-1.8990563617712553,-0.6273634790264127,0
0.036899127665642864,-0.006599569720218625,0,-1.9138806719486832,-0.5805693529125169,0
0.027936656586665037,0.014311278155969106,0,-1.8772248490305643,-0.5444373455470704,0
0.026040068018033845,0.0065830589598138214,0,-1.8397788577111462,-0.5074931588058972,0
0.026267438704311037,0.006550755627896847,0,-1.8074088000968143,-0.4692637411070643,0
0.026291932507240785,0.0058835286500260545,0,-1.8261477166214717,-0.4232389998707698,0
0.026785427524584016,0.005484081466682591,0,-1.7953901169059578,-0.38455640201604546,0
0.02712725232552245,0.005171772750613225,0,-1.7647329237059197,-0.34583151637307735,0
0.02741394371307248,0.00480546206373469,0,-1.734024750808938,-0.3071491288546043,0
0.027676664677319756,0.004365693913743135,0,-1.703280842206235,-0.2683865241758062,0
0.027945498249414894,0.0038615797896737656,0,-1.672609166033991,-0.22952934363430808,0
0.02823375364493974,0.003307422855361157,0,-1.641841856176973,-0.19063761612563185,0
0.028530271293109668,0.0027374181644944356,0,-1.612456496121592,-0.1527607351834995,0
0.028841193491690918,0.0021469485243574577,0,-1.580875938773581,-0.11693597332981821,0
0.029171118839671953,0.0015382244394931005,0,-1.551929248871388,-0.08025003010758848,0
0.02948553668684522,0.0008189940966473088,0,-1.525033915845612,-0.04278039884806066,0
0.029789485447731183,-2.8598259226008978e-15,0,-1.5,5.381411671174046e-16,0
0.03007517579688764,-0.0008970846855450231,0,-1.475000000000001,0.04359109009904705,0
0.029686963730690234,-0.001688970998338757,0,-1.500907669817843,0.08370390425982646,0
0.029297815553945606,-0.0023682833814071724,0,-1.530124103446566,0.12292161373287776,0
0.028907182402806705,-0.002992933281717672,0,-1.562047742327355,0.16001691586498976,0
0.028547531062558553,-0.0035730979996215794,0,-1.593006883881828,0.19794083752079128,0
0.02821181775249859,-0.004131245854601619,0,-1.623643648441526,0.23671806579169438,0
0.027892398341930254,-0.004647290887622038,0,-1.654329840225027,0.2755755058524819,0
0.027583141438422918,-0.005115877644436747,0,-1.6849745330980739,0.3143898703869428,0
0.027269777537704182,-0.005534163777462449,0,-1.7156666188987357,0.35311879154194203,0
0.026928232762029228,-0.005905364765665941,0,-1.7462913159846019,0.3918712067607607,0
0.026552866560457293,-0.006278903995974813,0,-1.7769062943872238,0.4305823660367475,0
0.02633590783574159,-0.0069748577481547076,0,-1.7584105664013518,0.4764555166442801,0
0.025888507163012595,-0.007463228823741583,0,-1.7891616994758608,0.5150815458796806,0
0.02547645724757138,-0.005820281123092648,0,-1.8203703530745619,0.5533480134903671,0
0.022574733696834198,0.002298678629322442,0,-1.8538753727230888,0.5977645053610174,0
0.014798255828775274,-0.02598816042689843,0,-1.8523616892636547,0.6487764114902582,0
0.02495725211142924,-0.010792733768425145,0,-1.8167133472220507,0.6330250176403871,0
0.036319431576773524,-0.013001324066473738,0,-1.8490105069204628,0.6872964747462751,0
0.027495940447633396,-0.003275318531646007,0,-1.8263860521078548,0.7248027001288622,0
0.02148147755972328,-0.017174200185321217,0,-1.8031962761698497,0.7692677476283023,0
0.030125480964798102,-0.0036938388428362358,0,-1.7848688434964368,0.8130398910836052,0
0.01853702786768583,-0.004707282314785778,0,-1.8079785871308687,0.8551101849915403,0
0.019995612561741788,0.012145128208978182,0,-1.9275521319937412,-0.533425513494042,0
0.02595081915632017,0.002765200835816155,0,-1.8912626241194852,-0.4973187530437544,0
0.025938237538009716,0.006928799751504006,0,-1.8578343459949778,-0.46089391745695996,0
0.025914319002537982,0.0048695599781914305,0,-1.8742998673352527,-0.41470166107193396,0
0.026573969974589075,0.004938614349749559,0,-1.8442659484441617,-0.3770969024551541,0
0.027066282802861427,0.004808808415944619,0,-1.8137163862411327,-0.3386296248089179,0
0.027301025883430363,0.004522192234165049,0,-1.78301341303504,-0.29994876839628226,0
0.027505207145951963,0.004119653110025024,0,-1.752319126090208,-0.2612371586543673,0
0.027712160311155098,0.003634161977730705,0,-1.721615415768595,-0.22236316409567147,0
0.027942575390006736,0.0030955519293609512,0,-1.690880312602587,-0.18344090596647297,0
0.02819995676016529,0.002495230704730576,0,-1.660173515758221,-0.14448163607131986,0
0.02847131592890494,0.0019071702499187141,0,-1.632613896752079,-0.1084200475035969,0
0.0287169851859148,0.0013696196564570674,0,-1.604153462270685,-0.07418101540416612,0
0.028979444590015,0.000737806443501301,0,-1.575047376331813,-0.04020811358870152,0
0.029239359414834618,-2.571606956538496e-15,0,-1.55,5.560792060213181e-16,0
0.029485536686844675,-0.0008189940966490827,0,-1.525033915845612,0.042780398848061396,0
0.029171118839674073,-0.0015382244394940643,0,-1.551929248871388,0.08025003010758923,0
0.028841193491696292,-0.002146948524359369,0,-1.580875938773581,0.11693597332981896,0
0.02853027129311528,-0.002737418164494056,0,-1.612456496121592,0.15276073518350028,0
0.02823375364494636,-0.0033074228553591173,0,-1.641841856176973,0.19063761612563268,0
0.02794549824942032,-0.0038615797896661376,0,-1.672609166033991,0.2295293436343089,0
0.027676664677326757,-0.004365693913735652,0,-1.703280842206235,0.268386524175807,0
0.027413943713080344,-0.004805462063721124,0,-1.734024750808938,0.3071491288546051,0
0.027127252325535398,-0.005171772750590906,0,-1.7647329237059197,0.34583151637307813,0
0.026785427524592953,-0.005484081466654337,0,-1.7953901169059578,0.38455640201604624,0
0.02629193250731757,-0.005883528649920064,0,-1.8261477166214717,0.4232389998707707,0
0.02626743870420973,-0.006550755627803676,0,-1.8074088000968138,0.4692637411070651,0
0.02604006801784143,-0.006583058959921526,0,-1.8397788577111458,0.5074931588058981,0
0.027936656584670972,-0.014311278156529187,0,-1.8772248490305639,0.5444373455470712,0
0.036899127664021585,0.006599569712863173,0,-1.9138806719486827,0.5805693529125178,0
0.003355114549248981,0.0022787214227015253,0,-1.8990563617712548,0.6273634790264135,0
0.029212764729515155,-0.04192593001989392,0,-1.8830881310487309,0.6737797048764511,0
0.04034962323216522,-0.00031259388332362324,0,-1.8659855984427147,0.7197900710654338,0
0.015346347809758416,-0.00768137908554883,0,-1.8477590659076777,0.7653668625933486,0
0.034405205942004094,-0.01701732254420388,0,-1.8284195122836868,0.8104826260323441,0
0.029897137760464827,0.005054098838336203,0,-1.9400625067070922,-0.4859603585369853,0
0.02620747472263,0.008482764782827201,0,-1.9051230532793937,-0.451702224421572,0
0.02103390981305529,0.0059378203600504295,0,-1.9191261706157208,-0.40419252233396546,0
0.02669561120064455,0.00437862406890979,0,-1.8891167372137847,-0.37042659224067187,0
0.027195407140744983,0.004233158406124183,0,-1.8625521986743319,-0.33150354534397897,0
0.027321322692871356,0.004221349153280273,0,-1.831969037211615,-0.2927937358815304,0
0.02736805897269514,0.003959442987347636,0,-1.801318254152427,-0.25405144580519656,0
0.027507432760122418,0.003453172816237683,0,-1.770629973889344,-0.21524160504089634,0
0.027698958017513646,0.002906251679781581,0,-1.739949481250468,-0.17634814674090957,0
0.027922059687546318,0.00228278493979695,0,-1.709250710305982,-0.1373372338098774,0
0.028111412933707534,0.0017110625754776492,0,-1.680355808766392,-0.09900746682428734,0
0.028344574472650076,0.0011815128801331044,0,-1.655127595563618,-0.06513943335730711,0
0.02858885061344454,0.0006129886730850867,0,-1.625483433280748,-0.035536740090305795,0
0.028793776091211115,-2.053640187926379e-15,0,-1.6,5.740172449252317e-16,0
0.02897944459001525,-0.0007378064435035144,0,-1.575047376331813,0.040208113588702285,0
0.028716985185919596,-0.0013696196564617436,0,-1.604153462270685,0.07418101540416687,0
0.028471315928910588,-0.0019071702499220303,0,-1.632613896752079,0.10842004750359768,0
0.028199956760175955,-0.0024952307047308255,0,-1.660173515758221,0.1444816360713207,0
0.027942575390015774,-0.003095551929355458,0,-1.690880312602587,0.1834409059664738,0
0.02771216031116368,-0.0036341619777237343,0,-1.721615415768595,0.2223631640956723,0
0.02750520714596661,-0.004119653110014354,0,-1.752319126090208,0.2612371586543681,0
0.027301025883439925,-0.004522192234154163,0,-1.78301341303504,0.29994876839628304,0
0.027066282802859304,-0.004808808415943413,0,-1.8137163862411327,0.3386296248089188,0
0.02657396997467126,-0.004938614349789294,0,-1.8442659484441617,0.377096902455155,0
0.025914319002777037,-0.0048695599783166316,0,-1.8742998673352527,0.41470166107193485,0
0.02593823753805058,-0.006928799751017834,0,-1.8578343459949778,0.46089391745696084,0
0.02595081915586451,-0.002765200833750227,0,-1.8912626241194848,0.4973187530437553,0
0.01999561255855634,-0.012145128207038567,0,-1.9275521319937408,0.5334255134940429,0
0.022155942823624063,0.013050238056860175,0,-1.9514042603701418,-0.43820247900857145,0
0.020185070657807995,-0.00789666256173862,0,-1.9615705610388787,-0.3901806428638087,0
0.03105182614343943,-0.0052870332839162985,0,-1.9289534975949967,-0.3583793973543492,0
0.02754721680479558,0.0035714261587612853,0,-1.9008681197929178,-0.3326135246391716,0
0.027486483923954842,0.004568421535477808,0,-1.88826846745945,-0.2883204671027006,0
0.027352760176762476,0.003867318712116015,0,-1.850198399710129,-0.24693433357904837,0
0.02730764672038001,0.003372061224287465,0,-1.819599540244635,-0.20811832087116947,0
0.027421459635473128,0.0027926988260530165,0,-1.788971872024586,-0.16927364070638126,0
0.027579125517496517,0.0021555727709904517,0,-1.759366189386403,-0.13005416236622186,0
0.027811261128408947,0.0014551153343874365,0,-1.73334631228473,-0.08446628922661889,0
0.028042489279648083,0.0008498113062004703,0,-1.696831495518713,-0.05198191531327493,0
0.028289693037348462,0.0005404679008155942,0,-1.668226589286781,-0.029988870108708703,0
0.028355738686766035,-2.7089691683902683e-15,0,-1.65,5.919552838291451e-16,0
0.02858885061344591,-0.0006129886730920215,0,-1.625483433280748,0.035536740090306586,0
0.028344574472656807,-0.001181512880140746,0,-1.655127595563618,0.06513943335730789,0
0.028111412933720124,-0.0017110625754826968,0,-1.680355808766392,0.09900746682428814,0
0.027922059687560116,-0.0022827849397960365,0,-1.709250710305982,0.13733723380987822,0
0.02769895801752452,-0.0029062516797700323,0,-1.739949481250468,0.1763481467409104,0
0.027507432760132466,-0.0034531728162328326,0,-1.770629973889344,0.21524160504089723,0
0.027368058972695678,-0.003959442987348303,0,-1.801318254152427,0.25405144580519734,0
0.02732132269295547,-0.0042213491532099535,0,-1.831969037211615,0.2927937358815313,0
0.027195407140646395,-0.004233158406038733,0,-1.8625521986743319,0.33150354534397986,0
0.026695611200425698,-0.0043786240691807,0,-1.8891167372137847,0.37042659224067276,0
0.021033909816430305,-0.005937820357688539,0,-1.9191261706157208,0.40419252233396635,0
0.026207474722560912,-0.008482764783568747,0,-1.9051230532793937,0.4517022244215729,0
0.029897137762094853,-0.0050540988362370205,0,-1.9400625067070918,0.4859603585369862,0
0.03919347024317255,0.007882401857644819,0,-1.9705552849592298,-0.3419237764754685,0
0.02658449555649221,0.01346943258633882,0,-1.9324841119494487,-0.31093932557300935,0
0.030503186254526797,-0.005404895500255752,0,-1.93992705931324,-0.26420265219891625,0
0.027211031054697406,0.004002678868978952,0,-1.899961703778075,-0.23713906610812105,0
0.02700169753354849,0.0035126590964141198,0,-1.867293627296949,-0.20004092410567073,0
0.027113752667098395,0.0026405448880162047,0,-1.837947665295526,-0.16214906758298558,0
0.027314506447883115,0.0020085231054032472,0,-1.807416137733773,-0.12400935585313579,0
0.027478184376925955,0.0015588474715280153,0,-1.780893597146618,-0.09225907196800827,0
0.027497574021667165,0.0007186703264063756,0,-1.776569846480768,-0.045974476478002305,0
0.027800547319439275,0.0006510199683907188,0,-1.73480509929066,-0.03764029347432384,0
0.028030528387840117,-9.35869750890941e-15,0,-1.7,6.098933227330585e-16,0
0.028042489279660902,-0.0008498113062151857,0,-1.696831495518713,0.05198191531327575,0
0.02781126112842921,-0.0014551153343955528,0,-1.73334631228473,0.08446628922661972,0
0.02757912551752126,-0.0021555727709804537,0,-1.759366189386403,0.13005416236622275,0
0.027421459635479494,-0.0027926988260411367,0,-1.788971872024586,0.16927364070638215,0
0.027307646720362965,-0.0033720612242746787,0,-1.819599540244635,0.20811832087117035,0
0.027352760176870577,-0.0038673187121935006,0,-1.850198399710129,0.24693433357904926,0
0.0274864839239836,-0.004568421535514635,0,-1.88826846745945,0.2883204671027015,0
0.027547216804839583,-0.0035714261583208668,0,-1.9008681197929178,0.3326135246391725,0
0.031051826139264334,0.005287033276597987,0,-1.9289534975949967,0.3583793973543501,0
0.02018507066297574,0.007896662552854565,0,-1.9615705610388787,0.3901806428638096,0
0.022155942823824267,-0.013050238053035854,0,-1.9514042603701418,0.43820247900857234,0
0.028289693037353614,-0.0005404679008262845,0,-1.668226589286781,0.0299888701087095,0
0.018267762093414807,0.0006788733478040336,0,-1.978353020057941,-0.29346094804526474,0
0.04133244128900558,0.011645936512677988,0,-1.984959069281583,-0.244821349716056,0
0.02422125043762054,0.017304604455132832,0,-1.946686137654028,-0.21696083777936154,0
0.02680296568785894,0.0033360281169444073,0,-1.912482003698244,-0.18668005450213204,0
0.026715187287190925,0.0028019045765257677,0,-1.885264390806146,-0.15455984204448703,0
0.026889376298947606,0.002256628170794305,0,-1.856638257864214,-0.11832672542766717,0
0.027178181599372124,0.0012230904468478947,0,-1.827769499847418,-0.07679107591606253,0
0.027253686920799762,0.0005574627980303742,0,-1.825867869265637,-0.03321336451665718,0
0.027330049082193497,-3.2835667771794795e-14,0,-1.8,6.457694005408856e-16,0
0.02778296247229014,-2.1153375555737792e-14,0,-1.75,6.278313616369721e-16,0
0.027497574021707428,-0.0007186703264522106,0,-1.776569846480768,0.045974476478003165,0
0.02747818437698379,-0.0015588474715318645,0,-1.780893597146618,0.09225907196800913,0
0.027314506447925057,-0.002008523105352674,0,-1.807416137733773,0.12400935585313665,0
0.02711375266707653,-0.00264054488792821,0,-1.837947665295526,0.16214906758298647,0
0.027001697533363223,-0.0035126590965714466,0,-1.867293627296949,0.20004092410567167,0
0.027211031054770962,-0.00400267886898546,0,-1.899961703778075,0.237139066108122,0
0.030503186258621747,0.0054048954968386785,0,-1.93992705931324,0.26420265219891714,0
0.026584495556469388,-0.013469432578484786,0,-1.9324841119494487,0.31093932557301024,0
0.03919347023260123,-0.007882401853165712,0,-1.9705552849592298,0.3419237764754694,0
0.02780054731945368,-0.0006510199684097148,0,-1.73480509929066,0.037640293474324675,0
0.008455679877693814,0.0034703035321273683,0,-1.990369453394393,-0.19603428015147462,0
0.02630303664628161,-0.011068789303964488,0,-1.953263734074862,-0.16883687731132185,0
0.025853055162232394,0.0038121397918504667,0,-1.921862200463924,-0.14534510318732005,0
0.026400171226138473,-0.00022707837979870388,0,-1.904005333333834,-0.11251150993909537,0
0.026750286933302125,0.001609968993287971,0,-1.876816303509594,-0.08555817925492668,0
0.026767915371456622,0.0004414605831849515,0,-1.874999999999999,-0.043301270189221544,0
0.027120228096038583,-1.1541253959353033e-13,0,-1.85,6.637074394447991e-16,0
0.027253686920894925,-0.0005574627981773092,0,-1.825867869265637,0.033213364516658066,0
0.02717818159947823,-0.0012230904468225948,0,-1.827769499847418,0.07679107591606339,0
0.02688937629904728,-0.0022566281707251277,0,-1.856638257864214,0.11832672542766806,0
0.026715187286985288,-0.002801904576230315,0,-1.885264390806146,0.15455984204448797,0
0.026802965687415286,-0.003336028117235169,0,-1.912482003698244,0.18668005450213299,0
0.0242212504340746,-0.017304604458895062,0,-1.946686137654028,0.21696083777936248,0
0.041332441289566244,-0.01164593652570051,0,-1.984959069281583,0.244821349716057,0
0.0182677621031091,-0.0006788733398113368,0,-1.978353020057941,0.2934609480452656,0
0.0397801499457214,0.0020434241139299873,0,-1.994580913381552,-0.14712912687165122,0
0.02627986876413397,0.012027661255238454,0,-1.95160644545222,-0.11758838505231428,0
0.026257361197612343,0.0014795958589399153,0,-1.918232721701175,-0.07732185336542999,0
0.027307295871089127,0.0002342528982305984,0,-1.928261180649688,-0.03755398591533518,0
0.02705928852672621,-4.841349845411315e-13,0,-1.9,6.816454783487124e-16,0
0.026767915371837193,-0.00044146058329623127,0,-1.874999999999999,0.043301270189222446,0
0.02675028693365997,-0.0016099689932448835,0,-1.876816303509594,0.08555817925492756,0
0.026400171226378975,0.00022707838093971472,0,-1.904005333333834,0.11251150993909628,0
0.025853055161806464,-0.0038121397911716893,0,-1.921862200463924,0.145345103187321,0
0.026303036644680776,0.01106878930982196,0,-1.953263734074862,0.1688368773113228,0
0.00845567986884375,-0.0034703035297798863,0,-1.990369453394393,0.19603428015147562,0
0.013244435943330937,0.007430550468142226,0,-1.9975909124211,-0.09813534843591842,0
0.023194055674317017,-0.01046638712687099,0,-1.959677407606051,-0.07007625196366446,0
0.029859725142503565,0.008164551807803134,0,-1.964221249789569,-0.03508607853653895,0
0.02425067787030292,-5.691168475314795e-13,0,-1.95,6.99583517252626e-16,0
0.02730729587221094,-0.00023425289935822267,0,-1.928261180649688,0.03755398591533611,0
0.026257361198397958,-0.0014795958587128346,0,-1.918232721701175,0.0773218533654309,0
0.02627986876487209,-0.012027661257050072,0,-1.95160644545222,0.1175883850523152,0
0.039780149949964316,-0.002043424109646731,0,-1.994580913381552,0.14712912687165222,0
0.03568355676583629,-0.0076334553857101955,0,-1.99939763739569,-0.04908245691215015,0
0.023674069854410052,-5.066719143463998e-12,0,-2.0,7.175215561565395e-16,0
0.029859725147068736,-0.008164551813135749,0,-1.964221249789569,0.035086078536539896,0
0.02319405567639912,0.010466387132037912,0,-1.959677407606051,0.0700762519636654,0
0.013244435941162256,-0.00743055046602155,0,-1.9975909124211,0.09813534843591937,0
0.03568355677467643,0.0076334553878634834,0,-1.99939763739569,0.04908245691215112,0
