"f",":0",":1",":2"
-1.3424079045517467,1.99939763739569,-0.049082456912151365,0
-1.342116445742743,1.9975909124211,-0.09813534843591962,0
-1.337297799677206,1.959677407606051,-0.07007625196366564,0
-1.3379711057200163,1.964221249789569,-0.03508607853654013,0
-1.3422461320784416,2.0,0.0,0
-1.3418840073705847,1.994580913381552,-0.14712912687165244,0
-1.3362490862942027,1.95160644545222,-0.11758838505231545,0
-1.33168581618606,1.918232721701175,-0.07732185336543115,0
-1.3327617867047892,1.928261180649688,-0.037553985915336346,0
-1.3357459796185236,1.95,0.0,0
-1.3379711057200485,1.964221249789569,0.03508607853653919,0
-1.3424079045517905,1.99939763739569,0.04908245691215041,0
-1.3418629231049706,1.990369453394393,-0.19603428015147584,0
-1.3368838927848385,1.953263734074862,-0.16883687731132305,0
-1.3326200906253205,1.921862200463924,-0.1453451031873212,0
-1.329713203457623,1.904005333333834,-0.11251150993909652,0
-1.3255646897774056,1.876816303509594,-0.0855581792549278,0
-1.3251560513605922,1.874999999999999,-0.043301270189222675,0
-1.3288821182748287,1.9,0.0,0
-1.3327617867047532,1.928261180649688,0.03755398591533542,0
-1.3372977996772548,1.959677407606051,0.0700762519636647,0
-1.3421164457427432,1.9975909124211,0.09813534843591865,0
-1.3419491902613636,1.984959069281583,-0.24482134971605723,0
-1.3367378793026645,1.946686137654028,-0.21696083777936273,0
-1.331704260708865,1.912482003698244,-0.18668005450213318,0
-1.3273835405605776,1.885264390806146,-0.1545598420444882,0
-1.3228822323022054,1.856638257864214,-0.11832672542766831,0
-1.3178527251115129,1.827769499847418,-0.07679107591606363,0
-1.3174070055381861,1.825867869265637,-0.03321336451665829,0
-1.3211715547588068,1.85,0.0,0
-1.3251560513606078,1.874999999999999,0.04330127018922177,0
-1.3316858161860912,1.918232721701175,0.07732185336543021,0
-1.336249086294202,1.95160644545222,0.1175883850523145,0
-1.34188400737061,1.994580913381552,0.1471291268716515,0
-1.3419814560707273,1.978353020057941,-0.2934609480452659,0
-1.3366429036626568,1.93992705931324,-0.2642026521989174,0
-1.3306458751674175,1.899961703778075,-0.2371390661081222,0
-1.3254970534662123,1.867293627296949,-0.2000409241056719,0
-1.320304913680336,1.837947665295526,-0.1621490675829867,0
-1.3149365932908321,1.807416137733773,-0.12400935585313688,0
-1.3102027268913228,1.780893597146618,-0.09225907196800935,0
-1.3089948309460706,1.776569846480768,-0.04597447647800337,0
-1.3130187344644169,1.8,0.0,0
-1.3174070055381513,1.825867869265637,0.03321336451665741,0
-1.3178527251115408,1.827769499847418,0.07679107591606274,0
-1.3255646897773656,1.876816303509594,0.08555817925492688,0
-1.3297132034576482,1.904005333333834,0.1125115099390956,0
-1.3326200906253554,1.921862200463924,0.1453451031873203,0
-1.3368838927848414,1.953263734074862,0.1688368773113221,0
-1.3418629231049894,1.990369453394393,0.1960342801514749,0
-1.341966635523871,1.97055528495923,-0.3419237764754697,0
-1.3365104687754403,1.932484111949449,-0.31093932557301057,0
-1.3301353099670594,1.88826846745945,-0.2883204671027018,0
-1.3237302939890778,1.850198399710129,-0.24693433357904948,0
-1.3181873374279591,1.819599540244635,-0.20811832087117052,0
-1.3125159444904144,1.788971872024586,-0.16927364070638234,0
-1.3066376978091503,1.759366189386403,-0.13005416236622294,0
-1.3012702444406312,1.73334631228473,-0.08446628922661993,0
-1.301425452087858,1.73480509929066,-0.03764029347432488,0
-1.3041239759111298,1.75,0.0,0
-1.3089948309460573,1.776569846480768,0.04597447647800253,0
-1.310202726891347,1.780893597146618,0.09225907196800849,0
-1.3149365932907908,1.807416137733773,0.124009355853136,0
-1.3228822323021845,1.856638257864214,0.1183267254276674,0
-1.3273835405605907,1.885264390806146,0.1545598420444873,0
-1.3317042607088447,1.912482003698244,0.1866800545021323,0
-1.336737879302693,1.946686137654028,0.2169608377793618,0
-1.3419491902613794,1.984959069281583,0.2448213497160563,0
-1.3371692753811932,1.928953497594997,-0.3583793973543504,0
-1.3420090573127748,1.961570561038879,-0.3901806428638099,0
-1.3328814196297054,1.900868119792918,-0.3326135246391728,0
-1.327538760155766,1.862552198674332,-0.3315035453439801,0
-1.321951297877306,1.831969037211615,-0.2927937358815315,0
-1.3162451254227707,1.801318254152427,-0.25405144580519756,0
-1.3101142274721282,1.770629973889344,-0.21524160504089743,0
-1.3038921822712404,1.739949481250468,-0.17634814674091062,0
-1.2973532884473915,1.709250710305982,-0.1373372338098784,0
-1.2910165902586894,1.680355808766392,-0.09900746682428835,0
-1.2939072049449971,1.696831495518713,-0.05198191531327596,0
-1.294124713321036,1.7,0.0,0
-1.30142545208786,1.73480509929066,0.03764029347432405,0
-1.3012702444405915,1.73334631228473,0.0844662892266191,0
-1.30663769780916,1.759366189386403,0.1300541623662221,0
-1.312515944490388,1.788971872024586,0.1692736407063815,0
-1.3203049136803569,1.837947665295526,0.1621490675829858,0
-1.3254970534661854,1.867293627296949,0.200040924105671,0
-1.3306458751674002,1.899961703778075,0.2371390661081213,0
-1.3366429036626586,1.93992705931324,0.2642026521989164,0
-1.3419814560707224,1.978353020057941,0.2934609480452649,0
-1.3371066223991925,1.919126170615721,-0.4041925223339667,0
-1.3419085832750266,1.951404260370142,-0.4382024790085726,0
-1.332276851586867,1.889116737213785,-0.3704265922406731,0
-1.3261419703250923,1.844265948444162,-0.3770969024551552,0
-1.3204279234280256,1.813716386241133,-0.338629624808919,0
-1.3143786549222347,1.78301341303504,-0.29994876839628326,0
-1.308073444239077,1.752319126090208,-0.26123715865436836,0
-1.3014532484030568,1.721615415768595,-0.22236316409567253,0
-1.2945864332786885,1.690880312602587,-0.18344090596647397,0
-1.287295512429735,1.660173515758221,-0.1444816360713209,0
-1.2807008614859905,1.632613896752079,-0.1084200475035979,0
-1.2850938616992678,1.655127595563618,-0.0651394333573081,0
-1.2879323271045842,1.668226589286781,-0.029988870108709705,0
-1.2838418805339438,1.65,0.0,0
-1.2879323271045204,1.668226589286781,0.0299888701087089,0
-1.2939072049450837,1.696831495518713,0.05198191531327514,0
-1.2910165902586277,1.680355808766392,0.09900746682428754,0
-1.2973532884474226,1.709250710305982,0.1373372338098776,0
-1.3038921822711937,1.739949481250468,0.1763481467409098,0
-1.310114227472127,1.770629973889344,0.2152416050408966,0
-1.318187337427966,1.819599540244635,0.2081183208711697,0
-1.3237302939890483,1.850198399710129,0.2469343335790486,0
-1.3301353099670397,1.88826846745945,0.2883204671027008,0
-1.3365104687753826,1.932484111949449,0.3109393255730096,0
-1.3419666355238284,1.97055528495923,0.3419237764754687,0
-1.3367321034639108,1.905123053279394,-0.4517022244215732,0
-1.331549432395114,1.874299867335253,-0.41470166107193507,0
-1.3251096806643332,1.826147716621472,-0.4232389998707709,0
-1.3190642500962588,1.795390116905958,-0.38455640201604646,0
-1.3127774209595358,1.76473292370592,-0.3458315163730784,0
-1.3061581744336024,1.734024750808938,-0.3071491288546054,0
-1.2992544089913038,1.703280842206235,-0.2683865241758073,0
-1.2919779155150093,1.672609166033991,-0.22952934363430907,0
-1.2844307215156776,1.641841856176973,-0.19063761612563287,0
-1.276877301836934,1.612456496121592,-0.15276073518350047,0
-1.2684956817633397,1.580875938773581,-0.11693597332981917,0
-1.273590716865762,1.604153462270685,-0.07418101540416708,0
-1.2782715288119924,1.625483433280748,-0.03553674009030678,0
-1.272197967564099,1.6,0.0,0
-1.278271528811983,1.625483433280748,0.035536740090306,0
-1.2850938616992684,1.655127595563618,0.06513943335730729,0
-1.2807008614860282,1.632613896752079,0.1084200475035971,0
-1.2872955124297045,1.660173515758221,0.1444816360713201,0
-1.2945864332786796,1.690880312602587,0.1834409059664732,0
-1.3014532484030452,1.721615415768595,0.2223631640956717,0
-1.308073444239075,1.752319126090208,0.2612371586543675,0
-1.3162451254227228,1.801318254152427,0.2540514458051967,0
-1.321951297877311,1.831969037211615,0.2927937358815306,0
-1.3275387601557282,1.862552198674332,0.3315035453439792,0
-1.332881419629676,1.900868119792918,0.3326135246391718,0
-1.3371692753811764,1.928953497594997,0.3583793973543494,0
-1.3420090573127317,1.961570561038879,0.3901806428638089,0
-1.3419637373465048,1.9400625067070916,-0.4859603585369865,0
-1.3308209182080197,1.857834345994978,-0.46089391745696107,0
-1.3365972067676375,1.8912626241194845,-0.4973187530437556,0
-1.3420653027835825,1.9275521319937405,-0.5334255134940431,0
-1.3178997532445846,1.776906294387224,-0.43058236603674777,0
-1.3241002125717347,1.8074088000968136,-0.4692637411070653,0
-1.311346760228975,1.746291315984602,-0.391871206760761,0
-1.3044894850516617,1.715666618898736,-0.3531187915419423,0
-1.2972549846709278,1.684974533098074,-0.3143898703869431,0
-1.2896871897583166,1.654329840225027,-0.2755755058524822,0
-1.2817697393324265,1.623643648441526,-0.23671806579169458,0
-1.2734002028498013,1.593006883881828,-0.19794083752079142,0
-1.2647213331377105,1.562047742327355,-0.16001691586498992,0
-1.255317870015136,1.530124103446566,-0.12292161373287795,0
-1.260451647532163,1.551929248871388,-0.08025003010758942,0
-1.2660573073035342,1.575047376331813,-0.04020811358870247,0
-1.259325834654611,1.55,0.0,0
-1.2660573073035584,1.575047376331813,0.04020811358870172,0
-1.2735907168657168,1.604153462270685,0.0741810154041663,0
-1.2684956817633284,1.580875938773581,0.1169359733298184,0
-1.2768773018369042,1.612456496121592,0.1527607351834997,0
-1.2844307215157098,1.641841856176973,0.1906376161256321,0
-1.2919779155149764,1.672609166033991,0.2295293436343083,0
-1.2992544089912612,1.703280842206235,0.2683865241758064,0
-1.306158174433551,1.734024750808938,0.3071491288546045,0
-1.3143786549222107,1.78301341303504,0.2999487683962824,0
-1.3204279234279666,1.813716386241133,0.3386296248089181,0
-1.3261419703250537,1.844265948444162,0.3770969024551543,0
-1.3322768515868029,1.889116737213785,0.3704265922406721,0
-1.337106622399156,1.919126170615721,0.4041925223339657,0
-1.3419085832749396,1.951404260370142,0.4382024790085716,0
-1.3302727233070435,1.8397788577111456,-0.5074931588058983,0
-1.3365934660523011,1.8772248490305636,-0.5444373455470715,0
-1.342567750671177,1.9138806719486825,-0.580569352912518,0
-1.3101604288053799,1.728005964158074,-0.4377440343205733,0
-1.3030571391864896,1.69736270689525,-0.39909238726390106,0
-1.295524658094379,1.666685988225413,-0.36035178515516436,0
-1.287634431880314,1.63602157031247,-0.32155653463576656,0
-1.2792988050974483,1.605378193961792,-0.28273487876407377,0
-1.2705731130358877,1.574695950369547,-0.24389021285287824,0
-1.261402638488369,1.543955010511662,-0.2049793255943823,0
-1.2515461388060973,1.512466978477769,-0.16652104826119463,0
-1.241381477901382,1.481355706736923,-0.1280748025585738,0
-1.2462238147950866,1.500907669817843,-0.08370390425982664,0
-1.2527363771509181,1.525033915845612,-0.042780398848061583,0
-1.245245753277872,1.5,0.0,0
-1.2527363771509137,1.525033915845612,0.04278039884806085,0
-1.260451647532152,1.551929248871388,0.08025003010758867,0
-1.2553178700150833,1.530124103446566,0.1229216137328772,0
-1.2647213331377398,1.562047742327355,0.1600169158649892,0
-1.2734002028497318,1.593006883881828,0.1979408375207907,0
-1.2817697393324028,1.623643648441526,0.2367180657916938,0
-1.2896871897582902,1.654329840225027,0.2755755058524813,0
-1.2972549846709114,1.684974533098074,0.3143898703869422,0
-1.3044894850516233,1.715666618898736,0.3531187915419414,0
-1.3127774209595213,1.76473292370592,0.3458315163730775,0
-1.3190642500961964,1.795390116905958,0.3845564020160456,0
-1.3251096806642768,1.826147716621472,0.42323899987077,0
-1.3315494323950676,1.874299867335253,0.4147016610719342,0
-1.3367321034637891,1.905123053279394,0.4517022244215722,0
-1.341963737346387,1.940062506707092,0.4859603585369855,0
-1.3169672881752543,1.7584105664013516,-0.4764555166442804,0
-1.3233991033132406,1.7891616994758606,-0.5150815458796808,0
-1.3297857507890283,1.8203703530745616,-0.5533480134903673,0
-1.3363573947179581,1.8538753727230886,-0.5977645053610177,0
-1.3435588590905954,1.8990563617712546,-0.6273634790264138,0
-1.3018588423128907,1.679017387721106,-0.4449460747533214,0
-1.3091986758550331,1.7095098021735287,-0.4835911390248228,0
-1.3161404123971219,1.7396325597795006,-0.5224478890434815,0
-1.3229355019095692,1.7706329664453995,-0.5608423222240863,0
-1.2940436200106358,1.648397926844745,-0.4062712388417784,0
-1.285841516781145,1.617735207774856,-0.3675237148795787,0
-1.2771613589890443,1.587062106724503,-0.328715738186044,0
-1.268025804791963,1.556388000216721,-0.2898760288020516,0
-1.258379898531125,1.525720328618073,-0.25097423121321116,0
-1.2481929665203353,1.494999702672999,-0.21201022851363793,0
-1.237539508749853,1.464162576520311,-0.17304630377563365,0
-1.2259470607860268,1.432372386813668,-0.13396850374291078,0
-1.231489103928146,1.452767847314377,-0.0882364126880172,0
-1.237927101208824,1.475000000000001,-0.04359109009904723,0
-1.2297520196687153,1.45,0.0,0
-1.237927101208818,1.475000000000001,0.04359109009904652,0
-1.2462238147951237,1.500907669817843,0.08370390425982592,0
-1.241381477901423,1.481355706736923,0.1280748025585731,0
-1.2515461388060507,1.512466978477769,0.1665210482611939,0
-1.261402638488371,1.543955010511662,0.2049793255943816,0
-1.270573113035891,1.574695950369547,0.2438902128528775,0
-1.2792988050974,1.605378193961792,0.282734878764073,0
-1.2876344318802533,1.63602157031247,0.3215565346357658,0
-1.295524658094359,1.666685988225413,0.3603517851551635,0
-1.303057139186465,1.69736270689525,0.3990923872639002,0
-1.3113467602288937,1.746291315984602,0.3918712067607601,0
-1.3178997532445342,1.776906294387224,0.4305823660367469,0
-1.3241002125716717,1.807408800096814,0.4692637411070644,0
-1.3308209182079536,1.857834345994978,0.4608939174569602,0
-1.3365972067675205,1.891262624119485,0.4973187530437546,0
-1.3420653027834661,1.927552131993741,0.5334255134940422,0
-1.3288681156370687,1.7989015125862056,-0.5974646078210565,0
-1.3334532411991105,1.8167133472220505,-0.6330250176403873,0
-1.3392104940475,1.8523616892636545,-0.6487764114902584,0
-1.3447231988879664,1.8830881310487306,-0.6737797048764513,0
-1.3008540518111729,1.6605567674059456,-0.4908311031934584,0
-1.3084580973160713,1.6908200676636036,-0.529615259914801,0
-1.3156059218247094,1.7210843748206885,-0.568350118475625,0
-1.3225434950997481,1.7517347302678306,-0.6062648719815895,0
-1.2928407239823705,1.630081620742793,-0.45217759817854997,0
-1.2843639358208445,1.599475958664353,-0.41347441649637656,0
-1.2753196210781788,1.568780685456473,-0.37469443759129956,0
-1.2658016543345991,1.538095442412545,-0.33587027743281567,0
-1.255685424078151,1.507402150851457,-0.297022355214984,0
-1.2450552009185225,1.476666100659508,-0.2581411923806995,0
-1.2337428873955516,1.445862726266407,-0.21922941831972118,0
-1.2218404012517352,1.415042858290683,-0.18030853711686357,0
-1.2087695473310727,1.383272033175373,-0.13912838018174756,0
-1.2146140625054749,1.402605880785698,-0.09334945314651746,0
-1.2216535937209803,1.425353433383547,-0.04548795975364956,0
-1.2124593743673457,1.4,0.0,0
-1.221653593720958,1.425353433383547,0.04548795975364888,0
-1.2314891039281493,1.452767847314377,0.08823641268801648,0
-1.2259470607859895,1.432372386813668,0.1339685037429101,0
-1.2375395087498189,1.464162576520311,0.173046303775633,0
-1.2481929665203304,1.494999702672999,0.2120102285136372,0
-1.2583798985311039,1.525720328618073,0.2509742312132104,0
-1.2680258047919513,1.556388000216721,0.2898760288020508,0
-1.2771613589890554,1.587062106724503,0.3287157381860432,0
-1.2858415167811157,1.617735207774856,0.3675237148795779,0
-1.2940436200105867,1.648397926844745,0.4062712388417776,0
-1.3018588423128343,1.679017387721106,0.4449460747533205,0
-1.3101604288053323,1.728005964158074,0.4377440343205724,0
-1.3169672881751815,1.758410566401352,0.4764555166442795,0
-1.323399103313196,1.789161699475861,0.5150815458796799,0
-1.3302727233069465,1.839778857711146,0.5074931588058974,0
-1.3365934660522087,1.877224849030564,0.5444373455470706,0
-1.3425677506710787,1.913880671948683,0.5805693529125171,0
-1.3286468866428507,1.7795069687504586,-0.6441707834095818,0
-1.3223358681366058,1.7335608421173556,-0.6525261225288076,0
-1.3153130358759573,1.7030452731148467,-0.6139661343585039,0
-1.3079217251015904,1.6724067251201475,-0.5754924991335443,0
-1.3001122504193587,1.6420506417088336,-0.536773129219067,0
-1.291903153497634,1.6116046261293135,-0.49808885295392935,0
-1.2831329689044333,1.581155651996858,-0.459354074681746,0
-1.2738172687030316,1.550507023922958,-0.420606391068175,0
-1.2639429604941006,1.519856723120797,-0.3818470441582404,0
-1.2534236035836481,1.489147238508587,-0.3430488879727109,0
-1.242268022982931,1.458388756466627,-0.3042270603573757,0
-1.2303630429756351,1.427575947573089,-0.2653619377813319,0
-1.217868135823752,1.396755643454931,-0.22646276044789115,0
-1.2045715222141504,1.365924926147193,-0.18755384618638277,0
-1.188871491996187,1.331276302514291,-0.1431136157671414,0
-1.1956528861134406,1.352409844500705,-0.09647632513066973,0
-1.2036797751701436,1.375700978922926,-0.04855147740473281,0
-1.1931543991423907,1.35,0.0,0
-1.203679775170166,1.375700978922926,0.04855147740473216,0
-1.2146140625054622,1.402605880785698,0.09334945314651677,0
-1.208769547331044,1.383272033175373,0.1391283801817469,0
-1.2218404012517963,1.415042858290683,0.1803085371168629,0
-1.233742887395487,1.445862726266407,0.2192294183197205,0
-1.2450552009185163,1.476666100659508,0.2581411923806987,0
-1.2556854240781177,1.507402150851457,0.2970223552149832,0
-1.2658016543345558,1.538095442412545,0.3358702774328149,0
-1.2753196210781146,1.568780685456473,0.3746944375912988,0
-1.2843639358208356,1.599475958664353,0.4134744164963758,0
-1.2928407239823057,1.630081620742793,0.4521775981785492,0
-1.300854051811107,1.660556767405946,0.4908311031934575,0
-1.3091986758549974,1.709509802173529,0.4835911390248219,0
-1.3161404123970482,1.739632559779501,0.5224478890434806,0
-1.3229355019094755,1.7706329664454,0.5608423222240854,0
-1.3297857507889306,1.820370353074562,0.5533480134903664,0
-1.3363573947178702,1.853875372723089,0.5977645053610168,0
-1.3435588590904801,1.899056361771255,0.6273634790264129,0
-1.3351314767808231,1.8109650460711086,-0.6824658404162998,0
-1.3410614145274373,1.8490105069204625,-0.6872964747462753,0
-1.3448966987069937,1.8659855984427145,-0.719790071065434,0
-1.3287071401166257,1.7617494259109445,-0.6903421262742447,0
-1.3222421723339095,1.7152798826443676,-0.6983203083882785,0
-1.3151460840911107,1.6847794269740186,-0.659757508883932,0
-1.3076525734506688,1.6542411100321837,-0.6212006986037435,0
-1.2996642419161177,1.6237125703491806,-0.5826153788396278,0
-1.291230498040569,1.5932758212545926,-0.5439459904452812,0
-1.2822092599586004,1.5627636591291216,-0.5052166796183275,0
-1.272655331609068,1.5321785964296246,-0.4664979617709988,0
-1.2624403529210229,1.501594527869645,-0.427770411710389,0
-1.251544696734086,1.470922754221482,-0.38901816131946876,0
-1.2399302171571873,1.440166094838575,-0.3502454745057893,0
-1.227562242058533,1.40934639815831,-0.31144153870900465,0
-1.21431968835041,1.378478815375139,-0.2725948296956934,0
-1.2003342475601784,1.347657995702593,-0.23370783370634082,0
-1.184574605993729,1.315452553377113,-0.1919306221687885,0
-1.167718606176286,1.282167594887338,-0.1542379783840819,0
-1.1708454123837215,1.294507111164958,-0.09963648513448657,0
-1.1833383389016399,1.325083796556721,-0.05187126222773982,0
-1.1718635822137933,1.3,0.0,0
-1.1833383389016363,1.325083796556721,0.05187126222773918,0
-1.1956528861134137,1.352409844500705,0.09647632513066906,0
-1.1888714919961931,1.331276302514291,0.1431136157671408,0
-1.204571522214087,1.365924926147193,0.1875538461863821,0
-1.217868135823754,1.396755643454931,0.2264627604478905,0
-1.230363042975578,1.427575947573089,0.2653619377813311,0
-1.2422680229829357,1.458388756466627,0.3042270603573749,0
-1.2534236035835882,1.489147238508587,0.3430488879727101,0
-1.2639429604940786,1.519856723120797,0.3818470441582396,0
-1.273817268703006,1.550507023922958,0.4206063910681742,0
-1.2831329689043585,1.581155651996858,0.4593540746817452,0
-1.2919031534975993,1.611604626129314,0.4980888529539286,0
-1.3001122504192928,1.642050641708834,0.5367731292190661,0
-1.3084580973160045,1.690820067663604,0.5296152599148001,0
-1.3156059218246754,1.721084374820689,0.5683501184756241,0
-1.3225434950996398,1.751734730267831,0.6062648719815886,0
-1.3288681156369804,1.798901512586206,0.5974646078210556,0
-1.3334532411989974,1.816713347222051,0.6330250176403864,0
-1.3392104940474094,1.852361689263655,0.6487764114902576,0
-1.3447231988878343,1.883088131048731,0.6737797048764504,0
-1.3340594087056636,1.7850367805236527,-0.7289465041660188,0
-1.3395017087181789,1.8263860521078545,-0.7248027001288624,0
-1.3439779288072506,1.8477590659076775,-0.7653668625933489,0
-1.3288709782096335,1.7457336883349845,-0.7369145005194963,0
-1.3222748455769118,1.6971085224516547,-0.7440312115514952,0
-1.3151711074297585,1.6666170100788416,-0.7054617558284979,0
-1.3075657586881388,1.6360853882548125,-0.6669036514610709,0
-1.2994536381016875,1.6055394276913755,-0.6283472969829171,0
-1.2908444967781518,1.5749957551347256,-0.5897173596129558,0
-1.2816433825291818,1.5444866858612996,-0.5510415653227038,0
-1.2718309116753066,1.5139186190521605,-0.5123478992267807,0
-1.2613102064054216,1.4833375594071256,-0.47364393902601115,0
-1.2501080518555217,1.452710466980469,-0.43493469488276776,0
-1.238104687606259,1.422005495069359,-0.3962420935254303,0
-1.2251745583677964,1.391185926607087,-0.3574951051507453,0
-1.2113920050929623,1.360195870698122,-0.31869054320634765,0
-1.196646241795336,1.329394721754459,-0.2798303326768243,0
-1.1809782309169803,1.2985876924889,-0.2409704972819503,0
-1.1637166631112024,1.266820787449091,-0.1996744593144415,0
-1.146306519363765,1.237022592969058,-0.16339032309227766,0
-1.152299448061071,1.252124005671904,-0.1274315858901813,0
-1.1469040473663548,1.245307382624987,-0.09005898609444019,0
-1.1604036654574348,1.275068861232616,-0.04530777872419264,0
-1.1477998192716388,1.25,0.0,0
-1.1604036654574297,1.275068861232616,0.04530777872419203,0
-1.170845412383728,1.294507111164958,0.09963648513448593,0
-1.1677186061762759,1.282167594887338,0.1542379783840813,0
-1.1845746059936955,1.315452553377113,0.1919306221687879,0
-1.2003342475602203,1.347657995702593,0.2337078337063402,0
-1.214319688350361,1.378478815375139,0.2725948296956927,0
-1.2275622420585541,1.40934639815831,0.311441538709004,0
-1.23993021715716,1.440166094838575,0.3502454745057885,0
-1.251544696734097,1.470922754221482,0.389018161319468,0
-1.2624403529209502,1.501594527869645,0.4277704117103882,0
-1.2726553316090683,1.532178596429625,0.466497961770998,0
-1.282209259958574,1.562763659129122,0.5052166796183266,0
-1.2912304980405371,1.593275821254593,0.5439459904452804,0
-1.299664241916076,1.623712570349181,0.5826153788396269,0
-1.3079217251015218,1.672406725120148,0.5754924991335434,0
-1.3153130358758869,1.703045273114847,0.613966134358503,0
-1.322335868136521,1.733560842117356,0.6525261225288067,0
-1.3286468866427903,1.779506968750459,0.6441707834095809,0
-1.335131476780713,1.810965046071109,0.6824658404162989,0
-1.3410614145273072,1.849010506920463,0.6872964747462744,0
-1.3448966987068625,1.865985598442715,0.7197900710654331,0
-1.33836824450036,1.8031962761698495,-0.7692677476283025,0
-1.3434072936587311,1.8284195122836866,-0.8104826260323443,0
-1.3333983375598617,1.7642356600390237,-0.7730950325326004,0
-1.328968659691234,1.7275986306707736,-0.7825891545040655,0
-1.3224270450518925,1.6789596856065516,-0.7897304639994511,0
-1.3153479500038023,1.6484669721813265,-0.751161876250581,0
-1.307663808032624,1.6179564319250015,-0.7125933238871933,0
-1.299516417942467,1.5873789228274555,-0.6740613245801412,0
-1.2907639242490534,1.5568159013798886,-0.6354759842480169,0
-1.28138379697405,1.5262651688857536,-0.5968441469997998,0
-1.2713637385676428,1.4957010917114446,-0.5581773160330774,0
-1.260616345584722,1.4651228610774725,-0.5194966514366279,0
-1.2491128973306822,1.4345188498682666,-0.48081418966765577,0
-1.236699851267704,1.403871147572577,-0.442150493076743,0
-1.2233826668049823,1.372927970335845,-0.40345861949465645,0
-1.2090413777415503,1.3420197378988,-0.36474329295742725,0
-1.193615903756186,1.311171485813903,-0.3259376089370233,0
-1.1772259901796278,1.280334932435385,-0.28705102771591157,0
-1.159487976028686,1.249549437856368,-0.2482259534438104,0
-1.1406271662284522,1.218831323605658,-0.20947580326456394,0
-1.1208164910275198,1.18818522569068,-0.17171886473413966,0
-1.1301307281522976,1.210010914357945,-0.12933259887127146,0
-1.1205866542983676,1.197018626328959,-0.0880922192347092,0
-1.1343604569143537,1.224253813538292,-0.04504518356511859,0
-1.1204119278725295,1.2,0.0,0
-1.1343604569143628,1.224253813538292,0.04504518356511801,0
-1.1469040473663465,1.245307382624987,0.09005898609443957,0
-1.152299448061055,1.252124005671904,0.1274315858901807,0
-1.146306519363785,1.237022592969058,0.1633903230922771,0
-1.1637166631112015,1.266820787449091,0.1996744593144409,0
-1.1809782309169308,1.2985876924889,0.2409704972819497,0
-1.1966462417953307,1.329394721754459,0.2798303326768236,0
-1.211392005092936,1.360195870698122,0.318690543206347,0
-1.225174558367762,1.391185926607087,0.3574951051507446,0
-1.238104687606239,1.422005495069359,0.3962420935254296,0
-1.2501080518554648,1.452710466980469,0.434934694882767,0
-1.261310206405431,1.483337559407126,0.4736439390260104,0
-1.2718309116752093,1.513918619052161,0.51234789922678,0
-1.2816433825291376,1.5444866858613,0.5510415653227029,0
-1.2908444967781252,1.574995755134726,0.5897173596129549,0
-1.299453638101648,1.605539427691376,0.6283472969829162,0
-1.3076525734505897,1.654241110032184,0.6212006986037426,0
-1.315146084091044,1.684779426974019,0.6597575088839311,0
-1.3222421723338562,1.715279882644368,0.6983203083882776,0
-1.3287071401165198,1.761749425910945,0.6903421262742439,0
-1.3340594087055728,1.785036780523653,0.7289465041660179,0
-1.339501708718043,1.826386052107855,0.7248027001288615,0
-1.3439779288070965,1.847759065907678,0.765366862593348,0
-1.3381337176672554,1.7848688434964366,-0.8130398910836054,0
-1.342830056088889,1.8079785871308685,-0.8551101849915406,0
-1.3331116847934286,1.7449471571492545,-0.81811774217729,0
-1.3289017493659314,1.7081406940588746,-0.8277856665208868,0
-1.322855776081765,1.6608108080159196,-0.8354356381176832,0
-1.315671185798257,1.6303125295994736,-0.7968609085091011,0
-1.3080297773139298,1.5997660774763316,-0.7583295788868957,0
-1.2998058084940383,1.5692109021911707,-0.7197947969313147,0
-1.290931315352593,1.5386390392957157,-0.6812500419346343,0
-1.281460801312281,1.5080911209063426,-0.6426195207666954,0
-1.2712797842855474,1.4775185379453735,-0.6039782597480696,0
-1.2603107127377497,1.4469192155108095,-0.5653297100242308,0
-1.2485204761763844,1.4163189620861556,-0.5266645463085138,0
-1.2358560891871444,1.3857110115418305,-0.4879862440859434,0
-1.2221834758458487,1.354955575942247,-0.4493858238898897,0
-1.2071379725109914,1.323529938924999,-0.4107349083677039,0
-1.1913728520479716,1.29298200387834,-0.37200982343458705,0
-1.1743015529465894,1.26246205337039,-0.33336682103573345,0
-1.1557985375730209,1.231677909434284,-0.2945843449848364,0
-1.1359830438842249,1.20081514108489,-0.25569214394846734,0
-1.1144790648128708,1.169802319917377,-0.21669359675775685,0
-1.0917606984164572,1.139060617110101,-0.17799644833867764,0
-1.1009651966061555,1.161007384923481,-0.12557428605446094,0
-1.0975871369237769,1.159499000354933,-0.07832031644348103,0
-1.1069380995364704,1.176337163535087,-0.042688991665125055,0
-1.0898861183083295,1.15,0.0,0
-1.1069380995364686,1.176337163535087,0.0426889916651245,0
-1.1205866542983418,1.197018626328959,0.08809221923470861,0
-1.1301307281522326,1.210010914357945,0.1293325988712709,0
-1.1208164910275122,1.18818522569068,0.1717188647341391,0
-1.1406271662284415,1.218831323605658,0.2094758032645634,0
-1.1594879760286354,1.249549437856368,0.2482259534438098,0
-1.1772259901796387,1.280334932435385,0.2870510277159109,0
-1.1936159037560974,1.311171485813903,0.3259376089370226,0
-1.2090413777415485,1.3420197378988,0.3647432929574266,0
-1.2233826668049341,1.372927970335845,0.4034586194946558,0
-1.2366998512677192,1.403871147572577,0.4421504930767423,0
-1.2491128973306203,1.434518849868267,0.480814189667655,0
-1.2606163455847013,1.465122861077473,0.5194966514366273,0
-1.2713637385676135,1.495701091711445,0.5581773160330767,0
-1.2813837969739685,1.526265168885754,0.5968441469997992,0
-1.2907639242489708,1.556815901379889,0.635475984248016,0
-1.299516417942395,1.587378922827456,0.6740613245801403,0
-1.3075657586880893,1.636085388254813,0.66690365146107,0
-1.3151711074296824,1.666617010078842,0.705461755828497,0
-1.3222748455768283,1.697108522451655,0.7440312115514943,0
-1.3288709782095107,1.745733688334985,0.7369145005194954,0
-1.333398337559818,1.764235660039024,0.7730950325325995,0
-1.338368244500247,1.80319627616985,0.7692677476283016,0
-1.34340729365862,1.828419512283687,0.8104826260323434,0
-1.337624262108008,1.7635396326281556,-0.8579788665175606,0
-1.3422868063486348,1.7864486032744515,-0.8992226575541578,0
-1.33296153661255,1.7248551399105945,-0.8591907170320685,0
-1.3294017749832125,1.6913182881099476,-0.8740028702202599,0
-1.3359617334398128,1.7307615682818225,-0.8999310898600803,0
-1.3421252428984962,1.7638425294879057,-0.942793472171773,0
-1.3233723715408463,1.6425687100191535,-0.8811106293778762,0
-1.316260764781129,1.6121746101227337,-0.8425750126353116,0
-1.3086053473899446,1.5816391289494836,-0.8040236174141521,0
-1.3002875888216177,1.5510105000115366,-0.765542950329032,0
-1.2914204990749851,1.5204563177716977,-0.7270171515897219,0
-1.2818551842855936,1.4898868487216936,-0.6883693530345417,0
-1.2715242480644031,1.4593570135546816,-0.6497186334191423,0
-1.260405767694574,1.4287414852392355,-0.6111480800637333,0
-1.2484453879361965,1.3981753524001066,-0.5724530245671209,0
-1.2354774666718538,1.3675109742324736,-0.5338238125609351,0
-1.2214843716371506,1.3369108528425806,-0.4951911373704608,0
-1.20642189782039,1.306253376497412,-0.4566925259191867,0
-1.1898435868784931,1.275054457792381,-0.41801516123934335,0
-1.1721605478326589,1.244579455981317,-0.37941260423677264,0
-1.1532166386165552,1.214071734541909,-0.34085187677137185,0
-1.1322570523523598,1.183185460292307,-0.30191877465518885,0
-1.1093998460014618,1.151639946060103,-0.26269009724273085,0
-1.08325941831503,1.119217208372746,-0.2219181023196478,0
-1.0592230846819148,1.090105394089912,-0.1851149194159325,0
-1.0673196458911678,1.110125723683732,-0.1389206169274558,0
-1.0753836488034976,1.125473753467015,-0.09303786996718265,0
-1.073305780102396,1.125704394314883,-0.04452201022262506,0
-1.0536264076115867,1.1,0.0,0
-1.0733057801023687,1.125704394314883,0.04452201022262452,0
-1.0975871369237762,1.159499000354933,0.07832031644348048,0
-1.100965196606171,1.161007384923481,0.1255742860544604,0
-1.0917606984164212,1.139060617110101,0.1779964483386771,0
-1.1144790648128864,1.169802319917377,0.2166935967577563,0
-1.1359830438842196,1.20081514108489,0.2556921439484667,0
-1.1557985375729953,1.231677909434284,0.2945843449848357,0
-1.1743015529466057,1.26246205337039,0.3333668210357328,0
-1.1913728520480165,1.29298200387834,0.3720098234345864,0
-1.2071379725109355,1.323529938924999,0.4107349083677032,0
-1.2221834758458086,1.354955575942247,0.449385823889889,0
-1.2358560891870736,1.385711011541831,0.4879862440859427,0
-1.2485204761764135,1.416318962086156,0.5266645463085131,0
-1.260310712737664,1.44691921551081,0.5653297100242302,0
-1.2712797842855412,1.477518537945374,0.603978259748069,0
-1.2814608013123105,1.508091120906343,0.6426195207666947,0
-1.2909313153525035,1.538639039295716,0.6812500419346335,0
-1.2998058084940147,1.569210902191171,0.7197947969313138,0
-1.3076638080325889,1.617956431925002,0.7125933238871924,0
-1.3153479500037357,1.648466972181327,0.7511618762505801,0
-1.3224270450518174,1.678959685606552,0.7897304639994502,0
-1.3289686596911576,1.727598630670774,0.7825891545040646,0
-1.333111684793303,1.744947157149255,0.8181177421772892,0
-1.3381337176671677,1.784868843496437,0.8130398910836045,0
-1.3428300560888227,1.807978587130869,0.8551101849915397,0
-1.3299947530240086,1.6726070337701626,-0.9194998606407799,0
-1.3366895614227734,1.7137354912669875,-0.9455526259126602,0
-1.3421532957107571,1.7401739829686225,-0.9857963831335157,0
-1.3170516321302945,1.5939976476546096,-0.8882857332060522,0
-1.3240997196225657,1.6243953774495605,-0.9268313180137049,0
-1.3093559017177818,1.5635036541434526,-0.8498033120769787,0
-1.301098069922213,1.5328851976495506,-0.8113683523643557,0
-1.292193982723522,1.5022731639555225,-0.7728279241216158,0
-1.2825185584958956,1.4716750845600455,-0.7341582533156208,0
-1.2721227228523853,1.4411258387087715,-0.6954271158278544,0
-1.260909823674987,1.4105440308590096,-0.6567185461126077,0
-1.2487576871835604,1.3800047173256655,-0.6180801027467784,0
-1.2355886389591844,1.3493514221344456,-0.5794975307215886,0
-1.2213814429186094,1.3187041651600195,-0.5409604740435416,0
-1.2059160733797514,1.2880914710239866,-0.5023621380309774,0
-1.1891026197814893,1.2573541431005446,-0.4638327627957058,0
-1.1709049433656697,1.22664057319337,-0.42527942044841716,0
-1.1511940359694637,1.196216777394312,-0.38663674633292666,0
-1.1297430784965672,1.165918470710803,-0.34784616906804783,0
-1.1059697203834378,1.134335909489621,-0.30843696583189917,0
-1.0786783917961342,1.102146110577886,-0.2689126544016169,0
-1.0454042583946177,1.062548862481097,-0.2201008977611723,0
-1.0073900591251965,1.034882314224999,-0.1787543290553127,0
-1.042004796778053,1.069478001292287,-0.1484540183781494,0
-1.0464696423025557,1.080429989578334,-0.10665909930212132,0
-1.0513036269859657,1.092899391922077,-0.07124812390196239,0
-1.0399185461837632,1.076057135607035,-0.03794113986174125,0
-1.0126015439691132,1.05,0.0,0
-1.0399185461837186,1.076057135607035,0.03794113986174073,0
-1.0513036269859954,1.092899391922077,0.07124812390196186,0
-1.0753836488034958,1.125473753467015,0.0930378699671821,0
-1.0673196458911671,1.110125723683732,0.1389206169274553,0
-1.059223084681872,1.090105394089912,0.185114919415932,0
-1.0832594183149813,1.119217208372746,0.2219181023196473,0
-1.1093998460014485,1.151639946060103,0.2626900972427303,0
-1.13225705235235,1.183185460292307,0.3019187746551883,0
-1.1532166386165308,1.214071734541909,0.3408518767713712,0
-1.1721605478325854,1.244579455981317,0.379412604236772,0
-1.1898435868784862,1.275054457792381,0.4180151612393427,0
-1.2064218978203907,1.306253376497412,0.456692525919186,0
-1.2214843716371357,1.336910852842581,0.4951911373704601,0
-1.2354774666718245,1.367510974232474,0.5338238125609345,0
-1.2484453879361452,1.398175352400107,0.5724530245671202,0
-1.2604057676945908,1.428741485239236,0.6111480800637327,0
-1.2715242480643305,1.459357013554682,0.6497186334191416,0
-1.2818551842855361,1.489886848721694,0.688369353034541,0
-1.2914204990749696,1.520456317771698,0.7270171515897212,0
-1.3002875888215708,1.551010500011537,0.7655429503290311,0
-1.3080297773138496,1.599766077476332,0.7583295788868948,0
-1.3156711857982297,1.630312529599474,0.7968609085091002,0
-1.322855776081696,1.66081080801592,0.8354356381176823,0
-1.328901749365912,1.708140694058875,0.8277856665208859,0
-1.3329615366124865,1.724855139910595,0.8591907170320676,0
-1.3376242621079506,1.763539632628156,0.8579788665175597,0
-1.3422868063485676,1.786448603274452,0.8992226575541569,0
-1.330897512678613,1.6559416314185726,-0.9663101389930697,0
-1.3377020985214962,1.6991428932856925,-0.9894170658473578,0
-1.3419500422890196,1.7154572207127337,-1.028205487198227,0
-1.3180192238026696,1.5758482220911896,-0.9340245002836751,0
-1.3249068199238188,1.6049907924632036,-0.9720817765919004,0
-1.3103703976433847,1.5453504217494265,-0.8956190673038176,0
-1.3021456905156996,1.5147111735839165,-0.8571680851395627,0
-1.2931839835223577,1.4840822675570926,-0.818648633761714,0
-1.2835417353406964,1.4534890869163746,-0.7800071014681171,0
-1.273093470044769,1.4228288626328176,-0.7411879728250123,0
-1.261724140538498,1.3921893495941926,-0.7023420324961619,0
-1.2494438761304114,1.3615979945818195,-0.6635659615862544,0
-1.2361910908022022,1.3309994190427195,-0.6250597025248635,0
-1.2217645087001818,1.3004422055586016,-0.5866113877317999,0
-1.2060575902002026,1.2698873600378846,-0.5480006094351322,0
-1.1890325507611479,1.2393250274103265,-0.5094748583675281,0
-1.1703613571410334,1.2087065395314416,-0.47089853238074897,0
-1.1500534498146295,1.17814637607091,-0.432318710221019,0
-1.1279576413610608,1.147775132252832,-0.39359265178888597,0
-1.1039130722834227,1.117213305089129,-0.35495753549541964,0
-1.0756472994761463,1.085639809860739,-0.31370862659348236,0
-1.045586959559133,1.051901303151065,-0.26902545227753855,0
-1.0010188065970707,1.018488388592635,-0.22658593868666285,0
-0.9950245645242097,0.9807852803022051,-0.19509032252401745,0
-0.9950245645242097,0.989176509908181,-0.14673047483692844,0
-0.9999117033864263,1.035561018515463,-0.1250131795732461,0
-1.0055692899375304,1.045564283086771,-0.07526093772213023,0
-0.9919146232221288,1.036541042540306,-0.03720598610672313,0
-0.9950245645242096,1.0,0.0,0
-0.9919146232221288,1.036541042540306,0.03720598610672263,0
-1.0055692899375037,1.045564283086771,0.07526093772212973,0
-1.0464696423025726,1.080429989578334,0.1066590993021208,0
-1.0420047967780715,1.069478001292287,0.1484540183781489,0
-1.007390059125173,1.034882314224999,0.1787543290553122,0
-1.045404258394623,1.062548862481097,0.2201008977611718,0
-1.0786783917960905,1.102146110577886,0.2689126544016163,0
-1.1059697203833898,1.134335909489621,0.3084369658318986,0
-1.1297430784965152,1.165918470710803,0.3478461690680473,0
-1.151194035969457,1.196216777394312,0.386636746332926,0
-1.1709049433656644,1.22664057319337,0.4252794204484165,0
-1.1891026197814296,1.257354143100545,0.4638327627957051,0
-1.2059160733797318,1.288091471023987,0.5023621380309767,0
-1.2213814429186025,1.31870416516002,0.540960474043541,0
-1.2355886389591368,1.349351422134446,0.5794975307215879,0
-1.2487576871834944,1.380004717325666,0.6180801027467777,0
-1.2609098236749618,1.41054403085901,0.656718546112607,0
-1.2721227228523748,1.441125838708772,0.6954271158278538,0
-1.2825185584958136,1.471675084560046,0.7341582533156201,0
-1.292193982723498,1.502273163955523,0.7728279241216152,0
-1.3010980699221626,1.532885197649551,0.811368352364355,0
-1.3086053473898736,1.581639128949484,0.8040236174141512,0
-1.3162607647810647,1.612174610122734,0.8425750126353108,0
-1.3233723715407928,1.642568710019154,0.8811106293778753,0
-1.3294017749831646,1.691318288109948,0.874002870220259,0
-1.3359617334397662,1.730761568281823,0.8999310898600794,0
-1.3421252428984456,1.763842529487906,0.9427934721717721,0
-1.3363691291436561,1.6704061400615455,-1.0212206939993158,0
-1.3304977942849807,1.6280614410320036,-1.0115633038189709,0
-1.3256738841530946,1.5851330528217205,-1.017297515329052,0
-1.3190897531167423,1.5574678926984256,-0.9796895472987074,0
-1.3115707758091937,1.5271011452976295,-0.9413242710186296,0
-1.3033994438273526,1.4965668492416895,-0.903042482575122,0
-1.294487426764614,1.4658786511622857,-0.8645266627553889,0
-1.284888982950803,1.4352804068839136,-0.8258666057212557,0
-1.274364903132722,1.4045887967937636,-0.7870549657684804,0
-1.2629826252018457,1.3738845269642006,-0.7481303406665698,0
-1.2506384742975312,1.3431817133480795,-0.7092503176796291,0
-1.2372155424465108,1.3125686756354205,-0.6705983158359083,0
-1.2226446393480723,1.2819741079706175,-0.6320833254418012,0
-1.2067986703289002,1.2514551744481706,-0.5935099122618291,0
-1.189464548958226,1.2209649577838946,-0.5549153801891835,0
-1.1705898712505034,1.1906237762489835,-0.516456567555359,0
-1.1499367926285589,1.1601088432316395,-0.47796116122522647,0
-1.1270987894592617,1.129577386148076,-0.43935936165323153,0
-1.1023366723657553,1.099042127797138,-0.40074244350015287,0
-1.0743811513011208,1.068640649642659,-0.36222177997824534,0
-1.0446659512501566,1.036812870402047,-0.31916327536641215,0
-1.0003749285839887,1.004197890929559,-0.27894065046113525,0
-0.9950245645242097,0.9700312530284169,-0.24298018056648005,0
-1.341209715213483,1.6897071311446916,-1.0699952387551899,0
-0.9950245645242097,0.9951847266485508,-0.09801714056964315,0
-0.9950245645242097,0.998795456200073,-0.049067674431218185,0
-0.9950245645242097,0.998795456200073,0.04906767443121771,0
-0.9950245645242097,0.9951847266485508,0.09801714056964266,0
-0.999911703386441,1.035561018515463,0.1250131795732456,0
-0.9950245645242097,0.989176509908181,0.146730474836928,0
-0.9950245645242097,0.9807852803022051,0.195090322524017,0
-1.001018806597036,1.018488388592635,0.2265859386866624,0
-1.045586959559097,1.051901303151065,0.269025452277538,0
-1.0756472994761643,1.085639809860739,0.3137086265934818,0
-1.1039130722834134,1.117213305089129,0.3549575354954191,0
-1.1279576413610428,1.147775132252832,0.3935926517888854,0
-1.150053449814603,1.17814637607091,0.4323187102210184,0
-1.1703613571410278,1.208706539531442,0.4708985323807483,0
-1.18903255076112,1.239325027410327,0.5094748583675275,0
-1.2060575902001545,1.269887360037885,0.5480006094351315,0
-1.2217645087001707,1.300442205558602,0.5866113877317992,0
-1.2361910908021885,1.33099941904272,0.6250597025248629,0
-1.2494438761304099,1.36159799458182,0.6635659615862537,0
-1.261724140538424,1.392189349594193,0.7023420324961612,0
-1.2730934700447407,1.422828862632818,0.7411879728250116,0
-1.2835417353407095,1.453489086916375,0.7800071014681165,0
-1.2931839835223025,1.484082267557093,0.8186486337617134,0
-1.3021456905156474,1.514711173583917,0.857168085139562,0
-1.3093559017177618,1.563503654143453,0.8498033120769778,0
-1.3170516321302181,1.59399764765461,0.8882857332060513,0
-1.3240997196225264,1.624395377449561,0.926831318013704,0
-1.3299947530239378,1.672607033770163,0.919499860640779,0
-1.336689561422713,1.713735491266988,0.9455526259126593,0
-1.3421532957107036,1.740173982968623,0.9857963831335148,0
-1.3354953060043175,1.6429902325305346,-1.0603868659140898,0
-1.3405394456956943,1.6629392252347375,-1.1111404650968708,0
-1.3306629025560048,1.6043549483657265,-1.052385987688947,0
-1.326920234746404,1.5669904136450437,-1.0625045965475,0
-1.320364657062971,1.5386438064223475,-1.025231410129671,0
-1.3129869990363294,1.5089024547528156,-0.9868807959089338,0
-1.3048759282249414,1.4783664840118256,-0.9486054715424812,0
-1.2960757099147442,1.4476947879023516,-0.9104239655038603,0
-1.286460433332992,1.4170391448831956,-0.8717536437363371,0
-1.276023607667666,1.3863816745637365,-0.8330089197864614,0
-1.2647053383578222,1.3556682228015366,-0.7941288541434659,0
-1.2522801370143852,1.3249485041973295,-0.7552346740026511,0
-1.2388228759455666,1.2942565448041976,-0.7163847937734598,0
-1.2241498767310375,1.2635915672346596,-0.677656401580427,0
-1.2081118978000438,1.2329549199999386,-0.6390321440222394,0
-1.1906508987882543,1.2025871732685856,-0.6003896438029145,0
-1.1715531260520062,1.1722197755310895,-0.5618783883164296,0
-1.1506486019228743,1.1419135844831616,-0.5236219767656431,0
-1.1274470793521574,1.1114046269006415,-0.48508230693625237,0
-1.1020956895646354,1.080841708765238,-0.4465283043579731,0
-1.073334559629062,1.050449362035585,-0.40801797593576017,0
-1.0440332427840309,1.019673849172359,-0.36804582227001265,0
-0.9998015148537632,0.9886217685443468,-0.3284235297700597,0
-0.9950245645242097,0.956940335495227,-0.29028467803568697,0
-0.9950245645242097,0.9700312530284171,0.2429801805664796,0
-1.000374928583969,1.004197890929559,0.2789406504611347,0
-1.044665951250142,1.036812870402047,0.3191632753664116,0
-1.0743811513010832,1.068640649642659,0.3622217799782448,0
-1.1023366723657286,1.099042127797138,0.4007424435001523,0
-1.127098789459225,1.129577386148076,0.439359361653231,0
-1.149936792628558,1.16010884323164,0.4779611612252259,0
-1.1705898712505007,1.190623776248984,0.5164565675553583,0
-1.1894645489582258,1.220964957783895,0.5549153801891828,0
-1.2067986703288827,1.251455174448171,0.5935099122618285,0
-1.2226446393480312,1.281974107970618,0.6320833254418006,0
-1.237215542446498,1.312568675635421,0.6705983158359077,0
-1.2506384742975167,1.34318171334808,0.7092503176796284,0
-1.2629826252018361,1.373884526964201,0.7481303406665691,0
-1.2743649031326614,1.404588796793764,0.7870549657684798,0
-1.2848889829507553,1.435280406883914,0.825866605721255,0
-1.2944874267646054,1.465878651162286,0.8645266627553883,0
-1.3033994438273098,1.49656684924169,0.9030424825751213,0
-1.3103703976433596,1.545350421749427,0.8956190673038167,0
-1.3180192238026276,1.57584822209119,0.9340245002836742,0
-1.324906819923762,1.604990792463204,0.9720817765918995,0
-1.3308975126785663,1.655941631418573,0.9663101389930688,0
-1.3377020985214527,1.699142893285693,0.9894170658473569,0
-1.3419500422889636,1.715457220712734,1.028205487198226,0
-1.3335611640450056,1.6016822578634726,-1.099540359528465,0
-1.3404415235353886,1.6351696268830727,-1.1516163820122889,0
-1.328835453590031,1.5512908151674176,-1.1093851536719468,0
-1.3219881641749591,1.5208376012295794,-1.071187152936918,0
-1.3146090115313922,1.4905333235896976,-1.0326154472307318,0
-1.3065191316136642,1.4600508181673826,-0.9939633458298474,0
-1.297816274583733,1.4295442800431715,-0.9557742848212273,0
-1.2883517734081282,1.3988197810161076,-0.9176465317578052,0
-1.278022600622571,1.3681199568820985,-0.878947400283133,0
-1.2666992794300664,1.3374190702461695,-0.8401337787239325,0
-1.254376882326073,1.3066951378897946,-0.8012500756252092,0
-1.240974907107091,1.2759793620884516,-0.7623789861215869,0
-1.2262272058636425,1.2453013003900395,-0.723538411666666,0
-1.2101717535526721,1.2146563958796566,-0.6847226411054841,0
-1.192498738711264,1.1839693460500356,-0.6459818153175612,0
-1.1732003238471072,1.1536334045363275,-0.607231544635011,0
-1.1521672391511915,1.1235534294985556,-0.5688032766987927,0
-1.1287649845789143,1.0931193892350886,-0.5305982052874262,0
-1.103085290124183,1.0626625393001545,-0.49221857479215053,0
-1.0735081195782183,1.031908809802538,-0.45375032667121235,0
-1.0443874396447574,1.001866854700305,-0.4149868402147688,0
-0.9995120906154386,0.9716515897092131,-0.37546153235482976,0
-0.9950245645242097,0.9415440648596893,-0.33688985429587076,0
-0.9950245645242097,0.9569403354952272,0.2902846780356865,0
-0.9998015148536724,0.988621768544347,0.3284235297700591,0
-1.0440332427840067,1.019673849172359,0.3680458222700121,0
-1.073334559629064,1.050449362035585,0.4080179759357596,0
-1.1020956895646228,1.080841708765238,0.4465283043579725,0
-1.1274470793521163,1.111404626900642,0.4850823069362518,0
-1.1506486019228164,1.141913584483162,0.5236219767656425,0
-1.1715531260519683,1.17221977553109,0.5618783883164289,0
-1.1906508987882396,1.202587173268586,0.6003896438029138,0
-1.2081118978000416,1.232954919999939,0.6390321440222387,0
-1.2241498767309815,1.26359156723466,0.6776564015804263,0
-1.2388228759455635,1.294256544804198,0.7163847937734591,0
-1.252280137014338,1.32494850419733,0.7552346740026504,0
-1.2647053383578444,1.355668222801537,0.7941288541434652,0
-1.2760236076676448,1.386381674563737,0.8330089197864607,0
-1.2864604333329699,1.417039144883196,0.8717536437363365,0
-1.2960757099146987,1.447694787902352,0.9104239655038596,0
-1.304875928224918,1.478366484011826,0.9486054715424805,0
-1.3115707758091393,1.52710114529763,0.9413242710186289,0
-1.319089753116688,1.557467892698426,0.9796895472987065,0
-1.3256738841530553,1.585133052821721,1.017297515329051,0
-1.3304977942848992,1.628061441032004,1.01156330381897,0
-1.3363691291436006,1.670406140061546,1.021220693999315,0
-1.3412097152134437,1.689707131144692,1.069995238755189,0
-1.3352444370055079,1.5816588031632806,-1.149486590755376,0
-1.3305216374205924,1.5331860065540175,-1.154951240642576,0
-1.3238190719887908,1.5030160473399445,-1.1171787664099588,0
-1.3164209251042176,1.4723673738266576,-1.0784979815361528,0
-1.30844352393741,1.4417874534395556,-1.0397778863928309,0
-1.2997793057844413,1.4111741489903105,-1.0009250430854608,0
-1.2904519014097005,1.3805933683904286,-0.9629108655293452,0
-1.2802353294324664,1.3498765079168826,-0.9247762276904183,0
-1.269077240826965,1.3191457062150866,-0.886148881806738,0
-1.2569028458032985,1.2884168824373485,-0.8472911698935415,0
-1.243496407001865,1.2576940597915365,-0.8084123219822719,0
-1.228869441982908,1.2269854415297266,-0.7695423575567126,0
-1.2128621001944662,1.1963007167111266,-0.7306922949542709,0
-1.1951734899846418,1.1656636937524196,-0.6918503760138932,0
-1.1758670261433104,1.1352268274397046,-0.6530157385484701,0
-1.154622810400641,1.1050348978716236,-0.6144161180048073,0
-1.131104682878544,1.0747444034304325,-0.5760366303895526,0
-1.1053668694816217,1.0443954244305536,-0.5379745258904919,0
-1.0752559274423874,1.0131041598173947,-0.4997707221212975,0
-1.0443483150040767,0.9813884521041307,-0.46154206204375114,0
-0.9996972384324493,0.952777303630683,-0.42160120269297785,0
-0.9950245645242097,0.9238795320956876,-0.38268343336843463,0
-1.3408416602674011,1.6064150634641177,-1.1913986083068828,0
-0.9950245645242097,0.9415440648596896,0.3368898542958703,0
-0.9995120906154213,0.9716515897092133,0.3754615323548292,0
-1.0443874396446464,1.001866854700305,0.4149868402147682,0
-1.0735081195782437,1.031908809802538,0.4537503266712118,0
-1.1030852901241472,1.062662539300155,0.49221857479215,0
-1.1287649845789156,1.093119389235089,0.5305982052874255,0
-1.1521672391511977,1.123553429498556,0.568803276698792,0
-1.17320032384707,1.153633404536328,0.6072315446350103,0
-1.1924987387112431,1.183969346050036,0.6459818153175605,0
-1.2101717535526704,1.214656395879657,0.6847226411054834,0
-1.226227205863625,1.24530130039004,0.7235384116666653,0
-1.2409749071070564,1.275979362088452,0.7623789861215863,0
-1.2543768823260624,1.306695137889795,0.8012500756252086,0
-1.2666992794300407,1.33741907024617,0.8401337787239318,0
-1.278022600622551,1.368119956882099,0.8789474002831323,0
-1.2883517734081364,1.398819781016108,0.9176465317578045,0
-1.2978162745836939,1.429544280043172,0.9557742848212266,0
-1.3065191316136573,1.460050818167383,0.9939633458298467,0
-1.3129869990363021,1.508902454752816,0.9868807959089332,0
-1.320364657062927,1.538643806422348,1.02523141012967,0
-1.3269202347463458,1.566990413645044,1.062504596547499,0
-1.3306629025559515,1.604354948365727,1.052385987688946,0
-1.3354953060042676,1.642990232530535,1.060386865914089,0
-1.340539445695597,1.662939225234738,1.11114046509687,0
-1.3364521662647044,1.5596798329616686,-1.1918253310997309,0
-1.3323643095195536,1.5142806759269245,-1.2000688964965518,0
-1.325756979083719,1.4849020148823835,-1.16293511888941,0
-1.318510575920719,1.4543092476129615,-1.124362029709829,0
-1.3106099680168277,1.4235540481775786,-1.0857337865222758,0
-1.3020340638202066,1.3928581946686636,-1.046918742513807,0
-1.2926814174497319,1.3621722235925005,-1.008027093324392,0
-1.2826917244356058,1.3315456465566486,-0.9700535395640821,0
-1.2717976473905939,1.3009381800132747,-0.9320499721060276,0
-1.259715958706197,1.2702721379983346,-0.8932423498421289,0
-1.246487945206176,1.2394093715624717,-0.8544583756322541,0
-1.2320418032237805,1.2086577201513367,-0.8155845120746195,0
-1.2160644174940995,1.1779431754780276,-0.7766946736178237,0
-1.1985327170837186,1.1472542932368905,-0.7378053097650462,0
-1.1791798887847293,1.1165241435797546,-0.6989262942126997,0
-1.157841684036253,1.0862786488067346,-0.6601103463079516,0
-1.1342636258623149,1.0556809766282136,-0.621580747929533,0
-1.1080787200745603,1.0250348469647776,-0.5832219715065896,0
-1.0772241179686468,0.9927589581188687,-0.5454051006855598,0
-1.0445831444035014,0.9587496398174935,-0.5078971467827027,0
-0.9994969589083588,0.930545978546752,-0.46783291156277945,0
-0.9950245645242097,0.9039892927095288,-0.42755509430543087,0
-1.341380551376303,1.5766928556293016,-1.230463180679341,0
-0.9950245645242097,0.9238795320956878,0.3826834333684342,0
-0.9996972384324218,0.9527773036306832,0.4216012026929774,0
-1.044348315004075,0.981388452104131,0.4615420620437506,0
-1.0752559274423519,1.013104159817395,0.4997707221212969,0
-1.1053668694815857,1.044395424430554,0.5379745258904914,0
-1.1311046828785003,1.074744403430433,0.5760366303895521,0
-1.1546228104006668,1.105034897871624,0.6144161180048067,0
-1.1758670261432913,1.135226827439705,0.6530157385484694,0
-1.1951734899846358,1.16566369375242,0.6918503760138925,0
-1.2128621001944717,1.196300716711127,0.7306922949542702,0
-1.228869441982924,1.226985441529727,0.769542357556712,0
-1.2434964070018155,1.257694059791537,0.8084123219822712,0
-1.2569028458032878,1.288416882437349,0.8472911698935408,0
-1.2690772408269375,1.319145706215087,0.8861488818067373,0
-1.280235329432455,1.349876507916883,0.9247762276904177,0
-1.2904519014096314,1.380593368390429,0.9629108655293446,0
-1.2997793057844365,1.411174148990311,1.00092504308546,0
-1.3084435239373566,1.441787453439556,1.03977788639283,0
-1.3146090115313633,1.490533323589698,1.032615447230731,0
-1.3219881641749192,1.52083760122958,1.071187152936917,0
-1.3288354535899873,1.551290815167418,1.109385153671946,0
-1.3335611640449516,1.601682257863473,1.099540359528464,0
-1.3404415235353095,1.635169626883073,1.151616382012288,0
-1.3377049188285095,1.5388304607453596,-1.2315959561210519,0
-1.3352078481338074,1.4993387059434995,-1.2531333301774619,0
-1.3279064551842235,1.4662898363627936,-1.2097062774389709,0
-1.3206854418196332,1.4362801888545995,-1.170131557713056,0
-1.312952669319822,1.4056813628646796,-1.13150889331326,0
-1.3044893615003748,1.3745837236801295,-1.092961038993989,0
-1.2953332905654267,1.3438173532298416,-1.0540797085920959,0
-1.2853734727131203,1.3130555846502745,-1.0152196336265098,0
-1.274575430763602,1.2824961388980125,-0.9772008524625796,0
-1.2628259963402524,1.2520776212845806,-0.9386685172308541,0
-1.2498819639022114,1.2212340356289766,-0.9002239384997027,0
-1.2355737939188607,1.1903396385189156,-0.8616452898421839,0
-1.2198317863854564,1.1596041835050916,-0.822759787534362,0
-1.202537585025544,1.1288722858986375,-0.7838470865153422,0
-1.183300079372722,1.0981703627765915,-0.7449331261542017,0
-1.1620470883349843,1.0674630612470475,-0.7060440298136837,0
-1.1386340023783665,1.0370883386700325,-0.6672421139883854,0
-1.1119743897466075,1.0059047240256815,-0.628457307379912,0
-1.0811200706344188,0.9734586599499813,-0.5901000355418007,0
-1.046502710113986,0.936128057485337,-0.5517769301698238,0
-0.9999259178844111,0.9068094239343709,-0.5137011943355826,0
-0.9950245645242097,0.881921263962018,-0.47139673754878353,0
-1.3413115271442257,1.5460209070286595,-1.268786567957859,0
-0.9950245645242097,0.903989292709529,0.4275550943054304,0
-0.999496958908268,0.9305459785467523,0.467832911562779,0
-1.0445831444035498,0.9587496398174937,0.5078971467827023,0
-1.0772241179685977,0.9927589581188689,0.5454051006855594,0
-1.1080787200745914,1.025034846964778,0.5832219715065892,0
-1.1342636258623318,1.055680976628214,0.6215807479295326,0
-1.157841684036169,1.086278648806735,0.660110346307951,0
-1.1791798887847222,1.116524143579755,0.698926294212699,0
-1.1985327170837086,1.147254293236891,0.7378053097650455,0
-1.2160644174940687,1.177943175478028,0.7766946736178231,0
-1.232041803223808,1.208657720151337,0.8155845120746188,0
-1.246487945206218,1.239409371562472,0.8544583756322535,0
-1.2597159587061733,1.270272137998335,0.8932423498421282,0
-1.2717976473905677,1.300938180013275,0.9320499721060269,0
-1.2826917244356029,1.331545646556649,0.9700535395640815,0
-1.2926814174497576,1.362172223592501,1.008027093324391,0
-1.3020340638201602,1.392858194668664,1.046918742513806,0
-1.3106099680168173,1.423554048177579,1.085733786522275,0
-1.3164209251042023,1.472367373826658,1.078497981536152,0
-1.3238190719887708,1.503016047339945,1.117178766409958,0
-1.3305216374205473,1.533186006554018,1.154951240642575,0
-1.3352444370054444,1.581658803163281,1.149486590755375,0
-1.3408416602673239,1.606415063464118,1.191398608306882,0
-1.3296695036033699,1.4450961056802756,-1.2547487527514258,0
-1.322801424762846,1.4167905016275866,-1.2152428206017958,0
-1.3152663787129735,1.3873059271990265,-1.1759398820576639,0
-1.3071153965980138,1.3566939108633256,-1.1381324890747588,0
-1.298194154376605,1.3255134555286276,-1.1002002349559228,0
-1.2883298317378522,1.2947006750712786,-1.0612567439468203,0
-1.277679017821361,1.2639901261585635,-1.0224264714663105,0
-1.266097087944809,1.2333387617123885,-0.9837053122634674,0
-1.2533178915732615,1.2026530697325695,-0.9454225379161181,0
-1.239508340214861,1.1720005014611146,-0.907435522928018,0
-1.2241637714566502,1.1412819189335406,-0.8689016698785659,0
-1.2070270427391132,1.1105145298528376,-0.829947666843057,0
-1.1881610547358152,1.0799691056849616,-0.7908903660962954,0
-1.167239303179084,1.0491298840667835,-0.7520700421140403,0
-1.1438263125007182,1.0184274622854586,-0.7131756912586309,0
-1.1176185105856196,0.9876834621372893,-0.6743661377210697,0
-1.088799919879465,0.9569884918183369,-0.63559515716035,0
-1.0562649090835419,0.9265112606822697,-0.5967194625730229,0
-1.006133340951042,0.8854187084023332,-0.5628629356729581,0
-0.9950245645242097,0.8577286096775255,-0.5141027447316918,0
-1.33548120767501,1.4668515038325176,-1.2972295096967288,0
-1.3408255343636752,1.5144176932427735,-1.3063456856411468,0
-0.9950245645242097,0.8819212639620182,0.4713967375487831,0
-0.9999259178843916,0.9068094239343711,0.5137011943355821,0
-1.0465027101139561,0.9361280574853372,0.5517769301698233,0
-1.0811200706343722,0.9734586599499815,0.5901000355418002,0
-1.1119743897466061,1.005904724025682,0.6284573073799116,0
-1.1386340023783876,1.037088338670033,0.667242113988385,0
-1.1620470883350114,1.067463061247048,0.7060440298136833,0
-1.1833000793727333,1.098170362776592,0.744933126154201,0
-1.2025375850255373,1.128872285898638,0.7838470865153415,0
-1.219831786385426,1.159604183505092,0.8227597875343613,0
-1.235573793918811,1.190339638518916,0.8616452898421832,0
-1.2498819639022196,1.221234035628977,0.9002239384997021,0
-1.2628259963402864,1.252077621284581,0.9386685172308534,0
-1.2745754307635984,1.282496138898013,0.9772008524625789,0
-1.2853734727130923,1.313055584650275,1.015219633626509,0
-1.2953332905654333,1.343817353229842,1.054079708592095,0
-1.304489361500364,1.37458372368013,1.092961038993988,0
-1.3129526693197768,1.40568136286468,1.131508893313259,0
-1.3185105759206845,1.454309247612962,1.124362029709828,0
-1.3257569790836758,1.484902014882384,1.162935118889409,0
-1.3323643095195157,1.514280675926925,1.200068896496551,0
-1.336452166264616,1.559679832961669,1.19182533109973,0
-1.3413805513762382,1.576692855629302,1.23046318067934,0
-1.324322752822547,1.3957699035847395,-1.25512730188083,0
-1.3301744667546338,1.4159628803086406,-1.2941161931655019,0
-1.335469261814683,1.4340531810288055,-1.3321672493269339,0
-1.3406995543393894,1.4819022508391175,-1.343117909551487,0
-1.3175514359150344,1.3705460330161896,-1.2177970900904989,0
-1.3096659686356809,1.3397632023767905,-1.180148122371799,0
-1.3009916473791452,1.3075804978989876,-1.1445467533678668,0
-1.291648536449353,1.2765426724420306,-1.1075240274466884,0
-1.2812158113502727,1.2460205018494226,-1.0683035269902534,0
-1.269696789616765,1.2150616490964645,-1.0292046391021474,0
-1.2572150614624173,1.1832732420570176,-0.9918263606010757,0
-1.2436945279443206,1.1525894798096505,-0.9538778719754057,0
-1.2287137285218142,1.1228879746071885,-0.9148550177960544,0
-1.212037654901864,1.0921334451713196,-0.8761097144326557,0
-1.194212930478794,1.0638007667577536,-0.8365872251933941,0
-1.1731827287704326,1.0316942551894785,-0.7974053266449981,0
-1.1501777610535315,1.0007220289983836,-0.7587033262266148,0
-1.1244475290028633,0.9691573965762529,-0.720508917784392,0
-1.0960162863936922,0.9383748880661854,-0.6817563194080365,0
-1.0639569386698329,0.9102342841420918,-0.6434724295602687,0
-1.0398047419952574,0.8888238183250659,-0.609270641144163,0
-0.997886478928058,0.8491017720403065,-0.6024251021860325,0
-0.9950245645242097,0.8314696120142534,-0.5555702334510616,0
-0.9950245645242097,0.8577286096775257,0.5141027447316914,0
-1.0061333409510487,0.8854187084023334,0.5628629356729576,0
-1.0562649090835772,0.92651126068227,0.5967194625730224,0
-1.088799919879463,0.9569884918183371,0.6355951571603495,0
-1.1176185105855845,0.9876834621372895,0.6743661377210692,0
-1.1438263125006811,1.018427462285459,0.7131756912586305,0
-1.167239303179095,1.049129884066784,0.7520700421140398,0
-1.188161054735827,1.079969105684962,0.7908903660962947,0
-1.2070270427391008,1.110514529852838,0.8299476668430563,0
-1.2241637714567017,1.141281918933541,0.8689016698785652,0
-1.2395083402148817,1.172000501461115,0.9074355229280173,0
-1.2533178915731804,1.20265306973257,0.9454225379161174,0
-1.2660970879448392,1.233338761712389,0.9837053122634667,0
-1.2776790178213773,1.263990126158564,1.02242647146631,0
-1.288329831737828,1.294700675071279,1.06125674394682,0
-1.2981941543766022,1.325513455528628,1.100200234955922,0
-1.3071153965980529,1.356693910863326,1.138132489074758,0
-1.315266378712937,1.387305927199027,1.175939882057663,0
-1.3206854418196363,1.4362801888546,1.170131557713055,0
-1.3279064551841984,1.466289836362794,1.20970627743897,0
-1.3352078481337697,1.4993387059435,1.253133330177461,0
-1.3377049188284698,1.53883046074536,1.231595956121051,0
-1.3413115271441978,1.54602090702866,1.268786567957858,0
-1.3244134430586054,1.3627062966573875,-1.292803663796984,0
-1.3312070818929114,1.3913002910681185,-1.332620681540113,0
-1.3363746314748959,1.4137237695628766,-1.36410456120847,0
-1.3406888326597592,1.4484941659090496,-1.37908108946771,0
-1.320035518810089,1.3578554465306536,-1.2545290474322528,0
-1.3126174525243945,1.3272377574731975,-1.220703569410262,0
-1.3040026351223892,1.2930438374665656,-1.1850054935467536,0
-1.2951457304373235,1.2612326793511746,-1.1508934126061734,0
-1.2849625271165126,1.2286978455988204,-1.1138145911334165,0
-1.2737559389821091,1.1980425907076855,-1.0742707229086566,0
-1.2612825296464683,1.1638414457043695,-1.0377908299233853,0
-1.2478836369790165,1.1301329393687425,-1.0023575096202184,0
-1.2338138242654817,1.1045891516312725,-0.9613702829909503,0
-1.218899435300526,1.0786828492309446,-0.9225103656827297,0
-1.2022296113532633,1.0497777463708255,-0.8860181591927341,0
-1.182559374985341,1.0193124739850625,-0.8472118044562811,0
-1.1586124188923521,0.9863205163877231,-0.8045138581986393,0
-1.1329557075132155,0.9519444206344143,-0.767368790128495,0
-1.104575886414813,0.9191631266426115,-0.7308983563867075,0
-1.0698584201498194,0.8828824922109068,-0.6932460691234077,0
-1.0404898370201066,0.8646284560488969,-0.6464138720581948,0
-0.9969447298571197,0.8199934384707415,-0.6399643707553332,0
-0.9950245645242097,0.8032075312539579,-0.5956993047980855,0
-0.9950245645242097,0.8314696120142536,0.5555702334510612,0
-0.9978864789280143,0.8491017720403067,0.6024251021860321,0
-1.039804741995243,0.8888238183250661,0.6092706411441625,0
-1.0639569386698067,0.9102342841420921,0.6434724295602683,0
-1.0960162863937275,0.9383748880661856,0.681756319408036,0
-1.1244475290028964,0.9691573965762533,0.7205089177843915,0
-1.1501777610535417,1.000722028998384,0.7587033262266144,0
-1.1731827287704062,1.031694255189479,0.7974053266449976,0
-1.1942129304788098,1.063800766757754,0.8365872251933937,0
-1.212037654901875,1.09213344517132,0.8761097144326551,0
-1.2287137285218084,1.122887974607189,0.9148550177960537,0
-1.243694527944369,1.152589479809651,0.9538778719754051,0
-1.2572150614624562,1.183273242057018,0.991826360601075,0
-1.2696967896167486,1.215061649096465,1.029204639102147,0
-1.2812158113503047,1.246020501849423,1.068303526990253,0
-1.2916485364493642,1.276542672442031,1.107524027446688,0
-1.300991647379137,1.307580497898988,1.144546753367866,0
-1.3096659686356802,1.339763202376791,1.180148122371798,0
-1.3175514359150553,1.37054603301619,1.217797090090498,0
-1.3228014247628566,1.416790501627587,1.215242820601795,0
-1.3296695036033392,1.445096105680276,1.254748752751425,0
-1.3354812076749842,1.466851503832518,1.297229509696728,0
-1.3408255343636382,1.514417693242774,1.306345685641146,0
-1.3201170416040908,1.3081475451948055,-1.3081475451948068,0
-1.3163841025501006,1.3211105335975055,-1.2599334939023499,0
-1.307934758743217,1.2851171388757485,-1.2255534180193184,0
-1.2992220859812698,1.2497707904730475,-1.1941302515851955,0
-1.2893501526106594,1.2151934864364755,-1.1585950273465915,0
-1.2780483410906698,1.1800151818520885,-1.1213390154710905,0
-1.2654777219649676,1.1443210032213655,-1.0831088974383654,0
-1.2521854552961664,1.1089564630933055,-1.0477192195237583,0
-1.2363340179412015,1.0759837726798636,-1.0052139531441084,0
-1.2243544749747322,1.0665298470616056,-0.9597710319208204,0
-1.2105491723756712,1.0398384241686516,-0.9316621481000644,0
-1.193106139669733,1.0079905199259926,-0.8992448682242826,0
-1.1712457281191448,0.9769417357602939,-0.8570679705444985,0
-1.1468826572862116,0.942443683292193,-0.8204930068773177,0
-1.12067887558998,0.9079388928728449,-0.7865824468356316,0
-1.091646114326237,0.8742064999042057,-0.7520179854041951,0
-1.053490509952668,0.8334580074997097,-0.7162510893551987,0
-1.0032879848289882,0.7932012235640863,-0.6823007305662934,0
-1.0392433429276997,0.8388327235588683,-0.6756352263716856,0
-1.3276489998711212,1.3435028842542645,-1.343502884254265,0
-1.3342653048849311,1.3788582233136795,-1.3788582233136808,0
-1.3403863604433137,1.414213562373094,-1.4142135623730958,0
-0.9950245645242097,0.7730104532336319,-0.6343932843209605,0
-0.9950245645242097,0.8032075312539582,0.5956993047980851,0
-0.9969447298570985,0.8199934384707417,0.6399643707553327,0
-1.0404898370201192,0.8646284560488972,0.6464138720581943,0
-1.0698584201498391,0.8828824922109072,0.6932460691234072,0
-1.1045758864148179,0.9191631266426119,0.7308983563867071,0
-1.132955707513182,0.9519444206344148,0.7673687901284946,0
-1.158612418892423,0.9863205163877236,0.8045138581986389,0
-1.1825593749853422,1.019312473985063,0.8472118044562806,0
-1.2022296113532494,1.049777746370826,0.8860181591927336,0
-1.218899435300572,1.078682849230945,0.922510365682729,0
-1.2338138242654682,1.104589151631273,0.9613702829909496,0
-1.2478836369790123,1.130132939368743,1.002357509620218,0
-1.261282529646529,1.16384144570437,1.037790829923385,0
-1.2737559389820965,1.198042590707686,1.074270722908656,0
-1.2849625271165457,1.228697845598821,1.113814591133416,0
-1.2951457304373408,1.261232679351175,1.150893412606173,0
-1.304002635122408,1.293043837466566,1.185005493546753,0
-1.312617452524409,1.327237757473198,1.220703569410261,0
-1.3200355188101032,1.357855446530654,1.254529047432252,0
-1.3243227528225008,1.39576990358474,1.255127301880829,0
-1.3301744667546695,1.415962880308641,1.294116193165501,0
-1.335469261814666,1.434053181028806,1.332167249326933,0
-1.3406995543393374,1.481902250839118,1.343117909551486,0
-1.3119931289083988,1.2727922061353776,-1.2727922061353785,0
-1.3033038854788859,1.2374368670759757,-1.2374368670759754,0
-1.2936178754310812,1.2020815280165076,-1.2020815280165085,0
-1.2831261598368011,1.1667261889570795,-1.1667261889570804,0
-1.2716225140832693,1.1313708498976425,-1.1313708498976434,0
-1.2587149571984777,1.0960155108382275,-1.0960155108382283,0
-1.2448494853754246,1.0606601717788346,-1.0606601717788344,0
-1.2292391627659058,1.0253048327196095,-1.0253048327196104,0
-1.2202055342376856,1.0335550375972975,-0.9780984096862496,0
-1.2027707828897471,0.9997839729035378,-0.9441475346320696,0
-1.1822820227396569,0.9655136764949123,-0.9074877267618234,0
-1.1599809892445603,0.9321043376152132,-0.870883925663483,0
-1.1344549785521707,0.8964934793802919,-0.8358683332186897,0
-1.105384136637664,0.8611652052225958,-0.8004775023187745,0
-1.072288067616702,0.826003696343122,-0.764956643998985,0
-1.0387038048902546,0.790758411560208,-0.7295211679907532,0
-0.9900195445804357,0.7573438645274828,-0.7066264541838527,0
-0.9950245645242097,0.7409511253169007,-0.6715589548890095,0
-1.3244134430585703,1.292803663796983,-1.3627062966573882,0
-1.3312070818928659,1.3326206815401112,-1.3913002910681196,0
-1.3363746314748441,1.3641045612084683,-1.4137237695628777,0
-1.3406888326596864,1.3790810894677084,-1.4484941659090507,0
-1.3163841025500675,1.2599334939023488,-1.3211105335975062,0
-0.9950245645242097,0.7730104532336322,0.6343932843209601,0
-1.003287984829099,0.7932012235640865,0.6823007305662929,0
-1.053490509952682,0.8334580074997101,0.7162510893551982,0
-1.0916461143261957,0.8742064999042062,0.7520179854041946,0
-1.1206788755900647,0.9079388928728453,0.7865824468356312,0
-1.1468826572861845,0.9424436832921934,0.8204930068773173,0
-1.1712457281191488,0.9769417357602943,0.857067970544498,0
-1.1931061396698117,1.007990519925993,0.8992448682242822,0
-1.2105491723756243,1.039838424168652,0.931662148100064,0
-1.2243544749747146,1.066529847061606,0.9597710319208199,0
-1.236334017941277,1.075983772679864,1.005213953144108,0
-1.2521854552961484,1.108956463093306,1.047719219523758,0
-1.2654777219649644,1.144321003221366,1.083108897438365,0
-1.2780483410907337,1.180015181852089,1.12133901547109,0
-1.2893501526106672,1.215193486436476,1.158595027346591,0
-1.2992220859813044,1.249770790473048,1.194130251585195,0
-1.3079347587432542,1.285117138875749,1.225553418019318,0
-1.3163841025501197,1.321110533597506,1.259933493902349,0
-1.324413443058605,1.362706296657388,1.292803663796983,0
-1.3312070818928987,1.391300291068119,1.332620681540112,0
-1.336374631474922,1.413723769562877,1.364104561208469,0
-1.3406888326597528,1.44849416590905,1.379081089467709,0
-1.039243342927657,0.8388327235588685,0.6756352263716852,0
-1.307934758743187,1.2255534180193177,-1.2851171388757492,0
-1.2992220859812784,1.194130251585195,-1.2497707904730482,0
-1.2893501526105957,1.1585950273465906,-1.2151934864364764,0
-1.2780483410906602,1.1213390154710896,-1.1800151818520892,0
-1.2654777219649866,1.0831088974383647,-1.1443210032213662,0
-1.2521854552961158,1.0477192195237577,-1.1089564630933062,0
-1.2363340179412328,1.0052139531441076,-1.0759837726798642,0
-1.2202055342377236,0.9780984096862491,-1.0335550375972982,0
-1.2118013150980183,0.989949493660392,-0.9899494936603928,0
-1.192951349538232,0.9545941546011264,-0.9545941546011272,0
-1.1713461906572489,0.9192388155419368,-0.9192388155419375,0
-1.1471255595626837,0.8838834764827449,-0.8838834764827457,0
-1.1201237478442798,0.8485281374235487,-0.8485281374235495,0
-1.0895017752521874,0.8131727983643525,-0.8131727983643533,0
-1.0530841668513031,0.7778174593051195,-0.7778174593051203,0
-1.0120115774719687,0.7424621202458409,-0.7424621202458417,0
-0.9950245645242096,0.7071067811865471,-0.7071067811865479,0
-1.3301744667545896,1.2941161931655003,-1.4159628803086415,0
-1.3243227528224353,1.2551273018808287,-1.3957699035847402,0
-1.3200355188100583,1.2545290474322517,-1.3578554465306543,0
-1.312617452524359,1.2207035694102608,-1.3272377574731982,0
-1.3354692618145916,1.3321672493269323,-1.4340531810288066,0
-1.3406995543392488,1.3431179095514854,-1.4819022508391186,0
-0.9950245645242097,0.7409511253169009,0.6715589548890091,0
-0.9900195445804447,0.7573438645274833,0.7066264541838523,0
-1.0387038048902573,0.7907584115602084,0.7295211679907527,0
-1.072288067616767,0.8260036963431224,0.7649566439989846,0
-1.1053841366376578,0.8611652052225962,0.800477502318774,0
-1.1344549785521933,0.8964934793802923,0.8358683332186893,0
-1.1599809892445827,0.9321043376152136,0.8708839256634826,0
-1.1822820227396533,0.9655136764949127,0.907487726761823,0
-1.2027707828897634,0.9997839729035383,0.9441475346320691,0
-1.2202055342377474,1.033555037597298,0.9780984096862492,0
-1.2292391627659207,1.02530483271961,1.02530483271961,0
-1.2448494853754521,1.060660171778835,1.060660171778834,0
-1.2587149571985539,1.096015510838228,1.096015510838228,0
-1.2716225140832702,1.131370849897643,1.131370849897643,0
-1.283126159836806,1.16672618895708,1.16672618895708,0
-1.2936178754311625,1.202081528016508,1.202081528016508,0
-1.30330388547892,1.237436867075976,1.237436867075975,0
-1.311993128908432,1.272792206135378,1.272792206135378,0
-1.320117041604135,1.308147545194806,1.308147545194806,0
-1.3276489998711563,1.343502884254265,1.343502884254264,0
-1.334265304884937,1.37885822331368,1.37885822331368,0
-1.3403863604433148,1.414213562373095,1.414213562373095,0
-1.3040026351223353,1.1850054935467529,-1.2930438374665663,0
-1.3096659686356253,1.180148122371798,-1.3397632023767911,0
-1.31755143591497,1.217797090090498,-1.3705460330161903,0
-1.322801424762793,1.2152428206017942,-1.4167905016275872,0
-1.3296695036032526,1.2547487527514245,-1.4450961056802762,0
-1.3354812076748819,1.2972295096967272,-1.4668515038325183,0
-1.3408255343635278,1.3063456856411453,-1.5144176932427742,0
-1.2951457304373104,1.1508934126061727,-1.2612326793511754,0
-1.2849625271165284,1.1138145911334159,-1.2286978455988211,0
-1.2737559389820112,1.0742707229086559,-1.1980425907076864,0
-1.261282529646472,1.037790829923385,-1.1638414457043702,0
-1.2478836369789885,1.002357509620218,-1.1301329393687432,0
-1.2338138242654373,0.9613702829909492,-1.1045891516312734,0
-1.2243544749746795,0.9597710319208199,-1.0665298470616065,0
-1.2105491723756037,0.9316621481000638,-1.0398384241686522,0
-1.2027707828897207,0.9441475346320689,-0.9997839729035386,0
-1.1822820227396025,0.9074877267618228,-0.965513676494913,0
-1.1599809892445763,0.8708839256634824,-0.9321043376152139,0
-1.1344549785521612,0.8358683332186891,-0.8964934793802927,0
-1.1053841366376365,0.8004775023187738,-0.8611652052225965,0
-1.072288067616742,0.7649566439989844,-0.8260036963431228,0
-1.0387038048902195,0.7295211679907525,-0.7907584115602088,0
-0.9900195445803924,0.7066264541838521,-0.7573438645274836,0
-0.9950245645242097,0.6715589548890087,-0.7409511253169012,0
-0.9950245645242096,0.7071067811865476,0.7071067811865475,0
-1.0120115774719578,0.7424621202458414,0.7424621202458412,0
-1.0530841668513298,0.7778174593051199,0.7778174593051198,0
-1.0895017752522203,0.813172798364353,0.8131727983643529,0
-1.1201237478443071,0.8485281374235492,0.848528137423549,0
-1.1471255595627403,0.8838834764827453,0.8838834764827452,0
-1.1713461906572693,0.9192388155419372,0.9192388155419371,0
-1.192951349538238,0.9545941546011268,0.9545941546011267,0
-1.2118013150980804,0.9899494936603924,0.9899494936603923,0
-1.2202055342377298,0.9780984096862495,1.0335550375972977,0
-1.236334017941228,1.005213953144108,1.0759837726798638,0
-1.2521854552961798,1.0477192195237581,1.1089564630933058,0
-1.2654777219649955,1.0831088974383651,1.1443210032213658,0
-1.2780483410907466,1.12133901547109,1.1800151818520888,0
-1.289350152610643,1.158595027346591,1.215193486436476,0
-1.2992220859812877,1.1941302515851955,1.2497707904730477,0
-1.3079347587432508,1.2255534180193182,1.2851171388757487,0
-1.3163841025501204,1.2599334939023492,1.3211105335975057,0
-1.3244134430586252,1.2928036637969835,1.3627062966573877,0
-1.3312070818929445,1.332620681540112,1.3913002910681187,0
-1.3363746314748781,1.3641045612084692,1.4137237695628768,0
-1.340688832659727,1.3790810894677092,1.4484941659090498,0
-1.3009916473791032,1.144546753367866,-1.3075804978989882,0
-1.2916485364492893,1.1075240274466878,-1.2765426724420315,0
-1.281215811350253,1.068303526990253,-1.2460205018494233,0
-1.2696967896167224,1.0292046391021468,-1.2150616490964652,0
-1.2572150614624031,0.9918263606010744,-1.1832732420570184,0
-1.2436945279443026,0.9538778719754051,-1.1525894798096512,0
-1.2287137285217287,0.9148550177960535,-1.1228879746071891,0
-1.2188994353005462,0.9225103656827287,-1.0786828492309453,0
-1.202229611353229,0.8860181591927334,-1.0497777463708262,0
-1.1931061396697786,0.899244868224282,-1.0079905199259933,0
-1.171245728119114,0.8570679705444977,-0.9769417357602946,0
-1.1468826572861903,0.8204930068773169,-0.9424436832921937,0
-1.1206788755900097,0.786582446835631,-0.9079388928728456,0
-1.091646114326148,0.7520179854041945,-0.8742064999042065,0
-1.0534905099526266,0.716251089355198,-0.8334580074997104,0
-1.0032879848290264,0.6823007305662926,-0.7932012235640868,0
-0.9950245645242097,0.6343932843209599,-0.7730104532336325,0
-1.3071153965979598,1.1381324890747577,-1.3566939108633265,0
-1.3152663787128656,1.1759398820576625,-1.3873059271990271,0
-1.3206854418195404,1.1701315577130544,-1.4362801888546002,0
-1.3279064551840682,1.209706277438969,-1.4662898363627943,0
-1.3352078481336844,1.2531333301774605,-1.4993387059435002,0
-1.341311527144076,1.2687865679578578,-1.5460209070286601,0
-0.9900195445804776,0.7066264541838525,0.7573438645274831,0
-0.9950245645242097,0.6715589548890092,0.7409511253169008,0
-1.0387038048902697,0.729521167990753,0.7907584115602083,0
-1.0722880676167392,0.7649566439989849,0.8260036963431223,0
-1.105384136637658,0.8004775023187742,0.8611652052225961,0
-1.134454978552198,0.8358683332186896,0.8964934793802922,0
-1.159980989244616,0.8708839256634828,0.9321043376152135,0
-1.182282022739644,0.9074877267618232,0.9655136764949126,0
-1.2027707828897796,0.9441475346320694,0.9997839729035382,0
-1.21054917237566,0.9316621481000642,1.0398384241686518,0
-1.2243544749747624,0.9597710319208204,1.066529847061606,0
-1.2338138242654952,0.9613702829909496,1.104589151631273,0
-1.2478836369790418,1.0023575096202184,1.1301329393687427,0
-1.2612825296465207,1.0377908299233853,1.1638414457043698,0
-1.2737559389820587,1.0742707229086563,1.198042590707686,0
-1.2849625271165592,1.1138145911334163,1.2286978455988207,0
-1.2951457304373513,1.1508934126061732,1.261232679351175,0
-1.3040026351224123,1.1850054935467533,1.2930438374665658,0
-1.3126174525244376,1.2207035694102613,1.3272377574731977,0
-1.3200355188101183,1.2545290474322521,1.3578554465306538,0
-1.3243227528225119,1.2551273018808295,1.3957699035847397,0
-1.3301744667546644,1.2941161931655012,1.415962880308641,0
-1.335469261814682,1.3321672493269332,1.4340531810288057,0
-1.340699554339367,1.3431179095514862,1.4819022508391178,0
-1.298194154376524,1.100200234955922,-1.3255134555286283,0
-1.2883298317377683,1.06125674394682,-1.2947006750712795,0
-1.277679017821326,1.0224264714663096,-1.2639901261585642,0
-1.2660970879448146,0.983705312263466,-1.2333387617123892,0
-1.2533178915731429,0.9454225379161167,-1.2026530697325701,0
-1.2395083402148643,0.9074355229280171,-1.1720005014611155,0
-1.2241637714566203,0.8689016698785648,-1.1412819189335413,0
-1.212037654901851,0.8761097144326548,-1.0921334451713203,0
-1.1942129304787497,0.8365872251933937,-1.0638007667577543,0
-1.18255937498531,0.8472118044562804,-1.0193124739850634,0
-1.1586124188923466,0.8045138581986386,-0.986320516387724,0
-1.1329557075131447,0.7673687901284942,-0.9519444206344152,0
-1.1045758864147728,0.7308983563867069,-0.9191631266426123,0
-1.0698584201498247,0.6932460691234071,-0.8828824922109075,0
-1.0392433429276384,0.675635226371685,-0.8388327235588688,0
-0.9969447298570612,0.6399643707553326,-0.819993438470742,0
-0.9950245645242097,0.5956993047980847,-0.8032075312539583,0
-1.304489361500294,1.0929610389939879,-1.3745837236801302,0
-1.3129526693196958,1.1315088933132582,-1.4056813628646805,0
-1.3185105759205544,1.1243620297098276,-1.4543092476129624,0
-1.3257569790835662,1.1629351188894084,-1.4849020148823842,0
-1.3323643095194118,1.2000688964965502,-1.5142806759269254,0
-1.337704918828353,1.2315959561210503,-1.5388304607453605,0
-1.3413805513760721,1.2304631806793394,-1.5766928556293023,0
-1.0032879848290643,0.682300730566293,0.7932012235640864,0
-1.053490509952669,0.7162510893551984,0.83345800749971,0
-1.0916461143262308,0.752017985404195,0.8742064999042061,0
-1.1206788755900183,0.7865824468356315,0.9079388928728451,0
-1.1468826572862176,0.8204930068773173,0.9424436832921933,0
-1.1712457281191508,0.8570679705444981,0.9769417357602942,0
-1.1931061396697893,0.8992448682242824,1.0079905199259929,0
-1.2022296113532704,0.8860181591927339,1.0497777463708258,0
-1.2188994353005629,0.9225103656827291,1.0786828492309448,0
-1.2287137285217953,0.9148550177960539,1.1228879746071887,0
-1.2436945279443223,0.9538778719754055,1.1525894798096508,0
-1.2572150614624882,0.9918263606010751,1.183273242057018,0
-1.269696789616739,1.0292046391021472,1.2150616490964647,0
-1.2812158113503158,1.0683035269902534,1.2460205018494228,0
-1.2916485364493955,1.1075240274466882,1.276542672442031,0
-1.3009916473791827,1.1445467533678664,1.3075804978989878,0
-1.3096659686356653,1.1801481223717984,1.3397632023767907,0
-1.3175514359150602,1.2177970900904984,1.3705460330161898,0
-1.3228014247628854,1.2152428206017951,1.4167905016275868,0
-1.3296695036033712,1.2547487527514254,1.4450961056802758,0
-1.3354812076749984,1.2972295096967281,1.4668515038325178,0
-1.340825534363678,1.3063456856411462,1.5144176932427738,0
-0.9950245645242097,0.6343932843209603,0.773010453233632,0
-1.295333290565364,1.0540797085920948,-1.3438173532298423,0
-1.2853734727130663,1.0152196336265085,-1.3130555846502752,0
-1.2745754307635027,0.9772008524625782,-1.2824961388980134,0
-1.262825996340177,0.9386685172308529,-1.2520776212845814,0
-1.2498819639022152,0.9002239384997017,-1.2212340356289775,0
-1.2355737939187548,0.8616452898421829,-1.1903396385189162,0
-1.219831786385475,0.8227597875343609,-1.1596041835050925,0
-1.2070270427390355,0.8299476668430561,-1.1105145298528383,0
-1.188161054735795,0.7908903660962945,-1.0799691056849623,0
-1.1731827287703773,0.7974053266449974,-1.0316942551894792,0
-1.1501777610535342,0.7587033262266141,-1.0007220289983842,0
-1.1244475290028646,0.7205089177843912,-0.9691573965762538,0
-1.0960162863936795,0.6817563194080359,-0.938374888066186,0
-1.0639569386697516,0.6434724295602681,-0.9102342841420924,0
-1.040489837020082,0.6464138720581941,-0.8646284560488975,0
-0.9978864789279525,0.6024251021860318,-0.8491017720403068,0
-0.9950245645242097,0.5555702334510609,-0.8314696120142538,0
-1.3106099680167576,1.0857337865222743,-1.4235540481775792,0
-1.3020340638200962,1.0469187425138056,-1.3928581946686642,0
-1.3164209251041041,1.0784979815361513,-1.4723673738266583,0
-1.3238190719886884,1.1171787664099577,-1.5030160473399452,0
-1.3305216374204154,1.1549512406425744,-1.5331860065540182,0
-1.3364521662644573,1.1918253310997295,-1.5596798329616695,0
-1.3408416602671553,1.1913986083068813,-1.6064150634641183,0
-1.0392433429276207,0.6756352263716855,0.8388327235588684,0
-1.0698584201498622,0.6932460691234076,0.8828824922109071,0
-1.1045758864148336,0.7308983563867073,0.9191631266426119,0
-1.1329557075132128,0.7673687901284947,0.9519444206344148,0
-1.1586124188924098,0.8045138581986391,0.9863205163877236,0
-1.1825593749853553,0.8472118044562809,1.019312473985063,0
-1.194212930478811,0.8365872251933941,1.0638007667577538,0
-1.2120376549019085,0.8761097144326553,1.0921334451713198,0
-1.2241637714566376,0.8689016698785652,1.1412819189335408,0
-1.2395083402149618,0.9074355229280178,1.172000501461115,0
-1.2533178915731658,0.9454225379161174,1.2026530697325697,0
-1.266097087944873,0.9837053122634667,1.2333387617123888,0
-1.277679017821414,1.02242647146631,1.2639901261585638,0
-1.288329831737836,1.0612567439468203,1.294700675071279,0
-1.2981941543765867,1.1002002349559223,1.3255134555286279,0
-1.3071153965980458,1.1381324890747582,1.356693910863326,0
-1.3152663787129828,1.1759398820576634,1.3873059271990267,0
-1.3206854418196696,1.1701315577130553,1.4362801888545997,0
-1.3279064551842032,1.20970627743897,1.4662898363627939,0
-1.3352078481338145,1.2531333301774614,1.4993387059434997,0
-1.3413115271442528,1.2687865679578587,1.5460209070286597,0
-0.996944729857166,0.6399643707553331,0.8199934384707416,0
-0.9950245645242097,0.5956993047980852,0.803207531253958,0
-1.2926814174496535,1.0080270933243909,-1.3621722235925011,0
-1.2997793057843294,1.000925043085459,-1.4111741489903111,0
-1.3084435239372672,1.039777886392829,-1.4417874534395563,0
-1.3146090115312525,1.0326154472307303,-1.4905333235896983,0
-1.3219881641747853,1.0711871529369168,-1.5208376012295801,0
-1.328835453589838,1.1093851536719457,-1.5512908151674183,0
-1.3352444370053032,1.1494865907553746,-1.5816588031632814,0
-1.3404415235351586,1.1516163820122876,-1.6351696268830733,0
-1.2826917244354976,0.970053539564081,-1.3315456465566493,0
-1.2717976473905475,0.9320499721060265,-1.3009381800132753,0
-1.2597159587061402,0.8932423498421276,-1.2702721379983353,0
-1.2464879452061062,0.8544583756322532,-1.2394093715624726,0
-1.2320418032237401,0.8155845120746181,-1.2086577201513373,0
-1.2160644174939874,0.7766946736178226,-1.1779431754780285,0
-1.2025375850254998,0.7838470865153413,-1.1288722858986384,0
-1.183300079372656,0.7449331261542009,-1.0981703627765924,0
-1.1672393031790602,0.7520700421140396,-1.0491298840667842,0
-1.1438263125005863,0.7131756912586302,-1.0184274622854592,0
-1.1176185105855687,0.6743661377210691,-0.9876834621372899,0
-1.0887999198794702,0.6355951571603493,-0.9569884918183376,0
-1.056264909083486,0.5967194625730222,-0.9265112606822701,0
-1.0061333409509703,0.5628629356729574,-0.8854187084023335,0
-1.0398047419952388,0.6092706411441624,-0.8888238183250662,0
-0.9950245645242097,0.5141027447316912,-0.8577286096775258,0
-1.0404898370201137,0.6464138720581946,0.864628456048897,0
-0.9978864789280064,0.6024251021860323,0.8491017720403066,0
-0.9950245645242097,0.5555702334510614,0.8314696120142536,0
-1.0960162863937073,0.6817563194080364,0.9383748880661855,0
-1.1244475290028992,0.7205089177843916,0.9691573965762533,0
-1.1501777610535213,0.7587033262266145,1.0007220289983838,0
-1.1731827287704195,0.7974053266449979,1.0316942551894788,0
-1.1881610547358645,0.7908903660962949,1.0799691056849618,0
-1.2070270427390737,0.8299476668430565,1.1105145298528378,0
-1.2198317863855233,0.8227597875343615,1.159604183505092,0
-1.2355737939188165,0.8616452898421836,1.1903396385189158,0
-1.2498819639022294,0.9002239384997024,1.221234035628977,0
-1.2628259963403037,0.9386685172308535,1.252077621284581,0
-1.274575430763569,0.9772008524625788,1.282496138898013,0
-1.285373472713112,1.015219633626509,1.3130555846502747,0
-1.2953332905654702,1.0540797085920952,1.3438173532298419,0
-1.304489361500387,1.0929610389939883,1.3745837236801297,0
-1.312952669319792,1.131508893313259,1.40568136286468,0
-1.318510575920705,1.1243620297098285,1.454309247612962,0
-1.3257569790836938,1.1629351188894093,1.4849020148823837,0
-1.3323643095195794,1.2000688964965511,1.514280675926925,0
-1.3377049188285286,1.2315959561210512,1.53883046074536,0
-1.3413805513763106,1.2304631806793402,1.5766928556293018,0
-1.0639569386698402,0.6434724295602685,0.910234284142092,0
-1.2904519014095934,0.9629108655293439,-1.3805933683904292,0
-1.2978162745836528,0.9557742848212261,-1.4295442800431721,0
-1.30651913161356,0.9939633458298462,-1.4600508181673835,0
-1.3129869990362002,0.9868807959089327,-1.5089024547528163,0
-1.3203646570627914,1.0252314101296696,-1.5386438064223484,0
-1.326920234746216,1.0625045965474986,-1.5669904136450445,0
-1.3335611640447973,1.0995403595284636,-1.6016822578634733,0
-1.3405394456954183,1.1111404650968695,-1.6629392252347381,0
-1.2802353294323898,0.9247762276904172,-1.3498765079168833,0
-1.2690772408268556,0.8861488818067367,-1.3191457062150873,0
-1.2569028458032439,0.8472911698935404,-1.2884168824373492,0
-1.2434964070018035,0.808412321982271,-1.2576940597915374,0
-1.2288694419828616,0.7695423575567115,-1.2269854415297272,0
-1.2128621001943796,0.7306922949542698,-1.1963007167111275,0
-1.1985327170837086,0.7378053097650452,-1.1472542932368914,0
-1.1791798887846257,0.6989262942126988,-1.1165241435797553,0
-1.1620470883350278,0.706044029813683,-1.0674630612470484,0
-1.138634002378354,0.6672421139883846,-1.0370883386700334,0
-1.1119743897465189,0.6284573073799113,-1.0059047240256822,0
-1.0811200706343216,0.5901000355418,-0.9734586599499816,0
-1.046502710113976,0.551776930169823,-0.9361280574853373,0
-0.9999259178843084,0.513701194335582,-0.9068094239343714,0
-0.9950245645242097,0.47139673754878286,-0.8819212639620183,0
-1.0398047419953396,0.6092706411441629,0.888823818325066,0
-1.006133340951077,0.5628629356729579,0.8854187084023333,0
-1.0562649090835194,0.5967194625730227,0.9265112606822699,0
-1.088799919879482,0.6355951571603498,0.9569884918183371,0
-1.1176185105856293,0.6743661377210696,0.9876834621372894,0
-1.143826312500655,0.7131756912586307,1.0184274622854588,0
-1.167239303179132,0.75207004211404,1.0491298840667838,0
-1.183300079372703,0.7449331261542014,1.098170362776592,0
-1.2025375850255249,0.7838470865153417,1.128872285898638,0
-1.2160644174940725,0.7766946736178233,1.177943175478028,0
-1.2320418032237854,0.8155845120746188,1.2086577201513369,0
-1.2464879452061925,0.8544583756322539,1.239409371562472,0
-1.2597159587061943,0.8932423498421282,1.2702721379983348,0
-1.2717976473905979,0.9320499721060271,1.3009381800132749,0
-1.2826917244356308,0.9700535395640817,1.3315456465566489,0
-1.292681417449753,1.0080270933243913,1.3621722235925007,0
-1.3020340638201722,1.0469187425138065,1.3928581946686638,0
-1.3106099680168664,1.0857337865222751,1.4235540481775788,0
-1.316420925104208,1.0784979815361522,1.4723673738266578,0
-1.323819071988835,1.1171787664099586,1.5030160473399448,0
-1.330521637420581,1.1549512406425753,1.5331860065540177,0
-1.3364521662646536,1.1918253310997304,1.559679832961669,0
-1.3408416602673778,1.1913986083068822,1.6064150634641179,0
-0.9950245645242097,0.5141027447316916,0.8577286096775256,0
-1.2883517734080514,0.917646531757804,-1.3988197810161083,0
-1.2780226006224953,0.8789474002831319,-1.3681199568820994,0
-1.2666992794299816,0.8401337787239316,-1.3374190702461701,0
-1.254376882325973,0.8012500756252081,-1.3066951378897953,0
-1.2409749071070593,0.7623789861215859,-1.2759793620884525,0
-1.22622720586355,0.723538411666665,-1.2453013003900404,0
-1.2101717535526364,0.684722641105483,-1.2146563958796572,0
-1.1951734899846347,0.6918503760138921,-1.1656636937524205,0
-1.1758670261432775,0.6530157385484692,-1.1352268274397055,0
-1.157841684036163,0.6601103463079507,-1.0862786488067355,0
-1.1342636258623198,0.6215807479295323,-1.0556809766282145,0
-1.1080787200745397,0.5832219715065889,-1.0250348469647785,0
-1.0772241179685842,0.5454051006855591,-0.9927589581188692,0
-1.0445831444034506,0.507897146782702,-0.9587496398174938,0
-0.999496958908311,0.46783291156277884,-0.9305459785467525,0
-0.9950245645242097,0.42755509430543026,-0.9039892927095292,0
-1.2960757099146214,0.9104239655038591,-1.4476947879023523,0
-1.3048759282248055,0.9486054715424801,-1.4783664840118265,0
-1.311570775809052,0.9413242710186289,-1.5271011452976302,0
-1.3190897531165804,0.9796895472987064,-1.5574678926984262,0
-1.325673884152907,1.0172975153290509,-1.5851330528217211,0
-1.3306629025558172,1.0523859876889456,-1.6043549483657271,0
-1.3354953060040884,1.0603868659140887,-1.6429902325305352,0
-1.3412097152132365,1.0699952387551883,-1.6897071311446923,0
-1.0465027101139897,0.5517769301698234,0.9361280574853371,0
-1.081120070634405,0.5901000355418005,0.9734586599499814,0
-1.1119743897465653,0.6284573073799118,1.0059047240256818,0
-1.1386340023784143,0.6672421139883851,1.037088338670033,0
-1.162047088335041,0.7060440298136834,1.067463061247048,0
-1.1791798887846938,0.6989262942126993,1.1165241435797548,0
-1.1985327170837736,0.7378053097650457,1.147254293236891,0
-1.212862100194422,0.7306922949542705,1.196300716711127,0
-1.228869441982923,0.7695423575567122,1.2269854415297268,0
-1.2434964070018693,0.8084123219822716,1.257694059791537,0
-1.2569028458033142,0.847291169893541,1.2884168824373488,0
-1.269077240826957,0.8861488818067373,1.3191457062150869,0
-1.2802353294324595,0.9247762276904179,1.3498765079168829,0
-1.2904519014096463,0.9629108655293446,1.3805933683904288,0
-1.29977930578444,1.00092504308546,1.4111741489903107,0
-1.3084435239374015,1.03977788639283,1.4417874534395558,0
-1.3146090115313622,1.0326154472307312,1.4905333235896978,0
-1.3219881641749411,1.0711871529369177,1.5208376012295797,0
-1.3288354535900375,1.1093851536719466,1.5512908151674178,0
-1.3352444370055048,1.1494865907553755,1.581658803163281,0
-1.3404415235353948,1.1516163820122884,1.6351696268830729,0
-0.9999259178844008,0.5137011943355825,0.9068094239343711,0
-0.9950245645242097,0.4713967375487833,0.8819212639620181,0
-1.2864604333329175,0.871753643736336,-1.4170391448831965,0
-1.2944874267645141,0.8645266627553876,-1.4658786511622863,0
-1.3033994438272243,0.9030424825751207,-1.4965668492416901,0
-1.3103703976432364,0.8956190673038165,-1.5453504217494272,0
-1.3180192238025399,0.9340245002836738,-1.5758482220911902,0
-1.32490681992362,0.9720817765918994,-1.6049907924632043,0
-1.3304977942847427,1.0115633038189693,-1.6280614410320045,0
-1.3363691291434296,1.0212206939993147,-1.6704061400615462,0
-1.341950042288741,1.0282054871982256,-1.7154572207127345,0
-1.276023607667558,0.8330089197864601,-1.3863816745637374,0
-1.2647053383578155,0.794128854143465,-1.3556682228015373,0
-1.2522801370142682,0.7552346740026499,-1.3249485041973301,0
-1.2388228759454962,0.7163847937734584,-1.2942565448041985,0
-1.224149876731023,0.6776564015804258,-1.2635915672346605,0
-1.2081118977999232,0.6390321440222384,-1.2329549199999392,0
-1.1924987387111843,0.64598181531756,-1.1839693460500365,0
-1.1732003238470823,0.6072315446350098,-1.1536334045363281,0
-1.1546228104005096,0.6144161180048064,-1.1050348978716245,0
-1.1311046828784612,0.5760366303895519,-1.0747444034304334,0
-1.1053668694815812,0.5379745258904913,-1.0443954244305544,0
-1.0752559274423064,0.4997707221212968,-1.0131041598173955,0
-1.044348315004,0.46154206204375026,-0.9813884521041311,0
-0.9996972384323473,0.4216012026929772,-0.9527773036306835,0
-0.9950245645242097,0.3826834333684339,-0.9238795320956881,0
-1.0772241179686284,0.5454051006855596,0.9927589581188689,0
-1.0445831444035578,0.5078971467827025,0.9587496398174936,0
-0.9994969589082732,0.4678329115627793,0.9305459785467523,0
-0.9950245645242097,0.4275550943054307,0.903989292709529,0
-1.1080787200745927,0.5832219715065894,1.025034846964778,0
-1.1342636258623582,0.6215807479295328,1.055680976628214,0
-1.157841684036232,0.6601103463079512,1.086278648806735,0
-1.1758670261432946,0.6530157385484696,1.135226827439705,0
-1.1951734899846775,0.6918503760138928,1.16566369375242,0
-1.2101717535527052,0.6847226411054836,1.2146563958796568,0
-1.2262272058636272,0.7235384116666657,1.24530130039004,0
-1.2409749071070926,0.7623789861215866,1.275979362088452,0
-1.2543768823260457,0.8012500756252088,1.3066951378897949,0
-1.2666992794300513,0.8401337787239322,1.3374190702461697,0
-1.2780226006225617,0.8789474002831326,1.368119956882099,0
-1.2883517734081278,0.9176465317578046,1.3988197810161078,0
-1.2978162745837531,0.9557742848212267,1.4295442800431717,0
-1.3065191316136922,0.9939633458298469,1.460050818167383,0
-1.3129869990363316,0.9868807959089334,1.5089024547528158,0
-1.3203646570629728,1.0252314101296705,1.538643806422348,0
-1.326920234746355,1.0625045965474995,1.566990413645044,0
-1.3335611640450058,1.0995403595284645,1.6016822578634728,0
-1.3405394456956712,1.1111404650968704,1.6629392252347377,0
-1.2848889829507109,0.8258666057212545,-1.4352804068839142,0
-1.2931839835222505,0.8186486337617129,-1.4840822675570933,0
-1.3021456905155622,0.8571680851395618,-1.5147111735839172,0
-1.3093559017176997,0.8498033120769775,-1.5635036541434535,0
-1.317051632130114,0.8882857332060512,-1.5939976476546103,0
-1.3240997196224107,0.9268313180137036,-1.6243953774495612,0
-1.3308975126784264,0.9663101389930684,-1.6559416314185735,0
-1.3377020985212098,0.9894170658473562,-1.6991428932856931,0
-1.3421532957104874,0.9857963831335144,-1.7401739829686234,0
-1.2743649031326194,0.7870549657684793,-1.4045887967937642,0
-1.2629826252017515,0.7481303406665687,-1.3738845269642015,0
-1.2506384742975012,0.7092503176796279,-1.3431817133480803,0
-1.2372155424464133,0.6705983158359072,-1.3125686756354211,0
-1.22264463934801,0.6320833254418001,-1.2819741079706182,0
-1.2067986703288736,0.5935099122618281,-1.2514551744481714,0
-1.1906508987882207,0.6003896438029133,-1.2025871732685864,0
-1.1715531260519134,0.5618783883164284,-1.1722197755310904,0
-1.1521672391511935,0.5688032766987918,-1.1235534294985565,0
-1.1287649845788448,0.5305982052874254,-1.0931193892350892,0
-1.1030852901241035,0.4922185747921496,-1.0626625393001554,0
-1.0735081195781766,0.4537503266712115,-1.0319088098025384,0
-1.0443874396446855,0.41498684021476806,-1.0018668547003051,0
-0.9995120906152929,0.37546153235482893,-0.9716515897092135,0
-0.9950245645242097,0.33688985429587004,-0.9415440648596898,0
-1.0752559274423563,0.49977072212129725,1.013104159817395,0
-1.0443483150040742,0.4615420620437507,0.9813884521041308,0
-0.9996972384324946,0.42160120269297763,0.9527773036306832,0
-0.9950245645242097,0.38268343336843436,0.9238795320956878,0
-1.1053668694816199,0.5379745258904918,1.044395424430554,0
-1.1311046828785347,0.5760366303895523,1.074744403430433,0
-1.1546228104006133,0.6144161180048069,1.105034897871624,0
-1.1732003238471238,0.6072315446350105,1.1536334045363277,0
-1.192498738711223,0.6459818153175607,1.183969346050036,0
-1.2081118978000318,0.6390321440222391,1.2329549199999388,0
-1.2241498767310366,0.6776564015804265,1.26359156723466,0
-1.2388228759455604,0.7163847937734591,1.294256544804198,0
-1.2522801370143555,0.7552346740026505,1.3249485041973297,0
-1.2647053383578508,0.7941288541434657,1.3556682228015369,0
-1.2760236076676585,0.8330089197864607,1.386381674563737,0
-1.2864604333330225,0.8717536437363367,1.417039144883196,0
-1.2960757099147453,0.9104239655038597,1.4476947879023518,0
-1.3048759282248963,0.9486054715424808,1.478366484011826,0
-1.3115707758091764,0.9413242710186296,1.5271011452976297,0
-1.3190897531167076,0.979689547298707,1.5574678926984258,0
-1.3256738841530722,1.0172975153290518,1.5851330528217207,0
-1.3306629025560095,1.0523859876889465,1.6043549483657267,0
-1.3354953060042647,1.0603868659140896,1.6429902325305348,0
-1.3412097152134568,1.0699952387551892,1.6897071311446918,0
-1.2835417353405967,0.780007101468116,-1.4534890869163752,0
-1.292193982723412,0.7728279241216152,-1.5022731639555233,0
-1.3010980699220867,0.8113683523643549,-1.5328851976495512,0
-1.3086053473898136,0.8040236174141511,-1.5816391289494842,0
-1.3162607647809599,0.8425750126353104,-1.6121746101227346,0
-1.323372371540701,0.8811106293778748,-1.6425687100191544,0
-1.3299947530238074,0.9194998606407785,-1.6726070337701633,0
-1.336689561422548,0.9455526259126585,-1.7137354912669882,0
-1.3421252428982875,0.9427934721717717,-1.7638425294879063,0
-1.2730934700447247,0.741187972825011,-1.4228288626328185,0
-1.2617241405383919,0.7023420324961607,-1.3921893495941933,0
-1.2494438761303228,0.663565961586253,-1.3615979945818202,0
-1.2361910908021674,0.6250597025248623,-1.3309994190427203,0
-1.2217645087000801,0.5866113877317989,-1.3004422055586025,0
-1.2060575902001562,0.5480006094351311,-1.2698873600378855,0
-1.1894645489581503,0.5549153801891824,-1.2209649577838955,0
-1.1705898712504468,0.5164565675553578,-1.1906237762489842,0
-1.1506486019228033,0.5236219767656423,-1.1419135844831625,0
-1.1274470793521087,0.48508230693625143,-1.1114046269006423,0
-1.102095689564571,0.4465283043579723,-1.0808417087652384,0
-1.073334559629022,0.4080179759357593,-1.0504493620355855,0
-1.0440332427839614,0.3680458222700118,-1.019673849172359,0
-0.999801514853703,0.32842352977005884,-0.9886217685443472,0
-0.9950245645242097,0.29028467803568636,-0.9569403354952273,0
-1.073508119578271,0.45375032667121196,1.031908809802538,0
-1.0443874396446493,0.4149868402147685,1.0018668547003047,0
-0.9995120906154175,0.3754615323548294,0.9716515897092133,0
-0.9950245645242097,0.3368898542958705,0.9415440648596896,0
-1.1030852901241337,0.49221857479215014,1.062662539300155,0
-1.1287649845789274,0.5305982052874259,1.0931193892350888,0
-1.1521672391511897,0.5688032766987923,1.123553429498556,0
-1.1715531260520127,0.5618783883164291,1.17221977553109,0
-1.1906508987882654,0.6003896438029139,1.202587173268586,0
-1.2067986703288671,0.5935099122618288,1.251455174448171,0
-1.2226446393480763,0.6320833254418008,1.2819741079706177,0
-1.2372155424464961,0.6705983158359079,1.3125686756354207,0
-1.2506384742975156,0.7092503176796285,1.34318171334808,0
-1.2629826252018495,0.7481303406665694,1.373884526964201,0
-1.2743649031327127,0.78705496576848,1.4045887967937638,0
-1.2848889829507775,0.8258666057212551,1.4352804068839138,0
-1.2944874267645825,0.8645266627553883,1.4658786511622859,0
-1.3033994438273153,0.9030424825751213,1.4965668492416897,0
-1.310370397643342,0.8956190673038171,1.5453504217494267,0
-1.3180192238026616,0.9340245002836745,1.5758482220911898,0
-1.3249068199237715,0.9720817765919001,1.6049907924632039,0
-1.3304977942849465,1.0115633038189702,1.628061441032004,0
-1.336369129143625,1.0212206939993156,1.6704061400615458,0
-1.3419500422890012,1.0282054871982265,1.715457220712734,0
-1.282518558495793,0.7341582533156197,-1.4716750845600464,0
-1.2721227228523022,0.6954271158278531,-1.4411258387087722,0
-1.2609098236749285,0.6567185461126068,-1.4105440308590103,0
-1.2487576871834822,0.6180801027467773,-1.3800047173256664,0
-1.2355886389591284,0.5794975307215875,-1.3493514221344465,0
-1.2213814429185375,0.5409604740435405,-1.3187041651600204,0
-1.205916073379707,0.5023621380309764,-1.2880914710239875,0
-1.1890325507610555,0.509474858367527,-1.2393250274103274,0
-1.1703613571410147,0.47089853238074786,-1.2087065395314425,0
-1.1499367926285102,0.4779611612252256,-1.1601088432316402,0
-1.127098789459166,0.43935936165323064,-1.1295773861480765,0
-1.10233667236572,0.400742443500152,-1.0990421277971385,0
-1.0743811513010297,0.36222177997824445,-1.068640649642659,0
-1.0446659512500942,0.3191632753664113,-1.036812870402047,0
-1.000374928583916,0.2789406504611345,-1.004197890929559,0
-0.9950245645242097,0.2429801805664794,-0.9700312530284173,0
-1.3002875888215522,0.765542950329031,-1.5510105000115373,0
-1.3080297773137717,0.7583295788868947,-1.5997660774763323,0
-1.3156711857981735,0.7968609085091001,-1.6303125295994743,0
-1.3228557760816133,0.8354356381176817,-1.6608108080159205,0
-1.3294017749830578,0.8740028702202587,-1.6913182881099482,0
-1.3359617334396459,0.8999310898600792,-1.7307615682818231,0
-1.3422868063484208,0.8992226575541566,-1.7864486032744522,0
-1.291420499074889,0.727017151589721,-1.5204563177716985,0
-1.1020956895646712,0.44652830435797286,1.080841708765238,0
-1.127447079352124,0.485082306936252,1.111404626900642,0
-1.150648601922849,0.5236219767656427,1.141913584483162,0
-1.1705898712505123,0.5164565675553585,1.1906237762489837,0
-1.1894645489582003,0.5549153801891831,1.220964957783895,0
-1.2060575902002353,0.5480006094351317,1.269887360037885,0
-1.2217645087001616,0.5866113877317995,1.300442205558602,0
-1.236191090802193,0.625059702524863,1.33099941904272,0
-1.2494438761304185,0.6635659615862537,1.3615979945818197,0
-1.2617241405384712,0.7023420324961613,1.3921893495941928,0
-1.2730934700447691,0.7411879728250117,1.422828862632818,0
-1.283541735340653,0.7800071014681167,1.4534890869163748,0
-1.2931839835223256,0.8186486337617136,1.4840822675570928,0
-1.3021456905156787,0.8571680851395624,1.5147111735839167,0
-1.3093559017177903,0.8498033120769781,1.563503654143453,0
-1.3170516321302603,0.8882857332060519,1.5939976476546098,0
-1.3240997196225364,0.9268313180137044,1.6243953774495608,0
-1.330897512678614,0.9663101389930693,1.655941631418573,0
-1.337702098521448,0.9894170658473571,1.6991428932856927,0
-1.3421532957107014,0.9857963831335153,1.740173982968623,0
-1.0733345596290504,0.40801797593575984,1.050449362035585,0
-1.0440332427840802,0.36804582227001226,1.019673849172359,0
-0.9998015148536733,0.3284235297700593,0.988621768544347,0
-0.9950245645242097,0.2902846780356868,0.9569403354952271,0
-1.2818551842855208,0.6883693530345407,-1.4898868487216945,0
-1.290931315352515,0.681250041934633,-1.5386390392957165,0
-1.2998058084939648,0.7197947969313134,-1.5692109021911715,0
-1.307663808032571,0.7125933238871918,-1.6179564319250024,0
-1.315347950003701,0.7511618762505798,-1.6484669721813272,0
-1.3224270450517572,0.7897304639994498,-1.6789596856065523,0
-1.3289017493657824,0.8277856665208856,-1.7081406940588755,0
-1.33296153661238,0.859190717032067,-1.7248551399105954,0
-1.3376242621078605,0.8579788665175594,-1.7635396326281563,0
-1.3428300560887192,0.855110184991539,-1.8079785871308691,0
-1.2715242480642668,0.6497186334191409,-1.4593570135546825,0
-1.2604057676945262,0.6111480800637323,-1.4287414852392364,0
-1.248445387936141,0.5724530245671198,-1.3981753524001075,0
-1.2354774666717343,0.533823812560934,-1.3675109742324745,0
-1.2214843716371053,0.4951911373704596,-1.3369108528425813,0
-1.2064218978203154,0.4566925259191854,-1.3062533764974125,0
-1.1891026197814119,0.46383276279570473,-1.2573541431005455,0
-1.1709049433656278,0.42527942044841616,-1.2266405731933705,0
-1.1500534498145518,0.4323187102210181,-1.1781463760709106,0
-1.127957641361017,0.39359265178888514,-1.1477751322528325,0
-1.1039130722833543,0.35495753549541875,-1.117213305089129,0
-1.0756472994761075,0.31370862659348153,-1.085639809860739,0
-1.0455869595590688,0.2690254522775376,-1.051901303151065,0
-1.0010188065969303,0.22658593868666216,-1.018488388592635,0
-0.9950245645242097,0.19509032252401665,-0.9807852803022054,0
-1.12709878945922,0.4393593616532312,1.129577386148076,0
-1.149936792628559,0.47796116122522614,1.1601088432316398,0
-1.1703613571410167,0.4708985323807484,1.208706539531442,0
-1.189032550761125,0.5094748583675277,1.239325027410327,0
-1.2059160733797447,0.5023621380309771,1.288091471023987,0
-1.2213814429185939,0.5409604740435412,1.31870416516002,0
-1.2355886389591602,0.5794975307215882,1.349351422134446,0
-1.248757687183577,0.6180801027467779,1.380004717325666,0
-1.2609098236749439,0.6567185461126075,1.4105440308590098,0
-1.2721227228523475,0.6954271158278538,1.4411258387087718,0
-1.2825185584958687,0.7341582533156203,1.471675084560046,0
-1.292193982723521,0.7728279241216158,1.502273163955523,0
-1.3010980699221757,0.8113683523643556,1.5328851976495508,0
-1.3086053473899206,0.8040236174141517,1.5816391289494838,0
-1.3162607647810514,0.8425750126353111,1.612174610122734,0
-1.3233723715408419,0.8811106293778757,1.642568710019154,0
-1.3299947530239484,0.9194998606407794,1.6726070337701628,0
-1.336689561422725,0.9455526259126594,1.7137354912669878,0
-1.3421252428984838,0.9427934721717726,1.7638425294879059,0
-1.1023366723657464,0.40074244350015253,1.099042127797138,0
-1.074381151301085,0.362221779978245,1.068640649642659,0
-1.044665951250162,0.31916327536641176,1.036812870402047,0
-1.0003749285840275,0.2789406504611349,1.004197890929559,0
-0.9950245645242097,0.24298018056647985,0.9700312530284171,0
-1.2814608013122155,0.6426195207666947,-1.5080911209063432,0
-1.2907639242489624,0.6354759842480155,-1.5568159013798895,0
-1.2995164179423155,0.6740613245801403,-1.5873789228274564,0
-1.3075657586880949,0.6669036514610693,-1.6360853882548132,0
-1.3151711074296395,0.7054617558284966,-1.6666170100788422,0
-1.3222748455768178,0.744031211551494,-1.6971085224516553,0
-1.3289686596910812,0.7825891545040642,-1.7275986306707742,0
-1.3331116847933047,0.8181177421772887,-1.7449471571492552,0
-1.3381337176670796,0.8130398910836041,-1.7848688434964375,0
-1.3434072936586086,0.810482626032343,-1.8284195122836873,0
-1.2712797842855303,0.6039782597480687,-1.4775185379453741,0
-1.2603107127376334,0.5653297100242296,-1.4469192155108102,0
-1.2485204761763626,0.5266645463085127,-1.4163189620861565,0
-1.235856089187063,0.4879862440859424,-1.3857110115418312,0
-1.2221834758458,0.4493858238898887,-1.3549555759422471,0
-1.207137972510899,0.41073490836770277,-1.3235299389249995,0
-1.1898435868784751,0.4180151612393421,-1.2750544577923815,0
-1.1721605478324972,0.3794126042367717,-1.2445794559813168,0
-1.151194035969407,0.38663674633292555,-1.1962167773943122,0
-1.1297430784965268,0.3478461690680469,-1.165918470710803,0
-1.1059697203832775,0.3084369658318983,-1.134335909489621,0
-1.0786783917960863,0.26891265440161594,-1.102146110577886,0
-1.0454042583945844,0.22010089776117153,-1.0625488624810968,0
-1.0073900591251672,0.1787543290553119,-1.034882314224999,0
-0.9950245645242097,0.14673047483692764,-0.989176509908181,0
-1.1279576413610959,0.3935926517888857,1.147775132252832,0
-1.1039130722834076,0.3549575354954193,1.117213305089129,0
-1.0756472994761868,0.3137086265934821,1.085639809860739,0
-1.0455869595590805,0.26902545227753816,1.051901303151065,0
-1.0010188065970338,0.22658593868666266,1.018488388592635,0
-0.9950245645242097,0.19509032252401715,0.9807852803022051,0
-1.1500534498146302,0.43231871022101864,1.17814637607091,0
-1.1709049433656675,0.4252794204484167,1.22664057319337,0
-1.1891026197815204,0.4638327627957053,1.257354143100545,0
-1.2064218978203631,0.4566925259191861,1.306253376497412,0
-1.2214843716371506,0.4951911373704603,1.3369108528425808,0
-1.2354774666718304,0.5338238125609347,1.367510974232474,0
-1.248445387936173,0.5724530245671204,1.398175352400107,0
-1.2604057676945641,0.611148080063733,1.428741485239236,0
-1.2715242480643483,0.6497186334191416,1.459357013554682,0
-1.2818551842855985,0.6883693530345414,1.489886848721694,0
-1.2914204990749711,0.7270171515897217,1.520456317771698,0
-1.3002875888215824,0.7655429503290316,1.5510105000115368,0
-1.3080297773138423,0.7583295788868953,1.5997660774763318,0
-1.315671185798253,0.796860908509101,1.6303125295994738,0
-1.3228557760817,0.8354356381176826,1.66081080801592,0
-1.3294017749831513,0.8740028702202596,1.6913182881099478,0
-1.3359617334397864,0.8999310898600801,1.7307615682818227,0
-1.3422868063485658,0.8992226575541575,1.7864486032744518,0
-1.2813837969739537,0.5968441469997989,-1.5262651688857545,0
-1.2713637385675731,0.5581773160330761,-1.4957010917114455,0
-1.2606163455846835,0.5194966514366268,-1.4651228610774734,0
-1.2491128973305679,0.48081418966765455,-1.4345188498682673,0
-1.236699851267682,0.4421504930767419,-1.4038711475725774,0
-1.2233826668049201,0.4034586194946552,-1.3729279703358452,0
-1.209041377741527,0.36474329295742614,-1.3420197378988,0
-1.1913728520479472,0.3720098234345859,-1.29298200387834,0
-1.1743015529465888,0.33336682103573245,-1.26246205337039,0
-1.153216638616537,0.34085187677137074,-1.2140717345419088,0
-1.1322570523522806,0.301918774655188,-1.183185460292307,0
-1.1093998460014787,0.26269009724272985,-1.151639946060103,0
-1.0832594183149178,0.22191810231964693,-1.119217208372746,0
-1.0592230846818667,0.18511491941593178,-1.090105394089912,0
-1.0420047967779467,0.1484540183781486,-1.069478001292287,0
-0.9999117033863816,0.12501317957324537,-1.035561018515463,0
-0.9950245645242097,0.09801714056964247,-0.9951847266485508,0
-1.290844496778051,0.5897173596129548,-1.5749957551347262,0
-1.2994536381016373,0.628347296982916,-1.6055394276913764,0
-1.3076525734505526,0.6212006986037419,-1.6542411100321843,0
-1.3151460840910294,0.6597575088839309,-1.6847794269740195,0
-1.322242172333804,0.6983203083882774,-1.7152798826443685,0
-1.3288709782095762,0.7369145005194948,-1.7457336883349854,0
-1.3333983375597314,0.7730950325325989,-1.7642356600390245,0
-1.3383682445002283,0.7692677476283012,-1.8031962761698503,0
-1.3439779288071259,0.7653668625933476,-1.8477590659076784,0
-1.1297430784965332,0.34784616906804744,1.165918470710803,0
-1.1511940359694555,0.3866367463329261,1.1962167773943118,0
-1.1721605478326507,0.37941260423677226,1.2445794559813168,0
-1.1898435868784665,0.4180151612393428,1.275054457792381,0
-1.2071379725109888,0.41073490836770343,1.323529938924999,0
-1.2221834758458407,0.44938582388988935,1.3549555759422467,0
-1.2358560891871375,0.48798624408594304,1.3857110115418307,0
-1.2485204761763522,0.5266645463085133,1.416318962086156,0
-1.2603107127377555,0.5653297100242303,1.4469192155108097,0
-1.2712797842855268,0.6039782597480694,1.4775185379453737,0
-1.281460801312276,0.6426195207666954,1.5080911209063428,0
-1.290931315352535,0.6812500419346337,1.538639039295716,0
-1.299805808494022,0.7197947969313141,1.569210902191171,0
-1.3076638080326128,0.7125933238871927,1.617956431925002,0
-1.315347950003764,0.7511618762505807,1.6484669721813268,0
-1.3224270450518183,0.7897304639994507,1.6789596856065518,0
-1.32890174936592,0.8277856665208865,1.708140694058875,0
-1.3329615366124974,0.8591907170320678,1.724855139910595,0
-1.3376242621079528,0.8579788665175603,1.7635396326281558,0
-1.3428300560888058,0.8551101849915399,1.8079785871308687,0
-1.105969720383415,0.30843696583189883,1.134335909489621,0
-1.0786783917961278,0.2689126544016165,1.102146110577886,0
-1.0454042583946814,0.22010089776117203,1.0625488624810968,0
-1.0073900591251879,0.1787543290553124,1.034882314224999,0
-0.9950245645242097,0.14673047483692814,0.989176509908181,0
-1.2816433825291509,0.5510415653227025,-1.5444866858613002,0
-1.2718309116751811,0.5123478992267796,-1.5139186190521614,0
-1.2613102064053825,0.4736439390260099,-1.4833375594071263,0
-1.2501080518554653,0.4349346948827666,-1.4527104669804694,0
-1.2381046876061799,0.39624209352542916,-1.4220054950693595,0
-1.2251745583677462,0.35749510515074423,-1.391185926607087,0
-1.211392005092917,0.3186905432063465,-1.360195870698122,0
-1.1936159037559986,0.32593760893702206,-1.3111714858139032,0
-1.1772259901796491,0.2870510277159104,-1.280334932435385,0
-1.1557985375729276,0.29458434498483543,-1.231677909434284,0
-1.1359830438841532,0.2556921439484664,-1.20081514108489,0
-1.114479064812834,0.216693596757756,-1.169802319917377,0
-1.0917606984163764,0.17799644833867678,-1.139060617110101,0
-1.0673196458911376,0.13892061692745494,-1.110125723683732,0
-1.0464696423025313,0.1066590993021205,-1.080429989578334,0
-1.0055692899374644,0.07526093772212955,-1.045564283086771,0
-0.9950245645242097,0.04906767443121758,-0.9987954562000729,0
-1.299664241916078,0.5826153788396264,-1.6237125703491815,0
-1.3079217251015012,0.5754924991335431,-1.6724067251201484,0
-1.315313035875896,0.6139661343585026,-1.7030452731148473,0
-1.3223358681365378,0.6525261225288062,-1.7335608421173565,0
-1.3287071401165544,0.6903421262742435,-1.7617494259109452,0
-1.334059408705562,0.7289465041660175,-1.7850367805236536,0
-1.339501708718111,0.7248027001288613,-1.8263860521078552,0
-1.3448966987069333,0.7197900710654326,-1.8659855984427152,0
-1.2912304980405356,0.5439459904452801,-1.5932758212545934,0
-1.1532166386165794,0.3408518767713713,1.2140717345419088,0
-1.1743015529466065,0.333366821035733,1.26246205337039,0
-1.1913728520479547,0.37200982343458655,1.29298200387834,0
-1.2090413777415707,0.3647432929574268,1.3420197378988,0
-1.2233826668049352,0.4034586194946559,1.3729279703358448,0
-1.23669985126773,0.4421504930767426,1.403871147572577,0
-1.249112897330624,0.4808141896676552,1.4345188498682668,0
-1.2606163455847124,0.5194966514366275,1.465122861077473,0
-1.2713637385676202,0.5581773160330767,1.495701091711445,0
-1.2813837969740036,0.5968441469997996,1.526265168885754,0
-1.2907639242490043,0.6354759842480162,1.556815901379889,0
-1.299516417942415,0.674061324580141,1.587378922827456,0
-1.307565758688131,0.6669036514610702,1.6360853882548128,0
-1.3151711074296697,0.7054617558284975,1.6666170100788418,0
-1.3222748455768853,0.7440312115514949,1.6971085224516549,0
-1.328968659691154,0.7825891545040651,1.7275986306707738,0
-1.3331116847933424,0.8181177421772896,1.7449471571492547,0
-1.3381337176671455,0.813039891083605,1.784868843496437,0
-1.3434072936586336,0.8104826260323439,1.8284195122836868,0
-1.1322570523523579,0.30191877465518857,1.183185460292307,0
-1.1093998460014802,0.2626900972427304,1.151639946060103,0
-1.0832594183149955,0.22191810231964748,1.119217208372746,0
-1.059223084681869,0.18511491941593228,1.090105394089912,0
-1.042004796778065,0.1484540183781491,1.069478001292287,0
-0.999911703386471,0.12501317957324587,1.035561018515463,0
-0.9950245645242097,0.09801714056964295,0.9951847266485508,0
-1.2822092599585189,0.5052166796183264,-1.5627636591291225,0
-1.2919031534975947,0.49808885295392813,-1.6116046261293144,0
-1.3001122504192664,0.5367731292190656,-1.6420506417088345,0
-1.3084580973160584,0.5296152599147996,-1.6908200676636043,0
-1.3156059218246712,0.5683501184756237,-1.7210843748206894,0
-1.322543495099709,0.6062648719815882,-1.7517347302678317,0
-1.3286468866427592,0.6441707834095807,-1.7795069687504594,0
-1.3351314767807847,0.6824658404162984,-1.8109650460711095,0
-1.3410614145274884,0.687296474746274,-1.8490105069204632,0
-1.3447231988879909,0.67377970487645,-1.8830881310487313,0
-1.2726553316090619,0.4664979617709978,-1.5321785964296253,0
-1.2624403529209307,0.4277704117103879,-1.5015945278696452,0
-1.2515446967340853,0.3890181613194674,-1.4709227542214824,0
-1.2399302171571291,0.35024547450578813,-1.4401660948385748,0
-1.2275622420585193,0.3114415387090035,-1.40934639815831,0
-1.2143196883502902,0.2725948296956924,-1.3784788153751388,0
-1.1966462417953372,0.2798303326768232,-1.329394721754459,0
-1.1809782309168746,0.24097049728194936,-1.2985876924889,0
-1.1594879760285712,0.24822595344380943,-1.249549437856368,0
-1.1406271662284537,0.209475803264563,-1.218831323605658,0
-1.120816491027414,0.17171886473413867,-1.1881852256906802,0
-1.1009651966061573,0.12557428605446008,-1.161007384923481,0
-1.0753836488033934,0.09303786996718177,-1.125473753467015,0
-1.0513036269860019,0.07124812390196147,-1.092899391922077,0
-1.0399185461836573,0.037941139861740344,-1.076057135607035,0
-0.9919146232220836,0.03720598610672238,-1.036541042540306,0
-0.9950245645242096,-2.591808530679738e-16,-1.0,0
-1.1557985375729867,0.294584344984836,1.231677909434284,0
-1.1772259901796691,0.28705102771591107,1.280334932435385,0
-1.1936159037561287,0.3259376089370227,1.3111714858139032,0
-1.211392005092971,0.31869054320634715,1.360195870698122,0
-1.2251745583677938,0.3574951051507449,1.391185926607087,0
-1.2381046876062245,0.39624209352542983,1.422005495069359,0
-1.250108051855541,0.43493469488276726,1.452710466980469,0
-1.2613102064054018,0.47364393902601054,1.4833375594071259,0
-1.2718309116752793,0.5123478992267803,1.513918619052161,0
-1.2816433825291642,0.5510415653227032,1.5444866858612998,0
-1.290844496778108,0.5897173596129555,1.5749957551347258,0
-1.299453638101647,0.6283472969829167,1.605539427691376,0
-1.307652573450605,0.6212006986037428,1.6542411100321839,0
-1.3151460840910636,0.6597575088839318,1.684779426974019,0
-1.3222421723338373,0.6983203083882783,1.715279882644368,0
-1.3288709782095531,0.7369145005194957,1.745733688334985,0
-1.3333983375598024,0.7730950325325998,1.764235660039024,0
-1.338368244500252,0.7692677476283021,1.80319627616985,0
-1.3439779288071294,0.7653668625933485,1.847759065907678,0
-1.135983043884239,0.25569214394846695,1.20081514108489,0
-1.1144790648128673,0.21669359675775657,1.169802319917377,0
-1.0917606984164712,0.17799644833867734,1.139060617110101,0
-1.0673196458911511,0.1389206169274555,1.110125723683732,0
-1.0464696423025583,0.10665909930212103,1.080429989578334,0
-1.005569289937531,0.07526093772213005,1.045564283086771,0
-0.9950245645242097,0.04906767443121807,0.9987954562000729,0
-1.283132968904338,0.45935407468174494,-1.5811556519968584,0
-1.2738172687029576,0.42060639106817377,-1.5505070239229584,0
-1.2639429604940489,0.3818470441582392,-1.5198567231207967,0
-1.2534236035835076,0.3430488879727096,-1.4891472385085869,0
-1.2422680229828948,0.30422706035737446,-1.458388756466627,0
-1.2303630429755357,0.26536193778133055,-1.427575947573089,0
-1.2178681358236976,0.22646276044789015,-1.3967556434549313,0
-1.2003342475601928,0.23370783370633963,-1.347657995702593,0
-1.1845746059936293,0.1919306221687876,-1.315452553377113,0
-1.1637166631111775,0.19967445931444044,-1.2668207874490909,0
-1.1463065193637223,0.1633903230922767,-1.237022592969058,0
-1.130130728152202,0.1293325988712707,-1.210010914357945,0
-1.1205866542983554,0.08809221923470831,-1.197018626328959,0
-1.0975871369237362,0.07832031644348014,-1.159499000354933,0
-1.0733057801023116,0.044522010222624156,-1.125704394314883,0
-1.0536264076115214,-3.073033988672743e-16,-1.1,0
-1.0126015439690883,-2.8324212596762404e-16,-1.05,0
-0.9919146232220195,-0.037205986106723,-1.036541042540306,0
-0.9950245645242097,-0.04906767443121819,-0.9987954562000729,0
-1.3008540518111107,0.490831103193457,-1.6605567674059465,0
-1.3091986758549607,0.48359113902482165,-1.7095098021735295,0
-1.3161404123970868,0.52244788904348,-1.7396325597795013,0
-1.322935501909489,0.560842322224085,-1.7706329664454001,0
-1.328868115637056,0.597464607821055,-1.7989015125862062,0
-1.333453241199073,0.6330250176403862,-1.8167133472220511,0
-1.3392104940474603,0.648776411490257,-1.8523616892636552,0
-1.3435588590905625,0.6273634790264127,-1.8990563617712555,0
-1.2928407239822568,0.45217759817854863,-1.6300816207427935,0
-1.1594879760286212,0.24822595344381004,1.249549437856368,0
-1.1809782309169767,0.24097049728194997,1.2985876924889,0
-1.1966462417953634,0.2798303326768239,1.329394721754459,0
-1.2143196883503726,0.27259482969569304,1.3784788153751388,0
-1.2275622420585768,0.31144153870900415,1.40934639815831,0
-1.2399302171571758,0.3502454745057888,1.4401660948385748,0
-1.2515446967340973,0.3890181613194681,1.470922754221482,0
-1.262440352920998,0.42777041171038865,1.5015945278696448,0
-1.272655331609068,0.46649796177099856,1.5321785964296248,0
-1.2822092599585573,0.5052166796183271,1.562763659129122,0
-1.291230498040542,0.5439459904452808,1.593275821254593,0
-1.2996642419161075,0.5826153788396273,1.623712570349181,0
-1.3079217251015178,0.5754924991335439,1.672406725120148,0
-1.3153130358758856,0.6139661343585034,1.7030452731148469,0
-1.3223358681365394,0.652526122528807,1.733560842117356,0
-1.3287071401165536,0.6903421262742444,1.7617494259109447,0
-1.3340594087055695,0.7289465041660184,1.785036780523653,0
-1.3395017087181196,0.7248027001288622,1.8263860521078548,0
-1.3448966987068918,0.7197900710654335,1.8659855984427147,0
-1.1406271662285061,0.2094758032645636,1.218831323605658,0
-1.1208164910274887,0.17171886473413922,1.1881852256906802,0
-1.1009651966062095,0.12557428605446064,1.161007384923481,0
-1.0753836488034947,0.09303786996718233,1.125473753467015,0
-1.0513036269860336,0.071248123901962,1.092899391922077,0
-1.0399185461837481,0.03794113986174086,1.076057135607035,0
-0.9919146232221019,0.03720598610672288,1.036541042540306,0
-0.9950245645242096,2.220446049250313e-16,1.0,0
-1.2843639358208354,0.4134744164963754,-1.5994759586643534,0
-1.2753196210781241,0.3746944375912985,-1.5687806854564728,0
-1.2658016543345476,0.3358702774328145,-1.5380954424125448,0
-1.255685424078092,0.297022355214983,-1.507402150851457,0
-1.2450552009185178,0.2581411923806982,-1.476666100659508,0
-1.2337428873954874,0.21922941831972004,-1.445862726266407,0
-1.2218404012517534,0.18030853711686246,-1.415042858290683,0
-1.2045715222140525,0.1875538461863817,-1.365924926147193,0
-1.1888714919961791,0.14311361576714043,-1.331276302514291,0
-1.1677186061762297,0.15423797838408088,-1.282167594887338,0
-1.1522994480609794,0.12743158589018028,-1.252124005671904,0
-1.1469040473662795,0.09005898609443924,-1.245307382624987,0
-1.1343604569142967,0.045045183565117636,-1.2242538135382919,0
-1.1069380995364257,0.042688991665124174,-1.176337163535087,0
-1.0898861183082618,-3.3136467176692455e-16,-1.15,0
-1.07330578010237,-0.044522010222624836,-1.125704394314883,0
-1.0399185461836582,-0.03794113986174098,-1.076057135607035,0
-1.0055692899374198,-0.07526093772213018,-1.045564283086771,0
-0.9950245645242097,-0.09801714056964306,-0.9951847266485508,0
-1.3018588423128763,0.44494607475332015,-1.6790173877211065,0
-1.294043620010633,0.4062712388417774,-1.6483979268447455,0
-1.316967288175231,0.476455516644279,-1.7584105664013523,0
-1.3233991033131989,0.5150815458796794,-1.7891616994758612,0
-1.3297857507889903,0.5533480134903659,-1.8203703530745625,0
-1.3363573947179193,0.5977645053610161,-1.853875372723089,0
-1.342567750671163,0.5805693529125169,-1.9138806719486832,0
-1.3101604288053206,0.43774403432057196,-1.7280059641580743,0
-1.1637166631112004,0.19967445931444106,1.2668207874490909,0
-1.1845746059936568,0.1919306221687882,1.315452553377113,0
-1.2003342475602292,0.2337078337063403,1.347657995702593,0
-1.2178681358237495,0.22646276044789082,1.3967556434549313,0
-1.2303630429755608,0.2653619377813312,1.427575947573089,0
-1.2422680229829646,0.3042270603573751,1.458388756466627,0
-1.253423603583588,0.34304888797271027,1.4891472385085869,0
-1.2639429604940962,0.38184704415824,1.5198567231207967,0
-1.273817268703033,0.42060639106817455,1.550507023922958,0
-1.283132968904382,0.4593540746817457,1.581155651996858,0
-1.2919031534976317,0.4980888529539289,1.611604626129314,0
-1.3001122504193214,0.5367731292190665,1.642050641708834,0
-1.3084580973160314,0.5296152599148005,1.6908200676636038,0
-1.3156059218246845,0.5683501184756246,1.721084374820689,0
-1.322543495099703,0.6062648719815891,1.7517347302678312,0
-1.328646886642748,0.6441707834095816,1.779506968750459,0
-1.3351314767807472,0.6824658404162993,1.810965046071109,0
-1.3410614145273858,0.6872964747462749,1.8490105069204628,0
-1.3447231988878687,0.6737797048764509,1.8830881310487309,0
-1.146306519363779,0.1633903230922773,1.237022592969058,0
-1.1301307281522674,0.12933259887127124,1.210010914357945,0
-1.1205866542984075,0.08809221923470889,1.197018626328959,0
-1.0975871369237362,0.0783203164434807,1.159499000354933,0
-1.0733057801024457,0.0445220102226247,1.125704394314883,0
-1.0536264076115345,2.220446049250313e-16,1.1,0
-1.0126015439691367,2.220446049250313e-16,1.05,0
-0.9919146232221897,-0.0372059861067225,1.036541042540306,0
-0.9950245645242097,-0.049067674431217706,0.9987954562000729,0
-1.285841516781077,0.36752371487957747,-1.6177352077748557,0
-1.2955246580943423,0.3603517851551631,-1.6666859882254128,0
-1.3030571391864065,0.39909238726389973,-1.6973627068952504,0
-1.3113467602289413,0.3918712067607595,-1.7462913159846025,0
-1.3178997532445182,0.43058236603674627,-1.7769062943872242,0
-1.3241002125716992,0.46926374110706415,-1.8074088000968143,0
-1.330272723306996,0.5074931588058971,-1.8397788577111465,0
-1.3365934660523027,0.5444373455470704,-1.8772248490305645,0
-1.3420653027835605,0.533425513494042,-1.9275521319937412,0
-1.277161358989044,0.32871573818604294,-1.587062106724503,0
-1.268025804791907,0.28987602880205043,-1.5563880002167207,0
-1.258379898531065,0.25097423121321005,-1.525720328618073,0
-1.248192966520283,0.21201022851363666,-1.4949997026729989,0
-1.2375395087497678,0.1730463037756324,-1.464162576520311,0
-1.225947060785945,0.1339685037429097,-1.432372386813668,0
-1.2087695473310063,0.13912838018174645,-1.383272033175373,0
-1.1956528861133662,0.09647632513066864,-1.352409844500705,0
-1.170845412383671,0.09963648513448559,-1.294507111164958,0
-1.1604036654573937,0.045307778724191616,-1.275068861232616,0
-1.1477998192716214,-3.7948721756622506e-16,-1.25,0
-1.1204119278724338,-3.554259446665748e-16,-1.2,0
-1.1069380995363916,-0.04268899166512489,-1.176337163535087,0
-1.0975871369237398,-0.07832031644348084,-1.159499000354933,0
-1.075383648803365,-0.09303786996718248,-1.125473753467015,0
-1.0464696423025253,-0.10665909930212117,-1.080429989578334,0
-1.051303626985948,-0.07124812390196214,-1.092899391922077,0
-0.9999117033863874,-0.125013179573246,-1.035561018515463,0
-0.9950245645242097,-0.14673047483692828,-0.989176509908181,0
-1.1677186061763647,0.1542379783840815,1.282167594887338,0
-1.1888714919962236,0.1431136157671411,1.331276302514291,0
-1.2045715222141515,0.18755384618638238,1.365924926147193,0
-1.221840401251783,0.18030853711686312,1.415042858290683,0
-1.233742887395578,0.21922941831972076,1.445862726266407,0
-1.2450552009185314,0.2581411923806989,1.476666100659508,0
-1.2556854240781554,0.29702235521498377,1.507402150851457,0
-1.265801654334532,0.3358702774328153,1.5380954424125448,0
-1.2753196210781865,0.3746944375912993,1.5687806854564728,0
-1.284363935820815,0.4134744164963762,1.599475958664353,0
-1.2928407239823276,0.4521775981785494,1.630081620742793,0
-1.3008540518110994,0.4908311031934578,1.660556767405946,0
-1.3091986758550007,0.4835911390248224,1.709509802173529,0
-1.3161404123970852,0.5224478890434809,1.7396325597795008,0
-1.3229355019094582,0.5608423222240859,1.7706329664453997,0
-1.3288681156370137,0.5974646078210559,1.7989015125862058,0
-1.3334532411990283,0.6330250176403871,1.8167133472220507,0
-1.3392104940473948,0.6487764114902579,1.8523616892636547,0
-1.3435588590904466,0.6273634790264135,1.899056361771255,0
-1.1522994480609936,0.1274315858901809,1.252124005671904,0
-1.1469040473663974,0.09005898609443985,1.245307382624987,0
-1.1343604569143526,0.04504518356511822,1.2242538135382919,0
-1.1069380995364728,0.04268899166512474,1.176337163535087,0
-1.0898861183083668,2.220446049250313e-16,1.15,0
-1.0733057801023898,-0.044522010222624295,1.125704394314883,0
-1.0399185461837692,-0.03794113986174047,1.076057135607035,0
-1.005569289937567,-0.07526093772212968,1.045564283086771,0
-0.9950245645242097,-0.09801714056964259,0.9951847266485508,0
-1.287634431880248,0.3215565346357655,-1.63602157031247,0
-1.2972549846708477,0.31438987038694177,-1.684974533098074,0
-1.304489485051625,0.35311879154194126,-1.715666618898736,0
-1.312777420959488,0.34583151637307696,-1.7647329237059197,0
-1.3190642500962149,0.38455640201604524,-1.7953901169059585,0
-1.3251096806643226,0.4232389998707695,-1.8261477166214721,0
-1.330820918208001,0.46089391745695973,-1.8578343459949784,0
-1.3365972067676215,0.49731875304375417,-1.8912626241194852,0
-1.3419637373464823,0.48596035853698494,-1.9400625067070925,0
-1.2792988050973706,0.2827348787640728,-1.605378193961792,0
-1.2705731130358382,0.24389021285287715,-1.574695950369547,0
-1.2614026384883374,0.20497932559438142,-1.5439550105116622,0
-1.251546138806017,0.16652104826119357,-1.512466978477769,0
-1.2413814779013634,0.12807480255857245,-1.481355706736923,0
-1.2314891039281222,0.08823641268801594,-1.4527678473143768,0
-1.2146140625053723,0.09334945314651644,-1.402605880785698,0
-1.2036797751701345,0.04855147740473176,-1.375700978922926,0
-1.1833383389015917,0.05187126222773866,-1.325083796556721,0
-1.1718635822137444,-4.035484904658753e-16,-1.3,0
-1.1604036654573782,-0.04530777872419238,-1.275068861232616,0
-1.1343604569143084,-0.045045183565118364,-1.2242538135382919,0
-1.1205866542983438,-0.08809221923470904,-1.197018626328959,0
-1.1009651966061622,-0.12557428605446078,-1.161007384923481,0
-1.0673196458911076,-0.13892061692745566,-1.110125723683732,0
-1.0420047967779897,-0.1484540183781492,-1.069478001292287,0
-1.007390059125139,-0.17875432905531255,-1.034882314224999,0
-0.9950245645242097,-0.19509032252401728,-0.9807852803022052,0
-1.17084541238373,0.0996364851344862,1.294507111164958,0
-1.160403665457433,0.04530777872419223,1.275068861232616,0
-1.1477998192716679,2.220446049250313e-16,1.25,0
-1.1204119278725113,2.220446049250313e-16,1.2,0
-1.1069380995364744,-0.04268899166512432,1.176337163535087,0
-1.097587136923756,-0.07832031644348028,1.159499000354933,0
-1.0753836488035138,-0.09303786996718193,1.125473753467015,0
-1.046469642302523,-0.10665909930212064,1.080429989578334,0
-1.0513036269860838,-0.07124812390196161,1.092899391922077,0
-1.2087695473310163,0.1391283801817471,1.383272033175373,0
-1.2259470607859833,0.13396850374291036,1.432372386813668,0
-1.2375395087498677,0.17304630377563313,1.464162576520311,0
-1.2481929665203166,0.21201022851363738,1.4949997026729989,0
-1.2583798985311492,0.25097423121321083,1.525720328618073,0
-1.2680258047919868,0.2898760288020512,1.5563880002167207,0
-1.2771613589890451,0.3287157381860437,1.587062106724503,0
-1.2858415167811286,0.36752371487957824,1.6177352077748557,0
-1.2940436200106418,0.4062712388417782,1.648397926844745,0
-1.301858842312865,0.44494607475332093,1.679017387721106,0
-1.310160428805335,0.43774403432057274,1.7280059641580738,0
-1.3169672881752028,0.4764555166442799,1.7584105664013518,0
-1.3233991033131847,0.5150815458796802,1.7891616994758608,0
-1.3297857507889594,0.5533480134903668,1.820370353074562,0
-1.3363573947178449,0.597764505361017,1.8538753727230886,0
-1.3425677506710416,0.5805693529125178,1.9138806719486827,0
-1.1956528861134292,0.09647632513066928,1.352409844500705,0
-0.9999117033864687,-0.1250131795732455,1.035561018515463,0
-0.9950245645242097,-0.14673047483692778,0.989176509908181,0
-1.2896871897582844,0.27557550585248103,-1.654329840225027,0
-1.2992544089912552,0.268386524175806,-1.7032808422062349,0
-1.3061581744336157,0.3071491288546042,-1.7340247508089381,0
-1.3143786549221994,0.2999487683962818,-1.7830134130350404,0
-1.3204279234279834,0.3386296248089178,-1.8137163862411327,0
-1.3261419703250816,0.37709690245515404,-1.8442659484441617,0
-1.33154943239511,0.41470166107193385,-1.8742998673352531,0
-1.3367321034638457,0.4517022244215716,-1.9051230532793946,0
-1.3419085832750095,0.438202479008571,-1.9514042603701425,0
-1.2817697393323806,0.23671806579169352,-1.6236436484415262,0
-1.2734002028497102,0.1979408375207904,-1.593006883881828,0
-1.264721333137712,0.16001691586498878,-1.562047742327355,0
-1.2553178700150809,0.12292161373287694,-1.530124103446566,0
-1.2462238147950668,0.08370390425982571,-1.500907669817843,0
-1.2379271012087374,0.04359109009904612,-1.475000000000001,0
-1.2216535937209425,0.045487959753648374,-1.4253534333835467,0
-1.2124593743672938,-4.516710362651758e-16,-1.4,0
-1.1931543991423248,-4.2760976336552557e-16,-1.35,0
-1.183338338901566,-0.05187126222773946,-1.325083796556721,0
-1.1708454123836882,-0.09963648513448635,-1.294507111164958,0
-1.1469040473662608,-0.09005898609444002,-1.245307382624987,0
-1.1301307281521835,-0.12933259887127135,-1.210010914357945,0
-1.1208164910274219,-0.17171886473413936,-1.1881852256906802,0
-1.0917606984163815,-0.17799644833867748,-1.139060617110101,0
-1.0592230846818722,-0.1851149194159324,-1.090105394089912,0
-1.0454042583945595,-0.22010089776117214,-1.0625488624810968,0
-1.001018806596951,-0.2265859386866628,-1.018488388592635,0
-0.9950245645242097,-0.24298018056647994,-0.9700312530284172,0
-1.1833383389016376,0.0518712622277393,1.325083796556721,0
-1.171863582213851,2.220446049250313e-16,1.3,0
-1.1604036654574008,-0.04530777872419177,1.275068861232616,0
-1.1343604569144077,-0.04504518356511778,1.2242538135382919,0
-1.1205866542983722,-0.08809221923470846,1.197018626328959,0
-1.1009651966062528,-0.12557428605446022,1.161007384923481,0
-1.0673196458911924,-0.1389206169274551,1.110125723683732,0
-1.042004796778023,-0.1484540183781487,1.069478001292287,0
-1.007390059125218,-0.17875432905531205,1.034882314224999,0
-0.9950245645242097,-0.19509032252401678,0.9807852803022052,0
-1.214614062505502,0.0933494531465171,1.402605880785698,0
-1.2036797751701889,0.048551477404732424,1.375700978922926,0
-1.2314891039281761,0.08823641268801663,1.4527678473143768,0
-1.2413814779014352,0.12807480255857318,1.481355706736923,0
-1.2515461388060876,0.1665210482611943,1.512466978477769,0
-1.2614026384883508,0.20497932559438214,1.5439550105116622,0
-1.2705731130358962,0.24389021285287793,1.574695950369547,0
-1.279298805097376,0.28273487876407355,1.605378193961792,0
-1.2876344318803647,0.3215565346357663,1.63602157031247,0
-1.2955246580943376,0.36035178515516386,1.6666859882254128,0
-1.3030571391864796,0.3990923872639005,1.69736270689525,0
-1.3113467602289435,0.39187120676076037,1.746291315984602,0
-1.3178997532445005,0.43058236603674716,1.7769062943872238,0
-1.3241002125717143,0.46926374110706504,1.8074088000968138,0
-1.330272723306925,0.507493158805898,1.839778857711146,0
-1.3365934660522165,0.5444373455470712,1.877224849030564,0
-1.342065302783472,0.5334255134940429,1.9275521319937408,0
-1.2919779155149786,0.22952934363430788,-1.6726091660339908,0
-1.3014532484030317,0.22236316409567142,-1.721615415768595,0
-1.3080734442389887,0.2612371586543669,-1.752319126090208,0
-1.316245125422768,0.2540514458051961,-1.8013182541524269,0
-1.3219512978772747,0.29279373588153,-1.831969037211615,0
-1.3275387601557411,0.3315035453439785,-1.8625521986743323,0
-1.3322768515868335,0.37042659224067154,-1.8891167372137851,0
-1.3371066223991857,0.4041925223339651,-1.9191261706157217,0
-1.3420090573127756,0.39018064286380827,-1.9615705610388794,0
-1.2844307215156472,0.1906376161256319,-1.6418418561769728,0
-1.2768773018368522,0.1527607351834993,-1.612456496121592,0
-1.268495681763268,0.116935973329818,-1.5808759387735807,0
-1.2604516475321004,0.0802500301075885,-1.5519292488713878,0
-1.2527363771508502,0.04278039884806055,-1.525033915845612,0
-1.245245753277835,-2.77748977139445e-16,-1.5,0
-1.229752019668676,-4.75732309164826e-16,-1.4499999999999997,0
-1.2216535937209079,-0.04548795975364922,-1.4253534333835467,0
-1.2036797751701211,-0.0485514774047326,-1.375700978922926,0
-1.1956528861133582,-0.09647632513066944,-1.352409844500705,0
-1.188871491996161,-0.1431136157671413,-1.331276302514291,0
-1.16771860617624,-0.15423797838408163,-1.282167594887338,0
-1.1463065193637225,-0.16339032309227747,-1.237022592969058,0
-1.140627166228415,-0.20947580326456378,-1.218831323605658,0
-1.1144790648128013,-0.2166935967577567,-1.169802319917377,0
-1.0832594183149418,-0.22191810231964765,-1.119217208372746,0
-1.078678391796011,-0.26891265440161666,-1.102146110577886,0
-1.0455869595590679,-0.2690254522775383,-1.051901303151065,0
-1.0003749285838957,-0.27894065046113503,-1.004197890929559,0
-0.9950245645242097,-0.2902846780356869,-0.9569403354952272,0
-1.1522994480609765,-0.12743158589018105,-1.252124005671904,0
-1.193154399142392,2.220446049250313e-16,1.35,0
-1.2124593743673615,2.220446049250313e-16,1.4,0
-1.2216535937209814,0.045487959753649054,1.4253534333835467,0
-1.2379271012088076,0.043591090099046825,1.475000000000001,0
-1.246223814795077,0.08370390425982643,1.500907669817843,0
-1.255317870015132,0.12292161373287769,1.530124103446566,0
-1.2647213331377791,0.16001691586498956,1.562047742327355,0
-1.2734002028497418,0.19794083752079117,1.593006883881828,0
-1.2817697393324725,0.2367180657916943,1.6236436484415262,0
-1.2896871897582818,0.2755755058524818,1.654329840225027,0
-1.2972549846708938,0.31438987038694255,1.684974533098074,0
-1.3044894850516453,0.35311879154194203,1.715666618898736,0
-1.312777420959524,0.34583151637307785,1.7647329237059197,0
-1.319064250096247,0.38455640201604613,1.795390116905958,0
-1.3251096806642833,0.4232389998707704,1.8261477166214717,0
-1.3308209182079538,0.4608939174569606,1.857834345994978,0
-1.3365972067675458,0.49731875304375506,1.8912626241194848,0
-1.3419637373464028,0.4859603585369858,1.940062506707092,0
-1.1833383389016296,-0.05187126222773882,1.325083796556721,0
-1.1708454123837893,-0.09963648513448574,1.294507111164958,0
-1.146904047366376,-0.09005898609443941,1.245307382624987,0
-1.1301307281522381,-0.1293325988712708,1.210010914357945,0
-1.1208164910275105,-0.1717188647341388,1.1881852256906802,0
-1.0917606984164396,-0.17799644833867692,1.139060617110101,0
-1.0592230846818909,-0.1851149194159319,1.090105394089912,0
-1.0454042583946932,-0.22010089776117164,1.0625488624810968,0
-1.0010188065970336,-0.2265859386866623,1.018488388592635,0
-0.9950245645242097,-0.2429801805664795,0.9700312530284172,0
-1.2945864332786583,0.18344090596647283,-1.6908803126025873,0
-1.3038921822711858,0.17634814674090943,-1.739949481250468,0
-1.3101142274720716,0.21524160504089612,-1.7706299738893438,0
-1.3181873374279085,0.20811832087116944,-1.819599540244635,0
-1.3237302939890532,0.24693433357904815,-1.8501983997101288,0
-1.3301353099670343,0.28832046710270043,-1.8882684674594497,0
-1.3328814196296646,0.33261352463917127,-1.9008681197929178,0
-1.3371692753812299,0.358379397354349,-1.9289534975949967,0
-1.341966635523875,0.34192377647546823,-1.97055528495923,0
-1.2872955124296628,0.1444816360713198,-1.6601735157582207,0
-1.2807008614860211,0.10842004750359668,-1.6326138967520785,0
-1.2735907168656986,0.07418101540416588,-1.6041534622706848,0
-1.2660573073035126,0.04020811358870148,-1.5750473763318131,0
-1.2593258346545646,-3.018102500390954e-16,-1.5500000000000003,0
-1.2527363771508906,-0.04278039884806147,-1.525033915845612,0
-1.2379271012087423,-0.043591090099047006,-1.475000000000001,0
-1.231489103928125,-0.0882364126880168,-1.4527678473143768,0
-1.2146140625054163,-0.09334945314651727,-1.402605880785698,0
-1.2087695473310027,-0.13912838018174728,-1.383272033175373,0
-1.2045715222140214,-0.18755384618638254,-1.365924926147193,0
-1.1845746059936222,-0.19193062216878834,-1.315452553377113,0
-1.1637166631111848,-0.19967445931444122,-1.2668207874490909,0
-1.1594879760285606,-0.2482259534438102,-1.249549437856368,0
-1.1359830438842082,-0.25569214394846707,-1.20081514108489,0
-1.1093998460014312,-0.26269009724273057,-1.151639946060103,0
-1.1059697203833112,-0.308436965831899,-1.134335909489621,0
-1.0756472994761253,-0.31370862659348225,-1.0856398098607392,0
-1.0446659512500924,-0.3191632753664118,-1.0368128704020472,0
-0.9998015148536545,-0.3284235297700594,-0.9886217685443469,0
-0.9950245645242097,-0.3368898542958706,-0.9415440648596894,0
-1.203679775170219,-0.04855147740473193,1.375700978922926,0
-1.221653593720971,-0.04548795975364854,1.4253534333835467,0
-1.2297520196687604,2.220446049250313e-16,1.4499999999999997,0
-1.2452457532778962,4.440892098500626e-16,1.5,0
-1.252736377150959,0.042780398848061285,1.525033915845612,0
-1.2604516475321856,0.08025003010758924,1.5519292488713878,0
-1.268495681763322,0.11693597332981875,1.5808759387735807,0
-1.2768773018369388,0.15276073518350008,1.612456496121592,0
-1.284430721515717,0.19063761612563268,1.6418418561769728,0
-1.2919779155149942,0.22952934363430866,1.6726091660339908,0
-1.29925440899135,0.2683865241758068,1.7032808422062349,0
-1.3061581744335873,0.3071491288546051,1.7340247508089381,0
-1.3143786549222538,0.2999487683962827,1.7830134130350404,0
-1.3204279234279739,0.33862962480891867,1.8137163862411327,0
-1.326141970325083,0.3770969024551549,1.8442659484441617,0
-1.3315494323951,0.41470166107193474,1.8742998673352527,0
-1.3367321034638322,0.4517022244215725,1.9051230532793941,0
-1.3419085832749285,0.4382024790085719,1.951404260370142,0
-1.195652886113417,-0.0964763251306688,1.352409844500705,0
-1.1888714919962093,-0.14311361576714063,1.331276302514291,0
-1.1677186061763225,-0.15423797838408101,1.282167594887338,0
-1.146306519363805,-0.16339032309227686,1.237022592969058,0
-1.1406271662285261,-0.20947580326456317,1.218831323605658,0
-1.1144790648128995,-0.21669359675775615,1.169802319917377,0
-1.0832594183149837,-0.2219181023196471,1.119217208372746,0
-1.0786783917961278,-0.2689126544016161,1.102146110577886,0
-1.0455869595591674,-0.26902545227753777,1.051901303151065,0
-1.0003749285840084,-0.2789406504611346,1.004197890929559,0
-0.9950245645242097,-0.29028467803568647,0.9569403354952272,0
-1.152299448061,-0.12743158589018044,1.252124005671904,0
-1.297353288447353,0.1373372338098771,-1.7092507103059824,0
-1.3066376978091374,0.13005416236622175,-1.7593661893864032,0
-1.3125159444903958,0.16927364070638107,-1.7889718720245857,0
-1.320304913680299,0.1621490675829853,-1.837947665295526,0
-1.3254970534661938,0.20004092410567043,-1.8672936272969487,0
-1.3306458751673857,0.23713906610812097,-1.8999617037780747,0
-1.3366429036626502,0.2642026521989158,-1.93992705931324,0
-1.3365104687754301,0.3109393255730093,-1.9324841119494491,0
-1.3419814560707433,0.29346094804526446,-1.978353020057941,0
-1.2910165902585757,0.09900746682428715,-1.680355808766392,0
-1.285093861699265,0.06513943335730685,-1.655127595563618,0
-1.2782715288119455,0.03553674009030561,-1.6254834332807477,0
-1.2721979675640553,-3.2587152293874553e-16,-1.6,0
-1.2660573073034826,-0.040208113588702445,-1.5750473763318131,0
-1.260451647532108,-0.08025003010758944,-1.5519292488713878,0
-1.2462238147950335,-0.08370390425982661,-1.500907669817843,0
-1.241381477901355,-0.12807480255857337,-1.481355706736923,0
-1.2259470607859395,-0.1339685037429105,-1.432372386813668,0
-1.2218404012517328,-0.1803085371168633,-1.415042858290683,0
-1.2178681358237045,-0.226462760447891,-1.3967556434549313,0
-1.2003342475602177,-0.2337078337063405,-1.347657995702593,0
-1.1809782309167989,-0.2409704972819501,-1.2985876924889,0
-1.1772259901796545,-0.2870510277159113,-1.280334932435385,0
-1.155798537572845,-0.2945843449848361,-1.231677909434284,0
-1.132257052352341,-0.3019187746551887,-1.183185460292307,0
-1.129743078496387,-0.34784616906804755,-1.1659184707108032,0
-1.1039130722833874,-0.3549575354954195,-1.1172133050891293,0
-1.0743811513010533,-0.3622217799782452,-1.0686406496426593,0
-1.0440332427839563,-0.3680458222700123,-1.0196738491723591,0
-0.9995120906153506,-0.3754615323548295,-0.9716515897092132,0
-0.9950245645242097,-0.38268343336843447,-0.9238795320956877,0
-1.2146140625054622,-0.0933494531465166,1.402605880785698,0
-1.231489103928205,-0.0882364126880161,1.4527678473143768,0
-1.237927101208801,-0.0435910900990463,1.475000000000001,0
-1.252736377150958,-0.04278039884806074,1.525033915845612,0
-1.259325834654575,4.440892098500626e-16,1.5500000000000003,0
-1.2660573073035495,0.04020811358870224,1.5750473763318131,0
-1.2735907168657716,0.07418101540416666,1.6041534622706848,0
-1.2807008614860635,0.10842004750359746,1.6326138967520785,0
-1.2872955124297154,0.14448163607132058,1.6601735157582207,0
-1.2945864332787151,0.18344090596647367,1.6908803126025873,0
-1.3014532484030505,0.22236316409567225,1.721615415768595,0
-1.3080734442390758,0.2612371586543678,1.752319126090208,0
-1.316245125422761,0.254051445805197,1.8013182541524269,0
-1.3219512978773245,0.2927937358815309,1.831969037211615,0
-1.3275387601557638,0.3315035453439794,1.8625521986743323,0
-1.3322768515867989,0.3704265922406724,1.8891167372137851,0
-1.3371066223991452,0.40419252233396596,1.9191261706157212,0
-1.3420090573127343,0.39018064286380927,1.961570561038879,0
-1.2087695473310867,-0.1391283801817466,1.383272033175373,0
-1.2045715222141335,-0.18755384618638188,1.365924926147193,0
-1.1845746059937197,-0.19193062216878773,1.315452553377113,0
-1.1637166631112053,-0.1996744593144406,1.2668207874490909,0
-1.159487976028668,-0.2482259534438096,1.249549437856368,0
-1.1359830438842407,-0.2556921439484665,1.20081514108489,0
-1.1093998460015326,-0.26269009724273,1.151639946060103,0
-1.1059697203833565,-0.30843696583189845,1.134335909489621,0
-1.0756472994762267,-0.3137086265934817,1.0856398098607392,0
-1.044665951250161,-0.31916327536641137,1.0368128704020472,0
-0.9998015148538013,-0.32842352977005895,0.9886217685443471,0
-0.9950245645242097,-0.33688985429587015,0.9415440648596897,0
-1.3012702444405346,0.08446628922661864,-1.7333463122847295,0
-1.3102027268913279,0.09225907196800812,-1.7808935971466178,0
-1.3149365932907398,0.12400935585313547,-1.8074161377337727,0
-1.3228822323021807,0.11832672542766698,-1.8566382578642138,0
-1.3273835405605343,0.15455984204448692,-1.885264390806146,0
-1.3317042607088263,0.18668005450213182,-1.912482003698244,0
-1.3367378793026456,0.21696083777936143,-1.9466861376540276,0
-1.3419491902613427,0.244821349716056,-1.9849590692815833,0
-1.293907204945016,0.051981915313274854,-1.6968314955187132,0
-1.2879323271044936,0.029988870108708626,-1.6682265892867811,0
-1.2838418805337477,-3.499327958383958e-16,-1.65,0
-1.2782715288119557,-0.03553674009030658,-1.6254834332807477,0
-1.2735907168656815,-0.07418101540416687,-1.6041534622706848,0
-1.2684956817632804,-0.11693597332981893,-1.5808759387735807,0
-1.2553178700150496,-0.12292161373287788,-1.530124103446566,0
-1.2515461388060005,-0.16652104826119446,-1.512466978477769,0
-1.23753950874977,-0.17304630377563332,-1.464162576520311,0
-1.2337428873954601,-0.21922941831972095,-1.445862726266407,0
-1.23036304297551,-0.2653619377813314,-1.427575947573089,0
-1.2143196883502723,-0.2725948296956932,-1.3784788153751388,0
-1.1966462417953525,-0.27983033267682406,-1.329394721754459,0
-1.1936159037559997,-0.32593760893702295,-1.3111714858139034,0
-1.1743015529466172,-0.3333668210357331,-1.2624620533703903,0
-1.1532166386165033,-0.3408518767713714,-1.214071734541909,0
-1.1511940359694413,-0.3866367463329262,-1.196216777394312,0
-1.1279576413610226,-0.39359265178888586,-1.1477751322528322,0
-1.102336672365661,-0.4007424435001527,-1.0990421277971383,0
-1.0733345596289463,-0.40801797593576,-1.0504493620355853,0
-1.044387439644654,-0.4149868402147686,-1.001866854700305,0
-0.9996972384323259,-0.42160120269297774,-0.9527773036306831,0
-0.9950245645242097,-0.4275550943054308,-0.9039892927095289,0
-1.2259470607860246,-0.13396850374290983,1.432372386813668,0
-1.2218404012517703,-0.18030853711686262,1.415042858290683,0
-1.2178681358237735,-0.22646276044789032,1.3967556434549313,0
-1.2003342475602634,-0.23370783370633982,1.347657995702593,0
-1.1809782309169223,-0.2409704972819495,1.2985876924889,0
-1.1772259901796955,-0.2870510277159106,1.280334932435385,0
-1.1557985375729827,-0.29458434498483554,1.231677909434284,0
-1.1322570523524114,-0.3019187746551881,1.183185460292307,0
-1.1297430784965625,-0.347846169068047,1.1659184707108032,0
-1.1039130722834427,-0.3549575354954189,1.1172133050891293,0
-1.0743811513011332,-0.3622217799782446,1.0686406496426593,0
-1.0440332427840024,-0.36804582227001187,1.0196738491723591,0
-0.9995120906154711,-0.37546153235482904,0.9716515897092134,0
-0.9950245645242097,-0.382683433368434,0.923879532095688,0
-1.241381477901384,-0.12807480255857265,1.481355706736923,0
-1.2462238147951283,-0.08370390425982589,1.500907669817843,0
-1.2604516475321699,-0.08025003010758869,1.5519292488713878,0
-1.2660573073035846,-0.04020811358870168,1.5750473763318131,0
-1.2721979675641568,4.440892098500626e-16,1.6,0
-1.2782715288120154,0.035536740090306385,1.6254834332807477,0
-1.285093861699272,0.06513943335730765,1.655127595563618,0
-1.291016590258679,0.09900746682428796,1.680355808766392,0
-1.2973532884473982,0.13733723380987795,1.7092507103059824,0
-1.3038921822712541,0.17634814674091026,1.739949481250468,0
-1.3101142274721354,0.21524160504089696,1.7706299738893438,0
-1.3181873374279764,0.20811832087117033,1.819599540244635,0
-1.3237302939891238,0.24693433357904904,1.8501983997101288,0
-1.3301353099670463,0.2883204671027013,1.8882684674594497,0
-1.3328814196297176,0.33261352463917215,1.9008681197929178,0
-1.3371692753811921,0.35837939735434987,1.9289534975949967,0
-1.3419666355238884,0.34192377647546923,1.97055528495923,0
-1.3089948309460175,0.04597447647800215,-1.7765698464807682,0
-1.3014254520877806,0.03764029347432368,-1.73480509929066,0
-1.294124713321045,-3.7399406873804604e-16,-1.7,0
-1.2879323271045156,-0.029988870108709636,-1.6682265892867811,0
-1.2850938616992686,-0.06513943335730786,-1.655127595563618,0
-1.2807008614859696,-0.10842004750359766,-1.6326138967520785,0
-1.2768773018368706,-0.15276073518350028,-1.612456496121592,0
-1.2647213331376914,-0.16001691586498978,-1.562047742327355,0
-1.2614026384883135,-0.2049793255943823,-1.5439550105116622,0
-1.2481929665202691,-0.21201022851363757,-1.4949997026729989,0
-1.2450552009185167,-0.258141192380699,-1.476666100659508,0
-1.242268022982859,-0.3042270603573753,-1.458388756466627,0
-1.2275622420585268,-0.3114415387090043,-1.4093463981583103,0
-1.2113920050928584,-0.3186905432063473,-1.3601958706981223,0
-1.2090413777415143,-0.36474329295742697,-1.3420197378988001,0
-1.1913728520479039,-0.3720098234345868,-1.2929820038783402,0
-1.1721605478325237,-0.37941260423677237,-1.244579455981317,0
-1.1709049433655874,-0.4252794204484168,-1.2266405731933703,0
-1.1500534498145623,-0.43231871022101875,-1.1781463760709103,0
-1.1270987894591804,-0.43935936165323136,-1.1295773861480762,0
-1.1020956895646206,-0.446528304357973,-1.0808417087652382,0
-1.0735081195781984,-0.453750326671212,-1.0319088098025382,0
-1.0443483150040072,-0.4615420620437508,-0.9813884521041307,0
-0.999496958908225,-0.4678329115627794,-0.9305459785467523,0
-0.9950245645242097,-0.4713967375487834,-0.8819212639620181,0
-1.3178527251114733,0.07679107591606238,-1.8277694998474183,0
-1.3255646897773237,0.08555817925492645,-1.876816303509594,0
-1.3297132034575623,0.11251150993909495,-1.9040053333338343,0
-1.332620090625292,0.1453451031873198,-1.9218622004639243,0
-1.3368838927847566,0.16883687731132152,-1.953263734074862,0
-1.3418629231049335,0.19603428015147445,-1.990369453394393,0
-1.2375395087498733,-0.1730463037756326,1.464162576520311,0
-1.2515461388060733,-0.16652104826119374,1.512466978477769,0
-1.2553178700151477,-0.12292161373287713,1.530124103446566,0
-1.2684956817633326,-0.11693597332981819,1.5808759387735807,0
-1.2735907168657459,-0.07418101540416609,1.6041534622706848,0
-1.2782715288119872,-0.0355367400903058,1.6254834332807477,0
-1.283841880533878,4.440892098500626e-16,1.65,0
-1.2879323271045624,0.02998887010870943,1.6682265892867811,0
-1.2939072049450782,0.05198191531327567,1.6968314955187132,0
-1.301270244440645,0.08446628922661947,1.7333463122847295,0
-1.306637697809171,0.13005416236622258,1.7593661893864032,0
-1.3125159444904602,0.16927364070638196,1.7889718720245857,0
-1.3203049136803788,0.1621490675829862,1.837947665295526,0
-1.32549705346622,0.20004092410567131,1.8672936272969487,0
-1.3306458751674655,0.23713906610812185,1.8999617037780747,0
-1.3366429036626963,0.2642026521989167,1.93992705931324,0
-1.3365104687754186,0.3109393255730102,1.9324841119494491,0
-1.3419814560707473,0.29346094804526546,1.978353020057941,0
-1.2337428873955532,-0.21922941831972023,1.445862726266407,0
-1.2303630429756076,-0.2653619377813307,1.427575947573089,0
-1.2143196883503895,-0.27259482969569254,1.3784788153751388,0
-1.1966462417953794,-0.2798303326768234,1.329394721754459,0
-1.193615903756111,-0.3259376089370223,1.3111714858139034,0
-1.1743015529466547,-0.33336682103573256,1.2624620533703903,0
-1.1532166386165714,-0.34085187677137085,1.214071734541909,0
-1.151194035969489,-0.38663674633292566,1.196216777394312,0
-1.1279576413610868,-0.3935926517888853,1.1477751322528322,0
-1.1023366723657992,-0.40074244350015215,1.0990421277971383,0
-1.0733345596290993,-0.40801797593575945,1.0504493620355853,0
-1.0443874396447346,-0.41498684021476817,1.001866854700305,0
-0.9996972384324728,-0.4216012026929773,0.9527773036306834,0
-0.9950245645242097,-0.42755509430543037,0.9039892927095291,0
-1.3174070055381644,0.03321336451665703,-1.825867869265637,0
-1.3251560513605039,0.04330127018922124,-1.8749999999999987,0
-1.331685816186068,0.07732185336542982,-1.9182327217011752,0
-1.3362490862941443,0.117588385052314,-1.9516064454522202,0
-1.3418840073705762,0.1471291268716512,-1.9945809133815517,0
-1.3130187344642836,-4.2211661453734645e-16,-1.7999999999999998,0
-1.3041239759111372,-3.980553416376964e-16,-1.7500000000000002,0
-1.3014254520877533,-0.037640293474324724,-1.73480509929066,0
-1.2939072049449838,-0.05198191531327588,-1.6968314955187132,0
-1.291016590258575,-0.09900746682428817,-1.680355808766392,0
-1.2872955124296452,-0.14448163607132078,-1.6601735157582207,0
-1.2844307215156137,-0.19063761612563287,-1.6418418561769728,0
-1.273400202849708,-0.19794083752079136,-1.593006883881828,0
-1.2705731130358067,-0.24389021285287815,-1.574695950369547,0
-1.2583798985310524,-0.25097423121321105,-1.525720328618073,0
-1.2556854240781,-0.297022355214984,-1.507402150851457,0
-1.2534236035835267,-0.3430488879727104,-1.489147238508587,0
-1.239930217157125,-0.35024547450578897,-1.440166094838575,0
-1.2251745583677611,-0.35749510515074506,-1.3911859266070872,0
-1.2233826668048713,-0.40345861949465606,-1.372927970335845,0
-1.2071379725109403,-0.4107349083677036,-1.3235299389249993,0
-1.189843586878412,-0.418015161239343,-1.2750544577923812,0
-1.18910261978142,-0.4638327627957054,-1.2573541431005453,0
-1.1703613571409393,-0.4708985323807485,-1.2087065395314422,0
-1.1499367926285355,-0.4779611612252263,-1.16010884323164,0
-1.1274470793519824,-0.48508230693625215,-1.1114046269006421,0
-1.1030852901240682,-0.4922185747921503,-1.0626625393001552,0
-1.0752559274423048,-0.4997707221212973,-1.0131041598173953,0
-1.0445831444034406,-0.5078971467827026,-0.9587496398174936,0
-0.9999259178843241,-0.5137011943355826,-0.9068094239343711,0
-0.9950245645242097,-0.5141027447316917,-0.8577286096775256,0
-1.2481929665203488,-0.21201022851363685,1.4949997026729989,0
-1.26140263848837,-0.2049793255943816,1.5439550105116622,0
-1.2647213331377511,-0.160016915864989,1.562047742327355,0
-1.2768773018369373,-0.1527607351834995,1.612456496121592,0
-1.28070086148606,-0.10842004750359688,1.6326138967520785,0
-1.2850938616993244,-0.06513943335730706,1.655127595563618,0
-1.2879323271045708,-0.02998887010870883,1.6682265892867811,0
-1.2941247133210956,4.440892098500626e-16,1.7,0
-1.3014254520878485,0.037640293474324515,1.73480509929066,0
-1.3089948309461028,0.04597447647800301,1.7765698464807682,0
-1.3102027268913656,0.09225907196800898,1.7808935971466178,0
-1.314936593290832,0.12400935585313633,1.8074161377337727,0
-1.3228822323022598,0.11832672542766787,1.8566382578642138,0
-1.3273835405606325,0.1545598420444878,1.885264390806146,0
-1.331704260708912,0.18668005450213276,1.912482003698244,0
-1.336737879302748,0.21696083777936237,1.9466861376540276,0
-1.3419491902614378,0.24482134971605696,1.9849590692815833,0
-1.2450552009185403,-0.2581411923806983,1.476666100659508,0
-1.242268022982922,-0.3042270603573746,1.458388756466627,0
-1.22756224205858,-0.31144153870900365,1.4093463981583103,0
-1.2113920050929738,-0.31869054320634665,1.3601958706981223,0
-1.209041377741563,-0.3647432929574263,1.3420197378988001,0
-1.1913728520480324,-0.3720098234345861,1.2929820038783402,0
-1.172160547832633,-0.3794126042367718,1.244579455981317,0
-1.1709049433656948,-0.42527942044841627,1.2266405731933703,0
-1.1500534498146502,-0.4323187102210182,1.1781463760709103,0
-1.1270987894592333,-0.4393593616532308,1.1295773861480762,0
-1.1020956895646539,-0.44652830435797247,1.0808417087652382,0
-1.0735081195782799,-0.45375032667121157,1.0319088098025382,0
-1.0443483150041024,-0.46154206204375037,0.981388452104131,0
-0.99949695890838,-0.46783291156277895,0.9305459785467525,0
-0.9950245645242097,-0.471396737548783,0.8819212639620183,0
-1.3211715547587777,-4.461778874369969e-16,-1.8500000000000003,0
-1.328882118274819,-4.702391603366471e-16,-1.9000000000000001,0
-1.3327617867047081,0.037553985915335056,-1.928261180649688,0
-1.337297799677209,0.07007625196366413,-1.9596774076060508,0
-1.342116445742691,0.09813534843591812,-1.9975909124210998,0
-1.3089948309459953,-0.045974476478003234,-1.7765698464807682,0
-1.3012702444405653,-0.08446628922661968,-1.7333463122847295,0
-1.2973532884473304,-0.13733723380987817,-1.7092507103059824,0
-1.294586433278656,-0.1834409059664739,-1.6908803126025873,0
-1.2919779155149405,-0.22952934363430882,-1.6726091660339908,0
-1.2817697393323846,-0.2367180657916945,-1.6236436484415262,0
-1.279298805097345,-0.28273487876407377,-1.605378193961792,0
-1.268025804791904,-0.28987602880205143,-1.5563880002167207,0
-1.2658016543344757,-0.3358702774328155,-1.538095442412545,0
-1.2639429604940433,-0.3818470441582402,-1.519856723120797,0
-1.2515446967340196,-0.3890181613194682,-1.4709227542214822,0
-1.238104687606161,-0.39624209352543,-1.4220054950693592,0
-1.2366998512676524,-0.44215049307674276,-1.4038711475725771,0
-1.2221834758457562,-0.4493858238898895,-1.354955575942247,0
-1.2064218978203147,-0.4566925259191863,-1.3062533764974122,0
-1.2059160733796859,-0.5023621380309773,-1.2880914710239872,0
-1.1890325507610808,-0.5094748583675279,-1.2393250274103271,0
-1.1705898712504577,-0.5164565675553587,-1.190623776248984,0
-1.1506486019227586,-0.5236219767656427,-1.1419135844831623,0
-1.1287649845789232,-0.5305982052874259,-1.093119389235089,0
-1.105366869481501,-0.5379745258904919,-1.0443954244305542,0
-1.0772241179685396,-0.5454051006855597,-0.9927589581188689,0
-1.0465027101139432,-0.5517769301698235,-0.9361280574853371,0
-1.0061333409509587,-0.562862935672958,-0.8854187084023333,0
-0.9950245645242097,-0.5555702334510615,-0.8314696120142536,0
-1.3174070055381712,-0.03321336451665813,-1.825867869265637,0
-1.2583798985311567,-0.2509742312132103,1.525720328618073,0
-1.2556854240781972,-0.2970223552149832,1.507402150851457,0
-1.2534236035835813,-0.3430488879727097,1.489147238508587,0
-1.239930217157249,-0.3502454745057883,1.440166094838575,0
-1.2251745583678106,-0.3574951051507444,1.3911859266070872,0
-1.2233826668049876,-0.4034586194946554,1.372927970335845,0
-1.2071379725109885,-0.41073490836770293,1.3235299389249993,0
-1.189843586878496,-0.41801516123934235,1.2750544577923812,0
-1.1891026197815067,-0.46383276279570484,1.2573541431005453,0
-1.1703613571410523,-0.47089853238074797,1.2087065395314422,0
-1.1499367926286002,-0.47796116122522575,1.16010884323164,0
-1.1274470793521907,-0.4850823069362516,1.1114046269006421,0
-1.103085290124174,-0.49221857479214975,1.0626625393001552,0
-1.0752559274423783,-0.49977072212129686,1.0131041598173953,0
-1.0445831444035556,-0.5078971467827021,0.9587496398174938,0
-0.9999259178843868,-0.5137011943355821,0.9068094239343714,0
-0.9950245645242097,-0.5141027447316913,0.8577286096775258,0
-1.2705731130359006,-0.24389021285287737,1.574695950369547,0
-1.2734002028497948,-0.19794083752079059,1.593006883881828,0
-1.2844307215156987,-0.1906376161256321,1.6418418561769728,0
-1.28729551242973,-0.14448163607132,1.6601735157582207,0
-1.2910165902586554,-0.09900746682428736,1.680355808766392,0
-1.293907204945056,-0.05198191531327506,1.6968314955187132,0
-1.3014254520878774,-0.03764029347432389,1.73480509929066,0
-1.3041239759111856,4.440892098500626e-16,1.7500000000000002,0
-1.3130187344643762,4.440892098500626e-16,1.7999999999999998,0
-1.3174070055382274,0.033213364516657906,1.825867869265637,0
-1.3178527251115721,0.07679107591606327,1.8277694998474183,0
-1.3255646897773987,0.08555817925492737,1.876816303509594,0
-1.329713203457675,0.11251150993909587,1.9040053333338343,0
-1.3326200906253827,0.14534510318732075,1.9218622004639243,0
-1.3368838927848936,0.16883687731132246,1.953263734074862,0
-1.341862923105068,0.1960342801514754,1.990369453394393,0
-1.3251560513605332,-0.04330127018922237,-1.8749999999999987,0
-1.3178527251114716,-0.0767910759160635,-1.8277694998474183,0
-1.310202726891295,-0.0922590719680092,-1.7808935971466178,0
-1.306637697809119,-0.13005416236622278,-1.7593661893864032,0
-1.3038921822711609,-0.17634814674091048,-1.739949481250468,0
-1.3014532484029757,-0.22236316409567247,-1.721615415768595,0
-1.2992544089912428,-0.26838652417580694,-1.7032808422062349,0
-1.2896871897582491,-0.275575505852482,-1.654329840225027,0
-1.2876344318802584,-0.32155653463576644,-1.6360215703124703,0
-1.2771613589890047,-0.32871573818604394,-1.5870621067245032,0
-1.2753196210780837,-0.3746944375912995,-1.568780685456473,0
-1.2738172687029892,-0.42060639106817477,-1.5505070239229581,0
-1.2624403529209263,-0.4277704117103889,-1.501594527869645,0
-1.2501080518554752,-0.4349346948827674,-1.4527104669804691,0
-1.249112897330546,-0.4808141896676554,-1.434518849868267,0
-1.2358560891870918,-0.4879862440859432,-1.385711011541831,0
-1.2214843716370916,-0.49519113737046044,-1.336910852842581,0
-1.2213814429185217,-0.5409604740435414,-1.3187041651600198,0
-1.206057590200126,-0.548000609435132,-1.2698873600378848,0
-1.1894645489581337,-0.5549153801891833,-1.2209649577838948,0
-1.1715531260519418,-0.5618783883164293,-1.1722197755310897,0
-1.1521672391510955,-0.5688032766987923,-1.1235534294985559,0
-1.1311046828784637,-0.5760366303895524,-1.0747444034304328,0
-1.1080787200745985,-0.5832219715065895,-1.0250348469647779,0
-1.0811200706342694,-0.5901000355418006,-0.9734586599499814,0
-1.0562649090835357,-0.5967194625730228,-0.9265112606822699,0
-1.0398047419952297,-0.609270641144163,-0.888823818325066,0
-0.9978864789279089,-0.6024251021860324,-0.8491017720403066,0
-0.9950245645242097,-0.5956993047980853,-0.803207531253958,0
-1.335745979618451,-4.943004332362972e-16,-1.95,0
-1.3379711057199617,0.03508607853653872,-1.9642212497895688,0
-1.3424079045516877,0.049082456912150116,-1.99939763739569,0
-1.33276178670469,-0.03755398591533622,-1.928261180649688,0
-1.2680258047919535,-0.28987602880205066,1.5563880002167207,0
-1.2658016543345767,-0.3358702774328147,1.538095442412545,0
-1.2639429604941244,-0.38184704415823945,1.519856723120797,0
-1.251544696734086,-0.38901816131946754,1.4709227542214822,0
-1.2381046876062447,-0.39624209352542933,1.4220054950693592,0
-1.2366998512677345,-0.4421504930767421,1.4038711475725771,0
-1.2221834758458356,-0.44938582388988885,1.354955575942247,0
-1.2064218978204242,-0.45669252591918563,1.3062533764974122,0
-1.205916073379769,-0.5023621380309766,1.2880914710239872,0
-1.1890325507611612,-0.5094748583675273,1.2393250274103271,0
-1.17058987125051,-0.5164565675553581,1.190623776248984,0
-1.1506486019228468,-0.5236219767656423,1.1419135844831623,0
-1.1287649845789345,-0.5305982052874254,1.093119389235089,0
-1.1053668694816634,-0.5379745258904914,1.0443954244305542,0
-1.0772241179686326,-0.5454051006855593,0.9927589581188692,0
-1.0465027101140423,-0.5517769301698231,0.9361280574853373,0
-1.0061333409510997,-0.5628629356729575,0.8854187084023335,0
-0.9950245645242097,-0.555570233451061,0.8314696120142538,0
-1.2792988050974254,-0.282734878764073,1.605378193961792,0
-1.2817697393324219,-0.23671806579169372,1.6236436484415262,0
-1.2919779155150204,-0.22952934363430805,1.6726091660339908,0
-1.2945864332787,-0.18344090596647306,1.6908803126025873,0
-1.2973532884474193,-0.13733723380987733,1.7092507103059824,0
-1.301270244440615,-0.08446628922661885,1.7333463122847295,0
-1.308994830946085,-0.045974476478002374,1.7765698464807682,0
-1.3174070055382343,-0.033213364516657254,1.825867869265637,0
-1.3211715547588565,4.440892098500626e-16,1.8500000000000003,0
-1.3251560513606169,0.04330127018922214,1.8749999999999987,0
-1.3316858161861407,0.07732185336543074,1.9182327217011752,0
-1.3362490862942946,0.11758838505231495,1.9516064454522202,0
-1.341884007370696,0.14712912687165214,1.9945809133815517,0
-1.3255646897772855,-0.0855581792549276,-1.876816303509594,0
-1.3316858161860372,-0.07732185336543096,-1.9182327217011752,0
-1.3372977996772084,-0.0700762519636653,-1.9596774076060508,0
-1.3379711057199564,-0.0350860785365399,-1.9642212497895688,0
-1.3422461320783858,-5.183617061359476e-16,-2.0,0
-1.314936593290734,-0.12400935585313654,-1.8074161377337727,0
-1.3228822323021374,-0.11832672542766809,-1.8566382578642138,0
-1.3125159444903602,-0.1692736407063822,-1.7889718720245857,0
-1.3101142274720512,-0.21524160504089715,-1.7706299738893438,0
-1.3080734442389914,-0.2612371586543681,-1.752319126090208,0
-1.306158174433541,-0.3071491288546054,-1.7340247508089381,0
-1.2972549846708052,-0.3143898703869427,-1.6849745330980743,0
-1.295524658094324,-0.36035178515516403,-1.666685988225413,0
-1.2858415167810822,-0.36752371487957847,-1.617735207774856,0
-1.284363935820777,-0.4134744164963764,-1.5994759586643532,0
-1.2831329689042814,-0.45935407468174594,-1.5811556519968581,0
-1.2726553316090314,-0.4664979617709988,-1.532178596429625,0
-1.2613102064053892,-0.47364393902601065,-1.483337559407126,0
-1.260616345584662,-0.5194966514366276,-1.4651228610774731,0
-1.248520476176298,-0.5266645463085134,-1.4163189620861563,0
-1.2354774666717472,-0.5338238125609349,-1.3675109742324743,0
-1.2355886389590784,-0.5794975307215884,-1.3493514221344458,0
-1.2217645087001072,-0.5866113877317998,-1.3004422055586018,0
-1.2067986703288296,-0.593509912261829,-1.2514551744481708,0
-1.1906508987881879,-0.6003896438029142,-1.2025871732685858,0
-1.1732003238470603,-0.6072315446350107,-1.1536334045363275,0
-1.1546228104005596,-0.6144161180048069,-1.1050348978716238,0
-1.1342636258622163,-0.6215807479295329,-1.0556809766282138,0
-1.111974389746491,-0.6284573073799119,-1.0059047240256815,0
-1.0887999198794214,-0.6355951571603499,-0.9569884918183371,0
-1.06395693866974,-0.6434724295602686,-0.910234284142092,0
-1.0404898370200526,-0.6464138720581947,-0.864628456048897,0
-0.9969447298570979,-0.6399643707553332,-0.8199934384707416,0
-0.9950245645242097,-0.6343932843209605,-0.773010453233632,0
-1.2771613589890787,-0.32871573818604316,1.5870621067245032,0
-1.275319621078185,-0.3746944375912987,1.568780685456473,0
-1.2738172687030471,-0.420606391068174,1.5505070239229581,0
-1.2624403529210155,-0.4277704117103881,1.501594527869645,0
-1.2501080518555643,-0.43493469488276676,1.4527104669804691,0
-1.2491128973306551,-0.4808141896676547,1.434518849868267,0
-1.235856089187158,-0.48798624408594254,1.385711011541831,0
-1.221484371637163,-0.4951911373704598,1.336910852842581,0
-1.2213814429186445,-0.5409604740435408,1.3187041651600202,0
-1.2060575902002086,-0.5480006094351313,1.2698873600378853,0
-1.189464548958235,-0.5549153801891826,1.2209649577838952,0
-1.1715531260520604,-0.5618783883164287,1.1722197755310901,0
-1.1521672391512316,-0.5688032766987918,1.1235534294985563,0
-1.1311046828785136,-0.576036630389552,1.0747444034304332,0
-1.1080787200746287,-0.583221971506589,1.0250348469647783,0
-1.0811200706344073,-0.5901000355418001,0.9734586599499816,0
-1.0562649090835659,-0.5967194625730223,0.9265112606822701,0
-1.0398047419953154,-0.6092706411441625,0.8888238183250662,0
-0.9978864789280834,-0.602425102186032,0.8491017720403068,0
-0.9950245645242097,-0.5956993047980849,0.8032075312539583,0
-1.287634431880305,-0.32155653463576567,1.6360215703124703,0
-1.2896871897583373,-0.2755755058524812,1.654329840225027,0
-1.2992544089912685,-0.26838652417580616,1.7032808422062349,0
-1.3014532484030756,-0.22236316409567164,1.721615415768595,0
-1.3038921822712297,-0.17634814674090965,1.739949481250468,0
-1.3066376978091818,-0.13005416236622194,1.7593661893864032,0
-1.3102027268913645,-0.09225907196800834,1.7808935971466178,0
-1.3178527251115686,-0.07679107591606261,1.8277694998474183,0
-1.3251560513606087,-0.04330127018922147,1.8749999999999987,0
-1.3288821182749224,4.440892098500626e-16,1.9000000000000001,0
-1.332761786704839,0.037553985915335986,1.928261180649688,0
-1.3372977996773137,0.07007625196366507,1.9596774076060508,0
-1.3421164457428514,0.09813534843591909,1.9975909124210998,0
-1.3297132034575754,-0.1125115099390961,-1.9040053333338343,0
-1.3273835405604977,-0.15455984204448803,-1.885264390806146,0
-1.3203049136802807,-0.16214906758298642,-1.837947665295526,0
-1.3181873374278896,-0.20811832087117055,-1.819599540244635,0
-1.3162451254226828,-0.25405144580519723,-1.8013182541524269,0
-1.3143786549221947,-0.2999487683962829,-1.7830134130350404,0
-1.3127774209594396,-0.34583151637307813,-1.76473292370592,0
-1.3044894850515998,-0.3531187915419422,-1.7156666188987362,0
-1.3030571391864063,-0.39909238726390067,-1.6973627068952502,0
-1.294043620010569,-0.40627123884177835,-1.6483979268447453,0
-1.2928407239822566,-0.4521775981785496,-1.6300816207427933,0
-1.2919031534975718,-0.49808885295392913,-1.6116046261293142,0
-1.2822092599585224,-0.5052166796183272,-1.5627636591291223,0
-1.2718309116751672,-0.5123478992267804,-1.5139186190521612,0
-1.2713637385675856,-0.5581773160330769,-1.4957010917114448,0
-1.2603107127376276,-0.5653297100242304,-1.4469192155108095,0
-1.2484453879361423,-0.5724530245671205,-1.3981753524001068,0
-1.2487576871835286,-0.6180801027467782,-1.3800047173256658,0
-1.236191090802112,-0.6250597025248632,-1.3309994190427197,0
-1.2226446393480073,-0.632083325441801,-1.2819741079706175,0
-1.2081118977999246,-0.6390321440222393,-1.2329549199999386,0
-1.1924987387111872,-0.6459818153175609,-1.1839693460500358,0
-1.1758670261432216,-0.6530157385484696,-1.1352268274397048,0
-1.157841684036132,-0.6601103463079512,-1.0862786488067349,0
-1.1386340023784123,-0.6672421139883852,-1.0370883386700327,0
-1.117618510585481,-0.6743661377210697,-0.9876834621372894,0
-1.0960162863936973,-0.6817563194080365,-0.9383748880661855,0
-1.069858420149749,-0.6932460691234077,-0.8828824922109071,0
-1.0392433429275874,-0.6756352263716856,-0.8388327235588684,0
-1.0032879848289502,-0.6823007305662931,-0.7932012235640864,0
-0.9950245645242097,-0.6715589548890094,-0.7409511253169008,0
-1.3362490862941434,-0.1175883850523152,-1.9516064454522202,0
-1.3421164457426837,-0.09813534843591934,-1.9975909124210998,0
-1.3424079045516828,-0.049082456912151316,-1.99939763739569,0
-1.2858415167811514,-0.3675237148795777,1.617735207774856,0
-1.2955246580943909,-0.36035178515516325,1.666685988225413,0
-1.2972549846709078,-0.31438987038694194,1.6849745330980743,0
-1.3061581744336208,-0.3071491288546045,1.7340247508089381,0
-1.308073444239064,-0.2612371586543672,1.752319126090208,0
-1.3101142274721271,-0.21524160504089632,1.7706299738893438,0
-1.3125159444904428,-0.16927364070638132,1.7889718720245857,0
-1.3149365932907966,-0.12400935585313567,1.8074161377337727,0
-1.322882232302245,-0.1183267254276672,1.8566382578642138,0
-1.3255646897773719,-0.08555817925492669,1.876816303509594,0
-1.3316858161861265,-0.07732185336543004,1.9182327217011752,0
-1.3327617867047867,-0.03755398591533529,1.928261180649688,0
-1.3357459796185462,4.440892098500626e-16,1.95,0
-1.3379711057200292,0.03508607853653967,1.9642212497895688,0
-1.3424079045518298,0.04908245691215107,1.99939763739569,0
-1.284363935820847,-0.4134744164963756,1.5994759586643532,0
-1.283132968904383,-0.45935407468174516,1.5811556519968581,0
-1.2726553316091143,-0.466497961770998,1.532178596429625,0
-1.2613102064054338,-0.47364393902601,1.483337559407126,0
-1.2606163455847441,-0.5194966514366269,1.4651228610774731,0
-1.248520476176427,-0.5266645463085128,1.4163189620861563,0
-1.2354774666718162,-0.5338238125609343,1.3675109742324743,0
-1.2355886389592008,-0.5794975307215877,1.3493514221344463,0
-1.2217645087001887,-0.5866113877317991,1.3004422055586022,0
-1.206798670328942,-0.5935099122618284,1.2514551744481712,0
-1.1906508987882423,-0.6003896438029135,1.2025871732685862,0
-1.1732003238471795,-0.6072315446350101,1.153633404536328,0
-1.154622810400663,-0.6144161180048064,1.1050348978716242,0
-1.1342636258624261,-0.6215807479295324,1.0556809766282143,0
-1.111974389746578,-0.6284573073799115,1.005904724025682,0
-1.0887999198795393,-0.6355951571603494,0.9569884918183373,0
-1.0639569386698462,-0.6434724295602682,0.9102342841420922,0
-1.0404898370201168,-0.6464138720581942,0.8646284560488973,0
-0.9969447298571985,-0.6399643707553327,0.8199934384707418,0
-0.9950245645242097,-0.6343932843209601,0.7730104532336323,0
-1.33262009062528,-0.145345103187321,-1.9218622004639243,0
-1.3368838927847388,-0.16883687731132271,-1.953263734074862,0
-1.3418840073705471,-0.14712912687165236,-1.9945809133815517,0
-1.3254970534661525,-0.20004092410567154,-1.8672936272969487,0
-1.3237302939890243,-0.24693433357904926,-1.8501983997101288,0
-1.3219512978772359,-0.2927937358815311,-1.831969037211615,0
-1.320427923427932,-0.3386296248089189,-1.813716386241133,0
-1.3190642500961485,-0.38455640201604635,-1.7953901169059583,0
-1.3113467602288758,-0.39187120676076065,-1.7462913159846023,0
-1.3101604288052722,-0.4377440343205729,-1.728005964158074,0
-1.3018588423128152,-0.4449460747533211,-1.6790173877211063,0
-1.3008540518110767,-0.49083110319345796,-1.6605567674059463,0
-1.30011225041925,-0.5367731292190668,-1.6420506417088343,0
-1.2912304980405118,-0.5439459904452809,-1.5932758212545928,0
-1.2816433825291031,-0.5510415653227033,-1.5444866858612996,0
-1.2813837969739454,-0.5968441469997997,-1.5262651688857538,0
-1.2712797842854875,-0.6039782597480695,-1.4775185379453735,0
-1.2604057676945053,-0.6111480800637331,-1.4287414852392357,0
-1.2609098236748937,-0.6567185461126076,-1.4105440308590096,0
-1.249443876130309,-0.6635659615862539,-1.3615979945818195,0
-1.2372155424464593,-0.6705983158359081,-1.3125686756354205,0
-1.2241498767309675,-0.6776564015804267,-1.2635915672346598,0
-1.2101717535525887,-0.6847226411054839,-1.2146563958796566,0
-1.195173489984633,-0.691850376013893,-1.1656636937524198,0
-1.1791798887846092,-0.6989262942126993,-1.1165241435797546,0
-1.1620470883349723,-0.7060440298136835,-1.0674630612470477,0
-1.1438263125005428,-0.7131756912586308,-1.0184274622854586,0
-1.1244475290028562,-0.7205089177843917,-0.9691573965762533,0
-1.1045758864147313,-0.7308983563867074,-0.9191631266426119,0
-1.0916461143261746,-0.7520179854041951,-0.8742064999042061,0
-1.0534905099526097,-0.7162510893551985,-0.83345800749971,0
-1.0387038048901802,-0.7295211679907531,-0.7907584115602083,0
-0.9900195445803182,-0.7066264541838527,-0.7573438645274831,0
-0.9950245645242096,-0.7071067811865478,-0.7071067811865475,0
-1.3317042607087661,-0.186680054502133,-1.912482003698244,0
-1.2940436200106429,-0.40627123884177757,1.6483979268447453,0
-1.2928407239823545,-0.4521775981785488,1.6300816207427933,0
-1.2919031534976504,-0.49808885295392835,1.6116046261293142,0
-1.282209259958595,-0.5052166796183265,1.5627636591291223,0
-1.271830911675276,-0.5123478992267797,1.5139186190521612,0
-1.2713637385676482,-0.5581773160330762,1.4957010917114453,0
-1.260310712737731,-0.5653297100242297,1.44691921551081,0
-1.2484453879362358,-0.5724530245671199,1.3981753524001073,0
-1.2487576871835622,-0.6180801027467775,1.3800047173256662,0
-1.2361910908022504,-0.6250597025248625,1.3309994190427201,0
-1.2226446393480717,-0.6320833254418003,1.281974107970618,0
-1.2081118978000456,-0.6390321440222386,1.232954919999939,0
-1.1924987387112813,-0.6459818153175603,1.1839693460500362,0
-1.1758670261432853,-0.6530157385484692,1.1352268274397053,0
-1.1578416840361994,-0.6601103463079507,1.0862786488067353,0
-1.1386340023783899,-0.6672421139883847,1.0370883386700331,0
-1.1176185105856398,-0.6743661377210692,0.9876834621372896,0
-1.096016286393785,-0.681756319408036,0.9383748880661857,0
-1.0698584201498567,-0.6932460691234072,0.8828824922109073,0
-1.0392433429276846,-0.6756352263716852,0.8388327235588686,0
-1.0032879848290828,-0.6823007305662927,0.7932012235640866,0
-0.9950245645242097,-0.671558954889009,0.740951125316901,0
-1.3030571391864816,-0.3990923872638999,1.6973627068952502,0
-1.30448948505166,-0.3531187915419414,1.7156666188987362,0
-1.3127774209595025,-0.34583151637307724,1.76473292370592,0
-1.3143786549222416,-0.29994876839628204,1.7830134130350404,0
-1.3162451254227618,-0.25405144580519634,1.8013182541524269,0
-1.3181873374279516,-0.20811832087116966,1.819599540244635,0
-1.3203049136803324,-0.16214906758298553,1.837947665295526,0
-1.327383540560578,-0.15455984204448714,1.885264390806146,0
-1.3297132034576487,-0.11251150993909519,1.9040053333338343,0
-1.3362490862942065,-0.11758838505231425,1.9516064454522202,0
-1.337297799677339,-0.07007625196366436,1.9596774076060508,0
-1.3379711057200727,-0.03508607853653896,1.9642212497895688,0
-1.3422461320785035,4.440892098500626e-16,2.0,0
-1.341862923104892,-0.19603428015147562,-1.990369453394393,0
-1.3367378793025873,-0.21696083777936262,-1.9466861376540276,0
-1.330645875167356,-0.23713906610812205,-1.8999617037780747,0
-1.3301353099669724,-0.28832046710270154,-1.8882684674594497,0
-1.3275387601556812,-0.33150354534397963,-1.8625521986743325,0
-1.3261419703250268,-0.37709690245515515,-1.844265948444162,0
-1.325109680664256,-0.4232389998707706,-1.826147716621472,0
-1.3178997532445067,-0.43058236603674743,-1.776906294387224,0
-1.3169672881751708,-0.47645551664428015,-1.758410566401352,0
-1.309198675854995,-0.4835911390248226,-1.7095098021735293,0
-1.3084580973160074,-0.5296152599148009,-1.690820067663604,0
-1.3079217251014457,-0.5754924991335443,-1.6724067251201478,0
-1.2996642419160747,-0.5826153788396277,-1.6237125703491808,0
-1.2908444967780568,-0.5897173596129556,-1.5749957551347256,0
-1.290763924248972,-0.6354759842480163,-1.5568159013798888,0
-1.281460801312232,-0.6426195207666955,-1.5080911209063426,0
-1.2715242480642461,-0.6497186334191417,-1.4593570135546818,0
-1.27212272285235,-0.6954271158278539,-1.4411258387087715,0
-1.2617241405384068,-0.7023420324961616,-1.3921893495941926,0
-1.2506384742974277,-0.7092503176796288,-1.3431817133480797,0
-1.2388228759454971,-0.7163847937734593,-1.2942565448041978,0
-1.226227205863565,-0.7235384116666659,-1.2453013003900397,0
-1.2128621001944135,-0.7306922949542707,-1.1963007167111268,0
-1.1985327170836355,-0.7378053097650457,-1.1472542932368908,0
-1.1833000793726434,-0.7449331261542014,-1.0981703627765917,0
-1.1672393031790826,-0.7520700421140402,-1.0491298840667835,0
-1.1501777610534356,-0.7587033262266146,-1.0007220289983836,0
-1.1329557075131529,-0.7673687901284948,-0.9519444206344148,0
-1.120678875589912,-0.7865824468356316,-0.907938892872845,0
-1.1053841366375945,-0.8004775023187743,-0.861165205222596,0
-1.0722880676166935,-0.764956643998985,-0.8260036963431223,0
-1.0530841668512316,-0.77781745930512,-0.7778174593051197,0
-1.0120115774719103,-0.7424621202458416,-0.7424621202458412,0
-0.9900195445802963,-0.7573438645274835,-0.7066264541838523,0
-0.9950245645242097,-0.7409511253169009,-0.6715589548890091,0
-1.301858842312894,-0.4449460747533203,1.6790173877211063,0
-1.3008540518111196,-0.4908311031934572,1.6605567674059463,0
-1.3001122504193467,-0.536773129219066,1.6420506417088343,0
-1.2912304980405853,-0.5439459904452802,1.5932758212545932,0
-1.2816433825291849,-0.5510415653227027,1.5444866858613,0
-1.281383796974064,-0.596844146999799,1.5262651688857543,0
-1.271279784285571,-0.6039782597480688,1.477518537945374,0
-1.2604057676945901,-0.6111480800637324,1.4287414852392362,0
-1.2609098236750103,-0.6567185461126069,1.41054403085901,0
-1.249443876130404,-0.6635659615862533,1.36159799458182,0
-1.2372155424465388,-0.6705983158359075,1.312568675635421,0
-1.224149876731068,-0.6776564015804261,1.2635915672346603,0
-1.210171753552697,-0.6847226411054832,1.214656395879657,0
-1.195173489984726,-0.6918503760138923,1.1656636937524203,0
-1.1791798887847365,-0.6989262942126988,1.116524143579755,0
-1.1620470883351053,-0.7060440298136831,1.0674630612470482,0
-1.1438263125006747,-0.7131756912586303,1.018427462285459,0
-1.124447529002898,-0.7205089177843913,0.9691573965762535,0
-1.104575886414802,-0.730898356386707,0.9191631266426121,0
-1.0916461143262133,-0.7520179854041946,0.8742064999042063,0
-1.0534905099527225,-0.7162510893551981,0.8334580074997102,0
-1.038703804890248,-0.7295211679907526,0.7907584115602085,0
-0.9900195445804539,-0.7066264541838523,0.7573438645274834,0
-0.9950245645242096,-0.7071067811865474,0.7071067811865477,0
-1.3113467602289495,-0.39187120676075976,1.7462913159846023,0
-1.3190642500962426,-0.38455640201604546,1.7953901169059583,0
-1.3204279234279939,-0.338629624808918,1.813716386241133,0
-1.321951297877328,-0.29279373588153024,1.831969037211615,0
-1.3237302939890552,-0.24693433357904837,1.8501983997101288,0
-1.3254970534662271,-0.20004092410567065,1.8672936272969487,0
-1.3317042607088363,-0.18668005450213207,1.912482003698244,0
-1.3368838927847864,-0.16883687731132177,1.953263734074862,0
-1.3418840073706195,-0.14712912687165142,1.9945809133815517,0
-1.342116445742783,-0.09813534843591837,1.9975909124210998,0
-1.3424079045518131,-0.04908245691215036,1.99939763739569,0
-1.3101604288053603,-0.43774403432057213,1.728005964158074,0
-1.3326200906253955,-0.14534510318732005,1.9218622004639243,0
-1.3419491902612855,-0.24482134971605718,-1.9849590692815833,0
-1.3366429036625618,-0.26420265219891687,-1.93992705931324,0
-1.3365104687753586,-0.3109393255730104,-1.9324841119494494,0
-1.332881419629592,-0.3326135246391724,-1.900868119792918,0
-1.3322768515867742,-0.37042659224067265,-1.8891167372137854,0
-1.3315494323950494,-0.41470166107193496,-1.874299867335253,0
-1.3308209182079203,-0.46089391745696084,-1.8578343459949782,0
-1.3241002125716557,-0.46926374110706526,-1.807408800096814,0
-1.3233991033131192,-0.5150815458796805,-1.789161699475861,0
-1.3161404123970228,-0.5224478890434812,-1.739632559779501,0
-1.3156059218246428,-0.5683501184756248,-1.7210843748206888,0
-1.315313035875872,-0.6139661343585037,-1.7030452731148467,0
-1.3076525734505482,-0.6212006986037432,-1.6542411100321837,0
-1.2994536381016113,-0.6283472969829168,-1.6055394276913757,0
-1.2995164179423124,-0.6740613245801411,-1.5873789228274557,0
-1.2909313153524713,-0.6812500419346338,-1.5386390392957159,0
-1.2818551842855086,-0.6883693530345415,-1.4898868487216939,0
-1.2825185584957601,-0.7341582533156205,-1.4716750845600457,0
-1.2730934700446845,-0.7411879728250118,-1.4228288626328178,0
-1.2629826252017806,-0.7481303406665696,-1.3738845269642008,0
-1.2522801370142946,-0.7552346740026508,-1.3249485041973295,0
-1.2409749071069962,-0.7623789861215868,-1.2759793620884519,0
-1.2288694419828277,-0.7695423575567124,-1.2269854415297266,0
-1.2160644174940156,-0.7766946736178235,-1.1779431754780278,0
-1.2025375850254667,-0.7838470865153417,-1.1288722858986378,0
-1.188161054735788,-0.790890366096295,-1.0799691056849616,0
-1.173182728770328,-0.797405326644998,-1.0316942551894785,0
-1.1586124188923577,-0.8045138581986392,-0.9863205163877234,0
-1.1468826572861324,-0.8204930068773174,-0.9424436832921932,0
-1.1344549785521474,-0.8358683332186897,-0.8964934793802921,0
-1.120123747844254,-0.8485281374235493,-0.8485281374235489,0
-1.0895017752520932,-0.8131727983643531,-0.8131727983643527,0
-1.0722880676166944,-0.8260036963431227,-0.7649566439989844,0
-1.038703804890198,-0.7907584115602087,-0.7295211679907526,0
-1.003287984828983,-0.7932012235640865,-0.6823007305662928,0
-0.9950245645242097,-0.7730104532336322,-0.6343932843209599,0
-1.3091986758550287,-0.4835911390248218,1.7095098021735293,0
-1.3084580973160995,-0.5296152599148,1.690820067663604,0
-1.307921725101543,-0.5754924991335434,1.6724067251201482,0
-1.299664241916166,-0.5826153788396268,1.6237125703491813,0
-1.2908444967781394,-0.5897173596129549,1.574995755134726,0
-1.290763924249037,-0.6354759842480157,1.5568159013798892,0
-1.2814608013122943,-0.6426195207666948,1.508091120906343,0
-1.2715242480643973,-0.649718633419141,1.4593570135546823,0
-1.2721227228524083,-0.6954271158278532,1.441125838708772,0
-1.261724140538493,-0.7023420324961609,1.392189349594193,0
-1.2506384742975778,-0.7092503176796281,1.3431817133480801,0
-1.2388228759455477,-0.7163847937734587,1.2942565448041983,0
-1.2262272058636903,-0.7235384116666652,1.2453013003900402,0
-1.2128621001944788,-0.73069229495427,1.1963007167111273,0
-1.1985327170837512,-0.7378053097650452,1.1472542932368912,0
-1.1833000793727284,-0.7449331261542009,1.0981703627765922,0
-1.1672393031791182,-0.7520700421140397,1.049129884066784,0
-1.150177761053592,-0.7587033262266142,1.000722028998384,0
-1.1329557075132384,-0.7673687901284943,0.951944420634415,0
-1.1206788755900543,-0.7865824468356312,0.9079388928728455,0
-1.105384136637726,-0.8004775023187739,0.8611652052225964,0
-1.0722880676167819,-0.7649566439989846,0.8260036963431225,0
-1.0530841668513378,-0.7778174593051196,0.7778174593051201,0
-1.0120115774719909,-0.7424621202458411,0.7424621202458415,0
-0.9900195445804733,-0.757343864527483,0.7066264541838525,0
-0.9950245645242097,-0.7409511253169007,0.6715589548890093,0
-1.3178997532445338,-0.43058236603674654,1.776906294387224,0
-1.325109680664318,-0.42323899987076974,1.826147716621472,0
-1.3261419703250725,-0.37709690245515426,1.844265948444162,0
-1.327538760155714,-0.33150354534397874,1.8625521986743325,0
-1.3301353099670359,-0.28832046710270065,1.8882684674594497,0
-1.330645875167413,-0.23713906610812116,1.8999617037780747,0
-1.3367378793026876,-0.21696083777936168,1.9466861376540276,0
-1.3418629231049521,-0.19603428015147467,1.990369453394393,0
-1.3169672881752548,-0.47645551664427926,1.758410566401352,0
-1.341981456070631,-0.29346094804526573,-1.978353020057941,0
-1.3419666355238005,-0.3419237764754695,-1.9705552849592303,0
-1.3371692753811486,-0.3583793973543501,-1.928953497594997,0
-1.337106622399097,-0.4041925223339662,-1.9191261706157214,0
-1.3367321034638007,-0.4517022244215727,-1.9051230532793944,0
-1.3365972067675254,-0.4973187530437553,-1.891262624119485,0
-1.3302727233069358,-0.5074931588058982,-1.8397788577111462,0
-1.329785750788946,-0.553348013490367,-1.8203703530745619,0
-1.3229355019094635,-0.5608423222240861,-1.7706329664453995,0
-1.3225434950996886,-0.6062648719815893,-1.751734730267831,0
-1.3223358681365114,-0.6525261225288073,-1.7335608421173558,0
-1.315146084091026,-0.6597575088839321,-1.6847794269740188,0
-1.307565758688074,-0.6669036514610706,-1.6360853882548125,0
-1.3076638080325753,-0.712593323887193,-1.6179564319250017,0
-1.29980580849399,-0.7197947969313142,-1.5692109021911709,0
-1.2914204990748797,-0.7270171515897218,-1.5204563177716979,0
-1.292193982723461,-0.7728279241216159,-1.5022731639555227,0
-1.2835417353406366,-0.7800071014681168,-1.4534890869163746,0
-1.274364903132586,-0.7870549657684801,-1.4045887967937636,0
-1.2647053383577824,-0.7941288541434659,-1.3556682228015366,0
-1.2543768823259762,-0.801250075625209,-1.3066951378897946,0
-1.2434964070018095,-0.8084123219822719,-1.2576940597915367,0
-1.2320418032236955,-0.815584512074619,-1.2086577201513367,0
-1.2198317863854253,-0.8227597875343617,-1.1596041835050919,0
-1.2070270427390126,-0.8299476668430565,-1.1105145298528376,0
-1.194212930478723,-0.8365872251933942,-1.0638007667577536,0
-1.1825593749852892,-0.847211804456281,-1.0193124739850628,0
-1.1712457281190614,-0.8570679705444982,-0.9769417357602941,0
-1.1599809892445307,-0.8708839256634829,-0.9321043376152134,0
-1.1471255595626537,-0.8838834764827455,-0.8838834764827451,0
-1.1344549785521405,-0.8964934793802924,-0.8358683332186891,0
-1.1053841366375714,-0.8611652052225963,-0.8004775023187739,0
-1.0916461143261502,-0.8742064999042064,-0.7520179854041945,0
-1.0534905099525496,-0.8334580074997103,-0.7162510893551981,0
-1.0392433429276207,-0.8388327235588685,-0.675635226371685,0
-0.9969447298570203,-0.8199934384707417,-0.6399643707553326,0
-0.9950245645242097,-0.8032075312539582,-0.595699304798085,0
-1.316140412397113,-0.5224478890434803,1.739632559779501,0
-1.3233991033132027,-0.5150815458796796,1.789161699475861,0
-1.324100212571714,-0.46926374110706437,1.807408800096814,0
-1.3308209182079895,-0.46089391745695996,1.8578343459949782,0
-1.3315494323951056,-0.41470166107193407,1.874299867335253,0
-1.3322768515868118,-0.37042659224067176,1.8891167372137854,0
-1.3328814196296748,-0.3326135246391715,1.900868119792918,0
-1.336510468775363,-0.3109393255730095,1.9324841119494494,0
-1.3366429036626255,-0.264202652198916,1.93992705931324,0
-1.3419491902613443,-0.24482134971605624,1.9849590692815833,0
-1.3156059218247014,-0.5683501184756239,1.7210843748206892,0
-1.315313035875938,-0.6139661343585028,1.703045273114847,0
-1.3076525734506248,-0.6212006986037423,1.654241110032184,0
-1.2994536381016943,-0.6283472969829161,1.6055394276913761,0
-1.2995164179424346,-0.6740613245801405,1.5873789228274562,0
-1.2909313153526158,-0.6812500419346331,1.5386390392957163,0
-1.2818551842855859,-0.6883693530345408,1.4898868487216943,0
-1.2825185584959236,-0.7341582533156198,1.4716750845600461,0
-1.273093470044794,-0.7411879728250111,1.4228288626328183,0
-1.2629826252018725,-0.7481303406665689,1.3738845269642013,0
-1.252280137014394,-0.7552346740026501,1.32494850419733,0
-1.2409749071071345,-0.7623789861215862,1.2759793620884523,0
-1.2288694419829373,-0.7695423575567117,1.226985441529727,0
-1.2160644174940827,-0.7766946736178229,1.1779431754780283,0
-1.2025375850255833,-0.7838470865153413,1.1288722858986382,0
-1.1881610547358665,-0.7908903660962946,1.079969105684962,0
-1.1731827287704104,-0.7974053266449975,1.031694255189479,0
-1.1586124188924178,-0.8045138581986387,0.9863205163877239,0
-1.1468826572862274,-0.820493006877317,0.9424436832921936,0
-1.1344549785521765,-0.8358683332186893,0.8964934793802926,0
-1.120123747844353,-0.8485281374235488,0.8485281374235494,0
-1.089501775252168,-0.8131727983643526,0.8131727983643532,0
-1.0722880676167827,-0.8260036963431222,0.7649566439989849,0
-1.038703804890223,-0.7907584115602082,0.7295211679907531,0
-1.0032879848291039,-0.7932012235640863,0.6823007305662933,0
-0.9950245645242097,-0.7730104532336319,0.6343932843209603,0
-1.342009057312694,-0.39018064286380955,-1.9615705610388792,0
-1.3419085832749071,-0.43820247900857207,-1.9514042603701423,0
-1.3419637373463935,-0.485960358536986,-1.9400625067070922,0
-1.3420653027834746,-0.5334255134940431,-1.927552131993741,0
-1.336593466052204,-0.5444373455470715,-1.8772248490305639,0
-1.336357394717869,-0.5977645053610172,-1.8538753727230883,0
-1.3288681156369782,-0.5974646078210561,-1.7989015125862056,0
-1.3286468866427439,-0.6441707834095818,-1.7795069687504588,0
-1.3287071401165362,-0.6903421262742446,-1.7617494259109445,0
-1.3222421723338031,-0.6983203083882785,-1.7152798826443678,0
-1.3151711074296515,-0.7054617558284978,-1.6666170100788416,0
-1.3153479500037277,-0.7511618762505811,-1.6484669721813265,0
-1.3080297773137808,-0.7583295788868955,-1.5997660774763316,0
-1.3002875888215546,-0.7655429503290317,-1.5510105000115366,0
-1.3010980699220691,-0.8113683523643557,-1.5328851976495506,0
-1.2931839835222525,-0.8186486337617137,-1.4840822675570926,0
-1.284888982950724,-0.8258666057212553,-1.4352804068839136,0
-1.2760236076675846,-0.833008919786461,-1.3863816745637367,0
-1.2666992794299556,-0.8401337787239325,-1.3374190702461695,0
-1.2569028458032367,-0.8472911698935413,-1.2884168824373485,0
-1.246487945206095,-0.8544583756322541,-1.2394093715624719,0
-1.2355737939187683,-0.8616452898421838,-1.1903396385189156,0
-1.224163771456573,-0.8689016698785652,-1.1412819189335406,0
-1.212037654901796,-0.8761097144326553,-1.0921334451713196,0
-1.2022296113531943,-0.886018159192734,-1.0497777463708255,0
-1.1931061396696923,-0.8992448682242825,-1.0079905199259926,0
-1.182282022739563,-0.9074877267618233,-0.9655136764949125,0
-1.1713461906571778,-0.9192388155419373,-0.919238815541937,0
-1.1599809892445279,-0.9321043376152137,-0.8708839256634825,0
-1.1468826572860893,-0.9424436832921935,-0.8204930068773172,0
-1.120678875589973,-0.9079388928728455,-0.786582446835631,0
-1.1045758864147477,-0.9191631266426121,-0.730898356386707,0
-1.0698584201497405,-0.8828824922109074,-0.6932460691234071,0
-1.0404898370200892,-0.8646284560488972,-0.6464138720581942,0
-0.9978864789279277,-0.8491017720403067,-0.602425102186032,0
-0.9950245645242097,-0.8314696120142536,-0.555570233451061,0
-1.3229355019095197,-0.5608423222240853,1.7706329664454,0
-1.3225434950997579,-0.6062648719815884,1.7517347302678314,0
-1.3223358681365915,-0.6525261225288064,1.7335608421173563,0
-1.3151460840911258,-0.6597575088839313,1.6847794269740193,0
-1.3075657586881848,-0.6669036514610697,1.636085388254813,0
-1.3076638080326741,-0.7125933238871921,1.6179564319250022,0
-1.2998058084940478,-0.7197947969313135,1.5692109021911713,0
-1.2914204990750098,-0.7270171515897211,1.5204563177716983,0
-1.2921939827235365,-0.7728279241216153,1.5022731639555231,0
-1.283541735340723,-0.7800071014681161,1.453489086916375,0
-1.2743649031327178,-0.7870549657684794,1.404588796793764,0
-1.2647053383579026,-0.7941288541434652,1.355668222801537,0
-1.2543768823260253,-0.8012500756252083,1.306695137889795,0
-1.2434964070019325,-0.8084123219822712,1.2576940597915371,0
-1.2320418032238025,-0.8155845120746184,1.208657720151337,0
-1.2198317863855297,-0.8227597875343611,1.1596041835050923,0
-1.2070270427391032,-0.8299476668430561,1.110514529852838,0
-1.1942129304788085,-0.8365872251933938,1.063800766757754,0
-1.1825593749854393,-0.8472118044562805,1.0193124739850632,0
-1.1712457281191304,-0.8570679705444978,0.9769417357602945,0
-1.159980989244587,-0.8708839256634825,0.9321043376152138,0
-1.1471255595627827,-0.883883476482745,0.8838834764827456,0
-1.134454978552159,-0.896493479380292,0.8358683332186896,0
-1.1053841366376702,-0.8611652052225959,0.8004775023187743,0
-1.09164611432621,-0.874206499904206,0.752017985404195,0
-1.0534905099526686,-0.8334580074997099,0.7162510893551985,0
-1.0392433429276653,-0.8388327235588683,0.6756352263716855,0
-0.9969447298571144,-0.8199934384707415,0.6399643707553331,0
-0.9950245645242097,-0.8032075312539579,0.5956993047980854,0
-1.330272723306983,-0.5074931588058973,1.8397788577111462,0
-1.3297857507889916,-0.5533480134903661,1.8203703530745623,0
-1.3365972067675764,-0.4973187530437544,1.891262624119485,0
-1.336732103463853,-0.4517022244215718,1.9051230532793944,0
-1.3371066223991512,-0.4041925223339653,1.9191261706157214,0
-1.3371692753812165,-0.3583793973543492,1.928953497594997,0
-1.3419666355238413,-0.3419237764754685,1.9705552849592303,0
-1.3419814560706664,-0.29346094804526474,1.978353020057941,0
-1.3425677506710616,-0.580569352912518,-1.9138806719486825,0
-1.3435588590904797,-0.6273634790264138,-1.8990563617712548,0
-1.3392104940474199,-0.6487764114902581,-1.8523616892636545,0
-1.3351314767807196,-0.6824658404162995,-1.8109650460711089,0
-1.3334532411990299,-0.6330250176403873,-1.8167133472220505,0
-1.3288709782095673,-0.7369145005194959,-1.7457336883349848,0
-1.3222748455767939,-0.7440312115514952,-1.6971085224516547,0
-1.3224270450517701,-0.789730463999451,-1.6789596856065516,0
-1.315671185798174,-0.7968609085091013,-1.6303125295994736,0
-1.3086053473898454,-0.8040236174141518,-1.5816391289494836,0
-1.309355901717716,-0.8498033120769782,-1.5635036541434528,0
-1.302145690515599,-0.8571680851395626,-1.5147111735839165,0
-1.2944874267644908,-0.8645266627553884,-1.4658786511622857,0
-1.2864604333329102,-0.8717536437363368,-1.4170391448831958,0
-1.2780226006225102,-0.8789474002831328,-1.3681199568820988,0
-1.2690772408268485,-0.8861488818067376,-1.3191457062150866,0
-1.2597159587061353,-0.8932423498421285,-1.2702721379983346,0
-1.2498819639021423,-0.9002239384997026,-1.2212340356289768,0
-1.2395083402148381,-0.907435522928018,-1.1720005014611148,0
-1.2287137285217253,-0.9148550177960539,-1.1228879746071885,0
-1.2188994353005054,-0.9225103656827293,-1.0786828492309446,0
-1.210549172375599,-0.9316621481000643,-1.0398384241686518,0
-1.2027707828896788,-0.9441475346320695,-0.999783972903538,0
-1.192951349538199,-0.954594154601127,-0.9545941546011266,0
-1.182282022739547,-0.9655136764949128,-0.9074877267618229,0
-1.1712457281190756,-0.9769417357602944,-0.8570679705444979,0
-1.158612418892375,-0.9863205163877237,-0.8045138581986387,0
-1.1329557075130896,-0.951944420634415,-0.7673687901284945,0
-1.1244475290027982,-0.9691573965762535,-0.7205089177843914,0
-1.0960162863936662,-0.9383748880661856,-0.6817563194080359,0
-1.0639569386697465,-0.9102342841420921,-0.6434724295602682,0
-1.0398047419951466,-0.8888238183250661,-0.6092706411441624,0
-1.0061333409509736,-0.8854187084023334,-0.5628629356729575,0
-0.9950245645242097,-0.8577286096775257,-0.5141027447316913,0
-1.33405940870554,-0.7289465041660186,-1.7850367805236529,0
-1.3288681156370867,-0.5974646078210553,1.798901512586206,0
-1.3363573947179073,-0.5977645053610163,1.8538753727230888,0
-1.336593466052263,-0.5444373455470706,1.8772248490305643,0
-1.342065302783522,-0.5334255134940422,1.927552131993741,0
-1.3419637373464415,-0.4859603585369851,1.9400625067070922,0
-1.3419085832749507,-0.4382024790085712,1.9514042603701423,0
-1.3420090573127315,-0.39018064286380855,1.9615705610388792,0
-1.3286468866428118,-0.6441707834095809,1.7795069687504592,0
-1.3287071401165906,-0.6903421262742437,1.761749425910945,0
-1.3222421723338973,-0.6983203083882776,1.7152798826443683,0
-1.3151711074297376,-0.7054617558284969,1.666617010078842,0
-1.3153479500037994,-0.7511618762505802,1.648466972181327,0
-1.3080297773139151,-0.7583295788868948,1.599766077476332,0
-1.30028758882163,-0.7655429503290311,1.551010500011537,0
-1.3010980699222667,-0.811368352364355,1.532885197649551,0
-1.2931839835223553,-0.818648633761713,1.484082267557093,0
-1.2848889829508288,-0.8258666057212546,1.435280406883914,0
-1.27602360766767,-0.8330089197864603,1.3863816745637372,0
-1.2666992794300997,-0.8401337787239318,1.33741907024617,0
-1.2569028458033424,-0.8472911698935406,1.288416882437349,0
-1.2464879452061777,-0.8544583756322535,1.2394093715624723,0
-1.2355737939188438,-0.8616452898421831,1.190339638518916,0
-1.224163771456672,-0.8689016698785648,1.141281918933541,0
-1.2120376549019278,-0.8761097144326548,1.09213344517132,0
-1.2022296113532525,-0.8860181591927335,1.049777746370826,0
-1.1931061396697769,-0.8992448682242821,1.007990519925993,0
-1.1822820227396977,-0.9074877267618229,0.9655136764949129,0
-1.1713461906572638,-0.9192388155419369,0.9192388155419374,0
-1.1599809892446213,-0.9321043376152133,0.8708839256634829,0
-1.14688265728621,-0.9424436832921931,0.8204930068773176,0
-1.1206788755900066,-0.907938892872845,0.7865824468356315,0
-1.1045758864148256,-0.9191631266426117,0.7308983563867074,0
-1.0698584201498142,-0.882882492210907,0.6932460691234076,0
-1.0404898370201507,-0.8646284560488969,0.6464138720581947,0
-0.9978864789279539,-0.8491017720403065,0.6024251021860324,0
-0.9950245645242097,-0.8314696120142534,0.5555702334510615,0
-1.344723198887894,-0.6737797048764511,-1.8830881310487306,0
-1.3410614145273905,-0.6872964747462751,-1.8490105069204625,0
-1.3395017087181258,-0.7248027001288624,-1.8263860521078545,0
-1.3383682445002272,-0.7692677476283023,-1.8031962761698497,0
-1.3333983375597815,-0.7730950325326,-1.7642356600390239,0
-1.3289686596911396,-0.7825891545040653,-1.7275986306707736,0
-1.328901749365815,-0.8277856665208867,-1.7081406940588748,0
-1.3228557760816766,-0.835435638117683,-1.6608108080159198,0
-1.3162607647809823,-0.8425750126353112,-1.6121746101227339,0
-1.3170516321301935,-0.888285733206052,-1.5939976476546096,0
-1.310370397643265,-0.8956190673038172,-1.5453504217494265,0
-1.3033994438272651,-0.9030424825751214,-1.4965668492416895,0
-1.29607570991467,-0.9104239655038598,-1.4476947879023516,0
-1.2883517734080308,-0.9176465317578048,-1.3988197810161076,0
-1.2802353294323907,-0.9247762276904181,-1.3498765079168826,0
-1.2717976473905392,-0.9320499721060274,-1.3009381800132749,0
-1.262825996340179,-0.9386685172308538,-1.252077621284581,0
-1.2533178915731622,-0.9454225379161176,-1.2026530697325697,0
-1.243694527944246,-0.9538778719754055,-1.1525894798096508,0
-1.2338138242654184,-0.9613702829909496,-1.104589151631273,0
-1.2243544749746524,-0.9597710319208205,-1.066529847061606,0
-1.2202055342376226,-0.9780984096862496,-1.0335550375972977,0
-1.2118013150980242,-0.9899494936603925,-0.9899494936603922,0
-1.202770782889693,-0.9997839729035384,-0.944147534632069,0
-1.1931061396697522,-1.0079905199259933,-0.8992448682242821,0
-1.1825593749853076,-1.0193124739850632,-0.8472118044562805,0
-1.1731827287702616,-1.0316942551894792,-0.7974053266449975,0
-1.1501777610534938,-1.0007220289983842,-0.7587033262266143,0
-1.1438263125006036,-1.0184274622854592,-0.7131756912586303,0
-1.1176185105855074,-0.9876834621372895,-0.6743661377210691,0
-1.0887999198793847,-0.9569884918183371,-0.6355951571603494,0
-1.0562649090834924,-0.92651126068227,-0.5967194625730223,0
-1.046502710113913,-0.9361280574853372,-0.5517769301698232,0
-0.9999259178842702,-0.9068094239343711,-0.513701194335582,0
-0.9950245645242097,-0.8819212639620182,-0.4713967375487831,0
-1.333453241199064,-0.6330250176403864,1.816713347222051,0
-1.339210494047468,-0.6487764114902572,1.852361689263655,0
-1.3435588590905145,-0.6273634790264129,1.8990563617712553,0
-1.342567750671121,-0.5805693529125171,1.913880671948683,0
-1.3351314767808324,-0.6824658404162987,1.8109650460711093,0
-1.334059408705644,-0.7289465041660177,1.7850367805236533,0
-1.3288709782096628,-0.736914500519495,1.7457336883349852,0
-1.3222748455769138,-0.7440312115514943,1.697108522451655,0
-1.3224270450518845,-0.7897304639994501,1.678959685606552,0
-1.315671185798292,-0.7968609085091004,1.630312529599474,0
-1.3086053473899348,-0.8040236174141512,1.581639128949484,0
-1.30935590171778,-0.8498033120769776,1.5635036541434533,0
-1.3021456905157218,-0.8571680851395619,1.514711173583917,0
-1.2944874267646245,-0.8645266627553877,1.465878651162286,0
-1.2864604333330292,-0.8717536437363361,1.4170391448831963,0
-1.2780226006226225,-0.8789474002831321,1.3681199568820992,0
-1.2690772408269357,-0.8861488818067369,1.319145706215087,0
-1.2597159587062732,-0.8932423498421278,1.270272137998335,0
-1.249881963902261,-0.900223938499702,1.2212340356289773,0
-1.2395083402149762,-0.9074355229280173,1.1720005014611152,0
-1.2287137285218124,-0.9148550177960535,1.122887974607189,0
-1.2188994353005644,-0.9225103656827288,1.078682849230945,0
-1.2105491723757167,-0.9316621481000639,1.0398384241686522,0
-1.2027707828897933,-0.944147534632069,0.9997839729035385,0
-1.1929513495382271,-0.9545941546011265,0.9545941546011271,0
-1.1822820227396569,-0.9655136764949124,0.9074877267618233,0
-1.171245728119139,-0.976941735760294,0.8570679705444983,0
-1.1586124188923912,-0.9863205163877232,0.8045138581986392,0
-1.1329557075131795,-0.9519444206344145,0.7673687901284949,0
-1.1244475290028777,-0.9691573965762531,0.7205089177843919,0
-1.0960162863937108,-0.9383748880661854,0.6817563194080364,0
-1.0639569386698218,-0.9102342841420918,0.6434724295602686,0
-1.0398047419952325,-0.8888238183250659,0.6092706411441629,0
-1.0061333409510254,-0.8854187084023332,0.562862935672958,0
-0.9950245645242097,-0.8577286096775255,0.5141027447316917,0
-1.3448966987069306,-0.7197900710654337,-1.8659855984427145,0
-1.3439779288071305,-0.7653668625933487,-1.8477590659076777,0
-1.343407293658629,-0.8104826260323441,-1.8284195122836866,0
-1.338133717667123,-0.8130398910836052,-1.7848688434964368,0
-1.3331116847933286,-0.8181177421772898,-1.7449471571492545,0
-1.332961536612479,-0.8591907170320681,-1.7248551399105947,0
-1.3294017749831022,-0.8740028702202599,-1.6913182881099476,0
-1.3233723715407588,-0.881110629377876,-1.6425687100191537,0
-1.3240997196224806,-0.9268313180137048,-1.6243953774495605,0
-1.3180192238025414,-0.9340245002836746,-1.5758482220911898,0
-1.3115707758090986,-0.9413242710186297,-1.5271011452976297,0
-1.3048759282247795,-0.9486054715424809,-1.478366484011826,0
-1.2978162745836577,-0.9557742848212268,-1.4295442800431717,0
-1.2904519014095857,-0.9629108655293448,-1.3805933683904288,0
-1.2826917244354947,-0.9700535395640819,-1.3315456465566489,0
-1.2745754307634856,-0.977200852462579,-1.282496138898013,0
-1.2660970879447908,-0.9837053122634669,-1.2333387617123888,0
-1.2572150614623507,-0.9918263606010753,-1.183273242057018,0
-1.247883636978965,-1.0023575096202184,-1.1301329393687427,0
-1.2363340179411877,-1.005213953144108,-1.0759837726798638,0
-1.2292391627658599,-1.02530483271961,-1.02530483271961,0
-1.2202055342376372,-1.033555037597298,-0.9780984096862491,0
-1.2105491723755255,-1.039838424168652,-0.9316621481000639,0
-1.2022296113531414,-1.0497777463708262,-0.8860181591927335,0
-1.1942129304787408,-1.0638007667577543,-0.8365872251933936,0
-1.1881610547357604,-1.0799691056849623,-0.7908903660962946,0
-1.167239303179036,-1.0491298840667842,-0.7520700421140397,0
-1.162047088334931,-1.0674630612470482,-0.7060440298136832,0
-1.138634002378283,-1.0370883386700331,-0.6672421139883848,0
-1.1119743897465715,-1.0059047240256822,-0.6284573073799115,0
-1.0811200706342672,-0.9734586599499815,-0.5901000355418001,0
-1.077224117968598,-0.9927589581188689,-0.5454051006855593,0
-1.044583144403446,-0.9587496398174937,-0.5078971467827021,0
-0.9994969589081848,-0.9305459785467523,-0.4678329115627789,0
-0.9950245645242097,-0.9039892927095291,-0.4275550943054303,0
-1.3410614145274327,-0.6872964747462742,1.849010506920463,0
-1.3395017087181886,-0.7248027001288615,1.826386052107855,0
-1.3383682445003606,-0.7692677476283014,1.8031962761698501,0
-1.3333983375598342,-0.7730950325325991,1.7642356600390243,0
-1.3289686596912653,-0.7825891545040644,1.727598630670774,0
-1.3289017493659576,-0.8277856665208858,1.7081406940588753,0
-1.3228557760817574,-0.8354356381176821,1.6608108080159203,0
-1.3162607647811368,-0.8425750126353105,1.6121746101227343,0
-1.317051632130305,-0.8882857332060513,1.59399764765461,0
-1.3103703976434187,-0.8956190673038166,1.545350421749427,0
-1.3033994438273433,-0.9030424825751208,1.49656684924169,0
-1.296075709914785,-0.9104239655038592,1.447694787902352,0
-1.2883517734081635,-0.9176465317578041,1.398819781016108,0
-1.2802353294325168,-0.9247762276904175,1.349876507916883,0
-1.2717976473906274,-0.9320499721060267,1.3009381800132753,0
-1.2628259963402897,-0.9386685172308531,1.2520776212845814,0
-1.2533178915732286,-0.945422537916117,1.2026530697325701,0
-1.2436945279443181,-0.9538778719754051,1.1525894798096512,0
-1.2338138242655265,-0.9613702829909492,1.1045891516312734,0
-1.2243544749747806,-0.95977103192082,1.0665298470616065,0
-1.2202055342377143,-0.9780984096862492,1.0335550375972982,0
-1.2118013150980802,-0.9899494936603921,0.9899494936603926,0
-1.2027707828897676,-0.9997839729035379,0.9441475346320695,0
-1.1931061396697944,-1.0079905199259929,0.8992448682242825,0
-1.1825593749853693,-1.0193124739850628,0.847211804456281,0
-1.1731827287703802,-1.0316942551894788,0.797405326644998,0
-1.1501777610535562,-1.0007220289983838,0.7587033262266147,0
-1.1438263125006527,-1.0184274622854588,0.7131756912586308,0
-1.117618510585573,-0.9876834621372893,0.6743661377210696,0
-1.0887999198794454,-0.9569884918183369,0.6355951571603499,0
-1.0562649090835488,-0.9265112606822697,0.5967194625730228,0
-1.0465027101139515,-0.936128057485337,0.5517769301698237,0
-0.9999259178843436,-0.9068094239343709,0.5137011943355825,0
-0.9950245645242097,-0.881921263962018,0.4713967375487834,0
-1.3447231988879629,-0.6737797048764502,1.883088131048731,0
-1.3428300560887907,-0.8551101849915401,-1.8079785871308685,0
-1.3376242621079382,-0.8579788665175605,-1.7635396326281556,0
-1.3359617334397078,-0.8999310898600803,-1.7307615682818225,0
-1.3299947530238472,-0.9194998606407797,-1.6726070337701626,0
-1.3308975126785,-0.9663101389930696,-1.655941631418573,0
-1.3249068199236875,-0.9720817765919002,-1.6049907924632039,0
-1.3190897531166013,-0.9796895472987072,-1.5574678926984258,0
-1.3129869990362393,-0.9868807959089335,-1.5089024547528158,0
-1.3065191316136044,-0.993963345829847,-1.460050818167383,0
-1.2997793057843134,-1.0009250430854604,-1.4111741489903107,0
-1.2926814174496488,-1.0080270933243913,-1.3621722235925007,0
-1.2853734727130426,-1.015219633626509,-1.3130555846502747,0
-1.2776790178212682,-1.02242647146631,-1.2639901261585638,0
-1.2696967896167117,-1.0292046391021472,-1.2150616490964647,0
-1.2612825296464147,-1.0377908299233853,-1.1638414457043698,0
-1.2521854552960952,-1.0477192195237581,-1.1089564630933058,0
-1.2448494853753458,-1.060660171778835,-1.060660171778834,0
-1.236334017941189,-1.075983772679864,-1.005213953144108,0
-1.224354474974657,-1.066529847061606,-0.9597710319208198,0
-1.218899435300532,-1.0786828492309453,-0.9225103656827289,0
-1.2120376549018448,-1.0921334451713203,-0.8761097144326551,0
-1.2070270427390473,-1.1105145298528383,-0.8299476668430563,0
-1.2025375850254276,-1.1288722858986382,-0.7838470865153415,0
-1.1833000793726705,-1.0981703627765922,-0.744933126154201,0
-1.1791798887846574,-1.1165241435797553,-0.698926294212699,0
-1.1578416840361205,-1.0862786488067353,-0.660110346307951,0
-1.1342636258622485,-1.0556809766282143,-0.6215807479295324,0
-1.1080787200744906,-1.0250348469647783,-0.583221971506589,0
-1.105366869481498,-1.0443954244305542,-0.5379745258904913,0
-1.0752559274422644,-1.0131041598173953,-0.49977072212129686,0
-1.0443483150040271,-0.9813884521041311,-0.4615420620437505,0
-0.9996972384323031,-0.9527773036306834,-0.4216012026929773,0
-0.9950245645242097,-0.923879532095688,-0.3826834333684341,0
-1.3448966987069582,-0.7197900710654328,1.865985598442715,0
-1.3439779288072335,-0.7653668625933479,1.8477590659076781,0
-1.3434072936587487,-0.8104826260323432,1.828419512283687,0
-1.338133717667246,-0.8130398910836043,1.7848688434964373,0
-1.333111684793435,-0.8181177421772889,1.744947157149255,0
-1.332961536612621,-0.8591907170320672,1.7248551399105951,0
-1.3294017749832132,-0.874002870220259,1.691318288109948,0
-1.323372371540913,-0.8811106293778751,1.6425687100191542,0
-1.3240997196226079,-0.9268313180137039,1.624395377449561,0
-1.3180192238026833,-0.9340245002836739,1.5758482220911902,0
-1.3115707758092268,-0.941324271018629,1.5271011452976302,0
-1.3048759282249478,-0.9486054715424802,1.4783664840118265,0
-1.2978162745837591,-0.9557742848212262,1.4295442800431721,0
-1.2904519014097395,-0.9629108655293441,1.3805933683904292,0
-1.2826917244355847,-0.9700535395640812,1.3315456465566493,0
-1.2745754307636188,-0.9772008524625784,1.2824961388980134,0
-1.2660970879448774,-0.9837053122634662,1.2333387617123892,0
-1.257215061462503,-0.9918263606010747,1.1832732420570184,0
-1.2478836369790516,-1.002357509620218,1.1301329393687432,0
-1.2363340179412348,-1.0052139531441076,1.0759837726798642,0
-1.229239162765956,-1.0253048327196095,1.0253048327196104,0
-1.22020553423772,-1.0335550375972975,0.9780984096862495,0
-1.210549172375664,-1.0398384241686516,0.9316621481000643,0
-1.2022296113532358,-1.0497777463708258,0.886018159192734,0
-1.1942129304788078,-1.0638007667577538,0.836587225193394,0
-1.1881610547357828,-1.0799691056849618,0.790890366096295,0
-1.167239303179082,-1.0491298840667838,0.7520700421140402,0
-1.1620470883349825,-1.0674630612470477,0.7060440298136836,0
-1.1386340023783574,-1.0370883386700327,0.6672421139883853,0
-1.111974389746606,-1.0059047240256818,0.6284573073799119,0
-1.0811200706342932,-0.9734586599499813,0.5901000355418006,0
-1.0772241179686206,-0.9927589581188687,0.5454051006855597,0
-1.0445831444034541,-0.9587496398174935,0.5078971467827026,0
-0.9994969589082636,-0.930545978546752,0.46783291156277934,0
-0.9950245645242097,-0.9039892927095289,0.42755509430543076,0
-1.3422868063485065,-0.8992226575541578,-1.7864486032744515,0
-1.342125242898405,-0.9427934721717728,-1.7638425294879059,0
-1.3366895614226382,-0.9455526259126596,-1.7137354912669878,0
-1.33770209852134,-0.9894170658473574,-1.6991428932856927,0
-1.336369129143517,-1.0212206939993158,-1.6704061400615458,0
-1.3304977942848504,-1.0115633038189704,-1.628061441032004,0
-1.325673884152937,-1.017297515329052,-1.5851330528217207,0
-1.3203646570628773,-1.025231410129671,-1.538643806422348,0
-1.3146090115312394,-1.0326154472307316,-1.4905333235896978,0
-1.3084435239373018,-1.0397778863928304,-1.4417874534395558,0
-1.3020340638201087,-1.046918742513807,-1.3928581946686638,0
-1.295333290565375,-1.0540797085920952,-1.3438173532298419,0
-1.2883298317377623,-1.0612567439468203,-1.294700675071279,0
-1.2812158113502323,-1.0683035269902534,-1.2460205018494228,0
-1.2737559389819881,-1.0742707229086563,-1.198042590707686,0
-1.2654777219649254,-1.0831088974383651,-1.1443210032213658,0
-1.2587149571984388,-1.096015510838228,-1.096015510838228,0
-1.252185455296124,-1.108956463093306,-1.047719219523758,0
-1.2478836369789152,-1.130132939368743,-1.002357509620218,0
-1.2338138242654408,-1.104589151631273,-0.9613702829909496,0
-1.2287137285216665,-1.1228879746071891,-0.9148550177960537,0
-1.22416377145656,-1.1412819189335413,-0.8689016698785652,0
-1.219831786385431,-1.1596041835050923,-0.8227597875343613,0
-1.2160644174940036,-1.1779431754780283,-0.7766946736178231,0
-1.1985327170836464,-1.1472542932368912,-0.7378053097650455,0
-1.1951734899845556,-1.1656636937524203,-0.6918503760138925,0
-1.1758670261432431,-1.1352268274397053,-0.6530157385484694,0
-1.1546228104005596,-1.1050348978716242,-0.6144161180048067,0
-1.1311046828784532,-1.0747444034304332,-0.576036630389552,0
-1.1287649845788326,-1.0931193892350892,-0.5305982052874255,0
-1.1030852901240895,-1.0626625393001552,-0.4922185747921499,0
-1.0735081195781015,-1.0319088098025377,-0.45375032667121173,0
-1.0443874396446096,-1.0018668547003047,-0.4149868402147681,0
-0.9995120906153453,-0.9716515897092134,-0.3754615323548291,0
-0.9950245645242097,-0.9415440648596897,-0.3368898542958702,0
-1.3428300560889088,-0.8551101849915392,1.807978587130869,0
-1.3376242621080396,-0.8579788665175596,1.763539632628156,0
-1.3359617334398541,-0.8999310898600794,1.730761568281823,0
-1.329994753023979,-0.9194998606407788,1.672607033770163,0
-1.330897512678651,-0.9663101389930687,1.6559416314185735,0
-1.3249068199238137,-0.9720817765918995,1.6049907924632043,0
-1.3190897531167614,-0.9796895472987065,1.5574678926984262,0
-1.3129869990363876,-0.9868807959089329,1.5089024547528163,0
-1.30651913161372,-0.9939633458298464,1.4600508181673835,0
-1.2997793057844722,-1.0009250430854595,1.4111741489903111,0
-1.2926814174497718,-1.0080270933243909,1.3621722235925011,0
-1.2853734727131971,-1.0152196336265085,1.3130555846502752,0
-1.2776790178214177,-1.0224264714663096,1.2639901261585642,0
-1.2696967896167912,-1.0292046391021468,1.2150616490964652,0
-1.2612825296465107,-1.037790829923385,1.1638414457043702,0
-1.2521854552962042,-1.0477192195237577,1.1089564630933062,0
-1.244849485375453,-1.0606601717788346,1.0606601717788344,0
-1.2363340179412683,-1.0759837726798636,1.0052139531441084,0
-1.2243544749747164,-1.0665298470616056,0.9597710319208203,0
-1.2188994353005669,-1.0786828492309448,0.9225103656827294,0
-1.212037654901866,-1.0921334451713198,0.8761097144326555,0
-1.2070270427391103,-1.1105145298528378,0.8299476668430568,0
-1.2025375850255073,-1.1288722858986378,0.783847086515342,0
-1.1833000793727075,-1.0981703627765917,0.7449331261542015,0
-1.1791798887847005,-1.1165241435797548,0.6989262942126995,0
-1.157841684036161,-1.0862786488067349,0.6601103463079514,0
-1.134263625862305,-1.0556809766282138,0.6215807479295329,0
-1.1080787200745683,-1.0250348469647779,0.5832219715065895,0
-1.105366869481559,-1.0443954244305538,0.5379745258904918,0
-1.0752559274423341,-1.0131041598173949,0.4997707221212973,0
-1.0443483150040187,-0.9813884521041308,0.4615420620437509,0
-0.999697238432383,-0.9527773036306831,0.42160120269297774,0
-0.9950245645242097,-0.9238795320956877,0.3826834333684345,0
-1.3421532957106246,-0.9857963831335155,-1.740173982968623,0
-1.341950042288848,-1.0282054871982267,-1.715457220712734,0
-1.341209715213348,-1.0699952387551894,-1.6897071311446918,0
-1.335495306004156,-1.0603868659140898,-1.6429902325305348,0
-1.3306629025558878,-1.0523859876889468,-1.6043549483657267,0
-1.326920234746237,-1.0625045965474997,-1.566990413645044,0
-1.3219881641748292,-1.0711871529369181,-1.5208376012295797,0
-1.3164209251041168,-1.0784979815361526,-1.4723673738266578,0
-1.3106099680167596,-1.0857337865222756,-1.4235540481775788,0
-1.3044893615002484,-1.0929610389939883,-1.3745837236801297,0
-1.298194154376502,-1.1002002349559223,-1.3255134555286279,0
-1.2916485364492591,-1.1075240274466882,-1.276542672442031,0
-1.28496252711652,-1.1138145911334163,-1.2286978455988207,0
-1.278048341090624,-1.12133901547109,-1.1800151818520888,0
-1.2716225140832256,-1.131370849897643,-1.131370849897643,0
-1.265477721964889,-1.144321003221366,-1.083108897438365,0
-1.2612825296464292,-1.16384144570437,-1.037790829923385,0
-1.2572150614624098,-1.183273242057018,-0.991826360601075,0
-1.2436945279442588,-1.152589479809651,-0.9538778719754051,0
-1.2395083402148717,-1.1720005014611152,-0.9074355229280173,0
-1.2355737939187397,-1.1903396385189162,-0.8616452898421832,0
-1.2320418032236677,-1.2086577201513373,-0.8155845120746188,0
-1.2288694419828532,-1.2269854415297272,-0.769542357556712,0
-1.2128621001943443,-1.1963007167111273,-0.7306922949542702,0
-1.2101717535526384,-1.2146563958796572,-0.6847226411054834,0
-1.1924987387111503,-1.1839693460500362,-0.6459818153175605,0
-1.173200323846969,-1.1536334045363281,-0.6072315446350103,0
-1.1521672391511335,-1.1235534294985563,-0.568803276698792,0
-1.1506486019227495,-1.1419135844831623,-0.5236219767656425,0
-1.1274470793520743,-1.1114046269006421,-0.48508230693625176,0
-1.1020956895645577,-1.0808417087652378,-0.44652830435797247,0
-1.0733345596290251,-1.0504493620355848,-0.40801797593575956,0
-1.0440332427838919,-1.0196738491723587,-0.36804582227001204,0
-0.999801514853641,-0.9886217685443471,-0.328423529770059,0
-0.9950245645242097,-0.9569403354952273,-0.2902846780356864,0
-1.342286806348647,-0.8992226575541569,1.786448603274452,0
-1.3421252428985513,-0.9427934721717719,1.7638425294879063,0
-1.3366895614227885,-0.9455526259126588,1.7137354912669882,0
-1.337702098521513,-0.9894170658473566,1.6991428932856931,0
-1.336369129143646,-1.021220693999315,1.6704061400615462,0
-1.3304977942849854,-1.0115633038189695,1.6280614410320045,0
-1.3256738841531355,-1.017297515329051,1.5851330528217211,0
-1.320364657062964,-1.02523141012967,1.5386438064223484,0
-1.3146090115314204,-1.0326154472307307,1.4905333235896983,0
-1.3084435239374055,-1.0397778863928295,1.4417874534395563,0
-1.3020340638202728,-1.046918742513806,1.3928581946686642,0
-1.2953332905654487,-1.0540797085920948,1.3438173532298423,0
-1.288329831737863,-1.06125674394682,1.2947006750712795,0
-1.2812158113503285,-1.068303526990253,1.2460205018494233,0
-1.273755938982103,-1.0742707229086559,1.1980425907076864,0
-1.2654777219650255,-1.0831088974383647,1.1443210032213662,0
-1.2587149571985417,-1.0960155108382275,1.0960155108382283,0
-1.2521854552961789,-1.1089564630933055,1.0477192195237583,0
-1.2478836369789958,-1.1301329393687425,1.0023575096202184,0
-1.2338138242655157,-1.1045891516312725,0.9613702829909501,0
-1.2287137285217888,-1.1228879746071887,0.9148550177960542,0
-1.2241637714566294,-1.1412819189335408,0.8689016698785657,0
-1.2198317863855024,-1.1596041835050919,0.8227597875343617,0
-1.2160644174940358,-1.1779431754780278,0.7766946736178235,0
-1.1985327170836992,-1.1472542932368908,0.737805309765046,0
-1.1951734899846467,-1.1656636937524198,0.691850376013893,0
-1.1758670261432762,-1.1352268274397048,0.6530157385484698,0
-1.1546228104005967,-1.1050348978716238,0.6144161180048071,0
-1.131104682878447,-1.0747444034304328,0.5760366303895524,0
-1.1287649845788563,-1.0931193892350888,0.530598205287426,0
-1.1030852901240737,-1.0626625393001548,0.49221857479215037,0
-1.0735081195781828,-1.0319088098025377,0.4537503266712122,0
-1.044387439644625,-1.0018668547003047,0.41498684021476856,0
-0.9995120906153045,-0.9716515897092132,0.37546153235482954,0
-0.9950245645242097,-0.9415440648596894,0.33688985429587065,0
-1.3405394456955286,-1.1111404650968706,-1.6629392252347377,0
-1.3335611640448493,-1.0995403595284647,-1.6016822578634728,0
-1.3288354535898992,-1.1093851536719468,-1.5512908151674178,0
-1.3238190719886924,-1.117178766409959,-1.5030160473399448,0
-1.3185105759205624,-1.124362029709829,-1.454309247612962,0
-1.3129526693197058,-1.1315088933132595,-1.40568136286468,0
-1.3071153965979432,-1.1381324890747582,-1.356693910863326,0
-1.3009916473791043,-1.1445467533678664,-1.3075804978989878,0
-1.2951457304372427,-1.1508934126061732,-1.261232679351175,0
-1.2893501526105564,-1.158595027346591,-1.215193486436476,0
-1.2831261598367514,-1.16672618895708,-1.16672618895708,0
-1.2780483410906194,-1.180015181852089,-1.12133901547109,0
-1.2737559389820519,-1.198042590707686,-1.074270722908656,0
-1.2696967896166587,-1.215061649096465,-1.029204639102147,0
-1.2660970879447575,-1.233338761712389,-0.9837053122634665,0
-1.2533178915731225,-1.20265306973257,-0.9454225379161174,0
-1.2498819639020942,-1.2212340356289773,-0.9002239384997021,0
-1.2464879452061497,-1.2394093715624723,-0.8544583756322532,0
-1.243496407001821,-1.2576940597915371,-0.808412321982271,0
-1.2409749071069631,-1.2759793620884523,-0.762378986121586,0
-1.2262272058635861,-1.2453013003900402,-0.7235384116666651,0
-1.224149876730904,-1.2635915672346603,-0.6776564015804261,0
-1.2081118977999536,-1.2329549199999392,-0.6390321440222385,0
-1.1906508987882034,-1.2025871732685862,-0.6003896438029138,0
-1.1715531260519267,-1.1722197755310901,-0.5618783883164289,0
-1.1705898712504286,-1.1906237762489842,-0.5164565675553583,0
-1.1499367926284678,-1.1601088432316402,-0.47796116122522575,0
-1.127098789459147,-1.1295773861480758,-0.4393593616532308,0
-1.102336672365613,-1.0990421277971378,-0.40074244350015226,0
-1.07438115130107,-1.0686406496426588,-0.36222177997824473,0
-1.0446659512500722,-1.0368128704020467,-0.31916327536641154,0
-1.0003749285838854,-1.004197890929559,-0.2789406504611346,0
-0.9950245645242097,-0.9700312530284172,-0.24298018056647946,0
-1.3421532957107731,-0.9857963831335146,1.7401739829686234,0
-1.341950042289004,-1.0282054871982258,1.7154572207127345,0
-1.3412097152134992,-1.0699952387551885,1.6897071311446923,0
-1.3354953060042951,-1.060386865914089,1.6429902325305352,0
-1.3306629025560126,-1.0523859876889459,1.6043549483657271,0
-1.3269202347464022,-1.0625045965474988,1.5669904136450445,0
-1.321988164175018,-1.0711871529369172,1.5208376012295801,0
-1.31642092510424,-1.0784979815361517,1.4723673738266583,0
-1.3106099680169059,-1.0857337865222747,1.4235540481775792,0
-1.3044893615003896,-1.0929610389939879,1.3745837236801302,0
-1.2981941543766664,-1.100200234955922,1.3255134555286283,0
-1.291648536449387,-1.1075240274466878,1.2765426724420315,0
-1.2849625271166123,-1.1138145911334159,1.2286978455988211,0
-1.2780483410907288,-1.1213390154710896,1.1800151818520892,0
-1.271622514083331,-1.1313708498976425,1.1313708498976434,0
-1.2654777219649604,-1.1443210032213655,1.0831088974383654,0
-1.2612825296465333,-1.1638414457043695,1.0377908299233853,0
-1.2572150614624569,-1.1832732420570176,0.9918263606010754,0
-1.2436945279443417,-1.1525894798096505,0.9538778719754055,0
-1.2395083402149119,-1.1720005014611148,0.9074355229280178,0
-1.2355737939187814,-1.1903396385189158,0.8616452898421837,0
-1.232041803223764,-1.2086577201513369,0.8155845120746192,0
-1.2288694419828958,-1.2269854415297268,0.7695423575567124,0
-1.2128621001943858,-1.1963007167111268,0.7306922949542707,0
-1.210171753552685,-1.2146563958796568,0.6847226411054839,0
-1.1924987387111574,-1.1839693460500358,0.6459818153175609,0
-1.1732003238470572,-1.1536334045363277,0.6072315446350107,0
-1.1521672391511797,-1.1235534294985559,0.5688032766987925,0
-1.1506486019228122,-1.1419135844831618,0.5236219767656429,0
-1.127447079352079,-1.1114046269006417,0.4850823069362522,0
-1.1020956895645686,-1.0808417087652378,0.4465283043579729,0
-1.0733345596290151,-1.0504493620355848,0.40801797593576,0
-1.0440332427839576,-1.0196738491723587,0.3680458222700125,0
-0.9998015148536131,-0.9886217685443469,0.32842352977005945,0
-0.9950245645242097,-0.9569403354952271,0.29028467803568686,0
-1.340441523535246,-1.1516163820122887,-1.6351696268830729,0
-1.335244437005367,-1.1494865907553757,-1.581658803163281,0
-1.3305216374204458,-1.1549512406425757,-1.5331860065540177,0
-1.3257569790835613,-1.1629351188894097,-1.4849020148823837,0
-1.3206854418195573,-1.1701315577130558,-1.4362801888545997,0
-1.315266378712852,-1.1759398820576639,-1.3873059271990267,0
-1.3096659686355994,-1.1801481223717984,-1.3397632023767907,0
-1.304002635122301,-1.1850054935467533,-1.2930438374665658,0
-1.2992220859812345,-1.1941302515851955,-1.2497707904730477,0
-1.2936178754310559,-1.202081528016508,-1.202081528016508,0
-1.2893501526105997,-1.215193486436476,-1.158595027346591,0
-1.2849625271164529,-1.228697845598821,-1.113814591133416,0
-1.2812158113502186,-1.246020501849423,-1.068303526990253,0
-1.2776790178213286,-1.263990126158564,-1.02242647146631,0
-1.274575430763525,-1.282496138898013,-0.9772008524625787,0
-1.2628259963402149,-1.252077621284581,-0.9386685172308532,0
-1.2597159587061495,-1.2702721379983353,-0.893242349842128,0
-1.2569028458031921,-1.2884168824373492,-0.8472911698935406,0
-1.254376882325961,-1.3066951378897953,-0.8012500756252083,0
-1.2522801370142747,-1.3249485041973301,-0.7552346740026502,0
-1.2388228759454833,-1.2942565448041983,-0.7163847937734589,0
-1.2372155424464255,-1.3125686756354211,-0.6705983158359075,0
-1.2226446393479853,-1.2819741079706182,-0.6320833254418003,0
-1.2067986703287656,-1.2514551744481712,-0.5935099122618283,0
-1.1894645489581144,-1.2209649577838952,-0.5549153801891828,0
-1.1890325507610566,-1.2393250274103271,-0.5094748583675273,0
-1.1703613571409144,-1.2087065395314422,-0.4708985323807482,0
-1.1500534498145634,-1.1781463760709099,-0.4323187102210183,0
-1.127957641360936,-1.1477751322528318,-0.39359265178888525,0
-1.1039130722833599,-1.1172133050891289,-0.3549575354954189,0
-1.075647299476035,-1.0856398098607387,-0.31370862659348175,0
-1.0455869595590195,-1.051901303151065,-0.26902545227753794,0
-1.0010188065968983,-1.018488388592635,-0.22658593868666227,0
-0.9950245645242097,-0.980785280302205,-0.19509032252401687,0
-1.3405394456956983,-1.1111404650968697,1.6629392252347381,0
-1.333561164045058,-1.0995403595284639,1.6016822578634733,0
-1.328835453590042,-1.109385153671946,1.5512908151674183,0
-1.3238190719888705,-1.1171787664099582,1.5030160473399452,0
-1.3185105759207205,-1.124362029709828,1.4543092476129624,0
-1.3129526693198652,-1.1315088933132587,1.4056813628646805,0
-1.3071153965980795,-1.1381324890747577,1.3566939108633265,0
-1.3009916473791971,-1.144546753367866,1.3075804978989882,0
-1.295145730437376,-1.1508934126061727,1.2612326793511754,0
-1.2893501526106574,-1.1585950273465906,1.2151934864364764,0
-1.2831261598368309,-1.1667261889570795,1.1667261889570804,0
-1.2780483410907177,-1.1800151818520885,1.1213390154710905,0
-1.2737559389821156,-1.1980425907076855,1.0742707229086566,0
-1.2696967896167426,-1.2150616490964645,1.0292046391021474,0
-1.2660970879448266,-1.2333387617123885,0.9837053122634671,0
-1.2533178915731893,-1.2026530697325695,0.9454225379161179,0
-1.2498819639022023,-1.2212340356289768,0.9002239384997025,0
-1.246487945206175,-1.2394093715624719,0.8544583756322539,0
-1.2434964070018246,-1.2576940597915367,0.8084123219822716,0
-1.2409749071070422,-1.2759793620884519,0.7623789861215867,0
-1.226227205863578,-1.2453013003900397,0.7235384116666658,0
-1.2241498767309833,-1.2635915672346598,0.6776564015804267,0
-1.2081118977999887,-1.2329549199999388,0.6390321440222392,0
-1.1906508987882252,-1.2025871732685858,0.6003896438029143,0
-1.1715531260519303,-1.1722197755310897,0.5618783883164293,0
-1.170589871250427,-1.1906237762489837,0.5164565675553587,0
-1.1499367926285184,-1.1601088432316398,0.4779611612252263,0
-1.1270987894591857,-1.1295773861480758,0.43935936165323136,0
-1.1023366723656762,-1.0990421277971378,0.4007424435001527,0
-1.0743811513010175,-1.0686406496426588,0.3622217799782452,0
-1.0446659512501117,-1.0368128704020467,0.319163275366412,0
-1.0003749285838897,-1.004197890929559,0.27894065046113503,0
-0.9950245645242097,-0.970031253028417,0.24298018056647996,0
-1.340841660267217,-1.1913986083068824,-1.6064150634641179,0
-1.3364521662645013,-1.1918253310997307,-1.559679832961669,0
-1.3323643095194566,-1.2000688964965516,-1.514280675926925,0
-1.3279064551840691,-1.2097062774389704,-1.4662898363627939,0
-1.3228014247627884,-1.2152428206017956,-1.4167905016275868,0
-1.317551435914917,-1.2177970900904984,-1.3705460330161898,0
-1.31261745252433,-1.2207035694102613,-1.3272377574731977,0
-1.3079347587431613,-1.2255534180193182,-1.2851171388757487,0
-1.3033038854788404,-1.237436867075976,-1.237436867075975,0
-1.2992220859812502,-1.249770790473048,-1.194130251585195,0
-1.2951457304372451,-1.261232679351175,-1.150893412606173,0
-1.2916485364493324,-1.276542672442031,-1.107524027446688,0
-1.2883298317377492,-1.294700675071279,-1.06125674394682,0
-1.2853734727130142,-1.313055584650275,-1.015219633626509,0
-1.2826917244355351,-1.331545646556649,-0.9700535395640812,0
-1.2717976473905013,-1.300938180013275,-0.9320499721060267,0
-1.2690772408268354,-1.3191457062150873,-0.8861488818067371,0
-1.2666992794299672,-1.3374190702461701,-0.8401337787239316,0
-1.2647053383577689,-1.3556682228015373,-0.794128854143465,0
-1.2629826252017615,-1.3738845269642013,-0.7481303406665689,0
-1.2506384742974386,-1.3431817133480801,-0.7092503176796282,0
-1.2494438761303341,-1.3615979945818202,-0.6635659615862535,0
-1.2361910908021143,-1.3309994190427201,-0.6250597025248626,0
-1.2217645087000844,-1.3004422055586022,-0.586611387731799,0
-1.2060575902001527,-1.2698873600378853,-0.5480006094351313,0
-1.2059160733796417,-1.2880914710239872,-0.5023621380309765,0
-1.1891026197814227,-1.2573541431005453,-0.463832762795705,0
-1.1709049433655678,-1.2266405731933698,-0.4252794204484164,0
-1.1511940359693924,-1.1962167773943118,-0.3866367463329259,0
-1.1297430784964424,-1.1659184707108028,-0.34784616906804716,0
-1.1059697203833094,-1.134335909489621,-0.30843696583189845,0
-1.0786783917960139,-1.102146110577886,-0.26891265440161627,0
-1.0454042583945993,-1.062548862481097,-0.22010089776117164,0
-1.0073900591250802,-1.034882314224999,-0.17875432905531205,0
-0.9950245645242097,-0.989176509908181,-0.14673047483692786,0
-1.3404415235354346,-1.1516163820122878,1.6351696268830733,0
-1.335244437005549,-1.1494865907553748,1.5816588031632814,0
-1.3305216374206508,-1.1549512406425748,1.5331860065540182,0
-1.3257569790837174,-1.1629351188894088,1.4849020148823842,0
-1.3206854418197123,-1.1701315577130549,1.4362801888546002,0
-1.3152663787129868,-1.175939882057663,1.3873059271990271,0
-1.3096659686357282,-1.180148122371798,1.3397632023767911,0
-1.3040026351224308,-1.1850054935467529,1.2930438374665663,0
-1.2992220859813333,-1.194130251585195,1.2497707904730482,0
-1.2936178754311691,-1.2020815280165076,1.2020815280165085,0
-1.2893501526106885,-1.2151934864364755,1.1585950273465915,0
-1.2849625271165726,-1.2286978455988204,1.1138145911334165,0
-1.2812158113502787,-1.2460205018494226,1.0683035269902534,0
-1.2776790178213904,-1.2639901261585635,1.0224264714663105,0
-1.2745754307635868,-1.2824961388980125,0.9772008524625794,0
-1.262825996340271,-1.2520776212845806,0.9386685172308539,0
-1.2597159587061617,-1.2702721379983348,0.8932423498421287,0
-1.256902845803269,-1.2884168824373488,0.8472911698935413,0
-1.2543768823260537,-1.3066951378897949,0.801250075625209,0
-1.2522801370143084,-1.3249485041973297,0.7552346740026509,0
-1.2388228759455269,-1.2942565448041978,0.7163847937734595,0
-1.2372155424464555,-1.3125686756354207,0.6705983158359081,0
-1.2226446393480084,-1.2819741079706177,0.632083325441801,0
-1.2067986703288207,-1.2514551744481708,0.5935099122618289,0
-1.1894645489581863,-1.2209649577838948,0.5549153801891833,0
-1.1890325507610628,-1.2393250274103267,0.5094748583675279,0
-1.1703613571409517,-1.2087065395314418,0.47089853238074875,0
-1.1500534498145447,-1.1781463760709099,0.43231871022101886,0
-1.1279576413610117,-1.1477751322528318,0.3935926517888858,0
-1.103913072283377,-1.1172133050891289,0.3549575354954195,0
-1.0756472994760604,-1.0856398098607387,0.3137086265934822,0
-1.045586959559031,-1.051901303151065,0.2690254522775384,0
-1.0010188065969374,-1.018488388592635,0.22658593868666277,0
-0.9950245645242097,-0.980785280302205,0.19509032252401737,0
-1.3413805513761088,-1.2304631806793405,-1.5766928556293018,0
-1.3377049188283345,-1.2315959561210517,-1.53883046074536,0
-1.3352078481336453,-1.2531333301774619,-1.4993387059434997,0
-1.3296695036032309,-1.2547487527514258,-1.4450961056802758,0
-1.324322752822422,-1.25512730188083,-1.3957699035847397,0
-1.320035518810028,-1.2545290474322521,-1.3578554465306538,0
-1.3163841025500433,-1.2599334939023492,-1.3211105335975057,0
-1.3119931289083377,-1.272792206135378,-1.272792206135378,0
-1.3079347587431478,-1.285117138875749,-1.225553418019318,0
-1.3040026351223435,-1.293043837466566,-1.185005493546753,0
-1.3009916473790546,-1.307580497898988,-1.144546753367866,0
-1.2981941543765079,-1.325513455528628,-1.100200234955922,0
-1.2953332905653827,-1.343817353229842,-1.054079708592095,0
-1.2926814174496561,-1.362172223592501,-1.008027093324391,0
-1.2904519014095759,-1.380593368390429,-0.9629108655293444,0
-1.2802353294323676,-1.3498765079168833,-0.9247762276904175,0
-1.2780226006225115,-1.3681199568820992,-0.8789474002831321,0
-1.2760236076675944,-1.3863816745637372,-0.8330089197864605,0
-1.2743649031325988,-1.4045887967937642,-0.7870549657684797,0
-1.2730934700446455,-1.4228288626328183,-0.7411879728250115,0
-1.2617241405383939,-1.3921893495941933,-0.702342032496161,0
-1.260909823674872,-1.4105440308590103,-0.6567185461126069,0
-1.2487576871834367,-1.3800047173256662,-0.6180801027467775,0
-1.235588638959091,-1.3493514221344463,-0.5794975307215877,0
-1.2213814429184642,-1.3187041651600202,-0.5409604740435408,0
-1.2214843716371129,-1.3369108528425813,-0.49519113737046005,0
-1.206421897820264,-1.3062533764974118,-0.4566925259191859,0
-1.1898435868783976,-1.2750544577923808,-0.41801516123934257,0
-1.1721605478325257,-1.2445794559813168,-0.37941260423677187,0
-1.153216638616452,-1.2140717345419088,-0.3408518767713711,0
-1.1322570523522903,-1.183185460292307,-0.3019187746551882,0
-1.1093998460013879,-1.151639946060103,-0.2626900972427301,0
-1.0832594183148898,-1.119217208372746,-0.22191810231964712,0
-1.0592230846818131,-1.090105394089912,-0.18511491941593183,0
-1.042004796777947,-1.069478001292287,-0.14845401837814873,0
-0.9999117033863303,-1.035561018515463,-0.12501317957324545,0
-0.9950245645242097,-0.9951847266485508,-0.09801714056964254,0
-1.3408416602674251,-1.1913986083068815,1.6064150634641183,0
-1.3364521662647049,-1.1918253310997298,1.5596798329616695,0
-1.3323643095196407,-1.2000688964965507,1.5142806759269254,0
-1.3279064551842472,-1.2097062774389695,1.4662898363627943,0
-1.3228014247629465,-1.2152428206017947,1.4167905016275872,0
-1.3175514359151088,-1.217797090090498,1.3705460330161903,0
-1.312617452524466,-1.2207035694102608,1.3272377574731982,0
-1.3079347587433034,-1.2255534180193177,1.2851171388757492,0
-1.303303885478936,-1.2374368670759757,1.2374368670759754,0
-1.299222085981327,-1.2497707904730475,1.1941302515851955,0
-1.2951457304373444,-1.2612326793511746,1.1508934126061734,0
-1.2916485364493773,-1.2765426724420306,1.1075240274466884,0
-1.2883298317378185,-1.2947006750712786,1.0612567439468203,0
-1.2853734727131019,-1.3130555846502745,1.0152196336265094,0
-1.2826917244355667,-1.3315456465566486,0.9700535395640819,0
-1.2717976473905637,-1.3009381800132747,0.9320499721060274,0
-1.2690772408269224,-1.3191457062150869,0.8861488818067378,0
-1.266699279429994,-1.3374190702461697,0.8401337787239322,0
-1.2647053383577929,-1.3556682228015369,0.7941288541434657,0
-1.2629826252018077,-1.3738845269642008,0.7481303406665696,0
-1.2506384742974501,-1.3431817133480797,0.7092503176796289,0
-1.24944387613035,-1.3615979945818197,0.6635659615862541,0
-1.2361910908021618,-1.3309994190427197,0.6250597025248633,0
-1.2217645087000737,-1.3004422055586018,0.5866113877317997,0
-1.2060575902001418,-1.2698873600378848,0.548000609435132,0
-1.2059160733796734,-1.2880914710239868,0.5023621380309772,0
-1.1891026197814418,-1.2573541431005448,0.46383276279570557,0
-1.1709049433656191,-1.2266405731933698,0.42527942044841693,0
-1.1511940359693664,-1.1962167773943118,0.38663674633292644,0
-1.1297430784964566,-1.1659184707108028,0.3478461690680477,0
-1.1059697203833245,-1.134335909489621,0.308436965831899,0
-1.0786783917960512,-1.102146110577886,0.2689126544016167,0
-1.0454042583945853,-1.062548862481097,0.2201008977611722,0
-1.007390059125099,-1.034882314224999,0.17875432905531255,0
-0.9950245645242097,-0.989176509908181,0.14673047483692836,0
-1.3413115271440574,-1.2687865679578592,-1.5460209070286597,0
-1.3408255343635027,-1.3063456856411466,-1.5144176932427738,0
-1.3354812076748706,-1.2972295096967286,-1.4668515038325178,0
-1.3301744667545525,-1.2941161931655016,-1.415962880308641,0
-1.3244134430585142,-1.2928036637969835,-1.3627062966573877,0
-1.3201170416040446,-1.308147545194806,-1.308147545194806,0
-1.3163841025500513,-1.321110533597506,-1.259933493902349,0
-1.3126174525243444,-1.327237757473198,-1.220703569410261,0
-1.3096659686355985,-1.339763202376791,-1.180148122371798,0
-1.3071153965979583,-1.356693910863326,-1.138132489074758,0
-1.3044893615003084,-1.37458372368013,-1.092961038993988,0
-1.3020340638201005,-1.392858194668664,-1.046918742513806,0
-1.299779305784362,-1.411174148990311,-1.00092504308546,0
-1.2978162745836495,-1.429544280043172,-0.9557742848212265,0
-1.288351773408067,-1.3988197810161083,-0.9176465317578044,0
-1.2864604333328549,-1.4170391448831963,-0.8717536437363363,0
-1.2848889829507155,-1.4352804068839142,-0.8258666057212549,0
-1.2835417353406273,-1.4534890869163752,-0.7800071014681164,0
-1.2825185584957466,-1.4716750845600461,-0.73415825331562,0
-1.2721227228523049,-1.4411258387087722,-0.6954271158278537,0
-1.271524248064278,-1.4593570135546823,-0.6497186334191415,0
-1.260405767694501,-1.4287414852392362,-0.6111480800637326,0
-1.2484453879360997,-1.3981753524001073,-0.5724530245671201,0
-1.2354774666717512,-1.3675109742324743,-0.5338238125609343,0
-1.2358560891869825,-1.3857110115418312,-0.48798624408594254,0
-1.2221834758457726,-1.3549555759422467,-0.44938582388988885,0
-1.2071379725108957,-1.3235299389249988,-0.41073490836770316,0
-1.191372852047858,-1.2929820038783397,-0.3720098234345863,0
-1.1743015529465757,-1.2624620533703899,-0.3333668210357327,0
-1.155798537572867,-1.231677909434284,-0.2945843449848356,0
-1.1359830438841387,-1.20081514108489,-0.25569214394846657,0
-1.1144790648127956,-1.169802319917377,-0.21669359675775615,0
-1.0917606984163513,-1.139060617110101,-0.17799644833867695,0
-1.0673196458910263,-1.110125723683732,-0.13892061692745514,0
-1.046469642302496,-1.080429989578334,-0.10665909930212068,0
-1.0055692899373934,-1.045564283086771,-0.0752609377221296,0
-0.9950245645242097,-0.998795456200073,-0.04906767443121759,0
-1.341380551376318,-1.2304631806793396,1.5766928556293023,0
-1.3377049188285721,-1.2315959561210508,1.5388304607453605,0
-1.3352078481338434,-1.253133330177461,1.4993387059435002,0
-1.3296695036034267,-1.254748752751425,1.4450961056802762,0
-1.3243227528225676,-1.255127301880829,1.3957699035847402,0
-1.3200355188101485,-1.2545290474322517,1.3578554465306543,0
-1.3163841025501672,-1.2599334939023488,1.3211105335975062,0
-1.311993128908443,-1.2727922061353776,1.2727922061353785,0
-1.307934758743266,-1.2851171388757485,1.2255534180193184,0
-1.3040026351223934,-1.2930438374665656,1.1850054935467536,0
-1.3009916473791534,-1.3075804978989876,1.1445467533678664,0
-1.2981941543766438,-1.3255134555286276,1.1002002349559223,0
-1.2953332905654016,-1.3438173532298416,1.0540797085920954,0
-1.2926814174497183,-1.3621722235925005,1.0080270933243916,0
-1.2904519014096467,-1.3805933683904286,0.962910865529345,0
-1.2802353294324276,-1.3498765079168829,0.9247762276904181,0
-1.2780226006225412,-1.3681199568820988,0.8789474002831328,0
-1.2760236076676126,-1.3863816745637367,0.8330089197864612,0
-1.2743649031326465,-1.4045887967937638,0.7870549657684803,0
-1.2730934700447154,-1.4228288626328178,0.7411879728250121,0
-1.2617241405384165,-1.3921893495941928,0.7023420324961617,0
-1.2609098236748997,-1.4105440308590098,0.6567185461126076,0
-1.2487576871834951,-1.3800047173256658,0.6180801027467782,0
-1.2355886389591155,-1.3493514221344458,0.5794975307215884,0
-1.2213814429185639,-1.3187041651600198,0.5409604740435414,0
-1.2214843716370893,-1.3369108528425808,0.4951911373704606,0
-1.2064218978203194,-1.3062533764974118,0.45669252591918646,0
-1.1898435868783916,-1.2750544577923808,0.4180151612393431,0
-1.1721605478325803,-1.2445794559813168,0.3794126042367724,0
-1.1532166386164744,-1.2140717345419088,0.34085187677137163,0
-1.1322570523522977,-1.183185460292307,0.30191877465518874,0
-1.1093998460013714,-1.151639946060103,0.2626900972427307,0
-1.0832594183148905,-1.119217208372746,0.22191810231964768,0
-1.0592230846818529,-1.090105394089912,0.1851149194159324,0
-1.0420047967779098,-1.069478001292287,0.14845401837814928,0
-0.9999117033863576,-1.035561018515463,0.12501317957324595,0
-0.9950245645242097,-0.9951847266485508,0.09801714056964302,0
-1.3406995543392333,-1.3431179095514867,-1.4819022508391178,0
-1.3354692618145867,-1.3321672493269336,-1.4340531810288057,0
-1.331207081892833,-1.3326206815401125,-1.3913002910681187,0
-1.3276489998710908,-1.343502884254265,-1.343502884254264,0
-1.324413443058543,-1.362706296657388,-1.292803663796983,0
-1.3200355188100288,-1.357855446530654,-1.254529047432252,0
-1.3175514359149623,-1.37054603301619,-1.217797090090498,0
-1.3152663787129113,-1.387305927199027,-1.175939882057663,0
-1.3129526693197364,-1.40568136286468,-1.131508893313259,0
-1.3106099680167531,-1.423554048177579,-1.085733786522275,0
-1.3084435239373016,-1.441787453439556,-1.03977788639283,0
-1.3065191316135951,-1.460050818167383,-0.9939633458298466,0
-1.3048759282248243,-1.478366484011826,-0.9486054715424804,0
-1.2960757099146618,-1.4476947879023523,-0.9104239655038595,0
-1.2944874267645246,-1.4658786511622863,-0.8645266627553881,0
-1.2931839835222192,-1.4840822675570933,-0.8186486337617133,0
-1.2921939827234523,-1.5022731639555231,-0.772827924121615,0
-1.2914204990748663,-1.5204563177716983,-0.7270171515897211,0
-1.2818551842854944,-1.4898868487216943,-0.6883693530345409,0
-1.2814608013122244,-1.5080911209063432,-0.6426195207666946,0
-1.2712797842854258,-1.4775185379453741,-0.6039782597480688,0
-1.2603107127376176,-1.4469192155108102,-0.56532971002423,0
-1.2485204761763171,-1.4163189620861563,-0.526664546308513,0
-1.249112897330553,-1.4345188498682673,-0.4808141896676548,0
-1.236699851267629,-1.4038711475725767,-0.44215049307674215,0
-1.2233826668048509,-1.3729279703358448,-0.4034586194946556,0
-1.2090413777414828,-1.3420197378987997,-0.3647432929574265,0
-1.193615903756034,-1.3111714858139027,-0.3259376089370225,0
-1.1772259901795905,-1.280334932435385,-0.2870510277159108,0
-1.1594879760285586,-1.249549437856368,-0.24822595344380963,0
-1.140627166228381,-1.218831323605658,-0.20947580326456322,0
-1.1208164910274436,-1.18818522569068,-0.17171886473413892,0
-1.1009651966061098,-1.161007384923481,-0.12557428605446025,0
-1.0753836488034125,-1.125473753467015,-0.09303786996718197,0
-1.0513036269859115,-1.092899391922077,-0.07124812390196172,0
-1.0399185461836395,-1.076057135607035,-0.037941139861740594,0
-0.9919146232219876,-1.036541042540306,-0.0372059861067225,0
-0.9950245645242096,-1.0,3.5876077807826975e-16,0
-0.9950245645242097,-0.998795456200073,0.049067674431218074,0
-1.0055692899373854,-1.045564283086771,0.0752609377221301,0
-1.0464696423024695,-1.080429989578334,0.10665909930212118,0
-1.067319645891078,-1.110125723683732,0.1389206169274557,0
-1.091760698416369,-1.139060617110101,0.1779964483386775,0
-1.114479064812843,-1.169802319917377,0.2166935967577567,0
-1.1359830438841487,-1.20081514108489,0.2556921439484671,0
-1.1557985375729263,-1.231677909434284,0.29458434498483616,0
-1.174301552946546,-1.2624620533703899,0.33336682103573323,0
-1.1913728520478757,-1.2929820038783397,0.37200982343458683,0
-1.2071379725108868,-1.3235299389249988,0.4107349083677037,0
-1.2221834758457737,-1.3549555759422467,0.4493858238898895,0
-1.2358560891870196,-1.3857110115418307,0.4879862440859432,0
-1.2354774666717316,-1.3675109742324738,0.5338238125609349,0
-1.2484453879360888,-1.3981753524001068,0.5724530245671208,0
-1.2604057676944966,-1.4287414852392357,0.6111480800637332,0
-1.2715242480643083,-1.4593570135546818,0.6497186334191422,0
-1.2721227228523169,-1.4411258387087718,0.6954271158278543,0
-1.2825185584957977,-1.4716750845600457,0.7341582533156207,0
-1.2835417353406182,-1.4534890869163748,0.780007101468117,0
-1.2848889829507368,-1.4352804068839138,0.8258666057212556,0
-1.2864604333329381,-1.4170391448831958,0.871753643736337,0
-1.2883517734081047,-1.3988197810161078,0.9176465317578051,0
-1.2978162745836817,-1.4295442800431715,0.9557742848212272,0
-1.2997793057843945,-1.4111741489903105,1.0009250430854604,0
-1.3020340638201713,-1.3928581946686636,1.0469187425138065,0
-1.3044893615003557,-1.3745837236801295,1.0929610389939886,0
-1.307115396598018,-1.3566939108633256,1.1381324890747584,0
-1.3096659686357395,-1.3397632023767905,1.1801481223717984,0
-1.3126174525244272,-1.3272377574731975,1.2207035694102615,0
-1.3163841025501581,-1.3211105335975055,1.2599334939023494,0
-1.320117041604168,-1.3081475451948055,1.3081475451948064,0
-1.3244134430586771,-1.292803663796983,1.3627062966573882,0
-1.3301744667547188,-1.2941161931655007,1.4159628803086415,0
-1.3354812076750506,-1.2972295096967277,1.4668515038325183,0
-1.340825534363725,-1.3063456856411457,1.5144176932427742,0
-1.3413115271443254,-1.2687865679578583,1.5460209070286601,0
-1.3406888326596502,-1.3790810894677097,-1.4484941659090498,0
-1.3363746314748004,-1.3641045612084697,-1.4137237695628768,0
-1.3342653048848685,-1.37885822331368,-1.37885822331368,0
-1.3312070818928208,-1.391300291068119,-1.332620681540112,0
-1.3301744667546036,-1.415962880308641,-1.294116193165501,0
-1.3243227528224328,-1.39576990358474,-1.255127301880829,0
-1.322801424762808,-1.416790501627587,-1.215242820601795,0
-1.3206854418195555,-1.4362801888546,-1.170131557713055,0
-1.3185105759206126,-1.454309247612962,-1.124362029709828,0
-1.3164209251041414,-1.472367373826658,-1.0784979815361515,0
-1.3146090115312787,-1.490533323589698,-1.0326154472307305,0
-1.3129869990362486,-1.508902454752816,-0.9868807959089331,0
-1.3115707758091137,-1.52710114529763,-0.9413242710186288,0
-1.3033994438272167,-1.4965668492416901,-0.9030424825751212,0
-1.3021456905155904,-1.5147111735839172,-0.8571680851395619,0
-1.301098069922107,-1.5328851976495512,-0.8113683523643549,0
-1.3002875888215093,-1.5510105000115373,-0.765542950329031,0
-1.2998058084939546,-1.5692109021911713,-0.7197947969313137,0
-1.2909313153524336,-1.5386390392957163,-0.6812500419346333,0
-1.29076392424894,-1.5568159013798892,-0.6354759842480159,0
-1.2813837969739215,-1.5262651688857543,-0.596844146999799,0
-1.2713637385675822,-1.4957010917114453,-0.5581773160330766,0
-1.260616345584591,-1.4651228610774731,-0.5194966514366272,0
-1.2613102064053698,-1.4833375594071263,-0.47364393902601026,0
-1.2501080518554202,-1.4527104669804687,-0.4349346948827668,0
-1.2381046876061803,-1.4220054950693588,-0.39624209352542944,0
-1.2251745583677178,-1.3911859266070867,-0.35749510515074445,0
-1.2113920050928486,-1.3601958706981219,-0.3186905432063468,0
-1.1966462417952597,-1.329394721754459,-0.27983033267682356,0
-1.1809782309168386,-1.2985876924889,-0.2409704972819495,0
-1.163716663111128,-1.266820787449091,-0.19967445931444072,0
-1.1463065193636692,-1.237022592969058,-0.16339032309227694,0
-1.1301307281521524,-1.210010914357945,-0.12933259887127074,0
-1.120586654298254,-1.197018626328959,-0.08809221923470849,0
-1.0975871369236496,-1.159499000354933,-0.07832031644348034,0
-1.0733057801023285,-1.125704394314883,-0.04452201022262438,0
-1.0536264076114596,-1.1,3.9463685588609675e-16,0
-1.0126015439690061,-1.05,3.7669881698218327e-16,0
-1.0399185461836706,-1.076057135607035,0.03794113986174112,0
-1.0513036269859402,-1.092899391922077,0.07124812390196225,0
-1.075383648803382,-1.125473753467015,0.0930378699671825,0
-1.1009651966061027,-1.161007384923481,0.1255742860544608,0
-1.1208164910273941,-1.18818522569068,0.17171886473413953,0
-1.1406271662283773,-1.218831323605658,0.20947580326456383,0
-1.1594879760285464,-1.249549437856368,0.24822595344381024,0
-1.1772259901795963,-1.280334932435385,0.28705102771591134,0
-1.193615903756052,-1.3111714858139027,0.32593760893702306,0
-1.2090413777415117,-1.3420197378987997,0.3647432929574271,0
-1.223382666804886,-1.3729279703358448,0.4034586194946563,0
-1.2366998512676775,-1.4038711475725767,0.4421504930767428,0
-1.2491128973305499,-1.4345188498682668,0.4808141896676555,0
-1.248520476176356,-1.4163189620861558,0.5266645463085137,0
-1.260310712737676,-1.4469192155108097,0.5653297100242307,0
-1.2712797842854617,-1.4775185379453737,0.6039782597480695,0
-1.2814608013122317,-1.5080911209063428,0.6426195207666953,0
-1.2818551842854955,-1.4898868487216939,0.6883693530345416,0
-1.2914204990749205,-1.5204563177716979,0.7270171515897218,0
-1.2921939827234605,-1.5022731639555227,0.7728279241216157,0
-1.2931839835222683,-1.4840822675570928,0.8186486337617139,0
-1.2944874267645528,-1.4658786511622859,0.8645266627553888,0
-1.296075709914698,-1.4476947879023518,0.9104239655038602,0
-1.3048759282248634,-1.4783664840118256,0.9486054715424811,0
-1.306519131613641,-1.4600508181673826,0.9939633458298472,0
-1.3084435239373506,-1.4417874534395556,1.0397778863928304,0
-1.3106099680168262,-1.4235540481775786,1.0857337865222754,0
-1.3129526693197862,-1.4056813628646796,1.1315088933132595,0
-1.3152663787129202,-1.3873059271990265,1.1759398820576634,0
-1.3175514359150573,-1.3705460330161896,1.2177970900904984,0
-1.320035518810143,-1.3578554465306536,1.2545290474322524,0
-1.3244134430586496,-1.3627062966573875,1.2928036637969835,0
-1.327648999871196,-1.3435028842542645,1.3435028842542645,0
-1.3312070818929922,-1.3326206815401116,1.3913002910681191,0
-1.335469261814765,-1.3321672493269328,1.4340531810288062,0
-1.340699554339443,-1.3431179095514858,1.4819022508391182,0
-0.9919146232219881,-1.036541042540306,0.037205986106723,0
-1.3403863604432533,-1.4142135623730954,-1.414213562373095,0
-1.3363746314748186,-1.413723769562877,-1.364104561208469,0
-1.3354692618146187,-1.434053181028806,-1.332167249326933,0
-1.3354812076749227,-1.466851503832518,-1.2972295096967275,0
-1.3296695036032962,-1.445096105680276,-1.254748752751425,0
-1.3279064551841318,-1.466289836362794,-1.2097062774389695,0
-1.3257569790836108,-1.484902014882384,-1.1629351188894086,0
-1.3238190719887473,-1.503016047339945,-1.1171787664099575,0
-1.3219881641748674,-1.52083760122958,-1.0711871529369166,0
-1.320364657062869,-1.538643806422348,-1.0252314101296696,0
-1.3190897531166037,-1.557467892698426,-0.9796895472987064,0
-1.3180192238025459,-1.57584822209119,-0.9340245002836741,0
-1.310370397643277,-1.5453504217494272,-0.8956190673038166,0
-1.3093559017176768,-1.5635036541434533,-0.8498033120769777,0
-1.3086053473897867,-1.5816391289494842,-0.8040236174141511,0
-1.308029777313792,-1.5997660774763323,-0.7583295788868947,0
-1.3076638080325313,-1.6179564319250022,-0.7125933238871923,0
-1.2995164179423275,-1.5873789228274562,-0.6740613245801402,0
-1.2994536381015722,-1.6055394276913761,-0.6283472969829161,0
-1.2908444967780486,-1.5749957551347262,-0.5897173596129548,0
-1.2816433825290328,-1.5444866858613002,-0.5510415653227028,0
-1.2718309116751736,-1.5139186190521612,-0.5123478992267799,0
-1.2726553316089615,-1.5321785964296253,-0.4664979617709979,0
-1.2624403529208779,-1.5015945278696448,-0.4277704117103881,0
-1.2515446967340231,-1.4709227542214818,-0.38901816131946787,0
-1.2399302171570274,-1.4401660948385748,-0.35024547450578836,0
-1.2275622420584948,-1.4093463981583099,-0.3114415387090038,0
-1.2143196883502447,-1.378478815375139,-0.27259482969569254,0
-1.200334247560168,-1.347657995702593,-0.23370783370634002,0
-1.1845746059935645,-1.315452553377113,-0.1919306221687877,0
-1.1677186061761948,-1.282167594887338,-0.15423797838408115,0
-1.1522994480609798,-1.252124005671904,-0.12743158589018053,0
-1.1469040473662717,-1.245307382624987,-0.09005898609443944,0
-1.1343604569142591,-1.224253813538292,-0.04504518356511785,0
-1.1069380995363798,-1.176337163535087,-0.042688991665124354,0
-1.0898861183082171,-1.15,4.125748947900102e-16,0
-1.073305780102294,-1.125704394314883,0.04452201022262492,0
-1.0975871369236518,-1.159499000354933,0.07832031644348089,0
-1.1205866542982954,-1.197018626328959,0.08809221923470904,0
-1.1301307281521744,-1.210010914357945,0.12933259887127135,0
-1.1463065193637088,-1.237022592969058,0.16339032309227755,0
-1.163716663111121,-1.266820787449091,0.19967445931444133,0
-1.1809782309168568,-1.2985876924889,0.24097049728195016,0
-1.1966462417952806,-1.329394721754459,0.2798303326768241,0
-1.2113920050928593,-1.3601958706981219,0.3186905432063475,0
-1.2251745583676779,-1.3911859266070867,0.3574951051507451,0
-1.23810468760618,-1.4220054950693588,0.3962420935254301,0
-1.2501080518554035,-1.4527104669804687,0.4349346948827675,0
-1.261310206405339,-1.4833375594071259,0.47364393902601093,0
-1.260616345584656,-1.4651228610774727,0.5194966514366278,0
-1.2713637385675023,-1.4957010917114448,0.5581773160330773,0
-1.2813837969739783,-1.5262651688857538,0.5968441469997997,0
-1.2907639242489402,-1.5568159013798888,0.6354759842480165,0
-1.2909313153524766,-1.5386390392957159,0.681250041934634,0
-1.2998058084939572,-1.5692109021911709,0.7197947969313143,0
-1.3002875888215233,-1.5510105000115368,0.7655429503290316,0
-1.3010980699221284,-1.5328851976495508,0.8113683523643556,0
-1.30214569051564,-1.5147111735839167,0.8571680851395626,0
-1.3033994438272498,-1.4965668492416897,0.9030424825751219,0
-1.311570775809143,-1.5271011452976295,0.9413242710186295,0
-1.3129869990362484,-1.5089024547528156,0.9868807959089337,0
-1.3146090115313538,-1.4905333235896976,1.0326154472307314,0
-1.3164209251041623,-1.4723673738266576,1.0784979815361524,0
-1.3185105759206712,-1.4543092476129615,1.1243620297098285,0
-1.32068544181966,-1.4362801888545995,1.1701315577130555,0
-1.3228014247628794,-1.4167905016275866,1.2152428206017953,0
-1.324322752822534,-1.3957699035847395,1.2551273018808295,0
-1.3301744667546582,-1.4159628803086406,1.2941161931655014,0
-1.3312070818929875,-1.3913002910681185,1.3326206815401125,0
-1.3342653048850281,-1.3788582233136795,1.3788582233136804,0
-1.336374631474954,-1.3641045612084688,1.4137237695628773,0
-1.3406888326598454,-1.3790810894677088,1.4484941659090502,0
-1.3406888326596909,-1.44849416590905,-1.379081089467709,0
-1.340699554339295,-1.481902250839118,-1.3431179095514856,0
-1.3408255343635915,-1.514417693242774,-1.3063456856411455,0
-1.3352078481337153,-1.4993387059435,-1.2531333301774605,0
-1.3323643095195032,-1.514280675926925,-1.2000688964965505,0
-1.330521637420487,-1.533186006554018,-1.1549512406425746,0
-1.328835453589937,-1.551290815167418,-1.1093851536719457,0
-1.3269202347462965,-1.566990413645044,-1.0625045965474988,0
-1.3256738841529605,-1.585133052821721,-1.0172975153290509,0
-1.3249068199236895,-1.604990792463204,-0.9720817765918994,0
-1.3240997196224462,-1.6243953774495612,-0.9268313180137039,0
-1.3170516321301757,-1.5939976476546103,-0.8882857332060512,0
-1.3162607647809763,-1.6121746101227343,-0.8425750126353106,0
-1.315671185798165,-1.6303125295994743,-0.7968609085091001,0
-1.315347950003668,-1.6484669721813272,-0.75116187625058,0
-1.3151711074296006,-1.6666170100788422,-0.7054617558284969,0
-1.3075657586880143,-1.6360853882548132,-0.6669036514610699,0
-1.3076525734505227,-1.6542411100321843,-0.6212006986037425,0
-1.299664241916023,-1.6237125703491813,-0.5826153788396268,0
-1.2912304980404667,-1.5932758212545932,-0.5439459904452802,0
-1.282209259958522,-1.5627636591291223,-0.5052166796183265,0
-1.283132968904304,-1.5811556519968577,-0.459354074681745,0
-1.2738172687029377,-1.5505070239229577,-0.4206063910681741,0
-1.2639429604939973,-1.5198567231207967,-0.3818470441582395,0
-1.2534236035835271,-1.4891472385085869,-0.34304888797271,0
-1.2422680229828627,-1.458388756466627,-0.30422706035737473,0
-1.2303630429754933,-1.427575947573089,-0.26536193778133094,0
-1.217868135823677,-1.396755643454931,-0.22646276044789032,0
-1.204571522214059,-1.365924926147193,-0.18755384618638193,0
-1.1888714919961128,-1.331276302514291,-0.1431136157671406,0
-1.1708454123836536,-1.294507111164958,-0.09963648513448578,0
-1.1604036654573464,-1.275068861232616,-0.045307778724191866,0
-1.1477998192715806,-1.25,4.484509725978371e-16,0
-1.1204119278724456,-1.2,4.3051293369392366e-16,0
-1.1343604569142118,-1.224253813538292,0.04504518356511845,0
-1.146904047366288,-1.245307382624987,0.09005898609444002,0
-1.152299448060979,-1.252124005671904,0.12743158589018114,0
-1.1677186061762213,-1.282167594887338,0.15423797838408176,0
-1.1845746059935727,-1.315452553377113,0.19193062216878837,0
-1.2003342475601801,-1.347657995702593,0.23370783370634068,0
-1.2143196883502594,-1.378478815375139,0.2725948296956932,0
-1.2275622420585084,-1.4093463981583099,0.3114415387090045,0
-1.2399302171570565,-1.4401660948385748,0.350245474505789,0
-1.2515446967340769,-1.4709227542214818,0.38901816131946854,0
-1.2624403529208632,-1.5015945278696448,0.42777041171038876,0
-1.2726553316090277,-1.5321785964296248,0.46649796177099856,0
-1.2718309116752016,-1.5139186190521607,0.5123478992267806,0
-1.2816433825290758,-1.5444866858612998,0.5510415653227034,0
-1.2908444967780395,-1.5749957551347258,0.5897173596129555,0
-1.2994536381015873,-1.6055394276913757,0.6283472969829168,0
-1.2995164179423508,-1.5873789228274557,0.6740613245801409,0
-1.3076638080325282,-1.6179564319250017,0.712593323887193,0
-1.3080297773138077,-1.5997660774763318,0.7583295788868953,0
-1.3086053473898462,-1.5816391289494838,0.8040236174141517,0
-1.3093559017176932,-1.5635036541434528,0.8498033120769783,0
-1.3103703976433059,-1.5453504217494267,0.8956190673038172,0
-1.318019223802564,-1.5758482220911896,0.9340245002836748,0
-1.3190897531166597,-1.5574678926984256,0.979689547298707,0
-1.3203646570628886,-1.5386438064223475,1.0252314101296705,0
-1.3219881641748812,-1.5208376012295794,1.0711871529369175,0
-1.3238190719887732,-1.5030160473399445,1.1171787664099584,0
-1.3257569790836352,-1.4849020148823835,1.1629351188894095,0
-1.3279064551841895,-1.4662898363627936,1.2097062774389704,0
-1.3296695036033697,-1.4450961056802756,1.2547487527514254,0
-1.3354812076750047,-1.4668515038325176,1.2972295096967283,0
-1.3354692618147344,-1.4340531810288055,1.3321672493269334,0
-1.3363746314749454,-1.4137237695628766,1.3641045612084695,0
-1.3403863604434145,-1.4142135623730945,1.4142135623730954,0
-1.10693809953642,-1.176337163535087,0.04268899166512492,0
-1.3413115271441534,-1.54602090702866,-1.2687865679578576,0
-1.337704918828444,-1.53883046074536,-1.2315959561210506,0
-1.3364521662646094,-1.559679832961669,-1.1918253310997298,0
-1.3352444370054082,-1.581658803163281,-1.1494865907553748,0
-1.333561164044891,-1.601682257863473,-1.0995403595284639,0
-1.3306629025558785,-1.604354948365727,-1.0523859876889459,0
-1.33049779428487,-1.628061441032004,-1.0115633038189698,0
-1.3308975126784828,-1.655941631418573,-0.9663101389930687,0
-1.3299947530238572,-1.6726070337701633,-0.9194998606407789,0
-1.3233723715407275,-1.6425687100191542,-0.8811106293778752,0
-1.3228557760816437,-1.6608108080159203,-0.8354356381176822,0
-1.3224270450517523,-1.6789596856065523,-0.7897304639994501,0
-1.32227484557679,-1.6971085224516553,-0.744031211551494,0
-1.3222421723337876,-1.7152798826443683,-0.6983203083882774,0
-1.3151460840910019,-1.6847794269740193,-0.659757508883931,0
-1.3153130358758438,-1.7030452731148473,-0.6139661343585028,0
-1.3079217251014628,-1.6724067251201482,-0.5754924991335433,0
-1.3001122504192388,-1.6420506417088343,-0.536773129219066,0
-1.2919031534975205,-1.6116046261293142,-0.49808885295392835,0
-1.2928407239822381,-1.6300816207427928,-0.452177598178549,0
-1.2843639358207497,-1.5994759586643528,-0.41347441649637556,0
-1.2753196210780644,-1.5687806854564728,-0.37469443759129867,0
-1.2658016543345174,-1.5380954424125448,-0.3358702774328148,0
-1.2556854240780086,-1.507402150851457,-0.2970223552149831,0
-1.2450552009184928,-1.476666100659508,-0.2581411923806986,0
-1.2337428873953946,-1.445862726266407,-0.21922941831972032,0
-1.2218404012517006,-1.415042858290683,-0.18030853711686268,0
-1.2087695473309419,-1.383272033175373,-0.13912838018174672,0
-1.1956528861133446,-1.352409844500705,-0.09647632513066891,0
-1.183338338901541,-1.325083796556721,-0.05187126222773902,0
-1.1718635822137105,-1.3,4.663890115017507e-16,0
-1.1604036654573373,-1.275068861232616,0.04530777872419249,0
-1.1708454123836172,-1.294507111164958,0.09963648513448639,0
-1.188871491996133,-1.331276302514291,0.14311361576714127,0
-1.2045715222140483,-1.365924926147193,0.1875538461863826,0
-1.2178681358236876,-1.396755643454931,0.226462760447891,0
-1.2303630429755112,-1.427575947573089,0.2653619377813316,0
-1.2422680229828498,-1.458388756466627,0.3042270603573754,0
-1.2534236035835178,-1.4891472385085869,0.34304888797271066,0
-1.2639429604940113,-1.5198567231207967,0.38184704415824017,0
-1.2738172687029203,-1.5505070239229577,0.42060639106817477,0
-1.2831329689043012,-1.5811556519968577,0.45935407468174577,0
-1.2822092599584867,-1.5627636591291219,0.5052166796183272,0
-1.291230498040483,-1.5932758212545928,0.5439459904452809,0
-1.2996642419160345,-1.6237125703491808,0.5826153788396274,0
-1.3076525734505318,-1.6542411100321839,0.6212006986037432,0
-1.3075657586880494,-1.6360853882548128,0.6669036514610706,0
-1.3151711074296237,-1.6666170100788418,0.7054617558284976,0
-1.3153479500037142,-1.6484669721813268,0.7511618762505806,0
-1.3156711857981551,-1.6303125295994738,0.7968609085091007,0
-1.316260764781035,-1.6121746101227339,0.8425750126353113,0
-1.317051632130196,-1.5939976476546098,0.8882857332060519,0
-1.3240997196225033,-1.6243953774495608,0.9268313180137046,0
-1.3249068199237142,-1.6049907924632036,0.9720817765919001,0
-1.325673884152992,-1.5851330528217205,1.0172975153290518,0
-1.326920234746331,-1.5669904136450437,1.0625045965474997,0
-1.3288354535899554,-1.5512908151674176,1.1093851536719466,0
-1.3305216374205433,-1.5331860065540175,1.1549512406425755,0
-1.3323643095195183,-1.5142806759269245,1.2000688964965514,0
-1.3352078481337744,-1.4993387059434995,1.2531333301774614,0
-1.3408255343636488,-1.5144176932427735,1.3063456856411464,0
-1.3406995543393876,-1.4819022508391175,1.3431179095514865,0
-1.3406888326598125,-1.4484941659090496,1.3790810894677095,0
-1.3413805513762227,-1.576692855629302,-1.2304631806793398,0
-1.3408416602673139,-1.606415063464118,-1.1913986083068817,0
-1.340441523535289,-1.635169626883073,-1.1516163820122878,0
-1.340539445695572,-1.662939225234738,-1.1111404650968697,0
-1.3354953060042114,-1.642990232530535,-1.0603868659140887,0
-1.3363691291435156,-1.670406140061546,-1.0212206939993147,0
-1.337702098521346,-1.699142893285693,-0.9894170658473566,0
-1.336689561422634,-1.713735491266988,-0.9455526259126591,0
-1.3359617334396774,-1.7307615682818231,-0.8999310898600792,0
-1.3294017749830946,-1.6913182881099482,-0.8740028702202589,0
-1.3289017493657913,-1.7081406940588753,-0.8277856665208857,0
-1.3289686596910966,-1.7275986306707742,-0.7825891545040644,0
-1.328870978209489,-1.7457336883349852,-0.7369145005194951,0
-1.328707140116458,-1.7617494259109452,-0.6903421262742436,0
-1.3223358681364512,-1.7335608421173563,-0.6525261225288065,0
-1.3225434950996002,-1.7517347302678312,-0.6062648719815884,0
-1.3156059218245975,-1.7210843748206892,-0.5683501184756239,0
-1.3084580973159532,-1.6908200676636043,-0.5296152599148,0
-1.3008540518110423,-1.6605567674059463,-0.49083110319345735,0
-1.3018588423127957,-1.6790173877211059,-0.4449460747533203,0
-1.294043620010516,-1.6483979268447448,-0.40627123884177746,0
-1.2858415167810615,-1.6177352077748557,-0.3675237148795777,0
-1.2771613589889301,-1.5870621067245028,-0.328715738186043,0
-1.2680258047918864,-1.556388000216721,-0.2898760288020507,0
-1.2583798985310148,-1.525720328618073,-0.2509742312132103,0
-1.248192966520233,-1.494999702672999,-0.21201022851363702,0
-1.23753950874978,-1.464162576520311,-0.1730463037756328,0
-1.2259470607859142,-1.432372386813668,-0.13396850374290992,0
-1.2146140625053514,-1.402605880785698,-0.0933494531465166,0
-1.2036797751700934,-1.375700978922926,-0.04855147740473199,0
-1.1931543991422835,-1.35,4.843270504056642e-16,0
-1.1833383389015841,-1.325083796556721,0.05187126222773966,0
-1.1956528861133364,-1.352409844500705,0.09647632513066955,0
-1.2087695473309141,-1.383272033175373,0.1391283801817474,0
-1.2218404012516988,-1.415042858290683,0.1803085371168634,0
-1.2337428873953977,-1.445862726266407,0.21922941831972104,0
-1.24505520091846,-1.476666100659508,0.25814119238069927,0
-1.2556854240780182,-1.507402150851457,0.29702235521498377,0
-1.2658016543345247,-1.5380954424125448,0.33587027743281545,0
-1.2753196210780602,-1.5687806854564728,0.37469443759129933,0
-1.2843639358207655,-1.5994759586643528,0.41347441649637634,0
-1.2928407239822286,-1.6300816207427928,0.4521775981785498,0
-1.2919031534975365,-1.6116046261293138,0.49808885295392913,0
-1.3001122504192175,-1.6420506417088339,0.5367731292190666,0
-1.3079217251014534,-1.6724067251201478,0.5754924991335439,0
-1.315313035875855,-1.7030452731148469,0.6139661343585037,0
-1.3151460840909917,-1.6847794269740188,0.6597575088839317,0
-1.322242172333808,-1.7152798826443678,0.6983203083882783,0
-1.3222748455767965,-1.6971085224516549,0.7440312115514949,0
-1.3224270450517719,-1.6789596856065518,0.7897304639994508,0
-1.3228557760816426,-1.6608108080159198,0.8354356381176828,0
-1.3233723715407304,-1.6425687100191537,0.8811106293778759,0
-1.3299947530238712,-1.6726070337701628,0.9194998606407796,0
-1.3308975126785243,-1.6559416314185726,0.9663101389930694,0
-1.3304977942848422,-1.6280614410320036,1.0115633038189706,0
-1.330662902555909,-1.6043549483657265,1.0523859876889468,0
-1.3335611640449188,-1.6016822578634726,1.0995403595284647,0
-1.3352444370054186,-1.5816588031632806,1.1494865907553757,0
-1.3364521662645945,-1.5596798329616686,1.1918253310997307,0
-1.3377049188284915,-1.5388304607453596,1.2315959561210514,0
-1.3413115271441856,-1.5460209070286595,1.2687865679578585,0
-1.3412097152133664,-1.689707131144692,-1.0699952387551888,0
-1.341950042288847,-1.715457220712734,-1.0282054871982258,0
-1.342153295710609,-1.740173982968623,-0.9857963831335146,0
-1.342125242898328,-1.763842529487906,-0.9427934721717719,0
-1.3422868063484807,-1.7864486032744522,-0.8992226575541566,0
-1.337624262107857,-1.7635396326281563,-0.8579788665175595,0
-1.3331116847932618,-1.7449471571492552,-0.8181177421772889,0
-1.3333983375597058,-1.7642356600390243,-0.7730950325325993,0
-1.334059408705547,-1.7850367805236533,-0.7289465041660177,0
-1.335131476780673,-1.8109650460711093,-0.6824658404162987,0
-1.3286468866427399,-1.7795069687504592,-0.6441707834095807,0
-1.3288681156369482,-1.7989015125862062,-0.5974646078210554,0
-1.3229355019094347,-1.7706329664454001,-0.5608423222240851,0
-1.3161404123969858,-1.7396325597795013,-0.5224478890434804,0
-1.3091986758549239,-1.7095098021735293,-0.48359113902482176,0
-1.3101604288052568,-1.7280059641580738,-0.43774403432057224,0
-1.3030571391863817,-1.6973627068952497,-0.3990923872639,0
-1.2955246580942774,-1.6666859882254128,-0.3603517851551633,0
-1.2876344318802067,-1.6360215703124699,-0.3215565346357656,0
-1.2792988050973506,-1.605378193961792,-0.2827348787640728,0
-1.2705731130358018,-1.574695950369547,-0.2438902128528773,0
-1.2614026384883044,-1.543955010511662,-0.20497932559438137,0
-1.2515461388059685,-1.512466978477769,-0.16652104826119374,0
-1.2413814779013221,-1.481355706736923,-0.1280748025585729,0
-1.2314891039280753,-1.452767847314377,-0.08823641268801631,0
-1.2216535937209059,-1.425353433383547,-0.0454879597536487,0
-1.2124593743672503,-1.4,5.022650893095776e-16,0
-1.2036797751700652,-1.375700978922926,0.04855147740473265,0
-1.2146140625054425,-1.402605880785698,0.09334945314651727,0
-1.2259470607859078,-1.432372386813668,0.13396850374291064,0
-1.237539508749786,-1.464162576520311,0.17304630377563351,0
-1.248192966520275,-1.494999702672999,0.21201022851363774,0
-1.2583798985310317,-1.525720328618073,0.25097423121321094,0
-1.2680258047918858,-1.556388000216721,0.2898760288020514,0
-1.2771613589889401,-1.5870621067245028,0.32871573818604377,0
-1.2858415167810444,-1.6177352077748557,0.36752371487957847,0
-1.2940436200104941,-1.6483979268447448,0.40627123884177824,0
-1.3018588423128097,-1.6790173877211059,0.4449460747533211,0
-1.3008540518110367,-1.6605567674059458,0.49083110319345813,0
-1.3084580973159794,-1.6908200676636038,0.5296152599148006,0
-1.3156059218245761,-1.7210843748206888,0.5683501184756248,0
-1.3225434950996025,-1.7517347302678308,0.6062648719815893,0
-1.3223358681364656,-1.7335608421173558,0.6525261225288074,0
-1.3287071401164692,-1.7617494259109447,0.6903421262742445,0
-1.3288709782095112,-1.7457336883349848,0.736914500519496,0
-1.3289686596911132,-1.7275986306707738,0.7825891545040653,0
-1.3289017493658308,-1.7081406940588748,0.8277856665208866,0
-1.3294017749831202,-1.6913182881099478,0.8740028702202596,0
-1.3359617334397005,-1.7307615682818227,0.8999310898600801,0
-1.336689561422657,-1.7137354912669875,0.94555262591266,0
-1.337702098521346,-1.6991428932856925,0.9894170658473574,0
-1.336369129143541,-1.6704061400615455,1.0212206939993156,0
-1.3354953060042154,-1.6429902325305346,1.0603868659140896,0
-1.34053944569557,-1.6629392252347375,1.1111404650968706,0
-1.3404415235352862,-1.6351696268830727,1.1516163820122887,0
-1.3408416602672848,-1.6064150634641177,1.1913986083068826,0
-1.3413805513762156,-1.5766928556293016,1.2304631806793407,0
-1.3329615366124115,-1.7248551399105951,-0.8591907170320674,0
-1.3428300560887458,-1.8079785871308691,-0.8551101849915395,0
-1.3381337176670849,-1.7848688434964373,-0.8130398910836043,0
-1.3383682445002179,-1.8031962761698501,-0.7692677476283014,0
-1.3395017087180043,-1.8263860521078552,-0.7248027001288613,0
-1.3410614145272735,-1.8490105069204632,-0.6872964747462742,0
-1.3392104940473788,-1.8523616892636552,-0.6487764114902573,0
-1.336357394717828,-1.8538753727230892,-0.5977645053610166,0
-1.3297857507888828,-1.8203703530745623,-0.5533480134903662,0
-1.3233991033131278,-1.7891616994758612,-0.5150815458796797,0
-1.3169672881751424,-1.7584105664013523,-0.4764555166442793,0
-1.3178997532444434,-1.7769062943872238,-0.4305823660367467,0
-1.3113467602288789,-1.7462913159846019,-0.3918712067607599,0
-1.3044894850515445,-1.7156666188987357,-0.35311879154194126,0
-1.2972549846708445,-1.6849745330980739,-0.31438987038694205,0
-1.2896871897582012,-1.654329840225027,-0.27557550585248114,0
-1.2817697393323073,-1.623643648441526,-0.2367180657916936,0
-1.2734002028496603,-1.593006883881828,-0.1979408375207905,0
-1.2647213331376468,-1.562047742327355,-0.16001691586498898,0
-1.255317870015015,-1.530124103446566,-0.12292161373287704,0
-1.246223814795009,-1.500907669817843,-0.08370390425982574,0
-1.2379271012086859,-1.475000000000001,-0.04359109009904634,0
-1.2297520196686795,-1.45,5.202031282134911e-16,0
-1.2216535937208506,-1.425353433383547,0.045487959753649394,0
-1.2314891039280473,-1.452767847314377,0.088236412688017,0
-1.2413814779013297,-1.481355706736923,0.12807480255857362,0
-1.2515461388059548,-1.512466978477769,0.16652104826119446,0
-1.2614026384882773,-1.543955010511662,0.20497932559438214,0
-1.2705731130357871,-1.574695950369547,0.24389021285287807,0
-1.2792988050973535,-1.605378193961792,0.28273487876407355,0
-1.2876344318801978,-1.6360215703124699,0.3215565346357664,0
-1.2955246580942943,-1.6666859882254128,0.3603517851551641,0
-1.303057139186372,-1.6973627068952497,0.3990923872639008,0
-1.310160428805211,-1.7280059641580738,0.437744034320573,0
-1.3091986758549239,-1.7095098021735289,0.48359113902482254,0
-1.3161404123969698,-1.7396325597795008,0.5224478890434813,0
-1.3229355019094255,-1.7706329664453997,0.560842322224086,0
-1.3288681156369526,-1.7989015125862058,0.5974646078210563,0
-1.3286468866427072,-1.7795069687504588,0.6441707834095816,0
-1.3351314767806952,-1.8109650460711089,0.6824658404162995,0
-1.3340594087055409,-1.7850367805236529,0.7289465041660186,0
-1.333398337559737,-1.7642356600390239,0.7730950325326001,0
-1.3331116847932998,-1.7449471571492547,0.8181177421772898,0
-1.337624262107885,-1.7635396326281558,0.8579788665175604,0
-1.342286806348507,-1.7864486032744518,0.8992226575541575,0
-1.3421252428983805,-1.7638425294879057,0.9427934721717728,0
-1.342153295710608,-1.7401739829686225,0.9857963831335155,0
-1.3419500422888868,-1.7154572207127337,1.0282054871982267,0
-1.3412097152133917,-1.6897071311446916,1.0699952387551896,0
-1.3334532411989521,-1.8167133472220511,-0.6330250176403862,0
-1.3329615366124317,-1.7248551399105947,0.8591907170320683,0
-1.343407293658576,-1.8284195122836873,-0.8104826260323432,0
-1.3439779288070657,-1.8477590659076781,-0.7653668625933477,0
-1.3448966987068223,-1.8659855984427152,-0.7197900710654329,0
-1.3447231988878356,-1.8830881310487313,-0.6737797048764502,0
-1.3435588590904421,-1.8990563617712553,-0.6273634790264127,0
-1.3425677506710434,-1.9138806719486832,-0.5805693529125169,0
-1.336593466052171,-1.8772248490305643,-0.5444373455470704,0
-1.3302727233068863,-1.8397788577111462,-0.5074931588058972,0
-1.3241002125716097,-1.8074088000968143,-0.4692637411070643,0
-1.3251096806642164,-1.8261477166214717,-0.4232389998707698,0
-1.319064250096149,-1.7953901169059578,-0.38455640201604546,0
-1.312777420959419,-1.7647329237059197,-0.34583151637307735,0
-1.306158174433492,-1.734024750808938,-0.3071491288546043,0
-1.299254408991177,-1.703280842206235,-0.2683865241758062,0
-1.2919779155149504,-1.672609166033991,-0.22952934363430808,0
-1.2844307215155937,-1.641841856176973,-0.19063761612563185,0
-1.276877301836851,-1.612456496121592,-0.1527607351834995,0
-1.268495681763233,-1.580875938773581,-0.11693597332981821,0
-1.2604516475321097,-1.551929248871388,-0.08025003010758848,0
-1.2527363771508362,-1.525033915845612,-0.04278039884806066,0
-1.2452457532777959,-1.5,5.381411671174046e-16,0
-1.2379271012087372,-1.475000000000001,0.04359109009904705,0
-1.2462238147950013,-1.500907669817843,0.08370390425982646,0
-1.2553178700150056,-1.530124103446566,0.12292161373287776,0
-1.264721333137671,-1.562047742327355,0.16001691586498976,0
-1.2734002028496474,-1.593006883881828,0.19794083752079128,0
-1.2817697393323324,-1.623643648441526,0.23671806579169438,0
-1.2896871897581774,-1.654329840225027,0.2755755058524819,0
-1.2972549846708386,-1.6849745330980739,0.3143898703869428,0
-1.3044894850515352,-1.7156666188987357,0.35311879154194203,0
-1.3113467602288649,-1.7462913159846019,0.3918712067607607,0
-1.3178997532444443,-1.7769062943872238,0.4305823660367475,0
-1.3169672881751193,-1.7584105664013518,0.4764555166442801,0
-1.3233991033130872,-1.7891616994758608,0.5150815458796806,0
-1.3297857507888773,-1.8203703530745619,0.5533480134903671,0
-1.336357394717775,-1.8538753727230888,0.5977645053610174,0
-1.3392104940473473,-1.8523616892636547,0.6487764114902582,0
-1.3334532411989437,-1.8167133472220507,0.6330250176403871,0
-1.3410614145273132,-1.8490105069204628,0.6872964747462751,0
-1.3395017087180292,-1.8263860521078548,0.7248027001288622,0
-1.3383682445002116,-1.8031962761698497,0.7692677476283023,0
-1.3381337176671286,-1.7848688434964368,0.8130398910836052,0
-1.3428300560887816,-1.8079785871308687,0.8551101849915403,0
-1.3420653027834244,-1.9275521319937412,-0.533425513494042,0
-1.3365972067674834,-1.8912626241194852,-0.4973187530437544,0
-1.3308209182078996,-1.8578343459949778,-0.46089391745695996,0
-1.3315494323950048,-1.8742998673352527,-0.41470166107193396,0
-1.3261419703249657,-1.8442659484441617,-0.3770969024551541,0
-1.320427923427922,-1.8137163862411327,-0.3386296248089179,0
-1.314378654922143,-1.78301341303504,-0.29994876839628226,0
-1.30807344423898,-1.752319126090208,-0.2612371586543673,0
-1.3014532484029737,-1.721615415768595,-0.22236316409567147,0
-1.2945864332785892,-1.690880312602587,-0.18344090596647297,0
-1.287295512429651,-1.660173515758221,-0.14448163607131986,0
-1.2807008614859374,-1.632613896752079,-0.1084200475035969,0
-1.2735907168656395,-1.604153462270685,-0.07418101540416612,0
-1.2660573073034376,-1.575047376331813,-0.04020811358870152,0
-1.2593258346545075,-1.55,5.560792060213181e-16,0
-1.2527363771508588,-1.525033915845612,0.042780398848061396,0
-1.2604516475320815,-1.551929248871388,0.08025003010758923,0
-1.2684956817632413,-1.580875938773581,0.11693597332981896,0
-1.2768773018368358,-1.612456496121592,0.15276073518350028,0
-1.2844307215156079,-1.641841856176973,0.19063761612563268,0
-1.2919779155149322,-1.672609166033991,0.2295293436343089,0
-1.2992544089911704,-1.703280842206235,0.268386524175807,0
-1.3061581744334831,-1.734024750808938,0.3071491288546051,0
-1.3127774209594,-1.7647329237059197,0.34583151637307813,0
-1.319064250096137,-1.7953901169059578,0.38455640201604624,0
-1.3251096806641856,-1.8261477166214717,0.4232389998707707,0
-1.3241002125716201,-1.8074088000968138,0.4692637411070651,0
-1.3302727233068634,-1.8397788577111458,0.5074931588058981,0
-1.3365934660521317,-1.8772248490305639,0.5444373455470712,0
-1.3425677506709706,-1.9138806719486827,0.5805693529125178,0
-1.343558859090414,-1.8990563617712548,0.6273634790264135,0
-1.3447231988878185,-1.8830881310487309,0.6737797048764511,0
-1.3448966987068443,-1.8659855984427147,0.7197900710654338,0
-1.3439779288071025,-1.8477590659076777,0.7653668625933486,0
-1.3434072936585852,-1.8284195122836868,0.8104826260323441,0
-1.341963737346343,-1.9400625067070922,-0.4859603585369853,0
-1.3367321034637527,-1.9051230532793937,-0.451702224421572,0
-1.3371066223990813,-1.9191261706157208,-0.40419252233396546,0
-1.332276851586736,-1.8891167372137847,-0.37042659224067187,0
-1.327538760155673,-1.8625521986743319,-0.33150354534397897,0
-1.3219512978771983,-1.831969037211615,-0.2927937358815304,0
-1.3162451254226792,-1.801318254152427,-0.25405144580519656,0
-1.310114227472003,-1.770629973889344,-0.21524160504089634,0
-1.3038921822711609,-1.739949481250468,-0.17634814674090957,0
-1.297353288447271,-1.709250710305982,-0.1373372338098774,0
-1.2910165902585624,-1.680355808766392,-0.09900746682428734,0
-1.2850938616991963,-1.655127595563618,-0.06513943335730711,0
-1.278271528811912,-1.625483433280748,-0.035536740090305795,0
-1.2721979675640396,-1.6,5.740172449252317e-16,0
-1.266057307303449,-1.575047376331813,0.040208113588702285,0
-1.27359071686564,-1.604153462270685,0.07418101540416687,0
-1.2807008614859505,-1.632613896752079,0.10842004750359768,0
-1.2872955124296255,-1.660173515758221,0.1444816360713207,0
-1.2945864332786046,-1.690880312602587,0.1834409059664738,0
-1.3014532484029433,-1.721615415768595,0.2223631640956723,0
-1.3080734442389803,-1.752319126090208,0.2612371586543681,0
-1.3143786549221155,-1.78301341303504,0.29994876839628304,0
-1.3204279234279057,-1.8137163862411327,0.3386296248089188,0
-1.326141970324919,-1.8442659484441617,0.377096902455155,0
-1.331549432394984,-1.8742998673352527,0.41470166107193485,0
-1.330820918207854,-1.8578343459949778,0.46089391745696084,0
-1.336597206767471,-1.8912626241194848,0.4973187530437553,0
-1.342065302783375,-1.9275521319937408,0.5334255134940429,0
-1.3419085832748738,-1.9514042603701418,-0.43820247900857145,0
-1.3420090573126644,-1.9615705610388787,-0.3901806428638087,0
-1.3371692753811175,-1.9289534975949967,-0.3583793973543492,0
-1.3328814196295868,-1.9008681197929178,-0.3326135246391716,0
-1.3301353099669657,-1.88826846745945,-0.2883204671027006,0
-1.3237302939889886,-1.850198399710129,-0.24693433357904837,0
-1.31818733742787,-1.819599540244635,-0.20811832087116947,0
-1.3125159444903332,-1.788971872024586,-0.16927364070638126,0
-1.3066376978090857,-1.759366189386403,-0.13005416236622186,0
-1.3012702444405535,-1.73334631228473,-0.08446628922661889,0
-1.2939072049449243,-1.696831495518713,-0.05198191531327493,0
-1.2879323271045169,-1.668226589286781,-0.029988870108708703,0
-1.2838418805337808,-1.65,5.919552838291451e-16,0
-1.2782715288118922,-1.625483433280748,0.035536740090306586,0
-1.2850938616992005,-1.655127595563618,0.06513943335730789,0
-1.2910165902585407,-1.680355808766392,0.09900746682428814,0
-1.2973532884473107,-1.709250710305982,0.13733723380987822,0
-1.3038921822711176,-1.739949481250468,0.1763481467409104,0
-1.3101142274720148,-1.770629973889344,0.21524160504089723,0
-1.3162451254226695,-1.801318254152427,0.25405144580519734,0
-1.3219512978771788,-1.831969037211615,0.2927937358815313,0
-1.3275387601556425,-1.8625521986743319,0.33150354534397986,0
-1.332276851586716,-1.8891167372137847,0.37042659224067276,0
-1.3371066223990367,-1.9191261706157208,0.40419252233396635,0
-1.3367321034637256,-1.9051230532793937,0.4517022244215729,0
-1.3419637373463027,-1.9400625067070918,0.4859603585369862,0
-1.3419666355237543,-1.9705552849592298,-0.3419237764754685,0
-1.3365104687753242,-1.9324841119494487,-0.31093932557300935,0
-1.3366429036625669,-1.93992705931324,-0.26420265219891625,0
-1.3306458751673322,-1.899961703778075,-0.23713906610812105,0
-1.3254970534661394,-1.867293627296949,-0.20004092410567073,0
-1.3203049136802272,-1.837947665295526,-0.16214906758298558,0
-1.3149365932907366,-1.807416137733773,-0.12400935585313579,0
-1.310202726891249,-1.780893597146618,-0.09225907196800827,0
-1.3089948309459782,-1.776569846480768,-0.045974476478002305,0
-1.3014254520877553,-1.73480509929066,-0.03764029347432384,0
-1.2941247133209877,-1.7,6.098933227330585e-16,0
-1.2939072049449636,-1.696831495518713,0.05198191531327575,0
-1.3012702444405189,-1.73334631228473,0.08446628922661972,0
-1.306637697809084,-1.759366189386403,0.13005416236622275,0
-1.312515944490328,-1.788971872024586,0.16927364070638215,0
-1.3181873374278366,-1.819599540244635,0.20811832087117035,0
-1.3237302939889728,-1.850198399710129,0.24693433357904926,0
-1.3301353099669317,-1.88826846745945,0.2883204671027015,0
-1.33288141962954,-1.9008681197929178,0.3326135246391725,0
-1.3371692753810887,-1.9289534975949967,0.3583793973543501,0
-1.3420090573126255,-1.9615705610388787,0.3901806428638096,0
-1.341908583274843,-1.9514042603701418,0.43820247900857234,0
-1.2879323271044443,-1.668226589286781,0.0299888701087095,0
-1.3419814560706367,-1.978353020057941,-0.29346094804526474,0
-1.3419491902612821,-1.984959069281583,-0.244821349716056,0
-1.3367378793025995,-1.946686137654028,-0.21696083777936154,0
-1.3317042607087564,-1.912482003698244,-0.18668005450213204,0
-1.3273835405605123,-1.885264390806146,-0.15455984204448703,0
-1.32288223230212,-1.856638257864214,-0.11832672542766717,0
-1.3178527251114351,-1.827769499847418,-0.07679107591606253,0
-1.3174070055381366,-1.825867869265637,-0.03321336451665718,0
-1.3130187344642905,-1.8,6.457694005408856e-16,0
-1.3041239759110546,-1.75,6.278313616369721e-16,0
-1.3089948309459656,-1.776569846480768,0.045974476478003165,0
-1.3102027268912548,-1.780893597146618,0.09225907196800913,0
-1.3149365932907044,-1.807416137733773,0.12400935585313665,0
-1.3203049136802427,-1.837947665295526,0.16214906758298647,0
-1.325497053466115,-1.867293627296949,0.20004092410567167,0
-1.3306458751673063,-1.899961703778075,0.237139066108122,0
-1.3366429036624963,-1.93992705931324,0.26420265219891714,0
-1.3365104687753067,-1.9324841119494487,0.31093932557301024,0
-1.34196663552371,-1.9705552849592298,0.3419237764754694,0
-1.3014254520877597,-1.73480509929066,0.037640293474324675,0
-1.3418629231049053,-1.990369453394393,-0.19603428015147462,0
-1.3368838927847384,-1.953263734074862,-0.16883687731132185,0
-1.332620090625271,-1.921862200463924,-0.14534510318732005,0
-1.3297132034575236,-1.904005333333834,-0.11251150993909537,0
-1.3255646897773024,-1.876816303509594,-0.08555817925492668,0
-1.3251560513604992,-1.874999999999999,-0.043301270189221544,0
-1.321171554758717,-1.85,6.637074394447991e-16,0
-1.3174070055381166,-1.825867869265637,0.033213364516658066,0
-1.3178527251114474,-1.827769499847418,0.07679107591606339,0
-1.3228822323021026,-1.856638257864214,0.11832672542766806,0
-1.327383540560481,-1.885264390806146,0.15455984204448797,0
-1.3317042607087526,-1.912482003698244,0.18668005450213299,0
-1.3367378793025655,-1.946686137654028,0.21696083777936248,0
-1.3419491902612326,-1.984959069281583,0.244821349716057,0
-1.3419814560705905,-1.978353020057941,0.2934609480452656,0
-1.341884007370527,-1.994580913381552,-0.14712912687165122,0
-1.336249086294115,-1.95160644545222,-0.11758838505231428,0
-1.3316858161860248,-1.918232721701175,-0.07732185336542999,0
-1.3327617867047021,-1.928261180649688,-0.03755398591533518,0
-1.3288821182747566,-1.9,6.816454783487124e-16,0
-1.325156051360529,-1.874999999999999,0.043301270189222446,0
-1.325564689777276,-1.876816303509594,0.08555817925492756,0
-1.3297132034575374,-1.904005333333834,0.11251150993909628,0
-1.3326200906252696,-1.921862200463924,0.145345103187321,0
-1.3368838927847135,-1.953263734074862,0.1688368773113228,0
-1.3418629231048644,-1.990369453394393,0.19603428015147562,0
-1.3421164457426895,-1.9975909124211,-0.09813534843591842,0
-1.3372977996771718,-1.959677407606051,-0.07007625196366446,0
-1.337971105719922,-1.964221249789569,-0.03508607853653895,0
-1.3357459796184654,-1.95,6.99583517252626e-16,0
-1.3327617867046746,-1.928261180649688,0.03755398591533611,0
-1.3316858161860057,-1.918232721701175,0.0773218533654309,0
-1.3362490862941196,-1.95160644545222,0.1175883850523152,0
-1.3418840073705225,-1.994580913381552,0.14712912687165222,0
-1.342407904551655,-1.99939763739569,-0.04908245691215015,0
-1.3422461320784063,-2.0,7.175215561565395e-16,0
-1.3379711057199186,-1.964221249789569,0.035086078536539896,0
-1.3372977996771966,-1.959677407606051,0.0700762519636654,0
-1.3421164457427046,-1.9975909124211,0.09813534843591937,0
-1.342407904551697,-1.99939763739569,0.04908245691215112,0
