"f",":0",":1",":2"
-0.009688659843953559,1.99939763739569,-0.049082456912151365,0
-0.2855854247266097,1.9975909124211,-0.09813534843591962,0
-0.12225284202175511,1.959677407606051,-0.07007625196366564,0
0.23707492310762732,1.964221249789569,-0.03508607853654013,0
-0.16189875694036956,2.0,0.0,0
0.285019026055424,1.994580913381552,-0.14712912687165244,0
0.03947198443828731,1.95160644545222,-0.11758838505231545,0
-0.12474967287236248,1.918232721701175,-0.07732185336543115,0
0.15331103687051,1.928261180649688,-0.037553985915336346,0
-0.33396190571362716,1.95,0.0,0
0.2370749232316503,1.964221249789569,0.03508607853653919,0
-0.009688659828359711,1.99939763739569,0.04908245691215041,0
-0.2605470285286581,1.990369453394393,-0.19603428015147584,0
-0.07189365693448015,1.953263734074862,-0.16883687731132305,0
0.2854090418510478,1.921862200463924,-0.1453451031873212,0
-0.05605909169077995,1.904005333333834,-0.11251150993909652,0
0.056636787674373024,1.876816303509594,-0.0855581792549278,0
-0.04640998787625174,1.874999999999999,-0.043301270189222675,0
0.02850137951858229,1.9,0.0,0
0.1533110369002701,1.928261180649688,0.03755398591533542,0
-0.12225284209175631,1.959677407606051,0.0700762519636647,0
-0.28558542496398864,1.9975909124211,0.09813534843591865,0
0.1835044111964536,1.984959069281583,-0.24482134971605723,0
-0.03787703980898175,1.946686137654028,-0.21696083777936273,0
-0.21995477232371696,1.912482003698244,-0.18668005450213318,0
-0.02823228146346562,1.885264390806146,-0.1545598420444882,0
-0.007721464435466099,1.856638257864214,-0.11832672542766831,0
-0.01893694610102345,1.827769499847418,-0.07679107591606363,0
0.0020068604296860654,1.825867869265637,-0.03321336451665829,0
-0.003955380841932716,1.85,0.0,0
-0.04640998788284802,1.874999999999999,0.04330127018922177,0
-0.12474967290139194,1.918232721701175,0.07732185336543021,0
0.039471984425644334,1.95160644545222,0.1175883850523145,0
0.28501902628844505,1.994580913381552,0.1471291268716515,0
-0.1080126252886383,1.978353020057941,-0.2934609480452659,0
0.049246751521047814,1.93992705931324,-0.2642026521989174,0
0.18533035023114222,1.899961703778075,-0.2371390661081222,0
-0.005835056798824681,1.867293627296949,-0.2000409241056719,0
-0.0046376303339484195,1.837947665295526,-0.1621490675829867,0
-0.008038339590567089,1.807416137733773,-0.12400935585313688,0
-0.008968728761829766,1.780893597146618,-0.09225907196800935,0
-0.010039029390396931,1.776569846480768,-0.04597447647800337,0
-0.014710851429029191,1.8,0.0,0
0.002006860433334595,1.825867869265637,0.03321336451665741,0
-0.018936946103979908,1.827769499847418,0.07679107591606274,0
0.05663678769013578,1.876816303509594,0.08555817925492688,0
-0.05605909168661661,1.904005333333834,0.1125115099390956,0
0.28540904190440536,1.921862200463924,0.1453451031873203,0
-0.07189365686780833,1.953263734074862,0.1688368773113221,0
-0.26054702849915407,1.990369453394393,0.1960342801514749,0
0.23144025425415485,1.97055528495923,-0.3419237764754697,0
-0.13764501822721503,1.932484111949449,-0.31093932557301057,0
-0.1555525626434906,1.88826846745945,-0.2883204671027018,0
-0.021386537769930866,1.850198399710129,-0.24693433357904948,0
-0.00789087797954998,1.819599540244635,-0.20811832087117052,0
-0.012165000337791063,1.788971872024586,-0.16927364070638234,0
-0.009279228156799864,1.759366189386403,-0.13005416236622294,0
-0.010248203930756632,1.73334631228473,-0.08446628922661993,0
-0.011311251991428468,1.73480509929066,-0.03764029347432488,0
-0.007118539737403066,1.75,0.0,0
-0.010039029390661362,1.776569846480768,0.04597447647800253,0
-0.008968728761267454,1.780893597146618,0.09225907196800849,0
-0.008038339589832506,1.807416137733773,0.124009355853136,0
-0.007721464437729812,1.856638257864214,0.1183267254276674,0
-0.02823228146924567,1.885264390806146,0.1545598420444873,0
-0.21995477237150596,1.912482003698244,0.1866800545021323,0
-0.037877039864461184,1.946686137654028,0.2169608377793618,0
0.1835044110842353,1.984959069281583,0.2448213497160563,0
0.14356747142965542,1.928953497594997,-0.3583793973543504,0
-0.16123461365372546,1.961570561038879,-0.3901806428638099,0
0.2159475557656027,1.900868119792918,-0.3326135246391728,0
-0.005591931234555581,1.862552198674332,-0.3315035453439801,0
0.023618537523209884,1.831969037211615,-0.2927937358815315,0
-0.013018367115092359,1.801318254152427,-0.25405144580519756,0
-0.009162344109089934,1.770629973889344,-0.21524160504089743,0
-0.009862597828901094,1.739949481250468,-0.17634814674091062,0
-0.009855374319316906,1.709250710305982,-0.1373372338098784,0
-0.010177222526885781,1.680355808766392,-0.09900746682428835,0
-0.010047006093510301,1.696831495518713,-0.05198191531327596,0
-0.010836107524232707,1.7,0.0,0
-0.011311251991144267,1.73480509929066,0.03764029347432405,0
-0.010248203930864208,1.73334631228473,0.0844662892266191,0
-0.009279228156706551,1.759366189386403,0.1300541623662221,0
-0.01216500033913271,1.788971872024586,0.1692736407063815,0
-0.004637630330473391,1.837947665295526,0.1621490675829858,0
-0.005835056802186875,1.867293627296949,0.200040924105671,0
0.1853303502851456,1.899961703778075,0.2371390661081213,0
0.04924675149317072,1.93992705931324,0.2642026521989164,0
-0.10801262516442028,1.978353020057941,0.2934609480452649,0
-0.20184761959666878,1.919126170615721,-0.4041925223339667,0
-0.09513182058738659,1.951404260370142,-0.4382024790085726,0
-0.09756047356404283,1.889116737213785,-0.3704265922406731,0
0.006120056725989268,1.844265948444162,-0.3770969024551552,0
-0.018711377200415148,1.813716386241133,-0.338629624808919,0
-0.014021760544541906,1.78301341303504,-0.29994876839628326,0
-0.008697010412028772,1.752319126090208,-0.26123715865436836,0
-0.010447571503626402,1.721615415768595,-0.22236316409567253,0
-0.011011540420709435,1.690880312602587,-0.18344090596647397,0
-0.0102389819770976,1.660173515758221,-0.1444816360713209,0
-0.00888777159307226,1.632613896752079,-0.1084200475035979,0
-0.009703630947463788,1.655127595563618,-0.0651394333573081,0
-0.009904742245414275,1.668226589286781,-0.029988870108709705,0
-0.009933896086739986,1.65,0.0,0
-0.009904742245424989,1.668226589286781,0.0299888701087089,0
-0.010047006093438286,1.696831495518713,0.05198191531327514,0
-0.010177222526901602,1.680355808766392,0.09900746682428754,0
-0.009855374319315964,1.709250710305982,0.1373372338098776,0
-0.00986259782874837,1.739949481250468,0.1763481467409098,0
-0.009162344108611008,1.770629973889344,0.2152416050408966,0
-0.007890877979237891,1.819599540244635,0.2081183208711697,0
-0.021386537770069675,1.850198399710129,0.2469343335790486,0
-0.15555256269758433,1.88826846745945,0.2883204671027008,0
-0.13764501814413835,1.932484111949449,0.3109393255730096,0
0.23144025431211304,1.97055528495923,0.3419237764754687,0
0.15945392137335643,1.905123053279394,-0.4517022244215732,0
0.019630712603011732,1.874299867335253,-0.41470166107193507,0
-0.034490807530254596,1.826147716621472,-0.4232389998707709,0
-0.006575485976712179,1.795390116905958,-0.38455640201604646,0
-0.0077562798765955804,1.76473292370592,-0.3458315163730784,0
-0.00984316676458277,1.734024750808938,-0.3071491288546054,0
-0.01051954387175316,1.703280842206235,-0.2683865241758073,0
-0.009912724062590896,1.672609166033991,-0.22952934363430907,0
-0.009787245484390972,1.641841856176973,-0.19063761612563287,0
-0.010541978877030631,1.612456496121592,-0.15276073518350047,0
-0.009676351992467757,1.580875938773581,-0.11693597332981917,0
-0.010347531697057712,1.604153462270685,-0.07418101540416708,0
-0.011426065895870634,1.625483433280748,-0.03553674009030678,0
-0.008325022950700705,1.6,0.0,0
-0.011426065895973293,1.625483433280748,0.035536740090306,0
-0.009703630947480375,1.655127595563618,0.06513943335730729,0
-0.008887771593072271,1.632613896752079,0.1084200475035971,0
-0.010238981977068146,1.660173515758221,0.1444816360713201,0
-0.011011540420659122,1.690880312602587,0.1834409059664732,0
-0.01044757150387618,1.721615415768595,0.2223631640956717,0
-0.008697010411258102,1.752319126090208,0.2612371586543675,0
-0.013018367116982685,1.801318254152427,0.2540514458051967,0
0.023618537535634965,1.831969037211615,0.2927937358815306,0
-0.005591931234995812,1.862552198674332,0.3315035453439792,0
0.21594755587977207,1.900868119792918,0.3326135246391718,0
0.14356747134004139,1.928953497594997,0.3583793973543494,0
-0.16123461395682623,1.961570561038879,0.3901806428638089,0
0.01587490553201882,1.9400625067070916,-0.4859603585369865,0
0.04544029714682123,1.857834345994978,-0.46089391745696107,0
-0.1788315780350303,1.8912626241194845,-0.4973187530437556,0
0.10099838364315832,1.9275521319937405,-0.5334255134940431,0
-0.004727187708548131,1.776906294387224,-0.43058236603674777,0
0.0024095023797640917,1.8074088000968136,-0.4692637411070653,0
-0.01205745548363106,1.746291315984602,-0.391871206760761,0
-0.010125049055014622,1.715666618898736,-0.3531187915419423,0
-0.010229823678582233,1.684974533098074,-0.3143898703869431,0
-0.010220361420872865,1.654329840225027,-0.2755755058524822,0
-0.010322055992894739,1.623643648441526,-0.23671806579169458,0
-0.009727593089501647,1.593006883881828,-0.19794083752079142,0
-0.009844073120804596,1.562047742327355,-0.16001691586498992,0
-0.008743026681757447,1.530124103446566,-0.12292161373287795,0
-0.00921565116949917,1.551929248871388,-0.08025003010758942,0
-0.01026331674458092,1.575047376331813,-0.04020811358870247,0
-0.00821702019103331,1.55,0.0,0
-0.010263316744549349,1.575047376331813,0.04020811358870172,0
-0.010347531697092722,1.604153462270685,0.0741810154041663,0
-0.009676351992472715,1.580875938773581,0.1169359733298184,0
-0.010541978877020597,1.612456496121592,0.1527607351834997,0
-0.009787245484350972,1.641841856176973,0.1906376161256321,0
-0.009912724062507781,1.672609166033991,0.2295293436343083,0
-0.010519543871959925,1.703280842206235,0.2683865241758064,0
-0.009843166764368543,1.734024750808938,0.3071491288546045,0
-0.014021760546805548,1.78301341303504,0.2999487683962824,0
-0.018711377202692895,1.813716386241133,0.3386296248089181,0
0.006120056725211532,1.844265948444162,0.3770969024551543,0
-0.09756047362759451,1.889116737213785,0.3704265922406721,0
-0.20184761964195597,1.919126170615721,0.4041925223339657,0
-0.09513182037836479,1.951404260370142,0.4382024790085716,0
-0.10784979902434882,1.8397788577111456,-0.5074931588058983,0
0.12275231792828992,1.8772248490305636,-0.5444373455470715,0
0.4109668478595888,1.9138806719486825,-0.580569352912518,0
-0.008610571978588456,1.728005964158074,-0.4377440343205733,0
-0.00983524600680139,1.69736270689525,-0.39909238726390106,0
-0.010324699289195808,1.666685988225413,-0.36035178515516436,0
-0.010216020025139988,1.63602157031247,-0.32155653463576656,0
-0.010031321506177106,1.605378193961792,-0.28273487876407377,0
-0.009716097368646117,1.574695950369547,-0.24389021285287824,0
-0.009080738585658553,1.543955010511662,-0.2049793255943823,0
-0.008825287693574952,1.512466978477769,-0.16652104826119463,0
-0.007193357449828803,1.481355706736923,-0.1280748025585738,0
-0.008185138212684868,1.500907669817843,-0.08370390425982664,0
-0.009083752885266066,1.525033915845612,-0.042780398848061583,0
-0.007521088263693714,1.5,0.0,0
-0.009083752885207852,1.525033915845612,0.04278039884806085,0
-0.00921565116957221,1.551929248871388,0.08025003010758867,0
-0.008743026681793699,1.530124103446566,0.1229216137328772,0
-0.009844073120795252,1.562047742327355,0.1600169158649892,0
-0.0097275930895525,1.593006883881828,0.1979408375207907,0
-0.010322055992965838,1.623643648441526,0.2367180657916938,0
-0.010220361420933466,1.654329840225027,0.2755755058524813,0
-0.010229823678578056,1.684974533098074,0.3143898703869422,0
-0.010125049055321847,1.715666618898736,0.3531187915419414,0
-0.007756279875795073,1.76473292370592,0.3458315163730775,0
-0.006575485977133554,1.795390116905958,0.3845564020160456,0
-0.034490807524415516,1.826147716621472,0.42323899987077,0
0.019630712653298927,1.874299867335253,0.4147016610719342,0
0.15945392148066198,1.905123053279394,0.4517022244215722,0
0.015874905645983543,1.940062506707092,0.4859603585369855,0
-0.019267590965499022,1.7584105664013516,-0.4764555166442804,0
0.014750558453220113,1.7891616994758606,-0.5150815458796808,0
0.05693578663612035,1.8203703530745616,-0.5533480134903673,0
-0.00884902764331501,1.8538753727230886,-0.5977645053610177,0
-0.717090139097271,1.8990563617712546,-0.6273634790264138,0
-0.010886249177627826,1.679017387721106,-0.4449460747533214,0
-0.008098800808021328,1.7095098021735287,-0.4835911390248228,0
-0.0074512321250972515,1.7396325597795006,-0.5224478890434815,0
-0.03851769849726587,1.7706329664453995,-0.5608423222240863,0
-0.010167721630719056,1.648397926844745,-0.4062712388417784,0
-0.010180231217270937,1.617735207774856,-0.3675237148795787,0
-0.009996991032509579,1.587062106724503,-0.328715738186044,0
-0.009633253207914898,1.556388000216721,-0.2898760288020516,0
-0.0090921570853017,1.525720328618073,-0.25097423121321116,0
-0.00801354279525378,1.494999702672999,-0.21201022851363793,0
-0.0073538252468161175,1.464162576520311,-0.17304630377563365,0
-0.007352221435751218,1.432372386813668,-0.13396850374291078,0
-0.0068012117313401375,1.452767847314377,-0.0882364126880172,0
-0.007440369949218127,1.475000000000001,-0.04359109009904723,0
-0.006638110154114187,1.45,0.0,0
-0.007440369949217895,1.475000000000001,0.04359109009904652,0
-0.008185138212503726,1.500907669817843,0.08370390425982592,0
-0.007193357449738657,1.481355706736923,0.1280748025585731,0
-0.008825287693648768,1.512466978477769,0.1665210482611939,0
-0.009080738585593792,1.543955010511662,0.2049793255943816,0
-0.009716097368628678,1.574695950369547,0.2438902128528775,0
-0.01003132150617118,1.605378193961792,0.282734878764073,0
-0.01021602002521264,1.63602157031247,0.3215565346357658,0
-0.01032469928903335,1.666685988225413,0.3603517851551635,0
-0.009835246006929955,1.69736270689525,0.3990923872639002,0
-0.012057455483026695,1.746291315984602,0.3918712067607601,0
-0.004727187711149354,1.776906294387224,0.4305823660367469,0
0.0024095023856170205,1.807408800096814,0.4692637411070644,0
0.0454402970890188,1.857834345994978,0.4608939174569602,0
-0.17883157809633185,1.891262624119485,0.4973187530437546,0
0.10099838352435725,1.927552131993741,0.5334255134940422,0
-0.03827636681802783,1.7989015125862056,-0.5974646078210565,0
-0.06075202040716041,1.8167133472220505,-0.6330250176403873,0
-0.2757924135329937,1.8523616892636545,-0.6487764114902584,0
-0.025811584184992253,1.8830881310487306,-0.6737797048764513,0
-0.010242051404524869,1.6605567674059456,-0.4908311031934584,0
-0.011031239489147776,1.6908200676636036,-0.529615259914801,0
-0.009351212402199154,1.7210843748206885,-0.568350118475625,0
0.017449256568629484,1.7517347302678306,-0.6062648719815895,0
-0.010075826433056979,1.630081620742793,-0.45217759817854997,0
-0.010221463148749521,1.599475958664353,-0.41347441649637656,0
-0.009916972202596155,1.568780685456473,-0.37469443759129956,0
-0.009492460370764202,1.538095442412545,-0.33587027743281567,0
-0.008855605320165785,1.507402150851457,-0.297022355214984,0
-0.008142116322594819,1.476666100659508,-0.2581411923806995,0
-0.006979218219704607,1.445862726266407,-0.21922941831972118,0
-0.005504641784879648,1.415042858290683,-0.18030853711686357,0
-0.003233625718560568,1.383272033175373,-0.13912838018174756,0
-0.0031926431085623733,1.402605880785698,-0.09334945314651746,0
-0.005789729026559447,1.425353433383547,-0.04548795975364956,0
-0.005519447472923999,1.4,0.0,0
-0.005789729026619431,1.425353433383547,0.04548795975364888,0
-0.006801211731243391,1.452767847314377,0.08823641268801648,0
-0.007352221435750452,1.432372386813668,0.1339685037429101,0
-0.007353825246830192,1.464162576520311,0.173046303775633,0
-0.00801354279527221,1.494999702672999,0.2120102285136372,0
-0.009092157085219169,1.525720328618073,0.2509742312132104,0
-0.00963325320785532,1.556388000216721,0.2898760288020508,0
-0.009996991032464021,1.587062106724503,0.3287157381860432,0
-0.010180231217260053,1.617735207774856,0.3675237148795779,0
-0.010167721630672881,1.648397926844745,0.4062712388417776,0
-0.010886249177589109,1.679017387721106,0.4449460747533205,0
-0.008610571978237119,1.728005964158074,0.4377440343205724,0
-0.019267590964504686,1.758410566401352,0.4764555166442795,0
0.014750558442850269,1.789161699475861,0.5150815458796799,0
-0.10784979898818824,1.839778857711146,0.5074931588058974,0
0.12275231791796568,1.877224849030564,0.5444373455470706,0
0.4109668478830701,1.913880671948683,0.5805693529125171,0
-0.018433127665877912,1.7795069687504586,-0.6441707834095818,0
-0.013811160354004924,1.7335608421173556,-0.6525261225288076,0
-0.015548157166071217,1.7030452731148467,-0.6139661343585039,0
-0.008623715689405223,1.6724067251201475,-0.5754924991335443,0
-0.010223355329413542,1.6420506417088336,-0.536773129219067,0
-0.010238100119850891,1.6116046261293135,-0.49808885295392935,0
-0.010154383876453003,1.581155651996858,-0.459354074681746,0
-0.009860241790944285,1.550507023922958,-0.420606391068175,0
-0.009397237261721274,1.519856723120797,-0.3818470441582404,0
-0.008744121797103162,1.489147238508587,-0.3430488879727109,0
-0.007805753971794826,1.458388756466627,-0.3042270603573757,0
-0.006625991524094829,1.427575947573089,-0.2653619377813319,0
-0.0054921681264080875,1.396755643454931,-0.22646276044789115,0
-0.0030535776602380873,1.365924926147193,-0.18755384618638277,0
-0.0025487650202739073,1.331276302514291,-0.1431136157671414,0
-0.004387506900527052,1.352409844500705,-0.09647632513066973,0
-0.0024596702953582823,1.375700978922926,-0.04855147740473281,0
-0.0009109435561225659,1.35,0.0,0
-0.0024596702953386704,1.375700978922926,0.04855147740473216,0
-0.0031926431086568797,1.402605880785698,0.09334945314651677,0
-0.003233625718647991,1.383272033175373,0.1391283801817469,0
-0.0055046417847205015,1.415042858290683,0.1803085371168629,0
-0.0069792182198589875,1.445862726266407,0.2192294183197205,0
-0.008142116322597436,1.476666100659508,0.2581411923806987,0
-0.008855605320212796,1.507402150851457,0.2970223552149832,0
-0.009492460370822424,1.538095442412545,0.3358702774328149,0
-0.009916972202607162,1.568780685456473,0.3746944375912988,0
-0.010221463148736374,1.599475958664353,0.4134744164963758,0
-0.010075826433173785,1.630081620742793,0.4521775981785492,0
-0.010242051404597193,1.660556767405946,0.4908311031934575,0
-0.008098800808427264,1.709509802173529,0.4835911390248219,0
-0.007451232124750626,1.739632559779501,0.5224478890434806,0
-0.03851769848690233,1.7706329664454,0.5608423222240854,0
0.056935786626704565,1.820370353074562,0.5533480134903664,0
-0.008849027611793944,1.853875372723089,0.5977645053610168,0
-0.7170901390201282,1.899056361771255,0.6273634790264129,0
0.15005880715601805,1.8109650460711086,-0.6824658404162998,0
0.5127051159018818,1.8490105069204625,-0.6872964747462753,0
0.19965261841724377,1.8659855984427145,-0.719790071065434,0
-0.02599030791596926,1.7617494259109445,-0.6903421262742447,0
-0.0023593793097997496,1.7152798826443676,-0.6983203083882785,0
-0.007588767189490012,1.6847794269740186,-0.659757508883932,0
-0.009322727812285795,1.6542411100321837,-0.6212006986037435,0
-0.010666082401237197,1.6237125703491806,-0.5826153788396278,0
-0.010144402004982477,1.5932758212545926,-0.5439459904452812,0
-0.010133527062643852,1.5627636591291216,-0.5052166796183275,0
-0.009806544840696358,1.5321785964296246,-0.4664979617709988,0
-0.009308844955437016,1.501594527869645,-0.427770411710389,0
-0.008591033823340243,1.470922754221482,-0.38901816131946876,0
-0.0075919372794395,1.440166094838575,-0.3502454745057893,0
-0.006425864551221217,1.40934639815831,-0.31144153870900465,0
-0.00465914093735811,1.378478815375139,-0.2725948296956934,0
-0.0028832016985519816,1.347657995702593,-0.23370783370634082,0
-0.0017117892674278965,1.315452553377113,-0.1919306221687885,0
0.0019171524382042351,1.282167594887338,-0.1542379783840819,0
0.0016421820918281816,1.294507111164958,-0.09963648513448657,0
-0.0011582875804212573,1.325083796556721,-0.05187126222773982,0
0.0026658807012195783,1.3,0.0,0
-0.001158287580390521,1.325083796556721,0.05187126222773918,0
-0.004387506900561406,1.352409844500705,0.09647632513066906,0
-0.002548765020370308,1.331276302514291,0.1431136157671408,0
-0.0030535776602384664,1.365924926147193,0.1875538461863821,0
-0.005492168126377833,1.396755643454931,0.2264627604478905,0
-0.006625991524199105,1.427575947573089,0.2653619377813311,0
-0.00780575397171215,1.458388756466627,0.3042270603573749,0
-0.008744121797163147,1.489147238508587,0.3430488879727101,0
-0.009397237261778784,1.519856723120797,0.3818470441582396,0
-0.00986024179094517,1.550507023922958,0.4206063910681742,0
-0.010154383876452748,1.581155651996858,0.4593540746817452,0
-0.010238100119816886,1.611604626129314,0.4980888529539286,0
-0.010223355329608053,1.642050641708834,0.5367731292190661,0
-0.011031239488676256,1.690820067663604,0.5296152599148001,0
-0.00935121240478638,1.721084374820689,0.5683501184756241,0
0.01744925656966186,1.751734730267831,0.6062648719815886,0
-0.038276366840179196,1.798901512586206,0.5974646078210556,0
-0.060752020351757016,1.816713347222051,0.6330250176403864,0
-0.2757924136171245,1.852361689263655,0.6487764114902576,0
-0.025811584267951288,1.883088131048731,0.6737797048764504,0
-0.06973553210596513,1.7850367805236527,-0.7289465041660188,0
-0.30744962960084504,1.8263860521078545,-0.7248027001288624,0
-0.2843487541207141,1.8477590659076775,-0.7653668625933489,0
-0.027451874758095237,1.7457336883349845,-0.7369145005194963,0
-0.01034360776916526,1.6971085224516547,-0.7440312115514952,0
-0.011351368481376968,1.6666170100788416,-0.7054617558284979,0
-0.010473500998513276,1.6360853882548125,-0.6669036514610709,0
-0.010120243330755865,1.6055394276913755,-0.6283472969829171,0
-0.01017822331204898,1.5749957551347256,-0.5897173596129558,0
-0.010135383123782095,1.5444866858612996,-0.5510415653227038,0
-0.009774282132922611,1.5139186190521605,-0.5123478992267807,0
-0.009243921064951912,1.4833375594071256,-0.47364393902601115,0
-0.008475292196459577,1.452710466980469,-0.43493469488276776,0
-0.007396194845686292,1.422005495069359,-0.3962420935254303,0
-0.006043878623794364,1.391185926607087,-0.3574951051507453,0
-0.004505241061764854,1.360195870698122,-0.31869054320634765,0
-0.002657051398120291,1.329394721754459,-0.2798303326768243,0
0.000779739184332685,1.2985876924889,-0.2409704972819503,0
0.0025234432589333598,1.266820787449091,-0.1996744593144415,0
0.0056440065142999195,1.237022592969058,-0.16339032309227766,0
0.008075345893497137,1.252124005671904,-0.1274315858901813,0
0.00539693793844604,1.245307382624987,-0.09005898609444019,0
0.004531873312058575,1.275068861232616,-0.04530777872419264,0
0.004034754621845398,1.25,0.0,0
0.004531873312091685,1.275068861232616,0.04530777872419203,0
0.0016421820920020148,1.294507111164958,0.09963648513448593,0
0.0019171524383319724,1.282167594887338,0.1542379783840813,0
-0.0017117892675105554,1.315452553377113,0.1919306221687879,0
-0.0028832016984498897,1.347657995702593,0.2337078337063402,0
-0.0046591409373517535,1.378478815375139,0.2725948296956927,0
-0.006425864551100055,1.40934639815831,0.311441538709004,0
-0.00759193727935904,1.440166094838575,0.3502454745057885,0
-0.008591033823313218,1.470922754221482,0.389018161319468,0
-0.009308844955433947,1.501594527869645,0.4277704117103882,0
-0.009806544840639805,1.532178596429625,0.466497961770998,0
-0.010133527062633102,1.562763659129122,0.5052166796183266,0
-0.010144402004851288,1.593275821254593,0.5439459904452804,0
-0.010666082401104554,1.623712570349181,0.5826153788396269,0
-0.008623715689119188,1.672406725120148,0.5754924991335434,0
-0.015548157165375333,1.703045273114847,0.613966134358503,0
-0.013811160355856222,1.733560842117356,0.6525261225288067,0
-0.018433127666731292,1.779506968750459,0.6441707834095809,0
0.1500588071306744,1.810965046071109,0.6824658404162989,0
0.5127051158591774,1.849010506920463,0.6872964747462744,0
0.19965261860963623,1.865985598442715,0.7197900710654331,0
0.09984123994777,1.8031962761698495,-0.7692677476283025,0
0.10325469256862181,1.8284195122836866,-0.8104826260323443,0
0.12104290668562007,1.7642356600390237,-0.7730950325326004,0
0.0071657343254957345,1.7275986306707736,-0.7825891545040655,0
-0.004966010890972568,1.6789596856065516,-0.7897304639994511,0
-0.010625272482150777,1.6484669721813265,-0.751161876250581,0
-0.009278926576385512,1.6179564319250015,-0.7125933238871933,0
-0.010233175241091564,1.5873789228274555,-0.6740613245801412,0
-0.0102699761707217,1.5568159013798886,-0.6354759842480169,0
-0.01009874368319516,1.5262651688857536,-0.5968441469997998,0
-0.009757668925518733,1.4957010917114446,-0.5581773160330774,0
-0.009209946971555848,1.4651228610774725,-0.5194966514366279,0
-0.008396633169505462,1.4345188498682666,-0.48081418966765577,0
-0.0073046515161845115,1.403871147572577,-0.442150493076743,0
-0.00593296344487736,1.372927970335845,-0.40345861949465645,0
-0.004213841315777472,1.3420197378988,-0.36474329295742725,0
-0.0018288003647518064,1.311171485813903,-0.3259376089370233,0
8.130323758230359e-05,1.280334932435385,-0.28705102771591157,0
0.0032886218270394684,1.249549437856368,-0.2482259534438104,0
0.00949290421108178,1.218831323605658,-0.20947580326456394,0
0.012619577326990792,1.18818522569068,-0.17171886473413966,0
0.010450858351765685,1.210010914357945,-0.12933259887127146,0
0.005920511639994415,1.197018626328959,-0.0880922192347092,0
0.007633115114503367,1.224253813538292,-0.04504518356511859,0
0.007219636490558474,1.2,0.0,0
0.0076331151150052885,1.224253813538292,0.04504518356511801,0
0.005396937937733246,1.245307382624987,0.09005898609443957,0
0.008075345893559882,1.252124005671904,0.1274315858901807,0
0.005644006514426644,1.237022592969058,0.1633903230922771,0
0.002523443258699699,1.266820787449091,0.1996744593144409,0
0.0007797391844118635,1.2985876924889,0.2409704972819497,0
-0.002657051398136115,1.329394721754459,0.2798303326768236,0
-0.004505241061838399,1.360195870698122,0.318690543206347,0
-0.006043878623788625,1.391185926607087,0.3574951051507446,0
-0.0073961948456289645,1.422005495069359,0.3962420935254296,0
-0.008475292196466207,1.452710466980469,0.434934694882767,0
-0.009243921064922549,1.483337559407126,0.4736439390260104,0
-0.009774282132966241,1.513918619052161,0.51234789922678,0
-0.010135383123869371,1.5444866858613,0.5510415653227029,0
-0.010178223312003186,1.574995755134726,0.5897173596129549,0
-0.01012024333067756,1.605539427691376,0.6283472969829162,0
-0.009322727812701465,1.654241110032184,0.6212006986037426,0
-0.007588767188680253,1.684779426974019,0.6597575088839311,0
-0.0023593793111557114,1.715279882644368,0.6983203083882776,0
-0.025990307907840227,1.761749425910945,0.6903421262742439,0
-0.06973553211364529,1.785036780523653,0.7289465041660179,0
-0.307449629480381,1.826386052107855,0.7248027001288615,0
-0.28434875414072824,1.847759065907678,0.765366862593348,0
-0.04165682357880901,1.7848688434964366,-0.8130398910836054,0
0.023657308952141784,1.8079785871308685,-0.8551101849915406,0
-0.16627485466725628,1.7449471571492545,-0.81811774217729,0
-0.031196562714202073,1.7081406940588746,-0.8277856665208868,0
-0.014490228655146422,1.6608108080159196,-0.8354356381176832,0
-0.00829293586843208,1.6303125295994736,-0.7968609085091011,0
-0.010147014405294983,1.5997660774763316,-0.7583295788868957,0
-0.010335308282959773,1.5692109021911707,-0.7197947969313147,0
-0.01019863701573515,1.5386390392957157,-0.6812500419346343,0
-0.010101939767507418,1.5080911209063426,-0.6426195207666954,0
-0.009758300925430565,1.4775185379453735,-0.6039782597480696,0
-0.00917099200009775,1.4469192155108095,-0.5653297100242308,0
-0.008332144439400363,1.4163189620861556,-0.5266645463085138,0
-0.007196033620624152,1.3857110115418305,-0.4879862440859434,0
-0.0058121272058056376,1.354955575942247,-0.4493858238898897,0
-0.003953325450225655,1.323529938924999,-0.4107349083677039,0
-0.0015282888140649184,1.29298200387834,-0.37200982343458705,0
0.0010595051549952624,1.26246205337039,-0.33336682103573345,0
0.004443520105649938,1.231677909434284,-0.2945843449848364,0
0.00934625727954147,1.20081514108489,-0.25569214394846734,0
0.004111413131174981,1.169802319917377,-0.21669359675775685,0
0.043508214145514076,1.139060617110101,-0.17799644833867764,0
-0.004907244277360273,1.161007384923481,-0.12557428605446094,0
0.037583195797461354,1.159499000354933,-0.07832031644348103,0
0.03770774241491707,1.176337163535087,-0.042688991665125055,0
0.02159796759056554,1.15,0.0,0
0.037707742412830286,1.176337163535087,0.0426889916651245,0
0.005920511640840407,1.197018626328959,0.08809221923470861,0
0.010450858352632195,1.210010914357945,0.1293325988712709,0
0.012619577325292472,1.18818522569068,0.1717188647341391,0
0.009492904212291984,1.218831323605658,0.2094758032645634,0
0.0032886218265518264,1.249549437856368,0.2482259534438098,0
8.130323766026226e-05,1.280334932435385,0.2870510277159109,0
-0.00182880036482226,1.311171485813903,0.3259376089370226,0
-0.004213841315818837,1.3420197378988,0.3647432929574266,0
-0.005932963444920582,1.372927970335845,0.4034586194946558,0
-0.00730465151622887,1.403871147572577,0.4421504930767423,0
-0.008396633169500536,1.434518849868267,0.480814189667655,0
-0.009209946971546002,1.465122861077473,0.5194966514366273,0
-0.009757668925607093,1.495701091711445,0.5581773160330767,0
-0.01009874368318893,1.526265168885754,0.5968441469997992,0
-0.01026997617083666,1.556815901379889,0.635475984248016,0
-0.010233175241185824,1.587378922827456,0.6740613245801403,0
-0.010473500998470118,1.636085388254813,0.66690365146107,0
-0.011351368481600331,1.666617010078842,0.705461755828497,0
-0.01034360776730061,1.697108522451655,0.7440312115514943,0
-0.027451874757358913,1.745733688334985,0.7369145005194954,0
0.12104290667934889,1.764235660039024,0.7730950325325995,0
0.09984123985935704,1.80319627616985,0.7692677476283016,0
0.10325469247298114,1.828419512283687,0.8104826260323434,0
0.010304796545249708,1.7635396326281556,-0.8579788665175606,0
0.13660575573454448,1.7864486032744515,-0.8992226575541578,0
0.16676430713256743,1.7248551399105945,-0.8591907170320685,0
0.005795106103797712,1.6913182881099476,-0.8740028702202599,0
-0.005051823791008991,1.7307615682818225,-0.8999310898600803,0
-0.4167936826967749,1.7638425294879057,-0.942793472171773,0
0.00292171748115172,1.6425687100191535,-0.8811106293778762,0
-0.010777648147135993,1.6121746101227337,-0.8425750126353116,0
-0.010226356689506909,1.5816391289494836,-0.8040236174141521,0
-0.010027321637672068,1.5510105000115366,-0.765542950329032,0
-0.010253120879696546,1.5204563177716977,-0.7270171515897219,0
-0.010125134411659584,1.4898868487216936,-0.6883693530345417,0
-0.009790157755610426,1.4593570135546816,-0.6497186334191423,0
-0.009187356876869768,1.4287414852392355,-0.6111480800637333,0
-0.008333253125378021,1.3981753524001066,-0.5724530245671209,0
-0.007212675567757671,1.3675109742324736,-0.5338238125609351,0
-0.005589828213314621,1.3369108528425806,-0.4951911373704608,0
-0.003900847006037886,1.306253376497412,-0.4566925259191867,0
-0.001276485277947065,1.275054457792381,-0.41801516123934335,0
0.0010757185444174153,1.244579455981317,-0.37941260423677264,0
0.0056100610237038205,1.214071734541909,-0.34085187677137185,0
0.006916429513541213,1.183185460292307,-0.30191877465518885,0
0.015698848983342187,1.151639946060103,-0.26269009724273085,0
0.03270555451129948,1.119217208372746,-0.2219181023196478,0
-0.09481913716817143,1.090105394089912,-0.1851149194159325,0
0.022573157723458363,1.110125723683732,-0.1389206169274558,0
0.09344991951740676,1.125473753467015,-0.09303786996718265,0
-0.10067704265995166,1.125704394314883,-0.04452201022262506,0
0.24175874876899206,1.1,0.0,0
-0.10067704266301512,1.125704394314883,0.04452201022262452,0
0.03758319580059524,1.159499000354933,0.07832031644348048,0
-0.004907244282059422,1.161007384923481,0.1255742860544604,0
0.04350821416026663,1.139060617110101,0.1779964483386771,0
0.004111413127191783,1.169802319917377,0.2166935967577563,0
0.00934625728047569,1.20081514108489,0.2556921439484667,0
0.004443520105548683,1.231677909434284,0.2945843449848357,0
0.0010595051551757935,1.26246205337039,0.3333668210357328,0
-0.0015282888139010041,1.29298200387834,0.3720098234345864,0
-0.003953325450205877,1.323529938924999,0.4107349083677032,0
-0.005812127205898834,1.354955575942247,0.449385823889889,0
-0.007196033620685921,1.385711011541831,0.4879862440859427,0
-0.008332144439324563,1.416318962086156,0.5266645463085131,0
-0.009170992000097371,1.44691921551081,0.5653297100242302,0
-0.009758300925328364,1.477518537945374,0.603978259748069,0
-0.010101939767405792,1.508091120906343,0.6426195207666947,0
-0.010198637015827582,1.538639039295716,0.6812500419346335,0
-0.010335308282889802,1.569210902191171,0.7197947969313138,0
-0.009278926576286048,1.617956431925002,0.7125933238871924,0
-0.010625272482089693,1.648466972181327,0.7511618762505801,0
-0.0049660108929139675,1.678959685606552,0.7897304639994502,0
0.007165734317545213,1.727598630670774,0.7825891545040646,0
-0.16627485463130384,1.744947157149255,0.8181177421772892,0
-0.04165682352111232,1.784868843496437,0.8130398910836045,0
0.02365730897799187,1.807978587130869,0.8551101849915397,0
-0.04681939879152253,1.6726070337701626,-0.9194998606407799,0
-0.14426516849605608,1.7137354912669875,-0.9455526259126602,0
0.09898104017966378,1.7401739829686225,-0.9857963831335157,0
-0.012087745653741983,1.5939976476546096,-0.8882857332060522,0
-0.019060476312207458,1.6243953774495605,-0.9268313180137049,0
-0.009079753549313346,1.5635036541434526,-0.8498033120769787,0
-0.010318248696604183,1.5328851976495506,-0.8113683523643557,0
-0.010254778606248655,1.5022731639555225,-0.7728279241216158,0
-0.010123594217586672,1.4716750845600455,-0.7341582533156208,0
-0.009789860513389157,1.4411258387087715,-0.6954271158278544,0
-0.00924628958398855,1.4105440308590096,-0.6567185461126077,0
-0.008397773830262844,1.3800047173256655,-0.6180801027467784,0
-0.0072015915691388205,1.3493514221344456,-0.5794975307215886,0
-0.005678887565030038,1.3187041651600195,-0.5409604740435416,0
-0.0036760405426930864,1.2880914710239866,-0.5023621380309774,0
-0.0013531401483230085,1.2573541431005446,-0.4638327627957058,0
0.0013728774126683268,1.22664057319337,-0.42527942044841716,0
0.006145260322320277,1.196216777394312,-0.38663674633292666,0
0.006625306096790601,1.165918470710803,-0.34784616906804783,0
0.02035517199329443,1.134335909489621,-0.30843696583189917,0
0.01039876864438134,1.102146110577886,-0.2689126544016169,0
0.05503318258033142,1.062548862481097,-0.2201008977611723,0
0.207561884028743,1.034882314224999,-0.1787543290553127,0
0.18983674098513661,1.069478001292287,-0.1484540183781494,0
-0.055840310751069225,1.080429989578334,-0.10665909930212132,0
-0.10731750043992486,1.092899391922077,-0.07124812390196239,0
0.25797640291351004,1.076057135607035,-0.03794113986174125,0
-0.4857206218200458,1.05,0.0,0
0.25797640288104945,1.076057135607035,0.03794113986174073,0
-0.10731750041691149,1.092899391922077,0.07124812390196186,0
0.0934499195192022,1.125473753467015,0.0930378699671821,0
0.02257315772887502,1.110125723683732,0.1389206169274553,0
-0.09481913723839032,1.090105394089912,0.185114919415932,0
0.032705554513211846,1.119217208372746,0.2219181023196473,0
0.015698848983508068,1.151639946060103,0.2626900972427303,0
0.006916429513691536,1.183185460292307,0.3019187746551883,0
0.00561006102364999,1.214071734541909,0.3408518767713712,0
0.0010757185443521862,1.244579455981317,0.379412604236772,0
-0.0012764852778739315,1.275054457792381,0.4180151612393427,0
-0.0039008470060164966,1.306253376497412,0.456692525919186,0
-0.005589828213315403,1.336910852842581,0.4951911373704601,0
-0.007212675567773184,1.367510974232474,0.5338238125609345,0
-0.008333253125446409,1.398175352400107,0.5724530245671202,0
-0.009187356876839501,1.428741485239236,0.6111480800637327,0
-0.009790157755516416,1.459357013554682,0.6497186334191416,0
-0.010125134411730824,1.489886848721694,0.688369353034541,0
-0.010253120879672974,1.520456317771698,0.7270171515897212,0
-0.01002732163767705,1.551010500011537,0.7655429503290311,0
-0.010147014405312542,1.599766077476332,0.7583295788868948,0
-0.008292935868742206,1.630312529599474,0.7968609085091002,0
-0.014490228652851742,1.66081080801592,0.8354356381176823,0
-0.031196562704309524,1.708140694058875,0.8277856665208859,0
0.16676430708368697,1.724855139910595,0.8591907170320676,0
0.01030479651944579,1.763539632628156,0.8579788665175597,0
0.13660575564610272,1.786448603274452,0.8992226575541569,0
0.040744984628049076,1.6559416314185726,-0.9663101389930697,0
0.20737167570154036,1.6991428932856925,-0.9894170658473578,0
0.24412409716979694,1.7154572207127337,-1.028205487198227,0
-0.0053710002346470925,1.5758482220911896,-0.9340245002836751,0
-0.011908651965467084,1.6049907924632036,-0.9720817765919004,0
-0.010142097693096055,1.5453504217494265,-0.8956190673038176,0
-0.010314401417037723,1.5147111735839165,-0.8571680851395627,0
-0.010185001172009947,1.4840822675570926,-0.818648633761714,0
-0.010161525601620163,1.4534890869163746,-0.7800071014681171,0
-0.009850095232168222,1.4228288626328176,-0.7411879728250123,0
-0.009286714706931523,1.3921893495941926,-0.7023420324961619,0
-0.008443654912325847,1.3615979945818195,-0.6635659615862544,0
-0.007266722323241849,1.3309994190427195,-0.6250597025248635,0
-0.005710878676384065,1.3004422055586016,-0.5866113877317999,0
-0.003794639581228231,1.2698873600378846,-0.5480006094351322,0
-0.001285943634237893,1.2393250274103265,-0.5094748583675281,0
0.0016611509600450455,1.2087065395314416,-0.47089853238074897,0
0.005708042619039628,1.17814637607091,-0.432318710221019,0
0.007728707292581207,1.147775132252832,-0.39359265178888597,0
0.02320676065401028,1.117213305089129,-0.35495753549541964,0
-0.01160619662417845,1.085639809860739,-0.31370862659348236,0
0.058502537466868586,1.051901303151065,-0.26902545227753855,0
0.018292181261766897,1.018488388592635,-0.22658593868666285,0
0.4485450351226187,0.9807852803022051,-0.19509032252401745,0
0.1371596632401236,0.989176509908181,-0.14673047483692844,0
-0.3521731207787277,1.035561018515463,-0.1250131795732461,0
0.39432805569500506,1.045564283086771,-0.07526093772213023,0
0.04342072121656206,1.036541042540306,-0.03720598610672313,0
-1.4066985823734037,1.0,0.0,0
0.04342072138356101,1.036541042540306,0.03720598610672263,0
0.3943280557389325,1.045564283086771,0.07526093772212973,0
-0.05584031076271572,1.080429989578334,0.1066590993021208,0
0.18983674103336384,1.069478001292287,0.1484540183781489,0
0.20756188414695428,1.034882314224999,0.1787543290553122,0
0.055033182617774894,1.062548862481097,0.2201008977611718,0
0.010398768644289982,1.102146110577886,0.2689126544016163,0
0.020355171992506815,1.134335909489621,0.3084369658318986,0
0.006625306096376465,1.165918470710803,0.3478461690680473,0
0.0061452603224232665,1.196216777394312,0.386636746332926,0
0.0013728774126072906,1.22664057319337,0.4252794204484165,0
-0.0013531401484143104,1.257354143100545,0.4638327627957051,0
-0.003676040542718366,1.288091471023987,0.5023621380309767,0
-0.005678887564952464,1.31870416516002,0.540960474043541,0
-0.007201591569201689,1.349351422134446,0.5794975307215879,0
-0.008397773830361227,1.380004717325666,0.6180801027467777,0
-0.009246289583964543,1.41054403085901,0.656718546112607,0
-0.00978986051344004,1.441125838708772,0.6954271158278538,0
-0.010123594217632025,1.471675084560046,0.7341582533156201,0
-0.0102547786061959,1.502273163955523,0.7728279241216152,0
-0.0103182486965231,1.532885197649551,0.811368352364355,0
-0.010226356689451278,1.581639128949484,0.8040236174141512,0
-0.01077764814670294,1.612174610122734,0.8425750126353108,0
0.002921717475327267,1.642568710019154,0.8811106293778753,0
0.005795106097254806,1.691318288109948,0.874002870220259,0
-0.005051823790178588,1.730761568281823,0.8999310898600794,0
-0.416793682595843,1.763842529487906,0.9427934721717721,0
-0.12162451172460126,1.6704061400615455,-1.0212206939993158,0
0.007197009304919953,1.6280614410320036,-1.0115633038189709,0
-0.026476044242386487,1.5851330528217205,-1.017297515329052,0
-0.00724870058805325,1.5574678926984256,-0.9796895472987074,0
-0.010678970451057673,1.5271011452976295,-0.9413242710186296,0
-0.00984867051479039,1.4965668492416895,-0.903042482575122,0
-0.01021301753154231,1.4658786511622857,-0.8645266627553889,0
-0.01019486805468239,1.4352804068839136,-0.8258666057212557,0
-0.009882284272179692,1.4045887967937636,-0.7870549657684804,0
-0.009354505496841472,1.3738845269642006,-0.7481303406665698,0
-0.008520457008283114,1.3431817133480795,-0.7092503176796291,0
-0.007370119902456385,1.3125686756354205,-0.6705983158359083,0
-0.005842029258653223,1.2819741079706175,-0.6320833254418012,0
-0.0038740275092931744,1.2514551744481706,-0.5935099122618291,0
-0.001344784148347323,1.2209649577838946,-0.5549153801891835,0
0.001740199896189478,1.1906237762489835,-0.516456567555359,0
0.005397417001780862,1.1601088432316395,-0.47796116122522647,0
0.009505294524182356,1.129577386148076,-0.43935936165323153,0
0.01747975544622975,1.099042127797138,-0.40074244350015287,0
0.021665519299036172,1.068640649642659,-0.36222177997824534,0
0.08433063413119753,1.036812870402047,-0.31916327536641215,0
-0.10636906558672155,1.004197890929559,-0.27894065046113525,0
-0.41869532161421535,0.9700312530284169,-0.24298018056648005,0
-0.07379288493159851,1.6897071311446916,-1.0699952387551899,0
-0.4281505312074502,0.9951847266485508,-0.09801714056964315,0
0.3993922512690194,0.998795456200073,-0.049067674431218185,0
0.39939225166733844,0.998795456200073,0.04906767443121771,0
-0.4281505316585875,0.9951847266485508,0.09801714056964266,0
-0.35217312095628467,1.035561018515463,0.1250131795732456,0
0.13715966321286246,0.989176509908181,0.146730474836928,0
0.448545035409614,0.9807852803022051,0.195090322524017,0
0.01829218123522373,1.018488388592635,0.2265859386866624,0
0.05850253744309657,1.051901303151065,0.269025452277538,0
-0.011606196627064533,1.085639809860739,0.3137086265934818,0
0.0232067606562812,1.117213305089129,0.3549575354954191,0
0.007728707292216934,1.147775132252832,0.3935926517888854,0
0.005708042619124842,1.17814637607091,0.4323187102210184,0
0.00166115096018516,1.208706539531442,0.4708985323807483,0
-0.0012859436342855662,1.239325027410327,0.5094748583675275,0
-0.0037946395812325645,1.269887360037885,0.5480006094351315,0
-0.005710878676373327,1.300442205558602,0.5866113877317992,0
-0.007266722323202594,1.33099941904272,0.6250597025248629,0
-0.008443654912271222,1.36159799458182,0.6635659615862537,0
-0.009286714707005326,1.392189349594193,0.7023420324961612,0
-0.009850095232164468,1.422828862632818,0.7411879728250116,0
-0.010161525601571703,1.453489086916375,0.7800071014681165,0
-0.010185001172017412,1.484082267557093,0.8186486337617134,0
-0.010314401416991992,1.514711173583917,0.857168085139562,0
-0.009079753550036615,1.563503654143453,0.8498033120769778,0
-0.012087745651309892,1.59399764765461,0.8882857332060513,0
-0.019060476312786248,1.624395377449561,0.926831318013704,0
-0.04681939876902324,1.672607033770163,0.919499860640779,0
-0.14426516845321385,1.713735491266988,0.9455526259126593,0
0.09898104009801799,1.740173982968623,0.9857963831335148,0
0.0249627278327796,1.6429902325305346,-1.0603868659140898,0
-0.18229405930023912,1.6629392252347375,-1.1111404650968708,0
0.008334488918302562,1.6043549483657265,-1.052385987688947,0
0.00493363987456698,1.5669904136450437,-1.0625045965475,0
-0.005579793612223884,1.5386438064223475,-1.025231410129671,0
-0.011140068618376447,1.5089024547528156,-0.9868807959089338,0
-0.0096574048257668,1.4783664840118256,-0.9486054715424812,0
-0.010283378554112788,1.4476947879023516,-0.9104239655038603,0
-0.010147318374763946,1.4170391448831956,-0.8717536437363371,0
-0.009952746392994991,1.3863816745637365,-0.8330089197864614,0
-0.009444402057599355,1.3556682228015366,-0.7941288541434659,0
-0.008643689504991059,1.3249485041973295,-0.7552346740026511,0
-0.007495339905324961,1.2942565448041976,-0.7163847937734598,0
-0.006021684063574826,1.2635915672346596,-0.677656401580427,0
-0.004023158628639487,1.2329549199999386,-0.6390321440222394,0
-0.001553695683061707,1.2025871732685856,-0.6003896438029145,0
0.0011968406343005344,1.1722197755310895,-0.5618783883164296,0
0.005652546384380465,1.1419135844831616,-0.5236219767656431,0
0.00988329726637042,1.1114046269006415,-0.48508230693625237,0
0.01579650770636179,1.080841708765238,-0.4465283043579731,0
0.012614832894561712,1.050449362035585,-0.40801797593576017,0
0.0037508134090969104,1.019673849172359,-0.36804582227001265,0
0.08782689834994314,0.9886217685443468,-0.3284235297700597,0
-0.3354865561093915,0.956940335495227,-0.29028467803568697,0
-0.4186953218188141,0.9700312530284171,0.2429801805664796,0
-0.10636906566517279,1.004197890929559,0.2789406504611347,0
0.08433063415589763,1.036812870402047,0.3191632753664116,0
0.02166551929600419,1.068640649642659,0.3622217799782448,0
0.01747975544524027,1.099042127797138,0.4007424435001523,0
0.0095052945243869,1.129577386148076,0.439359361653231,0
0.005397417001716297,1.16010884323164,0.4779611612252259,0
0.0017401998962638392,1.190623776248984,0.5164565675553583,0
-0.0013447841483202154,1.220964957783895,0.5549153801891828,0
-0.0038740275092789345,1.251455174448171,0.5935099122618285,0
-0.00584202925872917,1.281974107970618,0.6320833254418006,0
-0.007370119902393009,1.312568675635421,0.6705983158359077,0
-0.00852045700824519,1.34318171334808,0.7092503176796284,0
-0.009354505496860194,1.373884526964201,0.7481303406665691,0
-0.009882284272186998,1.404588796793764,0.7870549657684798,0
-0.010194868054694235,1.435280406883914,0.825866605721255,0
-0.010213017531505832,1.465878651162286,0.8645266627553883,0
-0.009848670515004591,1.49656684924169,0.9030424825751213,0
-0.01014209769251049,1.545350421749427,0.8956190673038167,0
-0.005371000239355211,1.57584822209119,0.9340245002836742,0
-0.011908651951027848,1.604990792463204,0.9720817765918995,0
0.04074498460746018,1.655941631418573,0.9663101389930688,0
0.20737167560607792,1.699142893285693,0.9894170658473569,0
0.24412409715298597,1.715457220712734,1.028205487198226,0
-0.019248811584035908,1.6016822578634726,-1.099540359528465,0
-0.1139970680911526,1.6351696268830727,-1.1516163820122889,0
0.014378771369773715,1.5512908151674176,-1.1093851536719468,0
-0.021672273114294174,1.5208376012295794,-1.071187152936918,0
-0.00823683685346432,1.4905333235896976,-1.0326154472307318,0
-0.009812976898209752,1.4600508181673826,-0.9939633458298474,0
-0.010420494663629418,1.4295442800431715,-0.9557742848212273,0
-0.01014131547257473,1.3988197810161076,-0.9176465317578052,0
-0.010002089436293566,1.3681199568820985,-0.878947400283133,0
-0.009564324188002345,1.3374190702461695,-0.8401337787239325,0
-0.008812693541865972,1.3066951378897946,-0.8012500756252092,0
-0.007719554162440918,1.2759793620884516,-0.7623789861215869,0
-0.006203470992236383,1.2453013003900395,-0.723538411666666,0
-0.004297735841509948,1.2146563958796566,-0.6847226411054841,0
-0.0019361178512168054,1.1839693460500356,-0.6459818153175612,0
0.001202266271556692,1.1536334045363275,-0.607231544635011,0
0.005827611943371201,1.1235534294985556,-0.5688032766987927,0
0.006416028914204172,1.0931193892350886,-0.5305982052874262,0
0.0162429290947868,1.0626625393001545,-0.49221857479215053,0
0.02738901203236745,1.031908809802538,-0.45375032667121235,0
0.09011500505520961,1.001866854700305,-0.4149868402147688,0
0.10113451794048853,0.9716515897092131,-0.37546153235482976,0
0.25629742806224987,0.9415440648596893,-0.33688985429587076,0
-0.33548655607721123,0.9569403354952272,0.2902846780356865,0
0.08782689846305905,0.988621768544347,0.3284235297700591,0
0.0037508134000411022,1.019673849172359,0.3680458222700121,0
0.012614832900686981,1.050449362035585,0.4080179759357596,0
0.01579650770649671,1.080841708765238,0.4465283043579725,0
0.00988329726609927,1.111404626900642,0.4850823069362518,0
0.0056525463842117315,1.141913584483162,0.5236219767656425,0
0.0011968406342722894,1.17221977553109,0.5618783883164289,0
-0.0015536956830391883,1.202587173268586,0.6003896438029138,0
-0.004023158628619511,1.232954919999939,0.6390321440222387,0
-0.00602168406367368,1.26359156723466,0.6776564015804263,0
-0.007495339905347116,1.294256544804198,0.7163847937734591,0
-0.008643689504976848,1.32494850419733,0.7552346740026504,0
-0.009444402057476705,1.355668222801537,0.7941288541434652,0
-0.009952746392992203,1.386381674563737,0.8330089197864607,0
-0.010147318374764229,1.417039144883196,0.8717536437363365,0
-0.010283378554066806,1.447694787902352,0.9104239655038596,0
-0.00965740482573647,1.478366484011826,0.9486054715424805,0
-0.010678970450774716,1.52710114529763,0.9413242710186289,0
-0.007248700585859396,1.557467892698426,0.9796895472987065,0
-0.02647604425371611,1.585133052821721,1.017297515329051,0
0.007197009278786067,1.628061441032004,1.01156330381897,0
-0.12162451167861651,1.670406140061546,1.021220693999315,0
-0.07379288476530385,1.689707131144692,1.069995238755189,0
-0.04372655812011663,1.5816588031632806,-1.149486590755376,0
-0.06894840408307677,1.5331860065540175,-1.154951240642576,0
-0.007819643606346842,1.5030160473399445,-1.1171787664099588,0
-0.004957323365938905,1.4723673738266576,-1.0784979815361528,0
-0.011799804717994498,1.4417874534395556,-1.0397778863928309,0
-0.009762630377876851,1.4111741489903105,-1.0009250430854608,0
-0.010340646620607113,1.3805933683904286,-0.9629108655293452,0
-0.010062276944901773,1.3498765079168826,-0.9247762276904183,0
-0.009634705644158206,1.3191457062150866,-0.886148881806738,0
-0.00896434089282622,1.2884168824373485,-0.8472911698935415,0
-0.007944443045876128,1.2576940597915365,-0.8084123219822719,0
-0.006554690168130104,1.2269854415297266,-0.7695423575567126,0
-0.004569573196347955,1.1963007167111266,-0.7306922949542709,0
-0.00227150204019151,1.1656636937524196,-0.6918503760138932,0
0.0010759424910945351,1.1352268274397046,-0.6530157385484701,0
0.0040887087444134535,1.1050348978716236,-0.6144161180048073,0
0.007859656925636851,1.0747444034304325,-0.5760366303895526,0
0.027779641431935714,1.0443954244305536,-0.5379745258904919,0
0.0039415537307335245,1.0131041598173947,-0.4997707221212975,0
-0.04286600123110737,0.9813884521041307,-0.46154206204375114,0
-0.14807991822382485,0.952777303630683,-0.42160120269297785,0
-0.10800527971249754,0.9238795320956876,-0.38268343336843463,0
0.1909834136564456,1.6064150634641177,-1.1913986083068828,0
0.2562974281428904,0.9415440648596896,0.3368898542958703,0
0.101134517862379,0.9716515897092133,0.3754615323548292,0
0.09011500504427818,1.001866854700305,0.4149868402147682,0
0.027389012025429153,1.031908809802538,0.4537503266712118,0
0.016242929094881786,1.062662539300155,0.49221857479215,0
0.006416028914874475,1.093119389235089,0.5305982052874255,0
0.005827611943239535,1.123553429498556,0.568803276698792,0
0.0012022662714639572,1.153633404536328,0.6072315446350103,0
-0.001936117851135094,1.183969346050036,0.6459818153175605,0
-0.00429773584149444,1.214656395879657,0.6847226411054834,0
-0.006203470992212341,1.24530130039004,0.7235384116666653,0
-0.007719554162551771,1.275979362088452,0.7623789861215863,0
-0.00881269354192554,1.306695137889795,0.8012500756252086,0
-0.009564324187969176,1.33741907024617,0.8401337787239318,0
-0.010002089436240334,1.368119956882099,0.8789474002831323,0
-0.010141315472545908,1.398819781016108,0.9176465317578045,0
-0.010420494663649653,1.429544280043172,0.9557742848212266,0
-0.00981297689844829,1.460050818167383,0.9939633458298467,0
-0.011140068617979048,1.508902454752816,0.9868807959089332,0
-0.005579793617349029,1.538643806422348,1.02523141012967,0
0.004933639911920409,1.566990413645044,1.062504596547499,0
0.008334488927523594,1.604354948365727,1.052385987688946,0
0.024962727890372197,1.642990232530535,1.060386865914089,0
-0.18229405934050485,1.662939225234738,1.11114046509687,0
0.21298545568656374,1.5596798329616686,-1.1918253310997309,0
-0.03190206385939125,1.5142806759269245,-1.2000688964965518,0
0.034161453566842914,1.4849020148823835,-1.16293511888941,0
-0.02257170834528382,1.4543092476129615,-1.124362029709829,0
-0.007119503998266051,1.4235540481775786,-1.0857337865222758,0
-0.010238338464631102,1.3928581946686636,-1.046918742513807,0
-0.0102559822530766,1.3621722235925005,-1.008027093324392,0
-0.01008839732348717,1.3315456465566486,-0.9700535395640821,0
-0.00978798708202695,1.3009381800132747,-0.9320499721060276,0
-0.009166326364402481,1.2702721379983346,-0.8932423498421289,0
-0.008147034880983095,1.2394093715624717,-0.8544583756322541,0
-0.0068218602677554375,1.2086577201513367,-0.8155845120746195,0
-0.0050996395698515405,1.1779431754780276,-0.7766946736178237,0
-0.002879383157059583,1.1472542932368905,-0.7378053097650462,0
0.0002721899916593452,1.1165241435797546,-0.6989262942126997,0
0.0031252871182059867,1.0862786488067346,-0.6601103463079516,0
0.012010755527639689,1.0556809766282136,-0.621580747929533,0
0.006195443444915149,1.0250348469647776,-0.5832219715065896,0
-0.004006722972790684,0.9927589581188687,-0.5454051006855598,0
0.1746169405912037,0.9587496398174935,-0.5078971467827027,0
0.2329289698481267,0.930545978546752,-0.46783291156277945,0
-0.09492631536144534,0.9039892927095288,-0.42755509430543087,0
-0.09644349254171496,1.5766928556293016,-1.230463180679341,0
-0.10800527985827275,0.9238795320956878,0.3826834333684342,0
-0.1480799182125207,0.9527773036306832,0.4216012026929774,0
-0.042866001205119506,0.981388452104131,0.4615420620437506,0
0.003941553739664996,1.013104159817395,0.4997707221212969,0
0.027779641428867942,1.044395424430554,0.5379745258904914,0
0.007859656925648658,1.074744403430433,0.5760366303895521,0
0.004088708744827795,1.105034897871624,0.6144161180048067,0
0.0010759424908142424,1.135226827439705,0.6530157385484694,0
-0.0022715020400984856,1.16566369375242,0.6918503760138925,0
-0.004569573196283208,1.196300716711127,0.7306922949542702,0
-0.006554690168058285,1.226985441529727,0.769542357556712,0
-0.007944443045843762,1.257694059791537,0.8084123219822712,0
-0.008964340892877768,1.288416882437349,0.8472911698935408,0
-0.009634705644244892,1.319145706215087,0.8861488818067373,0
-0.010062276944953907,1.349876507916883,0.9247762276904177,0
-0.010340646620701915,1.380593368390429,0.9629108655293446,0
-0.009762630377672563,1.411174148990311,1.00092504308546,0
-0.01179980471897996,1.441787453439556,1.03977788639283,0
-0.00823683685147926,1.490533323589698,1.032615447230731,0
-0.021672273119312784,1.52083760122958,1.071187152936917,0
0.014378771356812476,1.551290815167418,1.109385153671946,0
-0.019248811626670866,1.601682257863473,1.099540359528464,0
-0.11399706835857878,1.635169626883073,1.151616382012288,0
-0.27901095515539587,1.5388304607453596,-1.2315959561210519,0
0.012541458896048545,1.4993387059434995,-1.2531333301774619,0
-0.060301120714800135,1.4662898363627936,-1.2097062774389709,0
0.003211582785351536,1.4362801888545995,-1.170131557713056,0
-0.010387639538979511,1.4056813628646796,-1.13150889331326,0
-0.010245229620290746,1.3745837236801295,-1.092961038993989,0
-0.010162337866950217,1.3438173532298416,-1.0540797085920959,0
-0.010258454368232715,1.3130555846502745,-1.0152196336265098,0
-0.009990129759416476,1.2824961388980125,-0.9772008524625796,0
-0.009456632406703492,1.2520776212845806,-0.9386685172308541,0
-0.008552406186268315,1.2212340356289766,-0.9002239384997027,0
-0.0071714003651477225,1.1903396385189156,-0.8616452898421839,0
-0.005520044716381459,1.1596041835050916,-0.822759787534362,0
-0.0030369093817674774,1.1288722858986375,-0.7838470865153422,0
-0.00033714818614808767,1.0981703627765915,-0.7449331261542017,0
0.0032470312485532947,1.0674630612470475,-0.7060440298136837,0
0.008556342017869452,1.0370883386700325,-0.6672421139883854,0
0.0033287145001709177,1.0059047240256815,-0.628457307379912,0
0.07585215531265486,0.9734586599499813,-0.5901000355418007,0
-0.0805301236146503,0.936128057485337,-0.5517769301698238,0
-0.17339101939183615,0.9068094239343709,-0.5137011943355826,0
-0.03364086276094836,0.881921263962018,-0.47139673754878353,0
-0.3864566234094326,1.5460209070286595,-1.268786567957859,0
-0.09492631523939421,0.903989292709529,0.4275550943054304,0
0.23292896986682157,0.9305459785467523,0.467832911562779,0
0.17461694054598678,0.9587496398174937,0.5078971467827023,0
-0.004006722970297493,0.9927589581188689,0.5454051006855594,0
0.0061954434489172394,1.025034846964778,0.5832219715065892,0
0.012010755525930476,1.055680976628214,0.6215807479295326,0
0.003125287118504311,1.086278648806735,0.660110346307951,0
0.000272189991516611,1.116524143579755,0.698926294212699,0
-0.002879383157062262,1.147254293236891,0.7378053097650455,0
-0.005099639569872117,1.177943175478028,0.7766946736178231,0
-0.0068218602677476824,1.208657720151337,0.8155845120746188,0
-0.008147034880840572,1.239409371562472,0.8544583756322535,0
-0.009166326364377994,1.270272137998335,0.8932423498421282,0
-0.009787987082056556,1.300938180013275,0.9320499721060269,0
-0.010088397323491614,1.331545646556649,0.9700535395640815,0
-0.010255982253099328,1.362172223592501,1.008027093324391,0
-0.010238338464439103,1.392858194668664,1.046918742513806,0
-0.007119503998662027,1.423554048177579,1.085733786522275,0
-0.004957323363573128,1.472367373826658,1.078497981536152,0
-0.007819643613169414,1.503016047339945,1.117178766409958,0
-0.06894840406025225,1.533186006554018,1.154951240642575,0
-0.04372655811890364,1.581658803163281,1.149486590755375,0
0.19098341379569558,1.606415063464118,1.191398608306882,0
0.06437877952334539,1.4450961056802756,-1.2547487527514258,0
-0.029858676084729044,1.4167905016275866,-1.2152428206017958,0
-0.008027446803947015,1.3873059271990265,-1.1759398820576639,0
-0.00999000889938383,1.3566939108633256,-1.1381324890747588,0
-0.009856734240553484,1.3255134555286276,-1.1002002349559228,0
-0.009987439655912004,1.2947006750712786,-1.0612567439468203,0
-0.009764885496940053,1.2639901261585635,-1.0224264714663105,0
-0.009471642060661319,1.2333387617123885,-0.9837053122634674,0
-0.008987201710670599,1.2026530697325695,-0.9454225379161181,0
-0.0078031047201567,1.1720005014611146,-0.907435522928018,0
-0.006021024929825925,1.1412819189335406,-0.8689016698785659,0
-0.004115354977633219,1.1105145298528376,-0.829947666843057,0
-0.0017907624644803138,1.0799691056849616,-0.7908903660962954,0
0.002560751885379782,1.0491298840667835,-0.7520700421140403,0
0.00663697872080486,1.0184274622854586,-0.7131756912586309,0
0.013295579534649611,0.9876834621372893,-0.6743661377210697,0
0.01666568629784079,0.9569884918183369,-0.63559515716035,0
-0.03305469650144335,0.9265112606822697,-0.5967194625730229,0
0.11190060049123907,0.8854187084023332,-0.5628629356729581,0
-0.2365758634952345,0.8577286096775255,-0.5141027447316918,0
0.045742050329348624,1.4668515038325176,-1.2972295096967288,0
0.5223885025746133,1.5144176932427735,-1.3063456856411468,0
-0.033640862680736676,0.8819212639620182,0.4713967375487831,0
-0.17339101937044774,0.9068094239343711,0.5137011943355821,0
-0.08053012357691643,0.9361280574853372,0.5517769301698233,0
0.0758521552911911,0.9734586599499815,0.5901000355418002,0
0.0033287145050602397,1.005904724025682,0.6284573073799116,0
0.00855634201719767,1.037088338670033,0.667242113988385,0
0.0032470312486094608,1.067463061247048,0.7060440298136833,0
-0.00033714818598979134,1.098170362776592,0.744933126154201,0
-0.0030369093818510507,1.128872285898638,0.7838470865153415,0
-0.005520044716493534,1.159604183505092,0.8227597875343613,0
-0.0071714003651907705,1.190339638518916,0.8616452898421832,0
-0.008552406186282936,1.221234035628977,0.9002239384997021,0
-0.009456632406652952,1.252077621284581,0.9386685172308534,0
-0.009990129759371566,1.282496138898013,0.9772008524625789,0
-0.010258454368237399,1.313055584650275,1.015219633626509,0
-0.010162337866977865,1.343817353229842,1.054079708592095,0
-0.010245229620132768,1.37458372368013,1.092961038993988,0
-0.010387639539127334,1.40568136286468,1.131508893313259,0
-0.022571708345647347,1.454309247612962,1.124362029709828,0
0.034161453575746424,1.484902014882384,1.162935118889409,0
-0.03190206390188656,1.514280675926925,1.200068896496551,0
0.21298545577164024,1.559679832961669,1.19182533109973,0
-0.0964434924371238,1.576692855629302,1.23046318067934,0
0.024799986172387843,1.3957699035847395,-1.25512730188083,0
-0.12089227213696485,1.4159628803086406,-1.2941161931655019,0
-0.10325824637963998,1.4340531810288055,-1.3321672493269339,0
-0.04001141425236224,1.4819022508391175,-1.343117909551487,0
-0.010206729054993114,1.3705460330161896,-1.2177970900904989,0
-0.010033741990439582,1.3397632023767905,-1.180148122371799,0
-0.009898048345208618,1.3075804978989876,-1.1445467533678668,0
-0.010233731028224554,1.2765426724420306,-1.1075240274466884,0
-0.010188119894667757,1.2460205018494226,-1.0683035269902534,0
-0.010540922552515148,1.2150616490964645,-1.0292046391021474,0
-0.008285675327983496,1.1832732420570176,-0.9918263606010757,0
-0.007465787881127355,1.1525894798096505,-0.9538778719754057,0
-0.006845171943620972,1.1228879746071885,-0.9148550177960544,0
-0.0037950691617171153,1.0921334451713196,-0.8761097144326557,0
-0.0016656907214294353,1.0638007667577536,-0.8365872251933941,0
1.8062018736591462e-05,1.0316942551894785,-0.7974053266449981,0
0.004767223887087247,1.0007220289983836,-0.7587033262266148,0
0.007478366266823139,0.9691573965762529,-0.720508917784392,0
0.023823938547123332,0.9383748880661854,-0.6817563194080365,0
-0.0020655148727394767,0.9102342841420918,-0.6434724295602687,0
0.35708220777237526,0.8888238183250659,-0.609270641144163,0
0.04345620195638533,0.8491017720403065,-0.6024251021860325,0
0.5869725677315105,0.8314696120142534,-0.5555702334510616,0
-0.236575863638587,0.8577286096775257,0.5141027447316914,0
0.11190060043913348,0.8854187084023334,0.5628629356729576,0
-0.03305469646470042,0.92651126068227,0.5967194625730224,0
0.016665686295297553,0.9569884918183371,0.6355951571603495,0
0.013295579534349797,0.9876834621372895,0.6743661377210692,0
0.00663697872103879,1.018427462285459,0.7131756912586305,0
0.002560751885376581,1.049129884066784,0.7520700421140398,0
-0.001790762464437741,1.079969105684962,0.7908903660962947,0
-0.004115354977647848,1.110514529852838,0.8299476668430563,0
-0.006021024929725227,1.141281918933541,0.8689016698785652,0
-0.007803104720133765,1.172000501461115,0.9074355229280173,0
-0.008987201710811124,1.20265306973257,0.9454225379161174,0
-0.009471642060623205,1.233338761712389,0.9837053122634667,0
-0.009764885496932349,1.263990126158564,1.02242647146631,0
-0.009987439655970664,1.294700675071279,1.06125674394682,0
-0.009856734240512635,1.325513455528628,1.100200234955922,0
-0.00999000889956586,1.356693910863326,1.138132489074758,0
-0.008027446802313851,1.387305927199027,1.175939882057663,0
0.0032115827854192745,1.4362801888546,1.170131557713055,0
-0.06030112071458512,1.466289836362794,1.20970627743897,0
0.012541458929609423,1.4993387059435,1.253133330177461,0
-0.2790109552385921,1.53883046074536,1.231595956121051,0
-0.38645662348829324,1.54602090702866,1.268786567957858,0
-0.025076705235219685,1.3627062966573875,-1.292803663796984,0
0.10733142663690427,1.3913002910681185,-1.332620681540113,0
0.1388209242380409,1.4137237695628766,-1.36410456120847,0
-0.09773356435679281,1.4484941659090496,-1.37908108946771,0
-0.016440066658900142,1.3578554465306536,-1.2545290474322528,0
-0.009815940278893112,1.3272377574731975,-1.220703569410262,0
-0.01064128263009872,1.2930438374665656,-1.1850054935467536,0
-0.0105730216603448,1.2612326793511746,-1.1508934126061734,0
-0.010215577696115663,1.2286978455988204,-1.1138145911334165,0
-0.010078975470603851,1.1980425907076855,-1.0742707229086566,0
-0.00899006463474515,1.1638414457043695,-1.0377908299233853,0
-0.008449431524334021,1.1301329393687425,-1.0023575096202184,0
-0.0070421317247578085,1.1045891516312725,-0.9613702829909503,0
-0.005426699573202022,1.0786828492309446,-0.9225103656827297,0
-0.0011254174625653615,1.0497777463708255,-0.8860181591927341,0
0.00032857048249606505,1.0193124739850625,-0.8472118044562811,0
0.002640875156744188,0.9863205163877231,-0.8045138581986393,0
0.012635907394455635,0.9519444206344143,-0.767368790128495,0
0.011670391623158485,0.9191631266426115,-0.7308983563867075,0
0.023487079575410352,0.8828824922109068,-0.6932460691234077,0
-0.17404129823518913,0.8646284560488969,-0.6464138720581948,0
-0.3210195024838116,0.8199934384707415,-0.6399643707553332,0
-0.5414474994455354,0.8032075312539579,-0.5956993047980855,0
0.5869725676035906,0.8314696120142536,0.5555702334510612,0
0.043456202015088055,0.8491017720403067,0.6024251021860321,0
0.3570822076768024,0.8888238183250661,0.6092706411441625,0
-0.0020655148677906966,0.9102342841420921,0.6434724295602683,0
0.02382393854752425,0.9383748880661856,0.681756319408036,0
0.007478366266223266,0.9691573965762533,0.7205089177843915,0
0.004767223887333568,1.000722028998384,0.7587033262266144,0
1.806201857903077e-05,1.031694255189479,0.7974053266449976,0
-0.001665690721483406,1.063800766757754,0.8365872251933937,0
-0.00379506916164663,1.09213344517132,0.8761097144326551,0
-0.006845171943523303,1.122887974607189,0.9148550177960537,0
-0.007465787881124761,1.152589479809651,0.9538778719754051,0
-0.008285675327918535,1.183273242057018,0.991826360601075,0
-0.010540922552474373,1.215061649096465,1.029204639102147,0
-0.010188119894653177,1.246020501849423,1.068303526990253,0
-0.010233731028243683,1.276542672442031,1.107524027446688,0
-0.0098980483450874,1.307580497898988,1.144546753367866,0
-0.010033741990944894,1.339763202376791,1.180148122371798,0
-0.010206729054926809,1.37054603301619,1.217797090090498,0
-0.029858676090715745,1.416790501627587,1.215242820601795,0
0.0643787795387573,1.445096105680276,1.254748752751425,0
0.04574205029686854,1.466851503832518,1.297229509696728,0
0.5223885025350976,1.514417693242774,1.306345685641146,0
-0.004585433805232102,1.3081475451948055,-1.3081475451948068,0
-0.006099051912372107,1.3211105335975055,-1.2599334939023499,0
-0.011081693072048454,1.2851171388757485,-1.2255534180193184,0
-0.01013818843357159,1.2497707904730475,-1.1941302515851955,0
-0.010358281827864507,1.2151934864364755,-1.1585950273465915,0
-0.009879721740940955,1.1800151818520885,-1.1213390154710905,0
-0.008349082413847013,1.1443210032213655,-1.0831088974383654,0
-0.009435515823736243,1.1089564630933055,-1.0477192195237583,0
-0.008146221076754657,1.0759837726798636,-1.0052139531441084,0
-0.006260206998724365,1.0665298470616056,-0.9597710319208204,0
-0.004715897193609234,1.0398384241686516,-0.9316621481000644,0
-0.0035331182433587702,1.0079905199259926,-0.8992448682242826,0
0.0011674417953151004,0.9769417357602939,-0.8570679705444985,0
0.005692086957689902,0.942443683292193,-0.8204930068773177,0
0.009173617595201444,0.9079388928728449,-0.7865824468356316,0
0.044143816612381176,0.8742064999042057,-0.7520179854041951,0
-0.12006869430394475,0.8334580074997097,-0.7162510893551987,0
0.3024221147701788,0.7932012235640863,-0.6823007305662934,0
0.3464755005777101,0.8388327235588683,-0.6756352263716856,0
0.0016498665414955646,1.3435028842542645,-1.343502884254265,0
-0.19528631140249259,1.3788582233136795,-1.3788582233136808,0
-0.12950697259902655,1.414213562373094,-1.4142135623730958,0
0.08179960457255141,0.7730104532336319,-0.6343932843209605,0
-0.541447499173662,0.8032075312539582,0.5956993047980851,0
-0.3210195023736522,0.8199934384707417,0.6399643707553327,0
-0.17404129818042882,0.8646284560488972,0.6464138720581943,0
0.023487079565061485,0.8828824922109072,0.6932460691234072,0
0.011670391627775107,0.9191631266426119,0.7308983563867071,0
0.01263590739298366,0.9519444206344148,0.7673687901284946,0
0.002640875157164031,0.9863205163877236,0.8045138581986389,0
0.00032857048249365964,1.019312473985063,0.8472118044562806,0
-0.0011254174626728255,1.049777746370826,0.8860181591927336,0
-0.005426699573353162,1.078682849230945,0.922510365682729,0
-0.007042131724822089,1.104589151631273,0.9613702829909496,0
-0.008449431524281317,1.130132939368743,1.002357509620218,0
-0.008990064634748584,1.16384144570437,1.037790829923385,0
-0.010078975470640303,1.198042590707686,1.074270722908656,0
-0.010215577696039377,1.228697845598821,1.113814591133416,0
-0.010573021660409807,1.261232679351175,1.150893412606173,0
-0.010641282630068272,1.293043837466566,1.185005493546753,0
-0.009815940278549045,1.327237757473198,1.220703569410261,0
-0.01644006665843875,1.357855446530654,1.254529047432252,0
0.02479998617419088,1.39576990358474,1.255127301880829,0
-0.12089227215387907,1.415962880308641,1.294116193165501,0
-0.10325824635820502,1.434053181028806,1.332167249326933,0
-0.04001141430941219,1.481902250839118,1.343117909551486,0
-0.009789008199821538,1.2727922061353776,-1.2727922061353785,0
-0.008368788672033927,1.2374368670759757,-1.2374368670759754,0
-0.010249866164948345,1.2020815280165076,-1.2020815280165085,0
-0.010215663765986545,1.1667261889570795,-1.1667261889570804,0
-0.010756184477383914,1.1313708498976425,-1.1313708498976434,0
-0.00951785810118059,1.0960155108382275,-1.0960155108382283,0
-0.007681641229919443,1.0606601717788346,-1.0606601717788344,0
-0.0050832362696724125,1.0253048327196095,-1.0253048327196104,0
-0.005750622070335485,1.0335550375972975,-0.9780984096862496,0
-0.0034310885213166297,0.9997839729035378,-0.9441475346320696,0
-0.0018233253354970893,0.9655136764949123,-0.9074877267618234,0
0.004094624490525938,0.9321043376152132,-0.870883925663483,0
0.008685246474754564,0.8964934793802919,-0.8358683332186897,0
0.004091784160487306,0.8611652052225958,-0.8004775023187745,0
0.05421041045825268,0.826003696343122,-0.764956643998985,0
0.0066719504652507505,0.790758411560208,-0.7295211679907532,0
-0.230721248970502,0.7573438645274828,-0.7066264541838527,0
0.20678926532216657,0.7409511253169007,-0.6715589548890095,0
-0.02507670522940809,1.292803663796983,-1.3627062966573882,0
0.10733142662082397,1.3326206815401112,-1.3913002910681196,0
0.13882092422788114,1.3641045612084683,-1.4137237695628777,0
-0.09773356423751443,1.3790810894677084,-1.4484941659090507,0
-0.006099051914393937,1.2599334939023488,-1.3211105335975062,0
0.08179960436917844,0.7730104532336322,0.6343932843209601,0
0.30242211460475993,0.7932012235640865,0.6823007305662929,0
-0.12006869422426704,0.8334580074997101,0.7162510893551982,0
0.044143816595632594,0.8742064999042062,0.7520179854041946,0
0.009173617598489949,0.9079388928728453,0.7865824468356312,0
0.005692086957178441,0.9424436832921934,0.8204930068773173,0
0.0011674417953758801,0.9769417357602943,0.857067970544498,0
-0.0035331182432596538,1.007990519925993,0.8992448682242822,0
-0.0047158971937324694,1.039838424168652,0.931662148100064,0
-0.00626020699876511,1.066529847061606,0.9597710319208199,0
-0.008146221076662746,1.075983772679864,1.005213953144108,0
-0.009435515823795839,1.108956463093306,1.047719219523758,0
-0.008349082413919219,1.144321003221366,1.083108897438365,0
-0.009879721740964865,1.180015181852089,1.12133901547109,0
-0.010358281827861143,1.215193486436476,1.158595027346591,0
-0.010138188433522499,1.249770790473048,1.194130251585195,0
-0.011081693072229993,1.285117138875749,1.225553418019318,0
-0.006099051911928632,1.321110533597506,1.259933493902349,0
-0.025076705236350354,1.362706296657388,1.292803663796983,0
0.10733142665233104,1.391300291068119,1.332620681540112,0
0.13882092428175588,1.413723769562877,1.364104561208469,0
-0.09773356422371049,1.44849416590905,1.379081089467709,0
0.3464755005033644,0.8388327235588685,0.6756352263716852,0
-0.011081693072110323,1.2255534180193177,-1.2851171388757492,0
-0.010138188433508237,1.194130251585195,-1.2497707904730482,0
-0.010358281827942656,1.1585950273465906,-1.2151934864364764,0
-0.009879721740947693,1.1213390154710896,-1.1800151818520892,0
-0.008349082413827256,1.0831088974383647,-1.1443210032213662,0
-0.009435515823726795,1.0477192195237577,-1.1089564630933062,0
-0.008146221076651767,1.0052139531441076,-1.0759837726798642,0
-0.005750622070258505,0.9780984096862491,-1.0335550375972982,0
-0.0031875218649515128,0.989949493660392,-0.9899494936603928,0
-0.0015983501165519763,0.9545941546011264,-0.9545941546011272,0
0.0027336713041749895,0.9192388155419368,-0.9192388155419375,0
0.004525332435804395,0.8838834764827449,-0.8838834764827457,0
0.017896955034170183,0.8485281374235487,-0.8485281374235495,0
0.007244566615022081,0.8131727983643525,-0.8131727983643533,0
0.02267956855634302,0.7778174593051195,-0.7778174593051203,0
0.17766699307877923,0.7424621202458409,-0.7424621202458417,0
-0.3008413395743536,0.7071067811865471,-0.7071067811865479,0
-0.12089227213600522,1.2941161931655003,-1.4159628803086415,0
0.024799986174002215,1.2551273018808287,-1.3957699035847402,0
-0.01644006665904192,1.2545290474322517,-1.3578554465306543,0
-0.009815940277626502,1.2207035694102608,-1.3272377574731982,0
-0.103258246346478,1.3321672493269323,-1.4340531810288066,0
-0.04001141419109273,1.3431179095514854,-1.4819022508391186,0
0.20678926519658622,0.7409511253169009,0.6715589548890091,0
-0.23072124880847625,0.7573438645274833,0.7066264541838523,0
0.006671950438783409,0.7907584115602084,0.7295211679907527,0
0.05421041046303221,0.8260036963431224,0.7649566439989846,0
0.004091784160262152,0.8611652052225962,0.800477502318774,0
0.00868524647455613,0.8964934793802923,0.8358683332186893,0
0.004094624490590536,0.9321043376152136,0.8708839256634826,0
-0.0018233253356701848,0.9655136764949127,0.907487726761823,0
-0.003431088521340224,0.9997839729035383,0.9441475346320691,0
-0.005750622070205894,1.033555037597298,0.9780984096862492,0
-0.00508323626967783,1.02530483271961,1.02530483271961,0
-0.007681641229913529,1.060660171778835,1.060660171778834,0
-0.009517858101154042,1.096015510838228,1.096015510838228,0
-0.010756184477460027,1.131370849897643,1.131370849897643,0
-0.010215663765994322,1.16672618895708,1.16672618895708,0
-0.010249866164961157,1.202081528016508,1.202081528016508,0
-0.008368788671764958,1.237436867075976,1.237436867075975,0
-0.00978900820051971,1.272792206135378,1.272792206135378,0
-0.004585433806228244,1.308147545194806,1.308147545194806,0
0.001649866550641653,1.343502884254265,1.343502884254264,0
-0.19528631148076434,1.37885822331368,1.37885822331368,0
-0.1295069726050643,1.414213562373095,1.414213562373095,0
-0.010641282630302723,1.1850054935467529,-1.2930438374665663,0
-0.010033741990756071,1.180148122371798,-1.3397632023767911,0
-0.010206729055647918,1.217797090090498,-1.3705460330161903,0
-0.029858676086164652,1.2152428206017942,-1.4167905016275872,0
0.06437877951773063,1.2547487527514245,-1.4450961056802762,0
0.0457420503092569,1.2972295096967272,-1.4668515038325183,0
0.5223885025222902,1.3063456856411453,-1.5144176932427742,0
-0.010573021660274604,1.1508934126061727,-1.2612326793511754,0
-0.01021557769608613,1.1138145911334159,-1.2286978455988211,0
-0.010078975470703808,1.0742707229086559,-1.1980425907076864,0
-0.00899006463474197,1.037790829923385,-1.1638414457043702,0
-0.00844943152429583,1.002357509620218,-1.1301329393687432,0
-0.007042131724830851,0.9613702829909492,-1.1045891516312734,0
-0.006260206998736074,0.9597710319208199,-1.0665298470616065,0
-0.004715897193640979,0.9316621481000638,-1.0398384241686522,0
-0.003431088521427202,0.9441475346320689,-0.9997839729035386,0
-0.001823325335623507,0.9074877267618228,-0.965513676494913,0
0.004094624490632314,0.8708839256634824,-0.9321043376152139,0
0.008685246474445912,0.8358683332186891,-0.8964934793802927,0
0.00409178416186756,0.8004775023187738,-0.8611652052225965,0
0.05421041045489233,0.7649566439989844,-0.8260036963431228,0
0.006671950464464345,0.7295211679907525,-0.7907584115602088,0
-0.23072124893440604,0.7066264541838521,-0.7573438645274836,0
0.20678926537791176,0.6715589548890087,-0.7409511253169012,0
-0.30084133921023964,0.7071067811865476,0.7071067811865475,0
0.17766699313301917,0.7424621202458414,0.7424621202458412,0
0.02267956850792556,0.7778174593051199,0.7778174593051198,0
0.007244566621891898,0.813172798364353,0.8131727983643529,0
0.017896955033615655,0.8485281374235492,0.848528137423549,0
0.0045253324358246454,0.8838834764827453,0.8838834764827452,0
0.002733671304178592,0.9192388155419372,0.9192388155419371,0
-0.0015983501166200018,0.9545941546011268,0.9545941546011267,0
-0.00318752186485397,0.9899494936603924,0.9899494936603923,0
-0.005750622070260897,0.9780984096862495,1.0335550375972977,0
-0.008146221076764418,1.005213953144108,1.0759837726798638,0
-0.009435515823667964,1.0477192195237581,1.1089564630933058,0
-0.008349082413856016,1.0831088974383651,1.1443210032213658,0
-0.009879721740952759,1.12133901547109,1.1800151818520888,0
-0.010358281827911502,1.158595027346591,1.215193486436476,0
-0.01013818843360537,1.1941302515851955,1.2497707904730477,0
-0.01108169307251255,1.2255534180193182,1.2851171388757487,0
-0.006099051911175568,1.2599334939023492,1.3211105335975057,0
-0.02507670523695666,1.2928036637969835,1.3627062966573877,0
0.1073314266689907,1.332620681540112,1.3913002910681187,0
0.13882092429892823,1.3641045612084692,1.4137237695628768,0
-0.09773356428979064,1.3790810894677092,1.4484941659090498,0
-0.009898048345094423,1.144546753367866,-1.3075804978989882,0
-0.010233731028243884,1.1075240274466878,-1.2765426724420315,0
-0.010188119894664931,1.068303526990253,-1.2460205018494233,0
-0.010540922552431291,1.0292046391021468,-1.2150616490964652,0
-0.00828567532789664,0.9918263606010744,-1.1832732420570184,0
-0.0074657878811614795,0.9538778719754051,-1.1525894798096512,0
-0.006845171943686888,0.9148550177960535,-1.1228879746071891,0
-0.005426699573255164,0.9225103656827287,-1.0786828492309453,0
-0.0011254174625654565,0.8860181591927334,-1.0497777463708262,0
-0.0035331182432784235,0.899244868224282,-1.0079905199259933,0
0.0011674417952936128,0.8570679705444977,-0.9769417357602946,0
0.005692086957742695,0.8204930068773169,-0.9424436832921937,0
0.009173617595633232,0.786582446835631,-0.9079388928728456,0
0.0441438166083299,0.7520179854041945,-0.8742064999042065,0
-0.12006869428674344,0.716251089355198,-0.8334580074997104,0
0.3024221147470453,0.6823007305662926,-0.7932012235640868,0
0.08179960458101652,0.6343932843209599,-0.7730104532336325,0
-0.009990008899472639,1.1381324890747577,-1.3566939108633265,0
-0.008027446803500886,1.1759398820576625,-1.3873059271990271,0
0.0032115827848796367,1.1701315577130544,-1.4362801888546002,0
-0.06030112071012361,1.209706277438969,-1.4662898363627943,0
0.01254145891533595,1.2531333301774605,-1.4993387059435002,0
-0.38645662353769517,1.2687865679578578,-1.5460209070286601,0
-0.23072124892519413,0.7066264541838525,0.7573438645274831,0
0.20678926517560475,0.6715589548890092,0.7409511253169008,0
0.006671950433443461,0.729521167990753,0.7907584115602083,0
0.054210410478599924,0.7649566439989849,0.8260036963431223,0
0.004091784155323552,0.8004775023187742,0.8611652052225961,0
0.00868524647567985,0.8358683332186896,0.8964934793802922,0
0.00409462449054333,0.8708839256634828,0.9321043376152135,0
-0.0018233253356275516,0.9074877267618232,0.9655136764949126,0
-0.0034310885213325237,0.9441475346320694,0.9997839729035382,0
-0.00471589719355927,0.9316621481000642,1.0398384241686518,0
-0.006260206998731928,0.9597710319208204,1.066529847061606,0
-0.007042131724839921,0.9613702829909496,1.104589151631273,0
-0.008449431524267238,1.0023575096202184,1.1301329393687427,0
-0.008990064634741994,1.0377908299233853,1.1638414457043698,0
-0.010078975470769535,1.0742707229086563,1.198042590707686,0
-0.01021557769603282,1.1138145911334163,1.2286978455988207,0
-0.010573021660390487,1.1508934126061732,1.261232679351175,0
-0.010641282630042197,1.1850054935467533,1.2930438374665658,0
-0.009815940278243743,1.2207035694102613,1.3272377574731977,0
-0.016440066660781058,1.2545290474322521,1.3578554465306538,0
0.024799986180968653,1.2551273018808295,1.3957699035847397,0
-0.12089227217680483,1.2941161931655012,1.415962880308641,0
-0.10325824640037994,1.3321672493269332,1.4340531810288057,0
-0.040011414274015195,1.3431179095514862,1.4819022508391178,0
-0.009856734240566368,1.100200234955922,-1.3255134555286283,0
-0.009987439655969531,1.06125674394682,-1.2947006750712795,0
-0.009764885496819841,1.0224264714663096,-1.2639901261585642,0
-0.009471642060627212,0.983705312263466,-1.2333387617123892,0
-0.008987201710731427,0.9454225379161167,-1.2026530697325701,0
-0.0078031047201450685,0.9074355229280171,-1.1720005014611155,0
-0.006021024929794475,0.8689016698785648,-1.1412819189335413,0
-0.0037950691617277166,0.8761097144326548,-1.0921334451713203,0
-0.0016656907215559004,0.8365872251933937,-1.0638007667577543,0
0.00032857048243978623,0.8472118044562804,-1.0193124739850634,0
0.0026408751568078445,0.8045138581986386,-0.986320516387724,0
0.012635907394148847,0.7673687901284942,-0.9519444206344152,0
0.01167039162335282,0.7308983563867069,-0.9191631266426123,0
0.023487079576189226,0.6932460691234071,-0.8828824922109075,0
0.34647550052380205,0.675635226371685,-0.8388327235588688,0
-0.32101950243593086,0.6399643707553326,-0.819993438470742,0
-0.5414474994369198,0.5956993047980847,-0.8032075312539583,0
-0.010245229620289264,1.0929610389939879,-1.3745837236801302,0
-0.010387639538737729,1.1315088933132582,-1.4056813628646805,0
-0.022571708346380098,1.1243620297098276,-1.4543092476129624,0
0.03416145356858248,1.1629351188894084,-1.4849020148823842,0
-0.031902063871565994,1.2000688964965502,-1.5142806759269254,0
-0.27901095519749797,1.2315959561210503,-1.5388304607453605,0
-0.09644349255880681,1.2304631806793394,-1.5766928556293023,0
0.3024221146690788,0.682300730566293,0.7932012235640864,0
-0.12006869426981794,0.7162510893551984,0.83345800749971,0
0.04414381660099968,0.752017985404195,0.8742064999042061,0
0.009173617598228538,0.7865824468356315,0.9079388928728451,0
0.005692086957077466,0.8204930068773173,0.9424436832921933,0
0.0011674417954549983,0.8570679705444981,0.9769417357602942,0
-0.003533118243384096,0.8992448682242824,1.0079905199259929,0
-0.0011254174625738643,0.8860181591927339,1.0497777463708258,0
-0.0054266995732046444,0.9225103656827291,1.0786828492309448,0
-0.006845171943631376,0.9148550177960539,1.1228879746071887,0
-0.007465787881178528,0.9538778719754055,1.1525894798096508,0
-0.008285675327886322,0.9918263606010751,1.183273242057018,0
-0.010540922552511359,1.0292046391021472,1.2150616490964647,0
-0.010188119894656459,1.0683035269902534,1.2460205018494228,0
-0.010233731028199411,1.1075240274466882,1.276542672442031,0
-0.009898048344996548,1.1445467533678664,1.3075804978989878,0
-0.01003374199123592,1.1801481223717984,1.3397632023767907,0
-0.010206729054357067,1.2177970900904984,1.3705460330161898,0
-0.02985867609690082,1.2152428206017951,1.4167905016275868,0
0.06437877955649389,1.2547487527514254,1.4450961056802758,0
0.045742050340156416,1.2972295096967281,1.4668515038325178,0
0.5223885026748386,1.3063456856411462,1.5144176932427738,0
0.08179960460868516,0.6343932843209603,0.773010453233632,0
-0.01016233786689824,1.0540797085920948,-1.3438173532298423,0
-0.01025845436824144,1.0152196336265085,-1.3130555846502752,0
-0.009990129759466154,0.9772008524625782,-1.2824961388980134,0
-0.009456632406703214,0.9386685172308529,-1.2520776212845814,0
-0.008552406186181171,0.9002239384997017,-1.2212340356289775,0
-0.0071714003651361215,0.8616452898421829,-1.1903396385189162,0
-0.005520044716299658,0.8227597875343609,-1.1596041835050925,0
-0.004115354977623364,0.8299476668430561,-1.1105145298528383,0
-0.0017907624644957054,0.7908903660962945,-1.0799691056849623,0
1.8062018736708732e-05,0.7974053266449974,-1.0316942551894792,0
0.00476722388707204,0.7587033262266141,-1.0007220289983842,0
0.007478366267374455,0.7205089177843912,-0.9691573965762538,0
0.023823938546647015,0.6817563194080359,-0.938374888066186,0
-0.0020655148743255014,0.6434724295602681,-0.9102342841420924,0
-0.17404129819171033,0.6464138720581941,-0.8646284560488975,0
0.04345620194129067,0.6024251021860318,-0.8491017720403068,0
0.5869725675703459,0.5555702334510609,-0.8314696120142538,0
-0.007119503997918425,1.0857337865222743,-1.4235540481775792,0
-0.010238338464544727,1.0469187425138056,-1.3928581946686642,0
-0.004957323365485535,1.0784979815361513,-1.4723673738266583,0
-0.007819643600657204,1.1171787664099577,-1.5030160473399452,0
-0.06894840408572833,1.1549512406425744,-1.5331860065540182,0
0.212985455689665,1.1918253310997295,-1.5596798329616695,0
0.19098341385920403,1.1913986083068813,-1.6064150634641183,0
0.3464755005937614,0.6756352263716855,0.8388327235588684,0
0.02348707956994482,0.6932460691234076,0.8828824922109071,0
0.011670391625983349,0.7308983563867073,0.9191631266426119,0
0.012635907393303862,0.7673687901284947,0.9519444206344148,0
0.0026408751570760115,0.8045138581986391,0.9863205163877236,0
0.00032857048242928834,0.8472118044562809,1.019312473985063,0
-0.00166569072141368,0.8365872251933941,1.0638007667577538,0
-0.0037950691617171374,0.8761097144326553,1.0921334451713198,0
-0.006021024929848892,0.8689016698785652,1.1412819189335408,0
-0.00780310472011295,0.9074355229280178,1.172000501461115,0
-0.00898720171078416,0.9454225379161174,1.2026530697325697,0
-0.009471642060595835,0.9837053122634667,1.2333387617123888,0
-0.009764885496863456,1.02242647146631,1.2639901261585638,0
-0.009987439655943755,1.0612567439468203,1.294700675071279,0
-0.009856734240520883,1.1002002349559223,1.3255134555286279,0
-0.009990008899642886,1.1381324890747582,1.356693910863326,0
-0.008027446802034387,1.1759398820576634,1.3873059271990267,0
0.0032115827887462785,1.1701315577130553,1.4362801888545997,0
-0.06030112072377336,1.20970627743897,1.4662898363627939,0
0.012541458892018761,1.2531333301774614,1.4993387059434997,0
-0.386456623591925,1.2687865679578587,1.5460209070286597,0
-0.32101950241402627,0.6399643707553331,0.8199934384707416,0
-0.5414474993137528,0.5956993047980852,0.803207531253958,0
-0.010255982253168244,1.0080270933243909,-1.3621722235925011,0
-0.009762630377718034,1.000925043085459,-1.4111741489903111,0
-0.011799804718714968,1.039777886392829,-1.4417874534395563,0
-0.008236836850968186,1.0326154472307303,-1.4905333235896983,0
-0.021672273122518033,1.0711871529369168,-1.5208376012295801,0
0.014378771357485224,1.1093851536719457,-1.5512908151674183,0
-0.04372655805830303,1.1494865907553746,-1.5816588031632814,0
-0.11399706814673558,1.1516163820122876,-1.6351696268830733,0
-0.010088397323585336,0.970053539564081,-1.3315456465566493,0
-0.009787987082083149,0.9320499721060265,-1.3009381800132753,0
-0.00916632636434109,0.8932423498421276,-1.2702721379983353,0
-0.00814703488096112,0.8544583756322532,-1.2394093715624726,0
-0.0068218602677835895,0.8155845120746181,-1.2086577201513373,0
-0.005099639569941096,0.7766946736178226,-1.1779431754780285,0
-0.0030369093817785367,0.7838470865153413,-1.1288722858986384,0
-0.0003371481861382428,0.7449331261542009,-1.0981703627765924,0
0.0025607518854810565,0.7520700421140396,-1.0491298840667842,0
0.006636978720717795,0.7131756912586302,-1.0184274622854592,0
0.013295579533921973,0.6743661377210691,-0.9876834621372899,0
0.016665686298939518,0.6355951571603493,-0.9569884918183376,0
-0.03305469648912422,0.5967194625730222,-0.9265112606822701,0
0.1119006004699912,0.5628629356729574,-0.8854187084023335,0
0.35708220773074206,0.6092706411441624,-0.8888238183250662,0
-0.23657586338882666,0.5141027447316912,-0.8577286096775258,0
-0.1740412982541673,0.6464138720581946,0.864628456048897,0
0.04345620197751156,0.6024251021860323,0.8491017720403066,0
0.5869725675968148,0.5555702334510614,0.8314696120142536,0
0.02382393855013052,0.6817563194080364,0.9383748880661855,0
0.007478366265847559,0.7205089177843916,0.9691573965762533,0
0.004767223887370699,0.7587033262266145,1.0007220289983838,0
1.8062018646083552e-05,0.7974053266449979,1.0316942551894788,0
-0.001790762464359537,0.7908903660962949,1.0799691056849618,0
-0.004115354977757251,0.8299476668430565,1.1105145298528378,0
-0.0055200447163871735,0.8227597875343615,1.159604183505092,0
-0.0071714003651414384,0.8616452898421836,1.1903396385189158,0
-0.008552406186281954,0.9002239384997024,1.221234035628977,0
-0.009456632406644154,0.9386685172308535,1.252077621284581,0
-0.009990129759418159,0.9772008524625788,1.282496138898013,0
-0.01025845436819496,1.015219633626509,1.3130555846502747,0
-0.010162337866932823,1.0540797085920952,1.3438173532298419,0
-0.010245229620322234,1.0929610389939883,1.3745837236801297,0
-0.010387639538994927,1.131508893313259,1.40568136286468,0
-0.022571708350777073,1.1243620297098285,1.454309247612962,0
0.03416145358533988,1.1629351188894093,1.4849020148823837,0
-0.031902063872212214,1.2000688964965511,1.514280675926925,0
-0.27901095524064295,1.2315959561210512,1.53883046074536,0
-0.09644349248619272,1.2304631806793402,1.5766928556293018,0
-0.0020655148769369736,0.6434724295602685,0.910234284142092,0
-0.010340646620639389,0.9629108655293439,-1.3805933683904292,0
-0.010420494663504974,0.9557742848212261,-1.4295442800431721,0
-0.009812976898582612,0.9939633458298462,-1.4600508181673835,0
-0.011140068618454258,0.9868807959089327,-1.5089024547528163,0
-0.0055797936154984885,1.0252314101296696,-1.5386438064223484,0
0.004933639903119829,1.0625045965474986,-1.5669904136450445,0
-0.019248811621142243,1.0995403595284636,-1.6016822578634733,0
-0.182294059475453,1.1111404650968695,-1.6629392252347381,0
-0.010062276944928518,0.9247762276904172,-1.3498765079168833,0
-0.009634705644225961,0.8861488818067367,-1.3191457062150873,0
-0.008964340892879903,0.8472911698935404,-1.2884168824373492,0
-0.00794444304581583,0.808412321982271,-1.2576940597915374,0
-0.006554690168188656,0.7695423575567115,-1.2269854415297272,0
-0.004569573196418695,0.7306922949542698,-1.1963007167111275,0
-0.0028793831570676975,0.7378053097650452,-1.1472542932368914,0
0.0002721899916799423,0.6989262942126988,-1.1165241435797553,0
0.003247031248637708,0.706044029813683,-1.0674630612470484,0
0.008556342018008036,0.6672421139883846,-1.0370883386700334,0
0.0033287145012761603,0.6284573073799113,-1.0059047240256822,0
0.07585215530510213,0.5901000355418,-0.9734586599499816,0
-0.08053012360904326,0.551776930169823,-0.9361280574853373,0
-0.17339101932006062,0.513701194335582,-0.9068094239343714,0
-0.03364086277745138,0.47139673754878286,-0.8819212639620183,0
0.3570822077805356,0.6092706411441629,0.888823818325066,0
0.11190060045308962,0.5628629356729579,0.8854187084023333,0
-0.03305469647361067,0.5967194625730227,0.9265112606822699,0
0.016665686294460764,0.6355951571603498,0.9569884918183371,0
0.013295579534226862,0.6743661377210696,0.9876834621372894,0
0.0066369787209939616,0.7131756912586307,1.0184274622854588,0
0.002560751885328668,0.75207004211404,1.0491298840667838,0
-0.00033714818607501575,0.7449331261542014,1.098170362776592,0
-0.003036909381831397,0.7838470865153417,1.128872285898638,0
-0.005099639569854497,0.7766946736178233,1.177943175478028,0
-0.006821860267768783,0.8155845120746188,1.2086577201513369,0
-0.00814703488095592,0.8544583756322539,1.239409371562472,0
-0.00916632636430811,0.8932423498421282,1.2702721379983348,0
-0.00978798708202007,0.9320499721060271,1.3009381800132749,0
-0.01008839732349267,0.9700535395640817,1.3315456465566489,0
-0.010255982253231707,1.0080270933243913,1.3621722235925007,0
-0.01023833846440842,1.0469187425138065,1.3928581946686638,0
-0.007119503997595058,1.0857337865222751,1.4235540481775788,0
-0.004957323361829276,1.0784979815361522,1.4723673738266578,0
-0.00781964360568631,1.1171787664099586,1.5030160473399448,0
-0.06894840411901276,1.1549512406425753,1.5331860065540177,0
0.21298545577466943,1.1918253310997304,1.559679832961669,0
0.19098341378876127,1.1913986083068822,1.6064150634641179,0
-0.23657586365940544,0.5141027447316916,0.8577286096775256,0
-0.010141315472504001,0.917646531757804,-1.3988197810161083,0
-0.010002089436244409,0.8789474002831319,-1.3681199568820994,0
-0.009564324187995356,0.8401337787239316,-1.3374190702461701,0
-0.008812693541901468,0.8012500756252081,-1.3066951378897953,0
-0.007719554162418575,0.7623789861215859,-1.2759793620884525,0
-0.006203470992241932,0.723538411666665,-1.2453013003900404,0
-0.004297735841509474,0.684722641105483,-1.2146563958796572,0
-0.0022715020400330918,0.6918503760138921,-1.1656636937524205,0
0.0010759424909404104,0.6530157385484692,-1.1352268274397055,0
0.003125287118180453,0.6601103463079507,-1.0862786488067355,0
0.012010755527191865,0.6215807479295323,-1.0556809766282145,0
0.006195443446311581,0.5832219715065889,-1.0250348469647785,0
-0.0040067229705820955,0.5454051006855591,-0.9927589581188692,0
0.17461694058917135,0.507897146782702,-0.9587496398174938,0
0.23292896977085384,0.46783291156277884,-0.9305459785467525,0
-0.09492631544538926,0.42755509430543026,-0.9039892927095292,0
-0.010283378554035561,0.9104239655038591,-1.4476947879023523,0
-0.00965740482577344,0.9486054715424801,-1.4783664840118265,0
-0.01067897045012488,0.9413242710186289,-1.5271011452976302,0
-0.007248700586868175,0.9796895472987064,-1.5574678926984262,0
-0.02647604424867595,1.0172975153290509,-1.5851330528217211,0
0.008334488915085776,1.0523859876889456,-1.6043549483657271,0
0.024962727831648324,1.0603868659140887,-1.6429902325305352,0
-0.07379288483207413,1.0699952387551883,-1.6897071311446923,0
-0.08053012361950941,0.5517769301698234,0.9361280574853371,0
0.07585215530519535,0.5901000355418005,0.9734586599499814,0
0.003328714502594775,0.6284573073799118,1.0059047240256818,0
0.008556342017676253,0.6672421139883851,1.037088338670033,0
0.0032470312486432575,0.7060440298136834,1.067463061247048,0
0.00027218999156728563,0.6989262942126993,1.1165241435797548,0
-0.0028793831570343106,0.7378053097650457,1.147254293236891,0
-0.0045695731963966615,0.7306922949542705,1.196300716711127,0
-0.00655469016818818,0.7695423575567122,1.2269854415297268,0
-0.00794444304579181,0.8084123219822716,1.257694059791537,0
-0.008964340892841148,0.847291169893541,1.2884168824373488,0
-0.009634705644195034,0.8861488818067373,1.3191457062150869,0
-0.010062276944999799,0.9247762276904179,1.3498765079168829,0
-0.010340646620763743,0.9629108655293446,1.3805933683904288,0
-0.009762630377416261,1.00092504308546,1.4111741489903107,0
-0.011799804719976239,1.03977788639283,1.4417874534395558,0
-0.0082368368491188,1.0326154472307312,1.4905333235896978,0
-0.021672273132011862,1.0711871529369177,1.5208376012295797,0
0.014378771391443244,1.1093851536719466,1.5512908151674178,0
-0.04372655809845009,1.1494865907553755,1.581658803163281,0
-0.11399706825180889,1.1516163820122884,1.6351696268830729,0
-0.17339101939292087,0.5137011943355825,0.9068094239343711,0
-0.03364086256724831,0.4713967375487833,0.8819212639620181,0
-0.010147318374768434,0.871753643736336,-1.4170391448831965,0
-0.010213017531417325,0.8645266627553876,-1.4658786511622863,0
-0.00984867051529372,0.9030424825751207,-1.4965668492416901,0
-0.01014209769201845,0.8956190673038165,-1.5453504217494272,0
-0.0053710002404660385,0.9340245002836738,-1.5758482220911902,0
-0.011908651953996792,0.9720817765918994,-1.6049907924632043,0
0.0071970092967912225,1.0115633038189693,-1.6280614410320045,0
-0.1216245116056273,1.0212206939993147,-1.6704061400615462,0
0.24412409716147232,1.0282054871982256,-1.7154572207127345,0
-0.009952746392968235,0.8330089197864601,-1.3863816745637374,0
-0.009444402057547312,0.794128854143465,-1.3556682228015373,0
-0.008643689505014809,0.7552346740026499,-1.3249485041973301,0
-0.007495339905300185,0.7163847937734584,-1.2942565448041985,0
-0.00602168406353273,0.6776564015804258,-1.2635915672346605,0
-0.004023158628708991,0.6390321440222384,-1.2329549199999392,0
-0.0019361178511463093,0.64598181531756,-1.1839693460500365,0
0.0012022662716448375,0.6072315446350098,-1.1536334045363281,0
0.004088708744340564,0.6144161180048064,-1.1050348978716245,0
0.007859656925546719,0.5760366303895519,-1.0747444034304334,0
0.027779641431464275,0.5379745258904913,-1.0443954244305544,0
0.003941553729032102,0.4997707221212968,-1.0131041598173955,0
-0.04286600123176818,0.46154206204375026,-0.9813884521041311,0
-0.14807991819882402,0.4216012026929772,-0.9527773036306835,0
-0.10800527953465454,0.3826834333684339,-0.9238795320956881,0
-0.004006722969024871,0.5454051006855596,0.9927589581188689,0
0.1746169405789085,0.5078971467827025,0.9587496398174936,0
0.23292896992522039,0.4678329115627793,0.9305459785467523,0
-0.09492631531048287,0.4275550943054307,0.903989292709529,0
0.006195443445405437,0.5832219715065894,1.025034846964778,0
0.012010755527052832,0.6215807479295328,1.055680976628214,0
0.003125287118390067,0.6601103463079512,1.086278648806735,0
0.0010759424908480643,0.6530157385484696,1.135226827439705,0
-0.0022715020400948284,0.6918503760138928,1.16566369375242,0
-0.004297735841449554,0.6847226411054836,1.2146563958796568,0
-0.006203470992260877,0.7235384116666657,1.24530130039004,0
-0.007719554162463506,0.7623789861215866,1.275979362088452,0
-0.008812693541938522,0.8012500756252088,1.3066951378897949,0
-0.00956432418799821,0.8401337787239322,1.3374190702461697,0
-0.010002089436266924,0.8789474002831326,1.368119956882099,0
-0.010141315472526106,0.9176465317578046,1.3988197810161078,0
-0.010420494663588168,0.9557742848212267,1.4295442800431717,0
-0.009812976898671309,0.9939633458298469,1.460050818167383,0
-0.011140068618542755,0.9868807959089334,1.5089024547528158,0
-0.005579793616606671,1.0252314101296705,1.538643806422348,0
0.004933639914806839,1.0625045965474995,1.566990413645044,0
-0.019248811634378235,1.0995403595284645,1.6016822578634728,0
-0.1822940594196066,1.1111404650968704,1.6629392252347377,0
-0.010194868054683458,0.8258666057212545,-1.4352804068839142,0
-0.010185001172012471,0.8186486337617129,-1.4840822675570933,0
-0.010314401417188262,0.8571680851395618,-1.5147111735839172,0
-0.009079753549311738,0.8498033120769775,-1.5635036541434535,0
-0.012087745653216296,0.8882857332060512,-1.5939976476546103,0
-0.019060476304300782,0.9268313180137036,-1.6243953774495612,0
0.04074498458660594,0.9663101389930684,-1.6559416314185735,0
0.20737167554535282,0.9894170658473562,-1.6991428932856931,0
0.09898104010458841,0.9857963831335144,-1.7401739829686234,0
-0.009882284272131902,0.7870549657684793,-1.4045887967937642,0
-0.009354505496818367,0.7481303406665687,-1.3738845269642015,0
-0.008520457008350968,0.7092503176796279,-1.3431817133480803,0
-0.007370119902414886,0.6705983158359072,-1.3125686756354211,0
-0.005842029258646376,0.6320833254418001,-1.2819741079706182,0
-0.0038740275092877994,0.5935099122618281,-1.2514551744481714,0
-0.0015536956830333425,0.6003896438029133,-1.2025871732685864,0
0.0011968406342984586,0.5618783883164284,-1.1722197755310904,0
0.005827611943382024,0.5688032766987918,-1.1235534294985565,0
0.0064160289143572555,0.5305982052874254,-1.0931193892350892,0
0.016242929094513144,0.4922185747921496,-1.0626625393001554,0
0.027389012035116657,0.4537503266712115,-1.0319088098025384,0
0.0901150050513892,0.41498684021476806,-1.0018668547003051,0
0.10113451799552674,0.37546153235482893,-0.9716515897092135,0
0.25629742796953664,0.33688985429587004,-0.9415440648596898,0
0.0039415537362514535,0.49977072212129725,1.013104159817395,0
-0.0428660012264495,0.4615420620437507,0.9813884521041308,0
-0.14807991829192915,0.42160120269297763,0.9527773036306832,0
-0.10800527990835883,0.38268343336843436,0.9238795320956878,0
0.027779641430436302,0.5379745258904918,1.044395424430554,0
0.007859656926056025,0.5760366303895523,1.074744403430433,0
0.00408870874441118,0.6144161180048069,1.105034897871624,0
0.0012022662715766863,0.6072315446350105,1.1536334045363277,0
-0.001936117851203689,0.6459818153175607,1.183969346050036,0
-0.004023158628673785,0.6390321440222391,1.2329549199999388,0
-0.006021684063514442,0.6776564015804265,1.26359156723466,0
-0.00749533990537602,0.7163847937734591,1.294256544804198,0
-0.00864368950501332,0.7552346740026505,1.3249485041973297,0
-0.009444402057539903,0.7941288541434657,1.3556682228015369,0
-0.009952746392910923,0.8330089197864607,1.386381674563737,0
-0.010147318374671921,0.8717536437363367,1.417039144883196,0
-0.01028337855408516,0.9104239655038597,1.4476947879023518,0
-0.009657404825550022,0.9486054715424808,1.478366484011826,0
-0.010678970451197253,0.9413242710186296,1.5271011452976297,0
-0.00724870058617878,0.979689547298707,1.5574678926984258,0
-0.026476044242668705,1.0172975153290518,1.5851330528217207,0
0.008334488844774307,1.0523859876889465,1.6043549483657267,0
0.02496272791822126,1.0603868659140896,1.6429902325305348,0
-0.0737928846676394,1.0699952387551892,1.6897071311446918,0
-0.010161525601663177,0.780007101468116,-1.4534890869163752,0
-0.010254778606261353,0.7728279241216152,-1.5022731639555233,0
-0.010318248696720158,0.8113683523643549,-1.5328851976495512,0
-0.010226356688691818,0.8040236174141511,-1.5816391289494842,0
-0.010777648149410814,0.8425750126353104,-1.6121746101227346,0
0.002921717479686437,0.8811106293778748,-1.6425687100191544,0
-0.04681939876467244,0.9194998606407785,-1.6726070337701633,0
-0.14426516844506665,0.9455526259126585,-1.7137354912669882,0
-0.4167936824057188,0.9427934721717717,-1.7638425294879063,0
-0.009850095232079704,0.741187972825011,-1.4228288626328185,0
-0.00928671470695453,0.7023420324961607,-1.3921893495941933,0
-0.008443654912355552,0.663565961586253,-1.3615979945818202,0
-0.007266722323161591,0.6250597025248623,-1.3309994190427203,0
-0.0057108786764128285,0.5866113877317989,-1.3004422055586025,0
-0.0037946395811542183,0.5480006094351311,-1.2698873600378855,0
-0.0013447841484195617,0.5549153801891824,-1.2209649577838955,0
0.0017401998961517086,0.5164565675553578,-1.1906237762489842,0
0.005652546384384954,0.5236219767656423,-1.1419135844831625,0
0.00988329726642422,0.48508230693625143,-1.1114046269006423,0
0.015796507706166234,0.4465283043579723,-1.0808417087652384,0
0.01261483289474607,0.4080179759357593,-1.0504493620355855,0
0.003750813416318917,0.3680458222700118,-1.019673849172359,0
0.08782689826072641,0.32842352977005884,-0.9886217685443472,0
-0.3354865562136241,0.29028467803568636,-0.9569403354952273,0
0.02738901202859305,0.45375032667121196,1.031908809802538,0
0.09011500505307998,0.4149868402147685,1.0018668547003047,0
0.10113451792344683,0.3754615323548294,0.9716515897092133,0
0.2562974282480347,0.3368898542958705,0.9415440648596896,0
0.01624292909434878,0.49221857479215014,1.062662539300155,0
0.006416028914483945,0.5305982052874259,1.0931193892350888,0
0.005827611943234769,0.5688032766987923,1.123553429498556,0
0.001196840634429683,0.5618783883164291,1.17221977553109,0
-0.0015536956830881658,0.6003896438029139,1.202587173268586,0
-0.003874027509387189,0.5935099122618288,1.251455174448171,0
-0.005842029258627381,0.6320833254418008,1.2819741079706177,0
-0.007370119902447076,0.6705983158359079,1.3125686756354207,0
-0.008520457008338513,0.7092503176796285,1.34318171334808,0
-0.009354505496760984,0.7481303406665694,1.373884526964201,0
-0.009882284272120808,0.78705496576848,1.4045887967937638,0
-0.01019486805474309,0.8258666057212551,1.4352804068839138,0
-0.01021301753150095,0.8645266627553883,1.4658786511622859,0
-0.009848670515094061,0.9030424825751213,1.4965668492416897,0
-0.010142097692427042,0.8956190673038171,1.5453504217494267,0
-0.005371000236486486,0.9340245002836745,1.5758482220911898,0
-0.01190865196778516,0.9720817765919001,1.6049907924632039,0
0.007197009342809615,1.0115633038189702,1.628061441032004,0
-0.12162451171639398,1.0212206939993156,1.6704061400615458,0
0.24412409707423083,1.0282054871982265,1.715457220712734,0
-0.010123594217629945,0.7341582533156197,-1.4716750845600464,0
-0.009789860513422063,0.6954271158278531,-1.4411258387087722,0
-0.009246289584016252,0.6567185461126068,-1.4105440308590103,0
-0.008397773830206259,0.6180801027467773,-1.3800047173256664,0
-0.007201591569193044,0.5794975307215875,-1.3493514221344465,0
-0.005678887565081826,0.5409604740435405,-1.3187041651600204,0
-0.00367604054267345,0.5023621380309764,-1.2880914710239875,0
-0.0012859436343019498,0.509474858367527,-1.2393250274103274,0
0.001661150960211642,0.47089853238074786,-1.2087065395314425,0
0.005397417001815183,0.4779611612252256,-1.1601088432316402,0
0.009505294524092885,0.43935936165323064,-1.1295773861480765,0
0.017479755446751278,0.400742443500152,-1.0990421277971385,0
0.0216655192969468,0.36222177997824445,-1.068640649642659,0
0.08433063412352593,0.3191632753664113,-1.036812870402047,0
-0.10636906553505417,0.2789406504611345,-1.004197890929559,0
-0.4186953214460696,0.2429801805664794,-0.9700312530284173,0
-0.01002732163775089,0.765542950329031,-1.5510105000115373,0
-0.010147014405345245,0.7583295788868947,-1.5997660774763323,0
-0.008292935870335364,0.7968609085091001,-1.6303125295994743,0
-0.014490228642890294,0.8354356381176817,-1.6608108080159205,0
0.005795106053405645,0.8740028702202587,-1.6913182881099482,0
-0.005051823730569209,0.8999310898600792,-1.7307615682818231,0
0.13660575542167225,0.8992226575541566,-1.7864486032744522,0
-0.01025312087961559,0.727017151589721,-1.5204563177716985,0
0.015796507706962594,0.44652830435797286,1.080841708765238,0
0.009883297266157203,0.485082306936252,1.111404626900642,0
0.005652546384318403,0.5236219767656427,1.141913584483162,0
0.0017401998961931499,0.5164565675553585,1.1906237762489837,0
-0.0013447841484099583,0.5549153801891831,1.220964957783895,0
-0.003794639581145127,0.5480006094351317,1.269887360037885,0
-0.0057108786764296935,0.5866113877317995,1.300442205558602,0
-0.007266722323157894,0.625059702524863,1.33099941904272,0
-0.008443654912271942,0.6635659615862537,1.3615979945818197,0
-0.009286714706989975,0.7023420324961613,1.3921893495941928,0
-0.009850095232130195,0.7411879728250117,1.422828862632818,0
-0.010161525601707687,0.7800071014681167,1.4534890869163748,0
-0.010185001172018053,0.8186486337617136,1.4840822675570928,0
-0.010314401417275795,0.8571680851395624,1.5147111735839167,0
-0.009079753548686112,0.8498033120769781,1.563503654143453,0
-0.012087745655843205,0.8882857332060519,1.5939976476546098,0
-0.019060476303536147,0.9268313180137044,1.6243953774495608,0
0.040744984606190755,0.9663101389930693,1.655941631418573,0
0.20737167558743186,0.9894170658473571,1.6991428932856927,0
0.09898104013842005,0.9857963831335153,1.740173982968623,0
0.012614832895452703,0.40801797593575984,1.050449362035585,0
0.003750813406275864,0.36804582227001226,1.019673849172359,0
0.08782689844492762,0.3284235297700593,0.988621768544347,0
-0.33548655611761935,0.2902846780356868,0.9569403354952271,0
-0.010125134411674628,0.6883693530345407,-1.4898868487216945,0
-0.01019863701579042,0.681250041934633,-1.5386390392957165,0
-0.010335308282775266,0.7197947969313134,-1.5692109021911715,0
-0.009278926576817583,0.7125933238871918,-1.6179564319250024,0
-0.0106252724802224,0.7511618762505798,-1.6484669721813272,0
-0.004966010895817104,0.7897304639994498,-1.6789596856065523,0
-0.031196562709808428,0.8277856665208856,-1.7081406940588755,0
0.1667643071996565,0.859190717032067,-1.7248551399105954,0
0.010304796346271211,0.8579788665175594,-1.7635396326281563,0
0.023657308769344753,0.855110184991539,-1.8079785871308691,0
-0.009790157755651643,0.6497186334191409,-1.4593570135546825,0
-0.009187356876839912,0.6111480800637323,-1.4287414852392364,0
-0.008333253125346173,0.5724530245671198,-1.3981753524001075,0
-0.007212675567923814,0.533823812560934,-1.3675109742324745,0
-0.005589828213330415,0.4951911373704596,-1.3369108528425813,0
-0.0039008470060449404,0.4566925259191854,-1.3062533764974125,0
-0.001353140148288663,0.46383276279570473,-1.2573541431005455,0
0.001372877412601585,0.42527942044841616,-1.2266405731933705,0
0.0057080426190535055,0.4323187102210181,-1.1781463760709106,0
0.007728707292472907,0.39359265178888514,-1.1477751322528325,0
0.023206760654377087,0.35495753549541875,-1.117213305089129,0
-0.01160619662591082,0.31370862659348153,-1.085639809860739,0
0.058502537480961264,0.2690254522775376,-1.051901303151065,0
0.018292181268608425,0.22658593868666216,-1.018488388592635,0
0.4485450351229068,0.19509032252401665,-0.9807852803022054,0
0.009505294524210488,0.4393593616532312,1.129577386148076,0
0.0053974170016511365,0.47796116122522614,1.1601088432316398,0
0.0016611509600912729,0.4708985323807484,1.208706539531442,0
-0.0012859436342032063,0.5094748583675277,1.239325027410327,0
-0.0036760405426093093,0.5023621380309771,1.288091471023987,0
-0.005678887565012556,0.5409604740435412,1.31870416516002,0
-0.00720159156919766,0.5794975307215882,1.349351422134446,0
-0.008397773830148352,0.6180801027467779,1.380004717325666,0
-0.009246289584085236,0.6567185461126075,1.4105440308590098,0
-0.00978986051347384,0.6954271158278538,1.4411258387087718,0
-0.010123594217562785,0.7341582533156203,1.471675084560046,0
-0.01025477860620392,0.7728279241216158,1.502273163955523,0
-0.01031824869669425,0.8113683523643556,1.5328851976495508,0
-0.010226356689193895,0.8040236174141517,1.5816391289494838,0
-0.010777648148682078,0.8425750126353111,1.612174610122734,0
0.0029217174878064965,0.8811106293778757,1.642568710019154,0
-0.046819398815564094,0.9194998606407794,1.6726070337701628,0
-0.14426516841952286,0.9455526259126594,1.7137354912669878,0
-0.41679368262668887,0.9427934721717726,1.7638425294879059,0
0.017479755445289073,0.40074244350015253,1.099042127797138,0
0.02166551930244167,0.362221779978245,1.068640649642659,0
0.08433063413462485,0.31916327536641176,1.036812870402047,0
-0.10636906566957526,0.2789406504611349,1.004197890929559,0
-0.41869532184101144,0.24298018056647985,0.9700312530284171,0
-0.01010193976747876,0.6426195207666947,-1.5080911209063432,0
-0.010269976170832291,0.6354759842480155,-1.5568159013798895,0
-0.010233175241116861,0.6740613245801403,-1.5873789228274564,0
-0.010473500998234775,0.6669036514610693,-1.6360853882548132,0
-0.011351368480760233,0.7054617558284966,-1.6666170100788422,0
-0.010343607769403339,0.744031211551494,-1.6971085224516553,0
0.007165734327840092,0.7825891545040642,-1.7275986306707742,0
-0.16627485469512265,0.8181177421772887,-1.7449471571492552,0
-0.041656823427730055,0.8130398910836041,-1.7848688434964375,0
0.10325469299284885,0.810482626032343,-1.8284195122836873,0
-0.009758300925384884,0.6039782597480687,-1.4775185379453741,0
-0.009170992000049715,0.5653297100242296,-1.4469192155108102,0
-0.008332144439388988,0.5266645463085127,-1.4163189620861565,0
-0.0071960336206466175,0.4879862440859424,-1.3857110115418312,0
-0.005812127205804302,0.4493858238898887,-1.3549555759422471,0
-0.003953325450200362,0.41073490836770277,-1.3235299389249995,0
-0.0012764852778970382,0.4180151612393421,-1.2750544577923815,0
0.0010757185442496768,0.3794126042367717,-1.2445794559813168,0
0.006145260322410477,0.38663674633292555,-1.1962167773943122,0
0.00662530609661028,0.3478461690680469,-1.165918470710803,0
0.02035517199270066,0.3084369658318983,-1.134335909489621,0
0.010398768651195949,0.26891265440161594,-1.102146110577886,0
0.05503318254353678,0.22010089776117153,-1.0625488624810968,0
0.2075618840018841,0.1787543290553119,-1.034882314224999,0
0.13715966322263956,0.14673047483692764,-0.989176509908181,0
0.00772870729264749,0.3935926517888857,1.147775132252832,0
0.023206760654897435,0.3549575354954193,1.117213305089129,0
-0.011606196629483184,0.3137086265934821,1.085639809860739,0
0.05850253746977548,0.26902545227753816,1.051901303151065,0
0.018292181249224028,0.22658593868666266,1.018488388592635,0
0.4485450353485331,0.19509032252401715,0.9807852803022051,0
0.005708042619044963,0.43231871022101864,1.17814637607091,0
0.0013728774126836006,0.4252794204484167,1.22664057319337,0
-0.0013531401482632483,0.4638327627957053,1.257354143100545,0
-0.003900847006062476,0.4566925259191861,1.306253376497412,0
-0.00558982821331727,0.4951911373704603,1.3369108528425808,0
-0.00721267556786657,0.5338238125609347,1.367510974232474,0
-0.008333253125381053,0.5724530245671204,1.398175352400107,0
-0.00918735687687898,0.611148080063733,1.428741485239236,0
-0.009790157755684812,0.6497186334191416,1.459357013554682,0
-0.010125134411608394,0.6883693530345414,1.489886848721694,0
-0.010253120879612485,0.7270171515897217,1.520456317771698,0
-0.010027321637703306,0.7655429503290316,1.5510105000115368,0
-0.010147014405345593,0.7583295788868953,1.5997660774763318,0
-0.008292935868922368,0.796860908509101,1.6303125295994738,0
-0.014490228653478616,0.8354356381176826,1.66081080801592,0
0.005795106095252456,0.8740028702202596,1.6913182881099478,0
-0.005051823790252003,0.8999310898600801,1.7307615682818227,0
0.13660575566791583,0.8992226575541575,1.7864486032744518,0
-0.010098743683182901,0.5968441469997989,-1.5262651688857545,0
-0.00975766892550308,0.5581773160330761,-1.4957010917114455,0
-0.00920994697155445,0.5194966514366268,-1.4651228610774734,0
-0.00839663316954537,0.48081418966765455,-1.4345188498682673,0
-0.007304651516153346,0.4421504930767419,-1.4038711475725774,0
-0.005932963444826327,0.4034586194946552,-1.3729279703358452,0
-0.004213841315785489,0.36474329295742614,-1.3420197378988,0
-0.0015282888141063117,0.3720098234345859,-1.29298200387834,0
0.0010595051551817853,0.33336682103573245,-1.26246205337039,0
0.005610061023737019,0.34085187677137074,-1.2140717345419088,0
0.0069164295142053805,0.301918774655188,-1.183185460292307,0
0.015698848980518768,0.26269009724272985,-1.151639946060103,0
0.03270555451697097,0.22191810231964693,-1.119217208372746,0
-0.09481913715282837,0.18511491941593178,-1.090105394089912,0
0.18983674101897938,0.1484540183781486,-1.069478001292287,0
-0.3521731207420599,0.12501317957324537,-1.035561018515463,0
-0.42815053129530667,0.09801714056964247,-0.9951847266485508,0
-0.010178223312014437,0.5897173596129548,-1.5749957551347262,0
-0.010120243330834758,0.628347296982916,-1.6055394276913764,0
-0.009322727812363193,0.6212006986037419,-1.6542411100321843,0
-0.0075887671902958335,0.6597575088839309,-1.6847794269740195,0
-0.0023593793138592,0.6983203083882774,-1.7152798826443685,0
-0.027451874747028294,0.7369145005194948,-1.7457336883349854,0
0.12104290670264027,0.7730950325325989,-1.7642356600390245,0
0.09984123994269954,0.7692677476283012,-1.8031962761698503,0
-0.28434875422843225,0.7653668625933476,-1.8477590659076784,0
0.006625306096329685,0.34784616906804744,1.165918470710803,0
0.006145260322475903,0.3866367463329261,1.1962167773943118,0
0.001075718544371629,0.37941260423677226,1.2445794559813168,0
-0.001276485277981955,0.4180151612393428,1.275054457792381,0
-0.003953325450313665,0.41073490836770343,1.323529938924999,0
-0.005812127205816014,0.44938582388988935,1.3549555759422467,0
-0.007196033620593992,0.48798624408594304,1.3857110115418307,0
-0.008332144439492525,0.5266645463085133,1.416318962086156,0
-0.009170992000018698,0.5653297100242303,1.4469192155108097,0
-0.009758300925421515,0.6039782597480694,1.4775185379453737,0
-0.010101939767504852,0.6426195207666954,1.5080911209063428,0
-0.01019863701578498,0.6812500419346337,1.538639039295716,0
-0.010335308282901239,0.7197947969313141,1.569210902191171,0
-0.0092789265764607,0.7125933238871927,1.617956431925002,0
-0.010625272481744597,0.7511618762505807,1.6484669721813268,0
-0.004966010889834673,0.7897304639994507,1.6789596856065518,0
-0.031196562724426665,0.8277856665208865,1.708140694058875,0
0.1667643072110409,0.8591907170320678,1.724855139910595,0
0.01030479648413346,0.8579788665175603,1.7635396326281558,0
0.02365730879218133,0.8551101849915399,1.8079785871308687,0
0.02035517199431611,0.30843696583189883,1.134335909489621,0
0.010398768640400355,0.2689126544016165,1.102146110577886,0
0.05503318259987564,0.22010089776117203,1.0625488624810968,0
0.2075618841076925,0.1787543290553124,1.034882314224999,0
0.13715966328792367,0.14673047483692814,0.989176509908181,0
-0.010135383123784663,0.5510415653227025,-1.5444866858613002,0
-0.009774282132997887,0.5123478992267796,-1.5139186190521614,0
-0.009243921064944684,0.4736439390260099,-1.4833375594071263,0
-0.008475292196412102,0.4349346948827666,-1.4527104669804694,0
-0.007396194845659817,0.39624209352542916,-1.4220054950693595,0
-0.006043878623669563,0.35749510515074423,-1.391185926607087,0
-0.004505241061792117,0.3186905432063465,-1.360195870698122,0
-0.001828800364924862,0.32593760893702206,-1.3111714858139032,0
8.130323779744838e-05,0.2870510277159104,-1.280334932435385,0
0.004443520105378969,0.29458434498483543,-1.231677909434284,0
0.009346257280260143,0.2556921439484664,-1.20081514108489,0
0.004111413130598122,0.216693596757756,-1.169802319917377,0
0.043508214142629766,0.17799644833867678,-1.139060617110101,0
0.022573157711611024,0.13892061692745494,-1.110125723683732,0
-0.05584031076536056,0.1066590993021205,-1.080429989578334,0
0.39432805564056117,0.07526093772212955,-1.045564283086771,0
0.39939225124655825,0.04906767443121758,-0.9987954562000729,0
-0.010666082401192446,0.5826153788396264,-1.6237125703491815,0
-0.008623715689313685,0.5754924991335431,-1.6724067251201484,0
-0.015548157165703297,0.6139661343585026,-1.7030452731148473,0
-0.013811160350649058,0.6525261225288062,-1.7335608421173565,0
-0.025990307909063516,0.6903421262742435,-1.7617494259109452,0
-0.06973553217335107,0.7289465041660175,-1.7850367805236536,0
-0.3074496296085034,0.7248027001288613,-1.8263860521078552,0
0.19965261819960517,0.7197900710654326,-1.8659855984427152,0
-0.010144402004835558,0.5439459904452801,-1.5932758212545934,0
0.005610061023865843,0.3408518767713713,1.2140717345419088,0
0.0010595051551065288,0.333366821035733,1.26246205337039,0
-0.001528288814114991,0.37200982343458655,1.29298200387834,0
-0.0042138413157991475,0.3647432929574268,1.3420197378988,0
-0.005932963444930507,0.4034586194946559,1.3729279703358448,0
-0.007304651516136022,0.4421504930767426,1.403871147572577,0
-0.008396633169568807,0.4808141896676552,1.4345188498682668,0
-0.00920994697157438,0.5194966514366275,1.465122861077473,0
-0.009757668925449313,0.5581773160330767,1.495701091711445,0
-0.01009874368325765,0.5968441469997996,1.526265168885754,0
-0.010269976170835837,0.6354759842480162,1.556815901379889,0
-0.010233175241075653,0.674061324580141,1.587378922827456,0
-0.010473500998477044,0.6669036514610702,1.6360853882548128,0
-0.011351368480684024,0.7054617558284975,1.6666170100788418,0
-0.01034360777114853,0.7440312115514949,1.6971085224516549,0
0.007165734330772514,0.7825891545040651,1.7275986306707738,0
-0.16627485470148357,0.8181177421772896,1.7449471571492547,0
-0.041656823573409725,0.813039891083605,1.784868843496437,0
0.10325469282681368,0.8104826260323439,1.8284195122836868,0
0.006916429513236526,0.30191877465518857,1.183185460292307,0
0.015698848983461418,0.2626900972427304,1.151639946060103,0
0.03270555451683298,0.22191810231964748,1.119217208372746,0
-0.09481913721718134,0.18511491941593228,1.090105394089912,0
0.1898367410072166,0.1484540183781491,1.069478001292287,0
-0.35217312085773106,0.12501317957324587,1.035561018515463,0
-0.42815053156554267,0.09801714056964295,0.9951847266485508,0
-0.010133527062676204,0.5052166796183264,-1.5627636591291225,0
-0.010238100119904244,0.49808885295392813,-1.6116046261293144,0
-0.010223355329543073,0.5367731292190656,-1.6420506417088345,0
-0.01103123948868351,0.5296152599147996,-1.6908200676636043,0
-0.009351212403919916,0.5683501184756237,-1.7210843748206894,0
0.01744925656634281,0.6062648719815882,-1.7517347302678317,0
-0.018433127675557364,0.6441707834095807,-1.7795069687504594,0
0.15005880717549683,0.6824658404162984,-1.8109650460711095,0
0.5127051158722689,0.687296474746274,-1.8490105069204632,0
-0.025811584121689005,0.67377970487645,-1.8830881310487313,0
-0.009806544840686384,0.4664979617709978,-1.5321785964296253,0
-0.00930884495536637,0.4277704117103879,-1.5015945278696452,0
-0.008591033823320037,0.3890181613194674,-1.4709227542214824,0
-0.007591937279407691,0.35024547450578813,-1.4401660948385748,0
-0.00642586455113693,0.3114415387090035,-1.40934639815831,0
-0.004659140937445349,0.2725948296956924,-1.3784788153751388,0
-0.002657051397998798,0.2798303326768232,-1.329394721754459,0
0.0007797391843632638,0.24097049728194936,-1.2985876924889,0
0.00328862182674903,0.24822595344380943,-1.249549437856368,0
0.009492904211269486,0.209475803264563,-1.218831323605658,0
0.012619577327028966,0.17171886473413867,-1.1881852256906802,0
-0.004907244273409274,0.12557428605446008,-1.161007384923481,0
0.09344991951700116,0.09303786996718177,-1.125473753467015,0
-0.10731750040523365,0.07124812390196147,-1.092899391922077,0
0.2579764029069182,0.037941139861740344,-1.076057135607035,0
0.043420721271147385,0.03720598610672238,-1.036541042540306,0
-1.4066985822819504,-2.591808530679738e-16,-1.0,0
0.004443520105494594,0.294584344984836,1.231677909434284,0
8.130323764251644e-05,0.28705102771591107,1.280334932435385,0
-0.0018288003648302801,0.3259376089370227,1.3111714858139032,0
-0.0045052410617041055,0.31869054320634715,1.360195870698122,0
-0.00604387862372139,0.3574951051507449,1.391185926607087,0
-0.007396194845767926,0.39624209352542983,1.422005495069359,0
-0.008475292196387351,0.43493469488276726,1.452710466980469,0
-0.009243921064978048,0.47364393902601054,1.4833375594071259,0
-0.00977428213292281,0.5123478992267803,1.513918619052161,0
-0.010135383123840444,0.5510415653227032,1.5444866858612998,0
-0.010178223312044921,0.5897173596129555,1.5749957551347258,0
-0.010120243330772417,0.6283472969829167,1.605539427691376,0
-0.009322727812143012,0.6212006986037428,1.6542411100321839,0
-0.007588767189723938,0.6597575088839318,1.684779426974019,0
-0.0023593793114173897,0.6983203083882783,1.715279882644368,0
-0.0274518747498698,0.7369145005194957,1.745733688334985,0
0.12104290669828888,0.7730950325325998,1.764235660039024,0
0.09984124002048966,0.7692677476283021,1.80319627616985,0
-0.2843487540464465,0.7653668625933485,1.847759065907678,0
0.009346257280340223,0.25569214394846695,1.20081514108489,0
0.004111413127972467,0.21669359675775657,1.169802319917377,0
0.043508214153471614,0.17799644833867734,1.139060617110101,0
0.02257315772961755,0.1389206169274555,1.110125723683732,0
-0.055840310746986296,0.10665909930212103,1.080429989578334,0
0.39432805563253026,0.07526093772213005,1.045564283086771,0
0.39939225146306095,0.04906767443121807,0.9987954562000729,0
-0.01015438387651831,0.45935407468174494,-1.5811556519968584,0
-0.009860241790956313,0.42060639106817377,-1.5505070239229584,0
-0.009397237261786854,0.3818470441582392,-1.5198567231207967,0
-0.00874412179731712,0.3430488879727096,-1.4891472385085869,0
-0.0078057539717483184,0.30422706035737446,-1.458388756466627,0
-0.006625991524196507,0.26536193778133055,-1.427575947573089,0
-0.005492168126459387,0.22646276044789015,-1.3967556434549313,0
-0.0028832016984315484,0.23370783370633963,-1.347657995702593,0
-0.001711789267576117,0.1919306221687876,-1.315452553377113,0
0.002523443258923147,0.19967445931444044,-1.2668207874490909,0
0.005644006514491928,0.1633903230922767,-1.237022592969058,0
0.01045085835075667,0.1293325988712707,-1.210010914357945,0
0.005920511639286519,0.08809221923470831,-1.197018626328959,0
0.037583195797625174,0.07832031644348014,-1.159499000354933,0
-0.10067704266288954,0.044522010222624156,-1.125704394314883,0
0.24175874876287579,-3.073033988672743e-16,-1.1,0
-0.4857206218186902,-2.8324212596762404e-16,-1.05,0
0.04342072139325098,-0.037205986106723,-1.036541042540306,0
0.39939225166318776,-0.04906767443121819,-0.9987954562000729,0
-0.010242051404422938,0.490831103193457,-1.6605567674059465,0
-0.008098800809151966,0.48359113902482165,-1.7095098021735295,0
-0.007451232124189685,0.52244788904348,-1.7396325597795013,0
-0.03851769848588623,0.560842322224085,-1.7706329664454001,0
-0.038276366828030754,0.597464607821055,-1.7989015125862062,0
-0.06075202038313994,0.6330250176403862,-1.8167133472220511,0
-0.27579241356163753,0.648776411490257,-1.8523616892636552,0
-0.7170901387775501,0.6273634790264127,-1.8990563617712555,0
-0.010075826433228043,0.45217759817854863,-1.6300816207427935,0
0.003288621826577626,0.24822595344381004,1.249549437856368,0
0.0007797391844223657,0.24097049728194997,1.2985876924889,0
-0.00265705139797296,0.2798303326768239,1.329394721754459,0
-0.004659140937400902,0.27259482969569304,1.3784788153751388,0
-0.006425864551097909,0.31144153870900415,1.40934639815831,0
-0.007591937279403791,0.3502454745057888,1.4401660948385748,0
-0.008591033823329087,0.3890181613194681,1.470922754221482,0
-0.009308844955317152,0.42777041171038865,1.5015945278696448,0
-0.009806544840689031,0.46649796177099856,1.5321785964296248,0
-0.010133527062668521,0.5052166796183271,1.562763659129122,0
-0.010144402004909358,0.5439459904452808,1.593275821254593,0
-0.010666082401225754,0.5826153788396273,1.623712570349181,0
-0.008623715689475293,0.5754924991335439,1.672406725120148,0
-0.015548157166774134,0.6139661343585034,1.7030452731148469,0
-0.013811160353573626,0.652526122528807,1.733560842117356,0
-0.025990307913733218,0.6903421262742444,1.7617494259109447,0
-0.06973553214599361,0.7289465041660184,1.785036780523653,0
-0.30744962966601697,0.7248027001288622,1.8263860521078548,0
0.19965261820089988,0.7197900710654335,1.8659855984427147,0
0.00949290421201603,0.2094758032645636,1.218831323605658,0
0.012619577325771545,0.17171886473413922,1.1881852256906802,0
-0.004907244277419929,0.12557428605446064,1.161007384923481,0
0.09344991950070881,0.09303786996718233,1.125473753467015,0
-0.1073175003737694,0.071248123901962,1.092899391922077,0
0.257976402853997,0.03794113986174086,1.076057135607035,0
0.043420721390244964,0.03720598610672288,1.036541042540306,0
-1.406698582013027,2.220446049250313e-16,1.0,0
-0.010221463148678672,0.4134744164963754,-1.5994759586643534,0
-0.009916972202539422,0.3746944375912985,-1.5687806854564728,0
-0.009492460370782017,0.3358702774328145,-1.5380954424125448,0
-0.008855605320247307,0.297022355214983,-1.507402150851457,0
-0.0081421163224552,0.2581411923806982,-1.476666100659508,0
-0.0069792182197455895,0.21922941831972004,-1.445862726266407,0
-0.005504641784704877,0.18030853711686246,-1.415042858290683,0
-0.003053577660201768,0.1875538461863817,-1.365924926147193,0
-0.0025487650202255735,0.14311361576714043,-1.331276302514291,0
0.0019171524382680764,0.15423797838408088,-1.282167594887338,0
0.008075345893490382,0.12743158589018028,-1.252124005671904,0
0.00539693793843559,0.09005898609443924,-1.245307382624987,0
0.007633115114974829,0.045045183565117636,-1.2242538135382919,0
0.03770774241526168,0.042688991665124174,-1.176337163535087,0
0.02159796759198,-3.3136467176692455e-16,-1.15,0
-0.10067704266365156,-0.044522010222624836,-1.125704394314883,0
0.25797640287772794,-0.03794113986174098,-1.076057135607035,0
0.39432805567865215,-0.07526093772213018,-1.045564283086771,0
-0.4281505315242153,-0.09801714056964306,-0.9951847266485508,0
-0.010886249177303225,0.44494607475332015,-1.6790173877211065,0
-0.01016772163061345,0.4062712388417774,-1.6483979268447455,0
-0.019267590961715618,0.476455516644279,-1.7584105664013523,0
0.014750558438601161,0.5150815458796794,-1.7891616994758612,0
0.05693578663054994,0.5533480134903659,-1.8203703530745625,0
-0.008849027596127641,0.5977645053610161,-1.853875372723089,0
0.41096684770108105,0.5805693529125169,-1.9138806719486832,0
-0.008610571978892293,0.43774403432057196,-1.7280059641580743,0
0.0025234432587693837,0.19967445931444106,1.2668207874490909,0
-0.0017117892675649075,0.1919306221687882,1.315452553377113,0
-0.00288320169847978,0.2337078337063403,1.347657995702593,0
-0.005492168126419723,0.22646276044789082,1.3967556434549313,0
-0.006625991524285594,0.2653619377813312,1.427575947573089,0
-0.007805753971721787,0.3042270603573751,1.458388756466627,0
-0.008744121797268406,0.34304888797271027,1.4891472385085869,0
-0.009397237261746115,0.38184704415824,1.5198567231207967,0
-0.009860241790871239,0.42060639106817455,1.550507023922958,0
-0.010154383876485314,0.4593540746817457,1.581155651996858,0
-0.010238100119876206,0.4980888529539289,1.611604626129314,0
-0.010223355329330807,0.5367731292190665,1.642050641708834,0
-0.011031239489480456,0.5296152599148005,1.6908200676636038,0
-0.009351212401361097,0.5683501184756246,1.721084374820689,0
0.0174492565703205,0.6062648719815891,1.7517347302678312,0
-0.018433127668409724,0.6441707834095816,1.779506968750459,0
0.150058807177179,0.6824658404162993,1.810965046071109,0
0.5127051158838674,0.6872964747462749,1.8490105069204628,0
-0.025811584169748263,0.6737797048764509,1.8830881310487309,0
0.005644006514468245,0.1633903230922773,1.237022592969058,0
0.010450858351568714,0.12933259887127124,1.210010914357945,0
0.005920511641333821,0.08809221923470889,1.197018626328959,0
0.0375831957994385,0.0783203164434807,1.159499000354933,0
-0.10067704264622324,0.0445220102226247,1.125704394314883,0
0.24175874872862332,2.220446049250313e-16,1.1,0
-0.4857206217725587,2.220446049250313e-16,1.05,0
0.04342072138866523,-0.0372059861067225,1.036541042540306,0
0.3993922511095608,-0.049067674431217706,0.9987954562000729,0
-0.010180231217194689,0.36752371487957747,-1.6177352077748557,0
-0.010324699289124438,0.3603517851551631,-1.6666859882254128,0
-0.009835246006907156,0.39909238726389973,-1.6973627068952504,0
-0.012057455482938876,0.3918712067607595,-1.7462913159846025,0
-0.0047271877113257334,0.43058236603674627,-1.7769062943872242,0
0.0024095023780569816,0.46926374110706415,-1.8074088000968143,0
-0.10784979899119257,0.5074931588058971,-1.8397788577111465,0
0.12275231784912287,0.5444373455470704,-1.8772248490305645,0
0.1009983834493249,0.533425513494042,-1.9275521319937412,0
-0.00999699103237336,0.32871573818604294,-1.587062106724503,0
-0.00963325320790073,0.28987602880205043,-1.5563880002167207,0
-0.009092157085237515,0.25097423121321005,-1.525720328618073,0
-0.008013542795280638,0.21201022851363666,-1.4949997026729989,0
-0.007353825246883068,0.1730463037756324,-1.464162576520311,0
-0.007352221435806009,0.1339685037429097,-1.432372386813668,0
-0.0032336257186794497,0.13912838018174645,-1.383272033175373,0
-0.004387506900570885,0.09647632513066864,-1.352409844500705,0
0.001642182091849437,0.09963648513448559,-1.294507111164958,0
0.004531873312026324,0.045307778724191616,-1.275068861232616,0
0.004034754622028692,-3.7948721756622506e-16,-1.25,0
0.007219636489575545,-3.554259446665748e-16,-1.2,0
0.03770774241349083,-0.04268899166512489,-1.176337163535087,0
0.037583195795208434,-0.07832031644348084,-1.159499000354933,0
0.09344991952942856,-0.09303786996718248,-1.125473753467015,0
-0.055840310799872415,-0.10665909930212117,-1.080429989578334,0
-0.10731750039274357,-0.07124812390196214,-1.092899391922077,0
-0.35217312082685975,-0.125013179573246,-1.035561018515463,0
0.13715966312699748,-0.14673047483692828,-0.989176509908181,0
0.001917152438341509,0.1542379783840815,1.282167594887338,0
-0.002548765020265613,0.1431136157671411,1.331276302514291,0
-0.0030535776602512985,0.18755384618638238,1.365924926147193,0
-0.005504641784769549,0.18030853711686312,1.415042858290683,0
-0.006979218219663628,0.21922941831972076,1.445862726266407,0
-0.008142116322521115,0.2581411923806989,1.476666100659508,0
-0.008855605320134963,0.29702235521498377,1.507402150851457,0
-0.009492460370932454,0.3358702774328153,1.5380954424125448,0
-0.009916972202541457,0.3746944375912993,1.5687806854564728,0
-0.01022146314876945,0.4134744164963762,1.599475958664353,0
-0.010075826433123223,0.4521775981785494,1.630081620742793,0
-0.010242051404530121,0.4908311031934578,1.660556767405946,0
-0.008098800808048534,0.4835911390248224,1.709509802173529,0
-0.007451232124110199,0.5224478890434809,1.7396325597795008,0
-0.0385176985016777,0.5608423222240859,1.7706329664453997,0
-0.03827636682014181,0.5974646078210559,1.7989015125862058,0
-0.06075202042860674,0.6330250176403871,1.8167133472220507,0
-0.2757924134952577,0.6487764114902579,1.8523616892636547,0
-0.717090138984978,0.6273634790264135,1.899056361771255,0
0.008075345893649982,0.1274315858901809,1.252124005671904,0
0.005396937937723168,0.09005898609443985,1.245307382624987,0
0.007633115116014244,0.04504518356511822,1.2242538135382919,0
0.03770774240811129,0.04268899166512474,1.176337163535087,0
0.02159796759747123,2.220446049250313e-16,1.15,0
-0.10067704266175471,-0.044522010222624295,1.125704394314883,0
0.257976402881513,-0.03794113986174047,1.076057135607035,0
0.394328055515797,-0.07526093772212968,1.045564283086771,0
-0.42815053141547005,-0.09801714056964259,0.9951847266485508,0
-0.010216020025263953,0.3215565346357655,-1.63602157031247,0
-0.010229823678608016,0.31438987038694177,-1.684974533098074,0
-0.010125049055413251,0.35311879154194126,-1.715666618898736,0
-0.007756279875716628,0.34583151637307696,-1.7647329237059197,0
-0.006575485977506222,0.38455640201604524,-1.7953901169059585,0
-0.034490807517897765,0.4232389998707695,-1.8261477166214721,0
0.04544029712057584,0.46089391745695973,-1.8578343459949784,0
-0.17883157801288954,0.49731875304375417,-1.8912626241194852,0
0.015874905666786537,0.48596035853698494,-1.9400625067070925,0
-0.010031321506202628,0.2827348787640728,-1.605378193961792,0
-0.009716097368741992,0.24389021285287715,-1.574695950369547,0
-0.009080738585601636,0.20497932559438142,-1.5439550105116622,0
-0.008825287693604411,0.16652104826119357,-1.512466978477769,0
-0.007193357449757794,0.12807480255857245,-1.481355706736923,0
-0.006801211731257201,0.08823641268801594,-1.4527678473143768,0
-0.003192643108719263,0.09334945314651644,-1.402605880785698,0
-0.002459670295302732,0.04855147740473176,-1.375700978922926,0
-0.00115828758032509,0.05187126222773866,-1.325083796556721,0
0.0026658807012447964,-4.035484904658753e-16,-1.3,0
0.004531873312012781,-0.04530777872419238,-1.275068861232616,0
0.007633115114893597,-0.045045183565118364,-1.2242538135382919,0
0.00592051164103336,-0.08809221923470904,-1.197018626328959,0
-0.004907244274387455,-0.12557428605446078,-1.161007384923481,0
0.022573157702432452,-0.13892061692745566,-1.110125723683732,0
0.18983674107871013,-0.1484540183781492,-1.069478001292287,0
0.20756188403188394,-0.17875432905531255,-1.034882314224999,0
0.4485450351701704,-0.19509032252401728,-0.9807852803022052,0
0.0016421820919998687,0.0996364851344862,1.294507111164958,0
0.004531873311937434,0.04530777872419223,1.275068861232616,0
0.004034754621643689,2.220446049250313e-16,1.25,0
0.007219636489826877,2.220446049250313e-16,1.2,0
0.037707742413086935,-0.04268899166512432,1.176337163535087,0
0.0375831958005207,-0.07832031644348028,1.159499000354933,0
0.0934499195016213,-0.09303786996718193,1.125473753467015,0
-0.055840310796878456,-0.10665909930212064,1.080429989578334,0
-0.10731750031774208,-0.07124812390196161,1.092899391922077,0
-0.003233625718794827,0.1391283801817471,1.383272033175373,0
-0.007352221435858208,0.13396850374291036,1.432372386813668,0
-0.007353825246753992,0.17304630377563313,1.464162576520311,0
-0.008013542795274732,0.21201022851363738,1.4949997026729989,0
-0.009092157085204888,0.25097423121321083,1.525720328618073,0
-0.00963325320789547,0.2898760288020512,1.5563880002167207,0
-0.009996991032512025,0.3287157381860437,1.587062106724503,0
-0.010180231217160853,0.36752371487957824,1.6177352077748557,0
-0.010167721630649088,0.4062712388417782,1.648397926844745,0
-0.010886249177628897,0.44494607475332093,1.679017387721106,0
-0.00861057197830433,0.43774403432057274,1.7280059641580738,0
-0.019267590966236137,0.4764555166442799,1.7584105664013518,0
0.01475055845376288,0.5150815458796802,1.7891616994758608,0
0.056935786657190124,0.5533480134903668,1.820370353074562,0
-0.008849027624739096,0.597764505361017,1.8538753727230886,0
0.4109668477571101,0.5805693529125178,1.9138806719486827,0
-0.00438750690060362,0.09647632513066928,1.352409844500705,0
-0.3521731207166476,-0.1250131795732455,1.035561018515463,0
0.13715966361274226,-0.14673047483692778,0.989176509908181,0
-0.010220361420878041,0.27557550585248103,-1.654329840225027,0
-0.01051954387188875,0.268386524175806,-1.7032808422062349,0
-0.009843166764170788,0.3071491288546042,-1.7340247508089381,0
-0.014021760546546184,0.2999487683962818,-1.7830134130350404,0
-0.01871137720198754,0.3386296248089178,-1.8137163862411327,0
0.006120056720307521,0.37709690245515404,-1.8442659484441617,0
0.019630712598685447,0.41470166107193385,-1.8742998673352531,0
0.15945392141034948,0.4517022244215716,-1.9051230532793946,0
-0.09513182045738883,0.438202479008571,-1.9514042603701425,0
-0.010322055992944194,0.23671806579169352,-1.6236436484415262,0
-0.00972759308958967,0.1979408375207904,-1.593006883881828,0
-0.009844073120740206,0.16001691586498878,-1.562047742327355,0
-0.00874302668170367,0.12292161373287694,-1.530124103446566,0
-0.00818513821258887,0.08370390425982571,-1.500907669817843,0
-0.0074403699492419295,0.04359109009904612,-1.475000000000001,0
-0.005789729026529289,0.045487959753648374,-1.4253534333835467,0
-0.0055194474728498515,-4.516710362651758e-16,-1.4,0
-0.0009109435561229227,-4.2760976336552557e-16,-1.35,0
-0.001158287580481553,-0.05187126222773946,-1.325083796556721,0
0.0016421820918796053,-0.09963648513448635,-1.294507111164958,0
0.0053969379380654145,-0.09005898609444002,-1.245307382624987,0
0.010450858350602096,-0.12933259887127135,-1.210010914357945,0
0.012619577326454379,-0.17171886473413936,-1.1881852256906802,0
0.04350821414784688,-0.17799644833867748,-1.139060617110101,0
-0.09481913716799689,-0.1851149194159324,-1.090105394089912,0
0.05503318252818027,-0.22010089776117214,-1.0625488624810968,0
0.01829218127999578,-0.2265859386866628,-1.018488388592635,0
-0.4186953214339658,-0.24298018056647994,-0.9700312530284172,0
-0.001158287580427043,0.0518712622277393,1.325083796556721,0
0.002665880701322488,2.220446049250313e-16,1.3,0
0.0045318733118374,-0.04530777872419177,1.275068861232616,0
0.007633115115341103,-0.04504518356511778,1.2242538135382919,0
0.005920511639106344,-0.08809221923470846,1.197018626328959,0
-0.0049072442737203405,-0.12557428605446022,1.161007384923481,0
0.022573157725190845,-0.1389206169274551,1.110125723683732,0
0.18983674104343315,-0.1484540183781487,1.069478001292287,0
0.2075618840788364,-0.17875432905531205,1.034882314224999,0
0.44854503508462074,-0.19509032252401678,0.9807852803022052,0
-0.0031926431086086345,0.0933494531465171,1.402605880785698,0
-0.0024596702952732054,0.048551477404732424,1.375700978922926,0
-0.0068012117312785175,0.08823641268801663,1.4527678473143768,0
-0.007193357449751436,0.12807480255857318,1.481355706736923,0
-0.008825287693576458,0.1665210482611943,1.512466978477769,0
-0.009080738585769466,0.20497932559438214,1.5439550105116622,0
-0.009716097368652084,0.24389021285287793,1.574695950369547,0
-0.010031321506268618,0.28273487876407355,1.605378193961792,0
-0.010216020025061695,0.3215565346357663,1.63602157031247,0
-0.01032469928919801,0.36035178515516386,1.6666859882254128,0
-0.009835246006779812,0.3990923872639005,1.69736270689525,0
-0.012057455483932762,0.39187120676076037,1.746291315984602,0
-0.004727187708896049,0.43058236603674716,1.7769062943872238,0
0.002409502381867697,0.46926374110706504,1.8074088000968138,0
-0.10784979905396354,0.507493158805898,1.839778857711146,0
0.12275231786380432,0.5444373455470712,1.877224849030564,0
0.10099838363223537,0.5334255134940429,1.9275521319937408,0
-0.009912724062405813,0.22952934363430788,-1.6726091660339908,0
-0.010447571503672646,0.22236316409567142,-1.721615415768595,0
-0.008697010411818525,0.2612371586543669,-1.752319126090208,0
-0.013018367113964523,0.2540514458051961,-1.8013182541524269,0
0.023618537529988177,0.29279373588153,-1.831969037211615,0
-0.005591931231169238,0.3315035453439785,-1.8625521986743323,0
-0.09756047354899255,0.37042659224067154,-1.8891167372137851,0
-0.2018476195944857,0.4041925223339651,-1.9191261706157217,0
-0.1612346138297507,0.39018064286380827,-1.9615705610388794,0
-0.009787245484424433,0.1906376161256319,-1.6418418561769728,0
-0.010541978877094701,0.1527607351834993,-1.612456496121592,0
-0.009676351992459612,0.116935973329818,-1.5808759387735807,0
-0.009215651169574124,0.0802500301075885,-1.5519292488713878,0
-0.009083752885323693,0.04278039884806055,-1.525033915845612,0
-0.007521088263713567,-2.77748977139445e-16,-1.5,0
-0.006638110154141568,-4.75732309164826e-16,-1.4499999999999997,0
-0.00578972902659494,-0.04548795975364922,-1.4253534333835467,0
-0.002459670295366495,-0.0485514774047326,-1.375700978922926,0
-0.004387506900508894,-0.09647632513066944,-1.352409844500705,0
-0.0025487650202432348,-0.1431136157671413,-1.331276302514291,0
0.0019171524383827935,-0.15423797838408163,-1.282167594887338,0
0.005644006514629849,-0.16339032309227747,-1.237022592969058,0
0.009492904211695142,-0.20947580326456378,-1.218831323605658,0
0.004111413128169107,-0.2166935967577567,-1.169802319917377,0
0.032705554522974474,-0.22191810231964765,-1.119217208372746,0
0.010398768648696061,-0.26891265440161666,-1.102146110577886,0
0.05850253750080516,-0.2690254522775383,-1.051901303151065,0
-0.10636906557157134,-0.27894065046113503,-1.004197890929559,0
-0.33548655617605805,-0.2902846780356869,-0.9569403354952272,0
0.008075345893612295,-0.12743158589018105,-1.252124005671904,0
-0.0009109435560992166,2.220446049250313e-16,1.35,0
-0.005519447472851977,2.220446049250313e-16,1.4,0
-0.005789729026533788,0.045487959753649054,1.4253534333835467,0
-0.007440369949274422,0.043591090099046825,1.475000000000001,0
-0.008185138212708403,0.08370390425982643,1.500907669817843,0
-0.00874302668169641,0.12292161373287769,1.530124103446566,0
-0.009844073120734615,0.16001691586498956,1.562047742327355,0
-0.009727593089593629,0.19794083752079117,1.593006883881828,0
-0.010322055992911618,0.2367180657916943,1.6236436484415262,0
-0.010220361420903205,0.2755755058524818,1.654329840225027,0
-0.010229823678742006,0.31438987038694255,1.684974533098074,0
-0.010125049054960674,0.35311879154194203,1.715666618898736,0
-0.007756279877278568,0.34583151637307785,1.7647329237059197,0
-0.0065754859751319455,0.38455640201604613,1.795390116905958,0
-0.03449080752992607,0.4232389998707704,1.8261477166214717,0
0.045440297175344604,0.4608939174569606,1.857834345994978,0
-0.1788315779644145,0.49731875304375506,1.8912626241194848,0
0.015874905694807852,0.4859603585369858,1.940062506707092,0
-0.0011582875804097006,-0.05187126222773882,1.325083796556721,0
0.0016421820919248894,-0.09963648513448574,1.294507111164958,0
0.005396937938540366,-0.09005898609443941,1.245307382624987,0
0.010450858350388084,-0.1293325988712708,1.210010914357945,0
0.012619577327457087,-0.1717188647341388,1.1881852256906802,0
0.043508214144570775,-0.17799644833867692,1.139060617110101,0
-0.09481913720528169,-0.1851149194159319,1.090105394089912,0
0.055033182566158564,-0.22010089776117164,1.0625488624810968,0
0.018292181152554595,-0.2265859386866623,1.018488388592635,0
-0.4186953217664715,-0.2429801805664795,0.9700312530284172,0
-0.011011540420712163,0.18344090596647283,-1.6908803126025873,0
-0.009862597828500488,0.17634814674090943,-1.739949481250468,0
-0.009162344109521357,0.21524160504089612,-1.7706299738893438,0
-0.007890877977866697,0.20811832087116944,-1.819599540244635,0
-0.021386537778464824,0.24693433357904815,-1.8501983997101288,0
-0.15555256265571166,0.28832046710270043,-1.8882684674594497,0
0.215947555748116,0.33261352463917127,-1.9008681197929178,0
0.1435674713425329,0.358379397354349,-1.9289534975949967,0
0.2314402542572225,0.34192377647546823,-1.97055528495923,0
-0.010238981977159722,0.1444816360713198,-1.6601735157582207,0
-0.008887771592945634,0.10842004750359668,-1.6326138967520785,0
-0.010347531696973679,0.07418101540416588,-1.6041534622706848,0
-0.010263316744532873,0.04020811358870148,-1.5750473763318131,0
-0.008217020190907118,-3.018102500390954e-16,-1.5500000000000003,0
-0.009083752885196214,-0.04278039884806147,-1.525033915845612,0
-0.0074403699492227,-0.043591090099047006,-1.475000000000001,0
-0.006801211731224494,-0.0882364126880168,-1.4527678473143768,0
-0.0031926431086047183,-0.09334945314651727,-1.402605880785698,0
-0.0032336257186454187,-0.13912838018174728,-1.383272033175373,0
-0.0030535776602685877,-0.18755384618638254,-1.365924926147193,0
-0.001711789267624124,-0.19193062216878834,-1.315452553377113,0
0.0025234432588572045,-0.19967445931444122,-1.2668207874490909,0
0.003288621826451318,-0.2482259534438102,-1.249549437856368,0
0.009346257280999856,-0.25569214394846707,-1.20081514108489,0
0.015698848980143114,-0.26269009724273057,-1.151639946060103,0
0.020355171992498602,-0.308436965831899,-1.134335909489621,0
-0.011606196621091738,-0.31370862659348225,-1.0856398098607392,0
0.08433063409009156,-0.3191632753664118,-1.0368128704020472,0
0.08782689830992423,-0.3284235297700594,-0.9886217685443469,0
0.2562974279944064,-0.3368898542958706,-0.9415440648596894,0
-0.002459670295322554,-0.04855147740473193,1.375700978922926,0
-0.005789729026559911,-0.04548795975364854,1.4253534333835467,0
-0.006638110154113026,2.220446049250313e-16,1.4499999999999997,0
-0.007521088263709672,4.440892098500626e-16,1.5,0
-0.009083752885265601,0.042780398848061285,1.525033915845612,0
-0.009215651169553023,0.08025003010758924,1.5519292488713878,0
-0.009676351992441221,0.11693597332981875,1.5808759387735807,0
-0.010541978877011852,0.15276073518350008,1.612456496121592,0
-0.009787245484308048,0.19063761612563268,1.6418418561769728,0
-0.009912724062593062,0.22952934363430866,1.6726091660339908,0
-0.010519543871677936,0.2683865241758068,1.7032808422062349,0
-0.009843166764201333,0.3071491288546051,1.7340247508089381,0
-0.014021760544922442,0.2999487683962827,1.7830134130350404,0
-0.01871137719914837,0.33862962480891867,1.8137163862411327,0
0.00612005671606963,0.3770969024551549,1.8442659484441617,0
0.019630712574771135,0.41470166107193474,1.8742998673352527,0
0.15945392137145664,0.4517022244215725,1.9051230532793941,0
-0.0951318208091067,0.4382024790085719,1.951404260370142,0
-0.004387506900552702,-0.0964763251306688,1.352409844500705,0
-0.0025487650202144574,-0.14311361576714063,1.331276302514291,0
0.0019171524382638752,-0.15423797838408101,1.282167594887338,0
0.005644006514175331,-0.16339032309227686,1.237022592969058,0
0.009492904211691796,-0.20947580326456317,1.218831323605658,0
0.004111413127827658,-0.21669359675775615,1.169802319917377,0
0.032705554531121894,-0.2219181023196471,1.119217208372746,0
0.010398768637736453,-0.2689126544016161,1.102146110577886,0
0.05850253749307305,-0.26902545227753777,1.051901303151065,0
-0.10636906552298835,-0.2789406504611346,1.004197890929559,0
-0.3354865560968852,-0.29028467803568647,0.9569403354952272,0
0.00807534589357492,-0.12743158589018044,1.252124005671904,0
-0.009855374319391551,0.1373372338098771,-1.7092507103059824,0
-0.009279228156689476,0.13005416236622175,-1.7593661893864032,0
-0.012165000339467966,0.16927364070638107,-1.7889718720245857,0
-0.004637630331379867,0.1621490675829853,-1.837947665295526,0
-0.005835056802802263,0.20004092410567043,-1.8672936272969487,0
0.18533035027124295,0.23713906610812097,-1.8999617037780747,0
0.04924675156978684,0.2642026521989158,-1.93992705931324,0
-0.13764501815864055,0.3109393255730093,-1.9324841119494491,0
-0.10801262507051039,0.29346094804526446,-1.978353020057941,0
-0.010177222526912973,0.09900746682428715,-1.680355808766392,0
-0.009703630947292412,0.06513943335730685,-1.655127595563618,0
-0.01142606589594232,0.03553674009030561,-1.6254834332807477,0
-0.00832502295080971,-3.2587152293874553e-16,-1.6,0
-0.010263316744539874,-0.040208113588702445,-1.5750473763318131,0
-0.009215651169564115,-0.08025003010758944,-1.5519292488713878,0
-0.00818513821266077,-0.08370390425982661,-1.500907669817843,0
-0.007193357449820012,-0.12807480255857337,-1.481355706736923,0
-0.007352221435702927,-0.1339685037429105,-1.432372386813668,0
-0.005504641784783614,-0.1803085371168633,-1.415042858290683,0
-0.0054921681264360755,-0.226462760447891,-1.3967556434549313,0
-0.0028832016983807622,-0.2337078337063405,-1.347657995702593,0
0.0007797391842493938,-0.2409704972819501,-1.2985876924889,0
8.130323777673254e-05,-0.2870510277159113,-1.280334932435385,0
0.004443520105235698,-0.2945843449848361,-1.231677909434284,0
0.006916429514233425,-0.3019187746551887,-1.183185460292307,0
0.006625306096839674,-0.34784616906804755,-1.1659184707108032,0
0.023206760652979982,-0.3549575354954195,-1.1172133050891293,0
0.02166551929811894,-0.3622217799782452,-1.0686406496426593,0
0.003750813452489315,-0.3680458222700123,-1.0196738491723591,0
0.10113451798123702,-0.3754615323548295,-0.9716515897092132,0
-0.10800527976518245,-0.38268343336843447,-0.9238795320956877,0
-0.0031926431086712094,-0.0933494531465166,1.402605880785698,0
-0.006801211731273,-0.0882364126880161,1.4527678473143768,0
-0.007440369949250152,-0.0435910900990463,1.475000000000001,0
-0.00908375288520672,-0.04278039884806074,1.525033915845612,0
-0.008217020191048594,4.440892098500626e-16,1.5500000000000003,0
-0.010263316744534765,0.04020811358870224,1.5750473763318131,0
-0.010347531697009374,0.07418101540416666,1.6041534622706848,0
-0.008887771593035594,0.10842004750359746,1.6326138967520785,0
-0.01023898197711112,0.14448163607132058,1.6601735157582207,0
-0.011011540420777712,0.18344090596647367,1.6908803126025873,0
-0.010447571503439002,0.22236316409567225,1.721615415768595,0
-0.008697010412535166,0.2612371586543678,1.752319126090208,0
-0.013018367111451074,0.254051445805197,1.8013182541524269,0
0.023618537519938365,0.2927937358815309,1.831969037211615,0
-0.005591931228959682,0.3315035453439794,1.8625521986743323,0
-0.09756047350346979,0.3704265922406724,1.8891167372137851,0
-0.20184761966715828,0.40419252233396596,1.9191261706157212,0
-0.16123461370238673,0.39018064286380927,1.961570561038879,0
-0.003233625718695517,-0.1391283801817466,1.383272033175373,0
-0.003053577660221891,-0.18755384618638188,1.365924926147193,0
-0.0017117892675783412,-0.19193062216878773,1.315452553377113,0
0.0025234432588841582,-0.1996744593144406,1.2668207874490909,0
0.003288621826520978,-0.2482259534438096,1.249549437856368,0
0.009346257281281484,-0.2556921439484665,1.20081514108489,0
0.015698848980084536,-0.26269009724273,1.151639946060103,0
0.020355171996501203,-0.30843696583189845,1.134335909489621,0
-0.01160619663257072,-0.3137086265934817,1.0856398098607392,0
0.08433063413187943,-0.31916327536641137,1.0368128704020472,0
0.08782689832258159,-0.32842352977005895,0.9886217685443471,0
0.2562974280638704,-0.33688985429587015,0.9415440648596897,0
-0.010248203931245878,0.08446628922661864,-1.7333463122847295,0
-0.008968728760497908,0.09225907196800812,-1.7808935971466178,0
-0.008038339589876993,0.12400935585313547,-1.8074161377337727,0
-0.007721464433154797,0.11832672542766698,-1.8566382578642138,0
-0.028232281464565433,0.15455984204448692,-1.885264390806146,0
-0.2199547723570901,0.18668005450213182,-1.912482003698244,0
-0.037877039999699824,0.21696083777936143,-1.9466861376540276,0
0.18350441086450564,0.244821349716056,-1.9849590692815833,0
-0.01004700609335997,0.051981915313274854,-1.6968314955187132,0
-0.009904742245614901,0.029988870108708626,-1.6682265892867811,0
-0.009933896087143398,-3.499327958383958e-16,-1.65,0
-0.011426065895947102,-0.03553674009030658,-1.6254834332807477,0
-0.010347531696997335,-0.07418101540416687,-1.6041534622706848,0
-0.009676351992432303,-0.11693597332981893,-1.5808759387735807,0
-0.008743026681761383,-0.12292161373287788,-1.530124103446566,0
-0.008825287693687348,-0.16652104826119446,-1.512466978477769,0
-0.007353825246858735,-0.17304630377563332,-1.464162576520311,0
-0.006979218219768187,-0.21922941831972095,-1.445862726266407,0
-0.006625991524259784,-0.2653619377813314,-1.427575947573089,0
-0.004659140937382957,-0.2725948296956932,-1.3784788153751388,0
-0.0026570513979509293,-0.27983033267682406,-1.329394721754459,0
-0.0018288003648990537,-0.32593760893702295,-1.3111714858139034,0
0.0010595051553399688,-0.3333668210357331,-1.2624620533703903,0
0.005610061023527892,-0.3408518767713714,-1.214071734541909,0
0.006145260322330553,-0.3866367463329262,-1.196216777394312,0
0.00772870729238228,-0.39359265178888586,-1.1477751322528322,0
0.017479755448936412,-0.4007424435001527,-1.0990421277971383,0
0.012614832884624378,-0.40801797593576,-1.0504493620355853,0
0.09011500503935646,-0.4149868402147686,-1.001866854700305,0
-0.1480799182765011,-0.42160120269297774,-0.9527773036306831,0
-0.09492631525620103,-0.4275550943054308,-0.9039892927095289,0
-0.007352221435715767,-0.13396850374290983,1.432372386813668,0
-0.005504641784785735,-0.18030853711686262,1.415042858290683,0
-0.005492168126409974,-0.22646276044789032,1.3967556434549313,0
-0.002883201698409396,-0.23370783370633982,1.347657995702593,0
0.0007797391842788925,-0.2409704972819495,1.2985876924889,0
8.130323767951739e-05,-0.2870510277159106,1.280334932435385,0
0.004443520105377088,-0.29458434498483554,1.231677909434284,0
0.006916429513352623,-0.3019187746551881,1.183185460292307,0
0.006625306095691633,-0.347846169068047,1.1659184707108032,0
0.023206760654764715,-0.3549575354954189,1.1172133050891293,0
0.02166551930459856,-0.3622217799782446,1.0686406496426593,0
0.0037508133941678537,-0.36804582227001187,1.0196738491723591,0
0.10113451794593015,-0.37546153235482904,0.9716515897092134,0
-0.10800527966859655,-0.382683433368434,0.923879532095688,0
-0.00719335744981765,-0.12807480255857265,1.481355706736923,0
-0.0081851382125761,-0.08370390425982589,1.500907669817843,0
-0.009215651169501878,-0.08025003010758869,1.5519292488713878,0
-0.010263316744518762,-0.04020811358870168,1.5750473763318131,0
-0.008325022950751533,4.440892098500626e-16,1.6,0
-0.011426065895943248,0.035536740090306385,1.6254834332807477,0
-0.009703630947437765,0.06513943335730765,1.655127595563618,0
-0.010177222526906355,0.09900746682428796,1.680355808766392,0
-0.00985537431941297,0.13733723380987795,1.7092507103059824,0
-0.00986259782866682,0.17634814674091026,1.739949481250468,0
-0.009162344109750633,0.21524160504089696,1.7706299738893438,0
-0.007890877979205443,0.20811832087117033,1.819599540244635,0
-0.021386537779852968,0.24693433357904904,1.8501983997101288,0
-0.15555256261605604,0.2883204671027013,1.8882684674594497,0
0.21594755567781704,0.33261352463917215,1.9008681197929178,0
0.1435674714696689,0.35837939735434987,1.9289534975949967,0
0.23144025448599875,0.34192377647546923,1.97055528495923,0
-0.010039029389229799,0.04597447647800215,-1.7765698464807682,0
-0.011311251991563784,0.03764029347432368,-1.73480509929066,0
-0.010836107523841029,-3.7399406873804604e-16,-1.7,0
-0.00990474224553624,-0.029988870108709636,-1.6682265892867811,0
-0.009703630947284285,-0.06513943335730786,-1.655127595563618,0
-0.008887771593044028,-0.10842004750359766,-1.6326138967520785,0
-0.01054197887703854,-0.15276073518350028,-1.612456496121592,0
-0.009844073120701641,-0.16001691586498978,-1.562047742327355,0
-0.009080738585668355,-0.2049793255943823,-1.5439550105116622,0
-0.008013542795280599,-0.21201022851363757,-1.4949997026729989,0
-0.008142116322414334,-0.258141192380699,-1.476666100659508,0
-0.007805753971722624,-0.3042270603573753,-1.458388756466627,0
-0.00642586455111172,-0.3114415387090043,-1.4093463981583103,0
-0.00450524106186835,-0.3186905432063473,-1.3601958706981223,0
-0.0042138413158150576,-0.36474329295742697,-1.3420197378988001,0
-0.0015282888141084552,-0.3720098234345868,-1.2929820038783402,0
0.0010757185444253807,-0.37941260423677237,-1.244579455981317,0
0.0013728774124558746,-0.4252794204484168,-1.2266405731933703,0
0.005708042619505073,-0.43231871022101875,-1.1781463760709103,0
0.009505294523275884,-0.43935936165323136,-1.1295773861480762,0
0.015796507707082904,-0.446528304357973,-1.0808417087652382,0
0.02738901203978343,-0.453750326671212,-1.0319088098025382,0
-0.04286600123863555,-0.4615420620437508,-0.9813884521041307,0
0.23292896990461875,-0.4678329115627794,-0.9305459785467523,0
-0.033640862620715806,-0.4713967375487834,-0.8819212639620181,0
-0.018936946106805883,0.07679107591606238,-1.8277694998474183,0
0.05663678769476978,0.08555817925492645,-1.876816303509594,0
-0.056059091719585535,0.11251150993909495,-1.9040053333338343,0
0.2854090418914269,0.1453451031873198,-1.9218622004639243,0
-0.07189365678743248,0.16883687731132152,-1.953263734074862,0
-0.2605470284894442,0.19603428015147445,-1.990369453394393,0
-0.007353825246821578,-0.1730463037756326,1.464162576520311,0
-0.00882528769369142,-0.16652104826119374,1.512466978477769,0
-0.00874302668177484,-0.12292161373287713,1.530124103446566,0
-0.009676351992474337,-0.11693597332981819,1.5808759387735807,0
-0.010347531697070105,-0.07418101540416609,1.6041534622706848,0
-0.011426065895964206,-0.0355367400903058,1.6254834332807477,0
-0.009933896086931243,4.440892098500626e-16,1.65,0
-0.00990474224557461,0.02998887010870943,1.6682265892867811,0
-0.01004700609334315,0.05198191531327567,1.6968314955187132,0
-0.010248203930949494,0.08446628922661947,1.7333463122847295,0
-0.009279228156688472,0.13005416236622258,1.7593661893864032,0
-0.012165000338856155,0.16927364070638196,1.7889718720245857,0
-0.004637630330761186,0.1621490675829862,1.837947665295526,0
-0.005835056800269282,0.20004092410567131,1.8672936272969487,0
0.18533035023582217,0.23713906610812185,1.8999617037780747,0
0.049246751485575196,0.2642026521989167,1.93992705931324,0
-0.1376450181815098,0.3109393255730102,1.9324841119494491,0
-0.1080126252589316,0.29346094804526546,1.978353020057941,0
-0.006979218219766378,-0.21922941831972023,1.445862726266407,0
-0.006625991524246579,-0.2653619377813307,1.427575947573089,0
-0.004659140937325672,-0.27259482969569254,1.3784788153751388,0
-0.002657051398063882,-0.2798303326768234,1.329394721754459,0
-0.0018288003648732865,-0.3259376089370223,1.3111714858139034,0
0.0010595051551327988,-0.33336682103573256,1.2624620533703903,0
0.00561006102396146,-0.34085187677137085,1.214071734541909,0
0.006145260322438764,-0.38663674633292566,1.196216777394312,0
0.007728707293001089,-0.3935926517888853,1.1477751322528322,0
0.017479755444319952,-0.40074244350015215,1.0990421277971383,0
0.012614832896536844,-0.40801797593575945,1.0504493620355853,0
0.09011500506537394,-0.41498684021476817,1.001866854700305,0
-0.14807991819391184,-0.4216012026929773,0.9527773036306834,0
-0.09492631544108827,-0.42755509430543037,0.9039892927095291,0
0.0020068604296848494,0.03321336451665703,-1.825867869265637,0
-0.046409987877441404,0.04330127018922124,-1.8749999999999987,0
-0.12474967286848299,0.07732185336542982,-1.9182327217011752,0
0.039471984484252154,0.117588385052314,-1.9516064454522202,0
0.2850190266676628,0.1471291268716512,-1.9945809133815517,0
-0.014710851430681817,-4.2211661453734645e-16,-1.7999999999999998,0
-0.00711853973751646,-3.980553416376964e-16,-1.7500000000000002,0
-0.011311251991676288,-0.037640293474324724,-1.73480509929066,0
-0.0100470060933804,-0.05198191531327588,-1.6968314955187132,0
-0.010177222526948686,-0.09900746682428817,-1.680355808766392,0
-0.01023898197716994,-0.14448163607132078,-1.6601735157582207,0
-0.009787245484375255,-0.19063761612563287,-1.6418418561769728,0
-0.00972759308953961,-0.19794083752079136,-1.593006883881828,0
-0.009716097368738703,-0.24389021285287815,-1.574695950369547,0
-0.009092157085200505,-0.25097423121321105,-1.525720328618073,0
-0.008855605320141827,-0.297022355214984,-1.507402150851457,0
-0.008744121797290047,-0.3430488879727104,-1.489147238508587,0
-0.007591937279360807,-0.35024547450578897,-1.440166094838575,0
-0.006043878623633447,-0.35749510515074506,-1.3911859266070872,0
-0.0059329634449148795,-0.40345861949465606,-1.372927970335845,0
-0.003953325450169907,-0.4107349083677036,-1.3235299389249993,0
-0.0012764852780234371,-0.418015161239343,-1.2750544577923812,0
-0.001353140148339327,-0.4638327627957054,-1.2573541431005453,0
0.0016611509600611295,-0.4708985323807485,-1.2087065395314422,0
0.005397417001792574,-0.4779611612252263,-1.16010884323164,0
0.009883297266773004,-0.48508230693625215,-1.1114046269006421,0
0.01624292909159757,-0.4922185747921503,-1.0626625393001552,0
0.003941553735742362,-0.4997707221212973,-1.0131041598173953,0
0.17461694058861532,-0.5078971467827026,-0.9587496398174936,0
-0.17339101938748727,-0.5137011943355826,-0.9068094239343711,0
-0.23657586367279218,-0.5141027447316917,-0.8577286096775256,0
-0.00801354279524207,-0.21201022851363685,1.4949997026729989,0
-0.009080738585669245,-0.2049793255943816,1.5439550105116622,0
-0.009844073120767512,-0.160016915864989,1.562047742327355,0
-0.010541978877020932,-0.1527607351834995,1.612456496121592,0
-0.008887771593007111,-0.10842004750359688,1.6326138967520785,0
-0.009703630947376139,-0.06513943335730706,1.655127595563618,0
-0.009904742245539926,-0.02998887010870883,1.6682265892867811,0
-0.010836107524072552,4.440892098500626e-16,1.7,0
-0.011311251991581447,0.037640293474324515,1.73480509929066,0
-0.01003902938941716,0.04597447647800301,1.7765698464807682,0
-0.008968728761916926,0.09225907196800898,1.7808935971466178,0
-0.008038339589922613,0.12400935585313633,1.8074161377337727,0
-0.007721464438608123,0.11832672542766787,1.8566382578642138,0
-0.02823228146818508,0.1545598420444878,1.885264390806146,0
-0.21995477231916644,0.18668005450213276,1.912482003698244,0
-0.037877039893202805,0.21696083777936237,1.9466861376540276,0
0.18350441089773784,0.24482134971605696,1.9849590692815833,0
-0.008142116322527789,-0.2581411923806983,1.476666100659508,0
-0.007805753971801542,-0.3042270603573746,1.458388756466627,0
-0.006425864551075357,-0.31144153870900365,1.4093463981583103,0
-0.004505241061832526,-0.31869054320634665,1.3601958706981223,0
-0.004213841315858721,-0.3647432929574263,1.3420197378988001,0
-0.0015282888139878175,-0.3720098234345861,1.2929820038783402,0
0.0010757185443237881,-0.3794126042367718,1.244579455981317,0
0.001372877412659387,-0.42527942044841627,1.2266405731933703,0
0.0057080426189457705,-0.4323187102210182,1.1781463760709103,0
0.009505294524262825,-0.4393593616532308,1.1295773861480762,0
0.015796507707883,-0.44652830435797247,1.0808417087652382,0
0.027389012025971327,-0.45375032667121157,1.0319088098025382,0
-0.04286600122359428,-0.46154206204375037,0.981388452104131,0
0.23292896976414795,-0.46783291156277895,0.9305459785467525,0
-0.033640862640324516,-0.471396737548783,0.8819212639620183,0
-0.003955380829265824,-4.461778874369969e-16,-1.8500000000000003,0
0.028501379472671753,-4.702391603366471e-16,-1.9000000000000001,0
0.15331103688993294,0.037553985915335056,-1.928261180649688,0
-0.12225284229860163,0.07007625196366413,-1.9596774076060508,0
-0.28558542505831347,0.09813534843591812,-1.9975909124210998,0
-0.010039029389363562,-0.045974476478003234,-1.7765698464807682,0
-0.010248203931099584,-0.08446628922661968,-1.7333463122847295,0
-0.009855374319289279,-0.13733723380987817,-1.7092507103059824,0
-0.011011540420748676,-0.1834409059664739,-1.6908803126025873,0
-0.009912724062531715,-0.22952934363430882,-1.6726091660339908,0
-0.010322055992885628,-0.2367180657916945,-1.6236436484415262,0
-0.010031321506178463,-0.28273487876407377,-1.605378193961792,0
-0.00963325320792122,-0.28987602880205143,-1.5563880002167207,0
-0.00949246037092083,-0.3358702774328155,-1.538095442412545,0
-0.009397237261784349,-0.3818470441582402,-1.519856723120797,0
-0.00859103382334834,-0.3890181613194682,-1.4709227542214822,0
-0.007396194845733191,-0.39624209352543,-1.4220054950693592,0
-0.007304651516213651,-0.44215049307674276,-1.4038711475725771,0
-0.005812127205818799,-0.4493858238898895,-1.354955575942247,0
-0.003900847006007016,-0.4566925259191863,-1.3062533764974122,0
-0.0036760405426360817,-0.5023621380309773,-1.2880914710239872,0
-0.0012859436341837902,-0.5094748583675279,-1.2393250274103271,0
0.001740199896356227,-0.5164565675553587,-1.190623776248984,0
0.005652546384046756,-0.5236219767656427,-1.1419135844831623,0
0.006416028914922638,-0.5305982052874259,-1.093119389235089,0
0.027779641431576078,-0.5379745258904919,-1.0443954244305542,0
-0.004006722972225686,-0.5454051006855597,-0.9927589581188689,0
-0.08053012362084984,-0.5517769301698235,-0.9361280574853371,0
0.11190060043917328,-0.562862935672958,-0.8854187084023333,0
0.5869725676627922,-0.5555702334510615,-0.8314696120142536,0
0.002006860428493356,-0.03321336451665813,-1.825867869265637,0
-0.009092157085163364,-0.2509742312132103,1.525720328618073,0
-0.00885560532013879,-0.2970223552149832,1.507402150851457,0
-0.008744121797306187,-0.3430488879727097,1.489147238508587,0
-0.007591937279360578,-0.3502454745057883,1.440166094838575,0
-0.006043878623681841,-0.3574951051507444,1.3911859266070872,0
-0.005932963444934435,-0.4034586194946554,1.372927970335845,0
-0.003953325450242043,-0.41073490836770293,1.3235299389249993,0
-0.0012764852779145117,-0.41801516123934235,1.2750544577923812,0
-0.0013531401483224566,-0.46383276279570484,1.2573541431005453,0
0.0016611509601354272,-0.47089853238074797,1.2087065395314422,0
0.005397417001838505,-0.47796116122522575,1.16010884323164,0
0.009883297265740679,-0.4850823069362516,1.1114046269006421,0
0.016242929095280904,-0.49221857479214975,1.0626625393001552,0
0.003941553735549255,-0.49977072212129686,1.0131041598173953,0
0.17461694056313437,-0.5078971467827021,0.9587496398174938,0
-0.1733910192718356,-0.5137011943355821,0.9068094239343714,0
-0.23657586337403572,-0.5141027447316913,0.8577286096775258,0
-0.00971609736869161,-0.24389021285287737,1.574695950369547,0
-0.009727593089526847,-0.19794083752079059,1.593006883881828,0
-0.009787245484381256,-0.1906376161256321,1.6418418561769728,0
-0.010238981977065957,-0.14448163607132,1.6601735157582207,0
-0.01017722252689565,-0.09900746682428736,1.680355808766392,0
-0.010047006093453546,-0.05198191531327506,1.6968314955187132,0
-0.011311251991243373,-0.03764029347432389,1.73480509929066,0
-0.007118539737324297,4.440892098500626e-16,1.7500000000000002,0
-0.014710851430431177,4.440892098500626e-16,1.7999999999999998,0
0.002006860427103669,0.033213364516657906,1.825867869265637,0
-0.01893694610197777,0.07679107591606327,1.8277694998474183,0
0.05663678767197421,0.08555817925492737,1.876816303509594,0
-0.05605909166354167,0.11251150993909587,1.9040053333338343,0
0.2854090418284004,0.14534510318732075,1.9218622004639243,0
-0.0718936567955479,0.16883687731132246,1.953263734074862,0
-0.26054702835782895,0.1960342801514754,1.990369453394393,0
-0.046409987875427,-0.04330127018922237,-1.8749999999999987,0
-0.018936946104805875,-0.0767910759160635,-1.8277694998474183,0
-0.008968728760862655,-0.0922590719680092,-1.7808935971466178,0
-0.009279228156718925,-0.13005416236622278,-1.7593661893864032,0
-0.009862597828729782,-0.17634814674091048,-1.739949481250468,0
-0.010447571503446974,-0.22236316409567247,-1.721615415768595,0
-0.010519543871774763,-0.26838652417580694,-1.7032808422062349,0
-0.01022036142089609,-0.275575505852482,-1.654329840225027,0
-0.010216020025081759,-0.32155653463576644,-1.6360215703124703,0
-0.009996991032487836,-0.32871573818604394,-1.5870621067245032,0
-0.009916972202589547,-0.3746944375912995,-1.568780685456473,0
-0.009860241790862055,-0.42060639106817477,-1.5505070239229581,0
-0.009308844955259184,-0.4277704117103889,-1.501594527869645,0
-0.008475292196407533,-0.4349346948827674,-1.4527104669804691,0
-0.008396633169550406,-0.4808141896676554,-1.434518849868267,0
-0.00719603362058647,-0.4879862440859432,-1.385711011541831,0
-0.0055898282132954,-0.49519113737046044,-1.336910852842581,0
-0.005678887565074952,-0.5409604740435414,-1.3187041651600198,0
-0.003794639581194315,-0.548000609435132,-1.2698873600378848,0
-0.0013447841483700935,-0.5549153801891833,-1.2209649577838948,0
0.0011968406344117363,-0.5618783883164293,-1.1722197755310897,0
0.005827611943298666,-0.5688032766987923,-1.1235534294985559,0
0.007859656925675966,-0.5760366303895524,-1.0747444034304328,0
0.006195443446084644,-0.5832219715065895,-1.0250348469647779,0
0.07585215530466628,-0.5901000355418006,-0.9734586599499814,0
-0.03305469646330657,-0.5967194625730228,-0.9265112606822699,0
0.3570822077468258,-0.609270641144163,-0.888823818325066,0
0.04345620204228773,-0.6024251021860324,-0.8491017720403066,0
-0.541447499353397,-0.5956993047980853,-0.803207531253958,0
-0.3339619056862792,-4.943004332362972e-16,-1.95,0
0.23707492333508914,0.03508607853653872,-1.9642212497895688,0
-0.009688660053580364,0.049082456912150116,-1.99939763739569,0
0.1533110368721859,-0.03755398591533622,-1.928261180649688,0
-0.009633253207891386,-0.28987602880205066,1.5563880002167207,0
-0.009492460370846027,-0.3358702774328147,1.538095442412545,0
-0.009397237261750674,-0.38184704415823945,1.519856723120797,0
-0.008591033823399812,-0.38901816131946754,1.4709227542214822,0
-0.007396194845661307,-0.39624209352542933,1.4220054950693592,0
-0.007304651516156374,-0.4421504930767421,1.4038711475725771,0
-0.005812127205887169,-0.44938582388988885,1.354955575942247,0
-0.0039008470060164467,-0.45669252591918563,1.3062533764974122,0
-0.003676040542611244,-0.5023621380309766,1.2880914710239872,0
-0.0012859436342617656,-0.5094748583675273,1.2393250274103271,0
0.0017401998961197032,-0.5164565675553581,1.190623776248984,0
0.00565254638435334,-0.5236219767656423,1.1419135844831623,0
0.006416028914887108,-0.5305982052874254,1.093119389235089,0
0.027779641427876162,-0.5379745258904914,1.0443954244305542,0
-0.004006722963544788,-0.5454051006855593,0.9927589581188692,0
-0.08053012359819427,-0.5517769301698231,0.9361280574853373,0
0.11190060043253049,-0.5628629356729575,0.8854187084023335,0
0.5869725673905173,-0.555570233451061,0.8314696120142538,0
-0.010031321506225889,-0.282734878764073,1.605378193961792,0
-0.010322055992933274,-0.23671806579169372,1.6236436484415262,0
-0.009912724062515116,-0.22952934363430805,1.6726091660339908,0
-0.011011540420722695,-0.18344090596647306,1.6908803126025873,0
-0.00985537431946725,-0.13733723380987733,1.7092507103059824,0
-0.010248203930989444,-0.08446628922661885,1.7333463122847295,0
-0.010039029390504788,-0.045974476478002374,1.7765698464807682,0
0.0020068604340708696,-0.033213364516657254,1.825867869265637,0
-0.0039553808343775814,4.440892098500626e-16,1.8500000000000003,0
-0.04640998787208703,0.04330127018922214,1.8749999999999987,0
-0.12474967287088712,0.07732185336543074,1.9182327217011752,0
0.03947198439870312,0.11758838505231495,1.9516064454522202,0
0.28501902632505316,0.14712912687165214,1.9945809133815517,0
0.05663678768368454,-0.0855581792549276,-1.876816303509594,0
-0.12474967284490604,-0.07732185336543096,-1.9182327217011752,0
-0.12225284226118725,-0.0700762519636653,-1.9596774076060508,0
0.23707492324924784,-0.0350860785365399,-1.9642212497895688,0
-0.16189875650642377,-5.183617061359476e-16,-2.0,0
-0.008038339590419358,-0.12400935585313654,-1.8074161377337727,0
-0.00772146443027978,-0.11832672542766809,-1.8566382578642138,0
-0.012165000338142131,-0.1692736407063822,-1.7889718720245857,0
-0.00916234411000665,-0.21524160504089715,-1.7706299738893438,0
-0.008697010412576252,-0.2612371586543681,-1.752319126090208,0
-0.009843166764344189,-0.3071491288546054,-1.7340247508089381,0
-0.01022982367869824,-0.3143898703869427,-1.6849745330980743,0
-0.010324699289085457,-0.36035178515516403,-1.666685988225413,0
-0.010180231217130672,-0.36752371487957847,-1.617735207774856,0
-0.010221463148784304,-0.4134744164963764,-1.5994759586643532,0
-0.010154383876596871,-0.45935407468174594,-1.5811556519968581,0
-0.00980654484061499,-0.4664979617709988,-1.532178596429625,0
-0.009243921064868689,-0.47364393902601065,-1.483337559407126,0
-0.009209946971603614,-0.5194966514366276,-1.4651228610774731,0
-0.008332144439509893,-0.5266645463085134,-1.4163189620861563,0
-0.007212675567877462,-0.5338238125609349,-1.3675109742324743,0
-0.007201591569193927,-0.5794975307215884,-1.3493514221344458,0
-0.005710878676430378,-0.5866113877317998,-1.3004422055586018,0
-0.003874027509341531,-0.593509912261829,-1.2514551744481708,0
-0.0015536956830843709,-0.6003896438029142,-1.2025871732685858,0
0.0012022662716521851,-0.6072315446350107,-1.1536334045363275,0
0.004088708744387835,-0.6144161180048069,-1.1050348978716238,0
0.012010755526943154,-0.6215807479295329,-1.0556809766282138,0
0.003328714502530037,-0.6284573073799119,-1.0059047240256815,0
0.01666568629407677,-0.6355951571603499,-0.9569884918183371,0
-0.002065514883626132,-0.6434724295602686,-0.910234284142092,0
-0.17404129821123188,-0.6464138720581947,-0.864628456048897,0
-0.32101950250787975,-0.6399643707553332,-0.8199934384707416,0
0.08179960441970441,-0.6343932843209605,-0.773010453233632,0
-0.009996991032478964,-0.32871573818604316,1.5870621067245032,0
-0.009916972202579878,-0.3746944375912987,1.568780685456473,0
-0.009860241790882393,-0.420606391068174,1.5505070239229581,0
-0.009308844955346608,-0.4277704117103881,1.501594527869645,0
-0.008475292196389947,-0.43493469488276676,1.4527104669804691,0
-0.00839663316949589,-0.4808141896676547,1.434518849868267,0
-0.007196033620677466,-0.48798624408594254,1.385711011541831,0
-0.005589828213375018,-0.4951911373704598,1.336910852842581,0
-0.005678887565010987,-0.5409604740435408,1.3187041651600202,0
-0.0037946395812134574,-0.5480006094351313,1.2698873600378853,0
-0.001344784148399533,-0.5549153801891826,1.2209649577838952,0
0.001196840634485081,-0.5618783883164287,1.1722197755310901,0
0.005827611943102967,-0.5688032766987918,1.1235534294985563,0
0.007859656926161685,-0.576036630389552,1.0747444034304332,0
0.006195443447768408,-0.583221971506589,1.0250348469647783,0
0.07585215529166094,-0.5901000355418001,0.9734586599499816,0
-0.03305469646359498,-0.5967194625730223,0.9265112606822701,0
0.35708220767886106,-0.6092706411441625,0.8888238183250662,0
0.04345620195579115,-0.602425102186032,0.8491017720403068,0
-0.5414474993357893,-0.5956993047980849,0.8032075312539583,0
-0.010216020025146714,-0.32155653463576567,1.6360215703124703,0
-0.010220361420862122,-0.2755755058524812,1.654329840225027,0
-0.010519543871935462,-0.26838652417580616,1.7032808422062349,0
-0.010447571503686675,-0.22236316409567164,1.721615415768595,0
-0.009862597828516471,-0.17634814674090965,1.739949481250468,0
-0.009279228156516528,-0.13005416236622194,1.7593661893864032,0
-0.008968728761075719,-0.09225907196800834,1.7808935971466178,0
-0.018936946104179685,-0.07679107591606261,1.8277694998474183,0
-0.0464099878878873,-0.04330127018922147,1.8749999999999987,0
0.02850137949550513,4.440892098500626e-16,1.9000000000000001,0
0.15331103687497918,0.037553985915335986,1.928261180649688,0
-0.12225284213022018,0.07007625196366507,1.9596774076060508,0
-0.2855854250553799,0.09813534843591909,1.9975909124210998,0
-0.056059091724374836,-0.1125115099390961,-1.9040053333338343,0
-0.028232281461826436,-0.15455984204448803,-1.885264390806146,0
-0.004637630335250831,-0.16214906758298642,-1.837947665295526,0
-0.00789087797859129,-0.20811832087117055,-1.819599540244635,0
-0.01301836711170746,-0.25405144580519723,-1.8013182541524269,0
-0.014021760544536497,-0.2999487683962829,-1.7830134130350404,0
-0.00775627987694519,-0.34583151637307813,-1.76473292370592,0
-0.010125049055022269,-0.3531187915419422,-1.7156666188987362,0
-0.009835246006830375,-0.39909238726390067,-1.6973627068952502,0
-0.010167721630665826,-0.40627123884177835,-1.6483979268447453,0
-0.010075826433216974,-0.4521775981785496,-1.6300816207427933,0
-0.01023810011988832,-0.49808885295392913,-1.6116046261293142,0
-0.010133527062700591,-0.5052166796183272,-1.5627636591291223,0
-0.009774282132955798,-0.5123478992267804,-1.5139186190521612,0
-0.00975766892550248,-0.5581773160330769,-1.4957010917114448,0
-0.009170992000123765,-0.5653297100242304,-1.4469192155108095,0
-0.00833325312530033,-0.5724530245671205,-1.3981753524001068,0
-0.008397773830119038,-0.6180801027467782,-1.3800047173256658,0
-0.007266722323184518,-0.6250597025248632,-1.3309994190427197,0
-0.005842029258599186,-0.632083325441801,-1.2819741079706175,0
-0.004023158628773558,-0.6390321440222393,-1.2329549199999386,0
-0.001936117851136484,-0.6459818153175609,-1.1839693460500358,0
0.0010759424908951853,-0.6530157385484696,-1.1352268274397048,0
0.0031252871182818336,-0.6601103463079512,-1.0862786488067349,0
0.008556342017716422,-0.6672421139883852,-1.0370883386700327,0
0.013295579534158112,-0.6743661377210697,-0.9876834621372894,0
0.023823938550023446,-0.6817563194080365,-0.9383748880661855,0
0.023487079577972265,-0.6932460691234077,-0.8828824922109071,0
0.34647550054053217,-0.6756352263716856,-0.8388327235588684,0
0.3024221147442347,-0.6823007305662931,-0.7932012235640864,0
0.20678926539745687,-0.6715589548890094,-0.7409511253169008,0
0.039471984499153276,-0.1175883850523152,-1.9516064454522202,0
-0.2855854249247882,-0.09813534843591934,-1.9975909124210998,0
-0.009688660100224705,-0.049082456912151316,-1.99939763739569,0
-0.010180231217189566,-0.3675237148795777,1.617735207774856,0
-0.010324699289102948,-0.36035178515516325,1.666685988225413,0
-0.010229823678663654,-0.31438987038694194,1.6849745330980743,0
-0.009843166764169022,-0.3071491288546045,1.7340247508089381,0
-0.008697010411888067,-0.2612371586543672,1.752319126090208,0
-0.00916234410938908,-0.21524160504089632,1.7706299738893438,0
-0.012165000339637386,-0.16927364070638132,1.7889718720245857,0
-0.008038339590077229,-0.12400935585313567,1.8074161377337727,0
-0.007721464436160865,-0.1183267254276672,1.8566382578642138,0
0.05663678769318394,-0.08555817925492669,1.876816303509594,0
-0.12474967286717667,-0.07732185336543004,1.9182327217011752,0
0.15331103690320427,-0.03755398591533529,1.928261180649688,0
-0.33396190572811335,4.440892098500626e-16,1.95,0
0.2370749232720179,0.03508607853653967,1.9642212497895688,0
-0.009688659796787161,0.04908245691215107,1.99939763739569,0
-0.010221463148734086,-0.4134744164963756,1.5994759586643532,0
-0.010154383876526207,-0.45935407468174516,1.5811556519968581,0
-0.009806544840633525,-0.466497961770998,1.532178596429625,0
-0.009243921064951465,-0.47364393902601,1.483337559407126,0
-0.009209946971578908,-0.5194966514366269,1.4651228610774731,0
-0.008332144439371574,-0.5266645463085128,1.4163189620861563,0
-0.007212675567873249,-0.5338238125609343,1.3675109742324743,0
-0.00720159156912122,-0.5794975307215877,1.3493514221344463,0
-0.0057108786763804655,-0.5866113877317991,1.3004422055586022,0
-0.003874027509359232,-0.5935099122618284,1.2514551744481712,0
-0.0015536956830739925,-0.6003896438029135,1.2025871732685862,0
0.001202266271755375,-0.6072315446350101,1.153633404536328,0
0.0040887087445896425,-0.6144161180048064,1.1050348978716242,0
0.012010755526348144,-0.6215807479295324,1.0556809766282143,0
0.003328714503809946,-0.6284573073799115,1.005904724025682,0
0.01666568629826494,-0.6355951571603494,0.9569884918183373,0
-0.0020655148763283966,-0.6434724295602682,0.9102342841420922,0
-0.17404129814927025,-0.6464138720581942,0.8646284560488973,0
-0.32101950237516524,-0.6399643707553327,0.8199934384707418,0
0.08179960455502444,-0.6343932843209601,0.7730104532336323,0
0.2854090418612184,-0.145345103187321,-1.9218622004639243,0
-0.07189365684127895,-0.16883687731132271,-1.953263734074862,0
0.28501902649316935,-0.14712912687165236,-1.9945809133815517,0
-0.005835056793633604,-0.20004092410567154,-1.8672936272969487,0
-0.021386537780472985,-0.24693433357904926,-1.8501983997101288,0
0.02361853751823297,-0.2927937358815311,-1.831969037211615,0
-0.01871137719831125,-0.3386296248089189,-1.813716386241133,0
-0.006575485976895453,-0.38455640201604635,-1.7953901169059583,0
-0.012057455483565663,-0.39187120676076065,-1.7462913159846023,0
-0.008610571978577833,-0.4377440343205729,-1.728005964158074,0
-0.010886249177576543,-0.4449460747533211,-1.6790173877211063,0
-0.010242051404525646,-0.49083110319345796,-1.6605567674059463,0
-0.01022335532942536,-0.5367731292190668,-1.6420506417088343,0
-0.010144402004851146,-0.5439459904452809,-1.5932758212545928,0
-0.010135383123817702,-0.5510415653227033,-1.5444866858612996,0
-0.01009874368314814,-0.5968441469997997,-1.5262651688857538,0
-0.00975830092543716,-0.6039782597480695,-1.4775185379453735,0
-0.009187356876861303,-0.6111480800637331,-1.4287414852392357,0
-0.009246289583952032,-0.6567185461126076,-1.4105440308590096,0
-0.008443654912404721,-0.6635659615862539,-1.3615979945818195,0
-0.007370119902371669,-0.6705983158359081,-1.3125686756354205,0
-0.006021684063573992,-0.6776564015804267,-1.2635915672346598,0
-0.0042977358414989265,-0.6847226411054839,-1.2146563958796566,0
-0.0022715020399883866,-0.691850376013893,-1.1656636937524198,0
0.00027218999148143216,-0.6989262942126993,-1.1165241435797546,0
0.0032470312487938315,-0.7060440298136835,-1.0674630612470477,0
0.0066369787207504185,-0.7131756912586308,-1.0184274622854586,0
0.007478366266648383,-0.7205089177843917,-0.9691573965762533,0
0.01167039162200977,-0.7308983563867074,-0.9191631266426119,0
0.044143816609729755,-0.7520179854041951,-0.8742064999042061,0
-0.12006869428563906,-0.7162510893551985,-0.83345800749971,0
0.006671950475650967,-0.7295211679907531,-0.7907584115602083,0
-0.23072124888848772,-0.7066264541838527,-0.7573438645274831,0
-0.30084133942532165,-0.7071067811865478,-0.7071067811865475,0
-0.2199547723328604,-0.186680054502133,-1.912482003698244,0
-0.010167721630657042,-0.40627123884177757,1.6483979268447453,0
-0.010075826433196076,-0.4521775981785488,1.6300816207427933,0
-0.010238100119897819,-0.49808885295392835,1.6116046261293142,0
-0.010133527062684519,-0.5052166796183265,1.5627636591291223,0
-0.009774282132985092,-0.5123478992267797,1.5139186190521612,0
-0.00975766892553888,-0.5581773160330762,1.4957010917114453,0
-0.009170992000078758,-0.5653297100242297,1.44691921551081,0
-0.00833325312530718,-0.5724530245671199,1.3981753524001073,0
-0.008397773830256933,-0.6180801027467775,1.3800047173256662,0
-0.007266722323145509,-0.6250597025248625,1.3309994190427201,0
-0.0058420292586473495,-0.6320833254418003,1.281974107970618,0
-0.004023158628757934,-0.6390321440222386,1.232954919999939,0
-0.0019361178511910755,-0.6459818153175603,1.1839693460500362,0
0.001075942490783502,-0.6530157385484692,1.1352268274397053,0
0.0031252871183439015,-0.6601103463079507,1.0862786488067353,0
0.008556342017586701,-0.6672421139883847,1.0370883386700331,0
0.013295579533414101,-0.6743661377210692,0.9876834621372896,0
0.023823938546993273,-0.681756319408036,0.9383748880661857,0
0.023487079574704074,-0.6932460691234072,0.8828824922109073,0
0.34647550046893116,-0.6756352263716852,0.8388327235588686,0
0.3024221146988811,-0.6823007305662927,0.7932012235640866,0
0.20678926526608016,-0.671558954889009,0.740951125316901,0
-0.009835246006824632,-0.3990923872638999,1.6973627068952502,0
-0.010125049055120766,-0.3531187915419414,1.7156666188987362,0
-0.007756279876743743,-0.34583151637307724,1.76473292370592,0
-0.014021760545775757,-0.29994876839628204,1.7830134130350404,0
-0.013018367113460811,-0.25405144580519634,1.8013182541524269,0
-0.007890877978177288,-0.20811832087116966,1.819599540244635,0
-0.00463763033038903,-0.16214906758298553,1.837947665295526,0
-0.02823228146318377,-0.15455984204448714,1.885264390806146,0
-0.05605909170468118,-0.11251150993909519,1.9040053333338343,0
0.039471984464741885,-0.11758838505231425,1.9516064454522202,0
-0.12225284224792121,-0.07007625196366436,1.9596774076060508,0
0.23707492326893667,-0.03508607853653896,1.9642212497895688,0
-0.16189875663727132,4.440892098500626e-16,2.0,0
-0.26054702847217864,-0.19603428015147562,-1.990369453394393,0
-0.03787703995603305,-0.21696083777936262,-1.9466861376540276,0
0.18533035022351185,-0.23713906610812205,-1.8999617037780747,0
-0.15555256260375425,-0.28832046710270154,-1.8882684674594497,0
-0.005591931235278369,-0.33150354534397963,-1.8625521986743325,0
0.00612005671833773,-0.37709690245515515,-1.844265948444162,0
-0.03449080752379629,-0.4232389998707706,-1.826147716621472,0
-0.004727187709221012,-0.43058236603674743,-1.776906294387224,0
-0.01926759096492101,-0.47645551664428015,-1.758410566401352,0
-0.008098800807879834,-0.4835911390248226,-1.7095098021735293,0
-0.011031239489109279,-0.5296152599148009,-1.690820067663604,0
-0.008623715689571654,-0.5754924991335443,-1.6724067251201478,0
-0.010666082401154567,-0.5826153788396277,-1.6237125703491808,0
-0.010178223311977928,-0.5897173596129556,-1.5749957551347256,0
-0.010269976170770434,-0.6354759842480163,-1.5568159013798888,0
-0.01010193976744888,-0.6426195207666955,-1.5080911209063426,0
-0.009790157755716974,-0.6497186334191417,-1.4593570135546818,0
-0.009789860513341733,-0.6954271158278539,-1.4411258387087715,0
-0.009286714706935062,-0.7023420324961616,-1.3921893495941926,0
-0.008520457008345372,-0.7092503176796288,-1.3431817133480797,0
-0.00749533990529487,-0.7163847937734593,-1.2942565448041978,0
-0.006203470992236983,-0.7235384116666659,-1.2453013003900397,0
-0.004569573196211373,-0.7306922949542707,-1.1963007167111268,0
-0.0028793831571070137,-0.7378053097650457,-1.1472542932368908,0
-0.00033714818609663393,-0.7449331261542014,-1.0981703627765917,0
0.0025607518854925014,-0.7520700421140402,-1.0491298840667835,0
0.004767223886980006,-0.7587033262266146,-1.0007220289983836,0
0.01263590739489096,-0.7673687901284948,-0.9519444206344148,0
0.00917361759519205,-0.7865824468356316,-0.907938892872845,0
0.0040917841638326135,-0.8004775023187743,-0.861165205222596,0
0.05421041044653209,-0.764956643998985,-0.8260036963431223,0
0.02267956857637764,-0.77781745930512,-0.7778174593051197,0
0.17766699298200417,-0.7424621202458416,-0.7424621202458412,0
-0.23072124881713343,-0.7573438645274835,-0.7066264541838523,0
0.20678926542471568,-0.7409511253169009,-0.6715589548890091,0
-0.01088624917750892,-0.4449460747533203,1.6790173877211063,0
-0.010242051404545123,-0.4908311031934572,1.6605567674059463,0
-0.010223355329434284,-0.536773129219066,1.6420506417088343,0
-0.010144402004887728,-0.5439459904452802,1.5932758212545932,0
-0.010135383123842847,-0.5510415653227027,1.5444866858613,0
-0.010098743683198842,-0.596844146999799,1.5262651688857543,0
-0.009758300925448365,-0.6039782597480688,1.477518537945374,0
-0.009187356876880978,-0.6111480800637324,1.4287414852392362,0
-0.009246289584035035,-0.6567185461126069,1.41054403085901,0
-0.008443654912375238,-0.6635659615862533,1.36159799458182,0
-0.007370119902446783,-0.6705983158359075,1.312568675635421,0
-0.006021684063594072,-0.6776564015804261,1.2635915672346603,0
-0.004297735841424437,-0.6847226411054832,1.214656395879657,0
-0.0022715020400388224,-0.6918503760138923,1.1656636937524203,0
0.00027218999156117225,-0.6989262942126988,1.116524143579755,0
0.0032470312486413497,-0.7060440298136831,1.0674630612470482,0
0.006636978720831896,-0.7131756912586303,1.018427462285459,0
0.007478366267591322,-0.7205089177843913,0.9691573965762535,0
0.01167039162326186,-0.730898356386707,0.9191631266426121,0
0.04414381660726341,-0.7520179854041946,0.8742064999042063,0
-0.12006869426273724,-0.7162510893551981,0.8334580074997102,0
0.006671950494282004,-0.7295211679907526,0.7907584115602085,0
-0.23072124889862522,-0.7066264541838523,0.7573438645274834,0
-0.30084133950844355,-0.7071067811865474,0.7071067811865477,0
-0.012057455483547842,-0.39187120676075976,1.7462913159846023,0
-0.006575485974476274,-0.38455640201604546,1.7953901169059583,0
-0.018711377201098417,-0.338629624808918,1.813716386241133,0
0.023618537523257346,-0.29279373588153024,1.831969037211615,0
-0.021386537774747603,-0.24693433357904837,1.8501983997101288,0
-0.005835056808093183,-0.20004092410567065,1.8672936272969487,0
-0.2199547723060866,-0.18668005450213207,1.912482003698244,0
-0.07189365675571387,-0.16883687731132177,1.953263734074862,0
0.2850190266548942,-0.14712912687165142,1.9945809133815517,0
-0.285585425009321,-0.09813534843591837,1.9975909124210998,0
-0.00968866014131817,-0.04908245691215036,1.99939763739569,0
-0.008610571978407415,-0.43774403432057213,1.728005964158074,0
0.285409041833688,-0.14534510318732005,1.9218622004639243,0
0.18350441102822332,-0.24482134971605718,-1.9849590692815833,0
0.04924675162236681,-0.26420265219891687,-1.93992705931324,0
-0.13764501827014053,-0.3109393255730104,-1.9324841119494494,0
0.2159475556337482,-0.3326135246391724,-1.900868119792918,0
-0.09756047346671752,-0.37042659224067265,-1.8891167372137854,0
0.019630712538591798,-0.41470166107193496,-1.874299867335253,0
0.04544029718615796,-0.46089391745696084,-1.8578343459949782,0
0.002409502376098429,-0.46926374110706526,-1.807408800096814,0
0.014750558455320814,-0.5150815458796805,-1.789161699475861,0
-0.007451232125623986,-0.5224478890434812,-1.739632559779501,0
-0.009351212401820685,-0.5683501184756248,-1.7210843748206888,0
-0.01554815716688821,-0.6139661343585037,-1.7030452731148467,0
-0.009322727812335488,-0.6212006986037432,-1.6542411100321837,0
-0.010120243330786472,-0.6283472969829168,-1.6055394276913757,0
-0.010233175241128566,-0.6740613245801411,-1.5873789228274557,0
-0.010198637015859604,-0.6812500419346338,-1.5386390392957159,0
-0.010125134411749056,-0.6883693530345415,-1.4898868487216939,0
-0.010123594217659867,-0.7341582533156205,-1.4716750845600457,0
-0.009850095232092865,-0.7411879728250118,-1.4228288626328178,0
-0.009354505496848886,-0.7481303406665696,-1.3738845269642008,0
-0.00864368950495474,-0.7552346740026508,-1.3249485041973295,0
-0.007719554162506356,-0.7623789861215868,-1.2759793620884519,0
-0.006554690168185674,-0.7695423575567124,-1.2269854415297266,0
-0.00509963956986688,-0.7766946736178235,-1.1779431754780278,0
-0.003036909381806116,-0.7838470865153417,-1.1288722858986378,0
-0.0017907624643511177,-0.790890366096295,-1.0799691056849616,0
1.8062018817886418e-05,-0.797405326644998,-1.0316942551894785,0
0.0026408751567998084,-0.8045138581986392,-0.9863205163877234,0
0.005692086957618877,-0.8204930068773174,-0.9424436832921932,0
0.00868524647457468,-0.8358683332186897,-0.8964934793802921,0
0.01789695503227594,-0.8485281374235493,-0.8485281374235489,0
0.0072445666154297185,-0.8131727983643531,-0.8131727983643527,0
0.054210410437073676,-0.8260036963431227,-0.7649566439989844,0
0.0066719504783318735,-0.7907584115602087,-0.7295211679907526,0
0.30242211470479496,-0.7932012235640865,-0.6823007305662928,0
0.08179960428047824,-0.7730104532336322,-0.6343932843209599,0
-0.008098800808578076,-0.4835911390248218,1.7095098021735293,0
-0.011031239488801269,-0.5296152599148,1.690820067663604,0
-0.00862371568966706,-0.5754924991335434,1.6724067251201482,0
-0.01066608240107819,-0.5826153788396268,1.6237125703491813,0
-0.010178223312002526,-0.5897173596129549,1.574995755134726,0
-0.010269976170795343,-0.6354759842480157,1.5568159013798892,0
-0.010101939767488985,-0.6426195207666948,1.508091120906343,0
-0.009790157755631891,-0.649718633419141,1.4593570135546823,0
-0.009789860513368947,-0.6954271158278532,1.441125838708772,0
-0.009286714706969854,-0.7023420324961609,1.392189349594193,0
-0.00852045700830648,-0.7092503176796281,1.3431817133480801,0
-0.007495339905388872,-0.7163847937734587,1.2942565448041983,0
-0.006203470992168421,-0.7235384116666652,1.2453013003900402,0
-0.004569573196330711,-0.73069229495427,1.1963007167111273,0
-0.002879383157079086,-0.7378053097650452,1.1472542932368912,0
-0.0003371481860177529,-0.7449331261542009,1.0981703627765922,0
0.002560751885430308,-0.7520700421140397,1.049129884066784,0
0.00476722388691324,-0.7587033262266142,1.000722028998384,0
0.012635907394310688,-0.7673687901284943,0.951944420634415,0
0.009173617595027316,-0.7865824468356312,0.9079388928728455,0
0.0040917841669651294,-0.8004775023187739,0.8611652052225964,0
0.05421041043550977,-0.7649566439989846,0.8260036963431225,0
0.022679568579975735,-0.7778174593051196,0.7778174593051201,0
0.17766699297598249,-0.7424621202458411,0.7424621202458415,0
-0.23072124881490272,-0.757343864527483,0.7066264541838525,0
0.20678926547752224,-0.7409511253169007,0.6715589548890093,0
-0.004727187711698242,-0.43058236603674654,1.776906294387224,0
-0.03449080752092274,-0.42323899987076974,1.826147716621472,0
0.006120056709598042,-0.37709690245515426,1.844265948444162,0
-0.00559193122065225,-0.33150354534397874,1.8625521986743325,0
-0.1555525626295361,-0.28832046710270065,1.8882684674594497,0
0.18533035023587802,-0.23713906610812116,1.8999617037780747,0
-0.037877040018103825,-0.21696083777936168,1.9466861376540276,0
-0.26054702847514954,-0.19603428015147467,1.990369453394393,0
-0.019267590962781894,-0.47645551664427926,1.758410566401352,0
-0.10801262521612508,-0.29346094804526573,-1.978353020057941,0
0.2314402541524025,-0.3419237764754695,-1.9705552849592303,0
0.1435674714550119,-0.3583793973543501,-1.928953497594997,0
-0.20184761956288425,-0.4041925223339662,-1.9191261706157214,0
0.15945392129496774,-0.4517022244215727,-1.9051230532793944,0
-0.17883157793681692,-0.4973187530437553,-1.891262624119485,0
-0.1078497990461736,-0.5074931588058982,-1.8397788577111462,0
0.05693578664421141,-0.553348013490367,-1.8203703530745619,0
-0.03851769849792596,-0.5608423222240861,-1.7706329664453995,0
0.01744925657039109,-0.6062648719815893,-1.751734730267831,0
-0.013811160351469823,-0.6525261225288073,-1.7335608421173558,0
-0.007588767188998847,-0.6597575088839321,-1.6847794269740188,0
-0.010473500998401488,-0.6669036514610706,-1.6360853882548125,0
-0.009278926576643554,-0.712593323887193,-1.6179564319250017,0
-0.010335308282769786,-0.7197947969313142,-1.5692109021911709,0
-0.010253120879685561,-0.7270171515897218,-1.5204563177716979,0
-0.010254778606123116,-0.7728279241216159,-1.5022731639555227,0
-0.010161525601617608,-0.7800071014681168,-1.4534890869163746,0
-0.009882284272215118,-0.7870549657684801,-1.4045887967937636,0
-0.009444402057581444,-0.7941288541434659,-1.3556682228015366,0
-0.00881269354188234,-0.801250075625209,-1.3066951378897946,0
-0.007944443045818178,-0.8084123219822719,-1.2576940597915367,0
-0.006821860267794356,-0.815584512074619,-1.2086577201513367,0
-0.005520044716317347,-0.8227597875343617,-1.1596041835050919,0
-0.004115354977683939,-0.8299476668430565,-1.1105145298528376,0
-0.0016656907215429494,-0.8365872251933942,-1.0638007667577536,0
0.0003285704824729902,-0.847211804456281,-1.0193124739850628,0
0.0011674417952785981,-0.8570679705444982,-0.9769417357602941,0
0.00409462449051543,-0.8708839256634829,-0.9321043376152134,0
0.00452533243660169,-0.8838834764827455,-0.8838834764827451,0
0.008685246473857908,-0.8964934793802924,-0.8358683332186891,0
0.004091784166619076,-0.8611652052225963,-0.8004775023187739,0
0.04414381660640129,-0.8742064999042064,-0.7520179854041945,0
-0.12006869425715028,-0.8334580074997103,-0.7162510893551981,0
0.3464755004795968,-0.8388327235588685,-0.675635226371685,0
-0.32101950247075556,-0.8199934384707417,-0.6399643707553326,0
-0.5414474993007204,-0.8032075312539582,-0.595699304798085,0
-0.0074512321253798666,-0.5224478890434803,1.739632559779501,0
0.014750558443681495,-0.5150815458796796,1.789161699475861,0
0.002409502380658059,-0.46926374110706437,1.807408800096814,0
0.04544029710156128,-0.46089391745695996,1.8578343459949782,0
0.01963071262441162,-0.41470166107193407,1.874299867335253,0
-0.09756047353753977,-0.37042659224067176,1.8891167372137854,0
0.21594755568389273,-0.3326135246391715,1.900868119792918,0
-0.13764501810715285,-0.3109393255730095,1.9324841119494494,0
0.04924675155094531,-0.264202652198916,1.93992705931324,0
0.18350441074558155,-0.24482134971605624,1.9849590692815833,0
-0.009351212402761077,-0.5683501184756239,1.7210843748206892,0
-0.015548157165558327,-0.6139661343585028,1.703045273114847,0
-0.009322727812294103,-0.6212006986037423,1.654241110032184,0
-0.010120243330882994,-0.6283472969829161,1.6055394276913761,0
-0.010233175241123268,-0.6740613245801405,1.5873789228274562,0
-0.010198637015819184,-0.6812500419346331,1.5386390392957163,0
-0.010125134411689374,-0.6883693530345408,1.4898868487216943,0
-0.010123594217566588,-0.7341582533156198,1.4716750845600461,0
-0.009850095232117122,-0.7411879728250111,1.4228288626328183,0
-0.009354505496791739,-0.7481303406665689,1.3738845269642013,0
-0.008643689505022138,-0.7552346740026501,1.32494850419733,0
-0.00771955416240677,-0.7623789861215862,1.2759793620884523,0
-0.006554690168125605,-0.7695423575567117,1.226985441529727,0
-0.005099639569942289,-0.7766946736178229,1.1779431754780283,0
-0.003036909381783314,-0.7838470865153413,1.1288722858986382,0
-0.0017907624645395477,-0.7908903660962946,1.079969105684962,0
1.8062018752135408e-05,-0.7974053266449975,1.031694255189479,0
0.0026408751569165162,-0.8045138581986387,0.9863205163877239,0
0.005692086957826629,-0.820493006877317,0.9424436832921936,0
0.008685246473956016,-0.8358683332186893,0.8964934793802926,0
0.01789695503160673,-0.8485281374235488,0.8485281374235494,0
0.007244566617155136,-0.8131727983643526,0.8131727983643532,0
0.05421041043496608,-0.8260036963431222,0.7649566439989849,0
0.006671950482420578,-0.7907584115602082,0.7295211679907531,0
0.30242211472527497,-0.7932012235640863,0.6823007305662933,0
0.0817996042790986,-0.7730104532336319,0.6343932843209603,0
-0.16123461355666657,-0.39018064286380955,-1.9615705610388792,0
-0.0951318207370319,-0.43820247900857207,-1.9514042603701423,0
0.015874905621036956,-0.485960358536986,-1.9400625067070922,0
0.10099838368365306,-0.5334255134940431,-1.927552131993741,0
0.12275231786239223,-0.5444373455470715,-1.8772248490305639,0
-0.008849027613015358,-0.5977645053610172,-1.8538753727230883,0
-0.038276366824145695,-0.5974646078210561,-1.7989015125862056,0
-0.018433127679598534,-0.6441707834095818,-1.7795069687504588,0
-0.025990307909222375,-0.6903421262742446,-1.7617494259109445,0
-0.0023593793143906424,-0.6983203083882785,-1.7152798826443678,0
-0.01135136848150038,-0.7054617558284978,-1.6666170100788416,0
-0.010625272480184746,-0.7511618762505811,-1.6484669721813265,0
-0.010147014405396277,-0.7583295788868955,-1.5997660774763316,0
-0.010027321637820706,-0.7655429503290317,-1.5510105000115366,0
-0.010318248696834323,-0.8113683523643557,-1.5328851976495506,0
-0.010185001171995363,-0.8186486337617137,-1.4840822675570926,0
-0.010194868054673257,-0.8258666057212553,-1.4352804068839136,0
-0.009952746392940741,-0.833008919786461,-1.3863816745637367,0
-0.009564324188026156,-0.8401337787239325,-1.3374190702461695,0
-0.008964340892856141,-0.8472911698935413,-1.2884168824373485,0
-0.008147034880954529,-0.8544583756322541,-1.2394093715624719,0
-0.0071714003651532085,-0.8616452898421838,-1.1903396385189156,0
-0.006021024929860434,-0.8689016698785652,-1.1412819189335406,0
-0.003795069161784235,-0.8761097144326553,-1.0921334451713196,0
-0.0011254174626011571,-0.886018159192734,-1.0497777463708255,0
-0.0035331182434055267,-0.8992448682242825,-1.0079905199259926,0
-0.0018233253356266961,-0.9074877267618233,-0.9655136764949125,0
0.0027336713039517327,-0.9192388155419373,-0.919238815541937,0
0.004094624490572102,-0.9321043376152137,-0.8708839256634825,0
0.005692086957704858,-0.9424436832921935,-0.8204930068773172,0
0.00917361759535565,-0.9079388928728455,-0.786582446835631,0
0.01167039162374429,-0.9191631266426121,-0.730898356386707,0
0.023487079573694128,-0.8828824922109074,-0.6932460691234071,0
-0.17404129815764424,-0.8646284560488972,-0.6464138720581942,0
0.043456202040230464,-0.8491017720403067,-0.602425102186032,0
0.5869725676760574,-0.8314696120142536,-0.555570233451061,0
-0.03851769848669122,-0.5608423222240853,1.7706329664454,0
0.017449256562469758,-0.6062648719815884,1.7517347302678314,0
-0.013811160347294899,-0.6525261225288064,1.7335608421173563,0
-0.007588767190663049,-0.6597575088839313,1.6847794269740193,0
-0.010473500998059875,-0.6669036514610697,1.636085388254813,0
-0.009278926576775284,-0.7125933238871921,1.6179564319250022,0
-0.010335308282762495,-0.7197947969313135,1.5692109021911713,0
-0.010253120879645644,-0.7270171515897211,1.5204563177716983,0
-0.010254778606142649,-0.7728279241216153,1.5022731639555231,0
-0.01016152560164474,-0.7800071014681161,1.453489086916375,0
-0.009882284272182254,-0.7870549657684794,1.404588796793764,0
-0.009444402057548986,-0.7941288541434652,1.355668222801537,0
-0.008812693541975723,-0.8012500756252083,1.306695137889795,0
-0.007944443045790239,-0.8084123219822712,1.2576940597915371,0
-0.006821860267838742,-0.8155845120746184,1.208657720151337,0
-0.005520044716368335,-0.8227597875343611,1.1596041835050923,0
-0.004115354977655604,-0.8299476668430561,1.110514529852838,0
-0.0016656907215250297,-0.8365872251933938,1.063800766757754,0
0.00032857048257608975,-0.8472118044562805,1.0193124739850632,0
0.001167441795176648,-0.8570679705444978,0.9769417357602945,0
0.004094624490411316,-0.8708839256634825,0.9321043376152138,0
0.0045253324369161395,-0.883883476482745,0.8838834764827456,0
0.008685246473799311,-0.896493479380292,0.8358683332186896,0
0.004091784166547401,-0.8611652052225959,0.8004775023187743,0
0.04414381660750226,-0.874206499904206,0.752017985404195,0
-0.12006869426394408,-0.8334580074997099,0.7162510893551985,0
0.34647550047442016,-0.8388327235588683,0.6756352263716855,0
-0.32101950249965416,-0.8199934384707415,0.6399643707553331,0
-0.5414474992769106,-0.8032075312539579,0.5956993047980854,0
-0.10784979897699175,-0.5074931588058973,1.8397788577111462,0
0.0569357866017743,-0.5533480134903661,1.8203703530745623,0
-0.17883157799216656,-0.4973187530437544,1.891262624119485,0
0.15945392133798156,-0.4517022244215718,1.9051230532793944,0
-0.20184761954112584,-0.4041925223339653,1.9191261706157214,0
0.14356747130155145,-0.3583793973543492,1.928953497594997,0
0.23144025432588092,-0.3419237764754685,1.9705552849592303,0
-0.1080126249722257,-0.29346094804526474,1.978353020057941,0
0.4109668477450414,-0.580569352912518,-1.9138806719486825,0
-0.7170901390317818,-0.6273634790264138,-1.8990563617712548,0
-0.27579241359783097,-0.6487764114902581,-1.8523616892636545,0
0.1500588071783039,-0.6824658404162995,-1.8109650460711089,0
-0.06075202037227249,-0.6330250176403873,-1.8167133472220505,0
-0.027451874749578477,-0.7369145005194959,-1.7457336883349848,0
-0.010343607765908038,-0.7440312115514952,-1.6971085224516547,0
-0.004966010899538201,-0.789730463999451,-1.6789596856065516,0
-0.008292935870663615,-0.7968609085091013,-1.6303125295994736,0
-0.010226356688320495,-0.8040236174141518,-1.5816391289494836,0
-0.009079753549313455,-0.8498033120769782,-1.5635036541434528,0
-0.010314401417067723,-0.8571680851395626,-1.5147111735839165,0
-0.010213017531549974,-0.8645266627553884,-1.4658786511622857,0
-0.01014731837472582,-0.8717536437363368,-1.4170391448831958,0
-0.01000208943623065,-0.8789474002831328,-1.3681199568820988,0
-0.009634705644192674,-0.8861488818067376,-1.3191457062150866,0
-0.009166326364315584,-0.8932423498421285,-1.2702721379983346,0
-0.008552406186245438,-0.9002239384997026,-1.2212340356289768,0
-0.007803104720124652,-0.907435522928018,-1.1720005014611148,0
-0.006845171943638207,-0.9148550177960539,-1.1228879746071885,0
-0.005426699573160585,-0.9225103656827293,-1.0786828492309446,0
-0.004715897193660658,-0.9316621481000643,-1.0398384241686518,0
-0.0034310885213667203,-0.9441475346320695,-0.999783972903538,0
-0.0015983501165222707,-0.954594154601127,-0.9545941546011266,0
-0.0018233253356054362,-0.9655136764949128,-0.9074877267618229,0
0.001167441795352171,-0.9769417357602944,-0.8570679705444979,0
0.0026408751568901875,-0.9863205163877237,-0.8045138581986387,0
0.012635907394347628,-0.951944420634415,-0.7673687901284945,0
0.007478366266908841,-0.9691573965762535,-0.7205089177843914,0
0.02382393854718423,-0.9383748880661856,-0.6817563194080359,0
-0.002065514873913092,-0.9102342841420921,-0.6434724295602682,0
0.35708220767501186,-0.8888238183250661,-0.6092706411441624,0
0.11190060044263923,-0.8854187084023334,-0.5628629356729575,0
-0.23657586357103305,-0.8577286096775257,-0.5141027447316913,0
-0.06973553215837563,-0.7289465041660186,-1.7850367805236529,0
-0.03827636680448906,-0.5974646078210553,1.798901512586206,0
-0.00884902763052794,-0.5977645053610163,1.8538753727230888,0
0.12275231789724567,-0.5444373455470706,1.8772248490305643,0
0.10099838366123293,-0.5334255134940422,1.927552131993741,0
0.015874905562475245,-0.4859603585369851,1.9400625067070922,0
-0.09513182059016098,-0.4382024790085712,1.9514042603701423,0
-0.1612346138074478,-0.39018064286380855,1.9615705610388792,0
-0.018433127684897837,-0.6441707834095809,1.7795069687504592,0
-0.025990307910196447,-0.6903421262742437,1.761749425910945,0
-0.0023593793138053138,-0.6983203083882776,1.7152798826443683,0
-0.011351368481251026,-0.7054617558284969,1.666617010078842,0
-0.010625272480042988,-0.7511618762505802,1.648466972181327,0
-0.010147014405459974,-0.7583295788868948,1.599766077476332,0
-0.010027321637821891,-0.7655429503290311,1.551010500011537,0
-0.010318248696631598,-0.811368352364355,1.532885197649551,0
-0.010185001172021008,-0.818648633761713,1.484082267557093,0
-0.010194868054747085,-0.8258666057212546,1.435280406883914,0
-0.009952746392964977,-0.8330089197864603,1.3863816745637372,0
-0.009564324188024213,-0.8401337787239318,1.33741907024617,0
-0.008964340892873127,-0.8472911698935406,1.288416882437349,0
-0.008147034880986968,-0.8544583756322535,1.2394093715624723,0
-0.007171400365195097,-0.8616452898421831,1.190339638518916,0
-0.0060210249297960395,-0.8689016698785648,1.141281918933541,0
-0.003795069161776231,-0.8761097144326548,1.09213344517132,0
-0.001125417462616217,-0.8860181591927335,1.049777746370826,0
-0.0035331182432971203,-0.8992448682242821,1.007990519925993,0
-0.001823325335539377,-0.9074877267618229,0.9655136764949129,0
0.002733671304000945,-0.9192388155419369,0.9192388155419374,0
0.004094624490667972,-0.9321043376152133,0.8708839256634829,0
0.005692086957633749,-0.9424436832921931,0.8204930068773176,0
0.009173617595280662,-0.907938892872845,0.7865824468356315,0
0.011670391621835797,-0.9191631266426117,0.7308983563867074,0
0.02348707957893477,-0.882882492210907,0.6932460691234076,0
-0.17404129816231426,-0.8646284560488969,0.6464138720581947,0
0.04345620207842026,-0.8491017720403065,0.6024251021860324,0
0.5869725676540484,-0.8314696120142534,0.5555702334510615,0
-0.025811584129020154,-0.6737797048764511,-1.8830881310487306,0
0.512705115943572,-0.6872964747462751,-1.8490105069204625,0
-0.30744962961041356,-0.7248027001288624,-1.8263860521078545,0
0.09984123991884944,-0.7692677476283023,-1.8031962761698497,0
0.12104290669705235,-0.7730950325326,-1.7642356600390239,0
0.007165734317246358,-0.7825891545040653,-1.7275986306707736,0
-0.031196562693267028,-0.8277856665208867,-1.7081406940588748,0
-0.014490228637963167,-0.835435638117683,-1.6608108080159198,0
-0.010777648150891198,-0.8425750126353112,-1.6121746101227339,0
-0.012087745651190886,-0.888285733206052,-1.5939976476546096,0
-0.010142097692675062,-0.8956190673038172,-1.5453504217494265,0
-0.009848670515127984,-0.9030424825751214,-1.4965668492416895,0
-0.010283378553971356,-0.9104239655038598,-1.4476947879023516,0
-0.010141315472531312,-0.9176465317578048,-1.3988197810161076,0
-0.01006227694495001,-0.9247762276904181,-1.3498765079168826,0
-0.00978798708196571,-0.9320499721060274,-1.3009381800132749,0
-0.009456632406644612,-0.9386685172308538,-1.252077621284581,0
-0.008987201710669551,-0.9454225379161176,-1.2026530697325697,0
-0.007465787881161529,-0.9538778719754055,-1.1525894798096508,0
-0.0070421317247635175,-0.9613702829909496,-1.104589151631273,0
-0.006260206998726894,-0.9597710319208205,-1.066529847061606,0
-0.005750622070304545,-0.9780984096862496,-1.0335550375972977,0
-0.003187521864821016,-0.9899494936603925,-0.9899494936603922,0
-0.003431088521333025,-0.9997839729035384,-0.944147534632069,0
-0.0035331182432457326,-1.0079905199259933,-0.8992448682242821,0
0.0003285704825669987,-1.0193124739850632,-0.8472118044562805,0
1.8062018632214475e-05,-1.0316942551894792,-0.7974053266449975,0
0.004767223887048106,-1.0007220289983842,-0.7587033262266143,0
0.006636978720716738,-1.0184274622854592,-0.7131756912586303,0
0.013295579534405206,-0.9876834621372895,-0.6743661377210691,0
0.01666568629578162,-0.9569884918183371,-0.6355951571603494,0
-0.033054696468246894,-0.92651126068227,-0.5967194625730223,0
-0.08053012359108518,-0.9361280574853372,-0.5517769301698232,0
-0.17339101935424583,-0.9068094239343711,-0.513701194335582,0
-0.03364086278207273,-0.8819212639620182,-0.4713967375487831,0
-0.06075202036270909,-0.6330250176403864,1.816713347222051,0
-0.2757924135743559,-0.6487764114902572,1.852361689263655,0
-0.7170901389373346,-0.6273634790264129,1.8990563617712553,0
0.41096684769637337,-0.5805693529125171,1.913880671948683,0
0.15005880717390832,-0.6824658404162987,1.8109650460711093,0
-0.06973553215389833,-0.7289465041660177,1.7850367805236533,0
-0.027451874754218782,-0.736914500519495,1.7457336883349852,0
-0.010343607767328991,-0.7440312115514943,1.697108522451655,0
-0.004966010899120835,-0.7897304639994501,1.678959685606552,0
-0.00829293587014971,-0.7968609085091004,1.630312529599474,0
-0.010226356688612923,-0.8040236174141512,1.581639128949484,0
-0.009079753549816296,-0.8498033120769776,1.5635036541434533,0
-0.010314401417017538,-0.8571680851395619,1.514711173583917,0
-0.010213017531515895,-0.8645266627553877,1.465878651162286,0
-0.010147318374741891,-0.8717536437363361,1.4170391448831963,0
-0.01000208943620309,-0.8789474002831321,1.3681199568820992,0
-0.009634705644213188,-0.8861488818067369,1.319145706215087,0
-0.009166326364294684,-0.8932423498421278,1.270272137998335,0
-0.008552406186214556,-0.900223938499702,1.2212340356289773,0
-0.007803104720080009,-0.9074355229280173,1.1720005014611152,0
-0.00684517194363878,-0.9148550177960535,1.122887974607189,0
-0.00542669957320421,-0.9225103656827288,1.078682849230945,0
-0.004715897193516846,-0.9316621481000639,1.0398384241686522,0
-0.0034310885213101622,-0.944147534632069,0.9997839729035385,0
-0.0015983501166252478,-0.9545941546011265,0.9545941546011271,0
-0.001823325335564581,-0.9655136764949124,0.9074877267618233,0
0.0011674417953536805,-0.976941735760294,0.8570679705444983,0
0.0026408751567320184,-0.9863205163877232,0.8045138581986392,0
0.012635907394872676,-0.9519444206344145,0.7673687901284949,0
0.00747836626680904,-0.9691573965762531,0.7205089177843919,0
0.02382393854894439,-0.9383748880661854,0.6817563194080364,0
-0.0020655148818117144,-0.9102342841420918,0.6434724295602686,0
0.3570822076841151,-0.8888238183250659,0.6092706411441629,0
0.1119006004100606,-0.8854187084023332,0.562862935672958,0
-0.23657586360375524,-0.8577286096775255,0.5141027447316917,0
0.19965261839601867,-0.7197900710654337,-1.8659855984427145,0
-0.2843487542278943,-0.7653668625933487,-1.8477590659076777,0
0.10325469284459189,-0.8104826260323441,-1.8284195122836866,0
-0.041656823410239456,-0.8130398910836052,-1.7848688434964368,0
-0.16627485465511999,-0.8181177421772898,-1.7449471571492545,0
0.16676430715341992,-0.8591907170320681,-1.7248551399105947,0
0.005795106020055166,-0.8740028702202599,-1.6913182881099476,0
0.0029217174820045867,-0.881110629377876,-1.6425687100191537,0
-0.019060476313350627,-0.9268313180137048,-1.6243953774495605,0
-0.005371000239510573,-0.9340245002836746,-1.5758482220911898,0
-0.010678970449968921,-0.9413242710186297,-1.5271011452976297,0
-0.009657404826035049,-0.9486054715424809,-1.478366484011826,0
-0.010420494663635661,-0.9557742848212268,-1.4295442800431717,0
-0.010340646620701199,-0.9629108655293448,-1.3805933683904288,0
-0.010088397323599988,-0.9700535395640819,-1.3315456465566489,0
-0.00999012975949235,-0.977200852462579,-1.282496138898013,0
-0.009471642060613248,-0.9837053122634669,-1.2333387617123888,0
-0.008285675327926895,-0.9918263606010753,-1.183273242057018,0
-0.00844943152430875,-1.0023575096202184,-1.1301329393687427,0
-0.008146221076700206,-1.005213953144108,-1.0759837726798638,0
-0.005083236269663749,-1.02530483271961,-1.02530483271961,0
-0.00575062207031285,-1.033555037597298,-0.9780984096862491,0
-0.004715897193805158,-1.039838424168652,-0.9316621481000639,0
-0.0011254174626256265,-1.0497777463708262,-0.8860181591927335,0
-0.001665690721494914,-1.0638007667577543,-0.8365872251933936,0
-0.0017907624645092837,-1.0799691056849623,-0.7908903660962946,0
0.0025607518854590104,-1.0491298840667842,-0.7520700421140397,0
0.0032470312486542834,-1.0674630612470482,-0.7060440298136832,0
0.008556342017429627,-1.0370883386700331,-0.6672421139883848,0
0.0033287145034669096,-1.0059047240256822,-0.6284573073799115,0
0.07585215529788521,-0.9734586599499815,-0.5901000355418001,0
-0.00400672297507258,-0.9927589581188689,-0.5454051006855593,0
0.17461694057607036,-0.9587496398174937,-0.5078971467827021,0
0.2329289698116013,-0.9305459785467523,-0.4678329115627789,0
-0.09492631526189282,-0.9039892927095291,-0.4275550943054303,0
0.5127051159246446,-0.6872964747462742,1.849010506920463,0
-0.3074496296000294,-0.7248027001288615,1.826386052107855,0
0.09984123989403516,-0.7692677476283014,1.8031962761698501,0
0.12104290670271899,-0.7730950325325991,1.7642356600390243,0
0.007165734327073921,-0.7825891545040644,1.727598630670774,0
-0.031196562697583932,-0.8277856665208858,1.7081406940588753,0
-0.014490228640679535,-0.8354356381176821,1.6608108080159203,0
-0.010777648149487406,-0.8425750126353105,1.6121746101227343,0
-0.012087745650567042,-0.8882857332060513,1.59399764765461,0
-0.010142097692630508,-0.8956190673038166,1.545350421749427,0
-0.009848670515337676,-0.9030424825751208,1.49656684924169,0
-0.010283378554019562,-0.9104239655038592,1.447694787902352,0
-0.010141315472469204,-0.9176465317578041,1.398819781016108,0
-0.010062276944964603,-0.9247762276904175,1.349876507916883,0
-0.00978798708210679,-0.9320499721060267,1.3009381800132753,0
-0.009456632406655003,-0.9386685172308531,1.2520776212845814,0
-0.00898720171072263,-0.945422537916117,1.2026530697325701,0
-0.0074657878812264735,-0.9538778719754051,1.1525894798096512,0
-0.007042131724837045,-0.9613702829909492,1.1045891516312734,0
-0.006260206998673906,-0.95977103192082,1.0665298470616065,0
-0.0057506220702914545,-0.9780984096862492,1.0335550375972982,0
-0.0031875218649257972,-0.9899494936603921,0.9899494936603926,0
-0.0034310885214053626,-0.9997839729035379,0.9441475346320695,0
-0.0035331182433036607,-1.0079905199259929,0.8992448682242825,0
0.00032857048256246815,-1.0193124739850628,0.847211804456281,0
1.8062018726164985e-05,-1.0316942551894788,0.797405326644998,0
0.004767223887022057,-1.0007220289983838,0.7587033262266147,0
0.006636978720733998,-1.0184274622854588,0.7131756912586308,0
0.013295579535021147,-0.9876834621372893,0.6743661377210696,0
0.01666568629167683,-0.9569884918183369,0.6355951571603499,0
-0.03305469644710237,-0.9265112606822697,0.5967194625730228,0
-0.08053012361953105,-0.936128057485337,0.5517769301698237,0
-0.17339101932995207,-0.9068094239343709,0.5137011943355825,0
-0.0336408626921981,-0.881921263962018,0.4713967375487834,0
-0.025811584050445965,-0.6737797048764502,1.883088131048731,0
0.023657308718475375,-0.8551101849915401,-1.8079785871308685,0
0.010304796301729504,-0.8579788665175605,-1.7635396326281556,0
-0.0050518236843507406,-0.8999310898600803,-1.7307615682818225,0
-0.046819398738328306,-0.9194998606407797,-1.6726070337701626,0
0.040744984600725336,-0.9663101389930696,-1.655941631418573,0
-0.011908651949743939,-0.9720817765919002,-1.6049907924632039,0
-0.007248700590194136,-0.9796895472987072,-1.5574678926984258,0
-0.011140068617986365,-0.9868807959089335,-1.5089024547528158,0
-0.009812976897922026,-0.993963345829847,-1.460050818167383,0
-0.009762630377811816,-1.0009250430854604,-1.4111741489903107,0
-0.010255982253069021,-1.0080270933243913,-1.3621722235925007,0
-0.01025845436825634,-1.015219633626509,-1.3130555846502747,0
-0.009764885496950282,-1.02242647146631,-1.2639901261585638,0
-0.010540922552467587,-1.0292046391021472,-1.2150616490964647,0
-0.00899006463480969,-1.0377908299233853,-1.1638414457043698,0
-0.0094355158237161,-1.0477192195237581,-1.1089564630933058,0
-0.007681641229954685,-1.060660171778835,-1.060660171778834,0
-0.008146221076649404,-1.075983772679864,-1.005213953144108,0
-0.006260206998732867,-1.066529847061606,-0.9597710319208198,0
-0.005426699573228484,-1.0786828492309453,-0.9225103656827289,0
-0.003795069161597996,-1.0921334451713203,-0.8761097144326551,0
-0.004115354977502524,-1.1105145298528383,-0.8299476668430563,0
-0.0030369093817926786,-1.1288722858986382,-0.7838470865153415,0
-0.00033714818596484016,-1.0981703627765922,-0.744933126154201,0
0.0002721899917337534,-1.1165241435797553,-0.698926294212699,0
0.00312528711836045,-1.0862786488067353,-0.660110346307951,0
0.012010755526350723,-1.0556809766282143,-0.6215807479295324,0
0.006195443448615087,-1.0250348469647783,-0.583221971506589,0
0.02777964143078827,-1.0443954244305542,-0.5379745258904913,0
0.003941553736882076,-1.0131041598173953,-0.49977072212129686,0
-0.042866001233957264,-0.9813884521041311,-0.4615420620437505,0
-0.1480799181770184,-0.9527773036306834,-0.4216012026929773,0
-0.10800527964026574,-0.923879532095688,-0.3826834333684341,0
0.19965261831902073,-0.7197900710654328,1.865985598442715,0
-0.2843487543813552,-0.7653668625933479,1.8477590659076781,0
0.10325469291588191,-0.8104826260323432,1.828419512283687,0
-0.04165682338835356,-0.8130398910836043,1.7848688434964373,0
-0.16627485469202882,-0.8181177421772889,1.744947157149255,0
0.16676430716029017,-0.8591907170320672,1.7248551399105951,0
0.00579510604062125,-0.874002870220259,1.691318288109948,0
0.002921717477396667,-0.8811106293778751,1.6425687100191542,0
-0.019060476314435963,-0.9268313180137039,1.624395377449561,0
-0.005371000240930471,-0.9340245002836739,1.5758482220911902,0
-0.010678970449568424,-0.941324271018629,1.5271011452976302,0
-0.009657404825966784,-0.9486054715424802,1.4783664840118265,0
-0.010420494663582285,-0.9557742848212262,1.4295442800431721,0
-0.010340646620626396,-0.9629108655293441,1.3805933683904292,0
-0.0100883973235871,-0.9700535395640812,1.3315456465566493,0
-0.009990129759445354,-0.9772008524625784,1.2824961388980134,0
-0.009471642060630954,-0.9837053122634662,1.2333387617123892,0
-0.008285675327908795,-0.9918263606010747,1.1832732420570184,0
-0.008449431524326246,-1.002357509620218,1.1301329393687432,0
-0.008146221076785315,-1.0052139531441076,1.0759837726798642,0
-0.005083236269670402,-1.0253048327196095,1.0253048327196104,0
-0.005750622070246916,-1.0335550375972975,0.9780984096862495,0
-0.0047158971936832285,-1.0398384241686516,0.9316621481000643,0
-0.0011254174626158671,-1.0497777463708258,0.886018159192734,0
-0.0016656907215341324,-1.0638007667577538,0.836587225193394,0
-0.001790762464583238,-1.0799691056849618,0.790890366096295,0
0.002560751885374305,-1.0491298840667838,0.7520700421140402,0
0.0032470312486161603,-1.0674630612470477,0.7060440298136836,0
0.008556342017353771,-1.0370883386700327,0.6672421139883853,0
0.003328714503629316,-1.0059047240256818,0.6284573073799119,0
0.07585215530085551,-0.9734586599499813,0.5901000355418006,0
-0.004006722973858465,-0.9927589581188687,0.5454051006855597,0
0.17461694059930657,-0.9587496398174935,0.5078971467827026,0
0.23292896983269326,-0.930545978546752,0.46783291156277934,0
-0.09492631537957416,-0.9039892927095289,0.42755509430543076,0
0.13660575545331644,-0.8992226575541578,-1.7864486032744515,0
-0.4167936822130607,-0.9427934721717728,-1.7638425294879059,0
-0.14426516847525908,-0.9455526259126596,-1.7137354912669878,0
0.20737167553319785,-0.9894170658473574,-1.6991428932856927,0
-0.12162451159480678,-1.0212206939993158,-1.6704061400615458,0
0.0071970092359658995,-1.0115633038189704,-1.628061441032004,0
-0.026476044233693163,-1.017297515329052,-1.5851330528217207,0
-0.005579793611950283,-1.025231410129671,-1.538643806422348,0
-0.008236836854221948,-1.0326154472307316,-1.4905333235896978,0
-0.01179980471847396,-1.0397778863928304,-1.4417874534395558,0
-0.010238338464827655,-1.046918742513807,-1.3928581946686638,0
-0.010162337866877666,-1.0540797085920952,-1.3438173532298419,0
-0.009987439655923244,-1.0612567439468203,-1.294700675071279,0
-0.010188119894625387,-1.0683035269902534,-1.2460205018494228,0
-0.010078975470634327,-1.0742707229086563,-1.198042590707686,0
-0.008349082413871405,-1.0831088974383651,-1.1443210032213658,0
-0.009517858101217523,-1.096015510838228,-1.096015510838228,0
-0.009435515823713624,-1.108956463093306,-1.047719219523758,0
-0.008449431524308456,-1.130132939368743,-1.002357509620218,0
-0.007042131724739702,-1.104589151631273,-0.9613702829909496,0
-0.006845171943664792,-1.1228879746071891,-0.9148550177960537,0
-0.0060210249298290235,-1.1412819189335413,-0.8689016698785652,0
-0.005520044716386866,-1.1596041835050923,-0.8227597875343613,0
-0.005099639569953888,-1.1779431754780283,-0.7766946736178231,0
-0.0028793831571188398,-1.1472542932368912,-0.7378053097650455,0
-0.0022715020401485424,-1.1656636937524203,-0.6918503760138925,0
0.0010759424908598288,-1.1352268274397053,-0.6530157385484694,0
0.004088708744739018,-1.1050348978716242,-0.6144161180048067,0
0.007859656925218,-1.0747444034304332,-0.576036630389552,0
0.006416028914934684,-1.0931193892350892,-0.5305982052874255,0
0.01624292909296447,-1.0626625393001552,-0.4922185747921499,0
0.027389012034901395,-1.0319088098025377,-0.45375032667121173,0
0.09011500505265471,-1.0018668547003047,-0.4149868402147681,0
0.10113451792576007,-0.9716515897092134,-0.3754615323548291,0
0.25629742790731186,-0.9415440648596897,-0.3368898542958702,0
0.023657308896144345,-0.8551101849915392,1.807978587130869,0
0.010304796337693023,-0.8579788665175596,1.763539632628156,0
-0.005051823708130893,-0.8999310898600794,1.730761568281823,0
-0.046819398734814485,-0.9194998606407788,1.672607033770163,0
0.04074498458250738,-0.9663101389930687,1.6559416314185735,0
-0.011908651942211758,-0.9720817765918995,1.6049907924632043,0
-0.007248700589486908,-0.9796895472987065,1.5574678926984262,0
-0.011140068617838426,-0.9868807959089329,1.5089024547528163,0
-0.009812976898351488,-0.9939633458298464,1.4600508181673835,0
-0.009762630377641935,-1.0009250430854595,1.4111741489903111,0
-0.010255982253160907,-1.0080270933243909,1.3621722235925011,0
-0.01025845436818248,-1.0152196336265085,1.3130555846502752,0
-0.009764885496852274,-1.0224264714663096,1.2639901261585642,0
-0.010540922552462549,-1.0292046391021468,1.2150616490964652,0
-0.00899006463476589,-1.037790829923385,1.1638414457043702,0
-0.00943551582371269,-1.0477192195237577,1.1089564630933062,0
-0.007681641229927752,-1.0606601717788346,1.0606601717788344,0
-0.008146221076662493,-1.0759837726798636,1.0052139531441084,0
-0.006260206998747444,-1.0665298470616056,0.9597710319208203,0
-0.0054266995732478104,-1.0786828492309448,0.9225103656827294,0
-0.003795069161721824,-1.0921334451713198,0.8761097144326555,0
-0.004115354977552819,-1.1105145298528378,0.8299476668430568,0
-0.0030369093817788875,-1.1288722858986378,0.783847086515342,0
-0.00033714818611277656,-1.0981703627765917,0.7449331261542015,0
0.0002721899916852434,-1.1165241435797548,0.6989262942126995,0
0.003125287118345813,-1.0862786488067349,0.6601103463079514,0
0.012010755526568037,-1.0556809766282138,0.6215807479295329,0
0.006195443447577759,-1.0250348469647779,0.5832219715065895,0
0.027779641431407407,-1.0443954244305538,0.5379745258904918,0
0.003941553734599448,-1.0131041598173949,0.4997707221212973,0
-0.042866001249738314,-0.9813884521041308,0.4615420620437509,0
-0.14807991823652109,-0.9527773036306831,0.42160120269297774,0
-0.10800527965911867,-0.9238795320956877,0.3826834333684345,0
0.09898103996913193,-0.9857963831335155,-1.740173982968623,0
0.24412409702633597,-1.0282054871982267,-1.715457220712734,0
-0.0737928848255313,-1.0699952387551894,-1.6897071311446918,0
0.024962727811993903,-1.0603868659140898,-1.6429902325305348,0
0.00833448895403976,-1.0523859876889468,-1.6043549483657267,0
0.0049336398576445345,-1.0625045965474997,-1.566990413645044,0
-0.021672273111347225,-1.0711871529369181,-1.5208376012295797,0
-0.00495732336423857,-1.0784979815361526,-1.4723673738266578,0
-0.0071195039968624365,-1.0857337865222756,-1.4235540481775788,0
-0.010245229620132398,-1.0929610389939883,-1.3745837236801297,0
-0.009856734240570165,-1.1002002349559223,-1.3255134555286279,0
-0.0102337310282162,-1.1075240274466882,-1.276542672442031,0
-0.010215577695985321,-1.1138145911334163,-1.2286978455988207,0
-0.009879721740944255,-1.12133901547109,-1.1800151818520888,0
-0.01075618447745288,-1.131370849897643,-1.131370849897643,0
-0.008349082413880552,-1.144321003221366,-1.083108897438365,0
-0.008990064634736714,-1.16384144570437,-1.037790829923385,0
-0.008285675327906077,-1.183273242057018,-0.991826360601075,0
-0.0074657878811781484,-1.152589479809651,-0.9538778719754051,0
-0.007803104720190285,-1.1720005014611152,-0.9074355229280173,0
-0.007171400365214426,-1.1903396385189162,-0.8616452898421832,0
-0.006821860267763547,-1.2086577201513373,-0.8155845120746188,0
-0.006554690168070015,-1.2269854415297272,-0.769542357556712,0
-0.004569573196379435,-1.1963007167111273,-0.7306922949542702,0
-0.0042977358414227895,-1.2146563958796572,-0.6847226411054834,0
-0.00193611785116753,-1.1839693460500362,-0.6459818153175605,0
0.001202266271452921,-1.1536334045363281,-0.6072315446350103,0
0.005827611943356869,-1.1235534294985563,-0.568803276698792,0
0.005652546384177229,-1.1419135844831623,-0.5236219767656425,0
0.009883297266756597,-1.1114046269006421,-0.48508230693625176,0
0.0157965077065487,-1.0808417087652378,-0.44652830435797247,0
0.012614832892806075,-1.0504493620355848,-0.40801797593575956,0
0.0037508134164251894,-1.0196738491723587,-0.36804582227001204,0
0.08782689831113659,-0.9886217685443471,-0.328423529770059,0
-0.3354865560972254,-0.9569403354952273,-0.2902846780356864,0
0.13660575546971657,-0.8992226575541569,1.786448603274452,0
-0.4167936824191443,-0.9427934721717719,1.7638425294879063,0
-0.14426516847294624,-0.9455526259126588,1.7137354912669882,0
0.20737167550915694,-0.9894170658473566,1.6991428932856931,0
-0.12162451155031931,-1.021220693999315,1.6704061400615462,0
0.007197009256025577,-1.0115633038189695,1.6280614410320045,0
-0.026476044242373944,-1.017297515329051,1.5851330528217211,0
-0.005579793615131318,-1.02523141012967,1.5386438064223484,0
-0.008236836851831202,-1.0326154472307307,1.4905333235896983,0
-0.011799804718997909,-1.0397778863928295,1.4417874534395563,0
-0.01023833846433469,-1.046918742513806,1.3928581946686642,0
-0.010162337867019242,-1.0540797085920948,1.3438173532298423,0
-0.009987439655960443,-1.06125674394682,1.2947006750712795,0
-0.010188119894677215,-1.068303526990253,1.2460205018494233,0
-0.01007897547070074,-1.0742707229086559,1.1980425907076864,0
-0.008349082413800505,-1.0831088974383647,1.1443210032213662,0
-0.009517858101162116,-1.0960155108382275,1.0960155108382283,0
-0.009435515823743901,-1.1089564630933055,1.0477192195237583,0
-0.008449431524320497,-1.1301329393687425,1.0023575096202184,0
-0.007042131724725856,-1.1045891516312725,0.9613702829909501,0
-0.0068451719435886176,-1.1228879746071887,0.9148550177960542,0
-0.006021024929826995,-1.1412819189335408,0.8689016698785657,0
-0.00552004471626506,-1.1596041835050919,0.8227597875343617,0
-0.005099639569936793,-1.1779431754780278,0.7766946736178235,0
-0.002879383157064604,-1.1472542932368908,0.737805309765046,0
-0.0022715020400448965,-1.1656636937524198,0.691850376013893,0
0.0010759424909252227,-1.1352268274397048,0.6530157385484698,0
0.004088708744657893,-1.1050348978716238,0.6144161180048071,0
0.007859656925202897,-1.0747444034304328,0.5760366303895524,0
0.006416028914469402,-1.0931193892350888,0.530598205287426,0
0.016242929093387665,-1.0626625393001548,0.49221857479215037,0
0.027389012033568035,-1.0319088098025377,0.4537503266712122,0
0.09011500506879394,-1.0018668547003047,0.41498684021476856,0
0.10113451797387119,-0.9716515897092132,0.37546153235482954,0
0.25629742806226036,-0.9415440648596894,0.33688985429587065,0
-0.18229405911377156,-1.1111404650968706,-1.6629392252347377,0
-0.019248811558343442,-1.0995403595284647,-1.6016822578634728,0
0.014378771388508911,-1.1093851536719468,-1.5512908151674178,0
-0.00781964361309581,-1.117178766409959,-1.5030160473399448,0
-0.022571708350978055,-1.124362029709829,-1.454309247612962,0
-0.010387639540490799,-1.1315088933132595,-1.40568136286468,0
-0.009990008899752763,-1.1381324890747582,-1.356693910863326,0
-0.009898048345029716,-1.1445467533678664,-1.3075804978989878,0
-0.010573021660498476,-1.1508934126061732,-1.261232679351175,0
-0.010358281827879684,-1.158595027346591,-1.215193486436476,0
-0.010215663765965152,-1.16672618895708,-1.16672618895708,0
-0.009879721740984893,-1.180015181852089,-1.12133901547109,0
-0.010078975470619372,-1.198042590707686,-1.074270722908656,0
-0.010540922552491103,-1.215061649096465,-1.029204639102147,0
-0.00947164206062218,-1.233338761712389,-0.9837053122634665,0
-0.008987201710740168,-1.20265306973257,-0.9454225379161174,0
-0.00855240618631178,-1.2212340356289773,-0.9002239384997021,0
-0.008147034880826493,-1.2394093715624723,-0.8544583756322532,0
-0.007944443045736134,-1.2576940597915371,-0.808412321982271,0
-0.007719554162517894,-1.2759793620884523,-0.762378986121586,0
-0.006203470992119398,-1.2453013003900402,-0.7235384116666651,0
-0.006021684063600221,-1.2635915672346603,-0.6776564015804261,0
-0.004023158628646994,-1.2329549199999392,-0.6390321440222385,0
-0.001553695683080971,-1.2025871732685862,-0.6003896438029138,0
0.0011968406343568234,-1.1722197755310901,-0.5618783883164289,0
0.0017401998962292694,-1.1906237762489842,-0.5164565675553583,0
0.005397417001754527,-1.1601088432316402,-0.47796116122522575,0
0.009505294523734373,-1.1295773861480758,-0.4393593616532308,0
0.017479755447299662,-1.0990421277971378,-0.40074244350015226,0
0.021665519295475888,-1.0686406496426588,-0.36222177997824473,0
0.08433063412988827,-1.0368128704020467,-0.31916327536641154,0
-0.10636906553763625,-1.004197890929559,-0.2789406504611346,0
-0.41869532150267375,-0.9700312530284172,-0.24298018056647946,0
0.09898103993632629,-0.9857963831335146,1.7401739829686234,0
0.24412409718384942,-1.0282054871982258,1.7154572207127345,0
-0.0737928846972785,-1.0699952387551885,1.6897071311446923,0
0.02496272783229324,-1.060386865914089,1.6429902325305352,0
0.008334488924359602,-1.0523859876889459,1.6043549483657271,0
0.0049336398947214515,-1.0625045965474988,1.5669904136450445,0
-0.021672273119970838,-1.0711871529369172,1.5208376012295801,0
-0.004957323363216744,-1.0784979815361517,1.4723673738266583,0
-0.007119503998593636,-1.0857337865222747,1.4235540481775792,0
-0.010245229620242756,-1.0929610389939879,1.3745837236801302,0
-0.00985673424058552,-1.100200234955922,1.3255134555286283,0
-0.0102337310282369,-1.1075240274466878,1.2765426724420315,0
-0.010215577696062631,-1.1138145911334159,1.2286978455988211,0
-0.009879721740921945,-1.1213390154710896,1.1800151818520892,0
-0.010756184477398317,-1.1313708498976425,1.1313708498976434,0
-0.008349082413919321,-1.1443210032213655,1.0831088974383654,0
-0.008990064634761872,-1.1638414457043695,1.0377908299233853,0
-0.008285675327918355,-1.1832732420570176,0.9918263606010754,0
-0.007465787881124808,-1.1525894798096505,0.9538778719754055,0
-0.0078031047201595535,-1.1720005014611148,0.9074355229280178,0
-0.007171400365184558,-1.1903396385189158,0.8616452898421837,0
-0.006821860267728224,-1.2086577201513369,0.8155845120746192,0
-0.006554690168197128,-1.2269854415297268,0.7695423575567124,0
-0.004569573196423241,-1.1963007167111268,0.7306922949542707,0
-0.004297735841438015,-1.2146563958796568,0.6847226411054839,0
-0.0019361178512226085,-1.1839693460500358,0.6459818153175609,0
0.0012022662715005924,-1.1536334045363277,0.6072315446350107,0
0.005827611943410299,-1.1235534294985559,0.5688032766987925,0
0.005652546384341513,-1.1419135844831618,0.5236219767656429,0
0.009883297266485083,-1.1114046269006417,0.4850823069362522,0
0.015796507706571466,-1.0808417087652378,0.4465283043579729,0
0.012614832893984173,-1.0504493620355848,0.40801797593576,0
0.003750813397583995,-1.0196738491723587,0.3680458222700125,0
0.08782689831882257,-0.9886217685443469,0.32842352977005945,0
-0.33548655613306894,-0.9569403354952271,0.29028467803568686,0
-0.11399706825141978,-1.1516163820122887,-1.6351696268830729,0
-0.043726558226218695,-1.1494865907553757,-1.581658803163281,0
-0.06894840411079349,-1.1549512406425757,-1.5331860065540177,0
0.03416145359058617,-1.1629351188894097,-1.4849020148823837,0
0.0032115827931036636,-1.1701315577130558,-1.4362801888545997,0
-0.008027446800264595,-1.1759398820576639,-1.3873059271990267,0
-0.010033741991172745,-1.1801481223717984,-1.3397632023767907,0
-0.010641282629700854,-1.1850054935467533,-1.2930438374665658,0
-0.01013818843351396,-1.1941302515851955,-1.2497707904730477,0
-0.010249866165071016,-1.202081528016508,-1.202081528016508,0
-0.01035828182784047,-1.215193486436476,-1.158595027346591,0
-0.010215577696084792,-1.228697845598821,-1.113814591133416,0
-0.010188119894659751,-1.246020501849423,-1.068303526990253,0
-0.009764885496902133,-1.263990126158564,-1.02242647146631,0
-0.00999012975931794,-1.282496138898013,-0.9772008524625787,0
-0.00945663240664359,-1.252077621284581,-0.9386685172308532,0
-0.00916632636431141,-1.2702721379983353,-0.893242349842128,0
-0.008964340892841267,-1.2884168824373492,-0.8472911698935406,0
-0.008812693542006932,-1.3066951378897953,-0.8012500756252083,0
-0.008643689505044495,-1.3249485041973301,-0.7552346740026502,0
-0.0074953399054045544,-1.2942565448041983,-0.7163847937734589,0
-0.007370119902421548,-1.3125686756354211,-0.6705983158359075,0
-0.005842029258715969,-1.2819741079706182,-0.6320833254418003,0
-0.0038740275093606035,-1.2514551744481712,-0.5935099122618283,0
-0.0013447841483307339,-1.2209649577838952,-0.5549153801891828,0
-0.0012859436341531299,-1.2393250274103271,-0.5094748583675273,0
0.001661150960046369,-1.2087065395314422,-0.4708985323807482,0
0.005708042619247891,-1.1781463760709099,-0.4323187102210183,0
0.007728707292181862,-1.1477751322528318,-0.39359265178888525,0
0.023206760654145363,-1.1172133050891289,-0.3549575354954189,0
-0.011606196621682113,-1.0856398098607387,-0.31370862659348175,0
0.05850253746552166,-1.051901303151065,-0.26902545227753794,0
0.018292181241784194,-1.018488388592635,-0.22658593868666227,0
0.4485450350917937,-0.980785280302205,-0.19509032252401687,0
-0.1822940593496539,-1.1111404650968697,1.6629392252347381,0
-0.019248811605413647,-1.0995403595284639,1.6016822578634733,0
0.014378771375498253,-1.109385153671946,1.5512908151674183,0
-0.00781964361273953,-1.1171787664099582,1.5030160473399452,0
-0.022571708346172635,-1.124362029709828,1.4543092476129624,0
-0.01038763953881343,-1.1315088933132587,1.4056813628646805,0
-0.009990008899455088,-1.1381324890747577,1.3566939108633265,0
-0.00989804834508852,-1.144546753367866,1.3075804978989882,0
-0.010573021660346448,-1.1508934126061727,1.2612326793511754,0
-0.010358281827968156,-1.1585950273465906,1.2151934864364764,0
-0.010215663765996098,-1.1667261889570795,1.1667261889570804,0
-0.009879721740935888,-1.1800151818520885,1.1213390154710905,0
-0.010078975470622862,-1.1980425907076855,1.0742707229086566,0
-0.010540922552509841,-1.2150616490964645,1.0292046391021474,0
-0.009471642060640878,-1.2333387617123885,0.9837053122634671,0
-0.008987201710720873,-1.2026530697325695,0.9454225379161179,0
-0.008552406186279593,-1.2212340356289768,0.9002239384997025,0
-0.0081470348809373,-1.2394093715624719,0.8544583756322539,0
-0.007944443045783676,-1.2576940597915367,0.8084123219822716,0
-0.0077195541624505105,-1.2759793620884519,0.7623789861215867,0
-0.006203470992204477,-1.2453013003900397,0.7235384116666658,0
-0.00602168406352791,-1.2635915672346598,0.6776564015804267,0
-0.004023158628616547,-1.2329549199999388,0.6390321440222392,0
-0.0015536956830302737,-1.2025871732685858,0.6003896438029143,0
0.0011968406343878654,-1.1722197755310897,0.5618783883164293,0
0.0017401998961545126,-1.1906237762489837,0.5164565675553587,0
0.0053974170018022205,-1.1601088432316398,0.4779611612252263,0
0.00950529452412519,-1.1295773861480758,0.43935936165323136,0
0.017479755446173466,-1.0990421277971378,0.4007424435001527,0
0.021665519300863287,-1.0686406496426588,0.3622217799782452,0
0.0843306341358927,-1.0368128704020467,0.319163275366412,0
-0.10636906557304468,-1.004197890929559,0.27894065046113503,0
-0.418695321578734,-0.970031253028417,0.24298018056647996,0
0.19098341363677598,-1.1913986083068824,-1.6064150634641179,0
0.212985455883019,-1.1918253310997307,-1.559679832961669,0
-0.03190206388250936,-1.2000688964965516,-1.514280675926925,0
-0.06030112073317059,-1.2097062774389704,-1.4662898363627939,0
-0.029858676108614132,-1.2152428206017956,-1.4167905016275868,0
-0.010206729055812717,-1.2177970900904984,-1.3705460330161898,0
-0.009815940278871737,-1.2207035694102613,-1.3272377574731977,0
-0.011081693073396483,-1.2255534180193182,-1.2851171388757487,0
-0.008368788671153652,-1.237436867075976,-1.237436867075975,0
-0.010138188433419683,-1.249770790473048,-1.194130251585195,0
-0.01057302166037767,-1.261232679351175,-1.150893412606173,0
-0.010233731028135613,-1.276542672442031,-1.107524027446688,0
-0.009987439655951816,-1.294700675071279,-1.06125674394682,0
-0.01025845436826071,-1.313055584650275,-1.015219633626509,0
-0.010088397323582706,-1.331545646556649,-0.9700535395640812,0
-0.009787987082032299,-1.300938180013275,-0.9320499721060267,0
-0.009634705644314175,-1.3191457062150873,-0.8861488818067371,0
-0.009564324188006616,-1.3374190702461701,-0.8401337787239316,0
-0.009444402057502382,-1.3556682228015373,-0.794128854143465,0
-0.009354505496820287,-1.3738845269642013,-0.7481303406665689,0
-0.008520457008218988,-1.3431817133480801,-0.7092503176796282,0
-0.00844365491227908,-1.3615979945818202,-0.6635659615862535,0
-0.0072667223231616595,-1.3309994190427201,-0.6250597025248626,0
-0.005710878676424405,-1.3004422055586022,-0.586611387731799,0
-0.00379463958119686,-1.2698873600378853,-0.5480006094351313,0
-0.0036760405426479433,-1.2880914710239872,-0.5023621380309765,0
-0.0013531401482973038,-1.2573541431005453,-0.463832762795705,0
0.001372877412608744,-1.2266405731933698,-0.4252794204484164,0
0.006145260322388204,-1.1962167773943118,-0.3866367463329259,0
0.00662530609681112,-1.1659184707108028,-0.34784616906804716,0
0.020355171992412793,-1.134335909489621,-0.30843696583189845,0
0.010398768647941464,-1.102146110577886,-0.26891265440161627,0
0.05503318256631156,-1.062548862481097,-0.22010089776117164,0
0.2075618840231965,-1.034882314224999,-0.17875432905531205,0
0.13715966322841924,-0.989176509908181,-0.14673047483692786,0
-0.11399706830158414,-1.1516163820122878,1.6351696268830733,0
-0.04372655812415401,-1.1494865907553748,1.5816588031632814,0
-0.06894840408123626,-1.1549512406425748,1.5331860065540182,0
0.034161453576111396,-1.1629351188894088,1.4849020148823842,0
0.0032115827851926268,-1.1701315577130549,1.4362801888546002,0
-0.008027446803659266,-1.175939882057663,1.3873059271990271,0
-0.01003374199077121,-1.180148122371798,1.3397632023767911,0
-0.010641282630277044,-1.1850054935467529,1.2930438374665663,0
-0.010138188433590666,-1.194130251585195,1.2497707904730482,0
-0.010249866164924971,-1.2020815280165076,1.2020815280165085,0
-0.010358281827844524,-1.2151934864364755,1.1585950273465915,0
-0.010215577696041951,-1.2286978455988204,1.1138145911334165,0
-0.010188119894710737,-1.2460205018494226,1.0683035269902534,0
-0.009764885496920696,-1.2639901261585635,1.0224264714663105,0
-0.009990129759349336,-1.2824961388980125,0.9772008524625794,0
-0.009456632406639754,-1.2520776212845806,0.9386685172308539,0
-0.009166326364393726,-1.2702721379983348,0.8932423498421287,0
-0.008964340892838792,-1.2884168824373488,0.8472911698935413,0
-0.008812693541826918,-1.3066951378897949,0.801250075625209,0
-0.008643689504990355,-1.3249485041973297,0.7552346740026509,0
-0.007495339905385382,-1.2942565448041978,0.7163847937734595,0
-0.007370119902427137,-1.3125686756354207,0.6705983158359081,0
-0.005842029258720583,-1.2819741079706177,0.632083325441801,0
-0.0038740275093845943,-1.2514551744481708,0.5935099122618289,0
-0.0013447841483240374,-1.2209649577838948,0.5549153801891833,0
-0.0012859436342602787,-1.2393250274103267,0.5094748583675279,0
0.0016611509600436079,-1.2087065395314418,0.47089853238074875,0
0.005708042619055448,-1.1781463760709099,0.43231871022101886,0
0.007728707292766889,-1.1477751322528318,0.3935926517888858,0
0.023206760653820754,-1.1172133050891289,0.3549575354954195,0
-0.011606196625286546,-1.0856398098607387,0.3137086265934822,0
0.05850253746650976,-1.051901303151065,0.2690254522775384,0
0.018292181270334,-1.018488388592635,0.22658593868666277,0
0.4485450350802917,-0.980785280302205,0.19509032252401737,0
-0.09644349248302299,-1.2304631806793405,-1.5766928556293018,0
-0.2790109552920473,-1.2315959561210517,-1.53883046074536,0
0.012541458878524696,-1.2531333301774619,-1.4993387059434997,0
0.06437877958691962,-1.2547487527514258,-1.4450961056802758,0
0.02479998620120628,-1.25512730188083,-1.3957699035847397,0
-0.01644006666113294,-1.2545290474322521,-1.3578554465306538,0
-0.006099051906106983,-1.2599334939023492,-1.3211105335975057,0
-0.009789008201468998,-1.272792206135378,-1.272792206135378,0
-0.01108169307304872,-1.285117138875749,-1.225553418019318,0
-0.010641282630019627,-1.293043837466566,-1.185005493546753,0
-0.009898048345451075,-1.307580497898988,-1.144546753367866,0
-0.009856734240589912,-1.325513455528628,-1.100200234955922,0
-0.010162337866954418,-1.343817353229842,-1.054079708592095,0
-0.010255982253092688,-1.362172223592501,-1.008027093324391,0
-0.010340646620667075,-1.380593368390429,-0.9629108655293444,0
-0.010062276944985099,-1.3498765079168833,-0.9247762276904175,0
-0.0100020894362207,-1.3681199568820992,-0.8789474002831321,0
-0.00995274639289058,-1.3863816745637372,-0.8330089197864605,0
-0.009882284272159474,-1.4045887967937642,-0.7870549657684797,0
-0.009850095232245386,-1.4228288626328183,-0.7411879728250115,0
-0.009286714706934719,-1.3921893495941933,-0.702342032496161,0
-0.009246289584003121,-1.4105440308590103,-0.6567185461126069,0
-0.00839777383028506,-1.3800047173256662,-0.6180801027467775,0
-0.007201591569146732,-1.3493514221344463,-0.5794975307215877,0
-0.005678887565095449,-1.3187041651600202,-0.5409604740435408,0
-0.005589828213281508,-1.3369108528425813,-0.49519113737046005,0
-0.0039008470060092107,-1.3062533764974118,-0.4566925259191859,0
-0.0012764852780036112,-1.2750544577923808,-0.41801516123934257,0
0.0010757185443840693,-1.2445794559813168,-0.37941260423677187,0
0.005610061023587508,-1.2140717345419088,-0.3408518767713711,0
0.0069164295140535115,-1.183185460292307,-0.3019187746551882,0
0.01569884898198733,-1.151639946060103,-0.2626900972427301,0
0.03270555451361764,-1.119217208372746,-0.22191810231964712,0
-0.09481913716394726,-1.090105394089912,-0.18511491941593183,0
0.18983674101005693,-1.069478001292287,-0.14845401837814873,0
-0.35217312075030194,-1.035561018515463,-0.12501317957324545,0
-0.4281505313188609,-0.9951847266485508,-0.09801714056964254,0
0.19098341370492658,-1.1913986083068815,1.6064150634641183,0
0.21298545575152233,-1.1918253310997298,1.5596798329616695,0
-0.031902063877796975,-1.2000688964965507,1.5142806759269254,0
-0.060301120718603815,-1.2097062774389695,1.4662898363627943,0
-0.029858676086469037,-1.2152428206017947,1.4167905016275872,0
-0.010206729054760723,-1.217797090090498,1.3705460330161903,0
-0.00981594027783459,-1.2207035694102608,1.3272377574731982,0
-0.011081693071895556,-1.2255534180193177,1.2851171388757492,0
-0.008368788671982888,-1.2374368670759757,1.2374368670759754,0
-0.010138188433594215,-1.2497707904730475,1.1941302515851955,0
-0.01057302166031567,-1.2612326793511746,1.1508934126061734,0
-0.010233731028211205,-1.2765426724420306,1.1075240274466884,0
-0.009987439655959884,-1.2947006750712786,1.0612567439468203,0
-0.010258454368214591,-1.3130555846502745,1.0152196336265094,0
-0.010088397323526437,-1.3315456465566486,0.9700535395640819,0
-0.009787987082045592,-1.3009381800132747,0.9320499721060274,0
-0.009634705644213216,-1.3191457062150869,0.8861488818067378,0
-0.009564324188016992,-1.3374190702461697,0.8401337787239322,0
-0.009444402057554159,-1.3556682228015369,0.7941288541434657,0
-0.009354505496810762,-1.3738845269642008,0.7481303406665696,0
-0.00852045700839008,-1.3431817133480797,0.7092503176796289,0
-0.008443654912298619,-1.3615979945818197,0.6635659615862541,0
-0.007266722323122507,-1.3309994190427197,0.6250597025248633,0
-0.0057108786764950795,-1.3004422055586018,0.5866113877317997,0
-0.0037946395812293253,-1.2698873600378848,0.548000609435132,0
-0.0036760405425776944,-1.2880914710239868,0.5023621380309772,0
-0.0013531401482496804,-1.2573541431005448,0.46383276279570557,0
0.0013728774127426992,-1.2266405731933698,0.42527942044841693,0
0.006145260322219871,-1.1962167773943118,0.38663674633292644,0
0.006625306096619745,-1.1659184707108028,0.3478461690680477,0
0.02035517199376376,-1.134335909489621,0.308436965831899,0
0.010398768645047112,-1.102146110577886,0.2689126544016167,0
0.05503318257693993,-1.062548862481097,0.2201008977611722,0
0.20756188400717032,-1.034882314224999,0.17875432905531255,0
0.1371596631964288,-0.989176509908181,0.14673047483692836,0
-0.38645662366923295,-1.2687865679578592,-1.5460209070286597,0
0.5223885028459557,-1.3063456856411466,-1.5144176932427738,0
0.04574205034981153,-1.2972295096967286,-1.4668515038325178,0
-0.12089227223732787,-1.2941161931655016,-1.415962880308641,0
-0.025076705255699598,-1.2928036637969835,-1.3627062966573877,0
-0.004585433807891198,-1.308147545194806,-1.308147545194806,0
-0.006099051908056539,-1.321110533597506,-1.259933493902349,0
-0.009815940278898655,-1.327237757473198,-1.220703569410261,0
-0.010033741989967792,-1.339763202376791,-1.180148122371798,0
-0.009990008899326108,-1.356693910863326,-1.138132489074758,0
-0.010245229620126374,-1.37458372368013,-1.092961038993988,0
-0.010238338464729541,-1.392858194668664,-1.046918742513806,0
-0.009762630377812689,-1.411174148990311,-1.00092504308546,0
-0.010420494663540102,-1.429544280043172,-0.9557742848212265,0
-0.010141315472519691,-1.3988197810161083,-0.9176465317578044,0
-0.0101473183747868,-1.4170391448831963,-0.8717536437363363,0
-0.01019486805464402,-1.4352804068839142,-0.8258666057212549,0
-0.010161525601562183,-1.4534890869163752,-0.7800071014681164,0
-0.010123594217641047,-1.4716750845600461,-0.73415825331562,0
-0.00978986051337858,-1.4411258387087722,-0.6954271158278537,0
-0.009790157755564763,-1.4593570135546823,-0.6497186334191415,0
-0.009187356876894271,-1.4287414852392362,-0.6111480800637326,0
-0.008333253125343361,-1.3981753524001073,-0.5724530245671201,0
-0.007212675567796622,-1.3675109742324743,-0.5338238125609343,0
-0.007196033620688949,-1.3857110115418312,-0.48798624408594254,0
-0.005812127205778821,-1.3549555759422467,-0.44938582388988885,0
-0.0039533254502424975,-1.3235299389249988,-0.41073490836770316,0
-0.001528288814124947,-1.2929820038783397,-0.3720098234345863,0
0.0010595051552814484,-1.2624620533703899,-0.3333668210357327,0
0.004443520105505903,-1.231677909434284,-0.2945843449848356,0
0.009346257279813714,-1.20081514108489,-0.25569214394846657,0
0.0041114131310715785,-1.169802319917377,-0.21669359675775615,0
0.043508214145032864,-1.139060617110101,-0.17799644833867695,0
0.0225731577161368,-1.110125723683732,-0.13892061692745514,0
-0.05584031076111888,-1.080429989578334,-0.10665909930212068,0
0.39432805562340645,-1.045564283086771,-0.0752609377221296,0
0.39939225135741657,-0.998795456200073,-0.04906767443121759,0
-0.09644349250438544,-1.2304631806793396,1.5766928556293023,0
-0.27901095522035435,-1.2315959561210508,1.5388304607453605,0
0.012541458902441877,-1.253133330177461,1.4993387059435002,0
0.06437877952756911,-1.254748752751425,1.4450961056802762,0
0.02479998617467905,-1.255127301880829,1.3957699035847402,0
-0.016440066660944996,-1.2545290474322517,1.3578554465306543,0
-0.0060990519135746,-1.2599334939023488,1.3211105335975062,0
-0.009789008200319001,-1.2727922061353776,1.2727922061353785,0
-0.011081693071917805,-1.2851171388757485,1.2255534180193184,0
-0.010641282630474695,-1.2930438374665656,1.1850054935467536,0
-0.00989804834511381,-1.3075804978989876,1.1445467533678664,0
-0.009856734240415867,-1.3255134555286276,1.1002002349559223,0
-0.010162337867044452,-1.3438173532298416,1.0540797085920954,0
-0.010255982253261244,-1.3621722235925005,1.0080270933243916,0
-0.010340646620693068,-1.3805933683904286,0.962910865529345,0
-0.010062276944956712,-1.3498765079168829,0.9247762276904181,0
-0.010002089436241408,-1.3681199568820988,0.8789474002831328,0
-0.009952746393007621,-1.3863816745637367,0.8330089197864612,0
-0.009882284272150507,-1.4045887967937638,0.7870549657684803,0
-0.009850095232121431,-1.4228288626328178,0.7411879728250121,0
-0.009286714706926533,-1.3921893495941928,0.7023420324961617,0
-0.0092462895840299,-1.4105440308590098,0.6567185461126076,0
-0.008397773830254614,-1.3800047173256658,0.6180801027467782,0
-0.007201591569157344,-1.3493514221344458,0.5794975307215884,0
-0.0056788875649951085,-1.3187041651600198,0.5409604740435414,0
-0.005589828213329783,-1.3369108528425808,0.4951911373704606,0
-0.0039008470060549545,-1.3062533764974118,0.45669252591918646,0
-0.0012764852779937141,-1.2750544577923808,0.4180151612393431,0
0.0010757185444074861,-1.2445794559813168,0.3794126042367724,0
0.0056100610237685205,-1.2140717345419088,0.34085187677137163,0
0.00691642951328027,-1.183185460292307,0.30191877465518874,0
0.015698848983737346,-1.151639946060103,0.2626900972427307,0
0.03270555450868581,-1.119217208372746,0.22191810231964768,0
-0.09481913715442397,-1.090105394089912,0.1851149194159324,0
0.18983674097341072,-1.069478001292287,0.14845401837814928,0
-0.3521731207393928,-1.035561018515463,0.12501317957324595,0
-0.4281505311980161,-0.9951847266485508,0.09801714056964302,0
-0.040011414234949666,-1.3431179095514867,-1.4819022508391178,0
-0.10325824637077809,-1.3321672493269336,-1.4340531810288057,0
0.10733142673462973,-1.3326206815401125,-1.3913002910681187,0
0.0016498665836709326,-1.343502884254265,-1.343502884254264,0
-0.02507670525275947,-1.362706296657388,-1.292803663796983,0
-0.01644006665615732,-1.357855446530654,-1.254529047432252,0
-0.01020672905802862,-1.37054603301619,-1.217797090090498,0
-0.008027446803570476,-1.387305927199027,-1.175939882057663,0
-0.010387639540150522,-1.40568136286468,-1.131508893313259,0
-0.0071195039976219765,-1.423554048177579,-1.085733786522275,0
-0.011799804718234537,-1.441787453439556,-1.03977788639283,0
-0.009812976898256463,-1.460050818167383,-0.9939633458298466,0
-0.009657404825892954,-1.478366484011826,-0.9486054715424804,0
-0.010283378554054326,-1.4476947879023523,-0.9104239655038595,0
-0.010213017531622506,-1.4658786511622863,-0.8645266627553881,0
-0.01018500117206202,-1.4840822675570933,-0.8186486337617133,0
-0.010254778606210047,-1.5022731639555231,-0.772827924121615,0
-0.01025312087971419,-1.5204563177716983,-0.7270171515897211,0
-0.010125134411682243,-1.4898868487216943,-0.6883693530345409,0
-0.01010193976740932,-1.5080911209063432,-0.6426195207666946,0
-0.00975830092542131,-1.4775185379453741,-0.6039782597480688,0
-0.009170992000080749,-1.4469192155108102,-0.56532971002423,0
-0.008332144439457477,-1.4163189620861563,-0.526664546308513,0
-0.008396633169588654,-1.4345188498682673,-0.4808141896676548,0
-0.007304651516178314,-1.4038711475725767,-0.44215049307674215,0
-0.0059329634448380434,-1.3729279703358448,-0.4034586194946556,0
-0.004213841315780932,-1.3420197378987997,-0.3647432929574265,0
-0.0018288003647809596,-1.3111714858139027,-0.3259376089370225,0
8.130323772405968e-05,-1.280334932435385,-0.2870510277159108,0
0.003288621826845216,-1.249549437856368,-0.24822595344380963,0
0.009492904211345096,-1.218831323605658,-0.20947580326456322,0
0.012619577326584622,-1.18818522569068,-0.17171886473413892,0
-0.004907244273374244,-1.161007384923481,-0.12557428605446025,0
0.09344991950855815,-1.125473753467015,-0.09303786996718197,0
-0.10731750038773008,-1.092899391922077,-0.07124812390196172,0
0.25797640286004936,-1.076057135607035,-0.037941139861740594,0
0.04342072130517823,-1.036541042540306,-0.0372059861067225,0
-1.4066985821745557,-1.0,3.5876077807826975e-16,0
0.39939225129595707,-0.998795456200073,0.049067674431218074,0
0.3943280556433888,-1.045564283086771,0.0752609377221301,0
-0.05584031073863372,-1.080429989578334,0.10665909930212118,0
0.022573157721171588,-1.110125723683732,0.1389206169274557,0
0.04350821414377055,-1.139060617110101,0.1779964483386775,0
0.004111413132418146,-1.169802319917377,0.2166935967577567,0
0.009346257279283504,-1.20081514108489,0.2556921439484671,0
0.004443520105806166,-1.231677909434284,0.29458434498483616,0
0.001059505155152765,-1.2624620533703899,0.33336682103573323,0
-0.0015282888141414722,-1.2929820038783397,0.37200982343458683,0
-0.0039533254502935634,-1.3235299389249988,0.4107349083677037,0
-0.005812127205744332,-1.3549555759422467,0.4493858238898895,0
-0.0071960336207153785,-1.3857110115418307,0.4879862440859432,0
-0.007212675567922406,-1.3675109742324738,0.5338238125609349,0
-0.008333253125397143,-1.3981753524001068,0.5724530245671208,0
-0.00918735687690873,-1.4287414852392357,0.6111480800637332,0
-0.009790157755599422,-1.4593570135546818,0.6497186334191422,0
-0.009789860513397327,-1.4411258387087718,0.6954271158278543,0
-0.0101235942176357,-1.4716750845600457,0.7341582533156207,0
-0.010161525601676519,-1.4534890869163748,0.780007101468117,0
-0.010194868054723713,-1.4352804068839138,0.8258666057212556,0
-0.010147318374747576,-1.4170391448831958,0.871753643736337,0
-0.010141315472485085,-1.3988197810161078,0.9176465317578051,0
-0.010420494663516197,-1.4295442800431715,0.9557742848212272,0
-0.009762630377499906,-1.4111741489903105,1.0009250430854604,0
-0.010238338464268571,-1.3928581946686636,1.0469187425138065,0
-0.010245229620333023,-1.3745837236801295,1.0929610389939886,0
-0.009990008899482442,-1.3566939108633256,1.1381324890747584,0
-0.010033741990398174,-1.3397632023767905,1.1801481223717984,0
-0.009815940277665393,-1.3272377574731975,1.2207035694102615,0
-0.006099051914185015,-1.3211105335975055,1.2599334939023494,0
-0.004585433802866498,-1.3081475451948055,1.3081475451948064,0
-0.02507670523130925,-1.292803663796983,1.3627062966573882,0
-0.12089227214345634,-1.2941161931655007,1.4159628803086415,0
0.045742050350333185,-1.2972295096967277,1.4668515038325183,0
0.5223885026597,-1.3063456856411457,1.5144176932427742,0
-0.3864566234788626,-1.2687865679578583,1.5460209070286601,0
-0.09773356433754145,-1.3790810894677097,-1.4484941659090498,0
0.1388209243020192,-1.3641045612084697,-1.4137237695628768,0
-0.19528631159637574,-1.37885822331368,-1.37885822331368,0
0.10733142670150458,-1.391300291068119,-1.332620681540112,0
-0.12089227220060578,-1.415962880308641,-1.294116193165501,0
0.02479998618465347,-1.39576990358474,-1.255127301880829,0
-0.02985867608902533,-1.416790501627587,-1.215242820601795,0
0.0032115827920657244,-1.4362801888546,-1.170131557713055,0
-0.02257170834767254,-1.454309247612962,-1.124362029709828,0
-0.004957323365440186,-1.472367373826658,-1.0784979815361515,0
-0.008236836853533188,-1.490533323589698,-1.0326154472307305,0
-0.011140068617466812,-1.508902454752816,-0.9868807959089331,0
-0.010678970450785504,-1.52710114529763,-0.9413242710186288,0
-0.009848670514946084,-1.4965668492416901,-0.9030424825751212,0
-0.01031440141680072,-1.5147111735839172,-0.8571680851395619,0
-0.010318248696332874,-1.5328851976495512,-0.8113683523643549,0
-0.010027321637600591,-1.5510105000115373,-0.765542950329031,0
-0.010335308282863425,-1.5692109021911713,-0.7197947969313137,0
-0.010198637015830493,-1.5386390392957163,-0.6812500419346333,0
-0.01026997617072494,-1.5568159013798892,-0.6354759842480159,0
-0.010098743683192394,-1.5262651688857543,-0.596844146999799,0
-0.009757668925546867,-1.4957010917114453,-0.5581773160330766,0
-0.009209946971550718,-1.4651228610774731,-0.5194966514366272,0
-0.00924392106492311,-1.4833375594071263,-0.47364393902601026,0
-0.008475292196359585,-1.4527104669804687,-0.4349346948827668,0
-0.007396194845643502,-1.4220054950693588,-0.39624209352542944,0
-0.00604387862370277,-1.3911859266070867,-0.35749510515074445,0
-0.004505241061834914,-1.3601958706981219,-0.3186905432063468,0
-0.0026570513980909314,-1.329394721754459,-0.27983033267682356,0
0.000779739184295094,-1.2985876924889,-0.2409704972819495,0
0.0025234432588136756,-1.266820787449091,-0.19967445931444072,0
0.00564400651469367,-1.237022592969058,-0.16339032309227694,0
0.010450858350526507,-1.210010914357945,-0.12933259887127074,0
0.005920511640880606,-1.197018626328959,-0.08809221923470849,0
0.03758319579442625,-1.159499000354933,-0.07832031644348034,0
-0.10067704264249872,-1.125704394314883,-0.04452201022262438,0
0.24175874871899491,-1.1,3.9463685588609675e-16,0
-0.48572062169469155,-1.05,3.7669881698218327e-16,0
0.25797640286458884,-1.076057135607035,0.03794113986174112,0
-0.10731750041320487,-1.092899391922077,0.07124812390196225,0
0.09344991950518149,-1.125473753467015,0.0930378699671825,0
-0.00490724427399657,-1.161007384923481,0.1255742860544608,0
0.012619577326585795,-1.18818522569068,0.17171886473413953,0
0.0094929042110192,-1.218831323605658,0.20947580326456383,0
0.003288621826964099,-1.249549437856368,0.24822595344381024,0
8.130323765541286e-05,-1.280334932435385,0.28705102771591134,0
-0.0018288003647443129,-1.3111714858139027,0.32593760893702306,0
-0.004213841315799643,-1.3420197378987997,0.3647432929574271,0
-0.00593296344480451,-1.3729279703358448,0.4034586194946563,0
-0.0073046515160890835,-1.4038711475725767,0.4421504930767428,0
-0.008396633169568698,-1.4345188498682668,0.4808141896676555,0
-0.008332144439346123,-1.4163189620861558,0.5266645463085137,0
-0.00917099200005819,-1.4469192155108097,0.5653297100242307,0
-0.00975830092543416,-1.4775185379453737,0.6039782597480695,0
-0.01010193976736513,-1.5080911209063428,0.6426195207666953,0
-0.010125134411702458,-1.4898868487216939,0.6883693530345416,0
-0.010253120879636377,-1.5204563177716979,0.7270171515897218,0
-0.010254778606206636,-1.5022731639555227,0.7728279241216157,0
-0.010185001172035985,-1.4840822675570928,0.8186486337617139,0
-0.010213017531493299,-1.4658786511622859,0.8645266627553888,0
-0.010283378554056187,-1.4476947879023518,0.9104239655038602,0
-0.00965740482577277,-1.4783664840118256,0.9486054715424811,0
-0.009812976898925676,-1.4600508181673826,0.9939633458298472,0
-0.011799804719505612,-1.4417874534395556,1.0397778863928304,0
-0.00711950399863059,-1.4235540481775786,1.0857337865222754,0
-0.010387639538339906,-1.4056813628646796,1.1315088933132595,0
-0.008027446804279246,-1.3873059271990265,1.1759398820576634,0
-0.010206729056028135,-1.3705460330161896,1.2177970900904984,0
-0.016440066660208363,-1.3578554465306536,1.2545290474322524,0
-0.025076705230684428,-1.3627062966573875,1.2928036637969835,0
0.0016498665301508289,-1.3435028842542645,1.3435028842542645,0
0.10733142664115447,-1.3326206815401116,1.3913002910681191,0
-0.10325824642433211,-1.3321672493269328,1.4340531810288062,0
-0.040011414253612605,-1.3431179095514858,1.4819022508391182,0
0.043420721242447995,-1.036541042540306,0.037205986106723,0
-0.12950697286340493,-1.4142135623730954,-1.414213562373095,0
0.13882092433048215,-1.413723769562877,-1.364104561208469,0
-0.10325824627673859,-1.434053181028806,-1.332167249326933,0
0.045742050211744704,-1.466851503832518,-1.2972295096967275,0
0.06437877956866504,-1.445096105680276,-1.254748752751425,0
-0.06030112075248576,-1.466289836362794,-1.2097062774389695,0
0.034161453578360354,-1.484902014882384,-1.1629351188894086,0
-0.007819643611072144,-1.503016047339945,-1.1171787664099575,0
-0.021672273109720946,-1.52083760122958,-1.0711871529369166,0
-0.005579793617516545,-1.538643806422348,-1.0252314101296696,0
-0.007248700586290761,-1.557467892698426,-0.9796895472987064,0
-0.005371000238855114,-1.57584822209119,-0.9340245002836741,0
-0.010142097692988204,-1.5453504217494272,-0.8956190673038166,0
-0.0090797535507917,-1.5635036541434533,-0.8498033120769777,0
-0.010226356689702244,-1.5816391289494842,-0.8040236174141511,0
-0.010147014405463351,-1.5997660774763323,-0.7583295788868947,0
-0.00927892657634558,-1.6179564319250022,-0.7125933238871923,0
-0.01023317524116845,-1.5873789228274562,-0.6740613245801402,0
-0.01012024333080266,-1.6055394276913761,-0.6283472969829161,0
-0.01017822331199545,-1.5749957551347262,-0.5897173596129548,0
-0.010135383123859405,-1.5444866858613002,-0.5510415653227028,0
-0.00977428213292467,-1.5139186190521612,-0.5123478992267799,0
-0.009806544840684947,-1.5321785964296253,-0.4664979617709979,0
-0.00930884495544376,-1.5015945278696448,-0.4277704117103881,0
-0.008591033823340507,-1.4709227542214818,-0.38901816131946787,0
-0.007591937279487829,-1.4401660948385748,-0.35024547450578836,0
-0.006425864551152325,-1.4093463981583099,-0.3114415387090038,0
-0.004659140937463342,-1.378478815375139,-0.27259482969569254,0
-0.0028832016983681265,-1.347657995702593,-0.23370783370634002,0
-0.0017117892676548419,-1.315452553377113,-0.1919306221687877,0
0.001917152438116876,-1.282167594887338,-0.15423797838408115,0
0.008075345893832664,-1.252124005671904,-0.12743158589018053,0
0.00539693793806955,-1.245307382624987,-0.09005898609443944,0
0.00763311511534783,-1.224253813538292,-0.04504518356511785,0
0.037707742409921946,-1.176337163535087,-0.042688991665124354,0
0.02159796759312648,-1.15,4.125748947900102e-16,0
-0.10067704263676501,-1.125704394314883,0.04452201022262492,0
0.0375831957938467,-1.159499000354933,0.07832031644348089,0
0.005920511641481597,-1.197018626328959,0.08809221923470904,0
0.01045085835083023,-1.210010914357945,0.12933259887127135,0
0.0056440065147183045,-1.237022592969058,0.16339032309227755,0
0.0025234432587893556,-1.266820787449091,0.19967445931444133,0
0.0007797391842973697,-1.2985876924889,0.24097049728195016,0
-0.002657051398002661,-1.329394721754459,0.2798303326768241,0
-0.004505241061833132,-1.3601958706981219,0.3186905432063475,0
-0.006043878623828729,-1.3911859266070867,0.3574951051507451,0
-0.0073961948456028725,-1.4220054950693588,0.3962420935254301,0
-0.008475292196482603,-1.4527104669804687,0.4349346948827675,0
-0.009243921065000178,-1.4833375594071259,0.47364393902601093,0
-0.009209946971450146,-1.4651228610774727,0.5194966514366278,0
-0.009757668925643396,-1.4957010917114448,0.5581773160330773,0
-0.010098743683161004,-1.5262651688857538,0.5968441469997997,0
-0.01026997617074443,-1.5568159013798888,0.6354759842480165,0
-0.010198637015816112,-1.5386390392957159,0.681250041934634,0
-0.010335308282880729,-1.5692109021911709,0.7197947969313143,0
-0.010027321637743988,-1.5510105000115368,0.7655429503290316,0
-0.010318248696516947,-1.5328851976495508,0.8113683523643556,0
-0.01031440141705729,-1.5147111735839167,0.8571680851395626,0
-0.009848670515138137,-1.4965668492416897,0.9030424825751219,0
-0.010678970450668845,-1.5271011452976295,0.9413242710186295,0
-0.011140068617521344,-1.5089024547528156,0.9868807959089337,0
-0.008236836849443088,-1.4905333235896976,1.0326154472307314,0
-0.004957323362738025,-1.4723673738266576,1.0784979815361524,0
-0.02257170834630543,-1.4543092476129615,1.1243620297098285,0
0.0032115827840107076,-1.4362801888545995,1.1701315577130555,0
-0.02985867608197358,-1.4167905016275866,1.2152428206017953,0
0.024799986173872707,-1.3957699035847395,1.2551273018808295,0
-0.12089227213312684,-1.4159628803086406,1.2941161931655014,0
0.10733142663259494,-1.3913002910681185,1.3326206815401125,0
-0.19528631141240896,-1.3788582233136795,1.3788582233136804,0
0.1388209242747593,-1.3641045612084688,1.4137237695628773,0
-0.09773356437222698,-1.3790810894677088,1.4484941659090502,0
-0.09773356409225635,-1.44849416590905,-1.379081089467709,0
-0.040011414442949006,-1.481902250839118,-1.3431179095514856,0
0.5223885026166596,-1.514417693242774,-1.3063456856411455,0
0.012541458999257574,-1.4993387059435,-1.2531333301774605,0
-0.03190206390151197,-1.514280675926925,-1.2000688964965505,0
-0.0689484040450178,-1.533186006554018,-1.1549512406425746,0
0.014378771335254338,-1.551290815167418,-1.1093851536719457,0
0.004933639899264814,-1.566990413645044,-1.0625045965474988,0
-0.02647604425260443,-1.585133052821721,-1.0172975153290509,0
-0.011908651950622412,-1.604990792463204,-0.9720817765918994,0
-0.019060476315198076,-1.6243953774495612,-0.9268313180137039,0
-0.012087745649057817,-1.5939976476546103,-0.8882857332060512,0
-0.010777648145325067,-1.6121746101227343,-0.8425750126353106,0
-0.00829293586836893,-1.6303125295994743,-0.7968609085091001,0
-0.010625272481088171,-1.6484669721813272,-0.75116187625058,0
-0.011351368482450037,-1.6666170100788422,-0.7054617558284969,0
-0.010473500998401535,-1.6360853882548132,-0.6669036514610699,0
-0.009322727812137856,-1.6542411100321843,-0.6212006986037425,0
-0.01066608240122792,-1.6237125703491813,-0.5826153788396268,0
-0.010144402004902294,-1.5932758212545932,-0.5439459904452802,0
-0.010133527062633088,-1.5627636591291223,-0.5052166796183265,0
-0.010154383876461769,-1.5811556519968577,-0.459354074681745,0
-0.00986024179095505,-1.5505070239229577,-0.4206063910681741,0
-0.009397237261732043,-1.5198567231207967,-0.3818470441582395,0
-0.008744121797190404,-1.4891472385085869,-0.34304888797271,0
-0.00780575397170733,-1.458388756466627,-0.30422706035737473,0
-0.006625991524195351,-1.427575947573089,-0.26536193778133094,0
-0.005492168126402072,-1.396755643454931,-0.22646276044789032,0
-0.0030535776601143317,-1.365924926147193,-0.18755384618638193,0
-0.0025487650202812274,-1.331276302514291,-0.1431136157671406,0
0.0016421820920356999,-1.294507111164958,-0.09963648513448578,0
0.004531873312045519,-1.275068861232616,-0.045307778724191866,0
0.004034754621528686,-1.25,4.484509725978371e-16,0
0.007219636491334062,-1.2,4.3051293369392366e-16,0
0.00763311511527571,-1.224253813538292,0.04504518356511845,0
0.005396937937931824,-1.245307382624987,0.09005898609444002,0
0.008075345893774231,-1.252124005671904,0.12743158589018114,0
0.0019171524382881901,-1.282167594887338,0.15423797838408176,0
-0.0017117892675853987,-1.315452553377113,0.19193062216878837,0
-0.002883201698348271,-1.347657995702593,0.23370783370634068,0
-0.004659140937366237,-1.378478815375139,0.2725948296956932,0
-0.006425864551191005,-1.4093463981583099,0.3114415387090045,0
-0.0075919372794379155,-1.4401660948385748,0.350245474505789,0
-0.008591033823228404,-1.4709227542214818,0.38901816131946854,0
-0.009308844955499843,-1.5015945278696448,0.42777041171038876,0
-0.00980654484062773,-1.5321785964296248,0.46649796177099856,0
-0.009774282132900873,-1.5139186190521607,0.5123478992267806,0
-0.010135383123878869,-1.5444866858612998,0.5510415653227034,0
-0.010178223311995164,-1.5749957551347258,0.5897173596129555,0
-0.010120243330723247,-1.6055394276913757,0.6283472969829168,0
-0.01023317524115391,-1.5873789228274557,0.6740613245801409,0
-0.009278926576454115,-1.6179564319250017,0.712593323887193,0
-0.010147014405359967,-1.5997660774763318,0.7583295788868953,0
-0.010226356688995176,-1.5816391289494838,0.8040236174141517,0
-0.009079753549973334,-1.5635036541434528,0.8498033120769783,0
-0.010142097692308944,-1.5453504217494267,0.8956190673038172,0
-0.005371000241162372,-1.5758482220911896,0.9340245002836748,0
-0.007248700585216728,-1.5574678926984256,0.979689547298707,0
-0.0055797936218186395,-1.5386438064223475,1.0252314101296705,0
-0.021672273125025475,-1.5208376012295794,1.0711871529369175,0
-0.007819643611362545,-1.5030160473399445,1.1171787664099584,0
0.034161453578932285,-1.4849020148823835,1.1629351188894095,0
-0.060301120721519504,-1.4662898363627936,1.2097062774389704,0
0.06437877951480483,-1.4450961056802756,1.2547487527514254,0
0.0457420503184307,-1.4668515038325176,1.2972295096967283,0
-0.10325824640454334,-1.4340531810288055,1.3321672493269334,0
0.13882092427342918,-1.4137237695628766,1.3641045612084695,0
-0.12950697249278026,-1.4142135623730945,1.4142135623730954,0
0.037707742409167896,-1.176337163535087,0.04268899166512492,0
-0.3864566233944133,-1.54602090702866,-1.2687865679578576,0
-0.2790109552881173,-1.53883046074536,-1.2315959561210506,0
0.21298545573849012,-1.559679832961669,-1.1918253310997298,0
-0.04372655810721155,-1.581658803163281,-1.1494865907553748,0
-0.019248811616917112,-1.601682257863473,-1.0995403595284639,0
0.008334488949748278,-1.604354948365727,-1.0523859876889459,0
0.0071970092692982815,-1.628061441032004,-1.0115633038189698,0
0.040744984609958186,-1.655941631418573,-0.9663101389930687,0
-0.04681939875616857,-1.6726070337701633,-0.9194998606407789,0
0.0029217174670328047,-1.6425687100191542,-0.8811106293778752,0
-0.014490228653677047,-1.6608108080159203,-0.8354356381176822,0
-0.004966010894956177,-1.6789596856065523,-0.7897304639994501,0
-0.01034360776876364,-1.6971085224516553,-0.744031211551494,0
-0.0023593793073241856,-1.7152798826443683,-0.6983203083882774,0
-0.0075887671892770035,-1.6847794269740193,-0.659757508883931,0
-0.015548157167283366,-1.7030452731148473,-0.6139661343585028,0
-0.008623715689182632,-1.6724067251201482,-0.5754924991335433,0
-0.010223355329407,-1.6420506417088343,-0.536773129219066,0
-0.010238100119878711,-1.6116046261293142,-0.49808885295392835,0
-0.010075826433073237,-1.6300816207427928,-0.452177598178549,0
-0.010221463148761165,-1.5994759586643528,-0.41347441649637556,0
-0.009916972202586813,-1.5687806854564728,-0.37469443759129867,0
-0.009492460370767685,-1.5380954424125448,-0.3358702774328148,0
-0.008855605320219973,-1.507402150851457,-0.2970223552149831,0
-0.008142116322487855,-1.476666100659508,-0.2581411923806986,0
-0.006979218219859952,-1.445862726266407,-0.21922941831972032,0
-0.005504641784700164,-1.415042858290683,-0.18030853711686268,0
-0.0032336257187102983,-1.383272033175373,-0.13912838018174672,0
-0.004387506900540419,-1.352409844500705,-0.09647632513066891,0
-0.0011582875804378185,-1.325083796556721,-0.05187126222773902,0
0.002665880701286615,-1.3,4.663890115017507e-16,0
0.004531873311993528,-1.275068861232616,0.04530777872419249,0
0.0016421820919313532,-1.294507111164958,0.09963648513448639,0
-0.002548765020377359,-1.331276302514291,0.14311361576714127,0
-0.003053577660205602,-1.365924926147193,0.1875538461863826,0
-0.005492168126378735,-1.396755643454931,0.226462760447891,0
-0.006625991524216673,-1.427575947573089,0.2653619377813316,0
-0.007805753971800462,-1.458388756466627,0.3042270603573754,0
-0.008744121797166701,-1.4891472385085869,0.34304888797271066,0
-0.009397237261691371,-1.5198567231207967,0.38184704415824017,0
-0.009860241790967478,-1.5505070239229577,0.42060639106817477,0
-0.010154383876464185,-1.5811556519968577,0.45935407468174577,0
-0.010133527062623663,-1.5627636591291219,0.5052166796183272,0
-0.010144402004891008,-1.5932758212545928,0.5439459904452809,0
-0.010666082401169112,-1.6237125703491808,0.5826153788396274,0
-0.00932272781243232,-1.6542411100321839,0.6212006986037432,0
-0.010473500998498097,-1.6360853882548128,0.6669036514610706,0
-0.011351368481741278,-1.6666170100788418,0.7054617558284976,0
-0.010625272481223509,-1.6484669721813268,0.7511618762505806,0
-0.008292935869529497,-1.6303125295994738,0.7968609085091007,0
-0.010777648147818349,-1.6121746101227339,0.8425750126353113,0
-0.012087745651013728,-1.5939976476546098,0.8882857332060519,0
-0.019060476314722626,-1.6243953774495608,0.9268313180137046,0
-0.0119086519429852,-1.6049907924632036,0.9720817765919001,0
-0.026476044255649794,-1.5851330528217205,1.0172975153290518,0
0.004933639940196601,-1.5669904136450437,1.0625045965474997,0
0.014378771344624888,-1.5512908151674176,1.1093851536719466,0
-0.06894840405460619,-1.5331860065540175,1.1549512406425755,0
-0.03190206391002689,-1.5142806759269245,1.2000688964965514,0
0.012541458957653122,-1.4993387059434995,1.2531333301774614,0
0.5223885026238234,-1.5144176932427735,1.3063456856411464,0
-0.04001141426086061,-1.4819022508391175,1.3431179095514865,0
-0.09773356432497739,-1.4484941659090496,1.3790810894677095,0
-0.09644349259267812,-1.576692855629302,-1.2304631806793398,0
0.19098341378690462,-1.606415063464118,-1.1913986083068817,0
-0.11399706822815793,-1.635169626883073,-1.1516163820122878,0
-0.18229405927544884,-1.662939225234738,-1.1111404650968697,0
0.02496272786342129,-1.642990232530535,-1.0603868659140887,0
-0.12162451168574469,-1.670406140061546,-1.0212206939993147,0
0.20737167562656175,-1.699142893285693,-0.9894170658473566,0
-0.14426516844605594,-1.713735491266988,-0.9455526259126591,0
-0.005051823808812982,-1.7307615682818231,-0.8999310898600792,0
0.005795106113860844,-1.6913182881099482,-0.8740028702202589,0
-0.031196562702240173,-1.7081406940588753,-0.8277856665208857,0
0.007165734327729025,-1.7275986306707742,-0.7825891545040644,0
-0.027451874761469788,-1.7457336883349852,-0.7369145005194951,0
-0.025990307928870818,-1.7617494259109452,-0.6903421262742436,0
-0.013811160353429233,-1.7335608421173563,-0.6525261225288065,0
0.017449256573491598,-1.7517347302678312,-0.6062648719815884,0
-0.009351212401942699,-1.7210843748206892,-0.5683501184756239,0
-0.011031239489373908,-1.6908200676636043,-0.5296152599148,0
-0.010242051404625408,-1.6605567674059463,-0.49083110319345735,0
-0.010886249177835646,-1.6790173877211059,-0.4449460747533203,0
-0.010167721630648715,-1.6483979268447448,-0.40627123884177746,0
-0.010180231217234931,-1.6177352077748557,-0.3675237148795777,0
-0.009996991032481866,-1.5870621067245028,-0.328715738186043,0
-0.00963325320790004,-1.556388000216721,-0.2898760288020507,0
-0.00909215708523438,-1.525720328618073,-0.2509742312132103,0
-0.00801354279526748,-1.494999702672999,-0.21201022851363702,0
-0.007353825246792,-1.464162576520311,-0.1730463037756328,0
-0.007352221435757202,-1.432372386813668,-0.13396850374290992,0
-0.003192643108721623,-1.402605880785698,-0.0933494531465166,0
-0.002459670295301664,-1.375700978922926,-0.04855147740473199,0
-0.0009109435561696675,-1.35,4.843270504056642e-16,0
-0.0011582875803767723,-1.325083796556721,0.05187126222773966,0
-0.004387506900538939,-1.352409844500705,0.09647632513066955,0
-0.0032336257186938978,-1.383272033175373,0.1391283801817474,0
-0.005504641784777956,-1.415042858290683,0.1803085371168634,0
-0.006979218219810527,-1.445862726266407,0.21922941831972104,0
-0.008142116322565887,-1.476666100659508,0.25814119238069927,0
-0.008855605320249588,-1.507402150851457,0.29702235521498377,0
-0.009492460370758864,-1.5380954424125448,0.33587027743281545,0
-0.00991697220257445,-1.5687806854564728,0.37469443759129933,0
-0.010221463148768142,-1.5994759586643528,0.41347441649637634,0
-0.010075826433147037,-1.6300816207427928,0.4521775981785498,0
-0.010238100119883648,-1.6116046261293138,0.49808885295392913,0
-0.010223355329509734,-1.6420506417088339,0.5367731292190666,0
-0.00862371568936864,-1.6724067251201478,0.5754924991335439,0
-0.015548157166368683,-1.7030452731148469,0.6139661343585037,0
-0.007588767188639956,-1.6847794269740188,0.6597575088839317,0
-0.0023593793101502206,-1.7152798826443678,0.6983203083882783,0
-0.010343607768321146,-1.6971085224516549,0.7440312115514949,0
-0.004966010894461546,-1.6789596856065518,0.7897304639994508,0
-0.014490228648519688,-1.6608108080159198,0.8354356381176828,0
0.0029217174780174393,-1.6425687100191537,0.8811106293778759,0
-0.046819398753614454,-1.6726070337701628,0.9194998606407796,0
0.04074498458809448,-1.6559416314185726,0.9663101389930694,0
0.007197009269048297,-1.6280614410320036,1.0115633038189706,0
0.008334488913745925,-1.6043549483657265,1.0523859876889468,0
-0.01924881166550322,-1.6016822578634726,1.0995403595284647,0
-0.043726558062566714,-1.5816588031632806,1.1494865907553757,0
0.21298545576494773,-1.5596798329616686,1.1918253310997307,0
-0.27901095530013725,-1.5388304607453596,1.2315959561210514,0
-0.3864566235269817,-1.5460209070286595,1.2687865679578585,0
-0.07379288487222593,-1.689707131144692,-1.0699952387551888,0
0.24412409715021477,-1.715457220712734,-1.0282054871982258,0
0.09898104016134554,-1.740173982968623,-0.9857963831335146,0
-0.4167936826531947,-1.763842529487906,-0.9427934721717719,0
0.1366057555385887,-1.7864486032744522,-0.8992226575541566,0
0.010304796527797953,-1.7635396326281563,-0.8579788665175595,0
-0.16627485462803093,-1.7449471571492552,-0.8181177421772889,0
0.12104290664088756,-1.7642356600390243,-0.7730950325325993,0
-0.06973553205988876,-1.7850367805236533,-0.7289465041660177,0
0.15005880716620595,-1.8109650460711093,-0.6824658404162987,0
-0.01843312766455091,-1.7795069687504592,-0.6441707834095807,0
-0.038276366828473456,-1.7989015125862062,-0.5974646078210554,0
-0.038517698502844026,-1.7706329664454001,-0.5608423222240851,0
-0.007451232125107284,-1.7396325597795013,-0.5224478890434804,0
-0.008098800807472778,-1.7095098021735293,-0.48359113902482176,0
-0.008610571977932793,-1.7280059641580738,-0.43774403432057224,0
-0.009835246006807678,-1.6973627068952497,-0.3990923872639,0
-0.010324699289147012,-1.6666859882254128,-0.3603517851551633,0
-0.01021602002513335,-1.6360215703124699,-0.3215565346357656,0
-0.010031321506166226,-1.605378193961792,-0.2827348787640728,0
-0.00971609736864697,-1.574695950369547,-0.2438902128528773,0
-0.009080738585585254,-1.543955010511662,-0.20497932559438137,0
-0.008825287693657815,-1.512466978477769,-0.16652104826119374,0
-0.007193357449723063,-1.481355706736923,-0.1280748025585729,0
-0.006801211731305587,-1.452767847314377,-0.08823641268801631,0
-0.005789729026473359,-1.425353433383547,-0.0454879597536487,0
-0.005519447472962326,-1.4,5.022650893095776e-16,0
-0.0024596702953174282,-1.375700978922926,0.04855147740473265,0
-0.003192643108583391,-1.402605880785698,0.09334945314651727,0
-0.007352221435773527,-1.432372386813668,0.13396850374291064,0
-0.007353825246763206,-1.464162576520311,0.17304630377563351,0
-0.008013542795166214,-1.494999702672999,0.21201022851363774,0
-0.00909215708522874,-1.525720328618073,0.25097423121321094,0
-0.009633253207832263,-1.556388000216721,0.2898760288020514,0
-0.009996991032476869,-1.5870621067245028,0.32871573818604377,0
-0.010180231217257779,-1.6177352077748557,0.36752371487957847,0
-0.01016772163074469,-1.6483979268447448,0.40627123884177824,0
-0.01088624917757043,-1.6790173877211059,0.4449460747533211,0
-0.010242051404578262,-1.6605567674059458,0.49083110319345813,0
-0.011031239488898786,-1.6908200676636038,0.5296152599148006,0
-0.00935121240240761,-1.7210843748206888,0.5683501184756248,0
0.017449256571944873,-1.7517347302678308,0.6062648719815893,0
-0.013811160356890333,-1.7335608421173558,0.6525261225288074,0
-0.02599030791867917,-1.7617494259109447,0.6903421262742445,0
-0.027451874749327754,-1.7457336883349848,0.736914500519496,0
0.007165734316711318,-1.7275986306707738,0.7825891545040653,0
-0.03119656270063658,-1.7081406940588748,0.8277856665208866,0
0.005795106074046475,-1.6913182881099478,0.8740028702202596,0
-0.005051823758276815,-1.7307615682818227,0.8999310898600801,0
-0.14426516845415785,-1.7137354912669875,0.94555262591266,0
0.2073716755191626,-1.6991428932856925,0.9894170658473574,0
-0.12162451159548528,-1.6704061400615455,1.0212206939993156,0
0.024962727906279375,-1.6429902325305346,1.0603868659140896,0
-0.18229405946660202,-1.6629392252347375,1.1111404650968706,0
-0.11399706842226238,-1.6351696268830727,1.1516163820122887,0
0.19098341392648296,-1.6064150634641177,1.1913986083068826,0
-0.09644349252466837,-1.5766928556293016,1.2304631806793407,0
0.16676430704291342,-1.7248551399105951,-0.8591907170320674,0
0.02365730918469853,-1.8079785871308691,-0.8551101849915395,0
-0.0416568234573832,-1.7848688434964373,-0.8130398910836043,0
0.09984123983316978,-1.8031962761698501,-0.7692677476283014,0
-0.3074496295818287,-1.8263860521078552,-0.7248027001288613,0
0.5127051160262437,-1.8490105069204632,-0.6872964747462742,0
-0.27579241363201296,-1.8523616892636552,-0.6487764114902573,0
-0.008849027640785547,-1.8538753727230892,-0.5977645053610166,0
0.056935786646387536,-1.8203703530745623,-0.5533480134903662,0
0.014750558459385851,-1.7891616994758612,-0.5150815458796797,0
-0.019267590967905337,-1.7584105664013523,-0.4764555166442793,0
-0.004727187708768124,-1.7769062943872238,-0.4305823660367467,0
-0.012057455483960906,-1.7462913159846019,-0.3918712067607599,0
-0.010125049055037359,-1.7156666188987357,-0.35311879154194126,0
-0.010229823678634146,-1.6849745330980739,-0.31438987038694205,0
-0.010220361420893772,-1.654329840225027,-0.27557550585248114,0
-0.010322055992982845,-1.623643648441526,-0.2367180657916936,0
-0.009727593089591167,-1.593006883881828,-0.1979408375207905,0
-0.00984407312080615,-1.562047742327355,-0.16001691586498898,0
-0.008743026681762,-1.530124103446566,-0.12292161373287704,0
-0.00818513821266491,-1.500907669817843,-0.08370390425982574,0
-0.007440369949289976,-1.475000000000001,-0.04359109009904634,0
-0.006638110153999746,-1.45,5.202031282134911e-16,0
-0.00578972902662442,-1.425353433383547,0.045487959753649394,0
-0.0068012117313005814,-1.452767847314377,0.088236412688017,0
-0.007193357449820071,-1.481355706736923,0.12807480255857362,0
-0.008825287693623361,-1.512466978477769,0.16652104826119446,0
-0.009080738585668841,-1.543955010511662,0.20497932559438214,0
-0.009716097368665891,-1.574695950369547,0.24389021285287807,0
-0.010031321506145477,-1.605378193961792,0.28273487876407355,0
-0.010216020025186102,-1.6360215703124699,0.3215565346357664,0
-0.010324699289054336,-1.6666859882254128,0.3603517851551641,0
-0.009835246006736388,-1.6973627068952497,0.3990923872639008,0
-0.008610571978735502,-1.7280059641580738,0.437744034320573,0
-0.00809880080794723,-1.7095098021735289,0.48359113902482254,0
-0.007451232125826379,-1.7396325597795008,0.5224478890434813,0
-0.038517698499230896,-1.7706329664453997,0.560842322224086,0
-0.038276366836355574,-1.7989015125862058,0.5974646078210563,0
-0.018433127655854063,-1.7795069687504588,0.6441707834095816,0
0.15005880714010966,-1.8109650460711089,0.6824658404162995,0
-0.06973553208749275,-1.7850367805236529,0.7289465041660186,0
0.12104290664044488,-1.7642356600390239,0.7730950325326001,0
-0.1662748546042483,-1.7449471571492547,0.8181177421772898,0
0.010304796502492714,-1.7635396326281558,0.8579788665175604,0
0.136605755731523,-1.7864486032744518,0.8992226575541575,0
-0.4167936825145172,-1.7638425294879057,0.9427934721717728,0
0.09898103991581306,-1.7401739829686225,0.9857963831335155,0
0.2441240971713242,-1.7154572207127337,1.0282054871982267,0
-0.07379288461342243,-1.6897071311446916,1.0699952387551896,0
-0.060752020391789396,-1.8167133472220511,-0.6330250176403862,0
0.1667643070715154,-1.7248551399105947,0.8591907170320683,0
0.10325469252311463,-1.8284195122836873,-0.8104826260323432,0
-0.284348754373136,-1.8477590659076781,-0.7653668625933477,0
0.19965261862531397,-1.8659855984427152,-0.7197900710654329,0
-0.025811584165420322,-1.8830881310487313,-0.6737797048764502,0
-0.7170901393108403,-1.8990563617712553,-0.6273634790264127,0
0.41096684795941646,-1.9138806719486832,-0.5805693529125169,0
0.12275231796292732,-1.8772248490305643,-0.5444373455470704,0
-0.10784979904505371,-1.8397788577111462,-0.5074931588058972,0
0.0024095023835427956,-1.8074088000968143,-0.4692637411070643,0
-0.034490807531965546,-1.8261477166214717,-0.4232389998707698,0
-0.006575485975559804,-1.7953901169059578,-0.38455640201604546,0
-0.007756279876404218,-1.7647329237059197,-0.34583151637307735,0
-0.00984316676439654,-1.734024750808938,-0.3071491288546043,0
-0.010519543871812828,-1.703280842206235,-0.2683865241758062,0
-0.009912724062522032,-1.672609166033991,-0.22952934363430808,0
-0.009787245484379248,-1.641841856176973,-0.19063761612563185,0
-0.010541978876980627,-1.612456496121592,-0.1527607351834995,0
-0.00967635199247947,-1.580875938773581,-0.11693597332981821,0
-0.009215651169455528,-1.551929248871388,-0.08025003010758848,0
-0.009083752885306095,-1.525033915845612,-0.04278039884806066,0
-0.0075210882636376625,-1.5,5.381411671174046e-16,0
-0.007440369949187608,-1.475000000000001,0.04359109009904705,0
-0.008185138212648588,-1.500907669817843,0.08370390425982646,0
-0.008743026681842143,-1.530124103446566,0.12292161373287776,0
-0.00984407312079113,-1.562047742327355,0.16001691586498976,0
-0.009727593089614201,-1.593006883881828,0.19794083752079128,0
-0.010322055992923016,-1.623643648441526,0.23671806579169438,0
-0.010220361420945335,-1.654329840225027,0.2755755058524819,0
-0.010229823678540601,-1.6849745330980739,0.3143898703869428,0
-0.010125049055277875,-1.7156666188987357,0.35311879154194203,0
-0.012057455483558441,-1.7462913159846019,0.3918712067607607,0
-0.004727187708863473,-1.7769062943872238,0.4305823660367475,0
-0.01926759096489783,-1.7584105664013518,0.4764555166442801,0
0.014750558457755119,-1.7891616994758608,0.5150815458796806,0
0.05693578665666782,-1.8203703530745619,0.5533480134903671,0
-0.008849027627298967,-1.8538753727230888,0.5977645053610174,0
-0.2757924135317033,-1.8523616892636547,0.6487764114902582,0
-0.06075202041271302,-1.8167133472220507,0.6330250176403871,0
0.5127051158567688,-1.8490105069204628,0.6872964747462751,0
-0.3074496295636768,-1.8263860521078548,0.7248027001288622,0
0.09984123993242545,-1.8031962761698497,0.7692677476283023,0
-0.04165682356449041,-1.7848688434964368,0.8130398910836052,0
0.023657308896331733,-1.8079785871308687,0.8551101849915403,0
0.10099838371053099,-1.9275521319937412,-0.533425513494042,0
-0.17883157807030672,-1.8912626241194852,-0.4973187530437544,0
0.045440297152836436,-1.8578343459949778,-0.46089391745695996,0
0.01963071260363183,-1.8742998673352527,-0.41470166107193396,0
0.006120056723126187,-1.8442659484441617,-0.3770969024551541,0
-0.018711377201500984,-1.8137163862411327,-0.3386296248089179,0
-0.014021760545627721,-1.78301341303504,-0.29994876839628226,0
-0.008697010412074243,-1.752319126090208,-0.2612371586543673,0
-0.010447571503505905,-1.721615415768595,-0.22236316409567147,0
-0.011011540420724338,-1.690880312602587,-0.18344090596647297,0
-0.010238981977062397,-1.660173515758221,-0.14448163607131986,0
-0.008887771593014503,-1.632613896752079,-0.1084200475035969,0
-0.010347531697077821,-1.604153462270685,-0.07418101540416612,0
-0.01026331674455176,-1.575047376331813,-0.04020811358870152,0
-0.00821702019101406,-1.55,5.560792060213181e-16,0
-0.009083752885125468,-1.525033915845612,0.042780398848061396,0
-0.009215651169542087,-1.551929248871388,0.08025003010758923,0
-0.009676351992421938,-1.580875938773581,0.11693597332981896,0
-0.010541978876970073,-1.612456496121592,0.15276073518350028,0
-0.009787245484343246,-1.641841856176973,0.19063761612563268,0
-0.009912724062483003,-1.672609166033991,0.2295293436343089,0
-0.010519543871941027,-1.703280842206235,0.268386524175807,0
-0.009843166764386867,-1.734024750808938,0.3071491288546051,0
-0.007756279875744438,-1.7647329237059197,0.34583151637307813,0
-0.006575485977299117,-1.7953901169059578,0.38455640201604624,0
-0.034490807521543626,-1.8261477166214717,0.4232389998707707,0
0.002409502372462869,-1.8074088000968138,0.4692637411070651,0
-0.10784979905259903,-1.8397788577111458,0.5074931588058981,0
0.1227523179081984,-1.8772248490305639,0.5444373455470712,0
0.41096684791949295,-1.9138806719486827,0.5805693529125178,0
-0.7170901390654887,-1.8990563617712548,0.6273634790264135,0
-0.02581158427837706,-1.8830881310487309,0.6737797048764511,0
0.1996526184381414,-1.8659855984427147,0.7197900710654338,0
-0.2843487539978789,-1.8477590659076777,0.7653668625933486,0
0.10325469251724749,-1.8284195122836868,0.8104826260323441,0
0.015874905564167426,-1.9400625067070922,-0.4859603585369853,0
0.15945392140522524,-1.9051230532793937,-0.451702224421572,0
-0.20184761961658287,-1.9191261706157208,-0.40419252233396546,0
-0.09756047355799154,-1.8891167372137847,-0.37042659224067187,0
-0.0055919312327164005,-1.8625521986743319,-0.33150354534397897,0
0.023618537527583874,-1.831969037211615,-0.2927937358815304,0
-0.013018367113716216,-1.801318254152427,-0.25405144580519656,0
-0.009162344109747306,-1.770629973889344,-0.21524160504089634,0
-0.00986259782870475,-1.739949481250468,-0.17634814674090957,0
-0.00985537431943682,-1.709250710305982,-0.1373372338098774,0
-0.010177222526917152,-1.680355808766392,-0.09900746682428734,0
-0.00970363094741856,-1.655127595563618,-0.06513943335730711,0
-0.011426065895897826,-1.625483433280748,-0.035536740090305795,0
-0.008325022950790668,-1.6,5.740172449252317e-16,0
-0.010263316744553014,-1.575047376331813,0.040208113588702285,0
-0.010347531697069685,-1.604153462270685,0.07418101540416687,0
-0.008887771593010303,-1.632613896752079,0.10842004750359768,0
-0.010238981977109637,-1.660173515758221,0.1444816360713207,0
-0.011011540420634635,-1.690880312602587,0.1834409059664738,0
-0.010447571503813929,-1.721615415768595,0.2223631640956723,0
-0.008697010411690723,-1.752319126090208,0.2612371586543681,0
-0.014021760546230659,-1.78301341303504,0.29994876839628304,0
-0.01871137720109852,-1.8137163862411327,0.3386296248089188,0
0.006120056721994609,-1.8442659484441617,0.377096902455155,0
0.019630712530337376,-1.8742998673352527,0.41470166107193485,0
0.04544029719183879,-1.8578343459949778,0.46089391745696084,0
-0.17883157802829674,-1.8912626241194848,0.4973187530437553,0
0.10099838358051899,-1.9275521319937408,0.5334255134940429,0
-0.09513182059938412,-1.9514042603701418,-0.43820247900857145,0
-0.16123461374976503,-1.9615705610388787,-0.3901806428638087,0
0.1435674714026723,-1.9289534975949967,-0.3583793973543492,0
0.21594755576450497,-1.9008681197929178,-0.3326135246391716,0
-0.1555525626528768,-1.88826846745945,-0.2883204671027006,0
-0.021386537778089465,-1.850198399710129,-0.24693433357904837,0
-0.007890877977746532,-1.819599540244635,-0.20811832087116947,0
-0.012165000338556725,-1.788971872024586,-0.16927364070638126,0
-0.009279228156505165,-1.759366189386403,-0.13005416236622186,0
-0.01024820393101737,-1.73334631228473,-0.08446628922661889,0
-0.010047006093410669,-1.696831495518713,-0.05198191531327493,0
-0.009904742245467703,-1.668226589286781,-0.029988870108708703,0
-0.009933896086830646,-1.65,5.919552838291451e-16,0
-0.011426065895991886,-1.625483433280748,0.035536740090306586,0
-0.009703630947479497,-1.655127595563618,0.06513943335730789,0
-0.01017722252686668,-1.680355808766392,0.09900746682428814,0
-0.00985537431925187,-1.709250710305982,0.13733723380987822,0
-0.009862597828780914,-1.739949481250468,0.1763481467409104,0
-0.009162344108907662,-1.770629973889344,0.21524160504089723,0
-0.013018367114428938,-1.801318254152427,0.25405144580519734,0
0.023618537526075754,-1.831969037211615,0.2927937358815313,0
-0.005591931234967261,-1.8625521986743319,0.33150354534397986,0
-0.09756047347263218,-1.8891167372137847,0.37042659224067276,0
-0.2018476195266145,-1.9191261706157208,0.40419252233396635,0
0.15945392135479594,-1.9051230532793937,0.4517022244215729,0
0.01587490555547614,-1.9400625067070918,0.4859603585369862,0
0.23144025432010695,-1.9705552849592298,-0.3419237764754685,0
-0.13764501819178024,-1.9324841119494487,-0.31093932557300935,0
0.04924675153252616,-1.93992705931324,-0.26420265219891625,0
0.18533035026553726,-1.899961703778075,-0.23713906610812105,0
-0.005835056801016604,-1.867293627296949,-0.20004092410567073,0
-0.004637630334589697,-1.837947665295526,-0.16214906758298558,0
-0.008038339590357978,-1.807416137733773,-0.12400935585313579,0
-0.008968728761135724,-1.780893597146618,-0.09225907196800827,0
-0.010039029389470416,-1.776569846480768,-0.045974476478002305,0
-0.011311251991513465,-1.73480509929066,-0.03764029347432384,0
-0.010836107523965351,-1.7,6.098933227330585e-16,0
-0.010047006093289566,-1.696831495518713,0.05198191531327575,0
-0.01024820393137671,-1.73334631228473,0.08446628922661972,0
-0.00927922815665984,-1.759366189386403,0.13005416236622275,0
-0.012165000338873817,-1.788971872024586,0.16927364070638215,0
-0.00789087797990252,-1.819599540244635,0.20811832087117035,0
-0.0213865377760066,-1.850198399710129,0.24693433357904926,0
-0.15555256263255424,-1.88826846745945,0.2883204671027015,0
0.2159475556538156,-1.9008681197929178,0.3326135246391725,0
0.14356747136479764,-1.9289534975949967,0.3583793973543501,0
-0.16123461368122968,-1.9615705610388787,0.3901806428638096,0
-0.09513182051981064,-1.9514042603701418,0.43820247900857234,0
-0.009904742245626907,-1.668226589286781,0.0299888701087095,0
-0.10801262522290717,-1.978353020057941,-0.29346094804526474,0
0.1835044109738769,-1.984959069281583,-0.244821349716056,0
-0.037877039914492365,-1.946686137654028,-0.21696083777936154,0
-0.21995477235691074,-1.912482003698244,-0.18668005450213204,0
-0.028232281456056416,-1.885264390806146,-0.15455984204448703,0
-0.007721464431191287,-1.856638257864214,-0.11832672542766717,0
-0.018936946104576583,-1.827769499847418,-0.07679107591606253,0
0.002006860430413542,-1.825867869265637,-0.03321336451665718,0
-0.014710851431124375,-1.8,6.457694005408856e-16,0
-0.007118539737598876,-1.75,6.278313616369721e-16,0
-0.010039029388549142,-1.776569846480768,0.045974476478003165,0
-0.008968728760167136,-1.780893597146618,0.09225907196800913,0
-0.008038339590812574,-1.807416137733773,0.12400935585313665,0
-0.004637630331106258,-1.837947665295526,0.16214906758298647,0
-0.005835056792540884,-1.867293627296949,0.20004092410567167,0
0.18533035024079625,-1.899961703778075,0.237139066108122,0
0.049246751704486766,-1.93992705931324,0.26420265219891714,0
-0.13764501825157552,-1.9324841119494487,0.31093932557301024,0
0.2314402539913357,-1.9705552849592298,0.3419237764754694,0
-0.011311251991665546,-1.73480509929066,0.037640293474324675,0
-0.26054702841478056,-1.990369453394393,-0.19603428015147462,0
-0.07189365684306576,-1.953263734074862,-0.16883687731132185,0
0.285409041866903,-1.921862200463924,-0.14534510318732005,0
-0.05605909172454167,-1.904005333333834,-0.11251150993909537,0
0.05663678768407261,-1.876816303509594,-0.08555817925492668,0
-0.04640998787897244,-1.874999999999999,-0.043301270189221544,0
-0.003955380830368001,-1.85,6.637074394447991e-16,0
0.0020068604289624737,-1.825867869265637,0.033213364516658066,0
-0.018936946108913087,-1.827769499847418,0.07679107591606339,0
-0.007721464428507216,-1.856638257864214,0.11832672542766806,0
-0.02823228148153611,-1.885264390806146,0.15455984204448797,0
-0.2199547723539613,-1.912482003698244,0.18668005450213299,0
-0.0378770400522337,-1.946686137654028,0.21696083777936248,0
0.1835044110501612,-1.984959069281583,0.244821349716057,0
-0.10801262497674177,-1.978353020057941,0.2934609480452656,0
0.2850190265072764,-1.994580913381552,-0.14712912687165122,0
0.03947198449812898,-1.95160644545222,-0.11758838505231428,0
-0.12474967284151545,-1.918232721701175,-0.07732185336542999,0
0.15331103687980016,-1.928261180649688,-0.03755398591533518,0
0.028501379475133832,-1.9,6.816454783487124e-16,0
-0.04640998787343958,-1.874999999999999,0.043301270189222446,0
0.05663678769707022,-1.876816303509594,0.08555817925492756,0
-0.05605909172443756,-1.904005333333834,0.11251150993909628,0
0.2854090419420134,-1.921862200463924,0.145345103187321,0
-0.07189365681158366,-1.953263734074862,0.1688368773113228,0
-0.2605470286587298,-1.990369453394393,0.19603428015147562,0
-0.28558542498173584,-1.9975909124211,-0.09813534843591842,0
-0.1222528422769938,-1.959677407606051,-0.07007625196366446,0
0.23707492326018592,-1.964221249789569,-0.03508607853653895,0
-0.33396190571126494,-1.95,6.99583517252626e-16,0
0.15331103689550696,-1.928261180649688,0.03755398591533611,0
-0.12474967288236077,-1.918232721701175,0.0773218533654309,0
0.03947198449289693,-1.95160644545222,0.1175883850523152,0
0.2850190265838424,-1.994580913381552,0.14712912687165222,0
-0.00968866013532345,-1.99939763739569,-0.04908245691215015,0
-0.16189875647361496,-2.0,7.175215561565395e-16,0
0.23707492336542024,-1.964221249789569,0.035086078536539896,0
-0.12225284230220672,-1.959677407606051,0.0700762519636654,0
-0.28558542504702505,-1.9975909124211,0.09813534843591937,0
-0.00968865995814611,-1.99939763739569,0.04908245691215112,0
