"f",":0",":1",":2"
1.0990004261971662,1.99939763739569,-0.049082456912151365,0
1.0990004261971662,1.9975909124211,-0.09813534843591962,0
1.0952442433976683,1.959677407606051,-0.07007625196366564,0
1.0955981082003494,1.964221249789569,-0.03508607853654013,0
1.0990004261971662,2.0,0.0,0
1.0990004261971662,1.994580913381552,-0.14712912687165244,0
1.0946899985155947,1.95160644545222,-0.11758838505231545,0
1.091277163230062,1.918232721701175,-0.07732185336543115,0
1.0921379825605815,1.928261180649688,-0.037553985915336346,0
1.094190034012958,1.95,0.0,0
1.0955981082003499,1.964221249789569,0.03508607853653919,0
1.0990004261971662,1.99939763739569,0.04908245691215041,0
1.0990004261971662,1.990369453394393,-0.19603428015147584,0
1.0952084145103829,1.953263734074862,-0.16883687731132305,0
1.092010453994886,1.921862200463924,-0.1453451031873212,0
1.0900732072069617,1.904005333333834,-0.11251150993909652,0
1.0873047089310932,1.876816303509594,-0.0855581792549278,0
1.0869798168758673,1.874999999999999,-0.043301270189222675,0
1.0893591543432617,1.9,0.0,0
1.092137982560582,1.928261180649688,0.03755398591533542,0
1.095244243397668,1.959677407606051,0.0700762519636647,0
1.0990004261971662,1.9975909124211,0.09813534843591865,0
1.0990004261971662,1.984959069281583,-0.24482134971605723,0
1.0950388795865669,1.946686137654028,-0.21696083777936273,0
1.091451063296191,1.912482003698244,-0.18668005450213318,0
1.0885440045209267,1.885264390806146,-0.1545598420444882,0
1.0855133787958449,1.856638257864214,-0.11832672542766831,0
1.0824870774310424,1.827769499847418,-0.07679107591606363,0
1.0821833883390164,1.825867869265637,-0.03321336451665829,0
1.0844976699255438,1.85,0.0,0
1.0869798168758666,1.874999999999999,0.04330127018922177,0
1.0912771632300622,1.918232721701175,0.07732185336543021,0
1.0946899985155953,1.95160644545222,0.1175883850523145,0
1.0990004261971662,1.994580913381552,0.1471291268716515,0
1.0990004261971662,1.978353020057941,-0.2934609480452659,0
1.0949541840567842,1.93992705931324,-0.2642026521989174,0
1.0907812684490292,1.899961703778075,-0.2371390661081222,0
1.0872227711086027,1.867293627296949,-0.2000409241056719,0
1.0840228464818147,1.837947665295526,-0.1621490675829867,0
1.0807550288964267,1.807416137733773,-0.12400935585313688,0
1.0779842687336483,1.780893597146618,-0.09225907196800935,0
1.0773744261594416,1.776569846480768,-0.04597447647800337,0
1.0796137814967965,1.8,0.0,0
1.0821833883390175,1.825867869265637,0.03321336451665741,0
1.0824870774310427,1.827769499847418,0.07679107591606274,0
1.0873047089310937,1.876816303509594,0.08555817925492688,0
1.0900732072069605,1.904005333333834,0.1125115099390956,0
1.092010453994886,1.921862200463924,0.1453451031873203,0
1.095208414510384,1.953263734074862,0.1688368773113221,0
1.0990004261971662,1.990369453394393,0.1960342801514749,0
1.0990004261971662,1.97055528495923,-0.3419237764754697,0
1.094903437508115,1.932484111949449,-0.31093932557301057,0
1.0903446708015887,1.88826846745945,-0.2883204671027018,0
1.0861202992571828,1.850198399710129,-0.24693433357904948,0
1.08268900162881,1.819599540244635,-0.20811832087117052,0
1.0793203954895694,1.788971872024586,-0.16927364070638234,0
1.076101455223544,1.759366189386403,-0.13005416236622294,0
1.0732712327486496,1.73334631228473,-0.08446628922661993,0
1.0732629023857696,1.73480509929066,-0.03764029347432488,0
1.0747101061090445,1.75,0.0,0
1.077374426159441,1.776569846480768,0.04597447647800253,0
1.0779842687336485,1.780893597146618,0.09225907196800849,0
1.080755028896427,1.807416137733773,0.124009355853136,0
1.0855133787958444,1.856638257864214,0.1183267254276674,0
1.0885440045209278,1.885264390806146,0.1545598420444873,0
1.09145106329619,1.912482003698244,0.1866800545021323,0
1.0950388795865682,1.946686137654028,0.2169608377793618,0
1.0990004261971662,1.984959069281583,0.2448213497160563,0
1.095351069789061,1.928953497594997,-0.3583793973543504,0
1.0990004261971662,1.961570561038879,-0.3901806428638099,0
1.0922424813059213,1.900868119792918,-0.3326135246391728,0
1.088569451667974,1.862552198674332,-0.3315035453439801,0
1.085007716064342,1.831969037211615,-0.2927937358815315,0
1.0814891527526347,1.801318254152427,-0.25405144580519756,0
1.0780157401853299,1.770629973889344,-0.21524160504089743,0
1.0745995470222343,1.739949481250468,-0.17634814674091062,0
1.0712387344278933,1.709250710305982,-0.1373372338098784,0
1.0681407746659712,1.680355808766392,-0.09900746682428835,0
1.0695509187546486,1.696831495518713,-0.05198191531327596,0
1.0697822144232725,1.7,0.0,0
1.0732629023857707,1.73480509929066,0.03764029347432405,0
1.0732712327486502,1.73334631228473,0.0844662892266191,0
1.076101455223543,1.759366189386403,0.1300541623662221,0
1.0793203954895705,1.788971872024586,0.1692736407063815,0
1.0840228464818142,1.837947665295526,0.1621490675829858,0
1.087222771108603,1.867293627296949,0.200040924105671,0
1.0907812684490295,1.899961703778075,0.2371390661081213,0
1.0949541840567834,1.93992705931324,0.2642026521989164,0
1.0990004261971662,1.978353020057941,0.2934609480452649,0
1.0952757187748088,1.919126170615721,-0.4041925223339667,0
1.0990004261971662,1.951404260370142,-0.4382024790085726,0
1.0917906632530758,1.889116737213785,-0.3704265922406731,0
1.0876527339101822,1.844265948444162,-0.3770969024551552,0
1.0840209037201238,1.813716386241133,-0.338629624808919,0
1.0804042696771894,1.78301341303504,-0.29994876839628326,0
1.0768429688544496,1.752319126090208,-0.26123715865436836,0
1.0733226907873556,1.721615415768595,-0.22236316409567253,0
1.0698712040930527,1.690880312602587,-0.18344090596647397,0
1.0664731132276082,1.660173515758221,-0.1444816360713209,0
1.0634828545542858,1.632613896752079,-0.1084200475035979,0
1.0654827881694888,1.655127595563618,-0.0651394333573081,0
1.066685331370581,1.668226589286781,-0.029988870108709705,0
1.0648518340013011,1.65,0.0,0
1.0666853313705809,1.668226589286781,0.0299888701087089,0
1.0695509187546475,1.696831495518713,0.05198191531327514,0
1.0681407746659708,1.680355808766392,0.09900746682428754,0
1.0712387344278942,1.709250710305982,0.1373372338098776,0
1.0745995470222331,1.739949481250468,0.1763481467409098,0
1.078015740185331,1.770629973889344,0.2152416050408966,0
1.0826890016288089,1.819599540244635,0.2081183208711697,0
1.0861202992571837,1.850198399710129,0.2469343335790486,0
1.0903446708015878,1.88826846745945,0.2883204671027008,0
1.094903437508115,1.932484111949449,0.3109393255730096,0
1.0990004261971662,1.97055528495923,0.3419237764754687,0
1.0949594646147676,1.905123053279394,-0.4517022244215732,0
1.0912640164218106,1.874299867335253,-0.41470166107193507,0
1.086891476266703,1.826147716621472,-0.4232389998707709,0
1.0831448279596785,1.795390116905958,-0.38455640201604646,0
1.0794501536359236,1.76473292370592,-0.3458315163730784,0
1.075792103771424,1.734024750808938,-0.3071491288546054,0
1.0721838859157256,1.703280842206235,-0.2683865241758073,0
1.068630738675124,1.672609166033991,-0.22952934363430907,0
1.0651303945032904,1.641841856176973,-0.19063761612563287,0
1.0618489867882543,1.612456496121592,-0.15276073518350047,0
1.0584282097614914,1.580875938773581,-0.11693597332981917,0
1.0604806098328894,1.604153462270685,-0.07418101540416708,0
1.0624631264403477,1.625483433280748,-0.03553674009030678,0
1.0598950568424084,1.6,0.0,0
1.0624631264403472,1.625483433280748,0.035536740090306,0
1.0654827881694904,1.655127595563618,0.06513943335730729,0
1.0634828545542854,1.632613896752079,0.1084200475035971,0
1.0664731132276075,1.660173515758221,0.1444816360713201,0
1.0698712040930518,1.690880312602587,0.1834409059664732,0
1.0733226907873554,1.721615415768595,0.2223631640956717,0
1.0768429688544496,1.752319126090208,0.2612371586543675,0
1.0814891527526331,1.801318254152427,0.2540514458051967,0
1.085007716064343,1.831969037211615,0.2927937358815306,0
1.0885694516679723,1.862552198674332,0.3315035453439792,0
1.0922424813059217,1.900868119792918,0.3326135246391718,0
1.0953510697890583,1.928953497594997,0.3583793973543494,0
1.0990004261971662,1.961570561038879,0.3901806428638089,0
1.0990004261971662,1.9400625067070916,-0.4859603585369865,0
1.0907287511389745,1.857834345994978,-0.46089391745696107,0
1.0947326917938107,1.8912626241194845,-0.4973187530437556,0
1.0990004261971662,1.9275521319937405,-0.5334255134940431,0
1.0823871984588391,1.776906294387224,-0.43058236603674777,0
1.0861862978124819,1.8074088000968136,-0.4692637411070653,0
1.0786077513100314,1.746291315984602,-0.391871206760761,0
1.0748734276503225,1.715666618898736,-0.3531187915419423,0
1.0711719163674145,1.684974533098074,-0.3143898703869431,0
1.0675302626712941,1.654329840225027,-0.2755755058524822,0
1.0639402418090784,1.623643648441526,-0.23671806579169458,0
1.0604179301050711,1.593006883881828,-0.19794083752079142,0
1.0569386826777305,1.562047742327355,-0.16001691586498992,0
1.0534491702373274,1.530124103446566,-0.12292161373287795,0
1.0553275721088478,1.551929248871388,-0.08025003010758942,0
1.0574743800545636,1.575047376331813,-0.04020811358870247,0
1.0549281812109008,1.55,0.0,0
1.0574743800545638,1.575047376331813,0.04020811358870172,0
1.0604806098328887,1.604153462270685,0.0741810154041663,0
1.0584282097614917,1.580875938773581,0.1169359733298184,0
1.061848986788255,1.612456496121592,0.1527607351834997,0
1.0651303945032904,1.641841856176973,0.1906376161256321,0
1.068630738675125,1.672609166033991,0.2295293436343083,0
1.0721838859157236,1.703280842206235,0.2683865241758064,0
1.0757921037714249,1.734024750808938,0.3071491288546045,0
1.0804042696771885,1.78301341303504,0.2999487683962824,0
1.0840209037201247,1.813716386241133,0.3386296248089181,0
1.0876527339101816,1.844265948444162,0.3770969024551543,0
1.0917906632530763,1.889116737213785,0.3704265922406721,0
1.0952757187748074,1.919126170615721,0.4041925223339657,0
1.0990004261971662,1.951404260370142,0.4382024790085716,0
1.0901856127712097,1.8397788577111456,-0.5074931588058983,0
1.0946324667678786,1.8772248490305636,-0.5444373455470715,0
1.0990004261971662,1.9138806719486825,-0.580569352912518,0
1.0779111168205864,1.728005964158074,-0.4377440343205733,0
1.074085664824396,1.69736270689525,-0.39909238726390106,0
1.0702998206067895,1.666685988225413,-0.36035178515516436,0
1.0665624163909053,1.63602157031247,-0.32155653463576656,0
1.0628765225140357,1.605378193961792,-0.28273487876407377,0
1.0592467108841028,1.574695950369547,-0.24389021285287824,0
1.05567804897104,1.543955010511662,-0.2049793255943823,0
1.05210913328861,1.512466978477769,-0.16652104826119463,0
1.0486484689381508,1.481355706736923,-0.1280748025585738,0
1.0502806456820013,1.500907669817843,-0.08370390425982664,0
1.0525115702638084,1.525033915845612,-0.042780398848061583,0
1.049955705533476,1.5,0.0,0
1.0525115702638081,1.525033915845612,0.04278039884806085,0
1.0553275721088486,1.551929248871388,0.08025003010758867,0
1.053449170237327,1.530124103446566,0.1229216137328772,0
1.05693868267773,1.562047742327355,0.1600169158649892,0
1.0604179301050711,1.593006883881828,0.1979408375207907,0
1.0639402418090762,1.623643648441526,0.2367180657916938,0
1.0675302626712944,1.654329840225027,0.2755755058524813,0
1.0711719163674147,1.684974533098074,0.3143898703869422,0
1.0748734276503227,1.715666618898736,0.3531187915419414,0
1.079450153635922,1.76473292370592,0.3458315163730775,0
1.083144827959678,1.795390116905958,0.3845564020160456,0
1.0868914762667026,1.826147716621472,0.42323899987077,0
1.0912640164218101,1.874299867335253,0.4147016610719342,0
1.0949594646147678,1.905123053279394,0.4517022244215722,0
1.0990004261971662,1.940062506707092,0.4859603585369855,0
1.0817487225644769,1.7584105664013516,-0.4764555166442804,0
1.0856518903922612,1.7891616994758606,-0.5150815458796808,0
1.0896129291873096,1.8203703530745616,-0.5533480134903673,0
1.0939852737819404,1.8538753727230886,-0.5977645053610177,0
1.0990004261971662,1.8990563617712546,-0.6273634790264138,0
1.0734304078775454,1.679017387721106,-0.4449460747533214,0
1.077321119996351,1.7095098021735287,-0.4835911390248228,0
1.0812208116160582,1.7396325597795006,-0.5224478890434815,0
1.0852124852907765,1.7706329664453995,-0.5608423222240863,0
1.0695641172114336,1.648397926844745,-0.4062712388417784,0
1.0657346557248575,1.617735207774856,-0.3675237148795787,0
1.061951475217925,1.587062106724503,-0.328715738186044,0
1.05822653396473,1.556388000216721,-0.2898760288020516,0
1.0545558105516029,1.525720328618073,-0.25097423121321116,0
1.0509476816563483,1.494999702672999,-0.21201022851363793,0
1.0474047899569543,1.464162576520311,-0.17304630377563365,0
1.0438433575459534,1.432372386813668,-0.13396850374291078,0
1.045519818197462,1.452767847314377,-0.0882364126880172,0
1.0475313077947503,1.475000000000001,-0.04359109009904723,0
1.0449752497908231,1.45,0.0,0
1.0475313077947501,1.475000000000001,0.04359109009904652,0
1.050280645682001,1.500907669817843,0.08370390425982592,0
1.0486484689381503,1.481355706736923,0.1280748025585731,0
1.052109133288611,1.512466978477769,0.1665210482611939,0
1.0556780489710391,1.543955010511662,0.2049793255943816,0
1.0592467108841044,1.574695950369547,0.2438902128528775,0
1.062876522514036,1.605378193961792,0.282734878764073,0
1.0665624163909047,1.63602157031247,0.3215565346357658,0
1.0702998206067886,1.666685988225413,0.3603517851551635,0
1.0740856648243962,1.69736270689525,0.3990923872639002,0
1.0786077513100323,1.746291315984602,0.3918712067607601,0
1.0823871984588385,1.776906294387224,0.4305823660367469,0
1.086186297812482,1.807408800096814,0.4692637411070644,0
1.0907287511389743,1.857834345994978,0.4608939174569602,0
1.09473269179381,1.891262624119485,0.4973187530437546,0
1.0990004261971662,1.927552131993741,0.5334255134940422,0
1.0889299491938529,1.7989015125862056,-0.5974646078210565,0
1.0916677784142685,1.8167133472220505,-0.6330250176403873,0
1.0954161447086113,1.8523616892636545,-0.6487764114902584,0
1.0990004261971662,1.8830881310487306,-0.6737797048764513,0
1.0728996810472056,1.6605567674059456,-0.4908311031934584,0
1.0768527929364997,1.6908200676636036,-0.529615259914801,0
1.080839874096033,1.7210843748206885,-0.568350118475625,0
1.084855776659112,1.7517347302678306,-0.6062648719815895,0
1.06896196528476,1.630081620742793,-0.45217759817854997,0
1.0650508182494967,1.599475958664353,-0.41347441649637656,0
1.0611767477770486,1.568780685456473,-0.37469443759129956,0
1.0573485852016482,1.538095442412545,-0.33587027743281567,0
1.0535764422466005,1.507402150851457,-0.297022355214984,0
1.0498658892823178,1.476666100659508,-0.2581411923806995,0
1.046210013467029,1.445862726266407,-0.21922941831972118,0
1.0426288629750442,1.415042858290683,-0.18030853711686357,0
1.0390144831608519,1.383272033175373,-0.13912838018174756,0
1.0405548023580498,1.402605880785698,-0.09334945314651746,0
1.042588299165126,1.425353433383547,-0.04548795975364956,0
1.0399871426172849,1.4,0.0,0
1.0425882991651254,1.425353433383547,0.04548795975364888,0
1.0455198181974623,1.452767847314377,0.08823641268801648,0
1.043843357545953,1.432372386813668,0.1339685037429101,0
1.0474047899569534,1.464162576520311,0.173046303775633,0
1.0509476816563486,1.494999702672999,0.2120102285136372,0
1.0545558105516015,1.525720328618073,0.2509742312132104,0
1.0582265339647292,1.556388000216721,0.2898760288020508,0
1.0619514752179244,1.587062106724503,0.3287157381860432,0
1.065734655724859,1.617735207774856,0.3675237148795779,0
1.0695641172114325,1.648397926844745,0.4062712388417776,0
1.073430407877546,1.679017387721106,0.4449460747533205,0
1.0779111168205853,1.728005964158074,0.4377440343205724,0
1.081748722564477,1.758410566401352,0.4764555166442795,0
1.0856518903922598,1.789161699475861,0.5150815458796799,0
1.09018561277121,1.839778857711146,0.5074931588058974,0
1.0946324667678777,1.877224849030564,0.5444373455470706,0
1.0990004261971662,1.913880671948683,0.5805693529125171,0
1.0886334050280577,1.7795069687504586,-0.6441707834095818,0
1.0847245037949302,1.7335608421173556,-0.6525261225288076,0
1.080629494552644,1.7030452731148467,-0.6139661343585039,0
1.0765421055545725,1.6724067251201475,-0.5754924991335443,0
1.0725049077302058,1.6420506417088336,-0.536773129219067,0
1.0684859542254561,1.6116046261293135,-0.49808885295392935,0
1.0645069687281323,1.581155651996858,-0.459354074681746,0
1.0605445019204032,1.550507023922958,-0.420606391068175,0
1.05662864363549,1.519856723120797,-0.3818470441582404,0
1.0527615031783437,1.489147238508587,-0.3430488879727109,0
1.0489397779942673,1.458388756466627,-0.3042270603573757,0
1.0451773935196569,1.427575947573089,-0.2653619377813319,0
1.0414877468078794,1.396755643454931,-0.22646276044789115,0
1.0378658450133256,1.365924926147193,-0.18755384618638277,0
1.0338879174565743,1.331276302514291,-0.1431136157671414,0
1.0355821562579033,1.352409844500705,-0.09647632513066973,0
1.0376447207165227,1.375700978922926,-0.04855147740473281,0
1.034990582235797,1.35,0.0,0
1.0376447207165227,1.375700978922926,0.04855147740473216,0
1.0405548023580506,1.402605880785698,0.09334945314651677,0
1.039014483160851,1.383272033175373,0.1391283801817469,0
1.0426288629750458,1.415042858290683,0.1803085371168629,0
1.0462100134670282,1.445862726266407,0.2192294183197205,0
1.0498658892823187,1.476666100659508,0.2581411923806987,0
1.053576442246601,1.507402150851457,0.2970223552149832,0
1.0573485852016495,1.538095442412545,0.3358702774328149,0
1.0611767477770477,1.568780685456473,0.3746944375912988,0
1.0650508182494962,1.599475958664353,0.4134744164963758,0
1.0689619652847602,1.630081620742793,0.4521775981785492,0
1.0728996810472058,1.660556767405946,0.4908311031934575,0
1.0773211199963506,1.709509802173529,0.4835911390248219,0
1.081220811616059,1.739632559779501,0.5224478890434806,0
1.0852124852907754,1.7706329664454,0.5608423222240854,0
1.0896129291873102,1.820370353074562,0.5533480134903664,0
1.0939852737819395,1.853875372723089,0.5977645053610168,0
1.0990004261971662,1.899056361771255,0.6273634790264129,0
1.0927741406403793,1.8109650460711086,-0.6824658404162998,0
1.0963770614906807,1.8490105069204625,-0.6872964747462753,0
1.0990004261971662,1.8659855984427145,-0.719790071065434,0
1.0886044926687268,1.7617494259109445,-0.6903421262742447,0
1.084691814639077,1.7152798826443676,-0.6983203083882785,0
1.08053098812328,1.6847794269740186,-0.659757508883932,0
1.076383366214051,1.6542411100321837,-0.6212006986037435,0
1.0722588184507928,1.6237125703491806,-0.5826153788396278,0
1.0681658176315814,1.5932758212545926,-0.5439459904452812,0
1.0640967892618463,1.5627636591291216,-0.5052166796183275,0
1.0600550415311456,1.5321785964296246,-0.4664979617709988,0
1.056059558263385,1.501594527869645,-0.427770411710389,0
1.0520962953206758,1.470922754221482,-0.38901816131946876,0
1.0481777517363025,1.440166094838575,-0.3502454745057893,0
1.044315296620048,1.40934639815831,-0.31144153870900465,0
1.040503349936352,1.378478815375139,-0.2725948296956934,0
1.0367689309765606,1.347657995702593,-0.23370783370634082,0
1.032937139280865,1.315452553377113,-0.1919306221687885,0
1.0291407933145316,1.282167594887338,-0.1542379783840819,0
1.0298305723873253,1.294507111164958,-0.09963648513448657,0
1.0326024031217345,1.325083796556721,-0.05187126222773982,0
1.0299966222936914,1.3,0.0,0
1.0326024031217347,1.325083796556721,0.05187126222773918,0
1.0355821562579035,1.352409844500705,0.09647632513066906,0
1.0338879174565747,1.331276302514291,0.1431136157671408,0
1.0378658450133253,1.365924926147193,0.1875538461863821,0
1.0414877468078785,1.396755643454931,0.2264627604478905,0
1.045177393519656,1.427575947573089,0.2653619377813311,0
1.0489397779942673,1.458388756466627,0.3042270603573749,0
1.0527615031783415,1.489147238508587,0.3430488879727101,0
1.0566286436354904,1.519856723120797,0.3818470441582396,0
1.0605445019204034,1.550507023922958,0.4206063910681742,0
1.0645069687281323,1.581155651996858,0.4593540746817452,0
1.068485954225456,1.611604626129314,0.4980888529539286,0
1.072504907730207,1.642050641708834,0.5367731292190661,0
1.0768527929364982,1.690820067663604,0.5296152599148001,0
1.0808398740960334,1.721084374820689,0.5683501184756241,0
1.0848557766591123,1.751734730267831,0.6062648719815886,0
1.088929949193853,1.798901512586206,0.5974646078210556,0
1.091667778414269,1.816713347222051,0.6330250176403864,0
1.095416144708611,1.852361689263655,0.6487764114902576,0
1.0990004261971662,1.883088131048731,0.6737797048764504,0
1.0920827032110747,1.7850367805236527,-0.7289465041660188,0
1.0956345035070727,1.8263860521078545,-0.7248027001288624,0
1.0990004261971662,1.8477590659076775,-0.7653668625933489,0
1.0888660354116944,1.7457336883349845,-0.7369145005194963,0
1.0847968318331844,1.6971085224516547,-0.7440312115514952,0
1.0805749732102852,1.6666170100788416,-0.7054617558284979,0
1.0763596458344975,1.6360853882548125,-0.6669036514610709,0
1.0721658341394156,1.6055394276913755,-0.6283472969829171,0
1.0679894800877152,1.5749957551347256,-0.5897173596129558,0
1.0638436004176381,1.5444866858612996,-0.5510415653227038,0
1.0597247716947038,1.5139186190521605,-0.5123478992267807,0
1.0556394203166661,1.4833375594071256,-0.47364393902601115,0
1.0515916733481017,1.452710466980469,-0.43493469488276776,0
1.0475874349674532,1.422005495069359,-0.3962420935254303,0
1.043618919136067,1.391185926607087,-0.3574951051507453,0
1.03969024605894,1.360195870698122,-0.31869054320634765,0
1.0358529469390607,1.329394721754459,-0.2798303326768243,0
1.0320715641847424,1.2985876924889,-0.2409704972819503,0
1.0282473767009934,1.266820787449091,-0.1996744593144415,0
1.024786204655128,1.237022592969058,-0.16339032309227766,0
1.0258611741754202,1.252124005671904,-0.1274315858901813,0
1.024861467040762,1.245307382624987,-0.09005898609444019,0
1.0275819058673015,1.275068861232616,-0.04530777872419264,0
1.025010001288196,1.25,0.0,0
1.0275819058673012,1.275068861232616,0.04530777872419203,0
1.029830572387325,1.294507111164958,0.09963648513448593,0
1.0291407933145311,1.282167594887338,0.1542379783840813,0
1.032937139280865,1.315452553377113,0.1919306221687879,0
1.0367689309765609,1.347657995702593,0.2337078337063402,0
1.0405033499363543,1.378478815375139,0.2725948296956927,0
1.044315296620046,1.40934639815831,0.311441538709004,0
1.0481777517363045,1.440166094838575,0.3502454745057885,0
1.0520962953206758,1.470922754221482,0.389018161319468,0
1.0560595582633845,1.501594527869645,0.4277704117103882,0
1.060055041531145,1.532178596429625,0.466497961770998,0
1.0640967892618476,1.562763659129122,0.5052166796183266,0
1.0681658176315807,1.593275821254593,0.5439459904452804,0
1.072258818450793,1.623712570349181,0.5826153788396269,0
1.0765421055545725,1.672406725120148,0.5754924991335434,0
1.080629494552644,1.703045273114847,0.613966134358503,0
1.0847245037949305,1.733560842117356,0.6525261225288067,0
1.088633405028057,1.779506968750459,0.6441707834095809,0
1.0927741406403795,1.810965046071109,0.6824658404162989,0
1.0963770614906805,1.849010506920463,0.6872964747462744,0
1.0990004261971662,1.865985598442715,0.7197900710654331,0
1.0952019191513775,1.8031962761698495,-0.7692677476283025,0
1.0990004261971662,1.8284195122836866,-0.8104826260323443,0
1.091896103773045,1.7642356600390237,-0.7730950325326004,0
1.0890303104970596,1.7275986306707736,-0.7825891545040655,0
1.0850286696361182,1.6789596856065516,-0.7897304639994511,0
1.080743927997772,1.6484669721813265,-0.751161876250581,0
1.0764712668792153,1.6179564319250015,-0.7125933238871933,0
1.0722090964302422,1.5873789228274555,-0.6740613245801412,0
1.06796238242347,1.5568159013798886,-0.6354759842480169,0
1.0637423944269944,1.5262651688857536,-0.5968441469997998,0
1.05954374090716,1.4957010917114446,-0.5581773160330774,0
1.0553778151799855,1.4651228610774725,-0.5194966514366279,0
1.0512479244412922,1.4345188498682666,-0.48081418966765577,0
1.047153925577093,1.403871147572577,-0.442150493076743,0
1.0430780530154322,1.372927970335845,-0.40345861949465645,0
1.0390633288065143,1.3420197378988,-0.36474329295742725,0
1.035101708792333,1.311171485813903,-0.3259376089370233,0
1.0312105268339098,1.280334932435385,-0.28705102771591157,0
1.027400743251937,1.249549437856368,-0.2482259534438104,0
1.0236673915139138,1.218831323605658,-0.20947580326456394,0
1.0200519662201926,1.18818522569068,-0.17171886473413966,0
1.0216970022256997,1.210010914357945,-0.12933259887127146,0
1.0200272748672607,1.197018626328959,-0.0880922192347092,0
1.0225031447214405,1.224253813538292,-0.04504518356511859,0
1.0199964981925964,1.2,0.0,0
1.0225031447214405,1.224253813538292,0.04504518356511801,0
1.0248614670407625,1.245307382624987,0.09005898609443957,0
1.0258611741754207,1.252124005671904,0.1274315858901807,0
1.024786204655128,1.237022592969058,0.1633903230922771,0
1.0282473767009934,1.266820787449091,0.1996744593144409,0
1.0320715641847433,1.2985876924889,0.2409704972819497,0
1.0358529469390585,1.329394721754459,0.2798303326768236,0
1.039690246058941,1.360195870698122,0.318690543206347,0
1.0436189191360659,1.391185926607087,0.3574951051507446,0
1.047587434967452,1.422005495069359,0.3962420935254296,0
1.0515916733481014,1.452710466980469,0.434934694882767,0
1.055639420316667,1.483337559407126,0.4736439390260104,0
1.059724771694703,1.513918619052161,0.51234789922678,0
1.063843600417638,1.5444866858613,0.5510415653227029,0
1.067989480087716,1.574995755134726,0.5897173596129549,0
1.0721658341394151,1.605539427691376,0.6283472969829162,0
1.0763833662140507,1.654241110032184,0.6212006986037426,0
1.08053098812328,1.684779426974019,0.6597575088839311,0
1.0846918146390767,1.715279882644368,0.6983203083882776,0
1.088604492668728,1.761749425910945,0.6903421262742439,0
1.0920827032110745,1.785036780523653,0.7289465041660179,0
1.0956345035070747,1.826386052107855,0.7248027001288615,0
1.0990004261971662,1.847759065907678,0.765366862593348,0
1.0952873939904655,1.7848688434964366,-0.8130398910836054,0
1.0990004261971662,1.8079785871308685,-0.8551101849915406,0
1.0919935270173098,1.7449471571492545,-0.81811774217729,0
1.0891807144203427,1.7081406940588746,-0.8277856665208868,0
1.0853856101858466,1.6608108080159196,-0.8354356381176832,0
1.0810483596366554,1.6303125295994736,-0.7968609085091011,0
1.0767163075985358,1.5997660774763316,-0.7583295788868957,0
1.072390925552086,1.5692109021911707,-0.7197947969313147,0
1.0680824398987068,1.5386390392957157,-0.6812500419346343,0
1.063789899560816,1.5080911209063426,-0.6426195207666954,0
1.0595185097540705,1.4775185379453735,-0.6039782597480696,0
1.055274531139884,1.4469192155108095,-0.5653297100242308,0
1.0510600156200487,1.4163189620861556,-0.5266645463085138,0
1.0468812091671569,1.3857110115418305,-0.4879862440859434,0
1.042739193476457,1.354955575942247,-0.4493858238898897,0
1.038569226132068,1.323529938924999,-0.4107349083677039,0
1.0345413805133126,1.29298200387834,-0.37200982343458705,0
1.0305754533511537,1.26246205337039,-0.33336682103573345,0
1.0266445833622868,1.231677909434284,-0.2945843449848364,0
1.022775232104788,1.20081514108489,-0.25569214394846734,0
1.0189825524401097,1.169802319917377,-0.21669359675775685,0
1.0152872090963643,1.139060617110101,-0.17799644833867764,0
1.0167765107857758,1.161007384923481,-0.12557428605446094,0
1.0162179598111187,1.159499000354933,-0.07832031644348103,0
1.0177173070085868,1.176337163535087,-0.042688991665125055,0
1.0149981718290877,1.15,0.0,0
1.0177173070085872,1.176337163535087,0.0426889916651245,0
1.0200272748672596,1.197018626328959,0.08809221923470861,0
1.021697002225699,1.210010914357945,0.1293325988712709,0
1.0200519662201921,1.18818522569068,0.1717188647341391,0
1.023667391513914,1.218831323605658,0.2094758032645634,0
1.027400743251936,1.249549437856368,0.2482259534438098,0
1.0312105268339113,1.280334932435385,0.2870510277159109,0
1.0351017087923333,1.311171485813903,0.3259376089370226,0
1.0390633288065139,1.3420197378988,0.3647432929574266,0
1.0430780530154338,1.372927970335845,0.4034586194946558,0
1.0471539255770932,1.403871147572577,0.4421504930767423,0
1.0512479244412916,1.434518849868267,0.480814189667655,0
1.0553778151799873,1.465122861077473,0.5194966514366273,0
1.0595437409071597,1.495701091711445,0.5581773160330767,0
1.063742394426995,1.526265168885754,0.5968441469997992,0
1.0679623824234694,1.556815901379889,0.635475984248016,0
1.0722090964302429,1.587378922827456,0.6740613245801403,0
1.0763596458344977,1.636085388254813,0.66690365146107,0
1.0805749732102858,1.666617010078842,0.705461755828497,0
1.0847968318331844,1.697108522451655,0.7440312115514943,0
1.0888660354116941,1.745733688334985,0.7369145005194954,0
1.091896103773045,1.764235660039024,0.7730950325325995,0
1.0952019191513782,1.80319627616985,0.7692677476283016,0
1.0990004261971662,1.828419512283687,0.8104826260323434,0
1.0952702099307623,1.7635396326281556,-0.8579788665175606,0
1.0990004261971662,1.7864486032744515,-0.8992226575541578,0
1.0919755831879834,1.7248551399105945,-0.8591907170320685,0
1.0897298216291946,1.6913182881099476,-0.8740028702202599,0
1.094265360091417,1.7307615682818225,-0.8999310898600803,0
1.0990004261971662,1.7638425294879057,-0.942793472171773,0
1.085859410842884,1.6425687100191535,-0.8811106293778762,0
1.0814821640618844,1.6121746101227337,-0.8425750126353116,0
1.077092324168115,1.5816391289494836,-0.8040236174141521,0
1.0727085719506306,1.5510105000115366,-0.765542950329032,0
1.0683400037466426,1.5204563177716977,-0.7270171515897219,0
1.06397883314553,1.4898868487216936,-0.6883693530345417,0
1.0596434068670288,1.4593570135546816,-0.6497186334191423,0
1.0553251156901615,1.4287414852392355,-0.6111480800637333,0
1.051033860657917,1.3981753524001066,-0.5724530245671209,0
1.0467732750360468,1.3675109742324736,-0.5338238125609351,0
1.0425485715940659,1.3369108528425806,-0.4951911373704608,0
1.0383702511011614,1.306253376497412,-0.4566925259191867,0
1.0341814901489088,1.275054457792381,-0.41801516123934335,0
1.0301122666413365,1.244579455981317,-0.37941260423677264,0
1.0261022766071595,1.214071734541909,-0.34085187677137185,0
1.022115205632231,1.183185460292307,-0.30191877465518885,0
1.0181200701996043,1.151639946060103,-0.26269009724273085,0
1.0140987105603072,1.119217208372746,-0.2219181023196478,0
1.0105848480223838,1.090105394089912,-0.1851149194159325,0
1.0118744216481257,1.110125723683732,-0.1389206169274558,0
1.0129355331175853,1.125473753467015,-0.09303786996718265,0
1.012658527476732,1.125704394314883,-0.04452201022262506,0
1.0099907677689182,1.1,0.0,0
1.0126585274767321,1.125704394314883,0.04452201022262452,0
1.0162179598111187,1.159499000354933,0.07832031644348048,0
1.0167765107857765,1.161007384923481,0.1255742860544604,0
1.015287209096365,1.139060617110101,0.1779964483386771,0
1.0189825524401084,1.169802319917377,0.2166935967577563,0
1.02277523210479,1.20081514108489,0.2556921439484667,0
1.0266445833622864,1.231677909434284,0.2945843449848357,0
1.0305754533511529,1.26246205337039,0.3333668210357328,0
1.034541380513313,1.29298200387834,0.3720098234345864,0
1.0385692261320687,1.323529938924999,0.4107349083677032,0
1.042739193476455,1.354955575942247,0.449385823889889,0
1.046881209167158,1.385711011541831,0.4879862440859427,0
1.051060015620048,1.416318962086156,0.5266645463085131,0
1.0552745311398835,1.44691921551081,0.5653297100242302,0
1.0595185097540707,1.477518537945374,0.603978259748069,0
1.0637898995608164,1.508091120906343,0.6426195207666947,0
1.0680824398987065,1.538639039295716,0.6812500419346335,0
1.0723909255520863,1.569210902191171,0.7197947969313138,0
1.0764712668792142,1.617956431925002,0.7125933238871924,0
1.080743927997772,1.648466972181327,0.7511618762505801,0
1.0850286696361189,1.678959685606552,0.7897304639994502,0
1.0890303104970598,1.727598630670774,0.7825891545040646,0
1.0919935270173105,1.744947157149255,0.8181177421772892,0
1.0952873939904653,1.784868843496437,0.8130398910836045,0
1.0990004261971662,1.807978587130869,0.8551101849915397,0
1.0901992558606595,1.6726070337701626,-0.9194998606407799,0
1.0948958599713494,1.7137354912669875,-0.9455526259126602,0
1.0990004261971662,1.7401739829686225,-0.9857963831335157,0
1.0820385737370808,1.5939976476546096,-0.8882857332060522,0
1.0864707212529323,1.6243953774495605,-0.9268313180137049,0
1.0776105658022705,1.5635036541434526,-0.8498033120769787,0
1.073174900386919,1.5328851976495506,-0.8113683523643557,0
1.068742177015335,1.5022731639555225,-0.7728279241216158,0
1.064317585360523,1.4716750845600455,-0.7341582533156208,0
1.0599111047830414,1.4411258387087715,-0.6954271158278544,0
1.0555193842729451,1.4105440308590096,-0.6567185461126077,0
1.0511643429314865,1.3800047173256655,-0.6180801027467784,0
1.0468213708524918,1.3493514221344456,-0.5794975307215886,0
1.0425187137012766,1.3187041651600195,-0.5409604740435416,0
1.0382514214864236,1.2880914710239866,-0.5023621380309774,0
1.0340161233117986,1.2573541431005446,-0.4638327627957058,0
1.0298266634778976,1.22664057319337,-0.42527942044841716,0
1.0257221410099866,1.196216777394312,-0.38663674633292666,0
1.021670527697515,1.165918470710803,-0.34784616906804783,0
1.0175591376318278,1.134335909489621,-0.30843696583189917,0
1.013454168412911,1.102146110577886,-0.2689126544016169,0
1.0085105780208765,1.062548862481097,-0.2201008977611723,0
1.005026931057478,1.034882314224999,-0.1787543290553127,0
1.0079658236665616,1.069478001292287,-0.1484540183781494,0
1.0085845980861219,1.080429989578334,-0.10665909930212132,0
1.0095162200092185,1.092899391922077,-0.07124812390196239,0
1.0076893250429464,1.076057135607035,-0.03794113986174125,0
1.0049855414311206,1.05,0.0,0
1.0076893250429468,1.076057135607035,0.03794113986174073,0
1.009516220009218,1.092899391922077,0.07124812390196186,0
1.012935533117584,1.125473753467015,0.0930378699671821,0
1.0118744216481248,1.110125723683732,0.1389206169274553,0
1.0105848480223822,1.090105394089912,0.185114919415932,0
1.0140987105603085,1.119217208372746,0.2219181023196473,0
1.0181200701996034,1.151639946060103,0.2626900972427303,0
1.0221152056322307,1.183185460292307,0.3019187746551883,0
1.0261022766071604,1.214071734541909,0.3408518767713712,0
1.0301122666413371,1.244579455981317,0.379412604236772,0
1.0341814901489081,1.275054457792381,0.4180151612393427,0
1.0383702511011628,1.306253376497412,0.456692525919186,0
1.0425485715940659,1.336910852842581,0.4951911373704601,0
1.0467732750360474,1.367510974232474,0.5338238125609345,0
1.0510338606579175,1.398175352400107,0.5724530245671202,0
1.0553251156901624,1.428741485239236,0.6111480800637327,0
1.059643406867028,1.459357013554682,0.6497186334191416,0
1.0639788331455307,1.489886848721694,0.688369353034541,0
1.0683400037466422,1.520456317771698,0.7270171515897212,0
1.0727085719506306,1.551010500011537,0.7655429503290311,0
1.0767163075985364,1.599766077476332,0.7583295788868948,0
1.0810483596366551,1.630312529599474,0.7968609085091002,0
1.0853856101858463,1.66081080801592,0.8354356381176823,0
1.0891807144203425,1.708140694058875,0.8277856665208859,0
1.0919755831879825,1.724855139910595,0.8591907170320676,0
1.095270209930763,1.763539632628156,0.8579788665175597,0
1.0990004261971662,1.786448603274452,0.8992226575541569,0
1.0910305586670148,1.6559416314185726,-0.9663101389930697,0
1.0957565420906317,1.6991428932856925,-0.9894170658473578,0
1.0990004261971662,1.7154572207127337,-1.028205487198227,0
1.082727166252357,1.5758482220911896,-0.9340245002836751,0
1.0870688732172082,1.6049907924632036,-0.9720817765919004,0
1.0782574900877235,1.5453504217494265,-0.8956190673038176,0
1.0737667185214284,1.5147111735839165,-0.8571680851395627,0
1.069283960408632,1.4840822675570926,-0.818648633761714,0
1.0648041792583323,1.4534890869163746,-0.7800071014681171,0
1.0603212065904846,1.4228288626328176,-0.7411879728250123,0
1.055857791916376,1.3921893495941926,-0.7023420324961619,0
1.0514181264639302,1.3615979945818195,-0.6635659615862544,0
1.0470148608834502,1.3309994190427195,-0.6250597025248635,0
1.0426460001861464,1.3004422055586016,-0.5866113877317999,0
1.0382993518779895,1.2698873600378846,-0.5480006094351322,0
1.0339923600104908,1.2393250274103265,-0.5094748583675281,0
1.0297228558361555,1.2087065395314416,-0.47089853238074897,0
1.0254965164531553,1.17814637607091,-0.432318710221019,0
1.021341746728,1.147775132252832,-0.39359265178888597,0
1.0172279547910865,1.117213305089129,-0.35495753549541964,0
1.0130033273666172,1.085639809860739,-0.31370862659348236,0
1.0085754307965182,1.051901303151065,-0.26902545227753855,0
1.0043343108013687,1.018488388592635,-0.22658593868666285,0
0.9999996875,0.9807852803022051,-0.19509032252401745,0
0.9999996875,0.989176509908181,-0.14673047483692844,0
1.0043008612490092,1.035561018515463,-0.1250131795732461,0
1.0048214516468774,1.045564283086771,-0.07526093772213023,0
1.0037202384398212,1.036541042540306,-0.03720598610672313,0
0.9999996875,1.0,0.0,0
1.0037202384398207,1.036541042540306,0.03720598610672263,0
1.004821451646877,1.045564283086771,0.07526093772212973,0
1.008584598086123,1.080429989578334,0.1066590993021208,0
1.007965823666562,1.069478001292287,0.1484540183781489,0
1.005026931057479,1.034882314224999,0.1787543290553122,0
1.0085105780208756,1.062548862481097,0.2201008977611718,0
1.013454168412911,1.102146110577886,0.2689126544016163,0
1.0175591376318285,1.134335909489621,0.3084369658318986,0
1.0216705276975153,1.165918470710803,0.3478461690680473,0
1.0257221410099855,1.196216777394312,0.386636746332926,0
1.0298266634778992,1.22664057319337,0.4252794204484165,0
1.0340161233117982,1.257354143100545,0.4638327627957051,0
1.0382514214864238,1.288091471023987,0.5023621380309767,0
1.042518713701276,1.31870416516002,0.540960474043541,0
1.0468213708524925,1.349351422134446,0.5794975307215879,0
1.0511643429314852,1.380004717325666,0.6180801027467777,0
1.0555193842729456,1.41054403085901,0.656718546112607,0
1.0599111047830425,1.441125838708772,0.6954271158278538,0
1.0643175853605225,1.471675084560046,0.7341582533156201,0
1.0687421770153362,1.502273163955523,0.7728279241216152,0
1.0731749003869195,1.532885197649551,0.811368352364355,0
1.0770923241681152,1.581639128949484,0.8040236174141512,0
1.0814821640618844,1.612174610122734,0.8425750126353108,0
1.085859410842883,1.642568710019154,0.8811106293778753,0
1.089729821629196,1.691318288109948,0.874002870220259,0
1.0942653600914163,1.730761568281823,0.8999310898600794,0
1.0990004261971662,1.763842529487906,0.9427934721717721,0
1.0949532346035158,1.6704061400615455,-1.0212206939993158,0
1.0909763966427335,1.6280614410320036,-1.0115633038189709,0
1.0877599548493828,1.5851330528217205,-1.017297515329052,0
1.083522365573062,1.5574678926984256,-0.9796895472987074,0
1.0790200092820152,1.5271011452976295,-0.9413242710186296,0
1.0745042334810722,1.4965668492416895,-0.903042482575122,0
1.0699696170351427,1.4658786511622857,-0.8645266627553889,0
1.0654323003562027,1.4352804068839136,-0.8258666057212557,0
1.0608959058736396,1.4045887967937636,-0.7870549657684804,0
1.0563580911579704,1.3738845269642006,-0.7481303406665698,0
1.0518432591235596,1.3431817133480795,-0.7092503176796291,0
1.047363392601113,1.3125686756354205,-0.6705983158359083,0
1.042916080013353,1.2819741079706175,-0.6320833254418012,0
1.0384956162866241,1.2514551744481706,-0.5935099122618291,0
1.0341158893071443,1.2209649577838946,-0.5549153801891835,0
1.0297794397447242,1.1906237762489835,-0.516456567555359,0
1.0254756306527486,1.1601088432316395,-0.47796116122522647,0
1.0212050814658444,1.129577386148076,-0.43935936165323153,0
1.0169863288941874,1.099042127797138,-0.40074244350015287,0
1.0128376128026804,1.068640649642659,-0.36222177997824534,0
1.0084840197249947,1.036812870402047,-0.31916327536641215,0
1.0042191455164906,1.004197890929559,-0.27894065046113525,0
0.9999996875,0.9700312530284169,-0.24298018056648005,0
1.0990004261971662,1.6897071311446916,-1.0699952387551899,0
0.9999996875,0.9951847266485508,-0.09801714056964315,0
0.9999996875,0.998795456200073,-0.049067674431218185,0
0.9999996875,0.998795456200073,0.04906767443121771,0
0.9999996875,0.9951847266485508,0.09801714056964266,0
1.004300861249006,1.035561018515463,0.1250131795732456,0
0.9999996875,0.989176509908181,0.146730474836928,0
0.9999996875,0.9807852803022051,0.195090322524017,0
1.004334310801368,1.018488388592635,0.2265859386866624,0
1.0085754307965193,1.051901303151065,0.269025452277538,0
1.0130033273666172,1.085639809860739,0.3137086265934818,0
1.0172279547910856,1.117213305089129,0.3549575354954191,0
1.0213417467280022,1.147775132252832,0.3935926517888854,0
1.0254965164531553,1.17814637607091,0.4323187102210184,0
1.029722855836156,1.208706539531442,0.4708985323807483,0
1.0339923600104906,1.239325027410327,0.5094748583675275,0
1.0382993518779908,1.269887360037885,0.5480006094351315,0
1.042646000186146,1.300442205558602,0.5866113877317992,0
1.047014860883451,1.33099941904272,0.6250597025248629,0
1.0514181264639315,1.36159799458182,0.6635659615862537,0
1.0558577919163752,1.392189349594193,0.7023420324961612,0
1.0603212065904846,1.422828862632818,0.7411879728250116,0
1.0648041792583331,1.453489086916375,0.7800071014681165,0
1.06928396040863,1.484082267557093,0.8186486337617134,0
1.07376671852143,1.514711173583917,0.857168085139562,0
1.0776105658022699,1.563503654143453,0.8498033120769778,0
1.0820385737370815,1.59399764765461,0.8882857332060513,0
1.086470721252934,1.624395377449561,0.926831318013704,0
1.090199255860659,1.672607033770163,0.919499860640779,0
1.0948958599713496,1.713735491266988,0.9455526259126593,0
1.0990004261971662,1.740173982968623,0.9857963831335148,0
1.0947174396282178,1.6429902325305346,-1.0603868659140898,0
1.0990004261971662,1.6629392252347375,-1.1111404650968708,0
1.091174157374049,1.6043549483657265,-1.052385987688947,0
1.0887042095494672,1.5669904136450437,-1.0625045965475,0
1.0843899088754925,1.5386438064223475,-1.025231410129671,0
1.079905870727838,1.5089024547528156,-0.9868807959089338,0
1.0753520612218712,1.4783664840118256,-0.9486054715424812,0
1.0707885704618274,1.4476947879023516,-0.9104239655038603,0
1.066203522369919,1.4170391448831956,-0.8717536437363371,0
1.0616191357476028,1.3863816745637365,-0.8330089197864614,0
1.057029594606546,1.3556682228015366,-0.7941288541434659,0
1.0524532078396507,1.3249485041973295,-0.7552346740026511,0
1.0478941225207379,1.2942565448041976,-0.7163847937734598,0
1.0433628333546305,1.2635915672346596,-0.677656401580427,0
1.038863370135118,1.2329549199999386,-0.6390321440222394,0
1.0344084477913427,1.2025871732685856,-0.6003896438029145,0
1.0299928790835844,1.1722197755310895,-0.5618783883164296,0
1.0256277707815098,1.1419135844831616,-0.5236219767656431,0
1.0212667148883268,1.1114046269006415,-0.48508230693625237,0
1.0169469420216068,1.080841708765238,-0.4465283043579731,0
1.0126930709522406,1.050449362035585,-0.40801797593576017,0
1.008405384924426,1.019673849172359,-0.36804582227001265,0
1.0041719600737076,0.9886217685443468,-0.3284235297700597,0
0.9999996875,0.956940335495227,-0.29028467803568697,0
0.9999996875,0.9700312530284171,0.2429801805664796,0
1.004219145516491,1.004197890929559,0.2789406504611347,0
1.0084840197249938,1.036812870402047,0.3191632753664116,0
1.0128376128026824,1.068640649642659,0.3622217799782448,0
1.0169863288941872,1.099042127797138,0.4007424435001523,0
1.0212050814658438,1.129577386148076,0.439359361653231,0
1.0254756306527493,1.16010884323164,0.4779611612252259,0
1.0297794397447244,1.190623776248984,0.5164565675553583,0
1.0341158893071438,1.220964957783895,0.5549153801891828,0
1.0384956162866241,1.251455174448171,0.5935099122618285,0
1.042916080013353,1.281974107970618,0.6320833254418006,0
1.0473633926011123,1.312568675635421,0.6705983158359077,0
1.0518432591235594,1.34318171334808,0.7092503176796284,0
1.0563580911579724,1.373884526964201,0.7481303406665691,0
1.060895905873638,1.404588796793764,0.7870549657684798,0
1.0654323003562045,1.435280406883914,0.825866605721255,0
1.0699696170351434,1.465878651162286,0.8645266627553883,0
1.0745042334810715,1.49656684924169,0.9030424825751213,0
1.0782574900877238,1.545350421749427,0.8956190673038167,0
1.0827271662523554,1.57584822209119,0.9340245002836742,0
1.0870688732172085,1.604990792463204,0.9720817765918995,0
1.0910305586670144,1.655941631418573,0.9663101389930688,0
1.0957565420906326,1.699142893285693,0.9894170658473569,0
1.0990004261971662,1.715457220712734,1.028205487198226,0
1.093492401242086,1.6016822578634726,-1.099540359528465,0
1.0990004261971662,1.6351696268830727,-1.1516163820122889,0
1.090053484291684,1.5512908151674176,-1.1093851536719468,0
1.0854933066047445,1.5208376012295794,-1.071187152936918,0
1.0809174001222739,1.4905333235896976,-1.0326154472307318,0
1.0763059907596135,1.4600508181673826,-0.9939633458298474,0
1.0717231812870975,1.4295442800431715,-0.9557742848212273,0
1.0671165836786725,1.3988197810161076,-0.9176465317578052,0
1.062485877640637,1.3681199568820985,-0.878947400283133,0
1.0578507563179977,1.3374190702461695,-0.8401337787239325,0
1.05322179361798,1.3066951378897946,-0.8012500756252092,0
1.04859973883391,1.2759793620884516,-0.7623789861215869,0
1.0440051444731686,1.2453013003900395,-0.723538411666666,0
1.0394229829363717,1.2146563958796566,-0.6847226411054841,0
1.0348707399786132,1.1839693460500356,-0.6459818153175612,0
1.0303685372644138,1.1536334045363275,-0.607231544635011,0
1.025936192439669,1.1235534294985556,-0.5688032766987927,0
1.0215106869170414,1.0931193892350886,-0.5305982052874262,0
1.0171180738121057,1.0626625393001545,-0.49221857479215053,0
1.0127266624019777,1.031908809802538,-0.45375032667121235,0
1.0084432432744563,1.001866854700305,-0.4149868402147688,0
1.004168624892976,0.9716515897092131,-0.37546153235482976,0
0.9999996875,0.9415440648596893,-0.33688985429587076,0
0.9999996875,0.9569403354952272,0.2902846780356865,0
1.0041719600737087,0.988621768544347,0.3284235297700591,0
1.0084053849244268,1.019673849172359,0.3680458222700121,0
1.0126930709522401,1.050449362035585,0.4080179759357596,0
1.016946942021608,1.080841708765238,0.4465283043579725,0
1.0212667148883288,1.111404626900642,0.4850823069362518,0
1.025627770781509,1.141913584483162,0.5236219767656425,0
1.029992879083586,1.17221977553109,0.5618783883164289,0
1.0344084477913427,1.202587173268586,0.6003896438029138,0
1.0388633701351186,1.232954919999939,0.6390321440222387,0
1.0433628333546303,1.26359156723466,0.6776564015804263,0
1.0478941225207394,1.294256544804198,0.7163847937734591,0
1.0524532078396494,1.32494850419733,0.7552346740026504,0
1.0570295946065467,1.355668222801537,0.7941288541434652,0
1.0616191357476032,1.386381674563737,0.8330089197864607,0
1.0662035223699176,1.417039144883196,0.8717536437363365,0
1.0707885704618283,1.447694787902352,0.9104239655038596,0
1.075352061221871,1.478366484011826,0.9486054715424805,0
1.079020009282017,1.52710114529763,0.9413242710186289,0
1.0835223655730626,1.557467892698426,0.9796895472987065,0
1.0877599548493835,1.585133052821721,1.017297515329051,0
1.0909763966427335,1.628061441032004,1.01156330381897,0
1.0949532346035162,1.670406140061546,1.021220693999315,0
1.0990004261971662,1.689707131144692,1.069995238755189,0
1.0946973709614582,1.5816588031632806,-1.149486590755376,0
1.091250209714151,1.5331860065540175,-1.154951240642576,0
1.086710258951648,1.5030160473399445,-1.1171787664099588,0
1.0820676236836908,1.4723673738266576,-1.0784979815361528,0
1.0774190968285084,1.4417874534395556,-1.0397778863928309,0
1.0727532025978217,1.4111741489903105,-1.0009250430854608,0
1.0681294320022576,1.3805933683904286,-0.9629108655293452,0
1.0634881435603505,1.3498765079168826,-0.9247762276904183,0
1.0588186399442336,1.3191457062150866,-0.886148881806738,0
1.0541388590538843,1.2884168824373485,-0.8472911698935415,0
1.0494693223678058,1.2576940597915365,-0.8084123219822719,0
1.044808802575302,1.2269854415297266,-0.7695423575567126,0
1.0401664189892905,1.1963007167111266,-0.7306922949542709,0
1.0355478814907382,1.1656636937524196,-0.6918503760138932,0
1.0309623442370826,1.1352268274397046,-0.6530157385484701,0
1.0264376933767405,1.1050348978716236,-0.6144161180048073,0
1.021940891725837,1.0747444034304325,-0.5760366303895526,0
1.0174827086429135,1.0443954244305536,-0.5379745258904919,0
1.0129664596657606,1.0131041598173947,-0.4997707221212975,0
1.0084510820873849,0.9813884521041307,-0.46154206204375114,0
1.0041844451700614,0.952777303630683,-0.42160120269297785,0
0.9999996875,0.9238795320956876,-0.38268343336843463,0
1.0990004261971662,1.6064150634641177,-1.1913986083068828,0
0.9999996875,0.9415440648596896,0.3368898542958703,0
1.0041686248929769,0.9716515897092133,0.3754615323548292,0
1.0084432432744568,1.001866854700305,0.4149868402147682,0
1.012726662401979,1.031908809802538,0.4537503266712118,0
1.0171180738121048,1.062662539300155,0.49221857479215,0
1.0215106869170425,1.093119389235089,0.5305982052874255,0
1.0259361924396693,1.123553429498556,0.568803276698792,0
1.0303685372644138,1.153633404536328,0.6072315446350103,0
1.034870739978613,1.183969346050036,0.6459818153175605,0
1.0394229829363724,1.214656395879657,0.6847226411054834,0
1.0440051444731682,1.24530130039004,0.7235384116666653,0
1.04859973883391,1.275979362088452,0.7623789861215863,0
1.0532217936179806,1.306695137889795,0.8012500756252086,0
1.0578507563179977,1.33741907024617,0.8401337787239318,0
1.062485877640638,1.368119956882099,0.8789474002831323,0
1.0671165836786742,1.398819781016108,0.9176465317578045,0
1.0717231812870973,1.429544280043172,0.9557742848212266,0
1.0763059907596146,1.460050818167383,0.9939633458298467,0
1.0799058707278368,1.508902454752816,0.9868807959089332,0
1.084389908875493,1.538643806422348,1.02523141012967,0
1.0887042095494677,1.566990413645044,1.062504596547499,0
1.0911741573740488,1.604354948365727,1.052385987688946,0
1.0947174396282187,1.642990232530535,1.060386865914089,0
1.0990004261971662,1.662939225234738,1.11114046509687,0
1.0954349015980969,1.5596798329616686,-1.1918253310997309,0
1.0924731687889602,1.5142806759269245,-1.2000688964965518,0
1.088007152877276,1.4849020148823835,-1.16293511888941,0
1.0833575646991065,1.4543092476129615,-1.124362029709829,0
1.0786685063067394,1.4235540481775786,-1.0857337865222758,0
1.0739673280178195,1.3928581946686636,-1.046918742513807,0
1.0692515499031487,1.3621722235925005,-1.008027093324392,0
1.0645957163989672,1.3315456465566486,-0.9700535395640821,0
1.0599289914735264,1.3009381800132747,-0.9320499721060276,0
1.0552197346020333,1.2702721379983346,-0.8932423498421289,0
1.0504940322671226,1.2394093715624717,-0.8544583756322541,0
1.0457824110686722,1.2086577201513367,-0.8155845120746195,0
1.0410818596210725,1.1779431754780276,-0.7766946736178237,0
1.0363964363428462,1.1472542932368905,-0.7378053097650462,0
1.031720702069062,1.1165241435797546,-0.6989262942126997,0
1.0271163573759734,1.0862786488067346,-0.6601103463079516,0
1.0225074786852844,1.0556809766282136,-0.621580747929533,0
1.0179378590283745,1.0250348469647776,-0.5832219715065896,0
1.013272369013397,0.9927589581188687,-0.5454051006855598,0
1.0084955639006312,0.9587496398174935,-0.5078971467827027,0
1.0041513683174672,0.930545978546752,-0.46783291156277945,0
0.9999996875,0.9039892927095288,-0.42755509430543087,0
1.0990004261971662,1.5766928556293016,-1.230463180679341,0
0.9999996875,0.9238795320956878,0.3826834333684342,0
1.0041844451700621,0.9527773036306832,0.4216012026929774,0
1.0084510820873844,0.981388452104131,0.4615420620437506,0
1.0129664596657613,1.013104159817395,0.4997707221212969,0
1.0174827086429143,1.044395424430554,0.5379745258904914,0
1.0219408917258368,1.074744403430433,0.5760366303895521,0
1.0264376933767412,1.105034897871624,0.6144161180048067,0
1.030962344237083,1.135226827439705,0.6530157385484694,0
1.0355478814907377,1.16566369375242,0.6918503760138925,0
1.0401664189892907,1.196300716711127,0.7306922949542702,0
1.044808802575303,1.226985441529727,0.769542357556712,0
1.049469322367805,1.257694059791537,0.8084123219822712,0
1.054138859053885,1.288416882437349,0.8472911698935408,0
1.0588186399442334,1.319145706215087,0.8861488818067373,0
1.0634881435603485,1.349876507916883,0.9247762276904177,0
1.0681294320022576,1.380593368390429,0.9629108655293446,0
1.072753202597822,1.411174148990311,1.00092504308546,0
1.077419096828507,1.441787453439556,1.03977788639283,0
1.080917400122275,1.490533323589698,1.032615447230731,0
1.0854933066047445,1.52083760122958,1.071187152936917,0
1.0900534842916851,1.551290815167418,1.109385153671946,0
1.0934924012420857,1.601682257863473,1.099540359528464,0
1.0990004261971662,1.635169626883073,1.151616382012288,0
1.0962123923035019,1.5388304607453596,-1.2315959561210519,0
1.09458181726586,1.4993387059434995,-1.2531333301774619,0
1.089443850315334,1.4662898363627936,-1.2097062774389709,0
1.0847511194670836,1.4362801888545995,-1.170131557713056,0
1.0800528380917056,1.4056813628646796,-1.13150889331326,0
1.0753128454756535,1.3745837236801295,-1.092961038993989,0
1.0705656677454636,1.3438173532298416,-1.0540797085920959,0
1.0658106200917152,1.3130555846502745,-1.0152196336265098,0
1.0611200323029264,1.2824961388980125,-0.9772008524625796,0
1.0564072865490755,1.2520776212845806,-0.9386685172308541,0
1.0516649405087832,1.2212340356289766,-0.9002239384997027,0
1.0469152366373198,1.1903396385189156,-0.8616452898421839,0
1.042165888199526,1.1596041835050916,-0.822759787534362,0
1.0374223656053003,1.1288722858986375,-0.7838470865153422,0
1.0326981818474468,1.0981703627765915,-0.7449331261542017,0
1.0279828509593962,1.0674630612470475,-0.7060440298136837,0
1.0233194779486672,1.0370883386700325,-0.6672421139883854,0
1.0186130613909656,1.0059047240256815,-0.628457307379912,0
1.0138326612631536,0.9734586599499813,-0.5901000355418007,0
1.0086673461135944,0.936128057485337,-0.5517769301698238,0
1.0042159618198396,0.9068094239343709,-0.5137011943355826,0
0.9999996875,0.881921263962018,-0.47139673754878353,0
1.0990004261971662,1.5460209070286595,-1.268786567957859,0
0.9999996875,0.903989292709529,0.4275550943054304,0
1.0041513683174688,0.9305459785467523,0.467832911562779,0
1.0084955639006314,0.9587496398174937,0.5078971467827023,0
1.0132723690133971,0.9927589581188689,0.5454051006855594,0
1.0179378590283754,1.025034846964778,0.5832219715065892,0
1.0225074786852848,1.055680976628214,0.6215807479295326,0
1.0271163573759732,1.086278648806735,0.660110346307951,0
1.0317207020690617,1.116524143579755,0.698926294212699,0
1.0363964363428466,1.147254293236891,0.7378053097650455,0
1.0410818596210718,1.177943175478028,0.7766946736178231,0
1.045782411068672,1.208657720151337,0.8155845120746188,0
1.050494032267124,1.239409371562472,0.8544583756322535,0
1.0552197346020324,1.270272137998335,0.8932423498421282,0
1.0599289914735284,1.300938180013275,0.9320499721060269,0
1.0645957163989692,1.331545646556649,0.9700535395640815,0
1.0692515499031487,1.362172223592501,1.008027093324391,0
1.0739673280178201,1.392858194668664,1.046918742513806,0
1.0786685063067412,1.423554048177579,1.085733786522275,0
1.082067623683691,1.472367373826658,1.078497981536152,0
1.0867102589516482,1.503016047339945,1.117178766409958,0
1.0912502097141512,1.533186006554018,1.154951240642575,0
1.094697370961458,1.581658803163281,1.149486590755375,0
1.0990004261971662,1.606415063464118,1.191398608306882,0
1.0906988071974786,1.4450961056802756,-1.2547487527514258,0
1.0861152985709042,1.4167905016275866,-1.2152428206017958,0
1.0814375501049744,1.3873059271990265,-1.1759398820576639,0
1.0767639081654725,1.3566939108633256,-1.1381324890747588,0
1.0720132408312582,1.3255134555286276,-1.1002002349559228,0
1.0672285898290024,1.2947006750712786,-1.0612567439468203,0
1.0624459502657426,1.2639901261585635,-1.0224264714663105,0
1.0576717009487235,1.2333387617123885,-0.9837053122634674,0
1.0529187129963404,1.2026530697325695,-0.9454225379161181,0
1.0481888276090658,1.1720005014611146,-0.907435522928018,0
1.043418932565625,1.1412819189335406,-0.8689016698785659,0
1.0386299531842473,1.1105145298528376,-0.829947666843057,0
1.0338558492210934,1.0799691056849616,-0.7908903660962954,0
1.0290834963602207,1.0491298840667835,-0.7520700421140403,0
1.02433367778028,1.0184274622854586,-0.7131756912586309,0
1.0195956919680644,0.9876834621372893,-0.6743661377210697,0
1.014882115559,0.9569884918183369,-0.63559515716035,0
1.0102126437827905,0.9265112606822697,-0.5967194625730229,0
1.0049095365949878,0.8854187084023332,-0.5628629356729581,0
0.9999996875,0.8577286096775255,-0.5141027447316918,0
1.0949801321649981,1.4668515038325176,-1.2972295096967288,0
1.0990004261971662,1.5144176932427735,-1.3063456856411468,0
0.9999996875,0.8819212639620182,0.4713967375487831,0
1.0042159618198387,0.9068094239343711,0.5137011943355821,0
1.0086673461135953,0.9361280574853372,0.5517769301698233,0
1.0138326612631536,0.9734586599499815,0.5901000355418002,0
1.018613061390965,1.005904724025682,0.6284573073799116,0
1.0233194779486665,1.037088338670033,0.667242113988385,0
1.0279828509593978,1.067463061247048,0.7060440298136833,0
1.032698181847446,1.098170362776592,0.744933126154201,0
1.0374223656053003,1.128872285898638,0.7838470865153415,0
1.0421658881995277,1.159604183505092,0.8227597875343613,0
1.046915236637319,1.190339638518916,0.8616452898421832,0
1.0516649405087837,1.221234035628977,0.9002239384997021,0
1.056407286549075,1.252077621284581,0.9386685172308534,0
1.0611200323029242,1.282496138898013,0.9772008524625789,0
1.0658106200917152,1.313055584650275,1.015219633626509,0
1.0705656677454647,1.343817353229842,1.054079708592095,0
1.0753128454756518,1.37458372368013,1.092961038993988,0
1.0800528380917063,1.40568136286468,1.131508893313259,0
1.0833575646991054,1.454309247612962,1.124362029709828,0
1.0880071528772768,1.484902014882384,1.162935118889409,0
1.0924731687889597,1.514280675926925,1.200068896496551,0
1.0954349015980986,1.559679832961669,1.19182533109973,0
1.0990004261971662,1.576692855629302,1.23046318067934,0
1.0871363670860625,1.3957699035847395,-1.25512730188083,0
1.0911264804218692,1.4159628803086406,-1.2941161931655019,0
1.0949038959160546,1.4340531810288055,-1.3321672493269339,0
1.0990004261971662,1.4819022508391175,-1.343117909551487,0
1.0828837971614589,1.3705460330161896,-1.2177970900904989,0
1.0781861025053876,1.3397632023767905,-1.180148122371799,0
1.0735030880542644,1.3075804978989876,-1.1445467533678668,0
1.0688041354674338,1.2765426724420306,-1.1075240274466884,0
1.0639829120504276,1.2460205018494226,-1.0683035269902534,0
1.059138020889075,1.2150616490964645,-1.0292046391021474,0
1.0543298396556093,1.1832732420570176,-0.9918263606010757,0
1.0495659887655704,1.1525894798096505,-0.9538778719754057,0
1.0448153901284616,1.1228879746071885,-0.9148550177960544,0
1.0399966258218951,1.0921334451713196,-0.8761097144326557,0
1.0353298219626865,1.0638007667577536,-0.8365872251933941,0
1.0303939500479056,1.0316942551894785,-0.7974053266449981,0
1.0255837880472167,1.0007220289983836,-0.7587033262266148,0
1.0207630378822998,0.9691573965762529,-0.720508917784392,0
1.0159920536185465,0.9383748880661854,-0.6817563194080365,0
1.0114651050122614,0.9102342841420918,-0.6434724295602687,0
1.0077648784706608,0.8888238183250659,-0.609270641144163,0
1.0041051865770758,0.8491017720403065,-0.6024251021860325,0
0.9999996875,0.8314696120142534,-0.5555702334510616,0
0.9999996875,0.8577286096775257,0.5141027447316914,0
1.004909536594988,0.8854187084023334,0.5628629356729576,0
1.0102126437827894,0.92651126068227,0.5967194625730224,0
1.0148821155590004,0.9569884918183371,0.6355951571603495,0
1.0195956919680653,0.9876834621372895,0.6743661377210692,0
1.0243336777802792,1.018427462285459,0.7131756912586305,0
1.0290834963602202,1.049129884066784,0.7520700421140398,0
1.033855849221094,1.079969105684962,0.7908903660962947,0
1.038629953184246,1.110514529852838,0.8299476668430563,0
1.0434189325656251,1.141281918933541,0.8689016698785652,0
1.0481888276090672,1.172000501461115,0.9074355229280173,0
1.05291871299634,1.20265306973257,0.9454225379161174,0
1.0576717009487258,1.233338761712389,0.9837053122634667,0
1.062445950265744,1.263990126158564,1.02242647146631,0
1.067228589829001,1.294700675071279,1.06125674394682,0
1.072013240831259,1.325513455528628,1.100200234955922,0
1.0767639081654732,1.356693910863326,1.138132489074758,0
1.081437550104973,1.387305927199027,1.175939882057663,0
1.0847511194670847,1.4362801888546,1.170131557713055,0
1.0894438503153339,1.466289836362794,1.20970627743897,0
1.0945818172658608,1.4993387059435,1.253133330177461,0
1.0962123923035005,1.53883046074536,1.231595956121051,0
1.0990004261971662,1.54602090702866,1.268786567957858,0
1.0872606634557447,1.3627062966573875,-1.292803663796984,0
1.0919332267782025,1.3913002910681185,-1.332620681540113,0
1.095596286062713,1.4137237695628766,-1.36410456120847,0
1.0990004261971662,1.4484941659090496,-1.37908108946771,0
1.0843728215422916,1.3578554465306536,-1.2545290474322528,0
1.0799373290932288,1.3272377574731975,-1.220703569410262,0
1.0750978149490136,1.2930438374665656,-1.1850054935467536,0
1.070520957988347,1.2612326793511746,-1.1508934126061734,0
1.065676569014705,1.2286978455988204,-1.1138145911334165,0
1.0608061545782526,1.1980425907076855,-1.0742707229086566,0
1.0558551940486216,1.1638414457043695,-1.0377908299233853,0
1.051010283349616,1.1301329393687425,-1.0023575096202184,0
1.0464060226509349,1.1045891516312725,-0.9613702829909503,0
1.0419220844276167,1.0786828492309446,-0.9225103656827297,0
1.0373639550668634,1.0497777463708255,-0.8860181591927341,0
1.0325380284071197,1.0193124739850625,-0.8472118044562811,0
1.0272839439616788,0.9863205163877231,-0.8045138581986393,0
1.0222734599389884,0.9519444206344143,-0.767368790128495,0
1.0174311483096354,0.9191631266426115,-0.7308983563867075,0
1.0122440895061215,0.8828824922109068,-0.6932460691234077,0
1.007955726006497,0.8646284560488969,-0.6464138720581948,0
1.0040130166357737,0.8199934384707415,-0.6399643707553332,0
0.9999996875,0.8032075312539579,-0.5956993047980855,0
0.9999996875,0.8314696120142536,0.5555702334510612,0
1.0041051865770756,0.8491017720403067,0.6024251021860321,0
1.0077648784706608,0.8888238183250661,0.6092706411441625,0
1.0114651050122618,0.9102342841420921,0.6434724295602683,0
1.015992053618545,0.9383748880661856,0.681756319408036,0
1.0207630378823005,0.9691573965762533,0.7205089177843915,0
1.0255837880472167,1.000722028998384,0.7587033262266144,0
1.030393950047906,1.031694255189479,0.7974053266449976,0
1.0353298219626865,1.063800766757754,0.8365872251933937,0
1.039996625821896,1.09213344517132,0.8761097144326551,0
1.0448153901284607,1.122887974607189,0.9148550177960537,0
1.0495659887655702,1.152589479809651,0.9538778719754051,0
1.0543298396556091,1.183273242057018,0.991826360601075,0
1.0591380208890728,1.215061649096465,1.029204639102147,0
1.0639829120504278,1.246020501849423,1.068303526990253,0
1.0688041354674347,1.276542672442031,1.107524027446688,0
1.0735030880542629,1.307580497898988,1.144546753367866,0
1.078186102505388,1.339763202376791,1.180148122371798,0
1.08288379716146,1.37054603301619,1.217797090090498,0
1.0861152985709046,1.416790501627587,1.215242820601795,0
1.0906988071974786,1.445096105680276,1.254748752751425,0
1.094980132164997,1.466851503832518,1.297229509696728,0
1.0990004261971662,1.514417693242774,1.306345685641146,0
1.0844940618519094,1.3081475451948055,-1.3081475451948068,0
1.0821230610793922,1.3211105335975055,-1.2599334939023499,0
1.0772444786514466,1.2851171388757485,-1.2255534180193184,0
1.0725997011567998,1.2497707904730475,-1.1941302515851955,0
1.0677156998441149,1.2151934864364755,-1.1585950273465915,0
1.0626517905246886,1.1800151818520885,-1.1213390154710905,0
1.0574701145682142,1.1443210032213655,-1.0831088974383654,0
1.0525077504822444,1.1089564630933055,-1.0477192195237583,0
1.0472119976174208,1.0759837726798636,-1.0052139531441084,0
1.0434632883472401,1.0665298470616056,-0.9597710319208204,0
1.0396069667368086,1.0398384241686516,-0.9316621481000644,0
1.0350754801771307,1.0079905199259926,-0.8992448682242826,0
1.0299620688454172,0.9769417357602939,-0.8570679705444985,0
1.0249525030453455,0.942443683292193,-0.8204930068773177,0
1.020126708002387,0.9079388928728449,-0.7865824468356316,0
1.0153123368277084,0.8742064999042057,-0.7520179854041951,0
1.0098922174863831,0.8334580074997097,-0.7162510893551987,0
1.004615685185652,0.7932012235640863,-0.6823007305662934,0
1.0077217738903117,0.8388327235588683,-0.6756352263716856,0
1.0893557264872962,1.3435028842542645,-1.343502884254265,0
1.0941952246042046,1.3788582233136795,-1.3788582233136808,0
1.0990004261971662,1.414213562373094,-1.4142135623730958,0
0.9999996875,0.7730104532336319,-0.6343932843209605,0
0.9999996875,0.8032075312539582,0.5956993047980851,0
1.0040130166357748,0.8199934384707417,0.6399643707553327,0
1.007955726006496,0.8646284560488972,0.6464138720581943,0
1.0122440895061213,0.8828824922109072,0.6932460691234072,0
1.0174311483096359,0.9191631266426119,0.7308983563867071,0
1.0222734599389878,0.9519444206344148,0.7673687901284946,0
1.0272839439616785,0.9863205163877236,0.8045138581986389,0
1.0325380284071197,1.019312473985063,0.8472118044562806,0
1.0373639550668634,1.049777746370826,0.8860181591927336,0
1.0419220844276162,1.078682849230945,0.922510365682729,0
1.0464060226509353,1.104589151631273,0.9613702829909496,0
1.0510102833496167,1.130132939368743,1.002357509620218,0
1.055855194048622,1.16384144570437,1.037790829923385,0
1.0608061545782543,1.198042590707686,1.074270722908656,0
1.0656765690147045,1.228697845598821,1.113814591133416,0
1.0705209579883475,1.261232679351175,1.150893412606173,0
1.0750978149490147,1.293043837466566,1.185005493546753,0
1.0799373290932277,1.327237757473198,1.220703569410261,0
1.084372821542292,1.357855446530654,1.254529047432252,0
1.087136367086062,1.39576990358474,1.255127301880829,0
1.0911264804218705,1.415962880308641,1.294116193165501,0
1.0949038959160553,1.434053181028806,1.332167249326933,0
1.0990004261971662,1.481902250839118,1.343117909551486,0
1.0796098131794758,1.2727922061353776,-1.2727922061353785,0
1.0747136655900176,1.2374368670759757,-1.2374368670759754,0
1.0697860257460032,1.2020815280165076,-1.2020815280165085,0
1.0648494358428888,1.1667261889570795,-1.1667261889570804,0
1.0598969331021642,1.1313708498976425,-1.1313708498976434,0
1.054933538554359,1.0960155108382275,-1.0960155108382283,0
1.0499494820374768,1.0606601717788346,-1.0606601717788344,0
1.044973955851972,1.0253048327196095,-1.0253048327196104,0
1.0422851001811457,1.0335550375972975,-0.9780984096862496,0
1.0375075206661508,0.9997839729035378,-0.9441475346320696,0
1.0325044688588458,0.9655136764949123,-0.9074877267618234,0
1.0275625232529746,0.9321043376152132,-0.870883925663483,0
1.022577281221384,0.8964934793802919,-0.8358683332186897,0
1.017576203799211,0.8611652052225958,-0.8004775023187745,0
1.012580918764262,0.826003696343122,-0.764956643998985,0
1.0075990552836516,0.790758411560208,-0.7295211679907532,0
1.0035855709341521,0.7573438645274828,-0.7066264541838527,0
0.9999996875,0.7409511253169007,-0.6715589548890095,0
1.0872606634557451,1.292803663796983,-1.3627062966573882,0
1.0919332267782016,1.3326206815401112,-1.3913002910681196,0
1.0955962860627146,1.3641045612084683,-1.4137237695628777,0
1.0990004261971662,1.3790810894677084,-1.4484941659090507,0
1.0821230610793917,1.2599334939023488,-1.3211105335975062,0
0.9999996875,0.7730104532336322,0.6343932843209601,0
1.004615685185651,0.7932012235640865,0.6823007305662929,0
1.0098922174863834,0.8334580074997101,0.7162510893551982,0
1.0153123368277082,0.8742064999042062,0.7520179854041946,0
1.0201267080023864,0.9079388928728453,0.7865824468356312,0
1.0249525030453466,0.9424436832921934,0.8204930068773173,0
1.0299620688454174,0.9769417357602943,0.857067970544498,0
1.035075480177131,1.007990519925993,0.8992448682242822,0
1.0396069667368086,1.039838424168652,0.931662148100064,0
1.043463288347241,1.066529847061606,0.9597710319208199,0
1.04721199761742,1.075983772679864,1.005213953144108,0
1.0525077504822438,1.108956463093306,1.047719219523758,0
1.057470114568213,1.144321003221366,1.083108897438365,0
1.0626517905246882,1.180015181852089,1.12133901547109,0
1.0677156998441146,1.215193486436476,1.158595027346591,0
1.0725997011567996,1.249770790473048,1.194130251585195,0
1.077244478651447,1.285117138875749,1.225553418019318,0
1.082123061079393,1.321110533597506,1.259933493902349,0
1.0872606634557445,1.362706296657388,1.292803663796983,0
1.0919332267782014,1.391300291068119,1.332620681540112,0
1.095596286062715,1.413723769562877,1.364104561208469,0
1.0990004261971662,1.44849416590905,1.379081089467709,0
1.0077217738903115,0.8388327235588685,0.6756352263716852,0
1.0772444786514475,1.2255534180193177,-1.2851171388757492,0
1.0725997011567996,1.194130251585195,-1.2497707904730482,0
1.0677156998441142,1.1585950273465906,-1.2151934864364764,0
1.0626517905246888,1.1213390154710896,-1.1800151818520892,0
1.0574701145682135,1.0831088974383647,-1.1443210032213662,0
1.0525077504822444,1.0477192195237577,-1.1089564630933062,0
1.04721199761742,1.0052139531441076,-1.0759837726798642,0
1.042285100181146,0.9780984096862491,-1.0335550375972982,0
1.0399854258750074,0.989949493660392,-0.9899494936603928,0
1.0349960668169287,0.9545941546011264,-0.9545941546011272,0
1.0299967920584359,0.9192388155419368,-0.9192388155419375,0
1.0250012023645165,0.8838834764827449,-0.8838834764827457,0
1.0199928057675556,0.8485281374235487,-0.8485281374235495,0
1.0150039431740392,0.8131727983643525,-0.8131727983643533,0
1.0099869113321644,0.7778174593051195,-0.7778174593051203,0
1.0049890309569147,0.7424621202458409,-0.7424621202458417,0
0.9999996875,0.7071067811865471,-0.7071067811865479,0
1.091126480421869,1.2941161931655003,-1.4159628803086415,0
1.0871363670860623,1.2551273018808287,-1.3957699035847402,0
1.0843728215422919,1.2545290474322517,-1.3578554465306543,0
1.0799373290932288,1.2207035694102608,-1.3272377574731982,0
1.0949038959160562,1.3321672493269323,-1.4340531810288066,0
1.0990004261971662,1.3431179095514854,-1.4819022508391186,0
0.9999996875,0.7409511253169009,0.6715589548890091,0
1.003585570934153,0.7573438645274833,0.7066264541838523,0
1.0075990552836516,0.7907584115602084,0.7295211679907527,0
1.0125809187642618,0.8260036963431224,0.7649566439989846,0
1.0175762037992118,0.8611652052225962,0.800477502318774,0
1.0225772812213836,0.8964934793802923,0.8358683332186893,0
1.0275625232529744,0.9321043376152136,0.8708839256634826,0
1.0325044688588456,0.9655136764949127,0.907487726761823,0
1.0375075206661502,0.9997839729035383,0.9441475346320691,0
1.042285100181146,1.033555037597298,0.9780984096862492,0
1.0449739558519726,1.02530483271961,1.02530483271961,0
1.0499494820374766,1.060660171778835,1.060660171778834,0
1.0549335385543606,1.096015510838228,1.096015510838228,0
1.059896933102165,1.131370849897643,1.131370849897643,0
1.0648494358428893,1.16672618895708,1.16672618895708,0
1.0697860257460032,1.202081528016508,1.202081528016508,0
1.0747136655900176,1.237436867075976,1.237436867075975,0
1.079609813179475,1.272792206135378,1.272792206135378,0
1.084494061851909,1.308147545194806,1.308147545194806,0
1.0893557264872975,1.343502884254265,1.343502884254264,0
1.094195224604205,1.37885822331368,1.37885822331368,0
1.0990004261971662,1.414213562373095,1.414213562373095,0
1.0750978149490131,1.1850054935467529,-1.2930438374665663,0
1.0781861025053878,1.180148122371798,-1.3397632023767911,0
1.0828837971614589,1.217797090090498,-1.3705460330161903,0
1.086115298570904,1.2152428206017942,-1.4167905016275872,0
1.0906988071974792,1.2547487527514245,-1.4450961056802762,0
1.0949801321649972,1.2972295096967272,-1.4668515038325183,0
1.0990004261971662,1.3063456856411453,-1.5144176932427742,0
1.070520957988348,1.1508934126061727,-1.2612326793511754,0
1.0656765690147052,1.1138145911334159,-1.2286978455988211,0
1.0608061545782528,1.0742707229086559,-1.1980425907076864,0
1.0558551940486214,1.037790829923385,-1.1638414457043702,0
1.0510102833496164,1.002357509620218,-1.1301329393687432,0
1.0464060226509357,0.9613702829909492,-1.1045891516312734,0
1.0434632883472397,0.9597710319208199,-1.0665298470616065,0
1.0396069667368082,0.9316621481000638,-1.0398384241686522,0
1.0375075206661504,0.9441475346320689,-0.9997839729035386,0
1.032504468858846,0.9074877267618228,-0.965513676494913,0
1.0275625232529744,0.8708839256634824,-0.9321043376152139,0
1.0225772812213845,0.8358683332186891,-0.8964934793802927,0
1.0175762037992109,0.8004775023187738,-0.8611652052225965,0
1.0125809187642616,0.7649566439989844,-0.8260036963431228,0
1.0075990552836516,0.7295211679907525,-0.7907584115602088,0
1.003585570934152,0.7066264541838521,-0.7573438645274836,0
0.9999996875,0.6715589548890087,-0.7409511253169012,0
0.9999996875,0.7071067811865476,0.7071067811865475,0
1.004989030956914,0.7424621202458414,0.7424621202458412,0
1.0099869113321651,0.7778174593051199,0.7778174593051198,0
1.0150039431740383,0.813172798364353,0.8131727983643529,0
1.019992805767556,0.8485281374235492,0.848528137423549,0
1.0250012023645165,0.8838834764827453,0.8838834764827452,0
1.0299967920584363,0.9192388155419372,0.9192388155419371,0
1.0349960668169291,0.9545941546011268,0.9545941546011267,0
1.0399854258750072,0.9899494936603924,0.9899494936603923,0
1.042285100181145,0.9780984096862495,1.0335550375972977,0
1.0472119976174201,1.005213953144108,1.0759837726798638,0
1.0525077504822435,1.0477192195237581,1.1089564630933058,0
1.057470114568213,1.0831088974383651,1.1443210032213658,0
1.062651790524688,1.12133901547109,1.1800151818520888,0
1.0677156998441146,1.158595027346591,1.215193486436476,0
1.0725997011567991,1.1941302515851955,1.2497707904730477,0
1.0772444786514472,1.2255534180193182,1.2851171388757487,0
1.0821230610793933,1.2599334939023492,1.3211105335975057,0
1.0872606634557442,1.2928036637969835,1.3627062966573877,0
1.0919332267782016,1.332620681540112,1.3913002910681187,0
1.0955962860627149,1.3641045612084692,1.4137237695628768,0
1.0990004261971662,1.3790810894677092,1.4484941659090498,0
1.0735030880542642,1.144546753367866,-1.3075804978989882,0
1.0688041354674334,1.1075240274466878,-1.2765426724420315,0
1.063982912050428,1.068303526990253,-1.2460205018494233,0
1.059138020889075,1.0292046391021468,-1.2150616490964652,0
1.0543298396556091,0.9918263606010744,-1.1832732420570184,0
1.0495659887655697,0.9538778719754051,-1.1525894798096512,0
1.0448153901284614,0.9148550177960535,-1.1228879746071891,0
1.0419220844276167,0.9225103656827287,-1.0786828492309453,0
1.037363955066863,0.8860181591927334,-1.0497777463708262,0
1.0350754801771307,0.899244868224282,-1.0079905199259933,0
1.029962068845417,0.8570679705444977,-0.9769417357602946,0
1.0249525030453461,0.8204930068773169,-0.9424436832921937,0
1.0201267080023861,0.786582446835631,-0.9079388928728456,0
1.0153123368277084,0.7520179854041945,-0.8742064999042065,0
1.0098922174863831,0.716251089355198,-0.8334580074997104,0
1.0046156851856525,0.6823007305662926,-0.7932012235640868,0
0.9999996875,0.6343932843209599,-0.7730104532336325,0
1.0767639081654723,1.1381324890747577,-1.3566939108633265,0
1.0814375501049742,1.1759398820576625,-1.3873059271990271,0
1.0847511194670836,1.1701315577130544,-1.4362801888546002,0
1.0894438503153336,1.209706277438969,-1.4662898363627943,0
1.0945818172658606,1.2531333301774605,-1.4993387059435002,0
1.0990004261971662,1.2687865679578578,-1.5460209070286601,0
1.003585570934153,0.7066264541838525,0.7573438645274831,0
0.9999996875,0.6715589548890092,0.7409511253169008,0
1.0075990552836513,0.729521167990753,0.7907584115602083,0
1.0125809187642616,0.7649566439989849,0.8260036963431223,0
1.0175762037992115,0.8004775023187742,0.8611652052225961,0
1.0225772812213838,0.8358683332186896,0.8964934793802922,0
1.0275625232529746,0.8708839256634828,0.9321043376152135,0
1.0325044688588458,0.9074877267618232,0.9655136764949126,0
1.037507520666151,0.9441475346320694,0.9997839729035382,0
1.0396069667368084,0.9316621481000642,1.0398384241686518,0
1.0434632883472406,0.9597710319208204,1.066529847061606,0
1.0464060226509349,0.9613702829909496,1.104589151631273,0
1.0510102833496169,1.0023575096202184,1.1301329393687427,0
1.055855194048622,1.0377908299233853,1.1638414457043698,0
1.0608061545782537,1.0742707229086563,1.198042590707686,0
1.0656765690147052,1.1138145911334163,1.2286978455988207,0
1.0705209579883475,1.1508934126061732,1.261232679351175,0
1.0750978149490147,1.1850054935467533,1.2930438374665658,0
1.0799373290932273,1.2207035694102613,1.3272377574731977,0
1.0843728215422925,1.2545290474322521,1.3578554465306538,0
1.0871363670860619,1.2551273018808295,1.3957699035847397,0
1.0911264804218697,1.2941161931655012,1.415962880308641,0
1.0949038959160553,1.3321672493269332,1.4340531810288057,0
1.0990004261971662,1.3431179095514862,1.4819022508391178,0
1.0720132408312584,1.100200234955922,-1.3255134555286283,0
1.0672285898290013,1.06125674394682,-1.2947006750712795,0
1.0624459502657422,1.0224264714663096,-1.2639901261585642,0
1.057671700948724,0.983705312263466,-1.2333387617123892,0
1.0529187129963413,0.9454225379161167,-1.2026530697325701,0
1.048188827609066,0.9074355229280171,-1.1720005014611155,0
1.0434189325656256,0.8689016698785648,-1.1412819189335413,0
1.0399966258218953,0.8761097144326548,-1.0921334451713203,0
1.0353298219626865,0.8365872251933937,-1.0638007667577543,0
1.0325380284071202,0.8472118044562804,-1.0193124739850634,0
1.027283943961679,0.8045138581986386,-0.986320516387724,0
1.0222734599389882,0.7673687901284942,-0.9519444206344152,0
1.0174311483096357,0.7308983563867069,-0.9191631266426123,0
1.012244089506122,0.6932460691234071,-0.8828824922109075,0
1.0077217738903106,0.675635226371685,-0.8388327235588688,0
1.0040130166357744,0.6399643707553326,-0.819993438470742,0
0.9999996875,0.5956993047980847,-0.8032075312539583,0
1.0753128454756533,1.0929610389939879,-1.3745837236801302,0
1.0800528380917054,1.1315088933132582,-1.4056813628646805,0
1.0833575646991063,1.1243620297098276,-1.4543092476129624,0
1.0880071528772772,1.1629351188894084,-1.4849020148823842,0
1.09247316878896,1.2000688964965502,-1.5142806759269254,0
1.0962123923035008,1.2315959561210503,-1.5388304607453605,0
1.0990004261971662,1.2304631806793394,-1.5766928556293023,0
1.0046156851856514,0.682300730566293,0.7932012235640864,0
1.0098922174863834,0.7162510893551984,0.83345800749971,0
1.0153123368277077,0.752017985404195,0.8742064999042061,0
1.0201267080023861,0.7865824468356315,0.9079388928728451,0
1.0249525030453466,0.8204930068773173,0.9424436832921933,0
1.0299620688454156,0.8570679705444981,0.9769417357602942,0
1.035075480177131,0.8992448682242824,1.0079905199259929,0
1.0373639550668623,0.8860181591927339,1.0497777463708258,0
1.0419220844276171,0.9225103656827291,1.0786828492309448,0
1.0448153901284607,0.9148550177960539,1.1228879746071887,0
1.0495659887655713,0.9538778719754055,1.1525894798096508,0
1.0543298396556084,0.9918263606010751,1.183273242057018,0
1.0591380208890742,1.0292046391021472,1.2150616490964647,0
1.0639829120504278,1.0683035269902534,1.2460205018494228,0
1.068804135467434,1.1075240274466882,1.276542672442031,0
1.0735030880542633,1.1445467533678664,1.3075804978989878,0
1.078186102505388,1.1801481223717984,1.3397632023767907,0
1.0828837971614602,1.2177970900904984,1.3705460330161898,0
1.0861152985709035,1.2152428206017951,1.4167905016275868,0
1.0906988071974792,1.2547487527514254,1.4450961056802758,0
1.0949801321649977,1.2972295096967281,1.4668515038325178,0
1.0990004261971662,1.3063456856411462,1.5144176932427738,0
0.9999996875,0.6343932843209603,0.773010453233632,0
1.0705656677454638,1.0540797085920948,-1.3438173532298423,0
1.0658106200917155,1.0152196336265085,-1.3130555846502752,0
1.0611200323029262,0.9772008524625782,-1.2824961388980134,0
1.0564072865490743,0.9386685172308529,-1.2520776212845814,0
1.0516649405087835,0.9002239384997017,-1.2212340356289775,0
1.0469152366373193,0.8616452898421829,-1.1903396385189162,0
1.0421658881995264,0.8227597875343609,-1.1596041835050925,0
1.0386299531842462,0.8299476668430561,-1.1105145298528383,0
1.033855849221095,0.7908903660962945,-1.0799691056849623,0
1.0303939500479053,0.7974053266449974,-1.0316942551894792,0
1.0255837880472167,0.7587033262266141,-1.0007220289983842,0
1.0207630378822998,0.7205089177843912,-0.9691573965762538,0
1.0159920536185454,0.6817563194080359,-0.938374888066186,0
1.0114651050122603,0.6434724295602681,-0.9102342841420924,0
1.0079557260064973,0.6464138720581941,-0.8646284560488975,0
1.0041051865770745,0.6024251021860318,-0.8491017720403068,0
0.9999996875,0.5555702334510609,-0.8314696120142538,0
1.07866850630674,1.0857337865222743,-1.4235540481775792,0
1.0739673280178192,1.0469187425138056,-1.3928581946686642,0
1.0820676236836906,1.0784979815361513,-1.4723673738266583,0
1.086710258951647,1.1171787664099577,-1.5030160473399452,0
1.091250209714151,1.1549512406425744,-1.5331860065540182,0
1.0954349015980982,1.1918253310997295,-1.5596798329616695,0
1.0990004261971662,1.1913986083068813,-1.6064150634641183,0
1.0077217738903113,0.6756352263716855,0.8388327235588684,0
1.0122440895061218,0.6932460691234076,0.8828824922109071,0
1.017431148309636,0.7308983563867073,0.9191631266426119,0
1.0222734599389875,0.7673687901284947,0.9519444206344148,0
1.0272839439616788,0.8045138581986391,0.9863205163877236,0
1.0325380284071208,0.8472118044562809,1.019312473985063,0
1.035329821962686,0.8365872251933941,1.0638007667577538,0
1.0399966258218962,0.8761097144326553,1.0921334451713198,0
1.043418932565625,0.8689016698785652,1.1412819189335408,0
1.0481888276090658,0.9074355229280178,1.172000501461115,0
1.052918712996341,0.9454225379161174,1.2026530697325697,0
1.0576717009487246,0.9837053122634667,1.2333387617123888,0
1.0624459502657428,1.02242647146631,1.2639901261585638,0
1.0672285898290008,1.0612567439468203,1.294700675071279,0
1.072013240831259,1.1002002349559223,1.3255134555286279,0
1.076763908165473,1.1381324890747582,1.356693910863326,0
1.0814375501049736,1.1759398820576634,1.3873059271990267,0
1.0847511194670845,1.1701315577130553,1.4362801888545997,0
1.089443850315334,1.20970627743897,1.4662898363627939,0
1.0945818172658597,1.2531333301774614,1.4993387059434997,0
1.0990004261971662,1.2687865679578587,1.5460209070286597,0
1.0040130166357757,0.6399643707553331,0.8199934384707416,0
0.9999996875,0.5956993047980852,0.803207531253958,0
1.069251549903149,1.0080270933243909,-1.3621722235925011,0
1.0727532025978228,1.000925043085459,-1.4111741489903111,0
1.0774190968285071,1.039777886392829,-1.4417874534395563,0
1.080917400122274,1.0326154472307303,-1.4905333235896983,0
1.0854933066047454,1.0711871529369168,-1.5208376012295801,0
1.0900534842916856,1.1093851536719457,-1.5512908151674183,0
1.0946973709614587,1.1494865907553746,-1.5816588031632814,0
1.0990004261971662,1.1516163820122876,-1.6351696268830733,0
1.0645957163989674,0.970053539564081,-1.3315456465566493,0
1.0599289914735268,0.9320499721060265,-1.3009381800132753,0
1.0552197346020336,0.8932423498421276,-1.2702721379983353,0
1.050494032267123,0.8544583756322532,-1.2394093715624726,0
1.0457824110686722,0.8155845120746181,-1.2086577201513373,0
1.0410818596210734,0.7766946736178226,-1.1779431754780285,0
1.0374223656053,0.7838470865153413,-1.1288722858986384,0
1.032698181847446,0.7449331261542009,-1.0981703627765924,0
1.0290834963602205,0.7520700421140396,-1.0491298840667842,0
1.0243336777802798,0.7131756912586302,-1.0184274622854592,0
1.0195956919680642,0.6743661377210691,-0.9876834621372899,0
1.0148821155590007,0.6355951571603493,-0.9569884918183376,0
1.0102126437827905,0.5967194625730222,-0.9265112606822701,0
1.0049095365949867,0.5628629356729574,-0.8854187084023335,0
1.0077648784706603,0.6092706411441624,-0.8888238183250662,0
0.9999996875,0.5141027447316912,-0.8577286096775258,0
1.0079557260064957,0.6464138720581946,0.864628456048897,0
1.0041051865770738,0.6024251021860323,0.8491017720403066,0
0.9999996875,0.5555702334510614,0.8314696120142536,0
1.0159920536185445,0.6817563194080364,0.9383748880661855,0
1.0207630378822996,0.7205089177843916,0.9691573965762533,0
1.025583788047217,0.7587033262266145,1.0007220289983838,0
1.0303939500479045,0.7974053266449979,1.0316942551894788,0
1.0338558492210954,0.7908903660962949,1.0799691056849618,0
1.0386299531842462,0.8299476668430565,1.1105145298528378,0
1.0421658881995266,0.8227597875343615,1.159604183505092,0
1.0469152366373204,0.8616452898421836,1.1903396385189158,0
1.0516649405087828,0.9002239384997024,1.221234035628977,0
1.056407286549076,0.9386685172308535,1.252077621284581,0
1.0611200323029246,0.9772008524625788,1.282496138898013,0
1.065810620091716,1.015219633626509,1.3130555846502747,0
1.0705656677454645,1.0540797085920952,1.3438173532298419,0
1.0753128454756524,1.0929610389939883,1.3745837236801297,0
1.0800528380917063,1.131508893313259,1.40568136286468,0
1.0833575646991056,1.1243620297098285,1.454309247612962,0
1.0880071528772766,1.1629351188894093,1.4849020148823837,0
1.0924731687889602,1.2000688964965511,1.514280675926925,0
1.0962123923035012,1.2315959561210512,1.53883046074536,0
1.0990004261971662,1.2304631806793402,1.5766928556293018,0
1.0114651050122612,0.6434724295602685,0.910234284142092,0
1.0681294320022567,0.9629108655293439,-1.3805933683904292,0
1.0717231812870969,0.9557742848212261,-1.4295442800431721,0
1.0763059907596142,0.9939633458298462,-1.4600508181673835,0
1.0799058707278384,0.9868807959089327,-1.5089024547528163,0
1.0843899088754918,1.0252314101296696,-1.5386438064223484,0
1.0887042095494674,1.0625045965474986,-1.5669904136450445,0
1.0934924012420861,1.0995403595284636,-1.6016822578634733,0
1.0990004261971662,1.1111404650968695,-1.6629392252347381,0
1.0634881435603512,0.9247762276904172,-1.3498765079168833,0
1.0588186399442328,0.8861488818067367,-1.3191457062150873,0
1.054138859053884,0.8472911698935404,-1.2884168824373492,0
1.049469322367806,0.808412321982271,-1.2576940597915374,0
1.0448088025753013,0.7695423575567115,-1.2269854415297272,0
1.0401664189892914,0.7306922949542698,-1.1963007167111275,0
1.0363964363428453,0.7378053097650452,-1.1472542932368914,0
1.031720702069063,0.6989262942126988,-1.1165241435797553,0
1.0279828509593967,0.706044029813683,-1.0674630612470484,0
1.0233194779486658,0.6672421139883846,-1.0370883386700334,0
1.018613061390965,0.6284573073799113,-1.0059047240256822,0
1.0138326612631527,0.5901000355418,-0.9734586599499816,0
1.008667346113595,0.551776930169823,-0.9361280574853373,0
1.004215961819839,0.513701194335582,-0.9068094239343714,0
0.9999996875,0.47139673754878286,-0.8819212639620183,0
1.0077648784706612,0.6092706411441629,0.888823818325066,0
1.004909536594987,0.5628629356729579,0.8854187084023333,0
1.010212643782789,0.5967194625730227,0.9265112606822699,0
1.0148821155590007,0.6355951571603498,0.9569884918183371,0
1.0195956919680653,0.6743661377210696,0.9876834621372894,0
1.0243336777802796,0.7131756912586307,1.0184274622854588,0
1.0290834963602202,0.75207004211404,1.0491298840667838,0
1.0326981818474457,0.7449331261542014,1.098170362776592,0
1.0374223656052999,0.7838470865153417,1.128872285898638,0
1.0410818596210734,0.7766946736178233,1.177943175478028,0
1.0457824110686713,0.8155845120746188,1.2086577201513369,0
1.0504940322671235,0.8544583756322539,1.239409371562472,0
1.0552197346020329,0.8932423498421282,1.2702721379983348,0
1.0599289914735277,0.9320499721060271,1.3009381800132749,0
1.0645957163989686,0.9700535395640817,1.3315456465566489,0
1.0692515499031487,1.0080270933243913,1.3621722235925007,0
1.0739673280178192,1.0469187425138065,1.3928581946686638,0
1.0786685063067407,1.0857337865222751,1.4235540481775788,0
1.0820676236836908,1.0784979815361522,1.4723673738266578,0
1.0867102589516484,1.1171787664099586,1.5030160473399448,0
1.091250209714151,1.1549512406425753,1.5331860065540177,0
1.0954349015980982,1.1918253310997304,1.559679832961669,0
1.0990004261971662,1.1913986083068822,1.6064150634641179,0
0.9999996875,0.5141027447316916,0.8577286096775256,0
1.067116583678673,0.917646531757804,-1.3988197810161083,0
1.0624858776406365,0.8789474002831319,-1.3681199568820994,0
1.0578507563179986,0.8401337787239316,-1.3374190702461701,0
1.0532217936179793,0.8012500756252081,-1.3066951378897953,0
1.0485997388339106,0.7623789861215859,-1.2759793620884525,0
1.0440051444731675,0.723538411666665,-1.2453013003900404,0
1.0394229829363717,0.684722641105483,-1.2146563958796572,0
1.0355478814907377,0.6918503760138921,-1.1656636937524205,0
1.030962344237081,0.6530157385484692,-1.1352268274397055,0
1.0271163573759727,0.6601103463079507,-1.0862786488067355,0
1.0225074786852852,0.6215807479295323,-1.0556809766282145,0
1.0179378590283747,0.5832219715065889,-1.0250348469647785,0
1.0132723690133967,0.5454051006855591,-0.9927589581188692,0
1.0084955639006308,0.507897146782702,-0.9587496398174938,0
1.004151368317467,0.46783291156277884,-0.9305459785467525,0
0.9999996875,0.42755509430543026,-0.9039892927095292,0
1.070788570461829,0.9104239655038591,-1.4476947879023523,0
1.0753520612218699,0.9486054715424801,-1.4783664840118265,0
1.079020009282015,0.9413242710186289,-1.5271011452976302,0
1.0835223655730624,0.9796895472987064,-1.5574678926984262,0
1.087759954849383,1.0172975153290509,-1.5851330528217211,0
1.091174157374049,1.0523859876889456,-1.6043549483657271,0
1.0947174396282175,1.0603868659140887,-1.6429902325305352,0
1.0990004261971662,1.0699952387551883,-1.6897071311446923,0
1.0086673461135949,0.5517769301698234,0.9361280574853371,0
1.0138326612631543,0.5901000355418005,0.9734586599499814,0
1.0186130613909636,0.6284573073799118,1.0059047240256818,0
1.0233194779486663,0.6672421139883851,1.037088338670033,0
1.0279828509593971,0.7060440298136834,1.067463061247048,0
1.0317207020690635,0.6989262942126993,1.1165241435797548,0
1.0363964363428455,0.7378053097650457,1.147254293236891,0
1.0401664189892905,0.7306922949542705,1.196300716711127,0
1.0448088025753022,0.7695423575567122,1.2269854415297268,0
1.0494693223678058,0.8084123219822716,1.257694059791537,0
1.0541388590538843,0.847291169893541,1.2884168824373488,0
1.0588186399442325,0.8861488818067373,1.3191457062150869,0
1.0634881435603503,0.9247762276904179,1.3498765079168829,0
1.068129432002256,0.9629108655293446,1.3805933683904288,0
1.0727532025978233,1.00092504308546,1.4111741489903107,0
1.0774190968285073,1.03977788639283,1.4417874534395558,0
1.080917400122275,1.0326154472307312,1.4905333235896978,0
1.085493306604745,1.0711871529369177,1.5208376012295797,0
1.0900534842916847,1.1093851536719466,1.5512908151674178,0
1.0946973709614594,1.1494865907553755,1.581658803163281,0
1.0990004261971662,1.1516163820122884,1.6351696268830729,0
1.004215961819839,0.5137011943355825,0.9068094239343711,0
0.9999996875,0.4713967375487833,0.8819212639620181,0
1.0662035223699184,0.871753643736336,-1.4170391448831965,0
1.0699696170351416,0.8645266627553876,-1.4658786511622863,0
1.0745042334810724,0.9030424825751207,-1.4965668492416901,0
1.0782574900877242,0.8956190673038165,-1.5453504217494272,0
1.0827271662523559,0.9340245002836738,-1.5758482220911902,0
1.087068873217208,0.9720817765918994,-1.6049907924632043,0
1.0909763966427337,1.0115633038189693,-1.6280614410320045,0
1.0949532346035165,1.0212206939993147,-1.6704061400615462,0
1.0990004261971662,1.0282054871982256,-1.7154572207127345,0
1.0616191357476035,0.8330089197864601,-1.3863816745637374,0
1.0570295946065464,0.794128854143465,-1.3556682228015373,0
1.0524532078396496,0.7552346740026499,-1.3249485041973301,0
1.047894122520739,0.7163847937734584,-1.2942565448041985,0
1.0433628333546299,0.6776564015804258,-1.2635915672346605,0
1.0388633701351175,0.6390321440222384,-1.2329549199999392,0
1.0348707399786143,0.64598181531756,-1.1839693460500365,0
1.0303685372644136,0.6072315446350098,-1.1536334045363281,0
1.0264376933767418,0.6144161180048064,-1.1050348978716245,0
1.0219408917258355,0.5760366303895519,-1.0747444034304334,0
1.0174827086429137,0.5379745258904913,-1.0443954244305544,0
1.0129664596657606,0.4997707221212968,-1.0131041598173955,0
1.008451082087385,0.46154206204375026,-0.9813884521041311,0
1.0041844451700612,0.4216012026929772,-0.9527773036306835,0
0.9999996875,0.3826834333684339,-0.9238795320956881,0
1.0132723690133962,0.5454051006855596,0.9927589581188689,0
1.0084955639006308,0.5078971467827025,0.9587496398174936,0
1.0041513683174683,0.4678329115627793,0.9305459785467523,0
0.9999996875,0.4275550943054307,0.903989292709529,0
1.017937859028374,0.5832219715065894,1.025034846964778,0
1.0225074786852864,0.6215807479295328,1.055680976628214,0
1.0271163573759718,0.6601103463079512,1.086278648806735,0
1.0309623442370812,0.6530157385484696,1.135226827439705,0
1.0355478814907373,0.6918503760138928,1.16566369375242,0
1.0394229829363735,0.6847226411054836,1.2146563958796568,0
1.0440051444731675,0.7235384116666657,1.24530130039004,0
1.0485997388339106,0.7623789861215866,1.275979362088452,0
1.05322179361798,0.8012500756252088,1.3066951378897949,0
1.0578507563179989,0.8401337787239322,1.3374190702461697,0
1.0624858776406374,0.8789474002831326,1.368119956882099,0
1.0671165836786747,0.9176465317578046,1.3988197810161078,0
1.0717231812870969,0.9557742848212267,1.4295442800431717,0
1.076305990759614,0.9939633458298469,1.460050818167383,0
1.0799058707278384,0.9868807959089334,1.5089024547528158,0
1.084389908875492,1.0252314101296705,1.538643806422348,0
1.0887042095494686,1.0625045965474995,1.566990413645044,0
1.0934924012420864,1.0995403595284645,1.6016822578634728,0
1.0990004261971662,1.1111404650968704,1.6629392252347377,0
1.0654323003562043,0.8258666057212545,-1.4352804068839142,0
1.0692839604086317,0.8186486337617129,-1.4840822675570933,0
1.0737667185214292,0.8571680851395618,-1.5147111735839172,0
1.0776105658022692,0.8498033120769775,-1.5635036541434535,0
1.0820385737370806,0.8882857332060512,-1.5939976476546103,0
1.086470721252933,0.9268313180137036,-1.6243953774495612,0
1.0910305586670144,0.9663101389930684,-1.6559416314185735,0
1.0957565420906308,0.9894170658473562,-1.6991428932856931,0
1.0990004261971662,0.9857963831335144,-1.7401739829686234,0
1.0608959058736374,0.7870549657684793,-1.4045887967937642,0
1.0563580911579722,0.7481303406665687,-1.3738845269642015,0
1.0518432591235587,0.7092503176796279,-1.3431817133480803,0
1.047363392601113,0.6705983158359072,-1.3125686756354211,0
1.0429160800133526,0.6320833254418001,-1.2819741079706182,0
1.0384956162866261,0.5935099122618281,-1.2514551744481714,0
1.0344084477913416,0.6003896438029133,-1.2025871732685864,0
1.0299928790835855,0.5618783883164284,-1.1722197755310904,0
1.0259361924396688,0.5688032766987918,-1.1235534294985565,0
1.0215106869170434,0.5305982052874254,-1.0931193892350892,0
1.0171180738121046,0.4922185747921496,-1.0626625393001554,0
1.0127266624019775,0.4537503266712115,-1.0319088098025384,0
1.0084432432744568,0.41498684021476806,-1.0018668547003051,0
1.0041686248929758,0.37546153235482893,-0.9716515897092135,0
0.9999996875,0.33688985429587004,-0.9415440648596898,0
1.0129664596657613,0.49977072212129725,1.013104159817395,0
1.0084510820873849,0.4615420620437507,0.9813884521041308,0
1.0041844451700608,0.42160120269297763,0.9527773036306832,0
0.9999996875,0.38268343336843436,0.9238795320956878,0
1.0174827086429141,0.5379745258904918,1.044395424430554,0
1.0219408917258355,0.5760366303895523,1.074744403430433,0
1.0264376933767414,0.6144161180048069,1.105034897871624,0
1.0303685372644145,0.6072315446350105,1.1536334045363277,0
1.034870739978614,0.6459818153175607,1.183969346050036,0
1.0388633701351166,0.6390321440222391,1.2329549199999388,0
1.0433628333546296,0.6776564015804265,1.26359156723466,0
1.0478941225207394,0.7163847937734591,1.294256544804198,0
1.0524532078396498,0.7552346740026505,1.3249485041973297,0
1.0570295946065456,0.7941288541434657,1.3556682228015369,0
1.061619135747604,0.8330089197864607,1.386381674563737,0
1.0662035223699171,0.8717536437363367,1.417039144883196,0
1.0707885704618287,0.9104239655038597,1.4476947879023518,0
1.0753520612218708,0.9486054715424808,1.478366484011826,0
1.079020009282016,0.9413242710186296,1.5271011452976297,0
1.0835223655730624,0.979689547298707,1.5574678926984258,0
1.087759954849383,1.0172975153290518,1.5851330528217207,0
1.0911741573740488,1.0523859876889465,1.6043549483657267,0
1.0947174396282187,1.0603868659140896,1.6429902325305348,0
1.0990004261971662,1.0699952387551892,1.6897071311446918,0
1.0648041792583316,0.780007101468116,-1.4534890869163752,0
1.0687421770153351,0.7728279241216152,-1.5022731639555233,0
1.0731749003869193,0.8113683523643549,-1.5328851976495512,0
1.0770923241681154,0.8040236174141511,-1.5816391289494842,0
1.0814821640618841,0.8425750126353104,-1.6121746101227346,0
1.0858594108428827,0.8811106293778748,-1.6425687100191544,0
1.0901992558606592,0.9194998606407785,-1.6726070337701633,0
1.0948958599713494,0.9455526259126585,-1.7137354912669882,0
1.0990004261971662,0.9427934721717717,-1.7638425294879063,0
1.0603212065904855,0.741187972825011,-1.4228288626328185,0
1.055857791916375,0.7023420324961607,-1.3921893495941933,0
1.0514181264639306,0.663565961586253,-1.3615979945818202,0
1.047014860883451,0.6250597025248623,-1.3309994190427203,0
1.0426460001861448,0.5866113877317989,-1.3004422055586025,0
1.0382993518779895,0.5480006094351311,-1.2698873600378855,0
1.0341158893071432,0.5549153801891824,-1.2209649577838955,0
1.0297794397447242,0.5164565675553578,-1.1906237762489842,0
1.0256277707815087,0.5236219767656423,-1.1419135844831625,0
1.0212667148883265,0.48508230693625143,-1.1114046269006423,0
1.0169469420216082,0.4465283043579723,-1.0808417087652384,0
1.0126930709522397,0.4080179759357593,-1.0504493620355855,0
1.0084053849244266,0.3680458222700118,-1.019673849172359,0
1.0041719600737076,0.32842352977005884,-0.9886217685443472,0
0.9999996875,0.29028467803568636,-0.9569403354952273,0
1.012726662401978,0.45375032667121196,1.031908809802538,0
1.0084432432744568,0.4149868402147685,1.0018668547003047,0
1.0041686248929764,0.3754615323548294,0.9716515897092133,0
0.9999996875,0.3368898542958705,0.9415440648596896,0
1.0171180738121042,0.49221857479215014,1.062662539300155,0
1.0215106869170434,0.5305982052874259,1.0931193892350888,0
1.025936192439669,0.5688032766987923,1.123553429498556,0
1.0299928790835846,0.5618783883164291,1.17221977553109,0
1.034408447791342,0.6003896438029139,1.202587173268586,0
1.0384956162866266,0.5935099122618288,1.251455174448171,0
1.0429160800133535,0.6320833254418008,1.2819741079706177,0
1.0473633926011137,0.6705983158359079,1.3125686756354207,0
1.0518432591235582,0.7092503176796285,1.34318171334808,0
1.0563580911579729,0.7481303406665694,1.373884526964201,0
1.0608959058736378,0.78705496576848,1.4045887967937638,0
1.065432300356204,0.8258666057212551,1.4352804068839138,0
1.069969617035143,0.8645266627553883,1.4658786511622859,0
1.0745042334810717,0.9030424825751213,1.4965668492416897,0
1.0782574900877244,0.8956190673038171,1.5453504217494267,0
1.0827271662523552,0.9340245002836745,1.5758482220911898,0
1.0870688732172094,0.9720817765919001,1.6049907924632039,0
1.0909763966427337,1.0115633038189702,1.628061441032004,0
1.094953234603517,1.0212206939993156,1.6704061400615458,0
1.0990004261971662,1.0282054871982265,1.715457220712734,0
1.0643175853605236,0.7341582533156197,-1.4716750845600464,0
1.059911104783041,0.6954271158278531,-1.4411258387087722,0
1.0555193842729464,0.6567185461126068,-1.4105440308590103,0
1.051164342931485,0.6180801027467773,-1.3800047173256664,0
1.0468213708524925,0.5794975307215875,-1.3493514221344465,0
1.042518713701277,0.5409604740435405,-1.3187041651600204,0
1.0382514214864227,0.5023621380309764,-1.2880914710239875,0
1.0339923600104912,0.509474858367527,-1.2393250274103274,0
1.0297228558361542,0.47089853238074786,-1.2087065395314425,0
1.0254756306527493,0.4779611612252256,-1.1601088432316402,0
1.0212050814658429,0.43935936165323064,-1.1295773861480765,0
1.0169863288941872,0.400742443500152,-1.0990421277971385,0
1.0128376128026808,0.36222177997824445,-1.068640649642659,0
1.0084840197249942,0.3191632753664113,-1.036812870402047,0
1.00421914551649,0.2789406504611345,-1.004197890929559,0
0.9999996875,0.2429801805664794,-0.9700312530284173,0
1.0727085719506304,0.765542950329031,-1.5510105000115373,0
1.0767163075985355,0.7583295788868947,-1.5997660774763323,0
1.0810483596366547,0.7968609085091001,-1.6303125295994743,0
1.0853856101858466,0.8354356381176817,-1.6608108080159205,0
1.0897298216291957,0.8740028702202587,-1.6913182881099482,0
1.0942653600914154,0.8999310898600792,-1.7307615682818231,0
1.0990004261971662,0.8992226575541566,-1.7864486032744522,0
1.0683400037466424,0.727017151589721,-1.5204563177716985,0
1.0169469420216077,0.44652830435797286,1.080841708765238,0
1.0212667148883272,0.485082306936252,1.111404626900642,0
1.025627770781509,0.5236219767656427,1.141913584483162,0
1.0297794397447257,0.5164565675553585,1.1906237762489837,0
1.0341158893071432,0.5549153801891831,1.220964957783895,0
1.038299351877989,0.5480006094351317,1.269887360037885,0
1.0426460001861448,0.5866113877317995,1.300442205558602,0
1.0470148608834502,0.625059702524863,1.33099941904272,0
1.0514181264639315,0.6635659615862537,1.3615979945818197,0
1.0558577919163745,0.7023420324961613,1.3921893495941928,0
1.0603212065904852,0.7411879728250117,1.422828862632818,0
1.0648041792583314,0.7800071014681167,1.4534890869163748,0
1.0692839604086322,0.8186486337617136,1.4840822675570928,0
1.073766718521429,0.8571680851395624,1.5147111735839167,0
1.0776105658022703,0.8498033120769781,1.563503654143453,0
1.0820385737370806,0.8882857332060519,1.5939976476546098,0
1.0864707212529334,0.9268313180137044,1.6243953774495608,0
1.091030558667014,0.9663101389930693,1.655941631418573,0
1.095756542090632,0.9894170658473571,1.6991428932856927,0
1.0990004261971662,0.9857963831335153,1.740173982968623,0
1.0126930709522404,0.40801797593575984,1.050449362035585,0
1.0084053849244263,0.36804582227001226,1.019673849172359,0
1.0041719600737082,0.3284235297700593,0.988621768544347,0
0.9999996875,0.2902846780356868,0.9569403354952271,0
1.0639788331455295,0.6883693530345407,-1.4898868487216945,0
1.0680824398987063,0.681250041934633,-1.5386390392957165,0
1.0723909255520863,0.7197947969313134,-1.5692109021911715,0
1.0764712668792145,0.7125933238871918,-1.6179564319250024,0
1.080743927997772,0.7511618762505798,-1.6484669721813272,0
1.085028669636118,0.7897304639994498,-1.6789596856065523,0
1.089180714420341,0.8277856665208856,-1.7081406940588755,0
1.0919755831879836,0.859190717032067,-1.7248551399105954,0
1.0952702099307619,0.8579788665175594,-1.7635396326281563,0
1.0990004261971662,0.855110184991539,-1.8079785871308691,0
1.0596434068670284,0.6497186334191409,-1.4593570135546825,0
1.0553251156901617,0.6111480800637323,-1.4287414852392364,0
1.051033860657917,0.5724530245671198,-1.3981753524001075,0
1.0467732750360452,0.533823812560934,-1.3675109742324745,0
1.042548571594066,0.4951911373704596,-1.3369108528425813,0
1.0383702511011617,0.4566925259191854,-1.3062533764974125,0
1.0340161233117984,0.46383276279570473,-1.2573541431005455,0
1.0298266634778974,0.42527942044841616,-1.2266405731933705,0
1.0254965164531558,0.4323187102210181,-1.1781463760709106,0
1.0213417467279997,0.39359265178888514,-1.1477751322528325,0
1.017227954791087,0.35495753549541875,-1.117213305089129,0
1.0130033273666157,0.31370862659348153,-1.085639809860739,0
1.0085754307965196,0.2690254522775376,-1.051901303151065,0
1.0043343108013685,0.22658593868666216,-1.018488388592635,0
0.9999996875,0.19509032252401665,-0.9807852803022054,0
1.0212050814658442,0.4393593616532312,1.129577386148076,0
1.0254756306527486,0.47796116122522614,1.1601088432316398,0
1.029722855836154,0.4708985323807484,1.208706539531442,0
1.0339923600104908,0.5094748583675277,1.239325027410327,0
1.0382514214864238,0.5023621380309771,1.288091471023987,0
1.0425187137012766,0.5409604740435412,1.31870416516002,0
1.0468213708524945,0.5794975307215882,1.349351422134446,0
1.0511643429314845,0.6180801027467779,1.380004717325666,0
1.0555193842729471,0.6567185461126075,1.4105440308590098,0
1.0599111047830414,0.6954271158278538,1.4411258387087718,0
1.064317585360525,0.7341582533156203,1.471675084560046,0
1.0687421770153351,0.7728279241216158,1.502273163955523,0
1.0731749003869195,0.8113683523643556,1.5328851976495508,0
1.0770923241681147,0.8040236174141517,1.5816391289494838,0
1.0814821640618846,0.8425750126353111,1.612174610122734,0
1.085859410842884,0.8811106293778757,1.642568710019154,0
1.0901992558606592,0.9194998606407794,1.6726070337701628,0
1.0948958599713499,0.9455526259126594,1.7137354912669878,0
1.0990004261971662,0.9427934721717726,1.7638425294879059,0
1.0169863288941867,0.40074244350015253,1.099042127797138,0
1.0128376128026817,0.362221779978245,1.068640649642659,0
1.0084840197249945,0.31916327536641176,1.036812870402047,0
1.0042191455164902,0.2789406504611349,1.004197890929559,0
0.9999996875,0.24298018056647985,0.9700312530284171,0
1.0637898995608166,0.6426195207666947,-1.5080911209063432,0
1.0679623824234699,0.6354759842480155,-1.5568159013798895,0
1.0722090964302426,0.6740613245801403,-1.5873789228274564,0
1.0763596458344975,0.6669036514610693,-1.6360853882548132,0
1.0805749732102863,0.7054617558284966,-1.6666170100788422,0
1.0847968318331833,0.744031211551494,-1.6971085224516553,0
1.0890303104970604,0.7825891545040642,-1.7275986306707742,0
1.0919935270173102,0.8181177421772887,-1.7449471571492552,0
1.095287393990466,0.8130398910836041,-1.7848688434964375,0
1.0990004261971662,0.810482626032343,-1.8284195122836873,0
1.0595185097540705,0.6039782597480687,-1.4775185379453741,0
1.0552745311398828,0.5653297100242296,-1.4469192155108102,0
1.051060015620049,0.5266645463085127,-1.4163189620861565,0
1.0468812091671582,0.4879862440859424,-1.3857110115418312,0
1.0427391934764563,0.4493858238898887,-1.3549555759422471,0
1.0385692261320683,0.41073490836770277,-1.3235299389249995,0
1.0341814901489084,0.4180151612393421,-1.2750544577923815,0
1.0301122666413363,0.3794126042367717,-1.2445794559813168,0
1.0257221410099868,0.38663674633292555,-1.1962167773943122,0
1.021670527697514,0.3478461690680469,-1.165918470710803,0
1.0175591376318287,0.3084369658318983,-1.134335909489621,0
1.0134541684129108,0.26891265440161594,-1.102146110577886,0
1.0085105780208752,0.22010089776117153,-1.0625488624810968,0
1.0050269310574778,0.1787543290553119,-1.034882314224999,0
0.9999996875,0.14673047483692764,-0.989176509908181,0
1.0213417467280002,0.3935926517888857,1.147775132252832,0
1.017227954791087,0.3549575354954193,1.117213305089129,0
1.0130033273666155,0.3137086265934821,1.085639809860739,0
1.0085754307965193,0.26902545227753816,1.051901303151065,0
1.0043343108013685,0.22658593868666266,1.018488388592635,0
0.9999996875,0.19509032252401715,0.9807852803022051,0
1.0254965164531555,0.43231871022101864,1.17814637607091,0
1.0298266634778992,0.4252794204484167,1.22664057319337,0
1.0340161233117984,0.4638327627957053,1.257354143100545,0
1.0383702511011617,0.4566925259191861,1.306253376497412,0
1.0425485715940666,0.4951911373704603,1.3369108528425808,0
1.046773275036045,0.5338238125609347,1.367510974232474,0
1.051033860657917,0.5724530245671204,1.398175352400107,0
1.055325115690162,0.611148080063733,1.428741485239236,0
1.059643406867028,0.6497186334191416,1.459357013554682,0
1.0639788331455295,0.6883693530345414,1.489886848721694,0
1.0683400037466422,0.7270171515897217,1.520456317771698,0
1.0727085719506313,0.7655429503290316,1.5510105000115368,0
1.076716307598536,0.7583295788868953,1.5997660774763318,0
1.0810483596366562,0.796860908509101,1.6303125295994738,0
1.0853856101858463,0.8354356381176826,1.66081080801592,0
1.0897298216291955,0.8740028702202596,1.6913182881099478,0
1.0942653600914163,0.8999310898600801,1.7307615682818227,0
1.0990004261971662,0.8992226575541575,1.7864486032744518,0
1.0637423944269941,0.5968441469997989,-1.5262651688857545,0
1.05954374090716,0.5581773160330761,-1.4957010917114455,0
1.0553778151799857,0.5194966514366268,-1.4651228610774734,0
1.0512479244412913,0.48081418966765455,-1.4345188498682673,0
1.047153925577092,0.4421504930767419,-1.4038711475725774,0
1.0430780530154333,0.4034586194946552,-1.3729279703358452,0
1.0390633288065125,0.36474329295742614,-1.3420197378988,0
1.0345413805133135,0.3720098234345859,-1.29298200387834,0
1.0305754533511526,0.33336682103573245,-1.26246205337039,0
1.0261022766071597,0.34085187677137074,-1.2140717345419088,0
1.0221152056322302,0.301918774655188,-1.183185460292307,0
1.0181200701996032,0.26269009724272985,-1.151639946060103,0
1.014098710560308,0.22191810231964693,-1.119217208372746,0
1.0105848480223836,0.18511491941593178,-1.090105394089912,0
1.0079658236665618,0.1484540183781486,-1.069478001292287,0
1.0043008612490076,0.12501317957324537,-1.035561018515463,0
0.9999996875,0.09801714056964247,-0.9951847266485508,0
1.0679894800877165,0.5897173596129548,-1.5749957551347262,0
1.0721658341394151,0.628347296982916,-1.6055394276913764,0
1.0763833662140518,0.6212006986037419,-1.6542411100321843,0
1.0805309881232794,0.6597575088839309,-1.6847794269740195,0
1.0846918146390767,0.6983203083882774,-1.7152798826443685,0
1.088866035411695,0.7369145005194948,-1.7457336883349854,0
1.0918961037730437,0.7730950325325989,-1.7642356600390245,0
1.0952019191513787,0.7692677476283012,-1.8031962761698503,0
1.0990004261971662,0.7653668625933476,-1.8477590659076784,0
1.0216705276975144,0.34784616906804744,1.165918470710803,0
1.0257221410099864,0.3866367463329261,1.1962167773943118,0
1.0301122666413352,0.37941260423677226,1.2445794559813168,0
1.034181490148908,0.4180151612393428,1.275054457792381,0
1.038569226132069,0.41073490836770343,1.323529938924999,0
1.0427391934764565,0.44938582388988935,1.3549555759422467,0
1.0468812091671584,0.48798624408594304,1.3857110115418307,0
1.0510600156200494,0.5266645463085133,1.416318962086156,0
1.0552745311398837,0.5653297100242303,1.4469192155108097,0
1.0595185097540705,0.6039782597480694,1.4775185379453737,0
1.0637898995608175,0.6426195207666954,1.5080911209063428,0
1.0680824398987077,0.6812500419346337,1.538639039295716,0
1.0723909255520865,0.7197947969313141,1.569210902191171,0
1.076471266879215,0.7125933238871927,1.617956431925002,0
1.0807439279977729,0.7511618762505807,1.6484669721813268,0
1.0850286696361178,0.7897304639994507,1.6789596856065518,0
1.0891807144203431,0.8277856665208865,1.708140694058875,0
1.0919755831879836,0.8591907170320678,1.724855139910595,0
1.0952702099307638,0.8579788665175603,1.7635396326281558,0
1.0990004261971662,0.8551101849915399,1.8079785871308687,0
1.0175591376318291,0.30843696583189883,1.134335909489621,0
1.0134541684129121,0.2689126544016165,1.102146110577886,0
1.0085105780208745,0.22010089776117203,1.0625488624810968,0
1.005026931057479,0.1787543290553124,1.034882314224999,0
0.9999996875,0.14673047483692814,0.989176509908181,0
1.063843600417638,0.5510415653227025,-1.5444866858613002,0
1.0597247716947045,0.5123478992267796,-1.5139186190521614,0
1.0556394203166657,0.4736439390260099,-1.4833375594071263,0
1.0515916733481023,0.4349346948827666,-1.4527104669804694,0
1.0475874349674528,0.39624209352542916,-1.4220054950693595,0
1.043618919136067,0.35749510515074423,-1.391185926607087,0
1.0396902460589408,0.3186905432063465,-1.360195870698122,0
1.0351017087923333,0.32593760893702206,-1.3111714858139032,0
1.03121052683391,0.2870510277159104,-1.280334932435385,0
1.0266445833622868,0.29458434498483543,-1.231677909434284,0
1.0227752321047887,0.2556921439484664,-1.20081514108489,0
1.0189825524401088,0.216693596757756,-1.169802319917377,0
1.0152872090963638,0.17799644833867678,-1.139060617110101,0
1.0118744216481252,0.13892061692745494,-1.110125723683732,0
1.0085845980861228,0.1066590993021205,-1.080429989578334,0
1.0048214516468768,0.07526093772212955,-1.045564283086771,0
0.9999996875,0.04906767443121758,-0.9987954562000729,0
1.0722588184507924,0.5826153788396264,-1.6237125703491815,0
1.0765421055545716,0.5754924991335431,-1.6724067251201484,0
1.0806294945526433,0.6139661343585026,-1.7030452731148473,0
1.0847245037949313,0.6525261225288062,-1.7335608421173565,0
1.088604492668726,0.6903421262742435,-1.7617494259109452,0
1.0920827032110751,0.7289465041660175,-1.7850367805236536,0
1.0956345035070727,0.7248027001288613,-1.8263860521078552,0
1.0990004261971662,0.7197900710654326,-1.8659855984427152,0
1.068165817631581,0.5439459904452801,-1.5932758212545934,0
1.026102276607161,0.3408518767713713,1.2140717345419088,0
1.0305754533511535,0.333366821035733,1.26246205337039,0
1.0345413805133143,0.37200982343458655,1.29298200387834,0
1.0390633288065125,0.3647432929574268,1.3420197378988,0
1.043078053015433,0.4034586194946559,1.3729279703358448,0
1.0471539255770919,0.4421504930767426,1.403871147572577,0
1.0512479244412918,0.4808141896676552,1.4345188498682668,0
1.0553778151799862,0.5194966514366275,1.465122861077473,0
1.0595437409071597,0.5581773160330767,1.495701091711445,0
1.0637423944269948,0.5968441469997996,1.526265168885754,0
1.0679623824234683,0.6354759842480162,1.556815901379889,0
1.072209096430243,0.674061324580141,1.587378922827456,0
1.0763596458344975,0.6669036514610702,1.6360853882548128,0
1.0805749732102865,0.7054617558284975,1.6666170100788418,0
1.0847968318331838,0.7440312115514949,1.6971085224516549,0
1.0890303104970611,0.7825891545040651,1.7275986306707738,0
1.0919935270173096,0.8181177421772896,1.7449471571492547,0
1.0952873939904668,0.813039891083605,1.784868843496437,0
1.0990004261971662,0.8104826260323439,1.8284195122836868,0
1.0221152056322302,0.30191877465518857,1.183185460292307,0
1.0181200701996025,0.2626900972427304,1.151639946060103,0
1.0140987105603085,0.22191810231964748,1.119217208372746,0
1.010584848022384,0.18511491941593228,1.090105394089912,0
1.0079658236665614,0.1484540183781491,1.069478001292287,0
1.004300861249008,0.12501317957324587,1.035561018515463,0
0.9999996875,0.09801714056964295,0.9951847266485508,0
1.0640967892618465,0.5052166796183264,-1.5627636591291225,0
1.0684859542254563,0.49808885295392813,-1.6116046261293144,0
1.072504907730207,0.5367731292190656,-1.6420506417088345,0
1.0768527929364993,0.5296152599147996,-1.6908200676636043,0
1.0808398740960343,0.5683501184756237,-1.7210843748206894,0
1.0848557766591114,0.6062648719815882,-1.7517347302678317,0
1.0886334050280575,0.6441707834095807,-1.7795069687504594,0
1.092774140640379,0.6824658404162984,-1.8109650460711095,0
1.0963770614906798,0.687296474746274,-1.8490105069204632,0
1.0990004261971662,0.67377970487645,-1.8830881310487313,0
1.0600550415311445,0.4664979617709978,-1.5321785964296253,0
1.0560595582633852,0.4277704117103879,-1.5015945278696452,0
1.0520962953206754,0.3890181613194674,-1.4709227542214824,0
1.0481777517363022,0.35024547450578813,-1.4401660948385748,0
1.0443152966200464,0.3114415387090035,-1.40934639815831,0
1.0405033499363527,0.2725948296956924,-1.3784788153751388,0
1.0358529469390598,0.2798303326768232,-1.329394721754459,0
1.0320715641847427,0.24097049728194936,-1.2985876924889,0
1.027400743251936,0.24822595344380943,-1.249549437856368,0
1.023667391513914,0.209475803264563,-1.218831323605658,0
1.0200519662201926,0.17171886473413867,-1.1881852256906802,0
1.0167765107857758,0.12557428605446008,-1.161007384923481,0
1.012935533117585,0.09303786996718177,-1.125473753467015,0
1.0095162200092183,0.07124812390196147,-1.092899391922077,0
1.0076893250429473,0.037941139861740344,-1.076057135607035,0
1.0037202384398216,0.03720598610672238,-1.036541042540306,0
0.9999996875,-2.591808530679738e-16,-1.0,0
1.026644583362286,0.294584344984836,1.231677909434284,0
1.0312105268339107,0.28705102771591107,1.280334932435385,0
1.0351017087923327,0.3259376089370227,1.3111714858139032,0
1.0396902460589421,0.31869054320634715,1.360195870698122,0
1.0436189191360679,0.3574951051507449,1.391185926607087,0
1.047587434967453,0.39624209352542983,1.422005495069359,0
1.051591673348102,0.43493469488276726,1.452710466980469,0
1.0556394203166661,0.47364393902601054,1.4833375594071259,0
1.0597247716947042,0.5123478992267803,1.513918619052161,0
1.0638436004176384,0.5510415653227032,1.5444866858612998,0
1.067989480087717,0.5897173596129555,1.5749957551347258,0
1.0721658341394165,0.6283472969829167,1.605539427691376,0
1.0763833662140507,0.6212006986037428,1.6542411100321839,0
1.080530988123281,0.6597575088839318,1.684779426974019,0
1.0846918146390767,0.6983203083882783,1.715279882644368,0
1.088866035411695,0.7369145005194957,1.745733688334985,0
1.0918961037730455,0.7730950325325998,1.764235660039024,0
1.0952019191513798,0.7692677476283021,1.80319627616985,0
1.0990004261971662,0.7653668625933485,1.847759065907678,0
1.02277523210479,0.25569214394846695,1.20081514108489,0
1.0189825524401093,0.21669359675775657,1.169802319917377,0
1.015287209096364,0.17799644833867734,1.139060617110101,0
1.011874421648126,0.1389206169274555,1.110125723683732,0
1.0085845980861234,0.10665909930212103,1.080429989578334,0
1.0048214516468772,0.07526093772213005,1.045564283086771,0
0.9999996875,0.04906767443121807,0.9987954562000729,0
1.0645069687281323,0.45935407468174494,-1.5811556519968584,0
1.060544501920404,0.42060639106817377,-1.5505070239229584,0
1.056628643635489,0.3818470441582392,-1.5198567231207967,0
1.0527615031783435,0.3430488879727096,-1.4891472385085869,0
1.0489397779942675,0.30422706035737446,-1.458388756466627,0
1.0451773935196569,0.26536193778133055,-1.427575947573089,0
1.0414877468078791,0.22646276044789015,-1.3967556434549313,0
1.0367689309765598,0.23370783370633963,-1.347657995702593,0
1.032937139280865,0.1919306221687876,-1.315452553377113,0
1.0282473767009934,0.19967445931444044,-1.2668207874490909,0
1.024786204655127,0.1633903230922767,-1.237022592969058,0
1.0216970022256995,0.1293325988712707,-1.210010914357945,0
1.0200272748672603,0.08809221923470831,-1.197018626328959,0
1.0162179598111185,0.07832031644348014,-1.159499000354933,0
1.0126585274767321,0.044522010222624156,-1.125704394314883,0
1.0099907677689186,-3.073033988672743e-16,-1.1,0
1.0049855414311217,-2.8324212596762404e-16,-1.05,0
1.0037202384398232,-0.037205986106723,-1.036541042540306,0
0.9999996875,-0.04906767443121819,-0.9987954562000729,0
1.0728996810472045,0.490831103193457,-1.6605567674059465,0
1.077321119996351,0.48359113902482165,-1.7095098021735295,0
1.0812208116160578,0.52244788904348,-1.7396325597795013,0
1.0852124852907759,0.560842322224085,-1.7706329664454001,0
1.0889299491938533,0.597464607821055,-1.7989015125862062,0
1.0916677784142685,0.6330250176403862,-1.8167133472220511,0
1.0954161447086121,0.648776411490257,-1.8523616892636552,0
1.0990004261971662,0.6273634790264127,-1.8990563617712555,0
1.0689619652847604,0.45217759817854863,-1.6300816207427935,0
1.0274007432519365,0.24822595344381004,1.249549437856368,0
1.0320715641847429,0.24097049728194997,1.2985876924889,0
1.0358529469390596,0.2798303326768239,1.329394721754459,0
1.0405033499363525,0.27259482969569304,1.3784788153751388,0
1.0443152966200453,0.31144153870900415,1.40934639815831,0
1.0481777517363027,0.3502454745057888,1.4401660948385748,0
1.0520962953206752,0.3890181613194681,1.470922754221482,0
1.0560595582633854,0.42777041171038865,1.5015945278696448,0
1.0600550415311445,0.46649796177099856,1.5321785964296248,0
1.0640967892618471,0.5052166796183271,1.562763659129122,0
1.068165817631581,0.5439459904452808,1.593275821254593,0
1.0722588184507922,0.5826153788396273,1.623712570349181,0
1.0765421055545739,0.5754924991335439,1.672406725120148,0
1.080629494552644,0.6139661343585034,1.7030452731148469,0
1.0847245037949307,0.652526122528807,1.733560842117356,0
1.088604492668728,0.6903421262742444,1.7617494259109447,0
1.092082703211074,0.7289465041660184,1.785036780523653,0
1.0956345035070743,0.7248027001288622,1.8263860521078548,0
1.0990004261971662,0.7197900710654335,1.8659855984427147,0
1.0236673915139127,0.2094758032645636,1.218831323605658,0
1.0200519662201932,0.17171886473413922,1.1881852256906802,0
1.016776510785776,0.12557428605446064,1.161007384923481,0
1.012935533117585,0.09303786996718233,1.125473753467015,0
1.0095162200092178,0.071248123901962,1.092899391922077,0
1.007689325042947,0.03794113986174086,1.076057135607035,0
1.0037202384398225,0.03720598610672288,1.036541042540306,0
0.9999996875,2.220446049250313e-16,1.0,0
1.0650508182494955,0.4134744164963754,-1.5994759586643534,0
1.0611767477770482,0.3746944375912985,-1.5687806854564728,0
1.0573485852016493,0.3358702774328145,-1.5380954424125448,0
1.0535764422465994,0.297022355214983,-1.507402150851457,0
1.0498658892823185,0.2581411923806982,-1.476666100659508,0
1.0462100134670276,0.21922941831972004,-1.445862726266407,0
1.0426288629750444,0.18030853711686246,-1.415042858290683,0
1.0378658450133267,0.1875538461863817,-1.365924926147193,0
1.033887917456574,0.14311361576714043,-1.331276302514291,0
1.0291407933145311,0.15423797838408088,-1.282167594887338,0
1.0258611741754207,0.12743158589018028,-1.252124005671904,0
1.0248614670407619,0.09005898609443924,-1.245307382624987,0
1.0225031447214408,0.045045183565117636,-1.2242538135382919,0
1.017717307008588,0.042688991665124174,-1.176337163535087,0
1.0149981718290875,-3.3136467176692455e-16,-1.15,0
1.012658527476734,-0.044522010222624836,-1.125704394314883,0
1.0076893250429464,-0.03794113986174098,-1.076057135607035,0
1.004821451646878,-0.07526093772213018,-1.045564283086771,0
0.9999996875,-0.09801714056964306,-0.9951847266485508,0
1.0734304078775465,0.44494607475332015,-1.6790173877211065,0
1.0695641172114323,0.4062712388417774,-1.6483979268447455,0
1.0817487225644777,0.476455516644279,-1.7584105664013523,0
1.0856518903922603,0.5150815458796794,-1.7891616994758612,0
1.0896129291873098,0.5533480134903659,-1.8203703530745625,0
1.0939852737819395,0.5977645053610161,-1.853875372723089,0
1.0990004261971662,0.5805693529125169,-1.9138806719486832,0
1.0779111168205855,0.43774403432057196,-1.7280059641580743,0
1.0282473767009939,0.19967445931444106,1.2668207874490909,0
1.0329371392808646,0.1919306221687882,1.315452553377113,0
1.0367689309765613,0.2337078337063403,1.347657995702593,0
1.0414877468078783,0.22646276044789082,1.3967556434549313,0
1.0451773935196584,0.2653619377813312,1.427575947573089,0
1.0489397779942675,0.3042270603573751,1.458388756466627,0
1.0527615031783442,0.34304888797271027,1.4891472385085869,0
1.0566286436354886,0.38184704415824,1.5198567231207967,0
1.060544501920405,0.42060639106817455,1.550507023922958,0
1.064506968728132,0.4593540746817457,1.581155651996858,0
1.0684859542254568,0.4980888529539289,1.611604626129314,0
1.0725049077302067,0.5367731292190665,1.642050641708834,0
1.0768527929364982,0.5296152599148005,1.6908200676636038,0
1.0808398740960337,0.5683501184756246,1.721084374820689,0
1.084855776659113,0.6062648719815891,1.7517347302678312,0
1.088633405028058,0.6441707834095816,1.779506968750459,0
1.0927741406403801,0.6824658404162993,1.810965046071109,0
1.0963770614906805,0.6872964747462749,1.8490105069204628,0
1.0990004261971662,0.6737797048764509,1.8830881310487309,0
1.0247862046551286,0.1633903230922773,1.237022592969058,0
1.0216970022256981,0.12933259887127124,1.210010914357945,0
1.0200272748672614,0.08809221923470889,1.197018626328959,0
1.0162179598111185,0.0783203164434807,1.159499000354933,0
1.0126585274767337,0.0445220102226247,1.125704394314883,0
1.0099907677689182,2.220446049250313e-16,1.1,0
1.004985541431121,2.220446049250313e-16,1.05,0
1.0037202384398223,-0.0372059861067225,1.036541042540306,0
0.9999996875,-0.049067674431217706,0.9987954562000729,0
1.0657346557248581,0.36752371487957747,-1.6177352077748557,0
1.0702998206067897,0.3603517851551631,-1.6666859882254128,0
1.0740856648243953,0.39909238726389973,-1.6973627068952504,0
1.0786077513100325,0.3918712067607595,-1.7462913159846025,0
1.0823871984588387,0.43058236603674627,-1.7769062943872242,0
1.0861862978124819,0.46926374110706415,-1.8074088000968143,0
1.0901856127712097,0.5074931588058971,-1.8397788577111465,0
1.0946324667678784,0.5444373455470704,-1.8772248490305645,0
1.0990004261971662,0.533425513494042,-1.9275521319937412,0
1.0619514752179247,0.32871573818604294,-1.587062106724503,0
1.0582265339647299,0.28987602880205043,-1.5563880002167207,0
1.054555810551603,0.25097423121321005,-1.525720328618073,0
1.050947681656348,0.21201022851363666,-1.4949997026729989,0
1.0474047899569545,0.1730463037756324,-1.464162576520311,0
1.0438433575459527,0.1339685037429097,-1.432372386813668,0
1.0390144831608503,0.13912838018174645,-1.383272033175373,0
1.0355821562579035,0.09647632513066864,-1.352409844500705,0
1.0298305723873251,0.09963648513448559,-1.294507111164958,0
1.0275819058673026,0.045307778724191616,-1.275068861232616,0
1.0250100012881949,-3.7948721756622506e-16,-1.25,0
1.0199964981925964,-3.554259446665748e-16,-1.2,0
1.0177173070085865,-0.04268899166512489,-1.176337163535087,0
1.0162179598111185,-0.07832031644348084,-1.159499000354933,0
1.012935533117585,-0.09303786996718248,-1.125473753467015,0
1.008584598086123,-0.10665909930212117,-1.080429989578334,0
1.0095162200092183,-0.07124812390196214,-1.092899391922077,0
1.0043008612490083,-0.125013179573246,-1.035561018515463,0
0.9999996875,-0.14673047483692828,-0.989176509908181,0
1.0291407933145302,0.1542379783840815,1.282167594887338,0
1.0338879174565752,0.1431136157671411,1.331276302514291,0
1.0378658450133262,0.18755384618638238,1.365924926147193,0
1.0426288629750458,0.18030853711686312,1.415042858290683,0
1.046210013467027,0.21922941831972076,1.445862726266407,0
1.0498658892823183,0.2581411923806989,1.476666100659508,0
1.0535764422465992,0.29702235521498377,1.507402150851457,0
1.0573485852016493,0.3358702774328153,1.5380954424125448,0
1.0611767477770482,0.3746944375912993,1.5687806854564728,0
1.065050818249495,0.4134744164963762,1.599475958664353,0
1.0689619652847606,0.4521775981785494,1.630081620742793,0
1.0728996810472056,0.4908311031934578,1.660556767405946,0
1.0773211199963513,0.4835911390248224,1.709509802173529,0
1.0812208116160593,0.5224478890434809,1.7396325597795008,0
1.0852124852907759,0.5608423222240859,1.7706329664453997,0
1.0889299491938538,0.5974646078210559,1.7989015125862058,0
1.0916677784142677,0.6330250176403871,1.8167133472220507,0
1.0954161447086126,0.6487764114902579,1.8523616892636547,0
1.0990004261971662,0.6273634790264135,1.899056361771255,0
1.0258611741754204,0.1274315858901809,1.252124005671904,0
1.0248614670407623,0.09005898609443985,1.245307382624987,0
1.02250314472144,0.04504518356511822,1.2242538135382919,0
1.017717307008586,0.04268899166512474,1.176337163535087,0
1.014998171829088,2.220446049250313e-16,1.15,0
1.012658527476733,-0.044522010222624295,1.125704394314883,0
1.0076893250429475,-0.03794113986174047,1.076057135607035,0
1.0048214516468772,-0.07526093772212968,1.045564283086771,0
0.9999996875,-0.09801714056964259,0.9951847266485508,0
1.0665624163909042,0.3215565346357655,-1.63602157031247,0
1.071171916367415,0.31438987038694177,-1.684974533098074,0
1.0748734276503225,0.35311879154194126,-1.715666618898736,0
1.0794501536359231,0.34583151637307696,-1.7647329237059197,0
1.083144827959678,0.38455640201604524,-1.7953901169059585,0
1.0868914762667023,0.4232389998707695,-1.8261477166214721,0
1.0907287511389747,0.46089391745695973,-1.8578343459949784,0
1.09473269179381,0.49731875304375417,-1.8912626241194852,0
1.0990004261971662,0.48596035853698494,-1.9400625067070925,0
1.0628765225140364,0.2827348787640728,-1.605378193961792,0
1.059246710884102,0.24389021285287715,-1.574695950369547,0
1.0556780489710398,0.20497932559438142,-1.5439550105116622,0
1.0521091332886106,0.16652104826119357,-1.512466978477769,0
1.04864846893815,0.12807480255857245,-1.481355706736923,0
1.0455198181974619,0.08823641268801594,-1.4527678473143768,0
1.0405548023580515,0.09334945314651644,-1.402605880785698,0
1.0376447207165227,0.04855147740473176,-1.375700978922926,0
1.032602403121734,0.05187126222773866,-1.325083796556721,0
1.0299966222936916,-4.035484904658753e-16,-1.3,0
1.0275819058673021,-0.04530777872419238,-1.275068861232616,0
1.0225031447214419,-0.045045183565118364,-1.2242538135382919,0
1.0200272748672612,-0.08809221923470904,-1.197018626328959,0
1.0167765107857767,-0.12557428605446078,-1.161007384923481,0
1.0118744216481261,-0.13892061692745566,-1.110125723683732,0
1.0079658236665616,-0.1484540183781492,-1.069478001292287,0
1.005026931057479,-0.17875432905531255,-1.034882314224999,0
0.9999996875,-0.19509032252401728,-0.9807852803022052,0
1.029830572387326,0.0996364851344862,1.294507111164958,0
1.0275819058673015,0.04530777872419223,1.275068861232616,0
1.0250100012881964,2.220446049250313e-16,1.25,0
1.0199964981925977,2.220446049250313e-16,1.2,0
1.0177173070085865,-0.04268899166512432,1.176337163535087,0
1.0162179598111192,-0.07832031644348028,1.159499000354933,0
1.0129355331175856,-0.09303786996718193,1.125473753467015,0
1.0085845980861234,-0.10665909930212064,1.080429989578334,0
1.009516220009218,-0.07124812390196161,1.092899391922077,0
1.0390144831608494,0.1391283801817471,1.383272033175373,0
1.0438433575459534,0.13396850374291036,1.432372386813668,0
1.047404789956955,0.17304630377563313,1.464162576520311,0
1.050947681656348,0.21201022851363738,1.4949997026729989,0
1.054555810551604,0.25097423121321083,1.525720328618073,0
1.0582265339647294,0.2898760288020512,1.5563880002167207,0
1.061951475217926,0.3287157381860437,1.587062106724503,0
1.0657346557248577,0.36752371487957824,1.6177352077748557,0
1.0695641172114336,0.4062712388417782,1.648397926844745,0
1.0734304078775454,0.44494607475332093,1.679017387721106,0
1.0779111168205864,0.43774403432057274,1.7280059641580738,0
1.0817487225644764,0.4764555166442799,1.7584105664013518,0
1.0856518903922605,0.5150815458796802,1.7891616994758608,0
1.0896129291873098,0.5533480134903668,1.820370353074562,0
1.0939852737819409,0.597764505361017,1.8538753727230886,0
1.0990004261971662,0.5805693529125178,1.9138806719486827,0
1.0355821562579035,0.09647632513066928,1.352409844500705,0
1.00430086124901,-0.1250131795732455,1.035561018515463,0
0.9999996875,-0.14673047483692778,0.989176509908181,0
1.0675302626712941,0.27557550585248103,-1.654329840225027,0
1.0721838859157256,0.268386524175806,-1.7032808422062349,0
1.0757921037714235,0.3071491288546042,-1.7340247508089381,0
1.0804042696771894,0.2999487683962818,-1.7830134130350404,0
1.084020903720124,0.3386296248089178,-1.8137163862411327,0
1.0876527339101827,0.37709690245515404,-1.8442659484441617,0
1.0912640164218108,0.41470166107193385,-1.8742998673352531,0
1.094959464614768,0.4517022244215716,-1.9051230532793946,0
1.0990004261971662,0.438202479008571,-1.9514042603701425,0
1.063940241809078,0.23671806579169352,-1.6236436484415262,0
1.060417930105072,0.1979408375207904,-1.593006883881828,0
1.0569386826777307,0.16001691586498878,-1.562047742327355,0
1.053449170237327,0.12292161373287694,-1.530124103446566,0
1.0502806456820022,0.08370390425982571,-1.500907669817843,0
1.04753130779475,0.04359109009904612,-1.475000000000001,0
1.0425882991651243,0.045487959753648374,-1.4253534333835467,0
1.0399871426172849,-4.516710362651758e-16,-1.4,0
1.0349905822357977,-4.2760976336552557e-16,-1.35,0
1.0326024031217347,-0.05187126222773946,-1.325083796556721,0
1.0298305723873256,-0.09963648513448635,-1.294507111164958,0
1.0248614670407614,-0.09005898609444002,-1.245307382624987,0
1.021697002225699,-0.12933259887127135,-1.210010914357945,0
1.0200519662201928,-0.17171886473413936,-1.1881852256906802,0
1.0152872090963647,-0.17799644833867748,-1.139060617110101,0
1.0105848480223836,-0.1851149194159324,-1.090105394089912,0
1.008510578020876,-0.22010089776117214,-1.0625488624810968,0
1.004334310801369,-0.2265859386866628,-1.018488388592635,0
0.9999996875,-0.24298018056647994,-0.9700312530284172,0
1.0326024031217345,0.0518712622277393,1.325083796556721,0
1.0299966222936918,2.220446049250313e-16,1.3,0
1.0275819058673017,-0.04530777872419177,1.275068861232616,0
1.0225031447214394,-0.04504518356511778,1.2242538135382919,0
1.0200272748672619,-0.08809221923470846,1.197018626328959,0
1.0167765107857754,-0.12557428605446022,1.161007384923481,0
1.011874421648127,-0.1389206169274551,1.110125723683732,0
1.00796582366656,-0.1484540183781487,1.069478001292287,0
1.00502693105748,-0.17875432905531205,1.034882314224999,0
0.9999996875,-0.19509032252401678,0.9807852803022052,0
1.0405548023580522,0.0933494531465171,1.402605880785698,0
1.0376447207165223,0.048551477404732424,1.375700978922926,0
1.045519818197461,0.08823641268801663,1.4527678473143768,0
1.04864846893815,0.12807480255857318,1.481355706736923,0
1.0521091332886112,0.1665210482611943,1.512466978477769,0
1.0556780489710382,0.20497932559438214,1.5439550105116622,0
1.0592467108841024,0.24389021285287793,1.574695950369547,0
1.062876522514036,0.28273487876407355,1.605378193961792,0
1.066562416390904,0.3215565346357663,1.63602157031247,0
1.0702998206067895,0.36035178515516386,1.6666859882254128,0
1.0740856648243955,0.3990923872639005,1.69736270689525,0
1.0786077513100323,0.39187120676076037,1.746291315984602,0
1.0823871984588385,0.43058236603674716,1.7769062943872238,0
1.0861862978124837,0.46926374110706504,1.8074088000968138,0
1.09018561277121,0.507493158805898,1.839778857711146,0
1.094632466767879,0.5444373455470712,1.877224849030564,0
1.0990004261971662,0.5334255134940429,1.9275521319937408,0
1.0686307386751237,0.22952934363430788,-1.6726091660339908,0
1.0733226907873545,0.22236316409567142,-1.721615415768595,0
1.0768429688544496,0.2612371586543669,-1.752319126090208,0
1.0814891527526342,0.2540514458051961,-1.8013182541524269,0
1.085007716064342,0.29279373588153,-1.831969037211615,0
1.0885694516679743,0.3315035453439785,-1.8625521986743323,0
1.091790663253075,0.37042659224067154,-1.8891167372137851,0
1.0952757187748088,0.4041925223339651,-1.9191261706157217,0
1.0990004261971662,0.39018064286380827,-1.9615705610388794,0
1.0651303945032906,0.1906376161256319,-1.6418418561769728,0
1.0618489867882535,0.1527607351834993,-1.612456496121592,0
1.0584282097614914,0.116935973329818,-1.5808759387735807,0
1.0553275721088473,0.0802500301075885,-1.5519292488713878,0
1.0525115702638084,0.04278039884806055,-1.525033915845612,0
1.049955705533475,-2.77748977139445e-16,-1.5,0
1.044975249790826,-4.75732309164826e-16,-1.4499999999999997,0
1.042588299165125,-0.04548795975364922,-1.4253534333835467,0
1.0376447207165223,-0.0485514774047326,-1.375700978922926,0
1.035582156257904,-0.09647632513066944,-1.352409844500705,0
1.0338879174565743,-0.1431136157671413,-1.331276302514291,0
1.0291407933145307,-0.15423797838408163,-1.282167594887338,0
1.024786204655128,-0.16339032309227747,-1.237022592969058,0
1.023667391513915,-0.20947580326456378,-1.218831323605658,0
1.0189825524401084,-0.2166935967577567,-1.169802319917377,0
1.0140987105603088,-0.22191810231964765,-1.119217208372746,0
1.0134541684129112,-0.26891265440161666,-1.102146110577886,0
1.0085754307965187,-0.2690254522775383,-1.051901303151065,0
1.0042191455164917,-0.27894065046113503,-1.004197890929559,0
0.9999996875,-0.2902846780356869,-0.9569403354952272,0
1.025861174175422,-0.12743158589018105,-1.252124005671904,0
1.034990582235798,2.220446049250313e-16,1.35,0
1.0399871426172846,2.220446049250313e-16,1.4,0
1.0425882991651245,0.045487959753649054,1.4253534333835467,0
1.0475313077947506,0.043591090099046825,1.475000000000001,0
1.0502806456820026,0.08370390425982643,1.500907669817843,0
1.053449170237326,0.12292161373287769,1.530124103446566,0
1.0569386826777316,0.16001691586498956,1.562047742327355,0
1.0604179301050716,0.19794083752079117,1.593006883881828,0
1.063940241809078,0.2367180657916943,1.6236436484415262,0
1.0675302626712944,0.2755755058524818,1.654329840225027,0
1.0711719163674154,0.31438987038694255,1.684974533098074,0
1.074873427650323,0.35311879154194203,1.715666618898736,0
1.0794501536359227,0.34583151637307785,1.7647329237059197,0
1.083144827959678,0.38455640201604613,1.795390116905958,0
1.0868914762667023,0.4232389998707704,1.8261477166214717,0
1.0907287511389743,0.4608939174569606,1.857834345994978,0
1.0947326917938107,0.49731875304375506,1.8912626241194848,0
1.0990004261971662,0.4859603585369858,1.940062506707092,0
1.0326024031217347,-0.05187126222773882,1.325083796556721,0
1.0298305723873256,-0.09963648513448574,1.294507111164958,0
1.0248614670407636,-0.09005898609443941,1.245307382624987,0
1.0216970022256986,-0.1293325988712708,1.210010914357945,0
1.0200519662201941,-0.1717188647341388,1.1881852256906802,0
1.0152872090963643,-0.17799644833867692,1.139060617110101,0
1.0105848480223845,-0.1851149194159319,1.090105394089912,0
1.0085105780208747,-0.22010089776117164,1.0625488624810968,0
1.0043343108013683,-0.2265859386866623,1.018488388592635,0
0.9999996875,-0.2429801805664795,0.9700312530284172,0
1.0698712040930523,0.18344090596647283,-1.6908803126025873,0
1.0745995470222338,0.17634814674090943,-1.739949481250468,0
1.078015740185331,0.21524160504089612,-1.7706299738893438,0
1.0826890016288093,0.20811832087116944,-1.819599540244635,0
1.0861202992571841,0.24693433357904815,-1.8501983997101288,0
1.090344670801588,0.28832046710270043,-1.8882684674594497,0
1.0922424813059224,0.33261352463917127,-1.9008681197929178,0
1.095351069789061,0.358379397354349,-1.9289534975949967,0
1.0990004261971662,0.34192377647546823,-1.97055528495923,0
1.0664731132276084,0.1444816360713198,-1.6601735157582207,0
1.0634828545542865,0.10842004750359668,-1.6326138967520785,0
1.060480609832889,0.07418101540416588,-1.6041534622706848,0
1.0574743800545636,0.04020811358870148,-1.5750473763318131,0
1.0549281812109021,-3.018102500390954e-16,-1.5500000000000003,0
1.0525115702638075,-0.04278039884806147,-1.525033915845612,0
1.04753130779475,-0.043591090099047006,-1.475000000000001,0
1.0455198181974612,-0.0882364126880168,-1.4527678473143768,0
1.0405548023580515,-0.09334945314651727,-1.402605880785698,0
1.0390144831608499,-0.13912838018174728,-1.383272033175373,0
1.0378658450133267,-0.18755384618638254,-1.365924926147193,0
1.0329371392808655,-0.19193062216878834,-1.315452553377113,0
1.028247376700994,-0.19967445931444122,-1.2668207874490909,0
1.0274007432519356,-0.2482259534438102,-1.249549437856368,0
1.0227752321047896,-0.25569214394846707,-1.20081514108489,0
1.018120070199604,-0.26269009724273057,-1.151639946060103,0
1.0175591376318285,-0.308436965831899,-1.134335909489621,0
1.0130033273666181,-0.31370862659348225,-1.0856398098607392,0
1.0084840197249947,-0.3191632753664118,-1.0368128704020472,0
1.0041719600737076,-0.3284235297700594,-0.9886217685443469,0
0.9999996875,-0.3368898542958706,-0.9415440648596894,0
1.0376447207165218,-0.04855147740473193,1.375700978922926,0
1.0425882991651256,-0.04548795975364854,1.4253534333835467,0
1.0449752497908256,2.220446049250313e-16,1.4499999999999997,0
1.0499557055334747,4.440892098500626e-16,1.5,0
1.0525115702638073,0.042780398848061285,1.525033915845612,0
1.0553275721088482,0.08025003010758924,1.5519292488713878,0
1.058428209761491,0.11693597332981875,1.5808759387735807,0
1.0618489867882535,0.15276073518350008,1.612456496121592,0
1.0651303945032897,0.19063761612563268,1.6418418561769728,0
1.0686307386751241,0.22952934363430866,1.6726091660339908,0
1.0721838859157244,0.2683865241758068,1.7032808422062349,0
1.0757921037714233,0.3071491288546051,1.7340247508089381,0
1.08040426967719,0.2999487683962827,1.7830134130350404,0
1.0840209037201238,0.33862962480891867,1.8137163862411327,0
1.0876527339101825,0.3770969024551549,1.8442659484441617,0
1.0912640164218106,0.41470166107193474,1.8742998673352527,0
1.0949594646147678,0.4517022244215725,1.9051230532793941,0
1.0990004261971662,0.4382024790085719,1.951404260370142,0
1.0355821562579042,-0.0964763251306688,1.352409844500705,0
1.0338879174565743,-0.14311361576714063,1.331276302514291,0
1.0291407933145318,-0.15423797838408101,1.282167594887338,0
1.0247862046551286,-0.16339032309227686,1.237022592969058,0
1.0236673915139134,-0.20947580326456317,1.218831323605658,0
1.0189825524401088,-0.21669359675775615,1.169802319917377,0
1.0140987105603085,-0.2219181023196471,1.119217208372746,0
1.0134541684129115,-0.2689126544016161,1.102146110577886,0
1.00857543079652,-0.26902545227753777,1.051901303151065,0
1.0042191455164897,-0.2789406504611346,1.004197890929559,0
0.9999996875,-0.29028467803568647,0.9569403354952272,0
1.0258611741754196,-0.12743158589018044,1.252124005671904,0
1.0712387344278937,0.1373372338098771,-1.7092507103059824,0
1.076101455223543,0.13005416236622175,-1.7593661893864032,0
1.07932039548957,0.16927364070638107,-1.7889718720245857,0
1.0840228464818142,0.1621490675829853,-1.837947665295526,0
1.0872227711086024,0.20004092410567043,-1.8672936272969487,0
1.0907812684490297,0.23713906610812097,-1.8999617037780747,0
1.0949541840567845,0.2642026521989158,-1.93992705931324,0
1.0949034375081155,0.3109393255730093,-1.9324841119494491,0
1.0990004261971662,0.29346094804526446,-1.978353020057941,0
1.0681407746659701,0.09900746682428715,-1.680355808766392,0
1.0654827881694886,0.06513943335730685,-1.655127595563618,0
1.0624631264403488,0.03553674009030561,-1.6254834332807477,0
1.0598950568424068,-3.2587152293874553e-16,-1.6,0
1.0574743800545638,-0.040208113588702445,-1.5750473763318131,0
1.0553275721088475,-0.08025003010758944,-1.5519292488713878,0
1.0502806456820024,-0.08370390425982661,-1.500907669817843,0
1.0486484689381503,-0.12807480255857337,-1.481355706736923,0
1.0438433575459536,-0.1339685037429105,-1.432372386813668,0
1.0426288629750453,-0.1803085371168633,-1.415042858290683,0
1.0414877468078783,-0.226462760447891,-1.3967556434549313,0
1.0367689309765602,-0.2337078337063405,-1.347657995702593,0
1.0320715641847433,-0.2409704972819501,-1.2985876924889,0
1.0312105268339116,-0.2870510277159113,-1.280334932435385,0
1.0266445833622877,-0.2945843449848361,-1.231677909434284,0
1.0221152056322302,-0.3019187746551887,-1.183185460292307,0
1.0216705276975164,-0.34784616906804755,-1.1659184707108032,0
1.0172279547910856,-0.3549575354954195,-1.1172133050891293,0
1.012837612802681,-0.3622217799782452,-1.0686406496426593,0
1.0084053849244266,-0.3680458222700123,-1.0196738491723591,0
1.0041686248929773,-0.3754615323548295,-0.9716515897092132,0
0.9999996875,-0.38268343336843447,-0.9238795320956877,0
1.0405548023580509,-0.0933494531465166,1.402605880785698,0
1.0455198181974612,-0.0882364126880161,1.4527678473143768,0
1.0475313077947497,-0.0435910900990463,1.475000000000001,0
1.0525115702638081,-0.04278039884806074,1.525033915845612,0
1.0549281812109021,4.440892098500626e-16,1.5500000000000003,0
1.0574743800545632,0.04020811358870224,1.5750473763318131,0
1.0604806098328892,0.07418101540416666,1.6041534622706848,0
1.0634828545542856,0.10842004750359746,1.6326138967520785,0
1.0664731132276086,0.14448163607132058,1.6601735157582207,0
1.0698712040930518,0.18344090596647367,1.6908803126025873,0
1.0733226907873556,0.22236316409567225,1.721615415768595,0
1.0768429688544496,0.2612371586543678,1.752319126090208,0
1.0814891527526336,0.254051445805197,1.8013182541524269,0
1.0850077160643419,0.2927937358815309,1.831969037211615,0
1.0885694516679734,0.3315035453439794,1.8625521986743323,0
1.0917906632530763,0.3704265922406724,1.8891167372137851,0
1.0952757187748068,0.40419252233396596,1.9191261706157212,0
1.0990004261971662,0.39018064286380927,1.961570561038879,0
1.0390144831608508,-0.1391283801817466,1.383272033175373,0
1.0378658450133265,-0.18755384618638188,1.365924926147193,0
1.032937139280865,-0.19193062216878773,1.315452553377113,0
1.0282473767009932,-0.1996744593144406,1.2668207874490909,0
1.0274007432519372,-0.2482259534438096,1.249549437856368,0
1.0227752321047896,-0.2556921439484665,1.20081514108489,0
1.0181200701996036,-0.26269009724273,1.151639946060103,0
1.017559137631828,-0.30843696583189845,1.134335909489621,0
1.0130033273666161,-0.3137086265934817,1.0856398098607392,0
1.0084840197249942,-0.31916327536641137,1.0368128704020472,0
1.0041719600737076,-0.32842352977005895,0.9886217685443471,0
0.9999996875,-0.33688985429587015,0.9415440648596897,0
1.0732712327486504,0.08446628922661864,-1.7333463122847295,0
1.0779842687336478,0.09225907196800812,-1.7808935971466178,0
1.0807550288964276,0.12400935585313547,-1.8074161377337727,0
1.0855133787958438,0.11832672542766698,-1.8566382578642138,0
1.088544004520929,0.15455984204448692,-1.885264390806146,0
1.0914510632961907,0.18668005450213182,-1.912482003698244,0
1.0950388795865675,0.21696083777936143,-1.9466861376540276,0
1.0990004261971662,0.244821349716056,-1.9849590692815833,0
1.0695509187546492,0.051981915313274854,-1.6968314955187132,0
1.0666853313705802,0.029988870108708626,-1.6682265892867811,0
1.0648518340013007,-3.499327958383958e-16,-1.65,0
1.0624631264403488,-0.03553674009030658,-1.6254834332807477,0
1.0604806098328887,-0.07418101540416687,-1.6041534622706848,0
1.0584282097614919,-0.11693597332981893,-1.5808759387735807,0
1.0534491702373265,-0.12292161373287788,-1.530124103446566,0
1.0521091332886112,-0.16652104826119446,-1.512466978477769,0
1.047404789956954,-0.17304630377563332,-1.464162576520311,0
1.0462100134670282,-0.21922941831972095,-1.445862726266407,0
1.0451773935196578,-0.2653619377813314,-1.427575947573089,0
1.0405033499363545,-0.2725948296956932,-1.3784788153751388,0
1.035852946939059,-0.27983033267682406,-1.329394721754459,0
1.0351017087923342,-0.32593760893702295,-1.3111714858139034,0
1.030575453351152,-0.3333668210357331,-1.2624620533703903,0
1.0261022766071601,-0.3408518767713714,-1.214071734541909,0
1.0257221410099844,-0.3866367463329262,-1.196216777394312,0
1.0213417467280013,-0.39359265178888586,-1.1477751322528322,0
1.016986328894188,-0.4007424435001527,-1.0990421277971383,0
1.012693070952241,-0.40801797593576,-1.0504493620355853,0
1.0084432432744568,-0.4149868402147686,-1.001866854700305,0
1.004184445170061,-0.42160120269297774,-0.9527773036306831,0
0.9999996875,-0.4275550943054308,-0.9039892927095289,0
1.043843357545954,-0.13396850374290983,1.432372386813668,0
1.042628862975045,-0.18030853711686262,1.415042858290683,0
1.0414877468078783,-0.22646276044789032,1.3967556434549313,0
1.0367689309765609,-0.23370783370633982,1.347657995702593,0
1.0320715641847433,-0.2409704972819495,1.2985876924889,0
1.0312105268339102,-0.2870510277159106,1.280334932435385,0
1.026644583362286,-0.29458434498483554,1.231677909434284,0
1.022115205632231,-0.3019187746551881,1.183185460292307,0
1.0216705276975144,-0.347846169068047,1.1659184707108032,0
1.0172279547910872,-0.3549575354954189,1.1172133050891293,0
1.0128376128026813,-0.3622217799782446,1.0686406496426593,0
1.0084053849244263,-0.36804582227001187,1.0196738491723591,0
1.0041686248929762,-0.37546153235482904,0.9716515897092134,0
0.9999996875,-0.382683433368434,0.923879532095688,0
1.0486484689381508,-0.12807480255857265,1.481355706736923,0
1.0502806456820022,-0.08370390425982589,1.500907669817843,0
1.0553275721088478,-0.08025003010758869,1.5519292488713878,0
1.0574743800545634,-0.04020811358870168,1.5750473763318131,0
1.059895056842407,4.440892098500626e-16,1.6,0
1.0624631264403477,0.035536740090306385,1.6254834332807477,0
1.0654827881694893,0.06513943335730765,1.655127595563618,0
1.0681407746659695,0.09900746682428796,1.680355808766392,0
1.071238734427893,0.13733723380987795,1.7092507103059824,0
1.0745995470222334,0.17634814674091026,1.739949481250468,0
1.0780157401853294,0.21524160504089696,1.7706299738893438,0
1.08268900162881,0.20811832087117033,1.819599540244635,0
1.0861202992571832,0.24693433357904904,1.8501983997101288,0
1.090344670801589,0.2883204671027013,1.8882684674594497,0
1.0922424813059206,0.33261352463917215,1.9008681197929178,0
1.0953510697890616,0.35837939735434987,1.9289534975949967,0
1.0990004261971662,0.34192377647546923,1.97055528495923,0
1.0773744261594416,0.04597447647800215,-1.7765698464807682,0
1.0732629023857685,0.03764029347432368,-1.73480509929066,0
1.0697822144232725,-3.7399406873804604e-16,-1.7,0
1.06668533137058,-0.029988870108709636,-1.6682265892867811,0
1.0654827881694882,-0.06513943335730786,-1.655127595563618,0
1.063482854554286,-0.10842004750359766,-1.6326138967520785,0
1.0618489867882532,-0.15276073518350028,-1.612456496121592,0
1.0569386826777305,-0.16001691586498978,-1.562047742327355,0
1.055678048971039,-0.2049793255943823,-1.5439550105116622,0
1.050947681656348,-0.21201022851363757,-1.4949997026729989,0
1.0498658892823176,-0.258141192380699,-1.476666100659508,0
1.0489397779942682,-0.3042270603573753,-1.458388756466627,0
1.0443152966200449,-0.3114415387090043,-1.4093463981583103,0
1.0396902460589406,-0.3186905432063473,-1.3601958706981223,0
1.0390633288065125,-0.36474329295742697,-1.3420197378988001,0
1.034541380513314,-0.3720098234345868,-1.2929820038783402,0
1.0301122666413387,-0.37941260423677237,-1.244579455981317,0
1.0298266634778985,-0.4252794204484168,-1.2266405731933703,0
1.0254965164531566,-0.43231871022101875,-1.1781463760709103,0
1.0212050814658433,-0.43935936165323136,-1.1295773861480762,0
1.0169469420216075,-0.446528304357973,-1.0808417087652382,0
1.0127266624019782,-0.453750326671212,-1.0319088098025382,0
1.0084510820873853,-0.4615420620437508,-0.9813884521041307,0
1.0041513683174697,-0.4678329115627794,-0.9305459785467523,0
0.9999996875,-0.4713967375487834,-0.8819212639620181,0
1.0824870774310427,0.07679107591606238,-1.8277694998474183,0
1.0873047089310943,0.08555817925492645,-1.876816303509594,0
1.0900732072069605,0.11251150993909495,-1.9040053333338343,0
1.092010453994885,0.1453451031873198,-1.9218622004639243,0
1.0952084145103853,0.16883687731132152,-1.953263734074862,0
1.0990004261971662,0.19603428015147445,-1.990369453394393,0
1.047404789956954,-0.1730463037756326,1.464162576520311,0
1.0521091332886103,-0.16652104826119374,1.512466978477769,0
1.0534491702373263,-0.12292161373287713,1.530124103446566,0
1.0584282097614912,-0.11693597332981819,1.5808759387735807,0
1.0604806098328892,-0.07418101540416609,1.6041534622706848,0
1.0624631264403483,-0.0355367400903058,1.6254834332807477,0
1.0648518340013011,4.440892098500626e-16,1.65,0
1.0666853313705797,0.02998887010870943,1.6682265892867811,0
1.069550918754649,0.05198191531327567,1.6968314955187132,0
1.0732712327486502,0.08446628922661947,1.7333463122847295,0
1.0761014552235435,0.13005416236622258,1.7593661893864032,0
1.0793203954895696,0.16927364070638196,1.7889718720245857,0
1.0840228464818136,0.1621490675829862,1.837947665295526,0
1.0872227711086013,0.20004092410567131,1.8672936272969487,0
1.090781268449029,0.23713906610812185,1.8999617037780747,0
1.0949541840567822,0.2642026521989167,1.93992705931324,0
1.0949034375081153,0.3109393255730102,1.9324841119494491,0
1.0990004261971662,0.29346094804526546,1.978353020057941,0
1.0462100134670285,-0.21922941831972023,1.445862726266407,0
1.0451773935196582,-0.2653619377813307,1.427575947573089,0
1.0405033499363525,-0.27259482969569254,1.3784788153751388,0
1.03585294693906,-0.2798303326768234,1.329394721754459,0
1.0351017087923338,-0.3259376089370223,1.3111714858139034,0
1.0305754533511533,-0.33336682103573256,1.2624620533703903,0
1.0261022766071606,-0.34085187677137085,1.214071734541909,0
1.0257221410099862,-0.38663674633292566,1.196216777394312,0
1.0213417467280006,-0.3935926517888853,1.1477751322528322,0
1.0169863288941867,-0.40074244350015215,1.0990421277971383,0
1.012693070952241,-0.40801797593575945,1.0504493620355853,0
1.0084432432744568,-0.41498684021476817,1.001866854700305,0
1.004184445170061,-0.4216012026929773,0.9527773036306834,0
0.9999996875,-0.42755509430543037,0.9039892927095291,0
1.0821833883390164,0.03321336451665703,-1.825867869265637,0
1.0869798168758655,0.04330127018922124,-1.8749999999999987,0
1.0912771632300609,0.07732185336542982,-1.9182327217011752,0
1.0946899985155967,0.117588385052314,-1.9516064454522202,0
1.0990004261971662,0.1471291268716512,-1.9945809133815517,0
1.0796137814967943,-4.2211661453734645e-16,-1.7999999999999998,0
1.0747101061090454,-3.980553416376964e-16,-1.7500000000000002,0
1.073262902385768,-0.037640293474324724,-1.73480509929066,0
1.0695509187546492,-0.05198191531327588,-1.6968314955187132,0
1.0681407746659701,-0.09900746682428817,-1.680355808766392,0
1.0664731132276086,-0.14448163607132078,-1.6601735157582207,0
1.0651303945032897,-0.19063761612563287,-1.6418418561769728,0
1.0604179301050722,-0.19794083752079136,-1.593006883881828,0
1.0592467108841015,-0.24389021285287815,-1.574695950369547,0
1.0545558105516035,-0.25097423121321105,-1.525720328618073,0
1.0535764422465992,-0.297022355214984,-1.507402150851457,0
1.0527615031783435,-0.3430488879727104,-1.489147238508587,0
1.0481777517363025,-0.35024547450578897,-1.440166094838575,0
1.0436189191360687,-0.35749510515074506,-1.3911859266070872,0
1.0430780530154324,-0.40345861949465606,-1.372927970335845,0
1.0385692261320691,-0.4107349083677036,-1.3235299389249993,0
1.0341814901489066,-0.418015161239343,-1.2750544577923812,0
1.0340161233117995,-0.4638327627957054,-1.2573541431005453,0
1.0297228558361544,-0.4708985323807485,-1.2087065395314422,0
1.0254756306527486,-0.4779611612252263,-1.16010884323164,0
1.0212667148883283,-0.48508230693625215,-1.1114046269006421,0
1.017118073812105,-0.4922185747921503,-1.0626625393001552,0
1.012966459665761,-0.4997707221212973,-1.0131041598173953,0
1.0084955639006299,-0.5078971467827026,-0.9587496398174936,0
1.0042159618198392,-0.5137011943355826,-0.9068094239343711,0
0.9999996875,-0.5141027447316917,-0.8577286096775256,0
1.0509476816563486,-0.21201022851363685,1.4949997026729989,0
1.0556780489710396,-0.2049793255943816,1.5439550105116622,0
1.0569386826777318,-0.160016915864989,1.562047742327355,0
1.0618489867882535,-0.1527607351834995,1.612456496121592,0
1.063482854554286,-0.10842004750359688,1.6326138967520785,0
1.0654827881694884,-0.06513943335730706,1.655127595563618,0
1.0666853313705797,-0.02998887010870883,1.6682265892867811,0
1.069782214423272,4.440892098500626e-16,1.7,0
1.073262902385768,0.037640293474324515,1.73480509929066,0
1.0773744261594418,0.04597447647800301,1.7765698464807682,0
1.0779842687336465,0.09225907196800898,1.7808935971466178,0
1.0807550288964265,0.12400935585313633,1.8074161377337727,0
1.085513378795844,0.11832672542766787,1.8566382578642138,0
1.0885440045209278,0.1545598420444878,1.885264390806146,0
1.0914510632961902,0.18668005450213276,1.912482003698244,0
1.0950388795865669,0.21696083777936237,1.9466861376540276,0
1.0990004261971662,0.24482134971605696,1.9849590692815833,0
1.0498658892823174,-0.2581411923806983,1.476666100659508,0
1.0489397779942675,-0.3042270603573746,1.458388756466627,0
1.0443152966200464,-0.31144153870900365,1.4093463981583103,0
1.0396902460589412,-0.31869054320634665,1.3601958706981223,0
1.039063328806512,-0.3647432929574263,1.3420197378988001,0
1.0345413805133141,-0.3720098234345861,1.2929820038783402,0
1.0301122666413356,-0.3794126042367718,1.244579455981317,0
1.0298266634778985,-0.42527942044841627,1.2266405731933703,0
1.0254965164531558,-0.4323187102210182,1.1781463760709103,0
1.0212050814658435,-0.4393593616532308,1.1295773861480762,0
1.0169469420216077,-0.44652830435797247,1.0808417087652382,0
1.0127266624019768,-0.45375032667121157,1.0319088098025382,0
1.0084510820873864,-0.46154206204375037,0.981388452104131,0
1.004151368317468,-0.46783291156277895,0.9305459785467525,0
0.9999996875,-0.471396737548783,0.8819212639620183,0
1.0844976699255453,-4.461778874369969e-16,-1.8500000000000003,0
1.08935915434326,-4.702391603366471e-16,-1.9000000000000001,0
1.092137982560583,0.037553985915335056,-1.928261180649688,0
1.095244243397666,0.07007625196366413,-1.9596774076060508,0
1.0990004261971662,0.09813534843591812,-1.9975909124210998,0
1.0773744261594413,-0.045974476478003234,-1.7765698464807682,0
1.0732712327486507,-0.08446628922661968,-1.7333463122847295,0
1.0712387344278924,-0.13733723380987817,-1.7092507103059824,0
1.0698712040930523,-0.1834409059664739,-1.6908803126025873,0
1.0686307386751235,-0.22952934363430882,-1.6726091660339908,0
1.0639402418090782,-0.2367180657916945,-1.6236436484415262,0
1.0628765225140357,-0.28273487876407377,-1.605378193961792,0
1.0582265339647303,-0.28987602880205143,-1.5563880002167207,0
1.0573485852016489,-0.3358702774328155,-1.538095442412545,0
1.0566286436354897,-0.3818470441582402,-1.519856723120797,0
1.0520962953206763,-0.3890181613194682,-1.4709227542214822,0
1.047587434967452,-0.39624209352543,-1.4220054950693592,0
1.0471539255770932,-0.44215049307674276,-1.4038711475725771,0
1.0427391934764556,-0.4493858238898895,-1.354955575942247,0
1.0383702511011625,-0.4566925259191863,-1.3062533764974122,0
1.038251421486423,-0.5023621380309773,-1.2880914710239872,0
1.0339923600104903,-0.5094748583675279,-1.2393250274103271,0
1.0297794397447264,-0.5164565675553587,-1.190623776248984,0
1.0256277707815087,-0.5236219767656427,-1.1419135844831623,0
1.021510686917043,-0.5305982052874259,-1.093119389235089,0
1.017482708642914,-0.5379745258904919,-1.0443954244305542,0
1.0132723690133973,-0.5454051006855597,-0.9927589581188689,0
1.0086673461135962,-0.5517769301698235,-0.9361280574853371,0
1.0049095365949867,-0.562862935672958,-0.8854187084023333,0
0.9999996875,-0.5555702334510615,-0.8314696120142536,0
1.0821833883390166,-0.03321336451665813,-1.825867869265637,0
1.0545558105516029,-0.2509742312132103,1.525720328618073,0
1.0535764422466005,-0.2970223552149832,1.507402150851457,0
1.0527615031783442,-0.3430488879727097,1.489147238508587,0
1.0481777517363022,-0.3502454745057883,1.440166094838575,0
1.043618919136068,-0.3574951051507444,1.3911859266070872,0
1.0430780530154338,-0.4034586194946554,1.372927970335845,0
1.0385692261320687,-0.41073490836770293,1.3235299389249993,0
1.0341814901489086,-0.41801516123934235,1.2750544577923812,0
1.0340161233117977,-0.46383276279570484,1.2573541431005453,0
1.0297228558361546,-0.47089853238074797,1.2087065395314422,0
1.025475630652749,-0.47796116122522575,1.16010884323164,0
1.0212667148883272,-0.4850823069362516,1.1114046269006421,0
1.017118073812105,-0.49221857479214975,1.0626625393001552,0
1.0129664596657617,-0.49977072212129686,1.0131041598173953,0
1.008495563900629,-0.5078971467827021,0.9587496398174938,0
1.0042159618198407,-0.5137011943355821,0.9068094239343714,0
0.9999996875,-0.5141027447316913,0.8577286096775258,0
1.0592467108841028,-0.24389021285287737,1.574695950369547,0
1.0604179301050702,-0.19794083752079059,1.593006883881828,0
1.0651303945032902,-0.1906376161256321,1.6418418561769728,0
1.066473113227608,-0.14448163607132,1.6601735157582207,0
1.0681407746659697,-0.09900746682428736,1.680355808766392,0
1.0695509187546492,-0.05198191531327506,1.6968314955187132,0
1.0732629023857687,-0.03764029347432389,1.73480509929066,0
1.0747101061090452,4.440892098500626e-16,1.7500000000000002,0
1.0796137814967939,4.440892098500626e-16,1.7999999999999998,0
1.082183388339016,0.033213364516657906,1.825867869265637,0
1.0824870774310424,0.07679107591606327,1.8277694998474183,0
1.0873047089310928,0.08555817925492737,1.876816303509594,0
1.09007320720696,0.11251150993909587,1.9040053333338343,0
1.092010453994885,0.14534510318732075,1.9218622004639243,0
1.095208414510383,0.16883687731132246,1.953263734074862,0
1.0990004261971662,0.1960342801514754,1.990369453394393,0
1.0869798168758653,-0.04330127018922237,-1.8749999999999987,0
1.0824870774310424,-0.0767910759160635,-1.8277694998474183,0
1.0779842687336478,-0.0922590719680092,-1.7808935971466178,0
1.0761014552235428,-0.13005416236622278,-1.7593661893864032,0
1.074599547022234,-0.17634814674091048,-1.739949481250468,0
1.0733226907873548,-0.22236316409567247,-1.721615415768595,0
1.0721838859157247,-0.26838652417580694,-1.7032808422062349,0
1.0675302626712946,-0.275575505852482,-1.654329840225027,0
1.066562416390903,-0.32155653463576644,-1.6360215703124703,0
1.0619514752179253,-0.32871573818604394,-1.5870621067245032,0
1.0611767477770482,-0.3746944375912995,-1.568780685456473,0
1.060544501920405,-0.42060639106817477,-1.5505070239229581,0
1.0560595582633838,-0.4277704117103889,-1.501594527869645,0
1.0515916733481023,-0.4349346948827674,-1.4527104669804691,0
1.0512479244412911,-0.4808141896676554,-1.434518849868267,0
1.0468812091671587,-0.4879862440859432,-1.385711011541831,0
1.0425485715940666,-0.49519113737046044,-1.336910852842581,0
1.0425187137012766,-0.5409604740435414,-1.3187041651600198,0
1.038299351877991,-0.548000609435132,-1.2698873600378848,0
1.0341158893071425,-0.5549153801891833,-1.2209649577838948,0
1.0299928790835855,-0.5618783883164293,-1.1722197755310897,0
1.0259361924396693,-0.5688032766987923,-1.1235534294985559,0
1.0219408917258368,-0.5760366303895524,-1.0747444034304328,0
1.0179378590283745,-0.5832219715065895,-1.0250348469647779,0
1.013832661263153,-0.5901000355418006,-0.9734586599499814,0
1.0102126437827894,-0.5967194625730228,-0.9265112606822699,0
1.0077648784706603,-0.609270641144163,-0.888823818325066,0
1.004105186577075,-0.6024251021860324,-0.8491017720403066,0
0.9999996875,-0.5956993047980853,-0.803207531253958,0
1.0941900340129553,-4.943004332362972e-16,-1.95,0
1.095598108200349,0.03508607853653872,-1.9642212497895688,0
1.0990004261971662,0.049082456912150116,-1.99939763739569,0
1.0921379825605833,-0.03755398591533622,-1.928261180649688,0
1.0582265339647294,-0.28987602880205066,1.5563880002167207,0
1.0573485852016482,-0.3358702774328147,1.538095442412545,0
1.0566286436354893,-0.38184704415823945,1.519856723120797,0
1.0520962953206756,-0.38901816131946754,1.4709227542214822,0
1.0475874349674528,-0.39624209352542933,1.4220054950693592,0
1.0471539255770912,-0.4421504930767421,1.4038711475725771,0
1.0427391934764563,-0.44938582388988885,1.354955575942247,0
1.0383702511011619,-0.45669252591918563,1.3062533764974122,0
1.0382514214864245,-0.5023621380309766,1.2880914710239872,0
1.0339923600104908,-0.5094748583675273,1.2393250274103271,0
1.0297794397447253,-0.5164565675553581,1.190623776248984,0
1.0256277707815094,-0.5236219767656423,1.1419135844831623,0
1.0215106869170425,-0.5305982052874254,1.093119389235089,0
1.0174827086429135,-0.5379745258904914,1.0443954244305542,0
1.0132723690133976,-0.5454051006855593,0.9927589581188692,0
1.0086673461135964,-0.5517769301698231,0.9361280574853373,0
1.0049095365949858,-0.5628629356729575,0.8854187084023335,0
0.9999996875,-0.555570233451061,0.8314696120142538,0
1.0628765225140357,-0.282734878764073,1.605378193961792,0
1.0639402418090784,-0.23671806579169372,1.6236436484415262,0
1.0686307386751233,-0.22952934363430805,1.6726091660339908,0
1.0698712040930523,-0.18344090596647306,1.6908803126025873,0
1.0712387344278935,-0.13733723380987733,1.7092507103059824,0
1.0732712327486493,-0.08446628922661885,1.7333463122847295,0
1.0773744261594413,-0.045974476478002374,1.7765698464807682,0
1.0821833883390168,-0.033213364516657254,1.825867869265637,0
1.0844976699255455,4.440892098500626e-16,1.8500000000000003,0
1.0869798168758653,0.04330127018922214,1.8749999999999987,0
1.0912771632300613,0.07732185336543074,1.9182327217011752,0
1.0946899985155951,0.11758838505231495,1.9516064454522202,0
1.0990004261971662,0.14712912687165214,1.9945809133815517,0
1.0873047089310928,-0.0855581792549276,-1.876816303509594,0
1.0912771632300606,-0.07732185336543096,-1.9182327217011752,0
1.0952442433976652,-0.0700762519636653,-1.9596774076060508,0
1.0955981082003476,-0.0350860785365399,-1.9642212497895688,0
1.0990004261971662,-5.183617061359476e-16,-2.0,0
1.0807550288964265,-0.12400935585313654,-1.8074161377337727,0
1.0855133787958444,-0.11832672542766809,-1.8566382578642138,0
1.0793203954895705,-0.1692736407063822,-1.7889718720245857,0
1.0780157401853296,-0.21524160504089715,-1.7706299738893438,0
1.07684296885445,-0.2612371586543681,-1.752319126090208,0
1.0757921037714226,-0.3071491288546054,-1.7340247508089381,0
1.0711719163674156,-0.3143898703869427,-1.6849745330980743,0
1.0702998206067893,-0.36035178515516403,-1.666685988225413,0
1.0657346557248586,-0.36752371487957847,-1.617735207774856,0
1.0650508182494944,-0.4134744164963764,-1.5994759586643532,0
1.0645069687281337,-0.45935407468174594,-1.5811556519968581,0
1.060055041531144,-0.4664979617709988,-1.532178596429625,0
1.0556394203166677,-0.47364393902601065,-1.483337559407126,0
1.055377815179986,-0.5194966514366276,-1.4651228610774731,0
1.051060015620049,-0.5266645463085134,-1.4163189620861563,0
1.0467732750360457,-0.5338238125609349,-1.3675109742324743,0
1.0468213708524936,-0.5794975307215884,-1.3493514221344458,0
1.0426460001861446,-0.5866113877317998,-1.3004422055586018,0
1.038495616286626,-0.593509912261829,-1.2514551744481708,0
1.0344084477913422,-0.6003896438029142,-1.2025871732685858,0
1.030368537264414,-0.6072315446350107,-1.1536334045363275,0
1.0264376933767414,-0.6144161180048069,-1.1050348978716238,0
1.0225074786852855,-0.6215807479295329,-1.0556809766282138,0
1.0186130613909647,-0.6284573073799119,-1.0059047240256815,0
1.0148821155590009,-0.6355951571603499,-0.9569884918183371,0
1.0114651050122612,-0.6434724295602686,-0.910234284142092,0
1.0079557260064966,-0.6464138720581947,-0.864628456048897,0
1.0040130166357744,-0.6399643707553332,-0.8199934384707416,0
0.9999996875,-0.6343932843209605,-0.773010453233632,0
1.061951475217926,-0.32871573818604316,1.5870621067245032,0
1.0611767477770484,-0.3746944375912987,1.568780685456473,0
1.0605445019204047,-0.420606391068174,1.5505070239229581,0
1.0560595582633847,-0.4277704117103881,1.501594527869645,0
1.0515916733481028,-0.43493469488276676,1.4527104669804691,0
1.0512479244412927,-0.4808141896676547,1.434518849868267,0
1.0468812091671587,-0.48798624408594254,1.385711011541831,0
1.042548571594066,-0.4951911373704598,1.336910852842581,0
1.0425187137012757,-0.5409604740435408,1.3187041651600202,0
1.0382993518779897,-0.5480006094351313,1.2698873600378853,0
1.0341158893071427,-0.5549153801891826,1.2209649577838952,0
1.0299928790835857,-0.5618783883164287,1.1722197755310901,0
1.0259361924396684,-0.5688032766987918,1.1235534294985563,0
1.0219408917258368,-0.576036630389552,1.0747444034304332,0
1.0179378590283745,-0.583221971506589,1.0250348469647783,0
1.0138326612631527,-0.5901000355418001,0.9734586599499816,0
1.01021264378279,-0.5967194625730223,0.9265112606822701,0
1.0077648784706614,-0.6092706411441625,0.8888238183250662,0
1.0041051865770758,-0.602425102186032,0.8491017720403068,0
0.9999996875,-0.5956993047980849,0.8032075312539583,0
1.0665624163909035,-0.32155653463576567,1.6360215703124703,0
1.067530262671294,-0.2755755058524812,1.654329840225027,0
1.0721838859157253,-0.26838652417580616,1.7032808422062349,0
1.0733226907873554,-0.22236316409567164,1.721615415768595,0
1.0745995470222327,-0.17634814674090965,1.739949481250468,0
1.0761014552235428,-0.13005416236622194,1.7593661893864032,0
1.077984268733648,-0.09225907196800834,1.7808935971466178,0
1.0824870774310422,-0.07679107591606261,1.8277694998474183,0
1.086979816875865,-0.04330127018922147,1.8749999999999987,0
1.08935915434326,4.440892098500626e-16,1.9000000000000001,0
1.0921379825605821,0.037553985915335986,1.928261180649688,0
1.0952442433976664,0.07007625196366507,1.9596774076060508,0
1.0990004261971662,0.09813534843591909,1.9975909124210998,0
1.09007320720696,-0.1125115099390961,-1.9040053333338343,0
1.088544004520928,-0.15455984204448803,-1.885264390806146,0
1.0840228464818136,-0.16214906758298642,-1.837947665295526,0
1.082689001628809,-0.20811832087117055,-1.819599540244635,0
1.0814891527526338,-0.25405144580519723,-1.8013182541524269,0
1.0804042696771892,-0.2999487683962829,-1.7830134130350404,0
1.0794501536359233,-0.34583151637307813,-1.76473292370592,0
1.0748734276503225,-0.3531187915419422,-1.7156666188987362,0
1.074085664824395,-0.39909238726390067,-1.6973627068952502,0
1.0695641172114336,-0.40627123884177835,-1.6483979268447453,0
1.0689619652847604,-0.4521775981785496,-1.6300816207427933,0
1.068485954225456,-0.49808885295392913,-1.6116046261293142,0
1.0640967892618467,-0.5052166796183272,-1.5627636591291223,0
1.0597247716947036,-0.5123478992267804,-1.5139186190521612,0
1.0595437409071602,-0.5581773160330769,-1.4957010917114448,0
1.055274531139884,-0.5653297100242304,-1.4469192155108095,0
1.0510338606579173,-0.5724530245671205,-1.3981753524001068,0
1.051164342931484,-0.6180801027467782,-1.3800047173256658,0
1.0470148608834513,-0.6250597025248632,-1.3309994190427197,0
1.0429160800133535,-0.632083325441801,-1.2819741079706175,0
1.0388633701351178,-0.6390321440222393,-1.2329549199999386,0
1.0348707399786141,-0.6459818153175609,-1.1839693460500358,0
1.0309623442370823,-0.6530157385484696,-1.1352268274397048,0
1.0271163573759727,-0.6601103463079512,-1.0862786488067349,0
1.0233194779486665,-0.6672421139883852,-1.0370883386700327,0
1.0195956919680649,-0.6743661377210697,-0.9876834621372894,0
1.0159920536185447,-0.6817563194080365,-0.9383748880661855,0
1.0122440895061222,-0.6932460691234077,-0.8828824922109071,0
1.0077217738903115,-0.6756352263716856,-0.8388327235588684,0
1.004615685185653,-0.6823007305662931,-0.7932012235640864,0
0.9999996875,-0.6715589548890094,-0.7409511253169008,0
1.0946899985155958,-0.1175883850523152,-1.9516064454522202,0
1.0990004261971662,-0.09813534843591934,-1.9975909124210998,0
1.0990004261971662,-0.049082456912151316,-1.99939763739569,0
1.0657346557248577,-0.3675237148795777,1.617735207774856,0
1.0702998206067904,-0.36035178515516325,1.666685988225413,0
1.0711719163674154,-0.31438987038694194,1.6849745330980743,0
1.0757921037714235,-0.3071491288546045,1.7340247508089381,0
1.076842968854449,-0.2612371586543672,1.752319126090208,0
1.0780157401853299,-0.21524160504089632,1.7706299738893438,0
1.0793203954895705,-0.16927364070638132,1.7889718720245857,0
1.080755028896426,-0.12400935585313567,1.8074161377337727,0
1.0855133787958446,-0.1183267254276672,1.8566382578642138,0
1.0873047089310934,-0.08555817925492669,1.876816303509594,0
1.0912771632300617,-0.07732185336543004,1.9182327217011752,0
1.092137982560582,-0.03755398591533529,1.928261180649688,0
1.0941900340129567,4.440892098500626e-16,1.95,0
1.0955981082003483,0.03508607853653967,1.9642212497895688,0
1.0990004261971662,0.04908245691215107,1.99939763739569,0
1.0650508182494953,-0.4134744164963756,1.5994759586643532,0
1.0645069687281328,-0.45935407468174516,1.5811556519968581,0
1.0600550415311452,-0.466497961770998,1.532178596429625,0
1.0556394203166657,-0.47364393902601,1.483337559407126,0
1.0553778151799864,-0.5194966514366269,1.4651228610774731,0
1.0510600156200478,-0.5266645463085128,1.4163189620861563,0
1.0467732750360461,-0.5338238125609343,1.3675109742324743,0
1.0468213708524934,-0.5794975307215877,1.3493514221344463,0
1.0426460001861455,-0.5866113877317991,1.3004422055586022,0
1.0384956162866263,-0.5935099122618284,1.2514551744481712,0
1.034408447791342,-0.6003896438029135,1.2025871732685862,0
1.0303685372644142,-0.6072315446350101,1.153633404536328,0
1.0264376933767418,-0.6144161180048064,1.1050348978716242,0
1.0225074786852844,-0.6215807479295324,1.0556809766282143,0
1.018613061390966,-0.6284573073799115,1.005904724025682,0
1.0148821155590004,-0.6355951571603494,0.9569884918183373,0
1.0114651050122607,-0.6434724295602682,0.9102342841420922,0
1.007955726006495,-0.6464138720581942,0.8646284560488973,0
1.004013016635774,-0.6399643707553327,0.8199934384707418,0
0.9999996875,-0.6343932843209601,0.7730104532336323,0
1.0920104539948845,-0.145345103187321,-1.9218622004639243,0
1.0952084145103844,-0.16883687731132271,-1.953263734074862,0
1.0990004261971662,-0.14712912687165236,-1.9945809133815517,0
1.0872227711086018,-0.20004092410567154,-1.8672936272969487,0
1.0861202992571835,-0.24693433357904926,-1.8501983997101288,0
1.085007716064342,-0.2927937358815311,-1.831969037211615,0
1.084020903720124,-0.3386296248089189,-1.813716386241133,0
1.0831448279596774,-0.38455640201604635,-1.7953901169059583,0
1.0786077513100318,-0.39187120676076065,-1.7462913159846023,0
1.0779111168205857,-0.4377440343205729,-1.728005964158074,0
1.0734304078775458,-0.4449460747533211,-1.6790173877211063,0
1.0728996810472051,-0.49083110319345796,-1.6605567674059463,0
1.0725049077302078,-0.5367731292190668,-1.6420506417088343,0
1.0681658176315811,-0.5439459904452809,-1.5932758212545928,0
1.0638436004176386,-0.5510415653227033,-1.5444866858612996,0
1.0637423944269944,-0.5968441469997997,-1.5262651688857538,0
1.0595185097540705,-0.6039782597480695,-1.4775185379453735,0
1.0553251156901624,-0.6111480800637331,-1.4287414852392357,0
1.0555193842729462,-0.6567185461126076,-1.4105440308590096,0
1.0514181264639315,-0.6635659615862539,-1.3615979945818195,0
1.0473633926011128,-0.6705983158359081,-1.3125686756354205,0
1.0433628333546299,-0.6776564015804267,-1.2635915672346598,0
1.0394229829363724,-0.6847226411054839,-1.2146563958796566,0
1.0355478814907377,-0.691850376013893,-1.1656636937524198,0
1.0317207020690626,-0.6989262942126993,-1.1165241435797546,0
1.0279828509593971,-0.7060440298136835,-1.0674630612470477,0
1.02433367778028,-0.7131756912586308,-1.0184274622854586,0
1.0207630378823007,-0.7205089177843917,-0.9691573965762533,0
1.0174311483096363,-0.7308983563867074,-0.9191631266426119,0
1.0153123368277084,-0.7520179854041951,-0.8742064999042061,0
1.009892217486383,-0.7162510893551985,-0.83345800749971,0
1.0075990552836516,-0.7295211679907531,-0.7907584115602083,0
1.0035855709341543,-0.7066264541838527,-0.7573438645274831,0
0.9999996875,-0.7071067811865478,-0.7071067811865475,0
1.0914510632961905,-0.186680054502133,-1.912482003698244,0
1.0695641172114332,-0.40627123884177757,1.6483979268447453,0
1.0689619652847608,-0.4521775981785488,1.6300816207427933,0
1.0684859542254568,-0.49808885295392835,1.6116046261293142,0
1.0640967892618471,-0.5052166796183265,1.5627636591291223,0
1.0597247716947045,-0.5123478992267797,1.5139186190521612,0
1.0595437409071597,-0.5581773160330762,1.4957010917114453,0
1.0552745311398846,-0.5653297100242297,1.44691921551081,0
1.0510338606579177,-0.5724530245671199,1.3981753524001073,0
1.0511643429314845,-0.6180801027467775,1.3800047173256662,0
1.0470148608834509,-0.6250597025248625,1.3309994190427201,0
1.042916080013352,-0.6320833254418003,1.281974107970618,0
1.0388633701351178,-0.6390321440222386,1.232954919999939,0
1.0348707399786132,-0.6459818153175603,1.1839693460500362,0
1.0309623442370817,-0.6530157385484692,1.1352268274397053,0
1.027116357375973,-0.6601103463079507,1.0862786488067353,0
1.0233194779486663,-0.6672421139883847,1.0370883386700331,0
1.0195956919680642,-0.6743661377210692,0.9876834621372896,0
1.0159920536185452,-0.681756319408036,0.9383748880661857,0
1.012244089506122,-0.6932460691234072,0.8828824922109073,0
1.0077217738903128,-0.6756352263716852,0.8388327235588686,0
1.0046156851856516,-0.6823007305662927,0.7932012235640866,0
0.9999996875,-0.671558954889009,0.740951125316901,0
1.0740856648243953,-0.3990923872638999,1.6973627068952502,0
1.074873427650322,-0.3531187915419414,1.7156666188987362,0
1.0794501536359224,-0.34583151637307724,1.76473292370592,0
1.08040426967719,-0.29994876839628204,1.7830134130350404,0
1.081489152752635,-0.25405144580519634,1.8013182541524269,0
1.0826890016288084,-0.20811832087116966,1.819599540244635,0
1.084022846481814,-0.16214906758298553,1.837947665295526,0
1.088544004520927,-0.15455984204448714,1.885264390806146,0
1.090073207206959,-0.11251150993909519,1.9040053333338343,0
1.0946899985155951,-0.11758838505231425,1.9516064454522202,0
1.0952442433976652,-0.07007625196366436,1.9596774076060508,0
1.0955981082003474,-0.03508607853653896,1.9642212497895688,0
1.0990004261971662,4.440892098500626e-16,2.0,0
1.0990004261971662,-0.19603428015147562,-1.990369453394393,0
1.0950388795865669,-0.21696083777936262,-1.9466861376540276,0
1.0907812684490295,-0.23713906610812205,-1.8999617037780747,0
1.0903446708015878,-0.28832046710270154,-1.8882684674594497,0
1.088569451667973,-0.33150354534397963,-1.8625521986743325,0
1.0876527339101825,-0.37709690245515515,-1.844265948444162,0
1.086891476266702,-0.4232389998707706,-1.826147716621472,0
1.0823871984588396,-0.43058236603674743,-1.776906294387224,0
1.081748722564476,-0.47645551664428015,-1.758410566401352,0
1.0773211199963515,-0.4835911390248226,-1.7095098021735293,0
1.0768527929364984,-0.5296152599148009,-1.690820067663604,0
1.0765421055545725,-0.5754924991335443,-1.6724067251201478,0
1.0722588184507924,-0.5826153788396277,-1.6237125703491808,0
1.0679894800877163,-0.5897173596129556,-1.5749957551347256,0
1.0679623824234692,-0.6354759842480163,-1.5568159013798888,0
1.063789899560817,-0.6426195207666955,-1.5080911209063426,0
1.0596434068670282,-0.6497186334191417,-1.4593570135546818,0
1.059911104783042,-0.6954271158278539,-1.4411258387087715,0
1.055857791916375,-0.7023420324961616,-1.3921893495941926,0
1.051843259123559,-0.7092503176796288,-1.3431817133480797,0
1.04789412252074,-0.7163847937734593,-1.2942565448041978,0
1.0440051444731677,-0.7235384116666659,-1.2453013003900397,0
1.0401664189892919,-0.7306922949542707,-1.1963007167111268,0
1.0363964363428462,-0.7378053097650457,-1.1472542932368908,0
1.0326981818474466,-0.7449331261542014,-1.0981703627765917,0
1.0290834963602202,-0.7520700421140402,-1.0491298840667835,0
1.025583788047217,-0.7587033262266146,-1.0007220289983836,0
1.022273459938988,-0.7673687901284948,-0.9519444206344148,0
1.0201267080023866,-0.7865824468356316,-0.907938892872845,0
1.017576203799212,-0.8004775023187743,-0.861165205222596,0
1.012580918764263,-0.764956643998985,-0.8260036963431223,0
1.0099869113321662,-0.77781745930512,-0.7778174593051197,0
1.004989030956915,-0.7424621202458416,-0.7424621202458412,0
1.0035855709341537,-0.7573438645274835,-0.7066264541838523,0
0.9999996875,-0.7409511253169009,-0.6715589548890091,0
1.073430407877546,-0.4449460747533203,1.6790173877211063,0
1.072899681047205,-0.4908311031934572,1.6605567674059463,0
1.0725049077302071,-0.536773129219066,1.6420506417088343,0
1.0681658176315814,-0.5439459904452802,1.5932758212545932,0
1.0638436004176381,-0.5510415653227027,1.5444866858613,0
1.0637423944269953,-0.596844146999799,1.5262651688857543,0
1.0595185097540702,-0.6039782597480688,1.477518537945374,0
1.0553251156901615,-0.6111480800637324,1.4287414852392362,0
1.0555193842729471,-0.6567185461126069,1.41054403085901,0
1.0514181264639304,-0.6635659615862533,1.36159799458182,0
1.047363392601114,-0.6705983158359075,1.312568675635421,0
1.04336283335463,-0.6776564015804261,1.2635915672346603,0
1.0394229829363724,-0.6847226411054832,1.214656395879657,0
1.035547881490738,-0.6918503760138923,1.1656636937524203,0
1.0317207020690622,-0.6989262942126988,1.116524143579755,0
1.027982850959397,-0.7060440298136831,1.0674630612470482,0
1.0243336777802796,-0.7131756912586303,1.018427462285459,0
1.0207630378823,-0.7205089177843913,0.9691573965762535,0
1.0174311483096348,-0.730898356386707,0.9191631266426121,0
1.0153123368277088,-0.7520179854041946,0.8742064999042063,0
1.009892217486381,-0.7162510893551981,0.8334580074997102,0
1.0075990552836518,-0.7295211679907526,0.7907584115602085,0
1.0035855709341526,-0.7066264541838523,0.7573438645274834,0
0.9999996875,-0.7071067811865474,0.7071067811865477,0
1.0786077513100334,-0.39187120676075976,1.7462913159846023,0
1.083144827959678,-0.38455640201604546,1.7953901169059583,0
1.0840209037201245,-0.338629624808918,1.813716386241133,0
1.0850077160643412,-0.29279373588153024,1.831969037211615,0
1.0861202992571837,-0.24693433357904837,1.8501983997101288,0
1.0872227711086022,-0.20004092410567065,1.8672936272969487,0
1.0914510632961898,-0.18668005450213207,1.912482003698244,0
1.0952084145103838,-0.16883687731132177,1.953263734074862,0
1.0990004261971662,-0.14712912687165142,1.9945809133815517,0
1.0990004261971662,-0.09813534843591837,1.9975909124210998,0
1.0990004261971662,-0.04908245691215036,1.99939763739569,0
1.077911116820586,-0.43774403432057213,1.728005964158074,0
1.092010453994886,-0.14534510318732005,1.9218622004639243,0
1.0990004261971662,-0.24482134971605718,-1.9849590692815833,0
1.0949541840567834,-0.26420265219891687,-1.93992705931324,0
1.0949034375081141,-0.3109393255730104,-1.9324841119494494,0
1.092242481305922,-0.3326135246391724,-1.900868119792918,0
1.0917906632530752,-0.37042659224067265,-1.8891167372137854,0
1.0912640164218104,-0.41470166107193496,-1.874299867335253,0
1.090728751138975,-0.46089391745696084,-1.8578343459949782,0
1.0861862978124823,-0.46926374110706526,-1.807408800096814,0
1.085651890392261,-0.5150815458796805,-1.789161699475861,0
1.0812208116160589,-0.5224478890434812,-1.739632559779501,0
1.080839874096034,-0.5683501184756248,-1.7210843748206888,0
1.0806294945526447,-0.6139661343585037,-1.7030452731148467,0
1.0763833662140512,-0.6212006986037432,-1.6542411100321837,0
1.0721658341394167,-0.6283472969829168,-1.6055394276913757,0
1.0722090964302426,-0.6740613245801411,-1.5873789228274557,0
1.0680824398987068,-0.6812500419346338,-1.5386390392957159,0
1.0639788331455295,-0.6883693530345415,-1.4898868487216939,0
1.0643175853605238,-0.7341582533156205,-1.4716750845600457,0
1.0603212065904848,-0.7411879728250118,-1.4228288626328178,0
1.0563580911579726,-0.7481303406665696,-1.3738845269642008,0
1.0524532078396494,-0.7552346740026508,-1.3249485041973295,0
1.0485997388339101,-0.7623789861215868,-1.2759793620884519,0
1.0448088025753017,-0.7695423575567124,-1.2269854415297266,0
1.0410818596210727,-0.7766946736178235,-1.1779431754780278,0
1.0374223656053008,-0.7838470865153417,-1.1288722858986378,0
1.0338558492210947,-0.790890366096295,-1.0799691056849616,0
1.0303939500479062,-0.797405326644998,-1.0316942551894785,0
1.027283943961678,-0.8045138581986392,-0.9863205163877234,0
1.0249525030453472,-0.8204930068773174,-0.9424436832921932,0
1.0225772812213836,-0.8358683332186897,-0.8964934793802921,0
1.0199928057675565,-0.8485281374235493,-0.8485281374235489,0
1.015003943174038,-0.8131727983643531,-0.8131727983643527,0
1.012580918764262,-0.8260036963431227,-0.7649566439989844,0
1.0075990552836518,-0.7907584115602087,-0.7295211679907526,0
1.0046156851856531,-0.7932012235640865,-0.6823007305662928,0
0.9999996875,-0.7730104532336322,-0.6343932843209599,0
1.0773211199963515,-0.4835911390248218,1.7095098021735293,0
1.0768527929365002,-0.5296152599148,1.690820067663604,0
1.076542105554572,-0.5754924991335434,1.6724067251201482,0
1.0722588184507933,-0.5826153788396268,1.6237125703491813,0
1.0679894800877159,-0.5897173596129549,1.574995755134726,0
1.0679623824234699,-0.6354759842480157,1.5568159013798892,0
1.0637898995608166,-0.6426195207666948,1.508091120906343,0
1.059643406867029,-0.649718633419141,1.4593570135546823,0
1.05991110478304,-0.6954271158278532,1.441125838708772,0
1.0558577919163759,-0.7023420324961609,1.392189349594193,0
1.0518432591235587,-0.7092503176796281,1.3431817133480801,0
1.0478941225207379,-0.7163847937734587,1.2942565448041983,0
1.044005144473168,-0.7235384116666652,1.2453013003900402,0
1.0401664189892905,-0.73069229495427,1.1963007167111273,0
1.0363964363428462,-0.7378053097650452,1.1472542932368912,0
1.0326981818474457,-0.7449331261542009,1.0981703627765922,0
1.029083496360221,-0.7520700421140397,1.049129884066784,0
1.0255837880472165,-0.7587033262266142,1.000722028998384,0
1.0222734599389882,-0.7673687901284943,0.951944420634415,0
1.0201267080023864,-0.7865824468356312,0.9079388928728455,0
1.01757620379921,-0.8004775023187739,0.8611652052225964,0
1.0125809187642627,-0.7649566439989846,0.8260036963431225,0
1.0099869113321638,-0.7778174593051196,0.7778174593051201,0
1.0049890309569136,-0.7424621202458411,0.7424621202458415,0
1.003585570934152,-0.757343864527483,0.7066264541838525,0
0.9999996875,-0.7409511253169007,0.6715589548890093,0
1.0823871984588385,-0.43058236603674654,1.776906294387224,0
1.0868914762667023,-0.42323899987076974,1.826147716621472,0
1.0876527339101825,-0.37709690245515426,1.844265948444162,0
1.0885694516679736,-0.33150354534397874,1.8625521986743325,0
1.0903446708015887,-0.28832046710270065,1.8882684674594497,0
1.0907812684490297,-0.23713906610812116,1.8999617037780747,0
1.0950388795865673,-0.21696083777936168,1.9466861376540276,0
1.0990004261971662,-0.19603428015147467,1.990369453394393,0
1.0817487225644769,-0.47645551664427926,1.758410566401352,0
1.0990004261971662,-0.29346094804526573,-1.978353020057941,0
1.0990004261971662,-0.3419237764754695,-1.9705552849592303,0
1.09535106978906,-0.3583793973543501,-1.928953497594997,0
1.0952757187748077,-0.4041925223339662,-1.9191261706157214,0
1.094959464614767,-0.4517022244215727,-1.9051230532793944,0
1.0947326917938096,-0.4973187530437553,-1.891262624119485,0
1.0901856127712095,-0.5074931588058982,-1.8397788577111462,0
1.0896129291873096,-0.553348013490367,-1.8203703530745619,0
1.0852124852907754,-0.5608423222240861,-1.7706329664453995,0
1.0848557766591118,-0.6062648719815893,-1.751734730267831,0
1.0847245037949311,-0.6525261225288073,-1.7335608421173558,0
1.08053098812328,-0.6597575088839321,-1.6847794269740188,0
1.076359645834497,-0.6669036514610706,-1.6360853882548125,0
1.0764712668792147,-0.712593323887193,-1.6179564319250017,0
1.0723909255520867,-0.7197947969313142,-1.5692109021911709,0
1.0683400037466422,-0.7270171515897218,-1.5204563177716979,0
1.0687421770153356,-0.7728279241216159,-1.5022731639555227,0
1.0648041792583325,-0.7800071014681168,-1.4534890869163746,0
1.0608959058736385,-0.7870549657684801,-1.4045887967937636,0
1.057029594606546,-0.7941288541434659,-1.3556682228015366,0
1.053221793617981,-0.801250075625209,-1.3066951378897946,0
1.0494693223678058,-0.8084123219822719,-1.2576940597915367,0
1.0457824110686729,-0.815584512074619,-1.2086577201513367,0
1.0421658881995268,-0.8227597875343617,-1.1596041835050919,0
1.0386299531842467,-0.8299476668430565,-1.1105145298528376,0
1.035329821962686,-0.8365872251933942,-1.0638007667577536,0
1.0325380284071206,-0.847211804456281,-1.0193124739850628,0
1.029962068845417,-0.8570679705444982,-0.9769417357602941,0
1.0275625232529746,-0.8708839256634829,-0.9321043376152134,0
1.0250012023645168,-0.8838834764827455,-0.8838834764827451,0
1.0225772812213831,-0.8964934793802924,-0.8358683332186891,0
1.0175762037992124,-0.8611652052225963,-0.8004775023187739,0
1.0153123368277086,-0.8742064999042064,-0.7520179854041945,0
1.0098922174863831,-0.8334580074997103,-0.7162510893551981,0
1.0077217738903117,-0.8388327235588685,-0.675635226371685,0
1.004013016635774,-0.8199934384707417,-0.6399643707553326,0
0.9999996875,-0.8032075312539582,-0.595699304798085,0
1.0812208116160584,-0.5224478890434803,1.739632559779501,0
1.0856518903922605,-0.5150815458796796,1.789161699475861,0
1.0861862978124832,-0.46926374110706437,1.807408800096814,0
1.0907287511389747,-0.46089391745695996,1.8578343459949782,0
1.091264016421811,-0.41470166107193407,1.874299867335253,0
1.0917906632530756,-0.37042659224067176,1.8891167372137854,0
1.0922424813059215,-0.3326135246391715,1.900868119792918,0
1.0949034375081161,-0.3109393255730095,1.9324841119494494,0
1.0949541840567827,-0.264202652198916,1.93992705931324,0
1.0990004261971662,-0.24482134971605624,1.9849590692815833,0
1.0808398740960337,-0.5683501184756239,1.7210843748206892,0
1.0806294945526462,-0.6139661343585028,1.703045273114847,0
1.07638336621405,-0.6212006986037423,1.654241110032184,0
1.0721658341394165,-0.6283472969829161,1.6055394276913761,0
1.0722090964302424,-0.6740613245801405,1.5873789228274562,0
1.0680824398987065,-0.6812500419346331,1.5386390392957163,0
1.0639788331455309,-0.6883693530345408,1.4898868487216943,0
1.0643175853605247,-0.7341582533156198,1.4716750845600461,0
1.060321206590486,-0.7411879728250111,1.4228288626328183,0
1.0563580911579715,-0.7481303406665689,1.3738845269642013,0
1.0524532078396507,-0.7552346740026501,1.32494850419733,0
1.048599738833911,-0.7623789861215862,1.2759793620884523,0
1.044808802575302,-0.7695423575567117,1.226985441529727,0
1.0410818596210727,-0.7766946736178229,1.1779431754780283,0
1.0374223656053003,-0.7838470865153413,1.1288722858986382,0
1.0338558492210945,-0.7908903660962946,1.079969105684962,0
1.0303939500479051,-0.7974053266449975,1.031694255189479,0
1.0272839439616783,-0.8045138581986387,0.9863205163877239,0
1.024952503045346,-0.820493006877317,0.9424436832921936,0
1.022577281221384,-0.8358683332186893,0.8964934793802926,0
1.0199928057675562,-0.8485281374235488,0.8485281374235494,0
1.0150039431740376,-0.8131727983643526,0.8131727983643532,0
1.012580918764262,-0.8260036963431222,0.7649566439989849,0
1.007599055283652,-0.7907584115602082,0.7295211679907531,0
1.0046156851856514,-0.7932012235640863,0.6823007305662933,0
0.9999996875,-0.7730104532336319,0.6343932843209603,0
1.0990004261971662,-0.39018064286380955,-1.9615705610388792,0
1.0990004261971662,-0.43820247900857207,-1.9514042603701423,0
1.0990004261971662,-0.485960358536986,-1.9400625067070922,0
1.0990004261971662,-0.5334255134940431,-1.927552131993741,0
1.094632466767879,-0.5444373455470715,-1.8772248490305639,0
1.0939852737819393,-0.5977645053610172,-1.8538753727230883,0
1.0889299491938547,-0.5974646078210561,-1.7989015125862056,0
1.0886334050280577,-0.6441707834095818,-1.7795069687504588,0
1.0886044926687284,-0.6903421262742446,-1.7617494259109445,0
1.0846918146390754,-0.6983203083882785,-1.7152798826443678,0
1.0805749732102876,-0.7054617558284978,-1.6666170100788416,0
1.0807439279977717,-0.7511618762505811,-1.6484669721813265,0
1.0767163075985364,-0.7583295788868955,-1.5997660774763316,0
1.0727085719506304,-0.7655429503290317,-1.5510105000115366,0
1.0731749003869204,-0.8113683523643557,-1.5328851976495506,0
1.0692839604086315,-0.8186486337617137,-1.4840822675570926,0
1.065432300356204,-0.8258666057212553,-1.4352804068839136,0
1.0616191357476037,-0.833008919786461,-1.3863816745637367,0
1.0578507563179982,-0.8401337787239325,-1.3374190702461695,0
1.0541388590538836,-0.8472911698935413,-1.2884168824373485,0
1.0504940322671228,-0.8544583756322541,-1.2394093715624719,0
1.04691523663732,-0.8616452898421838,-1.1903396385189156,0
1.043418932565625,-0.8689016698785652,-1.1412819189335406,0
1.039996625821897,-0.8761097144326553,-1.0921334451713196,0
1.0373639550668634,-0.886018159192734,-1.0497777463708255,0
1.0350754801771311,-0.8992448682242825,-1.0079905199259926,0
1.032504468858846,-0.9074877267618233,-0.9655136764949125,0
1.0299967920584363,-0.9192388155419373,-0.919238815541937,0
1.027562523252975,-0.9321043376152137,-0.8708839256634825,0
1.0249525030453468,-0.9424436832921935,-0.8204930068773172,0
1.0201267080023868,-0.9079388928728455,-0.786582446835631,0
1.0174311483096359,-0.9191631266426121,-0.730898356386707,0
1.0122440895061218,-0.8828824922109074,-0.6932460691234071,0
1.0079557260064962,-0.8646284560488972,-0.6464138720581942,0
1.004105186577076,-0.8491017720403067,-0.602425102186032,0
0.9999996875,-0.8314696120142536,-0.555570233451061,0
1.0852124852907772,-0.5608423222240853,1.7706329664454,0
1.0848557766591118,-0.6062648719815884,1.7517347302678314,0
1.0847245037949305,-0.6525261225288064,1.7335608421173563,0
1.080530988123281,-0.6597575088839313,1.6847794269740193,0
1.0763596458344982,-0.6669036514610697,1.636085388254813,0
1.0764712668792147,-0.7125933238871921,1.6179564319250022,0
1.0723909255520871,-0.7197947969313135,1.5692109021911713,0
1.0683400037466413,-0.7270171515897211,1.5204563177716983,0
1.0687421770153354,-0.7728279241216153,1.5022731639555231,0
1.064804179258331,-0.7800071014681161,1.453489086916375,0
1.060895905873639,-0.7870549657684794,1.404588796793764,0
1.0570295946065464,-0.7941288541434652,1.355668222801537,0
1.0532217936179786,-0.8012500756252083,1.306695137889795,0
1.0494693223678058,-0.8084123219822712,1.2576940597915371,0
1.0457824110686724,-0.8155845120746184,1.208657720151337,0
1.0421658881995262,-0.8227597875343611,1.1596041835050923,0
1.0386299531842467,-0.8299476668430561,1.110514529852838,0
1.0353298219626863,-0.8365872251933938,1.063800766757754,0
1.0325380284071204,-0.8472118044562805,1.0193124739850632,0
1.0299620688454167,-0.8570679705444978,0.9769417357602945,0
1.0275625232529741,-0.8708839256634825,0.9321043376152138,0
1.0250012023645156,-0.883883476482745,0.8838834764827456,0
1.0225772812213838,-0.896493479380292,0.8358683332186896,0
1.0175762037992118,-0.8611652052225959,0.8004775023187743,0
1.0153123368277084,-0.874206499904206,0.752017985404195,0
1.0098922174863822,-0.8334580074997099,0.7162510893551985,0
1.0077217738903115,-0.8388327235588683,0.6756352263716855,0
1.0040130166357735,-0.8199934384707415,0.6399643707553331,0
0.9999996875,-0.8032075312539579,0.5956993047980854,0
1.09018561277121,-0.5074931588058973,1.8397788577111462,0
1.0896129291873105,-0.5533480134903661,1.8203703530745623,0
1.0947326917938105,-0.4973187530437544,1.891262624119485,0
1.0949594646147671,-0.4517022244215718,1.9051230532793944,0
1.0952757187748081,-0.4041925223339653,1.9191261706157214,0
1.0953510697890605,-0.3583793973543492,1.928953497594997,0
1.0990004261971662,-0.3419237764754685,1.9705552849592303,0
1.0990004261971662,-0.29346094804526474,1.978353020057941,0
1.0990004261971662,-0.580569352912518,-1.9138806719486825,0
1.0990004261971662,-0.6273634790264138,-1.8990563617712548,0
1.0954161447086135,-0.6487764114902581,-1.8523616892636545,0
1.0927741406403797,-0.6824658404162995,-1.8109650460711089,0
1.0916677784142683,-0.6330250176403873,-1.8167133472220505,0
1.088866035411696,-0.7369145005194959,-1.7457336883349848,0
1.084796831833184,-0.7440312115514952,-1.6971085224516547,0
1.0850286696361184,-0.789730463999451,-1.6789596856065516,0
1.081048359636656,-0.7968609085091013,-1.6303125295994736,0
1.0770923241681147,-0.8040236174141518,-1.5816391289494836,0
1.0776105658022703,-0.8498033120769782,-1.5635036541434528,0
1.0737667185214286,-0.8571680851395626,-1.5147111735839165,0
1.0699696170351432,-0.8645266627553884,-1.4658786511622857,0
1.0662035223699178,-0.8717536437363368,-1.4170391448831958,0
1.062485877640637,-0.8789474002831328,-1.3681199568820988,0
1.058818639944234,-0.8861488818067376,-1.3191457062150866,0
1.0552197346020342,-0.8932423498421285,-1.2702721379983346,0
1.0516649405087835,-0.9002239384997026,-1.2212340356289768,0
1.0481888276090667,-0.907435522928018,-1.1720005014611148,0
1.0448153901284607,-0.9148550177960539,-1.1228879746071885,0
1.041922084427616,-0.9225103656827293,-1.0786828492309446,0
1.0396069667368089,-0.9316621481000643,-1.0398384241686518,0
1.0375075206661506,-0.9441475346320695,-0.999783972903538,0
1.0349960668169287,-0.954594154601127,-0.9545941546011266,0
1.032504468858846,-0.9655136764949128,-0.9074877267618229,0
1.0299620688454172,-0.9769417357602944,-0.8570679705444979,0
1.027283943961678,-0.9863205163877237,-0.8045138581986387,0
1.0222734599389882,-0.951944420634415,-0.7673687901284945,0
1.0207630378822994,-0.9691573965762535,-0.7205089177843914,0
1.0159920536185458,-0.9383748880661856,-0.6817563194080359,0
1.0114651050122612,-0.9102342841420921,-0.6434724295602682,0
1.0077648784706608,-0.8888238183250661,-0.6092706411441624,0
1.0049095365949872,-0.8854187084023334,-0.5628629356729575,0
0.9999996875,-0.8577286096775257,-0.5141027447316913,0
1.0920827032110738,-0.7289465041660186,-1.7850367805236529,0
1.0889299491938538,-0.5974646078210553,1.798901512586206,0
1.093985273781941,-0.5977645053610163,1.8538753727230888,0
1.0946324667678793,-0.5444373455470706,1.8772248490305643,0
1.0990004261971662,-0.5334255134940422,1.927552131993741,0
1.0990004261971662,-0.4859603585369851,1.9400625067070922,0
1.0990004261971662,-0.4382024790085712,1.9514042603701423,0
1.0990004261971662,-0.39018064286380855,1.9615705610388792,0
1.08863340502806,-0.6441707834095809,1.7795069687504592,0
1.0886044926687277,-0.6903421262742437,1.761749425910945,0
1.084691814639077,-0.6983203083882776,1.7152798826443683,0
1.0805749732102858,-0.7054617558284969,1.666617010078842,0
1.0807439279977737,-0.7511618762505802,1.648466972181327,0
1.0767163075985349,-0.7583295788868948,1.599766077476332,0
1.0727085719506315,-0.7655429503290311,1.551010500011537,0
1.0731749003869184,-0.811368352364355,1.532885197649551,0
1.0692839604086326,-0.818648633761713,1.484082267557093,0
1.065432300356205,-0.8258666057212546,1.435280406883914,0
1.0616191357476024,-0.8330089197864603,1.3863816745637372,0
1.057850756317999,-0.8401337787239318,1.33741907024617,0
1.0541388590538856,-0.8472911698935406,1.288416882437349,0
1.050494032267122,-0.8544583756322535,1.2394093715624723,0
1.046915236637321,-0.8616452898421831,1.190339638518916,0
1.0434189325656242,-0.8689016698785648,1.141281918933541,0
1.039996625821896,-0.8761097144326548,1.09213344517132,0
1.0373639550668627,-0.8860181591927335,1.049777746370826,0
1.0350754801771302,-0.8992448682242821,1.007990519925993,0
1.0325044688588456,-0.9074877267618229,0.9655136764949129,0
1.029996792058436,-0.9192388155419369,0.9192388155419374,0
1.0275625232529746,-0.9321043376152133,0.8708839256634829,0
1.0249525030453461,-0.9424436832921931,0.8204930068773176,0
1.0201267080023861,-0.907938892872845,0.7865824468356315,0
1.017431148309635,-0.9191631266426117,0.7308983563867074,0
1.0122440895061215,-0.882882492210907,0.6932460691234076,0
1.0079557260064957,-0.8646284560488969,0.6464138720581947,0
1.0041051865770754,-0.8491017720403065,0.6024251021860324,0
0.9999996875,-0.8314696120142534,0.5555702334510615,0
1.0990004261971662,-0.6737797048764511,-1.8830881310487306,0
1.09637706149068,-0.6872964747462751,-1.8490105069204625,0
1.0956345035070751,-0.7248027001288624,-1.8263860521078545,0
1.095201919151379,-0.7692677476283023,-1.8031962761698497,0
1.0918961037730448,-0.7730950325326,-1.7642356600390239,0
1.0890303104970607,-0.7825891545040653,-1.7275986306707736,0
1.0891807144203425,-0.8277856665208867,-1.7081406940588748,0
1.085385610185846,-0.835435638117683,-1.6608108080159198,0
1.0814821640618848,-0.8425750126353112,-1.6121746101227339,0
1.08203857373708,-0.888285733206052,-1.5939976476546096,0
1.078257490087725,-0.8956190673038172,-1.5453504217494265,0
1.0745042334810722,-0.9030424825751214,-1.4965668492416895,0
1.0707885704618285,-0.9104239655038598,-1.4476947879023516,0
1.067116583678674,-0.9176465317578048,-1.3988197810161076,0
1.0634881435603507,-0.9247762276904181,-1.3498765079168826,0
1.0599289914735257,-0.9320499721060274,-1.3009381800132749,0
1.0564072865490761,-0.9386685172308538,-1.252077621284581,0
1.0529187129963402,-0.9454225379161176,-1.2026530697325697,0
1.0495659887655715,-0.9538778719754055,-1.1525894798096508,0
1.0464060226509362,-0.9613702829909496,-1.104589151631273,0
1.043463288347241,-0.9597710319208205,-1.066529847061606,0
1.0422851001811455,-0.9780984096862496,-1.0335550375972977,0
1.039985425875007,-0.9899494936603925,-0.9899494936603922,0
1.0375075206661515,-0.9997839729035384,-0.944147534632069,0
1.0350754801771305,-1.0079905199259933,-0.8992448682242821,0
1.0325380284071208,-1.0193124739850632,-0.8472118044562805,0
1.030393950047905,-1.0316942551894792,-0.7974053266449975,0
1.0255837880472176,-1.0007220289983842,-0.7587033262266143,0
1.0243336777802796,-1.0184274622854592,-0.7131756912586303,0
1.0195956919680653,-0.9876834621372895,-0.6743661377210691,0
1.014882115559,-0.9569884918183371,-0.6355951571603494,0
1.0102126437827905,-0.92651126068227,-0.5967194625730223,0
1.0086673461135949,-0.9361280574853372,-0.5517769301698232,0
1.0042159618198394,-0.9068094239343711,-0.513701194335582,0
0.9999996875,-0.8819212639620182,-0.4713967375487831,0
1.0916677784142688,-0.6330250176403864,1.816713347222051,0
1.0954161447086141,-0.6487764114902572,1.852361689263655,0
1.0990004261971662,-0.6273634790264129,1.8990563617712553,0
1.0990004261971662,-0.5805693529125171,1.913880671948683,0
1.0927741406403788,-0.6824658404162987,1.8109650460711093,0
1.0920827032110754,-0.7289465041660177,1.7850367805236533,0
1.0888660354116957,-0.736914500519495,1.7457336883349852,0
1.0847968318331835,-0.7440312115514943,1.697108522451655,0
1.0850286696361169,-0.7897304639994501,1.678959685606552,0
1.0810483596366556,-0.7968609085091004,1.630312529599474,0
1.0770923241681158,-0.8040236174141512,1.581639128949484,0
1.07761056580227,-0.8498033120769776,1.5635036541434533,0
1.0737667185214297,-0.8571680851395619,1.514711173583917,0
1.0699696170351407,-0.8645266627553877,1.465878651162286,0
1.0662035223699187,-0.8717536437363361,1.4170391448831963,0
1.0624858776406376,-0.8789474002831321,1.3681199568820992,0
1.0588186399442316,-0.8861488818067369,1.319145706215087,0
1.0552197346020342,-0.8932423498421278,1.270272137998335,0
1.0516649405087832,-0.900223938499702,1.2212340356289773,0
1.0481888276090658,-0.9074355229280173,1.1720005014611152,0
1.0448153901284618,-0.9148550177960535,1.122887974607189,0
1.041922084427616,-0.9225103656827288,1.078682849230945,0
1.039606966736808,-0.9316621481000639,1.0398384241686522,0
1.0375075206661508,-0.944147534632069,0.9997839729035385,0
1.034996066816928,-0.9545941546011265,0.9545941546011271,0
1.0325044688588458,-0.9655136764949124,0.9074877267618233,0
1.0299620688454163,-0.976941735760294,0.8570679705444983,0
1.0272839439616788,-0.9863205163877232,0.8045138581986392,0
1.0222734599389887,-0.9519444206344145,0.7673687901284949,0
1.0207630378822992,-0.9691573965762531,0.7205089177843919,0
1.0159920536185456,-0.9383748880661854,0.6817563194080364,0
1.0114651050122607,-0.9102342841420918,0.6434724295602686,0
1.0077648784706608,-0.8888238183250659,0.6092706411441629,0
1.0049095365949867,-0.8854187084023332,0.562862935672958,0
0.9999996875,-0.8577286096775255,0.5141027447316917,0
1.0990004261971662,-0.7197900710654337,-1.8659855984427145,0
1.0990004261971662,-0.7653668625933487,-1.8477590659076777,0
1.0990004261971662,-0.8104826260323441,-1.8284195122836866,0
1.095287393990466,-0.8130398910836052,-1.7848688434964368,0
1.0919935270173096,-0.8181177421772898,-1.7449471571492545,0
1.091975583187984,-0.8591907170320681,-1.7248551399105947,0
1.0897298216291955,-0.8740028702202599,-1.6913182881099476,0
1.0858594108428843,-0.881110629377876,-1.6425687100191537,0
1.0864707212529339,-0.9268313180137048,-1.6243953774495605,0
1.0827271662523568,-0.9340245002836746,-1.5758482220911898,0
1.0790200092820152,-0.9413242710186297,-1.5271011452976297,0
1.0753520612218712,-0.9486054715424809,-1.478366484011826,0
1.0717231812870978,-0.9557742848212268,-1.4295442800431717,0
1.0681294320022559,-0.9629108655293448,-1.3805933683904288,0
1.0645957163989697,-0.9700535395640819,-1.3315456465566489,0
1.0611200323029262,-0.977200852462579,-1.282496138898013,0
1.0576717009487249,-0.9837053122634669,-1.2333387617123888,0
1.0543298396556096,-0.9918263606010753,-1.183273242057018,0
1.0510102833496155,-1.0023575096202184,-1.1301329393687427,0
1.0472119976174203,-1.005213953144108,-1.0759837726798638,0
1.0449739558519733,-1.02530483271961,-1.02530483271961,0
1.042285100181145,-1.033555037597298,-0.9780984096862491,0
1.0396069667368086,-1.039838424168652,-0.9316621481000639,0
1.0373639550668632,-1.0497777463708262,-0.8860181591927335,0
1.0353298219626863,-1.0638007667577543,-0.8365872251933936,0
1.0338558492210945,-1.0799691056849623,-0.7908903660962946,0
1.0290834963602207,-1.0491298840667842,-0.7520700421140397,0
1.0279828509593971,-1.0674630612470482,-0.7060440298136832,0
1.0233194779486665,-1.0370883386700331,-0.6672421139883848,0
1.018613061390965,-1.0059047240256822,-0.6284573073799115,0
1.0138326612631532,-0.9734586599499815,-0.5901000355418001,0
1.013272369013397,-0.9927589581188689,-0.5454051006855593,0
1.0084955639006308,-0.9587496398174937,-0.5078971467827021,0
1.0041513683174674,-0.9305459785467523,-0.4678329115627789,0
0.9999996875,-0.9039892927095291,-0.4275550943054303,0
1.0963770614906823,-0.6872964747462742,1.849010506920463,0
1.0956345035070745,-0.7248027001288615,1.826386052107855,0
1.095201919151379,-0.7692677476283014,1.8031962761698501,0
1.0918961037730444,-0.7730950325325991,1.7642356600390243,0
1.0890303104970616,-0.7825891545040644,1.727598630670774,0
1.0891807144203425,-0.8277856665208858,1.7081406940588753,0
1.0853856101858474,-0.8354356381176821,1.6608108080159203,0
1.0814821640618841,-0.8425750126353105,1.6121746101227343,0
1.082038573737081,-0.8882857332060513,1.59399764765461,0
1.0782574900877238,-0.8956190673038166,1.545350421749427,0
1.074504233481073,-0.9030424825751208,1.49656684924169,0
1.0707885704618292,-0.9104239655038592,1.447694787902352,0
1.0671165836786722,-0.9176465317578041,1.398819781016108,0
1.063488143560352,-0.9247762276904175,1.349876507916883,0
1.0599289914735266,-0.9320499721060267,1.3009381800132753,0
1.0564072865490752,-0.9386685172308531,1.2520776212845814,0
1.0529187129963409,-0.945422537916117,1.2026530697325701,0
1.0495659887655704,-0.9538778719754051,1.1525894798096512,0
1.0464060226509342,-0.9613702829909492,1.1045891516312734,0
1.0434632883472412,-0.95977103192082,1.0665298470616065,0
1.0422851001811444,-0.9780984096862492,1.0335550375972982,0
1.0399854258750072,-0.9899494936603921,0.9899494936603926,0
1.0375075206661508,-0.9997839729035379,0.9441475346320695,0
1.0350754801771311,-1.0079905199259929,0.8992448682242825,0
1.03253802840712,-1.0193124739850628,0.847211804456281,0
1.0303939500479058,-1.0316942551894788,0.797405326644998,0
1.0255837880472158,-1.0007220289983838,0.7587033262266147,0
1.0243336777802807,-1.0184274622854588,0.7131756912586308,0
1.0195956919680644,-0.9876834621372893,0.6743661377210696,0
1.0148821155589998,-0.9569884918183369,0.6355951571603499,0
1.01021264378279,-0.9265112606822697,0.5967194625730228,0
1.0086673461135955,-0.936128057485337,0.5517769301698237,0
1.0042159618198392,-0.9068094239343709,0.5137011943355825,0
0.9999996875,-0.881921263962018,0.4713967375487834,0
1.0990004261971662,-0.6737797048764502,1.883088131048731,0
1.0990004261971662,-0.8551101849915401,-1.8079785871308685,0
1.0952702099307623,-0.8579788665175605,-1.7635396326281556,0
1.0942653600914158,-0.8999310898600803,-1.7307615682818225,0
1.0901992558606592,-0.9194998606407797,-1.6726070337701626,0
1.0910305586670144,-0.9663101389930696,-1.655941631418573,0
1.0870688732172076,-0.9720817765919002,-1.6049907924632039,0
1.0835223655730624,-0.9796895472987072,-1.5574678926984258,0
1.0799058707278386,-0.9868807959089335,-1.5089024547528158,0
1.076305990759613,-0.993963345829847,-1.460050818167383,0
1.072753202597824,-1.0009250430854604,-1.4111741489903107,0
1.0692515499031479,-1.0080270933243913,-1.3621722235925007,0
1.0658106200917148,-1.015219633626509,-1.3130555846502747,0
1.0624459502657424,-1.02242647146631,-1.2639901261585638,0
1.0591380208890744,-1.0292046391021472,-1.2150616490964647,0
1.0558551940486218,-1.0377908299233853,-1.1638414457043698,0
1.0525077504822453,-1.0477192195237581,-1.1089564630933058,0
1.049949482037476,-1.060660171778835,-1.060660171778834,0
1.0472119976174206,-1.075983772679864,-1.005213953144108,0
1.043463288347241,-1.066529847061606,-0.9597710319208198,0
1.041922084427617,-1.0786828492309453,-0.9225103656827289,0
1.0399966258218953,-1.0921334451713203,-0.8761097144326551,0
1.0386299531842473,-1.1105145298528383,-0.8299476668430563,0
1.0374223656052992,-1.1288722858986382,-0.7838470865153415,0
1.0326981818474463,-1.0981703627765922,-0.744933126154201,0
1.0317207020690617,-1.1165241435797553,-0.698926294212699,0
1.0271163573759734,-1.0862786488067353,-0.660110346307951,0
1.022507478685285,-1.0556809766282143,-0.6215807479295324,0
1.0179378590283743,-1.0250348469647783,-0.583221971506589,0
1.017482708642914,-1.0443954244305542,-0.5379745258904913,0
1.0129664596657608,-1.0131041598173953,-0.49977072212129686,0
1.0084510820873849,-0.9813884521041311,-0.4615420620437505,0
1.0041844451700621,-0.9527773036306834,-0.4216012026929773,0
0.9999996875,-0.923879532095688,-0.3826834333684341,0
1.0990004261971662,-0.7197900710654328,1.865985598442715,0
1.0990004261971662,-0.7653668625933479,1.8477590659076781,0
1.0990004261971662,-0.8104826260323432,1.828419512283687,0
1.0952873939904675,-0.8130398910836043,1.7848688434964373,0
1.0919935270173093,-0.8181177421772889,1.744947157149255,0
1.0919755831879847,-0.8591907170320672,1.7248551399105951,0
1.0897298216291946,-0.874002870220259,1.691318288109948,0
1.0858594108428834,-0.8811106293778751,1.6425687100191542,0
1.086470721252933,-0.9268313180137039,1.624395377449561,0
1.082727166252356,-0.9340245002836739,1.5758482220911902,0
1.079020009282016,-0.941324271018629,1.5271011452976302,0
1.0753520612218692,-0.9486054715424802,1.4783664840118265,0
1.071723181287099,-0.9557742848212262,1.4295442800431721,0
1.0681294320022559,-0.9629108655293441,1.3805933683904292,0
1.064595716398968,-0.9700535395640812,1.3315456465566493,0
1.0611200323029264,-0.9772008524625784,1.2824961388980134,0
1.0576717009487242,-0.9837053122634662,1.2333387617123892,0
1.054329839655609,-0.9918263606010747,1.1832732420570184,0
1.0510102833496169,-1.002357509620218,1.1301329393687432,0
1.0472119976174206,-1.0052139531441076,1.0759837726798642,0
1.0449739558519724,-1.0253048327196095,1.0253048327196104,0
1.0422851001811455,-1.0335550375972975,0.9780984096862495,0
1.039606966736807,-1.0398384241686516,0.9316621481000643,0
1.0373639550668634,-1.0497777463708258,0.886018159192734,0
1.0353298219626859,-1.0638007667577538,0.836587225193394,0
1.0338558492210939,-1.0799691056849618,0.790890366096295,0
1.0290834963602207,-1.0491298840667838,0.7520700421140402,0
1.027982850959396,-1.0674630612470477,0.7060440298136836,0
1.0233194779486658,-1.0370883386700327,0.6672421139883853,0
1.0186130613909652,-1.0059047240256818,0.6284573073799119,0
1.0138326612631534,-0.9734586599499813,0.5901000355418006,0
1.0132723690133962,-0.9927589581188687,0.5454051006855597,0
1.0084955639006312,-0.9587496398174935,0.5078971467827026,0
1.004151368317468,-0.930545978546752,0.46783291156277934,0
0.9999996875,-0.9039892927095289,0.42755509430543076,0
1.0990004261971662,-0.8992226575541578,-1.7864486032744515,0
1.0990004261971662,-0.9427934721717728,-1.7638425294879059,0
1.0948958599713499,-0.9455526259126596,-1.7137354912669878,0
1.0957565420906308,-0.9894170658473574,-1.6991428932856927,0
1.0949532346035165,-1.0212206939993158,-1.6704061400615458,0
1.0909763966427348,-1.0115633038189704,-1.628061441032004,0
1.0877599548493844,-1.017297515329052,-1.5851330528217207,0
1.0843899088754916,-1.025231410129671,-1.538643806422348,0
1.0809174001222752,-1.0326154472307316,-1.4905333235896978,0
1.0774190968285078,-1.0397778863928304,-1.4417874534395558,0
1.0739673280178197,-1.046918742513807,-1.3928581946686638,0
1.0705656677454651,-1.0540797085920952,-1.3438173532298419,0
1.0672285898290021,-1.0612567439468203,-1.294700675071279,0
1.0639829120504285,-1.0683035269902534,-1.2460205018494228,0
1.0608061545782537,-1.0742707229086563,-1.198042590707686,0
1.0574701145682133,-1.0831088974383651,-1.1443210032213658,0
1.0549335385543595,-1.096015510838228,-1.096015510838228,0
1.0525077504822447,-1.108956463093306,-1.047719219523758,0
1.0510102833496164,-1.130132939368743,-1.002357509620218,0
1.0464060226509346,-1.104589151631273,-0.9613702829909496,0
1.0448153901284618,-1.1228879746071891,-0.9148550177960537,0
1.0434189325656258,-1.1412819189335413,-0.8689016698785652,0
1.0421658881995264,-1.1596041835050923,-0.8227597875343613,0
1.0410818596210734,-1.1779431754780283,-0.7766946736178231,0
1.0363964363428473,-1.1472542932368912,-0.7378053097650455,0
1.035547881490737,-1.1656636937524203,-0.6918503760138925,0
1.0309623442370823,-1.1352268274397053,-0.6530157385484694,0
1.0264376933767398,-1.1050348978716242,-0.6144161180048067,0
1.0219408917258368,-1.0747444034304332,-0.576036630389552,0
1.0215106869170427,-1.0931193892350892,-0.5305982052874255,0
1.0171180738121044,-1.0626625393001552,-0.4922185747921499,0
1.0127266624019786,-1.0319088098025377,-0.45375032667121173,0
1.0084432432744557,-1.0018668547003047,-0.4149868402147681,0
1.004168624892976,-0.9716515897092134,-0.3754615323548291,0
0.9999996875,-0.9415440648596897,-0.3368898542958702,0
1.0990004261971662,-0.8551101849915392,1.807978587130869,0
1.095270209930762,-0.8579788665175596,1.763539632628156,0
1.094265360091415,-0.8999310898600794,1.730761568281823,0
1.09019925586066,-0.9194998606407788,1.672607033770163,0
1.0910305586670141,-0.9663101389930687,1.6559416314185735,0
1.0870688732172091,-0.9720817765918995,1.6049907924632043,0
1.0835223655730615,-0.9796895472987065,1.5574678926984262,0
1.0799058707278397,-0.9868807959089329,1.5089024547528163,0
1.0763059907596135,-0.9939633458298464,1.4600508181673835,0
1.0727532025978224,-1.0009250430854595,1.4111741489903111,0
1.0692515499031492,-1.0080270933243909,1.3621722235925011,0
1.065810620091715,-1.0152196336265085,1.3130555846502752,0
1.0624459502657422,-1.0224264714663096,1.2639901261585642,0
1.0591380208890746,-1.0292046391021468,1.2150616490964652,0
1.0558551940486214,-1.037790829923385,1.1638414457043702,0
1.052507750482243,-1.0477192195237577,1.1089564630933062,0
1.0499494820374764,-1.0606601717788346,1.0606601717788344,0
1.0472119976174195,-1.0759837726798636,1.0052139531441084,0
1.0434632883472414,-1.0665298470616056,0.9597710319208203,0
1.041922084427617,-1.0786828492309448,0.9225103656827294,0
1.039996625821895,-1.0921334451713198,0.8761097144326555,0
1.038629953184248,-1.1105145298528378,0.8299476668430568,0
1.0374223656052997,-1.1288722858986378,0.783847086515342,0
1.0326981818474459,-1.0981703627765917,0.7449331261542015,0
1.0317207020690629,-1.1165241435797548,0.6989262942126995,0
1.0271163573759736,-1.0862786488067349,0.6601103463079514,0
1.022507478685285,-1.0556809766282138,0.6215807479295329,0
1.0179378590283747,-1.0250348469647779,0.5832219715065895,0
1.0174827086429141,-1.0443954244305538,0.5379745258904918,0
1.0129664596657615,-1.0131041598173949,0.4997707221212973,0
1.0084510820873842,-0.9813884521041308,0.4615420620437509,0
1.0041844451700623,-0.9527773036306831,0.42160120269297774,0
0.9999996875,-0.9238795320956877,0.3826834333684345,0
1.0990004261971662,-0.9857963831335155,-1.740173982968623,0
1.0990004261971662,-1.0282054871982267,-1.715457220712734,0
1.0990004261971662,-1.0699952387551894,-1.6897071311446918,0
1.0947174396282189,-1.0603868659140898,-1.6429902325305348,0
1.0911741573740479,-1.0523859876889468,-1.6043549483657267,0
1.0887042095494683,-1.0625045965474997,-1.566990413645044,0
1.0854933066047456,-1.0711871529369181,-1.5208376012295797,0
1.0820676236836901,-1.0784979815361526,-1.4723673738266578,0
1.0786685063067407,-1.0857337865222756,-1.4235540481775788,0
1.0753128454756524,-1.0929610389939883,-1.3745837236801297,0
1.072013240831258,-1.1002002349559223,-1.3255134555286279,0
1.0688041354674338,-1.1075240274466882,-1.276542672442031,0
1.065676569014705,-1.1138145911334163,-1.2286978455988207,0
1.0626517905246886,-1.12133901547109,-1.1800151818520888,0
1.0598969331021655,-1.131370849897643,-1.131370849897643,0
1.0574701145682135,-1.144321003221366,-1.083108897438365,0
1.0558551940486214,-1.16384144570437,-1.037790829923385,0
1.0543298396556096,-1.183273242057018,-0.991826360601075,0
1.0495659887655706,-1.152589479809651,-0.9538778719754051,0
1.048188827609066,-1.1720005014611152,-0.9074355229280173,0
1.0469152366373198,-1.1903396385189162,-0.8616452898421832,0
1.0457824110686713,-1.2086577201513373,-0.8155845120746188,0
1.044808802575302,-1.2269854415297272,-0.769542357556712,0
1.0401664189892896,-1.1963007167111273,-0.7306922949542702,0
1.0394229829363733,-1.2146563958796572,-0.6847226411054834,0
1.0348707399786132,-1.1839693460500362,-0.6459818153175605,0
1.0303685372644147,-1.1536334045363281,-0.6072315446350103,0
1.0259361924396688,-1.1235534294985563,-0.568803276698792,0
1.025627770781509,-1.1419135844831623,-0.5236219767656425,0
1.0212667148883277,-1.1114046269006421,-0.48508230693625176,0
1.0169469420216066,-1.0808417087652378,-0.44652830435797247,0
1.0126930709522404,-1.0504493620355848,-0.40801797593575956,0
1.0084053849244268,-1.0196738491723587,-0.36804582227001204,0
1.004171960073707,-0.9886217685443471,-0.328423529770059,0
0.9999996875,-0.9569403354952273,-0.2902846780356864,0
1.0990004261971662,-0.8992226575541569,1.786448603274452,0
1.0990004261971662,-0.9427934721717719,1.7638425294879063,0
1.0948958599713494,-0.9455526259126588,1.7137354912669882,0
1.095756542090631,-0.9894170658473566,1.6991428932856931,0
1.0949532346035178,-1.021220693999315,1.6704061400615462,0
1.090976396642734,-1.0115633038189695,1.6280614410320045,0
1.0877599548493841,-1.017297515329051,1.5851330528217211,0
1.0843899088754918,-1.02523141012967,1.5386438064223484,0
1.0809174001222743,-1.0326154472307307,1.4905333235896983,0
1.0774190968285084,-1.0397778863928295,1.4417874534395563,0
1.07396732801782,-1.046918742513806,1.3928581946686642,0
1.070565667745464,-1.0540797085920948,1.3438173532298423,0
1.067228589829002,-1.06125674394682,1.2947006750712795,0
1.0639829120504285,-1.068303526990253,1.2460205018494233,0
1.0608061545782528,-1.0742707229086559,1.1980425907076864,0
1.0574701145682146,-1.0831088974383647,1.1443210032213662,0
1.05493353855436,-1.0960155108382275,1.0960155108382283,0
1.0525077504822442,-1.1089564630933055,1.0477192195237583,0
1.0510102833496169,-1.1301329393687425,1.0023575096202184,0
1.0464060226509342,-1.1045891516312725,0.9613702829909501,0
1.0448153901284616,-1.1228879746071887,0.9148550177960542,0
1.0434189325656253,-1.1412819189335408,0.8689016698785657,0
1.0421658881995253,-1.1596041835050919,0.8227597875343617,0
1.0410818596210742,-1.1779431754780278,0.7766946736178235,0
1.0363964363428462,-1.1472542932368908,0.737805309765046,0
1.0355478814907382,-1.1656636937524198,0.691850376013893,0
1.0309623442370814,-1.1352268274397048,0.6530157385484698,0
1.0264376933767407,-1.1050348978716238,0.6144161180048071,0
1.0219408917258366,-1.0747444034304328,0.5760366303895524,0
1.0215106869170427,-1.0931193892350888,0.530598205287426,0
1.0171180738121044,-1.0626625393001548,0.49221857479215037,0
1.0127266624019788,-1.0319088098025377,0.4537503266712122,0
1.008443243274457,-1.0018668547003047,0.41498684021476856,0
1.0041686248929766,-0.9716515897092132,0.37546153235482954,0
0.9999996875,-0.9415440648596894,0.33688985429587065,0
1.0990004261971662,-1.1111404650968706,-1.6629392252347377,0
1.093492401242088,-1.0995403595284647,-1.6016822578634728,0
1.0900534842916845,-1.1093851536719468,-1.5512908151674178,0
1.086710258951649,-1.117178766409959,-1.5030160473399448,0
1.0833575646991056,-1.124362029709829,-1.454309247612962,0
1.0800528380917065,-1.1315088933132595,-1.40568136286468,0
1.0767639081654732,-1.1381324890747582,-1.356693910863326,0
1.0735030880542646,-1.1445467533678664,-1.3075804978989878,0
1.0705209579883475,-1.1508934126061732,-1.261232679351175,0
1.0677156998441153,-1.158595027346591,-1.215193486436476,0
1.0648494358428893,-1.16672618895708,-1.16672618895708,0
1.0626517905246884,-1.180015181852089,-1.12133901547109,0
1.060806154578254,-1.198042590707686,-1.074270722908656,0
1.0591380208890748,-1.215061649096465,-1.029204639102147,0
1.0576717009487235,-1.233338761712389,-0.9837053122634665,0
1.052918712996341,-1.20265306973257,-0.9454225379161174,0
1.051664940508783,-1.2212340356289773,-0.9002239384997021,0
1.0504940322671237,-1.2394093715624723,-0.8544583756322532,0
1.0494693223678053,-1.2576940597915371,-0.808412321982271,0
1.0485997388339106,-1.2759793620884523,-0.762378986121586,0
1.0440051444731688,-1.2453013003900402,-0.7235384116666651,0
1.043362833354629,-1.2635915672346603,-0.6776564015804261,0
1.038863370135117,-1.2329549199999392,-0.6390321440222385,0
1.034408447791342,-1.2025871732685862,-0.6003896438029138,0
1.0299928790835844,-1.1722197755310901,-0.5618783883164289,0
1.0297794397447255,-1.1906237762489842,-0.5164565675553583,0
1.0254756306527486,-1.1601088432316402,-0.47796116122522575,0
1.0212050814658447,-1.1295773861480758,-0.4393593616532308,0
1.0169863288941872,-1.0990421277971378,-0.40074244350015226,0
1.0128376128026808,-1.0686406496426588,-0.36222177997824473,0
1.0084840197249947,-1.0368128704020467,-0.31916327536641154,0
1.0042191455164906,-1.004197890929559,-0.2789406504611346,0
0.9999996875,-0.9700312530284172,-0.24298018056647946,0
1.0990004261971662,-0.9857963831335146,1.7401739829686234,0
1.0990004261971662,-1.0282054871982258,1.7154572207127345,0
1.0990004261971662,-1.0699952387551885,1.6897071311446923,0
1.0947174396282187,-1.060386865914089,1.6429902325305352,0
1.0911741573740483,-1.0523859876889459,1.6043549483657271,0
1.0887042095494683,-1.0625045965474988,1.5669904136450445,0
1.0854933066047456,-1.0711871529369172,1.5208376012295801,0
1.0820676236836912,-1.0784979815361517,1.4723673738266583,0
1.07866850630674,-1.0857337865222747,1.4235540481775792,0
1.0753128454756529,-1.0929610389939879,1.3745837236801302,0
1.0720132408312588,-1.100200234955922,1.3255134555286283,0
1.0688041354674334,-1.1075240274466878,1.2765426724420315,0
1.0656765690147052,-1.1138145911334159,1.2286978455988211,0
1.0626517905246884,-1.1213390154710896,1.1800151818520892,0
1.0598969331021633,-1.1313708498976425,1.1313708498976434,0
1.057470114568214,-1.1443210032213655,1.0831088974383654,0
1.055855194048621,-1.1638414457043695,1.0377908299233853,0
1.0543298396556084,-1.1832732420570176,0.9918263606010754,0
1.0495659887655704,-1.1525894798096505,0.9538778719754055,0
1.0481888276090654,-1.1720005014611148,0.9074355229280178,0
1.0469152366373204,-1.1903396385189158,0.8616452898421837,0
1.0457824110686715,-1.2086577201513369,0.8155845120746192,0
1.0448088025753015,-1.2269854415297268,0.7695423575567124,0
1.0401664189892894,-1.1963007167111268,0.7306922949542707,0
1.0394229829363733,-1.2146563958796568,0.6847226411054839,0
1.0348707399786132,-1.1839693460500358,0.6459818153175609,0
1.0303685372644147,-1.1536334045363277,0.6072315446350107,0
1.0259361924396688,-1.1235534294985559,0.5688032766987925,0
1.0256277707815094,-1.1419135844831618,0.5236219767656429,0
1.0212667148883277,-1.1114046269006417,0.4850823069362522,0
1.0169469420216073,-1.0808417087652378,0.4465283043579729,0
1.0126930709522404,-1.0504493620355848,0.40801797593576,0
1.0084053849244266,-1.0196738491723587,0.3680458222700125,0
1.0041719600737078,-0.9886217685443469,0.32842352977005945,0
0.9999996875,-0.9569403354952271,0.29028467803568686,0
1.0990004261971662,-1.1516163820122887,-1.6351696268830729,0
1.0946973709614585,-1.1494865907553757,-1.581658803163281,0
1.091250209714151,-1.1549512406425757,-1.5331860065540177,0
1.0880071528772761,-1.1629351188894097,-1.4849020148823837,0
1.084751119467084,-1.1701315577130558,-1.4362801888545997,0
1.0814375501049733,-1.1759398820576639,-1.3873059271990267,0
1.0781861025053883,-1.1801481223717984,-1.3397632023767907,0
1.075097814949014,-1.1850054935467533,-1.2930438374665658,0
1.0725997011567996,-1.1941302515851955,-1.2497707904730477,0
1.0697860257460028,-1.202081528016508,-1.202081528016508,0
1.0677156998441144,-1.215193486436476,-1.158595027346591,0
1.065676569014705,-1.228697845598821,-1.113814591133416,0
1.063982912050427,-1.246020501849423,-1.068303526990253,0
1.0624459502657435,-1.263990126158564,-1.02242647146631,0
1.0611200323029255,-1.282496138898013,-0.9772008524625787,0
1.056407286549076,-1.252077621284581,-0.9386685172308532,0
1.0552197346020327,-1.2702721379983353,-0.893242349842128,0
1.0541388590538847,-1.2884168824373492,-0.8472911698935406,0
1.0532217936179797,-1.3066951378897953,-0.8012500756252083,0
1.05245320783965,-1.3249485041973301,-0.7552346740026502,0
1.0478941225207383,-1.2942565448041983,-0.7163847937734589,0
1.0473633926011143,-1.3125686756354211,-0.6705983158359075,0
1.0429160800133535,-1.2819741079706182,-0.6320833254418003,0
1.0384956162866257,-1.2514551744481712,-0.5935099122618283,0
1.0341158893071438,-1.2209649577838952,-0.5549153801891828,0
1.0339923600104897,-1.2393250274103271,-0.5094748583675273,0
1.029722855836155,-1.2087065395314422,-0.4708985323807482,0
1.0254965164531544,-1.1781463760709099,-0.4323187102210183,0
1.0213417467280004,-1.1477751322528318,-0.39359265178888525,0
1.0172279547910859,-1.1172133050891289,-0.3549575354954189,0
1.0130033273666172,-1.0856398098607387,-0.31370862659348175,0
1.008575430796518,-1.051901303151065,-0.26902545227753794,0
1.0043343108013685,-1.018488388592635,-0.22658593868666227,0
0.9999996875,-0.980785280302205,-0.19509032252401687,0
1.0990004261971662,-1.1111404650968697,1.6629392252347381,0
1.093492401242087,-1.0995403595284639,1.6016822578634733,0
1.0900534842916847,-1.109385153671946,1.5512908151674183,0
1.086710258951648,-1.1171787664099582,1.5030160473399452,0
1.0833575646991058,-1.124362029709828,1.4543092476129624,0
1.080052838091707,-1.1315088933132587,1.4056813628646805,0
1.0767639081654716,-1.1381324890747577,1.3566939108633265,0
1.0735030880542655,-1.144546753367866,1.3075804978989882,0
1.0705209579883472,-1.1508934126061727,1.2612326793511754,0
1.0677156998441146,-1.1585950273465906,1.2151934864364764,0
1.0648494358428902,-1.1667261889570795,1.1667261889570804,0
1.062651790524689,-1.1800151818520885,1.1213390154710905,0
1.0608061545782526,-1.1980425907076855,1.0742707229086566,0
1.059138020889076,-1.2150616490964645,1.0292046391021474,0
1.057671700948724,-1.2333387617123885,0.9837053122634671,0
1.0529187129963413,-1.2026530697325695,0.9454225379161179,0
1.0516649405087828,-1.2212340356289768,0.9002239384997025,0
1.0504940322671228,-1.2394093715624719,0.8544583756322539,0
1.0494693223678062,-1.2576940597915367,0.8084123219822716,0
1.0485997388339094,-1.2759793620884519,0.7623789861215867,0
1.044005144473169,-1.2453013003900397,0.7235384116666658,0
1.0433628333546285,-1.2635915672346598,0.6776564015804267,0
1.0388633701351178,-1.2329549199999388,0.6390321440222392,0
1.0344084477913424,-1.2025871732685858,0.6003896438029143,0
1.029992879083585,-1.1722197755310897,0.5618783883164293,0
1.0297794397447249,-1.1906237762489837,0.5164565675553587,0
1.0254756306527488,-1.1601088432316398,0.4779611612252263,0
1.0212050814658444,-1.1295773861480758,0.43935936165323136,0
1.0169863288941876,-1.0990421277971378,0.4007424435001527,0
1.0128376128026817,-1.0686406496426588,0.3622217799782452,0
1.008484019724994,-1.0368128704020467,0.319163275366412,0
1.0042191455164906,-1.004197890929559,0.27894065046113503,0
0.9999996875,-0.970031253028417,0.24298018056647996,0
1.0990004261971662,-1.1913986083068824,-1.6064150634641179,0
1.0954349015980984,-1.1918253310997307,-1.559679832961669,0
1.09247316878896,-1.2000688964965516,-1.514280675926925,0
1.089443850315335,-1.2097062774389704,-1.4662898363627939,0
1.0861152985709044,-1.2152428206017956,-1.4167905016275868,0
1.0828837971614595,-1.2177970900904984,-1.3705460330161898,0
1.0799373290932286,-1.2207035694102613,-1.3272377574731977,0
1.077244478651447,-1.2255534180193182,-1.2851171388757487,0
1.0747136655900182,-1.237436867075976,-1.237436867075975,0
1.0725997011568003,-1.249770790473048,-1.194130251585195,0
1.0705209579883475,-1.261232679351175,-1.150893412606173,0
1.0688041354674347,-1.276542672442031,-1.107524027446688,0
1.0672285898290017,-1.294700675071279,-1.06125674394682,0
1.065810620091715,-1.313055584650275,-1.015219633626509,0
1.064595716398968,-1.331545646556649,-0.9700535395640812,0
1.0599289914735268,-1.300938180013275,-0.9320499721060267,0
1.0588186399442334,-1.3191457062150873,-0.8861488818067371,0
1.0578507563179989,-1.3374190702461701,-0.8401337787239316,0
1.057029594606546,-1.3556682228015373,-0.794128854143465,0
1.0563580911579717,-1.3738845269642013,-0.7481303406665689,0
1.0518432591235587,-1.3431817133480801,-0.7092503176796282,0
1.05141812646393,-1.3615979945818202,-0.6635659615862535,0
1.0470148608834495,-1.3309994190427201,-0.6250597025248626,0
1.042646000186145,-1.3004422055586022,-0.586611387731799,0
1.0382993518779897,-1.2698873600378853,-0.5480006094351313,0
1.038251421486424,-1.2880914710239872,-0.5023621380309765,0
1.0340161233117982,-1.2573541431005453,-0.463832762795705,0
1.029826663477899,-1.2266405731933698,-0.4252794204484164,0
1.0257221410099862,-1.1962167773943118,-0.3866367463329259,0
1.0216705276975153,-1.1659184707108028,-0.34784616906804716,0
1.0175591376318276,-1.134335909489621,-0.30843696583189845,0
1.0134541684129112,-1.102146110577886,-0.26891265440161627,0
1.0085105780208758,-1.062548862481097,-0.22010089776117164,0
1.005026931057478,-1.034882314224999,-0.17875432905531205,0
0.9999996875,-0.989176509908181,-0.14673047483692786,0
1.0990004261971662,-1.1516163820122878,1.6351696268830733,0
1.0946973709614582,-1.1494865907553748,1.5816588031632814,0
1.0912502097141517,-1.1549512406425748,1.5331860065540182,0
1.0880071528772768,-1.1629351188894088,1.4849020148823842,0
1.0847511194670836,-1.1701315577130549,1.4362801888546002,0
1.0814375501049744,-1.175939882057663,1.3873059271990271,0
1.0781861025053885,-1.180148122371798,1.3397632023767911,0
1.0750978149490127,-1.1850054935467529,1.2930438374665663,0
1.0725997011568014,-1.194130251585195,1.2497707904730482,0
1.0697860257460021,-1.2020815280165076,1.2020815280165085,0
1.0677156998441144,-1.2151934864364755,1.1585950273465915,0
1.0656765690147045,-1.2286978455988204,1.1138145911334165,0
1.0639829120504272,-1.2460205018494226,1.0683035269902534,0
1.0624459502657422,-1.2639901261585635,1.0224264714663105,0
1.061120032302926,-1.2824961388980125,0.9772008524625794,0
1.0564072865490757,-1.2520776212845806,0.9386685172308539,0
1.0552197346020338,-1.2702721379983348,0.8932423498421287,0
1.0541388590538838,-1.2884168824373488,0.8472911698935413,0
1.053221793617981,-1.3066951378897949,0.801250075625209,0
1.0524532078396494,-1.3249485041973297,0.7552346740026509,0
1.0478941225207397,-1.2942565448041978,0.7163847937734595,0
1.047363392601113,-1.3125686756354207,0.6705983158359081,0
1.0429160800133541,-1.2819741079706177,0.632083325441801,0
1.0384956162866243,-1.2514551744481708,0.5935099122618289,0
1.034115889307144,-1.2209649577838948,0.5549153801891833,0
1.0339923600104894,-1.2393250274103267,0.5094748583675279,0
1.0297228558361555,-1.2087065395314418,0.47089853238074875,0
1.0254965164531544,-1.1781463760709099,0.43231871022101886,0
1.0213417467280006,-1.1477751322528318,0.3935926517888858,0
1.017227954791086,-1.1172133050891289,0.3549575354954195,0
1.0130033273666166,-1.0856398098607387,0.3137086265934822,0
1.0085754307965187,-1.051901303151065,0.2690254522775384,0
1.0043343108013676,-1.018488388592635,0.22658593868666277,0
0.9999996875,-0.980785280302205,0.19509032252401737,0
1.0990004261971662,-1.2304631806793405,-1.5766928556293018,0
1.0962123923035003,-1.2315959561210517,-1.53883046074536,0
1.0945818172658597,-1.2531333301774619,-1.4993387059434997,0
1.090698807197478,-1.2547487527514258,-1.4450961056802758,0
1.0871363670860628,-1.25512730188083,-1.3957699035847397,0
1.0843728215422919,-1.2545290474322521,-1.3578554465306538,0
1.0821230610793933,-1.2599334939023492,-1.3211105335975057,0
1.0796098131794756,-1.272792206135378,-1.272792206135378,0
1.077244478651446,-1.285117138875749,-1.225553418019318,0
1.0750978149490151,-1.293043837466566,-1.185005493546753,0
1.073503088054263,-1.307580497898988,-1.144546753367866,0
1.0720132408312588,-1.325513455528628,-1.100200234955922,0
1.0705656677454642,-1.343817353229842,-1.054079708592095,0
1.0692515499031494,-1.362172223592501,-1.008027093324391,0
1.0681294320022567,-1.380593368390429,-0.9629108655293444,0
1.0634881435603505,-1.3498765079168833,-0.9247762276904175,0
1.0624858776406365,-1.3681199568820992,-0.8789474002831321,0
1.0616191357476024,-1.3863816745637372,-0.8330089197864605,0
1.0608959058736387,-1.4045887967937642,-0.7870549657684797,0
1.0603212065904843,-1.4228288626328183,-0.7411879728250115,0
1.0558577919163756,-1.3921893495941933,-0.702342032496161,0
1.0555193842729462,-1.4105440308590103,-0.6567185461126069,0
1.0511643429314865,-1.3800047173256662,-0.6180801027467775,0
1.0468213708524938,-1.3493514221344463,-0.5794975307215877,0
1.0425187137012764,-1.3187041651600202,-0.5409604740435408,0
1.0425485715940654,-1.3369108528425813,-0.49519113737046005,0
1.038370251101162,-1.3062533764974118,-0.4566925259191859,0
1.0341814901489077,-1.2750544577923808,-0.41801516123934257,0
1.0301122666413365,-1.2445794559813168,-0.37941260423677187,0
1.0261022766071595,-1.2140717345419088,-0.3408518767713711,0
1.022115205632231,-1.183185460292307,-0.3019187746551882,0
1.0181200701996036,-1.151639946060103,-0.2626900972427301,0
1.0140987105603083,-1.119217208372746,-0.22191810231964712,0
1.0105848480223827,-1.090105394089912,-0.18511491941593183,0
1.0079658236665625,-1.069478001292287,-0.14845401837814873,0
1.0043008612490083,-1.035561018515463,-0.12501317957324545,0
0.9999996875,-0.9951847266485508,-0.09801714056964254,0
1.0990004261971662,-1.1913986083068815,1.6064150634641183,0
1.095434901598098,-1.1918253310997298,1.5596798329616695,0
1.09247316878896,-1.2000688964965507,1.5142806759269254,0
1.089443850315335,-1.2097062774389695,1.4662898363627943,0
1.086115298570904,-1.2152428206017947,1.4167905016275872,0
1.0828837971614584,-1.217797090090498,1.3705460330161903,0
1.0799373290932295,-1.2207035694102608,1.3272377574731982,0
1.0772444786514468,-1.2255534180193177,1.2851171388757492,0
1.074713665590017,-1.2374368670759757,1.2374368670759754,0
1.0725997011568007,-1.2497707904730475,1.1941302515851955,0
1.0705209579883475,-1.2612326793511746,1.1508934126061734,0
1.0688041354674347,-1.2765426724420306,1.1075240274466884,0
1.0672285898290024,-1.2947006750712786,1.0612567439468203,0
1.065810620091715,-1.3130555846502745,1.0152196336265094,0
1.0645957163989686,-1.3315456465566486,0.9700535395640819,0
1.0599289914735257,-1.3009381800132747,0.9320499721060274,0
1.0588186399442336,-1.3191457062150869,0.8861488818067378,0
1.0578507563179977,-1.3374190702461697,0.8401337787239322,0
1.0570295946065462,-1.3556682228015369,0.7941288541434657,0
1.0563580911579717,-1.3738845269642008,0.7481303406665696,0
1.0518432591235591,-1.3431817133480797,0.7092503176796289,0
1.0514181264639306,-1.3615979945818197,0.6635659615862541,0
1.0470148608834502,-1.3309994190427197,0.6250597025248633,0
1.042646000186145,-1.3004422055586018,0.5866113877317997,0
1.0382993518779906,-1.2698873600378848,0.548000609435132,0
1.0382514214864238,-1.2880914710239868,0.5023621380309772,0
1.034016123311799,-1.2573541431005448,0.46383276279570557,0
1.0298266634778985,-1.2266405731933698,0.42527942044841693,0
1.0257221410099868,-1.1962167773943118,0.38663674633292644,0
1.0216705276975149,-1.1659184707108028,0.3478461690680477,0
1.0175591376318285,-1.134335909489621,0.308436965831899,0
1.0134541684129108,-1.102146110577886,0.2689126544016167,0
1.0085105780208758,-1.062548862481097,0.2201008977611722,0
1.0050269310574782,-1.034882314224999,0.17875432905531255,0
0.9999996875,-0.989176509908181,0.14673047483692836,0
1.0990004261971662,-1.2687865679578592,-1.5460209070286597,0
1.0990004261971662,-1.3063456856411466,-1.5144176932427738,0
1.0949801321649992,-1.2972295096967286,-1.4668515038325178,0
1.0911264804218697,-1.2941161931655016,-1.415962880308641,0
1.0872606634557442,-1.2928036637969835,-1.3627062966573877,0
1.0844940618519088,-1.308147545194806,-1.308147545194806,0
1.0821230610793942,-1.321110533597506,-1.259933493902349,0
1.0799373290932286,-1.327237757473198,-1.220703569410261,0
1.0781861025053878,-1.339763202376791,-1.180148122371798,0
1.0767639081654738,-1.356693910863326,-1.138132489074758,0
1.0753128454756522,-1.37458372368013,-1.092961038993988,0
1.07396732801782,-1.392858194668664,-1.046918742513806,0
1.0727532025978226,-1.411174148990311,-1.00092504308546,0
1.0717231812870969,-1.429544280043172,-0.9557742848212265,0
1.0671165836786733,-1.3988197810161083,-0.9176465317578044,0
1.0662035223699189,-1.4170391448831963,-0.8717536437363363,0
1.0654323003562043,-1.4352804068839142,-0.8258666057212549,0
1.0648041792583325,-1.4534890869163752,-0.7800071014681164,0
1.0643175853605233,-1.4716750845600461,-0.73415825331562,0
1.059911104783041,-1.4411258387087722,-0.6954271158278537,0
1.0596434068670284,-1.4593570135546823,-0.6497186334191415,0
1.0553251156901604,-1.4287414852392362,-0.6111480800637326,0
1.0510338606579155,-1.3981753524001073,-0.5724530245671201,0
1.0467732750360463,-1.3675109742324743,-0.5338238125609343,0
1.0468812091671582,-1.3857110115418312,-0.48798624408594254,0
1.0427391934764563,-1.3549555759422467,-0.44938582388988885,0
1.0385692261320685,-1.3235299389249988,-0.41073490836770316,0
1.0345413805133128,-1.2929820038783397,-0.3720098234345863,0
1.030575453351154,-1.2624620533703899,-0.3333668210357327,0
1.0266445833622864,-1.231677909434284,-0.2945843449848356,0
1.0227752321047892,-1.20081514108489,-0.25569214394846657,0
1.0189825524401088,-1.169802319917377,-0.21669359675775615,0
1.015287209096365,-1.139060617110101,-0.17799644833867695,0
1.0118744216481255,-1.110125723683732,-0.13892061692745514,0
1.0085845980861217,-1.080429989578334,-0.10665909930212068,0
1.004821451646878,-1.045564283086771,-0.0752609377221296,0
0.9999996875,-0.998795456200073,-0.04906767443121759,0
1.0990004261971662,-1.2304631806793396,1.5766928556293023,0
1.096212392303502,-1.2315959561210508,1.5388304607453605,0
1.0945818172658606,-1.253133330177461,1.4993387059435002,0
1.0906988071974781,-1.254748752751425,1.4450961056802762,0
1.0871363670860643,-1.255127301880829,1.3957699035847402,0
1.0843728215422914,-1.2545290474322517,1.3578554465306543,0
1.0821230610793928,-1.2599334939023488,1.3211105335975062,0
1.0796098131794756,-1.2727922061353776,1.2727922061353785,0
1.0772444786514466,-1.2851171388757485,1.2255534180193184,0
1.0750978149490131,-1.2930438374665656,1.1850054935467536,0
1.0735030880542638,-1.3075804978989876,1.1445467533678664,0
1.072013240831257,-1.3255134555286276,1.1002002349559223,0
1.070565667745464,-1.3438173532298416,1.0540797085920954,0
1.0692515499031485,-1.3621722235925005,1.0080270933243916,0
1.068129432002257,-1.3805933683904286,0.962910865529345,0
1.0634881435603505,-1.3498765079168829,0.9247762276904181,0
1.0624858776406376,-1.3681199568820988,0.8789474002831328,0
1.0616191357476026,-1.3863816745637367,0.8330089197864612,0
1.060895905873639,-1.4045887967937638,0.7870549657684803,0
1.0603212065904843,-1.4228288626328178,0.7411879728250121,0
1.0558577919163759,-1.3921893495941928,0.7023420324961617,0
1.0555193842729453,-1.4105440308590098,0.6567185461126076,0
1.051164342931486,-1.3800047173256658,0.6180801027467782,0
1.0468213708524932,-1.3493514221344458,0.5794975307215884,0
1.0425187137012764,-1.3187041651600198,0.5409604740435414,0
1.0425485715940652,-1.3369108528425808,0.4951911373704606,0
1.038370251101162,-1.3062533764974118,0.45669252591918646,0
1.0341814901489075,-1.2750544577923808,0.4180151612393431,0
1.0301122666413365,-1.2445794559813168,0.3794126042367724,0
1.026102276607159,-1.2140717345419088,0.34085187677137163,0
1.0221152056322313,-1.183185460292307,0.30191877465518874,0
1.018120070199603,-1.151639946060103,0.2626900972427307,0
1.0140987105603088,-1.119217208372746,0.22191810231964768,0
1.0105848480223822,-1.090105394089912,0.1851149194159324,0
1.0079658236665625,-1.069478001292287,0.14845401837814928,0
1.004300861249008,-1.035561018515463,0.12501317957324595,0
0.9999996875,-0.9951847266485508,0.09801714056964302,0
1.0990004261971662,-1.3431179095514867,-1.4819022508391178,0
1.0949038959160549,-1.3321672493269336,-1.4340531810288057,0
1.091933226778202,-1.3326206815401125,-1.3913002910681187,0
1.0893557264872973,-1.343502884254265,-1.343502884254264,0
1.0872606634557445,-1.362706296657388,-1.292803663796983,0
1.0843728215422912,-1.357855446530654,-1.254529047432252,0
1.082883797161459,-1.37054603301619,-1.217797090090498,0
1.081437550104974,-1.387305927199027,-1.175939882057663,0
1.0800528380917054,-1.40568136286468,-1.131508893313259,0
1.0786685063067414,-1.423554048177579,-1.085733786522275,0
1.077419096828507,-1.441787453439556,-1.03977788639283,0
1.0763059907596144,-1.460050818167383,-0.9939633458298466,0
1.07535206122187,-1.478366484011826,-0.9486054715424804,0
1.0707885704618283,-1.4476947879023523,-0.9104239655038595,0
1.0699696170351425,-1.4658786511622863,-0.8645266627553881,0
1.0692839604086304,-1.4840822675570933,-0.8186486337617133,0
1.0687421770153356,-1.5022731639555231,-0.772827924121615,0
1.0683400037466413,-1.5204563177716983,-0.7270171515897211,0
1.0639788331455302,-1.4898868487216943,-0.6883693530345409,0
1.0637898995608164,-1.5080911209063432,-0.6426195207666946,0
1.0595185097540702,-1.4775185379453741,-0.6039782597480688,0
1.0552745311398855,-1.4469192155108102,-0.56532971002423,0
1.0510600156200485,-1.4163189620861563,-0.526664546308513,0
1.0512479244412916,-1.4345188498682673,-0.4808141896676548,0
1.0471539255770916,-1.4038711475725767,-0.44215049307674215,0
1.0430780530154322,-1.3729279703358448,-0.4034586194946556,0
1.0390633288065134,-1.3420197378987997,-0.3647432929574265,0
1.0351017087923327,-1.3111714858139027,-0.3259376089370225,0
1.03121052683391,-1.280334932435385,-0.2870510277159108,0
1.0274007432519372,-1.249549437856368,-0.24822595344380963,0
1.0236673915139138,-1.218831323605658,-0.20947580326456322,0
1.0200519662201921,-1.18818522569068,-0.17171886473413892,0
1.016776510785776,-1.161007384923481,-0.12557428605446025,0
1.0129355331175856,-1.125473753467015,-0.09303786996718197,0
1.0095162200092187,-1.092899391922077,-0.07124812390196172,0
1.0076893250429464,-1.076057135607035,-0.037941139861740594,0
1.0037202384398218,-1.036541042540306,-0.0372059861067225,0
0.9999996875,-1.0,3.5876077807826975e-16,0
0.9999996875,-0.998795456200073,0.049067674431218074,0
1.0048214516468787,-1.045564283086771,0.0752609377221301,0
1.0085845980861214,-1.080429989578334,0.10665909930212118,0
1.0118744216481261,-1.110125723683732,0.1389206169274557,0
1.0152872090963645,-1.139060617110101,0.1779964483386775,0
1.0189825524401088,-1.169802319917377,0.2166935967577567,0
1.0227752321047894,-1.20081514108489,0.2556921439484671,0
1.0266445833622861,-1.231677909434284,0.29458434498483616,0
1.0305754533511542,-1.2624620533703899,0.33336682103573323,0
1.0345413805133132,-1.2929820038783397,0.37200982343458683,0
1.0385692261320687,-1.3235299389249988,0.4107349083677037,0
1.0427391934764558,-1.3549555759422467,0.4493858238898895,0
1.0468812091671584,-1.3857110115418307,0.4879862440859432,0
1.0467732750360461,-1.3675109742324738,0.5338238125609349,0
1.051033860657916,-1.3981753524001068,0.5724530245671208,0
1.0553251156901622,-1.4287414852392357,0.6111480800637332,0
1.0596434068670273,-1.4593570135546818,0.6497186334191422,0
1.0599111047830425,-1.4411258387087718,0.6954271158278543,0
1.0643175853605227,-1.4716750845600457,0.7341582533156207,0
1.0648041792583334,-1.4534890869163748,0.780007101468117,0
1.065432300356204,-1.4352804068839138,0.8258666057212556,0
1.066203522369919,-1.4170391448831958,0.871753643736337,0
1.0671165836786725,-1.3988197810161078,0.9176465317578051,0
1.0717231812870984,-1.4295442800431715,0.9557742848212272,0
1.0727532025978226,-1.4111741489903105,1.0009250430854604,0
1.0739673280178195,-1.3928581946686636,1.0469187425138065,0
1.0753128454756538,-1.3745837236801295,1.0929610389939886,0
1.0767639081654732,-1.3566939108633256,1.1381324890747584,0
1.078186102505388,-1.3397632023767905,1.1801481223717984,0
1.0799373290932295,-1.3272377574731975,1.2207035694102615,0
1.0821230610793922,-1.3211105335975055,1.2599334939023494,0
1.0844940618519092,-1.3081475451948055,1.3081475451948064,0
1.0872606634557438,-1.292803663796983,1.3627062966573882,0
1.0911264804218694,-1.2941161931655007,1.4159628803086415,0
1.094980132164999,-1.2972295096967277,1.4668515038325183,0
1.0990004261971662,-1.3063456856411457,1.5144176932427742,0
1.0990004261971662,-1.2687865679578583,1.5460209070286601,0
1.0990004261971662,-1.3790810894677097,-1.4484941659090498,0
1.0955962860627144,-1.3641045612084697,-1.4137237695628768,0
1.0941952246042044,-1.37885822331368,-1.37885822331368,0
1.0919332267782023,-1.391300291068119,-1.332620681540112,0
1.09112648042187,-1.415962880308641,-1.294116193165501,0
1.0871363670860632,-1.39576990358474,-1.255127301880829,0
1.0861152985709042,-1.416790501627587,-1.215242820601795,0
1.0847511194670842,-1.4362801888546,-1.170131557713055,0
1.0833575646991058,-1.454309247612962,-1.124362029709828,0
1.0820676236836897,-1.472367373826658,-1.0784979815361515,0
1.0809174001222743,-1.490533323589698,-1.0326154472307305,0
1.0799058707278382,-1.508902454752816,-0.9868807959089331,0
1.0790200092820155,-1.52710114529763,-0.9413242710186288,0
1.0745042334810722,-1.4965668492416901,-0.9030424825751212,0
1.073766718521429,-1.5147111735839172,-0.8571680851395619,0
1.07317490038692,-1.5328851976495512,-0.8113683523643549,0
1.0727085719506302,-1.5510105000115373,-0.765542950329031,0
1.0723909255520865,-1.5692109021911713,-0.7197947969313137,0
1.0680824398987065,-1.5386390392957163,-0.6812500419346333,0
1.0679623824234692,-1.5568159013798892,-0.6354759842480159,0
1.0637423944269944,-1.5262651688857543,-0.596844146999799,0
1.059543740907159,-1.4957010917114453,-0.5581773160330766,0
1.0553778151799846,-1.4651228610774731,-0.5194966514366272,0
1.055639420316667,-1.4833375594071263,-0.47364393902601026,0
1.051591673348102,-1.4527104669804687,-0.4349346948827668,0
1.047587434967453,-1.4220054950693588,-0.39624209352542944,0
1.0436189191360672,-1.3911859266070867,-0.35749510515074445,0
1.0396902460589401,-1.3601958706981219,-0.3186905432063468,0
1.03585294693906,-1.329394721754459,-0.27983033267682356,0
1.0320715641847427,-1.2985876924889,-0.2409704972819495,0
1.0282473767009928,-1.266820787449091,-0.19967445931444072,0
1.024786204655129,-1.237022592969058,-0.16339032309227694,0
1.0216970022256993,-1.210010914357945,-0.12933259887127074,0
1.0200272748672612,-1.197018626328959,-0.08809221923470849,0
1.0162179598111178,-1.159499000354933,-0.07832031644348034,0
1.0126585274767328,-1.125704394314883,-0.04452201022262438,0
1.009990767768919,-1.1,3.9463685588609675e-16,0
1.0049855414311222,-1.05,3.7669881698218327e-16,0
1.007689325042946,-1.076057135607035,0.03794113986174112,0
1.0095162200092191,-1.092899391922077,0.07124812390196225,0
1.0129355331175853,-1.125473753467015,0.0930378699671825,0
1.0167765107857756,-1.161007384923481,0.1255742860544608,0
1.0200519662201926,-1.18818522569068,0.17171886473413953,0
1.0236673915139136,-1.218831323605658,0.20947580326456383,0
1.0274007432519368,-1.249549437856368,0.24822595344381024,0
1.031210526833911,-1.280334932435385,0.28705102771591134,0
1.0351017087923322,-1.3111714858139027,0.32593760893702306,0
1.0390633288065136,-1.3420197378987997,0.3647432929574271,0
1.043078053015432,-1.3729279703358448,0.4034586194946563,0
1.0471539255770925,-1.4038711475725767,0.4421504930767428,0
1.0512479244412904,-1.4345188498682668,0.4808141896676555,0
1.0510600156200494,-1.4163189620861558,0.5266645463085137,0
1.0552745311398835,-1.4469192155108097,0.5653297100242307,0
1.0595185097540707,-1.4775185379453737,0.6039782597480695,0
1.0637898995608164,-1.5080911209063428,0.6426195207666953,0
1.0639788331455304,-1.4898868487216939,0.6883693530345416,0
1.0683400037466422,-1.5204563177716979,0.7270171515897218,0
1.0687421770153362,-1.5022731639555227,0.7728279241216157,0
1.0692839604086304,-1.4840822675570928,0.8186486337617139,0
1.0699696170351438,-1.4658786511622859,0.8645266627553888,0
1.070788570461828,-1.4476947879023518,0.9104239655038602,0
1.0753520612218705,-1.4783664840118256,0.9486054715424811,0
1.0763059907596129,-1.4600508181673826,0.9939633458298472,0
1.0774190968285082,-1.4417874534395556,1.0397778863928304,0
1.0786685063067398,-1.4235540481775786,1.0857337865222754,0
1.0800528380917045,-1.4056813628646796,1.1315088933132595,0
1.0814375501049736,-1.3873059271990265,1.1759398820576634,0
1.0828837971614584,-1.3705460330161896,1.2177970900904984,0
1.084372821542292,-1.3578554465306536,1.2545290474322524,0
1.0872606634557442,-1.3627062966573875,1.2928036637969835,0
1.0893557264872975,-1.3435028842542645,1.3435028842542645,0
1.091933226778202,-1.3326206815401116,1.3913002910681191,0
1.0949038959160553,-1.3321672493269328,1.4340531810288062,0
1.0990004261971662,-1.3431179095514858,1.4819022508391182,0
1.0037202384398216,-1.036541042540306,0.037205986106723,0
1.0990004261971662,-1.4142135623730954,-1.414213562373095,0
1.0955962860627144,-1.413723769562877,-1.364104561208469,0
1.0949038959160555,-1.434053181028806,-1.332167249326933,0
1.0949801321649977,-1.466851503832518,-1.2972295096967275,0
1.090698807197479,-1.445096105680276,-1.254748752751425,0
1.0894438503153345,-1.466289836362794,-1.2097062774389695,0
1.0880071528772761,-1.484902014882384,-1.1629351188894086,0
1.0867102589516486,-1.503016047339945,-1.1171787664099575,0
1.0854933066047454,-1.52083760122958,-1.0711871529369166,0
1.084389908875492,-1.538643806422348,-1.0252314101296696,0
1.0835223655730628,-1.557467892698426,-0.9796895472987064,0
1.082727166252355,-1.57584822209119,-0.9340245002836741,0
1.0782574900877235,-1.5453504217494272,-0.8956190673038166,0
1.077610565802269,-1.5635036541434533,-0.8498033120769777,0
1.0770923241681145,-1.5816391289494842,-0.8040236174141511,0
1.076716307598536,-1.5997660774763323,-0.7583295788868947,0
1.0764712668792145,-1.6179564319250022,-0.7125933238871923,0
1.0722090964302422,-1.5873789228274562,-0.6740613245801402,0
1.072165834139416,-1.6055394276913761,-0.6283472969829161,0
1.0679894800877157,-1.5749957551347262,-0.5897173596129548,0
1.0638436004176381,-1.5444866858613002,-0.5510415653227028,0
1.0597247716947042,-1.5139186190521612,-0.5123478992267799,0
1.0600550415311443,-1.5321785964296253,-0.4664979617709979,0
1.056059558263384,-1.5015945278696448,-0.4277704117103881,0
1.0520962953206754,-1.4709227542214818,-0.38901816131946787,0
1.0481777517363022,-1.4401660948385748,-0.35024547450578836,0
1.0443152966200469,-1.4093463981583099,-0.3114415387090038,0
1.0405033499363527,-1.378478815375139,-0.27259482969569254,0
1.0367689309765602,-1.347657995702593,-0.23370783370634002,0
1.0329371392808657,-1.315452553377113,-0.1919306221687877,0
1.0291407933145311,-1.282167594887338,-0.15423797838408115,0
1.02586117417542,-1.252124005671904,-0.12743158589018053,0
1.0248614670407619,-1.245307382624987,-0.09005898609443944,0
1.0225031447214405,-1.224253813538292,-0.04504518356511785,0
1.0177173070085872,-1.176337163535087,-0.042688991665124354,0
1.0149981718290881,-1.15,4.125748947900102e-16,0
1.0126585274767326,-1.125704394314883,0.04452201022262492,0
1.0162179598111183,-1.159499000354933,0.07832031644348089,0
1.0200272748672612,-1.197018626328959,0.08809221923470904,0
1.0216970022256993,-1.210010914357945,0.12933259887127135,0
1.0247862046551286,-1.237022592969058,0.16339032309227755,0
1.028247376700993,-1.266820787449091,0.19967445931444133,0
1.0320715641847424,-1.2985876924889,0.24097049728195016,0
1.03585294693906,-1.329394721754459,0.2798303326768241,0
1.039690246058941,-1.3601958706981219,0.3186905432063475,0
1.0436189191360665,-1.3911859266070867,0.3574951051507451,0
1.0475874349674534,-1.4220054950693588,0.3962420935254301,0
1.0515916733481017,-1.4527104669804687,0.4349346948827675,0
1.0556394203166675,-1.4833375594071259,0.47364393902601093,0
1.0553778151799864,-1.4651228610774727,0.5194966514366278,0
1.0595437409071602,-1.4957010917114448,0.5581773160330773,0
1.0637423944269944,-1.5262651688857538,0.5968441469997997,0
1.0679623824234692,-1.5568159013798888,0.6354759842480165,0
1.0680824398987065,-1.5386390392957159,0.681250041934634,0
1.0723909255520865,-1.5692109021911709,0.7197947969313143,0
1.0727085719506304,-1.5510105000115368,0.7655429503290316,0
1.07317490038692,-1.5328851976495508,0.8113683523643556,0
1.0737667185214288,-1.5147111735839167,0.8571680851395626,0
1.074504233481072,-1.4965668492416897,0.9030424825751219,0
1.0790200092820164,-1.5271011452976295,0.9413242710186295,0
1.0799058707278386,-1.5089024547528156,0.9868807959089337,0
1.0809174001222748,-1.4905333235896976,1.0326154472307314,0
1.0820676236836908,-1.4723673738266576,1.0784979815361524,0
1.0833575646991063,-1.4543092476129615,1.1243620297098285,0
1.0847511194670842,-1.4362801888545995,1.1701315577130555,0
1.0861152985709042,-1.4167905016275866,1.2152428206017953,0
1.0871363670860617,-1.3957699035847395,1.2551273018808295,0
1.09112648042187,-1.4159628803086406,1.2941161931655014,0
1.0919332267782011,-1.3913002910681185,1.3326206815401125,0
1.0941952246042046,-1.3788582233136795,1.3788582233136804,0
1.095596286062714,-1.3641045612084688,1.4137237695628773,0
1.0990004261971662,-1.3790810894677088,1.4484941659090502,0
1.0990004261971662,-1.44849416590905,-1.379081089467709,0
1.0990004261971662,-1.481902250839118,-1.3431179095514856,0
1.0990004261971662,-1.514417693242774,-1.3063456856411455,0
1.0945818172658603,-1.4993387059435,-1.2531333301774605,0
1.0924731687889597,-1.514280675926925,-1.2000688964965505,0
1.0912502097141508,-1.533186006554018,-1.1549512406425746,0
1.090053484291684,-1.551290815167418,-1.1093851536719457,0
1.0887042095494674,-1.566990413645044,-1.0625045965474988,0
1.0877599548493824,-1.585133052821721,-1.0172975153290509,0
1.0870688732172076,-1.604990792463204,-0.9720817765918994,0
1.0864707212529334,-1.6243953774495612,-0.9268313180137039,0
1.0820385737370812,-1.5939976476546103,-0.8882857332060512,0
1.0814821640618848,-1.6121746101227343,-0.8425750126353106,0
1.081048359636656,-1.6303125295994743,-0.7968609085091001,0
1.0807439279977715,-1.6484669721813272,-0.75116187625058,0
1.0805749732102865,-1.6666170100788422,-0.7054617558284969,0
1.0763596458344966,-1.6360853882548132,-0.6669036514610699,0
1.0763833662140507,-1.6542411100321843,-0.6212006986037425,0
1.0722588184507913,-1.6237125703491813,-0.5826153788396268,0
1.0681658176315814,-1.5932758212545932,-0.5439459904452802,0
1.0640967892618454,-1.5627636591291223,-0.5052166796183265,0
1.0645069687281339,-1.5811556519968577,-0.459354074681745,0
1.0605445019204038,-1.5505070239229577,-0.4206063910681741,0
1.0566286436354895,-1.5198567231207967,-0.3818470441582395,0
1.0527615031783442,-1.4891472385085869,-0.34304888797271,0
1.0489397779942669,-1.458388756466627,-0.30422706035737473,0
1.0451773935196567,-1.427575947573089,-0.26536193778133094,0
1.041487746807879,-1.396755643454931,-0.22646276044789032,0
1.0378658450133253,-1.365924926147193,-0.18755384618638193,0
1.033887917456574,-1.331276302514291,-0.1431136157671406,0
1.029830572387326,-1.294507111164958,-0.09963648513448578,0
1.0275819058673012,-1.275068861232616,-0.045307778724191866,0
1.025010001288196,-1.25,4.484509725978371e-16,0
1.0199964981925966,-1.2,4.3051293369392366e-16,0
1.0225031447214408,-1.224253813538292,0.04504518356511845,0
1.0248614670407616,-1.245307382624987,0.09005898609444002,0
1.02586117417542,-1.252124005671904,0.12743158589018114,0
1.0291407933145307,-1.282167594887338,0.15423797838408176,0
1.032937139280866,-1.315452553377113,0.19193062216878837,0
1.0367689309765609,-1.347657995702593,0.23370783370634068,0
1.0405033499363527,-1.378478815375139,0.2725948296956932,0
1.0443152966200462,-1.4093463981583099,0.3114415387090045,0
1.048177751736303,-1.4401660948385748,0.350245474505789,0
1.0520962953206754,-1.4709227542214818,0.38901816131946854,0
1.0560595582633847,-1.5015945278696448,0.42777041171038876,0
1.0600550415311443,-1.5321785964296248,0.46649796177099856,0
1.0597247716947031,-1.5139186190521607,0.5123478992267806,0
1.0638436004176384,-1.5444866858612998,0.5510415653227034,0
1.0679894800877163,-1.5749957551347258,0.5897173596129555,0
1.0721658341394154,-1.6055394276913757,0.6283472969829168,0
1.072209096430243,-1.5873789228274557,0.6740613245801409,0
1.0764712668792138,-1.6179564319250017,0.712593323887193,0
1.0767163075985366,-1.5997660774763318,0.7583295788868953,0
1.077092324168115,-1.5816391289494838,0.8040236174141517,0
1.07761056580227,-1.5635036541434528,0.8498033120769783,0
1.0782574900877244,-1.5453504217494267,0.8956190673038172,0
1.0827271662523554,-1.5758482220911896,0.9340245002836748,0
1.0835223655730621,-1.5574678926984256,0.979689547298707,0
1.0843899088754922,-1.5386438064223475,1.0252314101296705,0
1.0854933066047452,-1.5208376012295794,1.0711871529369175,0
1.0867102589516477,-1.5030160473399445,1.1171787664099584,0
1.0880071528772755,-1.4849020148823835,1.1629351188894095,0
1.0894438503153332,-1.4662898363627936,1.2097062774389704,0
1.0906988071974788,-1.4450961056802756,1.2547487527514254,0
1.0949801321649966,-1.4668515038325176,1.2972295096967283,0
1.0949038959160549,-1.4340531810288055,1.3321672493269334,0
1.0955962860627144,-1.4137237695628766,1.3641045612084695,0
1.0990004261971662,-1.4142135623730945,1.4142135623730954,0
1.017717307008587,-1.176337163535087,0.04268899166512492,0
1.0990004261971662,-1.54602090702866,-1.2687865679578576,0
1.0962123923035005,-1.53883046074536,-1.2315959561210506,0
1.0954349015980982,-1.559679832961669,-1.1918253310997298,0
1.0946973709614582,-1.581658803163281,-1.1494865907553748,0
1.0934924012420861,-1.601682257863473,-1.0995403595284639,0
1.0911741573740497,-1.604354948365727,-1.0523859876889459,0
1.090976396642734,-1.628061441032004,-1.0115633038189698,0
1.0910305586670144,-1.655941631418573,-0.9663101389930687,0
1.0901992558606588,-1.6726070337701633,-0.9194998606407789,0
1.0858594108428827,-1.6425687100191542,-0.8811106293778752,0
1.085385610185846,-1.6608108080159203,-0.8354356381176822,0
1.0850286696361182,-1.6789596856065523,-0.7897304639994501,0
1.0847968318331838,-1.6971085224516553,-0.744031211551494,0
1.0846918146390767,-1.7152798826443683,-0.6983203083882774,0
1.0805309881232796,-1.6847794269740193,-0.659757508883931,0
1.0806294945526436,-1.7030452731148473,-0.6139661343585028,0
1.0765421055545734,-1.6724067251201482,-0.5754924991335433,0
1.072504907730207,-1.6420506417088343,-0.536773129219066,0
1.0684859542254557,-1.6116046261293142,-0.49808885295392835,0
1.0689619652847595,-1.6300816207427928,-0.452177598178549,0
1.0650508182494944,-1.5994759586643528,-0.41347441649637556,0
1.0611767477770486,-1.5687806854564728,-0.37469443759129867,0
1.0573485852016482,-1.5380954424125448,-0.3358702774328148,0
1.0535764422465996,-1.507402150851457,-0.2970223552149831,0
1.049865889282318,-1.476666100659508,-0.2581411923806986,0
1.0462100134670276,-1.445862726266407,-0.21922941831972032,0
1.042628862975045,-1.415042858290683,-0.18030853711686268,0
1.039014483160851,-1.383272033175373,-0.13912838018174672,0
1.0355821562579035,-1.352409844500705,-0.09647632513066891,0
1.0326024031217345,-1.325083796556721,-0.05187126222773902,0
1.029996622293692,-1.3,4.663890115017507e-16,0
1.0275819058673015,-1.275068861232616,0.04530777872419249,0
1.0298305723873262,-1.294507111164958,0.09963648513448639,0
1.0338879174565743,-1.331276302514291,0.14311361576714127,0
1.037865845013325,-1.365924926147193,0.1875538461863826,0
1.0414877468078791,-1.396755643454931,0.226462760447891,0
1.0451773935196567,-1.427575947573089,0.2653619377813316,0
1.0489397779942675,-1.458388756466627,0.3042270603573754,0
1.052761503178343,-1.4891472385085869,0.34304888797271066,0
1.0566286436354901,-1.5198567231207967,0.38184704415824017,0
1.0605445019204034,-1.5505070239229577,0.42060639106817477,0
1.064506968728133,-1.5811556519968577,0.45935407468174577,0
1.064096789261847,-1.5627636591291219,0.5052166796183272,0
1.0681658176315802,-1.5932758212545928,0.5439459904452809,0
1.0722588184507924,-1.6237125703491808,0.5826153788396274,0
1.0763833662140514,-1.6542411100321839,0.6212006986037432,0
1.0763596458344975,-1.6360853882548128,0.6669036514610706,0
1.080574973210287,-1.6666170100788418,0.7054617558284976,0
1.0807439279977722,-1.6484669721813268,0.7511618762505806,0
1.081048359636656,-1.6303125295994738,0.7968609085091007,0
1.0814821640618844,-1.6121746101227339,0.8425750126353113,0
1.082038573737081,-1.5939976476546098,0.8882857332060519,0
1.0864707212529334,-1.6243953774495608,0.9268313180137046,0
1.0870688732172094,-1.6049907924632036,0.9720817765919001,0
1.0877599548493837,-1.5851330528217205,1.0172975153290518,0
1.0887042095494677,-1.5669904136450437,1.0625045965474997,0
1.0900534842916851,-1.5512908151674176,1.1093851536719466,0
1.0912502097141505,-1.5331860065540175,1.1549512406425755,0
1.0924731687889604,-1.5142806759269245,1.2000688964965514,0
1.09458181726586,-1.4993387059434995,1.2531333301774614,0
1.0990004261971662,-1.5144176932427735,1.3063456856411464,0
1.0990004261971662,-1.4819022508391175,1.3431179095514865,0
1.0990004261971662,-1.4484941659090496,1.3790810894677095,0
1.0990004261971662,-1.576692855629302,-1.2304631806793398,0
1.0990004261971662,-1.606415063464118,-1.1913986083068817,0
1.0990004261971662,-1.635169626883073,-1.1516163820122878,0
1.0990004261971662,-1.662939225234738,-1.1111404650968697,0
1.0947174396282175,-1.642990232530535,-1.0603868659140887,0
1.0949532346035158,-1.670406140061546,-1.0212206939993147,0
1.0957565420906306,-1.699142893285693,-0.9894170658473566,0
1.0948958599713496,-1.713735491266988,-0.9455526259126591,0
1.0942653600914154,-1.7307615682818231,-0.8999310898600792,0
1.0897298216291962,-1.6913182881099482,-0.8740028702202589,0
1.089180714420342,-1.7081406940588753,-0.8277856665208857,0
1.0890303104970607,-1.7275986306707742,-0.7825891545040644,0
1.0888660354116937,-1.7457336883349852,-0.7369145005194951,0
1.0886044926687273,-1.7617494259109452,-0.6903421262742436,0
1.0847245037949307,-1.7335608421173563,-0.6525261225288065,0
1.084855776659112,-1.7517347302678312,-0.6062648719815884,0
1.080839874096033,-1.7210843748206892,-0.5683501184756239,0
1.0768527929364973,-1.6908200676636043,-0.5296152599148,0
1.0728996810472056,-1.6605567674059463,-0.49083110319345735,0
1.073430407877545,-1.6790173877211059,-0.4449460747533203,0
1.0695641172114343,-1.6483979268447448,-0.40627123884177746,0
1.0657346557248581,-1.6177352077748557,-0.3675237148795777,0
1.0619514752179249,-1.5870621067245028,-0.328715738186043,0
1.0582265339647299,-1.556388000216721,-0.2898760288020507,0
1.0545558105516033,-1.525720328618073,-0.2509742312132103,0
1.0509476816563479,-1.494999702672999,-0.21201022851363702,0
1.0474047899569545,-1.464162576520311,-0.1730463037756328,0
1.0438433575459531,-1.432372386813668,-0.13396850374290992,0
1.0405548023580502,-1.402605880785698,-0.0933494531465166,0
1.0376447207165231,-1.375700978922926,-0.04855147740473199,0
1.0349905822357977,-1.35,4.843270504056642e-16,0
1.032602403121734,-1.325083796556721,0.05187126222773966,0
1.0355821562579028,-1.352409844500705,0.09647632513066955,0
1.0390144831608517,-1.383272033175373,0.1391283801817474,0
1.0426288629750449,-1.415042858290683,0.1803085371168634,0
1.0462100134670282,-1.445862726266407,0.21922941831972104,0
1.049865889282318,-1.476666100659508,0.25814119238069927,0
1.0535764422466003,-1.507402150851457,0.29702235521498377,0
1.0573485852016482,-1.5380954424125448,0.33587027743281545,0
1.0611767477770486,-1.5687806854564728,0.37469443759129933,0
1.0650508182494949,-1.5994759586643528,0.41347441649637634,0
1.0689619652847604,-1.6300816207427928,0.4521775981785498,0
1.0684859542254554,-1.6116046261293138,0.49808885295392913,0
1.0725049077302071,-1.6420506417088339,0.5367731292190666,0
1.0765421055545716,-1.6724067251201478,0.5754924991335439,0
1.080629494552644,-1.7030452731148469,0.6139661343585037,0
1.0805309881232792,-1.6847794269740188,0.6597575088839317,0
1.0846918146390765,-1.7152798826443678,0.6983203083882783,0
1.0847968318331835,-1.6971085224516549,0.7440312115514949,0
1.0850286696361178,-1.6789596856065518,0.7897304639994508,0
1.0853856101858474,-1.6608108080159198,0.8354356381176828,0
1.0858594108428843,-1.6425687100191537,0.8811106293778759,0
1.0901992558606595,-1.6726070337701628,0.9194998606407796,0
1.091030558667015,-1.6559416314185726,0.9663101389930694,0
1.090976396642733,-1.6280614410320036,1.0115633038189706,0
1.0911741573740497,-1.6043549483657265,1.0523859876889468,0
1.0934924012420855,-1.6016822578634726,1.0995403595284647,0
1.094697370961458,-1.5816588031632806,1.1494865907553757,0
1.0954349015980975,-1.5596798329616686,1.1918253310997307,0
1.0962123923034996,-1.5388304607453596,1.2315959561210514,0
1.0990004261971662,-1.5460209070286595,1.2687865679578585,0
1.0990004261971662,-1.689707131144692,-1.0699952387551888,0
1.0990004261971662,-1.715457220712734,-1.0282054871982258,0
1.0990004261971662,-1.740173982968623,-0.9857963831335146,0
1.0990004261971662,-1.763842529487906,-0.9427934721717719,0
1.0990004261971662,-1.7864486032744522,-0.8992226575541566,0
1.0952702099307623,-1.7635396326281563,-0.8579788665175595,0
1.09199352701731,-1.7449471571492552,-0.8181177421772889,0
1.0918961037730448,-1.7642356600390243,-0.7730950325325993,0
1.0920827032110747,-1.7850367805236533,-0.7289465041660177,0
1.092774140640379,-1.8109650460711093,-0.6824658404162987,0
1.088633405028057,-1.7795069687504592,-0.6441707834095807,0
1.0889299491938527,-1.7989015125862062,-0.5974646078210554,0
1.0852124852907756,-1.7706329664454001,-0.5608423222240851,0
1.081220811616059,-1.7396325597795013,-0.5224478890434804,0
1.0773211199963515,-1.7095098021735293,-0.48359113902482176,0
1.0779111168205857,-1.7280059641580738,-0.43774403432057224,0
1.0740856648243953,-1.6973627068952497,-0.3990923872639,0
1.070299820606788,-1.6666859882254128,-0.3603517851551633,0
1.0665624163909042,-1.6360215703124699,-0.3215565346357656,0
1.062876522514036,-1.605378193961792,-0.2827348787640728,0
1.059246710884102,-1.574695950369547,-0.2438902128528773,0
1.0556780489710396,-1.543955010511662,-0.20497932559438137,0
1.0521091332886108,-1.512466978477769,-0.16652104826119374,0
1.0486484689381497,-1.481355706736923,-0.1280748025585729,0
1.0455198181974628,-1.452767847314377,-0.08823641268801631,0
1.0425882991651256,-1.425353433383547,-0.0454879597536487,0
1.0399871426172835,-1.4,5.022650893095776e-16,0
1.0376447207165238,-1.375700978922926,0.04855147740473265,0
1.0405548023580502,-1.402605880785698,0.09334945314651727,0
1.0438433575459531,-1.432372386813668,0.13396850374291064,0
1.0474047899569545,-1.464162576520311,0.17304630377563351,0
1.050947681656348,-1.494999702672999,0.21201022851363774,0
1.0545558105516026,-1.525720328618073,0.25097423121321094,0
1.0582265339647299,-1.556388000216721,0.2898760288020514,0
1.0619514752179247,-1.5870621067245028,0.32871573818604377,0
1.0657346557248588,-1.6177352077748557,0.36752371487957847,0
1.0695641172114325,-1.6483979268447448,0.40627123884177824,0
1.0734304078775454,-1.6790173877211059,0.4449460747533211,0
1.0728996810472053,-1.6605567674059458,0.49083110319345813,0
1.076852792936498,-1.6908200676636038,0.5296152599148006,0
1.0808398740960337,-1.7210843748206888,0.5683501184756248,0
1.0848557766591111,-1.7517347302678308,0.6062648719815893,0
1.084724503794931,-1.7335608421173558,0.6525261225288074,0
1.0886044926687266,-1.7617494259109447,0.6903421262742445,0
1.0888660354116948,-1.7457336883349848,0.736914500519496,0
1.0890303104970602,-1.7275986306707738,0.7825891545040653,0
1.089180714420343,-1.7081406940588748,0.8277856665208866,0
1.0897298216291955,-1.6913182881099478,0.8740028702202596,0
1.0942653600914174,-1.7307615682818227,0.8999310898600801,0
1.0948958599713496,-1.7137354912669875,0.94555262591266,0
1.0957565420906321,-1.6991428932856925,0.9894170658473574,0
1.0949532346035176,-1.6704061400615455,1.0212206939993156,0
1.0947174396282195,-1.6429902325305346,1.0603868659140896,0
1.0990004261971662,-1.6629392252347375,1.1111404650968706,0
1.0990004261971662,-1.6351696268830727,1.1516163820122887,0
1.0990004261971662,-1.6064150634641177,1.1913986083068826,0
1.0990004261971662,-1.5766928556293016,1.2304631806793407,0
1.0919755831879834,-1.7248551399105951,-0.8591907170320674,0
1.0990004261971662,-1.8079785871308691,-0.8551101849915395,0
1.095287393990466,-1.7848688434964373,-0.8130398910836043,0
1.0952019191513773,-1.8031962761698501,-0.7692677476283014,0
1.0956345035070734,-1.8263860521078552,-0.7248027001288613,0
1.0963770614906805,-1.8490105069204632,-0.6872964747462742,0
1.0954161447086106,-1.8523616892636552,-0.6487764114902573,0
1.093985273781939,-1.8538753727230892,-0.5977645053610166,0
1.0896129291873105,-1.8203703530745623,-0.5533480134903662,0
1.0856518903922598,-1.7891616994758612,-0.5150815458796797,0
1.0817487225644764,-1.7584105664013523,-0.4764555166442793,0
1.0823871984588385,-1.7769062943872238,-0.4305823660367467,0
1.0786077513100312,-1.7462913159846019,-0.3918712067607599,0
1.0748734276503238,-1.7156666188987357,-0.35311879154194126,0
1.0711719163674154,-1.6849745330980739,-0.31438987038694205,0
1.0675302626712935,-1.654329840225027,-0.27557550585248114,0
1.0639402418090782,-1.623643648441526,-0.2367180657916936,0
1.0604179301050716,-1.593006883881828,-0.1979408375207905,0
1.0569386826777298,-1.562047742327355,-0.16001691586498898,0
1.053449170237327,-1.530124103446566,-0.12292161373287704,0
1.050280645682002,-1.500907669817843,-0.08370390425982574,0
1.0475313077947495,-1.475000000000001,-0.04359109009904634,0
1.044975249790825,-1.45,5.202031282134911e-16,0
1.0425882991651259,-1.425353433383547,0.045487959753649394,0
1.045519818197462,-1.452767847314377,0.088236412688017,0
1.0486484689381501,-1.481355706736923,0.12807480255857362,0
1.0521091332886108,-1.512466978477769,0.16652104826119446,0
1.05567804897104,-1.543955010511662,0.20497932559438214,0
1.0592467108841028,-1.574695950369547,0.24389021285287807,0
1.0628765225140366,-1.605378193961792,0.28273487876407355,0
1.0665624163909033,-1.6360215703124699,0.3215565346357664,0
1.0702998206067886,-1.6666859882254128,0.3603517851551641,0
1.0740856648243964,-1.6973627068952497,0.3990923872639008,0
1.0779111168205848,-1.7280059641580738,0.437744034320573,0
1.0773211199963513,-1.7095098021735289,0.48359113902482254,0
1.0812208116160582,-1.7396325597795008,0.5224478890434813,0
1.0852124852907756,-1.7706329664453997,0.560842322224086,0
1.0889299491938538,-1.7989015125862058,0.5974646078210563,0
1.088633405028057,-1.7795069687504588,0.6441707834095816,0
1.0927741406403793,-1.8109650460711089,0.6824658404162995,0
1.092082703211075,-1.7850367805236529,0.7289465041660186,0
1.0918961037730444,-1.7642356600390239,0.7730950325326001,0
1.0919935270173105,-1.7449471571492547,0.8181177421772898,0
1.0952702099307625,-1.7635396326281558,0.8579788665175604,0
1.0990004261971662,-1.7864486032744518,0.8992226575541575,0
1.0990004261971662,-1.7638425294879057,0.9427934721717728,0
1.0990004261971662,-1.7401739829686225,0.9857963831335155,0
1.0990004261971662,-1.7154572207127337,1.0282054871982267,0
1.0990004261971662,-1.6897071311446916,1.0699952387551896,0
1.0916677784142692,-1.8167133472220511,-0.6330250176403862,0
1.0919755831879832,-1.7248551399105947,0.8591907170320683,0
1.0990004261971662,-1.8284195122836873,-0.8104826260323432,0
1.0990004261971662,-1.8477590659076781,-0.7653668625933477,0
1.0990004261971662,-1.8659855984427152,-0.7197900710654329,0
1.0990004261971662,-1.8830881310487313,-0.6737797048764502,0
1.0990004261971662,-1.8990563617712553,-0.6273634790264127,0
1.0990004261971662,-1.9138806719486832,-0.5805693529125169,0
1.094632466767878,-1.8772248490305643,-0.5444373455470704,0
1.0901856127712093,-1.8397788577111462,-0.5074931588058972,0
1.0861862978124828,-1.8074088000968143,-0.4692637411070643,0
1.0868914762667021,-1.8261477166214717,-0.4232389998707698,0
1.0831448279596785,-1.7953901169059578,-0.38455640201604546,0
1.0794501536359227,-1.7647329237059197,-0.34583151637307735,0
1.0757921037714226,-1.734024750808938,-0.3071491288546043,0
1.0721838859157244,-1.703280842206235,-0.2683865241758062,0
1.0686307386751241,-1.672609166033991,-0.22952934363430808,0
1.0651303945032895,-1.641841856176973,-0.19063761612563185,0
1.061848986788255,-1.612456496121592,-0.1527607351834995,0
1.0584282097614917,-1.580875938773581,-0.11693597332981821,0
1.0553275721088478,-1.551929248871388,-0.08025003010758848,0
1.0525115702638088,-1.525033915845612,-0.04278039884806066,0
1.0499557055334758,-1.5,5.381411671174046e-16,0
1.0475313077947492,-1.475000000000001,0.04359109009904705,0
1.0502806456820024,-1.500907669817843,0.08370390425982646,0
1.0534491702373272,-1.530124103446566,0.12292161373287776,0
1.0569386826777307,-1.562047742327355,0.16001691586498976,0
1.060417930105071,-1.593006883881828,0.19794083752079128,0
1.0639402418090775,-1.623643648441526,0.23671806579169438,0
1.0675302626712944,-1.654329840225027,0.2755755058524819,0
1.0711719163674156,-1.6849745330980739,0.3143898703869428,0
1.074873427650322,-1.7156666188987357,0.35311879154194203,0
1.0786077513100316,-1.7462913159846019,0.3918712067607607,0
1.0823871984588391,-1.7769062943872238,0.4305823660367475,0
1.081748722564477,-1.7584105664013518,0.4764555166442801,0
1.0856518903922603,-1.7891616994758608,0.5150815458796806,0
1.0896129291873093,-1.8203703530745619,0.5533480134903671,0
1.0939852737819387,-1.8538753727230888,0.5977645053610174,0
1.0954161447086113,-1.8523616892636547,0.6487764114902582,0
1.0916677784142688,-1.8167133472220507,0.6330250176403871,0
1.0963770614906794,-1.8490105069204628,0.6872964747462751,0
1.0956345035070734,-1.8263860521078548,0.7248027001288622,0
1.0952019191513778,-1.8031962761698497,0.7692677476283023,0
1.0952873939904662,-1.7848688434964368,0.8130398910836052,0
1.0990004261971662,-1.8079785871308687,0.8551101849915403,0
1.0990004261971662,-1.9275521319937412,-0.533425513494042,0
1.0947326917938107,-1.8912626241194852,-0.4973187530437544,0
1.0907287511389747,-1.8578343459949778,-0.46089391745695996,0
1.0912640164218106,-1.8742998673352527,-0.41470166107193396,0
1.0876527339101818,-1.8442659484441617,-0.3770969024551541,0
1.0840209037201234,-1.8137163862411327,-0.3386296248089179,0
1.0804042696771903,-1.78301341303504,-0.29994876839628226,0
1.0768429688544503,-1.752319126090208,-0.2612371586543673,0
1.0733226907873556,-1.721615415768595,-0.22236316409567147,0
1.0698712040930527,-1.690880312602587,-0.18344090596647297,0
1.0664731132276086,-1.660173515758221,-0.14448163607131986,0
1.0634828545542854,-1.632613896752079,-0.1084200475035969,0
1.0604806098328894,-1.604153462270685,-0.07418101540416612,0
1.0574743800545636,-1.575047376331813,-0.04020811358870152,0
1.0549281812109006,-1.55,5.560792060213181e-16,0
1.0525115702638088,-1.525033915845612,0.042780398848061396,0
1.0553275721088473,-1.551929248871388,0.08025003010758923,0
1.058428209761492,-1.580875938773581,0.11693597332981896,0
1.061848986788254,-1.612456496121592,0.15276073518350028,0
1.065130394503291,-1.641841856176973,0.19063761612563268,0
1.0686307386751241,-1.672609166033991,0.2295293436343089,0
1.0721838859157238,-1.703280842206235,0.268386524175807,0
1.0757921037714233,-1.734024750808938,0.3071491288546051,0
1.0794501536359236,-1.7647329237059197,0.34583151637307813,0
1.0831448279596776,-1.7953901169059578,0.38455640201604624,0
1.0868914762667023,-1.8261477166214717,0.4232389998707707,0
1.0861862978124808,-1.8074088000968138,0.4692637411070651,0
1.09018561277121,-1.8397788577111458,0.5074931588058981,0
1.0946324667678784,-1.8772248490305639,0.5444373455470712,0
1.0990004261971662,-1.9138806719486827,0.5805693529125178,0
1.0990004261971662,-1.8990563617712548,0.6273634790264135,0
1.0990004261971662,-1.8830881310487309,0.6737797048764511,0
1.0990004261971662,-1.8659855984427147,0.7197900710654338,0
1.0990004261971662,-1.8477590659076777,0.7653668625933486,0
1.0990004261971662,-1.8284195122836868,0.8104826260323441,0
1.0990004261971662,-1.9400625067070922,-0.4859603585369853,0
1.0949594646147665,-1.9051230532793937,-0.451702224421572,0
1.095275718774808,-1.9191261706157208,-0.40419252233396546,0
1.0917906632530752,-1.8891167372137847,-0.37042659224067187,0
1.088569451667974,-1.8625521986743319,-0.33150354534397897,0
1.085007716064342,-1.831969037211615,-0.2927937358815304,0
1.0814891527526327,-1.801318254152427,-0.25405144580519656,0
1.0780157401853299,-1.770629973889344,-0.21524160504089634,0
1.0745995470222336,-1.739949481250468,-0.17634814674090957,0
1.0712387344278926,-1.709250710305982,-0.1373372338098774,0
1.0681407746659706,-1.680355808766392,-0.09900746682428734,0
1.0654827881694893,-1.655127595563618,-0.06513943335730711,0
1.0624631264403472,-1.625483433280748,-0.035536740090305795,0
1.0598950568424088,-1.6,5.740172449252317e-16,0
1.0574743800545636,-1.575047376331813,0.040208113588702285,0
1.0604806098328896,-1.604153462270685,0.07418101540416687,0
1.063482854554286,-1.632613896752079,0.10842004750359768,0
1.0664731132276077,-1.660173515758221,0.1444816360713207,0
1.0698712040930523,-1.690880312602587,0.1834409059664738,0
1.073322690787356,-1.721615415768595,0.2223631640956723,0
1.0768429688544512,-1.752319126090208,0.2612371586543681,0
1.0804042696771892,-1.78301341303504,0.29994876839628304,0
1.0840209037201236,-1.8137163862411327,0.3386296248089188,0
1.087652733910182,-1.8442659484441617,0.377096902455155,0
1.0912640164218104,-1.8742998673352527,0.41470166107193485,0
1.090728751138975,-1.8578343459949778,0.46089391745696084,0
1.0947326917938096,-1.8912626241194848,0.4973187530437553,0
1.0990004261971662,-1.9275521319937408,0.5334255134940429,0
1.0990004261971662,-1.9514042603701418,-0.43820247900857145,0
1.0990004261971662,-1.9615705610388787,-0.3901806428638087,0
1.0953510697890594,-1.9289534975949967,-0.3583793973543492,0
1.0922424813059213,-1.9008681197929178,-0.3326135246391716,0
1.0903446708015878,-1.88826846745945,-0.2883204671027006,0
1.086120299257184,-1.850198399710129,-0.24693433357904837,0
1.0826890016288104,-1.819599540244635,-0.20811832087116947,0
1.0793203954895705,-1.788971872024586,-0.16927364070638126,0
1.0761014552235433,-1.759366189386403,-0.13005416236622186,0
1.0732712327486504,-1.73334631228473,-0.08446628922661889,0
1.0695509187546481,-1.696831495518713,-0.05198191531327493,0
1.0666853313705804,-1.668226589286781,-0.029988870108708703,0
1.0648518340013013,-1.65,5.919552838291451e-16,0
1.0624631264403472,-1.625483433280748,0.035536740090306586,0
1.0654827881694893,-1.655127595563618,0.06513943335730789,0
1.0681407746659701,-1.680355808766392,0.09900746682428814,0
1.071238734427894,-1.709250710305982,0.13733723380987822,0
1.0745995470222338,-1.739949481250468,0.1763481467409104,0
1.0780157401853292,-1.770629973889344,0.21524160504089723,0
1.0814891527526334,-1.801318254152427,0.25405144580519734,0
1.0850077160643428,-1.831969037211615,0.2927937358815313,0
1.0885694516679731,-1.8625521986743319,0.33150354534397986,0
1.0917906632530752,-1.8891167372137847,0.37042659224067276,0
1.0952757187748092,-1.9191261706157208,0.40419252233396635,0
1.094959464614766,-1.9051230532793937,0.4517022244215729,0
1.0990004261971662,-1.9400625067070918,0.4859603585369862,0
1.0990004261971662,-1.9705552849592298,-0.3419237764754685,0
1.0949034375081153,-1.9324841119494487,-0.31093932557300935,0
1.0949541840567836,-1.93992705931324,-0.26420265219891625,0
1.0907812684490297,-1.899961703778075,-0.23713906610812105,0
1.0872227711086015,-1.867293627296949,-0.20004092410567073,0
1.0840228464818138,-1.837947665295526,-0.16214906758298558,0
1.0807550288964267,-1.807416137733773,-0.12400935585313579,0
1.0779842687336476,-1.780893597146618,-0.09225907196800827,0
1.077374426159441,-1.776569846480768,-0.045974476478002305,0
1.0732629023857696,-1.73480509929066,-0.03764029347432384,0
1.069782214423272,-1.7,6.098933227330585e-16,0
1.0695509187546481,-1.696831495518713,0.05198191531327575,0
1.0732712327486507,-1.73334631228473,0.08446628922661972,0
1.076101455223543,-1.759366189386403,0.13005416236622275,0
1.0793203954895705,-1.788971872024586,0.16927364070638215,0
1.0826890016288104,-1.819599540244635,0.20811832087117035,0
1.086120299257184,-1.850198399710129,0.24693433357904926,0
1.0903446708015874,-1.88826846745945,0.2883204671027015,0
1.0922424813059228,-1.9008681197929178,0.3326135246391725,0
1.0953510697890585,-1.9289534975949967,0.3583793973543501,0
1.0990004261971662,-1.9615705610388787,0.3901806428638096,0
1.0990004261971662,-1.9514042603701418,0.43820247900857234,0
1.066685331370581,-1.668226589286781,0.0299888701087095,0
1.0990004261971662,-1.978353020057941,-0.29346094804526474,0
1.0990004261971662,-1.984959069281583,-0.244821349716056,0
1.0950388795865682,-1.946686137654028,-0.21696083777936154,0
1.0914510632961905,-1.912482003698244,-0.18668005450213204,0
1.0885440045209294,-1.885264390806146,-0.15455984204448703,0
1.085513378795844,-1.856638257864214,-0.11832672542766717,0
1.0824870774310429,-1.827769499847418,-0.07679107591606253,0
1.0821833883390168,-1.825867869265637,-0.03321336451665718,0
1.079613781496796,-1.8,6.457694005408856e-16,0
1.0747101061090447,-1.75,6.278313616369721e-16,0
1.0773744261594407,-1.776569846480768,0.045974476478003165,0
1.0779842687336485,-1.780893597146618,0.09225907196800913,0
1.0807550288964263,-1.807416137733773,0.12400935585313665,0
1.0840228464818145,-1.837947665295526,0.16214906758298647,0
1.0872227711086013,-1.867293627296949,0.20004092410567167,0
1.0907812684490306,-1.899961703778075,0.237139066108122,0
1.0949541840567845,-1.93992705931324,0.26420265219891714,0
1.0949034375081153,-1.9324841119494487,0.31093932557301024,0
1.0990004261971662,-1.9705552849592298,0.3419237764754694,0
1.0732629023857698,-1.73480509929066,0.037640293474324675,0
1.0990004261971662,-1.990369453394393,-0.19603428015147462,0
1.0952084145103846,-1.953263734074862,-0.16883687731132185,0
1.0920104539948845,-1.921862200463924,-0.14534510318732005,0
1.0900732072069603,-1.904005333333834,-0.11251150993909537,0
1.0873047089310932,-1.876816303509594,-0.08555817925492668,0
1.0869798168758655,-1.874999999999999,-0.043301270189221544,0
1.0844976699255449,-1.85,6.637074394447991e-16,0
1.0821833883390168,-1.825867869265637,0.033213364516658066,0
1.0824870774310433,-1.827769499847418,0.07679107591606339,0
1.0855133787958444,-1.856638257864214,0.11832672542766806,0
1.0885440045209298,-1.885264390806146,0.15455984204448797,0
1.0914510632961905,-1.912482003698244,0.18668005450213299,0
1.095038879586567,-1.946686137654028,0.21696083777936248,0
1.0990004261971662,-1.984959069281583,0.244821349716057,0
1.0990004261971662,-1.978353020057941,0.2934609480452656,0
1.0990004261971662,-1.994580913381552,-0.14712912687165122,0
1.094689998515596,-1.95160644545222,-0.11758838505231428,0
1.0912771632300622,-1.918232721701175,-0.07732185336542999,0
1.0921379825605821,-1.928261180649688,-0.03755398591533518,0
1.0893591543432615,-1.9,6.816454783487124e-16,0
1.0869798168758658,-1.874999999999999,0.043301270189222446,0
1.0873047089310934,-1.876816303509594,0.08555817925492756,0
1.0900732072069608,-1.904005333333834,0.11251150993909628,0
1.0920104539948843,-1.921862200463924,0.145345103187321,0
1.0952084145103849,-1.953263734074862,0.1688368773113228,0
1.0990004261971662,-1.990369453394393,0.19603428015147562,0
1.0990004261971662,-1.9975909124211,-0.09813534843591842,0
1.095244243397666,-1.959677407606051,-0.07007625196366446,0
1.095598108200349,-1.964221249789569,-0.03508607853653895,0
1.0941900340129567,-1.95,6.99583517252626e-16,0
1.092137982560582,-1.928261180649688,0.03755398591533611,0
1.0912771632300622,-1.918232721701175,0.0773218533654309,0
1.094689998515596,-1.95160644545222,0.1175883850523152,0
1.0990004261971662,-1.994580913381552,0.14712912687165222,0
1.0990004261971662,-1.99939763739569,-0.04908245691215015,0
1.0990004261971662,-2.0,7.175215561565395e-16,0
1.0955981082003494,-1.964221249789569,0.035086078536539896,0
1.095244243397667,-1.959677407606051,0.0700762519636654,0
1.0990004261971662,-1.9975909124211,0.09813534843591937,0
1.0990004261971662,-1.99939763739569,0.04908245691215112,0
