":0",":1"
1.99939763739569, -0.049082456912151365
1.9975909124211, -0.09813534843591962
1.959677407606051, -0.07007625196366564
1.964221249789569, -0.03508607853654013
2.0, 0.0
1.994580913381552, -0.14712912687165244
1.95160644545222, -0.11758838505231545
1.918232721701175, -0.07732185336543115
1.928261180649688, -0.037553985915336346
1.95, 0.0
1.964221249789569, 0.03508607853653919
1.99939763739569, 0.04908245691215041
1.990369453394393, -0.19603428015147584
1.953263734074862, -0.16883687731132305
1.921862200463924, -0.1453451031873212
1.904005333333834, -0.11251150993909652
1.876816303509594, -0.0855581792549278
1.874999999999999, -0.043301270189222675
1.9, 0.0
1.928261180649688, 0.03755398591533542
1.959677407606051, 0.0700762519636647
1.9975909124211, 0.09813534843591865
1.984959069281583, -0.24482134971605723
1.946686137654028, -0.21696083777936273
1.912482003698244, -0.18668005450213318
1.885264390806146, -0.1545598420444882
1.856638257864214, -0.11832672542766831
1.827769499847418, -0.07679107591606363
1.825867869265637, -0.03321336451665829
1.85, 0.0
1.874999999999999, 0.04330127018922177
1.918232721701175, 0.07732185336543021
1.95160644545222, 0.1175883850523145
1.994580913381552, 0.1471291268716515
1.978353020057941, -0.2934609480452659
1.93992705931324, -0.2642026521989174
1.899961703778075, -0.2371390661081222
1.867293627296949, -0.2000409241056719
1.837947665295526, -0.1621490675829867
1.807416137733773, -0.12400935585313688
1.780893597146618, -0.09225907196800935
1.776569846480768, -0.04597447647800337
1.8, 0.0
1.825867869265637, 0.03321336451665741
1.827769499847418, 0.07679107591606274
1.876816303509594, 0.08555817925492688
1.904005333333834, 0.1125115099390956
1.921862200463924, 0.1453451031873203
1.953263734074862, 0.1688368773113221
1.990369453394393, 0.1960342801514749
1.97055528495923, -0.3419237764754697
1.932484111949449, -0.31093932557301057
1.88826846745945, -0.2883204671027018
1.850198399710129, -0.24693433357904948
1.819599540244635, -0.20811832087117052
1.788971872024586, -0.16927364070638234
1.759366189386403, -0.13005416236622294
1.73334631228473, -0.08446628922661993
1.73480509929066, -0.03764029347432488
1.75, 0.0
1.776569846480768, 0.04597447647800253
1.780893597146618, 0.09225907196800849
1.807416137733773, 0.124009355853136
1.856638257864214, 0.1183267254276674
1.885264390806146, 0.1545598420444873
1.912482003698244, 0.1866800545021323
1.946686137654028, 0.2169608377793618
1.984959069281583, 0.2448213497160563
1.928953497594997, -0.3583793973543504
1.961570561038879, -0.3901806428638099
1.900868119792918, -0.3326135246391728
1.862552198674332, -0.3315035453439801
1.831969037211615, -0.2927937358815315
1.801318254152427, -0.25405144580519756
1.770629973889344, -0.21524160504089743
1.739949481250468, -0.17634814674091062
1.709250710305982, -0.1373372338098784
1.680355808766392, -0.09900746682428835
1.696831495518713, -0.05198191531327596
1.7, 0.0
1.73480509929066, 0.03764029347432405
1.73334631228473, 0.0844662892266191
1.759366189386403, 0.1300541623662221
1.788971872024586, 0.1692736407063815
1.837947665295526, 0.1621490675829858
1.867293627296949, 0.200040924105671
1.899961703778075, 0.2371390661081213
1.93992705931324, 0.2642026521989164
1.978353020057941, 0.2934609480452649
1.919126170615721, -0.4041925223339667
1.951404260370142, -0.4382024790085726
1.889116737213785, -0.3704265922406731
1.844265948444162, -0.3770969024551552
1.813716386241133, -0.338629624808919
1.78301341303504, -0.29994876839628326
1.752319126090208, -0.26123715865436836
1.721615415768595, -0.22236316409567253
1.690880312602587, -0.18344090596647397
1.660173515758221, -0.1444816360713209
1.632613896752079, -0.1084200475035979
1.655127595563618, -0.0651394333573081
1.668226589286781, -0.029988870108709705
1.65, 0.0
1.668226589286781, 0.0299888701087089
1.696831495518713, 0.05198191531327514
1.680355808766392, 0.09900746682428754
1.709250710305982, 0.1373372338098776
1.739949481250468, 0.1763481467409098
1.770629973889344, 0.2152416050408966
1.819599540244635, 0.2081183208711697
1.850198399710129, 0.2469343335790486
1.88826846745945, 0.2883204671027008
1.932484111949449, 0.3109393255730096
1.97055528495923, 0.3419237764754687
1.905123053279394, -0.4517022244215732
1.874299867335253, -0.41470166107193507
1.826147716621472, -0.4232389998707709
1.795390116905958, -0.38455640201604646
1.76473292370592, -0.3458315163730784
1.734024750808938, -0.3071491288546054
1.703280842206235, -0.2683865241758073
1.672609166033991, -0.22952934363430907
1.641841856176973, -0.19063761612563287
1.612456496121592, -0.15276073518350047
1.580875938773581, -0.11693597332981917
1.604153462270685, -0.07418101540416708
1.625483433280748, -0.03553674009030678
1.6, 0.0
1.625483433280748, 0.035536740090306
1.655127595563618, 0.06513943335730729
1.632613896752079, 0.1084200475035971
1.660173515758221, 0.1444816360713201
1.690880312602587, 0.1834409059664732
1.721615415768595, 0.2223631640956717
1.752319126090208, 0.2612371586543675
1.801318254152427, 0.2540514458051967
1.831969037211615, 0.2927937358815306
1.862552198674332, 0.3315035453439792
1.900868119792918, 0.3326135246391718
1.928953497594997, 0.3583793973543494
1.961570561038879, 0.3901806428638089
1.9400625067070916, -0.4859603585369865
1.857834345994978, -0.46089391745696107
1.8912626241194845, -0.4973187530437556
1.9275521319937405, -0.5334255134940431
1.776906294387224, -0.43058236603674777
1.8074088000968136, -0.4692637411070653
1.746291315984602, -0.391871206760761
1.715666618898736, -0.3531187915419423
1.684974533098074, -0.3143898703869431
1.654329840225027, -0.2755755058524822
1.623643648441526, -0.23671806579169458
1.593006883881828, -0.19794083752079142
1.562047742327355, -0.16001691586498992
1.530124103446566, -0.12292161373287795
1.551929248871388, -0.08025003010758942
1.575047376331813, -0.04020811358870247
1.55, 0.0
1.575047376331813, 0.04020811358870172
1.604153462270685, 0.0741810154041663
1.580875938773581, 0.1169359733298184
1.612456496121592, 0.1527607351834997
1.641841856176973, 0.1906376161256321
1.672609166033991, 0.2295293436343083
1.703280842206235, 0.2683865241758064
1.734024750808938, 0.3071491288546045
1.78301341303504, 0.2999487683962824
1.813716386241133, 0.3386296248089181
1.844265948444162, 0.3770969024551543
1.889116737213785, 0.3704265922406721
1.919126170615721, 0.4041925223339657
1.951404260370142, 0.4382024790085716
1.8397788577111456, -0.5074931588058983
1.8772248490305636, -0.5444373455470715
1.9138806719486825, -0.580569352912518
1.728005964158074, -0.4377440343205733
1.69736270689525, -0.39909238726390106
1.666685988225413, -0.36035178515516436
1.63602157031247, -0.32155653463576656
1.605378193961792, -0.28273487876407377
1.574695950369547, -0.24389021285287824
1.543955010511662, -0.2049793255943823
1.512466978477769, -0.16652104826119463
1.481355706736923, -0.1280748025585738
1.500907669817843, -0.08370390425982664
1.525033915845612, -0.042780398848061583
1.5, 0.0
1.525033915845612, 0.04278039884806085
1.551929248871388, 0.08025003010758867
1.530124103446566, 0.1229216137328772
1.562047742327355, 0.1600169158649892
1.593006883881828, 0.1979408375207907
1.623643648441526, 0.2367180657916938
1.654329840225027, 0.2755755058524813
1.684974533098074, 0.3143898703869422
1.715666618898736, 0.3531187915419414
1.76473292370592, 0.3458315163730775
1.795390116905958, 0.3845564020160456
1.826147716621472, 0.42323899987077
1.874299867335253, 0.4147016610719342
1.905123053279394, 0.4517022244215722
1.940062506707092, 0.4859603585369855
1.7584105664013516, -0.4764555166442804
1.7891616994758606, -0.5150815458796808
1.8203703530745616, -0.5533480134903673
1.8538753727230886, -0.5977645053610177
1.8990563617712546, -0.6273634790264138
1.679017387721106, -0.4449460747533214
1.7095098021735287, -0.4835911390248228
1.7396325597795006, -0.5224478890434815
1.7706329664453995, -0.5608423222240863
1.648397926844745, -0.4062712388417784
1.617735207774856, -0.3675237148795787
1.587062106724503, -0.328715738186044
1.556388000216721, -0.2898760288020516
1.525720328618073, -0.25097423121321116
1.494999702672999, -0.21201022851363793
1.464162576520311, -0.17304630377563365
1.432372386813668, -0.13396850374291078
1.452767847314377, -0.0882364126880172
1.475000000000001, -0.04359109009904723
1.45, 0.0
1.475000000000001, 0.04359109009904652
1.500907669817843, 0.08370390425982592
1.481355706736923, 0.1280748025585731
1.512466978477769, 0.1665210482611939
1.543955010511662, 0.2049793255943816
1.574695950369547, 0.2438902128528775
1.605378193961792, 0.282734878764073
1.63602157031247, 0.3215565346357658
1.666685988225413, 0.3603517851551635
1.69736270689525, 0.3990923872639002
1.746291315984602, 0.3918712067607601
1.776906294387224, 0.4305823660367469
1.807408800096814, 0.4692637411070644
1.857834345994978, 0.4608939174569602
1.891262624119485, 0.4973187530437546
1.927552131993741, 0.5334255134940422
1.7989015125862056, -0.5974646078210565
1.8167133472220505, -0.6330250176403873
1.8523616892636545, -0.6487764114902584
1.8830881310487306, -0.6737797048764513
1.6605567674059456, -0.4908311031934584
1.6908200676636036, -0.529615259914801
1.7210843748206885, -0.568350118475625
1.7517347302678306, -0.6062648719815895
1.630081620742793, -0.45217759817854997
1.599475958664353, -0.41347441649637656
1.568780685456473, -0.37469443759129956
1.538095442412545, -0.33587027743281567
1.507402150851457, -0.297022355214984
1.476666100659508, -0.2581411923806995
1.445862726266407, -0.21922941831972118
1.415042858290683, -0.18030853711686357
1.383272033175373, -0.13912838018174756
1.402605880785698, -0.09334945314651746
1.425353433383547, -0.04548795975364956
1.4, 0.0
1.425353433383547, 0.04548795975364888
1.452767847314377, 0.08823641268801648
1.432372386813668, 0.1339685037429101
1.464162576520311, 0.173046303775633
1.494999702672999, 0.2120102285136372
1.525720328618073, 0.2509742312132104
1.556388000216721, 0.2898760288020508
1.587062106724503, 0.3287157381860432
1.617735207774856, 0.3675237148795779
1.648397926844745, 0.4062712388417776
1.679017387721106, 0.4449460747533205
1.728005964158074, 0.4377440343205724
1.758410566401352, 0.4764555166442795
1.789161699475861, 0.5150815458796799
1.839778857711146, 0.5074931588058974
1.877224849030564, 0.5444373455470706
1.913880671948683, 0.5805693529125171
1.7795069687504586, -0.6441707834095818
1.7335608421173556, -0.6525261225288076
1.7030452731148467, -0.6139661343585039
1.6724067251201475, -0.5754924991335443
1.6420506417088336, -0.536773129219067
1.6116046261293135, -0.49808885295392935
1.581155651996858, -0.459354074681746
1.550507023922958, -0.420606391068175
1.519856723120797, -0.3818470441582404
1.489147238508587, -0.3430488879727109
1.458388756466627, -0.3042270603573757
1.427575947573089, -0.2653619377813319
1.396755643454931, -0.22646276044789115
1.365924926147193, -0.18755384618638277
1.331276302514291, -0.1431136157671414
1.352409844500705, -0.09647632513066973
1.375700978922926, -0.04855147740473281
1.35, 0.0
1.375700978922926, 0.04855147740473216
1.402605880785698, 0.09334945314651677
1.383272033175373, 0.1391283801817469
1.415042858290683, 0.1803085371168629
1.445862726266407, 0.2192294183197205
1.476666100659508, 0.2581411923806987
1.507402150851457, 0.2970223552149832
1.538095442412545, 0.3358702774328149
1.568780685456473, 0.3746944375912988
1.599475958664353, 0.4134744164963758
1.630081620742793, 0.4521775981785492
1.660556767405946, 0.4908311031934575
1.709509802173529, 0.4835911390248219
1.739632559779501, 0.5224478890434806
1.7706329664454, 0.5608423222240854
1.820370353074562, 0.5533480134903664
1.853875372723089, 0.5977645053610168
1.899056361771255, 0.6273634790264129
1.8109650460711086, -0.6824658404162998
1.8490105069204625, -0.6872964747462753
1.8659855984427145, -0.719790071065434
1.7617494259109445, -0.6903421262742447
1.7152798826443676, -0.6983203083882785
1.6847794269740186, -0.659757508883932
1.6542411100321837, -0.6212006986037435
1.6237125703491806, -0.5826153788396278
1.5932758212545926, -0.5439459904452812
1.5627636591291216, -0.5052166796183275
1.5321785964296246, -0.4664979617709988
1.501594527869645, -0.427770411710389
1.470922754221482, -0.38901816131946876
1.440166094838575, -0.3502454745057893
1.40934639815831, -0.31144153870900465
1.378478815375139, -0.2725948296956934
1.347657995702593, -0.23370783370634082
1.315452553377113, -0.1919306221687885
1.282167594887338, -0.1542379783840819
1.294507111164958, -0.09963648513448657
1.325083796556721, -0.05187126222773982
1.3, 0.0
1.325083796556721, 0.05187126222773918
1.352409844500705, 0.09647632513066906
1.331276302514291, 0.1431136157671408
1.365924926147193, 0.1875538461863821
1.396755643454931, 0.2264627604478905
1.427575947573089, 0.2653619377813311
1.458388756466627, 0.3042270603573749
1.489147238508587, 0.3430488879727101
1.519856723120797, 0.3818470441582396
1.550507023922958, 0.4206063910681742
1.581155651996858, 0.4593540746817452
1.611604626129314, 0.4980888529539286
1.642050641708834, 0.5367731292190661
1.690820067663604, 0.5296152599148001
1.721084374820689, 0.5683501184756241
1.751734730267831, 0.6062648719815886
1.798901512586206, 0.5974646078210556
1.816713347222051, 0.6330250176403864
1.852361689263655, 0.6487764114902576
1.883088131048731, 0.6737797048764504
1.7850367805236527, -0.7289465041660188
1.8263860521078545, -0.7248027001288624
1.8477590659076775, -0.7653668625933489
1.7457336883349845, -0.7369145005194963
1.6971085224516547, -0.7440312115514952
1.6666170100788416, -0.7054617558284979
1.6360853882548125, -0.6669036514610709
1.6055394276913755, -0.6283472969829171
1.5749957551347256, -0.5897173596129558
1.5444866858612996, -0.5510415653227038
1.5139186190521605, -0.5123478992267807
1.4833375594071256, -0.47364393902601115
1.452710466980469, -0.43493469488276776
1.422005495069359, -0.3962420935254303
1.391185926607087, -0.3574951051507453
1.360195870698122, -0.31869054320634765
1.329394721754459, -0.2798303326768243
1.2985876924889, -0.2409704972819503
1.266820787449091, -0.1996744593144415
1.237022592969058, -0.16339032309227766
1.252124005671904, -0.1274315858901813
1.245307382624987, -0.09005898609444019
1.275068861232616, -0.04530777872419264
1.25, 0.0
1.275068861232616, 0.04530777872419203
1.294507111164958, 0.09963648513448593
1.282167594887338, 0.1542379783840813
1.315452553377113, 0.1919306221687879
1.347657995702593, 0.2337078337063402
1.378478815375139, 0.2725948296956927
1.40934639815831, 0.311441538709004
1.440166094838575, 0.3502454745057885
1.470922754221482, 0.389018161319468
1.501594527869645, 0.4277704117103882
1.532178596429625, 0.466497961770998
1.562763659129122, 0.5052166796183266
1.593275821254593, 0.5439459904452804
1.623712570349181, 0.5826153788396269
1.672406725120148, 0.5754924991335434
1.703045273114847, 0.613966134358503
1.733560842117356, 0.6525261225288067
1.779506968750459, 0.6441707834095809
1.810965046071109, 0.6824658404162989
1.849010506920463, 0.6872964747462744
1.865985598442715, 0.7197900710654331
1.8031962761698495, -0.7692677476283025
1.8284195122836866, -0.8104826260323443
1.7642356600390237, -0.7730950325326004
1.7275986306707736, -0.7825891545040655
1.6789596856065516, -0.7897304639994511
1.6484669721813265, -0.751161876250581
1.6179564319250015, -0.7125933238871933
1.5873789228274555, -0.6740613245801412
1.5568159013798886, -0.6354759842480169
1.5262651688857536, -0.5968441469997998
1.4957010917114446, -0.5581773160330774
1.4651228610774725, -0.5194966514366279
1.4345188498682666, -0.48081418966765577
1.403871147572577, -0.442150493076743
1.372927970335845, -0.40345861949465645
1.3420197378988, -0.36474329295742725
1.311171485813903, -0.3259376089370233
1.280334932435385, -0.28705102771591157
1.249549437856368, -0.2482259534438104
1.218831323605658, -0.20947580326456394
1.18818522569068, -0.17171886473413966
1.210010914357945, -0.12933259887127146
1.197018626328959, -0.0880922192347092
1.224253813538292, -0.04504518356511859
1.2, 0.0
1.224253813538292, 0.04504518356511801
1.245307382624987, 0.09005898609443957
1.252124005671904, 0.1274315858901807
1.237022592969058, 0.1633903230922771
1.266820787449091, 0.1996744593144409
1.2985876924889, 0.2409704972819497
1.329394721754459, 0.2798303326768236
1.360195870698122, 0.318690543206347
1.391185926607087, 0.3574951051507446
1.422005495069359, 0.3962420935254296
1.452710466980469, 0.434934694882767
1.483337559407126, 0.4736439390260104
1.513918619052161, 0.51234789922678
1.5444866858613, 0.5510415653227029
1.574995755134726, 0.5897173596129549
1.605539427691376, 0.6283472969829162
1.654241110032184, 0.6212006986037426
1.684779426974019, 0.6597575088839311
1.715279882644368, 0.6983203083882776
1.761749425910945, 0.6903421262742439
1.785036780523653, 0.7289465041660179
1.826386052107855, 0.7248027001288615
1.847759065907678, 0.765366862593348
1.7848688434964366, -0.8130398910836054
1.8079785871308685, -0.8551101849915406
1.7449471571492545, -0.81811774217729
1.7081406940588746, -0.8277856665208868
1.6608108080159196, -0.8354356381176832
1.6303125295994736, -0.7968609085091011
1.5997660774763316, -0.7583295788868957
1.5692109021911707, -0.7197947969313147
1.5386390392957157, -0.6812500419346343
1.5080911209063426, -0.6426195207666954
1.4775185379453735, -0.6039782597480696
1.4469192155108095, -0.5653297100242308
1.4163189620861556, -0.5266645463085138
1.3857110115418305, -0.4879862440859434
1.354955575942247, -0.4493858238898897
1.323529938924999, -0.4107349083677039
1.29298200387834, -0.37200982343458705
1.26246205337039, -0.33336682103573345
1.231677909434284, -0.2945843449848364
1.20081514108489, -0.25569214394846734
1.169802319917377, -0.21669359675775685
1.139060617110101, -0.17799644833867764
1.161007384923481, -0.12557428605446094
1.159499000354933, -0.07832031644348103
1.176337163535087, -0.042688991665125055
1.15, 0.0
1.176337163535087, 0.0426889916651245
1.197018626328959, 0.08809221923470861
1.210010914357945, 0.1293325988712709
1.18818522569068, 0.1717188647341391
1.218831323605658, 0.2094758032645634
1.249549437856368, 0.2482259534438098
1.280334932435385, 0.2870510277159109
1.311171485813903, 0.3259376089370226
1.3420197378988, 0.3647432929574266
1.372927970335845, 0.4034586194946558
1.403871147572577, 0.4421504930767423
1.434518849868267, 0.480814189667655
1.465122861077473, 0.5194966514366273
1.495701091711445, 0.5581773160330767
1.526265168885754, 0.5968441469997992
1.556815901379889, 0.635475984248016
1.587378922827456, 0.6740613245801403
1.636085388254813, 0.66690365146107
1.666617010078842, 0.705461755828497
1.697108522451655, 0.7440312115514943
1.745733688334985, 0.7369145005194954
1.764235660039024, 0.7730950325325995
1.80319627616985, 0.7692677476283016
1.828419512283687, 0.8104826260323434
1.7635396326281556, -0.8579788665175606
1.7864486032744515, -0.8992226575541578
1.7248551399105945, -0.8591907170320685
1.6913182881099476, -0.8740028702202599
1.7307615682818225, -0.8999310898600803
1.7638425294879057, -0.942793472171773
1.6425687100191535, -0.8811106293778762
1.6121746101227337, -0.8425750126353116
1.5816391289494836, -0.8040236174141521
1.5510105000115366, -0.765542950329032
1.5204563177716977, -0.7270171515897219
1.4898868487216936, -0.6883693530345417
1.4593570135546816, -0.6497186334191423
1.4287414852392355, -0.6111480800637333
1.3981753524001066, -0.5724530245671209
1.3675109742324736, -0.5338238125609351
1.3369108528425806, -0.4951911373704608
1.306253376497412, -0.4566925259191867
1.275054457792381, -0.41801516123934335
1.244579455981317, -0.37941260423677264
1.214071734541909, -0.34085187677137185
1.183185460292307, -0.30191877465518885
1.151639946060103, -0.26269009724273085
1.119217208372746, -0.2219181023196478
1.090105394089912, -0.1851149194159325
1.110125723683732, -0.1389206169274558
1.125473753467015, -0.09303786996718265
1.125704394314883, -0.04452201022262506
1.1, 0.0
1.125704394314883, 0.04452201022262452
1.159499000354933, 0.07832031644348048
1.161007384923481, 0.1255742860544604
1.139060617110101, 0.1779964483386771
1.169802319917377, 0.2166935967577563
1.20081514108489, 0.2556921439484667
1.231677909434284, 0.2945843449848357
1.26246205337039, 0.3333668210357328
1.29298200387834, 0.3720098234345864
1.323529938924999, 0.4107349083677032
1.354955575942247, 0.449385823889889
1.385711011541831, 0.4879862440859427
1.416318962086156, 0.5266645463085131
1.44691921551081, 0.5653297100242302
1.477518537945374, 0.603978259748069
1.508091120906343, 0.6426195207666947
1.538639039295716, 0.6812500419346335
1.569210902191171, 0.7197947969313138
1.617956431925002, 0.7125933238871924
1.648466972181327, 0.7511618762505801
1.678959685606552, 0.7897304639994502
1.727598630670774, 0.7825891545040646
1.744947157149255, 0.8181177421772892
1.784868843496437, 0.8130398910836045
1.807978587130869, 0.8551101849915397
1.6726070337701626, -0.9194998606407799
1.7137354912669875, -0.9455526259126602
1.7401739829686225, -0.9857963831335157
1.5939976476546096, -0.8882857332060522
1.6243953774495605, -0.9268313180137049
1.5635036541434526, -0.8498033120769787
1.5328851976495506, -0.8113683523643557
1.5022731639555225, -0.7728279241216158
1.4716750845600455, -0.7341582533156208
1.4411258387087715, -0.6954271158278544
1.4105440308590096, -0.6567185461126077
1.3800047173256655, -0.6180801027467784
1.3493514221344456, -0.5794975307215886
1.3187041651600195, -0.5409604740435416
1.2880914710239866, -0.5023621380309774
1.2573541431005446, -0.4638327627957058
1.22664057319337, -0.42527942044841716
1.196216777394312, -0.38663674633292666
1.165918470710803, -0.34784616906804783
1.134335909489621, -0.30843696583189917
1.102146110577886, -0.2689126544016169
1.062548862481097, -0.2201008977611723
1.034882314224999, -0.1787543290553127
1.069478001292287, -0.1484540183781494
1.080429989578334, -0.10665909930212132
1.092899391922077, -0.07124812390196239
1.076057135607035, -0.03794113986174125
1.05, 0.0
1.076057135607035, 0.03794113986174073
1.092899391922077, 0.07124812390196186
1.125473753467015, 0.0930378699671821
1.110125723683732, 0.1389206169274553
1.090105394089912, 0.185114919415932
1.119217208372746, 0.2219181023196473
1.151639946060103, 0.2626900972427303
1.183185460292307, 0.3019187746551883
1.214071734541909, 0.3408518767713712
1.244579455981317, 0.379412604236772
1.275054457792381, 0.4180151612393427
1.306253376497412, 0.456692525919186
1.336910852842581, 0.4951911373704601
1.367510974232474, 0.5338238125609345
1.398175352400107, 0.5724530245671202
1.428741485239236, 0.6111480800637327
1.459357013554682, 0.6497186334191416
1.489886848721694, 0.688369353034541
1.520456317771698, 0.7270171515897212
1.551010500011537, 0.7655429503290311
1.599766077476332, 0.7583295788868948
1.630312529599474, 0.7968609085091002
1.66081080801592, 0.8354356381176823
1.708140694058875, 0.8277856665208859
1.724855139910595, 0.8591907170320676
1.763539632628156, 0.8579788665175597
1.786448603274452, 0.8992226575541569
1.6559416314185726, -0.9663101389930697
1.6991428932856925, -0.9894170658473578
1.7154572207127337, -1.028205487198227
1.5758482220911896, -0.9340245002836751
1.6049907924632036, -0.9720817765919004
1.5453504217494265, -0.8956190673038176
1.5147111735839165, -0.8571680851395627
1.4840822675570926, -0.818648633761714
1.4534890869163746, -0.7800071014681171
1.4228288626328176, -0.7411879728250123
1.3921893495941926, -0.7023420324961619
1.3615979945818195, -0.6635659615862544
1.3309994190427195, -0.6250597025248635
1.3004422055586016, -0.5866113877317999
1.2698873600378846, -0.5480006094351322
1.2393250274103265, -0.5094748583675281
1.2087065395314416, -0.47089853238074897
1.17814637607091, -0.432318710221019
1.147775132252832, -0.39359265178888597
1.117213305089129, -0.35495753549541964
1.085639809860739, -0.31370862659348236
1.051901303151065, -0.26902545227753855
1.018488388592635, -0.22658593868666285
0.9807852803022051, -0.19509032252401745
0.989176509908181, -0.14673047483692844
1.035561018515463, -0.1250131795732461
1.045564283086771, -0.07526093772213023
1.036541042540306, -0.03720598610672313
1.0, 0.0
1.036541042540306, 0.03720598610672263
1.045564283086771, 0.07526093772212973
1.080429989578334, 0.1066590993021208
1.069478001292287, 0.1484540183781489
1.034882314224999, 0.1787543290553122
1.062548862481097, 0.2201008977611718
1.102146110577886, 0.2689126544016163
1.134335909489621, 0.3084369658318986
1.165918470710803, 0.3478461690680473
1.196216777394312, 0.386636746332926
1.22664057319337, 0.4252794204484165
1.257354143100545, 0.4638327627957051
1.288091471023987, 0.5023621380309767
1.31870416516002, 0.540960474043541
1.349351422134446, 0.5794975307215879
1.380004717325666, 0.6180801027467777
1.41054403085901, 0.656718546112607
1.441125838708772, 0.6954271158278538
1.471675084560046, 0.7341582533156201
1.502273163955523, 0.7728279241216152
1.532885197649551, 0.811368352364355
1.581639128949484, 0.8040236174141512
1.612174610122734, 0.8425750126353108
1.642568710019154, 0.8811106293778753
1.691318288109948, 0.874002870220259
1.730761568281823, 0.8999310898600794
1.763842529487906, 0.9427934721717721
1.6704061400615455, -1.0212206939993158
1.6280614410320036, -1.0115633038189709
1.5851330528217205, -1.017297515329052
1.5574678926984256, -0.9796895472987074
1.5271011452976295, -0.9413242710186296
1.4965668492416895, -0.903042482575122
1.4658786511622857, -0.8645266627553889
1.4352804068839136, -0.8258666057212557
1.4045887967937636, -0.7870549657684804
1.3738845269642006, -0.7481303406665698
1.3431817133480795, -0.7092503176796291
1.3125686756354205, -0.6705983158359083
1.2819741079706175, -0.6320833254418012
1.2514551744481706, -0.5935099122618291
1.2209649577838946, -0.5549153801891835
1.1906237762489835, -0.516456567555359
1.1601088432316395, -0.47796116122522647
1.129577386148076, -0.43935936165323153
1.099042127797138, -0.40074244350015287
1.068640649642659, -0.36222177997824534
1.036812870402047, -0.31916327536641215
1.004197890929559, -0.27894065046113525
0.9700312530284169, -0.24298018056648005
1.6897071311446916, -1.0699952387551899
0.9951847266485508, -0.09801714056964315
0.998795456200073, -0.049067674431218185
0.998795456200073, 0.04906767443121771
0.9951847266485508, 0.09801714056964266
1.035561018515463, 0.1250131795732456
0.989176509908181, 0.146730474836928
0.9807852803022051, 0.195090322524017
1.018488388592635, 0.2265859386866624
1.051901303151065, 0.269025452277538
1.085639809860739, 0.3137086265934818
1.117213305089129, 0.3549575354954191
1.147775132252832, 0.3935926517888854
1.17814637607091, 0.4323187102210184
1.208706539531442, 0.4708985323807483
1.239325027410327, 0.5094748583675275
1.269887360037885, 0.5480006094351315
1.300442205558602, 0.5866113877317992
1.33099941904272, 0.6250597025248629
1.36159799458182, 0.6635659615862537
1.392189349594193, 0.7023420324961612
1.422828862632818, 0.7411879728250116
1.453489086916375, 0.7800071014681165
1.484082267557093, 0.8186486337617134
1.514711173583917, 0.857168085139562
1.563503654143453, 0.8498033120769778
1.59399764765461, 0.8882857332060513
1.624395377449561, 0.926831318013704
1.672607033770163, 0.919499860640779
1.713735491266988, 0.9455526259126593
1.740173982968623, 0.9857963831335148
1.6429902325305346, -1.0603868659140898
1.6629392252347375, -1.1111404650968708
1.6043549483657265, -1.052385987688947
1.5669904136450437, -1.0625045965475
1.5386438064223475, -1.025231410129671
1.5089024547528156, -0.9868807959089338
1.4783664840118256, -0.9486054715424812
1.4476947879023516, -0.9104239655038603
1.4170391448831956, -0.8717536437363371
1.3863816745637365, -0.8330089197864614
1.3556682228015366, -0.7941288541434659
1.3249485041973295, -0.7552346740026511
1.2942565448041976, -0.7163847937734598
1.2635915672346596, -0.677656401580427
1.2329549199999386, -0.6390321440222394
1.2025871732685856, -0.6003896438029145
1.1722197755310895, -0.5618783883164296
1.1419135844831616, -0.5236219767656431
1.1114046269006415, -0.48508230693625237
1.080841708765238, -0.4465283043579731
1.050449362035585, -0.40801797593576017
1.019673849172359, -0.36804582227001265
0.9886217685443468, -0.3284235297700597
0.956940335495227, -0.29028467803568697
0.9700312530284171, 0.2429801805664796
1.004197890929559, 0.2789406504611347
1.036812870402047, 0.3191632753664116
1.068640649642659, 0.3622217799782448
1.099042127797138, 0.4007424435001523
1.129577386148076, 0.439359361653231
1.16010884323164, 0.4779611612252259
1.190623776248984, 0.5164565675553583
1.220964957783895, 0.5549153801891828
1.251455174448171, 0.5935099122618285
1.281974107970618, 0.6320833254418006
1.312568675635421, 0.6705983158359077
1.34318171334808, 0.7092503176796284
1.373884526964201, 0.7481303406665691
1.404588796793764, 0.7870549657684798
1.435280406883914, 0.825866605721255
1.465878651162286, 0.8645266627553883
1.49656684924169, 0.9030424825751213
1.545350421749427, 0.8956190673038167
1.57584822209119, 0.9340245002836742
1.604990792463204, 0.9720817765918995
1.655941631418573, 0.9663101389930688
1.699142893285693, 0.9894170658473569
1.715457220712734, 1.028205487198226
1.6016822578634726, -1.099540359528465
1.6351696268830727, -1.1516163820122889
1.5512908151674176, -1.1093851536719468
1.5208376012295794, -1.071187152936918
1.4905333235896976, -1.0326154472307318
1.4600508181673826, -0.9939633458298474
1.4295442800431715, -0.9557742848212273
1.3988197810161076, -0.9176465317578052
1.3681199568820985, -0.878947400283133
1.3374190702461695, -0.8401337787239325
1.3066951378897946, -0.8012500756252092
1.2759793620884516, -0.7623789861215869
1.2453013003900395, -0.723538411666666
1.2146563958796566, -0.6847226411054841
1.1839693460500356, -0.6459818153175612
1.1536334045363275, -0.607231544635011
1.1235534294985556, -0.5688032766987927
1.0931193892350886, -0.5305982052874262
1.0626625393001545, -0.49221857479215053
1.031908809802538, -0.45375032667121235
1.001866854700305, -0.4149868402147688
0.9716515897092131, -0.37546153235482976
0.9415440648596893, -0.33688985429587076
0.9569403354952272, 0.2902846780356865
0.988621768544347, 0.3284235297700591
1.019673849172359, 0.3680458222700121
1.050449362035585, 0.4080179759357596
1.080841708765238, 0.4465283043579725
1.111404626900642, 0.4850823069362518
1.141913584483162, 0.5236219767656425
1.17221977553109, 0.5618783883164289
1.202587173268586, 0.6003896438029138
1.232954919999939, 0.6390321440222387
1.26359156723466, 0.6776564015804263
1.294256544804198, 0.7163847937734591
1.32494850419733, 0.7552346740026504
1.355668222801537, 0.7941288541434652
1.386381674563737, 0.8330089197864607
1.417039144883196, 0.8717536437363365
1.447694787902352, 0.9104239655038596
1.478366484011826, 0.9486054715424805
1.52710114529763, 0.9413242710186289
1.557467892698426, 0.9796895472987065
1.585133052821721, 1.017297515329051
1.628061441032004, 1.01156330381897
1.670406140061546, 1.021220693999315
1.689707131144692, 1.069995238755189
1.5816588031632806, -1.149486590755376
1.5331860065540175, -1.154951240642576
1.5030160473399445, -1.1171787664099588
1.4723673738266576, -1.0784979815361528
1.4417874534395556, -1.0397778863928309
1.4111741489903105, -1.0009250430854608
1.3805933683904286, -0.9629108655293452
1.3498765079168826, -0.9247762276904183
1.3191457062150866, -0.886148881806738
1.2884168824373485, -0.8472911698935415
1.2576940597915365, -0.8084123219822719
1.2269854415297266, -0.7695423575567126
1.1963007167111266, -0.7306922949542709
1.1656636937524196, -0.6918503760138932
1.1352268274397046, -0.6530157385484701
1.1050348978716236, -0.6144161180048073
1.0747444034304325, -0.5760366303895526
1.0443954244305536, -0.5379745258904919
1.0131041598173947, -0.4997707221212975
0.9813884521041307, -0.46154206204375114
0.952777303630683, -0.42160120269297785
0.9238795320956876, -0.38268343336843463
1.6064150634641177, -1.1913986083068828
0.9415440648596896, 0.3368898542958703
0.9716515897092133, 0.3754615323548292
1.001866854700305, 0.4149868402147682
1.031908809802538, 0.4537503266712118
1.062662539300155, 0.49221857479215
1.093119389235089, 0.5305982052874255
1.123553429498556, 0.568803276698792
1.153633404536328, 0.6072315446350103
1.183969346050036, 0.6459818153175605
1.214656395879657, 0.6847226411054834
1.24530130039004, 0.7235384116666653
1.275979362088452, 0.7623789861215863
1.306695137889795, 0.8012500756252086
1.33741907024617, 0.8401337787239318
1.368119956882099, 0.8789474002831323
1.398819781016108, 0.9176465317578045
1.429544280043172, 0.9557742848212266
1.460050818167383, 0.9939633458298467
1.508902454752816, 0.9868807959089332
1.538643806422348, 1.02523141012967
1.566990413645044, 1.062504596547499
1.604354948365727, 1.052385987688946
1.642990232530535, 1.060386865914089
1.662939225234738, 1.11114046509687
1.5596798329616686, -1.1918253310997309
1.5142806759269245, -1.2000688964965518
1.4849020148823835, -1.16293511888941
1.4543092476129615, -1.124362029709829
1.4235540481775786, -1.0857337865222758
1.3928581946686636, -1.046918742513807
1.3621722235925005, -1.008027093324392
1.3315456465566486, -0.9700535395640821
1.3009381800132747, -0.9320499721060276
1.2702721379983346, -0.8932423498421289
1.2394093715624717, -0.8544583756322541
1.2086577201513367, -0.8155845120746195
1.1779431754780276, -0.7766946736178237
1.1472542932368905, -0.7378053097650462
1.1165241435797546, -0.6989262942126997
1.0862786488067346, -0.6601103463079516
1.0556809766282136, -0.621580747929533
1.0250348469647776, -0.5832219715065896
0.9927589581188687, -0.5454051006855598
0.9587496398174935, -0.5078971467827027
0.930545978546752, -0.46783291156277945
0.9039892927095288, -0.42755509430543087
1.5766928556293016, -1.230463180679341
0.9238795320956878, 0.3826834333684342
0.9527773036306832, 0.4216012026929774
0.981388452104131, 0.4615420620437506
1.013104159817395, 0.4997707221212969
1.044395424430554, 0.5379745258904914
1.074744403430433, 0.5760366303895521
1.105034897871624, 0.6144161180048067
1.135226827439705, 0.6530157385484694
1.16566369375242, 0.6918503760138925
1.196300716711127, 0.7306922949542702
1.226985441529727, 0.769542357556712
1.257694059791537, 0.8084123219822712
1.288416882437349, 0.8472911698935408
1.319145706215087, 0.8861488818067373
1.349876507916883, 0.9247762276904177
1.380593368390429, 0.9629108655293446
1.411174148990311, 1.00092504308546
1.441787453439556, 1.03977788639283
1.490533323589698, 1.032615447230731
1.52083760122958, 1.071187152936917
1.551290815167418, 1.109385153671946
1.601682257863473, 1.099540359528464
1.635169626883073, 1.151616382012288
1.5388304607453596, -1.2315959561210519
1.4993387059434995, -1.2531333301774619
1.4662898363627936, -1.2097062774389709
1.4362801888545995, -1.170131557713056
1.4056813628646796, -1.13150889331326
1.3745837236801295, -1.092961038993989
1.3438173532298416, -1.0540797085920959
1.3130555846502745, -1.0152196336265098
1.2824961388980125, -0.9772008524625796
1.2520776212845806, -0.9386685172308541
1.2212340356289766, -0.9002239384997027
1.1903396385189156, -0.8616452898421839
1.1596041835050916, -0.822759787534362
1.1288722858986375, -0.7838470865153422
1.0981703627765915, -0.7449331261542017
1.0674630612470475, -0.7060440298136837
1.0370883386700325, -0.6672421139883854
1.0059047240256815, -0.628457307379912
0.9734586599499813, -0.5901000355418007
0.936128057485337, -0.5517769301698238
0.9068094239343709, -0.5137011943355826
0.881921263962018, -0.47139673754878353
1.5460209070286595, -1.268786567957859
0.903989292709529, 0.4275550943054304
0.9305459785467523, 0.467832911562779
0.9587496398174937, 0.5078971467827023
0.9927589581188689, 0.5454051006855594
1.025034846964778, 0.5832219715065892
1.055680976628214, 0.6215807479295326
1.086278648806735, 0.660110346307951
1.116524143579755, 0.698926294212699
1.147254293236891, 0.7378053097650455
1.177943175478028, 0.7766946736178231
1.208657720151337, 0.8155845120746188
1.239409371562472, 0.8544583756322535
1.270272137998335, 0.8932423498421282
1.300938180013275, 0.9320499721060269
1.331545646556649, 0.9700535395640815
1.362172223592501, 1.008027093324391
1.392858194668664, 1.046918742513806
1.423554048177579, 1.085733786522275
1.472367373826658, 1.078497981536152
1.503016047339945, 1.117178766409958
1.533186006554018, 1.154951240642575
1.581658803163281, 1.149486590755375
1.606415063464118, 1.191398608306882
1.4450961056802756, -1.2547487527514258
1.4167905016275866, -1.2152428206017958
1.3873059271990265, -1.1759398820576639
1.3566939108633256, -1.1381324890747588
1.3255134555286276, -1.1002002349559228
1.2947006750712786, -1.0612567439468203
1.2639901261585635, -1.0224264714663105
1.2333387617123885, -0.9837053122634674
1.2026530697325695, -0.9454225379161181
1.1720005014611146, -0.907435522928018
1.1412819189335406, -0.8689016698785659
1.1105145298528376, -0.829947666843057
1.0799691056849616, -0.7908903660962954
1.0491298840667835, -0.7520700421140403
1.0184274622854586, -0.7131756912586309
0.9876834621372893, -0.6743661377210697
0.9569884918183369, -0.63559515716035
0.9265112606822697, -0.5967194625730229
0.8854187084023332, -0.5628629356729581
0.8577286096775255, -0.5141027447316918
1.4668515038325176, -1.2972295096967288
1.5144176932427735, -1.3063456856411468
0.8819212639620182, 0.4713967375487831
0.9068094239343711, 0.5137011943355821
0.9361280574853372, 0.5517769301698233
0.9734586599499815, 0.5901000355418002
1.005904724025682, 0.6284573073799116
1.037088338670033, 0.667242113988385
1.067463061247048, 0.7060440298136833
1.098170362776592, 0.744933126154201
1.128872285898638, 0.7838470865153415
1.159604183505092, 0.8227597875343613
1.190339638518916, 0.8616452898421832
1.221234035628977, 0.9002239384997021
1.252077621284581, 0.9386685172308534
1.282496138898013, 0.9772008524625789
1.313055584650275, 1.015219633626509
1.343817353229842, 1.054079708592095
1.37458372368013, 1.092961038993988
1.40568136286468, 1.131508893313259
1.454309247612962, 1.124362029709828
1.484902014882384, 1.162935118889409
1.514280675926925, 1.200068896496551
1.559679832961669, 1.19182533109973
1.576692855629302, 1.23046318067934
1.3957699035847395, -1.25512730188083
1.4159628803086406, -1.2941161931655019
1.4340531810288055, -1.3321672493269339
1.4819022508391175, -1.343117909551487
1.3705460330161896, -1.2177970900904989
1.3397632023767905, -1.180148122371799
1.3075804978989876, -1.1445467533678668
1.2765426724420306, -1.1075240274466884
1.2460205018494226, -1.0683035269902534
1.2150616490964645, -1.0292046391021474
1.1832732420570176, -0.9918263606010757
1.1525894798096505, -0.9538778719754057
1.1228879746071885, -0.9148550177960544
1.0921334451713196, -0.8761097144326557
1.0638007667577536, -0.8365872251933941
1.0316942551894785, -0.7974053266449981
1.0007220289983836, -0.7587033262266148
0.9691573965762529, -0.720508917784392
0.9383748880661854, -0.6817563194080365
0.9102342841420918, -0.6434724295602687
0.8888238183250659, -0.609270641144163
0.8491017720403065, -0.6024251021860325
0.8314696120142534, -0.5555702334510616
0.8577286096775257, 0.5141027447316914
0.8854187084023334, 0.5628629356729576
0.92651126068227, 0.5967194625730224
0.9569884918183371, 0.6355951571603495
0.9876834621372895, 0.6743661377210692
1.018427462285459, 0.7131756912586305
1.049129884066784, 0.7520700421140398
1.079969105684962, 0.7908903660962947
1.110514529852838, 0.8299476668430563
1.141281918933541, 0.8689016698785652
1.172000501461115, 0.9074355229280173
1.20265306973257, 0.9454225379161174
1.233338761712389, 0.9837053122634667
1.263990126158564, 1.02242647146631
1.294700675071279, 1.06125674394682
1.325513455528628, 1.100200234955922
1.356693910863326, 1.138132489074758
1.387305927199027, 1.175939882057663
1.4362801888546, 1.170131557713055
1.466289836362794, 1.20970627743897
1.4993387059435, 1.253133330177461
1.53883046074536, 1.231595956121051
1.54602090702866, 1.268786567957858
1.3627062966573875, -1.292803663796984
1.3913002910681185, -1.332620681540113
1.4137237695628766, -1.36410456120847
1.4484941659090496, -1.37908108946771
1.3578554465306536, -1.2545290474322528
1.3272377574731975, -1.220703569410262
1.2930438374665656, -1.1850054935467536
1.2612326793511746, -1.1508934126061734
1.2286978455988204, -1.1138145911334165
1.1980425907076855, -1.0742707229086566
1.1638414457043695, -1.0377908299233853
1.1301329393687425, -1.0023575096202184
1.1045891516312725, -0.9613702829909503
1.0786828492309446, -0.9225103656827297
1.0497777463708255, -0.8860181591927341
1.0193124739850625, -0.8472118044562811
0.9863205163877231, -0.8045138581986393
0.9519444206344143, -0.767368790128495
0.9191631266426115, -0.7308983563867075
0.8828824922109068, -0.6932460691234077
0.8646284560488969, -0.6464138720581948
0.8199934384707415, -0.6399643707553332
0.8032075312539579, -0.5956993047980855
0.8314696120142536, 0.5555702334510612
0.8491017720403067, 0.6024251021860321
0.8888238183250661, 0.6092706411441625
0.9102342841420921, 0.6434724295602683
0.9383748880661856, 0.681756319408036
0.9691573965762533, 0.7205089177843915
1.000722028998384, 0.7587033262266144
1.031694255189479, 0.7974053266449976
1.063800766757754, 0.8365872251933937
1.09213344517132, 0.8761097144326551
1.122887974607189, 0.9148550177960537
1.152589479809651, 0.9538778719754051
1.183273242057018, 0.991826360601075
1.215061649096465, 1.029204639102147
1.246020501849423, 1.068303526990253
1.276542672442031, 1.107524027446688
1.307580497898988, 1.144546753367866
1.339763202376791, 1.180148122371798
1.37054603301619, 1.217797090090498
1.416790501627587, 1.215242820601795
1.445096105680276, 1.254748752751425
1.466851503832518, 1.297229509696728
1.514417693242774, 1.306345685641146
1.3081475451948055, -1.3081475451948068
1.3211105335975055, -1.2599334939023499
1.2851171388757485, -1.2255534180193184
1.2497707904730475, -1.1941302515851955
1.2151934864364755, -1.1585950273465915
1.1800151818520885, -1.1213390154710905
1.1443210032213655, -1.0831088974383654
1.1089564630933055, -1.0477192195237583
1.0759837726798636, -1.0052139531441084
1.0665298470616056, -0.9597710319208204
1.0398384241686516, -0.9316621481000644
1.0079905199259926, -0.8992448682242826
0.9769417357602939, -0.8570679705444985
0.942443683292193, -0.8204930068773177
0.9079388928728449, -0.7865824468356316
0.8742064999042057, -0.7520179854041951
0.8334580074997097, -0.7162510893551987
0.7932012235640863, -0.6823007305662934
0.8388327235588683, -0.6756352263716856
1.3435028842542645, -1.343502884254265
1.3788582233136795, -1.3788582233136808
1.414213562373094, -1.4142135623730958
0.7730104532336319, -0.6343932843209605
0.8032075312539582, 0.5956993047980851
0.8199934384707417, 0.6399643707553327
0.8646284560488972, 0.6464138720581943
0.8828824922109072, 0.6932460691234072
0.9191631266426119, 0.7308983563867071
0.9519444206344148, 0.7673687901284946
0.9863205163877236, 0.8045138581986389
1.019312473985063, 0.8472118044562806
1.049777746370826, 0.8860181591927336
1.078682849230945, 0.922510365682729
1.104589151631273, 0.9613702829909496
1.130132939368743, 1.002357509620218
1.16384144570437, 1.037790829923385
1.198042590707686, 1.074270722908656
1.228697845598821, 1.113814591133416
1.261232679351175, 1.150893412606173
1.293043837466566, 1.185005493546753
1.327237757473198, 1.220703569410261
1.357855446530654, 1.254529047432252
1.39576990358474, 1.255127301880829
1.415962880308641, 1.294116193165501
1.434053181028806, 1.332167249326933
1.481902250839118, 1.343117909551486
1.2727922061353776, -1.2727922061353785
1.2374368670759757, -1.2374368670759754
1.2020815280165076, -1.2020815280165085
1.1667261889570795, -1.1667261889570804
1.1313708498976425, -1.1313708498976434
1.0960155108382275, -1.0960155108382283
1.0606601717788346, -1.0606601717788344
1.0253048327196095, -1.0253048327196104
1.0335550375972975, -0.9780984096862496
0.9997839729035378, -0.9441475346320696
0.9655136764949123, -0.9074877267618234
0.9321043376152132, -0.870883925663483
0.8964934793802919, -0.8358683332186897
0.8611652052225958, -0.8004775023187745
0.826003696343122, -0.764956643998985
0.790758411560208, -0.7295211679907532
0.7573438645274828, -0.7066264541838527
0.7409511253169007, -0.6715589548890095
1.292803663796983, -1.3627062966573882
1.3326206815401112, -1.3913002910681196
1.3641045612084683, -1.4137237695628777
1.3790810894677084, -1.4484941659090507
1.2599334939023488, -1.3211105335975062
0.7730104532336322, 0.6343932843209601
0.7932012235640865, 0.6823007305662929
0.8334580074997101, 0.7162510893551982
0.8742064999042062, 0.7520179854041946
0.9079388928728453, 0.7865824468356312
0.9424436832921934, 0.8204930068773173
0.9769417357602943, 0.857067970544498
1.007990519925993, 0.8992448682242822
1.039838424168652, 0.931662148100064
1.066529847061606, 0.9597710319208199
1.075983772679864, 1.005213953144108
1.108956463093306, 1.047719219523758
1.144321003221366, 1.083108897438365
1.180015181852089, 1.12133901547109
1.215193486436476, 1.158595027346591
1.249770790473048, 1.194130251585195
1.285117138875749, 1.225553418019318
1.321110533597506, 1.259933493902349
1.362706296657388, 1.292803663796983
1.391300291068119, 1.332620681540112
1.413723769562877, 1.364104561208469
1.44849416590905, 1.379081089467709
0.8388327235588685, 0.6756352263716852
1.2255534180193177, -1.2851171388757492
1.194130251585195, -1.2497707904730482
1.1585950273465906, -1.2151934864364764
1.1213390154710896, -1.1800151818520892
1.0831088974383647, -1.1443210032213662
1.0477192195237577, -1.1089564630933062
1.0052139531441076, -1.0759837726798642
0.9780984096862491, -1.0335550375972982
0.989949493660392, -0.9899494936603928
0.9545941546011264, -0.9545941546011272
0.9192388155419368, -0.9192388155419375
0.8838834764827449, -0.8838834764827457
0.8485281374235487, -0.8485281374235495
0.8131727983643525, -0.8131727983643533
0.7778174593051195, -0.7778174593051203
0.7424621202458409, -0.7424621202458417
0.7071067811865471, -0.7071067811865479
1.2941161931655003, -1.4159628803086415
1.2551273018808287, -1.3957699035847402
1.2545290474322517, -1.3578554465306543
1.2207035694102608, -1.3272377574731982
1.3321672493269323, -1.4340531810288066
1.3431179095514854, -1.4819022508391186
0.7409511253169009, 0.6715589548890091
0.7573438645274833, 0.7066264541838523
0.7907584115602084, 0.7295211679907527
0.8260036963431224, 0.7649566439989846
0.8611652052225962, 0.800477502318774
0.8964934793802923, 0.8358683332186893
0.9321043376152136, 0.8708839256634826
0.9655136764949127, 0.907487726761823
0.9997839729035383, 0.9441475346320691
1.033555037597298, 0.9780984096862492
1.02530483271961, 1.02530483271961
1.060660171778835, 1.060660171778834
1.096015510838228, 1.096015510838228
1.131370849897643, 1.131370849897643
1.16672618895708, 1.16672618895708
1.202081528016508, 1.202081528016508
1.237436867075976, 1.237436867075975
1.272792206135378, 1.272792206135378
1.308147545194806, 1.308147545194806
1.343502884254265, 1.343502884254264
1.37885822331368, 1.37885822331368
1.414213562373095, 1.414213562373095
1.1850054935467529, -1.2930438374665663
1.180148122371798, -1.3397632023767911
1.217797090090498, -1.3705460330161903
1.2152428206017942, -1.4167905016275872
1.2547487527514245, -1.4450961056802762
1.2972295096967272, -1.4668515038325183
1.3063456856411453, -1.5144176932427742
1.1508934126061727, -1.2612326793511754
1.1138145911334159, -1.2286978455988211
1.0742707229086559, -1.1980425907076864
1.037790829923385, -1.1638414457043702
1.002357509620218, -1.1301329393687432
0.9613702829909492, -1.1045891516312734
0.9597710319208199, -1.0665298470616065
0.9316621481000638, -1.0398384241686522
0.9441475346320689, -0.9997839729035386
0.9074877267618228, -0.965513676494913
0.8708839256634824, -0.9321043376152139
0.8358683332186891, -0.8964934793802927
0.8004775023187738, -0.8611652052225965
0.7649566439989844, -0.8260036963431228
0.7295211679907525, -0.7907584115602088
0.7066264541838521, -0.7573438645274836
0.6715589548890087, -0.7409511253169012
0.7071067811865476, 0.7071067811865475
0.7424621202458414, 0.7424621202458412
0.7778174593051199, 0.7778174593051198
0.813172798364353, 0.8131727983643529
0.8485281374235492, 0.848528137423549
0.8838834764827453, 0.8838834764827452
0.9192388155419372, 0.9192388155419371
0.9545941546011268, 0.9545941546011267
0.9899494936603924, 0.9899494936603923
0.9780984096862495, 1.0335550375972977
1.005213953144108, 1.0759837726798638
1.0477192195237581, 1.1089564630933058
1.0831088974383651, 1.1443210032213658
1.12133901547109, 1.1800151818520888
1.158595027346591, 1.215193486436476
1.1941302515851955, 1.2497707904730477
1.2255534180193182, 1.2851171388757487
1.2599334939023492, 1.3211105335975057
1.2928036637969835, 1.3627062966573877
1.332620681540112, 1.3913002910681187
1.3641045612084692, 1.4137237695628768
1.3790810894677092, 1.4484941659090498
1.144546753367866, -1.3075804978989882
1.1075240274466878, -1.2765426724420315
1.068303526990253, -1.2460205018494233
1.0292046391021468, -1.2150616490964652
0.9918263606010744, -1.1832732420570184
0.9538778719754051, -1.1525894798096512
0.9148550177960535, -1.1228879746071891
0.9225103656827287, -1.0786828492309453
0.8860181591927334, -1.0497777463708262
0.899244868224282, -1.0079905199259933
0.8570679705444977, -0.9769417357602946
0.8204930068773169, -0.9424436832921937
0.786582446835631, -0.9079388928728456
0.7520179854041945, -0.8742064999042065
0.716251089355198, -0.8334580074997104
0.6823007305662926, -0.7932012235640868
0.6343932843209599, -0.7730104532336325
1.1381324890747577, -1.3566939108633265
1.1759398820576625, -1.3873059271990271
1.1701315577130544, -1.4362801888546002
1.209706277438969, -1.4662898363627943
1.2531333301774605, -1.4993387059435002
1.2687865679578578, -1.5460209070286601
0.7066264541838525, 0.7573438645274831
0.6715589548890092, 0.7409511253169008
0.729521167990753, 0.7907584115602083
0.7649566439989849, 0.8260036963431223
0.8004775023187742, 0.8611652052225961
0.8358683332186896, 0.8964934793802922
0.8708839256634828, 0.9321043376152135
0.9074877267618232, 0.9655136764949126
0.9441475346320694, 0.9997839729035382
0.9316621481000642, 1.0398384241686518
0.9597710319208204, 1.066529847061606
0.9613702829909496, 1.104589151631273
1.0023575096202184, 1.1301329393687427
1.0377908299233853, 1.1638414457043698
1.0742707229086563, 1.198042590707686
1.1138145911334163, 1.2286978455988207
1.1508934126061732, 1.261232679351175
1.1850054935467533, 1.2930438374665658
1.2207035694102613, 1.3272377574731977
1.2545290474322521, 1.3578554465306538
1.2551273018808295, 1.3957699035847397
1.2941161931655012, 1.415962880308641
1.3321672493269332, 1.4340531810288057
1.3431179095514862, 1.4819022508391178
1.100200234955922, -1.3255134555286283
1.06125674394682, -1.2947006750712795
1.0224264714663096, -1.2639901261585642
0.983705312263466, -1.2333387617123892
0.9454225379161167, -1.2026530697325701
0.9074355229280171, -1.1720005014611155
0.8689016698785648, -1.1412819189335413
0.8761097144326548, -1.0921334451713203
0.8365872251933937, -1.0638007667577543
0.8472118044562804, -1.0193124739850634
0.8045138581986386, -0.986320516387724
0.7673687901284942, -0.9519444206344152
0.7308983563867069, -0.9191631266426123
0.6932460691234071, -0.8828824922109075
0.675635226371685, -0.8388327235588688
0.6399643707553326, -0.819993438470742
0.5956993047980847, -0.8032075312539583
1.0929610389939879, -1.3745837236801302
1.1315088933132582, -1.4056813628646805
1.1243620297098276, -1.4543092476129624
1.1629351188894084, -1.4849020148823842
1.2000688964965502, -1.5142806759269254
1.2315959561210503, -1.5388304607453605
1.2304631806793394, -1.5766928556293023
0.682300730566293, 0.7932012235640864
0.7162510893551984, 0.83345800749971
0.752017985404195, 0.8742064999042061
0.7865824468356315, 0.9079388928728451
0.8204930068773173, 0.9424436832921933
0.8570679705444981, 0.9769417357602942
0.8992448682242824, 1.0079905199259929
0.8860181591927339, 1.0497777463708258
0.9225103656827291, 1.0786828492309448
0.9148550177960539, 1.1228879746071887
0.9538778719754055, 1.1525894798096508
0.9918263606010751, 1.183273242057018
1.0292046391021472, 1.2150616490964647
1.0683035269902534, 1.2460205018494228
1.1075240274466882, 1.276542672442031
1.1445467533678664, 1.3075804978989878
1.1801481223717984, 1.3397632023767907
1.2177970900904984, 1.3705460330161898
1.2152428206017951, 1.4167905016275868
1.2547487527514254, 1.4450961056802758
1.2972295096967281, 1.4668515038325178
1.3063456856411462, 1.5144176932427738
0.6343932843209603, 0.773010453233632
1.0540797085920948, -1.3438173532298423
1.0152196336265085, -1.3130555846502752
0.9772008524625782, -1.2824961388980134
0.9386685172308529, -1.2520776212845814
0.9002239384997017, -1.2212340356289775
0.8616452898421829, -1.1903396385189162
0.8227597875343609, -1.1596041835050925
0.8299476668430561, -1.1105145298528383
0.7908903660962945, -1.0799691056849623
0.7974053266449974, -1.0316942551894792
0.7587033262266141, -1.0007220289983842
0.7205089177843912, -0.9691573965762538
0.6817563194080359, -0.938374888066186
0.6434724295602681, -0.9102342841420924
0.6464138720581941, -0.8646284560488975
0.6024251021860318, -0.8491017720403068
0.5555702334510609, -0.8314696120142538
1.0857337865222743, -1.4235540481775792
1.0469187425138056, -1.3928581946686642
1.0784979815361513, -1.4723673738266583
1.1171787664099577, -1.5030160473399452
1.1549512406425744, -1.5331860065540182
1.1918253310997295, -1.5596798329616695
1.1913986083068813, -1.6064150634641183
0.6756352263716855, 0.8388327235588684
0.6932460691234076, 0.8828824922109071
0.7308983563867073, 0.9191631266426119
0.7673687901284947, 0.9519444206344148
0.8045138581986391, 0.9863205163877236
0.8472118044562809, 1.019312473985063
0.8365872251933941, 1.0638007667577538
0.8761097144326553, 1.0921334451713198
0.8689016698785652, 1.1412819189335408
0.9074355229280178, 1.172000501461115
0.9454225379161174, 1.2026530697325697
0.9837053122634667, 1.2333387617123888
1.02242647146631, 1.2639901261585638
1.0612567439468203, 1.294700675071279
1.1002002349559223, 1.3255134555286279
1.1381324890747582, 1.356693910863326
1.1759398820576634, 1.3873059271990267
1.1701315577130553, 1.4362801888545997
1.20970627743897, 1.4662898363627939
1.2531333301774614, 1.4993387059434997
1.2687865679578587, 1.5460209070286597
0.6399643707553331, 0.8199934384707416
0.5956993047980852, 0.803207531253958
1.0080270933243909, -1.3621722235925011
1.000925043085459, -1.4111741489903111
1.039777886392829, -1.4417874534395563
1.0326154472307303, -1.4905333235896983
1.0711871529369168, -1.5208376012295801
1.1093851536719457, -1.5512908151674183
1.1494865907553746, -1.5816588031632814
1.1516163820122876, -1.6351696268830733
0.970053539564081, -1.3315456465566493
0.9320499721060265, -1.3009381800132753
0.8932423498421276, -1.2702721379983353
0.8544583756322532, -1.2394093715624726
0.8155845120746181, -1.2086577201513373
0.7766946736178226, -1.1779431754780285
0.7838470865153413, -1.1288722858986384
0.7449331261542009, -1.0981703627765924
0.7520700421140396, -1.0491298840667842
0.7131756912586302, -1.0184274622854592
0.6743661377210691, -0.9876834621372899
0.6355951571603493, -0.9569884918183376
0.5967194625730222, -0.9265112606822701
0.5628629356729574, -0.8854187084023335
0.6092706411441624, -0.8888238183250662
0.5141027447316912, -0.8577286096775258
0.6464138720581946, 0.864628456048897
0.6024251021860323, 0.8491017720403066
0.5555702334510614, 0.8314696120142536
0.6817563194080364, 0.9383748880661855
0.7205089177843916, 0.9691573965762533
0.7587033262266145, 1.0007220289983838
0.7974053266449979, 1.0316942551894788
0.7908903660962949, 1.0799691056849618
0.8299476668430565, 1.1105145298528378
0.8227597875343615, 1.159604183505092
0.8616452898421836, 1.1903396385189158
0.9002239384997024, 1.221234035628977
0.9386685172308535, 1.252077621284581
0.9772008524625788, 1.282496138898013
1.015219633626509, 1.3130555846502747
1.0540797085920952, 1.3438173532298419
1.0929610389939883, 1.3745837236801297
1.131508893313259, 1.40568136286468
1.1243620297098285, 1.454309247612962
1.1629351188894093, 1.4849020148823837
1.2000688964965511, 1.514280675926925
1.2315959561210512, 1.53883046074536
1.2304631806793402, 1.5766928556293018
0.6434724295602685, 0.910234284142092
0.9629108655293439, -1.3805933683904292
0.9557742848212261, -1.4295442800431721
0.9939633458298462, -1.4600508181673835
0.9868807959089327, -1.5089024547528163
1.0252314101296696, -1.5386438064223484
1.0625045965474986, -1.5669904136450445
1.0995403595284636, -1.6016822578634733
1.1111404650968695, -1.6629392252347381
0.9247762276904172, -1.3498765079168833
0.8861488818067367, -1.3191457062150873
0.8472911698935404, -1.2884168824373492
0.808412321982271, -1.2576940597915374
0.7695423575567115, -1.2269854415297272
0.7306922949542698, -1.1963007167111275
0.7378053097650452, -1.1472542932368914
0.6989262942126988, -1.1165241435797553
0.706044029813683, -1.0674630612470484
0.6672421139883846, -1.0370883386700334
0.6284573073799113, -1.0059047240256822
0.5901000355418, -0.9734586599499816
0.551776930169823, -0.9361280574853373
0.513701194335582, -0.9068094239343714
0.47139673754878286, -0.8819212639620183
0.6092706411441629, 0.888823818325066
0.5628629356729579, 0.8854187084023333
0.5967194625730227, 0.9265112606822699
0.6355951571603498, 0.9569884918183371
0.6743661377210696, 0.9876834621372894
0.7131756912586307, 1.0184274622854588
0.75207004211404, 1.0491298840667838
0.7449331261542014, 1.098170362776592
0.7838470865153417, 1.128872285898638
0.7766946736178233, 1.177943175478028
0.8155845120746188, 1.2086577201513369
0.8544583756322539, 1.239409371562472
0.8932423498421282, 1.2702721379983348
0.9320499721060271, 1.3009381800132749
0.9700535395640817, 1.3315456465566489
1.0080270933243913, 1.3621722235925007
1.0469187425138065, 1.3928581946686638
1.0857337865222751, 1.4235540481775788
1.0784979815361522, 1.4723673738266578
1.1171787664099586, 1.5030160473399448
1.1549512406425753, 1.5331860065540177
1.1918253310997304, 1.559679832961669
1.1913986083068822, 1.6064150634641179
0.5141027447316916, 0.8577286096775256
0.917646531757804, -1.3988197810161083
0.8789474002831319, -1.3681199568820994
0.8401337787239316, -1.3374190702461701
0.8012500756252081, -1.3066951378897953
0.7623789861215859, -1.2759793620884525
0.723538411666665, -1.2453013003900404
0.684722641105483, -1.2146563958796572
0.6918503760138921, -1.1656636937524205
0.6530157385484692, -1.1352268274397055
0.6601103463079507, -1.0862786488067355
0.6215807479295323, -1.0556809766282145
0.5832219715065889, -1.0250348469647785
0.5454051006855591, -0.9927589581188692
0.507897146782702, -0.9587496398174938
0.46783291156277884, -0.9305459785467525
0.42755509430543026, -0.9039892927095292
0.9104239655038591, -1.4476947879023523
0.9486054715424801, -1.4783664840118265
0.9413242710186289, -1.5271011452976302
0.9796895472987064, -1.5574678926984262
1.0172975153290509, -1.5851330528217211
1.0523859876889456, -1.6043549483657271
1.0603868659140887, -1.6429902325305352
1.0699952387551883, -1.6897071311446923
0.5517769301698234, 0.9361280574853371
0.5901000355418005, 0.9734586599499814
0.6284573073799118, 1.0059047240256818
0.6672421139883851, 1.037088338670033
0.7060440298136834, 1.067463061247048
0.6989262942126993, 1.1165241435797548
0.7378053097650457, 1.147254293236891
0.7306922949542705, 1.196300716711127
0.7695423575567122, 1.2269854415297268
0.8084123219822716, 1.257694059791537
0.847291169893541, 1.2884168824373488
0.8861488818067373, 1.3191457062150869
0.9247762276904179, 1.3498765079168829
0.9629108655293446, 1.3805933683904288
1.00092504308546, 1.4111741489903107
1.03977788639283, 1.4417874534395558
1.0326154472307312, 1.4905333235896978
1.0711871529369177, 1.5208376012295797
1.1093851536719466, 1.5512908151674178
1.1494865907553755, 1.581658803163281
1.1516163820122884, 1.6351696268830729
0.5137011943355825, 0.9068094239343711
0.4713967375487833, 0.8819212639620181
0.871753643736336, -1.4170391448831965
0.8645266627553876, -1.4658786511622863
0.9030424825751207, -1.4965668492416901
0.8956190673038165, -1.5453504217494272
0.9340245002836738, -1.5758482220911902
0.9720817765918994, -1.6049907924632043
1.0115633038189693, -1.6280614410320045
1.0212206939993147, -1.6704061400615462
1.0282054871982256, -1.7154572207127345
0.8330089197864601, -1.3863816745637374
0.794128854143465, -1.3556682228015373
0.7552346740026499, -1.3249485041973301
0.7163847937734584, -1.2942565448041985
0.6776564015804258, -1.2635915672346605
0.6390321440222384, -1.2329549199999392
0.64598181531756, -1.1839693460500365
0.6072315446350098, -1.1536334045363281
0.6144161180048064, -1.1050348978716245
0.5760366303895519, -1.0747444034304334
0.5379745258904913, -1.0443954244305544
0.4997707221212968, -1.0131041598173955
0.46154206204375026, -0.9813884521041311
0.4216012026929772, -0.9527773036306835
0.3826834333684339, -0.9238795320956881
0.5454051006855596, 0.9927589581188689
0.5078971467827025, 0.9587496398174936
0.4678329115627793, 0.9305459785467523
0.4275550943054307, 0.903989292709529
0.5832219715065894, 1.025034846964778
0.6215807479295328, 1.055680976628214
0.6601103463079512, 1.086278648806735
0.6530157385484696, 1.135226827439705
0.6918503760138928, 1.16566369375242
0.6847226411054836, 1.2146563958796568
0.7235384116666657, 1.24530130039004
0.7623789861215866, 1.275979362088452
0.8012500756252088, 1.3066951378897949
0.8401337787239322, 1.3374190702461697
0.8789474002831326, 1.368119956882099
0.9176465317578046, 1.3988197810161078
0.9557742848212267, 1.4295442800431717
0.9939633458298469, 1.460050818167383
0.9868807959089334, 1.5089024547528158
1.0252314101296705, 1.538643806422348
1.0625045965474995, 1.566990413645044
1.0995403595284645, 1.6016822578634728
1.1111404650968704, 1.6629392252347377
0.8258666057212545, -1.4352804068839142
0.8186486337617129, -1.4840822675570933
0.8571680851395618, -1.5147111735839172
0.8498033120769775, -1.5635036541434535
0.8882857332060512, -1.5939976476546103
0.9268313180137036, -1.6243953774495612
0.9663101389930684, -1.6559416314185735
0.9894170658473562, -1.6991428932856931
0.9857963831335144, -1.7401739829686234
0.7870549657684793, -1.4045887967937642
0.7481303406665687, -1.3738845269642015
0.7092503176796279, -1.3431817133480803
0.6705983158359072, -1.3125686756354211
0.6320833254418001, -1.2819741079706182
0.5935099122618281, -1.2514551744481714
0.6003896438029133, -1.2025871732685864
0.5618783883164284, -1.1722197755310904
0.5688032766987918, -1.1235534294985565
0.5305982052874254, -1.0931193892350892
0.4922185747921496, -1.0626625393001554
0.4537503266712115, -1.0319088098025384
0.41498684021476806, -1.0018668547003051
0.37546153235482893, -0.9716515897092135
0.33688985429587004, -0.9415440648596898
0.49977072212129725, 1.013104159817395
0.4615420620437507, 0.9813884521041308
0.42160120269297763, 0.9527773036306832
0.38268343336843436, 0.9238795320956878
0.5379745258904918, 1.044395424430554
0.5760366303895523, 1.074744403430433
0.6144161180048069, 1.105034897871624
0.6072315446350105, 1.1536334045363277
0.6459818153175607, 1.183969346050036
0.6390321440222391, 1.2329549199999388
0.6776564015804265, 1.26359156723466
0.7163847937734591, 1.294256544804198
0.7552346740026505, 1.3249485041973297
0.7941288541434657, 1.3556682228015369
0.8330089197864607, 1.386381674563737
0.8717536437363367, 1.417039144883196
0.9104239655038597, 1.4476947879023518
0.9486054715424808, 1.478366484011826
0.9413242710186296, 1.5271011452976297
0.979689547298707, 1.5574678926984258
1.0172975153290518, 1.5851330528217207
1.0523859876889465, 1.6043549483657267
1.0603868659140896, 1.6429902325305348
1.0699952387551892, 1.6897071311446918
0.780007101468116, -1.4534890869163752
0.7728279241216152, -1.5022731639555233
0.8113683523643549, -1.5328851976495512
0.8040236174141511, -1.5816391289494842
0.8425750126353104, -1.6121746101227346
0.8811106293778748, -1.6425687100191544
0.9194998606407785, -1.6726070337701633
0.9455526259126585, -1.7137354912669882
0.9427934721717717, -1.7638425294879063
0.741187972825011, -1.4228288626328185
0.7023420324961607, -1.3921893495941933
0.663565961586253, -1.3615979945818202
0.6250597025248623, -1.3309994190427203
0.5866113877317989, -1.3004422055586025
0.5480006094351311, -1.2698873600378855
0.5549153801891824, -1.2209649577838955
0.5164565675553578, -1.1906237762489842
0.5236219767656423, -1.1419135844831625
0.48508230693625143, -1.1114046269006423
0.4465283043579723, -1.0808417087652384
0.4080179759357593, -1.0504493620355855
0.3680458222700118, -1.019673849172359
0.32842352977005884, -0.9886217685443472
0.29028467803568636, -0.9569403354952273
0.45375032667121196, 1.031908809802538
0.4149868402147685, 1.0018668547003047
0.3754615323548294, 0.9716515897092133
0.3368898542958705, 0.9415440648596896
0.49221857479215014, 1.062662539300155
0.5305982052874259, 1.0931193892350888
0.5688032766987923, 1.123553429498556
0.5618783883164291, 1.17221977553109
0.6003896438029139, 1.202587173268586
0.5935099122618288, 1.251455174448171
0.6320833254418008, 1.2819741079706177
0.6705983158359079, 1.3125686756354207
0.7092503176796285, 1.34318171334808
0.7481303406665694, 1.373884526964201
0.78705496576848, 1.4045887967937638
0.8258666057212551, 1.4352804068839138
0.8645266627553883, 1.4658786511622859
0.9030424825751213, 1.4965668492416897
0.8956190673038171, 1.5453504217494267
0.9340245002836745, 1.5758482220911898
0.9720817765919001, 1.6049907924632039
1.0115633038189702, 1.628061441032004
1.0212206939993156, 1.6704061400615458
1.0282054871982265, 1.715457220712734
0.7341582533156197, -1.4716750845600464
0.6954271158278531, -1.4411258387087722
0.6567185461126068, -1.4105440308590103
0.6180801027467773, -1.3800047173256664
0.5794975307215875, -1.3493514221344465
0.5409604740435405, -1.3187041651600204
0.5023621380309764, -1.2880914710239875
0.509474858367527, -1.2393250274103274
0.47089853238074786, -1.2087065395314425
0.4779611612252256, -1.1601088432316402
0.43935936165323064, -1.1295773861480765
0.400742443500152, -1.0990421277971385
0.36222177997824445, -1.068640649642659
0.3191632753664113, -1.036812870402047
0.2789406504611345, -1.004197890929559
0.2429801805664794, -0.9700312530284173
0.765542950329031, -1.5510105000115373
0.7583295788868947, -1.5997660774763323
0.7968609085091001, -1.6303125295994743
0.8354356381176817, -1.6608108080159205
0.8740028702202587, -1.6913182881099482
0.8999310898600792, -1.7307615682818231
0.8992226575541566, -1.7864486032744522
0.727017151589721, -1.5204563177716985
0.44652830435797286, 1.080841708765238
0.485082306936252, 1.111404626900642
0.5236219767656427, 1.141913584483162
0.5164565675553585, 1.1906237762489837
0.5549153801891831, 1.220964957783895
0.5480006094351317, 1.269887360037885
0.5866113877317995, 1.300442205558602
0.625059702524863, 1.33099941904272
0.6635659615862537, 1.3615979945818197
0.7023420324961613, 1.3921893495941928
0.7411879728250117, 1.422828862632818
0.7800071014681167, 1.4534890869163748
0.8186486337617136, 1.4840822675570928
0.8571680851395624, 1.5147111735839167
0.8498033120769781, 1.563503654143453
0.8882857332060519, 1.5939976476546098
0.9268313180137044, 1.6243953774495608
0.9663101389930693, 1.655941631418573
0.9894170658473571, 1.6991428932856927
0.9857963831335153, 1.740173982968623
0.40801797593575984, 1.050449362035585
0.36804582227001226, 1.019673849172359
0.3284235297700593, 0.988621768544347
0.2902846780356868, 0.9569403354952271
0.6883693530345407, -1.4898868487216945
0.681250041934633, -1.5386390392957165
0.7197947969313134, -1.5692109021911715
0.7125933238871918, -1.6179564319250024
0.7511618762505798, -1.6484669721813272
0.7897304639994498, -1.6789596856065523
0.8277856665208856, -1.7081406940588755
0.859190717032067, -1.7248551399105954
0.8579788665175594, -1.7635396326281563
0.855110184991539, -1.8079785871308691
0.6497186334191409, -1.4593570135546825
0.6111480800637323, -1.4287414852392364
0.5724530245671198, -1.3981753524001075
0.533823812560934, -1.3675109742324745
0.4951911373704596, -1.3369108528425813
0.4566925259191854, -1.3062533764974125
0.46383276279570473, -1.2573541431005455
0.42527942044841616, -1.2266405731933705
0.4323187102210181, -1.1781463760709106
0.39359265178888514, -1.1477751322528325
0.35495753549541875, -1.117213305089129
0.31370862659348153, -1.085639809860739
0.2690254522775376, -1.051901303151065
0.22658593868666216, -1.018488388592635
0.19509032252401665, -0.9807852803022054
0.4393593616532312, 1.129577386148076
0.47796116122522614, 1.1601088432316398
0.4708985323807484, 1.208706539531442
0.5094748583675277, 1.239325027410327
0.5023621380309771, 1.288091471023987
0.5409604740435412, 1.31870416516002
0.5794975307215882, 1.349351422134446
0.6180801027467779, 1.380004717325666
0.6567185461126075, 1.4105440308590098
0.6954271158278538, 1.4411258387087718
0.7341582533156203, 1.471675084560046
0.7728279241216158, 1.502273163955523
0.8113683523643556, 1.5328851976495508
0.8040236174141517, 1.5816391289494838
0.8425750126353111, 1.612174610122734
0.8811106293778757, 1.642568710019154
0.9194998606407794, 1.6726070337701628
0.9455526259126594, 1.7137354912669878
0.9427934721717726, 1.7638425294879059
0.40074244350015253, 1.099042127797138
0.362221779978245, 1.068640649642659
0.31916327536641176, 1.036812870402047
0.2789406504611349, 1.004197890929559
0.24298018056647985, 0.9700312530284171
0.6426195207666947, -1.5080911209063432
0.6354759842480155, -1.5568159013798895
0.6740613245801403, -1.5873789228274564
0.6669036514610693, -1.6360853882548132
0.7054617558284966, -1.6666170100788422
0.744031211551494, -1.6971085224516553
0.7825891545040642, -1.7275986306707742
0.8181177421772887, -1.7449471571492552
0.8130398910836041, -1.7848688434964375
0.810482626032343, -1.8284195122836873
0.6039782597480687, -1.4775185379453741
0.5653297100242296, -1.4469192155108102
0.5266645463085127, -1.4163189620861565
0.4879862440859424, -1.3857110115418312
0.4493858238898887, -1.3549555759422471
0.41073490836770277, -1.3235299389249995
0.4180151612393421, -1.2750544577923815
0.3794126042367717, -1.2445794559813168
0.38663674633292555, -1.1962167773943122
0.3478461690680469, -1.165918470710803
0.3084369658318983, -1.134335909489621
0.26891265440161594, -1.102146110577886
0.22010089776117153, -1.0625488624810968
0.1787543290553119, -1.034882314224999
0.14673047483692764, -0.989176509908181
0.3935926517888857, 1.147775132252832
0.3549575354954193, 1.117213305089129
0.3137086265934821, 1.085639809860739
0.26902545227753816, 1.051901303151065
0.22658593868666266, 1.018488388592635
0.19509032252401715, 0.9807852803022051
0.43231871022101864, 1.17814637607091
0.4252794204484167, 1.22664057319337
0.4638327627957053, 1.257354143100545
0.4566925259191861, 1.306253376497412
0.4951911373704603, 1.3369108528425808
0.5338238125609347, 1.367510974232474
0.5724530245671204, 1.398175352400107
0.611148080063733, 1.428741485239236
0.6497186334191416, 1.459357013554682
0.6883693530345414, 1.489886848721694
0.7270171515897217, 1.520456317771698
0.7655429503290316, 1.5510105000115368
0.7583295788868953, 1.5997660774763318
0.796860908509101, 1.6303125295994738
0.8354356381176826, 1.66081080801592
0.8740028702202596, 1.6913182881099478
0.8999310898600801, 1.7307615682818227
0.8992226575541575, 1.7864486032744518
0.5968441469997989, -1.5262651688857545
0.5581773160330761, -1.4957010917114455
0.5194966514366268, -1.4651228610774734
0.48081418966765455, -1.4345188498682673
0.4421504930767419, -1.4038711475725774
0.4034586194946552, -1.3729279703358452
0.36474329295742614, -1.3420197378988
0.3720098234345859, -1.29298200387834
0.33336682103573245, -1.26246205337039
0.34085187677137074, -1.2140717345419088
0.301918774655188, -1.183185460292307
0.26269009724272985, -1.151639946060103
0.22191810231964693, -1.119217208372746
0.18511491941593178, -1.090105394089912
0.1484540183781486, -1.069478001292287
0.12501317957324537, -1.035561018515463
0.09801714056964247, -0.9951847266485508
0.5897173596129548, -1.5749957551347262
0.628347296982916, -1.6055394276913764
0.6212006986037419, -1.6542411100321843
0.6597575088839309, -1.6847794269740195
0.6983203083882774, -1.7152798826443685
0.7369145005194948, -1.7457336883349854
0.7730950325325989, -1.7642356600390245
0.7692677476283012, -1.8031962761698503
0.7653668625933476, -1.8477590659076784
0.34784616906804744, 1.165918470710803
0.3866367463329261, 1.1962167773943118
0.37941260423677226, 1.2445794559813168
0.4180151612393428, 1.275054457792381
0.41073490836770343, 1.323529938924999
0.44938582388988935, 1.3549555759422467
0.48798624408594304, 1.3857110115418307
0.5266645463085133, 1.416318962086156
0.5653297100242303, 1.4469192155108097
0.6039782597480694, 1.4775185379453737
0.6426195207666954, 1.5080911209063428
0.6812500419346337, 1.538639039295716
0.7197947969313141, 1.569210902191171
0.7125933238871927, 1.617956431925002
0.7511618762505807, 1.6484669721813268
0.7897304639994507, 1.6789596856065518
0.8277856665208865, 1.708140694058875
0.8591907170320678, 1.724855139910595
0.8579788665175603, 1.7635396326281558
0.8551101849915399, 1.8079785871308687
0.30843696583189883, 1.134335909489621
0.2689126544016165, 1.102146110577886
0.22010089776117203, 1.0625488624810968
0.1787543290553124, 1.034882314224999
0.14673047483692814, 0.989176509908181
0.5510415653227025, -1.5444866858613002
0.5123478992267796, -1.5139186190521614
0.4736439390260099, -1.4833375594071263
0.4349346948827666, -1.4527104669804694
0.39624209352542916, -1.4220054950693595
0.35749510515074423, -1.391185926607087
0.3186905432063465, -1.360195870698122
0.32593760893702206, -1.3111714858139032
0.2870510277159104, -1.280334932435385
0.29458434498483543, -1.231677909434284
0.2556921439484664, -1.20081514108489
0.216693596757756, -1.169802319917377
0.17799644833867678, -1.139060617110101
0.13892061692745494, -1.110125723683732
0.1066590993021205, -1.080429989578334
0.07526093772212955, -1.045564283086771
0.04906767443121758, -0.9987954562000729
0.5826153788396264, -1.6237125703491815
0.5754924991335431, -1.6724067251201484
0.6139661343585026, -1.7030452731148473
0.6525261225288062, -1.7335608421173565
0.6903421262742435, -1.7617494259109452
0.7289465041660175, -1.7850367805236536
0.7248027001288613, -1.8263860521078552
0.7197900710654326, -1.8659855984427152
0.5439459904452801, -1.5932758212545934
0.3408518767713713, 1.2140717345419088
0.333366821035733, 1.26246205337039
0.37200982343458655, 1.29298200387834
0.3647432929574268, 1.3420197378988
0.4034586194946559, 1.3729279703358448
0.4421504930767426, 1.403871147572577
0.4808141896676552, 1.4345188498682668
0.5194966514366275, 1.465122861077473
0.5581773160330767, 1.495701091711445
0.5968441469997996, 1.526265168885754
0.6354759842480162, 1.556815901379889
0.674061324580141, 1.587378922827456
0.6669036514610702, 1.6360853882548128
0.7054617558284975, 1.6666170100788418
0.7440312115514949, 1.6971085224516549
0.7825891545040651, 1.7275986306707738
0.8181177421772896, 1.7449471571492547
0.813039891083605, 1.784868843496437
0.8104826260323439, 1.8284195122836868
0.30191877465518857, 1.183185460292307
0.2626900972427304, 1.151639946060103
0.22191810231964748, 1.119217208372746
0.18511491941593228, 1.090105394089912
0.1484540183781491, 1.069478001292287
0.12501317957324587, 1.035561018515463
0.09801714056964295, 0.9951847266485508
0.5052166796183264, -1.5627636591291225
0.49808885295392813, -1.6116046261293144
0.5367731292190656, -1.6420506417088345
0.5296152599147996, -1.6908200676636043
0.5683501184756237, -1.7210843748206894
0.6062648719815882, -1.7517347302678317
0.6441707834095807, -1.7795069687504594
0.6824658404162984, -1.8109650460711095
0.687296474746274, -1.8490105069204632
0.67377970487645, -1.8830881310487313
0.4664979617709978, -1.5321785964296253
0.4277704117103879, -1.5015945278696452
0.3890181613194674, -1.4709227542214824
0.35024547450578813, -1.4401660948385748
0.3114415387090035, -1.40934639815831
0.2725948296956924, -1.3784788153751388
0.2798303326768232, -1.329394721754459
0.24097049728194936, -1.2985876924889
0.24822595344380943, -1.249549437856368
0.209475803264563, -1.218831323605658
0.17171886473413867, -1.1881852256906802
0.12557428605446008, -1.161007384923481
0.09303786996718177, -1.125473753467015
0.07124812390196147, -1.092899391922077
0.037941139861740344, -1.076057135607035
0.03720598610672238, -1.036541042540306
-2.591808530679738e-16, -1.0
0.294584344984836, 1.231677909434284
0.28705102771591107, 1.280334932435385
0.3259376089370227, 1.3111714858139032
0.31869054320634715, 1.360195870698122
0.3574951051507449, 1.391185926607087
0.39624209352542983, 1.422005495069359
0.43493469488276726, 1.452710466980469
0.47364393902601054, 1.4833375594071259
0.5123478992267803, 1.513918619052161
0.5510415653227032, 1.5444866858612998
0.5897173596129555, 1.5749957551347258
0.6283472969829167, 1.605539427691376
0.6212006986037428, 1.6542411100321839
0.6597575088839318, 1.684779426974019
0.6983203083882783, 1.715279882644368
0.7369145005194957, 1.745733688334985
0.7730950325325998, 1.764235660039024
0.7692677476283021, 1.80319627616985
0.7653668625933485, 1.847759065907678
0.25569214394846695, 1.20081514108489
0.21669359675775657, 1.169802319917377
0.17799644833867734, 1.139060617110101
0.1389206169274555, 1.110125723683732
0.10665909930212103, 1.080429989578334
0.07526093772213005, 1.045564283086771
0.04906767443121807, 0.9987954562000729
0.45935407468174494, -1.5811556519968584
0.42060639106817377, -1.5505070239229584
0.3818470441582392, -1.5198567231207967
0.3430488879727096, -1.4891472385085869
0.30422706035737446, -1.458388756466627
0.26536193778133055, -1.427575947573089
0.22646276044789015, -1.3967556434549313
0.23370783370633963, -1.347657995702593
0.1919306221687876, -1.315452553377113
0.19967445931444044, -1.2668207874490909
0.1633903230922767, -1.237022592969058
0.1293325988712707, -1.210010914357945
0.08809221923470831, -1.197018626328959
0.07832031644348014, -1.159499000354933
0.044522010222624156, -1.125704394314883
-3.073033988672743e-16, -1.1
-2.8324212596762404e-16, -1.05
-0.037205986106723, -1.036541042540306
-0.04906767443121819, -0.9987954562000729
0.490831103193457, -1.6605567674059465
0.48359113902482165, -1.7095098021735295
0.52244788904348, -1.7396325597795013
0.560842322224085, -1.7706329664454001
0.597464607821055, -1.7989015125862062
0.6330250176403862, -1.8167133472220511
0.648776411490257, -1.8523616892636552
0.6273634790264127, -1.8990563617712555
0.45217759817854863, -1.6300816207427935
0.24822595344381004, 1.249549437856368
0.24097049728194997, 1.2985876924889
0.2798303326768239, 1.329394721754459
0.27259482969569304, 1.3784788153751388
0.31144153870900415, 1.40934639815831
0.3502454745057888, 1.4401660948385748
0.3890181613194681, 1.470922754221482
0.42777041171038865, 1.5015945278696448
0.46649796177099856, 1.5321785964296248
0.5052166796183271, 1.562763659129122
0.5439459904452808, 1.593275821254593
0.5826153788396273, 1.623712570349181
0.5754924991335439, 1.672406725120148
0.6139661343585034, 1.7030452731148469
0.652526122528807, 1.733560842117356
0.6903421262742444, 1.7617494259109447
0.7289465041660184, 1.785036780523653
0.7248027001288622, 1.8263860521078548
0.7197900710654335, 1.8659855984427147
0.2094758032645636, 1.218831323605658
0.17171886473413922, 1.1881852256906802
0.12557428605446064, 1.161007384923481
0.09303786996718233, 1.125473753467015
0.071248123901962, 1.092899391922077
0.03794113986174086, 1.076057135607035
0.03720598610672288, 1.036541042540306
2.220446049250313e-16, 1.0
0.4134744164963754, -1.5994759586643534
0.3746944375912985, -1.5687806854564728
0.3358702774328145, -1.5380954424125448
0.297022355214983, -1.507402150851457
0.2581411923806982, -1.476666100659508
0.21922941831972004, -1.445862726266407
0.18030853711686246, -1.415042858290683
0.1875538461863817, -1.365924926147193
0.14311361576714043, -1.331276302514291
0.15423797838408088, -1.282167594887338
0.12743158589018028, -1.252124005671904
0.09005898609443924, -1.245307382624987
0.045045183565117636, -1.2242538135382919
0.042688991665124174, -1.176337163535087
-3.3136467176692455e-16, -1.15
-0.044522010222624836, -1.125704394314883
-0.03794113986174098, -1.076057135607035
-0.07526093772213018, -1.045564283086771
-0.09801714056964306, -0.9951847266485508
0.44494607475332015, -1.6790173877211065
0.4062712388417774, -1.6483979268447455
0.476455516644279, -1.7584105664013523
0.5150815458796794, -1.7891616994758612
0.5533480134903659, -1.8203703530745625
0.5977645053610161, -1.853875372723089
0.5805693529125169, -1.9138806719486832
0.43774403432057196, -1.7280059641580743
0.19967445931444106, 1.2668207874490909
0.1919306221687882, 1.315452553377113
0.2337078337063403, 1.347657995702593
0.22646276044789082, 1.3967556434549313
0.2653619377813312, 1.427575947573089
0.3042270603573751, 1.458388756466627
0.34304888797271027, 1.4891472385085869
0.38184704415824, 1.5198567231207967
0.42060639106817455, 1.550507023922958
0.4593540746817457, 1.581155651996858
0.4980888529539289, 1.611604626129314
0.5367731292190665, 1.642050641708834
0.5296152599148005, 1.6908200676636038
0.5683501184756246, 1.721084374820689
0.6062648719815891, 1.7517347302678312
0.6441707834095816, 1.779506968750459
0.6824658404162993, 1.810965046071109
0.6872964747462749, 1.8490105069204628
0.6737797048764509, 1.8830881310487309
0.1633903230922773, 1.237022592969058
0.12933259887127124, 1.210010914357945
0.08809221923470889, 1.197018626328959
0.0783203164434807, 1.159499000354933
0.0445220102226247, 1.125704394314883
2.220446049250313e-16, 1.1
2.220446049250313e-16, 1.05
-0.0372059861067225, 1.036541042540306
-0.049067674431217706, 0.9987954562000729
0.36752371487957747, -1.6177352077748557
0.3603517851551631, -1.6666859882254128
0.39909238726389973, -1.6973627068952504
0.3918712067607595, -1.7462913159846025
0.43058236603674627, -1.7769062943872242
0.46926374110706415, -1.8074088000968143
0.5074931588058971, -1.8397788577111465
0.5444373455470704, -1.8772248490305645
0.533425513494042, -1.9275521319937412
0.32871573818604294, -1.587062106724503
0.28987602880205043, -1.5563880002167207
0.25097423121321005, -1.525720328618073
0.21201022851363666, -1.4949997026729989
0.1730463037756324, -1.464162576520311
0.1339685037429097, -1.432372386813668
0.13912838018174645, -1.383272033175373
0.09647632513066864, -1.352409844500705
0.09963648513448559, -1.294507111164958
0.045307778724191616, -1.275068861232616
-3.7948721756622506e-16, -1.25
-3.554259446665748e-16, -1.2
-0.04268899166512489, -1.176337163535087
-0.07832031644348084, -1.159499000354933
-0.09303786996718248, -1.125473753467015
-0.10665909930212117, -1.080429989578334
-0.07124812390196214, -1.092899391922077
-0.125013179573246, -1.035561018515463
-0.14673047483692828, -0.989176509908181
0.1542379783840815, 1.282167594887338
0.1431136157671411, 1.331276302514291
0.18755384618638238, 1.365924926147193
0.18030853711686312, 1.415042858290683
0.21922941831972076, 1.445862726266407
0.2581411923806989, 1.476666100659508
0.29702235521498377, 1.507402150851457
0.3358702774328153, 1.5380954424125448
0.3746944375912993, 1.5687806854564728
0.4134744164963762, 1.599475958664353
0.4521775981785494, 1.630081620742793
0.4908311031934578, 1.660556767405946
0.4835911390248224, 1.709509802173529
0.5224478890434809, 1.7396325597795008
0.5608423222240859, 1.7706329664453997
0.5974646078210559, 1.7989015125862058
0.6330250176403871, 1.8167133472220507
0.6487764114902579, 1.8523616892636547
0.6273634790264135, 1.899056361771255
0.1274315858901809, 1.252124005671904
0.09005898609443985, 1.245307382624987
0.04504518356511822, 1.2242538135382919
0.04268899166512474, 1.176337163535087
2.220446049250313e-16, 1.15
-0.044522010222624295, 1.125704394314883
-0.03794113986174047, 1.076057135607035
-0.07526093772212968, 1.045564283086771
-0.09801714056964259, 0.9951847266485508
0.3215565346357655, -1.63602157031247
0.31438987038694177, -1.684974533098074
0.35311879154194126, -1.715666618898736
0.34583151637307696, -1.7647329237059197
0.38455640201604524, -1.7953901169059585
0.4232389998707695, -1.8261477166214721
0.46089391745695973, -1.8578343459949784
0.49731875304375417, -1.8912626241194852
0.48596035853698494, -1.9400625067070925
0.2827348787640728, -1.605378193961792
0.24389021285287715, -1.574695950369547
0.20497932559438142, -1.5439550105116622
0.16652104826119357, -1.512466978477769
0.12807480255857245, -1.481355706736923
0.08823641268801594, -1.4527678473143768
0.09334945314651644, -1.402605880785698
0.04855147740473176, -1.375700978922926
0.05187126222773866, -1.325083796556721
-4.035484904658753e-16, -1.3
-0.04530777872419238, -1.275068861232616
-0.045045183565118364, -1.2242538135382919
-0.08809221923470904, -1.197018626328959
-0.12557428605446078, -1.161007384923481
-0.13892061692745566, -1.110125723683732
-0.1484540183781492, -1.069478001292287
-0.17875432905531255, -1.034882314224999
-0.19509032252401728, -0.9807852803022052
0.0996364851344862, 1.294507111164958
0.04530777872419223, 1.275068861232616
2.220446049250313e-16, 1.25
2.220446049250313e-16, 1.2
-0.04268899166512432, 1.176337163535087
-0.07832031644348028, 1.159499000354933
-0.09303786996718193, 1.125473753467015
-0.10665909930212064, 1.080429989578334
-0.07124812390196161, 1.092899391922077
0.1391283801817471, 1.383272033175373
0.13396850374291036, 1.432372386813668
0.17304630377563313, 1.464162576520311
0.21201022851363738, 1.4949997026729989
0.25097423121321083, 1.525720328618073
0.2898760288020512, 1.5563880002167207
0.3287157381860437, 1.587062106724503
0.36752371487957824, 1.6177352077748557
0.4062712388417782, 1.648397926844745
0.44494607475332093, 1.679017387721106
0.43774403432057274, 1.7280059641580738
0.4764555166442799, 1.7584105664013518
0.5150815458796802, 1.7891616994758608
0.5533480134903668, 1.820370353074562
0.597764505361017, 1.8538753727230886
0.5805693529125178, 1.9138806719486827
0.09647632513066928, 1.352409844500705
-0.1250131795732455, 1.035561018515463
-0.14673047483692778, 0.989176509908181
0.27557550585248103, -1.654329840225027
0.268386524175806, -1.7032808422062349
0.3071491288546042, -1.7340247508089381
0.2999487683962818, -1.7830134130350404
0.3386296248089178, -1.8137163862411327
0.37709690245515404, -1.8442659484441617
0.41470166107193385, -1.8742998673352531
0.4517022244215716, -1.9051230532793946
0.438202479008571, -1.9514042603701425
0.23671806579169352, -1.6236436484415262
0.1979408375207904, -1.593006883881828
0.16001691586498878, -1.562047742327355
0.12292161373287694, -1.530124103446566
0.08370390425982571, -1.500907669817843
0.04359109009904612, -1.475000000000001
0.045487959753648374, -1.4253534333835467
-4.516710362651758e-16, -1.4
-4.2760976336552557e-16, -1.35
-0.05187126222773946, -1.325083796556721
-0.09963648513448635, -1.294507111164958
-0.09005898609444002, -1.245307382624987
-0.12933259887127135, -1.210010914357945
-0.17171886473413936, -1.1881852256906802
-0.17799644833867748, -1.139060617110101
-0.1851149194159324, -1.090105394089912
-0.22010089776117214, -1.0625488624810968
-0.2265859386866628, -1.018488388592635
-0.24298018056647994, -0.9700312530284172
0.0518712622277393, 1.325083796556721
2.220446049250313e-16, 1.3
-0.04530777872419177, 1.275068861232616
-0.04504518356511778, 1.2242538135382919
-0.08809221923470846, 1.197018626328959
-0.12557428605446022, 1.161007384923481
-0.1389206169274551, 1.110125723683732
-0.1484540183781487, 1.069478001292287
-0.17875432905531205, 1.034882314224999
-0.19509032252401678, 0.9807852803022052
0.0933494531465171, 1.402605880785698
0.048551477404732424, 1.375700978922926
0.08823641268801663, 1.4527678473143768
0.12807480255857318, 1.481355706736923
0.1665210482611943, 1.512466978477769
0.20497932559438214, 1.5439550105116622
0.24389021285287793, 1.574695950369547
0.28273487876407355, 1.605378193961792
0.3215565346357663, 1.63602157031247
0.36035178515516386, 1.6666859882254128
0.3990923872639005, 1.69736270689525
0.39187120676076037, 1.746291315984602
0.43058236603674716, 1.7769062943872238
0.46926374110706504, 1.8074088000968138
0.507493158805898, 1.839778857711146
0.5444373455470712, 1.877224849030564
0.5334255134940429, 1.9275521319937408
0.22952934363430788, -1.6726091660339908
0.22236316409567142, -1.721615415768595
0.2612371586543669, -1.752319126090208
0.2540514458051961, -1.8013182541524269
0.29279373588153, -1.831969037211615
0.3315035453439785, -1.8625521986743323
0.37042659224067154, -1.8891167372137851
0.4041925223339651, -1.9191261706157217
0.39018064286380827, -1.9615705610388794
0.1906376161256319, -1.6418418561769728
0.1527607351834993, -1.612456496121592
0.116935973329818, -1.5808759387735807
0.0802500301075885, -1.5519292488713878
0.04278039884806055, -1.525033915845612
-2.77748977139445e-16, -1.5
-4.75732309164826e-16, -1.4499999999999997
-0.04548795975364922, -1.4253534333835467
-0.0485514774047326, -1.375700978922926
-0.09647632513066944, -1.352409844500705
-0.1431136157671413, -1.331276302514291
-0.15423797838408163, -1.282167594887338
-0.16339032309227747, -1.237022592969058
-0.20947580326456378, -1.218831323605658
-0.2166935967577567, -1.169802319917377
-0.22191810231964765, -1.119217208372746
-0.26891265440161666, -1.102146110577886
-0.2690254522775383, -1.051901303151065
-0.27894065046113503, -1.004197890929559
-0.2902846780356869, -0.9569403354952272
-0.12743158589018105, -1.252124005671904
2.220446049250313e-16, 1.35
2.220446049250313e-16, 1.4
0.045487959753649054, 1.4253534333835467
0.043591090099046825, 1.475000000000001
0.08370390425982643, 1.500907669817843
0.12292161373287769, 1.530124103446566
0.16001691586498956, 1.562047742327355
0.19794083752079117, 1.593006883881828
0.2367180657916943, 1.6236436484415262
0.2755755058524818, 1.654329840225027
0.31438987038694255, 1.684974533098074
0.35311879154194203, 1.715666618898736
0.34583151637307785, 1.7647329237059197
0.38455640201604613, 1.795390116905958
0.4232389998707704, 1.8261477166214717
0.4608939174569606, 1.857834345994978
0.49731875304375506, 1.8912626241194848
0.4859603585369858, 1.940062506707092
-0.05187126222773882, 1.325083796556721
-0.09963648513448574, 1.294507111164958
-0.09005898609443941, 1.245307382624987
-0.1293325988712708, 1.210010914357945
-0.1717188647341388, 1.1881852256906802
-0.17799644833867692, 1.139060617110101
-0.1851149194159319, 1.090105394089912
-0.22010089776117164, 1.0625488624810968
-0.2265859386866623, 1.018488388592635
-0.2429801805664795, 0.9700312530284172
0.18344090596647283, -1.6908803126025873
0.17634814674090943, -1.739949481250468
0.21524160504089612, -1.7706299738893438
0.20811832087116944, -1.819599540244635
0.24693433357904815, -1.8501983997101288
0.28832046710270043, -1.8882684674594497
0.33261352463917127, -1.9008681197929178
0.358379397354349, -1.9289534975949967
0.34192377647546823, -1.97055528495923
0.1444816360713198, -1.6601735157582207
0.10842004750359668, -1.6326138967520785
0.07418101540416588, -1.6041534622706848
0.04020811358870148, -1.5750473763318131
-3.018102500390954e-16, -1.5500000000000003
-0.04278039884806147, -1.525033915845612
-0.043591090099047006, -1.475000000000001
-0.0882364126880168, -1.4527678473143768
-0.09334945314651727, -1.402605880785698
-0.13912838018174728, -1.383272033175373
-0.18755384618638254, -1.365924926147193
-0.19193062216878834, -1.315452553377113
-0.19967445931444122, -1.2668207874490909
-0.2482259534438102, -1.249549437856368
-0.25569214394846707, -1.20081514108489
-0.26269009724273057, -1.151639946060103
-0.308436965831899, -1.134335909489621
-0.31370862659348225, -1.0856398098607392
-0.3191632753664118, -1.0368128704020472
-0.3284235297700594, -0.9886217685443469
-0.3368898542958706, -0.9415440648596894
-0.04855147740473193, 1.375700978922926
-0.04548795975364854, 1.4253534333835467
2.220446049250313e-16, 1.4499999999999997
4.440892098500626e-16, 1.5
0.042780398848061285, 1.525033915845612
0.08025003010758924, 1.5519292488713878
0.11693597332981875, 1.5808759387735807
0.15276073518350008, 1.612456496121592
0.19063761612563268, 1.6418418561769728
0.22952934363430866, 1.6726091660339908
0.2683865241758068, 1.7032808422062349
0.3071491288546051, 1.7340247508089381
0.2999487683962827, 1.7830134130350404
0.33862962480891867, 1.8137163862411327
0.3770969024551549, 1.8442659484441617
0.41470166107193474, 1.8742998673352527
0.4517022244215725, 1.9051230532793941
0.4382024790085719, 1.951404260370142
-0.0964763251306688, 1.352409844500705
-0.14311361576714063, 1.331276302514291
-0.15423797838408101, 1.282167594887338
-0.16339032309227686, 1.237022592969058
-0.20947580326456317, 1.218831323605658
-0.21669359675775615, 1.169802319917377
-0.2219181023196471, 1.119217208372746
-0.2689126544016161, 1.102146110577886
-0.26902545227753777, 1.051901303151065
-0.2789406504611346, 1.004197890929559
-0.29028467803568647, 0.9569403354952272
-0.12743158589018044, 1.252124005671904
0.1373372338098771, -1.7092507103059824
0.13005416236622175, -1.7593661893864032
0.16927364070638107, -1.7889718720245857
0.1621490675829853, -1.837947665295526
0.20004092410567043, -1.8672936272969487
0.23713906610812097, -1.8999617037780747
0.2642026521989158, -1.93992705931324
0.3109393255730093, -1.9324841119494491
0.29346094804526446, -1.978353020057941
0.09900746682428715, -1.680355808766392
0.06513943335730685, -1.655127595563618
0.03553674009030561, -1.6254834332807477
-3.2587152293874553e-16, -1.6
-0.040208113588702445, -1.5750473763318131
-0.08025003010758944, -1.5519292488713878
-0.08370390425982661, -1.500907669817843
-0.12807480255857337, -1.481355706736923
-0.1339685037429105, -1.432372386813668
-0.1803085371168633, -1.415042858290683
-0.226462760447891, -1.3967556434549313
-0.2337078337063405, -1.347657995702593
-0.2409704972819501, -1.2985876924889
-0.2870510277159113, -1.280334932435385
-0.2945843449848361, -1.231677909434284
-0.3019187746551887, -1.183185460292307
-0.34784616906804755, -1.1659184707108032
-0.3549575354954195, -1.1172133050891293
-0.3622217799782452, -1.0686406496426593
-0.3680458222700123, -1.0196738491723591
-0.3754615323548295, -0.9716515897092132
-0.38268343336843447, -0.9238795320956877
-0.0933494531465166, 1.402605880785698
-0.0882364126880161, 1.4527678473143768
-0.0435910900990463, 1.475000000000001
-0.04278039884806074, 1.525033915845612
4.440892098500626e-16, 1.5500000000000003
0.04020811358870224, 1.5750473763318131
0.07418101540416666, 1.6041534622706848
0.10842004750359746, 1.6326138967520785
0.14448163607132058, 1.6601735157582207
0.18344090596647367, 1.6908803126025873
0.22236316409567225, 1.721615415768595
0.2612371586543678, 1.752319126090208
0.254051445805197, 1.8013182541524269
0.2927937358815309, 1.831969037211615
0.3315035453439794, 1.8625521986743323
0.3704265922406724, 1.8891167372137851
0.40419252233396596, 1.9191261706157212
0.39018064286380927, 1.961570561038879
-0.1391283801817466, 1.383272033175373
-0.18755384618638188, 1.365924926147193
-0.19193062216878773, 1.315452553377113
-0.1996744593144406, 1.2668207874490909
-0.2482259534438096, 1.249549437856368
-0.2556921439484665, 1.20081514108489
-0.26269009724273, 1.151639946060103
-0.30843696583189845, 1.134335909489621
-0.3137086265934817, 1.0856398098607392
-0.31916327536641137, 1.0368128704020472
-0.32842352977005895, 0.9886217685443471
-0.33688985429587015, 0.9415440648596897
0.08446628922661864, -1.7333463122847295
0.09225907196800812, -1.7808935971466178
0.12400935585313547, -1.8074161377337727
0.11832672542766698, -1.8566382578642138
0.15455984204448692, -1.885264390806146
0.18668005450213182, -1.912482003698244
0.21696083777936143, -1.9466861376540276
0.244821349716056, -1.9849590692815833
0.051981915313274854, -1.6968314955187132
0.029988870108708626, -1.6682265892867811
-3.499327958383958e-16, -1.65
-0.03553674009030658, -1.6254834332807477
-0.07418101540416687, -1.6041534622706848
-0.11693597332981893, -1.5808759387735807
-0.12292161373287788, -1.530124103446566
-0.16652104826119446, -1.512466978477769
-0.17304630377563332, -1.464162576520311
-0.21922941831972095, -1.445862726266407
-0.2653619377813314, -1.427575947573089
-0.2725948296956932, -1.3784788153751388
-0.27983033267682406, -1.329394721754459
-0.32593760893702295, -1.3111714858139034
-0.3333668210357331, -1.2624620533703903
-0.3408518767713714, -1.214071734541909
-0.3866367463329262, -1.196216777394312
-0.39359265178888586, -1.1477751322528322
-0.4007424435001527, -1.0990421277971383
-0.40801797593576, -1.0504493620355853
-0.4149868402147686, -1.001866854700305
-0.42160120269297774, -0.9527773036306831
-0.4275550943054308, -0.9039892927095289
-0.13396850374290983, 1.432372386813668
-0.18030853711686262, 1.415042858290683
-0.22646276044789032, 1.3967556434549313
-0.23370783370633982, 1.347657995702593
-0.2409704972819495, 1.2985876924889
-0.2870510277159106, 1.280334932435385
-0.29458434498483554, 1.231677909434284
-0.3019187746551881, 1.183185460292307
-0.347846169068047, 1.1659184707108032
-0.3549575354954189, 1.1172133050891293
-0.3622217799782446, 1.0686406496426593
-0.36804582227001187, 1.0196738491723591
-0.37546153235482904, 0.9716515897092134
-0.382683433368434, 0.923879532095688
-0.12807480255857265, 1.481355706736923
-0.08370390425982589, 1.500907669817843
-0.08025003010758869, 1.5519292488713878
-0.04020811358870168, 1.5750473763318131
4.440892098500626e-16, 1.6
0.035536740090306385, 1.6254834332807477
0.06513943335730765, 1.655127595563618
0.09900746682428796, 1.680355808766392
0.13733723380987795, 1.7092507103059824
0.17634814674091026, 1.739949481250468
0.21524160504089696, 1.7706299738893438
0.20811832087117033, 1.819599540244635
0.24693433357904904, 1.8501983997101288
0.2883204671027013, 1.8882684674594497
0.33261352463917215, 1.9008681197929178
0.35837939735434987, 1.9289534975949967
0.34192377647546923, 1.97055528495923
0.04597447647800215, -1.7765698464807682
0.03764029347432368, -1.73480509929066
-3.7399406873804604e-16, -1.7
-0.029988870108709636, -1.6682265892867811
-0.06513943335730786, -1.655127595563618
-0.10842004750359766, -1.6326138967520785
-0.15276073518350028, -1.612456496121592
-0.16001691586498978, -1.562047742327355
-0.2049793255943823, -1.5439550105116622
-0.21201022851363757, -1.4949997026729989
-0.258141192380699, -1.476666100659508
-0.3042270603573753, -1.458388756466627
-0.3114415387090043, -1.4093463981583103
-0.3186905432063473, -1.3601958706981223
-0.36474329295742697, -1.3420197378988001
-0.3720098234345868, -1.2929820038783402
-0.37941260423677237, -1.244579455981317
-0.4252794204484168, -1.2266405731933703
-0.43231871022101875, -1.1781463760709103
-0.43935936165323136, -1.1295773861480762
-0.446528304357973, -1.0808417087652382
-0.453750326671212, -1.0319088098025382
-0.4615420620437508, -0.9813884521041307
-0.4678329115627794, -0.9305459785467523
-0.4713967375487834, -0.8819212639620181
0.07679107591606238, -1.8277694998474183
0.08555817925492645, -1.876816303509594
0.11251150993909495, -1.9040053333338343
0.1453451031873198, -1.9218622004639243
0.16883687731132152, -1.953263734074862
0.19603428015147445, -1.990369453394393
-0.1730463037756326, 1.464162576520311
-0.16652104826119374, 1.512466978477769
-0.12292161373287713, 1.530124103446566
-0.11693597332981819, 1.5808759387735807
-0.07418101540416609, 1.6041534622706848
-0.0355367400903058, 1.6254834332807477
4.440892098500626e-16, 1.65
0.02998887010870943, 1.6682265892867811
0.05198191531327567, 1.6968314955187132
0.08446628922661947, 1.7333463122847295
0.13005416236622258, 1.7593661893864032
0.16927364070638196, 1.7889718720245857
0.1621490675829862, 1.837947665295526
0.20004092410567131, 1.8672936272969487
0.23713906610812185, 1.8999617037780747
0.2642026521989167, 1.93992705931324
0.3109393255730102, 1.9324841119494491
0.29346094804526546, 1.978353020057941
-0.21922941831972023, 1.445862726266407
-0.2653619377813307, 1.427575947573089
-0.27259482969569254, 1.3784788153751388
-0.2798303326768234, 1.329394721754459
-0.3259376089370223, 1.3111714858139034
-0.33336682103573256, 1.2624620533703903
-0.34085187677137085, 1.214071734541909
-0.38663674633292566, 1.196216777394312
-0.3935926517888853, 1.1477751322528322
-0.40074244350015215, 1.0990421277971383
-0.40801797593575945, 1.0504493620355853
-0.41498684021476817, 1.001866854700305
-0.4216012026929773, 0.9527773036306834
-0.42755509430543037, 0.9039892927095291
0.03321336451665703, -1.825867869265637
0.04330127018922124, -1.8749999999999987
0.07732185336542982, -1.9182327217011752
0.117588385052314, -1.9516064454522202
0.1471291268716512, -1.9945809133815517
-4.2211661453734645e-16, -1.7999999999999998
-3.980553416376964e-16, -1.7500000000000002
-0.037640293474324724, -1.73480509929066
-0.05198191531327588, -1.6968314955187132
-0.09900746682428817, -1.680355808766392
-0.14448163607132078, -1.6601735157582207
-0.19063761612563287, -1.6418418561769728
-0.19794083752079136, -1.593006883881828
-0.24389021285287815, -1.574695950369547
-0.25097423121321105, -1.525720328618073
-0.297022355214984, -1.507402150851457
-0.3430488879727104, -1.489147238508587
-0.35024547450578897, -1.440166094838575
-0.35749510515074506, -1.3911859266070872
-0.40345861949465606, -1.372927970335845
-0.4107349083677036, -1.3235299389249993
-0.418015161239343, -1.2750544577923812
-0.4638327627957054, -1.2573541431005453
-0.4708985323807485, -1.2087065395314422
-0.4779611612252263, -1.16010884323164
-0.48508230693625215, -1.1114046269006421
-0.4922185747921503, -1.0626625393001552
-0.4997707221212973, -1.0131041598173953
-0.5078971467827026, -0.9587496398174936
-0.5137011943355826, -0.9068094239343711
-0.5141027447316917, -0.8577286096775256
-0.21201022851363685, 1.4949997026729989
-0.2049793255943816, 1.5439550105116622
-0.160016915864989, 1.562047742327355
-0.1527607351834995, 1.612456496121592
-0.10842004750359688, 1.6326138967520785
-0.06513943335730706, 1.655127595563618
-0.02998887010870883, 1.6682265892867811
4.440892098500626e-16, 1.7
0.037640293474324515, 1.73480509929066
0.04597447647800301, 1.7765698464807682
0.09225907196800898, 1.7808935971466178
0.12400935585313633, 1.8074161377337727
0.11832672542766787, 1.8566382578642138
0.1545598420444878, 1.885264390806146
0.18668005450213276, 1.912482003698244
0.21696083777936237, 1.9466861376540276
0.24482134971605696, 1.9849590692815833
-0.2581411923806983, 1.476666100659508
-0.3042270603573746, 1.458388756466627
-0.31144153870900365, 1.4093463981583103
-0.31869054320634665, 1.3601958706981223
-0.3647432929574263, 1.3420197378988001
-0.3720098234345861, 1.2929820038783402
-0.3794126042367718, 1.244579455981317
-0.42527942044841627, 1.2266405731933703
-0.4323187102210182, 1.1781463760709103
-0.4393593616532308, 1.1295773861480762
-0.44652830435797247, 1.0808417087652382
-0.45375032667121157, 1.0319088098025382
-0.46154206204375037, 0.981388452104131
-0.46783291156277895, 0.9305459785467525
-0.471396737548783, 0.8819212639620183
-4.461778874369969e-16, -1.8500000000000003
-4.702391603366471e-16, -1.9000000000000001
0.037553985915335056, -1.928261180649688
0.07007625196366413, -1.9596774076060508
0.09813534843591812, -1.9975909124210998
-0.045974476478003234, -1.7765698464807682
-0.08446628922661968, -1.7333463122847295
-0.13733723380987817, -1.7092507103059824
-0.1834409059664739, -1.6908803126025873
-0.22952934363430882, -1.6726091660339908
-0.2367180657916945, -1.6236436484415262
-0.28273487876407377, -1.605378193961792
-0.28987602880205143, -1.5563880002167207
-0.3358702774328155, -1.538095442412545
-0.3818470441582402, -1.519856723120797
-0.3890181613194682, -1.4709227542214822
-0.39624209352543, -1.4220054950693592
-0.44215049307674276, -1.4038711475725771
-0.4493858238898895, -1.354955575942247
-0.4566925259191863, -1.3062533764974122
-0.5023621380309773, -1.2880914710239872
-0.5094748583675279, -1.2393250274103271
-0.5164565675553587, -1.190623776248984
-0.5236219767656427, -1.1419135844831623
-0.5305982052874259, -1.093119389235089
-0.5379745258904919, -1.0443954244305542
-0.5454051006855597, -0.9927589581188689
-0.5517769301698235, -0.9361280574853371
-0.562862935672958, -0.8854187084023333
-0.5555702334510615, -0.8314696120142536
-0.03321336451665813, -1.825867869265637
-0.2509742312132103, 1.525720328618073
-0.2970223552149832, 1.507402150851457
-0.3430488879727097, 1.489147238508587
-0.3502454745057883, 1.440166094838575
-0.3574951051507444, 1.3911859266070872
-0.4034586194946554, 1.372927970335845
-0.41073490836770293, 1.3235299389249993
-0.41801516123934235, 1.2750544577923812
-0.46383276279570484, 1.2573541431005453
-0.47089853238074797, 1.2087065395314422
-0.47796116122522575, 1.16010884323164
-0.4850823069362516, 1.1114046269006421
-0.49221857479214975, 1.0626625393001552
-0.49977072212129686, 1.0131041598173953
-0.5078971467827021, 0.9587496398174938
-0.5137011943355821, 0.9068094239343714
-0.5141027447316913, 0.8577286096775258
-0.24389021285287737, 1.574695950369547
-0.19794083752079059, 1.593006883881828
-0.1906376161256321, 1.6418418561769728
-0.14448163607132, 1.6601735157582207
-0.09900746682428736, 1.680355808766392
-0.05198191531327506, 1.6968314955187132
-0.03764029347432389, 1.73480509929066
4.440892098500626e-16, 1.7500000000000002
4.440892098500626e-16, 1.7999999999999998
0.033213364516657906, 1.825867869265637
0.07679107591606327, 1.8277694998474183
0.08555817925492737, 1.876816303509594
0.11251150993909587, 1.9040053333338343
0.14534510318732075, 1.9218622004639243
0.16883687731132246, 1.953263734074862
0.1960342801514754, 1.990369453394393
-0.04330127018922237, -1.8749999999999987
-0.0767910759160635, -1.8277694998474183
-0.0922590719680092, -1.7808935971466178
-0.13005416236622278, -1.7593661893864032
-0.17634814674091048, -1.739949481250468
-0.22236316409567247, -1.721615415768595
-0.26838652417580694, -1.7032808422062349
-0.275575505852482, -1.654329840225027
-0.32155653463576644, -1.6360215703124703
-0.32871573818604394, -1.5870621067245032
-0.3746944375912995, -1.568780685456473
-0.42060639106817477, -1.5505070239229581
-0.4277704117103889, -1.501594527869645
-0.4349346948827674, -1.4527104669804691
-0.4808141896676554, -1.434518849868267
-0.4879862440859432, -1.385711011541831
-0.49519113737046044, -1.336910852842581
-0.5409604740435414, -1.3187041651600198
-0.548000609435132, -1.2698873600378848
-0.5549153801891833, -1.2209649577838948
-0.5618783883164293, -1.1722197755310897
-0.5688032766987923, -1.1235534294985559
-0.5760366303895524, -1.0747444034304328
-0.5832219715065895, -1.0250348469647779
-0.5901000355418006, -0.9734586599499814
-0.5967194625730228, -0.9265112606822699
-0.609270641144163, -0.888823818325066
-0.6024251021860324, -0.8491017720403066
-0.5956993047980853, -0.803207531253958
-4.943004332362972e-16, -1.95
0.03508607853653872, -1.9642212497895688
0.049082456912150116, -1.99939763739569
-0.03755398591533622, -1.928261180649688
-0.28987602880205066, 1.5563880002167207
-0.3358702774328147, 1.538095442412545
-0.38184704415823945, 1.519856723120797
-0.38901816131946754, 1.4709227542214822
-0.39624209352542933, 1.4220054950693592
-0.4421504930767421, 1.4038711475725771
-0.44938582388988885, 1.354955575942247
-0.45669252591918563, 1.3062533764974122
-0.5023621380309766, 1.2880914710239872
-0.5094748583675273, 1.2393250274103271
-0.5164565675553581, 1.190623776248984
-0.5236219767656423, 1.1419135844831623
-0.5305982052874254, 1.093119389235089
-0.5379745258904914, 1.0443954244305542
-0.5454051006855593, 0.9927589581188692
-0.5517769301698231, 0.9361280574853373
-0.5628629356729575, 0.8854187084023335
-0.555570233451061, 0.8314696120142538
-0.282734878764073, 1.605378193961792
-0.23671806579169372, 1.6236436484415262
-0.22952934363430805, 1.6726091660339908
-0.18344090596647306, 1.6908803126025873
-0.13733723380987733, 1.7092507103059824
-0.08446628922661885, 1.7333463122847295
-0.045974476478002374, 1.7765698464807682
-0.033213364516657254, 1.825867869265637
4.440892098500626e-16, 1.8500000000000003
0.04330127018922214, 1.8749999999999987
0.07732185336543074, 1.9182327217011752
0.11758838505231495, 1.9516064454522202
0.14712912687165214, 1.9945809133815517
-0.0855581792549276, -1.876816303509594
-0.07732185336543096, -1.9182327217011752
-0.0700762519636653, -1.9596774076060508
-0.0350860785365399, -1.9642212497895688
-5.183617061359476e-16, -2.0
-0.12400935585313654, -1.8074161377337727
-0.11832672542766809, -1.8566382578642138
-0.1692736407063822, -1.7889718720245857
-0.21524160504089715, -1.7706299738893438
-0.2612371586543681, -1.752319126090208
-0.3071491288546054, -1.7340247508089381
-0.3143898703869427, -1.6849745330980743
-0.36035178515516403, -1.666685988225413
-0.36752371487957847, -1.617735207774856
-0.4134744164963764, -1.5994759586643532
-0.45935407468174594, -1.5811556519968581
-0.4664979617709988, -1.532178596429625
-0.47364393902601065, -1.483337559407126
-0.5194966514366276, -1.4651228610774731
-0.5266645463085134, -1.4163189620861563
-0.5338238125609349, -1.3675109742324743
-0.5794975307215884, -1.3493514221344458
-0.5866113877317998, -1.3004422055586018
-0.593509912261829, -1.2514551744481708
-0.6003896438029142, -1.2025871732685858
-0.6072315446350107, -1.1536334045363275
-0.6144161180048069, -1.1050348978716238
-0.6215807479295329, -1.0556809766282138
-0.6284573073799119, -1.0059047240256815
-0.6355951571603499, -0.9569884918183371
-0.6434724295602686, -0.910234284142092
-0.6464138720581947, -0.864628456048897
-0.6399643707553332, -0.8199934384707416
-0.6343932843209605, -0.773010453233632
-0.32871573818604316, 1.5870621067245032
-0.3746944375912987, 1.568780685456473
-0.420606391068174, 1.5505070239229581
-0.4277704117103881, 1.501594527869645
-0.43493469488276676, 1.4527104669804691
-0.4808141896676547, 1.434518849868267
-0.48798624408594254, 1.385711011541831
-0.4951911373704598, 1.336910852842581
-0.5409604740435408, 1.3187041651600202
-0.5480006094351313, 1.2698873600378853
-0.5549153801891826, 1.2209649577838952
-0.5618783883164287, 1.1722197755310901
-0.5688032766987918, 1.1235534294985563
-0.576036630389552, 1.0747444034304332
-0.583221971506589, 1.0250348469647783
-0.5901000355418001, 0.9734586599499816
-0.5967194625730223, 0.9265112606822701
-0.6092706411441625, 0.8888238183250662
-0.602425102186032, 0.8491017720403068
-0.5956993047980849, 0.8032075312539583
-0.32155653463576567, 1.6360215703124703
-0.2755755058524812, 1.654329840225027
-0.26838652417580616, 1.7032808422062349
-0.22236316409567164, 1.721615415768595
-0.17634814674090965, 1.739949481250468
-0.13005416236622194, 1.7593661893864032
-0.09225907196800834, 1.7808935971466178
-0.07679107591606261, 1.8277694998474183
-0.04330127018922147, 1.8749999999999987
4.440892098500626e-16, 1.9000000000000001
0.037553985915335986, 1.928261180649688
0.07007625196366507, 1.9596774076060508
0.09813534843591909, 1.9975909124210998
-0.1125115099390961, -1.9040053333338343
-0.15455984204448803, -1.885264390806146
-0.16214906758298642, -1.837947665295526
-0.20811832087117055, -1.819599540244635
-0.25405144580519723, -1.8013182541524269
-0.2999487683962829, -1.7830134130350404
-0.34583151637307813, -1.76473292370592
-0.3531187915419422, -1.7156666188987362
-0.39909238726390067, -1.6973627068952502
-0.40627123884177835, -1.6483979268447453
-0.4521775981785496, -1.6300816207427933
-0.49808885295392913, -1.6116046261293142
-0.5052166796183272, -1.5627636591291223
-0.5123478992267804, -1.5139186190521612
-0.5581773160330769, -1.4957010917114448
-0.5653297100242304, -1.4469192155108095
-0.5724530245671205, -1.3981753524001068
-0.6180801027467782, -1.3800047173256658
-0.6250597025248632, -1.3309994190427197
-0.632083325441801, -1.2819741079706175
-0.6390321440222393, -1.2329549199999386
-0.6459818153175609, -1.1839693460500358
-0.6530157385484696, -1.1352268274397048
-0.6601103463079512, -1.0862786488067349
-0.6672421139883852, -1.0370883386700327
-0.6743661377210697, -0.9876834621372894
-0.6817563194080365, -0.9383748880661855
-0.6932460691234077, -0.8828824922109071
-0.6756352263716856, -0.8388327235588684
-0.6823007305662931, -0.7932012235640864
-0.6715589548890094, -0.7409511253169008
-0.1175883850523152, -1.9516064454522202
-0.09813534843591934, -1.9975909124210998
-0.049082456912151316, -1.99939763739569
-0.3675237148795777, 1.617735207774856
-0.36035178515516325, 1.666685988225413
-0.31438987038694194, 1.6849745330980743
-0.3071491288546045, 1.7340247508089381
-0.2612371586543672, 1.752319126090208
-0.21524160504089632, 1.7706299738893438
-0.16927364070638132, 1.7889718720245857
-0.12400935585313567, 1.8074161377337727
-0.1183267254276672, 1.8566382578642138
-0.08555817925492669, 1.876816303509594
-0.07732185336543004, 1.9182327217011752
-0.03755398591533529, 1.928261180649688
4.440892098500626e-16, 1.95
0.03508607853653967, 1.9642212497895688
0.04908245691215107, 1.99939763739569
-0.4134744164963756, 1.5994759586643532
-0.45935407468174516, 1.5811556519968581
-0.466497961770998, 1.532178596429625
-0.47364393902601, 1.483337559407126
-0.5194966514366269, 1.4651228610774731
-0.5266645463085128, 1.4163189620861563
-0.5338238125609343, 1.3675109742324743
-0.5794975307215877, 1.3493514221344463
-0.5866113877317991, 1.3004422055586022
-0.5935099122618284, 1.2514551744481712
-0.6003896438029135, 1.2025871732685862
-0.6072315446350101, 1.153633404536328
-0.6144161180048064, 1.1050348978716242
-0.6215807479295324, 1.0556809766282143
-0.6284573073799115, 1.005904724025682
-0.6355951571603494, 0.9569884918183373
-0.6434724295602682, 0.9102342841420922
-0.6464138720581942, 0.8646284560488973
-0.6399643707553327, 0.8199934384707418
-0.6343932843209601, 0.7730104532336323
-0.145345103187321, -1.9218622004639243
-0.16883687731132271, -1.953263734074862
-0.14712912687165236, -1.9945809133815517
-0.20004092410567154, -1.8672936272969487
-0.24693433357904926, -1.8501983997101288
-0.2927937358815311, -1.831969037211615
-0.3386296248089189, -1.813716386241133
-0.38455640201604635, -1.7953901169059583
-0.39187120676076065, -1.7462913159846023
-0.4377440343205729, -1.728005964158074
-0.4449460747533211, -1.6790173877211063
-0.49083110319345796, -1.6605567674059463
-0.5367731292190668, -1.6420506417088343
-0.5439459904452809, -1.5932758212545928
-0.5510415653227033, -1.5444866858612996
-0.5968441469997997, -1.5262651688857538
-0.6039782597480695, -1.4775185379453735
-0.6111480800637331, -1.4287414852392357
-0.6567185461126076, -1.4105440308590096
-0.6635659615862539, -1.3615979945818195
-0.6705983158359081, -1.3125686756354205
-0.6776564015804267, -1.2635915672346598
-0.6847226411054839, -1.2146563958796566
-0.691850376013893, -1.1656636937524198
-0.6989262942126993, -1.1165241435797546
-0.7060440298136835, -1.0674630612470477
-0.7131756912586308, -1.0184274622854586
-0.7205089177843917, -0.9691573965762533
-0.7308983563867074, -0.9191631266426119
-0.7520179854041951, -0.8742064999042061
-0.7162510893551985, -0.83345800749971
-0.7295211679907531, -0.7907584115602083
-0.7066264541838527, -0.7573438645274831
-0.7071067811865478, -0.7071067811865475
-0.186680054502133, -1.912482003698244
-0.40627123884177757, 1.6483979268447453
-0.4521775981785488, 1.6300816207427933
-0.49808885295392835, 1.6116046261293142
-0.5052166796183265, 1.5627636591291223
-0.5123478992267797, 1.5139186190521612
-0.5581773160330762, 1.4957010917114453
-0.5653297100242297, 1.44691921551081
-0.5724530245671199, 1.3981753524001073
-0.6180801027467775, 1.3800047173256662
-0.6250597025248625, 1.3309994190427201
-0.6320833254418003, 1.281974107970618
-0.6390321440222386, 1.232954919999939
-0.6459818153175603, 1.1839693460500362
-0.6530157385484692, 1.1352268274397053
-0.6601103463079507, 1.0862786488067353
-0.6672421139883847, 1.0370883386700331
-0.6743661377210692, 0.9876834621372896
-0.681756319408036, 0.9383748880661857
-0.6932460691234072, 0.8828824922109073
-0.6756352263716852, 0.8388327235588686
-0.6823007305662927, 0.7932012235640866
-0.671558954889009, 0.740951125316901
-0.3990923872638999, 1.6973627068952502
-0.3531187915419414, 1.7156666188987362
-0.34583151637307724, 1.76473292370592
-0.29994876839628204, 1.7830134130350404
-0.25405144580519634, 1.8013182541524269
-0.20811832087116966, 1.819599540244635
-0.16214906758298553, 1.837947665295526
-0.15455984204448714, 1.885264390806146
-0.11251150993909519, 1.9040053333338343
-0.11758838505231425, 1.9516064454522202
-0.07007625196366436, 1.9596774076060508
-0.03508607853653896, 1.9642212497895688
4.440892098500626e-16, 2.0
-0.19603428015147562, -1.990369453394393
-0.21696083777936262, -1.9466861376540276
-0.23713906610812205, -1.8999617037780747
-0.28832046710270154, -1.8882684674594497
-0.33150354534397963, -1.8625521986743325
-0.37709690245515515, -1.844265948444162
-0.4232389998707706, -1.826147716621472
-0.43058236603674743, -1.776906294387224
-0.47645551664428015, -1.758410566401352
-0.4835911390248226, -1.7095098021735293
-0.5296152599148009, -1.690820067663604
-0.5754924991335443, -1.6724067251201478
-0.5826153788396277, -1.6237125703491808
-0.5897173596129556, -1.5749957551347256
-0.6354759842480163, -1.5568159013798888
-0.6426195207666955, -1.5080911209063426
-0.6497186334191417, -1.4593570135546818
-0.6954271158278539, -1.4411258387087715
-0.7023420324961616, -1.3921893495941926
-0.7092503176796288, -1.3431817133480797
-0.7163847937734593, -1.2942565448041978
-0.7235384116666659, -1.2453013003900397
-0.7306922949542707, -1.1963007167111268
-0.7378053097650457, -1.1472542932368908
-0.7449331261542014, -1.0981703627765917
-0.7520700421140402, -1.0491298840667835
-0.7587033262266146, -1.0007220289983836
-0.7673687901284948, -0.9519444206344148
-0.7865824468356316, -0.907938892872845
-0.8004775023187743, -0.861165205222596
-0.764956643998985, -0.8260036963431223
-0.77781745930512, -0.7778174593051197
-0.7424621202458416, -0.7424621202458412
-0.7573438645274835, -0.7066264541838523
-0.7409511253169009, -0.6715589548890091
-0.4449460747533203, 1.6790173877211063
-0.4908311031934572, 1.6605567674059463
-0.536773129219066, 1.6420506417088343
-0.5439459904452802, 1.5932758212545932
-0.5510415653227027, 1.5444866858613
-0.596844146999799, 1.5262651688857543
-0.6039782597480688, 1.477518537945374
-0.6111480800637324, 1.4287414852392362
-0.6567185461126069, 1.41054403085901
-0.6635659615862533, 1.36159799458182
-0.6705983158359075, 1.312568675635421
-0.6776564015804261, 1.2635915672346603
-0.6847226411054832, 1.214656395879657
-0.6918503760138923, 1.1656636937524203
-0.6989262942126988, 1.116524143579755
-0.7060440298136831, 1.0674630612470482
-0.7131756912586303, 1.018427462285459
-0.7205089177843913, 0.9691573965762535
-0.730898356386707, 0.9191631266426121
-0.7520179854041946, 0.8742064999042063
-0.7162510893551981, 0.8334580074997102
-0.7295211679907526, 0.7907584115602085
-0.7066264541838523, 0.7573438645274834
-0.7071067811865474, 0.7071067811865477
-0.39187120676075976, 1.7462913159846023
-0.38455640201604546, 1.7953901169059583
-0.338629624808918, 1.813716386241133
-0.29279373588153024, 1.831969037211615
-0.24693433357904837, 1.8501983997101288
-0.20004092410567065, 1.8672936272969487
-0.18668005450213207, 1.912482003698244
-0.16883687731132177, 1.953263734074862
-0.14712912687165142, 1.9945809133815517
-0.09813534843591837, 1.9975909124210998
-0.04908245691215036, 1.99939763739569
-0.43774403432057213, 1.728005964158074
-0.14534510318732005, 1.9218622004639243
-0.24482134971605718, -1.9849590692815833
-0.26420265219891687, -1.93992705931324
-0.3109393255730104, -1.9324841119494494
-0.3326135246391724, -1.900868119792918
-0.37042659224067265, -1.8891167372137854
-0.41470166107193496, -1.874299867335253
-0.46089391745696084, -1.8578343459949782
-0.46926374110706526, -1.807408800096814
-0.5150815458796805, -1.789161699475861
-0.5224478890434812, -1.739632559779501
-0.5683501184756248, -1.7210843748206888
-0.6139661343585037, -1.7030452731148467
-0.6212006986037432, -1.6542411100321837
-0.6283472969829168, -1.6055394276913757
-0.6740613245801411, -1.5873789228274557
-0.6812500419346338, -1.5386390392957159
-0.6883693530345415, -1.4898868487216939
-0.7341582533156205, -1.4716750845600457
-0.7411879728250118, -1.4228288626328178
-0.7481303406665696, -1.3738845269642008
-0.7552346740026508, -1.3249485041973295
-0.7623789861215868, -1.2759793620884519
-0.7695423575567124, -1.2269854415297266
-0.7766946736178235, -1.1779431754780278
-0.7838470865153417, -1.1288722858986378
-0.790890366096295, -1.0799691056849616
-0.797405326644998, -1.0316942551894785
-0.8045138581986392, -0.9863205163877234
-0.8204930068773174, -0.9424436832921932
-0.8358683332186897, -0.8964934793802921
-0.8485281374235493, -0.8485281374235489
-0.8131727983643531, -0.8131727983643527
-0.8260036963431227, -0.7649566439989844
-0.7907584115602087, -0.7295211679907526
-0.7932012235640865, -0.6823007305662928
-0.7730104532336322, -0.6343932843209599
-0.4835911390248218, 1.7095098021735293
-0.5296152599148, 1.690820067663604
-0.5754924991335434, 1.6724067251201482
-0.5826153788396268, 1.6237125703491813
-0.5897173596129549, 1.574995755134726
-0.6354759842480157, 1.5568159013798892
-0.6426195207666948, 1.508091120906343
-0.649718633419141, 1.4593570135546823
-0.6954271158278532, 1.441125838708772
-0.7023420324961609, 1.392189349594193
-0.7092503176796281, 1.3431817133480801
-0.7163847937734587, 1.2942565448041983
-0.7235384116666652, 1.2453013003900402
-0.73069229495427, 1.1963007167111273
-0.7378053097650452, 1.1472542932368912
-0.7449331261542009, 1.0981703627765922
-0.7520700421140397, 1.049129884066784
-0.7587033262266142, 1.000722028998384
-0.7673687901284943, 0.951944420634415
-0.7865824468356312, 0.9079388928728455
-0.8004775023187739, 0.8611652052225964
-0.7649566439989846, 0.8260036963431225
-0.7778174593051196, 0.7778174593051201
-0.7424621202458411, 0.7424621202458415
-0.757343864527483, 0.7066264541838525
-0.7409511253169007, 0.6715589548890093
-0.43058236603674654, 1.776906294387224
-0.42323899987076974, 1.826147716621472
-0.37709690245515426, 1.844265948444162
-0.33150354534397874, 1.8625521986743325
-0.28832046710270065, 1.8882684674594497
-0.23713906610812116, 1.8999617037780747
-0.21696083777936168, 1.9466861376540276
-0.19603428015147467, 1.990369453394393
-0.47645551664427926, 1.758410566401352
-0.29346094804526573, -1.978353020057941
-0.3419237764754695, -1.9705552849592303
-0.3583793973543501, -1.928953497594997
-0.4041925223339662, -1.9191261706157214
-0.4517022244215727, -1.9051230532793944
-0.4973187530437553, -1.891262624119485
-0.5074931588058982, -1.8397788577111462
-0.553348013490367, -1.8203703530745619
-0.5608423222240861, -1.7706329664453995
-0.6062648719815893, -1.751734730267831
-0.6525261225288073, -1.7335608421173558
-0.6597575088839321, -1.6847794269740188
-0.6669036514610706, -1.6360853882548125
-0.712593323887193, -1.6179564319250017
-0.7197947969313142, -1.5692109021911709
-0.7270171515897218, -1.5204563177716979
-0.7728279241216159, -1.5022731639555227
-0.7800071014681168, -1.4534890869163746
-0.7870549657684801, -1.4045887967937636
-0.7941288541434659, -1.3556682228015366
-0.801250075625209, -1.3066951378897946
-0.8084123219822719, -1.2576940597915367
-0.815584512074619, -1.2086577201513367
-0.8227597875343617, -1.1596041835050919
-0.8299476668430565, -1.1105145298528376
-0.8365872251933942, -1.0638007667577536
-0.847211804456281, -1.0193124739850628
-0.8570679705444982, -0.9769417357602941
-0.8708839256634829, -0.9321043376152134
-0.8838834764827455, -0.8838834764827451
-0.8964934793802924, -0.8358683332186891
-0.8611652052225963, -0.8004775023187739
-0.8742064999042064, -0.7520179854041945
-0.8334580074997103, -0.7162510893551981
-0.8388327235588685, -0.675635226371685
-0.8199934384707417, -0.6399643707553326
-0.8032075312539582, -0.595699304798085
-0.5224478890434803, 1.739632559779501
-0.5150815458796796, 1.789161699475861
-0.46926374110706437, 1.807408800096814
-0.46089391745695996, 1.8578343459949782
-0.41470166107193407, 1.874299867335253
-0.37042659224067176, 1.8891167372137854
-0.3326135246391715, 1.900868119792918
-0.3109393255730095, 1.9324841119494494
-0.264202652198916, 1.93992705931324
-0.24482134971605624, 1.9849590692815833
-0.5683501184756239, 1.7210843748206892
-0.6139661343585028, 1.703045273114847
-0.6212006986037423, 1.654241110032184
-0.6283472969829161, 1.6055394276913761
-0.6740613245801405, 1.5873789228274562
-0.6812500419346331, 1.5386390392957163
-0.6883693530345408, 1.4898868487216943
-0.7341582533156198, 1.4716750845600461
-0.7411879728250111, 1.4228288626328183
-0.7481303406665689, 1.3738845269642013
-0.7552346740026501, 1.32494850419733
-0.7623789861215862, 1.2759793620884523
-0.7695423575567117, 1.226985441529727
-0.7766946736178229, 1.1779431754780283
-0.7838470865153413, 1.1288722858986382
-0.7908903660962946, 1.079969105684962
-0.7974053266449975, 1.031694255189479
-0.8045138581986387, 0.9863205163877239
-0.820493006877317, 0.9424436832921936
-0.8358683332186893, 0.8964934793802926
-0.8485281374235488, 0.8485281374235494
-0.8131727983643526, 0.8131727983643532
-0.8260036963431222, 0.7649566439989849
-0.7907584115602082, 0.7295211679907531
-0.7932012235640863, 0.6823007305662933
-0.7730104532336319, 0.6343932843209603
-0.39018064286380955, -1.9615705610388792
-0.43820247900857207, -1.9514042603701423
-0.485960358536986, -1.9400625067070922
-0.5334255134940431, -1.927552131993741
-0.5444373455470715, -1.8772248490305639
-0.5977645053610172, -1.8538753727230883
-0.5974646078210561, -1.7989015125862056
-0.6441707834095818, -1.7795069687504588
-0.6903421262742446, -1.7617494259109445
-0.6983203083882785, -1.7152798826443678
-0.7054617558284978, -1.6666170100788416
-0.7511618762505811, -1.6484669721813265
-0.7583295788868955, -1.5997660774763316
-0.7655429503290317, -1.5510105000115366
-0.8113683523643557, -1.5328851976495506
-0.8186486337617137, -1.4840822675570926
-0.8258666057212553, -1.4352804068839136
-0.833008919786461, -1.3863816745637367
-0.8401337787239325, -1.3374190702461695
-0.8472911698935413, -1.2884168824373485
-0.8544583756322541, -1.2394093715624719
-0.8616452898421838, -1.1903396385189156
-0.8689016698785652, -1.1412819189335406
-0.8761097144326553, -1.0921334451713196
-0.886018159192734, -1.0497777463708255
-0.8992448682242825, -1.0079905199259926
-0.9074877267618233, -0.9655136764949125
-0.9192388155419373, -0.919238815541937
-0.9321043376152137, -0.8708839256634825
-0.9424436832921935, -0.8204930068773172
-0.9079388928728455, -0.786582446835631
-0.9191631266426121, -0.730898356386707
-0.8828824922109074, -0.6932460691234071
-0.8646284560488972, -0.6464138720581942
-0.8491017720403067, -0.602425102186032
-0.8314696120142536, -0.555570233451061
-0.5608423222240853, 1.7706329664454
-0.6062648719815884, 1.7517347302678314
-0.6525261225288064, 1.7335608421173563
-0.6597575088839313, 1.6847794269740193
-0.6669036514610697, 1.636085388254813
-0.7125933238871921, 1.6179564319250022
-0.7197947969313135, 1.5692109021911713
-0.7270171515897211, 1.5204563177716983
-0.7728279241216153, 1.5022731639555231
-0.7800071014681161, 1.453489086916375
-0.7870549657684794, 1.404588796793764
-0.7941288541434652, 1.355668222801537
-0.8012500756252083, 1.306695137889795
-0.8084123219822712, 1.2576940597915371
-0.8155845120746184, 1.208657720151337
-0.8227597875343611, 1.1596041835050923
-0.8299476668430561, 1.110514529852838
-0.8365872251933938, 1.063800766757754
-0.8472118044562805, 1.0193124739850632
-0.8570679705444978, 0.9769417357602945
-0.8708839256634825, 0.9321043376152138
-0.883883476482745, 0.8838834764827456
-0.896493479380292, 0.8358683332186896
-0.8611652052225959, 0.8004775023187743
-0.874206499904206, 0.752017985404195
-0.8334580074997099, 0.7162510893551985
-0.8388327235588683, 0.6756352263716855
-0.8199934384707415, 0.6399643707553331
-0.8032075312539579, 0.5956993047980854
-0.5074931588058973, 1.8397788577111462
-0.5533480134903661, 1.8203703530745623
-0.4973187530437544, 1.891262624119485
-0.4517022244215718, 1.9051230532793944
-0.4041925223339653, 1.9191261706157214
-0.3583793973543492, 1.928953497594997
-0.3419237764754685, 1.9705552849592303
-0.29346094804526474, 1.978353020057941
-0.580569352912518, -1.9138806719486825
-0.6273634790264138, -1.8990563617712548
-0.6487764114902581, -1.8523616892636545
-0.6824658404162995, -1.8109650460711089
-0.6330250176403873, -1.8167133472220505
-0.7369145005194959, -1.7457336883349848
-0.7440312115514952, -1.6971085224516547
-0.789730463999451, -1.6789596856065516
-0.7968609085091013, -1.6303125295994736
-0.8040236174141518, -1.5816391289494836
-0.8498033120769782, -1.5635036541434528
-0.8571680851395626, -1.5147111735839165
-0.8645266627553884, -1.4658786511622857
-0.8717536437363368, -1.4170391448831958
-0.8789474002831328, -1.3681199568820988
-0.8861488818067376, -1.3191457062150866
-0.8932423498421285, -1.2702721379983346
-0.9002239384997026, -1.2212340356289768
-0.907435522928018, -1.1720005014611148
-0.9148550177960539, -1.1228879746071885
-0.9225103656827293, -1.0786828492309446
-0.9316621481000643, -1.0398384241686518
-0.9441475346320695, -0.999783972903538
-0.954594154601127, -0.9545941546011266
-0.9655136764949128, -0.9074877267618229
-0.9769417357602944, -0.8570679705444979
-0.9863205163877237, -0.8045138581986387
-0.951944420634415, -0.7673687901284945
-0.9691573965762535, -0.7205089177843914
-0.9383748880661856, -0.6817563194080359
-0.9102342841420921, -0.6434724295602682
-0.8888238183250661, -0.6092706411441624
-0.8854187084023334, -0.5628629356729575
-0.8577286096775257, -0.5141027447316913
-0.7289465041660186, -1.7850367805236529
-0.5974646078210553, 1.798901512586206
-0.5977645053610163, 1.8538753727230888
-0.5444373455470706, 1.8772248490305643
-0.5334255134940422, 1.927552131993741
-0.4859603585369851, 1.9400625067070922
-0.4382024790085712, 1.9514042603701423
-0.39018064286380855, 1.9615705610388792
-0.6441707834095809, 1.7795069687504592
-0.6903421262742437, 1.761749425910945
-0.6983203083882776, 1.7152798826443683
-0.7054617558284969, 1.666617010078842
-0.7511618762505802, 1.648466972181327
-0.7583295788868948, 1.599766077476332
-0.7655429503290311, 1.551010500011537
-0.811368352364355, 1.532885197649551
-0.818648633761713, 1.484082267557093
-0.8258666057212546, 1.435280406883914
-0.8330089197864603, 1.3863816745637372
-0.8401337787239318, 1.33741907024617
-0.8472911698935406, 1.288416882437349
-0.8544583756322535, 1.2394093715624723
-0.8616452898421831, 1.190339638518916
-0.8689016698785648, 1.141281918933541
-0.8761097144326548, 1.09213344517132
-0.8860181591927335, 1.049777746370826
-0.8992448682242821, 1.007990519925993
-0.9074877267618229, 0.9655136764949129
-0.9192388155419369, 0.9192388155419374
-0.9321043376152133, 0.8708839256634829
-0.9424436832921931, 0.8204930068773176
-0.907938892872845, 0.7865824468356315
-0.9191631266426117, 0.7308983563867074
-0.882882492210907, 0.6932460691234076
-0.8646284560488969, 0.6464138720581947
-0.8491017720403065, 0.6024251021860324
-0.8314696120142534, 0.5555702334510615
-0.6737797048764511, -1.8830881310487306
-0.6872964747462751, -1.8490105069204625
-0.7248027001288624, -1.8263860521078545
-0.7692677476283023, -1.8031962761698497
-0.7730950325326, -1.7642356600390239
-0.7825891545040653, -1.7275986306707736
-0.8277856665208867, -1.7081406940588748
-0.835435638117683, -1.6608108080159198
-0.8425750126353112, -1.6121746101227339
-0.888285733206052, -1.5939976476546096
-0.8956190673038172, -1.5453504217494265
-0.9030424825751214, -1.4965668492416895
-0.9104239655038598, -1.4476947879023516
-0.9176465317578048, -1.3988197810161076
-0.9247762276904181, -1.3498765079168826
-0.9320499721060274, -1.3009381800132749
-0.9386685172308538, -1.252077621284581
-0.9454225379161176, -1.2026530697325697
-0.9538778719754055, -1.1525894798096508
-0.9613702829909496, -1.104589151631273
-0.9597710319208205, -1.066529847061606
-0.9780984096862496, -1.0335550375972977
-0.9899494936603925, -0.9899494936603922
-0.9997839729035384, -0.944147534632069
-1.0079905199259933, -0.8992448682242821
-1.0193124739850632, -0.8472118044562805
-1.0316942551894792, -0.7974053266449975
-1.0007220289983842, -0.7587033262266143
-1.0184274622854592, -0.7131756912586303
-0.9876834621372895, -0.6743661377210691
-0.9569884918183371, -0.6355951571603494
-0.92651126068227, -0.5967194625730223
-0.9361280574853372, -0.5517769301698232
-0.9068094239343711, -0.513701194335582
-0.8819212639620182, -0.4713967375487831
-0.6330250176403864, 1.816713347222051
-0.6487764114902572, 1.852361689263655
-0.6273634790264129, 1.8990563617712553
-0.5805693529125171, 1.913880671948683
-0.6824658404162987, 1.8109650460711093
-0.7289465041660177, 1.7850367805236533
-0.736914500519495, 1.7457336883349852
-0.7440312115514943, 1.697108522451655
-0.7897304639994501, 1.678959685606552
-0.7968609085091004, 1.630312529599474
-0.8040236174141512, 1.581639128949484
-0.8498033120769776, 1.5635036541434533
-0.8571680851395619, 1.514711173583917
-0.8645266627553877, 1.465878651162286
-0.8717536437363361, 1.4170391448831963
-0.8789474002831321, 1.3681199568820992
-0.8861488818067369, 1.319145706215087
-0.8932423498421278, 1.270272137998335
-0.900223938499702, 1.2212340356289773
-0.9074355229280173, 1.1720005014611152
-0.9148550177960535, 1.122887974607189
-0.9225103656827288, 1.078682849230945
-0.9316621481000639, 1.0398384241686522
-0.944147534632069, 0.9997839729035385
-0.9545941546011265, 0.9545941546011271
-0.9655136764949124, 0.9074877267618233
-0.976941735760294, 0.8570679705444983
-0.9863205163877232, 0.8045138581986392
-0.9519444206344145, 0.7673687901284949
-0.9691573965762531, 0.7205089177843919
-0.9383748880661854, 0.6817563194080364
-0.9102342841420918, 0.6434724295602686
-0.8888238183250659, 0.6092706411441629
-0.8854187084023332, 0.562862935672958
-0.8577286096775255, 0.5141027447316917
-0.7197900710654337, -1.8659855984427145
-0.7653668625933487, -1.8477590659076777
-0.8104826260323441, -1.8284195122836866
-0.8130398910836052, -1.7848688434964368
-0.8181177421772898, -1.7449471571492545
-0.8591907170320681, -1.7248551399105947
-0.8740028702202599, -1.6913182881099476
-0.881110629377876, -1.6425687100191537
-0.9268313180137048, -1.6243953774495605
-0.9340245002836746, -1.5758482220911898
-0.9413242710186297, -1.5271011452976297
-0.9486054715424809, -1.478366484011826
-0.9557742848212268, -1.4295442800431717
-0.9629108655293448, -1.3805933683904288
-0.9700535395640819, -1.3315456465566489
-0.977200852462579, -1.282496138898013
-0.9837053122634669, -1.2333387617123888
-0.9918263606010753, -1.183273242057018
-1.0023575096202184, -1.1301329393687427
-1.005213953144108, -1.0759837726798638
-1.02530483271961, -1.02530483271961
-1.033555037597298, -0.9780984096862491
-1.039838424168652, -0.9316621481000639
-1.0497777463708262, -0.8860181591927335
-1.0638007667577543, -0.8365872251933936
-1.0799691056849623, -0.7908903660962946
-1.0491298840667842, -0.7520700421140397
-1.0674630612470482, -0.7060440298136832
-1.0370883386700331, -0.6672421139883848
-1.0059047240256822, -0.6284573073799115
-0.9734586599499815, -0.5901000355418001
-0.9927589581188689, -0.5454051006855593
-0.9587496398174937, -0.5078971467827021
-0.9305459785467523, -0.4678329115627789
-0.9039892927095291, -0.4275550943054303
-0.6872964747462742, 1.849010506920463
-0.7248027001288615, 1.826386052107855
-0.7692677476283014, 1.8031962761698501
-0.7730950325325991, 1.7642356600390243
-0.7825891545040644, 1.727598630670774
-0.8277856665208858, 1.7081406940588753
-0.8354356381176821, 1.6608108080159203
-0.8425750126353105, 1.6121746101227343
-0.8882857332060513, 1.59399764765461
-0.8956190673038166, 1.545350421749427
-0.9030424825751208, 1.49656684924169
-0.9104239655038592, 1.447694787902352
-0.9176465317578041, 1.398819781016108
-0.9247762276904175, 1.349876507916883
-0.9320499721060267, 1.3009381800132753
-0.9386685172308531, 1.2520776212845814
-0.945422537916117, 1.2026530697325701
-0.9538778719754051, 1.1525894798096512
-0.9613702829909492, 1.1045891516312734
-0.95977103192082, 1.0665298470616065
-0.9780984096862492, 1.0335550375972982
-0.9899494936603921, 0.9899494936603926
-0.9997839729035379, 0.9441475346320695
-1.0079905199259929, 0.8992448682242825
-1.0193124739850628, 0.847211804456281
-1.0316942551894788, 0.797405326644998
-1.0007220289983838, 0.7587033262266147
-1.0184274622854588, 0.7131756912586308
-0.9876834621372893, 0.6743661377210696
-0.9569884918183369, 0.6355951571603499
-0.9265112606822697, 0.5967194625730228
-0.936128057485337, 0.5517769301698237
-0.9068094239343709, 0.5137011943355825
-0.881921263962018, 0.4713967375487834
-0.6737797048764502, 1.883088131048731
-0.8551101849915401, -1.8079785871308685
-0.8579788665175605, -1.7635396326281556
-0.8999310898600803, -1.7307615682818225
-0.9194998606407797, -1.6726070337701626
-0.9663101389930696, -1.655941631418573
-0.9720817765919002, -1.6049907924632039
-0.9796895472987072, -1.5574678926984258
-0.9868807959089335, -1.5089024547528158
-0.993963345829847, -1.460050818167383
-1.0009250430854604, -1.4111741489903107
-1.0080270933243913, -1.3621722235925007
-1.015219633626509, -1.3130555846502747
-1.02242647146631, -1.2639901261585638
-1.0292046391021472, -1.2150616490964647
-1.0377908299233853, -1.1638414457043698
-1.0477192195237581, -1.1089564630933058
-1.060660171778835, -1.060660171778834
-1.075983772679864, -1.005213953144108
-1.066529847061606, -0.9597710319208198
-1.0786828492309453, -0.9225103656827289
-1.0921334451713203, -0.8761097144326551
-1.1105145298528383, -0.8299476668430563
-1.1288722858986382, -0.7838470865153415
-1.0981703627765922, -0.744933126154201
-1.1165241435797553, -0.698926294212699
-1.0862786488067353, -0.660110346307951
-1.0556809766282143, -0.6215807479295324
-1.0250348469647783, -0.583221971506589
-1.0443954244305542, -0.5379745258904913
-1.0131041598173953, -0.49977072212129686
-0.9813884521041311, -0.4615420620437505
-0.9527773036306834, -0.4216012026929773
-0.923879532095688, -0.3826834333684341
-0.7197900710654328, 1.865985598442715
-0.7653668625933479, 1.8477590659076781
-0.8104826260323432, 1.828419512283687
-0.8130398910836043, 1.7848688434964373
-0.8181177421772889, 1.744947157149255
-0.8591907170320672, 1.7248551399105951
-0.874002870220259, 1.691318288109948
-0.8811106293778751, 1.6425687100191542
-0.9268313180137039, 1.624395377449561
-0.9340245002836739, 1.5758482220911902
-0.941324271018629, 1.5271011452976302
-0.9486054715424802, 1.4783664840118265
-0.9557742848212262, 1.4295442800431721
-0.9629108655293441, 1.3805933683904292
-0.9700535395640812, 1.3315456465566493
-0.9772008524625784, 1.2824961388980134
-0.9837053122634662, 1.2333387617123892
-0.9918263606010747, 1.1832732420570184
-1.002357509620218, 1.1301329393687432
-1.0052139531441076, 1.0759837726798642
-1.0253048327196095, 1.0253048327196104
-1.0335550375972975, 0.9780984096862495
-1.0398384241686516, 0.9316621481000643
-1.0497777463708258, 0.886018159192734
-1.0638007667577538, 0.836587225193394
-1.0799691056849618, 0.790890366096295
-1.0491298840667838, 0.7520700421140402
-1.0674630612470477, 0.7060440298136836
-1.0370883386700327, 0.6672421139883853
-1.0059047240256818, 0.6284573073799119
-0.9734586599499813, 0.5901000355418006
-0.9927589581188687, 0.5454051006855597
-0.9587496398174935, 0.5078971467827026
-0.930545978546752, 0.46783291156277934
-0.9039892927095289, 0.42755509430543076
-0.8992226575541578, -1.7864486032744515
-0.9427934721717728, -1.7638425294879059
-0.9455526259126596, -1.7137354912669878
-0.9894170658473574, -1.6991428932856927
-1.0212206939993158, -1.6704061400615458
-1.0115633038189704, -1.628061441032004
-1.017297515329052, -1.5851330528217207
-1.025231410129671, -1.538643806422348
-1.0326154472307316, -1.4905333235896978
-1.0397778863928304, -1.4417874534395558
-1.046918742513807, -1.3928581946686638
-1.0540797085920952, -1.3438173532298419
-1.0612567439468203, -1.294700675071279
-1.0683035269902534, -1.2460205018494228
-1.0742707229086563, -1.198042590707686
-1.0831088974383651, -1.1443210032213658
-1.096015510838228, -1.096015510838228
-1.108956463093306, -1.047719219523758
-1.130132939368743, -1.002357509620218
-1.104589151631273, -0.9613702829909496
-1.1228879746071891, -0.9148550177960537
-1.1412819189335413, -0.8689016698785652
-1.1596041835050923, -0.8227597875343613
-1.1779431754780283, -0.7766946736178231
-1.1472542932368912, -0.7378053097650455
-1.1656636937524203, -0.6918503760138925
-1.1352268274397053, -0.6530157385484694
-1.1050348978716242, -0.6144161180048067
-1.0747444034304332, -0.576036630389552
-1.0931193892350892, -0.5305982052874255
-1.0626625393001552, -0.4922185747921499
-1.0319088098025377, -0.45375032667121173
-1.0018668547003047, -0.4149868402147681
-0.9716515897092134, -0.3754615323548291
-0.9415440648596897, -0.3368898542958702
-0.8551101849915392, 1.807978587130869
-0.8579788665175596, 1.763539632628156
-0.8999310898600794, 1.730761568281823
-0.9194998606407788, 1.672607033770163
-0.9663101389930687, 1.6559416314185735
-0.9720817765918995, 1.6049907924632043
-0.9796895472987065, 1.5574678926984262
-0.9868807959089329, 1.5089024547528163
-0.9939633458298464, 1.4600508181673835
-1.0009250430854595, 1.4111741489903111
-1.0080270933243909, 1.3621722235925011
-1.0152196336265085, 1.3130555846502752
-1.0224264714663096, 1.2639901261585642
-1.0292046391021468, 1.2150616490964652
-1.037790829923385, 1.1638414457043702
-1.0477192195237577, 1.1089564630933062
-1.0606601717788346, 1.0606601717788344
-1.0759837726798636, 1.0052139531441084
-1.0665298470616056, 0.9597710319208203
-1.0786828492309448, 0.9225103656827294
-1.0921334451713198, 0.8761097144326555
-1.1105145298528378, 0.8299476668430568
-1.1288722858986378, 0.783847086515342
-1.0981703627765917, 0.7449331261542015
-1.1165241435797548, 0.6989262942126995
-1.0862786488067349, 0.6601103463079514
-1.0556809766282138, 0.6215807479295329
-1.0250348469647779, 0.5832219715065895
-1.0443954244305538, 0.5379745258904918
-1.0131041598173949, 0.4997707221212973
-0.9813884521041308, 0.4615420620437509
-0.9527773036306831, 0.42160120269297774
-0.9238795320956877, 0.3826834333684345
-0.9857963831335155, -1.740173982968623
-1.0282054871982267, -1.715457220712734
-1.0699952387551894, -1.6897071311446918
-1.0603868659140898, -1.6429902325305348
-1.0523859876889468, -1.6043549483657267
-1.0625045965474997, -1.566990413645044
-1.0711871529369181, -1.5208376012295797
-1.0784979815361526, -1.4723673738266578
-1.0857337865222756, -1.4235540481775788
-1.0929610389939883, -1.3745837236801297
-1.1002002349559223, -1.3255134555286279
-1.1075240274466882, -1.276542672442031
-1.1138145911334163, -1.2286978455988207
-1.12133901547109, -1.1800151818520888
-1.131370849897643, -1.131370849897643
-1.144321003221366, -1.083108897438365
-1.16384144570437, -1.037790829923385
-1.183273242057018, -0.991826360601075
-1.152589479809651, -0.9538778719754051
-1.1720005014611152, -0.9074355229280173
-1.1903396385189162, -0.8616452898421832
-1.2086577201513373, -0.8155845120746188
-1.2269854415297272, -0.769542357556712
-1.1963007167111273, -0.7306922949542702
-1.2146563958796572, -0.6847226411054834
-1.1839693460500362, -0.6459818153175605
-1.1536334045363281, -0.6072315446350103
-1.1235534294985563, -0.568803276698792
-1.1419135844831623, -0.5236219767656425
-1.1114046269006421, -0.48508230693625176
-1.0808417087652378, -0.44652830435797247
-1.0504493620355848, -0.40801797593575956
-1.0196738491723587, -0.36804582227001204
-0.9886217685443471, -0.328423529770059
-0.9569403354952273, -0.2902846780356864
-0.8992226575541569, 1.786448603274452
-0.9427934721717719, 1.7638425294879063
-0.9455526259126588, 1.7137354912669882
-0.9894170658473566, 1.6991428932856931
-1.021220693999315, 1.6704061400615462
-1.0115633038189695, 1.6280614410320045
-1.017297515329051, 1.5851330528217211
-1.02523141012967, 1.5386438064223484
-1.0326154472307307, 1.4905333235896983
-1.0397778863928295, 1.4417874534395563
-1.046918742513806, 1.3928581946686642
-1.0540797085920948, 1.3438173532298423
-1.06125674394682, 1.2947006750712795
-1.068303526990253, 1.2460205018494233
-1.0742707229086559, 1.1980425907076864
-1.0831088974383647, 1.1443210032213662
-1.0960155108382275, 1.0960155108382283
-1.1089564630933055, 1.0477192195237583
-1.1301329393687425, 1.0023575096202184
-1.1045891516312725, 0.9613702829909501
-1.1228879746071887, 0.9148550177960542
-1.1412819189335408, 0.8689016698785657
-1.1596041835050919, 0.8227597875343617
-1.1779431754780278, 0.7766946736178235
-1.1472542932368908, 0.737805309765046
-1.1656636937524198, 0.691850376013893
-1.1352268274397048, 0.6530157385484698
-1.1050348978716238, 0.6144161180048071
-1.0747444034304328, 0.5760366303895524
-1.0931193892350888, 0.530598205287426
-1.0626625393001548, 0.49221857479215037
-1.0319088098025377, 0.4537503266712122
-1.0018668547003047, 0.41498684021476856
-0.9716515897092132, 0.37546153235482954
-0.9415440648596894, 0.33688985429587065
-1.1111404650968706, -1.6629392252347377
-1.0995403595284647, -1.6016822578634728
-1.1093851536719468, -1.5512908151674178
-1.117178766409959, -1.5030160473399448
-1.124362029709829, -1.454309247612962
-1.1315088933132595, -1.40568136286468
-1.1381324890747582, -1.356693910863326
-1.1445467533678664, -1.3075804978989878
-1.1508934126061732, -1.261232679351175
-1.158595027346591, -1.215193486436476
-1.16672618895708, -1.16672618895708
-1.180015181852089, -1.12133901547109
-1.198042590707686, -1.074270722908656
-1.215061649096465, -1.029204639102147
-1.233338761712389, -0.9837053122634665
-1.20265306973257, -0.9454225379161174
-1.2212340356289773, -0.9002239384997021
-1.2394093715624723, -0.8544583756322532
-1.2576940597915371, -0.808412321982271
-1.2759793620884523, -0.762378986121586
-1.2453013003900402, -0.7235384116666651
-1.2635915672346603, -0.6776564015804261
-1.2329549199999392, -0.6390321440222385
-1.2025871732685862, -0.6003896438029138
-1.1722197755310901, -0.5618783883164289
-1.1906237762489842, -0.5164565675553583
-1.1601088432316402, -0.47796116122522575
-1.1295773861480758, -0.4393593616532308
-1.0990421277971378, -0.40074244350015226
-1.0686406496426588, -0.36222177997824473
-1.0368128704020467, -0.31916327536641154
-1.004197890929559, -0.2789406504611346
-0.9700312530284172, -0.24298018056647946
-0.9857963831335146, 1.7401739829686234
-1.0282054871982258, 1.7154572207127345
-1.0699952387551885, 1.6897071311446923
-1.060386865914089, 1.6429902325305352
-1.0523859876889459, 1.6043549483657271
-1.0625045965474988, 1.5669904136450445
-1.0711871529369172, 1.5208376012295801
-1.0784979815361517, 1.4723673738266583
-1.0857337865222747, 1.4235540481775792
-1.0929610389939879, 1.3745837236801302
-1.100200234955922, 1.3255134555286283
-1.1075240274466878, 1.2765426724420315
-1.1138145911334159, 1.2286978455988211
-1.1213390154710896, 1.1800151818520892
-1.1313708498976425, 1.1313708498976434
-1.1443210032213655, 1.0831088974383654
-1.1638414457043695, 1.0377908299233853
-1.1832732420570176, 0.9918263606010754
-1.1525894798096505, 0.9538778719754055
-1.1720005014611148, 0.9074355229280178
-1.1903396385189158, 0.8616452898421837
-1.2086577201513369, 0.8155845120746192
-1.2269854415297268, 0.7695423575567124
-1.1963007167111268, 0.7306922949542707
-1.2146563958796568, 0.6847226411054839
-1.1839693460500358, 0.6459818153175609
-1.1536334045363277, 0.6072315446350107
-1.1235534294985559, 0.5688032766987925
-1.1419135844831618, 0.5236219767656429
-1.1114046269006417, 0.4850823069362522
-1.0808417087652378, 0.4465283043579729
-1.0504493620355848, 0.40801797593576
-1.0196738491723587, 0.3680458222700125
-0.9886217685443469, 0.32842352977005945
-0.9569403354952271, 0.29028467803568686
-1.1516163820122887, -1.6351696268830729
-1.1494865907553757, -1.581658803163281
-1.1549512406425757, -1.5331860065540177
-1.1629351188894097, -1.4849020148823837
-1.1701315577130558, -1.4362801888545997
-1.1759398820576639, -1.3873059271990267
-1.1801481223717984, -1.3397632023767907
-1.1850054935467533, -1.2930438374665658
-1.1941302515851955, -1.2497707904730477
-1.202081528016508, -1.202081528016508
-1.215193486436476, -1.158595027346591
-1.228697845598821, -1.113814591133416
-1.246020501849423, -1.068303526990253
-1.263990126158564, -1.02242647146631
-1.282496138898013, -0.9772008524625787
-1.252077621284581, -0.9386685172308532
-1.2702721379983353, -0.893242349842128
-1.2884168824373492, -0.8472911698935406
-1.3066951378897953, -0.8012500756252083
-1.3249485041973301, -0.7552346740026502
-1.2942565448041983, -0.7163847937734589
-1.3125686756354211, -0.6705983158359075
-1.2819741079706182, -0.6320833254418003
-1.2514551744481712, -0.5935099122618283
-1.2209649577838952, -0.5549153801891828
-1.2393250274103271, -0.5094748583675273
-1.2087065395314422, -0.4708985323807482
-1.1781463760709099, -0.4323187102210183
-1.1477751322528318, -0.39359265178888525
-1.1172133050891289, -0.3549575354954189
-1.0856398098607387, -0.31370862659348175
-1.051901303151065, -0.26902545227753794
-1.018488388592635, -0.22658593868666227
-0.980785280302205, -0.19509032252401687
-1.1111404650968697, 1.6629392252347381
-1.0995403595284639, 1.6016822578634733
-1.109385153671946, 1.5512908151674183
-1.1171787664099582, 1.5030160473399452
-1.124362029709828, 1.4543092476129624
-1.1315088933132587, 1.4056813628646805
-1.1381324890747577, 1.3566939108633265
-1.144546753367866, 1.3075804978989882
-1.1508934126061727, 1.2612326793511754
-1.1585950273465906, 1.2151934864364764
-1.1667261889570795, 1.1667261889570804
-1.1800151818520885, 1.1213390154710905
-1.1980425907076855, 1.0742707229086566
-1.2150616490964645, 1.0292046391021474
-1.2333387617123885, 0.9837053122634671
-1.2026530697325695, 0.9454225379161179
-1.2212340356289768, 0.9002239384997025
-1.2394093715624719, 0.8544583756322539
-1.2576940597915367, 0.8084123219822716
-1.2759793620884519, 0.7623789861215867
-1.2453013003900397, 0.7235384116666658
-1.2635915672346598, 0.6776564015804267
-1.2329549199999388, 0.6390321440222392
-1.2025871732685858, 0.6003896438029143
-1.1722197755310897, 0.5618783883164293
-1.1906237762489837, 0.5164565675553587
-1.1601088432316398, 0.4779611612252263
-1.1295773861480758, 0.43935936165323136
-1.0990421277971378, 0.4007424435001527
-1.0686406496426588, 0.3622217799782452
-1.0368128704020467, 0.319163275366412
-1.004197890929559, 0.27894065046113503
-0.970031253028417, 0.24298018056647996
-1.1913986083068824, -1.6064150634641179
-1.1918253310997307, -1.559679832961669
-1.2000688964965516, -1.514280675926925
-1.2097062774389704, -1.4662898363627939
-1.2152428206017956, -1.4167905016275868
-1.2177970900904984, -1.3705460330161898
-1.2207035694102613, -1.3272377574731977
-1.2255534180193182, -1.2851171388757487
-1.237436867075976, -1.237436867075975
-1.249770790473048, -1.194130251585195
-1.261232679351175, -1.150893412606173
-1.276542672442031, -1.107524027446688
-1.294700675071279, -1.06125674394682
-1.313055584650275, -1.015219633626509
-1.331545646556649, -0.9700535395640812
-1.300938180013275, -0.9320499721060267
-1.3191457062150873, -0.8861488818067371
-1.3374190702461701, -0.8401337787239316
-1.3556682228015373, -0.794128854143465
-1.3738845269642013, -0.7481303406665689
-1.3431817133480801, -0.7092503176796282
-1.3615979945818202, -0.6635659615862535
-1.3309994190427201, -0.6250597025248626
-1.3004422055586022, -0.586611387731799
-1.2698873600378853, -0.5480006094351313
-1.2880914710239872, -0.5023621380309765
-1.2573541431005453, -0.463832762795705
-1.2266405731933698, -0.4252794204484164
-1.1962167773943118, -0.3866367463329259
-1.1659184707108028, -0.34784616906804716
-1.134335909489621, -0.30843696583189845
-1.102146110577886, -0.26891265440161627
-1.062548862481097, -0.22010089776117164
-1.034882314224999, -0.17875432905531205
-0.989176509908181, -0.14673047483692786
-1.1516163820122878, 1.6351696268830733
-1.1494865907553748, 1.5816588031632814
-1.1549512406425748, 1.5331860065540182
-1.1629351188894088, 1.4849020148823842
-1.1701315577130549, 1.4362801888546002
-1.175939882057663, 1.3873059271990271
-1.180148122371798, 1.3397632023767911
-1.1850054935467529, 1.2930438374665663
-1.194130251585195, 1.2497707904730482
-1.2020815280165076, 1.2020815280165085
-1.2151934864364755, 1.1585950273465915
-1.2286978455988204, 1.1138145911334165
-1.2460205018494226, 1.0683035269902534
-1.2639901261585635, 1.0224264714663105
-1.2824961388980125, 0.9772008524625794
-1.2520776212845806, 0.9386685172308539
-1.2702721379983348, 0.8932423498421287
-1.2884168824373488, 0.8472911698935413
-1.3066951378897949, 0.801250075625209
-1.3249485041973297, 0.7552346740026509
-1.2942565448041978, 0.7163847937734595
-1.3125686756354207, 0.6705983158359081
-1.2819741079706177, 0.632083325441801
-1.2514551744481708, 0.5935099122618289
-1.2209649577838948, 0.5549153801891833
-1.2393250274103267, 0.5094748583675279
-1.2087065395314418, 0.47089853238074875
-1.1781463760709099, 0.43231871022101886
-1.1477751322528318, 0.3935926517888858
-1.1172133050891289, 0.3549575354954195
-1.0856398098607387, 0.3137086265934822
-1.051901303151065, 0.2690254522775384
-1.018488388592635, 0.22658593868666277
-0.980785280302205, 0.19509032252401737
-1.2304631806793405, -1.5766928556293018
-1.2315959561210517, -1.53883046074536
-1.2531333301774619, -1.4993387059434997
-1.2547487527514258, -1.4450961056802758
-1.25512730188083, -1.3957699035847397
-1.2545290474322521, -1.3578554465306538
-1.2599334939023492, -1.3211105335975057
-1.272792206135378, -1.272792206135378
-1.285117138875749, -1.225553418019318
-1.293043837466566, -1.185005493546753
-1.307580497898988, -1.144546753367866
-1.325513455528628, -1.100200234955922
-1.343817353229842, -1.054079708592095
-1.362172223592501, -1.008027093324391
-1.380593368390429, -0.9629108655293444
-1.3498765079168833, -0.9247762276904175
-1.3681199568820992, -0.8789474002831321
-1.3863816745637372, -0.8330089197864605
-1.4045887967937642, -0.7870549657684797
-1.4228288626328183, -0.7411879728250115
-1.3921893495941933, -0.702342032496161
-1.4105440308590103, -0.6567185461126069
-1.3800047173256662, -0.6180801027467775
-1.3493514221344463, -0.5794975307215877
-1.3187041651600202, -0.5409604740435408
-1.3369108528425813, -0.49519113737046005
-1.3062533764974118, -0.4566925259191859
-1.2750544577923808, -0.41801516123934257
-1.2445794559813168, -0.37941260423677187
-1.2140717345419088, -0.3408518767713711
-1.183185460292307, -0.3019187746551882
-1.151639946060103, -0.2626900972427301
-1.119217208372746, -0.22191810231964712
-1.090105394089912, -0.18511491941593183
-1.069478001292287, -0.14845401837814873
-1.035561018515463, -0.12501317957324545
-0.9951847266485508, -0.09801714056964254
-1.1913986083068815, 1.6064150634641183
-1.1918253310997298, 1.5596798329616695
-1.2000688964965507, 1.5142806759269254
-1.2097062774389695, 1.4662898363627943
-1.2152428206017947, 1.4167905016275872
-1.217797090090498, 1.3705460330161903
-1.2207035694102608, 1.3272377574731982
-1.2255534180193177, 1.2851171388757492
-1.2374368670759757, 1.2374368670759754
-1.2497707904730475, 1.1941302515851955
-1.2612326793511746, 1.1508934126061734
-1.2765426724420306, 1.1075240274466884
-1.2947006750712786, 1.0612567439468203
-1.3130555846502745, 1.0152196336265094
-1.3315456465566486, 0.9700535395640819
-1.3009381800132747, 0.9320499721060274
-1.3191457062150869, 0.8861488818067378
-1.3374190702461697, 0.8401337787239322
-1.3556682228015369, 0.7941288541434657
-1.3738845269642008, 0.7481303406665696
-1.3431817133480797, 0.7092503176796289
-1.3615979945818197, 0.6635659615862541
-1.3309994190427197, 0.6250597025248633
-1.3004422055586018, 0.5866113877317997
-1.2698873600378848, 0.548000609435132
-1.2880914710239868, 0.5023621380309772
-1.2573541431005448, 0.46383276279570557
-1.2266405731933698, 0.42527942044841693
-1.1962167773943118, 0.38663674633292644
-1.1659184707108028, 0.3478461690680477
-1.134335909489621, 0.308436965831899
-1.102146110577886, 0.2689126544016167
-1.062548862481097, 0.2201008977611722
-1.034882314224999, 0.17875432905531255
-0.989176509908181, 0.14673047483692836
-1.2687865679578592, -1.5460209070286597
-1.3063456856411466, -1.5144176932427738
-1.2972295096967286, -1.4668515038325178
-1.2941161931655016, -1.415962880308641
-1.2928036637969835, -1.3627062966573877
-1.308147545194806, -1.308147545194806
-1.321110533597506, -1.259933493902349
-1.327237757473198, -1.220703569410261
-1.339763202376791, -1.180148122371798
-1.356693910863326, -1.138132489074758
-1.37458372368013, -1.092961038993988
-1.392858194668664, -1.046918742513806
-1.411174148990311, -1.00092504308546
-1.429544280043172, -0.9557742848212265
-1.3988197810161083, -0.9176465317578044
-1.4170391448831963, -0.8717536437363363
-1.4352804068839142, -0.8258666057212549
-1.4534890869163752, -0.7800071014681164
-1.4716750845600461, -0.73415825331562
-1.4411258387087722, -0.6954271158278537
-1.4593570135546823, -0.6497186334191415
-1.4287414852392362, -0.6111480800637326
-1.3981753524001073, -0.5724530245671201
-1.3675109742324743, -0.5338238125609343
-1.3857110115418312, -0.48798624408594254
-1.3549555759422467, -0.44938582388988885
-1.3235299389249988, -0.41073490836770316
-1.2929820038783397, -0.3720098234345863
-1.2624620533703899, -0.3333668210357327
-1.231677909434284, -0.2945843449848356
-1.20081514108489, -0.25569214394846657
-1.169802319917377, -0.21669359675775615
-1.139060617110101, -0.17799644833867695
-1.110125723683732, -0.13892061692745514
-1.080429989578334, -0.10665909930212068
-1.045564283086771, -0.0752609377221296
-0.998795456200073, -0.04906767443121759
-1.2304631806793396, 1.5766928556293023
-1.2315959561210508, 1.5388304607453605
-1.253133330177461, 1.4993387059435002
-1.254748752751425, 1.4450961056802762
-1.255127301880829, 1.3957699035847402
-1.2545290474322517, 1.3578554465306543
-1.2599334939023488, 1.3211105335975062
-1.2727922061353776, 1.2727922061353785
-1.2851171388757485, 1.2255534180193184
-1.2930438374665656, 1.1850054935467536
-1.3075804978989876, 1.1445467533678664
-1.3255134555286276, 1.1002002349559223
-1.3438173532298416, 1.0540797085920954
-1.3621722235925005, 1.0080270933243916
-1.3805933683904286, 0.962910865529345
-1.3498765079168829, 0.9247762276904181
-1.3681199568820988, 0.8789474002831328
-1.3863816745637367, 0.8330089197864612
-1.4045887967937638, 0.7870549657684803
-1.4228288626328178, 0.7411879728250121
-1.3921893495941928, 0.7023420324961617
-1.4105440308590098, 0.6567185461126076
-1.3800047173256658, 0.6180801027467782
-1.3493514221344458, 0.5794975307215884
-1.3187041651600198, 0.5409604740435414
-1.3369108528425808, 0.4951911373704606
-1.3062533764974118, 0.45669252591918646
-1.2750544577923808, 0.4180151612393431
-1.2445794559813168, 0.3794126042367724
-1.2140717345419088, 0.34085187677137163
-1.183185460292307, 0.30191877465518874
-1.151639946060103, 0.2626900972427307
-1.119217208372746, 0.22191810231964768
-1.090105394089912, 0.1851149194159324
-1.069478001292287, 0.14845401837814928
-1.035561018515463, 0.12501317957324595
-0.9951847266485508, 0.09801714056964302
-1.3431179095514867, -1.4819022508391178
-1.3321672493269336, -1.4340531810288057
-1.3326206815401125, -1.3913002910681187
-1.343502884254265, -1.343502884254264
-1.362706296657388, -1.292803663796983
-1.357855446530654, -1.254529047432252
-1.37054603301619, -1.217797090090498
-1.387305927199027, -1.175939882057663
-1.40568136286468, -1.131508893313259
-1.423554048177579, -1.085733786522275
-1.441787453439556, -1.03977788639283
-1.460050818167383, -0.9939633458298466
-1.478366484011826, -0.9486054715424804
-1.4476947879023523, -0.9104239655038595
-1.4658786511622863, -0.8645266627553881
-1.4840822675570933, -0.8186486337617133
-1.5022731639555231, -0.772827924121615
-1.5204563177716983, -0.7270171515897211
-1.4898868487216943, -0.6883693530345409
-1.5080911209063432, -0.6426195207666946
-1.4775185379453741, -0.6039782597480688
-1.4469192155108102, -0.56532971002423
-1.4163189620861563, -0.526664546308513
-1.4345188498682673, -0.4808141896676548
-1.4038711475725767, -0.44215049307674215
-1.3729279703358448, -0.4034586194946556
-1.3420197378987997, -0.3647432929574265
-1.3111714858139027, -0.3259376089370225
-1.280334932435385, -0.2870510277159108
-1.249549437856368, -0.24822595344380963
-1.218831323605658, -0.20947580326456322
-1.18818522569068, -0.17171886473413892
-1.161007384923481, -0.12557428605446025
-1.125473753467015, -0.09303786996718197
-1.092899391922077, -0.07124812390196172
-1.076057135607035, -0.037941139861740594
-1.036541042540306, -0.0372059861067225
-1.0, 3.5876077807826975e-16
-0.998795456200073, 0.049067674431218074
-1.045564283086771, 0.0752609377221301
-1.080429989578334, 0.10665909930212118
-1.110125723683732, 0.1389206169274557
-1.139060617110101, 0.1779964483386775
-1.169802319917377, 0.2166935967577567
-1.20081514108489, 0.2556921439484671
-1.231677909434284, 0.29458434498483616
-1.2624620533703899, 0.33336682103573323
-1.2929820038783397, 0.37200982343458683
-1.3235299389249988, 0.4107349083677037
-1.3549555759422467, 0.4493858238898895
-1.3857110115418307, 0.4879862440859432
-1.3675109742324738, 0.5338238125609349
-1.3981753524001068, 0.5724530245671208
-1.4287414852392357, 0.6111480800637332
-1.4593570135546818, 0.6497186334191422
-1.4411258387087718, 0.6954271158278543
-1.4716750845600457, 0.7341582533156207
-1.4534890869163748, 0.780007101468117
-1.4352804068839138, 0.8258666057212556
-1.4170391448831958, 0.871753643736337
-1.3988197810161078, 0.9176465317578051
-1.4295442800431715, 0.9557742848212272
-1.4111741489903105, 1.0009250430854604
-1.3928581946686636, 1.0469187425138065
-1.3745837236801295, 1.0929610389939886
-1.3566939108633256, 1.1381324890747584
-1.3397632023767905, 1.1801481223717984
-1.3272377574731975, 1.2207035694102615
-1.3211105335975055, 1.2599334939023494
-1.3081475451948055, 1.3081475451948064
-1.292803663796983, 1.3627062966573882
-1.2941161931655007, 1.4159628803086415
-1.2972295096967277, 1.4668515038325183
-1.3063456856411457, 1.5144176932427742
-1.2687865679578583, 1.5460209070286601
-1.3790810894677097, -1.4484941659090498
-1.3641045612084697, -1.4137237695628768
-1.37885822331368, -1.37885822331368
-1.391300291068119, -1.332620681540112
-1.415962880308641, -1.294116193165501
-1.39576990358474, -1.255127301880829
-1.416790501627587, -1.215242820601795
-1.4362801888546, -1.170131557713055
-1.454309247612962, -1.124362029709828
-1.472367373826658, -1.0784979815361515
-1.490533323589698, -1.0326154472307305
-1.508902454752816, -0.9868807959089331
-1.52710114529763, -0.9413242710186288
-1.4965668492416901, -0.9030424825751212
-1.5147111735839172, -0.8571680851395619
-1.5328851976495512, -0.8113683523643549
-1.5510105000115373, -0.765542950329031
-1.5692109021911713, -0.7197947969313137
-1.5386390392957163, -0.6812500419346333
-1.5568159013798892, -0.6354759842480159
-1.5262651688857543, -0.596844146999799
-1.4957010917114453, -0.5581773160330766
-1.4651228610774731, -0.5194966514366272
-1.4833375594071263, -0.47364393902601026
-1.4527104669804687, -0.4349346948827668
-1.4220054950693588, -0.39624209352542944
-1.3911859266070867, -0.35749510515074445
-1.3601958706981219, -0.3186905432063468
-1.329394721754459, -0.27983033267682356
-1.2985876924889, -0.2409704972819495
-1.266820787449091, -0.19967445931444072
-1.237022592969058, -0.16339032309227694
-1.210010914357945, -0.12933259887127074
-1.197018626328959, -0.08809221923470849
-1.159499000354933, -0.07832031644348034
-1.125704394314883, -0.04452201022262438
-1.1, 3.9463685588609675e-16
-1.05, 3.7669881698218327e-16
-1.076057135607035, 0.03794113986174112
-1.092899391922077, 0.07124812390196225
-1.125473753467015, 0.0930378699671825
-1.161007384923481, 0.1255742860544608
-1.18818522569068, 0.17171886473413953
-1.218831323605658, 0.20947580326456383
-1.249549437856368, 0.24822595344381024
-1.280334932435385, 0.28705102771591134
-1.3111714858139027, 0.32593760893702306
-1.3420197378987997, 0.3647432929574271
-1.3729279703358448, 0.4034586194946563
-1.4038711475725767, 0.4421504930767428
-1.4345188498682668, 0.4808141896676555
-1.4163189620861558, 0.5266645463085137
-1.4469192155108097, 0.5653297100242307
-1.4775185379453737, 0.6039782597480695
-1.5080911209063428, 0.6426195207666953
-1.4898868487216939, 0.6883693530345416
-1.5204563177716979, 0.7270171515897218
-1.5022731639555227, 0.7728279241216157
-1.4840822675570928, 0.8186486337617139
-1.4658786511622859, 0.8645266627553888
-1.4476947879023518, 0.9104239655038602
-1.4783664840118256, 0.9486054715424811
-1.4600508181673826, 0.9939633458298472
-1.4417874534395556, 1.0397778863928304
-1.4235540481775786, 1.0857337865222754
-1.4056813628646796, 1.1315088933132595
-1.3873059271990265, 1.1759398820576634
-1.3705460330161896, 1.2177970900904984
-1.3578554465306536, 1.2545290474322524
-1.3627062966573875, 1.2928036637969835
-1.3435028842542645, 1.3435028842542645
-1.3326206815401116, 1.3913002910681191
-1.3321672493269328, 1.4340531810288062
-1.3431179095514858, 1.4819022508391182
-1.036541042540306, 0.037205986106723
-1.4142135623730954, -1.414213562373095
-1.413723769562877, -1.364104561208469
-1.434053181028806, -1.332167249326933
-1.466851503832518, -1.2972295096967275
-1.445096105680276, -1.254748752751425
-1.466289836362794, -1.2097062774389695
-1.484902014882384, -1.1629351188894086
-1.503016047339945, -1.1171787664099575
-1.52083760122958, -1.0711871529369166
-1.538643806422348, -1.0252314101296696
-1.557467892698426, -0.9796895472987064
-1.57584822209119, -0.9340245002836741
-1.5453504217494272, -0.8956190673038166
-1.5635036541434533, -0.8498033120769777
-1.5816391289494842, -0.8040236174141511
-1.5997660774763323, -0.7583295788868947
-1.6179564319250022, -0.7125933238871923
-1.5873789228274562, -0.6740613245801402
-1.6055394276913761, -0.6283472969829161
-1.5749957551347262, -0.5897173596129548
-1.5444866858613002, -0.5510415653227028
-1.5139186190521612, -0.5123478992267799
-1.5321785964296253, -0.4664979617709979
-1.5015945278696448, -0.4277704117103881
-1.4709227542214818, -0.38901816131946787
-1.4401660948385748, -0.35024547450578836
-1.4093463981583099, -0.3114415387090038
-1.378478815375139, -0.27259482969569254
-1.347657995702593, -0.23370783370634002
-1.315452553377113, -0.1919306221687877
-1.282167594887338, -0.15423797838408115
-1.252124005671904, -0.12743158589018053
-1.245307382624987, -0.09005898609443944
-1.224253813538292, -0.04504518356511785
-1.176337163535087, -0.042688991665124354
-1.15, 4.125748947900102e-16
-1.125704394314883, 0.04452201022262492
-1.159499000354933, 0.07832031644348089
-1.197018626328959, 0.08809221923470904
-1.210010914357945, 0.12933259887127135
-1.237022592969058, 0.16339032309227755
-1.266820787449091, 0.19967445931444133
-1.2985876924889, 0.24097049728195016
-1.329394721754459, 0.2798303326768241
-1.3601958706981219, 0.3186905432063475
-1.3911859266070867, 0.3574951051507451
-1.4220054950693588, 0.3962420935254301
-1.4527104669804687, 0.4349346948827675
-1.4833375594071259, 0.47364393902601093
-1.4651228610774727, 0.5194966514366278
-1.4957010917114448, 0.5581773160330773
-1.5262651688857538, 0.5968441469997997
-1.5568159013798888, 0.6354759842480165
-1.5386390392957159, 0.681250041934634
-1.5692109021911709, 0.7197947969313143
-1.5510105000115368, 0.7655429503290316
-1.5328851976495508, 0.8113683523643556
-1.5147111735839167, 0.8571680851395626
-1.4965668492416897, 0.9030424825751219
-1.5271011452976295, 0.9413242710186295
-1.5089024547528156, 0.9868807959089337
-1.4905333235896976, 1.0326154472307314
-1.4723673738266576, 1.0784979815361524
-1.4543092476129615, 1.1243620297098285
-1.4362801888545995, 1.1701315577130555
-1.4167905016275866, 1.2152428206017953
-1.3957699035847395, 1.2551273018808295
-1.4159628803086406, 1.2941161931655014
-1.3913002910681185, 1.3326206815401125
-1.3788582233136795, 1.3788582233136804
-1.3641045612084688, 1.4137237695628773
-1.3790810894677088, 1.4484941659090502
-1.44849416590905, -1.379081089467709
-1.481902250839118, -1.3431179095514856
-1.514417693242774, -1.3063456856411455
-1.4993387059435, -1.2531333301774605
-1.514280675926925, -1.2000688964965505
-1.533186006554018, -1.1549512406425746
-1.551290815167418, -1.1093851536719457
-1.566990413645044, -1.0625045965474988
-1.585133052821721, -1.0172975153290509
-1.604990792463204, -0.9720817765918994
-1.6243953774495612, -0.9268313180137039
-1.5939976476546103, -0.8882857332060512
-1.6121746101227343, -0.8425750126353106
-1.6303125295994743, -0.7968609085091001
-1.6484669721813272, -0.75116187625058
-1.6666170100788422, -0.7054617558284969
-1.6360853882548132, -0.6669036514610699
-1.6542411100321843, -0.6212006986037425
-1.6237125703491813, -0.5826153788396268
-1.5932758212545932, -0.5439459904452802
-1.5627636591291223, -0.5052166796183265
-1.5811556519968577, -0.459354074681745
-1.5505070239229577, -0.4206063910681741
-1.5198567231207967, -0.3818470441582395
-1.4891472385085869, -0.34304888797271
-1.458388756466627, -0.30422706035737473
-1.427575947573089, -0.26536193778133094
-1.396755643454931, -0.22646276044789032
-1.365924926147193, -0.18755384618638193
-1.331276302514291, -0.1431136157671406
-1.294507111164958, -0.09963648513448578
-1.275068861232616, -0.045307778724191866
-1.25, 4.484509725978371e-16
-1.2, 4.3051293369392366e-16
-1.224253813538292, 0.04504518356511845
-1.245307382624987, 0.09005898609444002
-1.252124005671904, 0.12743158589018114
-1.282167594887338, 0.15423797838408176
-1.315452553377113, 0.19193062216878837
-1.347657995702593, 0.23370783370634068
-1.378478815375139, 0.2725948296956932
-1.4093463981583099, 0.3114415387090045
-1.4401660948385748, 0.350245474505789
-1.4709227542214818, 0.38901816131946854
-1.5015945278696448, 0.42777041171038876
-1.5321785964296248, 0.46649796177099856
-1.5139186190521607, 0.5123478992267806
-1.5444866858612998, 0.5510415653227034
-1.5749957551347258, 0.5897173596129555
-1.6055394276913757, 0.6283472969829168
-1.5873789228274557, 0.6740613245801409
-1.6179564319250017, 0.712593323887193
-1.5997660774763318, 0.7583295788868953
-1.5816391289494838, 0.8040236174141517
-1.5635036541434528, 0.8498033120769783
-1.5453504217494267, 0.8956190673038172
-1.5758482220911896, 0.9340245002836748
-1.5574678926984256, 0.979689547298707
-1.5386438064223475, 1.0252314101296705
-1.5208376012295794, 1.0711871529369175
-1.5030160473399445, 1.1171787664099584
-1.4849020148823835, 1.1629351188894095
-1.4662898363627936, 1.2097062774389704
-1.4450961056802756, 1.2547487527514254
-1.4668515038325176, 1.2972295096967283
-1.4340531810288055, 1.3321672493269334
-1.4137237695628766, 1.3641045612084695
-1.4142135623730945, 1.4142135623730954
-1.176337163535087, 0.04268899166512492
-1.54602090702866, -1.2687865679578576
-1.53883046074536, -1.2315959561210506
-1.559679832961669, -1.1918253310997298
-1.581658803163281, -1.1494865907553748
-1.601682257863473, -1.0995403595284639
-1.604354948365727, -1.0523859876889459
-1.628061441032004, -1.0115633038189698
-1.655941631418573, -0.9663101389930687
-1.6726070337701633, -0.9194998606407789
-1.6425687100191542, -0.8811106293778752
-1.6608108080159203, -0.8354356381176822
-1.6789596856065523, -0.7897304639994501
-1.6971085224516553, -0.744031211551494
-1.7152798826443683, -0.6983203083882774
-1.6847794269740193, -0.659757508883931
-1.7030452731148473, -0.6139661343585028
-1.6724067251201482, -0.5754924991335433
-1.6420506417088343, -0.536773129219066
-1.6116046261293142, -0.49808885295392835
-1.6300816207427928, -0.452177598178549
-1.5994759586643528, -0.41347441649637556
-1.5687806854564728, -0.37469443759129867
-1.5380954424125448, -0.3358702774328148
-1.507402150851457, -0.2970223552149831
-1.476666100659508, -0.2581411923806986
-1.445862726266407, -0.21922941831972032
-1.415042858290683, -0.18030853711686268
-1.383272033175373, -0.13912838018174672
-1.352409844500705, -0.09647632513066891
-1.325083796556721, -0.05187126222773902
-1.3, 4.663890115017507e-16
-1.275068861232616, 0.04530777872419249
-1.294507111164958, 0.09963648513448639
-1.331276302514291, 0.14311361576714127
-1.365924926147193, 0.1875538461863826
-1.396755643454931, 0.226462760447891
-1.427575947573089, 0.2653619377813316
-1.458388756466627, 0.3042270603573754
-1.4891472385085869, 0.34304888797271066
-1.5198567231207967, 0.38184704415824017
-1.5505070239229577, 0.42060639106817477
-1.5811556519968577, 0.45935407468174577
-1.5627636591291219, 0.5052166796183272
-1.5932758212545928, 0.5439459904452809
-1.6237125703491808, 0.5826153788396274
-1.6542411100321839, 0.6212006986037432
-1.6360853882548128, 0.6669036514610706
-1.6666170100788418, 0.7054617558284976
-1.6484669721813268, 0.7511618762505806
-1.6303125295994738, 0.7968609085091007
-1.6121746101227339, 0.8425750126353113
-1.5939976476546098, 0.8882857332060519
-1.6243953774495608, 0.9268313180137046
-1.6049907924632036, 0.9720817765919001
-1.5851330528217205, 1.0172975153290518
-1.5669904136450437, 1.0625045965474997
-1.5512908151674176, 1.1093851536719466
-1.5331860065540175, 1.1549512406425755
-1.5142806759269245, 1.2000688964965514
-1.4993387059434995, 1.2531333301774614
-1.5144176932427735, 1.3063456856411464
-1.4819022508391175, 1.3431179095514865
-1.4484941659090496, 1.3790810894677095
-1.576692855629302, -1.2304631806793398
-1.606415063464118, -1.1913986083068817
-1.635169626883073, -1.1516163820122878
-1.662939225234738, -1.1111404650968697
-1.642990232530535, -1.0603868659140887
-1.670406140061546, -1.0212206939993147
-1.699142893285693, -0.9894170658473566
-1.713735491266988, -0.9455526259126591
-1.7307615682818231, -0.8999310898600792
-1.6913182881099482, -0.8740028702202589
-1.7081406940588753, -0.8277856665208857
-1.7275986306707742, -0.7825891545040644
-1.7457336883349852, -0.7369145005194951
-1.7617494259109452, -0.6903421262742436
-1.7335608421173563, -0.6525261225288065
-1.7517347302678312, -0.6062648719815884
-1.7210843748206892, -0.5683501184756239
-1.6908200676636043, -0.5296152599148
-1.6605567674059463, -0.49083110319345735
-1.6790173877211059, -0.4449460747533203
-1.6483979268447448, -0.40627123884177746
-1.6177352077748557, -0.3675237148795777
-1.5870621067245028, -0.328715738186043
-1.556388000216721, -0.2898760288020507
-1.525720328618073, -0.2509742312132103
-1.494999702672999, -0.21201022851363702
-1.464162576520311, -0.1730463037756328
-1.432372386813668, -0.13396850374290992
-1.402605880785698, -0.0933494531465166
-1.375700978922926, -0.04855147740473199
-1.35, 4.843270504056642e-16
-1.325083796556721, 0.05187126222773966
-1.352409844500705, 0.09647632513066955
-1.383272033175373, 0.1391283801817474
-1.415042858290683, 0.1803085371168634
-1.445862726266407, 0.21922941831972104
-1.476666100659508, 0.25814119238069927
-1.507402150851457, 0.29702235521498377
-1.5380954424125448, 0.33587027743281545
-1.5687806854564728, 0.37469443759129933
-1.5994759586643528, 0.41347441649637634
-1.6300816207427928, 0.4521775981785498
-1.6116046261293138, 0.49808885295392913
-1.6420506417088339, 0.5367731292190666
-1.6724067251201478, 0.5754924991335439
-1.7030452731148469, 0.6139661343585037
-1.6847794269740188, 0.6597575088839317
-1.7152798826443678, 0.6983203083882783
-1.6971085224516549, 0.7440312115514949
-1.6789596856065518, 0.7897304639994508
-1.6608108080159198, 0.8354356381176828
-1.6425687100191537, 0.8811106293778759
-1.6726070337701628, 0.9194998606407796
-1.6559416314185726, 0.9663101389930694
-1.6280614410320036, 1.0115633038189706
-1.6043549483657265, 1.0523859876889468
-1.6016822578634726, 1.0995403595284647
-1.5816588031632806, 1.1494865907553757
-1.5596798329616686, 1.1918253310997307
-1.5388304607453596, 1.2315959561210514
-1.5460209070286595, 1.2687865679578585
-1.689707131144692, -1.0699952387551888
-1.715457220712734, -1.0282054871982258
-1.740173982968623, -0.9857963831335146
-1.763842529487906, -0.9427934721717719
-1.7864486032744522, -0.8992226575541566
-1.7635396326281563, -0.8579788665175595
-1.7449471571492552, -0.8181177421772889
-1.7642356600390243, -0.7730950325325993
-1.7850367805236533, -0.7289465041660177
-1.8109650460711093, -0.6824658404162987
-1.7795069687504592, -0.6441707834095807
-1.7989015125862062, -0.5974646078210554
-1.7706329664454001, -0.5608423222240851
-1.7396325597795013, -0.5224478890434804
-1.7095098021735293, -0.48359113902482176
-1.7280059641580738, -0.43774403432057224
-1.6973627068952497, -0.3990923872639
-1.6666859882254128, -0.3603517851551633
-1.6360215703124699, -0.3215565346357656
-1.605378193961792, -0.2827348787640728
-1.574695950369547, -0.2438902128528773
-1.543955010511662, -0.20497932559438137
-1.512466978477769, -0.16652104826119374
-1.481355706736923, -0.1280748025585729
-1.452767847314377, -0.08823641268801631
-1.425353433383547, -0.0454879597536487
-1.4, 5.022650893095776e-16
-1.375700978922926, 0.04855147740473265
-1.402605880785698, 0.09334945314651727
-1.432372386813668, 0.13396850374291064
-1.464162576520311, 0.17304630377563351
-1.494999702672999, 0.21201022851363774
-1.525720328618073, 0.25097423121321094
-1.556388000216721, 0.2898760288020514
-1.5870621067245028, 0.32871573818604377
-1.6177352077748557, 0.36752371487957847
-1.6483979268447448, 0.40627123884177824
-1.6790173877211059, 0.4449460747533211
-1.6605567674059458, 0.49083110319345813
-1.6908200676636038, 0.5296152599148006
-1.7210843748206888, 0.5683501184756248
-1.7517347302678308, 0.6062648719815893
-1.7335608421173558, 0.6525261225288074
-1.7617494259109447, 0.6903421262742445
-1.7457336883349848, 0.736914500519496
-1.7275986306707738, 0.7825891545040653
-1.7081406940588748, 0.8277856665208866
-1.6913182881099478, 0.8740028702202596
-1.7307615682818227, 0.8999310898600801
-1.7137354912669875, 0.94555262591266
-1.6991428932856925, 0.9894170658473574
-1.6704061400615455, 1.0212206939993156
-1.6429902325305346, 1.0603868659140896
-1.6629392252347375, 1.1111404650968706
-1.6351696268830727, 1.1516163820122887
-1.6064150634641177, 1.1913986083068826
-1.5766928556293016, 1.2304631806793407
-1.7248551399105951, -0.8591907170320674
-1.8079785871308691, -0.8551101849915395
-1.7848688434964373, -0.8130398910836043
-1.8031962761698501, -0.7692677476283014
-1.8263860521078552, -0.7248027001288613
-1.8490105069204632, -0.6872964747462742
-1.8523616892636552, -0.6487764114902573
-1.8538753727230892, -0.5977645053610166
-1.8203703530745623, -0.5533480134903662
-1.7891616994758612, -0.5150815458796797
-1.7584105664013523, -0.4764555166442793
-1.7769062943872238, -0.4305823660367467
-1.7462913159846019, -0.3918712067607599
-1.7156666188987357, -0.35311879154194126
-1.6849745330980739, -0.31438987038694205
-1.654329840225027, -0.27557550585248114
-1.623643648441526, -0.2367180657916936
-1.593006883881828, -0.1979408375207905
-1.562047742327355, -0.16001691586498898
-1.530124103446566, -0.12292161373287704
-1.500907669817843, -0.08370390425982574
-1.475000000000001, -0.04359109009904634
-1.45, 5.202031282134911e-16
-1.425353433383547, 0.045487959753649394
-1.452767847314377, 0.088236412688017
-1.481355706736923, 0.12807480255857362
-1.512466978477769, 0.16652104826119446
-1.543955010511662, 0.20497932559438214
-1.574695950369547, 0.24389021285287807
-1.605378193961792, 0.28273487876407355
-1.6360215703124699, 0.3215565346357664
-1.6666859882254128, 0.3603517851551641
-1.6973627068952497, 0.3990923872639008
-1.7280059641580738, 0.437744034320573
-1.7095098021735289, 0.48359113902482254
-1.7396325597795008, 0.5224478890434813
-1.7706329664453997, 0.560842322224086
-1.7989015125862058, 0.5974646078210563
-1.7795069687504588, 0.6441707834095816
-1.8109650460711089, 0.6824658404162995
-1.7850367805236529, 0.7289465041660186
-1.7642356600390239, 0.7730950325326001
-1.7449471571492547, 0.8181177421772898
-1.7635396326281558, 0.8579788665175604
-1.7864486032744518, 0.8992226575541575
-1.7638425294879057, 0.9427934721717728
-1.7401739829686225, 0.9857963831335155
-1.7154572207127337, 1.0282054871982267
-1.6897071311446916, 1.0699952387551896
-1.8167133472220511, -0.6330250176403862
-1.7248551399105947, 0.8591907170320683
-1.8284195122836873, -0.8104826260323432
-1.8477590659076781, -0.7653668625933477
-1.8659855984427152, -0.7197900710654329
-1.8830881310487313, -0.6737797048764502
-1.8990563617712553, -0.6273634790264127
-1.9138806719486832, -0.5805693529125169
-1.8772248490305643, -0.5444373455470704
-1.8397788577111462, -0.5074931588058972
-1.8074088000968143, -0.4692637411070643
-1.8261477166214717, -0.4232389998707698
-1.7953901169059578, -0.38455640201604546
-1.7647329237059197, -0.34583151637307735
-1.734024750808938, -0.3071491288546043
-1.703280842206235, -0.2683865241758062
-1.672609166033991, -0.22952934363430808
-1.641841856176973, -0.19063761612563185
-1.612456496121592, -0.1527607351834995
-1.580875938773581, -0.11693597332981821
-1.551929248871388, -0.08025003010758848
-1.525033915845612, -0.04278039884806066
-1.5, 5.381411671174046e-16
-1.475000000000001, 0.04359109009904705
-1.500907669817843, 0.08370390425982646
-1.530124103446566, 0.12292161373287776
-1.562047742327355, 0.16001691586498976
-1.593006883881828, 0.19794083752079128
-1.623643648441526, 0.23671806579169438
-1.654329840225027, 0.2755755058524819
-1.6849745330980739, 0.3143898703869428
-1.7156666188987357, 0.35311879154194203
-1.7462913159846019, 0.3918712067607607
-1.7769062943872238, 0.4305823660367475
-1.7584105664013518, 0.4764555166442801
-1.7891616994758608, 0.5150815458796806
-1.8203703530745619, 0.5533480134903671
-1.8538753727230888, 0.5977645053610174
-1.8523616892636547, 0.6487764114902582
-1.8167133472220507, 0.6330250176403871
-1.8490105069204628, 0.6872964747462751
-1.8263860521078548, 0.7248027001288622
-1.8031962761698497, 0.7692677476283023
-1.7848688434964368, 0.8130398910836052
-1.8079785871308687, 0.8551101849915403
-1.9275521319937412, -0.533425513494042
-1.8912626241194852, -0.4973187530437544
-1.8578343459949778, -0.46089391745695996
-1.8742998673352527, -0.41470166107193396
-1.8442659484441617, -0.3770969024551541
-1.8137163862411327, -0.3386296248089179
-1.78301341303504, -0.29994876839628226
-1.752319126090208, -0.2612371586543673
-1.721615415768595, -0.22236316409567147
-1.690880312602587, -0.18344090596647297
-1.660173515758221, -0.14448163607131986
-1.632613896752079, -0.1084200475035969
-1.604153462270685, -0.07418101540416612
-1.575047376331813, -0.04020811358870152
-1.55, 5.560792060213181e-16
-1.525033915845612, 0.042780398848061396
-1.551929248871388, 0.08025003010758923
-1.580875938773581, 0.11693597332981896
-1.612456496121592, 0.15276073518350028
-1.641841856176973, 0.19063761612563268
-1.672609166033991, 0.2295293436343089
-1.703280842206235, 0.268386524175807
-1.734024750808938, 0.3071491288546051
-1.7647329237059197, 0.34583151637307813
-1.7953901169059578, 0.38455640201604624
-1.8261477166214717, 0.4232389998707707
-1.8074088000968138, 0.4692637411070651
-1.8397788577111458, 0.5074931588058981
-1.8772248490305639, 0.5444373455470712
-1.9138806719486827, 0.5805693529125178
-1.8990563617712548, 0.6273634790264135
-1.8830881310487309, 0.6737797048764511
-1.8659855984427147, 0.7197900710654338
-1.8477590659076777, 0.7653668625933486
-1.8284195122836868, 0.8104826260323441
-1.9400625067070922, -0.4859603585369853
-1.9051230532793937, -0.451702224421572
-1.9191261706157208, -0.40419252233396546
-1.8891167372137847, -0.37042659224067187
-1.8625521986743319, -0.33150354534397897
-1.831969037211615, -0.2927937358815304
-1.801318254152427, -0.25405144580519656
-1.770629973889344, -0.21524160504089634
-1.739949481250468, -0.17634814674090957
-1.709250710305982, -0.1373372338098774
-1.680355808766392, -0.09900746682428734
-1.655127595563618, -0.06513943335730711
-1.625483433280748, -0.035536740090305795
-1.6, 5.740172449252317e-16
-1.575047376331813, 0.040208113588702285
-1.604153462270685, 0.07418101540416687
-1.632613896752079, 0.10842004750359768
-1.660173515758221, 0.1444816360713207
-1.690880312602587, 0.1834409059664738
-1.721615415768595, 0.2223631640956723
-1.752319126090208, 0.2612371586543681
-1.78301341303504, 0.29994876839628304
-1.8137163862411327, 0.3386296248089188
-1.8442659484441617, 0.377096902455155
-1.8742998673352527, 0.41470166107193485
-1.8578343459949778, 0.46089391745696084
-1.8912626241194848, 0.4973187530437553
-1.9275521319937408, 0.5334255134940429
-1.9514042603701418, -0.43820247900857145
-1.9615705610388787, -0.3901806428638087
-1.9289534975949967, -0.3583793973543492
-1.9008681197929178, -0.3326135246391716
-1.88826846745945, -0.2883204671027006
-1.850198399710129, -0.24693433357904837
-1.819599540244635, -0.20811832087116947
-1.788971872024586, -0.16927364070638126
-1.759366189386403, -0.13005416236622186
-1.73334631228473, -0.08446628922661889
-1.696831495518713, -0.05198191531327493
-1.668226589286781, -0.029988870108708703
-1.65, 5.919552838291451e-16
-1.625483433280748, 0.035536740090306586
-1.655127595563618, 0.06513943335730789
-1.680355808766392, 0.09900746682428814
-1.709250710305982, 0.13733723380987822
-1.739949481250468, 0.1763481467409104
-1.770629973889344, 0.21524160504089723
-1.801318254152427, 0.25405144580519734
-1.831969037211615, 0.2927937358815313
-1.8625521986743319, 0.33150354534397986
-1.8891167372137847, 0.37042659224067276
-1.9191261706157208, 0.40419252233396635
-1.9051230532793937, 0.4517022244215729
-1.9400625067070918, 0.4859603585369862
-1.9705552849592298, -0.3419237764754685
-1.9324841119494487, -0.31093932557300935
-1.93992705931324, -0.26420265219891625
-1.899961703778075, -0.23713906610812105
-1.867293627296949, -0.20004092410567073
-1.837947665295526, -0.16214906758298558
-1.807416137733773, -0.12400935585313579
-1.780893597146618, -0.09225907196800827
-1.776569846480768, -0.045974476478002305
-1.73480509929066, -0.03764029347432384
-1.7, 6.098933227330585e-16
-1.696831495518713, 0.05198191531327575
-1.73334631228473, 0.08446628922661972
-1.759366189386403, 0.13005416236622275
-1.788971872024586, 0.16927364070638215
-1.819599540244635, 0.20811832087117035
-1.850198399710129, 0.24693433357904926
-1.88826846745945, 0.2883204671027015
-1.9008681197929178, 0.3326135246391725
-1.9289534975949967, 0.3583793973543501
-1.9615705610388787, 0.3901806428638096
-1.9514042603701418, 0.43820247900857234
-1.668226589286781, 0.0299888701087095
-1.978353020057941, -0.29346094804526474
-1.984959069281583, -0.244821349716056
-1.946686137654028, -0.21696083777936154
-1.912482003698244, -0.18668005450213204
-1.885264390806146, -0.15455984204448703
-1.856638257864214, -0.11832672542766717
-1.827769499847418, -0.07679107591606253
-1.825867869265637, -0.03321336451665718
-1.8, 6.457694005408856e-16
-1.75, 6.278313616369721e-16
-1.776569846480768, 0.045974476478003165
-1.780893597146618, 0.09225907196800913
-1.807416137733773, 0.12400935585313665
-1.837947665295526, 0.16214906758298647
-1.867293627296949, 0.20004092410567167
-1.899961703778075, 0.237139066108122
-1.93992705931324, 0.26420265219891714
-1.9324841119494487, 0.31093932557301024
-1.9705552849592298, 0.3419237764754694
-1.73480509929066, 0.037640293474324675
-1.990369453394393, -0.19603428015147462
-1.953263734074862, -0.16883687731132185
-1.921862200463924, -0.14534510318732005
-1.904005333333834, -0.11251150993909537
-1.876816303509594, -0.08555817925492668
-1.874999999999999, -0.043301270189221544
-1.85, 6.637074394447991e-16
-1.825867869265637, 0.033213364516658066
-1.827769499847418, 0.07679107591606339
-1.856638257864214, 0.11832672542766806
-1.885264390806146, 0.15455984204448797
-1.912482003698244, 0.18668005450213299
-1.946686137654028, 0.21696083777936248
-1.984959069281583, 0.244821349716057
-1.978353020057941, 0.2934609480452656
-1.994580913381552, -0.14712912687165122
-1.95160644545222, -0.11758838505231428
-1.918232721701175, -0.07732185336542999
-1.928261180649688, -0.03755398591533518
-1.9, 6.816454783487124e-16
-1.874999999999999, 0.043301270189222446
-1.876816303509594, 0.08555817925492756
-1.904005333333834, 0.11251150993909628
-1.921862200463924, 0.145345103187321
-1.953263734074862, 0.1688368773113228
-1.990369453394393, 0.19603428015147562
-1.9975909124211, -0.09813534843591842
-1.959677407606051, -0.07007625196366446
-1.964221249789569, -0.03508607853653895
-1.95, 6.99583517252626e-16
-1.928261180649688, 0.03755398591533611
-1.918232721701175, 0.0773218533654309
-1.95160644545222, 0.1175883850523152
-1.994580913381552, 0.14712912687165222
-1.99939763739569, -0.04908245691215015
-2.0, 7.175215561565395e-16
-1.964221249789569, 0.035086078536539896
-1.959677407606051, 0.0700762519636654
-1.9975909124211, 0.09813534843591937
-1.99939763739569, 0.04908245691215112
