"f:0","f:1","f:2",":0",":1",":2"
-46.007728098471915, -7.822296833904465e-07, -14.848133609563789, 2.0, 0.0, 0
-35.87341773642687, 2.760119171465943e-07, -22.457604699103236, 1.9, 0.0, 0
-12.02224156564088, -0.40997270721224427, 23.846313780200237, 1.925357763896807, 0.07237533873083243, 0
7.711554586101779, 0.7287704459357692, 41.75555187224489, 1.997590912420535, 0.09813534844740679, 0
-12.02221742820092, 0.4099716508370466, 23.846353324739038, 1.925357763896807, -0.07237533873083338, 0
7.7116008892605965, -0.7287756857312034, 41.75559842673951, 1.997590912420535, -0.09813534844740776, 0
-20.353041182772646, 4.959919209429971e-07, -9.018539620404425, 1.8, 0.0, 0
-22.391435758751097, -1.0538021393433104, -2.237294341844852, 1.845393339872274, 0.08381034566569918, 0
-30.8305291094978, -2.2531815356158638, -10.156748090569133, 1.90155255976582, 0.1567023791156115, 0
-73.74683078327132, -6.09376883083333, -40.268989506874426, 1.990369453396863, 0.19603428012639, 0
-22.391432673126378, 1.053802189936695, -2.23728771161194, 1.845393339872274, -0.08381034566570007, 0
-30.83052800195533, 2.253181802530048, -10.156747080746918, 1.90155255976582, -0.15670237911561238, 0
-73.74686671834492, 6.093772975449272, -40.26903425111106, 1.990369453396863, -0.19603428012639093, 0
-20.74788560247538, -0.8303948596189864, -16.230216368526865, 1.749755040065526, 0.08571313445160944, 0
-16.95152224855854, 1.6767076862072494e-06, -20.023791593436986, 1.7, 0.0, 0
-20.74788448779841, 0.8303933649608337, -16.23021477586941, 1.749755040065526, -0.0857131344516103, 0
-23.068454728279946, 2.2651072643588472, -15.791674796102875, 1.798689198938693, -0.16730188206201305, 0
-27.099071541360257, 3.4479812845520503, -10.78088655660097, 1.840114950878146, -0.2330284659964029, 0
-38.97036333272883, 5.1486196129944535, -21.878569269170665, 1.918226487874774, -0.23859821036421908, 0
-17.309253716117833, 2.3854664752645798, 16.91928987320921, 1.978353020053923, -0.2934609480723485, 0
-23.068454438295156, -2.265106679218427, -15.791679765322218, 1.798689198938693, 0.1673018820620122, 0
-27.099071821600102, -3.44798091993464, -10.780886515132105, 1.840114950878146, 0.233028465996402, 0
-38.9703693083162, -5.14862037160605, -21.878580597743586, 1.918226487874774, 0.2385982103642182, 0
-17.309295925339356, -2.385473369562037, 16.91923957268487, 1.978353020053923, 0.2934609480723475, 0
-12.57458345049753, -0.8844208909093149, -23.264832492327844, 1.65252241537249, 0.08519729104383718, 0
-17.731663609894476, -1.422834517982006, -19.313608917123254, 1.702458372799583, 0.1618229999218012, 0
-20.86144795290214, -2.515021784900989, -15.633480414897845, 1.749933675951113, 0.2292204972010691, 0
-23.633565979072017, -4.027771304314951, -11.74844894991928, 1.794565286886676, 0.2882234301257431, 0
-14.780103213716835, -2.803708163147673, 20.142561571289182, 1.877722495851801, 0.3181243971097581, 0
14.468777308447539, 2.359053377337154, 48.930456475473534, 1.961570561026591, 0.3901806429255857, 0
-9.320666567348386, 3.3827055134771136e-06, -25.78127171730441, 1.6, 0.0, 0
-12.574583580207733, 0.8844160696913724, -23.26483208220266, 1.65252241537249, -0.08519729104383798, 0
-17.731664112431062, 1.4228386591085247, -19.313607839439697, 1.702458372799583, -0.161822999921802, 0
-20.861445678343042, 2.515019482133369, -15.633484259694647, 1.749933675951113, -0.22922049720106993, 0
-23.633569098134306, 4.027772219408064, -11.748451407222607, 1.794565286886676, -0.288223430125744, 0
-14.780109863250805, 2.8037085347992625, 20.142550690914454, 1.877722495851801, -0.318124397109759, 0
14.468706836440646, -2.3590428140989936, 48.93038970445485, 1.961570561026591, -0.3901806429255867, 0
-4.922176970741377, -0.0032783109474823578, -28.01859970997857, 1.551518084004158, 0.08250357530803529, 0
-9.617477017046381, -0.7878524768698418, -25.689524343484212, 1.60124122516329, 0.1605173285081555, 0
-14.147701214022945, -2.4975214589079626, -22.79916182477765, 1.654137279419231, 0.2324850186697961, 0
-18.61855293319122, -2.567614002391433, -17.671810176610716, 1.70661700735703, 0.2968206050300778, 0
-24.74213284295842, -5.037395703307454, -11.405321835519711, 1.783485007023844, 0.3722983300550853, 0
-19.954542912973185, -4.412022184028078, 9.966052453439708, 1.878135202151407, 0.4151469288695518, 0
-55.06392620946341, -12.112450992675784, -19.90092714709316, 1.940062506691485, 0.4859603585992935, 0
0.8446850565840955, 1.972869067914538e-06, -29.28370658890553, 1.5, 0.0, 0
-4.922177117903141, 0.003273405894972953, -28.018599484933542, 1.551518084004158, -0.08250357530803604, 0
-9.61747707519304, 0.7878588411707224, -25.689523711702506, 1.60124122516329, -0.16051732850815628, 0
-14.14770056440849, 2.497517347706015, -22.799162900006525, 1.654137279419231, -0.23248501866979687, 0
-18.618556183016317, 2.567617277353931, -17.671805773558727, 1.70661700735703, -0.2968206050300787, 0
-24.742129875388983, 5.037395227522313, -11.405328531867454, 1.783485007023844, -0.37229833005508617, 0
-19.95458627071961, 4.412031011241404, 9.965971595894091, 1.878135202151407, -0.4151469288695527, 0
-55.06395101512792, 12.112460839300788, -19.900960706595427, 1.9400625066914845, -0.4859603585992945, 0
-0.7248289725845378, -0.3389204910097625, -29.246176887358192, 1.504473060248056, 0.161651225816774, 0
-6.742988814886662, -0.4263439104694461, -27.405444089032844, 1.556675136222846, 0.2372582965547987, 0
-11.8334793224671, -2.433815907118367, -24.674395185275127, 1.608928642440309, 0.3077495414211167, 0
-17.161594588595474, -4.301990822803598, -19.57616375015955, 1.666623786722345, 0.3842632660637652, 0
-21.916505706727776, -5.582708377982069, -17.517248689310033, 1.724735252404382, 0.463252683221806, 0
-25.83126059453757, -6.421874710178131, -8.449198369328185, 1.806827967033843, 0.4577654886494197, 0
-49.671591063483056, -13.553984771548096, -39.11009490614529, 1.860049581218039, 0.5225440516929024, 0
-62.015865213139385, -20.719223401443276, -27.61786917192447, 1.913880671933879, 0.5805693529613201, 0
4.564912025005854, 0.17296778364759402, -30.38071620294805, 1.448894394361723, 0.08429536869947163, 0
9.110568081441961, 7.751829647269294e-08, -31.159087580932514, 1.4, 0.0, 0
4.564911002212432, -0.17296838869388548, -30.380717028505313, 1.448894394361723, -0.08429536869947232, 0
-0.7248272247603822, 0.33892537681309437, -29.246176941003725, 1.504473060248056, -0.1616512258167747, 0
-6.742990665989059, 0.4263371977604814, -27.405444337062512, 1.556675136222846, -0.2372582965547994, 0
-11.833477064419915, 2.433824628444356, -24.67439589948005, 1.608928642440309, -0.3077495414211175, 0
-17.161594372680664, 4.301985155341022, -19.576164809115895, 1.666623786722345, -0.3842632660637661, 0
-21.916505632650082, 5.582710808535587, -17.51723543465849, 1.7247352524043815, -0.4632526832218069, 0
-25.831251862640045, 6.421873542694307, -8.449163922430124, 1.806827967033843, -0.45776548864942057, 0
-49.67152433239294, 13.553968656693808, -39.109988962386375, 1.8600495812180387, -0.5225440516929033, 0
-62.01562406845529, 20.71913586727148, -27.617638790505133, 1.9138806719338786, -0.580569352961321, 0
7.668527073379281, 1.1835354445372142, -30.867206206070886, 1.408476576377102, 0.16364735077342, 0
13.776747680553346, 0.8572998312877136, -30.483812162872972, 1.350719424769666, 0.08433831125705356, 0
17.492924142421916, -1.179791768993818e-06, -30.470990248050366, 1.3, 0.0, 0
13.776748094651534, -0.8572963518835487, -30.48381213502116, 1.350719424769666, -0.08433831125705422, 0
7.668527830835368, -1.1835363527524567, -30.86720597982082, 1.408476576377102, -0.16364735077342066, 0
2.1889327667362775, -0.18319762118398458, -29.854351271950318, 1.460032945359217, -0.24168543505676388, 0
-3.593306491191308, 0.7911646374679148, -28.81400365393141, 1.511585444659045, -0.31507177135246767, 0
-9.832104365218134, 2.0301086434175044, -26.118206569698565, 1.568313771636059, -0.3941642381810172, 0
-16.334618845249572, 4.510895583150036, -21.74980656395325, 1.6260757318276555, -0.4732874737391062, 0
-20.713859461492156, 6.921058353488681, -16.11050951699411, 1.6818615073767607, -0.5495238337509647, 0
-25.88242564698646, 7.926283665196303, -12.001676818739165, 1.7727358735236196, -0.5363398923996675, 0
-22.486590427906616, 7.526647538839034, 6.0580395365824025, 1.8265142308777595, -0.6034595543756625, 0
12.8157996885736, -4.871203847869352, 49.483846052718725, 1.8830881310377146, -0.6737797049072393, 0
2.188933021078947, 0.1831982260424933, -29.854350706060696, 1.460032945359217, 0.2416854350567632, 0
-3.5933073043906627, -0.7911612652587565, -28.814002923775575, 1.511585444659045, 0.3150717713524669, 0
-9.832102839320214, -2.030114351868555, -26.11820540325543, 1.568313771636059, 0.3941642381810164, 0
-16.334617173246208, -4.51088567167258, -21.749809972339353, 1.626075731827656, 0.4732874737391054, 0
-20.713858920709434, -6.921063589337845, -16.11050749084682, 1.681861507376761, 0.5495238337509638, 0
-25.882432056688877, -7.9262851290330305, -12.001683180468316, 1.77273587352362, 0.5363398923996666, 0
-22.48665275623251, -7.526667949236383, 6.057909909280671, 1.82651423087776, 0.6034595543756616, 0
12.81582398466517, 4.871214228288791, 49.4838488946137, 1.883088131037715, 0.6737797049072384, 0
16.40344836084963, 2.022597158437182, -30.67010181227612, 1.305111184364716, 0.1804883631211966, 0
21.018977528348763, 1.5349052528690459, -30.377956246819625, 1.24352230867251, 0.08289052327482099, 0
24.14143125136982, 2.3576938643234186e-07, -29.26978009678276, 1.2, 0.0, 0
21.01897792844486, -1.5349028035533934, -30.377957562558567, 1.24352230867251, -0.0828905232748216, 0
16.403448661223976, -2.022599008501594, -30.670101490652485, 1.305111184364716, -0.1804883631211972, 0
9.429262438241722, -1.8458016334170158, -31.102967133346695, 1.378794151486905, -0.23844180762570877, 0
5.591864282082685, -1.4585444158402552, -30.750940731441556, 1.405392237940101, -0.32572371322883276, 0
-2.0992671780661243, 0.625740892362975, -29.494695037940456, 1.470159700416335, -0.404696450170632, 0
-8.285021062273398, 2.8510724608145788, -26.812789290809974, 1.5283632264543165, -0.4843729061305559, 0
-14.783020499944625, 5.308815723717041, -22.919664412239104, 1.5865568463720716, -0.5641479150865274, 0
-19.577399120419408, 7.460705018027262, -16.195459125679708, 1.6419626264830665, -0.6426181027478073, 0
-24.93576918735828, 8.895844753428403, -9.620330167544884, 1.7364267022309385, -0.6214937427072477, 0
-12.99282092214158, 4.8521583703218365, 23.833606024962606, 1.7913391667651255, -0.6943628389164418, 0
-24.99989876208465, 10.205304548594292, 7.013746831060038, 1.8477590658702416, -0.7653668626837269, 0
9.42926298565491, 1.8458054694453876, -31.10296547022359, 1.378794151486905, 0.2384418076257081, 0
5.591861959488407, 1.4585438633478036, -30.75094141930439, 1.405392237940101, 0.3257237132288321, 0
-2.0992641503367895, -0.6257401137400735, -29.4946931150562, 1.470159700416335, 0.4046964501706312, 0
-8.285026269812619, -2.8510689154856026, -26.812785296363312, 1.528363226454317, 0.4843729061305551, 0
-14.783018163889368, -5.308824005177722, -22.919657255482427, 1.586556846372072, 0.5641479150865265, 0
-19.577394747941675, -7.460692775225915, -16.19544320633616, 1.641962626483067, 0.6426181027478064, 0
-24.935764293730017, -8.895843676673497, -9.62033817729942, 1.736426702230939, 0.6214937427072468, 0
-12.99269187670691, -4.852106874408916, 23.833841983834244, 1.791339166765126, 0.6943628389164409, 0
-24.999556800559297, -10.205166915369366, 7.0141298263822325, 1.847759065870242, 0.765366862683726, 0
23.595642575937205, 3.3262420756500237, -29.480425478171906, 1.192128597840858, 0.1629792319821839, 0
19.896499035330514, 4.089488147921631, -30.596473316317624, 1.241447666034747, 0.2404205946489285, 0
13.759437581899784, 2.795139530839325, -30.71684360890184, 1.314957813393389, 0.2806641759483286, 0
12.05220023229452, 3.404473411208758, -31.422415273651954, 1.318583496802182, 0.3602500520608822, 0
6.49713896454223, 1.8941017571449252, -30.72158786853539, 1.371676398858966, 0.4203758574892204, 0
-0.9332229054614256, -0.12428608825407984, -29.840181526100753, 1.430342127109437, 0.4948637957333438, 0
-7.9070319451683035, -2.7467524048743384, -27.1282399723611, 1.488472548647581, 0.5744915403944619, 0
-14.517137779018809, -6.246611995195536, -22.676180619801606, 1.546110973989721, 0.6540051475348, 0
-19.37883232621757, -8.937269261520163, -18.488162920282278, 1.60160184408504, 0.7325823455244405, 0
-24.1937895249895, -10.227501696643516, -10.848361972280815, 1.695934885008395, 0.7136918965214646, 0
-37.383095248856755, -16.355919850683097, -22.654694483218726, 1.760806476966384, 0.7827974635710866, 0
-60.417619462474725, -29.983056535794674, -29.257715116135017, 1.807978587098114, 0.855110185060795, 0
25.358158393518362, 1.4495271724660828, -29.987535267725725, 1.138169535355098, 0.07974471943189435, 0
22.93813498182421, 3.9878799202060954e-07, -28.03007223664722, 1.1, 0.0, 0
25.3581606568757, -1.4495260797552063, -29.98753570274771, 1.138169535355098, -0.0797447194318949, 0
23.595643562997942, -3.326242506036889, -29.48042787717241, 1.192128597840858, -0.16297923198218445, 0
19.896500789141076, -4.0894832971553, -30.596472376655242, 1.241447666034747, -0.24042059464892906, 0
13.759437136217096, -2.795140146566047, -30.716844909859375, 1.314957813393389, -0.28066417594832926, 0
12.052200719827711, -3.4044714236988125, -31.422415987641283, 1.318583496802182, -0.36025005206088284, 0
6.497138907214999, -1.8940992342023066, -30.721589806422624, 1.371676398858966, -0.42037585748922107, 0
-0.9332186276741385, 0.1242847540105231, -29.84018338802552, 1.4303421271094365, -0.4948637957333446, 0
-7.907037692835598, 2.7467566496868248, -27.128244682532454, 1.4884725486475805, -0.5744915403944626, 0
-14.517135343955301, 6.24661792560358, -22.676195565951296, 1.5461109739897205, -0.6540051475348009, 0
-19.378842354426453, 8.937264268287324, -18.488185086559525, 1.6016018440850395, -0.7325823455244413, 0
-24.19380068623173, 10.227505078666729, -10.848400225171611, 1.6959348850083946, -0.7136918965214655, 0
-37.383032942202476, 16.35589194290869, -22.654521058916526, 1.7608064769663836, -0.7827974635710875, 0
-60.417182156563314, 29.9828420507107, -29.257151086351335, 1.8079785870981135, -0.8551101850607958, 0
28.438103419221846, 3.959846564809476, -33.35773297282953, 1.0720528450615, 0.1590240178884542, 0
24.252496648254088, 5.206750522058049, -30.429138251451718, 1.15281659098148, 0.2566608740185471, 0
19.4272826050672, 5.340881170627326, -30.237123762714656, 1.22893033404912, 0.3375615420306762, 0
13.460519528059653, 4.51053593734045, -31.0789015861664, 1.274352806264894, 0.4258792832046661, 0
7.038275235118469, 2.7241660045919747, -30.975213591335717, 1.33242407786863, 0.5053190063356232, 0
-0.4020137360766225, -0.46410076679261814, -29.951417770342033, 1.390462368480368, 0.584930718249441, 0
-6.900109151718989, -3.352978598728769, -27.29425522506459, 1.448502817926906, 0.664608999564474, 0
-13.948652255567755, -6.821493258611024, -22.54935694972602, 1.506778429152707, 0.7443886984906201, 0
-19.132107665531446, -10.251961216545304, -16.49689601969422, 1.56205144730995, 0.823041815699392, 0
-22.671534520608365, -10.954484279937024, -10.334523236500551, 1.659230004885436, 0.803276523890387, 0
-29.849743072245886, -15.372831238881586, -12.42561623064982, 1.714990330382596, 0.8741998269580425, 0
-8.361701937097392, -4.5540392481703025, 26.971140902048717, 1.763842529455995, 0.9427934722314721, 0
24.959746584212404, 1.398911579380996, -30.837558531971677, 1.061081421412945, 0.06735717557886059, 0
18.987037935958146, 1.4962553276071423e-08, -28.14882947465979, 1.0, 0.0, 0
24.959761401120556, -1.398909609415841, -30.837574936451666, 1.061081421412945, -0.06735717557886112, 0
28.438105752946853, -3.9598463127469516, -33.357735219245455, 1.0720528450615, -0.1590240178884547, 0
24.25249564726585, -5.206750743885927, -30.42913988900598, 1.15281659098148, -0.25666087401854765, 0
19.427282575951537, -5.340881112665074, -30.237123744260685, 1.22893033404912, -0.33756154203067684, 0
13.460519647892939, -4.510537248364233, -31.07890141466205, 1.274352806264894, -0.4258792832046668, 0
7.0382765374963645, -2.724164596617476, -30.975214521015186, 1.3324240778686296, -0.5053190063356239, 0
-0.4020152430090462, 0.464101883147295, -29.951420966670558, 1.3904623684803676, -0.5849307182494417, 0
-6.900099056991753, 3.352974408454267, -27.294263416156944, 1.4485028179269055, -0.6646089995644746, 0
-13.948657455053873, 6.821495827499576, -22.549367598128875, 1.5067784291527067, -0.7443886984906207, 0
-19.132103831846177, 10.251971563521666, -16.496932739879316, 1.5620514473099496, -0.8230418156993929, 0
-22.67156971821186, 10.954507805793828, -10.334586092038272, 1.6592300048854356, -0.8032765238903878, 0
-29.849863132766746, 15.372889527469553, -12.425806437771286, 1.7149903303825955, -0.8741998269580434, 0
-8.362450190818208, 4.554430865493093, 26.970238246587083, 1.7638425294559945, -0.942793472231473, 0
26.40726503176799, 6.646388655991048, -32.034548127473116, 1.051303538048058, 0.2633378282414612, 0
24.27812403910096, 7.539354423161614, -30.57431228967386, 1.117643317326696, 0.3502012884175723, 0
19.93954176271663, 7.328264900065598, -30.40658826497365, 1.178148416504888, 0.4320719818385376, 0
13.764497745039362, 5.80020135536734, -31.089143795042716, 1.234571908203628, 0.5154852189140624, 0
7.070352849971007, 3.216772736012516, -30.86199850307963, 1.292528702611174, 0.5953334383396661, 0
-0.769832673529483, -0.0767841527531202, -29.86638188382946, 1.350493084598508, 0.6750212816923143, 0
-7.714642519470467, -4.195677421470957, -26.7788256688101, 1.408699502692552, 0.7548166110252065, 0
-13.773906110695735, -7.945650688031274, -21.929738932523517, 1.466839941415621, 0.8346256566344636, 0
-18.559306486166182, -11.01150851703588, -14.832975103337969, 1.524866426372011, 0.9144828712749438, 0
-22.20945661504469, -12.3710007330708, -7.187154700048076, 1.619995045560255, 0.8933457950678957, 0
-12.220314605724043, -6.7456271572598965, 22.867235524488457, 1.673818225914184, 0.9609839431422547, 0
-0.008913199347118745, 0.3051564917872925, 35.905410883727704, 1.715457220699685, 1.028205487219997, 0
28.45231497286628, 5.650599275282584, -42.39792125025938, 0.9807852803005146, 0.1950903225325157, 0
27.299476938975385, 2.784522959179351, -39.81683875602657, 0.9951847266481262, 0.09801714057395434, 0
27.29950060425346, -2.784525503118862, -39.81687160249959, 0.9951847266481262, -0.09801714057395484, 0
28.452305501421122, -5.650596572721312, -42.39790873144956, 0.9807852803005146, -0.19509032253251615, 0
26.407271120122267, -6.646388852116976, -32.034554061469485, 1.051303538048058, -0.26333782824146174, 0
24.278124108567038, -7.539353477375705, -30.57430931459576, 1.117643317326696, -0.35020128841757286, 0
19.939541838944884, -7.328260818288355, -30.40658861084007, 1.178148416504888, -0.4320719818385382, 0
13.764496890680022, -5.800200624516384, -31.089145335198506, 1.2345719082036275, -0.5154852189140631, 0
7.070355929997996, -3.2167700582876746, -30.861997919375018, 1.2925287026111736, -0.5953334383396668, 0
-0.7698335250218252, 0.07678596941061014, -29.866383751570293, 1.3504930845985075, -0.675021281692315, 0
-7.714646484625919, 4.195686413482482, -26.778825550787868, 1.4086995026925515, -0.7548166110252071, 0
-13.773900688358859, 7.9456439422361145, -21.929744918790526, 1.4668399414156206, -0.8346256566344643, 0
-18.5593094390072, 11.011512761534767, -14.832961695888873, 1.5248664263720106, -0.9144828712749444, 0
-22.20946574393151, 12.371004047788881, -7.1872092889179395, 1.6199950455602545, -0.8933457950678966, 0
-12.220424066073933, 6.745675529995748, 22.867016844299247, 1.6738182259141836, -0.9609839431422555, 0
-0.008521667534069298, -0.30538754442725663, 35.905975424626085, 1.7154572206996845, -1.028205487219998, 0
27.350408094868893, 9.698290950538915, -33.93673829688455, 1.018214227070709, 0.3671809184897634, 0
23.57185261964657, 9.85579612836254, -30.50528613497897, 1.076169958945848, 0.4498620301503197, 0
19.322845965717455, 8.991575833151158, -30.18461037881441, 1.135396837753775, 0.5284669814751648, 0
13.12511200651873, 6.628994803466761, -31.079647279797147, 1.194766054099257, 0.6062678494800462, 0
6.367620952840786, 3.397662287535229, -30.81979183717497, 1.252370216269532, 0.685478871495286, 0
-0.807998887707905, -0.8930577131226941, -29.472908426863057, 1.3104884896424, 0.7652989106939977, 0
-7.799985990144838, -4.82743034963906, -26.164461866986, 1.36866635745067, 0.8451191547724257, 0
-14.358021491868238, -9.578304006904364, -20.63411487261723, 1.426839229713628, 0.9249360406674267, 0
-18.68859574521885, -12.566240667362647, -13.410955245883985, 1.487192823862205, 1.005226982012683, 0
-22.043566879629815, -13.745073338622358, -5.872971942976763, 1.586689679729873, 0.9876154922038805, 0
-25.62507645422614, -16.17478192066863, -5.0195227687572554, 1.641934549656702, 1.039743585172241, 0
-47.60521339931466, -31.656887553403468, -24.134547347741098, 1.662939225219945, 1.11114046511901, 0
21.763133736493163, 6.662518577845008, -34.18865433734647, 0.9569403354914541, 0.2902846780481245, 0
21.763150961429915, -6.662525481990674, -34.1886777845422, 0.9569403354914539, -0.29028467804812497, 0
27.35038776557961, -9.698283360761208, -33.93671654576545, 1.018214227070709, -0.367180918489764, 0
23.571851810724258, -9.855797662081269, -30.505288878291328, 1.076169958945848, -0.4498620301503203, 0
19.32284649256721, -8.991575779955859, -30.184607980158727, 1.1353968377537746, -0.5284669814751655, 0
13.125110838895349, -6.628993774193386, -31.079647489066133, 1.1947660540992566, -0.6062678494800469, 0
6.3676195964962155, -3.3976625289033047, -30.819790964301838, 1.2523702162695316, -0.6854788714952866, 0
-0.8079958334859078, 0.8930556754001278, -29.47290427616281, 1.3104884896423996, -0.7652989106939984, 0
-7.799979462167234, 4.827430311427131, -26.164454420267123, 1.3686663574506694, -0.8451191547724264, 0
-14.358021508923851, 9.578308243732353, -20.634086075988478, 1.4268392297136276, -0.9249360406674274, 0
-18.688562219723124, 12.566215580095303, -13.41091311563851, 1.4871928238622045, -1.0052269820126838, 0
-22.043545619557754, 13.745063912505632, -5.872913730324294, 1.5866896797298726, -0.9876154922038813, 0
-25.62496347640881, 16.17471843448133, -5.019337276407108, 1.6419345496567015, -1.0397435851722419, 0
-47.60528486103286, 31.65695642021601, -24.13476146420418, 1.6629392252199446, -1.1111404651190109, 0
25.515753247097102, 12.461602506743635, -33.39402362524127, 0.977025244635335, 0.4624837956033013, 0
22.532937747715724, 11.785695943164217, -30.55931269367207, 1.032500985541479, 0.5428645879892379, 0
18.143342571386356, 10.293757447542854, -30.041787155265855, 1.094742016863645, 0.6201028128384849, 0
11.867866320591636, 7.22098580339627, -31.020395314629415, 1.1545585286252, 0.6960122856690513, 0
5.156874342400428, 3.3073311477489953, -30.709383905342204, 1.212158793967686, 0.7757739905246708, 0
-2.929528805140999, -1.6172827069791766, -28.894576300243912, 1.275137678856547, 0.853729623457896, 0
-8.752625550654143, -6.481254540505227, -24.947261715521048, 1.328612181337067, 0.9354426664762644, 0
-14.534926376660396, -10.711960703658502, -19.56246292074577, 1.385866027086449, 1.019032446263259, 0
-19.75073401866805, -14.820727791542897, -9.019471542568692, 1.471021453848095, 1.100632851764079, 0
-25.618275151877977, -18.110027625648325, -11.48905873925496, 1.567515739406801, 1.091675680470393, 0
-15.829180162076124, -11.983811182057595, 14.207097984212279, 1.606415063464734, 1.191398608306051, 0
29.52599359343846, 12.158147065081081, -46.61773818365868, 0.9238795320890558, 0.3826834333844453, 0
29.525934491310828, -12.158120041749207, -46.61764956359027, 0.9238795320890556, -0.38268343338444577, 0
25.515764144111024, -12.461603408404136, -33.394035535759734, 0.9770252446353348, -0.46248379560330183, 0
22.532936639043847, -11.785693118572988, -30.55931107492477, 1.0325009855414786, -0.5428645879892383, 0
18.143341429062193, -10.293756193044647, -30.04178972190353, 1.0947420168636446, -0.6201028128384856, 0
11.867866671239637, -7.220982737353592, -31.0203932084851, 1.1545585286251996, -0.6960122856690519, 0
5.1568762748076455, -3.3073261363860844, -30.709379890600697, 1.2121587939676857, -0.7757739905246714, 0
-2.9295395270020235, 1.6172842194069865, -28.894568930355646, 1.2751376788565465, -0.8537296234578967, 0
-8.752617932163059, 6.481253859113891, -24.947244500762366, 1.3286121813370666, -0.9354426664762651, 0
-14.534924244007723, 10.71195669428821, -19.56240710719655, 1.3858660270864485, -1.0190324462632598, 0
-19.750693314609233, 14.820699772210544, -9.019333787432394, 1.4710214538480946, -1.10063285176408, 0
-25.618211340973478, 18.10998223555257, -11.488985292146609, 1.5675157394068004, -1.091675680470394, 0
-15.828849106663798, 11.983578130484245, 14.207391187823523, 1.6064150634647336, -1.191398608306052, 0
22.536147295949977, 13.468902748066467, -31.042941326810663, 0.92968117317807, 0.5564096079935327, 0
20.757997617641156, 13.523011469257696, -30.07445420912155, 0.9943733839053599, 0.6347771908059432, 0
16.334047482687698, 10.763191331923364, -30.3955409211631, 1.056856311256797, 0.7122279816114663, 0
10.324230324393225, 7.300970668710306, -30.529796879769293, 1.113689590842537, 0.7861793293564018, 0
3.06812770690692, 2.1578294813933443, -30.341290948029766, 1.17517897211649, 0.873307275310511, 0
-3.5373514791797933, -3.093879909392856, -28.377273477564994, 1.252431857278716, 0.9266897559055779, 0
-8.143032560536337, -6.516623608874616, -25.14395110258269, 1.266041994625445, 1.00850736290665, 0
-13.657045435621253, -11.366398099814296, -19.161005437681833, 1.318783576629157, 1.0857116179684, 0
-17.409382559534407, -14.414661308079024, -12.39357885029771, 1.389295997161389, 1.145426465030106, 0
-19.83612404141047, -16.709563086956305, -2.317704334437136, 1.456244620533568, 1.226298626173923, 0
-20.671566160987574, -16.803593670998335, 5.535096281813594, 1.546020907038911, 1.268786567945367, 0
-17.508559516275948, -13.419820183063653, 7.850188376268074, 1.528003154525358, 1.173614760301, 0
18.652830954585067, 10.079751568515395, -31.983847534173403, 0.8819212639518064, 0.4713967375678881, 0
18.6529057034703, -10.079793344702217, -31.983962345923644, 0.8819212639518061, -0.4713967375678885, 0
22.536159916102015, -13.468913878328763, -31.042956420347682, 0.9296811731780698, -0.5564096079935331, 0
20.75799682630242, -13.523011370010359, -30.0744555458462, 0.9943733839053597, -0.6347771908059436, 0
16.334046585167243, -10.763190706017445, -30.39553569871539, 1.0568563112567966, -0.7122279816114667, 0
10.324223335135773, -7.3009706593462855, -30.529798465938384, 1.1136895908425366, -0.7861793293564024, 0
3.0681292250473007, -2.1578285332145897, -30.341284039310757, 1.1751789721164896, -0.8733072753105117, 0
-3.537357869706243, 3.093888733300466, -28.37726467254774, 1.2524318572787156, -0.9266897559055786, 0
-8.143032962517793, 6.516623262117893, -25.143937291528808, 1.2660419946254446, -1.0085073629066506, 0
-13.657041595143825, 11.366395605690233, -19.16098269074951, 1.3187835766291565, -1.085711617968401, 0
-17.409361508966153, 14.414640675043842, -12.393547671920564, 1.3892959971613885, -1.145426465030107, 0
-19.836071545399903, 16.709515198445033, -2.3176040329238057, 1.4562446205335675, -1.226298626173924, 0
-20.671224801375924, 16.80330156667856, 5.535480029163126, 1.5460209070389106, -1.2687865679453678, 0
-17.50831412107427, 13.419630525014385, 7.85064828992749, 1.5280031545253576, -1.173614760301001, 0
22.83132584798182, 15.174657645462583, -39.970188376419316, 0.8314696119998113, 0.5555702334726755, 0
21.92155478472853, 16.27870093856383, -31.640135599068497, 0.8796881320043783, 0.6461747345790936, 0
19.023138335795448, 14.202377177505314, -29.88514728879097, 0.9625845532754309, 0.7277057816133238, 0
13.504304916261745, 10.925239146023136, -30.434037116088728, 1.028738626910284, 0.7989842926164216, 0
8.168755525490143, 5.952090219017284, -31.148448964582084, 1.09113838606884, 0.8638623024524786, 0
3.5744376730674223, 3.1200201624487804, -30.532094991741353, 1.096248656236486, 0.951696733857137, 0
-1.5938390875139614, -0.8915676784891424, -28.610207205019723, 1.188504705318709, 0.9559568441791029, 0
-3.6082386654738348, -3.549832411542278, -28.152416688030915, 1.157296276790854, 1.034940695012628, 0
-9.433442263197064, -8.267619588359794, -23.449083234351214, 1.227290960930341, 1.106297295520123, 0
-14.683319617256485, -13.557831203610498, -16.69051334071804, 1.298739571986705, 1.176443928556661, 0
-17.997561824161817, -16.380090290837355, -6.947704792166627, 1.364153519889213, 1.245626604323843, 0
-18.681729911677806, -17.318385426923275, 0.38070962796412444, 1.412610623933385, 1.310256438271357, 0
-17.036072655557867, -15.507832512450166, 10.635710262946764, 1.481902250840829, 1.343117909549599, 0
22.831287186958278, -15.17463028936531, -39.97012379938715, 0.8314696119998111, -0.555570233472676, 0
21.921540014556317, -16.27868959106392, -31.640118507690442, 0.8796881320043781, -0.646174734579094, 0
19.023135688675453, -14.202376397482354, -29.88514899696209, 0.9625845532754305, -0.7277057816133242, 0
13.504303358775665, -10.92523627491151, -30.43403566572164, 1.0287386269102836, -0.798984292616422, 0
8.168757504133108, -5.9520860177225225, -31.148443799916464, 1.0911383860688395, -0.8638623024524793, 0
3.57443164793489, -3.1200178592892334, -30.532094184247782, 1.0962486562364855, -0.9516967338571377, 0
-1.5938309411641827, 0.8915566290500323, -28.610197842461613, 1.1885047053187086, -0.9559568441791035, 0
-3.608246947334822, 3.5498381340485055, -28.152413812190563, 1.1572962767908535, -1.0349406950126285, 0
-9.433434481512739, 8.26760792279697, -23.449090341412578, 1.2272909609303406, -1.1062972955201233, 0
-14.683333012875282, 13.557844827135087, -16.69053754006855, 1.2987395719867045, -1.1764439285566615, 0
-17.997579640816284, 16.380104305709956, -6.94776043214189, 1.3641535198892125, -1.245626604323844, 0
-18.6819652364365, 17.318599687348918, 0.38018482782956864, 1.4126106239333847, -1.310256438271358, 0
-17.03626008380714, 15.50800938246191, 10.635561971512377, 1.4819022508408286, -1.3431179095496, 0
17.737420284862804, 14.474339222422568, -33.98297999775433, 0.773010453243687, 0.6343932843087082, 0
20.054419120211502, 17.22616574356209, -31.71642242932144, 0.8100549756775012, 0.7049443430595004, 0
18.719995435850517, 16.449715654162866, -29.84790964099684, 0.8744100419336953, 0.7519355547949728, 0
16.0037325974586, 13.730662343680264, -30.36693620396229, 0.9423659715343626, 0.824063997633514, 0
10.399844749599545, 9.314400131422662, -30.25264082419035, 1.011125800343335, 0.8909777622334019, 0
6.618462457435723, 6.618463625309739, -31.020519965170287, 0.9899494936603924, 0.9899494936603923, 0
0.4017507747052765, 0.4017527968177109, -29.252148259724024, 1.060660171778835, 1.060660171778834, 0
-6.152164140932114, -6.152167920969603, -26.041318394984177, 1.131370849897643, 1.131370849897643, 0
-12.218137292974607, -12.218136687166455, -19.76136570480149, 1.202081528016508, 1.202081528016508, 0
-15.78062839641703, -15.780629272027408, -12.282180471719048, 1.272792206135378, 1.272792206135378, 0
-19.556246600112352, -19.556246503004747, -5.9517103237033036, 1.343502884254265, 1.343502884254264, 0
-21.729516205424186, -21.729514511765913, 2.6261124885329243, 1.414213562373095, 1.414213562373095, 0
17.73742644286754, -14.47434556353913, -33.982989814078906, 0.7730104532436868, -0.6343932843087087, 0
20.05442233004247, -17.226171121439915, -31.716432886667118, 0.8100549756775007, -0.7049443430595008, 0
18.71999447403215, -16.449715754925847, -29.847907250260413, 0.8744100419336949, -0.7519355547949732, 0
16.003730361904633, -13.730658343668471, -30.36693403273918, 0.9423659715343622, -0.8240639976335145, 0
10.399842312883347, -9.314403844318123, -30.252633708086638, 1.0111258003433345, -0.8909777622334023, 0
6.618458553648534, -6.618461135329004, -31.020519906825868, 0.989949493660392, -0.9899494936603928, 0
0.4017590542104051, -0.401754711463159, -29.252142967599188, 1.0606601717788346, -1.0606601717788344, 0
-6.152169644188956, 6.1521680528135585, -26.041321669068886, 1.1313708498976425, -1.1313708498976434, 0
-12.218136390508436, 12.218133793367357, -19.761388969064914, 1.2020815280165076, -1.2020815280165085, 0
-15.78063608483629, 15.780639359263098, -12.282280277425619, 1.2727922061353776, -1.2727922061353785, 0
-19.556407289594674, 19.55640378437197, -5.952095765566795, 1.3435028842542645, -1.343502884254265, 0
-21.729926892756506, 21.729924852951275, 2.625656888326881, 1.414213562373094, -1.4142135623730958, 0
18.888993923084755, 18.888993638661642, -39.09658084359717, 0.7071067811865476, 0.7071067811865475, 0
19.92042513653782, 19.920425653864605, -33.060974076294784, 0.7778174593051199, 0.7778174593051198, 0
16.748695750291372, 16.74869543400186, -29.1877082724959, 0.8485281374235492, 0.848528137423549, 0
12.392337896929524, 12.392337921853285, -30.67260457346109, 0.9192388155419372, 0.9192388155419371, 0
9.314401455184052, 10.399843358450994, -30.25264039345095, 0.8909777622334021, 1.0111258003433348, 0
3.12002248440193, 3.574434000237084, -30.532094808341295, 0.9516967338571372, 1.096248656236486, 0
-3.5498331369731804, -3.6082397776703035, -28.152415635343647, 1.0349406950126285, 1.1572962767908537, 0
-8.267619587058016, -9.433440251189865, -23.44908345279199, 1.1062972955201231, 1.227290960930341, 0
-13.557830649078978, -14.683321718335074, -16.69051964536325, 1.1764439285566612, 1.2987395719867048, 0
-16.38009890099901, -17.997569409537032, -6.947739236194075, 1.2456266043238435, 1.3641535198892127, 0
-17.318467137642163, -18.681819566558755, 0.38050529342119466, 1.3102564382713575, 1.4126106239333849, 0
-15.507963563121924, -17.03621924428366, 10.635537752521106, 1.3431179095495993, 1.4819022508408288, 0
18.888987217801198, -18.888988712903537, -39.09656715252418, 0.7071067811865471, -0.7071067811865479, 0
19.92041938920611, -19.920417550093283, -33.06096293862137, 0.7778174593051195, -0.7778174593051203, 0
16.748692771670285, -16.74869447768272, -29.187706553818764, 0.8485281374235487, -0.8485281374235495, 0
12.392336128465864, -12.392333063770266, -30.672606015935166, 0.9192388155419368, -0.9192388155419375, 0
9.314402845267587, -10.399841917700433, -30.252635264840684, 0.8909777622334016, -1.0111258003433352, 0
3.120014488141087, -3.5744341745909907, -30.532094760943494, 0.9516967338571367, -1.0962486562364864, 0
-3.5498360360403, 3.60823771148897, -28.15241385545617, 1.034940695012628, -1.1572962767908541, 0
-8.267610635326761, 9.433441660154745, -23.449083659899177, 1.1062972955201227, -1.2272909609303415, 0
-13.557844315895842, 14.683326240627883, -16.69053392206867, 1.1764439285566608, -1.2987395719867052, 0
-16.3800928082733, 17.99756792156962, -6.947724500965917, 1.245626604323843, -1.3641535198892132, 0
-17.318555932408316, 18.68191921263794, 0.3802776964731925, 1.3102564382713566, -1.4126106239333858, 0
-15.507940472975987, 17.036175930244376, 10.63565205452615, 1.3431179095495984, -1.4819022508408297, 0
17.226168805927244, 20.054420321620704, -31.716427745683827, 0.7049443430595005, 0.8100549756775011, 0
16.449716537273623, 18.7199951221707, -29.847909299518694, 0.7519355547949729, 0.8744100419336952, 0
13.730662582520152, 16.00373300955695, -30.36693691876385, 0.8240639976335142, 0.9423659715343625, 0
10.925240245400811, 13.504304740069884, -30.434036252251023, 0.7989842926164217, 1.028738626910284, 0
5.9520867305194045, 8.168758289750018, -31.14844782268701, 0.8638623024524787, 1.09113838606884, 0
2.1578306626816746, 3.0681275028579313, -30.341288615905786, 0.8733072753105111, 1.1751789721164898, 0
-0.8915664523543608, -1.5938354837487014, -28.61020426509274, 0.9559568441791033, 1.1885047053187088, 0
-6.516620526956132, -8.143035303810187, -25.14394670013576, 1.0085073629066503, 1.2660419946254449, 0
-11.3663971241235, -13.657043990238018, -19.161004765305822, 1.0857116179684005, 1.3187835766291567, 0
-14.414659804157816, -17.409383595189254, -12.393581423270218, 1.1454264650301063, 1.3892959971613887, 0
-16.709554092008624, -19.83611491101914, -2.3176907431518132, 1.2262986261739233, 1.4562446205335677, 0
-16.80349279026213, -20.671446443274846, 5.535284274287224, 1.2687865679453676, 1.5460209070389108, 0
14.47434365528572, 17.737425418000473, -33.98299010126049, 0.6343932843087086, 0.7730104532436869, 0
17.226168317361097, -20.054425246384177, -31.7164272207707, 0.7049443430595, -0.8100549756775015, 0
16.449716549778653, -18.719992627455095, -29.847909687299325, 0.7519355547949724, -0.8744100419336956, 0
13.730656385089892, -16.003733950242278, -30.366931609607732, 0.8240639976335138, -0.942365971534363, 0
10.925235894760128, -13.504301541256241, -30.43403882984308, 0.7989842926164212, -1.0287386269102845, 0
5.952088798218416, -8.168760085089001, -31.148440826028544, 0.8638623024524783, -1.0911383860688404, 0
2.1578276430624683, -3.068128288359299, -30.341286101706483, 0.8733072753105104, -1.1751789721164903, 0
-0.8915599494878549, 1.593838831116152, -28.610200012927898, 0.9559568441791026, -1.1885047053187092, 0
-6.516627135965, 8.143030852280408, -25.143939425167968, 1.0085073629066499, -1.2660419946254453, 0
-11.366394105084039, 13.657038651875299, -19.160981643324014, 1.0857116179684, -1.3187835766291571, 0
-14.414636677541845, 17.409359659928032, -12.393511884462223, 1.1454264650301054, -1.3892959971613892, 0
-16.70950825302175, 19.836060863110227, -2.317587354470521, 1.2262986261739224, -1.4562446205335682, 0
-16.803308435825212, 20.67121955041395, 5.535428511528565, 1.2687865679453667, -1.5460209070389113, 0
14.474348911036884, -17.737428968693717, -33.982995381056305, 0.6343932843087081, -0.7730104532436873, 0
16.278705294552356, 21.921561645449273, -31.64014325023742, 0.6461747345790938, 0.8796881320043782, 0
14.20237661329849, 19.02313805178369, -29.885148998565825, 0.7277057816133241, 0.9625845532754308, 0
10.76319038721487, 16.334049004744617, -30.395540139894486, 0.7122279816114665, 1.0568563112567968, 0
7.300972275541723, 10.324226764861017, -30.52979831015424, 0.7861793293564019, 1.113689590842537, 0
3.307328887400351, 5.156875948151665, -30.70938195887067, 0.775773990524671, 1.2121587939676859, 0
-1.6172832740196539, -2.929530069418694, -28.89457257145795, 0.8537296234578964, 1.275137678856547, 0
-6.481253672472589, -8.752623829575542, -24.947255129275778, 0.9354426664762647, 1.3286121813370668, 0
-10.711959179110305, -14.534922412083267, -19.56244965076593, 1.0190324462632592, 1.385866027086449, 0
-14.82072532139804, -19.750730011887946, -9.019465474279999, 1.1006328517640793, 1.4710214538480948, 0
-13.419858091966313, -17.508606751737137, 7.850065721353457, 1.1736147603010003, 1.5280031545253578, 0
-11.983932502079604, -15.829347620408564, 14.206855287274289, 1.1913986083060513, 1.6064150634647338, 0
-3.0938841427803347, -3.5373553291107394, -28.377270025043828, 0.9266897559055782, 1.252431857278716, 0
15.174663560188533, 22.83133649478747, -39.970205184029375, 0.5555702334726758, 0.8314696119998112, 0
16.278694608045466, -21.92154877455596, -31.64012961319319, 0.6461747345790934, -0.8796881320043787, 0
14.202376015553765, -19.02313554272069, -29.88514674914938, 0.7277057816133237, -0.9625845532754312, 0
10.763190027372637, -16.334047447881126, -30.395534423958495, 0.712227981611466, -1.0568563112567972, 0
7.30096982622612, -10.324225036754816, -30.52979781063024, 0.7861793293564014, -1.1136895908425375, 0
3.3073270818877085, -5.156874704820792, -30.709381737847675, 0.7757739905246703, -1.2121587939676863, 0
-1.6172849336524528, 2.929533709561962, -28.894571772095915, 0.8537296234578957, -1.2751376788565474, 0
-6.481252579504095, 8.752623637889432, -24.947250347951755, 0.9354426664762641, -1.3286121813370673, 0
-10.711959012431475, 14.534922956520193, -19.56241881961406, 1.0190324462632583, -1.3858660270864493, 0
-14.820698284886804, 19.750691823922743, -9.019337580017357, 1.1006328517640784, -1.4710214538480952, 0
-13.419527111066243, 17.50818413176586, 7.850943909639752, 1.1736147603009994, -1.5280031545253583, 0
-11.983382971649762, 15.828584183986624, 14.207729816653728, 1.1913986083060504, -1.6064150634647343, 0
-3.0938831374471856, 3.537351203295927, -28.377266373066337, 0.9266897559055776, -1.2524318572787165, 0
15.174641918511464, -22.83130662429465, -39.97015334716163, 0.5555702334726753, -0.8314696119998114, 0
13.52301302779971, 20.75799747800339, -30.07445484233853, 0.6347771908059434, 0.9943733839053599, 0
10.293757809176347, 18.14334226727699, -30.04178830538804, 0.6201028128384851, 1.094742016863645, 0
7.22098446825291, 11.867867090358846, -31.020394990502215, 0.6960122856690514, 1.1545585286252, 0
3.397662697651358, 6.3676210641413435, -30.819790601222252, 0.6854788714952862, 1.252370216269532, 0
-0.893056561479836, -0.8080027011436863, -29.472906641396946, 0.7652989106939978, 1.3104884896423998, 0
-4.827429888513909, -7.799981777822384, -26.16445661149562, 0.8451191547724257, 1.3686663574506697, 0
-9.578303102079003, -14.358024559598084, -20.634097495615258, 0.9249360406674272, 1.4268392297136279, 0
-12.56623250763322, -18.68858562918119, -13.410934112248095, 1.0052269820126831, 1.487192823862205, 0
-18.109975829574754, -25.618209038151722, -11.488918847845044, 1.0916756804703933, 1.5675157394068007, 0
-31.656587614571784, -47.60474953547985, -24.133996510395193, 1.1111404651190102, 1.662939225219945, 0
13.468894927548973, 22.536135889154693, -31.04292707380551, 0.5564096079935329, 0.9296811731780699, 0
10.079732646742832, 18.652793160586338, -31.983792543900023, 0.47139673756788825, 0.8819212639518064, 0
13.523009764202152, -20.757995185431255, -30.07445282981702, 0.634777190805943, -0.9943733839053603, 0
10.293756315165988, -18.14333887026735, -30.04179058549121, 0.6201028128384847, -1.0947420168636455, 0
7.220982679107041, -11.867867425526107, -31.02039201102204, 0.6960122856690507, -1.1545585286252005, 0
3.3976638235913645, -6.367619512684009, -30.819790892618066, 0.6854788714952855, -1.2523702162695325, 0
-0.8930551082855769, 0.8079940841613592, -29.47290591395212, 0.7652989106939971, -1.3104884896424003, 0
-4.8274323619980635, 7.799982502800473, -26.1644598986832, 0.845119154772425, -1.3686663574506701, 0
-9.578306078893242, 14.35801698489753, -20.634110211391956, 0.9249360406674265, -1.4268392297136283, 0
-12.56622815477828, 18.688578174113285, -13.410942169275616, 1.0052269820126822, -1.4871928238622054, 0
-18.110053940805642, 25.618304738785735, -11.48918271783537, 1.0916756804703924, -1.5675157394068011, 0
-31.657394754516698, 47.60596063824273, -24.135507661073024, 1.1111404651190093, -1.6629392252199455, 0
13.468906079662442, -22.53615084670157, -31.04294252758617, 0.5564096079935325, -0.9296811731780701, 0
10.079770479340086, -18.652861923063394, -31.983893885180894, 0.4713967375678878, -0.8819212639518066, 0
11.785695668238773, 22.532940938708514, -30.55931606198793, 0.5428645879892382, 1.0325009855414788, 0
8.991575023931915, 19.322848140938902, -30.1846100320053, 0.528466981475165, 1.1353968377537749, 0
6.628995457960463, 13.12511147510579, -31.079648178890533, 0.6062678494800464, 1.194766054099257, 0
3.216771243693477, 7.070352461566242, -30.86199934157755, 0.5953334383396665, 1.292528702611174, 0
-0.07678617196496804, -0.7698292480033487, -29.86638056726115, 0.6750212816923145, 1.350493084598508, 0
-4.195680561218959, -7.714644607612841, -26.77882299957963, 0.7548166110252068, 1.408699502692552, 0
-7.945648848992412, -13.773903061527884, -21.929734469430475, 0.8346256566344639, 1.466839941415621, 0
-11.01150807198437, -18.559299508154233, -14.83294702881104, 0.914482871274944, 1.5248664263720109, 0
-13.745060673497132, -22.043544959125146, -5.872929811201026, 0.9876154922038807, 1.586689679729873, 0
-16.174738294526254, -25.625002773018466, -5.0194121607678, 1.0397435851722414, 1.641934549656702, 0
0.3049435241422513, -0.009265578747397755, 35.9048641396562, 1.0282054872199975, 1.715457220699685, 0
12.461607221618737, 25.515760766818246, -33.394034319290625, 0.46248379560330155, 0.9770252446353351, 0
12.158169825681373, 29.52605114225461, -46.61782512533112, 0.38268343338444555, 0.9238795320890558, 0
11.785691871515118, -22.532936500866757, -30.55930778581335, 0.5428645879892378, -1.0325009855414793, 0
8.991576059200748, -19.322845533099827, -30.184604924442013, 0.5284669814751646, -1.1353968377537753, 0
6.62899215762026, -13.125111970183438, -31.079646244176445, 0.6062678494800458, -1.1947660540992575, 0
3.216770911605278, -7.070355582389548, -30.861997200315123, 0.5953334383396658, -1.2925287026111745, 0
-0.07678877918669799, 0.7698346536189229, -29.866384046286257, 0.6750212816923138, -1.3504930845985084, 0
-4.195680102349237, 7.7146427628137175, -26.778827938719868, 0.7548166110252061, -1.4086995026925524, 0
-7.945648499404649, 13.773905245221657, -21.929747855469948, 0.8346256566344632, -1.4668399414156215, 0
-11.011513630348867, 18.559313542608287, -14.8330052659179, 0.9144828712749433, -1.5248664263720113, 0
-13.745090094063992, 22.04358981763209, -5.873028078989963, 0.98761549220388, -1.5866896797298735, 0
-16.17487218245001, 25.6252209789872, -5.019795235959232, 1.0397435851722405, -1.6419345496567024, 0
0.30546959113322064, 0.008397792279875606, 35.906225051231544, 1.0282054872199966, -1.7154572206996854, 0
12.461597154728771, -25.515747363756425, -33.394019807703614, 0.4624837956033011, -0.9770252446353354, 0
12.158125516923207, -29.525946432524485, -46.61766650966302, 0.3826834333844451, -0.923879532089056, 0
9.855798048173902, 23.57185365441956, -30.505288799799764, 0.44986203015032, 1.076169958945848, 0
9.698293555593864, 27.350427215015998, -33.936755130962496, 0.36718091848976364, 1.018214227070709, 0
6.662513906636743, 21.763116608956096, -34.188631465823164, 0.29028467804812474, 0.9569403354914541, 0
7.328264017312651, 19.939543373593718, -30.406590364815564, 0.4320719818385379, 1.178148416504888, 0
5.80019994054479, 13.76449795022043, -31.089144770090964, 0.5154852189140626, 1.2345719082036277, 0
2.7241645458758685, 7.038278312089478, -30.975211555325675, 0.5053190063356234, 1.3324240778686298, 0
-0.4640993668318779, -0.40201851635275243, -29.951419192763808, 0.5849307182494412, 1.3904623684803679, 0
-3.3529773215957484, -6.900105051417528, -27.294257083020224, 0.6646089995644744, 1.4485028179269057, 0
-6.8214948016028165, -13.948655294831015, -22.549356159412284, 0.7443886984906205, 1.5067784291527069, 0
-10.251960940049278, -19.132103788700636, -16.496904266804957, 0.8230418156993926, 1.5620514473099498, 0
-12.370997783506759, -22.209453818145295, -7.187153493409644, 0.893345795067896, 1.619995045560255, 0
-6.745620266896182, -12.220307119676812, 22.867243495830987, 0.9609839431422551, 1.673818225914184, 0
-4.553852918253266, -8.36137891679762, 26.971574944455117, 0.9427934722314726, 1.763842529455995, 0
9.85579620838939, -23.571849017493317, -30.505286886859523, 0.44986203015031945, -1.0761699589458484, 0
9.698289307274639, -27.350401246727348, -33.93672954533189, 0.3671809184897632, -1.018214227070709, 0
6.662527256253104, -21.76316103439293, -34.18869226620469, 0.2902846780481243, -0.9569403354914543, 0
7.328259971935395, -19.939541809828462, -30.40658924837345, 0.43207198183853734, -1.1781484165048886, 0
5.80020180796967, -13.764495696303667, -31.0891454369168, 0.515485218914062, -1.2345719082036282, 0
2.724164355402671, -7.038275232951554, -30.97521509024584, 0.5053190063356228, -1.3324240778686303, 0
-0.4640988142691022, 0.4020110744392094, -29.951418292171397, 0.5849307182494405, -1.3904623684803683, 0
-3.3529761117326466, 6.900105030975745, -27.29425940535958, 0.6646089995644737, -1.4485028179269062, 0
-6.821494530882375, 13.948651760737585, -22.54936693787442, 0.7443886984906198, -1.5067784291527073, 0
-10.251966130214226, 19.132107229489, -16.4969159650983, 0.8230418156993919, -1.5620514473099503, 0
-12.37100858776759, 22.20947155300174, -7.187198256404418, 0.8933457950678951, -1.6199950455602554, 0
-6.74564263397526, 12.220350316484113, 22.867184232483343, 0.9609839431422542, -1.6738182259141845, 0
-4.554349672459062, 8.362281472661486, 26.970413703482805, 0.9427934722314717, -1.7638425294559954, 0
7.539354179944923, 24.278125627763313, -30.574315244280974, 0.3502012884175725, 1.117643317326696, 0
5.34087902207888, 19.42728333105648, -30.23712291167353, 0.33756154203067634, 1.2289303340491198, 0
4.510537279831202, 13.46051843017928, -31.078902656796682, 0.4258792832046663, 1.274352806264894, 0
1.8941026930952611, 6.497133732519836, -30.7215906973754, 0.4203758574892207, 1.371676398858966, 0
-0.12428785631345306, -0.9332173054424494, -29.840180478788426, 0.49486379573334394, 1.4303421271094368, 0
-2.746757070777971, -7.90703522764302, -27.128240493105793, 0.5744915403944622, 1.4884725486475807, 0
-6.246610603788027, -14.517133706684044, -22.676189021448803, 0.6540051475348005, 1.546110973989721, 0
-8.93727279246483, -19.378837923348406, -18.488174675217405, 0.7325823455244407, 1.6016018440850397, 0
-10.954489778160688, -22.671540802595207, -10.33454087257238, 0.8032765238903874, 1.6592300048854358, 0
-15.372836013902718, -29.849749011603603, -12.425630974053746, 0.8741998269580431, 1.7149903303825957, 0
-29.983280563777125, -60.418048762204876, -29.258190198913233, 0.8551101850607954, 1.807978587098114, 0
6.6463857363308225, 26.40726275228604, -32.03454584005458, 0.26333782824146135, 1.051303538048058, 0
5.6506013642571835, 28.452329095128963, -42.397937718773164, 0.19509032253251601, 0.9807852803005145, 0
7.5393547020074365, -24.278124056532008, -30.574307762125212, 0.3502012884175719, -1.117643317326696, 0
5.340882771364374, -19.42728217979319, -30.237124907722727, 0.3375615420306758, -1.2289303340491198, 0
4.5105353150233665, -13.46052175638246, -31.07889948716086, 0.4258792832046656, -1.2743528062648943, 0
1.8941024019215278, -6.497140464260754, -30.721587925183048, 0.42037585748922, -1.3716763988589664, 0
-0.12428783168084709, 0.9332234976699028, -29.840183267269296, 0.49486379573334327, -1.4303421271094372, 0
-2.7467552502568333, 7.907032763978191, -27.128242391341214, 0.5744915403944615, -1.4884725486475812, 0
-6.246616048220769, 14.517138635137686, -22.67618495714006, 0.6540051475347999, -1.5461109739897214, 0
-8.937265253061735, 19.378835059746994, -18.48816802310771, 0.73258234552444, -1.6016018440850401, 0
-10.954495190833299, 22.671550400531565, -10.334548284129768, 0.8032765238903865, -1.6592300048854363, 0
-15.372861399156323, 29.84980792999383, -12.425714417914316, 0.8741998269580422, -1.7149903303825962, 0
-29.982798911110287, 60.41712076843314, -29.25712336078726, 0.8551101850607945, -1.8079785870981144, 0
6.64638490816504, -26.407254870710126, -32.03453797037437, 0.2633378282414608, -1.051303538048058, 0
5.650589805952377, -28.452262130526996, -42.39785169028855, 0.19509032253251551, -0.9807852803005147, 0
5.206749834088012, 24.252496341540592, -30.429137361437782, 0.2566608740185472, 1.1528165909814798, 0
3.9598428666049337, 28.438098029618118, -33.35772661851711, 0.15902401788845433, 1.0720528450615, 0
2.7845197536040174, 27.29944026944753, -39.81678396149006, 0.09801714057395472, 0.9951847266481263, 0
4.089486669440634, 19.896496945061187, -30.596475795925272, 0.24042059464892884, 1.2414476660347469, 0
2.795143296730445, 13.759436002496148, -30.716842252915626, 0.2806641759483288, 1.314957813393389, 0
1.4585431058705456, 5.591866456428311, -30.750937226873578, 0.3257237132288322, 1.405392237940101, 0
-0.625743007587479, -2.099269283333952, -29.494693407914742, 0.4046964501706314, 1.4701597004163347, 0
-2.8510647499235593, -8.285023669016207, -26.812785993613677, 0.4843729061305557, 1.528363226454317, 0
-5.308825625175569, -14.78302187296196, -22.919655994818875, 0.564147915086527, 1.5865568463720718, 0
-7.460694433316293, -19.577396375523552, -16.19545544887036, 0.6426181027478071, 1.641962626483067, 0
-10.227505832388783, -24.193800516872013, -10.8484001106206, 0.7136918965214651, 1.6959348850083948, 0
-16.35595868661483, -37.383181341910074, -22.654836661328048, 0.782797463571087, 1.7608064769663838, 0
-10.205080697064203, -24.999351556744806, 7.014425114954832, 0.7653668626837264, 1.847759065870242, 0
3.404469193581457, 12.052201430852866, -31.422414248483562, 0.36025005206088245, 1.318583496802182, 0
5.2067482955613364, -24.25250036408486, -30.429144813454773, 0.25666087401854665, -1.1528165909814798, 0
3.959850341027473, -28.438110820724653, -33.35774177295716, 0.15902401788845383, -1.0720528450615, 0
2.784531344769949, -27.299561017290962, -39.81696251495808, 0.09801714057395425, -0.9951847266481263, 0
4.089483073678114, -19.896504076061998, -30.596468611380207, 0.24042059464892823, -1.2414476660347469, 0
2.795139725771658, -13.759437066970424, -30.71684814802968, 0.28066417594832815, -1.314957813393389, 0
1.4585409364708535, -5.591861511653864, -30.750943583588736, 0.32572371322883154, -1.405392237940101, 0
-0.6257408467221619, 2.099260196552996, -29.494693541677506, 0.4046964501706307, -1.4701597004163351, 0
-2.8510696625292185, 8.285024911713986, -26.81278712599094, 0.48437290613055495, -1.5283632264543174, 0
-5.3088178082546875, 14.78301587060038, -22.919661931272266, 0.5641479150865263, -1.5865568463720723, 0
-7.460699449680634, 19.577396265281873, -16.195448754717074, 0.6426181027478062, -1.6419626264830673, 0
-10.227500156156552, 24.193789853638584, -10.84836260390462, 0.7136918965214643, -1.6959348850083953, 0
-16.355872209564463, 37.38298603910171, -22.654471678225626, 0.7827974635710861, -1.7608064769663843, 0
-10.205258376533973, 24.999780793057408, 7.013857488718263, 0.7653668626837256, -1.8477590658702425, 0
3.4044729937846703, -12.052201522922424, -31.422415947320086, 0.3602500520608818, -1.318583496802182, 0
3.3262428865018525, 23.5956400832394, -29.48041856737778, 0.16297923198218411, 1.192128597840858, 0
2.022594309651047, 16.403447701872647, -30.670099512759645, 0.18048836312119687, 1.305111184364716, 0
1.8458026553357598, 9.429256460383078, -31.10297014740904, 0.23844180762570844, 1.3787941514869049, 0
0.18319615047530619, 2.1889259488001738, -29.854351986222355, 0.24168543505676343, 1.460032945359217, 0
-0.7911588434129933, -3.593304619859959, -28.814001776000115, 0.31507177135246733, 1.511585444659045, 0
-2.030119540875642, -9.832106385949665, -26.118202475198125, 0.39416423818101687, 1.568313771636059, 0
-4.510885841856814, -16.334614177245477, -21.749808973410154, 0.47328747373910574, 1.626075731827656, 0
-6.9210639851369935, -20.71385749733328, -16.110500484864595, 0.5495238337509645, 1.6818615073767609, 0
-8.895843454490143, -24.935766364239175, -9.620333146665804, 0.6214937427072473, 1.736426702230939, 0
-4.852113057299323, -12.99271159459939, 23.833813847819197, 0.6943628389164411, 1.791339166765126, 0
4.871109927801237, 12.815563239728188, 49.48352200544997, 0.6737797049072387, 1.8830881310377148, 0
1.4495268763318852, 25.358154888237525, -29.987533053762274, 0.07974471943189454, 1.138169535355098, 0
1.3989118896522177, 24.959717742892774, -30.837524415578518, 0.0673571755788609, 1.061081421412945, 0
1.6932975088133992e-06, 18.987025811574004, -28.14881036299941, 2.220446049250313e-16, 1.0, 0
3.3262440808405214, -23.59564791336828, -29.48043757742437, 0.16297923198218356, -1.192128597840858, 0
2.022596266742797, -16.403449988945038, -30.670104892192903, 0.18048836312119626, -1.305111184364716, 0
1.8458053130087306, -9.429268508627757, -31.102962338438427, 0.23844180762570777, -1.3787941514869049, 0
0.18319700022714944, -2.188935887727496, -29.854350577130663, 0.2416854350567627, -1.460032945359217, 0
-0.7911620245279566, 3.5933100544278873, -28.814004119249052, 0.31507177135246656, -1.511585444659045, 0
-2.030110228828433, 9.832102647256038, -26.118206811333714, 0.3941642381810161, -1.5683137716360593, 0
-4.510895044471417, 16.334618857503173, -21.749805452573614, 0.47328747373910496, -1.6260757318276564, 0
-6.921059177090809, 20.71386062866792, -16.110512553484362, 0.5495238337509636, -1.6818615073767613, 0
-8.895844693975784, 24.935763661382207, -9.620338769379176, 0.6214937427072464, -1.7364267022309394, 0
-4.85214605615445, 12.99278331820439, 23.833665760315817, 0.6943628389164402, -1.7913391667651264, 0
4.871205375721692, -12.815787335657117, 49.483832699085625, 0.6737797049072378, -1.8830881310377152, 0
1.4495232798833404, -25.358171820225436, -29.987544216539728, 0.07974471943189398, -1.138169535355098, 0
1.398908476218568, -24.959827932701234, -30.83765051214441, 0.0673571755788604, -1.061081421412945, 0
-2.747706253939241e-07, -18.98708480356727, -28.14889809150802, -2.591808530679738e-16, -1.0, 0
1.5349045881622967, 21.01897356197785, -30.377956879035267, 0.08289052327482116, 1.24352230867251, 0
2.1829337935598095e-06, 24.141430806989472, -29.269778866499976, 2.220446049250313e-16, 1.2, 0
5.119244045095328e-07, 22.93812298501065, -28.030061171489372, 2.220446049250313e-16, 1.1, 0
-1.3989092141444721, 24.95982808604326, -30.837644325252775, -0.06735717557886052, 1.061081421412945, 0
-2.784539379718265, 27.299596144500917, -39.81699553536788, -0.09801714057395436, 0.9951847266481263, 0
0.8573028771318635, 13.77674351673578, -30.48381431875568, 0.08433831125705371, 1.3507194247696659, 0
1.1835357363138195, 7.668531240584618, -30.8672002066331, 0.16364735077342019, 1.408476576377102, 0
-0.3389154862456523, -0.7248233737470884, -29.24617436081714, 0.16165122581677438, 1.5044730602480558, 0
-0.4263501317463064, -6.742993270706417, -27.40544217328848, 0.23725829655479913, 1.5566751362228457, 0
-2.433809788958303, -11.833476326893972, -24.674395659064356, 0.3077495414211171, 1.6089286424403089, 0
-4.301993324988438, -17.16159565789477, -19.57616210809498, 0.3842632660637655, 1.666623786722345, 0
-5.582705452418497, -21.916507584749162, -17.5172385181294, 0.46325268322180624, 1.7247352524043817, 0
-7.926283368934275, -25.882418549603084, -12.001659640635241, 0.536339892399667, 1.77273587352362, 0
-7.526663811629053, -22.486639322925978, 6.057931820181344, 0.6034595543756618, 1.82651423087776, 0
-20.71906527119337, -62.01542216987734, -27.617397651408524, 0.5805693529613203, 1.913880671933879, 0
1.534901998642727, -21.018983906407218, -30.377959944168722, 0.08289052327482055, -1.24352230867251, 0
-2.306225358257213e-07, -24.14143224272212, -29.269785983176845, -3.554259446665748e-16, -1.2, 0
-1.7884516798582496e-06, -22.938165813626167, -28.030101885976272, -3.073033988672743e-16, -1.1, 0
-1.3989194801202223, -24.95973201336379, -30.837538382826033, -0.06735717557886102, -1.061081421412945, 0
-2.784515951859267, -27.29940270838247, -39.81673854609185, -0.09801714057395483, -0.9951847266481263, 0
0.8572967489296291, -13.776750741576077, -30.483810553645938, 0.08433831125705307, -1.3507194247696659, 0
1.1835364465161387, -7.668523870965405, -30.8672102415698, 0.16364735077341952, -1.408476576377102, 0
-0.33892758716930094, 0.7248304510771832, -29.24617740079487, 0.16165122581677366, -1.5044730602480558, 0
-0.4263372130688907, 6.742984957750187, -27.40544561679719, 0.2372582965547984, -1.5566751362228457, 0
-2.433827315415781, 11.833477224320347, -24.674396808381847, 0.3077495414211163, -1.6089286424403089, 0
-4.301982782508557, 17.161593531672946, -19.576166848950802, 0.3842632660637647, -1.6666237867223455, 0
-5.582711740550326, 21.916501937102925, -17.51723784922297, 0.46325268322180546, -1.7247352524043822, 0
-7.926282036769507, 25.882430293223518, -12.001679463238878, 0.5363398923996661, -1.7727358735236205, 0
-7.526665862520089, 22.486646130465783, 6.057927851867385, 0.6034595543756609, -1.8265142308777604, 0
-20.71920949803675, 62.01582947301874, -27.617844865844386, 0.5805693529613194, -1.9138806719338795, 0
-3.941532105927236e-06, 17.492924288586917, -30.47098382146498, 2.220446049250313e-16, 1.3, 0
-3.6470181463054286e-07, 9.110569785785163, -31.15908317007737, 2.220446049250313e-16, 1.4, 0
0.17296495245156368, 4.564902702457612, -30.38071976757472, 0.08429536869947185, 1.4488943943617227, 0
-0.00328758280196346, -4.922184655395385, -28.018599401402685, 0.08250357530803565, 1.551518084004158, 0
-0.7878437039889784, -9.617478661033974, -25.689523029654893, 0.16051732850815603, 1.6012412251632901, 0
-2.497528988441872, -14.147700696609887, -22.799160960935584, 0.23248501866979665, 1.6541372794192313, 0
-2.5676131504827784, -18.618558337049507, -17.671806088205727, 0.2968206050300781, 1.7066170073570297, 0
-5.037396954051812, -24.74212726222571, -11.405332505728378, 0.3722983300550857, 1.783485007023844, 0
-6.421873672323211, -25.831253048093124, -8.449166904379771, 0.45776548864942024, 1.806827967033843, 0
-13.553958997885644, -49.67148406270559, -39.10991783499105, 0.5225440516929027, 1.860049581218039, 0
-12.112482475820268, -55.064039408536615, -19.901057711554536, 0.48596035859929376, 1.940062506691485, 0
-1.5348989616836621, 21.018972424793144, -30.377961524855095, -0.08289052327482072, 1.24352230867251, 0
-1.449527076311314, 25.358165949512724, -29.987539006130675, -0.07974471943189414, 1.138169535355098, 0
-3.9598402554962706, 28.438065768751535, -33.35769229073041, -0.15902401788845394, 1.0720528450615, 0
-5.650558870216445, 28.45214499786153, -42.397679332045854, -0.19509032253251565, 0.9807852803005146, 0
-1.5377364837183608e-06, -17.492924010411777, -30.470995974424408, -4.035484904658753e-16, -1.3, 0
-1.8431321720425598e-06, -9.110565720181818, -31.15908973968237, -4.516710362651758e-16, -1.4, 0
0.17296614738091384, -4.56491588305278, -30.38071401458572, 0.08429536869947116, -1.4488943943617227, 0
-0.003269111823838954, 4.922172647643173, -28.018597122079598, 0.0825035753080349, -1.551518084004158, 0
-0.7878630080319998, 9.617478777258992, -25.68952173031825, 0.16051732850815525, -1.6012412251632901, 0
-2.497512327555703, 14.147703627434746, -22.79916202577599, 0.23248501866979587, -1.6541372794192313, 0
-2.567618903766366, 18.61855299792785, -17.671814501613795, 0.29682060503007734, -1.7066170073570297, 0
-5.037394999949582, 24.742132638342042, -11.405316347026197, 0.37229833005508484, -1.783485007023844, 0
-6.421875099882206, 25.831252473205527, -8.449181597616516, 0.45776548864941935, -1.8068279670338434, 0
-13.553974686346987, 49.67155746744137, -39.110040276329336, 0.5225440516929019, -1.8600495812180395, 0
-12.112437484238304, 55.06383727321861, -19.90085946886942, 0.4859603585992929, -1.9400625066914854, 0
-1.5349062526916746, -21.018978760556543, -30.377952262568385, -0.08289052327482133, -1.24352230867251, 0
-1.4495363535148058, -25.35815854966696, -29.987539993460413, -0.07974471943189469, -1.138169535355098, 0
-3.959842790728069, -28.438065294514654, -33.357698763669845, -0.15902401788845444, -1.0720528450615, 0
-5.650588294648506, -28.452274116047693, -42.397863357228715, -0.19509032253251615, -0.9807852803005146, 0
-0.8572891834539091, 13.776745832825833, -30.48381265488006, -0.08433831125705323, 1.3507194247696659, 0
-0.1729730185965853, 4.564897928838414, -30.38072349301421, -0.08429536869947134, 1.4488943943617227, 0
1.0416775309360239e-05, 0.8446953168807035, -29.283702751114607, 4.440892098500626e-16, 1.5, 0
1.2198203298772838e-05, -9.320668565721343, -25.781273079475266, 4.440892098500626e-16, 1.6, 0
-0.8844280051491061, -12.57458138498306, -23.264833691489173, 0.08519729104383766, 1.65252241537249, 0
-1.4228312756539667, -17.731667355035164, -19.313604078159095, 0.1618229999218017, 1.7024583727995832, 0
-2.5150233821484425, -20.861441949934342, -15.633481099217308, 0.22922049720106963, 1.749933675951113, 0
-4.027768633806908, -23.633569264127715, -11.748443881565699, 0.2882234301257436, 1.794565286886676, 0
-2.803710267616608, -14.780118257054175, 20.142533225188163, 0.3181243971097587, 1.8777224958518008, 0
-4.412040842117522, -19.954632024490508, 9.965888795317676, 0.4151469288695524, 1.878135202151407, 0
2.359035769775974, 14.468672057686655, 48.93036557410852, 0.3901806429255861, 1.961570561026591, 0
-3.3262395292261924, 23.595643088942186, -29.480420521449915, -0.1629792319821837, 1.192128597840858, 0
-2.0226022758357547, 16.403447103506082, -30.670098827774254, -0.1804883631211964, 1.305111184364716, 0
-6.646379784780938, 26.407284465463324, -32.03456981394674, -0.26333782824146096, 1.051303538048058, 0
-5.206754041979585, 24.252492460828357, -30.429144241243023, -0.2566608740185468, 1.1528165909814798, 0
-6.66258298950538, 21.76332027665443, -34.18891365016025, -0.2902846780481244, 0.9569403354914542, 0
-0.8573001529593697, -13.776750074824715, -30.483808465174032, -0.08433831125705386, -1.3507194247696659, 0
-0.1729726773566401, -4.564916783654712, -30.380711178945443, -0.08429536869947203, -1.4488943943617227, 0
-2.913850949169604e-06, -0.8446771497844197, -29.283707061358918, -2.77748977139445e-16, -1.5, 0
-1.3491659309983543e-05, 9.320666290221538, -25.781266981316012, -3.2587152293874553e-16, -1.6, 0
-0.8844120908853046, 12.574586679621998, -23.264827046738347, 0.08519729104383686, -1.65252241537249, 0
-1.422841358813565, 17.731656825307514, -19.313615096303977, 0.16182299992180088, -1.7024583727995832, 0
-2.5150194790803044, 20.86145122462557, -15.633492369471123, 0.2292204972010688, -1.749933675951113, 0
-4.027774169670499, 23.633570935864196, -11.748473592766436, 0.2882234301257427, -1.794565286886676, 0
-2.8037113668412217, 14.78014310993633, 20.142491768067845, 0.3181243971097578, -1.8777224958518008, 0
-4.412012528311116, 19.954497372542505, 9.96613399603919, 0.4151469288695515, -1.8781352021514075, 0
2.3590695742509338, -14.468816717767707, 48.930499395598424, 0.3901806429255851, -1.9615705610265914, 0
-3.3262411358147164, -23.59564581065259, -29.48042178915821, -0.16297923198218425, -1.192128597840858, 0
-2.0226007584185473, -16.403441881363978, -30.670108442888637, -0.180488363121197, -1.305111184364716, 0
-6.64640624025559, -26.40732097659755, -32.03461000660456, -0.2633378282414615, -1.051303538048058, 0
-5.206755896197517, -24.252494433597803, -30.4291376159509, -0.25666087401854737, -1.1528165909814798, 0
-6.662569578643115, -21.763282943769227, -34.18886057446271, -0.29028467804812486, -0.9569403354914542, 0
-1.183536395074526, 7.668533219334746, -30.867199916119638, -0.1636473507734197, 1.408476576377102, 0
-1.8457907326684841, 9.429254287641752, -31.10297513239085, -0.23844180762570794, 1.3787941514869049, 0
-2.795144023167798, 13.759433706317129, -30.7168465800331, -0.2806641759483284, 1.314957813393389, 0
-4.089469916085732, 19.896499051750734, -30.59647244052492, -0.2404205946489284, 1.2414476660347469, 0
-5.340875497017287, 19.427283633525985, -30.23711913586409, -0.3375615420306759, 1.22893033404912, 0
-7.539347857404471, 24.278121418181502, -30.574298397510564, -0.3502012884175721, 1.1176433173266962, 0
-9.69828143884951, 27.35038760786214, -33.93670776857783, -0.36718091848976325, 1.0182142270707093, 0
-12.15804185770057, 29.52576320317379, -46.6173939597011, -0.3826834333844452, 0.9238795320890559, 0
0.0032667024748405933, -4.92218625824617, -28.01859960560468, -0.0825035753080351, 1.551518084004158, 0
0.33893536485136694, -0.7248145632251314, -29.246174646388273, -0.16165122581677385, 1.5044730602480558, 0
9.245805185921036e-06, -16.951525937176374, -20.023792286454714, 4.440892098500626e-16, 1.7, 0
-0.830398132912329, -20.74788680664769, -16.230215313582082, 0.08571313445160977, 1.749755040065526, 0
-2.265105145577751, -23.06845445087059, -15.791663260844853, 0.16730188206201269, 1.798689198938693, 0
-3.4479811125937236, -27.09906474687834, -10.780869858605886, 0.2330284659964026, 1.8401149508781456, 0
-5.1486124602412096, -38.970319706727494, -21.878509011237295, 0.2385982103642188, 1.9182264878747737, 0
-2.3854680807034563, -17.309266867390825, 16.91926491940215, 0.293460948072348, 1.978353020053923, 0
0.884405409977375, -12.57458100300217, -23.264834695969522, -0.08519729104383707, 1.65252241537249, 0
-1.1835341972099664, -7.6685189470516395, -30.86720985442263, -0.16364735077342035, -1.408476576377102, 0
-1.845811979185602, -9.429274279850704, -31.102950413934, -0.2384418076257086, -1.3787941514869049, 0
-2.7951408028350158, -13.759432619906297, -30.716844130953387, -0.28066417594832904, -1.314957813393389, 0
-4.089485429027198, -19.896499045300324, -30.59646640123606, -0.240420594648929, -1.2414476660347469, 0
-5.340886986341901, -19.4272758366298, -30.2371283432922, -0.33756154203067645, -1.22893033404912, 0
-7.539342506152175, -24.278119921991344, -30.5742989587225, -0.35020128841757264, -1.1176433173266962, 0
-9.698290745040014, -27.350380651151582, -33.9366981520103, -0.3671809184897637, -1.0182142270707093, 0
-12.158060926541099, -29.5258026698884, -46.61744037839148, -0.38268343338444566, -0.9238795320890557, 0
0.003285179844224702, 4.922174053037439, -28.018597447143197, -0.08250357530803584, -1.551518084004158, 0
0.33891528910843166, 0.7248343287102168, -29.246174900258385, -0.16165122581677457, -1.5044730602480558, 0
-2.0628647743348153e-06, 16.95151809899262, -20.023784107456787, -3.7399406873804604e-16, -1.7, 0
-0.8303934038124492, 20.747878685140645, -16.230190343255448, 0.08571313445160894, -1.749755040065526, 0
-2.2651054646295523, 23.068456515241913, -15.791676482395037, 0.1673018820620118, -1.798689198938693, 0
-3.4479827812110337, 27.099086886449545, -10.780930940453933, 0.2330284659964017, -1.8401149508781456, 0
-5.148633954061343, 38.97047275616307, -21.878740341392238, 0.23859821036421786, -1.9182264878747737, 0
-2.3855158859363215, 17.309513800960403, 16.919033460991773, 0.293460948072347, -1.978353020053923, 0
0.8844253120156953, 12.574585004903215, -23.264828727353414, -0.08519729104383787, -1.65252241537249, 0
-0.18319546176684495, 2.1889213837240735, -29.854355820898295, -0.2416854350567629, 1.460032945359217, 0
-1.4585452473909242, 5.591877402493648, -30.750933346150706, -0.3257237132288317, 1.4053922379401012, 0
-3.404462005689395, 12.052199633818342, -31.422420044801292, -0.36025005206088195, 1.3185834968021821, 0
-4.51054291823352, 13.460519809480841, -31.07889844700886, -0.42587928320466584, 1.2743528062648941, 0
-7.328250194017669, 19.939539982997523, -30.40659821935602, -0.43207198183853746, 1.1781484165048883, 0
-9.855801153621051, 23.571849114458924, -30.505298469038983, -0.4498620301503196, 1.0761699589458482, 0
-12.461590329552958, 25.515764121582162, -33.39403892559872, -0.4624837956033012, 0.9770252446353352, 0
-10.079883795667882, 18.65306638616796, -31.98420616521557, -0.4713967375678879, 0.8819212639518066, 0
0.7878712379584013, -9.617480313646944, -25.689522467735177, -0.16051732850815545, 1.6012412251632901, 0
0.4263207831221364, -6.743000670969355, -27.40544443902581, -0.23725829655479858, 1.5566751362228457, 0
1.8986667719789304e-06, -20.353049368935213, -9.0185494099466, 4.440892098500626e-16, 1.7999999999999998, 0
-1.053802921778351, -22.391435536406963, -2.237305846159509, 0.08381034566569956, 1.8453933398722742, 0
-2.25317906565448, -30.830504776172816, -10.156692734376858, 0.1567023791156119, 1.9015525597658203, 0
-6.093767934916113, -73.74671572239218, -40.26889443287504, 0.19603428012639057, 1.990369453396863, 0
0.8303884949783721, -20.747887433644195, -16.23022425299844, -0.08571313445160915, 1.749755040065526, 0
1.4228496515839821, -17.731670992072235, -19.31360258694136, -0.1618229999218011, 1.7024583727995832, 0
-0.18319982943499313, -2.1889307187170366, -29.854347768440896, -0.24168543505676363, -1.460032945359217, 0
-1.458539636294275, -5.591847568258332, -30.750946195730474, -0.32572371322883237, -1.4053922379401012, 0
-3.4044709364737606, -12.05220304845449, -31.422406503581083, -0.3602500520608826, -1.3185834968021821, 0
-4.510531213414953, -13.460519157268585, -31.07889550122696, -0.4258792832046665, -1.2743528062648941, 0
-7.328266704525035, -19.93953460882332, -30.40658489801876, -0.432071981838538, -1.1781484165048883, 0
-9.855800603374938, -23.571840698274766, -30.50528467001516, -0.44986203015032017, -1.0761699589458482, 0
-12.461581045372615, -25.515727751499057, -33.39400532371656, -0.46248379560330166, -0.977025244635335, 0
-10.079822249496752, -18.65294899293124, -31.98401388429791, -0.47139673756788836, -0.8819212639518064, 0
0.7878421450231422, 9.617480273827493, -25.68952253112855, -0.16051732850815623, -1.6012412251632901, 0
0.4263549337818278, 6.742982595947058, -27.40544167550233, -0.2372582965547993, -1.5566751362228457, 0
-2.3167771055459363e-06, 20.353035977683046, -9.018527583969462, -4.2211661453734645e-16, -1.7999999999999998, 0
-1.0538016747730636, 22.391426437937422, -2.2372742904381244, 0.08381034566569867, -1.8453933398722742, 0
-2.25318277339265, 30.83051644870189, -10.156730146097194, 0.15670237911561102, -1.9015525597658203, 0
-6.093763904920127, 73.74688222118174, -40.26901932277292, 0.19603428012638963, -1.990369453396863, 0
0.8303948480851576, 20.74788601650103, -16.230204921549323, -0.08571313445160998, -1.749755040065526, 0
1.4228305031286808, 17.731658202714478, -19.31361446927687, -0.16182299992180194, -1.7024583727995832, 0
0.7911752599789366, -3.593301396245375, -28.814005629512916, -0.3150717713524668, 1.5115854446590453, 0
2.433846976167063, -11.833467929454345, -24.674398634805932, -0.30774954142111655, 1.6089286424403089, 0
2.497509260971568, -14.147698513389205, -22.799166852304563, -0.23248501866979607, 1.6541372794192313, 0
2.515012849330079, -20.86143599353068, -15.633499001108982, -0.229220497201069, 1.749933675951113, 0
2.2651109057381875, -23.068456710580033, -15.791650687138272, -0.16730188206201205, 1.798689198938693, 0
1.053802322020205, -22.39143693342234, -2.2373129929610265, -0.0838103456656989, 1.8453933398722742, 0
4.96012931270796e-08, -35.87343827685298, -22.457608494055602, 4.440892098500626e-16, 1.9000000000000001, 0
-0.4099722680616884, -12.022260113692534, 23.84628177499474, 0.0723753387308328, 1.9253577638968067, 0
0.7287758492480112, 7.711567170510041, 41.75557272484893, 0.09813534844740723, 1.997590912420535, 0
0.6257458788151886, -2.0992810667848905, -29.49470219275763, -0.40469645017063083, 1.470159700416335, 0
-1.8940915220362202, 6.497131910794214, -30.721600280790028, -0.4203758574892202, 1.3716763988589662, 0
-2.7241579728537832, 7.0382841301624115, -30.97521582677165, -0.505319006335623, 1.33242407786863, 0
-5.800191992988936, 13.764495207612626, -31.08915035466314, -0.5154852189140622, 1.234571908203628, 0
-8.9915706651079, 19.322851710862626, -30.18459004395974, -0.5284669814751646, 1.135396837753775, 0
-11.78568764807497, 22.532933072753213, -30.5593096796482, -0.5428645879892379, 1.032500985541479, 0
-13.46893783427569, 22.53619156431085, -31.042992201062678, -0.5564096079935326, 0.9296811731780701, 0
-15.174576293448212, 22.831211026556772, -39.96999531516193, -0.5555702334726754, 0.8314696119998114, 0
0.7911515680159035, 3.593312112286376, -28.813998280702084, -0.31507177135246756, -1.5115854446590453, 0
2.433804200317028, 11.833487918239722, -24.67438670083633, -0.3077495414211173, -1.6089286424403089, 0
2.4975244723850425, 14.14770370928406, -22.799155989775088, -0.23248501866979684, -1.6541372794192313, 0
2.5150252683437966, 20.86146179818258, -15.633477899777901, -0.22922049720106982, -1.749933675951113, 0
2.265105883884229, 23.068451042881847, -15.79169971447829, -0.16730188206201294, -1.798689198938693, 0
1.053801266393599, 22.391443226744293, -2.23730972965165, -0.08381034566569978, -1.8453933398722742, 0
-9.480891601028622e-07, 35.87331552904345, -22.457426835997083, -4.702391603366471e-16, -1.9000000000000001, 0
-0.4099687468983258, 12.02212558592851, 23.846495872768788, 0.07237533873083188, -1.9253577638968067, 0
0.7287736871411519, -7.7116489655994025, 41.755609814970605, 0.09813534844740626, -1.997590912420535, 0
0.6257409333396207, 2.0992500072270794, -29.49468554805489, -0.4046964501706315, -1.470159700416335, 0
-1.8941121527850113, -6.497136704091878, -30.721582445809233, -0.42037585748922085, -1.3716763988589662, 0
-2.7241701129036406, -7.038267476082384, -30.97521472228363, -0.5053190063356237, -1.33242407786863, 0
-5.800190028346621, -13.764496311628074, -31.089142937837515, -0.5154852189140628, -1.234571908203628, 0
-8.991567521872426, -19.32284302209308, -30.184594422480824, -0.528466981475165, -1.135396837753775, 0
-11.785680231299612, -22.53293211150299, -30.559285678910378, -0.5428645879892383, -1.0325009855414786, 0
-13.468890076510204, -22.536128308712627, -31.04290558222163, -0.556409607993533, -0.9296811731780699, 0
-15.174553920466442, -22.831179979667947, -39.969935088884654, -0.5555702334726759, -0.8314696119998112, 0
2.030092268397981, -9.832115497173216, -26.11820696078103, -0.3941642381810163, 1.5683137716360591, 0
4.301970077172288, -17.161594855160555, -19.576166522322215, -0.3842632660637649, 1.6666237867223452, 0
2.567627485859924, -18.618574018121496, -17.671787634827695, -0.2968206050300775, 1.7066170073570297, 0
4.027774970851415, -23.633579184078634, -11.748442872209017, -0.2882234301257429, 1.794565286886676, 0
3.447978774045418, -27.099056243751267, -10.780846334170972, -0.23302846599640192, 1.8401149508781456, 0
2.2531818911797683, -30.830529157400104, -10.156737186952588, -0.15670237911561122, 1.9015525597658203, 0
0.4099752415880181, -12.022296677567997, 23.846221826616155, -0.0723753387308321, 1.9253577638968067, 0
-1.5925822477549148e-06, -46.00778612976808, -14.848166067757228, 4.440892098500626e-16, 2.0, 0
2.8510821281397978, -8.28500195158233, -26.81280451596391, -0.48437290613055517, 1.5283632264543172, 0
0.12428257225086116, -0.9332015037759932, -29.840190453649676, -0.49486379573334344, 1.430342127109437, 0
0.46410647768219576, -0.40201970108766066, -29.951434411372002, -0.5849307182494408, 1.390462368480368, 0
-3.216762981986079, 7.070361982423248, -30.861998385568516, -0.595333438339666, 1.2925287026111743, 0
-6.628992272709387, 13.125102321937165, -31.07965104806999, -0.606267849480046, 1.1947660540992573, 0
-10.293747757387594, 18.143334114039373, -30.041803131913568, -0.6201028128384847, 1.0947420168636453, 0
-13.523003510325417, 20.75799314598344, -30.07445198105838, -0.6347771908059431, 0.9943733839053601, 0
-16.27866759842545, 21.92151124890454, -31.640083775363856, -0.6461747345790935, 0.8796881320043785, 0
-14.474372712149727, 17.737457967146703, -33.983035045862174, -0.6343932843087083, 0.7730104532436871, 0
2.0301256241196937, 9.83210153247912, -26.118196336997702, -0.3941642381810171, -1.5683137716360591, 0
4.301999204514915, 17.16159389295953, -19.576151136541284, -0.38426326606376565, -1.6666237867223452, 0
2.56760666341954, 18.618543404960526, -17.67182231701244, -0.2968206050300783, -1.7066170073570297, 0
4.027773490734344, 23.633555100418818, -11.748452752369253, -0.2882234301257438, -1.794565286886676, 0
3.4479783034367966, 27.099073188395273, -10.780889904135368, -0.2330284659964028, -1.8401149508781456, 0
2.253184189228768, 30.83056576093649, -10.156815936313262, -0.1567023791156121, -1.9015525597658203, 0
0.4099745749505322, 12.02226028511587, 23.846276970493633, -0.07237533873083302, -1.9253577638968067, 0
5.350119627865512e-06, 46.007476855116806, -14.84792925423053, -5.183617061359476e-16, -2.0, 0
2.851053497256814, 8.285048700009522, -26.812773024945166, -0.48437290613055595, -1.5283632264543172, 0
0.12430135762514843, 0.9332365454741696, -29.840181663171617, -0.4948637957333441, -1.430342127109437, 0
0.46409315687550606, 0.40200206236464786, -29.95141745037175, -0.5849307182494414, -1.3904623684803676, 0
-3.216775720384504, -7.070350230314059, -30.86199959529426, -0.5953334383396667, -1.2925287026111738, 0
-6.628997787002134, -13.125107396046527, -31.079641804324872, -0.6062678494800466, -1.1947660540992568, 0
-10.293755469688152, -18.143326957037903, -30.041796863265606, -0.6201028128384851, -1.0947420168636448, 0
-13.522998600095844, -20.757993494527053, -30.07444617071453, -0.6347771908059435, -0.9943733839053599, 0
-16.2786736102127, -21.92154930580181, -31.640121174833364, -0.6461747345790939, -0.8796881320043782, 0
-14.474465146073147, -17.737569426754103, -33.98324175551966, -0.6343932843087088, -0.7730104532436869, 0
4.510927824620597, -16.33462289414806, -21.74979401970334, -0.4732874737391051, 1.6260757318276562, 0
5.582717675805094, -21.91650669372063, -17.517175057376186, -0.46325268322180563, 1.724735252404382, 0
5.037392939365938, -24.74211392277252, -11.405358326074817, -0.37229833005508506, 1.7834850070238442, 0
2.8037170904211677, -14.78017547193203, 20.142428839267644, -0.31812439710975804, 1.877722495851801, 0
5.148600469990394, -38.97022663688346, -21.87833895438366, -0.2385982103642181, 1.9182264878747737, 0
6.093782026090887, -73.74675695444779, -40.26895938898543, -0.19603428012638985, 1.990369453396863, 0
-0.7287788716812114, 7.711495821193936, 41.755511780313945, -0.09813534844740651, 1.997590912420535, 0
5.308792524718178, -14.783032292984657, -22.919691393956207, -0.5641479150865264, 1.586556846372072, 0
2.7467724330110967, -7.907060893642702, -27.12826493936065, -0.5744915403944616, 1.488472548647581, 0
3.3529628001276865, -6.900063473883585, -27.294297704115817, -0.6646089995644738, 1.448502817926906, 0
0.07679430308722997, -0.7698347605893839, -29.86639067412205, -0.675021281692314, 1.3504930845985081, 0
-3.3976541044402913, 6.3676235617059795, -30.819783626191736, -0.6854788714952857, 1.2523702162695323, 0
-7.22097219607749, 11.867870085200122, -31.0203788316693, -0.6960122856690509, 1.1545585286252003, 0
-10.76318940126598, 16.334043295227627, -30.39551449133574, -0.7122279816114662, 1.056856311256797, 0
-14.202371833221513, 19.023121169722945, -29.885155113696378, -0.7277057816133238, 0.962584553275431, 0
-16.449716869492622, 18.719987574860607, -29.847902471492382, -0.7519355547949725, 0.8744100419336954, 0
-17.226166151651196, 20.05441350849417, -31.716427817523194, -0.7049443430595002, 0.8100549756775013, 0
-18.888931221482874, 18.888929299241592, -39.09644279638044, -0.7071067811865474, 0.7071067811865477, 0
4.510869904668545, 16.334617000621133, -21.749800020720837, -0.4732874737391059, -1.6260757318276562, 0
5.582700882123175, 21.916492855168045, -17.517245715626945, -0.4632526832218064, -1.724735252404382, 0
5.0373947060147986, 24.742133978005892, -11.405284669945601, -0.37229833005508595, -1.7834850070238442, 0
2.803718612582275, 14.780165232732616, 20.142431411380105, -0.3181243971097589, -1.877722495851801, 0
5.148623830528059, 38.97039485638902, -21.878605656558346, -0.23859821036421905, -1.9182264878747737, 0
6.093758627753446, 73.74684814346942, -40.268973004094576, -0.1960342801263908, -1.990369453396863, 0
-0.7287475112063794, -7.711365255596791, 41.7553303731584, -0.09813534844740748, -1.997590912420535, 0
5.308844187395723, 14.783005115364679, -22.91964722323947, -0.5641479150865271, -1.5865568463720716, 0
2.7467452597039608, 7.907018368979923, -27.128240037242044, -0.5744915403944623, -1.4884725486475805, 0
3.352985482468774, 6.900129613147758, -27.29426382839734, -0.6646089995644745, -1.4485028179269055, 0
0.07679976787866677, 0.7698320022980937, -29.866393962861306, -0.6750212816923147, -1.3504930845985077, 0
-3.397656832150772, -6.367622187539582, -30.81979464113542, -0.6854788714952864, -1.2523702162695318, 0
-7.220965983128328, -11.867880168954906, -31.02038323410625, -0.6960122856690516, -1.1545585286251998, 0
-10.76318763051582, -16.334046724901963, -30.395522872077883, -0.7122279816114666, -1.0568563112567966, 0
-14.202377226275836, -19.023134330249825, -29.8851333798637, -0.7277057816133242, -0.9625845532754308, 0
-16.449728798037157, -18.719987418689715, -29.84793675553925, -0.751935554794973, -0.8744100419336952, 0
-17.226227171212376, -20.05453177769111, -31.716517427413155, -0.7049443430595006, -0.8100549756775011, 0
-18.888959182043898, -18.888972600286817, -39.09651975178962, -0.7071067811865478, -0.7071067811865475, 0
6.921039180076186, -20.71386195826876, -16.110501784495042, -0.5495238337509639, 1.681861507376761, 0
7.926275417203134, -25.882386198197583, -12.001620747203738, -0.5363398923996663, 1.7727358735236203, 0
6.421870149019161, -25.831219857984937, -8.44902102881934, -0.45776548864941957, 1.8068279670338432, 0
4.41207422845473, -19.954798929487616, 9.965580558541108, -0.41514692886955173, 1.8781352021514073, 0
-2.3589597855456237, 14.46819796580769, 48.92987982545772, -0.39018064292558535, 1.9615705610265912, 0
2.385423718018305, -17.30901697914637, 16.919553266826085, -0.2934609480723473, 1.978353020053923, 0
7.46074860344164, -19.577417856305285, -16.19553068345438, -0.6426181027478065, 1.6419626264830671, 0
6.246636145253242, -14.517125077705863, -22.676263274899156, -0.6540051475348, 1.5461109739897212, 0
6.82150692924494, -13.948675618335857, -22.549417069079322, -0.74438869849062, 1.506778429152707, 0
4.195718028068191, -7.714656732299261, -26.778828037427175, -0.7548166110252063, 1.4086995026925522, 0
0.8930454368681576, -0.8079918203051579, -29.472888269405438, -0.7652989106939974, 1.3104884896424, 0
-3.307311316563938, 5.156874481868311, -30.709365820274403, -0.7757739905246706, 1.212158793967686, 0
-7.300959745800012, 10.324199159140159, -30.52980686432045, -0.7861793293564014, 1.1136895908425373, 0
-10.925223505200137, 13.50429758634824, -30.434029864154247, -0.7989842926164213, 1.0287386269102843, 0
-13.730638411408483, 16.003725570710234, -30.36692010047165, -0.8240639976335139, 0.9423659715343629, 0
-16.74869259614739, 16.74868605319425, -29.187696383655194, -0.8485281374235488, 0.8485281374235494, 0
-19.920363423163717, 19.920365648103058, -33.06089571152335, -0.7778174593051196, 0.7778174593051201, 0
-20.054455145936974, 17.22618695312748, -31.716462210275864, -0.810054975677501, 0.7049443430595007, 0
-17.737503412484564, 14.474409749403792, -33.983115390559306, -0.7730104532436868, 0.6343932843087084, 0
6.92106973602087, 20.713862931227013, -16.110464087280196, -0.5495238337509648, -1.6818615073767607, 0
7.926280567847932, 25.88242249334813, -12.00164159811292, -0.5363398923996672, -1.7727358735236203, 0
6.4218755773998275, 25.83126812520068, -8.449255881090297, -0.45776548864942046, -1.8068279670338432, 0
4.4119836219457484, 19.954362883593372, 9.966377041087265, -0.4151469288695526, -1.8781352021514073, 0
-2.3590219637794894, -14.46860314590006, 48.93020759343586, -0.39018064292558635, -1.9615705610265912, 0
2.385485678779547, 17.30936681788858, 16.919190263740127, -0.2934609480723483, -1.978353020053923, 0
7.460665365169888, 19.57738846423278, -16.195411124204938, -0.6426181027478074, -1.6419626264830667, 0
6.246604071934179, 14.51716368752625, -22.676161171852474, -0.6540051475348007, -1.5461109739897207, 0
6.8214982514332, 13.948626752928154, -22.549415136371962, -0.7443886984906206, -1.5067784291527067, 0
4.195656148917641, 7.714635976249663, -26.778862722123158, -0.7548166110252069, -1.4086995026925517, 0
0.8930541241674782, 0.8079857653591423, -29.472920635686314, -0.765298910693998, -1.3104884896423996, 0
-3.3073389829459727, -5.156861094518871, -30.70938783243813, -0.7757739905246712, -1.2121587939676857, 0
-7.300963754965894, -10.324225736789113, -30.529795876668782, -0.7861793293564019, -1.1136895908425368, 0
-10.925217078992027, -13.504294507872652, -30.4340616601883, -0.7989842926164218, -1.0287386269102838, 0
-13.730636902626683, -16.00375403382154, -30.366912363403586, -0.8240639976335143, -0.9423659715343624, 0
-16.7486784279182, -16.748705917555355, -29.187702781469756, -0.8485281374235493, -0.8485281374235489, 0
-19.920409040855546, -19.920388236251583, -33.060938358165934, -0.77781745930512, -0.7778174593051197, 0
-20.05431836564287, -17.226113045405455, -31.716347370603188, -0.8100549756775014, -0.7049443430595003, 0
-17.737322639226754, -14.474259935249725, -33.98280062131961, -0.773010453243687, -0.634393284308708, 0
8.895849778086422, -24.935792385791363, -9.62029405859194, -0.6214937427072467, 1.7364267022309392, 0
7.526564209765617, -22.486332630051123, 6.058558349455408, -0.6034595543756611, 1.8265142308777602, 0
13.55388718174864, -49.67119134944829, -39.10945118224851, -0.5225440516929021, 1.8600495812180393, 0
12.112472465790315, -55.06390217144011, -19.90093881511728, -0.48596035859929304, 1.9400625066914852, 0
8.937255628398868, -19.378890850025048, -18.48828909458788, -0.7325823455244401, 1.60160184408504, 0
10.25200857239232, -19.13208993692092, -16.497084476853423, -0.823041815699392, 1.56205144730995, 0
7.945622098180329, -13.773884386032886, -21.929767259590417, -0.8346256566344633, 1.4668399414156212, 0
4.827436347657193, -7.799953303693352, -26.164420384074806, -0.8451191547724253, 1.36866635745067, 0
1.617295383676687, -2.9295646373343724, -28.89453519882122, -0.8537296234578959, 1.2751376788565472, 0
-2.1578245183301417, 3.0681383065720054, -30.341253306958578, -0.8733072753105107, 1.17517897211649, 0
-5.952081239368036, 8.168760805594076, -31.14841896565945, -0.8638623024524783, 1.0911383860688402, 0
-9.314414659357537, 10.399835585992827, -30.25260577348666, -0.8909777622334017, 1.011125800343335, 0
-12.392314572149663, 12.392320323912557, -30.672619660854732, -0.9192388155419369, 0.9192388155419374, 0
-16.00373411039973, 13.730633191983184, -30.36691390221036, -0.9423659715343623, 0.8240639976335143, 0
-18.719986080744913, 16.449721530794925, -29.847913831387448, -0.8744100419336951, 0.7519355547949731, 0
-21.921512167821387, 16.27865844658875, -31.640079874094756, -0.8796881320043781, 0.6461747345790939, 0
-22.831164684664532, 15.174544219452114, -39.969915168443265, -0.8314696119998111, 0.5555702334726759, 0
10.227525803428449, -24.19386148908534, -10.84859460871756, -0.7136918965214646, 1.695934885008395, 0
8.895835960726549, 24.935743314925162, -9.62031846007627, -0.6214937427072476, -1.7364267022309388, 0
7.5266905769795915, 22.486714129850476, 6.057739513933719, -0.603459554375662, -1.8265142308777598, 0
13.55399375470575, 49.67165461841944, -39.11019276430518, -0.522544051692903, -1.8600495812180393, 0
12.112303153669886, 55.0632586609387, -19.900241360615397, -0.48596035859929393, -1.9400625066914852, 0
8.937286036082421, 19.378836912980525, -18.488154971677623, -0.7325823455244408, -1.6016018440850395, 0
10.251962010318175, 19.1321522559887, -16.496929200416012, -0.8230418156993927, -1.5620514473099496, 0
7.9456721993765775, 13.773935410363773, -21.92981867729293, -0.834625656634464, -1.4668399414156208, 0
4.827450240575748, 7.799984227233835, -26.164494380646612, -0.8451191547724259, -1.3686663574506694, 0
1.617298366407525, 2.929505996863131, -28.89457652178248, -0.8537296234578966, -1.2751376788565467, 0
-2.15780249793374, -3.0681270177696804, -30.341289181914437, -0.8733072753105113, -1.1751789721164896, 0
-5.952109180320737, -8.168778910567912, -31.148407515582175, -0.8638623024524787, -1.0911383860688397, 0
-9.314403002463893, -10.39983564283399, -30.252633444377228, -0.8909777622334022, -1.0111258003433345, 0
-12.392345189139018, -12.392311263727594, -30.67261182708379, -0.9192388155419373, -0.919238815541937, 0
-16.00370952450067, -13.730662723933472, -30.366941468875297, -0.9423659715343627, -0.8240639976335139, 0
-18.719994046622098, -16.449705439160958, -29.84787952899861, -0.8744100419336955, -0.7519355547949726, 0
-21.921524725663932, -16.2786961179965, -31.64010645933618, -0.8796881320043783, -0.6461747345790935, 0
-22.83135809704194, -15.174678196567724, -39.970246911004146, -0.8314696119998113, -0.5555702334726754, 0
10.227500845780575, 24.193773782597518, -10.848254549858677, -0.7136918965214655, -1.6959348850083946, 0
4.8523291345258395, -12.993245435171435, 23.832854871042215, -0.6943628389164405, 1.7913391667651262, 0
-4.8711695203511844, 12.815760251761354, 49.483870638828115, -0.673779704907238, 1.883088131037715, 0
20.71877029844952, -62.014640980826414, -27.61672473932686, -0.5805693529613196, 1.9138806719338792, 0
10.954596419813155, -22.67170390117166, -10.334835720636695, -0.8032765238903868, 1.659230004885436, 0
16.35587498382412, -37.38300085018637, -22.654231360365888, -0.7827974635710864, 1.760806476966384, 0
11.011530101030393, -18.559316206878677, -14.832918889001828, -0.9144828712749434, 1.524866426372011, 0
9.578315746180351, -14.358013293334793, -20.63397283429867, -0.9249360406674266, 1.426839229713628, 0
6.481248270817131, -8.75259894636005, -24.947165158000328, -0.9354426664762643, 1.3286121813370673, 0
3.093914650619049, -3.537383751350111, -28.377225595600883, -0.9266897559055778, 1.2524318572787163, 0
0.8915242605769607, -1.5938103485370927, -28.610160987689248, -0.9559568441791029, 1.1885047053187092, 0
-3.1199980318714298, 3.5744127289817564, -30.532093736963738, -0.9516967338571367, 1.0962486562364864, 0
-6.6184557480434565, 6.618444533159611, -31.020514944831312, -0.9899494936603921, 0.9899494936603926, 0
-10.399833754678626, 9.314413739427577, -30.252609365921195, -1.0111258003433348, 0.8909777622334022, 0
-13.504296373124777, 10.925217091913483, -30.43403942939994, -1.0287386269102838, 0.7989842926164219, 0
-19.023123070606868, 14.202372367678857, -29.88514819783169, -0.9625845532754307, 0.7277057816133241, 0
-20.757993383558127, 13.523001689389659, -30.074450055754525, -0.9943733839053597, 0.6347771908059435, 0
-22.53617874301942, 13.46892821345035, -31.04297284071186, -0.9296811731780698, 0.556409607993533, 0
-18.653086303318318, 10.079896859965787, -31.98423328706143, -0.8819212639518061, 0.4713967375678884, 0
12.3710274742947, -22.209517144828425, -7.187430278811018, -0.8933457950678955, 1.6199950455602552, 0
4.851998313056355, 12.992401297436592, 23.8343791953968, -0.6943628389164413, -1.7913391667651257, 0
-4.871404904872883, -12.816373355825782, 49.48445418777629, -0.6737797049072389, -1.8830881310377146, 0
20.719540749665445, 62.016811230784285, -27.61893848536924, -0.5805693529613205, -1.9138806719338788, 0
10.954444037091474, 22.671493773913213, -10.334415779865752, -0.8032765238903877, -1.6592300048854356, 0
16.3559747322705, 37.3832269855338, -22.65501462518741, -0.7827974635710873, -1.7608064769663836, 0
11.011531662054232, 18.559355551269157, -14.833332113341257, -0.9144828712749441, -1.5248664263720106, 0
9.578305146982686, 14.357989036681385, -20.634222680745463, -0.9249360406674273, -1.4268392297136276, 0
6.481246109998797, 8.752663781681397, -24.94724848999593, -0.935442666476265, -1.3286121813370668, 0
3.0938533516095115, 3.5373137286044494, -28.37725338368062, -0.9266897559055784, -1.2524318572787159, 0
0.8915607345968771, 1.5938883213219148, -28.61018907603314, -0.9559568441791035, -1.1885047053187088, 0
-3.119980614412307, -3.5744407206786484, -30.532097708012884, -0.9516967338571372, -1.096248656236486, 0
-6.618435486855543, -6.618478094992509, -31.02051800598471, -0.9899494936603925, -0.9899494936603922, 0
-10.39984328792757, -9.314411688919574, -30.252616478868678, -1.0111258003433352, -0.8909777622334017, 0
-13.504306850342376, -10.925244309435035, -30.434010610124208, -1.0287386269102843, -0.7989842926164215, 0
-19.02312675363792, -14.202371677846697, -29.885166657989867, -0.9625845532754311, -0.7277057816133237, 0
-20.75799643130111, -13.523017032433504, -30.074458870767803, -0.9943733839053599, -0.6347771908059431, 0
-22.536195417587855, -13.468939355033076, -31.043006434143017, -0.92968117317807, -0.5564096079935326, 0
-18.652911313551062, -10.079795587641293, -31.983983400281893, -0.8819212639518064, -0.4713967375678881, 0
12.371098457068044, 22.209614374835645, -7.187348439131662, -0.8933457950678964, -1.6199950455602548, 0
10.205766211539272, -25.00107457865726, 7.012499539699468, -0.7653668626837258, 1.8477590658702423, 0
29.982382664899433, -60.41619479631739, -29.255729446800096, -0.8551101850607947, 1.8079785870981142, 0
15.373103712605594, -29.850297451990507, -12.42648110109931, -0.8741998269580424, 1.714990330382596, 0
6.7457719674132415, -12.22068219679476, 22.8665365976693, -0.9609839431422545, 1.6738182259141845, 0
13.745049375657594, -22.043500356861568, -5.872816639917104, -0.9876154922038801, 1.5866896797298735, 0
12.566120857060785, -18.68842550705269, -13.410728340856338, -1.0052269820126827, 1.4871928238622054, 0
10.711940901749799, -14.534907753411863, -19.562146206004734, -1.0190324462632587, 1.3858660270864493, 0
6.51662220262376, -8.143028344162923, -25.143880402315673, -1.0085073629066499, 1.2660419946254453, 0
3.549850976449622, -3.6082686777845017, -28.152407762436365, -1.034940695012628, 1.1572962767908541, 0
-0.4017733097281306, 0.4017890411437489, -29.252123345834146, -1.0606601717788346, 1.0606601717788344, 0
-3.5744198224989425, 3.1199879235528156, -30.53209471122282, -1.0962486562364855, 0.9516967338571375, 0
-8.168768909181964, 5.952087257174372, -31.14841101198265, -1.0911383860688397, 0.8638623024524791, 0
-10.324202702624659, 7.300959369545485, -30.529805014028682, -1.1136895908425368, 0.7861793293564022, 0
-16.33404370991479, 10.763187231436623, -30.395513958800937, -1.0568563112567968, 0.7122279816114666, 0
-18.14333158744264, 10.293747731131639, -30.041803717452915, -1.0947420168636448, 0.6201028128384853, 0
-22.53293357389941, 11.7856833767074, -30.559304204523297, -1.0325009855414788, 0.5428645879892382, 0
-25.515768049527324, 12.461590551416936, -33.394045841168214, -0.9770252446353349, 0.4624837956033016, 0
-29.52574790617863, 12.158032997420634, -46.61736663883539, -0.9238795320890557, 0.38268343338444566, 0
10.20506219496235, 24.999293559381723, 7.014374523765205, -0.7653668626837267, -1.8477590658702419, 0
29.98324120895924, 60.41803586388483, -29.25823207154356, -0.8551101850607956, -1.8079785870981138, 0
15.372685905852059, 29.84945751158134, -12.424992543042324, -0.8741998269580433, -1.7149903303825955, 0
6.745536820853942, 12.220086814585441, 22.86801390464559, -0.9609839431422554, -1.673818225914184, 0
13.745324180131888, 22.043960691381805, -5.8739889942221994, -0.9876154922038808, -1.586689679729873, 0
12.566300487679124, 18.688648286589743, -13.411097438354684, -1.0052269820126836, -1.487192823862205, 0
10.711956265662375, 14.534892596481807, -19.56233182938913, -1.0190324462632596, -1.385866027086449, 0
6.516665079055729, 8.14302079160433, -25.14390512334406, -1.0085073629066503, -1.2660419946254449, 0
3.5498337909154727, 3.608177929502428, -28.152401100562194, -1.0349406950126285, -1.1572962767908537, 0
-0.40179633257877667, -0.40173519409910613, -29.252136731467598, -1.060660171778835, -1.060660171778834, 0
-3.5744127639478194, -3.120035148124435, -30.532091836950293, -1.096248656236486, -0.951696733857137, 0
-8.16874338478908, -5.952062814492306, -31.148457777332407, -1.0911383860688402, -0.8638623024524786, 0
-10.324204960709796, -7.300968862534863, -30.529807207196008, -1.1136895908425373, -0.7861793293564018, 0
-16.334046030451926, -10.763191341048502, -30.395532210544758, -1.0568563112567972, -0.7122279816114662, 0
-18.14334782409773, -10.293750874080228, -30.04179439269955, -1.0947420168636453, -0.6201028128384849, 0
-22.532940807684852, -11.785700449690328, -30.5593340563137, -1.0325009855414793, -0.5428645879892378, 0
-25.51578824830959, -12.461612563482582, -33.394058880881055, -0.9770252446353351, -0.46248379560330116, 0
-29.525989731695116, -12.158141367559237, -46.61774296120967, -0.9238795320890559, -0.3826834333844452, 0
4.5555455163991585, -8.364626117860665, 26.967642481299066, -0.9427934722314719, 1.7638425294559954, 0
-0.30620327088558363, -0.007203305264406753, 35.90796397405713, -1.0282054872199968, 1.7154572206996854, 0
16.174708469654536, -25.62491314763219, -5.019392619329961, -1.0397435851722407, 1.6419345496567024, 0
18.109774301069372, -25.617921137786617, -11.488624699096942, -1.0916756804703927, 1.5675157394068011, 0
14.820551743985927, -19.750491106621908, -9.018675524969433, -1.1006328517640789, 1.4710214538480952, 0
14.414540730004548, -17.409263147507808, -12.39334779196907, -1.1454264650301058, 1.3892959971613892, 0
11.366380338342948, -13.657021710257771, -19.160895519296542, -1.0857116179684, 1.3187835766291571, 0
8.267570463375957, -9.433414177056306, -23.449126477141885, -1.1062972955201227, 1.2272909609303415, 0
6.152170897175116, -6.1521797094662425, -26.04135434651037, -1.1313708498976425, 1.1313708498976434, 0
3.608237785009, -3.5498473519231957, -28.152407989885702, -1.1572962767908535, 1.0349406950126285, 0
1.5938363910604263, -0.8915372827185009, -28.61016590142254, -1.1885047053187086, 0.9559568441791033, 0
-3.0681353647838594, 2.157818878748673, -30.341258723924827, -1.1751789721164898, 0.8733072753105114, 0
-5.156869404159504, 3.307315019770293, -30.709370474498115, -1.2121587939676859, 0.7757739905246712, 0
-11.867875119444019, 7.220967455677719, -31.020376124648095, -1.1545585286251998, 0.6960122856690517, 0
-13.125099676623583, 6.628995316502054, -31.079650471848705, -1.1947660540992568, 0.6062678494800466, 0
-19.322851213239687, 8.991567610851078, -30.184588641012287, -1.1353968377537749, 0.5284669814751652, 0
-23.57184817823278, 9.855804798738681, -30.505298231893683, -1.0761699589458478, 0.4498620301503201, 0
-27.35038540391463, 9.698281596436415, -33.93670101645093, -1.0182142270707089, 0.3671809184897638, 0
-21.763344874241742, 6.662593331803107, -34.18894729323165, -0.956940335491454, 0.29028467804812486, 0
4.553286495452603, 8.360216962738997, 26.972932201753203, -0.9427934722314728, -1.763842529455995, 0
-0.30502074247774674, 0.009351415083332457, 35.90567044490274, -1.0282054872199977, -1.715457220699685, 0
16.1762500324654, 25.627502317031, -5.023942854228848, -1.0397435851722416, -1.641934549656702, 0
18.11022782803999, 25.618507571364297, -11.48962518764154, -1.0916756804703935, -1.5675157394068007, 0
14.820596911709186, 19.75056502011512, -9.018982607965247, -1.1006328517640798, -1.4710214538480948, 0
14.414549631733122, 17.409271878499624, -12.39308006147739, -1.1454264650301067, -1.3892959971613887, 0
11.366368663910487, 13.65700253478185, -19.16089827963651, -1.0857116179684005, -1.3187835766291567, 0
8.267611652670345, 9.433486145075523, -23.449024651770348, -1.1062972955201231, -1.227290960930341, 0
6.152174487829589, 6.1521668578295845, -26.04133644681814, -1.131370849897643, -1.131370849897643, 0
3.6083142949464095, 3.5498484843898517, -28.152423888440303, -1.157296276790854, -1.034940695012628, 0
1.5937734403192374, 0.891536933680784, -28.61018240166924, -1.188504705318709, -0.9559568441791029, 0
-3.068136886953492, -2.1578497757198036, -30.34125885055656, -1.1751789721164903, -0.873307275310511, 0
-5.156887062892164, -3.3073041649354495, -30.709364585967453, -1.2121587939676863, -0.7757739905246708, 0
-11.867858744896617, -7.220989917627246, -31.020390816557263, -1.1545585286252003, -0.6960122856690513, 0
-13.125107618268709, -6.628989691619437, -31.079655797380408, -1.1947660540992573, -0.6062678494800462, 0
-19.3228546835901, -8.991578617527065, -30.18460521512252, -1.1353968377537753, -0.5284669814751648, 0
-23.571859679620815, -9.855798231786661, -30.505299962449634, -1.0761699589458478, -0.44986203015031967, 0
-27.350423553527843, -9.698283704378579, -33.9367544003268, -1.0182142270707089, -0.36718091848976336, 0
-21.763154305292634, -6.6625273578873365, -34.18868483404916, -0.9569403354914542, -0.2902846780481244, 0
31.657690421008816, -47.60622538315122, -24.136409367135816, -1.1111404651190095, 1.6629392252199455, 0
11.98197272583875, -15.826620016089056, 14.2096349230886, -1.1913986083060506, 1.6064150634647343, 0
13.418593438406607, -17.50697640494107, 7.853193605176911, -1.1736147603009999, 1.5280031545253583, 0
16.709338685131133, -19.83587695702039, -2.3172512660508273, -1.2262986261739228, 1.4562446205335682, 0
16.380171548473626, -17.997671023126912, -6.94801525137244, -1.245626604323843, 1.3641535198892132, 0
13.557904206512639, -14.683385288053229, -16.690673110223642, -1.1764439285566608, 1.2987395719867052, 0
12.218117589930554, -12.21812749206625, -19.761542029527412, -1.2020815280165076, 1.2020815280165085, 0
9.433440877478382, -8.267574449839088, -23.449105556745437, -1.2272909609303406, 1.1062972955201233, 0
8.143020020313013, -6.516632441737632, -25.143885320937105, -1.2660419946254446, 1.0085073629066506, 0
3.537365464414384, -3.093898042316956, -28.377228719909287, -1.2524318572787159, 0.9266897559055783, 0
2.9295432895768507, -1.6172996117313123, -28.894540961850044, -1.2751376788565467, 0.8537296234578965, 0
0.8079979748588068, -0.8930449502785954, -29.472895018290423, -1.3104884896423998, 0.7652989106939981, 0
-6.367625974901749, 3.397651993725686, -30.819783294587932, -1.2523702162695318, 0.6854788714952864, 0
-7.070355538972318, 3.216765121780712, -30.86200061781992, -1.2925287026111738, 0.5953334383396666, 0
-13.76449743967621, 5.800186572812102, -31.089146050844572, -1.2345719082036277, 0.5154852189140628, 0
-19.939537525973154, 7.328254162613614, -30.406596522457942, -1.1781484165048879, 0.43207198183853807, 0
-24.278120060143966, 7.53934247893694, -30.57429782997192, -1.1176433173266958, 0.3502012884175727, 0
-26.40732015279195, 6.646391093418116, -32.03460686461074, -1.051303538048058, 0.26333782824146157, 0
-28.45219437399174, 5.650565657930533, -42.39774161110408, -0.9807852803005145, 0.19509032253251607, 0
31.660255284168862, 47.61016756754479, -24.140251671944167, -1.1111404651190104, -1.662939225219945, 0
11.980617197076478, 15.82485917763326, 14.212238350980886, -1.1913986083060515, -1.6064150634647338, 0
13.41831349562478, 17.506645017901143, 7.854083338741616, -1.1736147603010008, -1.5280031545253578, 0
16.709411259752766, 19.8359316990425, -2.317441477126013, -1.2262986261739237, -1.4562446205335677, 0
16.379976304327993, 17.99745975440476, -6.947383870946558, -1.2456266043238435, -1.3641535198892127, 0
13.557846776982425, 14.683290227567616, -16.690466948041564, -1.1764439285566612, -1.2987395719867048, 0
12.218157364993433, 12.218104333785853, -19.761451311015204, -1.202081528016508, -1.202081528016508, 0
9.433383080238777, 8.267581000459117, -23.449174693672543, -1.227290960930341, -1.106297295520123, 0
8.143038054538216, 6.516585542136226, -25.143929167455767, -1.266041994625445, -1.00850736290665, 0
3.5374112941379092, 3.0939343632504284, -28.37724788715513, -1.2524318572787163, -0.9266897559055777, 0
2.9295791554298436, 1.6172811628270272, -28.894538972517715, -1.2751376788565472, -0.8537296234578958, 0
0.8080065650808869, 0.8930484488113911, -29.472879972940532, -1.3104884896424003, -0.7652989106939975, 0
-6.367622042981113, -3.397661179551287, -30.819781611683602, -1.2523702162695323, -0.6854788714952857, 0
-7.070362598776438, -3.2167607627902646, -30.861998400070227, -1.2925287026111743, -0.5953334383396659, 0
-13.764496916422097, -5.800202355433554, -31.08915077074676, -1.2345719082036282, -0.5154852189140622, 0
-19.939547648910242, -7.3282489035467435, -30.406601508996125, -1.1781484165048879, -0.4320719818385375, 0
-24.278126850297333, -7.539359177990882, -30.574312609308713, -1.1176433173266958, -0.35020128841757214, 0
-26.407229901215654, -6.646363658257195, -32.03450932958347, -1.051303538048058, -0.2633378282414611, 0
-28.452207255200616, -5.650574174559052, -42.39776716502676, -0.9807852803005145, -0.19509032253251557, 0
16.802246844672393, -20.669974540605857, 5.536727264323328, -1.2687865679453671, 1.5460209070389113, 0
15.508625436275517, -17.036894936381795, 10.635135600602457, -1.3431179095495989, 1.4819022508408293, 0
17.319424342521344, -18.682872136129088, 0.3782078459382457, -1.310256438271357, 1.4126106239333853, 0
19.557136855813912, -19.55714842313155, -5.953833438803052, -1.3435028842542645, 1.3435028842542645, 0
15.780721533639772, -15.780711372282589, -12.282842938993785, -1.2727922061353776, 1.2727922061353785, 0
14.68336730504805, -13.557905677530085, -16.69068727251451, -1.2987395719867045, 1.1764439285566615, 0
13.657009884643882, -11.366383370623453, -19.160893170870775, -1.3187835766291565, 1.0857116179684005, 0
14.534899866271433, -10.711945816001132, -19.56216583764791, -1.3858660270864485, 1.0190324462632594, 0
8.752622817154114, -6.481247443714869, -24.947174636080796, -1.3286121813370666, 0.9354426664762648, 0
7.79995489121625, -4.827444311510786, -26.16443409721913, -1.3686663574506697, 0.8451191547724262, 0
7.714651971416862, -4.195702566905431, -26.778835529789106, -1.4086995026925517, 0.754816611025207, 0
0.769828116570864, -0.07680031113747204, -29.86638972886372, -1.3504930845985077, 0.6750212816923148, 0
0.4020198440215264, -0.4641005472941884, -29.951431813726167, -1.3904623684803679, 0.5849307182494414, 0
-7.038281946133716, 2.7241598314750113, -30.97521284312852, -1.3324240778686298, 0.5053190063356237, 0
-13.46051543855251, 4.510541445403479, -31.078899696427374, -1.2743528062648937, 0.42587928320466656, 0
-19.42728073134527, 5.3408768828997975, -30.237119035308837, -1.2289303340491198, 0.3375615420306766, 0
-24.25248739962361, 5.206757381471836, -30.42913698860763, -1.15281659098148, 0.2566608740185475, 0
-28.438036801441797, 3.959833195116274, -33.3576642862755, -1.0720528450615, 0.15902401788845458, 0
-27.299439992377494, 2.7845246622384217, -39.81677269618061, -0.9951847266481262, 0.0980171405739547, 0
16.803701999269844, 20.671604608440695, 5.534165015670409, -1.268786567945368, -1.5460209070389108, 0
15.506804194219399, 17.03483441200464, 10.637255377001692, -1.3431179095495998, -1.4819022508408288, 0
17.318003700377314, 18.681331393837848, 0.38151948805190067, -1.310256438271358, -1.4126106239333849, 0
19.556712415451127, 19.556663945560146, -5.9527561955082335, -1.343502884254265, -1.343502884254264, 0
15.780644069728652, 15.780701802801302, -12.282507733014906, -1.272792206135378, -1.272792206135378, 0
14.68340535971584, 13.557887538461529, -16.69072867670109, -1.298739571986705, -1.176443928556661, 0
13.657060592962528, 11.366411845715566, -19.160999931501795, -1.318783576629157, -1.0857116179684, 0
14.53493680413405, 10.711947360098383, -19.562288015091266, -1.385866027086449, -1.019032446263259, 0
8.752571839903343, 6.481256206477814, -24.94718486423217, -1.328612181337067, -0.9354426664762642, 0
7.7999559822974085, 4.827419593887175, -26.16439601971418, -1.3686663574506701, -0.8451191547724255, 0
7.714661599156069, 4.1957310929339275, -26.77879527154515, -1.4086995026925522, -0.7548166110252064, 0
0.7698321192054535, 0.07678295104156434, -29.8663788268141, -1.3504930845985081, -0.6750212816923141, 0
0.40203128899773427, 0.4641092024890185, -29.95143327952743, -1.3904623684803683, -0.5849307182494408, 0
-7.038291564925867, -2.7241540962620263, -30.975213631329233, -1.3324240778686303, -0.505319006335623, 0
-13.460519489947995, -4.510546536083303, -31.07890525575884, -1.2743528062648937, -0.425879283204666, 0
-19.42728990846762, -5.340870515601019, -30.237115731769197, -1.2289303340491198, -0.33756154203067607, 0
-24.25249659307247, -5.206747921005458, -30.42914633537139, -1.15281659098148, -0.2566608740185469, 0
-28.43810389513936, -3.9598431456199665, -33.357727986118825, -1.0720528450615, -0.15902401788845402, 0
-27.29963038283366, -2.784542354947718, -39.81704363210483, -0.9951847266481262, -0.09801714057395423, 0
21.731787301963784, -21.731792712121486, 2.6236965408900272, -1.4142135623730945, 1.4142135623730954, 0
18.682874535030066, -17.31942205912339, 0.3781830093863669, -1.4126106239333847, 1.3102564382713575, 0
17.997646867984876, -16.380149122459805, -6.947953938118566, -1.3641535198892125, 1.2456266043238435, 0
17.409256085022296, -14.414521123212074, -12.39322343628721, -1.3892959971613885, 1.1454264650301065, 0
19.750472941567057, -14.82053594693657, -9.018644314363508, -1.4710214538480946, 1.1006328517640795, 0
18.688472507160665, -12.56616099580136, -13.410812432714943, -1.4871928238622045, 1.0052269820126833, 0
14.358003663513612, -9.578308701772386, -20.634031320243402, -1.4268392297136279, 0.9249360406674273, 0
13.773900315349977, -7.945636360246718, -21.929773507836455, -1.4668399414156208, 0.8346256566344642, 0
13.94866065774585, -6.821507254812945, -22.5494192842387, -1.5067784291527069, 0.7443886984906206, 0
6.900081583766719, -3.352970290028339, -27.29429170931455, -1.4485028179269057, 0.6646089995644745, 0
7.907050801493995, -2.746769656896088, -27.128261638322755, -1.4884725486475807, 0.5744915403944625, 0
0.9332054991216587, -0.12429136813458133, -29.84018746910628, -1.4303421271094368, 0.4948637957333443, 0
-6.497126088338514, 1.894099134162174, -30.7215981521208, -1.3716763988589658, 0.4203758574892209, 0
-12.052202252762148, 3.40445790607525, -31.422412254023005, -1.3185834968021817, 0.3602500520608827, 0
-13.759430808815182, 2.7951468951373086, -30.716841547876403, -1.314957813393389, 0.28066417594832904, 0
-19.896492446405407, 4.089472982847252, -30.596476078082134, -1.241447666034747, 0.24042059464892895, 0
-23.595638649594093, 3.3262386015376135, -29.48040190881124, -1.192128597840858, 0.1629792319821843, 0
-25.35815118722509, 1.4495343825259137, -29.98753144252281, -1.138169535355098, 0.07974471943189475, 0
-24.95972223522991, 1.398917381570679, -30.837521309069555, -1.061081421412945, 0.06735717557886096, 0
-18.98701093193834, 5.467086955398816e-08, -28.148786997769104, -1.0, 3.5876077807826975e-16, 0
-24.959835115310224, -1.3989023214418022, -30.837654739357827, -1.061081421412945, -0.06735717557886046, 0
-25.35816774591771, -1.4495178687381842, -29.98753625773641, -1.138169535355098, -0.07974471943189422, 0
-23.595641419455823, -3.326242094566949, -29.480424233218706, -1.192128597840858, -0.1629792319821837, 0
-19.896499417760342, -4.089472657025333, -30.596479277475556, -1.241447666034747, -0.24042059464892834, 0
-13.759436746769957, -2.795145509761526, -30.716846996775764, -1.314957813393389, -0.2806641759483285, 0
-12.052199916733539, -3.4044628043548126, -31.422424830149723, -1.3185834968021817, -0.3602500520608821, 0
-6.497131300067951, -1.8940867071542715, -30.72160471699235, -1.3716763988589658, -0.42037585748922024, 0
0.9331899537983463, 0.12427298472406802, -29.840188683349954, -1.4303421271094372, -0.49486379573334366, 0
7.907069343171268, 2.746778950347993, -27.12826243338972, -1.4884725486475812, -0.5744915403944618, 0
6.900051252230065, 3.352958853462811, -27.29428615613764, -1.4485028179269062, -0.6646089995644738, 0
13.948694090171895, 6.821501287494773, -22.549360114192226, -1.5067784291527073, -0.74438869849062, 0
13.773862204340587, 7.945608278211838, -21.929692871075957, -1.4668399414156212, -0.8346256566344635, 0
14.358043091598567, 9.578312060267349, -20.633894613916805, -1.4268392297136283, -0.9249360406674266, 0
18.688398371589418, 12.566082300271562, -13.41063044294123, -1.487192823862205, -1.0052269820126825, 0
19.750652796356977, 14.82067647071892, -9.01915171113553, -1.471021453848095, -1.1006328517640787, 0
17.409371613732937, 14.414644029926118, -12.393778794875589, -1.389295997161389, -1.145426465030106, 0
17.99776425349029, 16.38027805551778, -6.948318795623404, -1.364153519889213, -1.245626604323843, 0
18.683315274421545, 17.319844595284973, 0.3772853981389499, -1.412610623933385, -1.310256438271357, 0
21.73065579206977, 21.730622436778205, 2.6249204790280585, -1.4142135623730954, -1.414213562373095, 0
17.036944756979594, -15.508689107358927, 10.635034932608148, -1.4819022508408286, 1.3431179095495995, 0
19.835894844837846, -16.709360808565222, -2.317340281479135, -1.4562446205335675, 1.2262986261739235, 0
17.50645942391057, -13.418184436613915, 7.8543407731329165, -1.5280031545253576, 1.1736147603010005, 0
25.618142113994775, -18.109945365446933, -11.489083921326067, -1.5675157394068004, 1.0916756804703938, 0
22.04364665574493, -13.74513536453538, -5.873212456511311, -1.5866896797298726, 0.987615492203881, 0
18.559318064541273, -11.011530836427536, -14.833020028280645, -1.5248664263720109, 0.9144828712749443, 0
19.1321014887248, -10.251991679677415, -16.49703320650911, -1.5620514473099498, 0.8230418156993926, 0
19.378890332261392, -8.937275515400685, -18.48827902198756, -1.6016018440850397, 0.732582345524441, 0
14.51713331208919, -6.246622931375992, -22.676249536119805, -1.5461109739897207, 0.6540051475348005, 0
14.783030639211473, -5.308814102892936, -22.919682048320553, -1.5865568463720718, 0.5641479150865271, 0
8.285015787920319, -2.8510668592988293, -26.812797212235434, -1.5283632264543168, 0.48437290613055567, 0
2.099278516800499, -0.625748183610858, -29.49469786408127, -1.4701597004163347, 0.40469645017063177, 0
-5.591870994193527, 1.4585448675199975, -30.750932563943113, -1.4053922379401007, 0.3257237132288326, 0
-9.429252263329607, 1.8457938474303568, -31.102971961340693, -1.378794151486905, 0.2384418076257086, 0
-16.40344165794413, 2.022602695203465, -30.670098311784926, -1.305111184364716, 0.18048836312119707, 0
-21.0189650786145, 1.5349021715835511, -30.377957056022485, -1.24352230867251, 0.08289052327482144, 0
-24.141429867765794, 8.91716707553469e-07, -29.269775820932114, -1.2, 4.3051293369392366e-16, 0
-22.938110180761996, 2.530609626577956e-06, -28.030051419344815, -1.1, 3.9463685588609675e-16, 0
-21.018972303241945, -1.5348976720858174, -30.37796686716162, -1.24352230867251, -0.08289052327482085, 0
-16.40345301741006, -2.0225954436216047, -30.670093246271623, -1.305111184364716, -0.1804883631211964, 0
-9.429244204244393, -1.8457861748050743, -31.102987608677584, -1.378794151486905, -0.23844180762570794, 0
-5.591888900397566, -1.4585462342258277, -30.750928773826963, -1.4053922379401007, -0.3257237132288319, 0
2.0992919691047325, 0.6257469052887134, -29.49470684989912, -1.4701597004163347, -0.4046964501706311, 0
8.28498604079417, 2.8510886085600773, -26.812812142904335, -1.5283632264543172, -0.484372906130555, 0
14.783042831141032, 5.30878150675257, -22.91969601289419, -1.5865568463720723, -0.5641479150865264, 0
14.517103341536066, 6.24663825217903, -22.676274170882476, -1.5461109739897212, -0.6540051475347999, 0
19.378883874752216, 8.937247913259206, -18.488292284336875, -1.6016018440850401, -0.7325823455244403, 0
19.13205252829335, 10.251999856370936, -16.49702476088436, -1.5620514473099503, -0.8230418156993919, 0
18.559268799818014, 11.011506826587915, -14.832618750936387, -1.5248664263720113, -0.9144828712749437, 0
22.0431836417947, 13.744844827644986, -5.872005247877638, -1.586689679729873, -0.9876154922038803, 0
25.617796178132256, 18.10965673715874, -11.488276432151572, -1.567515739406801, -1.0916756804703929, 0
17.508633208455823, 13.419896143299242, 7.849874120965987, -1.528003154525358, -1.1736147603009996, 0
19.83606721744196, 16.709491463999807, -2.3175316870065923, -1.456244620533568, -1.226298626173923, 0
17.03823274669411, 15.509751761841745, 10.6334526326974, -1.481902250840829, -1.3431179095495986, 0
20.66997213227445, -16.802281249800178, 5.536555028132733, -1.5460209070389106, 1.2687865679453674, 0
15.825512526625737, -11.981148171062545, 14.210995110138606, -1.6064150634647336, 1.1913986083060517, 0
47.60824819534001, -31.659022621796204, -24.138574470876584, -1.6629392252199446, 1.1111404651190107, 0
25.625986628797175, -16.17535270196801, -5.02138115672245, -1.6419345496567015, 1.0397435851722416, 0
12.22017921003323, -6.745509489275978, 22.86763593701586, -1.6738182259141836, 0.9609839431422552, 0
22.209539561337504, -12.371044133963537, -7.187358634810773, -1.6199950455602548, 0.8933457950678962, 0
22.671636462356016, -10.95455138641468, -10.334720994114134, -1.6592300048854358, 0.8032765238903875, 0
24.19386724734995, -10.227531621865062, -10.848590266355913, -1.6959348850083948, 0.7136918965214651, 0
19.57741355424508, -7.460725154000598, -16.195526064976598, -1.6419626264830667, 0.642618102747807, 0
20.713863461915242, -6.921049017882685, -16.11047584493458, -1.6818615073767609, 0.5495238337509644, 0
16.33461648085927, -4.510907817439953, -21.749798904673035, -1.6260757318276557, 0.473287473739106, 0
9.83211724129376, -2.030109459534707, -26.118199992461896, -1.5683137716360587, 0.394164238181017, 0
3.5932987229139366, -0.7911646685397263, -28.81400142235437, -1.5115854446590449, 0.31507177135246744, 0
-2.188913217686186, 0.18319527903544042, -29.85435527941582, -1.460032945359217, 0.24168543505676374, 0
-7.668534629692414, 1.1835343915068186, -30.867194307040005, -1.408476576377102, 0.1636473507734205, 0
-13.776741231830163, 0.8572963469154007, -30.483814002888685, -1.350719424769666, 0.08433831125705404, 0
-17.492925061812063, 2.242363872749024e-06, -30.470976798149973, -1.3, 4.663890115017507e-16, 0
-13.776741690886277, -0.8572928561216779, -30.48381720328973, -1.350719424769666, -0.0843383112570534, 0
-7.668540697086525, -1.1835376540442333, -30.867194760882427, -1.408476576377102, -0.16364735077341977, 0
-2.1889205740562168, -0.18319217329352244, -29.854357846870098, -1.460032945359217, -0.24168543505676301, 0
3.593297177222408, 0.7911778166006767, -28.81400756955943, -1.5115854446590449, -0.3150717713524668, 0
9.83211724749375, 2.0300902731389496, -26.118211430613965, -1.5683137716360587, -0.3941642381810163, 0
16.33462018728672, 4.510935698692303, -21.749802097284938, -1.6260757318276562, -0.47328747373910524, 0
20.713856674776522, 6.921037573522157, -16.110531859837113, -1.6818615073767613, -0.5495238337509637, 0
19.577422243619072, 7.460763836800837, -16.195557398841405, -1.6419626264830671, -0.6426181027478063, 0
24.19387772845053, 10.227528305590726, -10.848694804545751, -1.6959348850083953, -0.7136918965214643, 0
22.671710283349768, 10.954613593194845, -10.334881712636083, -1.6592300048854363, -0.8032765238903868, 0
22.20937324803208, 12.370939369167907, -7.187206836635591, -1.6199950455602552, -0.8933457950678956, 0
12.220682727653186, 6.745745761981712, 22.866264759998053, -1.673818225914184, -0.9609839431422545, 0
25.62303228503092, 16.173567375193194, -5.015974630796237, -1.641934549656702, -1.0397435851722407, 0
47.60219410973742, 31.654930906756437, -24.131658672891888, -1.662939225219945, -1.1111404651190098, 0
15.830449681065462, 11.984801218270952, 14.205084151943133, -1.606415063464734, -1.1913986083060508, 0
20.669835558513405, 16.80207232405939, 5.537715279812319, -1.546020907038911, -1.2687865679453665, 0
0.007601696673404004, 0.3060020662364944, 35.90758470473589, -1.7154572206996845, 1.0282054872199977, 0
8.36246815545198, -4.55438742814527, 26.970237204818844, -1.7638425294559945, 0.9427934722314728, 0
29.850018639337378, -15.3729701570078, -12.42599354278812, -1.7149903303825957, 0.8741998269580432, 0
37.38335525627202, -16.356031843353797, -22.654960419562666, -1.7608064769663838, 0.7827974635710873, 0
12.993008056156519, -4.852236772806021, 23.83331624771125, -1.7913391667651257, 0.6943628389164416, 0
24.935792322804375, -8.895848898163274, -9.620307337365793, -1.7364267022309388, 0.6214937427072474, 0
25.882378711037074, -7.926274911499858, -12.001589737384796, -1.7727358735236198, 0.5363398923996673, 0
21.916507118789376, -5.5827088557817595, -17.51718336428995, -1.7247352524043817, 0.4632526832218066, 0
17.16159760836107, -4.3019843554409904, -19.576157727033472, -1.6666237867223448, 0.3842632660637658, 0
11.833472797405026, -2.4338229187910514, -24.674393557837327, -1.608928642440309, 0.30774954142111727, 0
6.743004164687203, -0.42634029428406267, -27.40544035571966, -1.556675136222846, 0.23725829655479924, 0
0.724812506201868, -0.3389195544775795, -29.24617143223013, -1.504473060248056, 0.16165122581677452, 0
-4.564890562124895, 0.17297345290367133, -30.38072526242108, -1.448894394361723, 0.08429536869947214, 0
-9.110571764075468, 2.951200683539063e-06, -31.15907940134517, -1.4, 5.022650893095776e-16, 0
-4.564890148300952, -0.17296459925696772, -30.38072818653463, -1.448894394361723, -0.08429536869947145, 0
0.7248085362531802, 0.3389354488734706, -29.24617411613476, -1.504473060248056, -0.1616512258167738, 0
6.7430065107469925, 0.4263189066860993, -27.405443990120126, -1.556675136222846, -0.23725829655479846, 0
11.83346001948918, 2.433850107018436, -24.674404410558427, -1.608928642440309, -0.3077495414211165, 0
17.161595135677384, 4.30196635860888, -19.576173479561707, -1.6666237867223448, -0.38426326606376504, 0
21.916517136713207, 5.582719967115965, -17.517178141471575, -1.7247352524043822, -0.46325268322180585, 0
25.882389199176007, 7.926278404395293, -12.001639739771392, -1.7727358735236203, -0.5363398923996664, 0
24.93581128653061, 8.895856550229137, -9.620321831652966, -1.7364267022309392, -0.6214937427072466, 0
12.993424093257397, 4.852394063524758, 23.8325310715843, -1.7913391667651262, -0.6943628389164407, 0
37.3830342600349, 16.355893815262945, -22.654254763542077, -1.7608064769663843, -0.7827974635710864, 0
29.85043364671759, 15.373176703859702, -12.426844621184634, -1.7149903303825962, -0.8741998269580423, 0
8.364989129425915, 4.555698269829828, 26.96720956697802, -1.763842529455995, -0.9427934722314719, 0
0.007086215850464531, -0.30616152975701977, 35.90734973186501, -1.715457220699685, -1.0282054872199968, 0
60.417594369328086, -29.983098650620093, -29.25738325794628, -1.8079785870981138, 0.8551101850607956, 0
25.00053389701664, -10.205533628868217, 7.013195177002421, -1.8477590658702419, 0.7653668626837267, 0
-12.815851818818155, 4.871191917774586, 49.48391388333199, -1.8830881310377148, 0.673779704907239, 0
22.486381020651187, -7.526581597436858, 6.058440505738488, -1.8265142308777598, 0.6034595543756622, 0
49.67118766687134, -13.553885116809978, -39.109435979939974, -1.8600495812180389, 0.5225440516929031, 0
25.83122952792279, -6.421870494564881, -8.449056615940258, -1.8068279670338427, 0.45776548864942035, 0
24.742111579297163, -5.037394031082354, -11.405350407706905, -1.7834850070238437, 0.37229833005508595, 0
18.61857139743436, -2.567618400035615, -17.67179068864493, -1.70661700735703, 0.2968206050300784, 0
14.14769787793445, -2.4975252119582056, -22.79916218223901, -1.654137279419231, 0.23248501866979668, 0
9.617480750410252, -0.7878480494919945, -25.689523204272877, -1.60124122516329, 0.1605173285081561, 0
4.922194296050963, -0.0032870383409872063, -28.018600651223693, -1.551518084004158, 0.08250357530803584, 0
-0.8447061664559375, 3.049803839869293e-06, -29.28369959981577, -1.5, 5.381411671174046e-16, 0
4.9221926601618415, 0.003267866959311601, -28.01859970988762, -1.551518084004158, -0.0825035753080351, 0
9.617478753958995, 0.7878724238590512, -25.68952100392798, -1.60124122516329, -0.1605173285081553, 0
14.147697071002117, 2.497512579183151, -22.79916847126061, -1.654137279419231, -0.23248501866979585, 0
18.6185812708636, 2.567630936169476, -17.671777285859655, -1.70661700735703, -0.2968206050300776, 0
24.742111401196183, 5.03739544895146, -11.405385718470857, -1.7834850070238437, -0.37229833005508517, 0
25.831206949401196, 6.42186743756538, -8.448969716167129, -1.8068279670338427, -0.45776548864941957, 0
49.67114192579908, 13.553880813785863, -39.109380525492625, -1.8600495812180393, -0.5225440516929022, 0
22.48629024148965, 7.526548795717556, 6.058675743943431, -1.8265142308777602, -0.6034595543756613, 0
-12.815173791269293, -4.870960373266739, 49.483182090642586, -1.8830881310377152, -0.6737797049072382, 0
25.00100248305273, 10.205730297942944, 7.012678891369933, -1.8477590658702423, -0.7653668626837258, 0
60.4164966355784, 29.982562961565883, -29.256071732031376, -1.8079785870981142, -0.8551101850607947, 0
62.01485360302066, -20.718838568196674, -27.61695425684567, -1.9138806719338788, 0.5805693529613207, 0
55.063733803457424, -12.112434749264542, -19.90075072718289, -1.9400625066914847, 0.4859603585992942, 0
19.954810187052107, -4.412076514781099, 9.965563083717242, -1.8781352021514068, 0.41514692886955246, 0
14.780189443842188, -2.8037222546262983, 20.142388021795707, -1.8777224958518008, 0.31812439710975876, 0
23.633569657893673, -4.027770531792796, -11.74841296463789, -1.794565286886676, 0.28822343012574375, 0
20.861435913237788, -2.515018499173578, -15.633483106254852, -1.749933675951113, 0.22922049720106974, 0
17.731676562469165, -1.4228374197220248, -19.313595796136507, -1.702458372799583, 0.16182299992180182, 0
12.574577745384138, -0.8844225108868062, -23.264838387042285, -1.65252241537249, 0.08519729104383778, 0
9.320669831375806, 1.680497549978499e-05, -25.781275946088034, -1.6, 5.740172449252317e-16, 0
12.574579310325095, 0.8844080798704962, -23.264835744551544, -1.65252241537249, -0.085197291043837, 0
17.73167466469294, 1.4228493777463722, -19.31359508380305, -1.702458372799583, -0.161822999921801, 0
20.861421359215512, 2.5150128388524866, -15.633498810295746, -1.749933675951113, -0.22922049720106885, 0
23.6335892547926, 4.027770415720746, -11.748446264007166, -1.794565286886676, -0.288223430125743, 0
14.780121673667582, 2.8037075502504996, 20.14254147725622, -1.8777224958518008, -0.3181243971097579, 0
19.954950331381312, 4.412107009268289, 9.965301761282163, -1.8781352021514068, -0.41514692886955157, 0
55.06461559210987, 12.112629817637442, -19.901687415674303, -1.9400625066914852, -0.4859603585992933, 0
62.013677497574726, 20.718447541112123, -27.615623830520892, -1.9138806719338792, -0.5805693529613198, 0
-14.468008553082198, 2.358919222100921, 48.929662093031034, -1.9615705610265908, 0.3901806429255864, 0
17.30888328072665, -2.385396811411494, 16.919674053270043, -1.978353020053923, 0.29346094807234824, 0
38.97009151855143, -5.148580511550352, -21.878125835846465, -1.918226487874774, 0.23859821036421888, 0
27.09903386926024, -3.4479753665848802, -10.78079031515107, -1.840114950878146, 0.23302846599640267, 0
23.068452920322724, -2.2651102482430634, -15.791647027463927, -1.798689198938693, 0.16730188206201285, 0
20.747894889410368, -0.8303926142371357, -16.230244211218285, -1.749755040065526, 0.08571313445161007, 0
16.95153049608451, 1.4448676078750204e-06, -20.023796257178702, -1.7, 6.098933227330585e-16, 0
20.74788406931311, 0.8303931117500628, -16.230218353686627, -1.749755040065526, -0.08571313445160923, 0
23.06845886256473, 2.265107997873662, -15.791623070759771, -1.798689198938693, -0.16730188206201196, 0
27.099058940195427, 3.4479827676493304, -10.780857376069493, -1.840114950878146, -0.23302846599640178, 0
38.97024586473414, 5.148602005661514, -21.87839616481829, -1.918226487874774, -0.23859821036421794, 0
17.30910411321619, 2.3854399420747945, 16.91943394556192, -1.978353020053923, -0.29346094807234735, 0
-14.468469612593234, -2.3590090678352413, 48.93023425127033, -1.9615705610265908, -0.3901806429255855, 0
73.7465143055979, -6.0937746557058965, -40.26873647728014, -1.990369453396863, 0.1960342801263907, 0
30.830523837390874, -2.253178987533019, -10.156716621142266, -1.90155255976582, 0.1567023791156122, 0
22.391450877256993, -1.0538029809412435, -2.2373518476680356, -1.845393339872274, 0.08381034566569985, 0
20.35305790994835, 2.4798295156719245e-06, -9.018564987200135, -1.8, 6.457694005408856e-16, 0
22.391424642597645, 1.0538036668807627, -2.2372926781795806, -1.845393339872274, -0.08381034566569896, 0
30.830460888350277, 2.253177471146577, -10.156607042254844, -1.90155255976582, -0.15670237911561125, 0
73.7466829966883, 6.093783308727012, -40.268918185392714, -1.990369453396863, -0.1960342801263897, 0
-7.7112765810399, 0.728765283482562, 41.75532056557104, -1.997590912420535, 0.09813534844740751, 0
12.022466746493762, -0.4099810670081354, 23.84594193369987, -1.925357763896807, 0.07237533873083313, 0
35.87350666041666, 2.271533857856614e-06, -22.457707768487992, -1.9, 6.816454783487124e-16, 0
12.022215930557465, 0.40996998253948347, 23.846354771696863, -1.925357763896807, -0.07237533873083221, 0
-7.711777839558154, -0.7288069551401788, 41.75581043021183, -1.997590912420535, -0.09813534844740657, 0
46.00796556120742, -6.7136459700576415e-06, -14.848299828076751, -2.0, 7.175215561565395e-16, 0
