"f:0","f:1","f:2",":0",":1",":2"
-27.03569700411416, -3.321648731224143e-06, 0, 2.0, 0.0, 0
-19.47691288147269, 8.247732194765388e-07, 0, 1.9, 0.0, 0
-18.460275494221218, -0.7017585321649954, 0, 1.925357763896807, 0.07237533873083243, 0
-10.010536177689994, -0.20413107803132366, 0, 1.997590912420535, 0.09813534844740679, 0
-18.460272406322606, 0.7017588315195449, 0, 1.925357763896807, -0.07237533873083338, 0
-10.010522562525273, 0.20413029383712325, 0, 1.997590912420535, -0.09813534844740776, 0
-18.328466519558116, -2.396059318556256e-07, 0, 1.8, 0.0, 0
-18.981517455543273, -0.9118598815411227, 0, 1.845393339872274, 0.08381034566569918, 0
-21.426425447583878, -1.7815062637500818, 0, 1.90155255976582, 0.1567023791156115, 0
-32.812778000349475, -4.346072055916816, 0, 1.990369453396863, 0.19603428012639, 0
-18.981516358390845, 0.9118595560417676, 0, 1.845393339872274, -0.08381034566570007, 0
-21.426424305824135, 1.7815059795798716, 0, 1.90155255976582, -0.15670237911561238, 0
-32.81278644045893, 4.346072383660119, 0, 1.990369453396863, -0.19603428012639093, 0
-16.93384227841683, -0.8438909722112276, 0, 1.749755040065526, 0.08571313445160944, 0
-15.254886023970768, -3.298315058349751e-08, 0, 1.7, 0.0, 0
-16.933842187208075, 0.843891245545388, 0, 1.749755040065526, -0.0857131344516103, 0
-18.88688323808986, 1.7323180434915604, 0, 1.798689198938693, -0.16730188206201305, 0
-19.673480389400847, 2.5030358036558797, 0, 1.840114950878146, -0.2330284659964029, 0
-22.32405827477321, 2.50294640534704, 0, 1.918226487874774, -0.23859821036421908, 0
-17.852629132211366, 1.8494033006550006, 0, 1.978353020053923, -0.2934609480723485, 0
-18.886883776081277, -1.7323182551637648, 0, 1.798689198938693, 0.1673018820620122, 0
-19.673480076766268, -2.5030359320191486, 0, 1.840114950878146, 0.233028465996402, 0
-22.324058850625185, -2.502946687531743, 0, 1.918226487874774, 0.2385982103642182, 0
-17.85263877750832, -1.8494048369785492, 0, 1.978353020053923, 0.2934609480723475, 0
-13.607538196626658, -0.7072949625907821, 0, 1.65252241537249, 0.08519729104383718, 0
-15.638652558765363, -1.4917099594203185, 0, 1.702458372799583, 0.1618229999218012, 0
-17.43894928056007, -2.3279666947205695, 0, 1.749933675951113, 0.2292204972010691, 0
-18.87715497726708, -2.885112031215012, 0, 1.794565286886676, 0.2882234301257431, 0
-19.133461729577885, -3.6846912218710504, 0, 1.877722495851801, 0.3181243971097581, 0
-9.283525327594548, -1.8546592955613115, 0, 1.961570561026591, 0.3901806429255857, 0
-11.496385024890833, 2.1883418011577803e-07, 0, 1.6, 0.0, 0
-13.60753814246556, 0.7072947638200185, 0, 1.65252241537249, -0.08519729104383798, 0
-15.63865254074084, 1.4917097750954695, 0, 1.702458372799583, -0.161822999921802, 0
-17.43894986580658, 2.3279670786662927, 0, 1.749933675951113, -0.22922049720106993, 0
-18.877154938346912, 2.8851118128891304, 0, 1.794565286886676, -0.288223430125744, 0
-19.133464073726266, 3.6846916350643064, 0, 1.877722495851801, -0.318124397109759, 0
-9.28354428269432, 1.8546627963318758, 0, 1.961570561026591, -0.3901806429255867, 0
-9.608426033903953, -0.4919977285566335, 0, 1.551518084004158, 0.08250357530803529, 0
-11.827462019330131, -1.1770969351356526, 0, 1.60124122516329, 0.1605173285081555, 0
-14.191688843955127, -1.9974257436630292, 0, 1.654137279419231, 0.2324850186697961, 0
-16.341985786665497, -2.894972894435563, 0, 1.70661700735703, 0.2968206050300778, 0
-18.812111513685185, -3.9518368041577236, 0, 1.783485007023844, 0.3722983300550853, 0
-19.428856702390465, -4.01097338927078, 0, 1.878135202151407, 0.4151469288695518, 0
-27.738074530019542, -8.656851479384494, 0, 1.940062506691485, 0.4859603585992935, 0
-7.400821916320119, 1.7203461490193108e-07, 0, 1.5, 0.0, 0
-9.608426086035095, 0.49199733670897894, 0, 1.551518084004158, -0.08250357530803604, 0
-11.827462135730636, 1.1770973660275679, 0, 1.60124122516329, -0.16051732850815628, 0
-14.191688969261573, 1.9974256808689694, 0, 1.654137279419231, -0.23248501866979687, 0
-16.34198587514413, 2.8949727116898303, 0, 1.70661700735703, -0.2968206050300787, 0
-18.81211274792895, 3.951837137784969, 0, 1.783485007023844, -0.37229833005508617, 0
-19.42886213900504, 4.010974166578649, 0, 1.878135202151407, -0.4151469288695527, 0
-27.738081410700723, 8.65685272074605, 0, 1.9400625066914845, -0.4859603585992945, 0
-7.925809615010296, -0.8694686703858188, 0, 1.504473060248056, 0.161651225816774, 0
-10.409941406222162, -1.5482846844577052, 0, 1.556675136222846, 0.2372582965547987, 0
-12.899275364387567, -2.4744050030045854, 0, 1.608928642440309, 0.3077495414211167, 0
-15.587813823710038, -3.574508669509172, 0, 1.666623786722345, 0.3842632660637652, 0
-18.18324246903497, -4.932021064790832, 0, 1.724735252404382, 0.463252683221806, 0
-20.115022449221073, -5.1966166212023275, 0, 1.806827967033843, 0.4577654886494197, 0
-24.023262212541688, -6.84138231644346, 0, 1.860049581218039, 0.5225440516929024, 0
-30.8984860421214, -7.572267236924035, 0, 1.913880671933879, 0.5805693529613201, 0
-5.608619756484964, -0.3324572355166083, 0, 1.448894394361723, 0.08429536869947163, 0
-3.846460117426837, 1.9873700644285598e-09, 0, 1.4, 0.0, 0
-5.608619865489132, 0.33245719309323185, 0, 1.448894394361723, -0.08429536869947232, 0
-7.9258095575586225, 0.8694690877263443, 0, 1.504473060248056, -0.1616512258167747, 0
-10.409941656646009, 1.5482842138044568, 0, 1.556675136222846, -0.2372582965547994, 0
-12.899275653094122, 2.4744054629733765, 0, 1.608928642440309, -0.3077495414211175, 0
-15.587814192433616, 3.5745089963594348, 0, 1.666623786722345, -0.3842632660637661, 0
-18.183241943104438, 4.932020464914509, 0, 1.7247352524043815, -0.4632526832218069, 0
-20.115018665710778, 5.196615359180079, 0, 1.806827967033843, -0.45776548864942057, 0
-24.02324797230969, 6.84137720417396, 0, 1.8600495812180387, -0.5225440516929033, 0
-30.8984136361924, 7.572250573438655, 0, 1.9138806719338786, -0.580569352961321, 0
-4.402402809574829, -0.49243361686761694, 0, 1.408476576377102, 0.16364735077342, 0
-2.3848453984455102, -0.1495140718656503, 0, 1.350719424769666, 0.08433831125705356, 0
-1.1344831533714854, -3.628137336278843e-08, 0, 1.3, 0.0, 0
-2.3848453839350676, 0.14951424227227758, 0, 1.350719424769666, -0.08433831125705422, 0
-4.402402783619479, 0.49243355763788316, 0, 1.408476576377102, -0.16364735077342066, 0
-6.602339490811518, 1.1063846260731585, 0, 1.460032945359217, -0.24168543505676388, 0
-9.086918570985954, 1.8971003934855113, 0, 1.511585444659045, -0.31507177135246767, 0
-11.985408558225366, 2.988433076595025, 0, 1.568313771636059, -0.3941642381810172, 0
-14.852110460798194, 4.324939458699627, 0, 1.6260757318276555, -0.4732874737391062, 0
-17.31451467587809, 5.642020663330728, 0, 1.6818615073767607, -0.5495238337509647, 0
-19.931126548810365, 5.962137715177695, 0, 1.7727358735236196, -0.5363398923996675, 0
-20.10075002867969, 7.11195649575153, 0, 1.8265142308777595, -0.6034595543756625, 0
-9.642763873294314, 3.4163785901570125, 0, 1.8830881310377146, -0.6737797049072393, 0
-6.602339366138502, -1.1063845681983284, 0, 1.460032945359217, 0.2416854350567632, 0
-9.086918435475415, -1.8971000626346928, 0, 1.511585444659045, 0.3150717713524669, 0
-11.985408131768217, -2.988433323692807, 0, 1.568313771636059, 0.3941642381810164, 0
-14.852109480636939, -4.324939312576255, 0, 1.626075731827656, 0.4732874737391054, 0
-17.314513020805343, -5.642019225517053, 0, 1.681861507376761, 0.5495238337509638, 0
-19.9311261440512, -5.962137596574473, 0, 1.77273587352362, 0.5363398923996666, 0
-20.100755754032804, -7.111958150906859, 0, 1.82651423087776, 0.6034595543756616, 0
-9.64275457671688, -3.4163752667055376, 0, 1.883088131037715, 0.6737797049072384, 0
-1.4689836934972984, -0.21051828390061073, 0, 1.305111184364716, 0.1804883631211966, 0
-0.2521769895834593, -0.013702056974185937, 0, 1.24352230867251, 0.08289052327482099, 0
0.09963188793416863, 3.0347359462187673e-09, 0, 1.2, 0.0, 0
-0.2521769801543387, 0.013702082944167247, 0, 1.24352230867251, -0.0828905232748216, 0
-1.4689836789302233, 0.2105182214941279, 0, 1.305111184364716, -0.1804883631211972, 0
-3.7669204847214304, 0.636228818919158, 0, 1.378794151486905, -0.23844180762570877, 0
-5.161622903906635, 1.1855225852529845, 0, 1.405392237940101, -0.32572371322883276, 0
-8.237432847574796, 2.2699987234248202, 0, 1.470159700416335, -0.404696450170632, 0
-11.245172749251207, 3.5761204825877932, 0, 1.5283632264543165, -0.4843729061305559, 0
-14.263140616687108, 5.071652541125534, 0, 1.5865568463720716, -0.5641479150865274, 0
-16.77908364515851, 6.588278774343253, 0, 1.6419626264830665, -0.6426181027478073, 0
-18.861072775956483, 6.7927165070885245, 0, 1.7364267022309385, -0.6214937427072477, 0
-18.708162936535857, 6.8448304073488915, 0, 1.7913391667651255, -0.6943628389164418, 0
-18.646361012608168, 8.69697789944512, 0, 1.8477590658702416, -0.7653668626837269, 0
-3.766920378000472, -0.636228576236403, 0, 1.378794151486905, 0.2384418076257081, 0
-5.16162298715222, -1.1855225981831548, 0, 1.405392237940101, 0.3257237132288321, 0
-8.237432338900415, -2.2699986087621387, 0, 1.470159700416335, 0.4046964501706312, 0
-11.245172340622686, -3.5761199826948165, 0, 1.528363226454317, 0.4843729061305551, 0
-14.263139121379794, -5.07165204104904, 0, 1.586556846372072, 0.5641479150865265, 0
-16.779078984995884, -6.588278584313743, 0, 1.641962626483067, 0.6426181027478064, 0
-18.861070292498997, -6.792715958418189, 0, 1.736426702230939, 0.6214937427072468, 0
-18.70814117632993, -6.844823125208498, 0, 1.791339166765126, 0.6943628389164409, 0
-18.64626879323773, -8.696932787982684, 0, 1.847759065870242, 0.765366862683726, 0
0.13611051603753407, 0.02070556233712988, 0, 1.192128597840858, 0.1629792319821839, 0
-0.5348626003148454, -0.09910446464502333, 0, 1.241447666034747, 0.2404205946489285, 0
-2.1463946527832536, -0.46284020413423943, 0, 1.314957813393389, 0.2806641759483286, 0
-2.719816591308505, -0.7404977211820764, 0, 1.318583496802182, 0.3602500520608822, 0
-4.78451741864859, -1.4751484711846763, 0, 1.371676398858966, 0.4203758574892204, 0
-7.647335852352703, -2.630453876604882, 0, 1.430342127109437, 0.4948637957333438, 0
-10.74027999163648, -4.126228897959933, 0, 1.488472548647581, 0.5744915403944619, 0
-13.747008188236874, -5.814236790236472, 0, 1.546110973989721, 0.6540051475348, 0
-16.375394479833265, -7.488426695877369, 0, 1.60160184408504, 0.7325823455244405, 0
-18.624099495228048, -7.811821599281738, 0, 1.695934885008395, 0.7136918965214646, 0
-21.114311038688694, -9.692999782881193, 0, 1.760806476966384, 0.7827974635710866, 0
-30.269513999328215, -12.529446034064534, 0, 1.807978587098114, 0.855110185060795, 0
-0.05661466722798654, -0.0031052083587058583, 0, 1.138169535355098, 0.07974471943189435, 0
-0.559756036504921, 7.77274767839723e-09, 0, 1.1, 0.0, 0
-0.05661468906945246, 0.00310520020120976, 0, 1.138169535355098, -0.0797447194318949, 0
0.1361105335853811, -0.02070556924518854, 0, 1.192128597840858, -0.16297923198218445, 0
-0.5348625617701763, 0.09910454185334615, 0, 1.241447666034747, -0.24042059464892906, 0
-2.1463947132290406, 0.4628401898369862, 0, 1.314957813393389, -0.28066417594832926, 0
-2.719816613134447, 0.7404978255259307, 0, 1.318583496802182, -0.36025005206088284, 0
-4.784517553962614, 1.4751486970060368, 0, 1.371676398858966, -0.42037585748922107, 0
-7.6473358088709755, 2.6304539016307134, 0, 1.4303421271094365, -0.4948637957333446, 0
-10.740281101843072, 4.126229430516226, 0, 1.4884725486475805, -0.5744915403944626, 0
-13.747010434984123, 5.814237835063577, 0, 1.5461109739897205, -0.6540051475348009, 0
-16.375398569685345, 7.488429810687837, 0, 1.6016018440850395, -0.7325823455244413, 0
-18.624109917308896, 7.811828235278016, 0, 1.6959348850083946, -0.7136918965214655, 0
-21.1143191529621, 9.692998846259098, 0, 1.7608064769663836, -0.7827974635710875, 0
-30.26940384869071, 12.529389835823205, 0, 1.8079785870981135, -0.8551101850607958, 0
-0.8485260988065374, -0.13411463583670094, 0, 1.0720528450615, 0.1590240178884542, 0
0.150304113404074, 0.030957376104104352, 0, 1.15281659098148, 0.2566608740185471, 0
-0.5935039983663197, -0.16370427057290926, 0, 1.22893033404912, 0.3375615420306762, 0
-2.0505153936025526, -0.682838595414855, 0, 1.274352806264894, 0.4258792832046661, 0
-4.364006758583333, -1.651093836793312, 0, 1.33242407786863, 0.5053190063356232, 0
-7.261686255760479, -3.0778072088634554, 0, 1.390462368480368, 0.584930718249441, 0
-10.337971640923062, -4.75729358308816, 0, 1.448502817926906, 0.664608999564474, 0
-13.412201161204788, -6.6263769630136755, 0, 1.506778429152707, 0.7443886984906201, 0
-15.888303763324474, -8.354716509006746, 0, 1.56205144730995, 0.823041815699392, 0
-18.493502729516415, -8.93306592827322, 0, 1.659230004885436, 0.803276523890387, 0
-19.817483138616623, -10.250464579154633, 0, 1.714990330382596, 0.8741998269580425, 0
-14.834074405799027, -8.038774147160543, 0, 1.763842529455995, 0.9427934722314721, 0
-1.3973003721036579, -0.09906818507210305, 0, 1.061081421412945, 0.06735717557886059, 0
-2.760399040239506, -2.6608639860646415e-08, 0, 1.0, 0.0, 0
-1.3973008375045461, 0.09906833711001532, 0, 1.061081421412945, -0.06735717557886112, 0
-0.8485262504816173, 0.13411469045989163, 0, 1.0720528450615, -0.1590240178884547, 0
0.1503041072115752, -0.03095738947583388, 0, 1.15281659098148, -0.25666087401854765, 0
-0.5935040057102559, 0.16370427720237227, 0, 1.22893033404912, -0.33756154203067684, 0
-2.050515389376095, 0.6828385413459661, 0, 1.274352806264894, -0.4258792832046668, 0
-4.364006705445766, 1.6510939432055032, 0, 1.3324240778686296, -0.5053190063356239, 0
-7.261686552535511, 3.077807370574053, 0, 1.3904623684803676, -0.5849307182494417, 0
-10.337971394914478, 4.757293595314848, 0, 1.4485028179269055, -0.6646089995644746, 0
-13.412202273950909, 6.626377481475209, 0, 1.5067784291527067, -0.7443886984906207, 0
-15.888308119948672, 8.354717146098261, 0, 1.5620514473099496, -0.8230418156993929, 0
-18.49351371213432, 8.933067272292595, 0, 1.6592300048854356, -0.8032765238903878, 0
-19.817514045142733, 10.25048726342591, 0, 1.7149903303825955, -0.8741998269580434, 0
-14.834266788310536, 8.038863767094735, 0, 1.7638425294559945, -0.942793472231473, 0
-0.9372320996599194, -0.23754100016240629, 0, 1.051303538048058, 0.2633378282414612, 0
0.12369228226955156, 0.037978901302976424, 0, 1.117643317326696, 0.3502012884175723, 0
-0.33079440517871267, -0.12134184229540537, 0, 1.178148416504888, 0.4320719818385376, 0
-1.8422491030567778, -0.7671322716967214, 0, 1.234571908203628, 0.5154852189140624, 0
-4.170537151094316, -1.9236851908788766, 0, 1.292528702611174, 0.5953334383396661, 0
-7.1050951154966775, -3.5275815600367095, 0, 1.350493084598508, 0.6750212816923143, 0
-10.198654719048498, -5.468594238412258, 0, 1.408699502692552, 0.7548166110252065, 0
-13.149075421980479, -7.483214585056017, 0, 1.466839941415621, 0.8346256566344636, 0
-15.610762383071819, -9.386573688661004, 0, 1.524866426372011, 0.9144828712749438, 0
-17.420084201632903, -9.545496537199934, 0, 1.619995045560255, 0.8933457950678957, 0
-17.01197185330834, -9.490000679355816, 0, 1.673818225914184, 0.9609839431422547, 0
-12.381513992895213, -7.334131288102126, 0, 1.715457220699685, 1.028205487219997, 0
-4.312247283380728, -0.8676354608755991, 0, 0.9807852803005146, 0.1950903225325157, 0
-3.934912657269711, -0.3698866921588956, 0, 0.9951847266481262, 0.09801714057395434, 0
-3.9349160417755003, 0.36988708116815183, 0, 0.9951847266481262, -0.09801714057395484, 0
-4.3122463140678216, 0.8676353226130612, 0, 0.9807852803005146, -0.19509032253251615, 0
-0.9372320635152733, 0.237541024484363, 0, 1.051303538048058, -0.26333782824146174, 0
0.12369228553598767, -0.03797891015224481, 0, 1.117643317326696, -0.35020128841757286, 0
-0.3307944065409996, 0.12134190100503232, 0, 1.178148416504888, -0.4320719818385382, 0
-1.8422491118567677, 0.7671322884469169, 0, 1.2345719082036275, -0.5154852189140631, 0
-4.1705368106496, 1.9236853238413851, 0, 1.2925287026111736, -0.5953334383396668, 0
-7.105094936493485, 3.527581607465304, 0, 1.3504930845985075, -0.675021281692315, 0
-10.19865446623275, 5.468594491214172, 0, 1.4086995026925515, -0.7548166110252071, 0
-13.149073944519836, 7.483214015012591, 0, 1.4668399414156206, -0.8346256566344643, 0
-15.610757422328811, 9.386570165493051, 0, 1.5248664263720106, -0.9144828712749444, 0
-17.420091167918518, 9.545504012639311, 0, 1.6199950455602545, -0.8933457950678966, 0
-17.011992439923656, 9.48999895030865, 0, 1.6738182259141836, -0.9609839431422555, 0
-12.381434800561067, 7.334093640256084, 0, 1.7154572206996845, -1.028205487219998, 0
-0.9747889285203318, -0.35310185040992326, 0, 1.018214227070709, 0.3671809184897634, 0
0.08052512875867988, 0.033384037941065196, 0, 1.076169958945848, 0.4498620301503197, 0
-0.2884244142306315, -0.13458413002096578, 0, 1.135396837753775, 0.5284669814751648, 0
-1.826510034381002, -0.9281056806610988, 0, 1.194766054099257, 0.6062678494800462, 0
-4.168268177959659, -2.287699271061875, 0, 1.252370216269532, 0.685478871495286, 0
-7.064197485255517, -4.1598253945567905, 0, 1.3104884896424, 0.7652989106939977, 0
-10.142265625272948, -6.267635840659274, 0, 1.36866635745067, 0.8451191547724257, 0
-13.014614761349428, -8.421932449636186, 0, 1.426839229713628, 0.9249360406674267, 0
-15.385182905294084, -10.445223234125331, 0, 1.487192823862205, 1.005226982012683, 0
-17.08803695982639, -10.541851504534083, 0, 1.586689679729873, 0.9876154922038805, 0
-17.791624383094046, -11.598702180769509, 0, 1.641934549656702, 1.039743585172241, 0
-23.412201969719952, -15.878027032733405, 0, 1.662939225219945, 1.11114046511901, 0
-3.5166157674688097, -1.0551286036272993, 0, 0.9569403354914541, 0.2902846780481245, 0
-3.516617517160795, 1.0551291579293942, 0, 0.9569403354914539, -0.29028467804812497, 0
-0.9747886365028418, 0.3531017884635269, 0, 1.018214227070709, -0.367180918489764, 0
0.08052512919496979, -0.03338406336944946, 0, 1.076169958945848, -0.4498620301503203, 0
-0.2884243709674247, 0.13458411661669686, 0, 1.1353968377537746, -0.5284669814751655, 0
-1.8265099572089123, 0.9281056562101874, 0, 1.1947660540992566, -0.6062678494800469, 0
-4.1682678830628985, 2.287699043845888, 0, 1.2523702162695316, -0.6854788714952866, 0
-7.064196314981842, 4.15982473707697, 0, 1.3104884896423996, -0.7652989106939984, 0
-10.142263001415538, 6.267634519617761, 0, 1.3686663574506694, -0.8451191547724264, 0
-13.01460925728785, 8.421928637515327, 0, 1.4268392297136276, -0.9249360406674274, 0
-15.385171870577945, 10.445216709516394, 0, 1.4871928238622045, -1.0052269820126838, 0
-17.088022840604697, 10.541840062537117, 0, 1.5866896797298726, -0.9876154922038813, 0
-17.79159396459745, 11.598685542691008, 0, 1.6419345496567015, -1.0397435851722419, 0
-23.412214400020286, 15.87799241958832, 0, 1.6629392252199446, -1.1111404651190109, 0
-0.9490340883409129, -0.4423951029710115, 0, 0.977025244635335, 0.4624837956033013, 0
0.08464252818492644, 0.04329848870151136, 0, 1.032500985541479, 0.5428645879892379, 0
-0.3493458837743385, -0.1981176481616877, 0, 1.094742016863645, 0.6201028128384849, 0
-1.9519534811553096, -1.1752560338507996, 0, 1.1545585286252, 0.6960122856690513, 0
-4.341436441445082, -2.776710708795492, 0, 1.212158793967686, 0.7757739905246708, 0
-7.413226110793888, -4.936385333162549, 0, 1.275137678856547, 0.853729623457896, 0
-10.25318339693655, -7.240031607969316, 0, 1.328612181337067, 0.9354426664762644, 0
-13.03381145722253, -9.576311160199674, 0, 1.385866027086449, 1.019032446263259, 0
-15.538808521038296, -11.633024421522606, 0, 1.471021453848095, 1.100632851764079, 0
-17.778536900950712, -12.01468298473961, 0, 1.567515739406801, 1.091675680470393, 0
-14.32271689546999, -10.98050569586886, 0, 1.606415063464734, 1.191398608306051, 0
-4.5426928755983464, -1.8895970941333609, 0, 0.9238795320890558, 0.3826834333844453, 0
-4.542684405201835, 1.8895936691831139, 0, 0.9238795320890556, -0.38268343338444577, 0
-0.9490342371962928, 0.4423952362231487, 0, 0.9770252446353348, -0.46248379560330183, 0
0.08464251968499577, -0.04329847817442006, 0, 1.0325009855414786, -0.5428645879892383, 0
-0.3493458809421491, 0.19811764358944936, 0, 1.0947420168636446, -0.6201028128384856, 0
-1.951953206532061, 1.1752560161113033, 0, 1.1545585286251996, -0.6960122856690519, 0
-4.3414355975392365, 2.776710620497101, 0, 1.2121587939676857, -0.7757739905246714, 0
-7.413225265581925, 4.936384354707561, 0, 1.2751376788565465, -0.8537296234578967, 0
-10.253179617377437, 7.240029237667926, 0, 1.3286121813370666, -0.9354426664762651, 0
-13.03380288346801, 9.576305047844198, 0, 1.3858660270864485, -1.0190324462632598, 0
-15.538781628050629, 11.633002275887243, 0, 1.4710214538480946, -1.10063285176408, 0
-17.778501619015827, 12.014659403263124, 0, 1.5675157394068004, -1.091675680470394, 0
-14.322592932380644, 10.980427230986491, 0, 1.6064150634647336, -1.191398608306052, 0
-0.8012879803762447, -0.4768752548820196, 0, 0.92968117317807, 0.5564096079935327, 0
0.11467510807296695, 0.07659970166862287, 0, 0.9943733839053599, 0.6347771908059432, 0
-0.555555882152282, -0.38056138942611817, 0, 1.056856311256797, 0.7122279816114663, 0
-2.1892466186295696, -1.5420839059033904, 0, 1.113689590842537, 0.7861793293564018, 0
-4.867874300299585, -3.629780691539413, 0, 1.17517897211649, 0.873307275310511, 0
-7.854781328846144, -5.847984693263922, 0, 1.252431857278716, 0.9266897559055779, 0
-9.589633131407505, -7.649834631226297, 0, 1.266041994625445, 1.00850736290665, 0
-12.04068929398177, -9.915617413071637, 0, 1.318783576629157, 1.0857116179684, 0
-14.275769226860284, -11.736089584006582, 0, 1.389295997161389, 1.145426465030106, 0
-15.477767407496229, -13.00231301632993, 0, 1.456244620533568, 1.226298626173923, 0
-15.644821443231693, -12.530335869584768, 0, 1.546020907038911, 1.268786567945367, 0
-15.942780336729875, -12.202052394030265, 0, 1.528003154525358, 1.173614760301, 0
-3.0206343079709597, -1.61526367619114, 0, 0.8819212639518064, 0.4713967375678881, 0
-3.0206439757692882, 1.615268674208402, 0, 0.8819212639518061, -0.4713967375678885, 0
-0.8012880148547913, 0.4768752490715322, 0, 0.9296811731780698, -0.5564096079935331, 0
0.11467509714012508, -0.07659968866009434, 0, 0.9943733839053597, -0.6347771908059436, 0
-0.5555557970243512, 0.38056133631805317, 0, 1.0568563112567966, -0.7122279816114667, 0
-2.189246694633544, 1.5420836928630788, 0, 1.1136895908425366, -0.7861793293564024, 0
-4.8678731768173495, 3.629780013287605, 0, 1.1751789721164896, -0.8733072753105117, 0
-7.8547798243915405, 5.847983895306698, 0, 1.2524318572787156, -0.9266897559055786, 0
-9.589630538985448, 7.649832452619604, 0, 1.2660419946254446, -1.0085073629066506, 0
-12.040684610960813, 9.915613445450276, 0, 1.3187835766291565, -1.085711617968401, 0
-14.275761821104213, 11.736083950300783, 0, 1.3892959971613885, -1.145426465030107, 0
-15.477746344553065, 13.002302424972992, 0, 1.4562446205335675, -1.226298626173924, 0
-15.644721022994611, 12.530246945095485, 0, 1.5460209070389106, -1.2687865679453678, 0
-15.942721476473475, 12.202007166678717, 0, 1.5280031545253576, -1.173614760301001, 0
-3.3724315709170214, -2.2553962126463474, 0, 0.8314696119998113, 0.5555702334726755, 0
-0.5465148591182039, -0.39982438104538365, 0, 0.8796881320043783, 0.6461747345790936, 0
0.07511821023621185, 0.05575986797289149, 0, 0.9625845532754309, 0.7277057816133238, 0
-0.9602400208970043, -0.7320399254650475, 0, 1.028738626910284, 0.7989842926164216, 0
-2.7870292004122086, -2.233537842120404, 0, 1.09113838606884, 0.8638623024524786, 0
-4.2393345105745395, -3.679791201567971, 0, 1.096248656236486, 0.951696733857137, 0
-6.595806802903273, -5.274713878239452, 0, 1.188504705318709, 0.9559568441791029, 0
-7.134766470730411, -6.404943437568649, 0, 1.157296276790854, 1.034940695012628, 0
-10.049323531122887, -9.049733293816079, 0, 1.227290960930341, 1.106297295520123, 0
-12.656696585709778, -11.440195681722116, 0, 1.298739571986705, 1.176443928556661, 0
-14.234757627917222, -13.015512936816885, 0, 1.364153519889213, 1.245626604323843, 0
-14.880818096078785, -13.820761930592672, 0, 1.412610623933385, 1.310256438271357, 0
-14.088080513701499, -12.915627361278574, 0, 1.481902250840829, 1.343117909549599, 0
-3.372425927710828, 2.2553927217823864, 0, 0.8314696119998111, -0.555570233472676, 0
-0.546514676976758, 0.3998242212458458, 0, 0.8796881320043781, -0.646174734579094, 0
0.07511816483098248, -0.05575984280216148, 0, 0.9625845532754305, -0.7277057816133242, 0
-0.9602399480170135, 0.7320399248951067, 0, 1.0287386269102836, -0.798984292616422, 0
-2.787028578647902, 2.2335376808222844, 0, 1.0911383860688395, -0.8638623024524793, 0
-4.23933427196589, 3.6797907662472706, 0, 1.0962486562364855, -0.9516967338571377, 0
-6.5958046969121575, 5.274711797884162, 0, 1.1885047053187086, -0.9559568441791035, 0
-7.134765889799508, 6.404942739738668, 0, 1.1572962767908535, -1.0349406950126285, 0
-10.049321924974286, 9.049731633071291, 0, 1.2272909609303406, -1.1062972955201233, 0
-12.65669576985107, 11.440194849161573, 0, 1.2987395719867045, -1.1764439285566615, 0
-14.234766813509244, 13.015520839088541, 0, 1.3641535198892125, -1.245626604323844, 0
-14.880864706730982, 13.820798745434486, 0, 1.4126106239333847, -1.310256438271358, 0
-14.088150831768314, 12.915716735403743, 0, 1.4819022508408286, -1.3431179095496, 0
-2.7196180947336286, -2.228457297029942, 0, 0.773010453243687, 0.6343932843087082, 0
-0.8864270950633638, -0.7584095884070003, 0, 0.8100549756775012, 0.7049443430595004, 0
0.00803097244562456, 0.005696843427420306, 0, 0.8744100419336953, 0.7519355547949728, 0
-0.25568656907085163, -0.22632403388012592, 0, 0.9423659715343626, 0.824063997633514, 0
-1.686572390324089, -1.479432521298651, 0, 1.011125800343335, 0.8909777622334019, 0
-2.695579242868256, -2.6955791714062753, 0, 0.9899494936603924, 0.9899494936603923, 0
-5.243439018948556, -5.243438866518089, 0, 1.060660171778835, 1.060660171778834, 0
-8.104693333991815, -8.104693568095986, 0, 1.131370849897643, 1.131370849897643, 0
-10.807654150871837, -10.807654213348547, 0, 1.202081528016508, 1.202081528016508, 0
-13.027700914427406, -13.02770063275056, 0, 1.272792206135378, 1.272792206135378, 0
-14.216609798330548, -14.216608710632249, 0, 1.343502884254265, 1.343502884254264, 0
-15.131665323472177, -15.131663434730827, 0, 1.414213562373095, 1.414213562373095, 0
-2.7196184414107054, 2.2284573221376136, 0, 0.7730104532436868, -0.6343932843087087, 0
-0.8864268703422714, 0.7584093473975344, 0, 0.8100549756775007, -0.7049443430595008, 0
0.008031040252168355, -0.005696906535266505, 0, 0.8744100419336949, -0.7519355547949732, 0
-0.2556866116886229, 0.2263241061707723, 0, 0.9423659715343622, -0.8240639976335145, 0
-1.6865722171425503, 1.479432109457019, 0, 1.0111258003433345, -0.8909777622334023, 0
-2.695579161581114, 2.6955790137345845, 0, 0.989949493660392, -0.9899494936603928, 0
-5.243437703799783, 5.243438028785788, 0, 1.0606601717788346, -1.0606601717788344, 0
-8.104692682049276, 8.104692597264107, 0, 1.1313708498976425, -1.1313708498976434, 0
-10.80765457735167, 10.807654627145991, 0, 1.2020815280165076, -1.2020815280165085, 0
-13.0277099430533, 13.027708737003943, 0, 1.2727922061353776, -1.2727922061353785, 0
-14.216635831473726, 14.216644322031058, 0, 1.3435028842542645, -1.343502884254265, 0
-15.131809613829173, 15.131798642478087, 0, 1.414213562373094, -1.4142135623730958, 0
-2.8244558629014427, -2.824455885204591, 0, 0.7071067811865476, 0.7071067811865475, 0
-0.3895751715843885, -0.3895751554117808, 0, 0.7778174593051199, 0.7778174593051198, 0
0.0709000365071907, 0.07090003158771094, 0, 0.8485281374235492, 0.848528137423549, 0
-0.8098814200934578, -0.8098814204680217, 0, 0.9192388155419372, 0.9192388155419371, 0
-1.479432396859036, -1.6865723830843555, 0, 0.8909777622334021, 1.0111258003433348, 0
-3.67979087295988, -4.239334599020132, 0, 0.9516967338571372, 1.096248656236486, 0
-6.404943231780372, -7.134766298126827, 0, 1.0349406950126285, 1.1572962767908537, 0
-9.049732928365152, -10.049323052645091, 0, 1.1062972955201231, 1.227290960930341, 0
-11.440195671654068, -12.65669621739921, 0, 1.1764439285566612, 1.2987395719867048, 0
-13.015514571630524, -14.234760875012894, 0, 1.2456266043238435, 1.3641535198892127, 0
-13.820773571856039, -14.880834330800486, 0, 1.3102564382713575, 1.4126106239333849, 0
-12.915670639086136, -14.088128606566253, 0, 1.3431179095495993, 1.4819022508408288, 0
-2.8244542226446243, 2.8244540913992386, 0, 0.7071067811865471, -0.7071067811865479, 0
-0.38957492277186573, 0.3895749757571283, 0, 0.7778174593051195, -0.7778174593051203, 0
0.07089998695767563, -0.07090000531997455, 0, 0.8485281374235487, -0.8485281374235495, 0
-0.8098814495171596, 0.809881532699405, 0, 0.9192388155419368, -0.9192388155419375, 0
-1.4794321888383692, 1.6865722901438498, 0, 0.8909777622334016, -1.0111258003433352, 0
-3.679791109296057, 4.239334168884523, 0, 0.9516967338571367, -1.0962486562364864, 0
-6.404942708901836, 7.134765367252345, 0, 1.034940695012628, -1.1572962767908541, 0
-9.049731835652572, 10.049322080885952, 0, 1.1062972955201227, -1.2272909609303415, 0
-11.440193768401391, 12.656696034681064, 0, 1.1764439285566608, -1.2987395719867052, 0
-13.015518997081823, 14.234761816794173, 0, 1.245626604323843, -1.3641535198892132, 0
-13.820792938664898, 14.880851271389062, 0, 1.3102564382713566, -1.4126106239333858, 0
-12.915698817709151, 14.088116229877564, 0, 1.3431179095495984, -1.4819022508408297, 0
-0.7584097294836554, -0.8864273430783124, 0, 0.7049443430595005, 0.8100549756775011, 0
0.0056968295670207555, 0.008030951291554367, 0, 0.7519355547949729, 0.8744100419336952, 0
-0.22632401395022664, -0.2556865318195233, 0, 0.8240639976335142, 0.9423659715343625, 0
-0.7320398211285182, -0.9602399308758385, 0, 0.7989842926164217, 1.028738626910284, 0
-2.2335378983879397, -2.7870288547040465, 0, 0.8638623024524787, 1.09113838606884, 0
-3.629780312666309, -4.867873930591811, 0, 0.8733072753105111, 1.1751789721164898, 0
-5.274713382605778, -6.595806057633686, 0, 0.9559568441791033, 1.1885047053187088, 0
-7.649833732015544, -9.589632367888552, 0, 1.0085073629066503, 1.2660419946254449, 0
-9.915616395480836, -12.040688157465762, 0, 1.0857116179684005, 1.3187835766291567, 0
-11.736088807977548, -14.27576776087354, 0, 1.1454264650301063, 1.3892959971613887, 0
-13.002315892194094, -15.477765390475312, 0, 1.2262986261739233, 1.4562446205335677, 0
-12.53030887085418, -15.644791861404345, 0, 1.2687865679453676, 1.5460209070389108, 0
-2.22845814646206, -2.7196190957774276, 0, 0.6343932843087086, 0.7730104532436869, 0
-0.7584094124680388, 0.8864267272036719, 0, 0.7049443430595, -0.8100549756775015, 0
0.0056969074347843675, -0.008031001474085246, 0, 0.7519355547949724, -0.8744100419336956, 0
-0.22632413246616992, 0.25568655723086153, 0, 0.8240639976335138, -0.942365971534363, 0
-0.7320399980436889, 0.9602400699292062, 0, 0.7989842926164212, -1.0287386269102845, 0
-2.2335375514254534, 2.7870284776320706, 0, 0.8638623024524783, -1.0911383860688404, 0
-3.629780257353791, 4.867873477721483, 0, 0.8733072753105104, -1.1751789721164903, 0
-5.2747122756173175, 6.595805549364837, 0, 0.9559568441791026, -1.1885047053187092, 0
-7.649833017872964, 9.589630774300497, 0, 1.0085073629066499, -1.2660419946254453, 0
-9.915613664717403, 12.040684957706164, 0, 1.0857116179684, -1.3187835766291571, 0
-11.736083042709105, 14.275758760795862, 0, 1.1454264650301054, -1.3892959971613892, 0
-13.00228687410233, 15.477746177186903, 0, 1.2262986261739224, -1.4562446205335682, 0
-12.530263922354237, 15.644701922418609, 0, 1.2687865679453667, -1.5460209070389113, 0
-2.2284576370561515, 2.719618779161142, 0, 0.6343932843087081, -0.7730104532436873, 0
-0.3998244840624179, -0.5465149697826103, 0, 0.6461747345790938, 0.8796881320043782, 0
0.055759882607693136, 0.07511822330321154, 0, 0.7277057816133241, 0.9625845532754308, 0
-0.3805613503048971, -0.5555557550597278, 0, 0.7122279816114665, 1.0568563112567968, 0
-1.5420837110726804, -2.1892466490833633, 0, 0.7861793293564019, 1.113689590842537, 0
-2.7767106385936846, -4.341435965729737, 0, 0.775773990524671, 1.2121587939676859, 0
-4.936384869929087, -7.413225418015111, 0, 0.8537296234578964, 1.275137678856547, 0
-7.240030558064701, -10.253181923384158, 0, 0.9354426664762647, 1.3286121813370668, 0
-9.576309140348242, -13.033808634169404, 0, 1.0190324462632592, 1.385866027086449, 0
-11.63301954681823, -15.538803490715877, 0, 1.1006328517640793, 1.4710214538480948, 0
-12.202053920428261, -15.942782461759741, 0, 1.1736147603010003, 1.5280031545253578, 0
-10.980536303179955, -14.322760070791741, 0, 1.1913986083060513, 1.6064150634647338, 0
-5.847984457285535, -7.854780901556678, 0, 0.9266897559055782, 1.252431857278716, 0
-2.255397232905512, -3.3724331274820853, 0, 0.5555702334726758, 0.8314696119998112, 0
-0.39982422630065245, 0.5465146276223329, 0, 0.6461747345790934, -0.8796881320043787, 0
0.05575984572524364, -0.07511816039986063, 0, 0.7277057816133237, -0.9625845532754312, 0
-0.3805613757723233, 0.555555826356779, 0, 0.712227981611466, -1.0568563112567972, 0
-1.5420837882912903, 2.189246674389208, 0, 0.7861793293564014, -1.1136895908425375, 0
-2.7767106659546923, 4.341435880636483, 0, 0.7757739905246703, -1.2121587939676863, 0
-4.936384735419679, 7.413225331783491, 0, 0.8537296234578957, -1.2751376788565474, 0
-7.240029853980091, 10.253180808728063, 0, 0.9354426664762641, -1.3286121813370673, 0
-9.57630642915333, 13.033805366061666, 0, 1.0190324462632583, -1.3858660270864493, 0
-11.633006340379556, 15.538784558231226, 0, 1.1006328517640784, -1.4710214538480952, 0
-12.20199793567082, 15.942707699307562, 0, 1.1736147603009994, -1.5280031545253583, 0
-10.980358265796282, 14.322522767081091, 0, 1.1913986083060504, -1.6064150634647343, 0
-5.847983788428926, 7.854779749640778, 0, 0.9266897559055776, -1.2524318572787165, 0
-2.2553941246608806, 3.3724280144495715, 0, 0.5555702334726753, -0.8314696119998114, 0
0.07659970752286906, 0.11467510178328108, 0, 0.6347771908059434, 0.9943733839053599, 0
-0.19811759848238022, -0.3493458175403734, 0, 0.6201028128384851, 1.094742016863645, 0
-1.1752559941661531, -1.9519532818942975, 0, 0.6960122856690514, 1.1545585286252, 0
-2.2876991037824657, -4.168267916288019, 0, 0.6854788714952862, 1.252370216269532, 0
-4.159824992812612, -7.064197251701249, 0, 0.7652989106939978, 1.3104884896423998, 0
-6.26763504014524, -10.1422641412554, 0, 0.8451191547724257, 1.3686663574506697, 0
-8.421930591716166, -13.014611828300211, 0, 0.9249360406674272, 1.4268392297136279, 0
-10.445219850529554, -15.385177716023437, 0, 1.0052269820126831, 1.487192823862205, 0
-12.01467380029656, -17.77851579408655, 0, 1.0916756804703933, 1.5675157394068007, 0
-15.877930168813355, -23.41207793975479, 0, 1.1111404651190102, 1.662939225219945, 0
-0.4768753327438758, -0.8012881092994981, 0, 0.5564096079935329, 0.9296811731780699, 0
-1.6152615298981143, -3.0206302446570867, 0, 0.47139673756788825, 0.8819212639518064, 0
0.07659968477500181, -0.1146750839455096, 0, 0.634777190805943, -0.9943733839053603, 0
-0.1981176676518662, 0.3493459733378902, 0, 0.6201028128384847, -1.0947420168636455, 0
-1.1752560471602278, 1.9519532171165912, 0, 0.6960122856690507, -1.1545585286252005, 0
-2.2876989885099666, 4.1682679384852985, 0, 0.6854788714952855, -1.2523702162695325, 0
-4.159824813014926, 7.064196407546741, 0, 0.7652989106939971, -1.3104884896424003, 0
-6.267635227067257, 10.14226414941406, 0, 0.845119154772425, -1.3686663574506701, 0
-8.421930631848088, 13.014612069420833, 0, 0.9249360406674265, -1.4268392297136283, 0
-10.445219679764877, 15.385177208444194, 0, 1.0052269820126822, -1.4871928238622054, 0
-12.014673838964574, 17.77852726302324, 0, 1.0916756804703924, -1.5675157394068011, 0
-15.87814716292161, 23.41240075794362, 0, 1.1111404651190093, -1.6629392252199455, 0
-0.47687506292498405, 0.8012876493237914, 0, 0.5564096079935325, -0.9296811731780701, 0
-1.6152651883422768, 3.0206375799669383, 0, 0.4713967375678878, -0.8819212639518066, 0
0.043298475585844626, 0.08464251755183948, 0, 0.5428645879892382, 1.0325009855414788, 0
-0.13458410924958691, -0.2884243213176341, 0, 0.528466981475165, 1.1353968377537749, 0
-0.9281056060357639, -1.8265099571551553, 0, 0.6062678494800464, 1.194766054099257, 0
-1.923685255671909, -4.1705370898284375, 0, 0.5953334383396665, 1.292528702611174, 0
-3.5275815787979052, -7.105094539575552, 0, 0.6750212816923145, 1.350493084598508, 0
-5.468594093685174, -10.198654208713759, 0, 0.7548166110252068, 1.408699502692552, 0
-7.483213690548386, -13.149073692058382, 0, 0.8346256566344639, 1.466839941415621, 0
-9.386570276018814, -15.610757739888694, 0, 0.914482871274944, 1.5248664263720109, 0
-10.54184311519627, -17.088024855668557, 0, 0.9876154922038807, 1.586689679729873, 0
-11.598682551371363, -17.791600723404542, 0, 1.0397435851722414, 1.641934549656702, 0
-7.334169087595071, -12.381570346082961, 0, 1.0282054872199975, 1.715457220699685, 0
-0.4423952943141304, -0.9490344687718958, 0, 0.46248379560330155, 0.9770252446353351, 0
-1.8896010108645915, -4.542701959650659, 0, 0.38268343338444555, 0.9238795320890558, 0
0.04329848374003298, -0.08464254476363467, 0, 0.5428645879892378, -1.0325009855414793, 0
-0.13458411260856554, 0.28842438489129385, 0, 0.5284669814751646, -1.1353968377537753, 0
-0.9281057160188727, 1.8265098997274876, 0, 0.6062678494800458, -1.1947660540992575, 0
-1.9236852043991133, 4.170536708512037, 0, 0.5953334383396658, -1.2925287026111745, 0
-3.5275817945370407, 7.105094987782605, 0, 0.6750212816923138, -1.3504930845985084, 0
-5.468594209108445, 10.19865438033223, 0, 0.7548166110252061, -1.4086995026925524, 0
-7.48321451533865, 13.149075146673031, 0, 0.8346256566344632, -1.4668399414156215, 0
-9.386573905456284, 15.610763067602337, 0, 0.9144828712749433, -1.5248664263720113, 0
-10.54185421510595, 17.088043595959782, 0, 0.98761549220388, -1.5866896797298735, 0
-11.598720395834938, 17.791652232642647, 0, 1.0397435851722405, -1.6419345496567024, 0
-7.334082116205825, 12.381427727700071, 0, 1.0282054872199966, -1.7154572206996854, 0
-0.44239503379317446, 0.9490338407452311, 0, 0.4624837956033011, -0.9770252446353354, 0
-1.8895942781280317, 4.5426856292016975, 0, 0.3826834333844451, -0.923879532089056, 0
0.03338404158260869, 0.080525090316667, 0, 0.44986203015032, 1.076169958945848, 0
-0.3531020727484363, -0.9747892669227142, 0, 0.36718091848976364, 1.018214227070709, 0
-1.05512794180952, -3.51661391585293, 0, 0.29028467804812474, 0.9569403354914541, 0
-0.12134185920526219, -0.330794384312457, 0, 0.4320719818385379, 1.178148416504888, 0
-0.767132326946945, -1.8422490913563963, 0, 0.5154852189140626, 1.2345719082036277, 0
-1.6510939492845982, -4.364006572182839, 0, 0.5053190063356234, 1.3324240778686298, 0
-3.077807118407912, -7.261686674900061, 0, 0.5849307182494412, 1.3904623684803679, 0
-4.757293451292201, -10.33797121383678, 0, 0.6646089995644744, 1.4485028179269057, 0
-6.62637683599418, -13.412200910411176, 0, 0.7443886984906205, 1.5067784291527069, 0
-8.354716076624198, -15.888303316364706, 0, 0.8230418156993926, 1.5620514473099498, 0
-9.545496065900316, -17.42008085016759, 0, 0.893345795067896, 1.619995045560255, 0
-9.489996211577552, -17.011966372574477, 0, 0.9609839431422551, 1.673818225914184, 0
-8.03872703167151, -14.83399760053549, 0, 0.9427934722314726, 1.763842529455995, 0
0.033384051667789474, -0.0805251142739532, 0, 0.44986203015031945, -1.0761699589458484, 0
-0.35310177173146273, 0.9747886869182624, 0, 0.3671809184897632, -1.018214227070709, 0
-1.0551296206925855, 3.5166192212083565, 0, 0.2902846780481243, -0.9569403354914543, 0
-0.12134188698954351, 0.3307943541220738, 0, 0.43207198183853734, -1.1781484165048886, 0
-0.7671322020559725, 1.8422490657448924, 0, 0.515485218914062, -1.2345719082036282, 0
-1.6510938741055416, 4.364006566684968, 0, 0.5053190063356228, -1.3324240778686303, 0
-3.0778069754254638, 7.261685842141574, 0, 0.5849307182494405, -1.3904623684803683, 0
-4.757293462136131, 10.337971361466192, 0, 0.6646089995644737, -1.4485028179269062, 0
-6.62637722765403, 13.412201697895146, 0, 0.7443886984906198, -1.5067784291527073, 0
-8.354717471603358, 15.888306873614646, 0, 0.8230418156993919, -1.5620514473099503, 0
-9.545501792553452, 17.420091655320334, 0, 0.8933457950678951, -1.6199950455602554, 0
-9.490006155525347, 17.01198872360409, 0, 0.9609839431422542, -1.6738182259141845, 0
-8.0388456549059, 14.834223371427594, 0, 0.9427934722314717, -1.7638425294559954, 0
0.037978925925884706, 0.12369228879289727, 0, 0.3502012884175725, 1.117643317326696, 0
-0.16370435550673282, -0.5935041239288849, 0, 0.33756154203067634, 1.2289303340491198, 0
-0.682838585933245, -2.0505155701073288, 0, 0.4258792832046663, 1.274352806264894, 0
-1.4751484959103924, -4.784518089579472, 0, 0.4203758574892207, 1.371676398858966, 0
-2.630454060959406, -7.647335523820214, 0, 0.49486379573334394, 1.4303421271094368, 0
-4.12622928775522, -10.740280407143805, 0, 0.5744915403944622, 1.4884725486475807, 0
-5.814237030285188, -13.747008731857019, 0, 0.6540051475348005, 1.546110973989721, 0
-7.4884272521378925, -16.375395585029214, 0, 0.7325823455244407, 1.6016018440850397, 0
-8.933066345953586, -18.493506579132973, 0, 0.8032765238903874, 1.6592300048854358, 0
-10.250464718803773, -19.817486143854808, 0, 0.8741998269580431, 1.7149903303825957, 0
-12.529500375492892, -30.269647920994657, 0, 0.8551101850607954, 1.807978587098114, 0
-0.23754103316270714, -0.9372318777278202, 0, 0.26333782824146135, 1.051303538048058, 0
-0.867635641814411, -4.312247802469548, 0, 0.19509032253251601, 0.9807852803005145, 0
0.03797890058435151, -0.1236922673454493, 0, 0.3502012884175719, -1.117643317326696, 0
-0.16370419507530948, 0.5935038339325092, 0, 0.3375615420306758, -1.2289303340491198, 0
-0.6828385504661122, 2.050515067760033, 0, 0.4258792832046656, -1.2743528062648943, 0
-1.4751483517399544, 4.78451704367571, 0, 0.42037585748922, -1.3716763988589664, 0
-2.6304539776056983, 7.647335745614908, 0, 0.49486379573334327, -1.4303421271094372, 0
-4.126229056367467, 10.740280009829867, 0, 0.5744915403944615, -1.4884725486475812, 0
-5.814237119689622, 13.747008861675296, 0, 0.6540051475347999, -1.5461109739897214, 0
-7.488427945255038, 16.3753959633971, 0, 0.73258234552444, -1.6016018440850401, 0
-8.933066118492473, 18.493506918671933, 0, 0.8032765238903865, -1.6592300048854363, 0
-10.250476935743691, 19.817499623961258, 0, 0.8741998269580422, -1.7149903303825962, 0
-12.529386110185197, 30.2693706155258, 0, 0.8551101850607945, -1.8079785870981144, 0
-0.23754109335783524, 0.9372324091602249, 0, 0.2633378282414608, -1.051303538048058, 0
-0.8676343283109574, 4.31224170887322, 0, 0.19509032253251551, -0.9807852803005147, 0
0.03095739723457714, 0.150304107820208, 0, 0.2566608740185472, 1.1528165909814798, 0
-0.13411456927789314, -0.8485252868324623, 0, 0.15902401788845433, 1.0720528450615, 0
-0.3698858492319905, -3.9349054330899516, 0, 0.09801714057395472, 0.9951847266481263, 0
-0.09910455207445332, -0.534862914041583, 0, 0.24042059464892884, 1.2414476660347469, 0
-0.46284012350097664, -2.1463950936924894, 0, 0.2806641759483288, 1.314957813393389, 0
-1.1855227319773818, -5.161623008203806, 0, 0.3257237132288322, 1.405392237940101, 0
-2.269998944502907, -8.237433125087511, 0, 0.4046964501706314, 1.4701597004163347, 0
-3.576119810380045, -11.245172459290144, 0, 0.4843729061305557, 1.528363226454317, 0
-5.07165222817477, -14.263139467846846, 0, 0.564147915086527, 1.5865568463720718, 0
-6.588279044055077, -16.77908090654522, 0, 0.6426181027478071, 1.641962626483067, 0
-7.811824531116309, -18.624106062850057, 0, 0.7136918965214651, 1.6959348850083948, 0
-9.693010013182121, -21.114329919273406, 0, 0.782797463571087, 1.7608064769663838, 0
-8.696915531707159, -18.646225519469244, 0, 0.7653668626837264, 1.847759065870242, 0
-0.7404980083018448, -2.7198167876057266, 0, 0.36025005206088245, 1.318583496802182, 0
0.030957372154830604, -0.15030414277785345, 0, 0.25666087401854665, -1.1528165909814798, 0
-0.13411481442689077, 0.8485272723989333, 0, 0.15902401788845383, -1.0720528450615, 0
-0.3698885296246699, 3.9349282202577007, 0, 0.09801714057395425, -0.9951847266481263, 0
-0.09910448313654267, 0.5348622333725789, 0, 0.24042059464892823, -1.2414476660347469, 0
-0.46284014101995025, 2.146394415130453, 0, 0.28066417594832815, -1.314957813393389, 0
-1.185522746615508, 5.1616227209670384, 0, 0.32572371322883154, -1.405392237940101, 0
-2.2699985608326876, 8.23743171954703, 0, 0.4046964501706307, -1.4701597004163351, 0
-3.5761200520205216, 11.245172188236713, 0, 0.48437290613055495, -1.5283632264543174, 0
-5.0716520521702035, 14.26313934578491, 0, 0.5641479150865263, -1.5865568463720723, 0
-6.5882783745454345, 16.779080384298194, 0, 0.6426181027478062, -1.6419626264830673, 0
-7.811824035119546, 18.624101699648556, 0, 0.7136918965214643, -1.6959348850083953, 0
-9.692992006723772, 21.114302370415864, 0, 0.7827974635710861, -1.7608064769663843, 0
-8.69695331563575, 18.646330214152094, 0, 0.7653668626837256, -1.8477590658702425, 0
-0.7404976565759016, 2.7198162626575586, 0, 0.3602500520608818, -1.318583496802182, 0
0.02070556602829524, 0.13611037637317272, 0, 0.16297923198218411, 1.192128597840858, 0
-0.21051845481964926, -1.4689842069339225, 0, 0.18048836312119687, 1.305111184364716, 0
-0.6362288601125299, -3.766921434231592, 0, 0.23844180762570844, 1.3787941514869049, 0
-1.1063848627279296, -6.60234060929796, 0, 0.24168543505676343, 1.460032945359217, 0
-1.8970999575205594, -9.086918694180316, 0, 0.31507177135246733, 1.511585444659045, 0
-2.988433747582321, -11.98540860288562, 0, 0.39416423818101687, 1.568313771636059, 0
-4.3249392837872085, -14.852109723278726, 0, 0.47328747373910574, 1.626075731827656, 0
-5.642018985289415, -17.31451285350902, 0, 0.5495238337509645, 1.6818615073767609, 0
-6.792716790018608, -18.86107005283708, 0, 0.6214937427072473, 1.736426702230939, 0
-6.844823647484311, -18.708149062941306, 0, 0.6943628389164411, 1.791339166765126, 0
-3.4164006162030702, -9.642818874747327, 0, 0.6737797049072387, 1.8830881310377148, 0
-0.0031051946389087284, -0.05661433865506667, 0, 0.07974471943189454, 1.138169535355098, 0
-0.09906796089942971, -1.39729853058025, 0, 0.0673571755788609, 1.061081421412945, 0
-1.3876173215087382e-07, -2.76039608528979, 0, 2.220446049250313e-16, 1.0, 0
0.020705604878689023, -0.13611069759880312, 0, 0.16297923198218356, -1.192128597840858, 0
-0.21051827604372764, 1.4689833203251967, 0, 0.18048836312119626, -1.305111184364716, 0
-0.6362285062903458, 3.766919591980697, 0, 0.23844180762570777, -1.3787941514869049, 0
-1.1063845866642534, 6.602338727512523, 0, 0.2416854350567627, -1.460032945359217, 0
-1.8971000993229366, 9.086918305917878, 0, 0.31507177135246656, -1.511585444659045, 0
-2.9884330003793034, 11.985407865943156, 0, 0.3941642381810161, -1.5683137716360593, 0
-4.324939216316711, 14.852109343216174, 0, 0.47328747373910496, -1.6260757318276564, 0
-5.642020063876963, 17.314513228914485, 0, 0.5495238337509636, -1.6818615073767613, 0
-6.792714877166463, 18.861072348634714, 0, 0.6214937427072464, -1.7364267022309394, 0
-6.8448302022966265, 18.708151539145884, 0, 0.6943628389164402, -1.7913391667651264, 0
-3.4163775254938735, 9.642765031168326, 0, 0.6737797049072378, -1.8830881310377152, 0
-0.003105230432081958, 0.056615019669535, 0, 0.07974471943189398, -1.138169535355098, 0
-0.09906878490292016, 1.397303860437491, 0, 0.0673571755788604, -1.061081421412945, 0
1.6119917840652472e-07, 2.7604072988735457, 0, -2.591808530679738e-16, -1.0, 0
-0.013702090401929868, -0.252177415326638, 0, 0.08289052327482116, 1.24352230867251, 0
2.0920171814291322e-08, 0.09963175217902476, 0, 2.220446049250313e-16, 1.2, 0
1.4419570000829842e-08, -0.5597554873659963, 0, 2.220446049250313e-16, 1.1, 0
0.0990684546051439, -1.3973007256657088, 0, -0.06735717557886052, 1.061081421412945, 0
0.3698882213937983, -3.9349254760923045, 0, -0.09801714057395436, 0.9951847266481263, 0
-0.14951397863269125, -2.3848463710951364, 0, 0.08433831125705371, 1.3507194247696659, 0
-0.49243366632394214, -4.40240314852269, 0, 0.16364735077342019, 1.408476576377102, 0
-0.8694683399897948, -7.925810013996589, 0, 0.16165122581677438, 1.5044730602480558, 0
-1.5482852692409537, -10.409942365700253, 0, 0.23725829655479913, 1.5566751362228457, 0
-2.4744048246254526, -12.899275916556967, 0, 0.3077495414211171, 1.6089286424403089, 0
-3.5745086833036557, -15.587813889581609, 0, 0.3842632660637655, 1.666623786722345, 0
-4.932021427307169, -18.183241207337286, 0, 0.46325268322180624, 1.7247352524043817, 0
-5.962135644964202, -19.931123914913755, 0, 0.536339892399667, 1.77273587352362, 0
-7.111957017185273, -20.10075154099569, 0, 0.6034595543756618, 1.82651423087776, 0
-7.572238266989409, -30.898361328169905, 0, 0.5805693529613203, 1.913880671933879, 0
-0.013702067596301815, 0.25217666778445536, 0, 0.08289052327482055, -1.24352230867251, 0
1.008787480391558e-08, -0.09963196080244986, 0, -3.554259446665748e-16, -1.2, 0
-3.26925071912432e-08, 0.5597564869199423, 0, -3.073033988672743e-16, -1.1, 0
0.09906781795182686, 1.3973000848059354, 0, -0.06735717557886102, -1.061081421412945, 0
0.3698859363062514, 3.9349034743254223, 0, -0.09801714057395483, -0.9951847266481263, 0
-0.14951421210164437, 2.384844925445646, 0, 0.08433831125705307, -1.3507194247696659, 0
-0.49243352042948685, 4.402402715845022, 0, 0.16364735077341952, -1.408476576377102, 0
-0.8694692189501508, 7.925809235006954, 0, 0.16165122581677366, -1.5044730602480558, 0
-1.5482840886204738, 10.409940709373595, 0, 0.2372582965547984, -1.5566751362228457, 0
-2.4744054778582556, 12.899274983003139, 0, 0.3077495414211163, -1.6089286424403089, 0
-3.574508886468348, 15.587813692807197, 0, 0.3842632660637647, -1.6666237867223455, 0
-4.932020025411994, 18.183241541007465, 0, 0.46325268322180546, -1.7247352524043822, 0
-5.962138995828458, 19.931125189359857, 0, 0.5363398923996661, -1.7727358735236205, 0
-7.111957436790557, 20.100757440380068, 0, 0.6034595543756609, -1.8265142308777604, 0
-7.572264108030243, 30.89847227400909, 0, 0.5805693529613194, -1.9138806719338795, 0
-1.2605232020808007e-07, -1.1344837664005762, 0, 2.220446049250313e-16, 1.3, 0
-2.717184413020696e-08, -3.846460940870681, 0, 2.220446049250313e-16, 1.4, 0
-0.33245751302541976, -5.608621514741544, 0, 0.08429536869947185, 1.4488943943617227, 0
-0.4919985439101627, -9.60842781916778, 0, 0.08250357530803565, 1.551518084004158, 0
-1.1770964818726164, -11.827463158223294, 0, 0.16051732850815603, 1.6012412251632901, 0
-1.9974260364134169, -14.191689389244745, 0, 0.23248501866979665, 1.6541372794192313, 0
-2.894973159507995, -16.341986007130608, 0, 0.2968206050300781, 1.7066170073570297, 0
-3.9518359311993048, -18.81211376635352, 0, 0.3722983300550857, 1.783485007023844, 0
-5.196616207533477, -20.115018872024947, 0, 0.45776548864942024, 1.806827967033843, 0
-6.841373998738557, -24.0232417502061, 0, 0.5225440516929027, 1.860049581218039, 0
-8.656859263141273, -27.738106361832962, 0, 0.48596035859929376, 1.940062506691485, 0
0.013702150108111294, -0.25217750966769376, 0, -0.08289052327482072, 1.24352230867251, 0
0.003105145872790806, -0.05661429809940301, 0, -0.07974471943189414, 1.138169535355098, 0
0.13411458801955742, -0.8485248837789173, 0, -0.15902401788845394, 1.0720528450615, 0
0.8676306120414191, -4.312221318582781, 0, -0.19509032253251565, 0.9807852803005146, 0
-3.953200101734753e-08, 1.134483056597789, 0, -4.035484904658753e-16, -1.3, 0
-1.0796959789065229e-07, 3.846460096969662, 0, -4.516710362651758e-16, -1.4, 0
-0.3324573223919907, 5.608618998303056, 0, 0.08429536869947116, -1.4488943943617227, 0
-0.49199696197016746, 9.608425070467204, 0, 0.0825035753080349, -1.551518084004158, 0
-1.1770975609153027, 11.827461355937233, 0, 0.16051732850815525, -1.6012412251632901, 0
-1.9974254947860637, 14.191688520375845, 0, 0.23248501866979587, -1.6541372794192313, 0
-2.8949724935527574, 16.341986033646634, 0, 0.29682060503007734, -1.7066170073570297, 0
-3.951837518300827, 18.812110953931633, 0, 0.37229833005508484, -1.783485007023844, 0
-5.196613764531945, 20.115019399633105, 0, 0.45776548864941935, -1.8068279670338434, 0
-6.8413802465450955, 24.02325227727378, 0, 0.5225440516929019, -1.8600495812180395, 0
-8.656839867180322, 27.738048694716078, 0, 0.4859603585992929, -1.9400625066914854, 0
0.013702051386649828, 0.25217695263389583, 0, -0.08289052327482133, -1.24352230867251, 0
0.00310518425201909, 0.056614698403225874, 0, -0.07974471943189469, -1.138169535355098, 0
0.13411447860978082, 0.8485255108441958, 0, -0.15902401788845444, -1.0720528450615, 0
0.8676339035414383, 4.312241112346829, 0, -0.19509032253251615, -0.9807852803005146, 0
0.14951465139630418, -2.3848464195573005, 0, -0.08433831125705323, 1.3507194247696659, 0
0.3324569323016109, -5.608622243860122, 0, -0.08429536869947134, 1.4488943943617227, 0
8.862310656673816e-07, -7.400822255707356, 0, 4.440892098500626e-16, 1.5, 0
8.147538639135984e-07, -11.496386857909304, 0, 4.440892098500626e-16, 1.6, 0
-0.7072953224989229, -13.607539510455602, 0, 0.08519729104383766, 1.65252241537249, 0
-1.4917102207723267, -15.638653492326664, 0, 0.1618229999218017, 1.7024583727995832, 0
-2.3279663720327073, -17.43895061164586, 0, 0.22922049720106963, 1.749933675951113, 0
-2.8851134156620546, -18.877154248366352, 0, 0.2882234301257436, 1.794565286886676, 0
-3.6846915464059125, -19.13346423902293, 0, 0.3181243971097587, 1.8777224958518008, 0
-4.010976497425275, -19.42886918464577, 0, 0.4151469288695524, 1.878135202151407, 0
-1.8546647666608607, -9.283554604543585, 0, 0.3901806429255861, 1.961570561026591, 0
-0.02070554354755842, 0.13611033701366865, 0, -0.1629792319821837, 1.192128597840858, 0
0.21051822101636583, -1.4689845095893415, 0, -0.1804883631211964, 1.305111184364716, 0
0.23754102543876207, -0.9372311307197383, 0, -0.26333782824146096, 1.051303538048058, 0
-0.030957469781414206, 0.15030408839663748, 0, -0.2566608740185468, 1.1528165909814798, 0
1.0551350738198824, -3.516637997872288, 0, -0.2902846780481244, 0.9569403354914542, 0
0.1495140434313801, 2.384845271387322, 0, -0.08433831125705386, -1.3507194247696659, 0
0.33245687422781384, 5.608619225282962, 0, -0.08429536869947203, -1.4488943943617227, 0
-2.8843954357619733e-07, 7.4008221573959885, 0, -2.77748977139445e-16, -1.5, 0
-8.36488545894301e-07, 11.49638395646192, 0, -3.2587152293874553e-16, -1.6, 0
-0.707294518317234, 13.607536811355398, 0, 0.08519729104383686, -1.65252241537249, 0
-1.4917094500538972, 15.638651624148311, 0, 0.16182299992180088, -1.7024583727995832, 0
-2.327967099166839, 17.438949160363862, 0, 0.2292204972010688, -1.749933675951113, 0
-2.8851118872471444, 18.877157778795773, 0, 0.2882234301257427, -1.794565286886676, 0
-3.6846915564212273, 19.133469692262118, 0, 0.3181243971097578, -1.8777224958518008, 0
-4.010972768925515, 19.428850542824126, 0, 0.4151469288695515, -1.8781352021514075, 0
-1.854655153342209, 9.283512317491411, 0, 0.3901806429255851, -1.9615705610265914, 0
-0.02070553514176427, -0.13611047789788788, 0, -0.16297923198218425, -1.192128597840858, 0
0.21051822790879224, 1.4689843184192997, 0, -0.180488363121197, -1.305111184364716, 0
0.23754067393694883, 0.9372315258453375, 0, -0.2633378282414615, -1.051303538048058, 0
-0.030957376127192862, -0.15030415287337287, 0, -0.25666087401854737, -1.1528165909814798, 0
1.0551336676569578, 3.516632810853345, 0, -0.29028467804812486, -0.9569403354914542, 0
0.4924336709322249, -4.4024034814185695, 0, -0.1636473507734197, 1.408476576377102, 0
0.6362296908040844, -3.7669222819292707, 0, -0.23844180762570794, 1.3787941514869049, 0
0.4628402297074893, -2.14639576392011, 0, -0.2806641759483284, 1.314957813393389, 0
0.09910486677049073, -0.5348630876917032, 0, -0.2404205946489284, 1.2414476660347469, 0
0.16370452009553754, -0.5935044172240003, 0, -0.3375615420306759, 1.22893033404912, 0
-0.037978974901486384, 0.12369233768157478, 0, -0.3502012884175721, 1.1176433173266962, 0
0.3531017295456765, -0.9747878197564839, 0, -0.36718091848976325, 1.0182142270707093, 0
1.8895843302554285, -4.542660118869588, 0, -0.3826834333844452, 0.9238795320890559, 0
0.49199686961790745, -9.60842845021571, 0, -0.0825035753080351, 1.551518084004158, 0
0.8694700967362311, -7.9258101162077885, 0, -0.16165122581677385, 1.5044730602480558, 0
-2.1206340953005592e-07, -15.254888558773112, 0, 4.440892098500626e-16, 1.7, 0
-0.8438906797727842, -16.933843700761113, 0, 0.08571313445160977, 1.749755040065526, 0
-1.7323184442344706, -18.88688312231769, 0, 0.16730188206201269, 1.798689198938693, 0
-2.5030347741937318, -19.673478166693144, 0, 0.2330284659964026, 1.8401149508781456, 0
-2.502945735171112, -22.324051846016427, 0, 0.2385982103642188, 1.9182264878747737, 0
-1.8494051705015853, -17.85263023084114, 0, 0.293460948072348, 1.978353020053923, 0
0.7072944137808849, -13.607539958500938, 0, -0.08519729104383707, 1.65252241537249, 0
0.49243372978013705, 4.402403673668191, 0, -0.16364735077342035, -1.408476576377102, 0
0.6362281810307975, 3.766919935929118, 0, -0.2384418076257086, -1.3787941514869049, 0
0.4628402842776515, 2.1463955483211743, 0, -0.28066417594832904, -1.314957813393389, 0
0.09910457668554873, 0.5348629212328581, 0, -0.240420594648929, -1.2414476660347469, 0
0.1637043486966979, 0.5935048621854432, 0, -0.33756154203067645, -1.22893033404912, 0
-0.03797884104535507, -0.12369243578397912, 0, -0.35020128841757264, -1.1176433173266962, 0
0.3531008859591336, 0.9747866852725469, 0, -0.3671809184897637, -1.0182142270707093, 0
1.889583980960615, 4.5426598103618065, 0, -0.38268343338444566, -0.9238795320890557, 0
0.49199821771588187, 9.608425385753671, 0, -0.08250357530803584, -1.551518084004158, 0
0.8694682144945906, 7.925809960025393, 0, -0.16165122581677457, -1.5044730602480558, 0
-4.9706176813648864e-09, 15.254883785374188, 0, -3.7399406873804604e-16, -1.7, 0
-0.8438911949696082, 16.933838881823135, 0, 0.08571313445160894, -1.749755040065526, 0
-1.7323186084724644, 18.886882016482545, 0, 0.1673018820620118, -1.798689198938693, 0
-2.5030368222554062, 19.67348623141114, 0, 0.2330284659964017, -1.8401149508781456, 0
-2.502950982566469, 22.324079103934334, 0, 0.23859821036421786, -1.9182264878747737, 0
-1.8494121066445894, 17.852701645303394, 0, 0.293460948072347, -1.978353020053923, 0
0.707295117561206, 13.607537412525398, 0, -0.08519729104383787, -1.65252241537249, 0
1.106385049626249, -6.602341998764384, 0, -0.2416854350567629, 1.460032945359217, 0
1.1855228186563949, -5.161623136508057, 0, -0.3257237132288317, 1.4053922379401012, 0
0.7404985404746651, -2.719817586242017, 0, -0.36025005206088195, 1.3185834968021821, 0
0.6828384674530756, -2.0505158811926103, 0, -0.42587928320466584, 1.2743528062648941, 0
0.12134214464877278, -0.3307947039368182, 0, -0.43207198183853746, 1.1781484165048883, 0
-0.033384154118380714, 0.0805251512875616, 0, -0.4498620301503196, 1.0761699589458482, 0
0.44239545777708966, -0.9490342139780961, 0, -0.4624837956033012, 0.9770252446353352, 0
1.6152786040512328, -3.020663550095117, 0, -0.4713967375678879, 0.8819212639518066, 0
1.177098408095844, -11.827464490407955, 0, -0.16051732850815545, 1.6012412251632901, 0
1.548283305469574, -10.409944122771227, 0, -0.23725829655479858, 1.5566751362228457, 0
-7.561553851606665e-07, -18.32846963459277, 0, 4.440892098500626e-16, 1.7999999999999998, 0
-0.9118591884668042, -18.981521748983035, 0, 0.08381034566569956, 1.8453933398722742, 0
-1.781508281352887, -21.426418384972347, 0, 0.1567023791156119, 1.9015525597658203, 0
-4.346061565465482, -32.812742595822925, 0, 0.19603428012639057, 1.990369453396863, 0
0.8438922121802815, -16.933845019980986, 0, -0.08571313445160915, 1.749755040065526, 0
1.4917096505631726, -15.638654733704612, 0, -0.1618229999218011, 1.7024583727995832, 0
1.106384517109288, 6.602339920640961, 0, -0.24168543505676363, -1.460032945359217, 0
1.185523118880693, 5.161624976263185, 0, -0.32572371322883237, -1.4053922379401012, 0
0.7404980765183795, 2.7198173197011126, 0, -0.3602500520608826, -1.3185834968021821, 0
0.6828391785256159, 2.050516543355087, 0, -0.4258792832046665, -1.2743528062648941, 0
0.12134205625017565, 0.33079527920821533, 0, -0.432071981838538, -1.1781484165048883, 0
-0.033384181854988794, -0.08052538965780846, 0, -0.44986203015032017, -1.0761699589458482, 0
0.4423940063903837, 0.9490314238509618, 0, -0.46248379560330166, -0.977025244635335, 0
1.615267610440519, 3.020642709751235, 0, -0.47139673756788836, -0.8819212639518064, 0
1.1770962269698384, 11.82746174226548, 0, -0.16051732850815623, -1.6012412251632901, 0
1.548285464384127, 10.40994103071081, 0, -0.2372582965547993, -1.5566751362228457, 0
1.2156392021534559e-06, 18.32846179442483, 0, -4.2211661453734645e-16, -1.7999999999999998, 0
-0.9118587232961455, 18.981507226618813, 0, 0.08381034566569867, -1.8453933398722742, 0
-1.7815030472957103, 21.426421700803534, 0, 0.15670237911561102, -1.9015525597658203, 0
-4.346077742670959, 32.81279395725687, 0, 0.19603428012638963, -1.990369453396863, 0
0.8438906141755482, 16.933839913831797, 0, -0.08571313445160998, -1.749755040065526, 0
1.4917100801519116, 15.638652050465268, 0, -0.16182299992180194, -1.7024583727995832, 0
1.8971016897466362, -9.086920107452599, 0, -0.3150717713524668, 1.5115854446590453, 0
2.474406988883688, -12.899278170606225, 0, -0.30774954142111655, 1.6089286424403089, 0
1.9974258282115032, -14.19169106340789, 0, -0.23248501866979607, 1.6541372794192313, 0
2.3279684614181217, -17.438954456828245, 0, -0.229220497201069, 1.749933675951113, 0
1.7323167477547923, -18.88688394423817, 0, -0.16730188206201205, 1.798689198938693, 0
0.9118596976615639, -18.981524372059646, 0, -0.0838103456656989, 1.8453933398722742, 0
5.63574223159137e-07, -19.47691662184693, 0, 4.440892098500626e-16, 1.9000000000000001, 0
-0.7017575956641349, -18.46028044521557, 0, 0.0723753387308328, 1.9253577638968067, 0
-0.20412879165004205, -10.010539073057899, 0, 0.09813534844740723, 1.997590912420535, 0
2.2699996301682246, -8.2374360642488, 0, -0.40469645017063083, 1.470159700416335, 0
1.4751496823559302, -4.784519427432445, 0, -0.4203758574892202, 1.3716763988589662, 0
1.651094668232616, -4.364006881105282, 0, -0.505319006335623, 1.33242407786863, 0
0.7671327438415309, -1.8422494174639639, 0, -0.5154852189140622, 1.234571908203628, 0
0.1345841613759096, -0.2884242589195932, 0, -0.5284669814751646, 1.135396837753775, 0
-0.04329850851639204, 0.08464252405371221, 0, -0.5428645879892379, 1.032500985541479, 0
0.47687511452902526, -0.8012876989257232, 0, -0.5564096079935326, 0.9296811731780701, 0
2.2553854644108564, -3.372414222419651, 0, -0.5555702334726754, 0.8314696119998114, 0
1.8970993363927378, 9.08691916424199, 0, -0.31507177135246756, -1.5115854446590453, 0
2.47440436396261, 12.8992750858032, 0, -0.3077495414211173, -1.6089286424403089, 0
1.9974257026806708, 14.191688702544868, 0, -0.23248501866979684, -1.6541372794192313, 0
2.3279662717178637, 17.438947161337214, 0, -0.22922049720106982, -1.749933675951113, 0
1.7323186785400362, 18.88688543211146, 0, -0.16730188206201294, -1.798689198938693, 0
0.9118607879093634, 18.981514472867442, 0, -0.08381034566569978, -1.8453933398722742, 0
-6.052338594399365e-06, 19.476897398731122, 0, -4.702391603366471e-16, -1.9000000000000001, 0
-0.7017596467023005, 18.460254291813524, 0, 0.07237533873083188, -1.9253577638968067, 0
-0.20413471322985838, 10.010497587360716, 0, 0.09813534844740626, -1.997590912420535, 0
2.269998913232934, 8.237432103638914, 0, -0.4046964501706315, -1.470159700416335, 0
1.475148100645722, 4.784518792197521, 0, -0.42037585748922085, -1.3716763988589662, 0
1.6510942603964556, 4.3640090672384675, 0, -0.5053190063356237, -1.33242407786863, 0
0.7671333320435211, 1.8422505282182846, 0, -0.5154852189140628, -1.234571908203628, 0
0.13458461438462305, 0.2884252592511816, 0, -0.528466981475165, -1.135396837753775, 0
-0.04329864422772877, -0.08464283260537292, 0, -0.5428645879892383, -1.0325009855414786, 0
0.47687386743275456, 0.80128515902208, 0, -0.556409607993533, -0.9296811731780699, 0
2.2553801969463767, 3.372406856203924, 0, -0.5555702334726759, -0.8314696119998112, 0
2.98843278224925, -11.985411642971636, 0, -0.3941642381810163, 1.5683137716360591, 0
3.574510247120114, -15.587816562224319, 0, -0.3842632660637649, 1.6666237867223452, 0
2.894972614834744, -16.341987613195432, 0, -0.2968206050300775, 1.7066170073570297, 0
2.885111174384839, -18.87715500048353, 0, -0.2882234301257429, 1.794565286886676, 0
2.503036071091511, -19.673480094795345, 0, -0.23302846599640192, 1.8401149508781456, 0
1.7815089639664887, -21.42642076970181, 0, -0.15670237911561122, 1.9015525597658203, 0
0.7017593475662053, -18.460288814481796, 0, -0.0723753387308321, 1.9253577638968067, 0
-3.7572198003927904e-06, -27.035716979374687, 0, 4.440892098500626e-16, 2.0, 0
3.576122479083576, -11.245175429958975, 0, -0.48437290613055517, 1.5283632264543172, 0
2.630454511228169, -7.647336443242629, 0, -0.49486379573334344, 1.430342127109437, 0
3.0778083291291902, -7.261688316307582, 0, -0.5849307182494408, 1.390462368480368, 0
1.9236857899494402, -4.170536288002471, 0, -0.595333438339666, 1.2925287026111743, 0
0.9281055756853457, -1.8265100487088033, 0, -0.606267849480046, 1.1947660540992573, 0
0.1981177641555315, -0.3493460041527658, 0, -0.6201028128384847, 1.0947420168636453, 0
-0.07659962288262341, 0.11467504478322041, 0, -0.6347771908059431, 0.9943733839053601, 0
0.39982360297748565, -0.5465139595008686, 0, -0.6461747345790935, 0.8796881320043785, 0
2.228457449022317, -2.719618841028467, 0, -0.6343932843087083, 0.7730104532436871, 0
2.9884340920556625, 11.985408512302763, 0, -0.3941642381810171, -1.5683137716360591, 0
3.5745078166739197, 15.587812464193767, 0, -0.38426326606376565, -1.6666237867223452, 0
2.894973315393985, 16.341985741033245, 0, -0.2968206050300783, -1.7066170073570297, 0
2.885110629741067, 18.87715684316137, 0, -0.2882234301257438, -1.794565286886676, 0
2.5030378057330793, 19.673483104827092, 0, -0.2330284659964028, -1.8401149508781456, 0
1.7815051494952923, 21.426430590002113, 0, -0.1567023791156121, -1.9015525597658203, 0
0.7017586002557914, 18.460274208449604, 0, -0.07237533873083302, -1.9253577638968067, 0
2.0899410272657083e-05, 27.035606698114787, 0, -5.183617061359476e-16, -2.0, 0
3.5761191268165184, 11.245174406100212, 0, -0.48437290613055595, -1.5283632264543172, 0
2.6304556348927153, 7.647338775687077, 0, -0.4948637957333441, -1.430342127109437, 0
3.077807693075626, 7.261687889440915, 0, -0.5849307182494414, -1.3904623684803676, 0
1.9236858807671897, 4.170539276796375, 0, -0.5953334383396667, -1.2925287026111738, 0
0.9281062104482328, 1.8265115511696925, 0, -0.6062678494800466, -1.1947660540992568, 0
0.19811816511705566, 0.3493470246319306, 0, -0.6201028128384851, -1.0947420168636448, 0
-0.07659966922258696, -0.11467505801995494, 0, -0.6347771908059435, -0.9943733839053599, 0
0.39982379626030834, 0.5465136704955431, 0, -0.6461747345790939, -0.8796881320043782, 0
2.2284723861240314, 2.7196369839826744, 0, -0.6343932843087088, -0.7730104532436869, 0
4.324940333249872, -14.852115322835617, 0, -0.4732874737391051, 1.6260757318276562, 0
4.932018775948822, -18.183239895449606, 0, -0.46325268322180563, 1.724735252404382, 0
3.9518384666760045, -18.812119837092123, 0, -0.37229833005508506, 1.7834850070238442, 0
3.6846944886920374, -19.133475716414, 0, -0.31812439710975804, 1.877722495851801, 0
2.5029432329690255, -22.32404240283988, 0, -0.2385982103642181, 1.9182264878747737, 0
4.3460575730375215, -32.8127542231334, 0, -0.19603428012638985, 1.990369453396863, 0
0.20412743550535595, -10.010557921253305, 0, -0.09813534844740651, 1.997590912420535, 0
5.071655085972397, -14.263147955822362, 0, -0.5641479150865264, 1.586556846372072, 0
4.126231930972431, -10.740286646653605, 0, -0.5744915403944616, 1.488472548647581, 0
4.757294313606886, -10.337971497061785, 0, -0.6646089995644738, 1.448502817926906, 0
3.5275820676747776, -7.105094404354767, 0, -0.675021281692314, 1.3504930845985081, 0
2.2876988461518764, -4.168266149186758, 0, -0.6854788714952857, 1.2523702162695323, 0
1.1752558346029562, -1.9519519956545954, 0, -0.6960122856690509, 1.1545585286252003, 0
0.3805610719170035, -0.5555554649886124, 0, -0.7122279816114662, 1.056856311256797, 0
-0.05575973323470036, 0.0751179668028543, 0, -0.7277057816133238, 0.962584553275431, 0
-0.00569713187578671, 0.00803122977776107, 0, -0.7519355547949725, 0.8744100419336954, 0
0.7584082615175401, -0.886425471878299, 0, -0.7049443430595002, 0.8100549756775013, 0
2.824441283508306, -2.824441649669736, 0, -0.7071067811865474, 0.7071067811865477, 0
4.324939212707918, 14.852108154068238, 0, -0.4732874737391059, -1.6260757318276562, 0
4.932021347413472, 18.183240377302507, 0, -0.4632526832218064, -1.724735252404382, 0
3.9518362215674925, 18.812104502871165, 0, -0.37229833005508595, -1.7834850070238442, 0
3.684693469720523, 19.13346290953447, 0, -0.3181243971097589, -1.877722495851801, 0
2.502948630634212, 22.324067349954515, 0, -0.23859821036421905, -1.9182264878747737, 0
4.346082236357713, 32.81278804592488, 0, -0.1960342801263908, -1.990369453396863, 0
0.20413642154215764, 10.010577717012277, 0, -0.09813534844740748, -1.997590912420535, 0
5.07165239397979, 14.263140126584272, 0, -0.5641479150865271, -1.5865568463720716, 0
4.126229556758733, 10.740281862169919, 0, -0.5744915403944623, -1.4884725486475805, 0
4.757296038049487, 10.337977676901296, 0, -0.6646089995644745, -1.4485028179269055, 0
3.5275844932386495, 7.10509856048846, 0, -0.6750212816923147, -1.3504930845985077, 0
2.2877007760894106, 4.168270035254015, 0, -0.6854788714952864, -1.2523702162695318, 0
1.1752575114941308, 1.9519538244512469, 0, -0.6960122856690516, -1.1545585286251998, 0
0.3805617561389381, 0.5555564535298352, 0, -0.7122279816114666, -1.0568563112567966, 0
-0.055759819491835776, -0.0751180178899474, 0, -0.7277057816133242, -0.9625845532754308, 0
-0.00569703765819798, -0.0080308709179787, 0, -0.751935554794973, -0.8744100419336952, 0
0.7584107557651121, 0.8864266401072304, 0, -0.7049443430595006, -0.8100549756775011, 0
2.8244504189463155, 2.8244483381543786, 0, -0.7071067811865478, -0.7071067811865475, 0
5.642026062537375, -17.31452135954424, 0, -0.5495238337509639, 1.681861507376761, 0
5.962136290901977, -19.931125879085066, 0, -0.5363398923996663, 1.7727358735236203, 0
5.196610082117801, -20.115002015447995, 0, -0.45776548864941957, 1.8068279670338432, 0
4.010979477389841, -19.428894319381573, 0, -0.41514692886955173, 1.8781352021514073, 0
1.8546877068616172, -9.28367725497618, 0, -0.39018064292558535, 1.9615705610265912, 0
1.8493951851034438, -17.85257087625042, 0, -0.2934609480723473, 1.978353020053923, 0
6.588281267744116, -16.779104716991164, 0, -0.6426181027478065, 1.6419626264830671, 0
5.814242620225, -13.747020977411193, 0, -0.6540051475348, 1.5461109739897212, 0
6.626380233577669, -13.412208019498689, 0, -0.74438869849062, 1.506778429152707, 0
5.4685954484244474, -10.198653352514935, 0, -0.7548166110252063, 1.4086995026925522, 0
4.159821908250902, -7.064192221566585, 0, -0.7652989106939974, 1.3104884896424, 0
2.7767098321704995, -4.341432783411253, 0, -0.7757739905246706, 1.212158793967686, 0
1.5420833458939187, -2.1892466767312726, 0, -0.7861793293564014, 1.1136895908425373, 0
0.7320398694499309, -0.9602395124236682, 0, -0.7989842926164213, 1.0287386269102843, 0
0.22632431052345048, -0.25568660079729105, 0, -0.8240639976335139, 0.9423659715343629, 0
-0.07089996624925238, 0.07089992117916602, 0, -0.8485281374235488, 0.8485281374235494, 0
0.3895745347770869, -0.3895744452434945, 0, -0.7778174593051196, 0.7778174593051201, 0
0.8864254972052152, -0.7584088906549801, 0, -0.810054975677501, 0.7049443430595007, 0
2.719625073619306, -2.2284625521719237, 0, -0.7730104532436868, 0.6343932843087084, 0
5.642016600423119, 17.314508480866028, 0, -0.5495238337509648, -1.6818615073767607, 0
5.962134794385039, 19.931116227435915, 0, -0.5363398923996672, -1.7727358735236203, 0
5.196615708054673, 20.115020833413492, 0, -0.45776548864942046, -1.8068279670338432, 0
4.010967667073483, 19.428836625615798, 0, -0.4151469288695526, -1.8781352021514073, 0
1.8546658958265985, 9.28355734598456, 0, -0.39018064292558635, -1.9615705610265912, 0
1.8494027448520833, 17.8526614319441, 0, -0.2934609480723483, -1.978353020053923, 0
6.588281808663596, 16.779077101160123, 0, -0.6426181027478074, -1.6419626264830667, 0
5.8142381172861315, 13.747012262941054, 0, -0.6540051475348007, -1.5461109739897207, 0
6.626382461034635, 13.412211694791788, 0, -0.7443886984906206, -1.5067784291527067, 0
5.468596548241517, 10.198660729323672, 0, -0.7548166110252069, -1.4086995026925517, 0
4.159826784458685, 7.06419925176237, 0, -0.765298910693998, -1.3104884896423996, 0
2.776710934237203, 4.341438492904019, 0, -0.7757739905246712, -1.2121587939676857, 0
1.5420846732616005, 2.189247384226311, 0, -0.7861793293564019, -1.1136895908425368, 0
0.732041091049177, 0.9602408732974278, 0, -0.7989842926164218, -1.0287386269102838, 0
0.22632442523226964, 0.25568629579446783, 0, -0.8240639976335143, -0.9423659715343624, 0
-0.07089986037461381, -0.07090010601168656, 0, -0.8485281374235493, -0.8485281374235489, 0
0.3895744676592267, 0.3895751306954979, 0, -0.77781745930512, -0.7778174593051197, 0
0.8864260688416962, 0.7584074594357237, 0, -0.8100549756775014, -0.7049443430595003, 0
2.7196024414437074, 2.2284443183325195, 0, -0.773010453243687, -0.634393284308708, 0
6.7927197455401, -18.861082824289905, 0, -0.6214937427072467, 1.7364267022309392, 0
7.11194645782634, -20.100721315845036, 0, -0.6034595543756611, 1.8265142308777602, 0
6.841353929246812, -24.02317813847282, 0, -0.5225440516929021, 1.8600495812180393, 0
8.656844722262472, -27.738069409698213, 0, -0.48596035859929304, 1.9400625066914852, 0
7.488442922667592, -16.375418115843907, 0, -0.7325823455244401, 1.60160184408504, 0
8.354721202940642, -15.888326679138096, 0, -0.823041815699392, 1.56205144730995, 0
7.483211634186536, -13.149068166056296, 0, -0.8346256566344633, 1.4668399414156212, 0
6.267629310563477, -10.1422521149972, 0, -0.8451191547724253, 1.36866635745067, 0
4.936380535009294, -7.413220064006999, 0, -0.8537296234578959, 1.2751376788565472, 0
3.6297770262833713, -4.867868041404728, 0, -0.8733072753105107, 1.17517897211649, 0
2.2335360496689285, -2.787026017766198, 0, -0.8638623024524783, 1.0911383860688402, 0
1.4794303749116628, -1.6865710736947854, 0, -0.8909777622334017, 1.011125800343335, 0
0.8098817415548486, -0.8098815819412299, 0, -0.9192388155419369, 0.9192388155419374, 0
0.2556865123368549, -0.22632442131157332, 0, -0.9423659715343623, 0.8240639976335143, 0
-0.008031159040923655, 0.005697174211531077, 0, -0.8744100419336951, 0.7519355547949731, 0
0.5465135894766627, -0.39982348862731976, 0, -0.8796881320043781, 0.6461747345790939, 0
3.372406376769907, -2.2553802861424828, 0, -0.8314696119998111, 0.5555702334726759, 0
7.811856306074872, -18.624159406964004, 0, -0.7136918965214646, 1.695934885008395, 0
6.79271500396554, 18.861064554000738, 0, -0.6214937427072476, -1.7364267022309388, 0
7.111953563935179, 20.10075007791909, 0, -0.603459554375662, -1.8265142308777598, 0
6.841391260026304, 24.023264510841777, 0, -0.522544051692903, -1.8600495812180393, 0
8.656794690127251, 27.737882216447645, 0, -0.48596035859929393, -1.9400625066914852, 0
7.488428618505483, 16.37540380806014, 0, -0.7325823455244408, -1.6016018440850395, 0
8.354730678077221, 15.888324701907244, 0, -0.8230418156993927, -1.5620514473099496, 0
7.4832226110794595, 13.14909100185385, 0, -0.834625656634464, -1.4668399414156208, 0
6.267640656683756, 10.142271109372635, 0, -0.8451191547724259, -1.3686663574506694, 0
4.93638738397109, 7.413225703694262, 0, -0.8537296234578966, -1.2751376788565467, 0
3.629782658292123, 4.867874203966018, 0, -0.8733072753105113, -1.1751789721164896, 0
2.2335362311260893, 2.787027253278638, 0, -0.8638623024524787, -1.0911383860688397, 0
1.4794321052394417, 1.686572570358, 0, -0.8909777622334022, -1.0111258003433345, 0
0.8098810857751351, 0.8098820105314757, 0, -0.9192388155419373, -0.919238815541937, 0
0.2556868123844018, 0.2263239608502762, 0, -0.9423659715343627, -0.8240639976335139, 0
-0.00803127352512459, -0.005696937305742887, 0, -0.8744100419336955, -0.7519355547949726, 0
0.5465150700030246, 0.39982423137953416, 0, -0.8796881320043783, -0.6461747345790935, 0
3.372438254694428, 2.2554011232806666, 0, -0.8314696119998113, -0.5555702334726754, 0
7.811810281451808, 18.624090318583853, 0, -0.7136918965214655, -1.6959348850083946, 0
6.8448578031071925, -18.708244149156997, 0, -0.6943628389164405, 1.7913391667651262, 0
3.416391159164989, -9.642787776837128, 0, -0.673779704907238, 1.883088131037715, 0
7.572183602233148, -30.89810973769741, 0, -0.5805693529613196, 1.9138806719338792, 0
8.93307689057401, -18.493563190813337, 0, -0.8032765238903868, 1.659230004885436, 0
9.693016165940305, -21.114387957394044, 0, -0.7827974635710864, 1.760806476966384, 0
9.386555970672516, -15.610737865142424, 0, -0.9144828712749434, 1.524866426372011, 0
8.421912872879691, -13.014585483202655, 0, -0.9249360406674266, 1.426839229713628, 0
7.24001857970996, -10.253163682110193, 0, -0.9354426664762643, 1.3286121813370673, 0
5.847979404280578, -7.854773122750776, 0, -0.9266897559055778, 1.2524318572787163, 0
5.274704008987415, -6.595796625299503, 0, -0.9559568441791029, 1.1885047053187092, 0
3.6797894698978877, -4.239332530506012, 0, -0.9516967338571367, 1.0962486562364864, 0
2.6955774499874408, -2.6955781127039073, 0, -0.9899494936603921, 0.9899494936603926, 0
1.6865714054325887, -1.4794305930062968, 0, -1.0111258003433348, 0.8909777622334022, 0
0.9602399077929734, -0.7320403571427262, 0, -1.0287386269102838, 0.7989842926164219, 0
-0.0751179238224207, 0.05575973248821996, 0, -0.9625845532754307, 0.7277057816133241, 0
-0.11467504517564195, 0.07659964394173709, 0, -0.9943733839053597, 0.6347771908059435, 0
0.8012867929437962, -0.4768747035637947, 0, -0.9296811731780698, 0.556409607993533, 0
3.0206643011086074, -1.615278951797042, 0, -0.8819212639518061, 0.4713967375678884, 0
9.545530973790726, -17.42011983204398, 0, -0.8933457950678955, 1.6199950455602552, 0
6.8448125348103055, 18.70809091581737, 0, -0.6943628389164413, -1.7913391667651257, 0
3.4163272941547835, 9.642613958736233, 0, -0.6737797049072389, -1.8830881310377146, 0
7.572329720951103, 30.898726506516024, 0, -0.5805693529613205, -1.9138806719338788, 0
8.933082646729442, 18.49351229636752, 0, -0.8032765238903877, -1.6592300048854356, 0
9.693008732654818, 21.11430785333051, 0, -0.7827974635710873, -1.7608064769663836, 0
9.386602882070372, 15.61080781227909, 0, -0.9144828712749441, -1.5248664263720106, 0
8.421940233236118, 13.014625064248962, 0, -0.9249360406674273, -1.4268392297136276, 0
7.240030420142564, 10.253183779966678, 0, -0.935442666476265, -1.3286121813370668, 0
5.847981623568467, 7.854776865832881, 0, -0.9266897559055784, -1.2524318572787159, 0
5.27471174587897, 6.595808443798152, 0, -0.9559568441791035, -1.1885047053187088, 0
3.679793350097656, 4.239333226769328, 0, -0.9516967338571372, -1.096248656236486, 0
2.695579822564489, 2.695577332704567, 0, -0.9899494936603925, -0.9899494936603922, 0
1.686571170207484, 1.4794309567470012, 0, -1.0111258003433352, -0.8909777622334017, 0
0.9602388755985247, 0.7320388930199766, 0, -1.0287386269102843, -0.7989842926164215, 0
-0.07511815472518552, -0.05575979522725253, 0, -0.9625845532754311, -0.7277057816133237, 0
-0.11467508788635988, -0.07659967012032964, 0, -0.9943733839053599, -0.6347771908059431, 0
0.801290114285705, 0.47687630357294775, 0, -0.92968117317807, -0.5564096079935326, 0
3.0206499590339515, 1.6152718263823072, 0, -0.8819212639518064, -0.4713967375678881, 0
9.54551252911573, 17.420141156054505, 0, -0.8933457950678964, -1.6199950455602548, 0
8.697137232845348, -18.646689335679856, 0, -0.7653668626837258, 1.8477590658702423, 0
12.529264269362821, -30.26920268001988, 0, -0.8551101850607947, 1.8079785870981142, 0
10.250570860154351, -19.817632410367025, 0, -0.8741998269580424, 1.714990330382596, 0
9.489993223951343, -17.01205921872806, 0, -0.9609839431422545, 1.6738182259141845, 0
10.541802891868718, -17.0879761930102, 0, -0.9876154922038801, 1.5866896797298735, 0
10.445184548384521, -15.38512309871462, 0, -1.0052269820126827, 1.4871928238622054, 0
9.57627750836694, -13.033765141654102, 0, -1.0190324462632587, 1.3858660270864493, 0
7.649823034915495, -9.589618824290199, 0, -1.0085073629066499, 1.2660419946254453, 0
6.40493896855006, -7.134762453103072, 0, -1.034940695012628, 1.1572962767908541, 0
5.243433085595536, -5.243431925056944, 0, -1.0606601717788346, 1.0606601717788344, 0
4.239332393561524, -3.679790626439898, 0, -1.0962486562364855, 0.9516967338571375, 0
2.787025932677632, -2.233536004103382, 0, -1.0911383860688397, 0.8638623024524791, 0
2.189247038657777, -1.5420837754503367, 0, -1.1136895908425368, 0.7861793293564022, 0
0.5555558012101365, -0.3805613208216697, 0, -1.0568563112567968, 0.7122279816114666, 0
0.3493464171910005, -0.19811797986923727, 0, -1.0947420168636448, 0.6201028128384853, 0
-0.0846426444262763, 0.04329857215984405, 0, -1.0325009855414788, 0.5428645879892382, 0
0.9490334975194468, -0.4423951571260943, 0, -0.9770252446353349, 0.4624837956033016, 0
4.542656145531296, -1.8895828502103904, 0, -0.9238795320890557, 0.38268343338444566, 0
8.696889798627714, 18.646186752859922, 0, -0.7653668626837267, -1.8477590658702419, 0
12.5295144084987, 30.269632879518248, 0, -0.8551101850607956, -1.8079785870981138, 0
10.250441696017646, 19.81746061893801, 0, -0.8741998269580433, -1.7149903303825955, 0
9.490085175833498, 17.012058952880004, 0, -0.9609839431422554, -1.673818225914184, 0
10.541953177672092, 17.088194159574414, 0, -0.9876154922038808, -1.586689679729873, 0
10.445224313562539, 15.38519666098345, 0, -1.0052269820126836, -1.487192823862205, 0
9.576302429636879, 13.033802526503745, 0, -1.0190324462632596, -1.385866027086449, 0
7.64983220581946, 9.589626384650506, 0, -1.0085073629066503, -1.2660419946254449, 0
6.404941282476843, 7.134759783130939, 0, -1.0349406950126285, -1.1572962767908537, 0
5.243433669094554, 5.243438261468502, 0, -1.060660171778835, -1.060660171778834, 0
4.239333963179542, 3.6797878670253277, 0, -1.096248656236486, -0.951696733857137, 0
2.787027905823596, 2.2335378547820923, 0, -1.0911383860688402, -0.8638623024524786, 0
2.1892461281631737, 1.5420826699412176, 0, -1.1136895908425373, -0.7861793293564018, 0
0.5555549867987218, 0.3805608261907566, 0, -1.0568563112567972, -0.7122279816114662, 0
0.34934502122016464, 0.19811729563490177, 0, -1.0947420168636453, -0.6201028128384849, 0
-0.0846422687204917, -0.043298361743895994, 0, -1.0325009855414793, -0.5428645879892378, 0
0.9490366431155519, 0.4423964438544661, 0, -0.9770252446353351, -0.46248379560330116, 0
4.5426977323368005, 1.8895994789102066, 0, -0.9238795320890559, -0.3826834333844452, 0
8.039112797180403, -14.834840601745842, 0, -0.9427934722314719, 1.7638425294559954, 0
7.3339632055627115, -12.381178863174885, 0, -1.0282054872199968, 1.7154572206996854, 0
11.598648916601611, -17.791529980281194, 0, -1.0397435851722407, 1.6419345496567024, 0
12.014558410729581, -17.778342113381875, 0, -1.0916756804703927, 1.5675157394068011, 0
11.632903056434339, -15.538654518718667, 0, -1.1006328517640789, 1.4710214538480952, 0
11.736058000673687, -14.275725162701033, 0, -1.1454264650301058, 1.3892959971613892, 0
9.915596755402898, -12.040664988383732, 0, -1.0857116179684, 1.3187835766291571, 0
9.049726045629214, -10.049316476185464, 0, -1.1062972955201227, 1.2272909609303415, 0
8.104688937377638, -8.104689441305002, 0, -1.1313708498976425, 1.1313708498976434, 0
7.134760753689807, -6.40493910358956, 0, -1.1572962767908535, 1.0349406950126285, 0
6.595799514108583, -5.274705817223329, 0, -1.1885047053187086, 0.9559568441791033, 0
4.867869305220983, -3.629778239735707, 0, -1.1751789721164898, 0.8733072753105114, 0
4.34143428376578, -2.7767103197084846, 0, -1.2121587939676859, 0.7757739905246712, 0
1.9519524510424742, -1.175256456946529, 0, -1.1545585286251998, 0.6960122856690517, 0
1.826510906311296, -0.928105830903868, 0, -1.1947660540992568, 0.6062678494800466, 0
0.28842466848072135, -0.13458438485809696, 0, -1.1353968377537749, 0.5284669814751652, 0
-0.08052527978919191, 0.033384217994984436, 0, -1.0761699589458478, 0.4498620301503201, 0
0.9747871240785094, -0.353101458975103, 0, -1.0182142270707089, 0.3671809184897638, 0
3.516640174053225, -1.055135675053698, 0, -0.956940335491454, 0.29028467804812486, 0
8.038625839410232, 14.833733194170575, 0, -0.9427934722314728, -1.763842529455995, 0
7.334229748901358, 12.381772107140687, 0, -1.0282054872199977, -1.715457220699685, 0
11.598989288075977, 17.79209045469606, 0, -1.0397435851722416, -1.641934549656702, 0
12.014710012155028, 17.77858796310535, 0, -1.0916756804703935, -1.5675157394068007, 0
11.632974464750733, 15.538727747183131, 0, -1.1006328517640798, -1.4710214538480948, 0
11.7360478858018, 14.27570564555316, 0, -1.1454264650301067, -1.3892959971613887, 0
9.915603639598036, 12.040672931499637, 0, -1.0857116179684005, -1.3187835766291567, 0
9.04972870304536, 10.049318617790957, 0, -1.1062972955201231, -1.227290960930341, 0
8.104691732867016, 8.104691420697138, 0, -1.131370849897643, -1.131370849897643, 0
7.1347686628586855, 6.404941550396149, 0, -1.157296276790854, -1.034940695012628, 0
6.5957966477828815, 5.274707186059103, 0, -1.188504705318709, -0.9559568441791029, 0
4.8678689542804765, 3.6297756817703477, 0, -1.1751789721164903, -0.873307275310511, 0
4.341431362017003, 2.7767099379138713, 0, -1.2121587939676863, -0.7757739905246708, 0
1.9519518258018282, 1.1752546268898307, 0, -1.1545585286252003, -0.6960122856690513, 0
1.8265087351081601, 0.9281051476438718, 0, -1.1947660540992573, -0.6062678494800462, 0
0.2884235142493578, 0.1345837268400823, 0, -1.1353968377537753, -0.5284669814751648, 0
-0.08052490003103659, -0.03338402177524955, 0, -1.0761699589458478, -0.44986203015031967, 0
0.9747900785764572, 0.35310270118689463, 0, -1.0182142270707089, -0.36718091848976336, 0
3.516619085788889, 1.0551293774804353, 0, -0.9569403354914542, -0.2902846780481244, 0
15.877976968760798, -23.41244832958729, 0, -1.1111404651190095, 1.6629392252199455, 0
10.979887463609652, -14.32184701989143, 0, -1.1913986083060506, 1.6064150634647343, 0
12.201783731500978, -15.94242301848438, 0, -1.1736147603009999, 1.5280031545253583, 0
13.00223953781213, -15.477660887790297, 0, -1.2262986261739228, 1.4562446205335682, 0
13.015566870830847, -14.234811418021797, 0, -1.245626604323843, 1.3641535198892132, 0
11.440194924405086, -12.656698259603209, 0, -1.1764439285566608, 1.2987395719867052, 0
10.8076606505495, -10.807660479893809, 0, -1.2020815280165076, 1.2020815280165085, 0
10.049317286007225, -9.049726720366403, 0, -1.2272909609303406, 1.1062972955201233, 0
9.589619371666167, -7.649824719860758, 0, -1.2660419946254446, 1.0085073629066506, 0
7.85477331982792, -5.847979300575074, 0, -1.2524318572787159, 0.9266897559055783, 0
7.4132204739123235, -4.936382214112867, 0, -1.2751376788565467, 0.8537296234578965, 0
7.064194514655935, -4.159822883130093, 0, -1.3104884896423998, 0.7652989106939981, 0
4.168267129771975, -2.287699638282479, 0, -1.2523702162695318, 0.6854788714952864, 0
4.170537786549531, -1.923686124163683, 0, -1.2925287026111738, 0.5953334383396666, 0
1.8422500566615205, -0.7671332795429079, 0, -1.2345719082036277, 0.5154852189140628, 0
0.330795164324712, -0.12134223493249194, 0, -1.1781484165048879, 0.43207198183853807, 0
-0.12369243003707782, 0.03797896290997833, 0, -1.1176433173266958, 0.3502012884175727, 0
0.9372303461836614, -0.23754076021647041, 0, -1.051303538048058, 0.26333782824146157, 0
4.312225321933023, -0.8676313151415739, 0, -0.9807852803005145, 0.19509032253251607, 0
15.879018399420481, 23.413631332309382, 0, -1.1111404651190104, -1.662939225219945, 0
10.979447090856182, 14.321489316741724, 0, -1.1913986083060515, -1.6064150634647338, 0
12.20180857020015, 15.942446447450905, 0, -1.1736147603010008, -1.5280031545253578, 0
13.0021387203014, 15.477681846850567, 0, -1.2262986261739237, -1.4562446205335677, 0
13.015501960149575, 14.234712500901681, 0, -1.2456266043238435, -1.3641535198892127, 0
11.440178312913714, 12.656690158620444, 0, -1.1764439285566612, -1.2987395719867048, 0
10.807656845461816, 10.807658317183177, 0, -1.202081528016508, -1.202081528016508, 0
10.049322198221075, 9.049731360829544, 0, -1.227290960930341, -1.106297295520123, 0
9.589626331647208, 7.64982656961888, 0, -1.266041994625445, -1.00850736290665, 0
7.8547778418633944, 5.847982716812961, 0, -1.2524318572787163, -0.9266897559055777, 0
7.413220991735008, 4.936379360372774, 0, -1.2751376788565472, -0.8537296234578958, 0
7.06419148395049, 4.159820970689557, 0, -1.3104884896424003, -0.7652989106939975, 0
4.1682647947552365, 2.287697502565198, 0, -1.2523702162695323, -0.6854788714952857, 0
4.170534614369559, 1.9236851895421982, 0, -1.2925287026111743, -0.5953334383396659, 0
1.8422481559146042, 0.7671317975239884, 0, -1.2345719082036282, -0.5154852189140622, 0
0.3307938882105112, 0.12134194213559728, 0, -1.1781484165048879, -0.4320719818385375, 0
-0.12369219968507358, -0.03797903163657714, 0, -1.1176433173266958, -0.35020128841757214, 0
0.937231778458668, 0.23754136215775976, 0, -1.051303538048058, -0.2633378282414611, 0
4.312230565080973, 0.8676327517328472, 0, -0.9807852803005145, -0.19509032253251557, 0
12.52994566023892, -15.644315696108274, 0, -1.2687865679453671, 1.5460209070389113, 0
12.916062504543618, -14.088395752878279, 0, -1.3431179095495989, 1.4819022508408293, 0
13.820967668745439, -14.881059729260011, 0, -1.310256438271357, 1.4126106239333853, 0
14.216828882529624, -14.216804252027812, 0, -1.3435028842542645, 1.3435028842542645, 0
13.027758549150736, -13.02776217613429, 0, -1.2727922061353776, 1.2727922061353785, 0
12.656700191360231, -11.440192562300647, 0, -1.2987395719867045, 1.1764439285566615, 0
12.04066632919984, -9.915597008700548, 0, -1.3187835766291565, 1.0857116179684005, 0
13.033771374052943, -9.576280730100658, 0, -1.3858660270864485, 1.0190324462632594, 0
10.253167777073351, -7.240020616343145, 0, -1.3286121813370666, 0.9354426664762648, 0
10.142255828214104, -6.267631990098793, 0, -1.3686663574506697, 0.8451191547724262, 0
10.198655345299935, -5.468595850664361, 0, -1.4086995026925517, 0.754816611025207, 0
7.1050953810117985, -3.5275832512246454, 0, -1.3504930845985077, 0.6750212816923148, 0
7.261689459211634, -3.0778083476898734, 0, -1.3904623684803679, 0.5849307182494414, 0
4.364007993253029, -1.6510949253642742, 0, -1.3324240778686298, 0.5053190063356237, 0
2.050516923999366, -0.6828388179421718, 0, -1.2743528062648937, 0.42587928320466656, 0
0.5935050772486183, -0.16370465192089148, 0, -1.2289303340491198, 0.3375615420306766, 0
-0.15030407465001852, 0.030957472111521774, 0, -1.15281659098148, 0.2566608740185475, 0
0.8485230190247259, -0.13411427907968967, 0, -1.0720528450615, 0.15902401788845458, 0
3.9349000161118073, -0.369885358082739, 0, -0.9951847266481262, 0.0980171405739547, 0
12.530425258028982, 15.644623815973674, 0, -1.268786567945368, -1.5460209070389108, 0
12.915389584408768, 14.087637843984696, 0, -1.3431179095495998, -1.4819022508408288, 0
13.820728771799262, 14.88074160308936, 0, -1.310256438271358, -1.4126106239333849, 0
14.216637483274708, 14.216786696989152, 0, -1.343502884254265, -1.343502884254264, 0
13.027741131326508, 13.027719610105683, 0, -1.272792206135378, -1.272792206135378, 0
12.65670611534125, 11.440211756793015, 0, -1.298739571986705, -1.176443928556661, 0
12.04068243552196, 9.915611039669576, 0, -1.318783576629157, -1.0857116179684, 0
13.033777753885882, 9.57628831072158, 0, -1.385866027086449, -1.019032446263259, 0
10.253165599934409, 7.240020985718182, 0, -1.328612181337067, -0.9354426664762642, 0
10.142248688111104, 6.267625907821265, 0, -1.3686663574506701, -0.8451191547724255, 0
10.198648321939894, 5.468593269424508, 0, -1.4086995026925522, -0.7548166110252064, 0
7.105091288646142, 3.527579742700668, 0, -1.3504930845985081, -0.6750212816923141, 0
7.261686916972457, 3.077807565816224, 0, -1.3904623684803683, -0.5849307182494408, 0
4.364004773825419, 1.6510943028303118, 0, -1.3324240778686303, -0.505319006335623, 0
2.0505149084762913, 0.6828379878791242, 0, -1.2743528062648937, -0.425879283204666, 0
0.5935036431733154, 0.16370444711361806, 0, -1.2289303340491198, -0.33756154203067607, 0
-0.15030406988980974, -0.030957467423698273, 0, -1.15281659098148, -0.2566608740185469, 0
0.8485255284159255, 0.13411475782953447, 0, -1.0720528450615, -0.15902401788845402, 0
3.934930548730254, 0.36988853426860613, 0, -0.9951847266481262, -0.09801714057395423, 0
15.132442553145312, -15.13245957803378, 0, -1.4142135623730945, 1.4142135623730954, 0
14.881039173072741, -13.820975915046386, 0, -1.4126106239333847, 1.3102564382713575, 0
14.234803494404458, -13.015566744486748, 0, -1.3641535198892125, 1.2456266043238435, 0
14.275714203961334, -11.736056245139448, 0, -1.3892959971613885, 1.1454264650301065, 0
15.538656900737191, -11.632910099888859, 0, -1.4710214538480946, 1.1006328517640795, 0
15.385137016474935, -10.4451906327546, 0, -1.4871928238622045, 1.0052269820126833, 0
13.014593321215616, -8.421918707228187, 0, -1.4268392297136279, 0.9249360406674273, 0
13.149073087423098, -7.4832138464098, 0, -1.4668399414156208, 0.8346256566344642, 0
13.41220994638072, -6.626381332822217, 0, -1.5067784291527069, 0.7443886984906206, 0
10.337973979127709, -4.7572952495310235, 0, -1.4485028179269057, 0.6646089995644745, 0
10.74028693591309, -4.126232181507117, 0, -1.4884725486475807, 0.5744915403944625, 0
7.647337659696063, -2.6304554522217467, 0, -1.4303421271094368, 0.4948637957333443, 0
4.784520772364496, -1.4751494160120822, 0, -1.3716763988589658, 0.4203758574892209, 0
2.7198182266081803, -0.740498970957562, 0, -1.3185834968021817, 0.3602500520608827, 0
2.14639668617122, -0.4628402692161532, 0, -1.314957813393389, 0.28066417594832904, 0
0.53486379879921, -0.0991049500384467, 0, -1.241447666034747, 0.24042059464892895, 0
-0.13611007338970804, 0.02070549739231002, 0, -1.192128597840858, 0.1629792319821843, 0
0.056613794589902365, -0.003105116913381654, 0, -1.138169535355098, 0.07974471943189475, 0
1.3972961804475732, -0.09906753246811986, 0, -1.061081421412945, 0.06735717557886096, 0
2.760392652242281, -1.972768755936995e-07, 0, -1.0, 3.5876077807826975e-16, 0
1.3973009966515317, 0.09906879035420335, 0, -1.061081421412945, -0.06735717557886046, 0
0.05661424187690275, 0.0031051754414068125, 0, -1.138169535355098, -0.07974471943189422, 0
-0.1361103820344827, -0.020705591176890782, 0, -1.192128597840858, -0.1629792319821837, 0
0.534862825986983, 0.09910477007833038, 0, -1.241447666034747, -0.24042059464892834, 0
2.146395090372087, 0.4628400569184041, 0, -1.314957813393389, -0.2806641759483285, 0
2.7198167605032064, 0.7404982875872814, 0, -1.3185834968021817, -0.3602500520608821, 0
4.78451834528245, 1.475149678612982, 0, -1.3716763988589658, -0.42037585748922024, 0
7.647333686480879, 2.6304531709350147, 0, -1.4303421271094372, -0.49486379573334366, 0
10.74028436646245, 4.126231236908748, 0, -1.4884725486475812, -0.5744915403944618, 0
10.337966379457775, 4.757292142771471, 0, -1.4485028179269062, -0.6646089995644738, 0
13.412198265391268, 6.626375195293105, 0, -1.5067784291527073, -0.74438869849062, 0
13.14905525317626, 7.483204823416306, 0, -1.4668399414156212, -0.8346256566344635, 0
13.01457953070777, 8.421908262574412, 0, -1.4268392297136283, -0.9249360406674266, 0
15.38511708076332, 10.445187038109552, 0, -1.487192823862205, -1.0052269820126825, 0
15.538737039361562, 11.632956752442663, 0, -1.471021453848095, -1.1006328517640787, 0
14.275783429225594, 11.736098756429055, 0, -1.389295997161389, -1.145426465030106, 0
14.23485390052829, 13.015578423755292, 0, -1.364153519889213, -1.245626604323843, 0
14.88113243847929, 13.821009471783928, 0, -1.412610623933385, -1.310256438271357, 0
15.132191267594616, 15.131914920878692, 0, -1.4142135623730954, -1.414213562373095, 0
14.088378911625574, -12.916089566517467, 0, -1.4819022508408286, 1.3431179095495995, 0
15.477669287905462, -13.002192229567473, 0, -1.4562446205335675, 1.2262986261739235, 0
15.94235867441414, -12.201745418240488, 0, -1.5280031545253576, 1.1736147603010005, 0
17.778404824987902, -12.014598539156255, 0, -1.5675157394068004, 1.0916756804703938, 0
17.08803639389478, -10.541845423309033, 0, -1.5866896797298726, 0.987615492203881, 0
15.61075374881695, -9.386566062246212, 0, -1.5248664263720109, 0.9144828712749443, 0
15.888325337941799, -8.35472380443409, 0, -1.5620514473099498, 0.8230418156993926, 0
16.37541802472584, -7.488440374575544, 0, -1.6016018440850397, 0.732582345524441, 0
13.747021027596867, -5.814242399999587, 0, -1.5461109739897207, 0.6540051475348005, 0
14.263148120701663, -5.071655252147742, 0, -1.5865568463720718, 0.5641479150865271, 0
11.245176621637727, -3.576121524549194, 0, -1.5283632264543168, 0.48437290613055567, 0
8.237436736507226, -2.270000077348021, 0, -1.4701597004163347, 0.40469645017063177, 0
5.161624557506478, -1.1855230590652959, 0, -1.4053922379401007, 0.3257237132288326, 0
3.7669233277394283, -0.6362296380465694, 0, -1.378794151486905, 0.2384418076257086, 0
1.468985510649619, -0.21051832554440386, 0, -1.305111184364716, 0.18048836312119707, 0
0.25217805514851416, -0.01370215942655266, 0, -1.24352230867251, 0.08289052327482144, 0
-0.09963163589571195, -1.0917662628904967e-08, 0, -1.2, 4.3051293369392366e-16, 0
0.5597549838712761, 4.463866880091879e-08, 0, -1.1, 3.9463685588609675e-16, 0
0.25217764927132535, 0.013702167813507348, 0, -1.24352230867251, -0.08289052327482085, 0
1.4689840920623523, 0.21051842235011314, 0, -1.305111184364716, -0.1804883631211964, 0
3.7669227622425328, 0.6362299801250952, 0, -1.378794151486905, -0.23844180762570794, 0
5.161621440019397, 1.1855225463798496, 0, -1.4053922379401007, -0.3257237132288319, 0
8.237435918437809, 2.269999446543876, 0, -1.4701597004163347, -0.4046964501706311, 0
11.245173276452858, 3.5761225686606375, 0, -1.5283632264543172, -0.484372906130555, 0
14.263146160877753, 5.0716544969067, 0, -1.5865568463720723, -0.5641479150865264, 0
13.747016347161905, 5.814240926798121, 0, -1.5461109739897212, -0.6540051475347999, 0
16.375408307608033, 7.4884395003465825, 0, -1.6016018440850401, -0.7325823455244403, 0
15.888305087314007, 8.354708329618592, 0, -1.5620514473099503, -0.8230418156993919, 0
15.610701247303984, 9.386532526519979, 0, -1.5248664263720113, -0.9144828712749437, 0
17.087851138346544, 10.541723130938012, 0, -1.586689679729873, -0.9876154922038803, 0
17.778322573111165, 12.014552624440453, 0, -1.567515739406801, -1.0916756804703929, 0
15.942725495931056, 12.202007103694026, 0, -1.528003154525358, -1.1736147603009996, 0
15.477748714530492, 13.00239043542168, 0, -1.456244620533568, -1.226298626173923, 0
14.088854928954012, 12.916334692973074, 0, -1.481902250840829, -1.3431179095495986, 0
15.64426073250099, -12.530015624555224, 0, -1.5460209070389106, 1.2687865679453674, 0
14.321553819563388, -10.979590718740415, 0, -1.6064150634647336, 1.1913986083060517, 0
23.413022200248164, -15.878444611480393, 0, -1.6629392252199446, 1.1111404651190107, 0
17.791730243654378, -11.598761124724637, 0, -1.6419345496567015, 1.0397435851722416, 0
17.012018649066217, -9.49000198560929, 0, -1.6738182259141836, 0.9609839431422552, 0
17.420116415095986, -9.545519236995512, 0, -1.6199950455602548, 0.8933457950678962, 0
18.49355638287009, -8.933081308665745, 0, -1.6592300048854358, 0.8032765238903875, 0
18.624156098837837, -7.8118493894181755, 0, -1.6959348850083948, 0.7136918965214651, 0
16.77910288140087, -6.588283776298837, 0, -1.6419626264830667, 0.642618102747807, 0
17.314519248489944, -5.642023682727166, 0, -1.6818615073767609, 0.5495238337509644, 0
14.852115070736598, -4.324940427197265, 0, -1.6260757318276557, 0.473287473739106, 0
11.985412380091129, -2.988433994407789, 0, -1.5683137716360587, 0.394164238181017, 0
9.086920645702328, -1.8971009355304167, 0, -1.5115854446590449, 0.31507177135246744, 0
6.602343646742556, -1.106385263199948, 0, -1.460032945359217, 0.24168543505676374, 0
4.402404240948542, -0.4924338890142789, 0, -1.408476576377102, 0.1636473507734205, 0
2.3848474501591865, -0.14951434357374185, 0, -1.350719424769666, 0.08433831125705404, 0
1.134484205736998, 5.806978150518313e-08, 0, -1.3, 4.663890115017507e-16, 0
2.3848469739412623, 0.14951451411530794, 0, -1.350719424769666, -0.0843383112570534, 0
4.40240288395696, 0.4924335836080321, 0, -1.408476576377102, -0.16364735077341977, 0
6.602341775772063, 1.1063852639377583, 0, -1.460032945359217, -0.24168543505676301, 0
9.086919215039654, 1.8971017972146118, 0, -1.5115854446590449, -0.3150717713524668, 0
11.985410829067169, 2.9884324687895614, 0, -1.5683137716360587, -0.3941642381810163, 0
14.85211533545554, 4.32494012498345, 0, -1.6260757318276562, -0.47328747373910524, 0
17.314523602402566, 5.6420270083860435, 0, -1.6818615073767613, -0.5495238337509637, 0
16.779104479305662, 6.588278932494031, 0, -1.6419626264830671, -0.6426181027478063, 0
18.624165554024778, 7.811863727679749, 0, -1.6959348850083953, -0.7136918965214643, 0
18.49354938472938, 8.933062031479263, 0, -1.6592300048854363, -0.8032765238903868, 0
17.420062114104223, 9.545509856596366, 0, -1.6199950455602552, -0.8933457950678956, 0
17.011956580284878, 9.48991538703836, 0, -1.673818225914184, -0.9609839431422545, 0
17.791167053592265, 11.59841989284474, 0, -1.641934549656702, -1.0397435851722407, 0
23.411287076958757, 15.877203577891002, 0, -1.662939225219945, -1.1111404651190098, 0
14.322943152592668, 10.980810332989071, 0, -1.606415063464734, -1.1913986083060508, 0
15.644460176165232, 12.52987007108549, 0, -1.546020907038911, -1.2687865679453665, 0
12.381295841000123, -7.334010181830345, 0, -1.7154572206996845, 1.0282054872199977, 0
14.834305989992236, -8.038839480889179, 0, -1.7638425294559945, 0.9427934722314728, 0
19.817569359133255, -10.250526499986476, 0, -1.7149903303825957, 0.8741998269580432, 0
21.114421791979396, -9.693042092808215, 0, -1.7608064769663838, 0.7827974635710873, 0
18.708216923214106, -6.844849183470626, 0, -1.7913391667651257, 0.6943628389164416, 0
18.86108133176311, -6.79272121183921, 0, -1.7364267022309388, 0.6214937427072474, 0
19.931121637102844, -5.962133264829413, 0, -1.7727358735236198, 0.5363398923996673, 0
18.183239938562608, -4.932020516949328, 0, -1.7247352524043817, 0.4632526832218066, 0
15.587816280671115, -3.574509642573006, 0, -1.6666237867223448, 0.3842632660637658, 0
12.899278741439655, -2.4744059459505823, 0, -1.608928642440309, 0.30774954142111727, 0
10.409945224610684, -1.5482849005557853, 0, -1.556675136222846, 0.23725829655479924, 0
7.925810904149978, -0.8694688675027534, 0, -1.504473060248056, 0.16165122581677452, 0
5.608623849616001, -0.33245697692953274, 0, -1.448894394361723, 0.08429536869947214, 0
3.846461534456406, 1.7518395039964726e-07, 0, -1.4, 5.022650893095776e-16, 0
5.608623390922001, 0.33245758111946505, 0, -1.448894394361723, -0.08429536869947145, 0
7.925809810517687, 0.8694701325326469, 0, -1.504473060248056, -0.1616512258167738, 0
10.409944313371637, 1.5482831767360552, 0, -1.556675136222846, -0.23725829655479846, 0
12.899277859057896, 2.474407100179625, 0, -1.608928642440309, -0.3077495414211165, 0
15.587816716578725, 3.5745106334460788, 0, -1.6666237867223448, -0.38426326606376504, 0
18.183240153137042, 4.932018896067853, 0, -1.7247352524043822, -0.46325268322180585, 0
19.93113084354548, 5.9621371787321005, 0, -1.7727358735236203, -0.5363398923996664, 0
18.86108666230383, 6.792720744836045, 0, -1.7364267022309392, -0.6214937427072466, 0
18.70828015196891, 6.844863657191279, 0, -1.7913391667651262, -0.6943628389164407, 0
21.114404440906252, 9.693018658952038, 0, -1.7608064769663843, -0.7827974635710864, 0
19.817622549715875, 10.250571007215004, 0, -1.7149903303825962, -0.8741998269580423, 0
14.83490398996401, 8.039120913027173, 0, -1.763842529455995, -0.9427934722314719, 0
12.381004827636476, 7.3339055657692525, 0, -1.715457220699685, -1.0282054872199968, 0
30.269607437806243, -12.529441789549013, 0, -1.8079785870981138, 0.8551101850607956, 0
18.646553959728664, -8.69707311742093, 0, -1.8477590658702419, 0.7653668626837267, 0
9.642762481033072, -3.416384258887653, 0, -1.8830881310377148, 0.673779704907239, 0
20.100718720216985, -7.11194595079009, 0, -1.8265142308777598, 0.6034595543756622, 0
24.02317865129361, -6.84135571226906, 0, -1.8600495812180389, 0.5225440516929031, 0
20.115004502685245, -5.196612447998412, 0, -1.8068279670338427, 0.45776548864942035, 0
18.812118705576243, -3.9518370021849107, 0, -1.7834850070238437, 0.37229833005508595, 0
16.341987714621755, -2.8949733749226825, 0, -1.70661700735703, 0.2968206050300784, 0
14.191691562829455, -1.9974262380459737, 0, -1.654137279419231, 0.23248501866979668, 0
11.827465635478713, -1.1770970034018204, 0, -1.60124122516329, 0.1605173285081561, 0
9.608430226951048, -0.49199854897864453, 0, -1.551518084004158, 0.08250357530803584, 0
7.400822335841469, 3.153691089964348e-07, 0, -1.5, 5.381411671174046e-16, 0
9.608429654708628, 0.49199705015248985, 0, -1.551518084004158, -0.0825035753080351, 0
11.827464704556991, 1.177098516985392, 0, -1.60124122516329, -0.1605173285081553, 0
14.191690614658626, 1.9974259550175275, 0, -1.654137279419231, -0.23248501866979585, 0
16.341986809914907, 2.894972340938025, 0, -1.70661700735703, -0.2968206050300776, 0
18.812124338146948, 3.951837626914295, 0, -1.7834850070238437, -0.37229833005508517, 0
20.11500234841464, 5.196611089486759, 0, -1.8068279670338427, -0.45776548864941957, 0
24.023173425236504, 6.8413442086938145, 0, -1.8600495812180393, -0.5225440516929022, 0
20.100724450868704, 7.111950671065612, 0, -1.8265142308777602, -0.6034595543756613, 0
9.642934421335955, 3.4164421516157, 0, -1.8830881310377152, -0.6737797049072382, 0
18.646686854102303, 8.697141828737113, 0, -1.8477590658702423, -0.7653668626837258, 0
30.26928883918774, 12.529286709474476, 0, -1.8079785870981142, -0.8551101850607947, 0
30.898164303273717, -7.572198296139127, 0, -1.9138806719338788, 0.5805693529613207, 0
27.73802292533216, -8.656831939468475, 0, -1.9400625066914847, 0.4859603585992942, 0
19.42889889722282, -4.010980567509858, 0, -1.8781352021514068, 0.41514692886955246, 0
19.133470895252934, -3.6846949278165146, 0, -1.8777224958518008, 0.31812439710975876, 0
18.877152432752407, -2.8851118891793504, 0, -1.794565286886676, 0.28822343012574375, 0
17.438954009435623, -2.327967522636029, 0, -1.749933675951113, 0.22922049720106974, 0
15.638655897291189, -1.4917104292999468, 0, -1.702458372799583, 0.16182299992180182, 0
13.607541717843132, -0.7072952085586066, 0, -1.65252241537249, 0.08519729104383778, 0
11.49638853134266, 1.0301235147223125e-06, 0, -1.6, 5.740172449252317e-16, 0
13.607540635899873, 0.7072945597336648, 0, -1.65252241537249, -0.085197291043837, 0
15.638654618158068, 1.4917095887229288, 0, -1.702458372799583, -0.161822999921801, 0
17.438955390512238, 2.327968088549514, 0, -1.749933675951113, -0.22922049720106885, 0
18.877152815757817, 2.8851137015062265, 0, -1.794565286886676, -0.288223430125743, 0
19.13347455626969, 3.684692030196351, 0, -1.8777224958518008, -0.3181243971097579, 0
19.42890843234636, 4.010984575286152, 0, -1.8781352021514068, -0.41514692886955157, 0
27.73827087911135, 8.656903674019519, 0, -1.9400625066914852, -0.4859603585992933, 0
30.89786475681839, 7.572120183416208, 0, -1.9138806719338792, -0.5805693529613198, 0
9.28372364624464, -1.854697683864442, 0, -1.9615705610265908, 0.3901806429255864, 0
17.85253030583714, -1.8493916644927664, 0, -1.978353020053923, 0.29346094807234824, 0
22.324018939527182, -2.5029399480890557, 0, -1.918226487874774, 0.23859821036421888, 0
19.673473533920948, -2.503035086693428, 0, -1.840114950878146, 0.23302846599640267, 0
18.886885263090207, -1.7323166837825668, 0, -1.798689198938693, 0.16730188206201285, 0
16.933848031623764, -0.8438915687839958, 0, -1.749755040065526, 0.08571313445161007, 0
15.254891218661774, 3.8599860322637765e-08, 0, -1.7, 6.098933227330585e-16, 0
16.933845926530015, 0.8438919340466438, 0, -1.749755040065526, -0.08571313445160923, 0
18.8868803102454, 1.73231722806984, 0, -1.798689198938693, -0.16730188206201196, 0
19.673476726777142, 2.503033370819107, 0, -1.840114950878146, -0.23302846599640178, 0
22.32404032769613, 2.5029432311750686, 0, -1.918226487874774, -0.23859821036421794, 0
17.85258894092964, 1.8494019189142212, 0, -1.978353020053923, -0.29346094807234735, 0
9.28361828422158, 1.8546758587169996, 0, -1.9615705610265908, -0.3901806429255855, 0
32.812684882077534, -4.3460423254847464, 0, -1.990369453396863, 0.1960342801263907, 0
21.426419033386036, -1.7815133811082389, 0, -1.90155255976582, 0.1567023791156122, 0
18.981536026695057, -0.9118608264435384, 0, -1.845393339872274, 0.08381034566569985, 0
18.32847409068977, -1.426098881072987e-06, 0, -1.8, 6.457694005408856e-16, 0
18.981523885451246, 0.9118576255989748, 0, -1.845393339872274, -0.08381034566569896, 0
21.426407549934243, 1.7815088052097132, 0, -1.90155255976582, -0.15670237911561125, 0
32.812725068801456, 4.346047279499734, 0, -1.990369453396863, -0.1960342801263897, 0
10.010632584688402, -0.20412592362178975, 0, -1.997590912420535, 0.09813534844740751, 0
18.460315871449367, -0.7017571156859751, 0, -1.925357763896807, 0.07237533873083313, 0
19.476928210658297, 7.840075482945282e-06, 0, -1.9, 6.816454783487124e-16, 0
18.46027950299956, 0.7017591552378911, 0, -1.925357763896807, -0.07237533873083221, 0
10.010489651627989, 0.20412222026981378, 0, -1.997590912420535, -0.09813534844740657, 0
27.035780018018315, -2.9409235448718284e-05, 0, -2.0, 7.175215561565395e-16, 0
