"f:0","f:1","f:2",":0",":1",":2"
-0.7010252479639747, 2.3773539290588728e-07, 0, 2.0, 0.0, 0
-0.4336277357375693, -9.5529554016628e-08, 0, 1.9, 0.0, 0
-0.45531931125463326, -0.025548993019269498, 0, 1.925357763896807, 0.07237533873083243, 0
-0.6979841122318381, -0.05311312159819949, 0, 1.997590912420535, 0.09813534844740679, 0
-0.4553191765213272, 0.025548972916103366, 0, 1.925357763896807, -0.07237533873083338, 0
-0.6979841185651514, 0.05311314327865451, 0, 1.997590912420535, -0.09813534844740776, 0
-0.16326200753356893, 5.749458027718677e-08, 0, 1.8, 0.0, 0
-0.3208112655360248, -0.004778279793820563, 0, 1.845393339872274, 0.08381034566569918, 0
-0.41208028466095786, -0.023699820536481037, 0, 1.90155255976582, 0.1567023791156115, 0
-0.7058892014227779, 0.000437067889734915, 0, 1.990369453396863, 0.19603428012639, 0
-0.3208112527134242, 0.0047783137318197465, 0, 1.845393339872274, -0.08381034566570007, 0
-0.4120802695613956, 0.023699826203622296, 0, 1.90155255976582, -0.15670237911561238, 0
-0.7058891894280007, -0.0004370389098690865, 0, 1.990369453396863, -0.19603428012639093, 0
-0.1267716439914227, 0.0029190780609139317, 0, 1.749755040065526, 0.08571313445160944, 0
-0.023615307364950825, 8.58130184873762e-08, 0, 1.7, 0.0, 0
-0.1267716037648699, -0.00291918499025489, 0, 1.749755040065526, -0.0857131344516103, 0
-0.16127873846087462, 0.024155474242806237, 0, 1.798689198938693, -0.16730188206201305, 0
-0.358630622816913, 0.04508273283043388, 0, 1.840114950878146, -0.2330284659964029, 0
-0.47984123643911736, 0.08662728811654176, 0, 1.918226487874774, -0.23859821036421908, 0
-0.6849031742319864, 0.17865266230301421, 0, 1.978353020053923, -0.2934609480723485, 0
-0.1612786476997206, -0.024155418951570556, 0, 1.798689198938693, 0.1673018820620122, 0
-0.35863064881459383, -0.045082705945206455, 0, 1.840114950878146, 0.233028465996402, 0
-0.4798412322373679, -0.08662726096066947, 0, 1.918226487874774, 0.2385982103642182, 0
-0.6849031714431313, -0.17865264593500768, 0, 1.978353020053923, 0.2934609480723475, 0
0.0926896993251567, -0.005425825495395115, 0, 1.65252241537249, 0.08519729104383718, 0
-0.05551333020867979, 0.008173635622966493, 0, 1.702458372799583, 0.1618229999218012, 0
-0.13791687992858634, -0.0030065529413483122, 0, 1.749933675951113, 0.2292204972010691, 0
-0.1929977742670105, -0.06013570493893399, 0, 1.794565286886676, 0.2882234301257431, 0
-0.4143871640217838, -0.02278632391959046, 0, 1.877722495851801, 0.3181243971097581, 0
-0.6866994739789472, -0.12994304911699658, 0, 1.961570561026591, 0.3901806429255857, 0
0.1343612172293476, 1.315969469638138e-07, 0, 1.6, 0.0, 0
0.09268969492736144, 0.0054256168499534916, 0, 1.65252241537249, -0.08519729104383798, 0
-0.05551335241238224, -0.008173420109159862, 0, 1.702458372799583, -0.161822999921802, 0
-0.13791672288137247, 0.0030064056433382214, 0, 1.749933675951113, -0.22922049720106993, 0
-0.19299789284884306, 0.060135764962801694, 0, 1.794565286886676, -0.288223430125744, 0
-0.41438716344628845, 0.022786311378281864, 0, 1.877722495851801, -0.318124397109759, 0
-0.6866994660113426, 0.1299430817081717, 0, 1.961570561026591, -0.3901806429255867, 0
0.22383975737162215, 0.021340512378949485, 0, 1.551518084004158, 0.08250357530803529, 0
0.13835773494747236, 0.021019383243579357, 0, 1.60124122516329, 0.1605173285081555, 0
0.05476832297039793, -0.016188184445072775, 0, 1.654137279419231, 0.2324850186697961, 0
-0.07713554146256936, 0.02547936757001654, 0, 1.70661700735703, 0.2968206050300778, 0
-0.24793367881942724, -0.0470342685147148, 0, 1.783485007023844, 0.3722983300550853, 0
-0.4369024193434275, -0.1154174243481907, 0, 1.878135202151407, 0.4151469288695518, 0
-0.7112116733726055, -0.06765405988789483, 0, 1.940062506691485, 0.4859603585992935, 0
0.35236438478987187, 6.657622499788759e-08, 0, 1.5, 0.0, 0
0.22383975632459238, -0.021340688253057107, 0, 1.551518084004158, -0.08250357530803604, 0
0.13835773814361346, -0.021019135459092807, 0, 1.60124122516329, -0.16051732850815628, 0
0.0547683589574397, 0.016187997462988386, 0, 1.654137279419231, -0.23248501866979687, 0
-0.07713570762923648, -0.025479182936523136, 0, 1.70661700735703, -0.2968206050300787, 0
-0.2479334670774242, 0.04703421714006355, 0, 1.783485007023844, -0.37229833005508617, 0
-0.43690231234732185, 0.11541746563549142, 0, 1.878135202151407, -0.4151469288695527, 0
-0.711211664063056, 0.06765409002950235, 0, 1.9400625066914845, -0.4859603585992945, 0
0.3109668820528453, 0.023973987732931246, 0, 1.504473060248056, 0.161651225816774, 0
0.18454830941443878, 0.050920179855418184, 0, 1.556675136222846, 0.2372582965547987, 0
0.09497046067637528, 0.010861311895917991, 0, 1.608928642440309, 0.3077495414211167, 0
-0.03422392159994878, -0.025465298871065016, 0, 1.666623786722345, 0.3842632660637652, 0
-0.13018785363260796, -0.015955786479819985, 0, 1.724735252404382, 0.463252683221806, 0
-0.336090372384197, -0.07321187054161706, 0, 1.806827967033843, 0.4577654886494197, 0
-0.47577374929776306, -0.12531615980881508, 0, 1.860049581218039, 0.5225440516929024, 0
-0.6449525129475284, -0.3073016301812171, 0, 1.913880671933879, 0.5805693529613201, 0
0.40235475652964714, 0.020259628475900435, 0, 1.448894394361723, 0.08429536869947163, 0
0.48123407162892506, 1.9743456210880252e-09, 0, 1.4, 0.0, 0
0.4023547078051464, -0.020259646509106777, 0, 1.448894394361723, -0.08429536869947232, 0
0.31096695137710445, -0.02397382147132412, 0, 1.504473060248056, -0.1616512258167747, 0
0.18454824103732081, -0.05092042678855825, 0, 1.556675136222846, -0.2372582965547994, 0
0.0949705708597052, -0.01086095365997165, 0, 1.608928642440309, -0.3077495414211175, 0
-0.03422388260144148, 0.02546500246170021, 0, 1.666623786722345, -0.3842632660637661, 0
-0.13018795031750405, 0.015955968367632772, 0, 1.7247352524043815, -0.4632526832218069, 0
-0.3360907049894242, 0.07321200767138568, 0, 1.806827967033843, -0.45776548864942057, 0
-0.47577376064898436, 0.12531624047927972, 0, 1.8600495812180387, -0.5225440516929033, 0
-0.6449525297795577, 0.3073015136148931, 0, 1.9138806719338786, -0.580569352961321, 0
0.4590106882059719, 0.06300819477945986, 0, 1.408476576377102, 0.16364735077342, 0
0.5983637127538011, 0.037412162228854205, 0, 1.350719424769666, 0.08433831125705356, 0
0.6692663235678666, -3.8957004392044366e-08, 0, 1.3, 0.0, 0
0.5983637279398957, -0.037412047819033165, 0, 1.350719424769666, -0.08433831125705422, 0
0.45901071958434503, -0.06300822677589742, 0, 1.408476576377102, -0.16364735077342066, 0
0.36211159261863757, -0.05389023743246687, 0, 1.460032945359217, -0.24168543505676388, 0
0.24759049660990676, -0.04996956042641457, 0, 1.511585444659045, -0.31507177135246767, 0
0.13325068440108293, -0.05101107579207817, 0, 1.568313771636059, -0.3941642381810172, 0
-0.020889428631982693, -0.005207983716175853, 0, 1.6260757318276555, -0.4732874737391062, 0
-0.1320854489019925, 0.05286272314851878, 0, 1.6818615073767607, -0.5495238337509647, 0
-0.2960651287499298, 0.09654596447875076, 0, 1.7727358735236196, -0.5363398923996675, 0
-0.43303031144712656, 0.1063429491246134, 0, 1.8265142308777595, -0.6034595543756625, 0
-0.6544264651672351, 0.24609914773573482, 0, 1.8830881310377146, -0.6737797049072393, 0
0.3621116054969901, 0.05389026125648818, 0, 1.460032945359217, 0.2416854350567632, 0
0.24759046690980305, 0.04996967556076763, 0, 1.511585444659045, 0.3150717713524669, 0
0.13325073483301916, 0.05101085093150614, 0, 1.568313771636059, 0.3941642381810164, 0
-0.020889402535174864, 0.005208434289590096, 0, 1.626075731827656, 0.4732874737391054, 0
-0.1320855047779739, -0.05286308362752239, 0, 1.681861507376761, 0.5495238337509638, 0
-0.2960655400757368, -0.09654606709781066, 0, 1.77273587352362, 0.5363398923996666, 0
-0.433030158947184, -0.10634295986964104, 0, 1.82651423087776, 0.6034595543756616, 0
-0.6544264160051828, -0.2460992913062687, 0, 1.883088131037715, 0.6737797049072384, 0
0.6423239531434117, 0.08066358328211544, 0, 1.305111184364716, 0.1804883631211966, 0
0.74662455227011, 0.05386675078224691, 0, 1.24352230867251, 0.08289052327482099, 0
0.8625612196632177, 8.251393874512132e-09, 0, 1.2, 0.0, 0
0.7466245312816348, -0.05386666835610946, 0, 1.24352230867251, -0.0828905232748216, 0
0.6423239720429121, -0.080663645520613, 0, 1.305111184364716, -0.1804883631211972, 0
0.4918927460505391, -0.09178881958549458, 0, 1.378794151486905, -0.23844180762570877, 0
0.4168678043167292, -0.10217038345772197, 0, 1.405392237940101, -0.32572371322883276, 0
0.26541468337311425, -0.07128178242844016, 0, 1.470159700416335, -0.404696450170632, 0
0.16005181068762608, -0.04191953257962251, 0, 1.5283632264543165, -0.4843729061305559, 0
0.025692033951391142, -0.006980587273197781, 0, 1.5865568463720716, -0.5641479150865274, 0
-0.11098698033094327, 0.031703228902368104, 0, 1.6419626264830665, -0.6426181027478073, 0
-0.2671867124294463, 0.0886170672295823, 0, 1.7364267022309385, -0.6214937427072477, 0
-0.4108776533320594, 0.1946672058871944, 0, 1.7913391667651255, -0.6943628389164418, 0
-0.6782350035037609, 0.19935583620775213, 0, 1.8477590658702416, -0.7653668626837269, 0
0.49189279475478603, 0.09178894950282718, 0, 1.378794151486905, 0.2384418076257081, 0
0.41686770457419253, 0.10217035822491671, 0, 1.405392237940101, 0.3257237132288321, 0
0.26541481015927165, 0.07128181817562061, 0, 1.470159700416335, 0.4046964501706312, 0
0.16005159129496038, 0.04191965641671838, 0, 1.528363226454317, 0.4843729061305551, 0
0.025692092354173846, 0.006980194364624233, 0, 1.586556846372072, 0.5641479150865265, 0
-0.1109871675033494, -0.03170263350941059, 0, 1.641962626483067, 0.6426181027478064, 0
-0.2671863030029159, -0.088616881153015, 0, 1.736426702230939, 0.6214937427072468, 0
-0.4108779683251842, -0.19466723659857632, 0, 1.791339166765126, 0.6943628389164409, 0
-0.6782348919841146, -0.19935607651443665, 0, 1.847759065870242, 0.765366862683726, 0
0.836261691955994, 0.11799626686665271, 0, 1.192128597840858, 0.1629792319821839, 0
0.7185670957318956, 0.1469347915003582, 0, 1.241447666034747, 0.2404205946489285, 0
0.5807180508994912, 0.11933456841910206, 0, 1.314957813393389, 0.2806641759483286, 0
0.5330163419271046, 0.1493560699468263, 0, 1.318583496802182, 0.3602500520608822, 0
0.43539543445456136, 0.13024350459683684, 0, 1.371676398858966, 0.4203758574892204, 0
0.2834791726360187, 0.10489757190735226, 0, 1.430342127109437, 0.4948637957333438, 0
0.15188191755401032, 0.07015571122282596, 0, 1.488472548647581, 0.5744915403944619, 0
0.009830651888120729, -0.0009056684053340424, 0, 1.546110973989721, 0.6540051475348, 0
-0.09121051577718381, -0.045210091129489496, 0, 1.60160184408504, 0.7325823455244405, 0
-0.26420961755662864, -0.11699919382793711, 0, 1.695934885008395, 0.7136918965214646, 0
-0.44947041162542, -0.17276498364782977, 0, 1.760806476966384, 0.7827974635710866, 0
-0.5969312827575471, -0.38765539978539487, 0, 1.807978587098114, 0.855110185060795, 0
0.8943994452692027, 0.05311156929771765, 0, 1.138169535355098, 0.07974471943189435, 0
0.9032822153878842, 1.2366083521954086e-08, 0, 1.1, 0.0, 0
0.8943995120813996, -0.05311153251739719, 0, 1.138169535355098, -0.0797447194318949, 0
0.8362616568535972, -0.11799626888343998, 0, 1.192128597840858, -0.16297923198218445, 0
0.7185671775406248, -0.14693463630920536, 0, 1.241447666034747, -0.24042059464892906, 0
0.5807180088565619, -0.11933458235420105, 0, 1.314957813393389, -0.28066417594832926, 0
0.5330163454098684, -0.14935600239206592, 0, 1.318583496802182, -0.36025005206088284, 0
0.43539540319285075, -0.13024341295703215, 0, 1.371676398858966, -0.42037585748922107, 0
0.28347932405186255, -0.1048976230447776, 0, 1.4303421271094365, -0.4948637957333446, 0
0.15188167902060892, -0.07015553598614362, 0, 1.4884725486475805, -0.5744915403944626, 0
0.009830847202391297, 0.0009058853831387927, 0, 1.5461109739897205, -0.6540051475348009, 0
-0.0912107964223745, 0.04520966252459804, 0, 1.6016018440850395, -0.7325823455244413, 0
-0.2642092542541384, 0.11699869722716623, 0, 1.6959348850083946, -0.7136918965214655, 0
-0.4494705041860796, 0.17276547810206347, 0, 1.7608064769663836, -0.7827974635710875, 0
-0.5969311952964116, 0.38765571413330074, 0, 1.8079785870981135, -0.8551101850607958, 0
0.9429667429338339, 0.13133928299089764, 0, 1.0720528450615, 0.1590240178884542, 0
0.8313779628435267, 0.17816765229221612, 0, 1.15281659098148, 0.2566608740185471, 0
0.7131693498542705, 0.19612633063450902, 0, 1.22893033404912, 0.3375615420306762, 0
0.5590460183723793, 0.18705358560699747, 0, 1.274352806264894, 0.4258792832046661, 0
0.4336826814386971, 0.16633007977918696, 0, 1.33242407786863, 0.5053190063356232, 0
0.28625082516143047, 0.1103228994328564, 0, 1.390462368480368, 0.584930718249441, 0
0.17748076027212326, 0.07451361049789412, 0, 1.448502817926906, 0.664608999564474, 0
0.015841527307538864, 0.011245741229229425, 0, 1.506778429152707, 0.7443886984906201, 0
-0.11503508086605553, -0.07146731295780463, 0, 1.56205144730995, 0.823041815699392, 0
-0.25084191806358636, -0.11992708396997497, 0, 1.659230004885436, 0.803276523890387, 0
-0.3947466873859857, -0.194530113551322, 0, 1.714990330382596, 0.8741998269580425, 0
-0.6168998440142931, -0.3295913060626863, 0, 1.763842529455995, 0.9427934722314721, 0
0.9386420789812843, 0.05443216516765031, 0, 1.061081421412945, 0.06735717557886059, 0
0.902042131794016, -8.23482338321425e-09, 0, 1.0, 0.0, 0
0.9386420945121137, -0.05443206894394288, 0, 1.061081421412945, -0.06735717557886112, 0
0.9429667570926619, -0.1313392737627991, 0, 1.0720528450615, -0.1590240178884547, 0
0.8313778876563507, -0.17816765293163297, 0, 1.15281659098148, -0.25666087401854765, 0
0.713169348535224, -0.1961263293583724, 0, 1.22893033404912, -0.33756154203067684, 0
0.5590460262078616, -0.18705362975707007, 0, 1.274352806264894, -0.4258792832046668, 0
0.4336827110085991, -0.16633002889678847, 0, 1.3324240778686296, -0.5053190063356239, 0
0.2862507343441077, -0.11032284523337477, 0, 1.3904623684803676, -0.5849307182494417, 0
0.17748112512914482, -0.07451377014902712, 0, 1.4485028179269055, -0.6646089995644746, 0
0.015841331656699178, -0.011245640875017797, 0, 1.5067784291527067, -0.7443886984906207, 0
-0.11503448493643365, 0.07146774807356002, 0, 1.5620514473099496, -0.8230418156993929, 0
-0.2508420000493879, 0.11992778191073128, 0, 1.6592300048854356, -0.8032765238903878, 0
-0.3947469632869279, 0.19452949912377, 0, 1.7149903303825955, -0.8741998269580434, 0
-0.6168994660890923, 0.3295920474230625, 0, 1.7638425294559945, -0.942793472231473, 0
0.9211997148772494, 0.23360270669408265, 0, 1.051303538048058, 0.2633378282414612, 0
0.8285828818587397, 0.2577849860747078, 0, 1.117643317326696, 0.3502012884175723, 0
0.7125934734242437, 0.2618260762484796, 0, 1.178148416504888, 0.4320719818385376, 0
0.559855115559261, 0.23547761660093927, 0, 1.234571908203628, 0.5154852189140624, 0
0.4289892076426967, 0.19625841947172892, 0, 1.292528702611174, 0.5953334383396661, 0
0.2662902527571393, 0.14366707766253534, 0, 1.350493084598508, 0.6750212816923143, 0
0.13840102708419358, 0.07170512136654496, 0, 1.408699502692552, 0.7548166110252065, 0
0.014311046035598624, 0.003179104195185349, 0, 1.466839941415621, 0.8346256566344636, 0
-0.11923681578930528, -0.06229504434475971, 0, 1.524866426372011, 0.9144828712749438, 0
-0.26316044504332653, -0.1565476201298741, 0, 1.619995045560255, 0.8933457950678957, 0
-0.4030977375046084, -0.25871647606377124, 0, 1.673818225914184, 0.9609839431422547, 0
-0.5999688139227524, -0.36171536271054533, 0, 1.715457220699685, 1.028205487219997, 0
0.8850610626387297, 0.1732658192027552, 0, 0.9807852803005146, 0.1950903225325157, 0
0.8968144280050098, 0.09531208254117725, 0, 0.9951847266481262, 0.09801714057395434, 0
0.8968144281410813, -0.0953120781261663, 0, 0.9951847266481262, -0.09801714057395484, 0
0.8850610648282751, -0.17326581096288074, 0, 0.9807852803005146, -0.19509032253251615, 0
0.9211997394133898, -0.23360265462533664, 0, 1.051303538048058, -0.26333782824146174, 0
0.8285829632876562, -0.2577849729523999, 0, 1.117643317326696, -0.35020128841757286, 0
0.7125934685927582, -0.2618259407145125, 0, 1.178148416504888, -0.4320719818385382, 0
0.559855051902708, -0.23547757813483045, 0, 1.2345719082036275, -0.5154852189140631, 0
0.42898931618323993, -0.19625833609757373, 0, 1.2925287026111736, -0.5953334383396668, 0
0.26629018534346455, -0.1436669989787828, 0, 1.3504930845985075, -0.675021281692315, 0
0.1384008271556319, -0.07170474621170937, 0, 1.4086995026925515, -0.7548166110252071, 0
0.014311201072534214, -0.003179393354244315, 0, 1.4668399414156206, -0.8346256566344643, 0
-0.11923717943699529, 0.062295479938878795, 0, 1.5248664263720106, -0.9144828712749444, 0
-0.263160289301113, 0.15654692494298725, 0, 1.6199950455602545, -0.8933457950678966, 0
-0.4030966863525198, 0.2587174682306025, 0, 1.6738182259141836, -0.9609839431422555, 0
-0.5999691517509246, 0.3617148339797377, 0, 1.7154572206996845, -1.028205487219998, 0
0.9004470072302829, 0.31780203197739765, 0, 1.018214227070709, 0.3671809184897634, 0
0.8089163057589671, 0.3382263728046297, 0, 1.076169958945848, 0.4498620301503197, 0
0.693755548507445, 0.3229006369146098, 0, 1.135396837753775, 0.5284669814751648, 0
0.5370086926265346, 0.27147896223281826, 0, 1.194766054099257, 0.6062678494800462, 0
0.40371288094676894, 0.21817375577567963, 0, 1.252370216269532, 0.685478871495286, 0
0.26744619428991384, 0.14165726261275507, 0, 1.3104884896424, 0.7652989106939977, 0
0.13438000117983614, 0.08300860656945214, 0, 1.36866635745067, 0.8451191547724257, 0
-0.018497783402286756, -0.02644391423972086, 0, 1.426839229713628, 0.9249360406674267, 0
-0.1551090890398988, -0.0973977148523672, 0, 1.487192823862205, 1.005226982012683, 0
-0.2915739893108927, -0.1966181608373815, 0, 1.586689679729873, 0.9876154922038805, 0
-0.44815513040708604, -0.24713512535544577, 0, 1.641934549656702, 1.039743585172241, 0
-0.5888652455614084, -0.3790414644608412, 0, 1.662939225219945, 1.11114046511901, 0
0.8621329901719489, 0.2649507309370322, 0, 0.9569403354914541, 0.2902846780481245, 0
0.8621329857662285, -0.2649507447212573, 0, 0.9569403354914539, -0.29028467804812497, 0
0.900446948617433, -0.31780202696531845, 0, 1.018214227070709, -0.367180918489764, 0
0.80891619963766, -0.3382263943137545, 0, 1.076169958945848, -0.4498620301503203, 0
0.6937556209579058, -0.32290065805075696, 0, 1.1353968377537746, -0.5284669814751655, 0
0.5370086436781023, -0.27147892409787117, 0, 1.1947660540992566, -0.6062678494800469, 0
0.4037128276387321, -0.21817375798181102, 0, 1.2523702162695316, -0.6854788714952866, 0
0.26744631587019785, -0.14165734414550382, 0, 1.3104884896423996, -0.7652989106939984, 0
0.13438021960964655, -0.08300858898975932, 0, 1.3686663574506694, -0.8451191547724264, 0
-0.018498054890240954, 0.026444323793825657, 0, 1.4268392297136276, -0.9249360406674274, 0
-0.15510838723956233, 0.09739700573615627, 0, 1.4871928238622045, -1.0052269820126838, 0
-0.2915745297161329, 0.19661890964710124, 0, 1.5866896797298726, -0.9876154922038813, 0
-0.4481556921557594, 0.24713518926478031, 0, 1.6419345496567015, -1.0397435851722419, 0
-0.5888639532838713, 0.3790433350110824, 0, 1.6629392252199446, -1.1111404651190109, 0
0.8550183585288135, 0.4180940846884635, 0, 0.977025244635335, 0.4624837956033013, 0
0.7711929017112005, 0.403006079962049, 0, 1.032500985541479, 0.5428645879892379, 0
0.6594485181395884, 0.3740589786968672, 0, 1.094742016863645, 0.6201028128384849, 0
0.4999875880624293, 0.3035599944948914, 0, 1.1545585286252, 0.6960122856690513, 0
0.36835561364926994, 0.23585229060854046, 0, 1.212158793967686, 0.7757739905246708, 0
0.2027972232756389, 0.1478878315899089, 0, 1.275137678856547, 0.853729623457896, 0
0.1003775244606712, 0.05825150625193196, 0, 1.328612181337067, 0.9354426664762644, 0
-0.02671743364731319, -0.02158742050088476, 0, 1.385866027086449, 1.019032446263259, 0
-0.22737005122605738, -0.17113355635772545, 0, 1.471021453848095, 1.100632851764079, 0
-0.32036956374502124, -0.26510916772742005, 0, 1.567515739406801, 1.091675680470393, 0
-0.5764120664641041, -0.3994371661901194, 0, 1.606415063464734, 1.191398608306051, 0
0.8340929069440484, 0.34300396504243624, 0, 0.9238795320890558, 0.3826834333844453, 0
0.8340929177943947, -0.3430039408528417, 0, 0.9238795320890556, -0.38268343338444577, 0
0.8550184025359682, -0.41809394959891644, 0, 0.9770252446353348, -0.46248379560330183, 0
0.7711929133642944, -0.4030060160257614, 0, 1.0325009855414786, -0.5428645879892383, 0
0.6594484171889539, -0.3740589028001993, 0, 1.0947420168636446, -0.6201028128384856, 0
0.49998762420156356, -0.30355990944805056, 0, 1.1545585286251996, -0.6960122856690519, 0
0.3683557058938015, -0.23585214249751085, 0, 1.2121587939676857, -0.7757739905246714, 0
0.20279680435037128, -0.14788775380406222, 0, 1.2751376788565465, -0.8537296234578967, 0
0.10037780153615157, -0.058251504365143696, 0, 1.3286121813370666, -0.9354426664762651, 0
-0.02671780688673987, 0.021587565676001882, 0, 1.3858660270864485, -1.0190324462632598, 0
-0.22737070620272623, 0.17113438346835358, 0, 1.4710214538480946, -1.10063285176408, 0
-0.3203693449891148, 0.2651091219736054, 0, 1.5675157394068004, -1.091675680470394, 0
-0.5764125929378289, 0.39943645298587055, 0, 1.6064150634647336, -1.191398608306052, 0
0.8135306952631761, 0.4844926447191026, 0, 0.92968117317807, 0.5564096079935327, 0
0.7202899139978156, 0.4692886314422271, 0, 0.9943733839053599, 0.6347771908059432, 0
0.5999247593997514, 0.396266678882095, 0, 1.056856311256797, 0.7122279816114663, 0
0.46535721274083414, 0.32887031248650084, 0, 1.113689590842537, 0.7861793293564018, 0
0.31559657395409374, 0.2305995457563226, 0, 1.17517897211649, 0.873307275310511, 0
0.19953642192869542, 0.1305601788230423, 0, 1.252431857278716, 0.9266897559055779, 0
0.09707519046392869, 0.07643861094984415, 0, 1.266041994625445, 1.00850736290665, 0
-0.04055179952813661, -0.03887446913912133, 0, 1.318783576629157, 1.0857116179684, 0
-0.1431120447803004, -0.12389120621262362, 0, 1.389295997161389, 1.145426465030106, 0
-0.3101378329917917, -0.2654633846322898, 0, 1.456244620533568, 1.226298626173923, 0
-0.529820610080957, -0.4586493887775219, 0, 1.546020907038911, 1.268786567945367, 0
-0.3809018666159876, -0.2957497151336401, 0, 1.528003154525358, 1.173614760301, 0
0.7949449564386297, 0.4260660197250752, 0, 0.8819212639518064, 0.4713967375678881, 0
0.7949449348510507, -0.4260660596200106, 0, 0.8819212639518061, -0.4713967375678885, 0
0.8135307065974043, -0.48449278660674594, 0, 0.9296811731780698, -0.5564096079935331, 0
0.7202898582056401, -0.4692885997601952, 0, 0.9943733839053597, -0.6347771908059436, 0
0.5999248372716222, -0.39626673002760693, 0, 1.0568563112567966, -0.7122279816114667, 0
0.4653569296522789, -0.32887027554868214, 0, 1.1136895908425366, -0.7861793293564024, 0
0.31559667478086917, -0.23059954959100823, 0, 1.1751789721164896, -0.8733072753105117, 0
0.19953613731955622, -0.13055981896463623, 0, 1.2524318572787156, -0.9266897559055786, 0
0.09707514477951515, -0.07643859757894053, 0, 1.2660419946254446, -1.0085073629066506, 0
-0.040551909971558824, 0.03887461361128306, 0, 1.3187835766291565, -1.085711617968401, 0
-0.14311152988359863, 0.1238905775983585, 0, 1.3892959971613885, -1.145426465030107, 0
-0.31013819522562647, 0.26546271657260717, 0, 1.4562446205335675, -1.226298626173924, 0
-0.5298202340272453, 0.45864971501015867, 0, 1.5460209070389106, -1.2687865679453678, 0
-0.38090187832100586, 0.2957497121686643, 0, 1.5280031545253576, -1.173614760301001, 0
0.750261807588439, 0.5004041433837745, 0, 0.8314696119998113, 0.5555702334726755, 0
0.7606767638024797, 0.5649340491612338, 0, 0.8796881320043783, 0.6461747345790936, 0
0.6671711020666271, 0.49796081121759705, 0, 0.9625845532754309, 0.7277057816133238, 0
0.5212173182158081, 0.41925520082009915, 0, 1.028738626910284, 0.7989842926164216, 0
0.4050725282486172, 0.30382003253497514, 0, 1.09113838606884, 0.8638623024524786, 0
0.3068609349581509, 0.2670381090556304, 0, 1.096248656236486, 0.951696733857137, 0
0.22572299147843922, 0.19537676513875357, 0, 1.188504705318709, 0.9559568441791029, 0
0.16631846241906054, 0.13696608428007134, 0, 1.157296276790854, 1.034940695012628, 0
0.06414570877388039, 0.06810957124983495, 0, 1.227290960930341, 1.106297295520123, 0
-0.06408322199301311, -0.07338441329993511, 0, 1.298739571986705, 1.176443928556661, 0
-0.23001214114930663, -0.206024335946293, 0, 1.364153519889213, 1.245626604323843, 0
-0.3378721789937938, -0.30987967424930807, 0, 1.412610623933385, 1.310256438271357, 0
-0.525228609719339, -0.46319465022838424, 0, 1.481902250840829, 1.343117909549599, 0
0.7502618456478106, -0.500404086765887, 0, 0.8314696119998111, -0.555570233472676, 0
0.7606766926973829, -0.5649339666375972, 0, 0.8796881320043781, -0.646174734579094, 0
0.6671709687415375, -0.49796075577791027, 0, 0.9625845532754305, -0.7277057816133242, 0
0.521217288011379, -0.4192551219622466, 0, 1.0287386269102836, -0.798984292616422, 0
0.40507264568413814, -0.30381993534282586, 0, 1.0911383860688395, -0.8638623024524793, 0
0.30686069917962094, -0.26703800254941756, 0, 1.0962486562364855, -0.9516967338571377, 0
0.2257233415481456, -0.19537720987845145, 0, 1.1885047053187086, -0.9559568441791035, 0
0.16631809559864438, -0.136965811062104, 0, 1.1572962767908535, -1.0349406950126285, 0
0.0641459661942019, -0.06811000477504303, 0, 1.2272909609303406, -1.1062972955201233, 0
-0.06408376348340405, 0.07338494817521911, 0, 1.2987395719867045, -1.1764439285566615, 0
-0.23001227288068066, 0.20602445061377103, 0, 1.3641535198892125, -1.245626604323844, 0
-0.3378719035619592, 0.30988003330652475, 0, 1.4126106239333847, -1.310256438271358, 0
-0.5252297298919512, 0.4631934643463302, 0, 1.4819022508408286, -1.3431179095496, 0
0.6988962756227066, 0.5700480092238966, 0, 0.773010453243687, 0.6343932843087082, 0
0.7174034946271682, 0.6172119082987462, 0, 0.8100549756775012, 0.7049443430595004, 0
0.661105885889235, 0.5805373516773336, 0, 0.8744100419336953, 0.7519355547949728, 0
0.5716909683542557, 0.49093184402105283, 0, 0.9423659715343626, 0.824063997633514, 0
0.44979983713033517, 0.40132009668438, 0, 1.011125800343335, 0.8909777622334019, 0
0.3482594303508576, 0.3482594686614945, 0, 0.9899494936603924, 0.9899494936603923, 0
0.24148716048722318, 0.24148723112411352, 0, 1.060660171778835, 1.060660171778834, 0
0.11284329314632212, 0.11284314416801286, 0, 1.131370849897643, 1.131370849897643, 0
-0.031748484942266654, -0.031748448288124544, 0, 1.202081528016508, 1.202081528016508, 0
-0.1298519449639188, -0.12985201827470852, 0, 1.272792206135378, 1.272792206135378, 0
-0.3006072534752134, -0.30060738711698987, 0, 1.343502884254265, 1.343502884254264, 0
-0.4954023839157779, -0.49540250818713355, 0, 1.414213562373095, 1.414213562373095, 0
0.6988962415696663, -0.5700480531861059, 0, 0.7730104532436868, -0.6343932843087087, 0
0.7174033391389042, -0.6172118598593866, 0, 0.8100549756775007, -0.7049443430595008, 0
0.6611058976407701, -0.5805373982927499, 0, 0.8744100419336949, -0.7519355547949732, 0
0.571690940196693, -0.490931749092139, 0, 0.9423659715343622, -0.8240639976335145, 0
0.44979985995165955, -0.40132031131137025, 0, 1.0111258003433345, -0.8909777622334023, 0
0.34825928002689627, -0.3482593655262698, 0, 0.989949493660392, -0.9899494936603928, 0
0.24148748546967858, -0.24148733440211578, 0, 1.0606601717788346, -1.0606601717788344, 0
0.1128430080522554, -0.11284307205685687, 0, 1.1313708498976425, -1.1313708498976434, 0
-0.03174844523680185, 0.03174831949712971, 0, 1.2020815280165076, -1.2020815280165085, 0
-0.12985136874093284, 0.12985164785572284, 0, 1.2727922061353776, -1.2727922061353785, 0
-0.3006081293342735, 0.30060712746029244, 0, 1.3435028842542645, -1.343502884254265, 0
-0.4954019454301197, 0.49540278939962135, 0, 1.414213562373094, -1.4142135623730958, 0
0.6377561422929243, 0.6377561352609055, 0, 0.7071067811865476, 0.7071067811865475, 0
0.653589048922204, 0.6535890654048044, 0, 0.7778174593051199, 0.7778174593051198, 0
0.6018041785553004, 0.6018041671812836, 0, 0.8485281374235492, 0.848528137423549, 0
0.4703610985814819, 0.4703610997653547, 0, 0.9192388155419372, 0.9192388155419371, 0
0.4013201430915996, 0.44979979574415885, 0, 0.8909777622334021, 1.0111258003433348, 0
0.26703817960865855, 0.3068608035592367, 0, 0.9516967338571372, 1.096248656236486, 0
0.1369660472565729, 0.1663184142081347, 0, 1.0349406950126285, 1.1572962767908537, 0
0.06810955489397566, 0.0641457765563881, 0, 1.1062972955201231, 1.227290960930341, 0
-0.0733843654449931, -0.06408335170458904, 0, 1.1764439285566612, 1.2987395719867048, 0
-0.2060244256031471, -0.23001197821809025, 0, 1.2456266043238435, 1.3641535198892127, 0
-0.3098797649695304, -0.33787187846100303, 0, 1.3102564382713575, 1.4126106239333849, 0
-0.463194652407468, -0.5252286035243455, 0, 1.3431179095495993, 1.4819022508408288, 0
0.637756120013892, -0.6377561545182734, 0, 0.7071067811865471, -0.7071067811865479, 0
0.653589086779113, -0.6535890261057693, 0, 0.7778174593051195, -0.7778174593051203, 0
0.6018041124741789, -0.6018041686890688, 0, 0.8485281374235487, -0.8485281374235495, 0
0.47036101097473065, -0.4703609102142423, 0, 0.9192388155419368, -0.9192388155419375, 0
0.40132025809673844, -0.4497998235889482, 0, 0.8909777622334016, -1.0111258003433352, 0
0.26703788532685935, -0.3068607761718571, 0, 0.9516967338571367, -1.0962486562364864, 0
0.13696591897224752, -0.16631847009868841, 0, 1.034940695012628, -1.1572962767908541, 0
0.06810989339827019, -0.06414564098715016, 0, 1.1062972955201227, -1.2272909609303415, 0
-0.07338499479410747, 0.0640833444712858, 0, 1.1764439285566608, -1.2987395719867052, 0
-0.20602426575550165, 0.23001242685580486, 0, 1.245626604323843, -1.3641535198892132, 0
-0.3098795863410852, 0.3378722957353037, 0, 1.3102564382713566, -1.4126106239333858, 0
-0.4631928443762392, 0.5252302842103008, 0, 1.3431179095495984, -1.4819022508408297, 0
0.6172119090126218, 0.7174034245414911, 0, 0.7049443430595005, 0.8100549756775011, 0
0.5805373869683993, 0.6611058884127403, 0, 0.7519355547949729, 0.8744100419336952, 0
0.49093183843122684, 0.5716909651743116, 0, 0.8240639976335142, 0.9423659715343625, 0
0.4192552472441036, 0.5212173242573455, 0, 0.7989842926164217, 1.028738626910284, 0
0.30381992426422433, 0.40507262708822195, 0, 0.8638623024524787, 1.09113838606884, 0
0.23059959759312887, 0.3155965838045349, 0, 0.8733072753105111, 1.1751789721164898, 0
0.19537682268054513, 0.22572313608545935, 0, 0.9559568441791033, 1.1885047053187088, 0
0.07643872594046368, 0.09707506598922389, 0, 1.0085073629066503, 1.2660419946254449, 0
-0.038874482720577565, -0.040551792483242526, 0, 1.0857116179684005, 1.3187835766291567, 0
-0.12389108563256483, -0.14311209537067485, 0, 1.1454264650301063, 1.3892959971613887, 0
-0.26546303671719385, -0.3101381147882948, 0, 1.2262986261739233, 1.4562446205335677, 0
-0.4586495560891901, -0.5298204744029169, 0, 1.2687865679453676, 1.5460209070389108, 0
0.5700480047925971, 0.6988962795931064, 0, 0.6343932843087086, 0.7730104532436869, 0
0.6172118836607067, -0.7174035653426833, 0, 0.7049443430595, -0.8100549756775015, 0
0.5805373751545326, -0.6611057882618483, 0, 0.7519355547949724, -0.8744100419336956, 0
0.4909317257228605, -0.5716911049623868, 0, 0.8240639976335138, -0.942365971534363, 0
0.41925506279083197, -0.5212171685466924, 0, 0.7989842926164212, -1.0287386269102845, 0
0.30382007081533663, -0.40507278588092843, 0, 0.8638623024524783, -1.0911383860688404, 0
0.23059950270713953, -0.3155966196764664, 0, 0.8733072753105104, -1.1751789721164903, 0
0.19537706514987208, -0.22572302689083962, 0, 0.9559568441791026, -1.1885047053187092, 0
0.0764384424882007, -0.09707522335762224, 0, 1.0085073629066499, -1.2660419946254453, 0
-0.038874511533771944, 0.04055172060614627, 0, 1.0857116179684, -1.3187835766291571, 0
-0.12389067007073877, 0.14311199792415027, 0, 1.1454264650301054, -1.3892959971613892, 0
-0.265463696270823, 0.3101372178725225, 0, 1.2262986261739224, -1.4562446205335682, 0
-0.4586480274280356, 0.5298215149520048, 0, 1.2687865679453667, -1.5460209070389113, 0
0.5700480636057076, -0.6988962325112262, 0, 0.6343932843087081, -0.7730104532436873, 0
0.5649340648262253, 0.7606768033529944, 0, 0.6461747345790938, 0.8796881320043782, 0
0.49796076314299115, 0.6671710576504553, 0, 0.7277057816133241, 0.9625845532754308, 0
0.3962666549723527, 0.5999248219466383, 0, 0.7122279816114665, 1.0568563112567968, 0
0.32887034011205907, 0.4653570605137457, 0, 0.7861793293564019, 1.113689590842537, 0
0.23585222438851777, 0.36835568096457577, 0, 0.775773990524671, 1.2121587939676859, 0
0.1478878087621087, 0.20279716972378656, 0, 0.8537296234578964, 1.275137678856547, 0
0.05825153040985245, 0.10037758586277214, 0, 0.9354426664762647, 1.3286121813370668, 0
-0.021587493453856077, -0.02671744524809147, 0, 1.0190324462632592, 1.385866027086449, 0
-0.1711337534871766, -0.22737013735288666, 0, 1.1006328517640793, 1.4710214538480948, 0
-0.29574957728060286, -0.3809016220709259, 0, 1.1736147603010003, 1.5280031545253578, 0
-0.39943722553371525, -0.57641200915033, 0, 1.1913986083060513, 1.6064150634647338, 0
0.13056000423507563, 0.19953625971270172, 0, 0.9266897559055782, 1.252431857278716, 0
0.5004041411164395, 0.7502618087849806, 0, 0.5555702334726758, 0.8314696119998112, 0
0.5649339350513803, -0.760676698391584, 0, 0.6461747345790934, -0.8796881320043787, 0
0.49796078375618885, -0.6671710202141443, 0, 0.7277057816133237, -0.9625845532754312, 0
0.39626672480820124, -0.5999248917743207, 0, 0.712227981611466, -1.0568563112567972, 0
0.32887026101487327, -0.4653570036875024, 0, 0.7861793293564014, -1.1136895908425375, 0
0.23585215929347092, -0.3683556293397578, 0, 0.7757739905246703, -1.2121587939676863, 0
0.1478877366341594, -0.20279702413130005, 0, 0.8537296234578957, -1.2751376788565474, 0
0.058251549431001574, -0.10037754930199298, 0, 0.9354426664762641, -1.3286121813370673, 0
-0.02158757878087134, 0.0267175526054135, 0, 1.0190324462632583, -1.3858660270864493, 0
-0.17113394511362026, 0.22737039610757367, 0, 1.1006328517640784, -1.4710214538480952, 0
-0.2957495488042489, 0.38090188402312514, 0, 1.1736147603009994, -1.5280031545253583, 0
-0.39943737820968855, 0.5764118967649544, 0, 1.1913986083060504, -1.6064150634647343, 0
0.13056004780659983, -0.19953641596261393, 0, 0.9266897559055776, -1.2524318572787165, 0
0.500404078649504, -0.7502618509569958, 0, 0.5555702334726753, -0.8314696119998114, 0
0.46928867632184434, 0.7202898899430428, 0, 0.6347771908059434, 0.9943733839053599, 0
0.37405897440497843, 0.6594484805836328, 0, 0.6201028128384851, 1.094742016863645, 0
0.3035599505081215, 0.4999876108269073, 0, 0.6960122856690514, 1.1545585286252, 0
0.21817377370877244, 0.4037128936899706, 0, 0.6854788714952862, 1.252370216269532, 0
0.14165729516005315, 0.26744605055230497, 0, 0.7652989106939978, 1.3104884896423998, 0
0.08300861593376578, 0.13438015518678362, 0, 0.8451191547724257, 1.3686663574506697, 0
-0.026443975513970836, -0.018498081616726385, 0, 0.9249360406674272, 1.4268392297136279, 0
-0.0973974679831036, -0.15510886201123325, 0, 1.0052269820126831, 1.487192823862205, 0
-0.2651088658466708, -0.3203700053039536, 0, 1.0916756804703933, 1.5675157394068007, 0
-0.3790420285624377, -0.5888648582916528, 0, 1.1111404651190102, 1.662939225219945, 0
0.4844926086656206, 0.813530710077911, 0, 0.5564096079935329, 0.9296811731780699, 0
0.42606602983383635, 0.7949449514520793, 0, 0.47139673756788825, 0.8819212639518064, 0
0.4692885932967916, -0.720289869092048, 0, 0.634777190805943, -0.9943733839053603, 0
0.3740588961438555, -0.6594483159099988, 0, 0.6201028128384847, -1.0947420168636455, 0
0.30355992270547605, -0.4999876740955557, 0, 0.6960122856690507, -1.1545585286252005, 0
0.2181738030302215, -0.4037128287752701, 0, 0.6854788714952855, -1.2523702162695325, 0
0.14165736191661338, -0.26744637352798295, 0, 0.7652989106939971, -1.3104884896424003, 0
0.0830085025953883, -0.13438009273389612, 0, 0.845119154772425, -1.3686663574506701, 0
-0.026444090702711216, 0.018497683832071534, 0, 0.9249360406674265, -1.4268392297136283, 0
-0.0973975227507554, 0.15510888858541277, 0, 1.0052269820126822, -1.4871928238622054, 0
-0.2651093515768891, 0.3203691285505044, 0, 1.0916756804703924, -1.5675157394068011, 0
-0.3790420824018288, 0.5888648218506376, 0, 1.1111404651190093, -1.6629392252199455, 0
0.48449273438230167, -0.81353075676, 0, 0.5564096079935325, -0.9296811731780701, 0
0.42606608048152256, -0.7949449235339363, 0, 0.4713967375678878, -0.8819212639518066, 0
0.40300602045667555, 0.7711929212199762, 0, 0.5428645879892382, 1.0325009855414788, 0
0.32290061441631573, 0.6937556256669273, 0, 0.528466981475165, 1.1353968377537749, 0
0.27147897164126633, 0.5370086524675771, 0, 0.6062678494800464, 1.194766054099257, 0
0.19625836230386842, 0.4289891759964892, 0, 0.5953334383396665, 1.292528702611174, 0
0.14366701397803283, 0.26629037703636127, 0, 0.6750212816923145, 1.350493084598508, 0
0.07170498931196459, 0.13840092547268923, 0, 0.7548166110252068, 1.408699502692552, 0
0.003179162622454695, 0.01431112468709262, 0, 0.8346256566344639, 1.466839941415621, 0
-0.06229534180827343, -0.11923689114950892, 0, 0.914482871274944, 1.5248664263720109, 0
-0.19661837776584268, -0.2915741225024231, 0, 0.9876154922038807, 1.586689679729873, 0
-0.2471356103629384, -0.44815507807012783, 0, 1.0397435851722414, 1.641934549656702, 0
-0.36171510670286905, -0.5999689631218661, 0, 1.0282054872199975, 1.715457220699685, 0
0.4180941171396554, 0.855018323773151, 0, 0.46248379560330155, 0.9770252446353351, 0
0.3430039428833919, 0.8340929159210313, 0, 0.38268343338444555, 0.9238795320890558, 0
0.40300601496981053, -0.7711929843746079, 0, 0.5428645879892378, -1.0325009855414793, 0
0.3229007025909549, -0.6937556610747351, 0, 0.5284669814751646, -1.1353968377537753, 0
0.27147888302753315, -0.5370087031664516, 0, 0.6062678494800458, -1.1947660540992575, 0
0.1962583667849256, -0.42898931080332575, 0, 0.5953334383396658, -1.2925287026111745, 0
0.14366689548588565, -0.2662901345807961, 0, 0.6750212816923138, -1.3504930845985084, 0
0.07170499611420399, -0.1384009785755051, 0, 0.7548166110252061, -1.4086995026925524, 0
0.003179189309732083, -0.014311036797687063, 0, 0.8346256566344632, -1.4668399414156215, 0
-0.06229517133696702, 0.11923687960538785, 0, 0.9144828712749433, -1.5248664263720113, 0
-0.1966184046421916, 0.2915740476670642, 0, 0.98761549220388, -1.5866896797298735, 0
-0.24713500479766362, 0.44815517913553765, 0, 1.0397435851722405, -1.6419345496567024, 0
-0.36171520001280255, 0.5999689019027955, 0, 1.0282054872199966, -1.7154572206996854, 0
0.4180939456423908, -0.855018263299835, 0, 0.4624837956033011, -0.9770252446353354, 0
0.34300392135846025, -0.8340929262192898, 0, 0.3826834333844451, -0.923879532089056, 0
0.33822640860102515, 0.8089162780977859, 0, 0.44986203015032, 1.076169958945848, 0
0.31780194536898776, 0.9004471646238856, 0, 0.36718091848976364, 1.018214227070709, 0
0.26495075982012356, 0.8621329814571868, 0, 0.29028467804812474, 0.9569403354914541, 0
0.26182602788341663, 0.7125934748396564, 0, 0.4320719818385379, 1.178148416504888, 0
0.23547756275026477, 0.5598551027362026, 0, 0.5154852189140626, 1.2345719082036277, 0
0.16633004773905388, 0.4336828223565405, 0, 0.5053190063356234, 1.3324240778686298, 0
0.11032293555854193, 0.28625063311799376, 0, 0.5849307182494412, 1.3904623684803679, 0
0.07451365786841127, 0.1774809097691009, 0, 0.6646089995644744, 1.4485028179269057, 0
0.01124565534045619, 0.015841360242006768, 0, 0.7443886984906205, 1.5067784291527069, 0
-0.07146730080684305, -0.11503485468407486, 0, 0.8230418156993926, 1.5620514473099498, 0
-0.15654744050359395, -0.2631605231371378, 0, 0.893345795067896, 1.619995045560255, 0
-0.2587165253470769, -0.4030976603956975, 0, 0.9609839431422551, 1.673818225914184, 0
-0.32959175803924967, -0.6168996036765996, 0, 0.9427934722314726, 1.763842529455995, 0
0.3382263627050517, -0.8089161665121479, 0, 0.44986203015031945, -1.0761699589458484, 0
0.3178020858796417, -0.9004470183344272, 0, 0.3671809184897632, -1.018214227070709, 0
0.2649507452995068, -0.8621329847363562, 0, 0.2902846780481243, -0.9569403354914543, 0
0.2618259043166492, -0.71259344715748, 0, 0.43207198183853734, -1.1781484165048886, 0
0.2354776124719101, -0.5598550052773287, 0, 0.515485218914062, -1.2345719082036282, 0
0.1663300123717185, -0.43368264579323856, 0, 0.5053190063356228, -1.3324240778686303, 0
0.11032296302901147, -0.2862509090393922, 0, 0.5849307182494405, -1.3904623684803683, 0
0.07451369747258837, -0.17748089029684333, 0, 0.6646089995644737, -1.4485028179269062, 0
0.01124570024905934, -0.015841584052473216, 0, 0.7443886984906198, -1.5067784291527073, 0
-0.07146749262522052, 0.11503484008308987, 0, 0.8230418156993919, -1.5620514473099503, 0
-0.1565473563241851, 0.26316036214871075, 0, 0.8933457950678951, -1.6199950455602554, 0
-0.2587168311796077, 0.40309736041313615, 0, 0.9609839431422542, -1.6738182259141845, 0
-0.3295917432500634, 0.6168996042617565, 0, 0.9427934722314717, -1.7638425294559954, 0
0.25778495556971187, 0.8285828548495645, 0, 0.3502012884175725, 1.117643317326696, 0
0.19612626874742, 0.7131694036767297, 0, 0.33756154203067634, 1.2289303340491198, 0
0.18705362402677367, 0.5590459683300791, 0, 0.4258792832046663, 1.274352806264894, 0
0.1302435220325475, 0.4353952171973746, 0, 0.4203758574892207, 1.371676398858966, 0
0.10489752405727813, 0.28347939790844157, 0, 0.49486379573334394, 1.4303421271094368, 0
0.0701555310656635, 0.15188178261132387, 0, 0.5744915403944622, 1.4884725486475807, 0
-0.0009056000834397424, 0.00983084413707327, 0, 0.6540051475348005, 1.546110973989721, 0
-0.045210195286679335, -0.09121066179252992, 0, 0.7325823455244407, 1.6016018440850397, 0
-0.11992731155204561, -0.25084190914154403, 0, 0.8032765238903874, 1.6592300048854358, 0
-0.19453031703895055, -0.3947465941802238, 0, 0.8741998269580431, 1.7149903303825957, 0
-0.38765558640543285, -0.596931241847216, 0, 0.8551101850607954, 1.807978587098114, 0
0.23360264677377862, 0.9211996914410155, 0, 0.26333782824146135, 1.051303538048058, 0
0.17326580398200037, 0.8850610653786862, 0, 0.19509032253251601, 0.9807852803005145, 0
0.25778503408992715, -0.8285830018128246, 0, 0.3502012884175719, -1.117643317326696, 0
0.19612637230200022, -0.7131692999990875, 0, 0.3375615420306758, -1.2289303340491198, 0
0.18705357824627025, -0.5590461251822448, 0, 0.4258792832046656, -1.2743528062648943, 0
0.13024352302479647, -0.43539547191522904, 0, 0.42037585748922, -1.3716763988589664, 0
0.1048975030435192, -0.2834791193316771, 0, 0.49486379573334327, -1.4303421271094372, 0
0.07015559305860053, -0.15188186544279436, 0, 0.5744915403944615, -1.4884725486475812, 0
-0.0009058340608474535, -0.009830640067978886, 0, 0.6540051475347999, -1.5461109739897214, 0
-0.045209842408760956, 0.09121061917433877, 0, 0.73258234552444, -1.6016018440850401, 0
-0.1199274072605396, 0.25084190905263437, 0, 0.8032765238903865, -1.6592300048854363, 0
-0.1945296794081818, 0.3947468361558512, 0, 0.8741998269580422, -1.7149903303825962, 0
-0.3876552156524428, 0.5969313811955023, 0, 0.8551101850607945, -1.8079785870981144, 0
0.23360263856760252, -0.9211997116692586, 0, 0.2633378282414608, -1.051303538048058, 0
0.17326583822698466, -0.8850610599144818, 0, 0.19509032253251551, -0.9807852803005147, 0
0.1781676329055903, 0.8313779741720293, 0, 0.2566608740185472, 1.1528165909814798, 0
0.13133918023223415, 0.942966713549588, 0, 0.15902401788845433, 1.0720528450615, 0
0.09531211740155893, 0.8968144243086786, 0, 0.09801714057395472, 0.9951847266481263, 0
0.1469347352679089, 0.7185669769495268, 0, 0.24042059464892884, 1.2414476660347469, 0
0.11933469975112075, 0.58071804647921, 0, 0.2806641759483288, 1.314957813393389, 0
0.10217035583499386, 0.41686794948643296, 0, 0.3257237132288322, 1.405392237940101, 0
0.07128171817781569, 0.26541462720594083, 0, 0.4046964501706314, 1.4701597004163347, 0
0.04191982044004548, 0.1600517123788127, 0, 0.4843729061305557, 1.528363226454317, 0
0.0069801341758411175, 0.025691939522304755, 0, 0.564147915086527, 1.5865568463720718, 0
-0.03170268396235563, -0.11098707671092152, 0, 0.6426181027478071, 1.641962626483067, 0
-0.11699907159984463, -0.26420944732602497, 0, 0.7136918965214651, 1.6959348850083948, 0
-0.1727648239097917, -0.44947044098679495, 0, 0.782797463571087, 1.7608064769663838, 0
-0.1993560133076024, -0.6782349292709581, 0, 0.7653668626837264, 1.847759065870242, 0
0.14935594400957686, 0.533016411169103, 0, 0.36025005206088245, 1.318583496802182, 0
0.1781675391997826, -0.8313778993699594, 0, 0.25666087401854665, -1.1528165909814798, 0
0.131339386752918, -0.9429667828728379, 0, 0.15902401788845383, -1.0720528450615, 0
0.09531203265588387, -0.8968144324026543, 0, 0.09801714057395425, -0.9951847266481263, 0
0.14693464587686308, -0.71856737403578, 0, 0.24042059464892823, -1.2414476660347469, 0
0.11933455148333648, -0.5807179189949734, 0, 0.28066417594832815, -1.314957813393389, 0
0.10217025093456172, -0.4168676392673798, 0, 0.32572371322883154, -1.405392237940101, 0
0.0712817880079899, -0.2654149408075317, 0, 0.4046964501706307, -1.4701597004163351, 0
0.04191963009338286, -0.16005163533636502, 0, 0.48437290613055495, -1.5283632264543174, 0
0.006980465059893944, -0.02569218593164144, 0, 0.5641479150865263, -1.5865568463720723, 0
-0.03170295881893134, 0.11098708316204224, 0, 0.6426181027478062, -1.6419626264830673, 0
-0.1169989041693562, 0.2642095059176401, 0, 0.7136918965214643, -1.6959348850083953, 0
-0.17276534327874718, 0.44947039111436465, 0, 0.7827974635710861, -1.7608064769663843, 0
-0.19935649911201958, 0.6782346745619834, 0, 0.7653668626837256, -1.8477590658702425, 0
0.14935604884604836, -0.5330163613765377, 0, 0.3602500520608818, -1.318583496802182, 0
0.1179963224105939, 0.8362618101654744, 0, 0.16297923198218411, 1.192128597840858, 0
0.08066349976858707, 0.6423240049817597, 0, 0.18048836312119687, 1.305111184364716, 0
0.09178884620953542, 0.4918925093049871, 0, 0.23844180762570844, 1.3787941514869049, 0
0.053890191302565296, 0.3621113561350585, 0, 0.24168543505676343, 1.460032945359217, 0
0.049969768139955725, 0.24759060744131514, 0, 0.31507177135246733, 1.511585444659045, 0
0.0510106556984264, 0.1332506093991384, 0, 0.39416423818101687, 1.568313771636059, 0
0.005208422168293261, -0.02088925699450478, 0, 0.47328747373910574, 1.626075731827656, 0
-0.052863139307704025, -0.1320854924555738, 0, 0.5495238337509645, 1.6818615073767609, 0
-0.08861680000240123, -0.2671865019807723, 0, 0.6214937427072473, 1.736426702230939, 0
-0.1946675518909082, -0.4108779545251836, 0, 0.6943628389164411, 1.791339166765126, 0
-0.24609896918342353, -0.6544265279103083, 0, 0.6737797049072387, 1.8830881310377148, 0
0.05311156343498554, 0.8943993696398376, 0, 0.07974471943189454, 1.138169535355098, 0
0.05443225013117004, 0.9386420562487944, 0, 0.0673571755788609, 1.061081421412945, 0
-2.3974450356420692e-08, 0.9020421326792739, 0, 2.220446049250313e-16, 1.0, 0
0.11799628205959078, -0.8362615229618573, 0, 0.16297923198218356, -1.192128597840858, 0
0.08066354356311688, -0.6423239260838046, 0, 0.18048836312119626, -1.305111184364716, 0
0.09178895429350664, -0.4918930283297728, 0, 0.23844180762570777, -1.3787941514869049, 0
0.05389021504557466, -0.3621116891093663, 0, 0.2416854350567627, -1.460032945359217, 0
0.04996964597480411, -0.24759033094573196, 0, 0.31507177135246656, -1.511585444659045, 0
0.05101100505717902, -0.1332507243606634, 0, 0.3941642381810161, -1.5683137716360593, 0
0.005207999859953723, 0.02088948476285047, 0, 0.47328747373910496, -1.6260757318276564, 0
-0.05286277676073151, 0.13208552364699738, 0, 0.5495238337509636, -1.6818615073767613, 0
-0.08861719597318267, 0.2671863517298437, 0, 0.6214937427072464, -1.7364267022309394, 0
-0.19466688610871133, 0.41087792454092364, 0, 0.6943628389164402, -1.7913391667651264, 0
-0.24609939085779733, 0.6544263883479585, 0, 0.6737797049072378, -1.8830881310377152, 0
0.053111421574653477, -0.8943996583412721, 0, 0.07974471943189398, -1.138169535355098, 0
0.054431892152876436, -0.93864215953588, 0, 0.0673571755788604, -1.061081421412945, 0
3.66681610201246e-08, -0.9020421303988156, 0, -2.591808530679738e-16, -1.0, 0
0.05386672741953456, 0.7466244241802249, 0, 0.08289052327482116, 1.24352230867251, 0
7.321206739050512e-08, 0.8625612457640749, 0, 2.220446049250313e-16, 1.2, 0
-3.5960122397938276e-09, 0.9032821142452233, 0, 2.220446049250313e-16, 1.1, 0
-0.054431895565340296, 0.9386421628928436, 0, -0.06735717557886052, 1.061081421412945, 0
-0.09531210002574124, 0.8968144242352212, 0, -0.09801714057395436, 0.9951847266481263, 0
0.037412262349871245, 0.598363563827393, 0, 0.08433831125705371, 1.3507194247696659, 0
0.06300822136416415, 0.4590109718571144, 0, 0.16364735077342019, 1.408476576377102, 0
0.02397416640192797, 0.3109671714980755, 0, 0.16165122581677438, 1.5044730602480558, 0
0.0509199590613985, 0.18454817046936614, 0, 0.23725829655479913, 1.5566751362228457, 0
0.010861567067705923, 0.09497061813276499, 0, 0.3077495414211171, 1.6089286424403089, 0
-0.025465409776116808, -0.034223954690243134, 0, 0.3842632660637655, 1.666623786722345, 0
-0.015955604228712846, -0.13018802926801887, 0, 0.46325268322180624, 1.7247352524043817, 0
-0.09654620365935142, -0.2960652309764705, 0, 0.536339892399667, 1.77273587352362, 0
-0.1063428317876159, -0.4330301612123122, 0, 0.6034595543756618, 1.82651423087776, 0
-0.3073013998844419, -0.6449525431001585, 0, 0.5805693529613203, 1.913880671933879, 0
0.05386663866760799, -0.7466246584056635, 0, 0.08289052327482055, -1.24352230867251, 0
-1.2056424915426833e-08, -0.8625610818734224, 0, -3.554259446665748e-16, -1.2, 0
-5.4231529691287164e-08, -0.9032823921492522, 0, -3.073033988672743e-16, -1.1, 0
-0.05443245874266238, -0.9386422096415417, 0, -0.06735717557886102, -1.061081421412945, 0
-0.09531203375558107, -0.8968144322546197, 0, -0.09801714057395483, -0.9951847266481263, 0
0.03741206201581767, -0.5983638383951271, 0, 0.08433831125705307, -1.3507194247696659, 0
0.06300821816543853, -0.4590104875567041, 0, 0.16364735077341952, -1.408476576377102, 0
0.023973743003104515, -0.31096679861275517, 0, 0.16165122581677366, -1.5044730602480558, 0
0.05092042009446808, -0.1845484452087625, 0, 0.2372582965547984, -1.5566751362228457, 0
0.010860840234788822, -0.09497052177759818, 0, 0.3077495414211163, -1.6089286424403089, 0
-0.02546489764974349, 0.03422385683426834, 0, 0.3842632660637647, -1.6666237867223455, 0
-0.015956053135560363, 0.1301878121119791, 0, 0.46325268322180546, -1.7247352524043822, 0
-0.09654580151443276, 0.2960655114924998, 0, 0.5363398923996661, -1.7727358735236205, 0
-0.10634307887811117, 0.4330301742363002, 0, 0.6034595543756609, -1.8265142308777604, 0
-0.30730159359432735, 0.6449525277787129, 0, 0.5805693529613194, -1.9138806719338795, 0
-1.2925710940645538e-07, 0.6692665143799756, 0, 2.220446049250313e-16, 1.3, 0
-1.4159203512621736e-08, 0.48123424946614096, 0, 2.220446049250313e-16, 1.4, 0
0.020259534807900183, 0.40235440958811014, 0, 0.08429536869947185, 1.4488943943617227, 0
0.021340182763136407, 0.2238395025249305, 0, 0.08250357530803565, 1.551518084004158, 0
0.021019733050342205, 0.1383577225946044, 0, 0.16051732850815603, 1.6012412251632901, 0
-0.016188515028842897, 0.05476837696174723, 0, 0.23248501866979665, 1.6541372794192313, 0
0.02547943432035423, -0.07713578357756493, 0, 0.2968206050300781, 1.7066170073570297, 0
-0.04703447530540984, -0.24793333062873435, 0, 0.3722983300550857, 1.783485007023844, 0
-0.07321191609163516, -0.3360906976598682, 0, 0.45776548864942024, 1.806827967033843, 0
-0.12531637936380582, -0.47577381002343766, 0, 0.5225440516929027, 1.860049581218039, 0
-0.0676541399752075, -0.7112116532107075, 0, 0.48596035859929376, 1.940062506691485, 0
-0.0538665401563312, 0.7466242743814907, 0, -0.08289052327482072, 1.24352230867251, 0
-0.053111540488692106, 0.8943995660954654, 0, -0.07974471943189414, 1.138169535355098, 0
-0.131339297002348, 0.9429666615754412, 0, -0.15902401788845394, 1.0720528450615, 0
-0.1732657360106553, 0.885061081511456, 0, -0.19509032253251565, 0.9807852803005146, 0
-4.811003434489632e-08, -0.6692661769029322, 0, -4.035484904658753e-16, -1.3, 0
-5.789064538222034e-08, -0.4812339460944058, 0, -4.516710362651758e-16, -1.4, 0
0.02025957216176243, -0.40235491057028, 0, 0.08429536869947116, -1.4488943943617227, 0
0.021340844944516893, -0.22383992629760116, 0, 0.0825035753080349, -1.551518084004158, 0
0.021018968903585414, -0.13835762173363042, 0, 0.16051732850815525, -1.6012412251632901, 0
-0.016187774465875104, -0.054768176336663116, 0, 0.23248501866979587, -1.6541372794192313, 0
0.025479071078898536, 0.07713550368852931, 0, 0.29682060503007734, -1.7066170073570297, 0
-0.047034129827486094, 0.2479337654160008, 0, 0.37229833005508484, -1.783485007023844, 0
-0.07321212372433937, 0.3360902984005518, 0, 0.45776548864941935, -1.8068279670338434, 0
-0.12531613430991062, 0.4757738426423577, 0, 0.5225440516929019, -1.8600495812180395, 0
-0.06765425706940967, 0.7112115909234801, 0, 0.4859603585992929, -1.9400625066914854, 0
-0.05386679492363675, -0.7466247030956996, 0, -0.08289052327482133, -1.24352230867251, 0
-0.053111843625957, -0.8943992998132927, 0, -0.07974471943189469, -1.138169535355098, 0
-0.13133932208126572, -0.9429664963078116, 0, -0.15902401788845444, -1.0720528450615, 0
-0.17326584417713337, -0.8850610583623296, 0, -0.19509032253251615, -0.9807852803005146, 0
-0.03741181358907602, 0.5983636872579727, 0, -0.08433831125705323, 1.3507194247696659, 0
-0.020259795071322435, 0.4023541933911029, 0, -0.08429536869947134, 1.4488943943617227, 0
3.530742685611514e-07, 0.3523648905382958, 0, 4.440892098500626e-16, 1.5, 0
4.7238758410770504e-07, 0.1343611999102667, 0, 4.440892098500626e-16, 1.6, 0
-0.0054261340914701275, 0.09268986251285852, 0, 0.08519729104383766, 1.65252241537249, 0
0.008173816294698268, -0.055513471095337566, 0, 0.1618229999218017, 1.7024583727995832, 0
-0.003006674677530736, -0.13791653260400738, 0, 0.22922049720106963, 1.749933675951113, 0
-0.06013540622062152, -0.19299805147451293, 0, 0.2882234301257436, 1.794565286886676, 0
-0.02278632746735527, -0.4143872251071561, 0, 0.3181243971097587, 1.8777224958518008, 0
-0.11541734783182926, -0.4369022152675982, 0, 0.4151469288695524, 1.878135202151407, 0
-0.1299430800134029, -0.6866994673959951, 0, 0.3901806429255861, 1.961570561026591, 0
-0.11799618412739611, 0.8362618470376629, 0, -0.1629792319821837, 1.192128597840858, 0
-0.08066376709614641, 0.642324017957842, 0, -0.1804883631211964, 1.305111184364716, 0
-0.2336021742897355, 0.9211996684645488, 0, -0.26333782824146096, 1.051303538048058, 0
-0.17816775064369858, 0.831377646003905, 0, -0.2566608740185468, 1.1528165909814798, 0
-0.26495087288349956, 0.8621329462288079, 0, -0.2902846780481244, 0.9569403354914542, 0
-0.037412177157625535, -0.5983638726260451, 0, -0.08433831125705386, -1.3507194247696659, 0
-0.020259798763873616, -0.40235500215523246, 0, -0.08429536869947203, -1.4488943943617227, 0
-9.604908489328149e-08, -0.3523640596948358, 0, -2.77748977139445e-16, -1.5, 0
-5.279799043161506e-07, -0.13436120845935182, 0, -3.2587152293874553e-16, -1.6, 0
-0.005425450856385389, -0.09268954472497232, 0, 0.08519729104383686, -1.65252241537249, 0
0.008173268294344312, 0.05551301056445934, 0, 0.16182299992180088, -1.7024583727995832, 0
-0.0030063980627045264, 0.1379169727651188, 0, 0.2292204972010688, -1.749933675951113, 0
-0.06013581823963264, 0.19299771392207482, 0, 0.2882234301257427, -1.794565286886676, 0
-0.022786505390638586, 0.41438719426426646, 0, 0.3181243971097578, -1.8777224958518008, 0
-0.11541734981847503, 0.43690236896311746, 0, 0.4151469288695515, -1.8781352021514075, 0
-0.12994329787953104, 0.6866994277650822, 0, 0.3901806429255851, -1.9615705610265914, 0
-0.11799624042229116, -0.8362618933245138, 0, -0.16297923198218425, -1.192128597840858, 0
-0.08066368429181489, -0.6423236003021751, 0, -0.180488363121197, -1.305111184364716, 0
-0.23360275836660113, -0.9211996812603133, 0, -0.2633378282414615, -1.051303538048058, 0
-0.17816785904330049, -0.8313779045823355, 0, -0.25666087401854737, -1.1528165909814798, 0
-0.2649507817727766, -0.86213297140604, 0, -0.29028467804812486, -0.9569403354914542, 0
-0.06300825201150104, 0.459011066131822, 0, -0.1636473507734197, 1.408476576377102, 0
-0.09178844607316108, 0.4918923683318116, 0, -0.23844180762570794, 1.3787941514869049, 0
-0.11933470660148317, 0.5807178962849202, 0, -0.2806641759483284, 1.314957813393389, 0
-0.14693420300492746, 0.7185671505262686, 0, -0.2404205946489284, 1.2414476660347469, 0
-0.19612617959920584, 0.7131695184010516, 0, -0.3375615420306759, 1.22893033404912, 0
-0.25778487409134143, 0.8285831794527155, 0, -0.3502012884175721, 1.1176433173266962, 0
-0.3178021308795027, 0.9004471163097723, 0, -0.36718091848976325, 1.0182142270707093, 0
-0.343003799030817, 0.8340929777629006, 0, -0.3826834333844452, 0.9238795320890559, 0
-0.02134092770254009, 0.22383946456742343, 0, -0.0825035753080351, 1.551518084004158, 0
-0.023973494203757783, 0.31096753792906817, 0, -0.16165122581677385, 1.5044730602480558, 0
4.776152650415754e-07, -0.023615375941973674, 0, 4.440892098500626e-16, 1.7, 0
0.0029188781693460517, -0.12677165116417655, 0, 0.08571313445160977, 1.749755040065526, 0
-0.0241553393107304, -0.1612787836479222, 0, 0.16730188206201269, 1.798689198938693, 0
-0.04508282457576203, -0.358630629882475, 0, 0.2330284659964026, 1.8401149508781456, 0
-0.08662726655547183, -0.47984098283633636, 0, 0.2385982103642188, 1.9182264878747737, 0
-0.17865251590081863, -0.6849031863013888, 0, 0.293460948072348, 1.978353020053923, 0
0.0054251510802907545, 0.09268989178770828, 0, -0.08519729104383707, 1.65252241537249, 0
-0.06300814252787046, -0.45901035451142413, 0, -0.16364735077342035, -1.408476576377102, 0
-0.09178921838147004, -0.49189349320410214, 0, -0.2384418076257086, -1.3787941514869049, 0
-0.1193346157940689, -0.580717909246009, 0, -0.28066417594832904, -1.314957813393389, 0
-0.1469347361602592, -0.7185672917944204, 0, -0.240420594648929, -1.2414476660347469, 0
-0.19612649611445274, -0.7131690407116473, 0, -0.33756154203067645, -1.22893033404912, 0
-0.257784689029477, -0.8285831236043314, 0, -0.35020128841757264, -1.1176433173266962, 0
-0.3178024322921048, -0.9004471202368087, 0, -0.3671809184897637, -1.0182142270707093, 0
-0.34300383002659446, -0.8340929641369658, 0, -0.38268343338444566, -0.9238795320890557, 0
-0.02134026381448935, -0.22383987646037848, 0, -0.08250357530803584, -1.551518084004158, 0
-0.023974166374875355, -0.31096670117746683, 0, -0.16165122581677457, -1.5044730602480558, 0
-9.958303181372946e-08, 0.023615227410184996, 0, -3.7399406873804604e-16, -1.7, 0
0.0029191913306053584, 0.126771752675342, 0, 0.08571313445160894, -1.749755040065526, 0
-0.024155338124541702, 0.1612788616737743, 0, 0.1673018820620118, -1.798689198938693, 0
-0.04508267232109282, 0.3586304201069128, 0, 0.2330284659964017, -1.8401149508781456, 0
-0.08662706938429261, 0.4798413297876074, 0, 0.23859821036421786, -1.9182264878747737, 0
-0.17865266593328966, 0.68490316823082, 0, 0.293460948072347, -1.978353020053923, 0
0.005426015073254445, -0.09268962034497423, 0, -0.08519729104383787, -1.65252241537249, 0
-0.05389015214866704, 0.3621111764307204, 0, -0.2416854350567629, 1.460032945359217, 0
-0.10217046767138643, 0.41686845342134465, 0, -0.3257237132288317, 1.4053922379401012, 0
-0.14935568731596657, 0.5330162616803592, 0, -0.36025005206088195, 1.3185834968021821, 0
-0.18705384701094546, 0.5590461240865717, 0, -0.42587928320466584, 1.2743528062648941, 0
-0.26182551455292324, 0.7125931810422442, 0, -0.43207198183853746, 1.1781484165048883, 0
-0.3382263901807834, 0.8089158511814261, 0, -0.4498620301503196, 1.0761699589458482, 0
-0.41809343955333794, 0.8550183282934853, 0, -0.4624837956033012, 0.9770252446353352, 0
-0.4260661958743789, 0.7949448632777961, 0, -0.4713967375678879, 0.8819212639518066, 0
-0.021018661326427997, 0.13835770083437468, 0, -0.16051732850815545, 1.6012412251632901, 0
-0.050921041714823166, 0.18454792627264643, 0, -0.23725829655479858, 1.5566751362228457, 0
1.8667145203633222e-07, -0.16326217441465093, 0, 4.440892098500626e-16, 1.7999999999999998, 0
-0.004778398872788148, -0.3208108359986782, 0, 0.08381034566569956, 1.8453933398722742, 0
-0.02369958515535158, -0.41208057875776566, 0, 0.1567023791156119, 1.9015525597658203, 0
0.00043671859309823725, -0.7058891372842949, 0, 0.19603428012639057, 1.990369453396863, 0
-0.002919525156505635, -0.12677154163007492, 0, -0.08571313445160915, 1.749755040065526, 0
-0.008172870509214994, -0.055513573951838924, 0, -0.1618229999218011, 1.7024583727995832, 0
-0.053890326277317345, -0.36211157156720436, 0, -0.24168543505676363, -1.460032945359217, 0
-0.10217019608847824, -0.41686714371155964, 0, -0.32572371322883237, -1.4053922379401012, 0
-0.1493560495224732, -0.5330166626155196, 0, -0.3602500520608826, -1.3185834968021821, 0
-0.18705349204649707, -0.5590461877588424, 0, -0.4258792832046665, -1.2743528062648941, 0
-0.2618261818697568, -0.7125933565530173, 0, -0.432071981838538, -1.1781484165048883, 0
-0.3382265293533458, -0.8089159219429561, 0, -0.44986203015032017, -1.0761699589458482, 0
-0.4180935030431449, -0.8550179052119941, 0, -0.46248379560330166, -0.977025244635335, 0
-0.426066179370398, -0.7949448697574457, 0, -0.47139673756788836, -0.8819212639518064, 0
-0.021019786697980776, -0.13835758434014733, 0, -0.16051732850815623, -1.6012412251632901, 0
-0.050919782327049, -0.1845485938905588, 0, -0.2372582965547993, -1.5566751362228457, 0
-2.817197841680628e-07, 0.16326183158598104, 0, -4.2211661453734645e-16, -1.7999999999999998, 0
-0.00477835117344979, 0.32081137839922685, 0, 0.08381034566569867, -1.8453933398722742, 0
-0.023700092494592147, 0.4120802512598921, 0, 0.15670237911561102, -1.9015525597658203, 0
0.000437263894765585, 0.7058892529305897, 0, 0.19603428012638963, -1.990369453396863, 0
-0.0029190450434984153, 0.1267719299662175, 0, -0.08571313445160998, -1.749755040065526, 0
-0.008173838037103656, 0.05551307616000335, 0, -0.16182299992180194, -1.7024583727995832, 0
-0.04996920938043212, 0.24759075279855355, 0, -0.3150717713524668, 1.5115854446590453, 0
-0.010860048992325224, 0.09497107482302819, 0, -0.30774954142111655, 1.6089286424403089, 0
0.016187618172797697, 0.054768538202226255, 0, -0.23248501866979607, 1.6541372794192313, 0
0.0030059628038177273, -0.13791591141774903, 0, -0.229220497201069, 1.749933675951113, 0
0.02415579610907989, -0.16127903932351922, 0, -0.16730188206201205, 1.798689198938693, 0
0.004778318070075934, -0.32081071122125077, 0, -0.0838103456656989, 1.8453933398722742, 0
-6.648079482398533e-08, -0.4336283845791382, 0, 4.440892098500626e-16, 1.9000000000000001, 0
-0.025549095364442168, -0.4553191320614793, 0, 0.0723753387308328, 1.9253577638968067, 0
-0.05311343267421418, -0.6979840997671599, 0, 0.09813534844740723, 1.997590912420535, 0
-0.07128159109157828, 0.2654141624938981, 0, -0.40469645017063083, 1.470159700416335, 0
-0.130243117747764, 0.4353950345971459, 0, -0.4203758574892202, 1.3716763988589662, 0
-0.1663298195322016, 0.43368297356216484, 0, -0.505319006335623, 1.33242407786863, 0
-0.23547725418746102, 0.5598548953173089, 0, -0.5154852189140622, 1.234571908203628, 0
-0.32290068348397793, 0.6937562201880583, 0, -0.5284669814751646, 1.135396837753775, 0
-0.40300587515771313, 0.7711928333030669, 0, -0.5428645879892379, 1.032500985541479, 0
-0.4844930301961352, 0.8135307662030073, 0, -0.5564096079935326, 0.9296811731780701, 0
-0.5004039714556879, 0.7502619216781388, 0, -0.5555702334726754, 0.8314696119998114, 0
-0.049970025772508586, -0.24759036442601487, 0, -0.31507177135246756, -1.5115854446590453, 0
-0.010861793962961344, -0.09497008069081003, 0, -0.3077495414211173, -1.6089286424403089, 0
0.01618833548005534, -0.05476816761343157, 0, -0.23248501866979684, -1.6541372794192313, 0
0.0030067344626284625, 0.1379175659455081, 0, -0.22922049720106982, -1.749933675951113, 0
0.024155313962256203, 0.16127832339215045, 0, -0.16730188206201294, -1.798689198938693, 0
0.004778160919077309, 0.3208114602392322, 0, -0.08381034566569978, -1.8453933398722742, 0
6.977764780941125e-07, 0.433627659404593, 0, -4.702391603366471e-16, -1.9000000000000001, 0
-0.025548845743063597, 0.45531881334408386, 0, 0.07237533873083188, -1.9253577638968067, 0
-0.05311252474435945, 0.6979841213234074, 0, 0.09813534844740626, -1.997590912420535, 0
-0.07128184179312548, -0.26541548404472853, 0, -0.4046964501706315, -1.470159700416335, 0
-0.13024389286667087, -0.4353955031767684, 0, -0.42037585748922085, -1.3716763988589662, 0
-0.16633023363133145, -0.4336824780564474, 0, -0.5053190063356237, -1.33242407786863, 0
-0.2354772774454498, -0.5598551380085736, 0, -0.5154852189140628, -1.234571908203628, 0
-0.3229005538252582, -0.693755872407999, 0, -0.528466981475165, -1.135396837753775, 0
-0.40300591313297685, -0.7711933837714801, 0, -0.5428645879892383, -1.0325009855414786, 0
-0.48449276224715027, -0.8135308141652211, 0, -0.556409607993533, -0.9296811731780699, 0
-0.5004040452211863, -0.7502618730345013, 0, -0.5555702334726759, -0.8314696119998112, 0
-0.05101174001096611, 0.13325033664920177, 0, -0.3941642381810163, 1.5683137716360591, 0
0.02546418795743384, -0.03422373181770717, 0, -0.3842632660637649, 1.6666237867223452, 0
-0.02547864781363235, -0.07713649113895152, 0, -0.2968206050300775, 1.7066170073570297, 0
0.0601359972922037, -0.19299858763817626, 0, -0.2882234301257429, 1.794565286886676, 0
0.04508265694675907, -0.3586305266952208, 0, -0.23302846599640192, 1.8401149508781456, 0
0.023699534495424186, -0.41208060187222767, 0, -0.15670237911561122, 1.9015525597658203, 0
0.02554894896826724, -0.45531894458033045, 0, -0.0723753387308321, 1.9253577638968067, 0
2.561744831470869e-07, -0.7010252347009018, 0, 4.440892098500626e-16, 2.0, 0
-0.0419192198119693, 0.16005266592895964, 0, -0.48437290613055517, 1.5283632264543172, 0
-0.10489773066983998, 0.28347996987855917, 0, -0.49486379573334344, 1.430342127109437, 0
-0.11032263859871326, 0.2862504529016143, 0, -0.5849307182494408, 1.390462368480368, 0
-0.19625810600390908, 0.42898951047189005, 0, -0.595333438339666, 1.2925287026111743, 0
-0.27147883207025253, 0.5370082725315533, 0, -0.606267849480046, 1.1947660540992573, 0
-0.3740584452524283, 0.6594478613047116, 0, -0.6201028128384847, 1.0947420168636453, 0
-0.46928837881713864, 0.7202898360227108, 0, -0.6347771908059431, 0.9943733839053601, 0
-0.564933819632064, 0.7606765629484455, 0, -0.6461747345790935, 0.8796881320043785, 0
-0.5700481003183926, 0.6988962069981771, 0, -0.6343932843087083, 0.7730104532436871, 0
-0.05101043280271002, -0.13325084765544237, 0, -0.3941642381810171, -1.5683137716360591, 0
0.0254657754644006, 0.0342239515344292, 0, -0.38426326606376565, -1.6666237867223452, 0
-0.02547979310829227, 0.0771349969361815, 0, -0.2968206050300783, -1.7066170073570297, 0
0.06013604155803629, 0.19299738372833616, 0, -0.2882234301257438, -1.794565286886676, 0
0.04508247211095677, 0.3586306129514797, 0, -0.2330284659964028, -1.8401149508781456, 0
0.023700016323658084, 0.4120804124379771, 0, -0.1567023791156121, -1.9015525597658203, 0
0.025548888945852194, 0.45531957721916183, 0, -0.07237533873083302, -1.9253577638968067, 0
-1.501250462618396e-06, 0.7010252264570099, 0, -5.183617061359476e-16, -2.0, 0
-0.04192024938395909, -0.16005079102738332, 0, -0.48437290613055595, -1.5283632264543172, 0
-0.10489704982861608, -0.28347872987966377, 0, -0.4948637957333441, -1.430342127109437, 0
-0.11032322864792049, -0.28625138329302824, 0, -0.5849307182494414, -1.3904623684803676, 0
-0.19625855002046225, -0.4289891892089369, 0, -0.5953334383396667, -1.2925287026111738, 0
-0.2714791456488513, -0.537008709954045, 0, -0.6062678494800466, -1.1947660540992568, 0
-0.3740588132858134, -0.6594478168719374, 0, -0.6201028128384851, -1.0947420168636448, 0
-0.46928831629046724, -0.7202899724561688, 0, -0.6347771908059435, -0.9943733839053599, 0
-0.5649333507628417, -0.7606768691566329, 0, -0.6461747345790939, -0.8796881320043782, 0
-0.5700481402051736, -0.6988961662763864, 0, -0.6343932843087088, -0.7730104532436869, 0
-0.005206538881090451, -0.020889365604081736, 0, -0.4732874737391051, 1.6260757318276562, 0
0.01595650294586569, -0.13018842511813988, 0, -0.46325268322180563, 1.724735252404382, 0
0.04703404320872113, -0.24793241867055577, 0, -0.37229833005508506, 1.7834850070238442, 0
0.02278613641781422, -0.41438723295418933, 0, -0.31812439710975804, 1.877722495851801, 0
0.0866274429545703, -0.4798409374628962, 0, -0.2385982103642181, 1.9182264878747737, 0
-0.00043643964695348064, -0.7058890582210061, 0, -0.19603428012638985, 1.990369453396863, 0
0.05311371075583484, -0.6979841167643238, 0, -0.09813534844740651, 1.997590912420535, 0
-0.006981744179171931, 0.025691776046892833, 0, -0.5641479150865264, 1.586556846372072, 0
-0.07015489580106965, 0.15188075068446316, 0, -0.5744915403944616, 1.488472548647581, 0
-0.07451421464496606, 0.17748240878705926, 0, -0.6646089995644738, 1.448502817926906, 0
-0.14366665776960205, 0.26629001278012765, 0, -0.675021281692314, 1.3504930845985081, 0
-0.2181734988718125, 0.40371299700016505, 0, -0.6854788714952857, 1.2523702162695323, 0
-0.30355969600849053, 0.49998794875438385, 0, -0.6960122856690509, 1.1545585286252003, 0
-0.396266972775861, 0.5999251562213623, 0, -0.7122279816114662, 1.056856311256797, 0
-0.4979605069181388, 0.6671703366845609, 0, -0.7277057816133238, 0.962584553275431, 0
-0.5805374949240376, 0.6611057537553955, 0, -0.7519355547949725, 0.8744100419336954, 0
-0.6172117164135911, 0.71740309016945, 0, -0.7049443430595002, 0.8100549756775013, 0
-0.6377561705675103, 0.6377560998618661, 0, -0.7071067811865474, 0.7071067811865477, 0
-0.005209176507920038, 0.020889448557993143, 0, -0.4732874737391059, -1.6260757318276562, 0
0.015955398752020143, 0.13018744425674025, 0, -0.4632526832218064, -1.724735252404382, 0
0.04703423629633322, 0.2479344223357448, 0, -0.37229833005508595, -1.7834850070238442, 0
0.022786089163202735, 0.41438724633832413, 0, -0.3181243971097589, -1.877722495851801, 0
0.08662717309904992, 0.47984133070997653, 0, -0.23859821036421905, -1.9182264878747737, 0
-0.0004375376913553918, 0.7058892723774475, 0, -0.1960342801263908, -1.990369453396863, 0
0.05311267678174123, 0.6979841452876946, 0, -0.09813534844740748, -1.997590912420535, 0
-0.006979308987562008, -0.02569279650007781, 0, -0.5641479150865271, -1.5865568463720716, 0
-0.0701560624019097, -0.15188260880639012, 0, -0.5744915403944623, -1.4884725486475805, 0
-0.0745133770419184, -0.17748006050225815, 0, -0.6646089995644745, -1.4485028179269055, 0
-0.14366653275632674, -0.26629027155812196, 0, -0.6750212816923147, -1.3504930845985077, 0
-0.21817359561388155, -0.403712949215269, 0, -0.6854788714952864, -1.2523702162695318, 0
-0.3035595099630444, -0.49998831028228247, 0, -0.6960122856690516, -1.1545585286251998, 0
-0.39626682557626447, -0.5999251370309596, 0, -0.7122279816114666, -1.0568563112567966, 0
-0.49796106699538584, -0.6671712859637842, 0, -0.7277057816133242, -0.9625845532754308, 0
-0.5805372548987119, -0.6611050209685894, 0, -0.751935554794973, -0.8744100419336952, 0
-0.6172121253990588, -0.7174049778458389, 0, -0.7049443430595006, -0.8100549756775011, 0
-0.6377559026668609, -0.6377563706213628, 0, -0.7071067811865478, -0.7071067811865475, 0
0.05286144051508159, -0.1320853525998126, 0, -0.5495238337509639, 1.681861507376761, 0
0.09654571637891048, -0.2960633743560742, 0, -0.5363398923996663, 1.7727358735236203, 0
0.07321259560388052, -0.3360922324502918, 0, -0.45776548864941957, 1.8068279670338432, 0
0.11541764212333865, -0.4369016731261762, 0, -0.41514692886955173, 1.8781352021514073, 0
0.12994330676736057, -0.6866994122512531, 0, -0.39018064292558535, 1.9615705610265912, 0
0.17865264897039662, -0.6849031972951898, 0, -0.2934609480723473, 1.978353020053923, 0
0.031705250729305114, -0.11098622165985192, 0, -0.6426181027478065, 1.6419626264830671, 0
0.0009064886947006246, 0.009831705804633254, 0, -0.6540051475348, 1.5461109739897212, 0
-0.011245214002909459, 0.015840693378106365, 0, -0.74438869849062, 1.506778429152707, 0
-0.07170342734662322, 0.13840025260234776, 0, -0.7548166110252063, 1.4086995026925522, 0
-0.14165772874755098, 0.2674464921210264, 0, -0.7652989106939974, 1.3104884896424, 0
-0.23585169032173836, 0.36835570856493755, 0, -0.7757739905246706, 1.212158793967686, 0
-0.3288697418713393, 0.46535587906302484, 0, -0.7861793293564014, 1.1136895908425373, 0
-0.41925475375842686, 0.5212171715591867, 0, -0.7989842926164213, 1.0287386269102843, 0
-0.49093132811984463, 0.5716910574025167, 0, -0.8240639976335139, 0.9423659715343629, 0
-0.6018042939731751, 0.601804074830663, 0, -0.8485281374235488, 0.8485281374235494, 0
-0.6535886756959808, 0.6535887331432487, 0, -0.7778174593051196, 0.7778174593051201, 0
-0.717403663930141, 0.6172117628470278, 0, -0.810054975677501, 0.7049443430595007, 0
-0.698896190334734, 0.570048118843956, 0, -0.7730104532436868, 0.6343932843087084, 0
0.05286364133382285, 0.13208614589064743, 0, -0.5495238337509648, -1.6818615073767607, 0
0.09654625801266002, 0.29606646451482566, 0, -0.5363398923996672, -1.7727358735236203, 0
0.0732116904310507, 0.336089628104386, 0, -0.45776548864942046, -1.8068279670338432, 0
0.11541763809730672, 0.4369023894541929, 0, -0.4151469288695526, -1.8781352021514073, 0
0.1299432032041713, 0.6866994436746611, 0, -0.39018064292558635, -1.9615705610265912, 0
0.17865300606560056, 0.6849031483929865, 0, -0.2934609480723483, -1.978353020053923, 0
0.0317010729600385, 0.11098730883392735, 0, -0.6426181027478074, -1.6419626264830667, 0
0.0009052771646064553, -0.009829665401061257, 0, -0.6540051475348007, -1.5461109739897207, 0
-0.011245762671579377, -0.01584314807770357, 0, -0.7443886984906206, -1.5067784291527067, 0
-0.07170598857173888, -0.13840133857308295, 0, -0.7548166110252069, -1.4086995026925517, 0
-0.1416574144415146, -0.2674466777875909, 0, -0.765298910693998, -1.3104884896423996, 0
-0.2358525368863417, -0.3683551437026794, 0, -0.7757739905246712, -1.2121587939676857, 0
-0.32887011799395993, -0.4653571016880258, 0, -0.7861793293564019, -1.1136895908425368, 0
-0.4192541084973717, -0.5212165153348336, 0, -0.7989842926164218, -1.0287386269102838, 0
-0.49093141384596306, -0.5716921558171464, 0, -0.8240639976335143, -0.9423659715343624, 0
-0.6018037039306587, -0.6018046188105487, 0, -0.8485281374235493, -0.8485281374235489, 0
-0.6535892209325131, -0.6535886292691195, 0, -0.77781745930512, -0.7778174593051197, 0
-0.7174018529360503, -0.6172115088370538, 0, -0.8100549756775014, -0.7049443430595003, 0
-0.698896289891157, -0.5700480015774664, 0, -0.773010453243687, -0.634393284308708, 0
0.0886176428724824, -0.26718828463641103, 0, -0.6214937427072467, 1.7364267022309392, 0
0.10634295168503984, -0.433030710603894, 0, -0.6034595543756611, 1.8265142308777602, 0
0.1253165219358178, -0.4757739594131539, 0, -0.5225440516929021, 1.8600495812180393, 0
0.06765431088674842, -0.7112115982408931, 0, -0.48596035859929304, 1.9400625066914852, 0
0.045208386654852016, -0.0912119704202534, 0, -0.7325823455244401, 1.60160184408504, 0
0.07146915464875706, -0.11503210687471217, 0, -0.823041815699392, 1.56205144730995, 0
-0.0031803199184754034, 0.014311610902740303, 0, -0.8346256566344633, 1.4668399414156212, 0
-0.08300825754929939, 0.13438108176790428, 0, -0.8451191547724253, 1.36866635745067, 0
-0.14788730782978235, 0.20279581115164838, 0, -0.8537296234578959, 1.2751376788565472, 0
-0.23059957912759835, 0.31559720420973697, 0, -0.8733072753105107, 1.17517897211649, 0
-0.3038199829078738, 0.40507302070933254, 0, -0.8638623024524783, 1.0911383860688402, 0
-0.4013210183187878, 0.44980002583388035, 0, -0.8909777622334017, 1.011125800343335, 0
-0.47036003505112883, 0.47036022605647315, 0, -0.9192388155419369, 0.9192388155419374, 0
-0.5716914661138086, 0.4909312639565205, 0, -0.9423659715343623, 0.8240639976335143, 0
-0.6611054544911692, 0.5805374324635314, 0, -0.8744100419336951, 0.7519355547949731, 0
-0.7606766697036194, 0.5649335762481237, 0, -0.8796881320043781, 0.6461747345790939, 0
-0.7502619225789467, 0.500403969365043, 0, -0.8314696119998111, 0.5555702334726759, 0
0.1169969047570903, -0.26420771413831146, 0, -0.7136918965214646, 1.695934885008395, 0
0.0886163931827927, 0.2671853422794575, 0, -0.6214937427072476, -1.7364267022309388, 0
0.10634316770972917, 0.43302960297723625, 0, -0.603459554375662, -1.8265142308777598, 0
0.1253155905264656, 0.4757741901249514, 0, -0.522544051692903, -1.8600495812180393, 0
0.0676541194720566, 0.7112116377381201, 0, -0.48596035859929393, -1.9400625066914852, 0
0.0452107516920204, 0.09121000956092927, 0, -0.7325823455244408, -1.6016018440850395, 0
0.07146649008901129, 0.1150363045779335, 0, -0.8230418156993927, -1.5620514473099496, 0
-0.0031784211616130813, -0.014310346874013906, 0, -0.834625656634464, -1.4668399414156208, 0
-0.08300781164201355, -0.13438004025059674, 0, -0.8451191547724259, -1.3686663574506694, 0
-0.1478873456545388, -0.2027981260159011, 0, -0.8537296234578966, -1.2751376788565467, 0
-0.2305986136035248, -0.31559650638776027, 0, -0.8733072753105113, -1.1751789721164896, 0
-0.30382118519720713, -0.4050739644256192, 0, -0.8638623024524787, -1.0911383860688397, 0
-0.4013202942702847, -0.449799644245588, 0, -0.8909777622334022, -1.0111258003433345, 0
-0.47036120023901995, -0.4703600788096284, 0, -0.9192388155419373, -0.919238815541937, 0
-0.571690096859999, -0.4909317633036646, 0, -0.9423659715343627, -0.8240639976335139, 0
-0.6611064810895264, -0.5805375715255658, 0, -0.8744100419336955, -0.7519355547949726, 0
-0.7606765087306181, -0.5649344116525206, 0, -0.8796881320043783, -0.6461747345790935, 0
-0.7502618725925628, -0.5004040449285094, 0, -0.8314696119998113, -0.5555702334726754, 0
0.11700066873099688, 0.2642103675596793, 0, -0.7136918965214655, -1.6959348850083946, 0
0.1946671989465148, -0.4108769046587107, 0, -0.6943628389164405, 1.7913391667651262, 0
0.2460982269355039, -0.6544267838901678, 0, -0.673779704907238, 1.883088131037715, 0
0.3073008872401598, -0.6449526126888174, 0, -0.5805693529613196, 1.9138806719338792, 0
0.11993027479159749, -0.25084228867127156, 0, -0.8032765238903868, 1.659230004885436, 0
0.17276696246019307, -0.4494707004474409, 0, -0.7827974635710864, 1.760806476966384, 0
0.0622973479556838, -0.1192385025283338, 0, -0.9144828712749434, 1.524866426372011, 0
0.026445517253405063, -0.018498827177596204, 0, -0.9249360406674266, 1.426839229713628, 0
-0.05825159091144919, 0.10037842167068899, 0, -0.9354426664762643, 1.3286121813370673, 0
-0.13055871988334755, 0.1995350079520117, 0, -0.9266897559055778, 1.2524318572787163, 0
-0.19537850066103837, 0.2257242326325464, 0, -0.9559568441791029, 1.1885047053187092, 0
-0.26703716457469484, 0.3068598622682351, 0, -0.9516967338571367, 1.0962486562364864, 0
-0.3482591459612664, 0.34825877470244554, 0, -0.9899494936603921, 0.9899494936603926, 0
-0.4497999178131234, 0.4013209475678728, 0, -1.0111258003433348, 0.8909777622334022, 0
-0.521216960594982, 0.419254407599353, 0, -1.0287386269102838, 0.7989842926164219, 0
-0.6671705587684583, 0.49796064684216423, 0, -0.9625845532754307, 0.7277057816133241, 0
-0.7202898863957276, 0.4692883435341258, 0, -0.9943733839053597, 0.6347771908059435, 0
-0.8135307943002041, 0.48449300582560495, 0, -0.9296811731780698, 0.556409607993533, 0
-0.794944846672233, 0.4260662263225659, 0, -0.8819212639518061, 0.4713967375678884, 0
0.15654464524652306, -0.26315960795622295, 0, -0.8933457950678955, 1.6199950455602552, 0
0.19466660418614223, 0.41087904849677864, 0, -0.6943628389164413, -1.7913391667651257, 0
0.2460993964520175, 0.6544263752005883, 0, -0.6737797049072389, -1.8830881310377146, 0
0.30730178377920486, 0.6449524939425075, 0, -0.5805693529613205, -1.9138806719338788, 0
0.11992483288684978, 0.25084149312823223, 0, -0.8032765238903877, -1.6592300048854356, 0
0.1727639412017594, 0.44947025230440807, 0, -0.7827974635710873, -1.7608064769663836, 0
0.06229379312473753, 0.11923542216399073, 0, -0.9144828712749441, -1.5248664263720106, 0
0.026443484384821678, 0.01849575700955746, 0, -0.9249360406674273, -1.4268392297136276, 0
-0.05825179640834489, -0.10037587581458947, 0, -0.935442666476265, -1.3286121813370668, 0
-0.1305613193066454, -0.19953805210303682, 0, -0.9266897559055784, -1.2524318572787159, 0
-0.19537701607280814, -0.22572122113405574, 0, -0.9559568441791035, -1.1885047053187088, 0
-0.26703666481473703, -0.3068608745846088, 0, -0.9516967338571372, -1.096248656236486, 0
-0.34825850474343645, -0.34825991325477557, 0, -0.9899494936603925, -0.9899494936603922, 0
-0.4498001281472747, -0.4013207778318135, 0, -1.0111258003433352, -0.8909777622334017, 0
-0.5212178424898204, -0.41925573120223214, 0, -1.0287386269102843, -0.7989842926164215, 0
-0.6671702643612961, -0.49796028931881325, 0, -0.9625845532754311, -0.7277057816133237, 0
-0.720289772860868, -0.4692887359093087, 0, -0.9943733839053599, -0.6347771908059431, 0
-0.8135306963439726, -0.48449287165939997, 0, -0.92968117317807, -0.5564096079935326, 0
-0.7949449314683932, -0.4260660701617307, 0, -0.8819212639518064, -0.4713967375678881, 0
0.15654989611301662, 0.26316016063084513, 0, -0.8933457950678964, -1.6199950455602548, 0
0.19935510649287766, -0.6782353390869205, 0, -0.7653668626837258, 1.8477590658702423, 0
0.3876572173987847, -0.596930786407344, 0, -0.8551101850607947, 1.8079785870981142, 0
0.19452756211488736, -0.3947478750882328, 0, -0.8741998269580424, 1.714990330382596, 0
0.25872077076171013, -0.4030934170780602, 0, -0.9609839431422545, 1.6738182259141845, 0
0.19662122514103592, -0.2915763074929302, 0, -0.9876154922038801, 1.5866896797298735, 0
0.0973948902133061, -0.15510574291832002, 0, -1.0052269820126827, 1.4871928238622054, 0
0.021588342171369627, -0.02671908458410691, 0, -1.0190324462632587, 1.3858660270864493, 0
-0.07643851863053862, 0.09707518176755843, 0, -1.0085073629066499, 1.2660419946254453, 0
-0.13696508557557063, 0.16631704085457147, 0, -1.034940695012628, 1.1572962767908541, 0
-0.2414880783980565, 0.24148862848532116, 0, -1.0606601717788346, 1.0606601717788344, 0
-0.30686009013101345, 0.2670368253714137, 0, -1.0962486562364855, 0.9516967338571375, 0
-0.40507344869831174, 0.3038203113379575, 0, -1.0911383860688397, 0.8638623024524791, 0
-0.465356064718703, 0.32886977833075315, 0, -1.1136895908425368, 0.7861793293564022, 0
-0.5999251968911495, 0.3962669194978864, 0, -1.0568563112567968, 0.7122279816114666, 0
-0.6594477831879906, 0.3740584498405676, 0, -1.0947420168636448, 0.6201028128384853, 0
-0.7711929840879814, 0.4030057989749518, 0, -1.0325009855414788, 0.5428645879892382, 0
-0.8550182284607378, 0.4180933250946834, 0, -0.9770252446353349, 0.4624837956033016, 0
-0.834092991657377, 0.3430037639984687, 0, -0.9238795320890557, 0.38268343338444566, 0
0.19935643700210637, 0.6782347325157504, 0, -0.7653668626837267, -1.8477590658702419, 0
0.3876547766247646, 0.5969314487583673, 0, -0.8551101850607956, -1.8079785870981138, 0
0.1945309861641291, 0.39474618846640586, 0, -0.8741998269580433, -1.7149903303825955, 0
0.25871392947673677, 0.4031006695247635, 0, -0.9609839431422554, -1.673818225914184, 0
0.19661583133084523, 0.2915715711160207, 0, -0.9876154922038808, -1.586689679729873, 0
0.0974007536902306, 0.15511053797319638, 0, -1.0052269820126836, -1.487192823862205, 0
0.021587637512819734, 0.026716084518938865, 0, -1.0190324462632596, -1.385866027086449, 0
-0.0764368735025072, -0.0970755666641652, 0, -1.0085073629066503, -1.2660419946254449, 0
-0.13696616981936224, -0.1663208716742029, 0, -1.0349406950126285, -1.1572962767908537, 0
-0.24148880915480267, -0.24148668411711033, 0, -1.060660171778835, -1.060660171778834, 0
-0.30686002976066823, -0.2670385345247133, 0, -1.096248656236486, -0.951696733857137, 0
-0.4050718443070644, -0.303818900858438, 0, -1.0911383860688402, -0.8638623024524786, 0
-0.4653560618053136, -0.32887003068950915, 0, -1.1136895908425373, -0.7861793293564018, 0
-0.5999248563989842, -0.3962667758524167, 0, -1.0568563112567972, -0.7122279816114662, 0
-0.6594484852142444, -0.3740586403693597, 0, -1.0947420168636453, -0.6201028128384849, 0
-0.7711924831778114, -0.40300597296570273, 0, -1.0325009855414793, -0.5428645879892378, 0
-0.8550186734402218, -0.41809402394785666, 0, -0.9770252446353351, -0.46248379560330116, 0
-0.8340929338876246, -0.3430039023553904, 0, -0.9238795320890559, -0.3826834333844452, 0
0.32959551769588186, -0.6168976311172978, 0, -0.9427934722314719, 1.7638425294559954, 0
0.361713644599185, -0.5999699387527655, 0, -1.0282054872199968, 1.7154572206996854, 0
0.2471357554299255, -0.44815732455483326, 0, -1.0397435851722407, 1.6419345496567024, 0
0.26510882181517365, -0.3203689130446947, 0, -1.0916756804703927, 1.5675157394068011, 0
0.17113702083038515, -0.22737336549428866, 0, -1.1006328517640789, 1.4710214538480952, 0
0.12388802225587973, -0.14311006260207465, 0, -1.1454264650301058, 1.3892959971613892, 0
0.03887489428092501, -0.04055206849280127, 0, -1.0857116179684, 1.3187835766291571, 0
-0.06811129992781281, 0.0641464682629393, 0, -1.1062972955201227, 1.2272909609303415, 0
-0.11284260990598108, 0.11284225742405439, 0, -1.1313708498976425, 1.1313708498976434, 0
-0.16631829519304955, 0.1369653199972013, 0, -1.1572962767908535, 1.0349406950126285, 0
-0.2257232119464572, 0.1953779658035751, 0, -1.1885047053187086, 0.9559568441791033, 0
-0.3155970563360104, 0.2305993568271504, 0, -1.1751789721164898, 0.8733072753105114, 0
-0.36835551136136074, 0.23585179716223353, 0, -1.2121587939676859, 0.7757739905246712, 0
-0.4999881975338981, 0.30355959239277425, 0, -1.1545585286251998, 0.6960122856690517, 0
-0.5370082330705442, 0.27147895411030754, 0, -1.1947660540992568, 0.6062678494800466, 0
-0.6937562595934006, 0.32290060741754373, 0, -1.1353968377537749, 0.5284669814751652, 0
-0.8089158156388194, 0.33822651611916693, 0, -1.0761699589458478, 0.4498620301503201, 0
-0.9004471937108445, 0.31780218743583616, 0, -1.0182142270707089, 0.3671809184897638, 0
-0.8621329379421826, 0.2649508982431917, 0, -0.956940335491454, 0.29028467804812486, 0
0.3295893907078288, 0.6169009185791712, 0, -0.9427934722314728, -1.763842529455995, 0
0.3617184283082511, 0.5999669647186137, 0, -1.0282054872199977, -1.715457220699685, 0
0.24713477407741066, 0.4481530435353251, 0, -1.0397435851722416, -1.641934549656702, 0
0.2651102895771166, 0.3203683126540637, 0, -1.0916756804703935, -1.5675157394068007, 0
0.17113229704201324, 0.22736990665733142, 0, -1.1006328517640798, -1.4710214538480948, 0
0.12389137298960207, 0.14311480110973113, 0, -1.1454264650301067, -1.3892959971613887, 0
0.03887364533811182, 0.04055034270749079, 0, -1.0857116179684005, -1.3187835766291567, 0
-0.06810976891217009, -0.06414344306691358, 0, -1.1062972955201231, -1.227290960930341, 0
-0.11284267946755114, -0.11284299888955827, 0, -1.131370849897643, -1.131370849897643, 0
-0.166315256169135, -0.1369650998445666, 0, -1.157296276790854, -1.034940695012628, 0
-0.225725525165404, -0.1953780158654961, 0, -1.188504705318709, -0.9559568441791029, 0
-0.31559716995859555, -0.23060043155229815, 0, -1.1751789721164903, -0.873307275310511, 0
-0.3683561396082011, -0.23585145731778934, 0, -1.2121587939676863, -0.7757739905246708, 0
-0.4999873249711186, -0.3035601222912007, 0, -1.1545585286252003, -0.6960122856690513, 0
-0.5370083036936611, -0.2714786744392907, 0, -1.1947660540992573, -0.6062678494800462, 0
-0.69375592101841, -0.3229007670382188, 0, -1.1353968377537753, -0.5284669814751648, 0
-0.808916192031986, -0.33822628529264065, 0, -1.0761699589458478, -0.44986203015031967, 0
-0.9004470972502022, -0.31780172062161977, 0, -1.0182142270707089, -0.36718091848976336, 0
-0.862132959352695, -0.2649508382703222, 0, -0.9569403354914542, -0.2902846780481244, 0
0.37905080869790736, -0.5888586457368892, 0, -1.1111404651190095, 1.6629392252199455, 0
0.39943569430848885, -0.5764130348720125, 0, -1.1913986083060506, 1.6064150634647343, 0
0.29574877153689305, -0.3809016081588798, 0, -1.1736147603009999, 1.5280031545253583, 0
0.26546124315189507, -0.31013839839682444, 0, -1.2262986261739228, 1.4562446205335682, 0
0.2060240961568874, -0.23001317685883801, 0, -1.245626604323843, 1.3641535198892132, 0
0.07338707280098435, -0.06408538194567764, 0, -1.1764439285566608, 1.2987395719867052, 0
0.03174738057368334, -0.03174785892289431, 0, -1.2020815280165076, 1.2020815280165085, 0
-0.06414523678581975, 0.06811112465213495, 0, -1.2272909609303406, 1.1062972955201233, 0
-0.09707551130251196, 0.07643812946192129, 0, -1.2660419946254446, 1.0085073629066506, 0
-0.199535809525342, 0.13055941558855544, 0, -1.2524318572787159, 0.9266897559055783, 0
-0.2027966618716832, 0.14788722517177735, 0, -1.2751376788565467, 0.8537296234578965, 0
-0.26744626940010496, 0.1416577402713577, 0, -1.3104884896423998, 0.7652989106939981, 0
-0.4037131361544688, 0.21817346438692753, 0, -1.2523702162695318, 0.6854788714952864, 0
-0.428989300063895, 0.19625817650606725, 0, -1.2925287026111738, 0.5953334383396666, 0
-0.5598550902755813, 0.23547713035542586, 0, -1.2345719082036277, 0.5154852189140628, 0
-0.712593163760549, 0.2618256693428913, 0, -1.1781484165048879, 0.43207198183853807, 0
-0.8285831603564267, 0.25778469173945634, 0, -1.1176433173266958, 0.3502012884175727, 0
-0.92119968163169, 0.2336022691667753, 0, -1.051303538048058, 0.26333782824146157, 0
-0.8850610844593276, 0.173265715876216, 0, -0.9807852803005145, 0.19509032253251607, 0
0.37904041057718657, 0.5888660323029619, 0, -1.1111404651190104, -1.662939225219945, 0
0.3994449525397222, 0.5764059160643816, 0, -1.1913986083060515, -1.6064150634647338, 0
0.2957475557277863, 0.3809013253251672, 0, -1.1736147603010008, -1.5280031545253578, 0
0.2654692041260771, 0.3101306024800691, 0, -1.2262986261739237, -1.4562446205335677, 0
0.20602214190929585, 0.23001427451072837, 0, -1.2456266043238435, -1.3641535198892127, 0
0.07338605925510534, 0.06408134849298441, 0, -1.1764439285566612, -1.2987395719867048, 0
0.031749403636702436, 0.031746774098854735, 0, -1.202081528016508, -1.202081528016508, 0
-0.06414816639314608, -0.06811100845634221, 0, -1.227290960930341, -1.106297295520123, 0
-0.09707490116753578, -0.07644008510339925, 0, -1.266041994625445, -1.00850736290665, 0
-0.19953382071215303, -0.13055787871546157, 0, -1.2524318572787163, -0.9266897559055777, 0
-0.20279524060728488, -0.1478877686861752, 0, -1.2751376788565472, -0.8537296234578958, 0
-0.26744594659844023, -0.141657593116889, 0, -1.3104884896424003, -0.7652989106939975, 0
-0.4037129298490178, -0.21817371896251567, 0, -1.2523702162695323, -0.6854788714952857, 0
-0.4289894563306182, -0.1962579973656107, 0, -1.2925287026111743, -0.5953334383396659, 0
-0.5598548990600746, -0.23547756930426134, 0, -1.2345719082036282, -0.5154852189140622, 0
-0.7125933199594778, -0.26182542681420606, 0, -1.1781484165048879, -0.4320719818385375, 0
-0.8285829575130618, -0.2577851448147269, 0, -1.1176433173266958, -0.35020128841757214, 0
-0.9211997083658661, -0.2336021718131206, 0, -1.051303538048058, -0.2633378282414611, 0
-0.8850610848711632, -0.1732657151993433, 0, -0.9807852803005145, -0.19509032253251557, 0
0.45864799223613334, -0.5298209408326306, 0, -1.2687865679453671, 1.5460209070389113, 0
0.4631877622100157, -0.5252350450631912, 0, -1.3431179095495989, 1.4819022508408293, 0
0.3098806167743663, -0.3378716059906649, 0, -1.310256438271357, 1.4126106239333853, 0
0.30060697950759696, -0.3006099098456013, 0, -1.3435028842542645, 1.3435028842542645, 0
0.12985013659857497, -0.12984929269223966, 0, -1.2727922061353776, 1.2727922061353785, 0
0.06408401656404464, -0.07338716575514172, 0, -1.2987395719867045, 1.1764439285566615, 0
0.040551286902625897, -0.03887496202130418, 0, -1.3187835766291565, 1.0857116179684005, 0
0.026718222235217717, -0.02158834681740745, 0, -1.3858660270864485, 1.0190324462632594, 0
-0.10037743461762609, 0.058251622858716066, 0, -1.3286121813370666, 0.9354426664762648, 0
-0.1343810564864094, 0.0830079640826273, 0, -1.3686663574506697, 0.8451191547724262, 0
-0.13840052068725975, 0.0717040802182139, 0, -1.4086995026925517, 0.754816611025207, 0
-0.26629032668944835, 0.14366649139327473, 0, -1.3504930845985077, 0.6750212816923148, 0
-0.28625053743966566, 0.11032287974136028, 0, -1.3904623684803679, 0.5849307182494414, 0
-0.43368299444811736, 0.16632991526429894, 0, -1.3324240778686298, 0.5053190063356237, 0
-0.5590459945588893, 0.18705380077003816, 0, -1.2743528062648937, 0.42587928320466656, 0
-0.7131694505544902, 0.19612623354488612, 0, -1.2289303340491198, 0.3375615420306766, 0
-0.8313776811445249, 0.1781679169122494, 0, -1.15281659098148, 0.2566608740185475, 0
-0.942966458846508, 0.13133916641232948, 0, -1.0720528450615, 0.15902401788845458, 0
-0.8968144188026147, 0.09531215604386462, 0, -0.9951847266481262, 0.0980171405739547, 0
0.45863637952227265, 0.5298304070366988, 0, -1.268786567945368, -1.5460209070389108, 0
0.4631874675504625, 0.5252354705143982, 0, -1.3431179095495998, -1.4819022508408288, 0
0.3098761976908842, 0.33787430233801313, 0, -1.310256438271358, -1.4126106239333849, 0
0.3006166238606297, 0.30059911386634636, 0, -1.343502884254265, -1.343502884254264, 0
0.1298483598232657, 0.12985340891857192, 0, -1.272792206135378, -1.272792206135378, 0
0.06408654741576959, 0.0733853506585406, 0, -1.298739571986705, -1.176443928556661, 0
0.0405532081140158, 0.038875759446714855, 0, -1.318783576629157, -1.0857116179684, 0
0.026719953005241485, 0.021588094004451202, 0, -1.385866027086449, -1.019032446263259, 0
-0.10037962158572279, -0.05825132876976922, 0, -1.328612181337067, -0.9354426664762642, 0
-0.13438102653832665, -0.08300894079882039, 0, -1.3686663574506701, -0.8451191547724255, 0
-0.13840004022205832, -0.0717028993537395, 0, -1.4086995026925522, -0.7548166110252064, 0
-0.2662901338324374, -0.14366706828840742, 0, -1.3504930845985081, -0.6750212816923141, 0
-0.28624993255299636, -0.11032249056428756, 0, -1.3904623684803683, -0.5849307182494408, 0
-0.43368319329443394, -0.16632968339156826, 0, -1.3324240778686303, -0.505319006335623, 0
-0.5590459248962439, -0.18705390159397078, 0, -1.2743528062648937, -0.425879283204666, 0
-0.7131697868005092, -0.19612603482562663, 0, -1.2289303340491198, -0.33756154203067607, 0
-0.8313777252478971, -0.17816750977083906, 0, -1.15281659098148, -0.2566608740185469, 0
-0.9429668685330658, -0.13133921645208355, 0, -1.0720528450615, -0.15902401788845402, 0
-0.8968144191507362, -0.09531215463309291, 0, -0.9951847266481262, -0.09801714057395423, 0
0.49540260650956197, -0.49540138186894284, 0, -1.4142135623730945, 1.4142135623730954, 0
0.33787340784810543, -0.3098791576095081, 0, -1.4126106239333847, 1.3102564382713575, 0
0.23001349355037828, -0.20602360124553518, 0, -1.3641535198892125, 1.2456266043238435, 0
0.14311186314535232, -0.12388805768063743, 0, -1.3892959971613885, 1.1454264650301065, 0
0.2273724056296862, -0.17113570982733406, 0, -1.4710214538480946, 1.1006328517640795, 0
0.1551071179058323, -0.09739661973300508, 0, -1.4871928238622045, 1.0052269820126833, 0
0.01849793753035432, -0.02644480902785883, 0, -1.4268392297136279, 0.9249360406674273, 0
-0.014311144064077885, 0.0031797500586122755, 0, -1.4668399414156208, 0.8346256566344642, 0
-0.015841443041194184, 0.011245247930770419, 0, -1.5067784291527069, 0.7443886984906206, 0
-0.1774817824857998, 0.07451394491291295, 0, -1.4485028179269057, 0.6646089995644745, 0
-0.15188122971929496, 0.07015505194171841, 0, -1.4884725486475807, 0.5744915403944625, 0
-0.2834798887398124, 0.10489744178548839, 0, -1.4303421271094368, 0.4948637957333443, 0
-0.43539491353991155, 0.13024339104998262, 0, -1.3716763988589658, 0.4203758574892209, 0
-0.5330165426569891, 0.14935560958892927, 0, -1.3185834968021817, 0.3602500520608827, 0
-0.5807179537751184, 0.11933483116721023, 0, -1.314957813393389, 0.28066417594832904, 0
-0.7185668652877105, 0.14693428994435387, 0, -1.241447666034747, 0.24042059464892895, 0
-0.836262227131041, 0.11799622746427423, 0, -1.192128597840858, 0.1629792319821843, 0
-0.8943992501079997, 0.05311178673210236, 0, -1.138169535355098, 0.07974471943189475, 0
-0.9386421651394534, 0.054432402165626656, 0, -1.061081421412945, 0.06735717557886096, 0
-0.9020421342473721, -4.7441431957148166e-08, 0, -1.0, 3.5876077807826975e-16, 0
-0.9386420814302187, -0.05443167102055172, 0, -1.061081421412945, -0.06735717557886046, 0
-0.8943997152416984, -0.05311125932124564, 0, -1.138169535355098, -0.07974471943189422, 0
-0.8362616974453383, -0.11799626618321471, 0, -1.192128597840858, -0.1629792319821837, 0
-0.7185669742307553, -0.14693426089496275, 0, -1.241447666034747, -0.24042059464892834, 0
-0.5807179616864754, -0.11933474622557683, 0, -1.314957813393389, -0.2806641759483285, 0
-0.533016129621522, -0.1493556777776768, 0, -1.3185834968021817, -0.3602500520608821, 0
-0.43539488821510425, -0.1302429192283431, 0, -1.3716763988589658, -0.42037585748922024, 0
-0.2834803490518372, -0.10489805795963296, 0, -1.4303421271094372, -0.49486379573334366, 0
-0.15188028304444473, -0.07015458740566621, 0, -1.4884725486475812, -0.5744915403944618, 0
-0.17748281754230263, -0.07451433952033626, 0, -1.4485028179269062, -0.6646089995644738, 0
-0.01583942038502312, -0.011245243800250465, 0, -1.5067784291527073, -0.74438869849062, 0
-0.014312124786433508, -0.003180696455580823, 0, -1.4668399414156212, -0.8346256566344635, 0
0.018500494026709023, 0.0264456282113542, 0, -1.4268392297136283, -0.9249360406674266, 0
0.15510499957025015, 0.09739272628159475, 0, -1.487192823862205, -1.0052269820126825, 0
0.22737301668906051, 0.1711376470778601, 0, -1.471021453848095, -1.1006328517640787, 0
0.143108266341548, 0.12388796320614225, 0, -1.389295997161389, -1.145426465030106, 0
0.23001113328335474, 0.20602607902879078, 0, -1.364153519889213, -1.245626604323843, 0
0.3378702915812982, 0.30988345529573297, 0, -1.412610623933385, -1.310256438271357, 0
0.49539124034939497, 0.49541315043359374, 0, -1.4142135623730954, -1.414213562373095, 0
0.52523672389941, -0.4631857007788616, 0, -1.4819022508408286, 1.3431179095495995, 0
0.31013493926493974, -0.26546462417465827, 0, -1.4562446205335675, 1.2262986261739235, 0
0.38090163153883205, -0.2957475630739323, 0, -1.5280031545253576, 1.1736147603010005, 0
0.32036874290019374, -0.26510917356646585, 0, -1.5675157394068004, 1.0916756804703938, 0
0.29157492520360084, -0.19661952129816995, 0, -1.5866896797298726, 0.987615492203881, 0
0.11923756635057318, -0.062296652885838535, 0, -1.5248664263720109, 0.9144828712749443, 0
0.11503307831568445, -0.07146824990443097, 0, -1.5620514473099498, 0.8230418156993926, 0
0.09121164553005691, -0.04520939127877327, 0, -1.6016018440850397, 0.732582345524441, 0
-0.00983131504455173, -0.0009059330752365006, 0, -1.5461109739897207, 0.6540051475348005, 0
-0.025691915207405894, 0.006980792818073965, 0, -1.5865568463720718, 0.5641479150865271, 0
-0.16005216534741815, 0.041919797951102934, 0, -1.5283632264543168, 0.48437290613055567, 0
-0.26541435292246196, 0.07128154517005533, 0, -1.4701597004163347, 0.40469645017063177, 0
-0.4168682721938264, 0.10217045871827708, 0, -1.4053922379401007, 0.3257237132288326, 0
-0.49189240323665145, 0.09178856544609555, 0, -1.378794151486905, 0.2384418076257086, 0
-0.6423238796045074, 0.08066378670408643, 0, -1.305111184364716, 0.18048836312119707, 0
-0.7466241704840285, 0.05386665395471563, 0, -1.24352230867251, 0.08289052327482144, 0
-0.8625613082577905, 3.603753283992567e-08, 0, -1.2, 4.3051293369392366e-16, 0
-0.9032819395860169, 8.060444915795765e-08, 0, -1.1, 3.9463685588609675e-16, 0
-0.7466241326957307, -0.05386648446680679, 0, -1.24352230867251, -0.08289052327482085, 0
-0.6423243368813515, -0.08066355788929071, 0, -1.305111184364716, -0.1804883631211964, 0
-0.49189176975603727, -0.09178825239751358, 0, -1.378794151486905, -0.23844180762570794, 0
-0.41686890701083057, -0.10217051841608092, 0, -1.4053922379401007, -0.3257237132288319, 0
-0.26541364190178424, -0.07128151715688764, 0, -1.4701597004163347, -0.4046964501706311, 0
-0.1600532126108847, -0.04191895940085066, 0, -1.5283632264543172, -0.484372906130555, 0
-0.02569117890602382, -0.006982213095639934, 0, -1.5865568463720723, -0.5641479150865264, 0
-0.00983246920852704, 0.0009066501979581354, 0, -1.5461109739897212, -0.6540051475347999, 0
0.09121223263464466, 0.04520819816928279, 0, -1.6016018440850401, -0.7325823455244403, 0
0.11503144706431932, 0.07146955456260867, 0, -1.5620514473099503, -0.8230418156993919, 0
0.11923938771755985, 0.06229816544962048, 0, -1.5248664263720113, -0.9144828712749437, 0
0.2915780220091259, 0.19662278690461402, 0, -1.586689679729873, -0.9876154922038803, 0
0.3203701594237237, 0.26510779859688755, 0, -1.567515739406801, -1.0916756804703929, 0
0.38090206751999806, 0.295750472595032, 0, -1.528003154525358, -1.1736147603009996, 0
0.31014404754451635, 0.265456990354617, 0, -1.456244620533568, -1.226298626173923, 0
0.525229064295843, 0.4631940769351676, 0, -1.481902250840829, -1.3431179095495986, 0
0.5298254683718701, -0.45864197219844666, 0, -1.5460209070389106, 1.2687865679453674, 0
0.5764098082209138, -0.39943997861541425, 0, -1.6064150634647336, 1.1913986083060517, 0
0.5888610855678874, -0.37904737043636233, 0, -1.6629392252199446, 1.1111404651190107, 0
0.44815563070500486, -0.24713610648019063, 0, -1.6419345496567015, 1.0397435851722416, 0
0.403095690284931, -0.2587182885418664, 0, -1.6738182259141836, 0.9609839431422552, 0
0.2631598603841549, -0.15654633478253263, 0, -1.6199950455602548, 0.8933457950678962, 0
0.25084190093536823, -0.11992878487887625, 0, -1.6592300048854358, 0.8032765238903875, 0
0.2642082528866603, -0.116997960285216, 0, -1.6959348850083948, 0.7136918965214651, 0
0.11098633150703269, -0.03170393091443971, 0, -1.6419626264830667, 0.642618102747807, 0
0.13208570503882403, -0.052862161779985734, 0, -1.6818615073767609, 0.5495238337509644, 0
0.020889083136959505, 0.005207470354685482, 0, -1.6260757318276557, 0.473287473739106, 0
-0.133250314177904, 0.05101108686755579, 0, -1.5683137716360587, 0.394164238181017, 0
-0.24759095228716008, 0.04996959478274099, 0, -1.5115854446590449, 0.31507177135246744, 0
-0.3621109278264938, 0.053890157118369315, 0, -1.460032945359217, 0.24168543505676374, 0
-0.45901125854531233, 0.06300819908944674, 0, -1.408476576377102, 0.1636473507734205, 0
-0.5983635402741633, 0.0374120501620454, 0, -1.350719424769666, 0.08433831125705404, 0
-0.6692667323189562, 7.027482648459286e-08, 0, -1.3, 4.663890115017507e-16, 0
-0.5983634688797587, -0.037411930292764024, 0, -1.350719424769666, -0.0843383112570534, 0
-0.4590114145197687, -0.06300830783012616, 0, -1.408476576377102, -0.16364735077341977, 0
-0.3621111098871516, -0.05389003374818665, 0, -1.460032945359217, -0.24168543505676301, 0
-0.24759086031074626, -0.049969113234684566, 0, -1.5115854446590449, -0.3150717713524668, 0
-0.13325020325466985, -0.0510117992221339, 0, -1.5683137716360587, -0.3941642381810163, 0
0.020889251380921167, -0.005206148716932632, 0, -1.6260757318276562, -0.47328747373910524, 0
0.13208484778922222, 0.052861252761628334, 0, -1.6818615073767613, -0.5495238337509637, 0
0.110986219224775, 0.03170614503489403, 0, -1.6419626264830671, -0.6426181027478063, 0
0.26420726745493567, 0.11699594908894342, 0, -1.6959348850083953, -0.7136918965214643, 0
0.25084253487479247, 0.11993177679100933, 0, -1.6592300048854363, -0.8032765238903868, 0
0.26316003668292226, 0.15654319423921328, 0, -1.6199950455602552, -0.8933457950678956, 0
0.40309165610854, 0.2587221105705618, 0, -1.673818225914184, -0.9609839431422545, 0
0.44815855864549414, 0.24713630501268255, 0, -1.641934549656702, -1.0397435851722407, 0
0.5888590461849272, 0.3790503367499592, 0, -1.662939225219945, -1.1111404651190098, 0
0.5764176386376708, 0.39942999172826305, 0, -1.606415063464734, -1.1913986083060508, 0
0.5298134252952507, 0.458658038299915, 0, -1.546020907038911, -1.2687865679453665, 0
0.599969277692945, -0.3617146166821751, 0, -1.7154572206996845, 1.0282054872199977, 0
0.6168977396447414, -0.3295951724387837, 0, -1.7638425294559945, 0.9427934722314728, 0
0.3947474459433164, -0.19452884809795515, 0, -1.7149903303825957, 0.8741998269580432, 0
0.4494704816802219, -0.17276587563923718, 0, -1.7608064769663838, 0.7827974635710873, 0
0.41087764230512613, -0.19466726081263708, 0, -1.7913391667651257, 0.6943628389164416, 0
0.26718762406153573, -0.08861710550528391, 0, -1.7364267022309388, 0.6214937427072474, 0
0.2960638101389872, -0.09654609828571256, 0, -1.7727358735236198, 0.5363398923996673, 0
0.13018837381618906, -0.01595590639002825, 0, -1.7247352524043817, 0.4632526832218066, 0
0.03422387946242518, -0.025464917327479047, 0, -1.6666237867223448, 0.3842632660637658, 0
-0.0949708971788741, 0.010861043499987849, 0, -1.608928642440309, 0.30774954142111727, 0
-0.18454784759433576, 0.05092033843745051, 0, -1.556675136222846, 0.23725829655479924, 0
-0.31096770416122377, 0.02397404271248874, 0, -1.504473060248056, 0.16165122581677452, 0
-0.40235394560839216, 0.020259815785593313, 0, -1.448894394361723, 0.08429536869947214, 0
-0.4812344148038802, 9.348051479428838e-08, 0, -1.4, 5.022650893095776e-16, 0
-0.4023538622862134, -0.02025951014897933, 0, -1.448894394361723, -0.08429536869947145, 0
-0.3109677875816098, -0.02397349340056211, 0, -1.504473060248056, -0.1616512258167738, 0
-0.18454767180682752, -0.05092110800419034, 0, -1.556675136222846, -0.23725829655479846, 0
-0.09497140856417484, -0.010859916235666029, 0, -1.608928642440309, -0.3077495414211165, 0
0.03422374757046021, 0.025463965552558362, 0, -1.6666237867223448, -0.38426326606376504, 0
0.1301887914594357, 0.015956575666498666, 0, -1.7247352524043822, -0.46325268322180585, 0
0.29606280253413275, 0.0965456909995894, 0, -1.7727358735236203, -0.5363398923996664, 0
0.2671888584408288, 0.08861788752600278, 0, -1.7364267022309392, -0.6214937427072466, 0
0.4108761629520856, 0.19466788868735077, 0, -1.7913391667651262, -0.6943628389164407, 0
0.44947081220764595, 0.17276747016429886, 0, -1.7608064769663843, -0.7827974635710864, 0
0.3947480816203156, 0.1945273070506016, 0, -1.7149903303825962, -0.8741998269580423, 0
0.6168967131215404, 0.3295971302130305, 0, -1.763842529455995, -0.9427934722314719, 0
0.599971535861574, 0.3617109348014029, 0, -1.715457220699685, -1.0282054872199968, 0
0.5969307276297062, -0.38765729371817226, 0, -1.8079785870981138, 0.8551101850607956, 0
0.6782352062019495, -0.199355368197455, 0, -1.8477590658702419, 0.7653668626837267, 0
0.6544267928507183, -0.24609819726123516, 0, -1.8830881310377148, 0.673779704907239, 0
0.43303047621956897, -0.10634284181651828, 0, -1.8265142308777598, 0.6034595543756622, 0
0.47577408772846497, -0.12531641952734668, 0, -1.8600495812180389, 0.5225440516929031, 0
0.3360919634232159, -0.0732122875376745, 0, -1.8068279670338427, 0.45776548864942035, 0
0.24793253041407642, -0.047034300625690806, 0, -1.7834850070238437, 0.37229833005508595, 0
0.07713630332686927, 0.025479198782691212, 0, -1.70661700735703, 0.2968206050300784, 0
-0.05476859740000446, -0.016188338720596017, 0, -1.654137279419231, 0.23248501866979668, 0
-0.1383577502936675, 0.02101957438589997, 0, -1.60124122516329, 0.1605173285081561, 0
-0.22383918213318768, 0.021340197278120043, 0, -1.551518084004158, 0.08250357530803584, 0
-0.35236539727003613, 9.984062110822823e-08, 0, -1.5, 5.381411671174046e-16, 0
-0.2238392346728723, -0.021340892123153873, 0, -1.551518084004158, -0.0825035753080351, 0
-0.13835778713338384, -0.021018617752196052, 0, -1.60124122516329, -0.1605173285081553, 0
-0.054768623381866964, 0.016187754244685524, 0, -1.654137279419231, -0.23248501866979585, 0
0.07713695378881141, -0.025478437919890264, 0, -1.70661700735703, -0.2968206050300776, 0
0.2479318350100174, 0.04703430048499193, 0, -1.7834850070238437, -0.37229833005508517, 0
0.33609270565443095, 0.07321265118045589, 0, -1.8068279670338427, -0.45776548864941957, 0
0.47577361882458763, 0.12531713803209993, 0, -1.8600495812180393, -0.5225440516929022, 0
0.43303112647955383, 0.10634262801023166, 0, -1.8265142308777602, -0.6034595543756613, 0
0.6544268272002648, 0.24609810627061815, 0, -1.8830881310377152, -0.6737797049072382, 0
0.6782354607355493, 0.19935481168344882, 0, -1.8477590658702423, -0.7653668626837258, 0
0.5969306001996655, 0.38765785106598016, 0, -1.8079785870981142, -0.8551101850607947, 0
0.6449526086498092, -0.30730089168339736, 0, -1.9138806719338788, 0.5805693529613207, 0
0.7112116041583895, -0.06765430841179708, 0, -1.9400625066914847, 0.4859603585992942, 0
0.43690167124041324, -0.11541766119462396, 0, -1.8781352021514068, 0.41514692886955246, 0
0.4143872623811193, -0.02278592325883103, 0, -1.8777224958518008, 0.31812439710975876, 0
0.19299868358306313, -0.06013577895223748, 0, -1.794565286886676, 0.28822343012574375, 0
0.13791598276939554, -0.0030063261141686183, 0, -1.749933675951113, 0.22922049720106974, 0
0.05551382444644079, 0.008173523793362973, 0, -1.702458372799583, 0.16182299992180182, 0
-0.09269008758612733, -0.005425886846510304, 0, -1.65252241537249, 0.08519729104383778, 0
-0.13436120043869978, 6.587797177974621e-07, 0, -1.6, 5.740172449252317e-16, 0
-0.09269001370012604, 0.005425271970823039, 0, -1.65252241537249, -0.085197291043837, 0
0.055513768520329305, -0.008172888427290597, 0, -1.702458372799583, -0.161822999921801, 0
0.13791528325296948, 0.0030060267701548737, 0, -1.749933675951113, -0.22922049720106885, 0
0.19299891679234862, 0.06013538407068609, 0, -1.794565286886676, -0.288223430125743, 0
0.4143872134496549, 0.022786441242045603, 0, -1.8777224958518008, -0.3181243971097579, 0
0.43690167568851, 0.1154173210942275, 0, -1.8781352021514068, -0.41514692886955157, 0
0.7112116265600081, 0.06765426776160066, 0, -1.9400625066914852, -0.4859603585992933, 0
0.6449526347491087, 0.3073007187994818, 0, -1.9138806719338792, -0.5805693529613198, 0
0.6866994240195039, -0.1299432399048709, 0, -1.9615705610265908, 0.3901806429255864, 0
0.6849032101134792, -0.17865251121877262, 0, -1.978353020053923, 0.29346094807234824, 0
0.479840735515518, -0.08662750764063919, 0, -1.918226487874774, 0.23859821036421888, 0
0.3586306373207312, -0.04508265511741488, 0, -1.840114950878146, 0.23302846599640267, 0
0.16127879130599143, -0.02415575631046085, 0, -1.798689198938693, 0.16730188206201285, 0
0.1267715721505573, 0.0029192311909086374, 0, -1.749755040065526, 0.08571313445161007, 0
0.02361547223785976, 6.478997013305265e-08, 0, -1.7, 6.098933227330585e-16, 0
0.1267713681253363, -0.0029192671627623953, 0, -1.749755040065526, -0.08571313445160923, 0
0.16127941537128557, 0.02415563986981279, 0, -1.798689198938693, -0.16730188206201196, 0
0.3586305403798924, 0.045083002979660385, 0, -1.840114950878146, -0.23302846599640178, 0
0.47984076591916447, 0.08662739415849612, 0, -1.918226487874774, -0.23859821036421794, 0
0.68490321697667, 0.17865233666732494, 0, -1.978353020053923, -0.29346094807234735, 0
0.6866994434155581, 0.12994315811662469, 0, -1.9615705610265908, -0.3901806429255855, 0
0.7058889889797461, 0.00043603416336631854, 0, -1.990369453396863, 0.1960342801263907, 0
0.4120809018267406, -0.023699147881605747, 0, -1.90155255976582, 0.1567023791156122, 0
0.320810417124359, -0.004778264500155632, 0, -1.845393339872274, 0.08381034566569985, 0
0.1632623650931307, 3.299386018563904e-07, 0, -1.8, 6.457694005408856e-16, 0
0.32081036765531906, 0.004778583179229987, 0, -1.845393339872274, -0.08381034566569896, 0
0.41208065180429254, 0.023699409622930965, 0, -1.90155255976582, -0.15670237911561125, 0
0.7058890068939003, -0.00043609492115804545, 0, -1.990369453396863, -0.1960342801263897, 0
0.6979840847995077, -0.053114298474132064, 0, -1.997590912420535, 0.09813534844740751, 0
0.4553194679668642, -0.025549174574229748, 0, -1.925357763896807, 0.07237533873083313, 0
0.43362882535709607, -9.028855884149292e-07, 0, -1.9, 6.816454783487124e-16, 0
0.4553184014406258, 0.025549036495736234, 0, -1.925357763896807, -0.07237533873083221, 0
0.6979840916500285, 0.05311400977906907, 0, -1.997590912420535, -0.09813534844740657, 0
0.7010252558072736, 2.1246924020570095e-06, 0, -2.0, 7.175215561565395e-16, 0
