$MeshFormat
4.1 0 8
$EndMeshFormat
$PhysicalNames
6
1 2 "i"
1 3 "o"
1 4 "t"
1 5 "b"
1 6 "c"
2 1 "Volume"
$EndPhysicalNames
$Entities
5 5 1 0
5 0.5 0 0 0 
6 -20 -20 0 0 
7 40 -20 0 0 
8 -20 20 0 0 
9 40 20 0 0 
5 -0.5000000999999999 -0.5000000999999999 -1e-07 0.5000000999999999 0.5000000999999999 1e-07 1 6 2 5 -5 
6 -20.0000001 -20.0000001 -1e-07 40.0000001 -19.9999999 1e-07 1 5 2 6 -7 
7 -20.0000001 -20.0000001 -1e-07 -19.9999999 20.0000001 1e-07 1 2 2 8 -6 
8 39.9999999 -20.0000001 -1e-07 40.0000001 20.0000001 1e-07 1 3 2 7 -9 
9 -20.0000001 19.9999999 -1e-07 40.0000001 20.0000001 1e-07 1 4 2 9 -8 
1 -20.0000001 -20.0000001 -1e-07 40.0000001 20.0000001 1e-07 1 1 5 6 8 9 7 -5 
$EndEntities
$Nodes
11 3586 1 3586
0 5 0 1
1
0.5 0 0
0 6 0 1
2
-20 -20 0
0 7 0 1
3
40 -20 0
0 8 0 1
4
-20 20 0
0 9 0 1
5
40 20 0
1 5 0 56
6
7
8
9
10
11
12
13
14
15
16
17
18
19
20
21
22
23
24
25
26
27
28
29
30
31
32
33
34
35
36
37
38
39
40
41
42
43
44
45
46
47
48
49
50
51
52
53
54
55
56
57
58
59
60
61
0.4969653386589747 0.05500411049703971 0
0.4878981913137178 0.109340545603188 0
0.4729086208503173 0.1623497346023419 0
0.4521785803487887 0.213388217748202 0
0.4259597044191634 0.2618364569939392 0
0.3945702546981966 0.3071063563448342 0
0.3583912565842253 0.348648400546998 0
0.3178618741049836 0.3859583254581608 0
0.273474079061213 0.4185832391312646 0
0.2257666791554441 0.4461271193091973 0
0.1753187775963765 0.4682556205985277 0
0.1227427435703989 0.4847001329696654 0
0.06867677890920325 0.4952610423187517 0
0.01377717118408014 0.4998101535124757 0
-0.04128967273616713 0.4982922465033349 0
-0.09585531596187018 0.4907257466262088 0
-0.1492574055008484 0.4772025009397534 0
-0.2008477123264859 0.4578866633275282 0
-0.2500000000000012 0.4330127018922186 0
-0.2961176263324913 0.4028825528304881 0
-0.3386407858128716 0.3678619553365648 0
-0.3770533048884494 0.3283760120238658 0
-0.4108889076126235 0.2849040287551317 0
-0.4397368756032455 0.2379736965185349 0
-0.4632470336074017 0.1881546859739157 0
-0.4811340001546259 0.1360517324226652 0
-0.4931806517013615 0.0822972951403646 0
-0.4992407582166583 0.02754388017793035 0
-0.499240758216658 -0.02754388017793532 0
-0.4931806517013608 -0.08229729514036953 0
-0.4811340001546244 -0.1360517324226702 0
-0.4632470336073997 -0.1881546859739206 0
-0.4397368756032432 -0.2379736965185393 0
-0.4108889076126211 -0.2849040287551353 0
-0.3770533048884464 -0.3283760120238692 0
-0.3386407858128683 -0.3678619553365679 0
-0.2961176263324873 -0.402882552830491 0
-0.2499999999999975 -0.4330127018922207 0
-0.2008477123264825 -0.4578866633275297 0
-0.1492574055008445 -0.4772025009397546 0
-0.0958553159618668 -0.4907257466262094 0
-0.04128967273616416 -0.4982922465033351 0
0.01377717118408302 -0.4998101535124757 0
0.06867677890920609 -0.4952610423187513 0
0.1227427435704015 -0.4847001329696647 0
0.1753187775963787 -0.4682556205985268 0
0.2257666791554457 -0.4461271193091965 0
0.2734740790612148 -0.4185832391312634 0
0.3178618741049849 -0.3859583254581597 0
0.3583912565842262 -0.3486484005469972 0
0.3945702546981975 -0.307106356344833 0
0.4259597044191639 -0.2618364569939383 0
0.4521785803487889 -0.2133882177482016 0
0.4729086208503174 -0.1623497346023415 0
0.4878981913137179 -0.1093405456031876 0
0.4969653386589748 -0.05500411049703934 0
1 6 0 17
62
63
64
65
66
67
68
69
70
71
72
73
74
75
76
77
78
-16.66666666666667 -20 0
-13.33333333333334 -20 0
-10.00000000000001 -20 0
-6.66666666666668 -20 0
-3.333333333333343 -20 0
-3.552713678800501e-15 -20 0
3.333333333333336 -20 0
6.666666666666671 -20 0
10.00000000000001 -20 0
13.33333333333335 -20 0
16.66666666666669 -20 0
20.00000000000002 -20 0
23.33333333333336 -20 0
26.6666666666667 -20 0
30.00000000000004 -20 0
33.33333333333338 -20 0
36.66666666666671 -20 0
1 7 0 11
79
80
81
82
83
84
85
86
87
88
89
-20 16.66666666666667 0
-20 13.33333333333334 0
-20 10.00000000000002 0
-20 6.666666666666698 0
-20 3.333333333333375 0
-20 5.329070518200751e-14 0
-20 -3.333333333333268 0
-20 -6.66666666666659 0
-20 -9.999999999999932 0
-20 -13.33333333333329 0
-20 -16.66666666666664 0
1 8 0 27
90
91
92
93
94
95
96
97
98
99
100
101
102
103
104
105
106
107
108
109
110
111
112
113
114
115
116
40 -16.49983010681483 0
40 -13.14824162243073 0
40 -10.65704205563027 0
40 -8.887084691004269 0
40 -7.629367674042564 0
40 -6.720326194915534 0
40 -5.880285420551093 0
40 -5.040244646186652 0
40 -4.200203871822213 0
40 -3.360163097457772 0
40 -2.520122323093332 0
40 -1.680081548728896 0
40 -0.8400407743644571 0
40 -1.77635683940025e-14 0
40 0.8400407743644216 0
40 1.680081548728865 0
40 2.5201223230933 0
40 3.360163097457743 0
40 4.200203871822183 0
40 5.040244646186622 0
40 5.880285420551061 0
40 6.720326194915501 0
40 7.629367674042541 0
40 8.887084691004166 0
40 10.65704205563025 0
40 13.14824162243077 0
40 16.49983010681486 0
1 9 0 17
117
118
119
120
121
122
123
124
125
126
127
128
129
130
131
132
133
36.66666666666667 20 0
33.33333333333334 20 0
30.00000000000001 20 0
26.66666666666668 20 0
23.33333333333334 20 0
20 20 0
16.66666666666666 20 0
13.33333333333333 20 0
9.999999999999993 20 0
6.66666666666665 20 0
3.333333333333314 20 0
-2.131628207280301e-14 20 0
-3.333333333333364 20 0
-6.6666666666667 20 0
-10.00000000000004 20 0
-13.33333333333338 20 0
-16.66666666666671 20 0
2 1 0 3453
134
135
136
137
138
139
140
141
142
143
144
145
146
147
148
149
150
151
152
153
154
155
156
157
158
159
160
161
162
163
164
165
166
167
168
169
170
171
172
173
174
175
176
177
178
179
180
181
182
183
184
185
186
187
188
189
190
191
192
193
194
195
196
197
198
199
200
201
202
203
204
205
206
207
208
209
210
211
212
213
214
215
216
217
218
219
220
221
222
223
224
225
226
227
228
229
230
231
232
233
234
235
236
237
238
239
240
241
242
243
244
245
246
247
248
249
250
251
252
253
254
255
256
257
258
259
260
261
262
263
264
265
266
267
268
269
270
271
272
273
274
275
276
277
278
279
280
281
282
283
284
285
286
287
288
289
290
291
292
293
294
295
296
297
298
299
300
301
302
303
304
305
306
307
308
309
310
311
312
313
314
315
316
317
318
319
320
321
322
323
324
325
326
327
328
329
330
331
332
333
334
335
336
337
338
339
340
341
342
343
344
345
346
347
348
349
350
351
352
353
354
355
356
357
358
359
360
361
362
363
364
365
366
367
368
369
370
371
372
373
374
375
376
377
378
379
380
381
382
383
384
385
386
387
388
389
390
391
392
393
394
395
396
397
398
399
400
401
402
403
404
405
406
407
408
409
410
411
412
413
414
415
416
417
418
419
420
421
422
423
424
425
426
427
428
429
430
431
432
433
434
435
436
437
438
439
440
441
442
443
444
445
446
447
448
449
450
451
452
453
454
455
456
457
458
459
460
461
462
463
464
465
466
467
468
469
470
471
472
473
474
475
476
477
478
479
480
481
482
483
484
485
486
487
488
489
490
491
492
493
494
495
496
497
498
499
500
501
502
503
504
505
506
507
508
509
510
511
512
513
514
515
516
517
518
519
520
521
522
523
524
525
526
527
528
529
530
531
532
533
534
535
536
537
538
539
540
541
542
543
544
545
546
547
548
549
550
551
552
553
554
555
556
557
558
559
560
561
562
563
564
565
566
567
568
569
570
571
572
573
574
575
576
577
578
579
580
581
582
583
584
585
586
587
588
589
590
591
592
593
594
595
596
597
598
599
600
601
602
603
604
605
606
607
608
609
610
611
612
613
614
615
616
617
618
619
620
621
622
623
624
625
626
627
628
629
630
631
632
633
634
635
636
637
638
639
640
641
642
643
644
645
646
647
648
649
650
651
652
653
654
655
656
657
658
659
660
661
662
663
664
665
666
667
668
669
670
671
672
673
674
675
676
677
678
679
680
681
682
683
684
685
686
687
688
689
690
691
692
693
694
695
696
697
698
699
700
701
702
703
704
705
706
707
708
709
710
711
712
713
714
715
716
717
718
719
720
721
722
723
724
725
726
727
728
729
730
731
732
733
734
735
736
737
738
739
740
741
742
743
744
745
746
747
748
749
750
751
752
753
754
755
756
757
758
759
760
761
762
763
764
765
766
767
768
769
770
771
772
773
774
775
776
777
778
779
780
781
782
783
784
785
786
787
788
789
790
791
792
793
794
795
796
797
798
799
800
801
802
803
804
805
806
807
808
809
810
811
812
813
814
815
816
817
818
819
820
821
822
823
824
825
826
827
828
829
830
831
832
833
834
835
836
837
838
839
840
841
842
843
844
845
846
847
848
849
850
851
852
853
854
855
856
857
858
859
860
861
862
863
864
865
866
867
868
869
870
871
872
873
874
875
876
877
878
879
880
881
882
883
884
885
886
887
888
889
890
891
892
893
894
895
896
897
898
899
900
901
902
903
904
905
906
907
908
909
910
911
912
913
914
915
916
917
918
919
920
921
922
923
924
925
926
927
928
929
930
931
932
933
934
935
936
937
938
939
940
941
942
943
944
945
946
947
948
949
950
951
952
953
954
955
956
957
958
959
960
961
962
963
964
965
966
967
968
969
970
971
972
973
974
975
976
977
978
979
980
981
982
983
984
985
986
987
988
989
990
991
992
993
994
995
996
997
998
999
1000
1001
1002
1003
1004
1005
1006
1007
1008
1009
1010
1011
1012
1013
1014
1015
1016
1017
1018
1019
1020
1021
1022
1023
1024
1025
1026
1027
1028
1029
1030
1031
1032
1033
1034
1035
1036
1037
1038
1039
1040
1041
1042
1043
1044
1045
1046
1047
1048
1049
1050
1051
1052
1053
1054
1055
1056
1057
1058
1059
1060
1061
1062
1063
1064
1065
1066
1067
1068
1069
1070
1071
1072
1073
1074
1075
1076
1077
1078
1079
1080
1081
1082
1083
1084
1085
1086
1087
1088
1089
1090
1091
1092
1093
1094
1095
1096
1097
1098
1099
1100
1101
1102
1103
1104
1105
1106
1107
1108
1109
1110
1111
1112
1113
1114
1115
1116
1117
1118
1119
1120
1121
1122
1123
1124
1125
1126
1127
1128
1129
1130
1131
1132
1133
1134
1135
1136
1137
1138
1139
1140
1141
1142
1143
1144
1145
1146
1147
1148
1149
1150
1151
1152
1153
1154
1155
1156
1157
1158
1159
1160
1161
1162
1163
1164
1165
1166
1167
1168
1169
1170
1171
1172
1173
1174
1175
1176
1177
1178
1179
1180
1181
1182
1183
1184
1185
1186
1187
1188
1189
1190
1191
1192
1193
1194
1195
1196
1197
1198
1199
1200
1201
1202
1203
1204
1205
1206
1207
1208
1209
1210
1211
1212
1213
1214
1215
1216
1217
1218
1219
1220
1221
1222
1223
1224
1225
1226
1227
1228
1229
1230
1231
1232
1233
1234
1235
1236
1237
1238
1239
1240
1241
1242
1243
1244
1245
1246
1247
1248
1249
1250
1251
1252
1253
1254
1255
1256
1257
1258
1259
1260
1261
1262
1263
1264
1265
1266
1267
1268
1269
1270
1271
1272
1273
1274
1275
1276
1277
1278
1279
1280
1281
1282
1283
1284
1285
1286
1287
1288
1289
1290
1291
1292
1293
1294
1295
1296
1297
1298
1299
1300
1301
1302
1303
1304
1305
1306
1307
1308
1309
1310
1311
1312
1313
1314
1315
1316
1317
1318
1319
1320
1321
1322
1323
1324
1325
1326
1327
1328
1329
1330
1331
1332
1333
1334
1335
1336
1337
1338
1339
1340
1341
1342
1343
1344
1345
1346
1347
1348
1349
1350
1351
1352
1353
1354
1355
1356
1357
1358
1359
1360
1361
1362
1363
1364
1365
1366
1367
1368
1369
1370
1371
1372
1373
1374
1375
1376
1377
1378
1379
1380
1381
1382
1383
1384
1385
1386
1387
1388
1389
1390
1391
1392
1393
1394
1395
1396
1397
1398
1399
1400
1401
1402
1403
1404
1405
1406
1407
1408
1409
1410
1411
1412
1413
1414
1415
1416
1417
1418
1419
1420
1421
1422
1423
1424
1425
1426
1427
1428
1429
1430
1431
1432
1433
1434
1435
1436
1437
1438
1439
1440
1441
1442
1443
1444
1445
1446
1447
1448
1449
1450
1451
1452
1453
1454
1455
1456
1457
1458
1459
1460
1461
1462
1463
1464
1465
1466
1467
1468
1469
1470
1471
1472
1473
1474
1475
1476
1477
1478
1479
1480
1481
1482
1483
1484
1485
1486
1487
1488
1489
1490
1491
1492
1493
1494
1495
1496
1497
1498
1499
1500
1501
1502
1503
1504
1505
1506
1507
1508
1509
1510
1511
1512
1513
1514
1515
1516
1517
1518
1519
1520
1521
1522
1523
1524
1525
1526
1527
1528
1529
1530
1531
1532
1533
1534
1535
1536
1537
1538
1539
1540
1541
1542
1543
1544
1545
1546
1547
1548
1549
1550
1551
1552
1553
1554
1555
1556
1557
1558
1559
1560
1561
1562
1563
1564
1565
1566
1567
1568
1569
1570
1571
1572
1573
1574
1575
1576
1577
1578
1579
1580
1581
1582
1583
1584
1585
1586
1587
1588
1589
1590
1591
1592
1593
1594
1595
1596
1597
1598
1599
1600
1601
1602
1603
1604
1605
1606
1607
1608
1609
1610
1611
1612
1613
1614
1615
1616
1617
1618
1619
1620
1621
1622
1623
1624
1625
1626
1627
1628
1629
1630
1631
1632
1633
1634
1635
1636
1637
1638
1639
1640
1641
1642
1643
1644
1645
1646
1647
1648
1649
1650
1651
1652
1653
1654
1655
1656
1657
1658
1659
1660
1661
1662
1663
1664
1665
1666
1667
1668
1669
1670
1671
1672
1673
1674
1675
1676
1677
1678
1679
1680
1681
1682
1683
1684
1685
1686
1687
1688
1689
1690
1691
1692
1693
1694
1695
1696
1697
1698
1699
1700
1701
1702
1703
1704
1705
1706
1707
1708
1709
1710
1711
1712
1713
1714
1715
1716
1717
1718
1719
1720
1721
1722
1723
1724
1725
1726
1727
1728
1729
1730
1731
1732
1733
1734
1735
1736
1737
1738
1739
1740
1741
1742
1743
1744
1745
1746
1747
1748
1749
1750
1751
1752
1753
1754
1755
1756
1757
1758
1759
1760
1761
1762
1763
1764
1765
1766
1767
1768
1769
1770
1771
1772
1773
1774
1775
1776
1777
1778
1779
1780
1781
1782
1783
1784
1785
1786
1787
1788
1789
1790
1791
1792
1793
1794
1795
1796
1797
1798
1799
1800
1801
1802
1803
1804
1805
1806
1807
1808
1809
1810
1811
1812
1813
1814
1815
1816
1817
1818
1819
1820
1821
1822
1823
1824
1825
1826
1827
1828
1829
1830
1831
1832
1833
1834
1835
1836
1837
1838
1839
1840
1841
1842
1843
1844
1845
1846
1847
1848
1849
1850
1851
1852
1853
1854
1855
1856
1857
1858
1859
1860
1861
1862
1863
1864
1865
1866
1867
1868
1869
1870
1871
1872
1873
1874
1875
1876
1877
1878
1879
1880
1881
1882
1883
1884
1885
1886
1887
1888
1889
1890
1891
1892
1893
1894
1895
1896
1897
1898
1899
1900
1901
1902
1903
1904
1905
1906
1907
1908
1909
1910
1911
1912
1913
1914
1915
1916
1917
1918
1919
1920
1921
1922
1923
1924
1925
1926
1927
1928
1929
1930
1931
1932
1933
1934
1935
1936
1937
1938
1939
1940
1941
1942
1943
1944
1945
1946
1947
1948
1949
1950
1951
1952
1953
1954
1955
1956
1957
1958
1959
1960
1961
1962
1963
1964
1965
1966
1967
1968
1969
1970
1971
1972
1973
1974
1975
1976
1977
1978
1979
1980
1981
1982
1983
1984
1985
1986
1987
1988
1989
1990
1991
1992
1993
1994
1995
1996
1997
1998
1999
2000
2001
2002
2003
2004
2005
2006
2007
2008
2009
2010
2011
2012
2013
2014
2015
2016
2017
2018
2019
2020
2021
2022
2023
2024
2025
2026
2027
2028
2029
2030
2031
2032
2033
2034
2035
2036
2037
2038
2039
2040
2041
2042
2043
2044
2045
2046
2047
2048
2049
2050
2051
2052
2053
2054
2055
2056
2057
2058
2059
2060
2061
2062
2063
2064
2065
2066
2067
2068
2069
2070
2071
2072
2073
2074
2075
2076
2077
2078
2079
2080
2081
2082
2083
2084
2085
2086
2087
2088
2089
2090
2091
2092
2093
2094
2095
2096
2097
2098
2099
2100
2101
2102
2103
2104
2105
2106
2107
2108
2109
2110
2111
2112
2113
2114
2115
2116
2117
2118
2119
2120
2121
2122
2123
2124
2125
2126
2127
2128
2129
2130
2131
2132
2133
2134
2135
2136
2137
2138
2139
2140
2141
2142
2143
2144
2145
2146
2147
2148
2149
2150
2151
2152
2153
2154
2155
2156
2157
2158
2159
2160
2161
2162
2163
2164
2165
2166
2167
2168
2169
2170
2171
2172
2173
2174
2175
2176
2177
2178
2179
2180
2181
2182
2183
2184
2185
2186
2187
2188
2189
2190
2191
2192
2193
2194
2195
2196
2197
2198
2199
2200
2201
2202
2203
2204
2205
2206
2207
2208
2209
2210
2211
2212
2213
2214
2215
2216
2217
2218
2219
2220
2221
2222
2223
2224
2225
2226
2227
2228
2229
2230
2231
2232
2233
2234
2235
2236
2237
2238
2239
2240
2241
2242
2243
2244
2245
2246
2247
2248
2249
2250
2251
2252
2253
2254
2255
2256
2257
2258
2259
2260
2261
2262
2263
2264
2265
2266
2267
2268
2269
2270
2271
2272
2273
2274
2275
2276
2277
2278
2279
2280
2281
2282
2283
2284
2285
2286
2287
2288
2289
2290
2291
2292
2293
2294
2295
2296
2297
2298
2299
2300
2301
2302
2303
2304
2305
2306
2307
2308
2309
2310
2311
2312
2313
2314
2315
2316
2317
2318
2319
2320
2321
2322
2323
2324
2325
2326
2327
2328
2329
2330
2331
2332
2333
2334
2335
2336
2337
2338
2339
2340
2341
2342
2343
2344
2345
2346
2347
2348
2349
2350
2351
2352
2353
2354
2355
2356
2357
2358
2359
2360
2361
2362
2363
2364
2365
2366
2367
2368
2369
2370
2371
2372
2373
2374
2375
2376
2377
2378
2379
2380
2381
2382
2383
2384
2385
2386
2387
2388
2389
2390
2391
2392
2393
2394
2395
2396
2397
2398
2399
2400
2401
2402
2403
2404
2405
2406
2407
2408
2409
2410
2411
2412
2413
2414
2415
2416
2417
2418
2419
2420
2421
2422
2423
2424
2425
2426
2427
2428
2429
2430
2431
2432
2433
2434
2435
2436
2437
2438
2439
2440
2441
2442
2443
2444
2445
2446
2447
2448
2449
2450
2451
2452
2453
2454
2455
2456
2457
2458
2459
2460
2461
2462
2463
2464
2465
2466
2467
2468
2469
2470
2471
2472
2473
2474
2475
2476
2477
2478
2479
2480
2481
2482
2483
2484
2485
2486
2487
2488
2489
2490
2491
2492
2493
2494
2495
2496
2497
2498
2499
2500
2501
2502
2503
2504
2505
2506
2507
2508
2509
2510
2511
2512
2513
2514
2515
2516
2517
2518
2519
2520
2521
2522
2523
2524
2525
2526
2527
2528
2529
2530
2531
2532
2533
2534
2535
2536
2537
2538
2539
2540
2541
2542
2543
2544
2545
2546
2547
2548
2549
2550
2551
2552
2553
2554
2555
2556
2557
2558
2559
2560
2561
2562
2563
2564
2565
2566
2567
2568
2569
2570
2571
2572
2573
2574
2575
2576
2577
2578
2579
2580
2581
2582
2583
2584
2585
2586
2587
2588
2589
2590
2591
2592
2593
2594
2595
2596
2597
2598
2599
2600
2601
2602
2603
2604
2605
2606
2607
2608
2609
2610
2611
2612
2613
2614
2615
2616
2617
2618
2619
2620
2621
2622
2623
2624
2625
2626
2627
2628
2629
2630
2631
2632
2633
2634
2635
2636
2637
2638
2639
2640
2641
2642
2643
2644
2645
2646
2647
2648
2649
2650
2651
2652
2653
2654
2655
2656
2657
2658
2659
2660
2661
2662
2663
2664
2665
2666
2667
2668
2669
2670
2671
2672
2673
2674
2675
2676
2677
2678
2679
2680
2681
2682
2683
2684
2685
2686
2687
2688
2689
2690
2691
2692
2693
2694
2695
2696
2697
2698
2699
2700
2701
2702
2703
2704
2705
2706
2707
2708
2709
2710
2711
2712
2713
2714
2715
2716
2717
2718
2719
2720
2721
2722
2723
2724
2725
2726
2727
2728
2729
2730
2731
2732
2733
2734
2735
2736
2737
2738
2739
2740
2741
2742
2743
2744
2745
2746
2747
2748
2749
2750
2751
2752
2753
2754
2755
2756
2757
2758
2759
2760
2761
2762
2763
2764
2765
2766
2767
2768
2769
2770
2771
2772
2773
2774
2775
2776
2777
2778
2779
2780
2781
2782
2783
2784
2785
2786
2787
2788
2789
2790
2791
2792
2793
2794
2795
2796
2797
2798
2799
2800
2801
2802
2803
2804
2805
2806
2807
2808
2809
2810
2811
2812
2813
2814
2815
2816
2817
2818
2819
2820
2821
2822
2823
2824
2825
2826
2827
2828
2829
2830
2831
2832
2833
2834
2835
2836
2837
2838
2839
2840
2841
2842
2843
2844
2845
2846
2847
2848
2849
2850
2851
2852
2853
2854
2855
2856
2857
2858
2859
2860
2861
2862
2863
2864
2865
2866
2867
2868
2869
2870
2871
2872
2873
2874
2875
2876
2877
2878
2879
2880
2881
2882
2883
2884
2885
2886
2887
2888
2889
2890
2891
2892
2893
2894
2895
2896
2897
2898
2899
2900
2901
2902
2903
2904
2905
2906
2907
2908
2909
2910
2911
2912
2913
2914
2915
2916
2917
2918
2919
2920
2921
2922
2923
2924
2925
2926
2927
2928
2929
2930
2931
2932
2933
2934
2935
2936
2937
2938
2939
2940
2941
2942
2943
2944
2945
2946
2947
2948
2949
2950
2951
2952
2953
2954
2955
2956
2957
2958
2959
2960
2961
2962
2963
2964
2965
2966
2967
2968
2969
2970
2971
2972
2973
2974
2975
2976
2977
2978
2979
2980
2981
2982
2983
2984
2985
2986
2987
2988
2989
2990
2991
2992
2993
2994
2995
2996
2997
2998
2999
3000
3001
3002
3003
3004
3005
3006
3007
3008
3009
3010
3011
3012
3013
3014
3015
3016
3017
3018
3019
3020
3021
3022
3023
3024
3025
3026
3027
3028
3029
3030
3031
3032
3033
3034
3035
3036
3037
3038
3039
3040
3041
3042
3043
3044
3045
3046
3047
3048
3049
3050
3051
3052
3053
3054
3055
3056
3057
3058
3059
3060
3061
3062
3063
3064
3065
3066
3067
3068
3069
3070
3071
3072
3073
3074
3075
3076
3077
3078
3079
3080
3081
3082
3083
3084
3085
3086
3087
3088
3089
3090
3091
3092
3093
3094
3095
3096
3097
3098
3099
3100
3101
3102
3103
3104
3105
3106
3107
3108
3109
3110
3111
3112
3113
3114
3115
3116
3117
3118
3119
3120
3121
3122
3123
3124
3125
3126
3127
3128
3129
3130
3131
3132
3133
3134
3135
3136
3137
3138
3139
3140
3141
3142
3143
3144
3145
3146
3147
3148
3149
3150
3151
3152
3153
3154
3155
3156
3157
3158
3159
3160
3161
3162
3163
3164
3165
3166
3167
3168
3169
3170
3171
3172
3173
3174
3175
3176
3177
3178
3179
3180
3181
3182
3183
3184
3185
3186
3187
3188
3189
3190
3191
3192
3193
3194
3195
3196
3197
3198
3199
3200
3201
3202
3203
3204
3205
3206
3207
3208
3209
3210
3211
3212
3213
3214
3215
3216
3217
3218
3219
3220
3221
3222
3223
3224
3225
3226
3227
3228
3229
3230
3231
3232
3233
3234
3235
3236
3237
3238
3239
3240
3241
3242
3243
3244
3245
3246
3247
3248
3249
3250
3251
3252
3253
3254
3255
3256
3257
3258
3259
3260
3261
3262
3263
3264
3265
3266
3267
3268
3269
3270
3271
3272
3273
3274
3275
3276
3277
3278
3279
3280
3281
3282
3283
3284
3285
3286
3287
3288
3289
3290
3291
3292
3293
3294
3295
3296
3297
3298
3299
3300
3301
3302
3303
3304
3305
3306
3307
3308
3309
3310
3311
3312
3313
3314
3315
3316
3317
3318
3319
3320
3321
3322
3323
3324
3325
3326
3327
3328
3329
3330
3331
3332
3333
3334
3335
3336
3337
3338
3339
3340
3341
3342
3343
3344
3345
3346
3347
3348
3349
3350
3351
3352
3353
3354
3355
3356
3357
3358
3359
3360
3361
3362
3363
3364
3365
3366
3367
3368
3369
3370
3371
3372
3373
3374
3375
3376
3377
3378
3379
3380
3381
3382
3383
3384
3385
3386
3387
3388
3389
3390
3391
3392
3393
3394
3395
3396
3397
3398
3399
3400
3401
3402
3403
3404
3405
3406
3407
3408
3409
3410
3411
3412
3413
3414
3415
3416
3417
3418
3419
3420
3421
3422
3423
3424
3425
3426
3427
3428
3429
3430
3431
3432
3433
3434
3435
3436
3437
3438
3439
3440
3441
3442
3443
3444
3445
3446
3447
3448
3449
3450
3451
3452
3453
3454
3455
3456
3457
3458
3459
3460
3461
3462
3463
3464
3465
3466
3467
3468
3469
3470
3471
3472
3473
3474
3475
3476
3477
3478
3479
3480
3481
3482
3483
3484
3485
3486
3487
3488
3489
3490
3491
3492
3493
3494
3495
3496
3497
3498
3499
3500
3501
3502
3503
3504
3505
3506
3507
3508
3509
3510
3511
3512
3513
3514
3515
3516
3517
3518
3519
3520
3521
3522
3523
3524
3525
3526
3527
3528
3529
3530
3531
3532
3533
3534
3535
3536
3537
3538
3539
3540
3541
3542
3543
3544
3545
3546
3547
3548
3549
3550
3551
3552
3553
3554
3555
3556
3557
3558
3559
3560
3561
3562
3563
3564
3565
3566
3567
3568
3569
3570
3571
3572
3573
3574
3575
3576
3577
3578
3579
3580
3581
3582
3583
3584
3585
3586
39.3264744430944 0.4644504214114851 0
39.30480984338796 4.745496193885483 0
39.28488145738484 -3.785934836918558 0
39.24262516758392 -7.174846934479049 0
38.99238832681152 8.305129435009427 0
18.33333333333335 -17.11324865405187 0
18.51255755303855 17.08655947044654 0
-16.80055370554747 7.980515714290588 0
-16.94709266374092 -8.676330694261662 0
8.442307998816258 -17.44500347665845 0
8.353596652486246 17.1501462327948 0
-5.441968420613941 -17.01807427836527 0
-4.698773989783112 16.68768625087015 0
28.32899135623701 -17.26507748176766 0
28.47800002376804 17.03243965312124 0
38.09693783409073 11.91539158323547 0
38.66064043397881 -9.676676129216931 0
39.30050758610258 -2.150644416602801 0
39.27250334918565 2.100101935911082 0
39.14821320051678 6.255620272568536 0
39.32364755992289 -5.46025689810345 0
1.80144641978444 17.46967185830371 0
1.666666666666666 -17.11324865405187 0
-16.6598416059114 -1.500358993781338 0
-11.40987669925312 -16.91734186072008 0
-11.80311045266409 17.1599341183414 0
37.81043096979684 -14.82300483462655 0
35.1305750021064 16.78136289938593 0
-17.21210539134282 15.02204880662596 0
-16.89649598597451 -14.77275523196377 0
38.956796185718 -8.242871554789737 0
37.83181903644261 -8.549043423475144 0
36.88230849451524 -10.07457520141368 0
35.75497957367857 -9.058712875272454 0
36.42212807970775 -7.29999987319635 0
35.01704084703454 -10.11628782666639 0
33.80001443986586 -9.318161652972663 0
33.21290757648769 -10.84730260701046 0
31.60459645965694 -9.783125884364768 0
32.2684657499442 -7.805299086937689 0
30.7557124265409 -11.4875753962408 0
29.32424518833417 -10.14968694749396 0
32.63461292986642 -13.81363185806385 0
28.172129339339 -12.081335883439 0
26.28457799613583 -10.67179761440561 0
27.90892139584088 -8.291592597064803 0
25.59459975774924 -12.51242551279181 0
24.00879368358935 -11.27178776265303 0
23.40756184728501 -14.08159089122964 0
21.41349511958504 -10.98237077313864 0
21.99220180906833 -8.827520465507371 0
19.77288593058363 -9.691800642964353 0
20.4175419215914 -7.65892401717228 0
18.55156883283797 -11.3737255645343 0
17.33616701856953 -9.873088109502994 0
16.1710646355507 -11.13745409782479 0
14.82003715447618 -9.994637480469068 0
15.96976463260999 -7.921860359193063 0
13.88058906397282 -11.69500539895894 0
12.33827871689351 -10.24426067582204 0
24.04803969924547 -8.260215438600943 0
11.13272346038512 -11.85406629092192 0
9.732444846967077 -10.42537760164555 0
10.92660545277202 -8.043450276701535 0
13.43675810437582 -7.916464597939536 0
8.468864086612051 -11.97128262336211 0
7.044636720349756 -10.46993906809132 0
5.783493942091327 -12.17528543703802 0
3.873242633842933 -10.32351912612415 0
5.515300228281823 -8.220597365660346 0
8.226993821028628 -8.16639811024605 0
34.59008415577184 -7.515844942307798 0
30.27925284289137 -7.990395522067601 0
12.72444626454136 -14.67357637415491 0
3.037037438642436 -12.65486006338088 0
1.599935879607541 -10.29100555273949 0
0.467615825405586 -12.66569562814688 0
-0.7372759702922949 -10.24152707922981 0
0.4744675987771139 -8.73538284753357 0
-1.812737531871541 -8.89860217147231 0
-0.8636228317808996 -7.254090241365288 0
-2.868341808937632 -10.17674494002655 0
-3.764561167350926 -8.859088832362627 0
-4.839688878133408 -9.929537370437718 0
-5.883875296415365 -8.511749408897789 0
-4.640916294469561 -7.249995137595507 0
-6.773078500388976 -9.9671277260405 0
-7.611118199679865 -8.091865439028448 0
-9.012794615220244 -10.1735641990524 0
-9.696131068483105 -7.990629909622751 0
-8.36168331295854 -6.583612515648118 0
-10.33020324706903 -5.845220847768021 0
-9.045716298008102 -4.060721991682222 0
-7.070785163377749 -4.784270027154555 0
-7.702342659540069 -3.121141409217176 0
-6.148107377704434 -3.419889283072832 0
-9.169766337469394 -2.371149475696589 0
-8.093606558368261 -1.172939080191523 0
-9.457494598065903 -0.4577402574738609 0
-8.115372737895029 0.8581220289548477 0
-6.39956639805191 -0.0008927626398633316 0
-7.145463071582462 1.616684577523998 0
-5.766614878743358 1.111709981424549 0
-8.137046227053883 2.287513465497658 0
-7.089111104248087 3.102446505081392 0
-7.872247874760191 3.714602451857243 0
-7.17672095942314 4.623096443972983 0
-5.801006831462965 3.9890223152589 0
-8.179540931789912 5.160606391213256 0
-7.147326818315619 6.403348072330896 0
-8.201823131858077 6.837615755772326 0
-6.978834489686982 7.822033123338795 0
-5.870132640283853 7.066253464484758 0
-9.73969228060577 3.634235311684919 0
-8.533930959087883 8.652795311432289 0
-6.910630890996341 9.815828849568749 0
-10.12597867180855 6.50326205561746 0
-8.790376610507042 10.68828259515802 0
-12.4505199250933 4.381853713127247 0
-11.58320822067147 -9.627869726212143 0
-7.901863440709455 -12.38450237102839 0
-11.3883191593545 -1.833940038198336 0
-10.87615733275286 9.378374081006987 0
-5.893784687312944 5.365744173570153 0
-6.363043594721741 -1.472192667955843 0
-6.567050206406932 -6.345286699581603 0
-6.727659809931335 12.00883412701403 0
-4.812614639836108 10.5466264002703 0
-4.153425336457563 -12.25084603581021 0
-11.80487991307384 0.3137012834394162 0
-2.822187693221267 -7.066140622468212 0
2.870739146231768 -8.624176241127495 0
18.49852152249403 -7.749925552942821 0
-11.09455746756774 11.99339575307235 0
-5.774631071731193 2.33675686140365 0
-4.479220261891101 13.32824127492363 0
-2.509581811786711 11.28789484721992 0
-2.195709694170805 9.066140944267362 0
-0.530945562113768 10.25700223563429 0
-0.4633157770363923 8.118382631990315 0
0.07311252567910742 12.42394403740569 0
1.89327481365294 10.28581673388579 0
2.604090166512378 13.15797945997579 0
4.489014889580501 10.91148969329268 0
3.751247887499415 8.946083585472222 0
5.94979184330519 9.805786147523619 0
5.392886202707811 7.794796151157536 0
6.918045521912714 11.41897660567536 0
8.345962371183081 10.08625639197725 0
9.398839094357387 11.79380323745414 0
10.89066159748476 10.40983329200649 0
9.88084021854392 8.081846261875427 0
12.00678302521951 12.32156119887483 0
13.685312272634 10.50409418073573 0
12.33402993300866 8.263990132016577 0
14.77864829053251 12.88861791371429 0
17.19454888649522 11.0292186401912 0
15.50019708722609 8.210146331860352 0
1.475792213436083 8.374188334680499 0
-4.613812329043277 8.506911805357836 0
-3.277889648154417 7.344329287730957 0
7.390166884450903 8.027215596854509 0
12.78254194859846 15.79637818482104 0
-10.8729789333899 -12.94212966384128 0
-14.2094606744298 -11.50905327990685 0
-8.3780580576415 -15.29329312517313 0
38.61407836959192 9.796932043900075 0
37.64639796740753 8.378266107719025 0
37.98032416380332 7.10947691759627 0
36.59683581728871 7.561569135594289 0
36.17405379027353 9.016394749106981 0
35.39310996762266 7.794136545539506 0
35.75726079190343 6.74545646701899 0
34.85239852612832 6.863872999354626 0
35.27361244084528 6.048098171941973 0
34.28391605312355 7.7552836276071 0
33.88799676158924 6.723532438114916 0
33.27716908888556 7.611325962425086 0
32.82400922449471 6.746078381197742 0
32.29006094493418 7.530794593530685 0
31.9017229197364 6.690911470395575 0
32.43564278366705 5.942210421213268 0
31.55271161552466 5.882012097042683 0
32.08047376355069 5.175116934717996 0
31.20934309456033 5.110011471820528 0
31.7011397370928 4.429672570406272 0
30.85660130867046 4.349687555240283 0
31.34992520176502 3.667813495540117 0
30.51306943810693 3.583091741789352 0
31.00496815823104 2.902133022200774 0
30.16909087070745 2.816793427521808 0
30.6609587494622 2.13584990350808 0
29.82527772095847 2.050384795085131 0
29.3334173949699 2.731323762184668 0
28.98963031493277 1.964898119393699 0
28.4977718825983 2.645835914193495 0
31.03700320490304 6.575604895916925 0
28.15399024355418 1.87940670815614 0
27.6597719697414 2.583414343984431 0
27.31795841240714 1.797759264402498 0
26.82367462728064 2.502407703043533 0
26.48217816501014 1.713655111675464 0
25.9471042933172 2.38495057471842 0
25.75401392058225 1.548814091952941 0
26.33463583871504 3.155789249339916 0
25.09150883215071 2.297987242666874 0
24.92622762863635 1.620352038439845 0
30.3171348527618 1.369447851733471 0
27.81014406132981 1.113617668717539 0
31.15277280992729 1.454940615794644 0
30.80898530055899 0.6885151714687924 0
31.64462214330552 0.7740086502049082 0
31.30084051339096 0.007579420228518818 0
32.13647815030026 0.09307238710353612 0
32.4802582828705 0.8595025813325101 0
32.97211565311117 0.1785654402832866 0
32.62833554289568 -0.5878647683263063 0
33.31589594354919 0.9449955328248822 0
33.46397354310051 -0.5023720354900996 0
33.12019333928752 -1.268802183819118 0
33.95583140099929 -1.183309490595805 0
33.612051197632 -1.9497396392119 0
32.77641311772072 -2.035232320713988 0
34.44768927546333 -1.864246956370247 0
34.79146948151721 -1.097816809484436 0
33.26827098915152 -2.71616978453488 0
32.43263290838804 -2.801662465488116 0
30.46520219572319 -0.07791310820889524 0
32.57173798070376 4.485897357851664 0
35.28332735547572 -1.778754274933271 0
35.62710756189309 -1.012324128281563 0
32.70904178748968 8.593264757212841 0
32.92449078185788 -3.482599930622215 0
32.08885270123912 -3.568092611668667 0
34.93954714899092 -2.545184421541565 0
35.77518522931867 -2.459691740307704 0
35.43140502284872 -3.226121886925552 0
26.15678515477267 0.9293583890443868 0
31.59699482731688 -2.887155146243186 0
31.25321462067517 -3.653585292750405 0
30.76135674675685 -2.972647827327442 0
30.41757654024818 -3.739077973920382 0
29.92571866630484 -3.058140508481273 0
29.58193845981264 -3.824570655084778 0
29.09008058586941 -3.143633189645775 0
28.74630037938152 -3.910063336252104 0
28.25444250543747 -3.22912587081254 0
27.91066229895016 -3.995556017419221 0
27.41880442500609 -3.314618551979643 0
27.07502421851887 -4.081048698586409 0
26.5831663445748 -3.400111233146806 0
26.23938613808759 -4.166541379753539 0
25.74752826414353 -3.485603914313987 0
25.40359811965005 -4.250568509647357 0
24.90292093281197 -3.59382927623827 0
24.56644017440102 -4.339605712395164 0
24.09514261448259 -3.71789857124794 0
24.42731513499788 -2.881725263194307 0
23.73534201485673 -4.433584134072895 0
23.23782204085561 -3.748300392312381 0
28.03559446920471 3.361315515493152 0
27.76258463149392 -2.548188405379228 0
26.09850615222834 -2.789526653494215 0
22.89684683904067 -4.511309295308045 0
22.39231106906855 -3.849385997835977 0
22.69751836112747 -3.023405508243722 0
21.96968947836579 -3.349940254512356 0
36.0486261891903 5.876469049544674 0
35.54585096139571 5.235642004183103 0
30.25043531231927 5.109527374208357 0
22.0441220059156 -4.597663881791764 0
36.37074238635917 5.086108860741568 0
35.83577821921659 4.443462426636319 0
36.66284516420541 4.295779406061222 0
36.12249421402521 3.653544375104037 0
35.29637495733085 3.800808687464441 0
35.58604426958763 3.0128468902584 0
31.57684453914709 8.528597012424569 0
36.40919074781617 2.863816123195924 0
35.90110422739228 2.110254442103934 0
36.25806404327555 -3.147115001553951 0
35.92176638678058 -3.908140318323621 0
30.90943441418868 -4.42001543935767 0
25.89189319035776 -4.930625864319161 0
32.58071057512599 -4.249030077071391 0
32.12853710602569 9.955453878502173 0
30.13170774765871 9.419939153123078 0
36.6940607162496 2.073575237354112 0
34.75919862290142 3.158575585370181 0
28.40252017289426 -4.676493482858837 0
36.68411793936861 -2.305842094907497 0
35.08737539801467 -3.992732194517973 0
35.13524968793737 -0.3313866628345478 0
35.96394070385234 -0.2427778943289761 0
29.43386079237131 -2.377203043045412 0
32.82403808360203 1.625932989257216 0
36.70764060889395 -3.814878921482588 0
35.57919170223429 -4.673699686788469 0
34.74382116448785 -4.758999115294904 0
22.5502101586524 -5.276018298877016 0
24.22310113718861 -5.102601372797576 0
21.71741552944406 -5.360434932196184 0
21.22555765550001 -4.679497466756637 0
37.23554142525735 2.715832442386505 0
34.69149744912677 5.396307431475906 0
20.8817774490128 -5.445927613363367 0
20.37962339413833 -4.760496512418779 0
20.04442333842647 -5.530671355279711 0
19.55227945945656 -4.84960906663169 0
19.881811976788 -4.081484320790958 0
19.06472974085304 -4.170174839618269 0
19.40620382718064 -3.40311521704473 0
18.73883907413007 -3.564551292484783 0
18.88480736121108 -2.774218696588083 0
18.25017698805909 -4.124179845964935 0
17.6299145530265 -3.630883818008643 0
17.39527077904247 -4.313569283571689 0
16.9410661371407 -3.672014470463868 0
17.33094025189769 -2.887783677608606 0
16.56065140638022 -4.384413106791333 0
16.14352003959163 -3.823387314477131 0
15.73014211552072 -4.462772228200326 0
15.27416756556459 -3.786430837614569 0
15.63206014555314 -2.983728315920946 0
14.88834894497639 -4.510984747513922 0
14.38457208420126 -3.84211936815216 0
14.0459340467943 -4.565749570344473 0
13.58388917957617 -3.93570245580445 0
13.92540158795353 -3.004602689929706 0
13.2881045614229 -3.329574822532448 0
13.50401258286734 -2.721179264004771 0
12.87753542877407 -3.798503396492862 0
12.53772924100123 -3.214406011082771 0
12.1554523947756 -3.764047836992802 0
11.82218956028872 -3.265376495187626 0
12.18999196093602 -2.714514631483746 0
11.45903008790543 -3.747942497816042 0
11.13162571632123 -3.234618302563251 0
10.77934785128343 -3.67211230556109 0
10.45319366420843 -3.258582376088097 0
10.7883747435975 -2.716148741363624 0
10.1076844662919 -3.652187541137785 0
9.783355688903489 -3.202990672632725 0
9.443177966043091 -3.629702002866062 0
9.120859713264872 -3.193259123721708 0
9.439083135117301 -2.694555591422058 0
8.785333278343199 -3.616494019722933 0
8.464395620705712 -3.22749057518318 0
8.131791423334082 -3.657593159896731 0
7.812903534974151 -3.226657846724387 0
8.144025812079999 -2.706241425620197 0
7.483290740975137 -3.656364851967318 0
7.166362383970721 -3.092129632752112 0
6.839839258986903 -3.586262142045078 0
6.522441365962838 -3.189765088941839 0
6.84789273420105 -2.705007043847557 0
6.198641557020675 -3.586048481991114 0
5.878845909111573 -3.209257913448769 0
5.559210934848474 -3.63293133762401 0
5.228466988930235 -3.226609181998183 0
5.537329074370597 -2.664399260271611 0
4.922710303541606 -3.627534912598064 0
4.609216246034726 -3.212241312497262 0
4.294247699564809 -3.593271246599947 0
3.970609076302638 -3.205690038892564 0
4.285543063523167 -2.641879631556984 0
3.655571258340077 -3.577687000110718 0
3.340577223239434 -3.069801558964398 0
3.023222666612801 -3.554350136190884 0
2.70874610767482 -3.176796157427662 0
3.025818702835441 -2.703135506519068 0
2.392524546887524 -3.564555774310146 0
2.074635866628665 -3.196232667434285 0
1.762034147776093 -3.564610554137027 0
1.45008307597822 -3.191402178783073 0
1.7841354802399 -2.672647527248205 0
1.100097933167769 -3.577288722935237 0
0.8284955281567878 -3.190727529942744 0
0.5299650249517676 -3.451140345415382 0
0.2400653208576529 -3.070964240393732 0
0.5407263911500735 -2.703484202070538 0
-0.01715341863488895 -3.518957328316429 0
-0.3380477548950722 -3.165330306255986 0
-0.6610252495286542 -3.549427204777748 0
-0.9318578822861951 -3.159728931815806 0
-0.5612786102083831 -2.678065007149754 0
-1.205076673553478 -3.438712777706096 0
-1.510056442437959 -3.132627678467752 0
-1.806025658885126 -3.52825640441404 0
-2.109291128609742 -3.153817081928315 0
-1.822207879149948 -2.669257645818778 0
-2.407116230497778 -3.513892400721571 0
-2.724489069290593 -3.086766349654793 0
1.395955418337147 -4.251479088119874 0
-3.014083258062865 -3.562622230242719 0
-3.285283686438749 -3.017601279115326 0
-3.080444694332309 -2.520752334564119 0
12.45673193099612 -4.54954457219325 0
-3.554102780873903 -2.548016204983659 0
-3.163724933535789 -2.081105310844648 0
3.973505273358206 -4.210286508174693 0
7.150717587286436 -4.379124057039331 0
9.728295235725943 -4.404579656204074 0
-0.3162359278699434 -4.244858570309559 0
-2.042808197060761 -4.24844937551214 0
-3.730952820250792 -3.624057472505916 0
-2.750929439280416 -2.115070858278894 0
-2.943480527739043 -1.653241226154641 0
-2.567438422452538 -1.767512691295114 0
-3.402037239547642 -1.554309877529078 0
-3.234067665097193 -1.078781181479856 0
-3.746006462499077 -1.015022065230643 0
-3.201291912060878 -0.5986109657002554 0
-2.760559857575389 -0.6781636721042075 0
-3.004368154439144 -0.2092215401951989 0
-2.539903419976472 -0.3090179719108908 0
-3.389132132560652 -0.0450375348511972 0
-3.143247375064888 0.3279503522590352 0
-3.569691862537352 0.488935980621954 0
-3.189817318375001 0.90599836146517 0
-2.659162715545335 0.6888763041407217 0
-3.760475284009136 1.080493476786319 0
-3.428812844649091 1.553242584098812 0
17.03561646395757 -5.073868075870718 0
14.516984949856 -5.256032148870486 0
-4.098864730218864 0.05008544037936727 0
20.245018901586 -3.335734787089959 0
11.08664521329482 -4.480343815674597 0
-3.993381128032304 1.777632910124252 0
-3.42238402520579 2.266838158144137 0
-2.720427949794413 2.01404335499676 0
-2.868981589156011 2.581756386274947 0
31.10513695325671 -2.206217680724924 0
37.20456944507201 4.937823078200007 0
19.20988161059427 -5.616642525412709 0
8.486038635128844 -4.374865204645896 0
5.871178199816645 -4.363582653030378 0
-4.19331893378456 -1.537848943669882 0
-4.174764463272179 2.571841548170982 0
2.703723703620453 -4.319276577695555 0
2.363506305954324 -2.680368807123023 0
35.23565007823063 -5.439957499399925 0
36.07128333196168 -5.354468304676985 0
34.40005176154664 -5.52542145823458 0
3.658365195113894 -2.703325782534682 0
37.52097325013084 1.925817053735102 0
4.927839560406982 -2.703825056632353 0
31.09656601966577 11.74352137781032 0
28.80204545794337 11.50735946290583 0
28.21454896613342 9.391310229232582 0
26.64565375092733 10.76746653186868 0
25.73265463265389 9.045774480154474 0
24.41318675800464 10.29482267029886 0
23.56407282825693 8.899410478017835 0
24.7241349762273 7.314253328912265 0
22.27762588893813 10.1090591594935 0
21.659702135722 8.697430590430244 0
22.46845789831628 12.42214026189214 0
6.205219376095442 -2.704539993817441 0
-1.210727378105481 -2.700162939278911 0
22.20879949485095 -6.041551738943731 0
7.493936172762391 -2.705567615219004 0
8.798980567327417 -2.707052794308914 0
36.99717975276219 1.277250869167803 0
35.47787205032537 0.435562831670358 0
13.68671604477451 -5.322180945484295 0
33.65967609640241 1.711425713973644 0
33.16781821351972 2.392363185170372 0
10.12415053421631 -2.682514962439802 0
1.117478840161706 -2.696548853649916 0
-0.04570510511636527 -2.702860806476729 0
22.84441192716206 7.251072516685639 0
36.41218560879882 -0.9162728631869996 0
23.04435859052603 -5.95608894799456 0
37.49142101968097 4.147838984496874 0
-2.482032788787659 -2.724592970198032 0
11.45954462769961 -2.692351994426311 0
34.54314356771275 3.886162712447743 0
14.15304034121159 -6.013193512858566 0
13.3155363043626 -6.07528280804285 0
14.98971753528718 -5.950640249207165 0
-3.343450109771975 -4.285031081289505 0
-4.128671704638691 -4.352682567176659 0
-3.673710499277124 -5.054866636834284 0
-4.504301204745193 -5.104027292012934 0
27.1204878938723 7.565939650009994 0
-2.630331852901765 -1.160273854240065 0
-2.696424846826984 1.438583667462235 0
37.80938882830652 1.134761296063151 0
37.2547552468948 0.473373169830214 0
14.62456704678971 -6.707125050815694 0
22.70096014369373 -6.722374625214281 0
23.53231035528446 -6.627242879498636 0
-4.590365931249886 -3.667380788481494 0
20.47001583569496 9.286776276751025 0
19.87875840303053 8.345940425298814 0
21.01528319392813 7.022844996953904 0
19.77930671731817 -2.733571143848298 0
-2.66892556104302 0.157973712038483 0
29.81811855318094 8.116650443244449 0
-4.043591391281101 -5.794085050751484 0
-3.202155801775209 -5.761575534077898 0
-4.86065016630862 -5.826806363525284 0
33.90820051489377 -4.844479205739605 0
33.56442321354612 -5.61090725389262 0
33.7601288622101 -3.397107249404123 0
34.64319883996373 0.3496373605964013 0
34.98959409281167 1.090207105824284 0
30.95705958661669 -0.7588502624522067 0
30.12142133448786 -0.8443428330424431 0
29.62956348356393 -0.1634053824888754 0
29.28578312492479 -0.9298354310603203 0
28.79392527696917 -0.2488979883019775 0
28.45014504882263 -1.015328116015952 0
27.95828717522942 -0.3343906606016703 0
27.61450696555632 -1.100820796354363 0
27.12264909926542 -0.4198833456877091 0
26.77886888539842 -1.186313478049601 0
26.28712896984306 -0.5065289180311776 0
26.00062552989684 -1.21852870084813 0
25.5019655035974 -0.6106637091401849 0
25.11322950827866 -1.353227248266761 0
24.73821988216849 -0.7805335700224991 0
29.1377054875864 0.517532147948504 0
32.33218013860161 2.30687038518768 0
32.67594277169004 3.07325344923423 0
33.51357305692443 11.62542346992467 0
21.86549319690089 -6.807802544242446 0
38.04365445859332 2.585337076672534 0
-5.3400186401488 -5.154595147673209 0
19.7008217740803 -6.286458542302196 0
18.86519255610958 -6.369973002536167 0
18.37450517386743 -5.700132228522699 0
18.02959956003915 -6.454802150538285 0
25.30329529285892 0.8564987765041481 0
35.72470314860453 -6.093121464898055 0
36.55987376177407 -6.002999867073979 0
36.90641499321819 -5.26354707948492 0
37.39818846396645 -5.94357978758698 0
37.73584554505202 -5.208062257151708 0
37.99490703099121 4.776269209761169 0
37.76598968117563 5.556725808553049 0
38.30099133931596 3.971054804457367 0
16.52916233318235 -2.872884590901112 0
25.44488064267835 -2.949599214435768 0
25.45920646298206 -1.748205451893621 0
24.92969032104294 -1.987540028256332 0
38.0540443763427 0.3290228204874683 0
37.57513904929525 -0.2921126713331557 0
38.37741944174698 -0.4441823768445838 0
37.86588470312503 -1.076386069097534 0
33.45282398867598 3.15670982721024 0
-4.653528701409666 1.351594548294949 0
23.52995506226361 -2.971823233766197 0
38.17720374990505 -5.90324714926138 0
37.86992174846498 -6.66752349044034 0
-3.541040582040097 3.02085337137542 0
-2.967252187633921 3.338491005898772 0
-2.548821855831765 2.999078737656515 0
-3.50050910806095 3.765200349070277 0
-2.70588637856684 3.920225584723079 0
-3.348038907812382 4.540638211462155 0
-2.536488678234722 4.745328413169642 0
-1.932269408723807 4.160867072737648 0
-1.725643548036006 4.951875378402213 0
-1.146780453272841 4.343027841285255 0
-0.9142416949603245 5.145218828467996 0
-0.3437573046031162 4.532265151484509 0
-0.6504124714603758 3.837805664729936 0
0.2192211247812228 3.93082469261452 0
-0.06197625255011374 3.075383440864229 0
0.6754486059967881 3.347183175240785 0
0.4938696908145648 2.76977613508426 0
0.9630402634153139 4.080904946214738 0
1.450966354129351 3.480908596053523 0
1.774992067073926 4.2268077410184 0
2.263839538264934 3.58970996773493 0
1.886169470241693 2.843976893798223 0
2.578652982389396 4.298198327139302 0
3.074077576409372 3.691942169355056 0
1.279205059080772 4.894257619643238 0
3.420315801616747 4.437643770312834 0
3.89870519447681 3.785420843896583 0
3.549728465014563 3.001360622996965 0
-0.7341792453420659 3.026046625993224 0
4.239821902814845 4.449415123371161 0
4.729644755012465 3.860986405745443 0
5.156386126825015 4.554866216454831 0
5.552869837803144 3.82068892893002 0
5.22906184212238 3.100156981781839 0
5.941456300923408 3.371476968438056 0
5.714494555026222 2.692641778740839 0
6.29086555977942 3.771090033334532 0
6.659757344553878 3.234994746995158 0
7.029641150562115 3.755851435533073 0
7.375149525915836 3.303232672873205 0
6.952182725010827 2.736628276398082 0
7.725250426701272 3.725839354191984 0
8.059004461405241 3.277025508967219 0
8.413784790719284 3.690586708359792 0
8.751685271551967 3.260645574150367 0
8.395129982911801 2.713946921061888 0
9.104271710042896 3.692422504108584 0
9.442141345197459 3.272547177840631 0
9.790965898510922 3.687377239480321 0
10.12403064725445 3.279639669872457 0
9.798737834628659 2.658318509104125 0
10.47319913873239 3.681066841907301 0
10.8101162353604 3.246809792413962 0
11.15281187547824 3.670602531475046 0
11.48779183985914 3.245279212376015 0
11.15204021669209 2.694889131493763 0
11.82897608354508 3.664294980947699 0
12.16315607857633 3.238231818960435 0
12.50251044095545 3.658985883751258 0
12.8203135151574 3.271241255549309 0
12.53336646321402 2.634667412834344 0
13.17185709968485 3.658236807581559 0
13.50879380343601 3.211165086380205 0
13.84371792013046 3.647167011163807 0
14.17629381835094 3.237867757961825 0
13.83987628650434 2.709581529021083 0
14.51193110130209 3.648652611683814 0
14.84779917254556 3.254904213489194 0
15.17940156648502 3.649629391409999 0
15.51089832317455 3.243298269563596 0
15.1517327027256 2.688397967655104 0
15.83364383057217 3.641425923887871 0
16.17423037252525 3.227117029110225 0
16.46601181321032 3.655999795419808 0
16.8325375797348 3.234824070807743 0
16.50801267806547 2.708887683258852 0
17.13612204842464 3.682724465526019 0
17.48351875666133 3.266713497242549 0
17.81880274308579 3.646663058589391 0
18.16900484182673 3.129627373057545 0
17.83663355825564 2.708686928989352 0
18.49176093407448 3.599771704986393 0
18.83023643271885 3.22631241109989 0
19.16630777765913 3.630687369694983 0
19.49472826111536 3.196058430542811 0
19.18398757593307 2.705963424847569 0
19.82677735570582 3.697845040573659 0
20.15710102807176 3.127667657481036 0
20.48861637987431 3.697261239333876 0
20.80620869236699 3.266603608459878 0
20.48783538210127 2.708446631657254 0
21.14856108494132 3.696673812511312 0
21.48060315258957 3.244563518973978 0
21.81173285778665 3.693154385048876 0
22.12741339391336 3.26704373532764 0
21.82927058901862 2.649777489949466 0
22.47130085434629 3.690126953051033 0
17.46813417663036 4.304240795681018 0
22.81798649207157 3.265747145426189 0
23.13651205536472 3.689307232468503 0
14.16245308205118 4.358338639370763 0
19.49626049266403 4.429486187375603 0
11.50002102219922 4.466867728930856 0
8.739672091921239 4.379176324813857 0
3.913383286269287 5.089915432576211 0
6.604858557008008 4.527295184123577 0
22.16812591849988 4.361989822695927 0
23.46561407670124 3.246377886025601 0
23.13447824176675 2.708327689825476 0
23.84881911020819 3.654646907883972 0
10.15152140627909 4.453303667531947 0
12.88750885226614 4.408171675560602 0
-1.493285283555402 5.756276912569911 0
15.51501765167527 4.439092070962483 0
20.85287573086141 4.498228327416288 0
23.51931973159479 4.42965251036526 0
24.30210597546483 4.36778449409835 0
23.94436261239005 5.120242882515798 0
24.77366437428939 5.05390370347296 0
-0.6746570927485003 5.950359401896351 0
-3.134847759677777 5.348220470819653 0
-3.946767371640668 5.132590601480096 0
24.23712815840446 3.236142143621841 0
23.78669504903678 2.680600563288271 0
22.47078448012293 2.712008850738747 0
21.14026121133148 2.714272447731217 0
19.82559109254559 2.708491888342257 0
18.50005912076593 2.708610190807859 0
17.19419764217003 2.640058610208483 0
15.84229919981784 2.666616056531467 0
14.53957097071295 2.712296236544939 0
13.16152872298383 2.726282952135587 0
11.81927171215165 2.677793482078743 0
10.43828697500761 2.701452251178506 0
9.092588838749244 2.705712201472692 0
7.68811526257376 2.700168429937488 0
25.17783463960608 4.25112853229979 0
25.62027094929343 5.016824971133782 0
25.24927135199318 5.748529202371324 0
26.08889353617278 5.680646066559387 0
26.45139447841133 4.96121454133541 0
26.92545804645304 5.61404644682448 0
27.2841594031791 4.854936514602096 0
27.76178570689098 5.539215525536845 0
28.11003563582133 4.785946846099558 0
28.59692577330573 5.469227377314291 0
28.23954726556698 6.22754076439808 0
29.07691257508834 6.157672846186975 0
28.94096860233105 4.71935822996214 0
-3.734513939883321 5.940009708737287 0
23.13987964216903 5.196443889158967 0
23.58995840032848 5.869954231815514 0
22.75559791796273 5.91844644818587 0
-4.516646422074565 5.718559700869674 0
-4.325693300399575 6.537846465148528 0
-4.732214648379729 4.865271912947607 0
-2.906859728452654 6.13774691414503 0
28.7172401938654 6.90716861969391 0
25.74984902385471 6.420619798448273 0
-1.248844715561683 6.547682715059313 0
2.714458491284901 2.881385300409586 0
-4.229864355875398 3.425902629383149 0
-0.4287627405352783 6.730892031137005 0
0.1436569691716123 6.140949622488876 0
0.3848788881928229 6.940502799194253 0
0.9733301133059804 6.332950287848186 0
4.354916726082405 3.123909111033923 0
-4.952044536785028 2.922310996589413 0
14.77482903019133 -3.04860916352895 0
37.0145158118053 6.568950903852192 0
12.90341097435863 -2.720655329886185 0
18.18518817858959 -2.88301670236066 0
-3.529981224665569 -6.498888005854877 0
38.62181417034182 5.386351046467007 0
15.46034306878879 -6.621156900495892 0
15.82722154276845 -5.888550979128502 0
16.3129995353707 -6.566574192301012 0
33.27034065392535 5.96765600112371 0
19.37846250208397 -7.167843814811634 0
26.67116706368735 4.105456344718772 0
23.19298915127621 -7.403247328514839 0
34.05332874560906 -6.262982321094235 0
33.22800607286703 -6.366853052464016 0
32.73001438367792 -5.694651046393462 0
32.39196614968016 -6.432382513837313 0
31.8945142045479 -5.776525042817299 0
31.54843102914661 -6.519617328583523 0
31.05758293431646 -5.861704965457109 0
30.71123125441605 -6.605055111915136 0
30.22146903986862 -5.947136370563831 0
29.8743319441856 -6.681519920156122 0
29.38554145213475 -6.031114193566617 0
29.04079134935058 -6.788283353202392 0
28.55020470141913 -6.119899523686254 0
29.72994934945172 -5.271149055385727 0
31.19096357743591 -7.388296114682133 0
25.49590499160449 3.04936868380692 0
24.86884938775477 2.995114845331207 0
32.87651157262103 14.17545825982446 0
6.24133021346532 2.7420455639325 0
-4.43976345259243 -0.7687882338826064 0
-4.947642190170598 -0.1229057743105438 0
-4.984995687479087 -1.497422252212985 0
-4.649929655492784 -2.1964005257001 0
-5.429931628795012 -2.177540581414927 0
28.20417518739242 -6.864401969870478 0
27.71445382901931 -6.204378635595688 0
27.36768723507198 -6.941633508965311 0
26.87685373353806 -6.287532366142203 0
26.53092351997066 -7.055966289522075 0
26.03295065162418 -6.375524903344371 0
27.22310188597578 -5.528416310632948 0
25.68800991812958 -7.155385179912481 0
25.18884957590395 -6.466974046992677 0
26.19664859235422 -7.872686928159569 0
35.73532837350922 1.232984428756111 0
38.64975114885639 -1.204358007498206 0
38.08727614555475 -1.838583283083868 0
34.78057397646555 8.964540341643088 0
28.63153872286516 -7.54224423915492 0
-5.127680336512576 6.364643977430534 0
29.61134570555095 6.759769219547545 0
29.91064030551532 6.026910167338994 0
-4.912642575504066 7.28421780762446 0
38.28323443665865 6.242079537273569 0
18.78688297636288 9.249499229083334 0
18.24187653370149 8.1356588269326 0
19.27171690973839 6.902334655650735 0
19.70460002651237 11.39274580317286 0
17.07997388858173 8.828828527984777 0
-4.900849263752797 2.107477353856201 0
1.215939038079537 7.219957412137367 0
1.814797914018406 6.53975646651556 0
25.79586084225988 0.1686440623922114 0
24.96744840631131 0.08650232015659737 0
-5.012911098585791 -2.918374938526012 0
24.54312767165035 3.693147944917239 0
16.6082605204332 7.738444437320351 0
15.45089442146262 7.155749068252801 0
17.68732577705586 6.755385226025444 0
35.64526841278051 10.90209609101691 0
24.82125241831544 -7.26045845858641 0
2.068943131910066 7.397493466443269 0
2.669831742006209 6.72117974259523 0
2.406722857249816 5.916240627044731 0
3.222611416123266 6.135077577193742 0
3.512456343774448 6.882320983284751 0
4.050207322281621 6.293282925275358 0
4.340037568243925 6.970612451107755 0
4.892637283663811 6.35585184674649 0
4.545625496216601 5.618693863682322 0
5.415776758386456 5.779133909930131 0
5.723057309756455 6.495615631351972 0
6.255025547409382 5.901655476553072 0
6.548956592660645 6.658357393030667 0
7.083976783310256 6.046782074261057 0
7.342233087058299 6.86705515451818 0
7.91415875078239 6.178632112883196 0
8.157626020972948 7.095365543976116 0
8.737744314843049 6.344037373134844 0
7.634574991811645 5.439275679213613 0
8.532966907881628 8.204841245857265 0
2.950813112931126 7.450425572697376 0
26.81726253833828 14.14704583860949 0
20.80286016723294 -3.924402371913215 0
20.98886703968792 -3.266026826553331 0
20.538702575939 -2.685725371621458 0
37.34904401027029 -1.686949176498783 0
37.57362967794371 -2.483416154471477 0
38.49215548325924 -2.564736244002896 0
37.84156079779167 -3.255756736593705 0
21.64235587440804 -3.973008885828007 0
0.4722930628841162 7.873019059676077 0
1.561620977479796 5.721039410340805 0
9.132447728407191 7.239158904438715 0
9.597224885943824 6.483357044277847 0
9.307865000298035 5.724651100987936 0
10.11661464544453 5.837529457555519 0
10.42191859109891 6.597438693254411 0
10.94464335592473 5.943119101930841 0
11.25092518372415 6.718079453392351 0
11.77463916546158 6.063601298692011 0
12.08247856206149 6.833068554878007 0
12.60544535903125 6.184695654675894 0
12.91314622885676 6.956784910015072 0
13.43912169690467 6.30717925047447 0
13.74206833449455 7.092929298066566 0
14.26351247861203 6.422857789831011 0
13.97286799328458 5.675540792173972 0
14.79516489165287 5.785880117642304 0
12.29500000218325 5.428586178375998 0
11.63276761760304 7.512068460358311 0
12.86485666821565 -5.361626883276527 0
12.4805018988312 -6.133520886426293 0
12.01874474892721 -5.435537175561125 0
11.64183700806336 -6.196861154414568 0
12.11206177441982 -6.892376368628867 0
11.17964627351382 -5.379833001372377 0
10.80373594374388 -6.23944937626141 0
10.32366247862826 -5.592400674582064 0
9.963246258330841 -6.32236414507155 0
9.492996649516348 -5.673800735452506 0
9.125914874877042 -6.391992242811387 0
8.65522712998574 -5.722767242582428 0
8.288257554423723 -6.453073549836574 0
7.817989445524387 -5.788830720016563 0
7.45063455031536 -6.515579886793358 0
6.97902846961629 -5.833411507995867 0
6.612730050356699 -6.574743280496268 0
6.14017192182429 -5.879782821090688 0
9.598657214641557 -7.087305305342753 0
5.774796039109004 -6.633647937842782 0
5.302232992028422 -5.938644355711138 0
4.937010045645825 -6.694591176050837 0
4.464471668195997 -5.999927357396118 0
4.099278322807307 -6.756277755579902 0
3.626748990461592 -6.061737827145348 0
4.832245501713714 -5.278455743450003 0
3.261440860185793 -6.816537491840384 0
2.789015130446354 -6.123398401027189 0
2.423705141612166 -6.878173152760382 0
1.95129636405896 -6.185263313041055 0
1.586119725286313 -6.941840647497813 0
1.113605163650831 -6.24750092037983 0
7.084929076290283 -7.264749522488928 0
1.466418600659001 -5.527142064880754 0
0.6247008105317651 -5.568840373565011 0
0.2731697945771359 -6.312182280426443 0
-0.1992747353355142 -5.625378772398754 0
3.155853027687322 -5.389276641134193 0
6.524208228047132 -4.998040649355348 0
4.571796811488651 -7.450669450449952 0
38.23457121017772 -11.7860639750441 0
31.33084672821629 7.458265807914549 0
30.36713414188849 7.278504539382785 0
20.46551255930869 14.5761289608904 0
23.55342186011341 15.52445163896464 0
-13.88141735134036 10.34842678295665 0
2.092813848293452 5.063220490565426 0
4.254924128873482 -15.00141631443863 0
-0.5521440738641701 -6.394713292308279 0
-1.032630141009527 -5.689872547064903 0
-1.399519393504502 -6.43352502609995 0
-1.813876252248935 -5.690437138209415 0
-1.506860313960482 -4.982567436507592 0
5.894112061766005 5.101565914865557 0
17.53922512728775 -5.787898338032107 0
17.17336024983567 -6.530641549011709 0
35.5909338688128 13.37062802800171 0
34.08462687696644 5.883667388646679 0
33.82260642371526 5.2489877376137 0
20.02302653747068 -14.17852383808064 0
-2.073941211968261 6.341990316628707 0
-1.828806406171495 7.170742866856888 0
-1.348739748618103 3.519670959827313 0
-1.345561650640613 2.912199691858856 0
-2.071308604120084 3.473592459411892 0
38.28685939849607 -7.59813050012299 0
0.719979952560708 5.5347453357574 0
39.20981786583068 7.247721048419837 0
-4.995851901285363 3.873329025245908 0
38.59845941276197 0.8474833475619846 0
1.156730628970262 3.011393954674076 0
-4.954054958596183 -4.406048660854401 0
-5.744602435422308 -4.332844303770457 0
0.1508947432927616 -4.92352206835933 0
25.54074820217173 -5.695112618451837 0
-1.869580749237816 14.28914370804321 0
25.78981398483065 3.732253911794149 0
27.15611233355179 3.37970262677251 0
-2.938176171545351 -4.956069691754024 0
17.88557299107008 -4.989270547036721 0
24.41264379533371 5.812265180665634 0
24.13028947744769 6.607104492127748 0
24.96280935022811 6.4997072988137 0
23.67102444075411 7.581947751423698 0
-13.49790421013783 -1.051481955908359 0
-14.1509941944285 1.565817858649333 0
-13.13470670612384 -4.236233332945652 0
-15.34213383705198 4.663638896343078 0
-16.57220381243697 -5.093126130477519 0
-13.94458940470658 -7.365553483651719 0
16.69284706493006 -5.838580549045828 0
-4.125541048842415 4.267155454931531 0
-2.315661440174839 5.551824471499577 0
8.481664434156002 5.600502812882691 0
13.12117231254329 5.601776830562955 0
39.2827937488109 -2.962712021572749 0
39.28534892500971 -4.621178937083575 0
38.60678098454033 -4.253276509555382 0
39.20709322726691 -0.4522342437875292 0
39.17629739824041 3.854446421576964 0
38.58677085156164 3.205829227279509 0
39.34104145276959 -6.305419597814365 0
26.56712691296081 6.335871998345131 0
16.20019574578615 -5.140373937723197 0
-0.1026002290713155 5.334702007683315 0
27.40070152630826 6.263802505393231 0
27.64183643754626 4.086210353101988 0
27.81110446471423 6.920179887410688 0
28.15800723705945 7.909648459785446 0
26.38279861261653 -5.610781818013935 0
15.35876847236581 -5.201559048440599 0
29.43571293883624 5.398158329555228 0
13.78965785189481 -6.834409585804612 0
12.95303922957961 -6.906576008924519 0
11.27767016061328 -7.006394762872842 0
36.9989059520748 -6.648040094203968 0
31.40135454062862 -5.100473789611929 0
34.1049807832091 2.560977531850149 0
37.2870097350781 -4.457370800741469 0
33.07277128521483 -4.929677533763706 0
33.4163814592026 -4.163489785214901 0
30.56563951616627 -5.185895217416022 0
30.07378663502487 -4.505348646680373 0
36.08251127696708 -1.662057995779324 0
23.87477848632501 -5.865054532216691 0
26.73124401203164 -4.847478845193089 0
27.56688209246295 -4.76198616402613 0
36.41436510180779 -4.585572663133022 0
28.0586853581812 -5.442380826277075 0
23.38823536649403 -5.189932998074638 0
26.92814616466464 -2.645406567534319 0
2.319094903408535 -5.488333517971138 0
31.74508287007015 -4.334442905681613 0
31.94077503442298 -2.120725000033963 0
32.28455526004139 -1.354294865748649 0
18.72285766065008 -4.908334842197837 0
5.667351563205443 -5.181273102080906 0
30.26949887281447 -2.291710361881742 0
0.7474556776290324 -6.997517589630998 0
1.221011443073891 -7.699341976943916 0
20.53630690276855 -6.199112286376661 0
32.23740797654423 -5.014133399223232 0
28.59822271193591 -2.462695724223327 0
3.995409256812359 -5.352249419195166 0
34.10390906930801 -2.630677103190724 0
34.59572537288091 -3.311644595044718 0
34.25193879528165 -4.078075357536036 0
34.8879898332749 -6.168062941507952 0
35.42438566082786 -6.905017005350842 0
21.37327461490782 -6.124687390088667 0
34.29957944784342 -0.4168649193930243 0
36.36797371509164 0.6498389324305917 0
29.2381455072339 -4.590842687426726 0
20.98360967370793 -6.879369138638566 0
33.80771622793299 0.2640749411464056 0
28.89417442355249 -5.355313294866872 0
34.1518992245295 1.026209844838186 0
34.52490535897477 1.772530236399354 0
26.97738105916897 1.026998550087652 0
31.79269770216063 -0.6733576038830766 0
31.44891726930159 -1.439787604685022 0
30.61327916922722 -1.525280273205071 0
31.98840224889721 1.540438837031628 0
29.777640998886 -1.610772896444087 0
28.94200291915465 -1.696265578270296 0
28.10636483908679 -1.781758260042677 0
27.27092669388792 -1.869205188092218 0
26.31127379647443 -1.988219950972709 0
29.97334616422617 0.6030231661301678 0
28.86012065496477 3.388296425016343 0
38.47749359469803 1.769125648447647 0
29.48148805721796 1.283960768760361 0
28.64583759091628 1.198575812469225 0
31.49660073017996 2.221340010741457 0
28.30205481564099 0.4321639579194726 0
27.46642930181491 0.3465467672852163 0
26.63437240452082 0.2575225841817633 0
29.68281636273729 3.469456284636916 0
31.84059911485127 2.98759259282592 0
30.01836112461941 4.218897096056633 0
36.94970650777597 3.505794819260606 0
32.19318412014856 3.747295125097578 0
37.76801426703086 3.3552812257589 0
33.01782371865659 3.823172742121743 0
-0.003006138675443637 -6.935339851870673 0
36.91770185116002 5.812776864185548 0
-2.208208718711056 -6.397153274725078 0
16.7251882076168 -7.257260722842412 0
32.98028757062999 5.198910367542288 0
35.04195239515373 4.562401109055468 0
26.24413084210532 7.182095510125451 0
-2.681500121126122 -2.462908148593816 0
10.68470301072154 5.068472054269249 0
25.05571599665906 -5.015237493813 0
30.72007905170815 5.882883942811967 0
35.10567502499048 -16.59150428516572 0
22.23986101802064 5.135209210403106 0
21.91184411188866 5.949232561088397 0
21.37835330113685 5.272536264770201 0
21.03081076834058 6.150038551819085 0
20.56597178948547 5.360469742022294 0
20.1800701791388 6.052371334048571 0
19.68743302047797 5.288708362899344 0
5.029639500008691 13.67880068165118 0
10.44009790254338 -7.078906226591299 0
8.733075063915674 -7.196481363870904 0
38.57626970217392 -5.137205437574267 0
9.282264559390324 -7.818797571291054 0
21.72336118878323 -16.97220456327666 0
31.6666666666667 -17.11324865405187 0
-1.914142147882455 -17.31368579596479 0
14.89851882186802 -17.33315474256652 0
-17.00767874959139 11.72815894909755 0
-8.333333333333364 17.11324865405188 0
11.46642570340434 5.292324337702 0
14.63318983928519 7.225913334629064 0
14.13304591461919 8.033974196894942 0
24.70581456445126 -5.781168933692072 0
21.38962643790743 -7.75329931210759 0
-5.611355320723176 7.96982773549738 0
-4.05887134971643 7.43001811746311 0
-13.24612680393242 7.209345207223668 0
24.35771934896351 -6.545037442178764 0
7.956778013194734 -7.119256486647162 0
7.034947774724483 -8.50217497410436 0
5.137894795339374 16.92343418396795 0
35.06689186151059 2.37872318554151 0
-5.640294893496392 -5.987709117294234 0
-6.2377748827925 -5.189284392468277 0
-5.86913678435492 -6.761154059459739 0
0.4540504357312862 4.708129623563815 0
9.074791645110276 -4.948598203841772 0
-1.799628198217693 -7.43496081041833 0
17.66820021809884 14.04841948637827 0
2.980570673707473 5.301331461724638 0
33.83820392913276 -7.010075624299747 0
25.01258656805315 -17.2687998990119 0
6.23870178919747 -7.430768203620381 0
-0.6669037752843661 -4.970598073433979 0
36.76484346174959 -0.1417047765004983 0
13.25261054985514 -4.588884637265975 0
31.59191231480181 16.97701377975998 0
15.16361430477887 -7.372205585886485 0
19.42010107603775 6.110446132246922 0
18.88109066202419 5.464600123599394 0
18.67946004259383 6.202337762204391 0
18.09393403931782 5.540956078568605 0
18.42895034859375 4.917862123162561 0
18.36286346994261 7.066313555071813 0
-17.61060986482905 -11.6582945078931 0
-6.068527181632671 6.118462881579149 0
-5.90464944357981 3.187609213673684 0
11.80401789339352 -7.629859491705535 0
-1.35670621894775 17.25890099753138 0
-5.388680991501122 -3.584740367991694 0
3.121052859386415 3.139149400964186 0
-6.503262083863159 -7.341971219084554 0
33.40805818606543 4.532351658376609 0
14.35170284725588 -7.430748142186681 0
37.04880682375363 -3.094051299409194 0
17.73818010669075 -3.055655955858986 0
-14.94037677796998 -17.31014844463782 0
-15.12400239080131 17.24056907230488 0
3.734086056554773 -7.51264275977029 0
4.293518395729722 -8.518649234305336 0
5.407520982744555 -7.286054826724859 0
-13.73183882904397 14.04615209866056 0
7.391640205084684 -5.116884080931237 0
-17.35275561501386 2.177071849090756 0
28.46479730525427 4.062368041603907 0
39.39608780225284 5.461218235199484 0
10.68169649451739 7.412101937390667 0
11.05696165530806 8.600071629915963 0
9.942825583702248 7.162780568247413 0
39.35414941478692 1.260061161546643 0
39.31403622644743 2.931824187812248 0
3.638828097922284 7.73834158914104 0
-5.425386151072388 4.593064789679704 0
6.792823593240842 5.31805336890157 0
23.99046219461702 -7.219240309475919 0
22.34113689584318 -7.598481247964308 0
-4.094906432684432 -2.860813112226603 0
23.19125480036412 -3.259626087133449 0
17.69602119557694 -7.214464192793892 0
17.27959950421257 -8.170933865748051 0
38.59606841988854 -3.42491293152264 0
13.57270234267789 4.923004547427323 0
12.56410942843555 -7.586824465423095 0
18.58687891350786 -3.064965550634975 0
18.97788750896552 -3.152943374274083 0
18.52762238647798 -2.659214162639929 0
18.80981831315005 -2.411331454290307 0
18.4763960262628 -2.300075413731128 0
18.74159777042784 -2.066449340257464 0
18.41169235972519 -1.954525816236746 0
18.67590228475743 -1.724080000398498 0
18.34504045570387 -1.610943093079703 0
18.60888882043739 -1.380810122157873 0
18.27782177255195 -1.267507446950503 0
18.54161267697842 -1.037413586373765 0
18.21045989929134 -0.924074059204034 0
18.47419281087571 -0.6939676586548257 0
18.80533620864702 -0.8073051317543588 0
18.14305097692379 -0.5806305064408717 0
17.87932735813656 -0.8107389061654866 0
17.81191090729115 -0.4672937248924269 0
17.54818758611332 -0.6974021928486933 0
17.48076992415472 -0.3539567447393575 0
17.21704645068548 -0.5840651795146384 0
17.14962855640423 -0.2406196963719042 0
16.88590502391959 -0.4707281048181087 0
18.73791790750516 -0.4638595574617819 0
19.06905969252726 -0.5771966738285085 0
16.81848706225144 -0.1272826151452354 0
16.55476352752948 -0.3573910144188459 0
16.48734555937926 -0.01394550716225727 0
16.22362201808172 -0.2440539169426418 0
19.00164169181707 -0.2337511676145588 0
19.33278326077789 -0.3470882353062733 0
16.15620406658475 0.09939159518964981 0
15.89248051013861 -0.1307168187119689 0
15.82506250818735 0.2127286337763579 0
15.56133897890634 -0.0173797600340494 0
19.26536527420714 -0.003642732333257986 0
19.59650680948192 -0.1169797924494999 0
17.41335217728788 -0.01051127782523703 0
15.62875694528486 -0.3608252404060762 0
15.29761543046001 -0.2474881448412413 0
15.23019743740482 0.09595733265544955 0
14.96647391150157 -0.1341510490530212 0
14.89905592636093 0.2092944565048841 0
14.63533239693046 -0.02081394803424794 0
14.56791444457959 0.3226315646884713 0
14.30419089067328 0.09252315239238068 0
14.70275035468059 -0.3642594582183774 0
14.23677293700246 0.4359686638693384 0
13.97304937609124 0.2058602489257232 0
19.66392480675283 -0.4604252978364993 0
19.92764834132537 -0.2303168517929964 0
19.86023034917693 0.1131286524390112 0
20.19137187733708 -0.0002084060740502648 0
20.2587898696563 -0.3436539103444187 0
20.52251340505414 -0.1135454644870987 0
20.58993139710031 -0.4569909686958796 0
20.85365493254954 -0.2268825228501498 0
20.78623694054717 0.1165629813487566 0
21.11737846800704 0.003225922993710745 0
21.18479646001263 -0.3402195812059212 0
21.44851999546275 -0.1101111353603928 0
21.51593798746536 -0.4535566395593488 0
21.77966152291604 -0.2234481937139448 0
21.71224353091391 0.1199973104849052 0
22.0433850583668 0.006660252131442547 0
22.11080305036898 -0.3367852520674143 0
22.37452658581966 -0.1066768062220042 0
22.4419445778218 -0.4501223104208526 0
22.30710859381752 0.2367686979768532 0
16.41992761964716 0.3294999934368708 0
13.90563142373855 0.5493057609008708 0
13.6419078619195 0.3191973456141393 0
13.70932581423156 -0.02424816637636364 0
13.37818429992009 0.08908893025923964 0
13.44560225222768 -0.2543565817329508 0
13.1144607378778 -0.1410194851118629 0
13.04704278556381 0.2024260268779083 0
12.78331922352273 -0.02768238849273901 0
12.71590127120787 0.3157631234967047 0
12.45217770916685 0.08565470812607864 0
12.38475975685185 0.4291002201154717 0
12.12103619481082 0.1989918047448429 0
12.18845414712585 -0.1444537072445398 0
11.85731263276978 -0.03111661062578996 0
11.78989468045475 0.3123289013635922 0
11.52617111841371 0.08222048599295766 0
11.45875316609868 0.4256659979823392 0
11.19502960405764 0.195557582611705 0
11.26244755637267 -0.1478879293776765 0
10.9313060420166 -0.03455083275892903 0
10.86388808970157 0.3088946792304522 0
10.60016452766052 0.07878626385981814 0
10.5327465753455 0.4222317758491992 0
10.26902301330445 0.1921233604785651 0
10.33644096561948 -0.1513221515108162 0
10.00529945126341 -0.0379850548920693 0
9.93788149894838 0.3054604570973118 0
9.674157936907338 0.0753520417266772 0
9.606739984592307 0.4187975537160584 0
9.343016422551266 0.1886891383454236 0
9.410434374866297 -0.1547563736439575 0
9.079292860510224 -0.0414192770252112 0
9.011874908195194 0.3020262349641701 0
8.748151346154152 0.07191781959353502 0
8.680733393839121 0.4153633315829163 0
8.417009831798079 0.185254916212281 0
8.484427784113111 -0.1581905957771001 0
8.153286269757038 -0.04485349915835405 0
8.085868317442007 0.2985920128310268 0
7.822144755400965 0.06848359746039176 0
7.754726803085934 0.4119291094497726 0
7.491003241044892 0.1818206940791371 0
7.558421193359923 -0.1616248179102436 0
7.22727967900385 -0.04828772129149837 0
7.159861726688819 0.2951577906978828 0
6.896138164647777 0.06504937532724743 0
6.828720212332746 0.4084948873166285 0
6.564996650291705 0.1783864719459929 0
6.632414602606736 -0.1650590400433883 0
6.301273088250664 -0.05172194342464265 0
6.233855135935633 0.2917235685647382 0
5.970131573894592 0.06161515319410261 0
5.90271362157956 0.405060665183483 0
5.638990059538517 0.174952249812848 0
5.571572107223487 0.5183977618022299 0
5.307848545182445 0.2882893464315947 0
5.375266497497475 -0.0551561655577867 0
5.044124983141401 0.05818093106095992 0
4.976707030826372 0.4016264430503412 0
4.712983468785329 0.1715180276797076 0
4.6455655164703 0.514963539669089 0
4.381841954429258 0.2848551242984556 0
4.449259906744286 -0.05859038769092689 0
4.118118392388214 0.05474670892782318 0
4.050700440073187 0.3981922209172047 0
3.786976878032142 0.1680838055465732 0
3.719558925717116 0.5115293175359519 0
3.455835363676075 0.2814209021653183 0
3.523253315991101 -0.06202460982406163 0
3.192111801635031 0.051312486794685 0
3.12469384932 0.3947579987840664 0
2.860970287278959 0.1646495834134329 0
2.928388239593987 -0.1787959285759491 0
2.597246725237915 -0.06545883195720381 0
2.529828772922885 0.2779866800321785 0
2.262218834369625 0.0522115828058949 0
2.198687258566808 0.3913237766509221 0
2.332875433778173 -0.2948450276371143 0
6.368691040565695 -0.3951674554140238 0
22.63825012127035 0.12343163962341 0
13.18187869019263 -0.4844649971013222 0
22.57083212926822 0.4668771438222641 0
16.6221814843973 -0.7008365237249545 0
2.000489216634863 -0.1801348786308994 0
2.069590013572574 -0.5236020136474167 0
14.83163799508516 0.5527399789198741 0
22.90197365672104 0.3535400854688169 0
18.93422374766449 0.1096943258255133 0
12.6484833188929 0.659208635486108 0
5.83529566926453 0.7485061771728645 0
22.83455566471891 0.6969855896676624 0
22.5034141372661 0.8103226480211208 0
23.16569719217173 0.5836485313142163 0
1.745515068066146 -0.4155806052756433 0
0.5054059679620551 -0.2046084666156423 0
0.5381836965282236 -0.0888090673179826 0
1.669552426577468 -0.06871756510385094 0
1.811912689114418 -0.7510479886229604 0
2.138504562304042 -0.868386390786015 0
23.23311518417388 0.2402030271153655 0
23.0982792001696 0.9270940355130671 0
1.467032576656926 -0.6096312123634144 0
1.558696920039448 -0.9561230177251053 0
1.256255407336019 -0.861290134510972 0
0.3690515102149305 -0.4008425635223927 0
13.51302020454867 -0.5978020937200816 0
13.24929664250862 -0.8279105090903417 0
13.58043815686485 -0.9412476057090272 0
23.42942072762242 0.8137569771596248 0
19.00572235536571 -1.835700224898886 0
1.330849034914875 -1.161314322025807 0
1.043564210554045 -1.082905679737399 0
13.316714594824 -1.17135602107959 0
13.64785610918017 -1.284693117698299 0
12.98557308046796 -1.058018924460833 0
23.36200273562029 1.157202481358464 0
1.111422110782453 -1.363146009820706 0
0.7996248278043439 -1.280549692712915 0
0.219706572640149 -0.5008805342716297 0
18.08133714097182 -1.841052207696357 0
22.17822104237111 -0.6802307562662597 0
22.50936256982393 -0.7935678146197016 0
22.24563903437324 -1.023676260465087 0
22.57678056182606 -1.137013318818543 0
22.84050409727675 -0.9069048729731495 0
22.90792208927888 -1.250350377172001 0
23.17164562472957 -1.0202419313266 0
23.2390636167317 -1.363687435525449 0
22.64419855382819 -1.480458823017399 0
2.462410820607853 0.6214321920215609 0
2.118154806766505 0.7368810579961257 0
2.392807118378609 0.9652296655702444 0
2.061301312370168 1.078625422448877 0
1.777456540970928 0.8591514946644142 0
0.5085929925817361 0.2150960914252049 0
0.5404814972615473 0.09267951884764677 0
1.73270983958068 1.191551897248437 0
1.464453386604839 0.9778213612002984 0
0.4124572212454183 0.3592093098960875 0
1.411649277575204 1.299423650507215 0
1.145302580579243 1.077453984401701 0
1.18486546019316 0.7686449826384926 0
1.105479319930376 1.394057943211551 0
0.8762320720473795 1.190321298381551 0
0.2313707680935 0.5068351544079415 0
2.327172212620582 1.308388061525704 0
0.8259797833841684 1.489939682528567 0
0.6213085781063832 1.316758673667145 0
0.56141135427624 1.590527647891501 0
0.3410714462687636 1.392915487393775 0
-0.007739794150388946 0.5565554882563262 0
0.1054459258316793 0.5362259688350908 0
0.2962475132206688 1.687625663833869 0
0.07869603862478947 1.49278217660663 0
0.02862466156443233 1.789846299548235 0
-0.1888661648872496 1.598306902636986 0
-0.1609319753882588 1.357180418010547 0
-0.3970164654984618 1.416314302806475 0
-0.2441966474841983 0.4862009737520501 0
-0.4607647794063752 1.691814598851806 0
-0.6574733184049748 1.481787060917413 0
-0.5792260287576969 1.197396431337893 0
-0.8349229837400944 1.277816855265653 0
-0.7757721893961307 1.036388007357456 0
-0.4306623617511871 0.3505244509649567 0
-1.003270183789482 1.095750932912631 0
-1.063881197517233 1.326547690258516 0
-0.9065211040249377 0.8461508164620465 0
-1.156820365112981 0.9156009901064397 0
-1.083004965516469 0.705868561369895 0
-0.5173129982685953 0.1775937766248362 0
-1.320786904240213 0.7448906942705438 0
-1.234046621037912 0.5166267013485404 0
15.36503338605652 -0.5909336494532398 0
7.092443774373788 0.6386033026872637 0
14.16935498577331 0.7794141762691333 0
13.83821347159822 0.8927512729562821 0
14.10193703366838 1.122859688337921 0
13.77079551934732 1.236196784969903 0
9.870463546633351 0.648905969086693 0
9.539322032277278 0.7622430657054398 0
9.80304559431832 0.9923514810760743 0
9.471904079962247 1.105688577694821 0
5.504154154908461 0.8618432737916129 0
5.767877716949505 1.091951689162246 0
5.436736202593435 1.205288785780996 0
10.79647013738654 0.6523401912198339 0
5.111542935456431 -0.2852645809284208 0
6.699832554921767 -0.5085045520327698 0
6.436108992880724 -0.738612967403405 0
6.767250507236797 -0.8519500640221507 0
6.503526945195755 -1.082058479392786 0
6.834668459551827 -1.195395576011532 0
6.172385430839682 -0.9687213827740392 0
8.018450365126975 0.6420375248204078 0
10.99872399433163 -0.3779963447483106 0
11.3298655086877 -0.4913334413670579 0
11.06614194664666 -0.7214418567376921 0
11.39728346100273 -0.8347789533564393 0
11.13355989896169 -1.064887368727073 0
11.46470141331776 -1.178224465345821 0
8.220704222072069 -0.3882990111477352 0
12.31734180453683 0.7725457321048586 0
12.58106536657788 1.002654147475494 0
12.24992385222181 1.115991244094242 0
21.04996047600605 0.3466714271923113 0
10.80241838460561 -0.951550272108326 0
8.55184573642814 -0.5016361077664814 0
8.288122174387098 -0.7317445231371164 0
8.619263688743171 -0.8450816197558623 0
8.355540126702129 -1.075190035126498 0
8.686681641058202 -1.188527131745243 0
21.25221445201475 -0.683665085404769 0
3.983282487758155 0.7416377329065875 0
2.658285021455294 1.19505558722902 0
10.07271740357844 -0.3814305668814506 0
4.185536344703246 -0.2886988030615578 0
23.03086120816748 1.270539539711913 0
20.12395388542847 0.3432370981037256 0
20.32620786165696 -0.6870994145429483 0
19.79281235799128 0.4565741564537891 0
20.05653589364993 0.6866826022521336 0
19.72539436616245 0.8000196606134196 0
19.98911790164203 1.030128106452287 0
19.65797637418824 1.143465164805954 0
17.28446441775951 -0.9275106947476265 0
1.196363929785848 -0.5960944019970175 0
-1.495241686091102 0.5680821503163047 0
-1.410115056965513 0.3330785086258187 0
-0.5456598566715982 0.001406593523484289 0
-1.569168373859618 0.8138155989735505 0
-1.176909064981947 0.2808802235865918 0
-1.328146938014479 0.1159787370715841 0
-1.104864514088431 0.06144838722608827 0
-1.253593884792096 -0.08052683969642939 0
-0.5154697747080661 -0.1777503186459982 0
-1.070855254347752 -0.1282745149650308 0
-1.187863429184603 -0.2573935793656727 0
-0.9894820731519243 -0.2920234979868039 0
-1.122812973705576 -0.4252568915248492 0
-0.4304601051783372 -0.3354731350979188 0
-0.9479325369336582 -0.4647101620730012 0
-1.065635466518248 -0.5949183467073751 0
-0.8956251541757645 -0.6229598468910384 0
-0.1351885904774726 -0.5290658595469085 0
-0.3011563470724781 -0.4535202222243054 0
-1.005095737352365 -0.7660288100478034 0
-0.8061093718887502 -0.7849608267782291 0
-0.9459837985756785 -0.9504354493735977 0
-0.7479114501531914 -0.9858300339219978 0
-0.01774778571045488 -0.5467476046594369 0
-0.8848617291278362 -1.156105869754061 0
-0.6373960220426547 -1.184123000949464 0
-1.253024089155961 -0.5646933479363845 0
-1.144964743279033 -1.098931688557406 0
-0.8141918557379171 -1.385351425156173 0
-0.5636917157832588 -1.423472120972353 0
-0.405696699263137 -1.249616420866872 0
-0.3192394050399354 -1.460431143525839 0
-0.1908863269632484 -1.26672630635211 0
-0.1032194133432061 -1.4674915134365 0
10.86983633692064 -1.294995784097708 0
10.53869482256457 -1.18165868747896 0
0.6495169727918704 1.047714696943831 0
-1.477129765054995 -0.047422955502012 0
0.7972147348639478 -1.00738206982438 0
6.239803383154712 -1.312166894763421 0
5.908661868798641 -1.198829798144673 0
1.388564373626629 -1.47223400332001 0
9.735627642003291 1.335796993065456 0
12.51364741426285 1.346099659464876 0
19.92169990964462 1.373573610650073 0
20.25284143709737 1.260236552296637 0
9.404486127647218 1.449134089684202 0
23.68760973895495 1.027694977108194 0
23.75963983438888 0.6977248444900384 0
12.18250589990678 1.459436756083624 0
13.05299103278305 -1.40146443645019 0
-0.7479041630226675 1.772989748858185 0
2.591298478018838 1.538431631370953 0
2.922368090895147 1.425106112726775 0
-0.6998182878854884 0.8499842120012115 0
-0.6358683131136349 -0.8334528486164694 0
19.59055838219157 1.486910669003582 0
19.32683484674082 1.256802223158187 0
23.66622826697429 1.374950802788893 0
5.700459764634477 1.435397201151626 0
5.369318250278406 1.548734297770377 0
6.03160127899055 1.322060104532878 0
14.03451908139906 1.466305200344577 0
14.36566059575691 1.352968103726503 0
23.5027871521824 -1.133578989680041 0
23.57020514418453 -1.477024493878887 0
23.30648160873384 -1.7071329397243 0
1.349782851024012 1.629369871249855 0
23.63762313618667 -1.820469998077734 0
8.42295807901716 -1.418635547115879 0
8.754099593373233 -1.531972643734625 0
9.017823155414275 -1.301864228363989 0
-0.9902629698497964 0.217894049515594 0
0.8930819935679377 -1.560192767939284 0
-0.2824543672846129 -1.080048312864157 0
-0.0860817486365697 -1.097546884109359 0
12.721849518427 -1.288127339831438 0
8.091816564661087 -1.305298450497134 0
13.7033775670506 1.579642296966204 0
10.6061127748796 -1.525104199468342 0
10.27497126052353 -1.411767102849594 0
19.25941685473961 1.600247727356837 0
18.99569331928905 1.370139281511406 0
-0.736827501049877 -1.649519668921086 0
5.97607982111367 -1.542275310134054 0
5.644938306757598 -1.428938213515308 0
-0.2271325534782864 -1.694266726593431 0
10.93725428923567 -1.638441296087089 0
0.7774523560722404 1.789110392959129 0
23.90134667163736 -1.590361552232333 0
24.02275430625795 0.9229201618430763 0
6.307221335469741 -1.655612406752801 0
12.78926747074204 -1.631572851820814 0
2.855010056479923 1.768541976404013 0
3.186149573572667 1.655205201395668 0
0.05999309175297185 -1.676480774048768 0
-0.1413305916608145 -0.932640200786548 0
0.01441140531609442 -0.9693089922045974 0
0.08319910457243473 -1.106501897528805 0
0.1679756218590533 -0.970060566887304 0
-0.9000984971912498 -0.1582980486009094 0
9.085241107729306 -1.645309740353371 0
-1.661532272289586 0.3822914297309785 0
-0.7952770217204161 -0.4994630733261623 0
5.964183326675521 1.665505616522258 0
6.295324841031592 1.552168519903511 0
20.18542344509638 1.603682056495228 0
20.51656497254901 1.490344998141822 0
23.43536916018027 -0.7901334854811999 0
5.105594688237366 1.318625882399745 0
5.038176735922336 1.662071394389128 0
4.774453173881295 1.431962979018494 0
4.707035221566266 1.775408491007878 0
4.443311659525223 1.545300075637245 0
4.375893707210192 1.888745587626626 0
12.45812595638597 -1.518235755202065 0
9.140762565606176 1.219025674313567 0
9.075620573688219 1.569120950545955 0
12.39070800407094 -1.174790243212684 0
11.91878233786574 1.22932834071299 0
11.85136438555071 1.572773852702372 0
11.58764082350967 1.342665437331738 0
11.52022287119464 1.68611094932112 0
11.25649930915359 1.456002533950486 0
8.810000377982949 1.333471064972815 0
8.744921607187132 1.683751056878619 0
8.478995842724848 1.447208378883963 0
10.06676915635936 1.222459896446709 0
9.999351204044332 1.56590540843609 0
7.09839202159287 -0.9652871606408966 0
7.1658099739079 -1.308732672630278 0
13.91157967122119 -1.054584702327672 0
13.97899762353628 -1.39803021431703 0
14.24272118557731 -1.167921798946398 0
14.31013913789235 -1.511367310935776 0
14.57386269993339 -1.28125889556514 0
14.64128065224843 -1.62470440755452 0
14.37755709020739 -1.854812822925158 0
14.70869860456346 -1.968149919543901 0
14.9724221666045 -1.738041504173264 0
15.69617489994381 -0.7042707471259 0
18.07563520573722 -0.2371854706334741 0
19.13647773946839 -0.9206421531688902 0
2.260089846436562 1.651779535577274 0
13.71527406149523 -1.62813862968767 0
18.9282753272871 1.713584785710217 0
18.66455179183646 1.483476339864805 0
18.73196978383859 1.140030835665951 0
18.40082825638584 1.253367894019386 0
18.33341026438371 1.596813398218234 0
18.07004573080604 1.367753862855612 0
18.13716455458064 1.023434266587782 0
17.80603299940207 1.136800461343532 0
17.73897567131869 1.481299732092209 0
17.47490504532254 1.250177177577894 0
17.4074893155493 1.593629291423562 0
17.14368013857668 1.363270623234346 0
17.07627642016155 1.706757831157165 0
16.81254099005502 1.476614632208456 0
17.21111202712764 1.019865721151654 0
-1.060870721324509 -1.551943191398986 0
0.08729033492627636 -0.8503379597470848 0
0.227228630632311 -0.8553960900857437 0
0.09953625794525678 -0.5371366403472991 0
-0.5258517258259143 2.00451771863598 0
8.159234516976118 -1.648743962486515 0
23.96876466363948 -1.933807056431181 0
15.03984011891954 -2.081487016162645 0
15.30356368096058 -1.851378600792007 0
4.970758783607311 2.005516906378513 0
0.2523398077241552 -1.10996542354815 0
8.411600720259479 1.790720593755412 0
8.147338022537957 1.559036964169806 0
12.44622946194782 1.689545171454258 0
14.2982426434542 1.696413615720539 0
14.62938415151549 1.583076526313011 0
24.0911219093275 0.5848605106018112 0
3.118745602100931 1.998648462112214 0
23.37389960073598 -2.050578443923147 0
9.334525257594613 1.800496891039214 0
11.18908135683856 1.799448045939867 0
23.76651068763309 -0.9034705438346429 0
23.69909269563097 -0.560025039635787 0
10.34238921283856 -1.755212614838976 0
14.44497504252242 -2.198258334914539 0
16.74512339454143 1.820061294844084 0
16.48139730729101 1.589945393300878 0
5.712356259072627 -1.772383725504689 0
5.381214744716557 -1.659046628885943 0
5.313796792401526 -1.31560111689656 0
5.050073230360485 -1.545709532267194 0
4.982655278045454 -1.202264020277812 0
4.718931716004412 -1.432372435648447 0
4.78634966831944 -1.775817947637827 0
4.465815519417573 -1.676448411089367 0
4.389558095890709 -1.321363265708081 0
4.12612918289006 -1.551859668858448 0
4.057287093546455 -1.206538882600369 0
3.793375283507383 -1.436399416889511 0
3.72568860035458 -1.092600045675097 0
3.461888875174239 -1.322608170994645 0
3.529294133632724 -1.666036967975513 0
3.198060048854107 -1.552577976533477 0
3.13065964058559 -1.209155566182732 0
2.866921458505789 -1.439244730187839 0
2.934336974147693 -1.7826870336163 0
2.603195541014058 -1.669350043949585 0
4.11217014516915 1.658637172255992 0
4.04475219285412 2.002082684245372 0
13.43965400501083 1.349533881596049 0
13.37223605269906 1.692979393586663 0
10.3304927184004 1.452568311817343 0
10.26307476608537 1.796013823806725 0
5.841243916483609 -0.8553842861552923 0
20.58398296455132 1.14689949394293 0
20.847706500002 1.377007939788336 0
20.78028850799986 1.720453443987186 0
21.11143003545271 1.607116385633728 0
21.17884802745483 1.263670881434887 0
21.44257156290553 1.493779327280281 0
21.50998955490765 1.150333823081438 0
21.77371309035836 1.380442268926836 0
21.70629509835623 1.723887773125679 0
22.03743662580906 1.610550714772231 0
9.348964669770348 -1.415201324982735 0
9.416382622085377 -1.758646836972115 0
9.281546717455317 -1.071755812993354 0
15.43245133829342 -0.9343791616182712 0
15.76359285263647 -1.047716258266293 0
3.652140973402082 0.8549748295253303 0
6.761302260017715 0.7519403993060099 0
7.025025822058758 0.9820488146766457 0
17.87340279207865 0.7932141312002351 0
18.20453628631055 0.6798536018560439 0
16.54881550943168 1.246500503072445 0
16.21767365778342 1.359836614210801 0
16.15025561174873 1.703281960540466 0
15.88653204828312 1.473173432842761 0
15.81911404260642 1.816618897088027 0
15.55539054218778 1.586510439182341 0
15.62280849804827 1.243064924732753 0
19.52314039019075 1.830356173202134 0
-0.8451479519994702 2.097480392311799 0
12.52554390870101 -1.861681267191445 0
12.19440239434494 -1.748344170572698 0
8.080009926169673 1.902745011861683 0
7.81621148417301 1.672417816738968 0
17.67671422349148 1.836149662709155 0
6.227906888716563 1.895614031892892 0
6.559048403072634 1.782276935274148 0
0.1646231557743363 -0.752996629228913 0
0.2765960773315719 -0.7348240555118184 0
0.3528483678321042 -0.8454806105514585 0
0.3917582192680413 -0.7386258076017397 0
0.06875605436863275 -0.7260691671939972 0
15.37098163327561 -2.194824112781388 0
15.63470519531665 -1.96471569741075 0
15.48797250131259 1.929955915001614 0
4.204203608832692 -1.909337405548071 0
12.85668542305708 -1.975018363810192 0
-0.9437631056555453 -1.897143515329264 0
-1.279671369199558 -1.821302860343561 0
8.821517545688266 -1.875418155724006 0
0.3399532081954817 -0.6506519581362711 0
0.4322952217462905 -0.6483758855538256 0
0.4986976601163278 -0.7289552376928083 0
0.5305116039369686 -0.6159672196190503 0
2.787602090481534 2.111985880341372 0
0.2819742300535673 2.000003934464439 0
0.6101536610353815 -0.7149153563830611 0
0.6508282211575853 -0.604269043712488 0
0.4460746041805326 -0.31576665981426 0
0.5834151801598679 -0.5156921072074541 0
0.6877819243946366 -0.4985688027351344 0
0.607294872960864 -0.4147721661556681 0
0.7189459413865276 -0.3991914770264632 0
0.7736826114218314 -0.5819963507828279 0
0.6503430953774565 -0.3302389397355374 0
0.7483409714630938 -0.3050580878568615 0
0.8252484822963755 -0.3836953378719307 0
0.8561979361770256 -0.2749308005002654 0
0.7627707246291653 -0.1933651723976507 0
0.8828258836650598 -0.163445955732354 0
0.8019044182094621 -0.08232153982535473 0
0.9123148859912913 -0.05197890562418017 0
0.8134157773128141 0.03427577274655923 0
0.94066262963754 0.06300934881805009 0
0.8521086642432039 0.147683262657727 0
0.9827482951888378 -0.1312096080661292 0
0.9747326811449053 0.183835687071382 0
0.8798204813637476 0.2680935079634897 0
1.079025997258356 0.08872061149564699 0
1.12109656918922 0.2746447096014834 0
0.7753901145465036 0.221568199710785 0
0.772969876192418 0.3400481659780452 0
0.9042221534582406 0.3915133450988655 0
0.7988115050032896 0.4674803267537162 0
0.6865022000774772 0.4257979615805182 0
0.7001966599654761 0.5393566274933995 0
0.5965385833719719 0.4911436797152109 0
0.3254664074759734 0.4397142117107443 0
0.6096762655510268 0.6006583939339911 0
0.7232428794659853 0.6572077033158088 0
0.5165386508332119 0.5566659495754911 0
0.524560427799134 0.6605617415419355 0
0.4294482878445969 0.6169590485420566 0
0.4394552258787741 0.7181882070923676 0
0.3402894535188548 0.6675737291293972 0
0.3585970044118802 0.7783237558164757 0
0.250477134272975 0.7235891513318411 0
0.2757353083183354 0.844201534678089 0
0.1683228775345853 0.7970779604772176 0
0.1798720757395991 0.9152288312562404 0
0.07741612514092644 0.8616321476855321 0
0.07701609111912155 0.753537223856368 0
-0.02184547735481424 0.795546060815061 0
-0.1324638081684402 0.5298926853620207 0
-0.02027646662755345 0.9192904353920672 0
-0.1175571546945093 0.8607180270388655 0
-0.1114747498994042 0.7630992221383718 0
-0.2078185279068432 0.7864714095703915 0
-0.2198884598252207 0.9132762685610918 0
-0.3165496871099016 0.8448262005995605 0
-0.306933476327595 0.7302579711181216 0
0.3014426458680717 0.9701927087079044 0
0.7239224633665309 -0.01671371713805238 0
0.5893832902416474 0.3928934467443849 0
0.183526624080935 1.053871560857341 0
21.97249983056072 1.961642532566463 0
22.30405489080584 1.849579859812247 0
-0.2986215801768015 -0.9062153787432434 0
-0.2103005947100201 -0.8060152805976828 0
-0.3231639914862683 -0.7826204036002462 0
-0.2399959770159441 -0.6975037730436129 0
-0.3442132042077244 -0.6798921411152901 0
-0.1510396882301599 -0.7153707294029892 0
8.673615935923898 2.028301225559238 0
13.63595961474065 1.923087808957503 0
14.56196620444611 1.926522032293043 0
24.23248819909018 -1.703698610585783 0
11.78394643323568 1.916219364691754 0
21.6392906391464 2.068607662923755 0
0.3737524101276861 -0.578244910104313 0
-0.4151548154371056 0.777870768049934 0
-0.388857619500703 0.6703144910282656 0
-0.3521605431340014 0.4215071910261319 0
15.69469017578025 -2.29964239964668 0
15.95717490917938 -2.068114182650466 0
4.308475754895165 2.232191099616009 0
5.89676537436049 2.008951128511642 0
16.08283757577802 2.046727336274491 0
-0.1230883763731896 -1.982368311171034 0
0.1876405525531766 -1.999189374381357 0
7.7487960278565 2.015870621386752 0
7.48505640157175 1.785715270474738 0
24.0302342230838 -0.6733620979892372 0
23.96281623108165 -0.3299165937903811 0
6.491733718524768 2.125604093732838 0
-0.2811972822220614 -0.6167233371770062 0
-0.3634833257016137 -0.5972723106684753 0
-0.4331209393025173 -0.6553365386898434 0
-0.4460420600103365 -0.5578373487440144 0
-0.5212776081454642 -0.63044481522409 0
-0.5403951062781669 -0.5390258611531011 0
5.448632697031588 -2.002492140875325 0
2.670613100753972 -2.012795039004148 0
2.339471534505789 -1.89945787405494 0
2.799503993525379 -1.095799859910645 0
2.27205357354207 -1.55601235067715 0
2.008958437349381 -1.786840981936704 0
0.5228727820581529 -0.45264330740313 0
24.29896486227153 -2.047328896644145 0
24.03602576750482 -2.277283357606612 0
23.04275807328316 -1.937241385569717 0
23.1101760652853 -2.280686889768559 0
22.77903453783247 -2.167349831415105 0
21.58335597946757 -0.7970021437582094 0
21.3196324440169 -1.027110589603623 0
20.98849091656408 -0.9137735312501825 0
21.05590890856623 -1.257219035449043 0
21.38705043601905 -1.370556093802459 0
21.12332690056839 -1.60066453964789 0
20.79218537311556 -1.487327481294472 0
21.45446842802121 -1.714001598001297 0
21.19074489257056 -1.944110043846729 0
21.52188642002339 -2.057447102200139 0
21.78560995547404 -1.8273386563547 0
21.85302794747623 -2.170784160553543 0
21.25816288457272 -2.287555548045569 0
20.92729499709623 -2.173418984560576 0
23.36795116817815 -0.4466879812823412 0
24.16507020708806 -1.360253106386933 0
4.510729611840249 1.201854563647861 0
23.82785233093053 0.3565562662938023 0
24.15900347630563 0.2431972732264682 0
24.42217072839365 0.4725956689440388 0
4.516677859059319 -0.4020358996803087 0
14.11383352816635 -2.084921238295795 0
14.23082469096432 2.039859127910233 0
6.902086411866858 -1.538841088000914 0
7.233227926222931 -1.65217818461966 0
6.969504364181887 -1.882286599990294 0
7.300645878537961 -1.995623696609041 0
11.7284249753588 -0.9481160499751863 0
12.91220688093395 0.8893170508567479 0
7.552475676763687 1.44227362358756 0
3.063227636788858 -0.865691551492038 0
7.687308850770903 0.7553746214391538 0
9.924655235254505 1.917692138308507 0
14.17530323326228 -0.8244762869570185 0
9.146710812825255 -0.3848647890145923 0
8.546046761303005 1.102690489790579 0
7.429533535948942 -1.078624257259643 0
11.32391726146862 1.112557021961104 0
10.99277574711255 1.225894118579852 0
10.2075533082085 -1.068321590860212 0
5.246378840086495 -0.9721556049071782 0
9.477852327181328 -0.4982018856333384 0
14.69680206410833 1.239631007934025 0
7.956980660031027 -0.6184074265183706 0
21.04401204345059 1.950561889832575 0
20.38767742106549 0.5733455439070935 0
15.10130982400246 -0.8210420648531471 0
2.989798026790132 1.081658671074966 0
7.221332121512903 1.555604757242844 0
7.153913829048754 1.899049275404981 0
15.89698345727546 -1.732950846810275 0
16.2278840882845 -1.84601187089071 0
16.29600052694411 -2.182801424444691 0
16.56071178606983 -1.9612814752776 0
16.49301280318326 -1.617513878660192 0
16.82438850968228 -1.73111937913562 0
16.89184549402114 -2.074609625101115 0
17.15556775499472 -1.844499718597935 0
21.84113108236048 1.036996764727988 0
21.57740754690978 0.806888318882591 0
22.36906060818623 1.4987004396179 0
22.63286455279097 1.729056682663154 0
22.11675148292688 -1.940675714708129 0
22.18416947492906 -2.284121218906946 0
16.75696275096178 -1.387664920351157 0
16.42581993553883 -1.274326332599768 0
19.46167083070691 0.56991121476962 0
17.94080506400197 0.4497226310109556 0
18.27194396486685 0.3363779053258409 0
18.53566704594045 0.5664850728611855 0
16.2850916321399 1.016391087063725 0
17.60966223807981 0.5630559431219007 0
16.61623318729716 0.9030540194794098 0
3.05233439909784 2.340939826968153 0
3.382636955693967 2.228564519627275 0
5.779774211387659 -2.11582923749407 0
17.22354450112223 -2.186338160904815 0
-0.4801989504978437 -0.4769565017042264 0
-0.5552531288304028 -0.4570192986175425 0
3.977334240539093 2.345528196234751 0
13.31565095309251 2.059302451058314 0
-0.4387236744266545 0.8981104922304745 0
0.358146476217664 0.6000420698680609 0
-0.6271448019723511 -0.6098581171200096 0
-0.2972531363328805 0.6278622274127709 0
-0.373279476475636 0.5779286924641003 0
-0.4528670403662929 0.6031145353751817 0
-0.4345347370902708 0.5244280666922434 0
-0.5143102217065696 0.547543979484289 0
-0.4946985750883925 0.4603538737990398 0
-0.5749195753514211 0.4901899984648139 0
-0.5622702722021291 0.4097546343659563 0
-0.6393385735329069 0.4348399353885423 0
-0.6124184560876618 0.341789987984596 0
-0.7020741476413033 0.3756394995821538 0
-0.6740991577906872 0.2728642362455044 0
-0.7286601927603193 0.4719911231429864 0
-0.6060851562179224 0.5816239823934554 0
-0.8154781504495823 0.3894404239856568 0
1.258164356393499 0.1157683926867749 0
1.308886869639803 0.2842259377130903 0
20.71347530472095 2.063205809697812 0
19.15631748685723 -2.49758097213914 0
0.5810416419291329 -1.515417818916519 0
0.9263861840164882 0.5297346936007213 0
-0.5948235148684233 2.338663808097503 0
0.9484199962792843 -0.3612344256891225 0
17.00884699607355 2.050169933762279 0
-1.075757941889478 1.849775709441973 0
-1.181008851582137 2.183903155837339 0
-1.4252296049011 1.931202393548038 0
-1.524233694106096 2.267152591623751 0
-1.767298760928959 2.014342645070442 0
-1.66981481232818 1.678191719794459 0
-1.865232586553709 2.35039807328383 0
-2.010109778788554 1.761660221495942 0
-1.912614966572798 1.425516569363597 0
0.5329752767122198 0.778790083149584 0
22.56762010864823 2.072342200572179 0
22.89657510349929 1.957982077194283 0
12.59876606768786 -2.188168397112803 0
15.10725807123457 -2.424932528152026 0
0.9824407323692395 -0.8453006362232174 0
2.075401710634811 -2.128753054989367 0
1.67458164745233 -1.99883793330135 0
-0.8344488051568995 0.5126419311615241 0
-0.2084623990526673 -0.6183759623989125 0
-0.1222269164494509 -0.6491036554108788 0
0.5625242515612481 -0.8325964385505256 0
-1.397154934926634 -1.492491786325656 0
-1.621080324378001 -1.73786805040522 0
-1.712830756756619 -1.401147024124514 0
-1.524426803830661 -2.076429821664002 0
-1.863057805465324 -1.987182882655325 0
10.19420646033581 2.140156061805286 0
10.52631925186525 2.025544883207563 0
16.95555639452329 -2.411184467811823 0
0.135158342786033 -0.6593894453510429 0
0.02465497717604492 -0.6650735477048406 0
0.6719255807412239 -1.778778006049162 0
0.9764975502556723 -1.883017676695331 0
23.43513761910187 -2.386941181166808 0
0.7332153044407779 -2.113521849102913 0
-0.5401888629383187 0.3475373579872614 0
3.005067797707087 -2.116451600597531 0
14.18125148048138 -2.428366750285174 0
8.006547354787561 2.228529719301672 0
0.9610095571775368 0.8749402245626221 0
24.28728971919127 -0.4356115210449148 0
-0.9509924585693703 0.4244809970809441 0
-0.2873906630751666 2.226163014505934 0
3.91586453544312 1.085083244895971 0
3.781028630813076 1.771974268874732 0
4.909289078511343 0.7450719550397231 0
11.79584292767383 -1.291561561964568 0
11.53211936563279 -1.521669977335202 0
7.564369440579003 -1.765515281238406 0
7.632508378227824 -2.10685426162973 0
10.39791067071543 1.109122799827962 0
12.7773709763039 1.576208074835511 0
12.7136525397566 1.937800127390196 0
12.37942809559408 2.03601510687119 0
7.362115583633912 -0.7351787452702609 0
7.951032412811946 0.9854830368097893 0
11.92473058508481 -0.3745621226151712 0
12.25587209944089 -0.4878992192339177 0
11.72247672813972 0.6557744133529735 0
8.944456955880163 0.6454717469535513 0
4.915237325730423 -0.8588185082884336 0
5.442684449812503 -0.3986016775471686 0
10.40385891793451 -0.4947676635001975 0
2.732083780519174 -0.7523513710897378 0
9.612688231811388 -1.1850929096121 0
3.989367373922667 -0.862432653766958 0
3.658142231681799 -0.7489854376742067 0
15.16872777631531 -1.164487576847404 0
10.01124769848249 -1.641875518220228 0
10.07866565079751 -1.985321030209609 0
10.40980716515359 -2.098658126828357 0
6.362742793346619 1.20872300791413 0
3.584723021087047 1.198420341514709 0
21.90854907436259 0.6935512605291475 0
16.02731641467533 -0.817607842900537 0
22.0493334909247 -1.597230210509304 0
15.29166703911648 1.356402112328968 0
15.35908495223276 1.012956602970326 0
15.69022646635959 0.8996194257552581 0
14.89310770353947 1.813184836019621 0
14.82665473482457 2.153612129714972 0
15.42650291278463 0.669511145659748 0
17.48680502459226 -1.957576605865592 0
17.55479429302579 -2.299363766706838 0
17.41931041983167 -1.61435546839532 0
-0.2336346315655629 -0.5576596471361079 0
1.942581205084622 -1.4310368725745 0
0.1643987903714503 -1.259647900255248 0
16.68517542556205 2.154938045721174 0
0.3010121054156478 -0.5796876912946044 0
0.3295603598400216 -0.5099831563098044 0
0.4146866102474736 -0.5091522475911996 0
0.2047130102098791 -0.6655490343471702 0
23.17494140802685 -2.603842171775739 0
-0.01601462774659446 -0.7215175143464905 0
-0.9336399396758637 0.06745343833250517 0
-0.843551238484622 0.1590167308015772 0
-0.8106174301911899 0.05140943046333095 0
-0.7396967347822603 0.1239953863712729 0
-0.7065274685440102 0.03235684040727701 0
-0.6592760813496348 0.1058732428929706 0
-0.7671136230799522 -0.0396789498039621 0
-0.6818209237072477 -0.05498516555192477 0
-0.7335574595956107 -0.1182885537721388 0
-0.6534490594326101 -0.1280569458802037 0
-0.7033646112274372 -0.1923621416977966 0
-0.6161482882824245 -0.1971878032435983 0
-0.6665802655680562 -0.2627029902212815 0
-0.5922591126897494 -0.272595083951767 0
-0.7623391970639091 -0.2636001150683858 0
-0.6352906284202309 -0.3439702128841788 0
21.92044593947842 -2.514229664752388 0
22.25171745928343 -2.627186919123722 0
13.85471625379216 -2.301571279320617 0
19.23465882104628 -2.892373817075433 0
-0.5574713845297978 -0.328094775955014 0
-0.521159547863153 -0.2827772328304666 0
-0.09014004030094114 -0.7925752973428952 0
-0.2998067016907235 -0.5452172049146775 0
-0.3642406365133795 -0.5264347085401885 0
-1.558136009405935 1.316840790209078 0
-0.339436472665211 2.571545769757014 0
-0.03439451053102083 2.461653132919411 0
14.50668698527375 -2.535164280913879 0
-0.4191608183367688 -0.8779273097631326 0
24.50462692898893 -1.481240093116633 0
0.6631196990747554 0.3310844462181113 0
0.5812664060123804 0.3095578557339906 0
0.5274028907696557 0.3493203047835583 0
0.6353676410191262 0.2537373465889284 0
0.5041999963913852 0.462004585135843 0
0.4335137965886915 0.5175161577071373 0
24.42494736545148 -1.146755602554174 0
13.56854166242702 2.266533320947416 0
24.37180942539457 -2.373684015631365 0
-0.6071856228637831 -0.07048980932989447 0
-0.6390121016016863 -0.005247152101310965 0
21.0103480380797 -2.513671046739336 0
21.3282323247345 -2.630335561052467 0
0.5657982779196082 -0.3356096753622578 0
0.5896607997006829 -0.2611689282029675 0
0.3237611444373147 1.136840600079672 0
7.04246749673829 -2.226428255376061 0
6.701140935190729 -2.106134155195974 0
22.82700331245616 2.285937398665105 0
23.15460134220647 2.170614991659564 0
23.22640049527083 1.84136474422103 0
23.48393181389375 2.07076107011416 0
-0.2248633330281677 0.6829213042675516 0
-0.2263254394335981 0.6095629586819684 0
-0.157056978822764 0.6417239955976251 0
1.478153313024677 -0.2931808322605181 0
-0.4918927788186043 -0.4137513367514956 0
-0.4360818815007814 -0.4308543609984384 0
24.5607249322372 0.09710743492584065 0
1.069403465769186 -2.201245910963782 0
-0.6325116632581782 -1.934009219330333 0
-0.8186456144949297 -2.211477526694587 0
-0.4927132675488863 -2.196612903322186 0
0.1724925662974712 -0.5990281890455424 0
0.7461239000415691 0.1240045244351627 0
2.756503254932392 -2.366537025227661 0
-0.5904392258409352 -0.1299269336663794 0
12.62781684769746 2.302648447078548 0
1.041931045647932 0.4306560871847292 0
-0.5477674721005368 -0.9750677355445632 0
-2.317307097834719 1.52122134144052 0
-2.160866927986181 1.17638856468994 0
0.7063687199719801 -0.1040871051084402 0
0.6416504284269333 -0.04223993806416101 0
0.6542668220974761 0.03367737342385048 0
0.6282135518963763 -0.1174417598546731 0
0.5935132449452656 0.008640060375313931 0
9.854496593610033 2.283207863967314 0
0.5207654448326764 0.2829311557693719 0
0.528982072162707 -0.2851123133748298 0
0.2628502895465683 0.6483638917861243 0
0.1516444328120343 0.6994753768918712 0
0.07263265776355965 0.6535940172325871 0
0.003367698396964158 0.7010357707606999 0
0.1394969842528155 0.625086715464908 0
0.3255125632634037 -1.242400062648943 0
0.4418543947229381 -1.089188759081996 0
0.494172171083509 -0.5222425456141701 0
0.4302805306504851 0.4343588570451937 0
1.493465178228865 0.6680635335311369 0
1.811036301509391 0.4921083723897863 0
1.186842595495429 -0.05170787554646675 0
0.6692320829988834 -0.2482479328162578 0
24.1511895989911 -2.628082176511656 0
0.0006122059381450384 0.6258617817452354 0
-0.05123061209298818 0.661142107081663 0
4.243991200774257 2.557084498128336 0
4.579355845595968 2.451565833525033 0
-0.3588767087125309 0.5120711792060222 0
-0.306360641971132 0.5492573315662306 0
-0.4127301283185663 0.4545346558415239 0
-0.4615921251212907 0.4026167685354546 0
0.1873098719695943 1.213564767204497 0
0.02838808012099747 1.132044791700896 0
12.92410337537211 -2.318463875799574 0
13.18782693741315 -2.088355460428938 0
13.9209224736167 -2.65134723152276 0
20.98256603105314 2.272628729629378 0
0.2975180420999379 -1.447670088237739 0
-0.6739509505189325 0.1813480873884946 0
-0.6104459504222515 0.1591140268556041 0
-0.5940868138412299 0.09882192268100549 0
-0.7216514559441354 0.5933654149907471 0
0.2666565464913973 0.5596786951066498 0
-0.5993737667915102 0.2657219394735825 0
-0.5379450582534293 0.2530000587429763 0
1.450121588919414 0.1571755089882586 0
-0.7550428212076046 0.2220253937120055 0
-0.8806883757992985 0.6560190882980463 0
23.40598924383237 2.446639861031903 0
23.76625497039777 2.292641149950576 0
24.08011720264895 2.468540698322546 0
24.06615585164793 2.118301305236604 0
24.37220776482304 2.281076016582757 0
24.35040215393598 1.932288753780372 0
24.05668237364205 1.771405135965899 0
24.33407521269367 1.583355970497068 0
24.37976250342715 2.607618820560619 0
2.731642394322106 2.46783601868131 0
2.458371616993612 2.227390200278283 0
2.414193052725873 2.579533688138639 0
2.139113883733607 2.330159217577754 0
2.322641620230933 2.9680285550499 0
-0.4945313691186524 -0.7107713588560294 0
3.311774837141281 2.543728026940397 0
3.865578803943845 2.730241807104555 0
-2.365123955853107 1.874579073924622 0
21.9005771774618 2.314483637760145 0
0.5924995057809248 0.07132671148861047 0
-0.2556394170711851 -0.4943854826809733 0
0.279358533283915 0.4712263895332717 0
0.3299381849483147 0.4918464642275487 0
0.4444546131141927 0.3149009586471949 0
-0.4608711829581775 0.2922409454130143 0
-0.1890649963987503 0.5115950222559887 0
0.410785428832714 -0.3600385904143349 0
0.4262096691501664 -0.4146231715112836 0
0.4621635893083749 -0.3708425300955263 0
0.5320668566282478 -0.1455599311377328 0
0.562132365184743 -0.1985911857325317 0
0.5257024418839684 0.152138906134993 0
0.558570161728138 0.1880442021703359 0
0.5805503089566333 0.1376233960849099 0
0.6518831326759891 0.1147082882257577 0
0.2726582193628246 -0.4747441122795633 0
-0.07645644718799893 -0.5400120074226842 0
-0.04867406420809317 -0.591280145395648 0
-0.3837939257079732 0.3762240581786752 0
-0.2947015827382593 0.4522025674915893 0
0.04276404551555402 -0.5442317616568995 0
0.07157920362285175 -0.5786089055331257 0
-0.07512527546034953 0.5417642297720681 0
0.3699720149008083 0.405102561077554 0
0.1664883664350274 0.5206778711603479 0
0.3230121836947362 -0.441002638333747 0
-0.3437324484508046 -0.421124016910557 0
0.05139117806579563 0.5450790641106041 0
0.1604080541992641 -0.5321990401337323 0
1.322243517954467 -1.982066674004064 0
1.441483887816624 -2.248842145046016 0
24.66412046794085 2.093047419275502 0
0.9005646275732921 -0.4894590326454563 0
24.01876008062847 1.458151232702027 0
24.27117452125046 1.199234197724161 0
10.13478608661824 2.489271792741548 0
9.524017531461467 2.42744030245805 0
21.57508907958988 2.401159337764683 0
-0.8270510960706563 -0.3558268370277021 0
-0.4913449625872364 0.7057191256940714 0
-1.456458813211409 -1.153094796977596 0
-1.800025391788363 -1.061415288727031 0
-2.039881524735677 -1.308594205050399 0
-2.132410925252001 -0.9716432093221725 0
-1.889653373617405 -0.7230972842308547 0
-2.196923950997702 -0.6378382592252475 0
-1.962270272885888 -0.397721553035865 0
-1.663645291931704 -0.4780004069736304 0
-0.1139940267845123 0.583585827696857 0
12.29321023982697 2.374271948634397 0
0.7100286511166463 -0.8350261354766447 0
0.009446430068649647 -2.309656394423166 0
0.4073150717775462 -2.317324270684241 0
-0.0585872338552349 0.6007296819988535 0
0.5500205861431429 -0.03123421475830629 0
16.94207922456147 2.387615534017518 0
17.26861821014498 2.300301984639171 0
-1.616879094524052 2.612606959432569 0
-1.958047348389307 2.68424010820511 0
-2.198898072706655 2.429838217621708 0
-1.733544413107751 3.037477244658563 0
1.936058567899556 0.1506959183623477 0
0.4704521578816276 0.3838145841539603 0
-0.3324487732969867 1.165851591540086 0
-0.5466538133042569 -0.05935784318805407 0
13.25524488972819 -2.431800972418321 0
10.14608360311254 -2.328766542198991 0
9.823734935745637 -2.189739033928992 0
10.50268073823879 -2.468532530883579 0
10.75107404227865 -2.199212146356129 0
17.53248328390454 2.530031570920378 0
17.6149167621582 2.189974206055082 0
-0.191936984947537 -0.5137123007946187 0
0.6176470978902238 0.1835221549683861 0
12.86328837280225 2.551521255485591 0
12.97361723690014 2.177640869713933 0
-1.563934950333742 -0.7971777103000025 0
-0.9299325925083188 2.43285279820139 0
-1.171630272824512 -2.145142311169013 0
-1.755963478383503 -2.353682413989242 0
-2.095155666920606 -2.211469781410872 0
-2.199013393812859 -1.885437915864976 0
24.63057949787575 1.394353791968022 0
24.61400191375276 1.044746549272244 0
24.92956728809779 1.208207393934647 0
-1.277665080455483 1.5381635637556 0
0.3769243979905568 0.4652488964616271 0
-0.5313691861859535 0.1183943293704214 0
0.002788239505346013 -0.7967588650610924 0
-0.8509590441499526 0.2704115916704428 0
22.17338303125745 2.52269999468256 0
-0.8688187287936984 -0.0400060230320873 0
0.44623321450673 1.020715445010642 0
-0.597604565399406 0.9615629573203652 0
0.8406380181877005 -2.462709154518194 0
0.09244552889818891 0.5866093975423516 0
9.56588456447825 2.068118652660452 0
9.260686866876462 2.18148559981049 0
5.509037716893752 -2.339795683706768 0
5.157265158746785 -2.222245302307693 0
5.825848009622882 -2.440568351122813 0
6.093749572142809 -2.210451779971866 0
0.3593917815705492 -1.727222600483768 0
-1.366935095851447 -2.404572601537961 0
1.493003607640309 0.3837324239491542 0
0.6874414125184565 0.1892210373762783 0
0.01869767233961284 -0.6013095611755459 0
-0.6265739024825283 -0.506984150185228 0
7.681360603551823 2.359265084767315 0
22.24274032082283 2.197179809956614 0
-0.6669003658914043 2.674292504417745 0
-0.4978859439674732 -0.2308607392362723 0
0.208109361721414 -0.5577275057801593 0
9.009927299148373 1.932421936970781 0
-1.722039325935961 -0.1857635230436481 0
-2.053844564900391 -0.09076425900824266 0
2.468574329631393 -0.9823368085128075 0
-1.267048413037692 2.53091243840566 0
-0.5511076580324925 -0.2224977818912319 0
-0.3946385286994474 -0.3875856636003206 0
-0.4654774775396824 -0.2906781940651705 0
-1.954350103848194 -1.646329909433003 0
-2.107920124609269 2.097743505025501 0
-1.769287008842937 1.023252998577632 0
-2.057382334747048 0.8077193254603375 0
-2.395843033643084 0.927486819597888 0
-2.3063697192958 0.5997495407704262 0
-2.764132774153371 1.029278988109826 0
22.71161654583034 -1.823904327216237 0
19.19199886273793 1.94369323155559 0
18.86085733528509 2.057030289909044 0
19.44934290850114 2.155162460977187 0
19.78500434170386 2.055031396459391 0
19.12105315088843 2.276831652125641 0
18.7744639342709 2.406641632507769 0
18.52465043275953 2.154715547038585 0
23.8953982390795 0.0135289104084827 0
20.65734938910954 -0.8004364728963448 0
20.39362585366003 -1.030544918742017 0
20.06248432620773 -0.9172078603886803 0
20.12990231820977 -1.260653364587509 0
19.79876079080129 -1.1473163062254 0
19.86617878276653 -1.490761810431481 0
20.19732031021321 -1.604098868786126 0
19.93359677476274 -1.834207314631496 0
20.26473830221457 -1.947544372985123 0
19.53504896263353 -1.377422453903647 0
20.00175372791339 -2.175493765760258 0
19.67335048212493 -2.061275629392871 0
20.34527343144944 -2.354311075983992 0
20.03915478101147 -2.53754654614531 0
20.59838526584502 -2.07050220848517 0
22.70566811327248 -0.220013864575435 0
19.39425283873058 0.9133567189622124 0
19.13052930328595 0.6832482731168881 0
21.64482553891188 0.4634428146837394 0
21.31368401145868 0.5767798730372735 0
21.58974632005217 -2.400781691200322 0
21.6572379633921 -2.744208709532726 0
21.97383610826607 -2.882013761021742 0
24.09701115223805 -1.019576092523527 0
22.77308610527461 -0.5634593687742949 0
23.03680964072532 -0.3333509229288923 0
21.91449750692041 -0.910339202111643 0
24.40340245901126 -0.7940898209191196 0
4.247006049799198 0.9717461482772266 0
4.578147564155276 0.8584090516584735 0
22.97534008128101 -1.59379588137085 0
2.195344803194326 1.994143876333329 0
1.864330599749584 2.10695618692511 0
1.803942886613127 2.495106235235077 0
1.532538723418003 2.228807472712476 0
1.438088732261882 2.547475214213821 0
1.199314468279539 2.335225529835403 0
1.276012739959803 1.975396805983067 0
0.9610629109942703 2.073694582120657 0
0.8830234986496226 2.420012346054186 0
0.6174423340798256 2.146832629023916 0
1.931676530532997 1.76501326683008 0
1.99815605646436 1.422075825321471 0
2.524619481934133 1.882045516717537 0
1.605054673654928 1.873773395333174 0
17.34214365459651 1.946163818291069 0
17.94734077208842 2.055226568148195 0
18.00605541037153 1.712479664038198 0
24.57104776450542 -1.826560351984642 0
17.54227187076527 0.9065821748719741 0
17.27852456581254 0.6764043059076232 0
16.94737727990855 0.7897244890372186 0
17.01479445709908 0.4462766451049097 0
20.45509541299798 0.2299000397239446 0
2.664556914425031 -0.4087842265237581 0
13.52434245404723 -2.185991120310903 0
18.59693182528212 1.823875853491111 0
23.10422763272744 -0.6767964271277465 0
23.30053317617601 -0.1032424770834813 0
15.95989846082234 -0.4741623322345362 0
4.640810024027863 2.117065056086994 0
4.904732378531678 2.346875313639251 0
5.233552030672064 2.231881709423848 0
4.835922878977239 2.692407930357287 0
5.16052348705735 2.554568744696156 0
5.30174524546733 1.891555874372212 0
5.70640801185355 -0.1684932621765333 0
22.10493502696523 1.26735300777325 0
16.87995985539946 1.133171664697255 0
14.04641557585131 -1.741475726306415 0
3.266045737225165 -1.894430527396112 0
3.596729566604973 -2.009115407424366 0
3.332895953484165 -2.239469000512249 0
3.648421181496771 -2.357919665753224 0
3.927761029881286 -2.122697681760357 0
3.967061251166037 -2.470082592765401 0
4.258128534715258 -2.280322714091425 0
4.650891494765118 -2.460022657575172 0
4.586602784968641 -2.081000499663186 0
13.12040898509812 -1.744909948439559 0
11.86326087998886 -1.635007073953949 0
11.59953731794782 -1.865115489324584 0
2.995789005257033 -0.522222440010044 0
20.44924777866757 1.833674979259269 0
20.39305906017391 2.165101937323743 0
12.91815512815269 -0.7145734124715398 0
12.05956648971487 -1.061453146593934 0
4.320796072573642 -0.9761479087425183 0
7.288749954158297 1.21215889560992 0
6.957607924399195 1.325494486355084 0
14.48929406721014 2.247805728585845 0
14.13114410452125 2.393820638196309 0
7.368063830852991 -2.339069208598422 0
14.04046732858714 -0.1375852629952964 0
12.51959566148188 -0.2577908038633016 0
2.793552334963925 0.5080950954028148 0
8.214866904507115 1.215915559774059 0
7.895631119157375 -1.878501289257475 0
7.953874360228857 -2.208022649217496 0
7.82811302999043 -1.535348351101157 0
3.862915467558187 -1.782574424742711 0
13.10851249065912 1.462870978216443 0
11.39133521378365 0.7691115099717214 0
8.950405203099244 -0.9584187163746082 0
13.84416171890591 -0.7111391903383862 0
13.17593044297399 1.119425466227001 0
13.89020282194193 2.142960264286762 0
14.50049649549419 0.6660770784352709 0
13.50707195731108 1.006088369601082 0
20.72476738111302 -1.143881977095505 0
14.37160884118701 -0.2509223605682586 0
7.35616743142458 0.8687119956516727 0
6.570944897510785 -1.425503991382167 0
6.17449130609861 2.223132773463331 0
5.856157008589144 2.373366066134151 0
4.78040142110036 -0.1719274843096742 0
10.59413643439792 1.682580501193012 0
10.85784668876504 1.91267287889782 0
10.79052189016746 2.256230654547995 0
13.31076634759808 0.4325344422459854 0
18.46825895048281 0.9099595004095715 0
8.815569298469182 -0.2715276923958462 0
8.882987250784213 -0.6149732043852271 0
6.099019231305577 0.9786145925434968 0
8.490376031332193 -1.762081059105261 0
8.555492673368295 -2.102889076315743 0
8.882207701511765 -2.20193484736253 0
10.92532896150403 1.569304882293272 0
3.394425781808359 -0.9791032182004671 0
3.326964279632042 -0.6356009657308154 0
3.259529753950064 -0.2921330251946978 0
3.590682865710732 -0.4054854938831297 0
9.151537760629083 -1.985933782284274 0
9.223100096116523 -2.346878532334565 0
7.693257097989984 -0.8485158418890074 0
13.7767437665747 -0.3676936783551183 0
11.12761165174261 0.5390030946010864 0
13.57448990957591 0.6626428575927268 0
10.66758247997556 -0.2646592481295628 0
11.06019369942758 0.8824486065904686 0
11.98620029018077 0.8858828287236076 0
8.340096437450233 2.124304171029515 0
8.608505766297164 2.392622986305402 0
6.963556116962809 -0.2783961366621346 0
15.74898153873998 2.152133300743952 0
15.41949261143815 2.248417417800644 0
15.9773271763117 2.380223146555203 0
11.93067883230389 -1.97845258594333 0
11.64705229226392 -2.190762162114065 0
11.33581375590678 -2.095223904695219 0
11.9777418948348 -2.357868806528123 0
12.1269844420299 -1.404898658583316 0
12.32329005175592 -0.8313447312233 0
12.8507371758378 -0.3711279004821045 0
12.05361824249579 0.5424373167342244 0
5.240430592867417 0.6317348584209788 0
13.38413254713913 -1.514801533068935 0
9.208180517921205 0.8755801623241861 0
8.877127103369599 0.9891746636544994 0
9.275598470236236 0.5321346503348049 0
11.6550587758247 0.9992199253423555 0
13.45244616650052 -1.855630138935509 0
8.224779853778172 -1.989312170474627 0
8.275978652553487 -2.386795578586646 0
3.848446583128105 1.428528756885357 0
6.497578697976674 0.5218319839353726 0
12.65443156611191 -0.9446818278420763 0
9.660755005170367 1.689524028865653 0
10.67521828765613 -1.866419198609227 0
11.00664106208912 -1.979401209753226 0
11.07686071031614 -2.299804582069118 0
15.42503615712152 -2.522954013860669 0
15.12418781825816 -2.770781136453164 0
15.75133276157782 -2.650741840413871 0
15.90783710915148 -2.896502540165574 0
16.12029853163214 -2.632401159952184 0
21.38110200346005 0.2333343688385912 0
20.9825424840058 0.6901169313907423 0
10.13418710867439 0.8790143844573273 0
10.20160506098942 0.5355688724679463 0
11.20097785127671 -1.408332880716455 0
11.26872394034815 -1.751364126318629 0
20.71881894852933 0.4600084855511567 0
13.96552106992512 1.80804471903097 0
23.49666366348569 0.4697926025224928 0
5.577520354442568 -1.085492701525926 0
7.760678388200079 -1.191951601417286 0
14.77516555528454 -2.310505503868275 0
15.56704635965458 -1.620994112883066 0
7.883635899874932 1.328991189084786 0
10.66163423275648 1.339231215198597 0
3.320989472729377 0.9683135341960998 0
10.72905218507151 0.9957857032092152 0
7.294697631318881 -0.3917332332808795 0
16.16157424273473 -1.503836342281966 0
16.63512120468699 -2.300620959347885 0
16.70352055648038 -2.643124705386225 0
11.99214853739984 -0.7180076346045516 0
11.66100702304377 -0.6046705379858048 0
11.59358907072874 -0.2612250259964239 0
12.97962483324777 0.5458715388669093 0
8.613355003507159 0.7589244333957087 0
8.349598473146894 0.5287196931722307 0
7.42358530456482 0.525266252334147 0
20.86006654447676 -1.832243197495773 0
7.619895037634057 1.09883222703048 0
12.11519071191863 1.803386338644264 0
7.496955382474881 -1.422058391377738 0
7.889562707715996 -0.2749619145289892 0
11.11848973059321 2.133647559472664 0
11.45227597322455 2.028015461567738 0
11.71624234499257 2.235947885456288 0
11.37408640133173 2.390222221075008 0
7.417640246396548 2.129166033239212 0
7.099925616644054 2.227104165802583 0
7.389088120117272 2.458151607758577 0
9.214128765140286 -0.7283103010039733 0
7.625839145674954 -0.5050703298996251 0
6.104967478524651 -0.6252758707846587 0
19.60305052554972 -1.720360478449491 0
9.545270279496359 -0.8416473976227197 0
16.08878604668819 0.442837038849604 0
7.030974069277839 -0.6218416486515153 0
4.253047707382574 -0.6322673158922058 0
14.23880738957183 -2.774300701273549 0
14.35145344912985 -3.189376517456756 0
8.28222498673385 0.8722951229604623 0
10.73500043229058 -0.6081047601189445 0
12.84478892861892 1.23276256284613 0
9.74157588922237 -0.2680934702627038 0
6.037549526209622 -0.2818303587952781 0
10.14013535589347 -0.7248760788708314 0
9.808993841537399 -0.6115389822520848 0
5.118775223325366 -1.87021611789113 0
12.04260557826301 2.13454695577346 0
3.517302738631477 1.54186622871623 0
13.04350670823522 1.817800315800177 0
14.76422001866266 0.8961854873074075 0
10.47127687024954 -0.8382131754895787 0
13.24334839527346 0.775979954231742 0
9.87641179385243 -0.9549844942414651 0
14.43307854808426 1.009522591741777 0
8.024399168661901 -0.9618513130975685 0
14.83758626196973 -1.051150480205076 0
10.46532862303047 0.7656772878385801 0
5.173012640552392 0.9751803704103601 0
4.841871126196323 1.088517467029108 0
6.040636747828547 -1.882601729766611 0
14.43902679455915 -0.5943678720820285 0
14.1078852805127 -0.4810307752160177 0
12.26050178513875 -2.091725345582681 0
12.58701361379685 -0.6012363158527066 0
4.314424002114229 0.6283006362878394 0
13.78335260400653 -1.969654068960494 0
14.50644474749355 -0.9378133836601307 0
14.90500421428615 -1.394595992191339 0
15.95395003604454 1.129727988847783 0
6.637589538667463 -1.767906026677389 0
6.370399228233182 -1.994201588182701 0
6.39051309814395 -2.367675431782786 0
5.773825964168576 -0.5119387741659134 0
21.31818253927197 2.165656387002488 0
16.41522506909801 1.931964963170007 0
20.11960066739624 1.944180424879874 0
20.92107292455847 -0.5703280270505411 0
14.80561705833544 -2.655984095978225 0
15.27224114073127 -3.178373920975322 0
15.03389187109992 -0.4775965535988088 0
5.633015970236773 1.778738723909753 0
4.179588097484177 1.315191660266611 0
15.23610558141795 -1.507887076719846 0
20.91512449200405 1.033562435589504 0
16.35699804947366 2.337344014232301 0
14.77016830896757 -0.7077049687695947 0
4.651879049936499 -1.089407925055831 0
6.166437183620602 0.635169080554117 0
9.943829746167458 -1.298430006230846 0
2.205513278786106 -1.21088447183185 0
1.878416666206114 -1.078257320524331 0
3.854396763247943 -0.1753642684544249 0
5.178960887771462 -0.6287100929177992 0
2.535960362500798 -1.325604710844979 0
21.37696365309724 1.834934904299751 0
20.32025942909326 0.9167910480991954 0
5.510102402127536 -0.7420471895365459 0
4.584149414377983 -0.7455519949993956 0
4.84782830724933 -0.5153847601873387 0
2.401030839038398 -0.6383843063661414 0
9.680106184126418 -1.528538421601481 0
9.74898961093964 -1.867702198315653 0
17.08815891015191 -1.501064644536319 0
19.85423785603724 1.71562238844838 0
6.430160745661646 0.8652774959247507 0
19.06311131128763 1.026693777313621 0
22.76713767271679 1.04043109386652 0
6.693884316811932 1.09538593791023 0
9.487928174436432 -2.092934711534838 0
23.83382183582724 -1.247377463089394 0
6.626466366015114 1.438831454335418 0
3.253555153950976 1.311761681604075 0
6.890190101527047 1.668940376542877 0
2.72601823847751 0.851559309570063 0
3.713638643756712 2.115387721221513 0
6.82502761360265 2.009800951565265 0
6.785718510336513 2.404065825424607 0
15.49982245222673 -1.277770992730937 0
21.97596706636469 0.3501057563303052 0
3.388415746974937 0.6248666821633693 0
15.83062562193527 -1.390720317942108 0
20.05127448745105 2.301685221460183 0
3.921862214441495 -0.5188723287887471 0
5.568744683319677 2.121642111708037 0
21.2462660194569 0.9202253772360479 0
2.415654693406712 -2.225450100572785 0
16.29103997243848 -0.5874994282551648 0
3.449917024094804 1.885274400324606 0
21.84707951491824 -0.5668936979128033 0
18.79939036044672 0.7965928811068925 0
3.646192726183023 2.458865292853484 0
22.8485718782914 -2.499929719014188 0
23.70398498455996 -2.162740173946817 0
23.29458474361817 1.500647985557275 0
16.68958101056247 -1.044260911514684 0
22.96939164872318 0.01009458126996397 0
20.65140095654154 0.8034539897467703 0
3.057275897004961 0.7382035107734498 0
24.2371523153134 -0.1041399504288194 0
24.54321508169497 -0.2161259742473642 0
21.65077397146973 -1.140447647957044 0
21.98191549892254 -1.253784706310455 0
20.46104384566274 -1.373990422940905 0
20.52895660692131 -1.719284425331261 0
22.2396906018154 0.5802142021757066 0
23.55830827906891 1.730756431402728 0
16.09456449944089 -1.160858672216691 0
22.96344321616538 1.613985043910778 0
16.35841721950888 -0.9308982852019665 0
23.77520824840547 -2.493622876050066 0
23.56423830951995 0.1268090555724225 0
21.71819196347188 -1.483893152155876 0
23.63167163661104 -0.2165890209685142 0
22.69976503156687 1.384016355961298 0
22.17228601133897 0.9237010059078674 0
22.31305702637539 -1.367121764663931 0
19.99506633405903 -0.5737623561568042 0
22.4360997480067 1.154087425191326 0
19.73134279877156 -0.8038708020293377 0
22.38047501837752 -1.710567268862756 0
22.44789301037967 -2.054012773061582 0
22.51568589251665 -2.395584040496737 0
22.59375304435064 -2.720696158782911 0
17.35188412105632 -1.27094851331079 0
17.6830237528702 -1.384282577413543 0
19.52908881947753 0.2264657112992409 0
18.60308249647392 0.2230321476931217 0
16.9533198908595 -0.8141700911446286 0
17.02072851689192 -1.157603295934201 0
19.19794729286743 0.3398027694648856 0
18.86680601251769 0.4531405434003905 0
17.61560579140404 -1.040844625627024 0
18.67050021324037 -0.1204139790913791 0
19.40020126031128 -0.6905337349996691 0
17.74449369142512 -0.1238483744847912 0
19.46762121338077 -1.033978857287801 0
19.20389572829855 -1.264087693399861 0
18.40677597414685 -0.3505223716844628 0
18.3393591816622 -0.007075296420503756 0
18.00821880380582 0.1062647436134462 0
17.94673477222934 -1.154177354764208 0
14.96052559474442 1.469739311023467 0
17.34593663093658 0.3329414020311169 0
17.67707810092286 0.2196041779112319 0
17.0822113199298 0.1028278918378215 0
16.75106952845627 0.2161641179016162 0
16.68365155968848 0.5596095617319913 0
16.02136794383777 0.78628245908137 0
16.35250966488311 0.6729456932738282 0
15.75764447828402 0.5561740541457656 0
15.49392094205456 0.3260657091599746 0
15.16277936095716 0.439402843863266 0
15.09536136460161 0.7828483568506881 0
18.8727242449677 -1.150735038249191 0
15.0279434501648 1.126293838477638 0
15.22424915992261 1.699847563553452 0
15.15670556939047 2.041723309593052 0
17.81791283047271 -2.070777450496094 0
17.87640819368513 -2.403372218929226 0
17.61567061093173 -2.644256830153545 0
19.33986820997727 -1.948752713512236 0
18.01406371080613 -1.497617494387588 0
17.75042032082924 -1.727707929457416 0
18.93975289948056 -1.493822081393768 0
19.27122311355089 -1.606690940926315 0
18.14652039817813 -2.182201116350432 0
6.424832105045555 2.468457838068767 0
9.435009573470916 2.764467810349208 0
1.784685893277661 -2.336841723136147 0
24.78275060348147 0.404279187943247 0
24.66832334803562 0.7187886960461338 0
24.682967881699 2.438979072961807 0
-2.2841427845526 -1.542680011432978 0
10.46453744343575 -2.84946812518883 0
24.35126131235555 0.819108008001603 0
1.061393721095287 0.5827531046514006 0
-0.177054152743688 -0.5660736511364385 0
-1.006201156995449 2.781792203736811 0
-1.053956531194553 3.132344035170958 0
10.47022778318915 2.374061054495682 0
-0.7215488510456396 -0.3992476526028551 0
2.142475118119027 -2.468985342244316 0
20.69525142424498 -2.414989494230197 0
18.18535136741153 -2.52092157604385 0
18.26986891386011 1.9346835054819 0
20.6405001694343 2.372770091162987 0
1.680959389909814 -1.677105409405707 0
24.62539974562052 -2.161589864295163 0
24.69182098269059 -2.492686153095038 0
-0.2420053683029852 0.5457796854859721 0
0.6773810235372153 -0.172655162614449 0
15.11500200323941 2.358822850928697 0
-2.438530192724905 2.193688199870186 0
-2.526284293534065 2.497791384813443 0
3.011418343032069 2.693213586908593 0
-0.7514795020740195 -0.6234690829880585 0
0.5919548657050395 -0.07085684163860236 0
17.28017486589948 -2.526745152993567 0
-1.97311959008433 0.5030039497073874 0
-2.250013996026555 0.2410329555646191 0
-0.6321563675042956 -0.4294369631431606 0
1.674353315257871 1.534583849001779 0
-0.4930175157237695 -0.3462247548357171 0
-0.02565256457505072 -0.6492156837139891 0
5.247097216073143 -2.556937575335831 0
21.36332165588898 -3.004437925363859 0
21.04910788027125 -2.860035893257082 0
21.69028012404829 -3.084761603168881 0
21.41959487036534 -3.437163342158096 0
12.15792207314202 2.753744019196613 0
14.76686102574069 2.490146393426723 0
19.06985681988418 -2.1721079081472 0
0.5455800287983106 0.03273603107505076 0
7.706362395307576 -2.433501876930134 0
19.72630848326877 -2.398508590684455 0
-0.5435874084909305 0.06126011147803766 0
-0.4004375714835096 -0.9953989274742456 0
19.66005311457313 2.380835597346621 0
20.1567070022126 2.617230439842869 0
19.49625275298234 2.649129174630488 0
-0.4853557081026665 0.3476265217510497 0
0.6371186050947131 -1.153225677252609 0
7.170995732202248 -2.611615788733495 0
19.4013597861261 -2.278348505413688 0
0.4994908035240435 -0.3297142262096224 0
1.066681426794677 -0.4599774566182027 0
1.111300420267543 -0.3041134129492701 0
0.9975176067541582 -0.6340375086015773 0
23.45386594468953 2.862994777731592 0
-0.1285370641513452 0.9845553713196311 0
18.20866923615175 2.263031042336678 0
12.37514315567434 -2.41945044894473 0
12.51482166007793 -2.78767549959103 0
11.82645018975354 -2.760478342874413 0
-0.5308796788614654 -0.1189729225683384 0
16.83534160938683 2.750798350813756 0
8.640898392217505 -2.439308564098729 0
21.47626093372871 2.753751397912028 0
5.489873594245671 2.445345805654765 0
1.236841489539712 0.484320846173333 0
-2.610565561557504 -1.447414149740427 0
-0.1745189574623112 0.5713561280915463 0
0.3141671167737687 -0.9711243471798194 0
0.4534123520984004 -0.9302227743173881 0
0.8431960637669924 -0.7223400238736701 0
0.2133044018395047 0.5548650895169762 0
0.4832662746074057 -0.2627428506861881 0
4.859766607121815 -2.262231057540709 0
24.6519271126777 1.766181177048842 0
-2.438439953637243 -2.143414473719016 0
-0.07900134615047882 -0.6943212066288931 0
24.88213680499991 -1.623308701290166 0
-0.33347390025118 0.9810939328671551 0
-0.4562953884263869 1.040803081059195 0
-0.5445634916892814 0.8181738876906006 0
-0.6193333667928087 0.6979359631991388 0
7.819906085632846 -2.761779198526353 0
0.5703682906773828 0.2388148011093696 0
17.88468360695246 2.393211556286526 0
18.16805802915624 2.612319021269474 0
8.957148532765197 2.25686077833359 0
0.5826809489981528 -0.1498072968168582 0
0.6182167953860098 -0.1913187110062896 0
-2.466914936088868 1.218591876260082 0
24.76920911538985 -1.266081944934942 0
25.02929026360237 -0.9999080859862071 0
25.20221267091959 0.3492465904001836 0
-0.5938162651286216 0.02979667491214551 0
-2.314779498614513 2.7349624720875 0
-2.155046331562847 3.048419375329816 0
13.23121042331884 2.407183959714515 0
13.51491372620398 2.629110450652476 0
11.38353094387285 -2.401722290201388 0
11.11863850268817 -2.621472763189292 0
-0.1292328060244987 1.146897685591815 0
25.04362275630113 -0.3706246813201503 0
-0.4117921198701548 -0.4849847854833811 0
-1.802257584018864 0.1045761020756124 0
-2.407446656886382 -0.06514224690319326 0
-2.490381103572492 -0.8812698892252147 0
0.3754670595844338 -0.4559044333012985 0
0.9336415778136402 0.7012927908226398 0
0.7924817310707493 0.8032326058424959 0
0.8197319454693393 0.9710482246793548 0
0.6557122033699496 0.8661176137218548 0
9.615031674580045 -2.403675965702647 0
9.788656553752165 -2.65951227888876 0
9.129466759581213 -2.654361150864607 0
23.79062090352753 1.932033795823339 0
-2.345661947507811 -1.209797603558256 0
-0.8557891181546395 -0.2505647203728497 0
17.00054314389613 -2.731544014775775 0
16.76870011147749 -2.92219009064633 0
5.979943379206389 2.637384667609198 0
6.59390042502082 2.810354419210743 0
-0.2460394927338925 1.889862100421723 0
0.2635196448598212 -0.5321788842349009 0
22.52417321670481 2.383604066908906 0
1.410395578265014 -0.06936602852573133 0
23.82212777679154 -2.808898747868084 0
-0.1141359828880013 -0.5868412483870569 0
15.07314459220047 6.49843356053332 0
15.62116272682533 5.890626108316386 0
15.26001861207293 5.136985690111688 0
16.0731372350137 5.093598245110917 0
16.4380028058114 5.990381076746861 0
16.79065878986188 5.370528655929067 0
16.80203397951737 4.496576226396448 0
17.32774026254373 5.957714758695188 0
16.82491180370877 6.851009657761866 0
-3.513527009221322 6.721735430062119 0
25.00615771498361 1.973689088332245 0
1.005902744455364 -4.907766958539197 0
22.39260184344272 6.62960451558116 0
0.3791782287021022 0.5174110725747626 0
1.5528227173582 3.029172688805481 0
2.11842750173389 -7.726241916852295 0
1.656916313884841 -8.615229707039353 0
8.199023350493638 -5.091269337775276 0
16.36893535565356 -13.929241238596 0
8.21909630803788 2.441515468053353 0
8.053580258623382 2.79110791828992 0
8.746686191910619 2.733468220700226 0
0.03406249589371235 1.289747790895567 0
20.08647974921044 -2.889848012346798 0
16.39024191879154 -2.535671182933015 0
1.630011264963585 -1.296011824262577 0
-1.535836323268688 0.1777003644003964 0
-0.7999747272954618 -0.1830751031804476 0
-1.419085283687631 -0.2663058126602147 0
0.521097457649045 -0.3851134973361479 0
9.806269706174707 5.098935897484825 0
-0.4894767484777347 0.2322448117048505 0
16.00738090345367 6.637080494378491 0
-0.68086474660244 -0.7093135748145281 0
-0.6491629361126048 0.04826427042207845 0
17.30934843003636 -3.339506512560388 0
-5.436071574313846 1.621407797408481 0
-1.026507211343359 -2.437716139034408 0
-4.311833587271479 -6.563904707884598 0
15.64434546412597 2.455019221892211 0
15.50838605931765 2.767845609684845 0
16.17364880960891 2.748547056672239 0
11.59408529425956 -17.38698949420125 0
0.0801970257492286 0.9822400853298248 0
24.98831095775055 2.616936060475581 0
25.30222203587786 -0.07537908350226852 0
6.739814372513805 -2.417579222964188 0
6.533495620572655 -2.744792566528467 0
20.15298912817817 4.495333149936844 0
0.4657324866125059 -0.4628825855554868 0
37.95824416152838 -3.945819484571365 0
19.80190492965962 -3.076065321769336 0
-1.095546098538168 0.4290022522291246 0
4.78640780208916 3.183748930181387 0
39.35471524392033 -1.31142328220563 0
23.27745612105088 6.580971757924734 0
21.86137476831513 7.4872906455238 0
1.13413600440369 2.64353246725476 0
0.8224631999193317 2.781881858207863 0
11.96258810088397 2.443104433388099 0
38.63593556206631 -6.669771210259694 0
-1.17213368516326 -4.13755283466588 0
14.50298719411777 5.047441528125296 0
1.172883239342518 -1.643841820958549 0
0.8040886734363095 0.5877195837168168 0
0.2475994748645753 -2.619607920414136 0
1.049294993560814 1.725261546342137 0
-0.3493756876099567 -0.4732183934563507 0
16.56138447297197 -3.357058409879758 0
-1.309807440899629 -0.9105091344854477 0
7.332699216790115 2.831937134210162 0
8.144696209721246 4.875357759956201 0
7.429968544354148 4.560732063221929 0
21.64238293718304 6.64780225419327 0
15.45184857324713 17.06922002904252 0
0.6003588315763153 -0.9746069757505904 0
-1.005991756590898 0.5539248409580373 0
0.4737678078383318 0.2622031293517416 0
11.74241577372164 -4.656165881147894 0
14.74538176724456 -8.358082717948919 0
-7.177165773283232 14.48245754244416 0
0.8359192787531082 -2.820470266584562 0
-0.9429341141716527 1.541180104749557 0
23.49905955729464 -2.700907936955954 0
-0.3070852801255572 -2.471771723492083 0
-0.06448929950196813 2.793772838365095 0
-0.3781041240583143 2.900731695642024 0
-0.3079869290656756 3.368888843598084 0
0.2000046996953699 2.685058226406775 0
0.313321187028798 2.383605664911291 0
19.47303846700592 -2.622483742160225 0
-2.540520065259765 0.4307898505197225 0
0.5087708428241928 1.858065709265945 0
-5.245339890325337 -0.8210469349597952 0
-5.769171174734792 -0.2719947119934296 0
0.9944493653389959 0.3089474636052643 0
11.04861363604474 2.431309648277273 0
10.79912034613448 2.705824452720664 0
11.48669147458662 2.725652637914149 0
-10.74836200110105 -3.741488684307719 0
-13.66583781420346 -14.69028569621396 0
0.4800504969483583 1.180712357118612 0
0.7812447174145323 -0.4705822002123625 0
-2.631461252850078 1.73962317886747 0
-5.681354569097692 9.16972247668105 0
3.519098797677177 3.36561167275952 0
3.954097521250413 3.19370350745218 0
-1.241137573630676 1.193598432242412 0
0.3984948113907638 0.8956408551237341 0
10.07067238515869 -7.774473493297709 0
5.147628163361143 -4.501880360110363 0
25.46773076529276 -1.198141881806076 0
0.2674696497274738 -0.6375157588975746 0
24.69223629151856 -0.4929691329936792 0
-0.4733159138634822 -1.677827464176191 0
23.75736609526369 -3.231782162914436 0
18.18819630233397 -3.387208860885497 0
29.24459852620355 4.084084396389429 0
3.092480596686948 -2.408926525217566 0
3.342117274475659 -2.619039493231318 0
2.696587950373343 -2.726243521936263 0
0.1446603056845994 0.5668265787972816 0
-1.928443189665927 -12.58621249470838 0
-3.403148001111305 -14.66306314175593 0
0.6397747973281795 0.7277613569176117 0
37.33183622980027 -7.507003468931472 0
0.9857722762977339 -0.2356293292248303 0
-1.513254149936451 -2.714406825276007 0
-5.117996617139063 -6.671347114640419 0
13.22742659659965 -2.851052488774199 0
-0.5344093924448927 0.626714475268365 0
13.1598910844088 7.760093362324441 0
0.009349235384453536 2.125189024461839 0
24.99779715522025 -0.6604426546654849 0
0.530436382059289 0.4068604507917746 0
22.76133631587155 2.57870942032143 0
-1.285916300364056 -0.4072762506844068 0
-0.006659747484262013 -1.250106475935344 0
-2.67259287375234 6.881463633449778 0
-0.03530754169919348 -0.8756959630985652 0
0.5393816463502983 -0.2400740767203926 0
0.5499180739571408 -4.12500186885643 0
35.24356478283971 1.716939879725039 0
-0.3232176556663848 -2.836312182379754 0
5.998199194483487 7.270254716646024 0
6.256086539343224 8.354154917175627 0
-4.512113001757545 0.5972142729215949 0
25.214119051954 -8.228923552765382 0
24.95902828829729 -9.553107392099577 0
1.953052910802393 -4.803951910018121 0
0.4518481701752251 -0.8151761737427841 0
-1.435889372515392 1.001333250729943 0
-0.6249426263005908 0.2163105666182409 0
-0.567801283808274 0.2072827395745814 0
1.895287940045023 3.182359340288411 0
20.88550848099188 2.567920282250018 0
0.5226757340317754 0.898522120562977 0
4.49197148653074 2.810389286875173 0
10.12453815290488 2.877249716917787 0
-0.6541309907613417 0.514402090876109 0
10.1856200589413 14.79603537613181 0
-5.196789036612046 5.466327381111941 0
16.00071640391428 -2.376765580127445 0
-2.274899391515023 -0.3468986282490692 0
16.65511580885128 2.455563917410744 0
4.616004804865747 -2.82059810715651 0
24.12813624666592 -2.912411046770633 0
0.220406922115167 -0.606782572992671 0
37.1454029263199 -0.9019767160546592 0
-0.4225122708308362 -0.7567115877077458 0
-0.4500703794739174 -0.381795579184729 0
-0.9190044973349298 -2.720582942602481 0
33.51749218897065 -8.020949515150827 0
22.64636866485806 8.337701856929119 0
24.89392190919723 -2.280848084906756 0
-9.852142408752407 1.515872120802259 0
20.20334855484643 -6.838341559860267 0
19.57844000953402 -8.33910810990913 0
22.9605044535565 -2.841303176009806 0
-6.235209466778205 4.668888412564971 0
14.53836338457753 -2.842179812151069 0
1.039122588296683 -0.04366803355581998 0
-2.396070532331089 -3.013131108603767 0
-2.128465344379121 -2.758160618294424 0
-5.944229579338767 -0.9691392629248752 0
-1.181592205888494 -0.7311644088440539 0
-2.30269098840586 -2.462064021154529 0
0.19994890430727 0.6479410096961973 0
-0.5637232806840888 -0.1738155134392892 0
0.4478143634860707 -0.5771178063087001 0
14.84034234657497 2.855713339646182 0
33.81567687169784 3.890424523883872 0
22.86663661620828 -8.34002218407689 0
32.92398420912369 -7.109730595104114 0
-1.123251591175356 -0.9012387563809615 0
9.45804678129975 4.381553849222776 0
24.11145241779585 2.831679776015497 0
-3.078515225195105 1.312072076472818 0
24.36223533090811 -3.237714507527445 0
-1.814883433899723 -2.992754375699886 0
-0.3869260367590144 -0.4418566273927681 0
24.88948041239395 0.9037950037183142 0
5.90145369777218 -2.79354469577679 0
35.55679243612413 -12.57891008399868 0
-5.849686256048283 -2.804278096281326 0
-1.754288544319104 0.6830275754610315 0
10.7924512906821 4.26806256482288 0
0.476864516684568 -1.978584138971582 0
4.173289238558923 2.874652435234902 0
0.288346312794781 0.5168575318118374 0
21.1412063432482 17.41662331322599 0
15.85656023509766 -3.270711328568441 0
25.20964631710839 -2.17607632133332 0
13.80764572990024 2.424709977369822 0
14.18188278024167 2.74114626291668 0
-5.468354941269968 0.4008635680130143 0
-1.028693282172611 -1.318129667113045 0
6.791160759060455 7.43314938718252 0
21.54210848786791 4.524729262437162 0
1.674367369739171 0.2173842220622337 0
12.2398266050766 4.357707500593315 0
-5.962461248484297 -13.89374691888651 0
0.1857855408854441 0.5986393336698866 0
2.0869454397768 -2.843460282525922 0
0.7218635501528965 -0.6951371785830035 0
22.3251829645663 -2.990278251415272 0
22.63562978572464 -3.37015608190886 0
-2.884538338746069 -6.322904495004813 0
-3.745183204727553 -7.516616890217634 0
25.25634682031939 1.434511541168834 0
38.74332644912104 2.530317667643033 0
4.3421417284894 3.461981833141124 0
4.571161873288078 -4.178142351740735 0
3.971616883691995 -2.844803884903211 0
-0.7602305602676616 0.3090671229111203 0
31.35488114197321 -8.494801045431871 0
10.36585897824694 -4.376285597991585 0
-0.2287162007098473 1.038334969975956 0
21.26066797412759 2.471651564261043 0
17.91439207140855 -2.700360423978532 0
18.49355946726074 -6.99140174272456 0
29.57317521861782 -7.436693192145171 0
29.18763439963666 -8.472011353143483 0
14.85322363263962 4.359235483638904 0
-2.998769034843187 1.790377577314498 0
2.699214017115311 3.254043078702731 0
37.61090109285895 6.244846888373174 0
38.59453380592977 6.901937540035342 0
0.2545834606668507 3.01009881781087 0
-10.08197390311676 14.72323568584416 0
-2.539233710234978 -5.624436852357517 0
23.81531450407266 1.631359007508082 0
-0.101258980964527 0.6354490309117536 0
22.79163289623661 4.492262453908999 0
24.87261616485398 -3.068837804720329 0
24.6948260365795 -2.73239806159762 0
34.25436916811989 4.593510870708812 0
0.3707230901694896 9.045371198072674 0
0.6161802074077531 2.500127825022821 0
18.43518015062087 2.429063486792073 0
18.83702643566596 2.750659913600608 0
24.41216654981489 2.947578619028899 0
1.764546593641944 -3.024881110673977 0
1.450587249935593 -2.748294807319948 0
25.76973688444395 17.34078742613907 0
17.57257841028433 4.978407829875462 0
12.23605104504648 -8.580642994984286 0
2.387157702882579 -3.031276201792883 0
29.69561962244394 -14.50913262189344 0
-0.5864655319139906 -0.02077830723672594 0
2.991250930740509 -3.034471740703172 0
-2.850750071995087 -2.762524216425217 0
13.5276478593621 4.198983736220811 0
3.688915329158789 -3.052386704352363 0
0.7436209867054835 14.91435813747361 0
-0.1571433510699798 -0.6131108991010989 0
-0.1721120220530317 -0.6598921522368734 0
9.948538618492872 -14.67135683308823 0
0.04186835530305899 0.5935399497774209 0
2.113602579666095 2.618268991885406 0
4.291206295663848 -3.053080703601079 0
-7.290172278653486 -5.803936839453745 0
-8.077443841331441 -5.138677699288397 0
-6.666701413892355 -2.87054852621718 0
7.081816646441536 -14.81669644235883 0
13.61888696742297 -2.480367224400838 0
4.922633381188066 -3.036922204490073 0
9.101726257866284 -4.245367913006881 0
10.56551146271689 -4.982874064401678 0
-2.949709092362102 -1.304047572643274 0
-0.2056133359652659 7.390107219496535 0
1.271928116013072 -0.2102263921987841 0
1.262555196776425 -0.3880256114126395 0
16.98533042457005 -3.151682862655788 0
5.918642107089634 4.390759458890281 0
0.7206985031734856 0.05716991091824983 0
5.550984481664515 -3.049044954920092 0
7.80708365705047 -4.379350115375965 0
26.31672819383357 8.069082171979936 0
2.881679741263678 -7.511554312470171 0
14.81145265396366 -3.408981961545552 0
6.202863407049579 -3.029499613397596 0
12.67048238741783 -2.480979177952286 0
1.108144419061317 -0.7341806703331959 0
6.812893800805909 -3.048063023848314 0
-0.7264476988872701 -8.38045983427361 0
33.45646623360147 9.696589767703683 0
36.2259993205978 -6.589835660944638 0
35.56172939263406 -7.930024067946517 0
0.1197830332497496 -0.5907161468774329 0
-2.23170939073183 -4.928080979146951 0
1.096285715259885 -0.1627591085902167 0
33.70143342791316 8.52420089131836 0
-5.421441127600534 -7.4992528349597 0
7.523573424255122 -3.062182810021027 0
-0.722562007633698 -0.3250695615608806 0
37.20163138219808 10.1605789902013 0
-1.21499617060908 -2.977703682524508 0
9.885655684220216 -5.062317916223806 0
0.7068577486702523 0.2671318391744297 0
20.37795710713377 2.45284458794282 0
29.24209692635298 7.560492463358312 0
8.139950430128408 -3.038253214144326 0
8.471421278251594 -2.772767846220055 0
-0.05709064055319857 0.7220098966076715 0
5.08781070461601 -17.73069401943265 0
20.69321269079814 -2.988179695428094 0
-0.5541276285937169 -0.3943006125723358 0
19.54027950741898 -2.934519423800335 0
-0.3140437579915432 -0.4985552023632991 0
-0.2679861465101485 0.5831155507867355 0
9.228594893288772 2.484878018988216 0
-0.1604675407731744 0.7128216660845859 0
14.45031270684303 9.075959104741129 0
8.778856306138245 -3.059128893009668 0
27.08867266949333 -7.790248368763674 0
23.05668169122666 2.438045872300695 0
6.516916966231559 -4.182611596692249 0
-7.272011536702674 -1.987600416307557 0
20.72156095533113 -8.857439697402885 0
24.78397290903357 -0.176472479583785 0
-0.7656025180893344 0.7286910989902381 0
28.90230022210307 8.424263790728867 0
-8.333333333333346 -17.94152125423766 0
2.629816542891986 8.365391547053365 0
24.59951109419045 8.502012921507792 0
-2.556094615226252 7.782657315735652 0
-1.497454183935169 8.070260303783922 0
7.970852515878805 -2.495188767847774 0
9.45387217373019 -3.047605767128184 0
26.6186373565217 -8.981954886365882 0
1.133715872326272 -3.030706247658107 0
20.27779667123844 -2.69163834865087 0
20.36824211775441 -2.918225243027436 0
-6.749417662255098 -0.8399941104839266 0
0.078676093154467 -1.412257273859361 0
-0.9688264806118454 7.313388411829738 0
29.60701629422501 4.768538740514624 0
-2.713516224918054 2.29910386942292 0
3.499126337655268 -4.791774888150814 0
-17.9635640526913 5.000000000000036 0
18.79012010728033 4.282551889099114 0
20.80501822064268 -2.703060583824427 0
10.13590082502853 -3.078710210483087 0
23.81726245947268 3.085407009094463 0
23.13459408663531 3.048062070312506 0
22.47215058184935 3.088147184061652 0
27.91602427930137 -9.774729880318791 0
21.81171024006337 3.048327215553798 0
3.371029847917361 -4.090675022064532 0
21.13878920595846 3.075074832960547 0
20.52426144998764 3.105107604531673 0
19.81101889453043 3.075494277519298 0
19.15460598147339 3.056149287262833 0
18.52420260788786 3.061762907966728 0
17.79174367073987 3.085430532685561 0
17.16781323785858 3.05560204184063 0
37.59026112988339 17.54226159074103 0
37.59026112988342 -17.54226159074103 0
16.50126528630503 3.053427176226361 0
15.84051776583606 3.049141657575041 0
9.108973949598434 5.032984647534447 0
15.1750901019226 3.064880248621235 0
24.67301381712469 -0.9974738048833883 0
13.57084064203574 -3.065811617474735 0
14.51630336495469 3.075096737040438 0
38.70244381977642 0.1264540565103047 0
29.80982595560003 14.01530893951917 0
20.83241782435459 8.01336523395495 0
20.10937260943679 7.239908468771917 0
-4.715944328116223 -8.261040079078494 0
-0.9757889837280196 -0.04203873340513715 0
10.78257623085344 -3.083021339459923 0
13.85018850422376 3.060977304368697 0
2.051828513893147 -4.12325008390691 0
38.00316963271858 14.85069408255419 0
13.14376343712401 3.089964923815085 0
1.365060372144391 2.809561336344858 0
-6.216559032109469 -2.149886210942892 0
-0.8139126071911935 -0.1078693356779091 0
-2.671075427462116 2.747703239247081 0
-7.561670868551101 -0.1639337150661393 0
5.579380582893434 3.146430358803986 0
25.07485588589326 3.402571856470698 0
24.62722553070355 3.254911081873977 0
-5.651532076094529 -1.525116455783609 0
-0.9394387845908625 0.3175485944167843 0
-0.5172603312439783 -0.8081263065096356 0
12.49902926759555 3.058031689779221 0
24.85996343598105 12.63853150299435 0
34.13314255293658 3.332126811021594 0
-11.59964574439076 2.282296057540635 0
11.82396821031014 3.050832691912275 0
-0.543893482130013 -14.8502598588582 0
7.043804376138246 3.102519757947556 0
-2.494472851497356 -0.5712265759321362 0
32.06476214306612 -7.051065127828955 0
-0.6354011001512951 -2.997283973388846 0
0.4462139147893662 0.8131279229903289 0
7.503939270507619 14.29353271961254 0
-2.530135387414079 3.423243836633341 0
11.14809533135183 3.0481762930656 0
30.32924048191319 6.504734552999643 0
25.61548918910452 -2.415783374405568 0
11.48430945727352 -3.078363796861086 0
25.95499816267137 4.427729594138999 0
18.00700850227711 6.265435221918355 0
6.812411217680943 2.971124300137884 0
-0.07536562192463414 -0.6352929512355284 0
25.28861897348184 -3.283828179841455 0
38.64508903668704 4.556557900002266 0
-1.439764865999406 -0.5286689339848576 0
10.4615485825657 3.082007120835113 0
-2.877723580594967 -0.9501911892321454 0
-17.57680245148314 -17.57680245148314 0
-17.57680245148316 17.57680245148315 0
24.66641145608927 2.721245483671623 0
5.109303224537651 5.209850190812809 0
12.42446268518775 7.465201083918481 0
9.785903908661215 3.089933353927421 0
36.35134851687155 1.481753100950116 0
-0.5088211086905599 0.3935778312877524 0
19.10857848370211 7.823275860134868 0
-0.6942604300795399 -0.4786306827131128 0
-0.2945160980813295 0.5028648042356025 0
5.374927874840671 2.798875429935043 0
0.5675912384189541 -3.028477730802035 0
-6.689513316906986 -4.00942947959981 0
25.38933005325405 2.466622256622564 0
34.55879846492329 -6.772396566912116 0
9.095397155153851 3.071543914770285 0
-2.797351724521581 -0.4091155029253615 0
12.17443916780551 -3.084416469535397 0
23.93054974595655 1.190979108443603 0
25.45632172495507 7.069069762464748 0
5.069250618726061 8.90073845703947 0
3.293485624396657 2.829024403418397 0
-2.781032131343034 -8.332371337384686 0
-6.633961760353788 0.7995792033575604 0
38.04251237667846 -4.610000348178078 0
1.440456345441417 -1.749421199028164 0
19.33759335377631 2.43308074178448 0
19.89044376118168 6.598161898665424 0
8.401018316276279 3.078845445421209 0
-3.53669116917502 8.206480114084084 0
-0.06819611527619251 -3.023087405521471 0
1.811549219972802 -14.60528745140601 0
-1.371658390841521 -0.7169799137432673 0
11.65886398968494 -2.48063671922886 0
20.45255665359132 6.633546150782408 0
7.705633192001601 3.104885169744996 0
-5.167336619498876 1.016558033612518 0
-11.75909084951793 -7.45978670749715 0
-2.020896671447808 -2.490926896133569 0
1.619832096566723 2.761761251323692 0
10.88619069212389 17.56385666805017 0
1.527653743765839 -2.491373404578816 0
5.077368777017361 2.865951603390343 0
34.70689009965925 -8.659996813386106 0
20.83047740378962 2.906237567931764 0
0.4205884163117837 -0.45954041439123 0
15.36779176816936 2.5037006135923 0
24.46739223573073 -2.621715134005997 0
27.02871032799218 6.8535779102569 0
0.5206298249610004 -1.302242220891926 0
-0.5642032465052615 0.1522413590212897 0
-0.5124460224010168 0.2937121718082053 0
0.1416430083560716 -7.667022056936341 0
10.84366318766846 -2.452313380824791 0
-2.674271285970416 -4.204670327696164 0
7.919946515861299 2.495303137047908 0
17.49584109325388 7.556670013664972 0
4.889115840777341 -2.015985155372801 0
-0.6831280313968264 -2.45031984206094 0
-3.00277943000539 2.245570671127427 0
4.566694606732901 7.893500248212875 0
18.50286380303862 -9.199763640933607 0
5.207917265297909 7.01042925535923 0
36.71314396694761 -1.499462873058911 0
-3.775011737986382 -0.475474671857067 0
36.40856835165869 6.418513460034178 0
17.50106502493166 2.881087196981158 0
15.4330699389424 -2.798340281053 0
25.0130521795237 -2.586348057553925 0
0.2521035367679048 -0.582778482639982 0
5.175472963984117 3.422402321088534 0
16.05366911877725 -9.242676105114478 0
-1.243202810137458 -1.301232602874483 0
16.07832894725687 7.318485997914772 0
13.50572102970414 -9.336692222389214 0
12.83688162981284 2.888618248266523 0
23.07245410202692 -9.722317437894663 0
10.98433929867828 -9.566208706936745 0
9.781924312207073 -8.86932958369785 0
8.381635260314845 -9.734083660191207 0
-3.840799055899138 -2.053860576273712 0
4.36219893169447 -4.78093413823118 0
22.79855503305291 2.900167060114333 0
-0.106429917184343 0.6893743197369451 0
-0.8633404254173307 8.911431462749714 0
-0.3617681206705612 -1.927725615816227 0
23.25698722917848 -2.940319411108828 0
-5.92610348083474 -11.68515208444066 0
25.36299883666286 1.967526454484468 0
-2.915964667459551 -2.304191045014563 0
12.92763189439725 -3.135060648571749 0
-0.02317149248423789 1.031298182649076 0
30.32579096750935 -7.220391972193233 0
15.92638194983303 -7.147811552143773 0
-2.94823063712928 2.930530705541915 0
-3.193411641836178 2.6714213846651 0
-1.030629875306028 0.3339612233658078 0
-6.223439064124758 1.704718314245278 0
-6.712389997053364 2.372621489570943 0
-6.741293545306704 5.446091669819562 0
-0.5281809848478076 0.2175067006442165 0
22.14745205270418 2.881334078385644 0
27.03134677907999 8.791536920505184 0
30.66671227783025 8.132303580635284 0
0.4915353641749025 0.3190238523694425 0
-0.3406144369198003 0.4659861561602836 0
11.67177600678931 2.494544131982458 0
37.36016639387 -3.682174880378028 0
-6.699700348079638 3.872744504263743 0
8.926704844602199 2.514708441160025 0
38.53014569562265 7.653540070780195 0
0.2356939244130754 0.6012053224457269 0
30.35029489421562 -9.321744657566546 0
-2.929631794172577 0.09456124616437404 0
11.9418899768727 4.90109253488212 0
34.66258498578965 6.19637577574968 0
1.200638352863121 -2.459203973400208 0
-2.72460455183986 -0.1233270506219645 0
0.3857702874409341 0.558387233218153 0
2.51208918933239 -2.475959926030546 0
9.70768490497913 9.517767187453835 0
-0.4141950736948097 0.4068459587701688 0
18.09505778665817 4.288249566898989 0
-0.5687895852176101 -0.09468687718816661 0
12.27868224756282 9.79463497144525 0
0.2987002230065308 0.6028119209557843 0
0.479615196955649 -0.4172210183803149 0
2.726170176634794 -4.958522706993965 0
24.96921246553791 0.6465216509224053 0
-2.856393330751949 -1.904232521643325 0
16.13796890199777 4.265338452355507 0
-0.8236395192048356 3.389825359742384 0
0.8148382314063589 0.6971635142143583 0
5.590856615836675 -9.701694200887253 0
25.49199292924582 7.875868820239629 0
13.81436395166964 -3.417189900753157 0
19.05677092620805 4.876641737227203 0
11.00434380389014 -2.891150284612249 0
36.63080013446309 -8.403226485039269 0
19.62139622911488 2.878887512208233 0
19.36497028332458 2.867011526631394 0
6.272003315233244 3.147874980675598 0
-3.533681928802384 9.522810822239899 0
0.8301512430580438 -0.8582574760632504 0
4.994672876206392 -2.454602003050682 0
32.62007412346507 -8.993885239517319 0
-0.5794911950327517 -0.7169945035234602 0
37.25681607612138 7.219317145147599 0
-0.5604744332943881 0.3003523031993243 0
38.72638631307677 -1.837026517247464 0
13.72944892015504 -2.842427300762693 0
-6.509582225143546 6.786062530840485 0
11.27415150177252 -2.896818068827569 0
3.063338373670073 15.22884886427445 0
0.07624882870010552 -0.6373869405063088 0
-0.229193691832684 -2.210637000492433 0
38.83834289659916 -5.880282338038206 0
16.22758076680452 -2.927538202066681 0
0.5754122326394313 -0.1094901921517555 0
7.099654557310954 2.493591291506288 0
5.954768057791338 2.956309053033363 0
26.65964059382191 -14.94994716726587 0
-3.364405168057083 1.212951624705779 0
-0.4547504264348916 -1.09685087953986 0
0.9505690388183758 1.028440933006307 0
9.662616699477963 -2.885705590755671 0
-0.6965792864924225 -0.5542886106884051 0
4.59290400733268 4.984548165379467 0
3.535942399089002 2.699128241721877 0
9.916529702250816 -2.444498555855216 0
0.5587012965879126 0.4433379218640408 0
13.34021235984608 8.905457658026345 0
6.096680910533028 -2.479030919617131 0
-7.717160255832869 -4.222848121388432 0
7.235165302425592 9.294086585747893 0
15.49153169205483 9.986649483618429 0
0.5942847813050953 -0.03392273352143893 0
8.995627975528937 -2.877677323850555 0
8.932095843321632 -2.479198721049919 0
0.1926538069888544 3.358745307419519 0
5.23572511710559 -2.87295637227469 0
0.1602849631892163 1.347252555525117 0
0.878740227379069 -0.6069582289758829 0
6.176362327898818 2.487772908072829 0
27.84019904213275 -7.486024136763837 0
0.3290590884230742 0.5448897609826806 0
12.75157906695155 5.018169926410085 0
9.919406613275489 -2.886162916685151 0
14.39534390236571 2.49954711934317 0
3.724417958258273 5.74240239351647 0
8.077934881433904 4.28345166063348 0
-8.788535436275293 12.82123045467043 0
-7.266657216312396 -6.833334542559294 0
13.64414917222493 2.882997116593376 0
13.38022286265942 2.894889415562962 0
12.72089844245876 -2.964449372282934 0
19.01572876121364 2.509524481004383 0
-3.009652751665742 0.6349753292756829 0
-2.825190043791887 0.3891877990663365 0
9.24784897128314 -2.884479039488532 0
$EndNodes
$Elements
6 7172 1 7172
1 5 1 57
1 1 6 
2 6 7 
3 7 8 
4 8 9 
5 9 10 
6 10 11 
7 11 12 
8 12 13 
9 13 14 
10 14 15 
11 15 16 
12 16 17 
13 17 18 
14 18 19 
15 19 20 
16 20 21 
17 21 22 
18 22 23 
19 23 24 
20 24 25 
21 25 26 
22 26 27 
23 27 28 
24 28 29 
25 29 30 
26 30 31 
27 31 32 
28 32 33 
29 33 34 
30 34 35 
31 35 36 
32 36 37 
33 37 38 
34 38 39 
35 39 40 
36 40 41 
37 41 42 
38 42 43 
39 43 44 
40 44 45 
41 45 46 
42 46 47 
43 47 48 
44 48 49 
45 49 50 
46 50 51 
47 51 52 
48 52 53 
49 53 54 
50 54 55 
51 55 56 
52 56 57 
53 57 58 
54 58 59 
55 59 60 
56 60 61 
57 61 1 
1 6 1 18
58 2 62 
59 62 63 
60 63 64 
61 64 65 
62 65 66 
63 66 67 
64 67 68 
65 68 69 
66 69 70 
67 70 71 
68 71 72 
69 72 73 
70 73 74 
71 74 75 
72 75 76 
73 76 77 
74 77 78 
75 78 3 
1 7 1 12
76 4 79 
77 79 80 
78 80 81 
79 81 82 
80 82 83 
81 83 84 
82 84 85 
83 85 86 
84 86 87 
85 87 88 
86 88 89 
87 89 2 
1 8 1 28
88 3 90 
89 90 91 
90 91 92 
91 92 93 
92 93 94 
93 94 95 
94 95 96 
95 96 97 
96 97 98 
97 98 99 
98 99 100 
99 100 101 
100 101 102 
101 102 103 
102 103 104 
103 104 105 
104 105 106 
105 106 107 
106 107 108 
107 108 109 
108 109 110 
109 110 111 
110 111 112 
111 112 113 
112 113 114 
113 114 115 
114 115 116 
115 116 5 
1 9 1 18
116 5 117 
117 117 118 
118 118 119 
119 119 120 
120 120 121 
121 121 122 
122 122 123 
123 123 124 
124 124 125 
125 125 126 
126 126 127 
127 127 128 
128 128 129 
129 129 130 
130 130 131 
131 131 132 
132 132 133 
133 133 4 
2 1 2 7039
134 202 265 209 
135 2145 2901 2168 
136 3278 3305 560 
137 2338 2380 2085 
138 2205 3292 924 
139 770 2910 769 
140 1050 1073 845 
141 2171 3059 2371 
142 769 2910 817 
143 2136 2286 2169 
144 305 306 303 
145 2221 3247 2300 
146 621 3196 3149 
147 860 2351 2251 
148 2409 3103 2171 
149 912 1093 403 
150 887 2996 886 
151 2180 2908 2359 
152 2170 2927 1928 
153 824 3402 2973 
154 816 2869 777 
155 264 3409 1214 
156 777 2869 780 
157 291 1197 928 
158 2265 3293 1507 
159 955 3278 560 
160 1859 2890 2215 
161 2541 3049 2830 
162 1441 3244 1566 
163 706 3010 705 
164 2217 3055 621 
165 514 2380 2338 
166 2409 3157 1570 
167 275 3296 278 
168 2291 2892 2840 
169 2304 3508 1504 
170 2141 2311 2301 
171 2285 2299 1475 
172 1489 2249 2192 
173 1270 1272 861 
174 242 250 247 
175 956 2833 2435 
176 2435 3304 956 
177 1474 2908 2225 
178 2103 2659 2361 
179 202 1246 265 
180 2990 3180 862 
181 1478 2348 2235 
182 2235 2309 1478 
183 209 212 211 
184 469 3404 2883 
185 2046 3436 2255 
186 2193 2998 2873 
187 1475 2863 2285 
188 1490 3230 2241 
189 704 3566 3039 
190 765 2993 2695 
191 2289 2348 1478 
192 246 1201 245 
193 860 3081 2351 
194 2933 3076 1869 
195 1481 2932 2826 
196 265 2968 209 
197 1152 1256 152 
198 1504 3508 2248 
199 2192 3053 1489 
200 298 1071 142 
201 2973 3415 735 
202 2224 2321 740 
203 221 3579 224 
204 2266 2267 813 
205 1481 2890 2236 
206 715 1216 712 
207 1214 3257 214 
208 591 918 589 
209 845 1259 1050 
210 2090 2932 1481 
211 499 2500 2499 
212 3206 3455 3207 
213 1872 3505 2182 
214 204 1205 1014 
215 2315 2316 2067 
216 705 3010 1052 
217 212 3257 211 
218 2241 2339 1490 
219 1825 2501 1761 
220 2850 2928 2849 
221 740 2322 2224 
222 3049 3384 823 
223 750 3360 2860 
224 745 3373 3049 
225 869 1058 338 
226 2255 2388 2046 
227 2850 3043 632 
228 595 2873 486 
229 2333 2980 2400 
230 2875 2897 1838 
231 2225 3029 1474 
232 2065 3530 1605 
233 153 914 863 
234 730 2945 2727 
235 778 3000 776 
236 1443 3255 2065 
237 2410 3157 2409 
238 2289 3491 2348 
239 592 3253 2999 
240 1507 3293 1621 
241 2316 2819 2067 
242 403 1176 912 
243 2860 3364 822 
244 1484 3161 2260 
245 2226 2897 2875 
246 2972 3422 825 
247 924 2820 2205 
248 484 3275 2586 
249 555 3098 552 
250 728 3366 729 
251 273 3242 962 
252 621 2914 2217 
253 2374 3091 1728 
254 3081 3336 464 
255 2040 2906 2259 
256 946 948 295 
257 850 2277 2275 
258 2136 2358 2286 
259 486 2873 489 
260 1818 3064 2143 
261 2032 2248 2247 
262 268 920 857 
263 2190 2981 1841 
264 632 2929 2850 
265 157 1068 1066 
266 2150 2151 2149 
267 317 1170 315 
268 2148 2149 2147 
269 3005 3109 2486 
270 2228 3139 1876 
271 2141 2931 2311 
272 2166 2853 2167 
273 750 2335 2214 
274 656 3085 3065 
275 583 3294 420 
276 1821 3541 2081 
277 655 2902 679 
278 727 3366 728 
279 2373 3437 2258 
280 522 3013 520 
281 2999 3256 489 
282 2069 2136 1925 
283 1817 2080 1821 
284 2146 2147 1639 
285 1177 3155 176 
286 1094 1095 198 
287 2392 3541 2307 
288 538 3013 522 
289 2360 2921 821 
290 2214 2360 750 
291 499 2499 2498 
292 2361 2921 2360 
293 1068 3424 225 
294 560 3003 445 
295 2182 2235 2181 
296 339 2822 2317 
297 2182 2372 2235 
298 2258 2986 2918 
299 2221 2300 2285 
300 816 2868 2732 
301 2732 2869 816 
302 1259 3113 257 
303 184 3291 183 
304 1099 1208 422 
305 3235 3399 229 
306 236 3410 3167 
307 1892 2220 2219 
308 1570 3103 2409 
309 2873 2998 489 
310 1909 2141 2140 
311 2146 2148 2147 
312 2148 2150 2149 
313 305 307 306 
314 2935 3076 2933 
315 735 3415 2972 
316 2235 2348 2181 
317 765 3331 2993 
318 1242 2810 452 
319 2586 3275 2887 
320 2169 2170 1926 
321 399 3178 1264 
322 2157 2213 2155 
323 1642 1663 1641 
324 3046 3167 234 
325 2191 2226 2190 
326 1881 2229 2228 
327 225 3051 1068 
328 1841 2981 1937 
329 1663 1898 1897 
330 291 3460 927 
331 2202 3244 1441 
332 2993 3332 819 
333 2373 2866 32 
334 2256 3104 2038 
335 2830 3049 823 
336 2261 3105 2262 
337 3065 3085 2926 
338 2229 2231 2228 
339 2248 3508 2247 
340 813 2879 2266 
341 1509 2265 1507 
342 209 2968 212 
343 241 3495 1233 
344 222 297 254 
345 2210 3261 2080 
346 2080 3541 1821 
347 1912 3492 2247 
348 219 3180 2990 
349 1051 1256 1152 
350 1573 2146 1639 
351 2595 2688 858 
352 306 3452 303 
353 850 2279 2277 
354 2849 2928 1669 
355 301 3534 302 
356 2285 2863 2223 
357 2173 3084 3041 
358 2400 2980 1604 
359 1848 2841 2239 
360 1898 1900 1899 
361 2157 3140 2213 
362 2324 3267 2160 
363 2236 2890 2390 
364 822 3364 3050 
365 2168 2901 1902 
366 1480 2090 1481 
367 269 1057 146 
368 253 1071 298 
369 530 3476 533 
370 3196 3446 563 
371 705 3200 706 
372 291 927 919 
373 2486 3429 3005 
374 2307 3541 3261 
375 578 3071 501 
376 164 1047 165 
377 270 3529 271 
378 1872 2182 1870 
379 275 278 277 
380 2179 2225 2178 
381 2260 2896 1484 
382 2397 2406 38 
383 501 3071 504 
384 2255 3436 2232 
385 769 3327 770 
386 2247 3508 1912 
387 1573 1639 1571 
388 194 1261 870 
389 1866 3557 1893 
390 1926 2170 1928 
391 2300 3247 2211 
392 924 3292 2926 
393 3020 3245 2943 
394 2020 2204 2203 
395 1909 2140 1830 
396 3050 3373 745 
397 817 3326 769 
398 447 1272 1270 
399 2461 2463 1655 
400 1900 1925 1901 
401 777 3324 816 
402 2361 2659 2023 
403 526 3223 529 
404 1893 2179 2178 
405 1876 3139 2227 
406 780 3323 777 
407 2258 3437 2257 
408 1866 1893 1864 
409 1841 1937 1839 
410 3298 3416 294 
411 338 1059 869 
412 2191 2913 2296 
413 552 3098 559 
414 2143 2210 2080 
415 2155 2186 2153 
416 264 3179 862 
417 1925 2169 1926 
418 1848 2239 1845 
419 760 2861 2842 
420 157 1070 1068 
421 2027 2200 2199 
422 2221 2223 2220 
423 2884 3376 468 
424 1729 1817 1728 
425 863 1252 153 
426 711 3231 2279 
427 1844 2190 1841 
428 2238 2949 2042 
429 1870 2181 1866 
430 2028 2246 2027 
431 1487 1603 1483 
432 1911 2027 1890 
433 760 3142 2861 
434 253 297 222 
435 1818 2143 1817 
436 1657 2825 2320 
437 1578 1667 1576 
438 792 1196 1174 
439 1900 2069 1925 
440 253 3424 1071 
441 868 3192 266 
442 2926 3292 3065 
443 574 3219 3072 
444 307 308 306 
445 1817 1821 1728 
446 1441 1566 1443 
447 3041 3084 1835 
448 2167 2404 2159 
449 712 1216 1028 
450 2151 2258 2257 
451 2030 2245 2028 
452 565 3482 3446 
453 1890 2199 1887 
454 3348 3462 821 
455 1180 1182 804 
456 2301 2947 2141 
457 2153 2187 2150 
458 2463 3044 1655 
459 1507 1621 1503 
460 2287 3161 1484 
461 1443 2065 1451 
462 1599 1641 1597 
463 3072 3222 504 
464 1215 3026 289 
465 2313 3230 1490 
466 393 3067 1264 
467 1839 2234 1833 
468 1864 2177 1861 
469 2171 3103 3059 
470 2219 2841 1848 
471 2317 2962 339 
472 178 3100 181 
473 3105 3487 2262 
474 2032 2247 2030 
475 2461 3018 2460 
476 2220 2222 2219 
477 2155 2213 2186 
478 1604 2978 2928 
479 1860 2211 1854 
480 1881 2228 1878 
481 1898 1902 1900 
482 2750 3292 2205 
483 1272 2834 861 
484 2695 3116 765 
485 1470 2237 1416 
486 1174 3158 792 
487 1850 2219 1848 
488 2341 2342 818 
489 524 3079 2365 
490 400 961 398 
491 2211 3247 1852 
492 857 1233 268 
493 2324 2941 1578 
494 2282 3058 717 
495 2258 2866 2373 
496 2514 3166 755 
497 173 3368 885 
498 1893 2178 2177 
499 2250 2974 2925 
500 1911 2028 2027 
501 1844 2191 2190 
502 468 3404 2884 
503 303 3452 859 
504 495 3062 492 
505 1761 2501 1760 
506 1870 2182 2181 
507 3036 3445 519 
508 755 3165 2514 
509 2689 3163 457 
510 2851 3279 2161 
511 278 3407 277 
512 2365 3079 2389 
513 1436 2202 1433 
514 1201 3056 245 
515 514 3017 513 
516 1995 3114 2976 
517 804 3000 778 
518 2333 3383 2980 
519 776 3000 791 
520 2229 2381 2231 
521 867 1040 1039 
522 546 3385 547 
523 587 3297 586 
524 1063 1064 588 
525 580 3531 2500 
526 243 3538 245 
527 1503 2379 1501 
528 1232 3113 910 
529 1912 3508 2304 
530 1501 2349 1497 
531 860 3477 3081 
532 2951 3380 2303 
533 1854 2211 1852 
534 1878 2228 1876 
535 602 2354 2352 
536 1451 1605 1457 
537 486 3266 595 
538 2151 2257 2256 
539 2959 3217 1228 
540 1874 2025 1872 
541 1928 2927 2020 
542 3318 3488 814 
543 183 3463 184 
544 2379 2904 1501 
545 1830 3064 1818 
546 271 3471 272 
547 3261 3541 2080 
548 2248 2871 1504 
549 470 3030 467 
550 1892 2219 1850 
551 2342 2356 818 
552 3206 3207 391 
553 298 1231 163 
554 163 3052 298 
555 867 1170 1040 
556 585 3489 584 
557 2230 2241 2229 
558 1666 1728 1664 
559 2290 3438 2983 
560 2397 2404 2167 
561 2030 2247 2245 
562 2247 3492 2245 
563 554 2412 2411 
564 1024 3273 911 
565 2147 2375 1639 
566 920 2988 686 
567 2038 3104 2261 
568 1581 2324 1578 
569 1663 1897 1641 
570 3327 3453 770 
571 207 2970 192 
572 586 3297 585 
573 2983 3438 2262 
574 668 2917 923 
575 913 1202 293 
576 291 1198 1197 
577 257 3113 1232 
578 787 3217 2958 
579 814 3469 3318 
580 2899 2962 2317 
581 1599 1642 1641 
582 513 3017 604 
583 2840 2892 2200 
584 2958 3217 2957 
585 1480 1481 1477 
586 1066 1067 157 
587 2201 2892 2334 
588 1436 2949 2202 
589 529 3223 530 
590 257 3131 1259 
591 2043 2890 1859 
592 3001 3432 2142 
593 1642 1664 1663 
594 140 3026 1215 
595 2902 2915 2176 
596 1583 1670 1581 
597 1831 1909 1830 
598 2306 2392 2307 
599 709 1028 714 
600 2166 2167 2159 
601 597 1133 623 
602 3004 3028 1512 
603 818 3328 2886 
604 2167 2406 2397 
605 2103 2361 2214 
606 489 3256 486 
607 678 3381 386 
608 2976 3114 2598 
609 1451 2065 1605 
610 2371 3034 2051 
611 1852 1892 1850 
612 2499 2501 1825 
613 315 1170 867 
614 1248 3201 159 
615 2141 2947 2140 
616 2919 2920 692 
617 2886 3331 765 
618 2826 2890 1481 
619 2234 3001 2142 
620 2382 2590 1975 
621 1876 2227 1874 
622 302 3497 301 
623 2245 3492 3396 
624 2382 2383 1746 
625 959 1077 151 
626 186 3128 868 
627 2137 2977 2837 
628 2199 3284 1887 
629 1497 2349 1496 
630 504 3070 2212 
631 2383 2399 1746 
632 2853 3279 2203 
633 1139 1208 1099 
634 2255 3307 1662 
635 494 3567 3248 
636 2573 2884 469 
637 856 3109 3005 
638 850 2845 1237 
639 1898 1899 1897 
640 2025 3505 1872 
641 312 867 310 
642 804 3170 1180 
643 519 3095 3036 
644 705 1052 708 
645 820 3337 3166 
646 2212 3072 504 
647 2036 2086 2034 
648 1433 2202 1441 
649 953 3216 1026 
650 509 2832 2819 
651 1882 2230 1881 
652 340 2962 2899 
653 1054 1236 229 
654 2966 3426 711 
655 2020 2203 2021 
656 445 1271 446 
657 2178 2908 2180 
658 3322 3431 815 
659 135 1252 863 
660 513 3398 514 
661 2166 3279 2853 
662 248 256 250 
663 925 3156 1236 
664 3166 3345 755 
665 2234 3141 1833 
666 2357 2468 1814 
667 2500 3531 2898 
668 218 1238 221 
669 564 3446 3196 
670 925 1263 893 
671 2167 2853 2406 
672 192 2970 189 
673 928 3460 291 
674 290 919 915 
675 2246 3282 2027 
676 2302 2951 2303 
677 1892 2221 2220 
678 602 2824 2354 
679 2168 2374 2145 
680 479 2936 2556 
681 501 3225 578 
682 1663 2168 1898 
683 2556 2938 479 
684 627 1263 925 
685 964 1255 285 
686 862 3180 264 
687 2211 2391 2300 
688 2296 3092 2191 
689 2727 2945 2817 
690 2356 2909 770 
691 142 1231 298 
692 1572 1573 1571 
693 2067 3412 2315 
694 785 2323 2284 
695 2210 2398 2314 
696 2245 2246 2028 
697 825 3022 2638 
698 2695 2993 2569 
699 2175 3359 2216 
700 504 3222 501 
701 2181 3557 1866 
702 1480 3551 2090 
703 3150 3206 391 
704 826 3355 1058 
705 1263 3467 893 
706 86 1070 85 
707 547 3385 2930 
708 2150 2986 2151 
709 1069 1203 141 
710 906 1080 683 
711 245 3538 246 
712 2279 3106 711 
713 1820 1830 1818 
714 2136 2169 1925 
715 863 3382 135 
716 544 3385 546 
717 812 3356 926 
718 562 920 686 
719 1209 1210 259 
720 2215 3047 1859 
721 2060 3076 2935 
722 332 1059 334 
723 1900 1901 1899 
724 1057 1235 146 
725 2038 2261 2036 
726 794 1216 715 
727 861 3191 1242 
728 3020 3544 3163 
729 531 984 982 
730 2495 3071 2496 
731 1817 2143 2080 
732 987 3030 561 
733 910 913 246 
734 2357 2909 2356 
735 2999 3253 488 
736 424 958 957 
737 1495 1496 1493 
738 2152 2153 2150 
739 2085 3159 2338 
740 2235 2372 2309 
741 462 2647 2253 
742 3167 3410 234 
743 362 1170 317 
744 712 1028 709 
745 160 3155 1177 
746 2930 3385 620 
747 2237 2347 1416 
748 2245 3396 2246 
749 1089 1090 619 
750 337 3181 668 
751 1860 2391 2211 
752 2283 3055 2217 
753 2142 2931 2141 
754 2391 3271 2180 
755 1046 2920 2346 
756 921 932 292 
757 302 3198 914 
758 3039 3566 703 
759 469 2882 2573 
760 340 3475 2962 
761 1506 3034 2371 
762 888 1038 161 
763 821 3462 2360 
764 1065 3007 1063 
765 310 3502 307 
766 2177 3271 1861 
767 931 1261 194 
768 604 3417 513 
769 2284 2376 785 
770 2151 2986 2258 
771 2872 3436 1457 
772 2069 2827 2136 
773 1501 2904 2349 
774 488 3256 2999 
775 211 3257 213 
776 509 3175 2832 
777 2831 3267 2324 
778 584 3489 583 
779 2463 3041 1835 
780 2309 2372 1867 
781 1655 3018 2461 
782 1568 1571 1512 
783 396 678 386 
784 2027 2199 1890 
785 2241 3230 2229 
786 271 272 270 
787 547 3403 546 
788 2988 3423 686 
789 1052 3349 2966 
790 2038 2264 2256 
791 1928 2020 1930 
792 1244 1248 159 
793 2221 2285 2223 
794 168 3259 1130 
795 1045 2829 1044 
796 1026 3361 953 
797 787 2958 766 
798 1728 3091 1664 
799 2867 3550 1641 
800 1604 2928 2400 
801 2223 2863 2340 
802 492 3062 570 
803 2306 2307 1730 
804 2302 2303 1590 
805 2945 3528 889 
806 1475 2299 2297 
807 2292 2294 1838 
808 597 3392 1133 
809 2368 2370 340 
810 1880 1881 1878 
811 1666 1729 1728 
812 1857 1860 1854 
813 249 3056 261 
814 495 3184 3062 
815 2286 2358 44 
816 2301 2311 53 
817 17 2310 1491 
818 15 2287 1484 
819 60 2295 1435 
820 49 2306 1730 
821 47 2302 1590 
822 13 2309 1867 
823 51 2314 1458 
824 25 2305 1912 
825 19 2313 1490 
826 591 1025 918 
827 2159 2404 2157 
828 2239 2913 2191 
829 250 252 247 
830 261 3529 270 
831 2286 3281 2169 
832 1925 1926 1901 
833 2200 2892 2201 
834 1910 2905 2325 
835 2186 2187 2153 
836 1883 2892 2291 
837 2187 2986 2150 
838 1067 1250 157 
839 851 1073 1050 
840 2081 3541 2392 
841 292 3296 275 
842 1512 3028 1509 
843 588 1065 1063 
844 1589 1622 1587 
845 553 3584 2413 
846 2283 2843 564 
847 1574 1576 1573 
848 885 3187 173 
849 2314 2398 1458 
850 2220 2847 2222 
851 228 3399 3235 
852 775 3325 3212 
853 2142 3141 2234 
854 559 891 890 
855 1814 2469 2357 
856 542 2891 541 
857 785 3320 2888 
858 714 1028 963 
859 825 2638 2394 
860 605 3007 1065 
861 2267 2268 813 
862 2275 2845 850 
863 3212 3326 817 
864 2888 3322 815 
865 1840 1841 1839 
866 2200 2201 2199 
867 1865 1866 1864 
868 2314 3261 2210 
869 3428 3503 3215 
870 1729 1818 1817 
871 2316 3503 3428 
872 1896 2395 1895 
873 1096 1186 197 
874 2340 2863 1 
875 1236 3156 229 
876 2471 2902 2176 
877 2896 3073 2310 
878 951 964 285 
879 1081 3382 676 
880 2354 2824 474 
881 1237 3408 717 
882 1034 3013 538 
883 400 2859 961 
884 2957 3217 2959 
885 680 2902 2471 
886 1670 2324 1581 
887 2390 2890 2043 
888 2071 3027 2336 
889 722 3354 724 
890 686 3098 555 
891 2320 2825 2369 
892 2980 3383 3088 
893 1482 1483 1480 
894 740 3391 2818 
895 1893 2177 1864 
896 1937 2234 1839 
897 3072 3219 503 
898 2213 3510 2186 
899 1502 1503 1501 
900 3008 3340 630 
901 2401 2928 2850 
902 823 3110 2321 
903 1206 1219 203 
904 2376 2948 814 
905 1578 2941 1667 
906 590 3125 589 
907 3257 3439 214 
908 812 926 799 
909 537 3093 515 
910 503 3222 3072 
911 2154 2155 2153 
912 2320 3405 1657 
913 2973 3402 734 
914 721 3246 1035 
915 565 3446 3310 
916 2263 2949 1436 
917 2242 2339 2241 
918 592 2999 2682 
919 1065 3125 605 
920 589 3125 587 
921 2251 3254 860 
922 1035 3389 721 
923 1573 3343 2146 
924 2151 2256 2149 
925 668 923 371 
926 246 1232 910 
927 2308 2339 2334 
928 1071 3424 1068 
929 2229 3230 2381 
930 2860 3360 747 
931 3198 3534 859 
932 179 3194 909 
933 314 315 312 
934 1885 1886 1882 
935 540 2900 542 
936 176 1191 1177 
937 2226 2875 2190 
938 1882 3276 2230 
939 1500 1501 1497 
940 2209 3445 3036 
941 676 1082 1081 
942 1067 3363 252 
943 185 3448 187 
944 2295 3545 1435 
945 2298 2908 1474 
946 234 3410 3353 
947 1863 1864 1861 
948 742 3384 3049 
949 867 1039 310 
950 187 3448 188 
951 747 3364 2860 
952 1045 2346 2343 
953 2285 2300 2299 
954 1902 3228 1900 
955 217 3342 218 
956 604 3017 2337 
957 235 3485 237 
958 1837 1839 1833 
959 3049 3373 742 
960 1684 2399 1692 
961 121 3162 1026 
962 2261 3535 2036 
963 2500 3117 580 
964 734 3415 2973 
965 2339 3204 2334 
966 2282 3160 3058 
967 1881 2230 2229 
968 2682 3559 592 
969 1014 1219 1206 
970 1423 2347 1436 
971 337 668 371 
972 1026 3216 121 
973 954 955 560 
974 542 2900 2367 
975 2818 3402 824 
976 296 3026 124 
977 814 3488 2376 
978 288 3511 1254 
979 609 3223 526 
980 1044 3518 702 
981 1852 3247 1892 
982 2837 2977 1608 
983 1576 3343 1573 
984 1483 3551 1480 
985 1664 3091 1663 
986 1746 2590 2382 
987 2224 2382 1975 
988 578 2498 2496 
989 2169 3281 2170 
990 556 3196 563 
991 770 3453 2356 
992 561 3030 470 
993 570 1118 1020 
994 2420 3212 817 
995 309 310 307 
996 554 3043 2412 
997 447 1273 1272 
998 151 3536 959 
999 1214 3409 213 
1000 1842 1844 1841 
1001 2918 3221 1569 
1002 582 583 420 
1003 2395 2948 2376 
1004 390 3067 393 
1005 2179 3491 2225 
1006 1587 2985 2846 
1007 803 3517 2955 
1008 467 3030 531 
1009 2290 2983 29 
1010 204 3465 1189 
1011 1662 2388 2255 
1012 153 3199 914 
1013 1868 1870 1866 
1014 1441 1443 1442 
1015 3023 3333 1075 
1016 256 1203 250 
1017 717 3555 2282 
1018 2993 3331 762 
1019 1910 1911 1890 
1020 2321 3110 740 
1021 443 560 445 
1022 2216 2867 2175 
1023 2831 2851 2161 
1024 1909 2142 2141 
1025 2565 2973 735 
1026 1486 1487 1483 
1027 692 3481 3352 
1028 762 3332 2993 
1029 1238 3265 1211 
1030 1052 2966 708 
1031 124 3427 296 
1032 2036 3535 2086 
1033 929 3443 2960 
1034 730 3546 3022 
1035 1039 3502 310 
1036 233 3410 235 
1037 906 3006 1080 
1038 267 3201 1248 
1039 2178 2180 2177 
1040 1185 3371 1207 
1041 2042 2949 2263 
1042 2496 3071 578 
1043 171 3155 169 
1044 851 857 572 
1045 213 3257 1214 
1046 1228 3378 2959 
1047 1267 3002 1079 
1048 572 920 562 
1049 819 3332 2992 
1050 285 3507 951 
1051 2342 2468 2357 
1052 164 165 150 
1053 1577 1578 1576 
1054 301 3497 138 
1055 2027 3282 2200 
1056 914 3199 302 
1057 1090 3489 619 
1058 526 3134 609 
1059 1566 3255 1443 
1060 237 3485 238 
1061 141 1203 1027 
1062 817 3211 2420 
1063 2883 3404 466 
1064 1479 1480 1477 
1065 2156 2157 2155 
1066 702 3039 703 
1067 2920 3372 692 
1068 2992 3334 760 
1069 783 3170 781 
1070 1173 2900 540 
1071 1444 2931 2293 
1072 766 2958 763 
1073 963 1048 714 
1074 813 3316 2879 
1075 1207 3371 144 
1076 2879 3317 798 
1077 823 3384 3110 
1078 1587 2846 1583 
1079 3396 3492 2305 
1080 2321 2830 823 
1081 2727 3546 730 
1082 398 961 404 
1083 1889 1890 1887 
1084 394 1059 332 
1085 334 1059 338 
1086 1415 2347 1423 
1087 3048 3049 2541 
1088 183 3291 185 
1089 2635 3050 745 
1090 1509 3028 2265 
1091 2029 2030 2028 
1092 948 951 295 
1093 905 3392 413 
1094 1443 1451 1450 
1095 1030 1032 214 
1096 2405 3152 2312 
1097 1242 3191 2810 
1098 466 3582 2883 
1099 302 3534 3198 
1100 2040 3082 2906 
1101 339 2996 2822 
1102 1211 3265 3080 
1103 561 3240 987 
1104 960 3002 1267 
1105 2837 3412 2067 
1106 1233 3495 238 
1107 1622 2985 1587 
1108 3022 3546 2638 
1109 1820 1831 1830 
1110 1505 1507 1503 
1111 2254 3190 3107 
1112 2193 2873 2515 
1113 293 1201 913 
1114 2471 2838 680 
1115 2953 2984 2952 
1116 564 3055 2283 
1117 275 3209 292 
1118 2411 2413 554 
1119 181 3463 183 
1120 3065 3292 2750 
1121 311 312 310 
1122 2204 3122 2203 
1123 168 3525 3077 
1124 793 3333 3023 
1125 1598 1599 1597 
1126 216 3342 217 
1127 467 3404 468 
1128 158 299 297 
1129 3143 3208 1239 
1130 927 3443 919 
1131 474 3440 2354 
1132 2349 2925 1496 
1133 803 2955 2954 
1134 2925 2974 1496 
1135 2316 3428 2819 
1136 1596 1597 1592 
1137 1433 1441 1437 
1138 2836 3107 780 
1139 869 3377 1058 
1140 228 3290 230 
1141 1181 3025 630 
1142 1180 3170 1178 
1143 1855 3263 3133 
1144 930 3258 908 
1145 732 3422 2972 
1146 2191 3092 2226 
1147 916 3394 915 
1148 287 3562 289 
1149 422 3362 1099 
1150 2348 3491 2179 
1151 413 3094 905 
1152 524 3151 3079 
1153 3087 3469 814 
1154 2773 3177 399 
1155 1178 3170 796 
1156 595 3266 2907 
1157 629 3340 628 
1158 2858 2859 400 
1159 1054 3399 1210 
1160 2227 3512 1874 
1161 3262 3441 1060 
1162 1473 2237 1470 
1163 2230 2242 2241 
1164 1495 1497 1496 
1165 2294 2875 1838 
1166 620 3385 3241 
1167 313 314 312 
1168 3050 3364 744 
1169 1621 2379 1503 
1170 424 1241 958 
1171 1020 1249 535 
1172 731 3422 732 
1173 1423 1436 1433 
1174 485 3249 482 
1175 508 3303 510 
1176 420 3294 633 
1177 2348 3086 2181 
1178 303 3534 301 
1179 2845 3408 1237 
1180 2061 2395 1896 
1181 2182 2965 2372 
1182 2500 2501 2499 
1183 2896 3174 3073 
1184 745 3048 2635 
1185 954 2859 955 
1186 1871 1872 1870 
1187 1232 3486 257 
1188 2378 3108 1603 
1189 289 3026 296 
1190 885 3479 206 
1191 1270 1271 447 
1192 202 209 208 
1193 1489 3053 1487 
1194 919 3443 916 
1195 1264 3178 393 
1196 231 3353 232 
1197 2020 2021 1930 
1198 2070 3380 2951 
1199 510 3093 527 
1200 3124 3145 173 
1201 1895 2395 2284 
1202 744 3373 3050 
1203 470 3376 471 
1204 725 2889 2537 
1205 457 3454 2689 
1206 2148 2152 2150 
1207 448 3068 449 
1208 915 3394 629 
1209 252 1069 1067 
1210 1504 2871 2290 
1211 2160 2941 2324 
1212 148 3216 953 
1213 462 3522 2648 
1214 2810 2848 452 
1215 725 3547 3354 
1216 3142 3337 820 
1217 735 2971 2565 
1218 2972 3415 732 
1219 733 3415 734 
1220 198 1240 1094 
1221 2303 2392 1590 
1222 1218 3548 182 
1223 951 3561 295 
1224 2158 2159 2157 
1225 628 3340 590 
1226 3101 3514 573 
1227 2266 2879 798 
1228 1568 1572 1571 
1229 2322 2382 2224 
1230 2976 3544 677 
1231 917 1227 1225 
1232 2619 2976 677 
1233 1020 3289 570 
1234 511 3398 512 
1235 3107 3431 780 
1236 2184 3165 2922 
1237 446 3068 448 
1238 602 3315 2824 
1239 691 3481 692 
1240 135 3382 1081 
1241 241 1233 1050 
1242 3237 3537 2253 
1243 573 3346 3101 
1244 1835 3044 2463 
1245 2907 3274 484 
1246 845 3113 1259 
1247 729 3422 731 
1248 2161 3267 2831 
1249 3040 3041 706 
1250 250 1203 252 
1251 466 3404 467 
1252 1880 1882 1881 
1253 288 1254 981 
1254 3217 3509 1229 
1255 656 3065 2450 
1256 630 3421 1181 
1257 2041 3358 2375 
1258 736 3402 737 
1259 1857 1861 1860 
1260 1050 1233 857 
1261 922 934 933 
1262 660 1038 888 
1263 535 3289 1020 
1264 464 3537 3237 
1265 2897 3092 1434 
1266 292 962 921 
1267 3055 3196 621 
1268 1746 2399 1684 
1269 1692 2399 1903 
1270 1874 3512 2025 
1271 445 3280 2165 
1272 221 224 223 
1273 2343 2403 1045 
1274 391 3434 2240 
1275 917 1230 1227 
1276 168 3077 1097 
1277 2367 2823 542 
1278 472 3344 473 
1279 1014 1206 204 
1280 3134 3135 609 
1281 2326 2362 2327 
1282 1184 3523 791 
1283 593 2989 2389 
1284 2389 2989 2364 
1285 732 3415 733 
1286 1488 1489 1487 
1287 142 1070 86 
1288 85 1070 157 
1289 3107 3190 815 
1290 3213 3388 887 
1291 304 305 303 
1292 1190 1218 182 
1293 259 1211 1209 
1294 2204 3152 2405 
1295 520 3013 517 
1296 1264 3473 3130 
1297 2383 3283 2911 
1298 2359 2391 2180 
1299 1444 2293 2292 
1300 1490 2339 2308 
1301 2297 2298 1474 
1302 2291 2840 1498 
1303 2308 2334 1883 
1304 1579 1581 1578 
1305 738 3391 739 
1306 3283 3496 2911 
1307 1489 3568 2249 
1308 2149 2264 2147 
1309 1496 2974 1493 
1310 699 1044 702 
1311 515 3093 512 
1312 2031 2032 2030 
1313 161 1223 888 
1314 855 1048 963 
1315 449 2987 451 
1316 2305 3492 1912 
1317 2246 3396 2840 
1318 1173 3138 2900 
1319 1477 2236 1473 
1320 3185 3232 499 
1321 205 3260 1130 
1322 680 3164 679 
1323 1233 3485 268 
1324 2336 3027 1605 
1325 532 3467 1263 
1326 3029 3491 2289 
1327 859 3534 303 
1328 209 211 210 
1329 2866 2918 1569 
1330 2885 3140 1575 
1331 271 3416 3298 
1332 734 3402 736 
1333 1886 3276 1882 
1334 2330 2362 2333 
1335 2330 2333 2332 
1336 2363 2828 2403 
1337 631 2975 2436 
1338 2259 3111 2040 
1339 1729 2893 1819 
1340 741 3384 742 
1341 308 401 306 
1342 2046 2388 2082 
1343 468 3376 470 
1344 277 3407 279 
1345 791 3000 1184 
1346 2075 2364 1828 
1347 603 3503 2380 
1348 621 3149 2413 
1349 630 3025 3008 
1350 915 918 290 
1351 3175 3219 574 
1352 1589 2216 1622 
1353 1900 3228 2069 
1354 787 3509 3217 
1355 475 3315 476 
1356 2912 3545 2295 
1357 737 3391 738 
1358 2075 2389 2364 
1359 2450 3335 656 
1360 1457 3436 2046 
1361 3135 3151 524 
1362 515 3417 516 
1363 2460 3018 1634 
1364 743 3373 744 
1365 611 3208 3143 
1366 2223 3563 2220 
1367 1487 3053 1603 
1368 1662 3307 1600 
1369 512 3398 513 
1370 3154 3253 592 
1371 494 2386 2384 
1372 1037 1072 866 
1373 825 3422 3022 
1374 1416 2347 1415 
1375 3041 3210 706 
1376 718 2828 2396 
1377 1481 2236 1477 
1378 540 3516 533 
1379 2412 3043 2850 
1380 1133 3392 905 
1381 739 3384 741 
1382 798 3288 2266 
1383 1451 1457 1456 
1384 531 3030 984 
1385 870 3144 194 
1386 746 3364 747 
1387 2760 3035 2950 
1388 2398 2947 1458 
1389 2262 3535 2261 
1390 1165 1239 362 
1391 513 3417 515 
1392 1093 3309 403 
1393 74 1190 73 
1394 1571 3004 1512 
1395 471 3344 472 
1396 742 3373 743 
1397 740 2818 2322 
1398 362 1239 1170 
1399 1634 2467 2460 
1400 855 963 922 
1401 2876 3244 2877 
1402 748 3360 749 
1403 3040 3200 3037 
1404 1849 1850 1848 
1405 2912 2913 2222 
1406 477 3301 478 
1407 1508 1509 1507 
1408 815 3431 3107 
1409 595 2864 2515 
1410 38 2406 39 
1411 37 2397 38 
1412 43 2286 44 
1413 61 2340 1 
1414 31 2373 32 
1415 52 2301 53 
1416 14 2287 15 
1417 16 2310 17 
1418 59 2295 60 
1419 28 2290 29 
1420 12 2309 13 
1421 46 2302 47 
1422 48 2306 49 
1423 50 2314 51 
1424 24 2305 25 
1425 18 2313 19 
1426 744 3364 746 
1427 148 3339 1223 
1428 1641 3550 1597 
1429 499 3232 3117 
1430 1230 3378 1227 
1431 929 3378 1230 
1432 2023 2921 2361 
1433 2375 3358 1639 
1434 751 3348 752 
1435 2279 3231 2277 
1436 243 245 244 
1437 3274 3275 484 
1438 176 3155 171 
1439 1666 2893 1729 
1440 238 3485 1233 
1441 218 221 220 
1442 2338 3017 514 
1443 1873 1874 1872 
1444 546 3403 548 
1445 463 3336 3081 
1446 1847 1848 1845 
1447 1436 3171 2263 
1448 152 3182 1152 
1449 747 3360 748 
1450 2161 2166 2159 
1451 753 3345 754 
1452 2824 3344 474 
1453 457 2597 2596 
1454 3087 3288 798 
1455 3014 3195 2954 
1456 465 3477 466 
1457 3109 3160 2243 
1458 749 3348 751 
1459 3080 3265 219 
1460 3079 3151 521 
1461 756 3337 757 
1462 2240 3118 391 
1463 858 2689 2595 
1464 473 3315 475 
1465 1572 1574 1573 
1466 1133 1221 623 
1467 752 3345 753 
1468 789 3205 786 
1469 758 3334 759 
1470 480 3286 481 
1471 523 3135 3134 
1472 1072 1085 865 
1473 1665 1666 1664 
1474 191 3458 1266 
1475 754 3337 756 
1476 2184 2922 2921 
1477 761 3332 762 
1478 443 445 444 
1479 1271 2165 447 
1480 731 3024 728 
1481 757 3334 758 
1482 763 3331 764 
1483 289 3562 290 
1484 2403 2828 1045 
1485 232 3353 233 
1486 2024 2905 1910 
1487 759 3332 761 
1488 766 3328 767 
1489 1476 1477 1473 
1490 762 3331 763 
1491 266 3129 868 
1492 768 3327 769 
1493 2862 2874 2811 
1494 764 3328 766 
1495 517 3369 518 
1496 215 3409 216 
1497 436 954 440 
1498 771 3326 772 
1499 2280 3533 3359 
1500 1211 3080 1209 
1501 767 3327 768 
1502 2358 2827 1584 
1503 773 3325 774 
1504 769 3326 771 
1505 776 3324 777 
1506 2886 3328 764 
1507 1909 3141 2142 
1508 476 3301 477 
1509 772 3325 773 
1510 778 3323 779 
1511 510 3303 511 
1512 186 3291 1200 
1513 929 2960 2959 
1514 533 3476 540 
1515 774 3324 776 
1516 2086 3393 2034 
1517 781 3322 782 
1518 482 3274 483 
1519 777 3323 778 
1520 783 3320 784 
1521 2880 3478 2925 
1522 779 3322 781 
1523 786 3318 788 
1524 2363 2403 2052 
1525 782 3320 783 
1526 890 3451 559 
1527 789 3317 797 
1528 784 3318 786 
1529 799 3316 812 
1530 2894 3027 2071 
1531 788 3317 789 
1532 797 3316 799 
1533 764 3331 2886 
1534 538 3441 3262 
1535 2236 2237 1473 
1536 962 3209 273 
1537 1605 2872 1457 
1538 230 3290 231 
1539 2136 2827 2358 
1540 2380 3033 603 
1541 708 3106 710 
1542 2310 3073 1491 
1543 2337 3017 2338 
1544 1580 2405 40 
1545 1444 2292 55 
1546 11 2289 1478 
1547 45 2358 1584 
1548 1883 2291 22 
1549 1490 2308 20 
1550 27 2304 1504 
1551 1475 2297 7 
1552 1912 2304 26 
1553 8 2297 1474 
1554 23 2291 1498 
1555 21 2308 1883 
1556 54 2311 1444 
1557 42 2312 1585 
1558 1569 2350 34 
1559 56 2292 1838 
1560 41 2405 2312 
1561 578 3185 2498 
1562 1885 1887 1886 
1563 1860 3271 2391 
1564 948 964 951 
1565 1268 3014 978 
1566 478 3286 480 
1567 485 3266 486 
1568 2253 3537 462 
1569 2878 2895 2065 
1570 1193 2970 207 
1571 2855 3567 494 
1572 1036 1061 557 
1573 1597 3550 1592 
1574 2033 2034 2032 
1575 523 3151 3135 
1576 689 3012 688 
1577 32 2866 33 
1578 2267 2269 2268 
1579 1479 1482 1480 
1580 1603 3053 2378 
1581 3275 3286 596 
1582 1082 1164 662 
1583 676 1164 1082 
1584 1863 1865 1864 
1585 481 3274 482 
1586 487 3256 488 
1587 2349 2904 2903 
1588 200 3520 201 
1589 1837 1840 1839 
1590 699 702 701 
1591 386 3381 388 
1592 984 3030 987 
1593 565 3310 2844 
1594 3079 3269 593 
1595 2342 2357 2356 
1596 925 1236 627 
1597 315 867 312 
1598 314 316 315 
1599 213 3409 215 
1600 2214 2361 2360 
1601 982 1222 531 
1602 490 3253 491 
1603 483 3266 485 
1604 1423 1433 1424 
1605 1246 3520 203 
1606 172 3499 174 
1607 1500 1502 1501 
1608 690 851 572 
1609 2152 2154 2153 
1610 1130 3401 205 
1611 2413 2914 621 
1612 2515 2873 595 
1613 798 3469 3087 
1614 1130 3260 168 
1615 492 3248 493 
1616 1911 2325 2029 
1617 486 3256 487 
1618 1845 2239 1844 
1619 697 1044 699 
1620 693 1073 851 
1621 1217 3145 3124 
1622 1273 1274 1272 
1623 447 2045 1273 
1624 1625 3405 2319 
1625 557 1072 1036 
1626 2903 3189 2349 
1627 1095 1269 198 
1628 1937 3001 2234 
1629 314 1023 330 
1630 2236 2390 2237 
1631 495 3238 496 
1632 695 1073 693 
1633 488 3253 490 
1634 268 2988 920 
1635 842 3007 2964 
1636 818 2886 2341 
1637 846 1074 1042 
1638 1594 3021 2326 
1639 509 3215 3214 
1640 2537 2944 725 
1641 1582 1583 1581 
1642 857 920 572 
1643 851 1050 857 
1644 497 3232 498 
1645 2081 2145 1821 
1646 900 1056 903 
1647 1603 2934 1483 
1648 2436 2865 631 
1649 189 2970 187 
1650 1902 2901 2070 
1651 491 3248 492 
1652 1670 2831 2324 
1653 218 3265 1238 
1654 3166 3337 754 
1655 2586 3300 484 
1656 2093 3084 2173 
1657 500 3225 501 
1658 493 3238 495 
1659 1814 2470 2469 
1660 6 2863 1475 
1661 688 1188 673 
1662 502 3222 503 
1663 304 930 908 
1664 1583 2846 1670 
1665 710 3197 713 
1666 750 2860 2335 
1667 496 3232 497 
1668 2954 3195 803 
1669 2284 2395 2376 
1670 713 3057 716 
1671 866 1072 865 
1672 557 1085 1072 
1673 505 3219 506 
1674 2905 2906 2325 
1675 498 3225 500 
1676 520 3269 521 
1677 754 3345 3166 
1678 1492 1493 1489 
1679 507 3214 508 
1680 404 961 436 
1681 501 3222 502 
1682 1027 1194 141 
1683 557 1061 450 
1684 258 3306 3290 
1685 503 3219 505 
1686 1592 2216 1589 
1687 850 3197 2279 
1688 1086 1212 1048 
1689 181 183 182 
1690 1851 1852 1850 
1691 3353 3410 233 
1692 506 3214 507 
1693 2327 2362 2330 
1694 2827 2951 1584 
1695 2891 3241 541 
1696 2404 3140 2157 
1697 3019 3152 2927 
1698 516 3369 517 
1699 388 3206 3150 
1700 394 1088 1059 
1701 2919 3352 2844 
1702 91 160 90 
1703 2436 3304 2435 
1704 517 3013 537 
1705 1039 1040 438 
1706 802 1074 698 
1707 1441 1442 1437 
1708 1875 1876 1874 
1709 1059 1088 869 
1710 949 966 965 
1711 618 1053 663 
1712 1047 3012 689 
1713 2222 2913 2841 
1714 1809 2363 2052 
1715 1036 1072 1037 
1716 1048 1212 714 
1717 1717 2470 1720 
1718 940 3576 794 
1719 796 3170 783 
1720 781 3170 804 
1721 2216 3359 1622 
1722 922 963 934 
1723 934 935 933 
1724 702 703 701 
1725 1056 1091 417 
1726 900 1091 1056 
1727 551 3584 552 
1728 450 1061 448 
1729 2186 3221 2187 
1730 848 1064 828 
1731 1491 3073 2381 
1732 141 3312 1069 
1733 2293 2294 2292 
1734 2297 2299 2298 
1735 2350 2885 35 
1736 36 2885 1575 
1737 2955 3517 2958 
1738 975 978 977 
1739 308 402 401 
1740 2225 3491 3029 
1741 541 3241 543 
1742 178 181 180 
1743 1053 1054 663 
1744 2322 2383 2382 
1745 272 3209 275 
1746 1260 3024 950 
1747 229 3399 1054 
1748 573 3514 3311 
1749 1828 2364 1827 
1750 2906 3082 2325 
1751 1437 2701 1438 
1752 1482 1486 1483 
1753 224 3234 225 
1754 58 2897 1434 
1755 1838 2897 57 
1756 1046 2346 1044 
1757 593 3269 3123 
1758 522 3151 523 
1759 73 1190 139 
1760 1566 3244 2876 
1761 1840 1842 1841 
1762 1457 2046 1640 
1763 1580 3122 2405 
1764 828 1064 1062 
1765 2597 2598 2596 
1766 184 1262 1200 
1767 445 446 444 
1768 1865 1868 1866 
1769 1476 1479 1477 
1770 179 3319 3194 
1771 214 1166 1030 
1772 1042 1074 802 
1773 93 164 150 
1774 2225 2908 2178 
1775 1015 3101 2963 
1776 1511 1512 1509 
1777 2226 3092 2897 
1778 652 654 653 
1779 1844 2239 2191 
1780 2146 2377 2148 
1781 603 3303 3215 
1782 868 3129 186 
1783 1911 2029 2028 
1784 201 3520 202 
1785 2337 3036 604 
1786 2319 3405 2320 
1787 1242 3068 861 
1788 2035 2036 2034 
1789 1716 2470 1717 
1790 1720 2470 1814 
1791 340 2899 2368 
1792 2269 2270 2268 
1793 698 1074 696 
1794 616 1053 618 
1795 846 3090 2961 
1796 3243 3263 2877 
1797 1898 2168 1902 
1798 1433 1437 1424 
1799 1574 1577 1576 
1800 316 317 315 
1801 314 330 316 
1802 463 3477 465 
1803 726 3528 727 
1804 828 1062 808 
1805 1639 3483 1571 
1806 533 3516 541 
1807 1273 1275 1274 
1808 447 2165 2045 
1809 2045 2874 2862 
1810 785 2888 2323 
1811 2222 2841 2219 
1812 2379 2905 2024 
1813 952 3296 932 
1814 1887 3284 1886 
1815 898 1091 900 
1816 2906 3293 2259 
1817 2213 3140 2885 
1818 95 137 94 
1819 728 3024 795 
1820 436 961 954 
1821 2311 2931 1444 
1822 981 3390 288 
1823 1438 2700 2402 
1824 1889 1910 1890 
1825 2070 3228 1902 
1826 1023 1024 330 
1827 523 3134 525 
1828 957 3450 424 
1829 966 967 965 
1830 1061 1117 448 
1831 1258 3447 278 
1832 963 1028 934 
1833 935 936 933 
1834 922 933 932 
1835 3099 3302 904 
1836 937 940 939 
1837 2054 2403 2343 
1838 2052 2403 2054 
1839 923 1158 371 
1840 2048 2396 2363 
1841 2334 2892 1883 
1842 2072 2326 2074 
1843 978 979 977 
1844 402 405 401 
1845 308 438 402 
1846 1493 3568 1489 
1847 2381 3073 2231 
1848 949 1075 966 
1849 525 3134 526 
1850 2402 2710 1438 
1851 203 3520 1206 
1852 146 3032 269 
1853 633 3490 420 
1854 191 1266 1169 
1855 808 1062 807 
1856 2303 2854 2392 
1857 3248 3567 493 
1858 652 923 654 
1859 975 1076 978 
1860 2269 2271 2270 
1861 2270 2274 2268 
1862 2076 2407 2367 
1863 316 318 317 
1864 810 1074 846 
1865 2950 3035 687 
1866 1275 1276 1274 
1867 2925 3478 2250 
1868 95 1083 137 
1869 900 903 902 
1870 2051 3034 1618 
1871 2073 2407 2076 
1872 1833 3141 1831 
1873 967 968 965 
1874 617 1060 615 
1875 935 937 936 
1876 2871 3393 2086 
1877 940 941 939 
1878 535 3249 485 
1879 2154 2156 2155 
1880 2326 2327 2074 
1881 402 406 405 
1882 3215 3503 603 
1883 521 3269 3079 
1884 1476 2852 1479 
1885 396 3375 678 
1886 1443 1450 1442 
1887 2171 2371 2056 
1888 2271 2317 2270 
1889 2269 2272 2271 
1890 3311 3321 573 
1891 318 319 317 
1892 704 3038 3037 
1893 1275 1277 1276 
1894 261 270 269 
1895 967 969 968 
1896 811 1073 695 
1897 941 942 939 
1898 2056 2371 2053 
1899 406 407 405 
1900 950 1075 947 
1901 947 1075 949 
1902 2233 2893 1737 
1903 2814 2815 2787 
1904 980 1076 973 
1905 973 1076 975 
1906 2272 2273 2271 
1907 318 320 319 
1908 319 362 317 
1909 1275 1449 1277 
1910 1277 1278 1276 
1911 901 1107 1091 
1912 1861 3271 1860 
1913 2407 2823 2367 
1914 969 970 968 
1915 809 1086 853 
1916 455 1092 1085 
1917 941 943 942 
1918 97 1078 154 
1919 151 1077 100 
1920 406 408 407 
1921 407 567 405 
1922 1091 1107 417 
1923 901 1091 898 
1924 2775 2813 2812 
1925 853 1086 1048 
1926 2058 2408 2283 
1927 1085 1092 865 
1928 2272 2319 2273 
1929 99 1077 136 
1930 135 1081 108 
1931 136 1078 98 
1932 154 1083 96 
1933 134 1080 103 
1934 700 1086 809 
1935 320 321 319 
1936 318 403 320 
1937 455 1085 453 
1938 1278 1459 1276 
1939 1277 1279 1278 
1940 99 136 98 
1941 97 154 96 
1942 109 135 108 
1943 111 153 110 
1944 104 134 103 
1945 101 151 100 
1946 106 152 105 
1947 2055 2408 2058 
1948 136 1079 1078 
1949 969 971 970 
1950 100 1077 99 
1951 96 1083 95 
1952 98 1078 97 
1953 108 1081 107 
1954 103 1080 102 
1955 941 1035 943 
1956 943 944 942 
1957 2074 2407 2073 
1958 406 409 408 
1959 407 608 567 
1960 2319 2320 2273 
1961 320 322 321 
1962 1279 1280 1278 
1963 482 3249 569 
1964 971 972 970 
1965 943 945 944 
1966 409 410 408 
1967 608 674 567 
1968 829 1084 848 
1969 2320 2368 2273 
1970 2057 2408 2055 
1971 322 323 321 
1972 1279 1281 1280 
1973 971 973 972 
1974 945 946 944 
1975 410 412 408 
1976 674 675 567 
1977 409 422 410 
1978 608 676 674 
1979 2320 2369 2368 
1980 322 324 323 
1981 1281 1282 1280 
1982 836 1087 833 
1983 973 974 972 
1984 971 980 973 
1985 614 1092 558 
1986 945 947 946 
1987 836 1089 1087 
1988 2059 2409 2171 
1989 410 413 412 
1990 674 863 675 
1991 409 611 422 
1992 833 1087 831 
1993 2798 2799 2013 
1994 2793 2794 2014 
1995 865 1092 614 
1996 2369 2370 2368 
1997 324 325 323 
1998 1281 1283 1282 
1999 558 1092 458 
2000 2798 2800 2644 
2001 973 975 974 
2002 945 950 947 
2003 947 948 946 
2004 863 914 675 
2005 413 421 412 
2006 832 1088 834 
2007 2644 2800 1303 
2008 2801 2802 1310 
2009 324 326 325 
2010 2795 2796 1295 
2011 1281 1284 1283 
2012 1283 1285 1282 
2013 947 949 948 
2014 421 437 412 
2015 326 341 325 
2016 324 327 326 
2017 1284 1293 1283 
2018 1285 1286 1282 
2019 326 1153 341 
2020 421 579 437 
2021 327 328 326 
2022 341 343 325 
2023 1284 1294 1293 
2024 1285 1287 1286 
2025 837 1093 912 
2026 421 597 579 
2027 579 662 437 
2028 835 1093 837 
2029 327 329 328 
2030 341 344 343 
2031 1294 1299 1293 
2032 1284 1709 1294 
2033 1287 1288 1286 
2034 1285 1708 1287 
2035 1294 2784 1300 
2036 597 622 579 
2037 344 345 343 
2038 329 331 328 
2039 612 1094 624 
2040 1287 1289 1288 
2041 1294 1300 1299 
2042 1565 2782 1288 
2043 986 1095 983 
2044 597 623 622 
2045 1288 2782 1286 
2046 1709 2784 1294 
2047 329 332 331 
2048 344 346 345 
2049 983 1095 613 
2050 1300 1305 1299 
2051 1289 1290 1288 
2052 348 1144 345 
2053 345 1144 343 
2054 623 681 622 
2055 346 347 345 
2056 329 394 332 
2057 344 361 346 
2058 332 333 331 
2059 2777 2781 2012 
2060 1290 1565 1288 
2061 1305 1427 1299 
2062 1300 1306 1305 
2063 1289 1291 1290 
2064 346 1141 347 
2065 2774 2779 2713 
2066 623 682 681 
2067 681 1051 622 
2068 332 334 333 
2069 347 348 345 
2070 361 642 346 
2071 333 342 331 
2072 1289 1307 1291 
2073 1291 1292 1290 
2074 1300 1319 1306 
2075 1306 2776 1305 
2076 1321 2776 1306 
2077 682 683 681 
2078 347 349 348 
2079 361 643 642 
2080 334 335 333 
2081 1291 1295 1292 
2082 1319 1320 1306 
2083 383 1108 381 
2084 896 1110 901 
2085 379 1134 377 
2086 377 1134 1104 
2087 901 1108 1107 
2088 682 684 683 
2089 2424 2532 2423 
2090 2448 2480 1957 
2091 416 1103 1098 
2092 377 1104 375 
2093 2481 2746 2448 
2094 1956 2627 2437 
2095 1107 1108 383 
2096 883 1110 896 
2097 381 1108 423 
2098 1431 2768 2765 
2099 901 1110 1108 
2100 2126 2762 1953 
2101 1101 1102 418 
2102 1439 2746 2481 
2103 1114 1123 418 
2104 672 1097 689 
2105 2423 2532 1945 
2106 1949 2754 2627 
2107 2627 2754 2437 
2108 375 1104 416 
2109 2752 2762 2126 
2110 423 1137 1134 
2111 2447 2480 2448 
2112 1338 2755 2729 
2113 1098 1114 416 
2114 1098 1123 1114 
2115 2744 2756 2197 
2116 361 644 643 
2117 1945 2687 2423 
2118 1110 1137 423 
2119 1320 2767 1323 
2120 347 350 349 
2121 423 1134 379 
2122 334 336 335 
2123 1295 1296 1292 
2124 418 1123 1101 
2125 349 351 348 
2126 2446 2450 1922 
2127 1320 1321 1306 
2128 1319 2767 1320 
2129 2753 2754 1949 
2130 985 1096 986 
2131 2001 2490 1788 
2132 2532 2753 1949 
2133 416 1104 1103 
2134 1465 2453 1467 
2135 2422 2749 1961 
2136 430 1109 1100 
2137 2126 2770 2766 
2138 1749 2763 1957 
2139 1922 2450 2091 
2140 637 1102 1101 
2141 1552 2687 1945 
2142 2189 2444 2443 
2143 1611 2714 1623 
2144 1788 2490 1790 
2145 2443 2444 2162 
2146 2729 2755 2124 
2147 1787 2735 2002 
2148 1957 2481 2448 
2149 1545 2599 2442 
2150 601 1099 685 
2151 1725 2491 1723 
2152 1954 2443 2162 
2153 1624 2439 1564 
2154 1957 2480 1675 
2155 418 1102 366 
2156 2162 2445 2163 
2157 2189 2856 2444 
2158 2730 2748 1410 
2159 2189 2857 2856 
2160 1467 2453 1633 
2161 1421 2755 1338 
2162 1564 2439 1562 
2163 1916 2734 2691 
2164 1098 1103 877 
2165 1439 2761 2607 
2166 370 1127 425 
2167 1923 2749 2422 
2168 2439 2716 2440 
2169 2442 2599 2441 
2170 2424 2753 2532 
2171 2414 2453 1468 
2172 1468 2453 1465 
2173 2094 2692 2587 
2174 2481 2761 1439 
2175 1726 2473 2472 
2176 1718 2543 1715 
2177 2415 2419 2416 
2178 1800 2543 1718 
2179 1561 2706 1563 
2180 1724 2468 2050 
2181 415 1109 430 
2182 432 1128 637 
2183 1726 2474 2473 
2184 2451 2452 1959 
2185 2452 2669 1959 
2186 2578 2668 2096 
2187 424 1105 369 
2188 1996 2618 1999 
2189 2419 2420 2416 
2190 1563 2706 1612 
2191 2002 2735 2442 
2192 2716 2740 2440 
2193 2005 2770 2126 
2194 1748 2446 1922 
2195 2094 2587 2123 
2196 2587 2658 2123 
2197 1553 2675 2451 
2198 2117 2554 2552 
2199 1625 2756 2744 
2200 1973 2505 2114 
2201 1736 2485 2484 
2202 1834 2466 1660 
2203 1785 2735 1787 
2204 334 338 336 
2205 1959 2669 1678 
2206 2415 2416 1712 
2207 684 906 683 
2208 2114 2505 2477 
2209 1661 2722 2658 
2210 2451 2675 2452 
2211 1632 2720 1631 
2212 369 1105 363 
2213 2451 2692 2094 
2214 2441 2599 1333 
2215 877 1103 879 
2216 2460 2467 2457 
2217 2484 2487 2486 
2218 1296 1422 1292 
2219 1432 2607 1448 
2220 1485 2465 1472 
2221 1783 2506 1674 
2222 2552 2554 2553 
2223 2189 2443 1955 
2224 1660 2466 1619 
2225 1648 1712 1649 
2226 2495 2496 2494 
2227 434 1111 1106 
2228 1722 2468 1724 
2229 2684 2705 1908 
2230 1100 1109 671 
2231 1414 2518 1469 
2232 1799 2472 2014 
2233 2658 2722 2123 
2234 638 873 872 
2235 1627 2488 1677 
2236 2454 2464 1710 
2237 2725 2738 2095 
2238 336 337 335 
2239 1322 2476 1558 
2240 1736 2484 2483 
2241 1545 2605 1327 
2242 1624 2716 2439 
2243 1723 2491 1726 
2244 672 689 688 
2245 2117 2551 1766 
2246 1961 2749 2205 
2247 350 352 349 
2248 1411 2518 1414 
2249 1760 2656 1757 
2250 2441 2729 2124 
2251 1331 2739 1332 
2252 2457 2467 2455 
2253 637 1101 638 
2254 1712 2479 1713 
2255 1801 2491 1725 
2256 2012 2543 1800 
2257 2117 2733 2554 
2258 1127 1128 425 
2259 1768 2523 1765 
2260 373 1114 367 
2261 671 1109 576 
2262 1713 2479 1716 
2263 2702 2733 1556 
2264 1623 2714 1808 
2265 1949 2627 1948 
2266 1999 2618 2079 
2267 2554 2733 2702 
2268 644 645 643 
2269 355 1126 357 
2270 1631 2720 1748 
2271 1940 2414 1942 
2272 1999 2019 2000 
2273 2493 2495 2494 
2274 638 1101 873 
2275 1673 2714 1611 
2276 2464 2465 1710 
2277 1948 1951 1950 
2278 431 1109 415 
2279 2387 2681 2670 
2280 1472 2465 1476 
2281 1562 2439 2009 
2282 1426 1430 1421 
2283 2438 2746 1419 
2284 2646 2708 1963 
2285 1745 2743 1635 
2286 2594 2596 1913 
2287 1320 1322 1321 
2288 2605 2747 1988 
2289 1106 1111 607 
2290 1523 2668 2578 
2291 2117 2552 2551 
2292 1298 2737 1296 
2293 1679 2483 1681 
2294 1699 2492 1701 
2295 1907 2634 2633 
2296 1994 2617 1993 
2297 425 1128 432 
2298 1552 1945 1944 
2299 1656 2720 1632 
2300 2527 2672 2558 
2301 1988 2706 1561 
2302 2506 2686 1673 
2303 1701 2492 1704 
2304 638 871 577 
2305 598 641 640 
2306 350 353 352 
2307 1335 1337 1336 
2308 1633 1940 1745 
2309 2387 2670 2018 
2310 2164 2676 2478 
2311 2432 2642 2428 
2312 368 1127 370 
2313 1960 1961 1743 
2314 2653 2683 2641 
2315 385 1107 383 
2316 2112 2489 1396 
2317 1935 2704 2700 
2318 2007 2008 1997 
2319 2444 2445 2162 
2320 2516 2533 1315 
2321 1460 1461 1337 
2322 1557 2717 1440 
2323 1908 2705 1789 
2324 2096 2669 2452 
2325 1327 2605 2476 
2326 2520 2585 1732 
2327 1769 2493 1768 
2328 351 429 348 
2329 357 1126 368 
2330 367 1114 418 
2331 1648 2415 1712 
2332 1677 2488 1736 
2333 1765 2523 1763 
2334 2355 2593 2592 
2335 2508 2674 2589 
2336 1339 2644 1301 
2337 2691 2734 2488 
2338 354 1132 352 
2339 2125 2482 1707 
2340 607 1111 433 
2341 601 685 659 
2342 2518 2724 1469 
2343 1681 2483 1915 
2344 2549 2556 2555 
2345 1308 2482 1302 
2346 1332 1335 1334 
2347 1464 2447 1461 
2348 1961 1962 1743 
2349 1808 2417 2415 
2350 1976 2672 2527 
2351 1332 2739 1335 
2352 1455 1557 1440 
2353 1779 2539 2078 
2354 1914 1995 1994 
2355 1317 1340 1318 
2356 1426 1439 1432 
2357 1751 2610 1705 
2358 2110 2582 2580 
2359 1324 2476 1322 
2360 1346 1348 1347 
2361 1351 1354 1353 
2362 1977 1984 1370 
2363 1521 1522 1520 
2364 1613 1684 1683 
2365 1779 1975 1695 
2366 2633 2635 2632 
2367 1733 1906 1656 
2368 1762 2697 2510 
2369 1296 2737 1422 
2370 1317 2530 1515 
2371 1523 2578 1394 
2372 1462 1463 1461 
2373 1948 1950 1947 
2374 2008 2759 2757 
2375 2614 2748 2730 
2376 1645 1777 1776 
2377 1654 2604 2603 
2378 2528 2531 1776 
2379 2276 2466 1834 
2380 2472 2473 2014 
2381 355 357 354 
2382 1314 2530 1317 
2383 1736 2483 1679 
2384 1711 2492 1699 
2385 600 601 429 
2386 1412 2553 1409 
2387 1678 2669 1676 
2388 2509 2574 1685 
2389 1689 2633 1747 
2390 1721 2472 1719 
2391 1790 2490 2003 
2392 1998 2007 1997 
2393 1999 2079 2019 
2394 2062 2195 2061 
2395 2601 2667 2101 
2396 2539 2613 2550 
2397 1316 2690 1311 
2398 2423 2687 1325 
2399 1328 2599 1545 
2400 1399 2538 1397 
2401 1713 1716 1715 
2402 1980 2562 2525 
2403 1997 2617 1994 
2404 2575 2620 2509 
2405 382 1112 384 
2406 1320 1323 1322 
2407 1448 1455 1440 
2408 1467 1632 1631 
2409 1916 2691 1671 
2410 1764 2510 2116 
2411 2573 2673 2570 
2412 337 371 335 
2413 374 1119 376 
2414 390 393 392 
2415 1396 2489 1393 
2416 1448 2607 1615 
2417 1772 2493 1769 
2418 2685 2695 1917 
2419 1952 1954 1953 
2420 2525 2562 2559 
2421 1906 1958 1656 
2422 1732 2522 2520 
2423 1798 2534 2511 
2424 1802 2013 1801 
2425 1966 2680 1968 
2426 366 1102 639 
2427 601 659 658 
2428 879 884 881 
2429 1705 2610 1734 
2430 1785 1787 1786 
2431 2252 2502 1826 
2432 1940 2453 2414 
2433 1952 2443 1954 
2434 1954 2162 2006 
2435 1964 2676 2164 
2436 2613 2615 1981 
2437 2668 2669 2096 
2438 2097 2574 2509 
2439 2677 2696 2671 
2440 370 425 415 
2441 684 957 907 
2442 1301 2644 1303 
2443 1757 2656 1755 
2444 1766 2551 1767 
2445 2521 2585 2520 
2446 1432 1448 1440 
2447 1615 1743 1657 
2448 1748 1922 1749 
2449 2493 2494 1768 
2450 2511 2512 1798 
2451 1518 2531 1516 
2452 1674 2506 1673 
2453 1688 2583 1686 
2454 1907 2633 1689 
2455 1780 2707 2608 
2456 1955 2443 1952 
2457 2708 2709 1963 
2458 2550 2613 1981 
2459 2459 2462 2461 
2460 2592 2593 2572 
2461 566 1119 374 
2462 1430 1431 1421 
2463 1685 2575 2509 
2464 1811 2574 2503 
2465 1404 2675 1553 
2466 1970 2621 1538 
2467 1561 1563 1562 
2468 1612 1781 1674 
2469 2570 2673 1811 
2470 2721 2723 1816 
2471 1946 1947 1944 
2472 2510 2646 2116 
2473 670 671 576 
2474 1011 1113 1015 
2475 1331 1332 1330 
2476 440 443 442 
2477 1318 2516 1315 
2478 1430 2717 1431 
2479 1558 1561 1560 
2480 1558 2476 1988 
2481 2670 2681 1658 
2482 1748 2720 2446 
2483 1759 1762 1761 
2484 1790 1895 1789 
2485 2019 2133 2000 
2486 2050 2341 2139 
2487 2503 2574 2097 
2488 2489 2683 2653 
2489 2517 2674 2576 
2490 353 354 352 
2491 883 896 895 
2492 1313 2533 1316 
2493 1532 2535 1966 
2494 1563 1564 1562 
2495 1752 2685 1753 
2496 1787 2001 1788 
2497 1904 2529 2184 
2498 2355 2592 2591 
2499 2496 2497 2494 
2500 1388 2566 1385 
2501 2588 2698 1390 
2502 1749 1957 1675 
2503 1756 2608 1983 
2504 2010 2011 1800 
2505 2129 2679 1807 
2506 2384 2386 2018 
2507 2534 2628 2511 
2508 364 606 427 
2509 416 1114 373 
2510 664 1122 441 
2511 600 1099 601 
2512 666 1061 1036 
2513 879 881 880 
2514 2758 2764 1557 
2515 1615 1960 1743 
2516 1681 1775 1774 
2517 1719 2472 1799 
2518 2723 2726 1816 
2519 1939 2185 1938 
2520 2524 2651 2528 
2521 2589 2674 2575 
2522 637 1128 1102 
2523 2252 2584 2502 
2524 2455 2467 2464 
2525 382 384 383 
2526 1326 1327 1324 
2527 1326 1329 1328 
2528 1534 2649 2106 
2529 1559 2424 2423 
2530 1685 2574 1682 
2531 1693 2519 1978 
2532 1711 2676 2492 
2533 1720 1721 1719 
2534 2540 2550 1747 
2535 1784 1987 1783 
2536 1790 1896 1895 
2537 1790 2003 1896 
2538 2503 2570 1811 
2539 1905 2513 1965 
2540 2284 2323 1908 
2541 1941 2742 2144 
2542 1946 1948 1947 
2543 1981 2562 1980 
2544 1987 2254 2044 
2545 2133 2135 2000 
2546 2459 2461 2460 
2547 2504 2572 2571 
2548 368 369 363 
2549 575 576 431 
2550 957 958 907 
2551 1009 1113 1011 
2552 2561 2650 1535 
2553 384 396 386 
2554 568 1117 666 
2555 577 1129 575 
2556 652 653 651 
2557 1553 2451 2094 
2558 1795 2125 1707 
2559 1799 1800 1718 
2560 2587 2692 1774 
2561 2430 2642 2434 
2562 417 1107 385 
2563 442 1117 568 
2564 1323 1325 1324 
2565 1559 2423 1325 
2566 1336 1419 1338 
2567 2505 2553 1412 
2568 1531 2535 1532 
2569 2275 2276 1834 
2570 1974 2628 2534 
2571 2101 2667 2615 
2572 2576 2674 2508 
2573 2588 2715 2698 
2574 444 1117 442 
2575 879 1103 884 
2576 1333 2729 2441 
2577 1683 2580 1522 
2578 1543 1610 1544 
2579 2600 2605 1545 
2580 1633 2453 1940 
2581 1687 1907 1689 
2582 1739 2519 1693 
2583 1719 1799 1718 
2584 1747 2632 2540 
2585 2524 2528 1776 
2586 1822 2594 1913 
2587 1895 2284 1908 
2588 2130 2131 1905 
2589 2535 2680 1966 
2590 2525 2583 1980 
2591 2002 2441 2124 
2592 2557 2640 2105 
2593 666 1117 1061 
2594 1343 2542 1346 
2595 1385 2566 1383 
2596 1429 2546 1524 
2597 1467 1633 1632 
2598 1550 1644 1636 
2599 1791 2115 1793 
2600 1906 2471 2176 
2601 1956 2188 1955 
2602 1985 2664 2660 
2603 2102 2659 2103 
2604 2112 2683 2489 
2605 2114 2710 2402 
2606 2433 2436 2435 
2607 360 372 367 
2608 873 875 874 
2609 1317 1318 1315 
2610 1371 2544 1977 
2611 1439 2607 1432 
2612 1710 2465 1485 
2613 1524 1525 1523 
2614 1559 2425 2424 
2615 1704 2492 1964 
2616 1733 1938 1906 
2617 1753 1802 1801 
2618 2512 2718 1798 
2619 1822 1913 1823 
2620 1915 2483 2244 
2621 2536 2537 1916 
2622 2387 2682 2681 
2623 2420 2421 2416 
2624 637 638 577 
2625 1302 2482 1298 
2626 1402 2538 1399 
2627 1981 2615 2562 
2628 1996 1998 1997 
2629 2095 2658 2587 
2630 368 370 369 
2631 404 435 433 
2632 435 1131 594 
2633 638 872 871 
2634 877 878 876 
2635 993 995 994 
2636 1295 1297 1296 
2637 1301 1302 1298 
2638 1332 1334 1333 
2639 1353 2107 1352 
2640 1354 2109 1356 
2641 1363 1364 1361 
2642 1365 1555 1364 
2643 1366 1367 1365 
2644 1368 1369 1367 
2645 1373 2544 1371 
2646 1974 2626 1380 
2647 1556 1963 1402 
2648 1426 1432 1430 
2649 1614 1625 1455 
2650 1467 1631 1466 
2651 1517 1629 1518 
2652 1776 2531 1518 
2653 1971 2651 1543 
2654 1686 2563 1544 
2655 1551 2526 1549 
2656 2652 2655 1555 
2657 1602 1646 1601 
2658 1602 2661 1982 
2659 1694 1695 1609 
2660 1610 1740 1616 
2661 1635 1656 1632 
2662 1647 1750 1646 
2663 1690 1980 1688 
2664 2102 2103 1740 
2665 1810 2063 1826 
2666 1957 2763 2481 
2667 2492 2676 1964 
2668 1968 2680 2194 
2669 2534 2626 1974 
2670 2439 2440 2009 
2671 2540 2541 2078 
2672 2618 2619 2079 
2673 2427 2432 2428 
2674 2435 2437 2431 
2675 2474 2475 2473 
2676 2485 2487 2484 
2677 2496 2498 2497 
2678 2510 2708 2646 
2679 2528 2662 2531 
2680 356 1116 1115 
2681 384 386 385 
2682 433 1111 397 
2683 650 651 649 
2684 1020 1118 999 
2685 1524 2546 1628 
2686 1971 2662 2528 
2687 2002 2442 2441 
2688 2462 2463 2461 
2689 1329 1331 1330 
2690 1359 1535 1358 
2691 1369 2582 1372 
2692 2566 2616 1383 
2693 2752 2766 1462 
2694 2442 2600 1545 
2695 1553 2094 1796 
2696 1644 2522 1732 
2697 1644 2609 2522 
2698 1645 2606 1904 
2699 1958 2720 1656 
2700 1706 2693 2678 
2701 1724 1752 1725 
2702 1793 2643 2639 
2703 2016 2275 1834 
2704 2528 2651 1971 
2705 2602 2667 2601 
2706 1351 1352 1349 
2707 1517 1630 1629 
2708 1626 1627 1525 
2709 1535 1537 1536 
2710 1537 1539 1538 
2711 1540 2603 2098 
2712 1541 1548 1547 
2713 1602 1647 1646 
2714 1610 2102 1740 
2715 1630 1742 1741 
2716 1643 1682 1659 
2717 2592 2604 1654 
2718 1682 1811 1810 
2719 1710 2466 2454 
2720 1734 1822 1735 
2721 2088 2174 1751 
2722 1778 2539 1779 
2723 1987 2044 1783 
2724 2251 2252 1826 
2725 1986 2640 2557 
2726 2002 2124 2001 
2727 2017 2738 2725 
2728 2064 2688 2595 
2729 2139 2695 2685 
2730 2428 2642 2430 
2731 356 1115 360 
2732 367 418 366 
2733 370 414 369 
2734 425 432 431 
2735 1315 2533 1313 
2736 1341 2560 2542 
2737 2108 2517 1352 
2738 1411 1414 1413 
2739 1524 1628 1626 
2740 1993 2611 1823 
2741 2275 2277 2276 
2742 2531 2662 2560 
2743 357 358 354 
2744 1033 1168 1032 
2745 1312 1425 1314 
2746 1341 1342 1318 
2747 1332 1333 1330 
2748 1342 2558 2516 
2749 2525 2559 1356 
2750 1360 1526 1362 
2751 1363 2602 1366 
2752 1397 1527 1396 
2753 1403 2702 1556 
2754 1452 2579 1453 
2755 1454 1617 1452 
2756 1453 1711 1699 
2757 1515 1517 1516 
2758 1521 1609 1522 
2759 2559 2562 1526 
2760 1533 1606 1531 
2761 1538 2621 1536 
2762 1537 1546 1539 
2763 1539 2603 1540 
2764 1613 1746 1684 
2765 1616 2629 1687 
2766 1630 1741 1629 
2767 1645 1904 1777 
2768 1646 2591 1654 
2769 1682 1810 1659 
2770 1677 1679 1678 
2771 1694 2601 2101 
2772 1742 1905 1741 
2773 1767 1768 1765 
2774 2494 2523 1768 
2775 1904 2184 2023 
2776 1936 2067 2066 
2777 1945 1946 1944 
2778 1954 2006 2005 
2779 1968 2193 1969 
2780 2509 2620 1970 
2781 1972 2628 2612 
2782 2107 2620 2108 
2783 2458 2459 2457 
2784 382 383 381 
2785 395 1112 382 
2786 384 1112 396 
2787 398 404 397 
2788 999 1118 1002 
2789 1350 1351 1349 
2790 1454 2589 1643 
2791 2562 2615 1526 
2792 1744 1834 1660 
2793 1701 1703 1702 
2794 1773 1932 1772 
2795 1963 2709 2538 
2796 2448 2746 2438 
2797 2456 2457 2455 
2798 1126 1127 368 
2799 432 575 431 
2800 1304 1309 1308 
2801 1313 1316 1311 
2802 1341 1343 1342 
2803 1349 2517 1347 
2804 1357 1359 1358 
2805 1536 2622 1358 
2806 2113 2561 1364 
2807 1366 1519 1368 
2808 1366 2602 1519 
2809 1392 1393 1391 
2810 1395 1396 1393 
2811 1403 1556 1402 
2812 1555 2654 2113 
2813 2502 2579 1617 
2814 1628 1671 1626 
2815 1704 1705 1703 
2816 1734 2610 2064 
2817 2087 2493 1772 
2818 1773 1935 1933 
2819 1782 1785 1784 
2820 1803 1805 1804 
2821 1812 2564 2089 
2822 1825 2523 2497 
2823 1948 2627 1951 
2824 1995 1996 1994 
2825 2105 2640 2616 
2826 2108 2620 2575 
2827 2447 2448 2438 
2828 2609 2630 2522 
2829 356 360 359 
2830 360 367 366 
2831 414 424 369 
2832 374 375 373 
2833 376 1119 428 
2834 576 1109 431 
2835 1002 1003 1001 
2836 1327 2476 1324 
2837 1360 1361 1359 
2838 2616 2640 1382 
2839 1420 2508 1446 
2840 1453 1699 1698 
2841 1453 2579 1711 
2842 1616 1686 1544 
2843 1687 2629 1907 
2844 1689 1690 1688 
2845 1705 1734 1706 
2846 1742 2130 1905 
2847 2121 2591 1750 
2848 1907 2657 2634 
2849 1984 2655 2652 
2850 2614 2722 1990 
2851 2502 2584 2579 
2852 2540 2632 2541 
2853 363 1105 364 
2854 372 374 373 
2855 443 444 442 
2856 672 688 673 
2857 1330 2599 1328 
2858 1375 2625 1378 
2859 1394 2578 1395 
2860 1407 1410 1409 
2861 1611 1623 1564 
2862 1612 1674 1673 
2863 2416 2479 1712 
2864 1713 1715 1714 
2865 1805 1824 1806 
2866 1806 2127 1807 
2867 1917 2569 2567 
2868 356 359 355 
2869 376 377 375 
2870 386 387 385 
2871 440 441 439 
2872 881 883 882 
2873 1513 1707 1308 
2874 1351 2577 1354 
2875 1355 2622 1353 
2876 1354 2577 2109 
2877 1371 1977 1370 
2878 1384 1386 1385 
2879 1514 1797 1386 
2880 1389 1418 1388 
2881 1418 1528 1388 
2882 1528 2566 1388 
2883 1390 1392 1391 
2884 1393 2489 1391 
2885 1392 1394 1393 
2886 1398 2096 1400 
2887 1401 1402 1399 
2888 1963 2538 1402 
2889 1404 1553 1406 
2890 1414 1416 1415 
2891 1617 2579 1452 
2892 1472 1473 1470 
2893 1619 1710 1485 
2894 1531 1532 1530 
2895 1532 1966 1697 
2896 2621 2622 1536 
2897 1546 1601 1539 
2898 1552 1944 1943 
2899 1630 2664 1985 
2900 1644 2665 2609 
2901 1652 1754 1651 
2902 1652 1755 1754 
2903 1652 2608 1756 
2904 1829 2555 1668 
2905 1672 1816 1815 
2906 1681 1915 1775 
2907 1692 1903 1738 
2908 1715 2543 1714 
2909 1732 2585 2547 
2910 1736 2488 2485 
2911 1940 1941 1745 
2912 1755 1931 1754 
2913 1762 1764 1763 
2914 1767 1770 1769 
2915 2095 2587 1774 
2916 1914 1993 1823 
2917 2547 2548 1829 
2918 1935 2137 1936 
2919 1966 1968 1967 
2920 1969 2099 1967 
2921 1968 2194 2193 
2922 2620 2621 1970 
2923 1978 2624 2581 
2924 2386 2387 2018 
2925 2610 2688 2064 
2926 2095 2738 2658 
2927 2603 2604 2098 
2928 2102 2651 2524 
2929 2104 2657 2629 
2930 2616 2645 2105 
2931 2113 2661 2650 
2932 2427 2428 2426 
2933 2459 2460 2457 
2934 2521 2586 2585 
2935 644 646 645 
2936 1103 1104 884 
2937 989 991 990 
2938 995 997 996 
2939 1031 1032 1030 
2940 1297 1298 1296 
2941 1317 1515 1340 
2942 1340 1341 1318 
2943 1343 1344 1342 
2944 1362 2667 2602 
2945 1984 2652 1370 
2946 1534 1974 1380 
2947 1381 1384 1383 
2948 1390 1391 1389 
2949 1407 1409 1408 
2950 1428 1543 1542 
2951 1432 1440 1430 
2952 1460 2449 1462 
2953 1471 1485 1472 
2954 1515 2664 1517 
2955 1534 2106 1974 
2956 1541 1986 1548 
2957 1620 1660 1619 
2958 1808 2415 1648 
2959 1658 2681 2680 
2960 2105 2645 1696 
2961 1704 1964 1751 
2962 2174 2610 1751 
2963 1753 1803 1802 
2964 1759 2697 1762 
2965 1816 1924 1815 
2966 1915 2243 2022 
2967 2575 2674 2108 
2968 2581 2624 2110 
2969 2694 2747 2600 
2970 360 366 359 
2971 648 649 647 
2972 1016 1018 1017 
2973 1310 1312 1311 
2974 1312 1313 1311 
2975 1322 1558 1321 
2976 1343 1346 1345 
2977 1345 1420 1344 
2978 1420 1445 1344 
2979 1542 2577 1350 
2980 1357 2559 1360 
2981 1519 1520 1368 
2982 1369 1372 1371 
2983 1378 1380 1379 
2984 1382 2631 1379 
2985 1380 2626 1381 
2986 1383 2616 1382 
2987 1394 1395 1393 
2988 1411 1412 1409 
2989 1411 1413 1412 
2990 1420 2576 2508 
2991 1472 1476 1473 
2992 1514 2626 2534 
2993 1521 2601 1694 
2994 1609 1613 1522 
2995 1529 1530 1528 
2996 1532 1697 1696 
2997 1541 2631 1986 
2998 1546 1602 1601 
2999 1548 2665 1550 
3000 1550 2665 1644 
3001 1623 1624 1564 
3002 1607 2608 1652 
3003 1610 2651 2102 
3004 1659 2502 1617 
3005 1732 2547 1636 
3006 1668 1791 1638 
3007 1810 1826 1659 
3008 1677 1678 1676 
3009 1684 1691 1683 
3010 1684 1692 1691 
3011 1692 1738 1693 
3012 1966 1967 1697 
3013 1699 1701 1700 
3014 1720 1722 1721 
3015 1738 1812 1739 
3016 1903 2564 1738 
3017 1762 1763 1761 
3018 1764 1765 1763 
3019 1764 1766 1765 
3020 1770 1973 1934 
3021 1932 2087 1772 
3022 1775 2095 1774 
3023 1777 2524 1776 
3024 2101 2613 1778 
3025 1779 2078 2077 
3026 2013 2015 1801 
3027 2128 2129 1807 
3028 1920 1921 1813 
3029 2089 2394 1920 
3030 1921 1991 1972 
3031 1921 1992 1991 
3032 1961 2205 1962 
3033 1969 2100 2099 
3034 2511 2628 1972 
3035 2636 2637 1992 
3036 2062 2197 2196 
3037 2519 2612 2106 
3038 2108 2674 2517 
3039 2113 2650 2561 
3040 2484 2486 2244 
3041 2278 2454 2276 
3042 2417 2419 2415 
3043 2547 2585 2548 
3044 2566 2645 2616 
3045 404 433 397 
3046 684 907 906 
3047 873 874 872 
3048 1015 1016 1013 
3049 1314 1315 1313 
3050 1342 2516 1318 
3051 2542 2623 1346 
3052 2517 2576 1347 
3053 1354 1356 1355 
3054 1555 2113 1364 
3055 1418 2641 1529 
3056 2508 2589 1454 
3057 1524 1626 1525 
3058 1612 1673 1611 
3059 1713 1714 1649 
3060 1680 1959 1678 
3061 1976 2527 1698 
3062 1814 2468 1722 
3063 1763 2523 1825 
3064 1895 1908 1789 
3065 1951 1956 1955 
3066 2097 2509 1970 
3067 2612 2628 2106 
3068 364 427 426 
3069 370 415 414 
3070 575 669 576 
3071 1002 1004 1003 
3072 1019 1113 1009 
3073 1011 1015 1013 
3074 1343 1345 1344 
3075 1354 1355 1353 
3076 1369 1370 1367 
3077 1372 2110 1374 
3078 1372 2582 2110 
3079 1375 1376 1373 
3080 1374 2625 1375 
3081 1377 1541 1376 
3082 1381 1382 1379 
3083 1384 1385 1383 
3084 1429 1523 1394 
3085 1395 1398 1397 
3086 1398 1399 1397 
3087 1414 1469 1416 
3088 1446 2508 1454 
3089 1452 1453 1447 
3090 2530 2664 1515 
3091 1519 1521 1520 
3092 2580 2582 1520 
3093 1528 2645 2566 
3094 1537 2650 1546 
3095 1543 1544 1542 
3096 1610 1616 1544 
3097 1548 1550 1549 
3098 1550 1636 1551 
3099 1638 2526 1551 
3100 1643 1659 1617 
3101 1636 2547 1637 
3102 1791 1793 1638 
3103 1652 1756 1755 
3104 1668 2555 1792 
3105 1691 2581 1683 
3106 1693 1978 1691 
3107 1700 1976 1698 
3108 1704 1751 1705 
3109 2579 2584 1711 
3110 2584 2676 1711 
3111 1823 2611 1735 
3112 1922 1923 1749 
3113 1764 2116 1766 
3114 1767 1769 1768 
3115 1779 2077 1975 
3116 1812 1920 1813 
3117 1812 2089 1920 
3118 1921 1972 1813 
3119 2063 2251 1826 
3120 1903 2565 2564 
3121 1921 2636 1992 
3122 1935 1936 1933 
3123 2513 2514 1965 
3124 1968 1969 1967 
3125 1969 2515 2100 
3126 2193 2515 1969 
3127 1991 2511 1972 
3128 1977 2639 1984 
3129 1979 2609 2557 
3130 2004 2062 2061 
3131 2243 2282 2022 
3132 2077 2321 2224 
3133 2164 2253 2088 
3134 2098 2504 2503 
3135 2522 2630 2099 
3136 2103 2214 2104 
3137 2106 2649 2519 
3138 2504 2571 2570 
3139 2504 2604 2572 
3140 2585 2586 2548 
3141 2571 2573 2570 
3142 2572 2604 2592 
3143 2636 2638 2637 
3144 357 363 358 
3145 384 385 383 
3146 390 392 389 
3147 436 440 439 
3148 568 666 665 
3149 646 647 645 
3150 1002 1118 1007 
3151 1006 1019 1009 
3152 1304 1310 1309 
3153 1943 2739 1331 
3154 1419 1421 1338 
3155 1341 2542 1343 
3156 1346 2623 1348 
3157 1348 1349 1347 
3158 1352 2517 1349 
3159 1350 2577 1351 
3160 1526 2667 1362 
3161 1363 1366 1365 
3162 1366 1368 1367 
3163 1374 1375 1373 
3164 2624 2625 1374 
3165 1375 1377 1376 
3166 1378 1534 1380 
3167 1378 2625 1534 
3168 1380 1381 1379 
3169 1381 1383 1382 
3170 1386 1387 1385 
3171 1527 2112 1396 
3172 1400 1401 1399 
3173 2096 2452 1400 
3174 1401 1403 1402 
3175 1419 1426 1421 
3176 1428 1971 1543 
3177 1428 2623 1971 
3178 1447 2527 1445 
3179 1471 1472 1470 
3180 1554 1619 1485 
3181 1514 1798 1797 
3182 1514 2534 1798 
3183 1529 1531 1530 
3184 1529 1533 1531 
3185 1529 2641 1533 
3186 1696 2645 1530 
3187 1606 2535 1531 
3188 2625 2649 1534 
3189 1546 2661 1602 
3190 1549 2545 1547 
3191 1646 1654 1601 
3192 1602 1982 1647 
3193 1607 1652 1651 
3194 1695 2590 1609 
3195 1643 1685 1682 
3196 2591 2592 1654 
3197 1682 2574 1811 
3198 1694 2101 1778 
3199 1722 1724 1723 
3200 1813 2612 1739 
3201 2103 2104 1740 
3202 1744 2016 1834 
3203 1756 1757 1755 
3204 1759 1760 1757 
3205 1759 1761 1760 
3206 1766 1767 1765 
3207 1778 2613 2539 
3208 2671 2672 1976 
3209 1979 2557 2105 
3210 2109 2577 2563 
3211 2120 2353 2352 
3212 2128 2132 2129 
3213 2700 2704 2402 
3214 2539 2550 2540 
3215 2609 2665 2557 
3216 357 368 363 
3217 393 397 392 
3218 995 996 994 
3219 999 1001 998 
3220 1004 1006 1005 
3221 1006 1009 1008 
3222 1428 1542 1350 
3223 1357 1360 1359 
3224 1360 1362 1361 
3225 1415 1423 1417 
3226 1629 1645 1518 
3227 2615 2667 1526 
3228 1533 1780 1607 
3229 1539 1540 1538 
3230 1616 1687 1686 
3231 1628 2122 1672 
3232 1637 2547 1829 
3233 1686 2583 2563 
3234 1690 2550 1981 
3235 1747 2633 2632 
3236 1770 1934 1771 
3237 1771 1773 1772 
3238 1773 1933 1932 
3239 1972 2612 1813 
3240 1920 2636 1921 
3241 1973 2114 1934 
3242 2114 2402 1934 
3243 2563 2583 2109 
3244 2654 2661 2113 
3245 2394 2638 2636 
3246 372 373 367 
3247 997 998 996 
3248 1312 1314 1313 
3249 1425 2530 1314 
3250 1356 2559 1357 
3251 1535 1536 1358 
3252 1398 1400 1399 
3253 1409 2553 1408 
3254 1410 1411 1409 
3255 1415 1417 1413 
3256 1519 2602 2601 
3257 1537 1538 1536 
3258 1615 1657 1614 
3259 1648 1649 1624 
3260 1741 2606 1629 
3261 1630 1985 1742 
3262 1750 2591 1646 
3263 1717 1718 1715 
3264 1733 1939 1938 
3265 1905 1965 1741 
3266 2120 2121 1750 
3267 1808 2418 2417 
3268 2639 2643 1984 
3269 2135 2713 2000 
3270 2176 2915 2183 
3271 2277 2278 2276 
3272 2560 2662 2542 
3273 2542 2662 2623 
3274 374 376 375 
3275 428 1124 378 
3276 435 594 433 
3277 997 1020 999 
3278 1002 1007 1004 
3279 1016 1055 1018 
3280 1018 1031 1030 
3281 1358 2622 1355 
3282 1361 2561 1359 
3283 1367 2652 1365 
3284 1378 1379 1377 
3285 1377 2631 1541 
3286 1407 2730 1410 
3287 1460 1462 1461 
3288 1471 1554 1485 
3289 1519 2601 1521 
3290 1530 2645 1528 
3291 1532 1696 1530 
3292 1986 2665 1548 
3293 1637 1638 1551 
3294 1651 1658 1606 
3295 1658 2535 1606 
3296 1629 2606 1645 
3297 1637 1829 1668 
3298 1815 1916 1671 
3299 1692 1693 1691 
3300 1975 2590 1695 
3301 1794 1795 1707 
3302 1756 1758 1757 
3303 1763 1825 1761 
3304 1805 1806 1804 
3305 2131 2513 1905 
3306 1914 1994 1993 
3307 1915 2244 2243 
3308 2394 2636 1920 
3309 2087 2495 2493 
3310 2520 2522 2099 
3311 2352 2354 2121 
3312 2483 2484 2244 
3313 2251 2351 2252 
3314 2478 2584 2252 
3315 2430 2433 2431 
3316 2666 2696 2677 
3317 442 568 441 
3318 568 665 664 
3319 666 667 665 
3320 1036 1037 667 
3321 875 876 874 
3322 989 990 988 
3323 1006 1008 1005 
3324 1009 1010 1008 
3325 1009 1011 1010 
3326 1011 1012 1010 
3327 1011 1013 1012 
3328 1016 1017 1013 
3329 1018 1030 1017 
3330 1384 1514 1386 
3331 1417 2477 1413 
3332 1517 2664 1630 
3333 1627 1676 1525 
3334 2650 2661 1546 
3335 1679 1681 1680 
3336 1681 1774 1680 
3337 1689 1747 1690 
3338 1904 2606 2529 
3339 1952 1953 1950 
3340 1954 2005 1953 
3341 2544 2545 1977 
3342 2050 2468 2342 
3343 650 652 651 
3344 1309 1513 1308 
3345 1310 1311 1309 
3346 1387 1388 1385 
3347 1392 1429 1394 
3348 1395 1397 1396 
3349 1397 2538 1527 
3350 1414 1415 1413 
3351 1469 1470 1416 
3352 1425 2660 2530 
3353 1533 2641 1780 
3354 2526 2545 1549 
3355 1607 1651 1606 
3356 1677 1736 1679 
3357 1697 1979 1696 
3358 1716 1717 1715 
3359 1726 2491 2474 
3360 1762 2510 1764 
3361 1771 1772 1769 
3362 1799 2014 2010 
3363 1938 2471 1906 
3364 1936 2066 1933 
3365 2631 2640 1986 
3366 1987 2705 2684 
3367 2017 2281 2016 
3368 2100 2520 2099 
3369 2278 2456 2455 
3370 376 378 377 
3371 380 381 379 
3372 387 417 385 
3373 404 436 435 
3374 598 640 426 
3375 594 607 433 
3376 568 664 441 
3377 594 625 607 
3378 877 879 878 
3379 883 895 882 
3380 1303 1304 1302 
3381 2671 2696 1316 
3382 1423 1424 1417 
3383 1446 1454 1452 
3384 1453 1698 1447 
3385 1533 1607 1606 
3386 1613 2590 1746 
3387 1619 2466 1710 
3388 1627 1677 1676 
3389 1628 1672 1671 
3390 1980 2583 1688 
3391 1699 1700 1698 
3392 1701 1702 1700 
3393 1705 1706 1703 
3394 1734 1735 1706 
3395 1822 1823 1735 
3396 1739 2612 2519 
3397 1758 1759 1757 
3398 2116 2117 1766 
3399 1773 2704 1935 
3400 2022 2725 1775 
3401 1913 1914 1823 
3402 2537 2734 1916 
3403 2539 2540 2078 
3404 626 1106 607 
3405 644 657 646 
3406 991 993 992 
3407 997 999 998 
3408 1304 1308 1302 
3409 1316 2696 2690 
3410 1461 2447 1337 
3411 1345 2576 1420 
3412 1404 1406 1405 
3413 1413 2477 1412 
3414 1418 1529 1528 
3415 1429 1524 1523 
3416 2527 2558 1445 
3417 1446 1452 1447 
3418 1513 1989 1794 
3419 1563 1611 1564 
3420 1609 2590 1613 
3421 1620 1661 1660 
3422 1803 1917 1805 
3423 1806 1807 1804 
3424 1811 2673 1810 
3425 1906 2176 1958 
3426 1931 2384 2018 
3427 2519 2649 1978 
3428 2608 2707 1983 
3429 2557 2665 1986 
3430 2711 2712 2119 
3431 2120 2352 2121 
3432 2188 2857 2189 
3433 2454 2466 2276 
3434 2431 2754 2429 
3435 2430 2434 2433 
3436 594 1131 661 
3437 625 626 607 
3438 896 897 895 
3439 1407 1408 1405 
3440 1410 2518 1411 
3441 1543 2651 1610 
3442 1654 2603 1601 
3443 1826 2502 1659 
3444 1661 1744 1660 
3445 1683 2581 2580 
3446 1747 2550 1690 
3447 1690 1981 1980 
3448 1812 1813 1739 
3449 1816 2726 1924 
3450 350 1116 353 
3451 879 880 878 
3452 999 1002 1001 
3453 1554 1620 1619 
3454 1554 1990 1620 
3455 2683 2707 1780 
3456 2116 2733 2117 
3457 2455 2464 2454 
3458 2660 2664 2530 
3459 353 356 355 
3460 375 416 373 
3461 392 434 389 
3462 392 1111 434 
3463 648 650 649 
3464 1031 1033 1032 
3465 1335 2739 1460 
3466 1337 2438 1336 
3467 1381 2626 1384 
3468 1382 2640 2631 
3469 1387 2588 1390 
3470 1401 2675 1404 
3471 1448 1614 1455 
3472 1469 1471 1470 
3473 1563 1612 1611 
3474 1679 1680 1678 
3475 1685 2589 2575 
3476 1717 1719 1718 
3477 1941 2084 1745 
3478 2641 2683 1780 
3479 1793 2639 2526 
3480 2567 2568 1824 
3481 1935 2700 2137 
3482 2514 2529 1965 
3483 2282 2741 2022 
3484 2044 2507 2506 
3485 2425 2427 2426 
3486 2698 2715 2546 
3487 2634 2635 2633 
3488 378 379 377 
3489 993 994 992 
3490 1516 2560 1340 
3491 1553 1796 1406 
3492 1535 2650 1537 
3493 1540 2098 2097 
3494 1623 1808 1648 
3495 1628 2546 2122 
3496 1644 1732 1636 
3497 1672 1815 1671 
3498 1782 1783 1674 
3499 2115 2643 1793 
3500 1799 2010 1800 
3501 2127 2128 1807 
3502 1979 2630 2609 
3503 2643 2655 1984 
3504 2064 2595 2594 
3505 2428 2430 2429 
3506 432 577 575 
3507 875 877 876 
3508 1004 1005 1003 
3509 1351 1353 1352 
3510 1356 1357 1355 
3511 1359 2561 1535 
3512 1360 2559 1526 
3513 1362 1363 1361 
3514 1384 2626 1514 
3515 1797 2588 1386 
3516 1387 1389 1388 
3517 1522 2580 1520 
3518 1738 1739 1693 
3519 1752 1753 1725 
3520 1744 2017 2016 
3521 2323 2684 1908 
3522 1922 2091 1923 
3523 1983 2707 2703 
3524 1991 2512 2511 
3525 2017 2741 2281 
3526 2019 2134 2133 
3527 2050 2342 2341 
3528 2098 2604 2504 
3529 2123 2722 2614 
3530 2197 2198 2196 
3531 2512 2723 2721 
3532 2558 2672 2516 
3533 353 355 354 
3534 991 992 990 
3535 1707 2482 1308 
3536 1353 2622 2107 
3537 1363 1365 1364 
3538 1365 2652 1555 
3539 1520 2582 1368 
3540 1369 1371 1370 
3541 1372 1373 1371 
3542 1389 2653 1418 
3543 1406 1407 1405 
3544 2477 2505 1412 
3545 1454 1643 1617 
3546 1645 1776 1518 
3547 1521 1694 1609 
3548 1613 1683 1522 
3549 1544 2563 1542 
3550 1780 2608 1607 
3551 1647 2119 1750 
3552 1687 1688 1686 
3553 1694 1778 1695 
3554 1967 2630 1697 
3555 1714 2740 2716 
3556 2104 2629 1740 
3557 1965 2606 1741 
3558 2549 2555 1829 
3559 1931 2385 2384 
3560 2335 2657 2104 
3561 2354 2355 2121 
3562 351 600 429 
3563 372 566 374 
3564 380 395 382 
3565 388 389 387 
3566 1386 2588 1387 
3567 1404 1405 1403 
3568 2531 2560 1516 
3569 1558 1988 1561 
3570 1979 2105 1696 
3571 2099 2630 1967 
3572 2681 2682 2194 
3573 2425 2426 2424 
3574 594 661 625 
3575 598 905 641 
3576 1031 1034 1033 
3577 1346 1347 1345 
3578 1348 2623 1428 
3579 1357 1358 1355 
3580 1379 2631 1377 
3581 1391 2653 1389 
3582 2489 2653 1391 
3583 1420 1446 1445 
3584 1698 2527 1447 
3585 2538 2709 1527 
3586 1615 2607 1960 
3587 1778 1779 1695 
3588 1702 2677 1700 
3589 1701 1704 1703 
3590 1706 2678 1703 
3591 1726 2472 1721 
3592 1724 2050 1752 
3593 1734 2064 1822 
3594 1738 2564 1812 
3595 2119 2120 1750 
3596 1756 1983 1758 
3597 1770 1771 1769 
3598 1782 1784 1783 
3599 2094 2123 1796 
3600 2011 2012 1800 
3601 1805 2567 1824 
3602 1815 2536 1916 
3603 2497 2499 1825 
3604 2004 2061 1896 
3605 2629 2657 1907 
3606 1941 2144 2084 
3607 2062 2196 2195 
3608 2109 2583 2525 
3609 2355 2591 2121 
3610 2183 2450 2446 
3611 2680 2681 2194 
3612 1004 1125 1006 
3613 1547 2544 1376 
3614 1540 1970 1538 
3615 1555 2655 2654 
3616 1982 2661 2654 
3617 2107 2621 2620 
3618 364 426 358 
3619 432 637 577 
3620 1325 1326 1324 
3621 1932 2212 2087 
3622 1964 2164 2088 
3623 436 439 435 
3624 646 648 647 
3625 1326 1328 1327 
3626 2563 2577 1542 
3627 1697 2630 1979 
3628 1931 2018 1754 
3629 2044 2506 1783 
3630 988 1096 985 
3631 1348 1428 1350 
3632 1387 1390 1389 
3633 1658 2680 2535 
3634 2023 2659 1777 
3635 1810 2673 2063 
3636 1959 2692 2451 
3637 2623 2662 1971 
3638 1978 2649 2624 
3639 2100 2521 2520 
3640 575 1129 669 
3641 1329 1330 1328 
3642 1336 2438 1419 
3643 1463 1468 1465 
3644 1712 1713 1649 
3645 1934 2704 1771 
3646 2003 2004 1896 
3647 1946 1949 1948 
3648 2529 2606 1965 
3649 2106 2628 1974 
3650 2524 2659 2102 
3651 2126 2766 2752 
3652 1108 1110 423 
3653 1336 1338 1334 
3654 360 1115 372 
3655 1329 1552 1331 
3656 1671 2691 1626 
3657 2611 2693 1735 
3658 1983 2111 1758 
3659 1771 2704 1773 
3660 1915 2022 1775 
3661 1792 2711 1791 
3662 2123 2614 1796 
3663 1924 2536 1815 
3664 1996 1999 1998 
3665 2008 2617 1997 
3666 2456 2458 2457 
3667 2526 2639 2545 
3668 1006 1125 1019 
3669 1787 1788 1786 
3670 381 423 379 
3671 672 673 671 
3672 1748 1749 1675 
3673 1722 1723 1721 
3674 2012 2740 2543 
3675 2507 2686 2506 
3676 363 364 358 
3677 378 380 379 
3678 388 390 389 
3679 393 398 397 
3680 666 1036 667 
3681 881 882 880 
3682 958 960 959 
3683 1335 1460 1337 
3684 1700 2677 1976 
3685 1964 2088 1751 
3686 1939 2240 2185 
3687 2607 2761 1960 
3688 1989 2666 2118 
3689 2678 2693 2118 
3690 2351 2478 2252 
3691 2478 2676 2584 
3692 2498 2499 2497 
3693 376 428 378 
3694 1102 1128 639 
3695 896 901 898 
3696 2533 2671 1316 
3697 1323 1324 1322 
3698 2553 2554 1408 
3699 1463 1464 1461 
3700 2474 2491 2015 
3701 1007 1125 1004 
3702 1556 2646 1963 
3703 1651 2670 1658 
3704 1923 2763 1749 
3705 2654 2663 1982 
3706 2703 2707 2112 
3707 2512 2721 2718 
3708 366 639 359 
3709 987 989 988 
3710 1753 1801 1725 
3711 1755 2656 1931 
3712 1788 1789 1786 
3713 2253 2647 2088 
3714 2115 2663 2643 
3715 2611 2731 2728 
3716 441 1122 439 
3717 1398 2578 2096 
3718 1643 2589 1685 
3719 1724 1725 1723 
3720 1792 2712 2711 
3721 1917 2567 1805 
3722 1973 2552 2505 
3723 1983 2703 2111 
3724 2088 2647 2174 
3725 1297 1301 1298 
3726 2064 2594 1822 
3727 1931 2656 2385 
3728 2699 2711 2119 
3729 2278 2455 2454 
3730 415 430 414 
3731 1633 1635 1632 
3732 1787 2002 2001 
3733 1940 1942 1941 
3734 2430 2431 2429 
3735 2697 2708 2510 
3736 639 1128 1127 
3737 1323 1559 1325 
3738 1401 1404 1403 
3739 1649 2716 1624 
3740 1627 2691 2488 
3741 1781 1782 1674 
3742 1995 2618 1996 
3743 2715 2718 2122 
3744 2198 2267 2266 
3745 2556 2719 2555 
3746 1335 1336 1334 
3747 1513 1794 1707 
3748 1633 1745 1635 
3749 1735 2693 1706 
3750 1989 2118 1794 
3751 1942 2742 1941 
3752 2666 2678 2118 
3753 378 1124 380 
3754 669 670 576 
3755 1562 2009 1560 
3756 1917 2695 2569 
3757 1987 2684 2254 
3758 2119 2712 2120 
3759 2433 2435 2431 
3760 896 898 897 
3761 1309 2690 1513 
3762 1424 2710 1417 
3763 1620 2722 1661 
3764 1631 1748 1675 
3765 1672 2721 1816 
3766 386 388 387 
3767 440 442 441 
3768 1301 1303 1302 
3769 1418 2653 2641 
3770 380 382 381 
3771 397 1111 392 
3772 670 1097 672 
3773 1400 2675 1401 
3774 2666 2677 1702 
3775 2018 2670 1754 
3776 1788 1790 1789 
3777 2548 2549 1829 
3778 2663 2699 1982 
3779 2115 2699 2663 
3780 2125 2737 2482 
3781 2174 2688 2610 
3782 875 1098 877 
3783 1376 2544 1373 
3784 2728 2731 1795 
3785 1951 1952 1950 
3786 2551 2552 1973 
3787 1982 2699 1647 
3788 1777 2659 2524 
3789 2402 2704 1934 
3790 2690 2696 1989 
3791 2643 2663 2655 
3792 1541 1547 1376 
3793 1395 2578 1398 
3794 1429 2698 2546 
3795 1803 1804 1802 
3796 1803 2685 1917 
3797 2120 2712 2353 
3798 2516 2672 2533 
3799 2624 2649 2625 
3800 1368 2582 1369 
3801 1550 1551 1549 
3802 1636 1637 1551 
3803 1637 1668 1638 
3804 1668 1792 1791 
3805 1978 2581 1691 
3806 2077 2224 1975 
3807 1976 2677 2671 
3808 2545 2639 1977 
3809 2580 2581 2110 
3810 1314 1317 1315 
3811 1340 2560 1341 
3812 1515 1516 1340 
3813 1445 2558 1344 
3814 1347 2576 1345 
3815 1348 1350 1349 
3816 1370 2652 1367 
3817 2110 2624 1374 
3818 1375 1378 1377 
3819 1446 1447 1445 
3820 1548 1549 1547 
3821 1547 2545 2544 
3822 1793 2526 1638 
3823 1785 1786 1784 
3824 1951 1955 1952 
3825 2446 2720 1958 
3826 2552 2553 2505 
3827 2107 2108 1352 
3828 1372 1374 1373 
3829 1740 2629 1616 
3830 1647 2699 2119 
3831 1904 2023 1777 
3832 2098 2503 2097 
3833 2101 2615 2613 
3834 2214 2335 2104 
3835 2107 2622 2621 
3836 2504 2570 2503 
3837 2109 2525 1356 
3838 1362 2602 1363 
3839 380 1124 395 
3840 1364 2561 1361 
3841 2452 2675 1400 
3842 1601 2603 1539 
3843 1540 2097 1970 
3844 1687 1689 1688 
3845 2084 2743 1745 
3846 1945 2532 1946 
3847 2091 2750 2749 
3848 2497 2523 2494 
3849 372 1115 566 
3850 1337 2447 2438 
3851 1513 2690 1989 
3852 1517 1518 1516 
3853 1999 2000 1998 
3854 2115 2711 2699 
3855 2428 2429 2426 
3856 2611 2728 2693 
3857 2655 2663 2654 
3858 1101 1123 873 
3859 1775 2725 2095 
3860 1797 2715 2588 
3861 1951 2627 1956 
3862 2005 2126 1953 
3863 2518 2748 2724 
3864 2533 2672 2671 
3865 1714 2716 1649 
3866 1527 2703 2112 
3867 1754 2670 1651 
3868 427 598 426 
3869 1297 1339 1301 
3870 1390 2698 1392 
3871 1465 1466 1464 
3872 1631 1675 1466 
3873 1527 2709 2703 
3874 1767 2551 1770 
3875 1946 2532 1949 
3876 1996 1997 1994 
3877 2693 2728 2118 
3878 2437 2754 2431 
3879 1328 1545 1327 
3880 1440 2717 1430 
3881 1675 2480 1466 
3882 425 431 415 
3883 2111 2697 1758 
3884 1998 2713 2007 
3885 2703 2709 2111 
3886 1797 2718 2715 
3887 1333 2599 1330 
3888 1469 2724 1471 
3889 1758 2697 1759 
3890 1992 2723 1991 
3891 1448 1615 1614 
3892 1465 1467 1466 
3893 1703 2678 1702 
3894 2188 2189 1955 
3895 1720 1814 1722 
3896 2139 2685 1752 
3897 1804 2679 1802 
3898 2476 2605 1988 
3899 2546 2715 2122 
3900 2421 2479 2416 
3901 1417 2710 2477 
3902 1612 2706 1781 
3903 2000 2713 1998 
3904 1392 2698 1429 
3905 1960 2422 1961 
3906 1988 2747 2706 
3907 2112 2707 2683 
3908 601 658 429 
3909 871 1129 577 
3910 1990 2722 1620 
3911 1723 1726 1721 
3912 1802 2679 2013 
3913 2176 2183 1958 
3914 2122 2721 1672 
3915 2008 2757 2617 
3916 2477 2710 2114 
3917 1311 2690 1309 
3918 1635 1733 1656 
3919 2543 2740 1714 
3920 2183 2446 1958 
3921 670 672 671 
3922 1463 1465 1464 
3923 1753 2685 1803 
3924 2555 2719 1792 
3925 2015 2491 1801 
3926 1992 2726 2723 
3927 439 1131 435 
3928 364 1105 606 
3929 1770 2551 1973 
3930 1798 2718 1797 
3931 2646 2733 2116 
3932 958 959 907 
3933 1774 2692 1680 
3934 2162 2163 2006 
3935 2725 2741 2017 
3936 2197 2758 2744 
3937 1325 2687 1326 
3938 1702 2678 2666 
3939 1552 1943 1331 
3940 1623 1648 1624 
3941 1792 2719 2712 
3942 1807 2679 1804 
3943 353 1116 356 
3944 1791 2711 2115 
3945 1991 2723 2512 
3946 1410 2748 2518 
3947 1717 1720 1719 
3948 2488 2734 2485 
3949 987 988 985 
3950 2658 2738 1661 
3951 2718 2721 2122 
3952 1561 1562 1560 
3953 2600 2747 2605 
3954 875 1123 1098 
3955 1405 2702 1403 
3956 2050 2139 1752 
3957 359 1126 355 
3958 1344 2558 1342 
3959 1676 2669 2668 
3960 2637 2726 1992 
3961 1993 2731 2611 
3962 1525 2668 1523 
3963 1661 2738 1744 
3964 1794 2728 1795 
3965 2118 2728 1794 
3966 2111 2709 2708 
3967 1626 2691 1627 
3968 1680 2692 1959 
3969 1784 2705 1987 
3970 2022 2741 2725 
3971 2442 2735 2600 
3972 1122 1131 439 
3973 1556 2733 2646 
3974 2198 2266 2196 
3975 1989 2696 2666 
3976 2482 2737 1298 
3977 1460 2739 2449 
3978 1676 2668 1525 
3979 1744 2738 2017 
3980 1338 2729 1334 
3981 2712 2719 2353 
3982 2724 2748 1990 
3983 2197 2756 2198 
3984 1558 1560 1321 
3985 2554 2702 1408 
3986 2066 2736 1933 
3987 1947 2751 1944 
3988 673 1100 671 
3989 1129 1130 669 
3990 2414 2771 1942 
3991 2749 2750 2205 
3992 1408 2702 1405 
3993 2617 2731 1993 
3994 1808 2714 2418 
3995 2757 2759 2125 
3996 1334 2729 1333 
3997 1554 2724 1990 
3998 338 886 336 
3999 1464 2480 2447 
4000 2091 2749 1923 
4001 1782 2694 1785 
4002 2426 2753 2424 
4003 2111 2708 2697 
4004 1990 2748 2614 
4005 1789 2705 1786 
4006 1557 2764 2717 
4007 1933 2736 1932 
4008 2637 2727 2726 
4009 1329 2687 1552 
4010 1943 2751 2449 
4011 1944 2751 1943 
4012 1781 2694 1782 
4013 2765 2768 2490 
4014 1781 2747 2694 
4015 1471 2724 1554 
4016 2726 2727 1924 
4017 1953 2762 1950 
4018 2686 2714 1673 
4019 2737 2759 1422 
4020 1635 2743 1733 
4021 338 1058 886 
4022 1323 2767 1559 
4023 2717 2768 1431 
4024 1932 2736 2212 
4025 358 1132 354 
4026 1131 1135 661 
4027 1326 2687 1329 
4028 2007 2745 2008 
4029 2600 2735 2694 
4030 639 1126 359 
4031 1406 2730 1407 
4032 1733 2743 1939 
4033 2686 2732 2418 
4034 2614 2730 1796 
4035 2744 2758 1557 
4036 1786 2705 1784 
4037 2125 2759 2737 
4038 2449 2739 1943 
4039 2429 2753 2426 
4040 1122 1135 1131 
4041 873 1123 875 
4042 2084 2760 2743 
4043 1104 1134 884 
4044 427 1133 598 
4045 639 1127 1126 
4046 1795 2757 2125 
4047 1796 2730 1406 
4048 1422 2759 2745 
4049 1426 2746 1439 
4050 1419 2746 1426 
4051 1431 2755 1421 
4052 1132 1136 352 
4053 1939 2760 2240 
4054 2004 2764 2758 
4055 2706 2747 1781 
4056 2418 2714 2686 
4057 2429 2754 2753 
4058 640 1132 426 
4059 1463 2766 1468 
4060 2422 2763 1923 
4061 2617 2757 2731 
4062 352 1136 349 
4063 2745 2759 2008 
4064 426 1132 358 
4065 2507 2732 2686 
4066 883 1137 1110 
4067 1960 2761 2422 
4068 2731 2757 1795 
4069 881 1137 883 
4070 2694 2735 1785 
4071 2062 2758 2197 
4072 984 987 985 
4073 1462 2766 1463 
4074 985 986 983 
4075 598 1133 905 
4076 2743 2760 1939 
4077 2004 2758 2062 
4078 2003 2764 2004 
4079 1466 2480 1464 
4080 1942 2772 2742 
4081 2124 2765 2001 
4082 2766 2770 1468 
4083 349 1136 351 
4084 2751 2762 2752 
4085 2001 2765 2490 
4086 2481 2763 2761 
4087 1431 2765 2755 
4088 640 1136 1132 
4089 1455 2744 1557 
4090 1625 2744 1455 
4091 2755 2765 2124 
4092 2764 2768 2717 
4093 1136 1138 351 
4094 1134 1137 884 
4095 2449 2752 1462 
4096 1468 2770 2414 
4097 884 1137 881 
4098 1559 2767 2425 
4099 2761 2763 2422 
4100 2751 2752 2449 
4101 2490 2768 2003 
4102 2425 2769 2427 
4103 1319 2769 2767 
4104 2771 2772 1942 
4105 2003 2768 2764 
4106 2767 2769 2425 
4107 640 1138 1136 
4108 351 1138 600 
4109 1950 2762 1947 
4110 1947 2762 2751 
4111 2006 2771 2005 
4112 864 866 865 
4113 984 985 983 
4114 2163 2772 2006 
4115 2770 2771 2414 
4116 641 1138 640 
4117 2005 2771 2770 
4118 2006 2772 2771 
4119 600 1139 1099 
4120 1138 1139 600 
4121 641 1139 1138 
4122 2772 2773 2742 
4123 2440 2781 2780 
4124 1565 2779 2774 
4125 2163 2773 2772 
4126 1427 2781 2777 
4127 333 1140 342 
4128 2745 2779 2778 
4129 1560 2776 1321 
4130 864 865 614 
4131 982 984 983 
4132 335 1140 333 
4133 2135 2775 2774 
4134 2135 2774 2713 
4135 642 1141 346 
4136 837 912 911 
4137 2009 2776 1560 
4138 2011 2777 2012 
4139 371 1140 335 
4140 341 1150 344 
4141 1290 2778 1565 
4142 2745 2778 1422 
4143 1292 2778 1290 
4144 982 983 613 
4145 613 1095 1094 
4146 624 864 614 
4147 2713 2779 2007 
4148 2778 2779 1565 
4149 347 1141 350 
4150 2440 2780 2009 
4151 566 1143 1119 
4152 1115 1142 566 
4153 2780 2781 1427 
4154 2012 2781 2740 
4155 837 911 847 
4156 847 1089 836 
4157 1422 2778 1292 
4158 1305 2780 1427 
4159 2007 2779 2745 
4160 2776 2780 1305 
4161 350 1141 1116 
4162 1146 1147 1124 
4163 647 1147 1146 
4164 1141 1142 1116 
4165 642 1142 1141 
4166 2009 2780 2776 
4167 1116 1142 1115 
4168 2740 2781 2440 
4169 1143 1145 1119 
4170 1119 1145 428 
4171 429 1144 348 
4172 613 1094 612 
4173 599 982 613 
4174 612 624 614 
4175 1145 1146 428 
4176 643 1143 642 
4177 1142 1143 566 
4178 428 1146 1124 
4179 642 1143 1142 
4180 837 847 836 
4181 658 1144 429 
4182 643 1145 1143 
4183 645 1145 643 
4184 1299 2783 1293 
4185 649 1147 647 
4186 645 1146 1145 
4187 649 1148 1147 
4188 647 1146 645 
4189 651 1148 649 
4190 651 1149 1148 
4191 1124 1147 395 
4192 2774 2782 1565 
4193 653 1149 651 
4194 644 1150 657 
4195 344 1150 361 
4196 1147 1148 395 
4197 612 614 558 
4198 599 613 612 
4199 395 1148 1112 
4200 1148 1149 1112 
4201 1112 1149 396 
4202 1427 2783 1299 
4203 838 1093 835 
4204 835 837 836 
4205 361 1150 644 
4206 2775 2782 2774 
4207 2777 2783 1427 
4208 2411 2412 2410 
4209 327 1151 329 
4210 1708 2785 1287 
4211 1300 2784 1319 
4212 329 1151 394 
4213 1287 2785 1289 
4214 599 612 558 
4215 2427 2786 2432 
4216 1307 2794 2793 
4217 579 1152 662 
4218 835 836 833 
4219 834 838 835 
4220 1289 2785 1307 
4221 1319 2784 2769 
4222 1709 2786 2784 
4223 2784 2786 2769 
4224 622 1152 579 
4225 2769 2786 2427 
4226 2218 2411 2410 
4227 2786 2787 2432 
4228 325 1155 323 
4229 1051 1152 622 
4230 1709 2787 2786 
4231 460 599 558 
4232 853 1048 855 
4233 834 835 833 
4234 328 1153 326 
4235 328 1154 1153 
4236 2218 2410 2409 
4237 1282 2791 1280 
4238 322 1159 324 
4239 459 461 460 
4240 460 558 458 
4241 853 855 854 
4242 341 1153 1150 
4243 869 1088 832 
4244 832 834 833 
4245 1154 1156 657 
4246 2218 2409 2059 
4247 1150 1153 657 
4248 1279 2804 1281 
4249 1283 2788 1285 
4250 331 1154 328 
4251 1153 1154 657 
4252 2132 2803 2802 
4253 658 1155 1144 
4254 343 1155 325 
4255 657 1156 646 
4256 459 460 458 
4257 1293 2788 1283 
4258 342 1157 1156 
4259 853 854 852 
4260 342 1154 331 
4261 342 1156 1154 
4262 1140 1157 342 
4263 832 833 831 
4264 831 1087 1084 
4265 830 869 832 
4266 1285 2788 1708 
4267 1144 1155 343 
4268 646 1156 648 
4269 2783 2788 1293 
4270 2128 2803 2132 
4271 2011 2789 2777 
4272 2010 2790 2011 
4273 650 1158 652 
4274 1156 1157 648 
4275 2058 2283 2217 
4276 2345 2408 2057 
4277 2217 2218 2059 
4278 648 1157 650 
4279 2783 2789 2788 
4280 2788 2789 1708 
4281 371 1158 1140 
4282 2128 2805 2803 
4283 2775 2791 2782 
4284 1286 2791 1282 
4285 2010 2794 2790 
4286 1985 2792 1742 
4287 2473 2793 2014 
4288 2475 2796 2795 
4289 324 1159 327 
4290 456 459 458 
4291 458 1092 455 
4292 1140 1158 1157 
4293 1157 1158 650 
4294 2777 2789 2783 
4295 2127 2805 2128 
4296 809 853 852 
4297 2014 2794 2010 
4298 2644 2799 2798 
4299 2011 2790 2789 
4300 1307 2795 1291 
4301 323 1160 321 
4302 1708 2790 2785 
4303 2782 2791 1286 
4304 831 1084 829 
4305 830 832 831 
4306 1742 2792 2130 
4307 1295 2796 1297 
4308 2475 2793 2473 
4309 327 1159 1151 
4310 2789 2790 1708 
4311 2790 2794 2785 
4312 2679 2798 2013 
4313 2785 2794 1307 
4314 2058 2217 2059 
4315 2344 2345 2057 
4316 2343 2346 2344 
4317 2059 2171 2056 
4318 2793 2795 1307 
4319 2812 2813 1459 
4320 2132 2802 2801 
4321 2806 2807 2130 
4322 1985 2805 2792 
4323 1303 2801 1304 
4324 1291 2795 1295 
4325 2130 2807 2131 
4326 1310 2802 1312 
4327 2015 2797 2474 
4328 2474 2797 2475 
4329 2792 2806 2130 
4330 2475 2795 2793 
4331 2015 2799 2797 
4332 1709 2804 2787 
4333 1281 2804 1284 
4334 1297 2796 1339 
4335 2792 2805 2127 
4336 2013 2799 2015 
4337 1806 2806 2127 
4338 659 1160 658 
4339 456 458 455 
4340 2129 2798 2679 
4341 2797 2799 1339 
4342 2129 2800 2798 
4343 809 852 849 
4344 849 1042 802 
4345 1339 2799 2644 
4346 2127 2806 2792 
4347 2132 2800 2129 
4348 2475 2797 2796 
4349 2800 2801 1303 
4350 1304 2801 1310 
4351 1155 1160 323 
4352 2796 2797 1339 
4353 1312 2802 1425 
4354 2802 2803 1425 
4355 1425 2803 2660 
4356 1284 2804 1709 
4357 830 831 829 
4358 2803 2805 2660 
4359 2660 2805 1985 
4360 1824 2806 1806 
4361 2132 2801 2800 
4362 1824 2807 2806 
4363 2568 2807 1824 
4364 658 1160 1155 
4365 1449 2815 2814 
4366 2343 2344 2057 
4367 2058 2059 2056 
4368 454 456 455 
4369 2134 2810 2809 
4370 809 849 802 
4371 720 722 721 
4372 827 830 829 
4373 829 848 828 
4374 2076 2367 2366 
4375 2055 2058 2056 
4376 2054 2343 2057 
4377 454 455 453 
4378 453 1085 557 
4379 663 1209 636 
4380 2134 2809 2808 
4381 844 910 843 
4382 701 1086 700 
4383 700 809 802 
4384 845 1073 811 
4385 720 721 719 
4386 2134 2808 2133 
4387 2330 2332 2331 
4388 827 829 828 
4389 1062 1064 1063 
4390 2365 2389 2075 
4391 2076 2366 2365 
4392 1183 1184 1182 
4393 2054 2057 2055 
4394 2055 2056 2053 
4395 1278 2812 1459 
4396 720 3457 722 
4397 403 1161 320 
4398 2775 2812 2791 
4399 1280 2812 1278 
4400 659 1165 1163 
4401 453 557 450 
4402 451 454 453 
4403 320 1161 322 
4404 405 1167 401 
4405 2135 2813 2775 
4406 618 663 636 
4407 634 862 635 
4408 635 1060 617 
4409 700 802 698 
4410 843 845 811 
4411 699 701 700 
4412 839 844 843 
4413 2808 2813 2133 
4414 1459 2813 2808 
4415 716 720 719 
4416 719 794 715 
4417 2642 2811 2434 
4418 2330 2331 2329 
4419 1062 1063 841 
4420 827 828 808 
4421 2791 2812 1280 
4422 2076 2365 2075 
4423 1181 1183 1182 
4424 322 1161 1159 
4425 2133 2813 2135 
4426 437 1162 412 
4427 2054 2055 2053 
4428 408 1162 407 
4429 407 1162 608 
4430 1449 2814 1277 
4431 319 1163 362 
4432 2804 2814 2787 
4433 1277 2814 1279 
4434 659 1163 1160 
4435 321 1163 319 
4436 451 453 450 
4437 2787 2815 2432 
4438 412 1162 408 
4439 618 636 634 
4440 634 635 617 
4441 699 700 698 
4442 810 846 839 
4443 839 843 811 
4444 1163 1165 362 
4445 2642 2815 2811 
4446 2811 2815 1449 
4447 2871 3438 2290 
4448 716 719 715 
4449 662 1164 437 
4450 2327 2330 2329 
4451 437 1164 1162 
4452 1276 2816 1274 
4453 826 827 808 
4454 841 842 840 
4455 807 1062 841 
4456 1279 2814 2804 
4457 2073 2076 2075 
4458 1181 1182 1180 
4459 1160 1163 321 
4460 1162 1164 608 
4461 2432 2815 2642 
4462 2053 2371 2051 
4463 2172 2396 2048 
4464 2052 2054 2053 
4465 2093 2173 2172 
4466 608 1164 676 
4467 685 1165 659 
4468 2809 2816 2808 
4469 449 451 450 
4470 618 634 617 
4471 723 3397 3354 
4472 810 839 811 
4473 697 699 698 
4474 1459 2816 1276 
4475 713 716 715 
4476 238 3495 239 
4477 443 954 560 
4478 894 925 893 
4479 2327 2329 2328 
4480 2328 2407 2074 
4481 2206 2316 2315 
4482 807 841 840 
4483 806 826 808 
4484 2184 2921 2023 
4485 1228 1229 1226 
4486 2072 2074 2073 
4487 2073 2075 1828 
4488 567 1167 405 
4489 1179 1181 1180 
4490 2808 2816 1459 
4491 1926 1928 1927 
4492 2052 2053 2051 
4493 2093 2172 2048 
4494 240 3486 242 
4495 2955 2958 2957 
4496 3081 3477 463 
4497 1502 1505 1503 
4498 1017 1120 1013 
4499 1013 1120 1012 
4500 1924 2817 2536 
4501 675 1167 567 
4502 417 1175 1056 
4503 1258 3296 952 
4504 2242 3204 2339 
4505 2334 3204 2201 
4506 1438 2701 2700 
4507 449 450 448 
4508 616 618 617 
4509 627 1053 616 
4510 692 3352 2919 
4511 810 811 695 
4512 697 698 696 
4513 696 1074 810 
4514 937 939 938 
4515 167 3430 169 
4516 1055 3093 537 
4517 713 715 712 
4518 2817 2945 889 
4519 187 2970 1041 
4520 1867 2372 2288 
4521 892 894 893 
4522 2327 2328 2074 
4523 438 1171 402 
4524 2085 2380 2206 
4525 2206 2315 2083 
4526 807 840 805 
4527 806 808 807 
4528 1227 1228 1226 
4529 2727 2817 1924 
4530 2072 2073 1828 
4531 1179 1180 1178 
4532 409 1171 611 
4533 1438 2710 1424 
4534 402 1171 406 
4535 297 299 254 
4536 239 3495 240 
4537 2350 3221 2186 
4538 2445 3177 2163 
4539 1809 2052 2051 
4540 1731 2093 2048 
4541 2048 2363 1809 
4542 1634 2852 2467 
4543 3117 3238 580 
4544 242 3486 243 
4545 448 1117 444 
4546 1038 3347 161 
4547 1266 3448 266 
4548 652 1158 923 
4549 2154 2979 2156 
4550 2955 2957 2956 
4551 112 1049 111 
4552 1667 3343 1576 
4553 2340 3563 2223 
4554 111 1049 153 
4555 898 900 899 
4556 1743 2825 1657 
4557 2944 3547 725 
4558 330 1176 316 
4559 2413 3149 553 
4560 988 1186 1096 
4561 990 1186 988 
4562 387 1175 417 
4563 434 1175 389 
4564 252 1203 1069 
4565 2067 2819 2066 
4566 2820 2821 1962 
4567 529 1263 539 
4568 2411 2914 2413 
4569 406 1171 409 
4570 2396 2828 2363 
4571 2270 2822 2274 
4572 2821 2825 1962 
4573 2369 2825 2821 
4574 2205 2820 1962 
4575 316 1176 318 
4576 2317 2822 2270 
4577 2077 2830 2321 
4578 2541 2830 2078 
4579 3236 3277 143 
4580 2034 3393 2032 
4581 2208 2209 2207 
4582 1827 2364 2208 
4583 975 977 976 
4584 1274 2834 1272 
4585 539 627 616 
4586 616 617 615 
4587 1053 1236 1054 
4588 2163 3177 2773 
4589 531 1222 465 
4590 696 810 695 
4591 694 697 696 
4592 2066 2832 2736 
4593 1956 2833 2188 
4594 2435 2833 2437 
4595 1264 3130 399 
4596 937 938 936 
4597 2032 3393 2248 
4598 2044 2836 2507 
4599 1442 2701 1437 
4600 1079 1188 1078 
4601 2173 3037 2172 
4602 727 3379 3366 
4603 710 713 712 
4604 2328 2823 2407 
4605 2137 2837 1936 
4606 1938 2838 2471 
4607 2081 2854 2145 
4608 949 965 964 
4609 1853 1854 1852 
4610 1590 2392 2306 
4611 1491 2381 2313 
4612 1434 2296 2295 
4613 1867 2288 2287 
4614 1435 2847 2340 
4615 1575 2404 2397 
4616 2406 2853 1580 
4617 967 1174 969 
4618 892 893 571 
4619 1586 1587 1583 
4620 2700 2701 2137 
4621 1962 2825 1743 
4622 1596 1598 1597 
4623 2421 2835 2479 
4624 971 1196 980 
4625 1070 1071 1068 
4626 30 1510 31 
4627 55 2292 56 
4628 40 2405 41 
4629 7 2297 8 
4630 39 1580 40 
4631 53 2311 54 
4632 44 2358 45 
4633 17 1491 18 
4634 41 2312 42 
4635 20 2308 21 
4636 42 1585 43 
4637 21 1883 22 
4638 8 1474 9 
4639 19 1490 20 
4640 25 1912 26 
4641 58 1434 59 
4642 47 1590 48 
4643 15 1484 16 
4644 11 1478 12 
4645 23 1498 24 
4646 36 1575 37 
4647 49 1730 50 
4648 13 1867 14 
4649 27 1504 28 
4650 45 1584 46 
4651 54 1444 55 
4652 22 2291 23 
4653 34 2350 35 
4654 56 1838 57 
4655 60 1435 61 
4656 10 2289 11 
4657 6 1475 7 
4658 26 2304 27 
4659 51 1458 52 
4660 33 1569 34 
4661 295 3169 946 
4662 3012 3543 688 
4663 434 1199 1175 
4664 1877 1878 1876 
4665 723 3429 3397 
4666 253 298 297 
4667 1819 1820 1818 
4668 2888 3320 782 
4669 177 3548 3220 
4670 855 922 921 
4671 2085 2206 2083 
4672 2020 2927 2204 
4673 806 807 805 
4674 389 1175 387 
4675 782 3322 2888 
4676 188 3458 189 
4677 161 3347 3329 
4678 2573 3420 2884 
4679 1225 1227 1226 
4680 30 2983 1510 
4681 2865 3042 631 
4682 1727 2072 1828 
4683 926 3355 826 
4684 1268 3573 801 
4685 842 1179 1178 
4686 3212 3325 772 
4687 2809 2834 2816 
4688 190 3461 192 
4689 318 1176 403 
4690 193 3464 195 
4691 1585 2286 43 
4692 1510 2373 31 
4693 1575 2397 37 
4694 39 2406 1580 
4695 1867 2287 14 
4696 1498 2305 24 
4697 1435 2340 61 
4698 1590 2306 48 
4699 1504 2290 28 
4700 1434 2295 59 
4701 1584 2302 46 
4702 1458 2301 52 
4703 1478 2309 12 
4704 1484 2310 16 
4705 1491 2313 18 
4706 1730 2314 50 
4707 2568 2842 2807 
4708 1106 1204 1199 
4709 2408 2843 2283 
4710 772 3326 3212 
4711 2185 2839 2838 
4712 2816 2834 1274 
4713 196 3466 199 
4714 464 3237 2351 
4715 2078 2830 2077 
4716 2016 2845 2275 
4717 264 1214 1168 
4718 795 1260 1035 
4719 1716 2835 2470 
4720 2479 2835 1716 
4721 499 3117 2500 
4722 923 2997 654 
4723 716 3183 720 
4724 2840 3396 1498 
4725 2598 3544 2976 
4726 2319 3203 1625 
4727 2337 2338 1919 
4728 1174 1196 969 
4729 2079 2848 2019 
4730 2134 2848 2810 
4731 2384 2855 494 
4732 1106 1199 434 
4733 1731 2048 1809 
4734 1809 2051 1618 
4735 2701 2977 2137 
4736 2437 2833 1956 
4737 1569 3221 2350 
4738 297 3052 158 
4739 2470 2835 2469 
4740 842 1178 840 
4741 2465 2852 1476 
4742 2467 2852 2464 
4743 2045 2862 1273 
4744 1175 1199 1056 
4745 2326 3021 2362 
4746 860 3254 2883 
4747 113 138 112 
4748 1056 1199 903 
4749 2498 3185 499 
4750 2254 2836 2044 
4751 1474 3029 9 
4752 10 3029 2289 
4753 790 3014 1268 
4754 1078 1188 154 
4755 422 1208 410 
4756 537 1220 1055 
4757 1936 2837 2067 
4758 2185 2838 1938 
4759 518 3269 520 
4760 2232 2233 1737 
4761 189 3458 190 
4762 542 3516 540 
4763 541 3516 542 
4764 174 3499 175 
4765 2037 2038 2036 
4766 1168 3202 3179 
4767 1494 1495 1493 
4768 3172 3573 3501 
4769 2819 2832 2066 
4770 2955 2956 2953 
4771 272 275 274 
4772 1199 1204 903 
4773 192 3461 193 
4774 1730 3261 2314 
4775 1842 1845 1844 
4776 872 1217 871 
4777 2131 2861 2513 
4778 846 2961 839 
4779 2952 2984 928 
4780 2515 2864 2100 
4781 1437 1438 1424 
4782 195 3464 196 
4783 1449 2862 2811 
4784 1910 2325 1911 
4785 711 3106 2966 
4786 3110 3391 740 
4787 2433 2865 2436 
4788 898 899 897 
4789 3354 3457 723 
4790 919 3562 291 
4791 199 3466 200 
4792 2345 2844 2843 
4793 1273 2862 1275 
4794 969 1196 971 
4795 1182 3000 804 
4796 1033 3202 1168 
4797 1868 1871 1870 
4798 665 868 664 
4799 2571 3420 2573 
4800 564 3196 3055 
4801 2732 2868 2418 
4802 1030 1166 1017 
4803 3341 3394 917 
4804 701 1212 1086 
4805 2170 3019 2927 
4806 2143 3119 2210 
4807 679 3375 1149 
4808 2861 3142 820 
4809 2887 3275 596 
4810 1017 1166 1120 
4811 2811 2874 2434 
4812 794 3554 940 
4813 3046 3306 3136 
4814 959 1267 1077 
4815 1479 2852 1634 
4816 1029 3277 3236 
4817 915 919 916 
4818 2932 3016 2047 
4819 1875 3060 1877 
4820 992 1000 990 
4821 1055 1220 1018 
4822 1031 1220 1034 
4823 305 309 307 
4824 2333 2400 2332 
4825 182 3548 180 
4826 2807 2842 2131 
4827 1600 3089 1599 
4828 139 1190 1041 
4829 856 3160 3109 
4830 175 3319 177 
4831 1049 3199 153 
4832 606 1221 427 
4833 2345 2843 2408 
4834 724 3528 726 
4835 2296 2912 2295 
4836 3123 3445 2989 
4837 446 448 444 
4838 2856 2857 955 
4839 760 3334 3142 
4840 494 3248 3154 
4841 2281 2845 2016 
4842 461 1222 460 
4843 599 1222 982 
4844 654 3085 2916 
4845 628 915 629 
4846 1228 3217 1229 
4847 1827 2208 2207 
4848 2156 2158 2157 
4849 2573 2882 2673 
4850 626 1204 1106 
4851 3123 3369 519 
4852 1486 1488 1487 
4853 1567 1568 1512 
4854 2548 2887 2549 
4855 3148 3316 813 
4856 539 616 615 
4857 137 3012 1047 
4858 1058 3355 886 
4859 2485 2889 2487 
4860 2537 2889 2734 
4861 975 976 974 
4862 249 261 260 
4863 694 696 695 
4864 1032 1214 214 
4865 705 708 707 
4866 2569 2993 819 
4867 1230 3443 929 
4868 2922 3165 755 
4869 89 163 88 
4870 126 144 125 
4871 77 1191 76 
4872 87 142 86 
4873 132 159 131 
4874 123 140 122 
4875 70 143 69 
4876 72 1193 71 
4877 73 139 72 
4878 76 147 75 
4879 130 146 129 
4880 66 145 65 
4881 128 155 127 
4882 68 156 67 
4883 78 1177 77 
4884 80 162 79 
4885 67 1192 66 
4886 64 158 63 
4887 82 141 81 
4888 120 148 119 
4889 85 157 84 
4890 131 1195 130 
4891 118 161 117 
4892 81 1194 80 
4893 140 1215 1025 
4894 1621 2905 2379 
4895 589 628 590 
4896 1000 1186 990 
4897 2019 2848 2134 
4898 795 3024 1260 
4899 866 1169 1037 
4900 1213 3270 536 
4901 465 1222 461 
4902 1893 3086 2179 
4903 805 3205 789 
4904 786 3205 796 
4905 1082 1257 1081 
4906 3033 3303 603 
4907 134 1256 1051 
4908 305 908 309 
4909 1577 1579 1578 
4910 708 710 709 
4911 2464 2852 2465 
4912 632 3585 3500 
4913 3168 3459 1727 
4914 2172 3038 2396 
4915 245 3056 249 
4916 2079 2942 2848 
4917 586 589 587 
4918 710 712 709 
4919 2368 2899 2273 
4920 2931 3432 2293 
4921 819 2991 2569 
4922 1928 1930 1929 
4923 1060 3441 615 
4924 2271 2899 2317 
4925 2689 3454 2595 
4926 655 2915 2902 
4927 1168 3179 264 
4928 2260 3572 3512 
4929 410 1208 413 
4930 1069 1250 1067 
4931 958 1241 960 
4932 2963 3101 527 
4933 584 586 585 
4934 3354 3397 725 
4935 2315 3015 2083 
4936 799 926 806 
4937 3188 3270 3240 
4938 1642 1665 1664 
4939 949 964 948 
4940 1585 3281 2286 
4941 2688 3132 858 
4942 2312 3019 1585 
4943 414 1241 424 
4944 1173 3223 609 
4945 2338 3159 1919 
4946 3133 3263 2238 
4947 282 3507 283 
4948 2385 2855 2384 
4949 1122 3128 1135 
4950 3187 3532 173 
4951 2280 3359 3121 
4952 890 892 571 
4953 930 1038 660 
4954 2029 2031 2030 
4955 440 954 443 
4956 284 3511 286 
4957 1663 3091 2168 
4958 1275 2862 1449 
4959 2238 3243 2949 
4960 1084 1172 848 
4961 1451 1456 1450 
4962 1856 1857 1854 
4963 2100 2864 2521 
4964 1879 1880 1878 
4965 839 2961 844 
4966 997 1249 1020 
4967 1827 2207 1650 
4968 2218 2914 2411 
4969 2934 2935 2933 
4970 677 2943 2619 
4971 2434 2865 2433 
4972 2346 2920 2344 
4973 678 3455 3206 
4974 956 3305 3278 
4975 2405 3122 2204 
4976 934 1216 935 
4977 2209 3472 2207 
4978 834 1251 838 
4979 2959 2960 2956 
4980 709 714 707 
4981 153 1252 110 
4982 109 1252 135 
4983 844 913 910 
4984 394 1251 1088 
4985 1603 3108 2935 
4986 2233 3436 2872 
4987 1027 1248 1194 
4988 1484 2896 2310 
4989 2370 3153 668 
4990 300 301 138 
4991 393 3178 398 
4992 1832 1833 1831 
4993 138 1049 112 
4994 900 902 899 
4995 1 2863 6 
4996 991 1213 993 
4997 1151 1251 394 
4998 169 3430 170 
4999 2082 2085 2083 
5000 1028 1216 934 
5001 2250 2995 1894 
5002 2418 2868 2417 
5003 152 1256 105 
5004 104 1256 134 
5005 388 3150 390 
5006 799 806 805 
5007 145 3173 299 
5008 2823 2940 2891 
5009 2850 2929 2401 
5010 1598 1600 1599 
5011 1505 1508 1507 
5012 994 1187 992 
5013 582 584 583 
5014 1588 1589 1587 
5015 2572 2923 2571 
5016 469 2883 2882 
5017 512 3093 510 
5018 1225 1226 1184 
5019 162 1248 1244 
5020 514 3398 3033 
5021 1081 1257 107 
5022 106 1257 152 
5023 1149 3375 396 
5024 509 3214 3175 
5025 228 3560 3399 
5026 855 921 854 
5027 165 3525 166 
5028 2956 2984 2953 
5029 548 3500 550 
5030 1727 1828 1827 
5031 634 2990 862 
5032 2345 2919 2844 
5033 2469 2909 2357 
5034 3070 3071 2495 
5035 2596 3454 457 
5036 1899 3121 2175 
5037 1869 3519 2933 
5038 2268 3148 813 
5039 2881 2910 2909 
5040 299 3295 145 
5041 711 3426 2456 
5042 945 1260 950 
5043 1035 1260 943 
5044 841 3007 842 
5045 3123 3269 518 
5046 1899 2175 1897 
5047 33 2866 1569 
5048 3058 3160 856 
5049 2318 3054 1843 
5050 177 3319 178 
5051 801 3224 1268 
5052 186 1200 1135 
5053 3104 3105 2261 
5054 2848 2942 452 
5055 2556 2936 2719 
5056 74 1218 1190 
5057 1821 2374 1728 
5058 2362 3383 2333 
5059 2456 3231 711 
5060 2187 3221 2918 
5061 93 150 92 
5062 623 1221 682 
5063 170 3532 171 
5064 703 1212 701 
5065 2068 3028 2092 
5066 521 3151 522 
5067 2909 2910 770 
5068 714 1212 707 
5069 931 3099 902 
5070 313 1023 314 
5071 3022 3366 730 
5072 1871 1873 1872 
5073 2500 2898 2501 
5074 578 3225 3185 
5075 1054 1210 663 
5076 2842 2861 2131 
5077 2412 2850 2849 
5078 536 3270 3188 
5079 2038 3186 2264 
5080 1458 2947 2301 
5081 1015 2963 1016 
5082 688 3543 1188 
5083 801 3573 3172 
5084 2328 2940 2823 
5085 1018 1220 1031 
5086 2267 2939 2269 
5087 1847 1849 1848 
5088 849 1043 1042 
5089 275 277 276 
5090 283 3507 284 
5091 2158 2161 2159 
5092 663 1210 1209 
5093 1194 1248 162 
5094 3121 3359 2175 
5095 209 210 208 
5096 2565 2971 2564 
5097 286 3511 287 
5098 2907 3266 483 
5099 2957 2959 2956 
5100 427 1221 1133 
5101 1919 2388 1662 
5102 2249 2250 1894 
5103 456 3252 459 
5104 903 1204 931 
5105 633 3273 1024 
5106 2773 3130 2742 
5107 1995 2976 2618 
5108 722 3457 3354 
5109 868 3128 664 
5110 142 1071 1070 
5111 194 3099 931 
5112 2209 3542 3472 
5113 127 1207 126 
5114 3078 3263 1855 
5115 194 3463 3100 
5116 1179 3025 1181 
5117 75 1218 74 
5118 1918 2337 1919 
5119 460 1222 599 
5120 1176 3374 912 
5121 225 3234 226 
5122 2569 2991 2567 
5123 94 164 93 
5124 156 1192 67 
5125 1177 1191 77 
5126 159 1195 131 
5127 130 1195 146 
5128 66 1192 145 
5129 139 1193 72 
5130 76 1191 147 
5131 80 1194 162 
5132 141 1194 81 
5133 311 313 312 
5134 1168 1214 1032 
5135 2840 3282 2246 
5136 1187 1205 204 
5137 2194 2998 2193 
5138 2923 2924 610 
5139 1731 1809 1618 
5140 2092 3358 2041 
5141 2673 2882 2063 
5142 2399 2911 1903 
5143 213 215 211 
5144 2861 3575 2513 
5145 2140 3064 1830 
5146 1183 1225 1184 
5147 563 3482 690 
5148 1080 3006 102 
5149 101 3006 151 
5150 903 931 902 
5151 1584 2951 2302 
5152 2174 3132 2688 
5153 2458 3009 2459 
5154 2198 2939 2267 
5155 2879 3316 797 
5156 1499 1500 1497 
5157 2586 2887 2548 
5158 591 1026 1025 
5159 797 3317 2879 
5160 2421 2881 2835 
5161 1223 3339 888 
5162 202 208 201 
5163 2392 2854 2081 
5164 977 1197 976 
5165 978 3014 979 
5166 309 311 310 
5167 2734 2889 2485 
5168 2186 3510 2350 
5169 2849 3157 2410 
5170 996 1205 994 
5171 1884 1885 1882 
5172 35 2885 36 
5173 2232 3436 2233 
5174 2084 3035 2760 
5175 2233 3027 2894 
5176 538 3262 1034 
5177 2893 2894 1819 
5178 1903 2911 2565 
5179 967 2982 1174 
5180 1174 2982 800 
5181 451 3020 454 
5182 708 709 707 
5183 462 2648 2647 
5184 718 2829 2828 
5185 1479 1634 1482 
5186 2635 3048 2632 
5187 519 3369 3095 
5188 2264 2375 2147 
5189 1862 1863 1861 
5190 2024 2904 2379 
5191 2031 2033 2032 
5192 2872 3027 2233 
5193 2207 3066 1650 
5194 816 2870 2868 
5195 2992 3332 759 
5196 874 3145 872 
5197 2257 3104 2256 
5198 3359 3533 1622 
5199 2244 3109 2243 
5200 2450 3065 2091 
5201 1161 3069 1159 
5202 494 3154 2386 
5203 483 3274 2907 
5204 2212 3070 2087 
5205 2835 2881 2469 
5206 694 3372 1046 
5207 992 1187 1000 
5208 2335 3011 2657 
5209 114 300 113 
5210 2434 2874 2865 
5211 2300 2359 2299 
5212 158 3295 299 
5213 861 3068 1270 
5214 1042 3090 846 
5215 759 3334 2992 
5216 2156 2979 2160 
5217 2598 3114 2596 
5218 119 1223 118 
5219 965 1255 964 
5220 979 2953 2952 
5221 1579 1582 1581 
5222 166 3525 167 
5223 2412 2849 2410 
5224 641 3094 1139 
5225 2021 3279 2851 
5226 911 3374 1024 
5227 1488 1492 1489 
5228 2823 2891 542 
5229 2876 2878 1566 
5230 556 563 562 
5231 627 1236 1053 
5232 2258 2918 2866 
5233 910 3113 843 
5234 1621 2906 2905 
5235 1209 3080 636 
5236 2596 3114 1913 
5237 1914 3114 1995 
5238 216 217 215 
5239 951 3507 282 
5240 543 3241 544 
5241 2139 3116 2695 
5242 1051 3338 134 
5243 1836 1837 1833 
5244 2273 2899 2271 
5245 684 3120 957 
5246 57 2897 58 
5247 506 3219 3175 
5248 679 1149 653 
5249 961 2859 954 
5250 1254 3507 285 
5251 330 3374 1176 
5252 155 1207 127 
5253 126 1207 144 
5254 91 1022 160 
5255 2954 2955 2953 
5256 147 1218 75 
5257 544 546 545 
5258 2367 2900 2366 
5259 939 3449 938 
5260 670 3259 1097 
5261 1130 3259 669 
5262 1037 1265 667 
5263 2507 3272 2732 
5264 279 3561 281 
5265 1167 3198 859 
5266 2231 3139 2228 
5267 977 2952 1197 
5268 3042 3280 631 
5269 171 3532 172 
5270 1129 3401 1130 
5271 115 149 114 
5272 2818 3391 737 
5273 1034 3262 1033 
5274 204 3466 3465 
5275 1089 3435 1087 
5276 2352 3556 602 
5277 2351 3081 464 
5278 820 3575 2861 
5279 2347 3171 1436 
5280 2833 3314 2188 
5281 2593 2924 2923 
5282 3037 3038 2172 
5283 1727 3459 2072 
5284 1591 1592 1589 
5285 2820 3515 2821 
5286 3115 3367 2331 
5287 3181 3475 340 
5288 2383 2911 2399 
5289 452 2987 1242 
5290 2514 3165 2529 
5291 968 1255 965 
5292 2832 3506 2736 
5293 2456 3426 2458 
5294 88 1231 87 
5295 3298 3299 271 
5296 1849 1851 1850 
5297 136 1267 1079 
5298 694 1046 697 
5299 619 3435 1089 
5300 118 1223 161 
5301 148 1223 119 
5302 2420 3211 2421 
5303 1170 1239 1040 
5304 2684 3190 2254 
5305 2390 3171 2237 
5306 2960 3443 927 
5307 687 3473 1264 
5308 2877 3244 3243 
5309 526 529 528 
5310 1058 3377 826 
5311 90 3330 3 
5312 5 3329 116 
5313 675 3198 1167 
5314 430 1241 414 
5315 2274 3148 2268 
5316 2265 3028 2068 
5317 583 3489 1090 
5318 2809 3191 2834 
5319 2278 3231 2456 
5320 784 3488 3318 
5321 2164 3237 2253 
5322 2351 3237 2478 
5323 1457 1640 1456 
5324 1873 1875 1874 
5325 2326 3459 1594 
5326 1213 2969 993 
5327 569 2969 1213 
5328 2396 3038 718 
5329 498 3232 3185 
5330 664 3128 1122 
5331 163 1231 88 
5332 87 1231 142 
5333 173 3532 3124 
5334 518 3369 3123 
5335 3135 3425 3138 
5336 3214 3215 508 
5337 124 3026 123 
5338 998 1014 996 
5339 886 3355 887 
5340 2380 3503 2206 
5341 3207 3455 2839 
5342 609 3138 1173 
5343 3006 3536 151 
5344 2874 3042 2865 
5345 2536 3570 2537 
5346 2344 2920 2919 
5347 937 3576 940 
5348 2266 3288 2196 
5349 2841 2913 2239 
5350 1043 3090 1042 
5351 665 3192 868 
5352 956 3314 2833 
5353 1508 1511 1509 
5354 563 690 572 
5355 606 3120 1221 
5356 1926 1927 1901 
5357 218 220 217 
5358 1210 3233 259 
5359 574 3506 2832 
5360 2834 3191 861 
5361 2183 3335 2450 
5362 681 3338 1051 
5363 3117 3232 496 
5364 2387 3559 2682 
5365 2282 3555 2741 
5366 243 3486 1232 
5367 722 3246 721 
5368 550 3500 551 
5369 2637 3546 2727 
5370 456 3163 2689 
5371 826 3377 827 
5372 830 3377 869 
5373 2732 3272 2869 
5374 674 3382 863 
5375 959 3536 907 
5376 1858 3133 2238 
5377 874 3368 3145 
5378 413 3392 421 
5379 1614 3405 1625 
5380 197 1234 1096 
5381 941 3389 1035 
5382 527 3093 2963 
5383 2354 3440 2355 
5384 2656 3444 2385 
5385 424 3450 1105 
5386 2594 3454 2596 
5387 281 3561 282 
5388 737 3402 2818 
5389 2964 3007 605 
5390 842 2964 1179 
5391 2240 3434 2185 
5392 1040 3208 438 
5393 1831 3141 1909 
5394 3180 3409 264 
5395 1077 1267 136 
5396 545 890 571 
5397 2521 3300 2586 
5398 727 728 726 
5399 995 1249 997 
5400 1152 3182 662 
5401 92 1022 91 
5402 3318 3469 788 
5403 2217 2914 2218 
5404 2921 2922 821 
5405 1139 3094 1208 
5406 466 467 465 
5407 848 3406 1064 
5408 1178 3205 840 
5409 796 3205 1178 
5410 953 3339 148 
5411 132 1244 159 
5412 158 1243 63 
5413 2860 3011 2335 
5414 1729 1819 1818 
5415 1254 3511 284 
5416 1088 1251 834 
5417 1181 3421 1183 
5418 1665 1737 1666 
5419 3095 3417 604 
5420 1169 1265 1037 
5421 110 1252 109 
5422 749 3462 3348 
5423 2033 2035 2034 
5424 979 2952 977 
5425 1888 1889 1887 
5426 197 3218 1234 
5427 1217 3401 871 
5428 1099 3362 685 
5429 727 3528 2945 
5430 1050 1259 241 
5431 532 1263 529 
5432 767 3453 3327 
5433 690 3481 691 
5434 1080 3338 683 
5435 3164 3455 3375 
5436 438 3208 1171 
5437 917 3394 1230 
5438 198 3461 3031 
5439 922 932 921 
5440 2344 2919 2345 
5441 3149 3196 556 
5442 3241 3385 544 
5443 146 1235 129 
5444 128 1235 155 
5445 707 1212 703 
5446 1731 2946 2093 
5447 2648 3522 459 
5448 63 1243 62 
5449 133 1244 132 
5450 735 2972 2971 
5451 3505 3572 2965 
5452 806 926 826 
5453 878 885 876 
5454 105 1256 104 
5455 912 3374 911 
5456 924 2997 2917 
5457 1188 3543 154 
5458 3340 3341 630 
5459 3005 3429 723 
5460 1033 3262 3202 
5461 2332 3115 2331 
5462 177 3220 174 
5463 479 2937 2936 
5464 2846 2985 2026 
5465 595 2907 2864 
5466 206 3187 885 
5467 1041 1190 182 
5468 122 3162 121 
5469 2916 3335 2915 
5470 656 3335 2916 
5471 2883 3254 2882 
5472 491 3253 3154 
5473 3130 3473 2144 
5474 1161 3309 3069 
5475 859 3452 1167 
5476 200 201 199 
5477 2400 2401 2332 
5478 2593 2923 2572 
5479 3215 3303 508 
5480 2924 3440 474 
5481 2756 2939 2198 
5482 1001 1219 998 
5483 2996 3388 2822 
5484 887 3388 2996 
5485 1075 3333 966 
5486 420 3490 411 
5487 1226 3523 1184 
5488 729 731 728 
5489 2994 3229 143 
5490 563 572 562 
5491 1918 1919 1662 
5492 107 1257 106 
5493 2593 3440 2924 
5494 2878 3569 2895 
5495 157 1250 84 
5496 1891 2378 2192 
5497 2299 2359 2298 
5498 1595 1596 1592 
5499 1858 2238 2042 
5500 1069 3312 1250 
5501 1582 1586 1583 
5502 2832 3175 574 
5503 2883 3582 860 
5504 121 3216 120 
5505 2853 3122 1580 
5506 1090 3294 583 
5507 2082 2083 1640 
5508 282 3561 951 
5509 779 3431 3322 
5510 690 3482 3481 
5511 188 3448 1266 
5512 592 3559 3154 
5513 636 2990 634 
5514 1851 1853 1852 
5515 1259 3131 241 
5516 2061 2948 2395 
5517 2377 3343 1667 
5518 994 1205 1187 
5519 235 237 233 
5520 2256 2264 2149 
5521 943 1260 945 
5522 552 3584 553 
5523 1167 3452 401 
5524 2046 2082 1640 
5525 2331 2930 2329 
5526 995 2969 1249 
5527 2891 2940 620 
5528 1875 1877 1876 
5529 1063 3007 841 
5530 800 3158 1174 
5531 1492 1494 1493 
5532 1135 3128 186 
5533 667 3192 665 
5534 1239 3208 1040 
5535 468 470 467 
5536 620 2940 2930 
5537 2930 2940 2329 
5538 203 1247 1021 
5539 536 3239 1213 
5540 231 232 230 
5541 2844 3352 565 
5542 539 1263 627 
5543 730 3379 2945 
5544 1603 2935 2934 
5545 129 1235 128 
5546 732 733 731 
5547 731 3577 3024 
5548 1200 3291 184 
5549 2719 2936 2353 
5550 1100 3494 430 
5551 2269 2939 2272 
5552 979 2954 2953 
5553 2875 2981 2190 
5554 2329 2940 2328 
5555 259 1238 1211 
5556 117 3329 5 
5557 3 3330 78 
5558 1193 2994 71 
5559 70 2994 143 
5560 2881 2909 2469 
5561 2619 2942 2079 
5562 1027 1203 256 
5563 960 1267 959 
5564 991 3270 1213 
5565 125 3427 124 
5566 691 694 693 
5567 844 2961 1202 
5568 970 1253 968 
5569 1084 3435 1172 
5570 2039 3111 2259 
5571 228 230 226 
5572 2092 3028 3004 
5573 2039 2259 2068 
5574 2035 2037 2036 
5575 219 3342 3180 
5576 2826 2932 2047 
5577 2195 2948 2061 
5578 794 3576 1216 
5579 1592 3550 2216 
5580 514 3033 2380 
5581 2350 3510 2885 
5582 2021 2851 2393 
5583 1221 3120 682 
5584 2565 3496 2973 
5585 1499 1731 1618 
5586 2760 2950 2240 
5587 1076 1268 978 
5588 1197 2952 928 
5589 734 736 733 
5590 1727 1827 1650 
5591 539 615 528 
5592 1041 2970 139 
5593 463 465 461 
5594 2868 3413 2417 
5595 1511 1567 1512 
5596 2870 3413 2868 
5597 2203 3279 2021 
5598 2237 3171 2347 
5599 1035 3246 795 
5600 620 3241 2891 
5601 1251 3069 838 
5602 1820 1832 1831 
5603 3129 3291 186 
5604 891 3045 890 
5605 185 187 183 
5606 3135 3138 609 
5607 2960 2984 2956 
5608 3161 3572 2260 
5609 1003 1247 1001 
5610 2385 3444 2898 
5611 844 1202 913 
5612 2877 3263 3078 
5613 62 3386 2 
5614 2 3386 89 
5615 4 3387 133 
5616 79 3387 4 
5617 198 3031 1240 
5618 694 695 693 
5619 893 3467 571 
5620 1897 2867 1641 
5621 438 3502 1039 
5622 819 2992 2991 
5623 891 3046 3045 
5624 1877 3060 1891 
5625 2065 3255 2878 
5626 2071 3102 2894 
5627 1667 3351 2377 
5628 932 3296 292 
5629 745 3049 3048 
5630 1016 2963 1055 
5631 471 472 470 
5632 481 3275 3274 
5633 872 3145 1217 
5634 624 1224 864 
5635 2372 2965 2288 
5636 2501 3444 1760 
5637 724 726 722 
5638 2281 3408 2845 
5639 625 870 626 
5640 737 738 736 
5641 2233 2894 2893 
5642 2882 3254 2063 
5643 238 239 237 
5644 2983 3487 1510 
5645 562 686 555 
5646 240 242 239 
5647 2365 3425 524 
5648 243 244 242 
5649 1456 1608 1450 
5650 1216 3576 935 
5651 631 3003 2975 
5652 1024 3374 330 
5653 689 3077 1047 
5654 705 707 703 
5655 587 3125 1065 
5656 116 3347 115 
5657 84 1250 83 
5658 1928 1929 1927 
5659 2537 3570 2944 
5660 1184 3000 1182 
5661 993 2969 995 
5662 272 274 270 
5663 2564 2971 2089 
5664 909 3571 179 
5665 728 795 726 
5666 1495 1499 1497 
5667 202 3520 1246 
5668 2021 2393 1930 
5669 2296 2913 2912 
5670 739 741 738 
5671 2972 3442 2971 
5672 207 2994 1193 
5673 1853 1856 1854 
5674 496 3238 3117 
5675 673 3411 1100 
5676 1877 1879 1878 
5677 706 3210 3010 
5678 307 3502 308 
5679 2917 2997 923 
5680 2026 3553 2846 
5681 530 533 532 
5682 2168 3091 2374 
5683 215 3074 211 
5684 236 3484 3410 
5685 1586 1588 1587 
5686 933 952 932 
5687 668 3181 2370 
5688 2854 2901 2145 
5689 2742 3130 2144 
5690 2360 3462 750 
5691 559 3098 891 
5692 2618 2976 2619 
5693 742 743 741 
5694 966 2982 967 
5695 473 475 472 
5696 2937 3556 2936 
5697 693 851 690 
5698 2945 3379 727 
5699 1880 1884 1882 
5700 1265 3192 667 
5701 591 3361 1026 
5702 555 3549 556 
5703 3031 3458 191 
5704 267 1248 1027 
5705 1857 1862 1861 
5706 1083 3012 137 
5707 2389 3079 593 
5708 549 3367 3115 
5709 467 531 465 
5710 2935 3108 2060 
5711 744 746 743 
5712 188 189 187 
5713 1005 1021 1003 
5714 511 512 510 
5715 265 1246 1245 
5716 481 3286 3275 
5717 1846 1847 1845 
5718 190 192 189 
5719 2657 3011 2634 
5720 2356 3453 818 
5721 193 195 192 
5722 301 304 303 
5723 1737 2893 1666 
5724 143 3277 69 
5725 68 3277 156 
5726 513 515 512 
5727 1057 3226 1235 
5728 308 3502 438 
5729 196 199 195 
5730 156 3277 1029 
5731 2567 2991 2568 
5732 747 748 746 
5733 267 1027 256 
5734 2996 3400 886 
5735 275 276 274 
5736 145 3295 65 
5737 64 3295 158 
5738 2364 2989 2208 
5739 2173 3041 3040 
5740 2400 2928 2401 
5741 1021 1246 203 
5742 2682 2998 2194 
5743 82 3312 141 
5744 1094 1240 624 
5745 29 2983 30 
5746 3046 3136 3045 
5747 169 3155 166 
5748 399 3130 2773 
5749 1014 1205 996 
5750 2148 2377 2152 
5751 2300 2391 2359 
5752 749 751 748 
5753 3154 3559 2386 
5754 775 3583 3413 
5755 476 477 475 
5756 181 182 180 
5757 403 3309 1161 
5758 197 3464 3218 
5759 102 3006 101 
5760 2756 3203 2939 
5761 2824 3315 473 
5762 2647 3132 2174 
5763 2459 3009 2462 
5764 752 753 751 
5765 3131 3495 241 
5766 278 3447 3407 
5767 1220 3013 1034 
5768 2961 3090 294 
5769 913 1201 246 
5770 511 3303 3033 
5771 180 3548 177 
5772 3126 3455 3164 
5773 1567 1669 1568 
5774 519 3445 3123 
5775 944 3096 942 
5776 1642 3089 1665 
5777 754 756 753 
5778 1492 1835 1494 
5779 2877 3078 2049 
5780 2165 3280 3042 
5781 2876 2877 2049 
5782 1930 2026 1929 
5783 261 3056 293 
5784 1235 3226 155 
5785 508 510 507 
5786 906 3536 3006 
5787 3375 3455 678 
5788 3100 3302 3099 
5789 757 758 756 
5790 1499 1618 1500 
5791 1066 1068 255 
5792 1097 3259 168 
5793 212 2968 1121 
5794 2619 2943 2942 
5795 661 1262 625 
5796 3500 3585 551 
5797 3010 3210 2462 
5798 759 761 758 
5799 445 2165 1271 
5800 2325 3082 2029 
5801 1442 2977 2701 
5802 762 763 761 
5803 1891 3060 2378 
5804 736 793 733 
5805 950 3023 1075 
5806 972 981 970 
5807 764 766 763 
5808 2444 2858 2445 
5809 2856 2858 2444 
5810 2307 3261 1730 
5811 2648 3132 2647 
5812 478 480 477 
5813 767 768 766 
5814 775 3413 2870 
5815 158 3052 1243 
5816 1210 3399 227 
5817 769 771 768 
5818 261 269 260 
5819 918 1215 290 
5820 772 773 771 
5821 3077 3525 165 
5822 1605 3530 2336 
5823 774 776 773 
5824 825 3442 2972 
5825 2925 3189 2880 
5826 1025 1215 918 
5827 1486 1655 1488 
5828 777 778 776 
5829 71 2994 70 
5830 2878 3255 1566 
5831 779 781 778 
5832 2939 3203 2272 
5833 782 783 781 
5834 2930 3367 547 
5835 2144 3035 2084 
5836 1572 1604 1574 
5837 784 786 783 
5838 660 3258 930 
5839 788 789 786 
5840 797 799 789 
5841 1885 1888 1887 
5842 230 3051 226 
5843 1832 1836 1833 
5844 936 952 933 
5845 1008 1245 1005 
5846 1588 1591 1589 
5847 2682 2999 2998 
5848 1206 3466 204 
5849 2294 2981 2875 
5850 2173 3040 3037 
5851 1599 3089 1642 
5852 2165 3042 2045 
5853 2881 3211 2910 
5854 2086 3438 2871 
5855 2926 2997 924 
5856 2203 3122 2853 
5857 134 3338 1080 
5858 2911 3496 2565 
5859 279 281 277 
5860 1653 1662 1600 
5861 1837 1843 1840 
5862 9 3029 10 
5863 3136 3357 3045 
5864 304 908 305 
5865 626 1261 1204 
5866 3175 3214 506 
5867 481 482 480 
5868 2376 3488 785 
5869 3033 3398 511 
5870 113 300 138 
5871 1843 3176 2895 
5872 291 3285 1198 
5873 2315 3412 3015 
5874 987 3240 989 
5875 516 517 515 
5876 1219 1247 203 
5877 1238 3579 221 
5878 741 800 738 
5879 2632 3048 2541 
5880 289 296 286 
5881 3037 3200 704 
5882 245 249 248 
5883 3095 3369 516 
5884 270 1057 269 
5885 226 3560 228 
5886 472 561 470 
5887 2025 3572 3505 
5888 1605 3027 2872 
5889 224 225 223 
5890 570 3062 1118 
5891 2274 3213 3148 
5892 3035 3473 687 
5893 655 2916 2915 
5894 287 289 286 
5895 2827 3227 2951 
5896 2179 3086 2348 
5897 205 3430 3260 
5898 1172 3435 619 
5899 1879 2995 1880 
5900 454 3163 456 
5901 2375 3186 2041 
5902 483 485 482 
5903 1653 1918 1662 
5904 1118 3062 1007 
5905 3154 3248 491 
5906 2398 3456 2947 
5907 2486 3109 2244 
5908 2091 3065 2750 
5909 887 3356 3213 
5910 3120 3450 957 
5911 1159 3069 1151 
5912 2362 3419 3383 
5913 2818 3283 2322 
5914 824 3283 2818 
5915 746 792 743 
5916 234 3306 3046 
5917 1634 3018 1482 
5918 1930 2393 2026 
5919 2936 3556 2353 
5920 3397 3429 2487 
5921 2087 3070 2495 
5922 1846 2318 2049 
5923 3213 3356 812 
5924 2910 3211 817 
5925 1257 3182 152 
5926 2274 3388 3213 
5927 411 1023 313 
5928 1243 3052 163 
5929 2264 3186 2375 
5930 473 3344 2824 
5931 2998 2999 489 
5932 890 3045 892 
5933 2144 3473 3035 
5934 2349 3189 2925 
5935 486 487 485 
5936 2145 2374 1821 
5937 2887 3565 2549 
5938 504 3071 3070 
5939 751 801 748 
5940 1862 2047 1863 
5941 232 263 255 
5942 2394 3442 825 
5943 2982 3147 800 
5944 556 562 555 
5945 1865 1869 1868 
5946 757 3337 3142 
5947 282 283 281 
5948 2257 3105 3104 
5949 822 3011 2860 
5950 2549 3565 2556 
5951 895 909 882 
5952 886 3400 336 
5953 2989 3445 2208 
5954 1889 2024 1910 
5955 924 2917 2820 
5956 2092 3483 3358 
5957 1202 2961 294 
5958 946 3169 944 
5959 2090 2933 2932 
5960 1135 1200 661 
5961 756 790 753 
5962 488 490 487 
5963 858 3132 2648 
5964 1499 2946 1731 
5965 284 286 283 
5966 2170 3281 3019 
5967 174 3220 176 
5968 1076 3573 1268 
5969 1901 3121 1899 
5970 3185 3225 498 
5971 1884 2880 1885 
5972 905 3094 641 
5973 1591 1595 1592 
5974 1097 3077 689 
5975 1083 3543 3012 
5976 697 1046 1044 
5977 761 803 758 
5978 2210 3119 2398 
5979 2318 2878 2876 
5980 2975 3003 560 
5981 1232 3538 243 
5982 2288 3161 2287 
5983 894 3156 925 
5984 1495 2946 1499 
5985 1434 3092 2296 
5986 491 492 490 
5987 986 1269 1095 
5988 477 536 475 
5989 1113 3101 1015 
5990 3045 3357 892 
5991 719 3554 794 
5992 768 787 766 
5993 2971 3442 2089 
5994 1494 2946 1495 
5995 1595 1727 1650 
5996 1502 1506 1505 
5997 998 1219 1014 
5998 3008 3025 2964 
5999 3512 3572 2025 
6000 2568 3433 2842 
6001 776 791 773 
6002 298 3052 297 
6003 1151 3069 1251 
6004 781 804 778 
6005 786 796 783 
6006 123 3026 140 
6007 493 495 492 
6008 799 805 789 
6009 183 1041 182 
6010 263 1067 1066 
6011 293 3529 261 
6012 221 223 222 
6013 843 3113 845 
6014 3002 3494 1100 
6015 1913 3114 1914 
6016 662 3182 1082 
6017 277 1185 276 
6018 1819 3102 1820 
6019 2341 3116 2139 
6020 496 497 495 
6021 2138 2232 1737 
6022 849 3308 1043 
6023 165 166 150 
6024 2458 3349 3009 
6025 1010 3251 1008 
6026 682 3120 684 
6027 208 1029 201 
6028 1064 3406 588 
6029 537 3013 1220 
6030 1842 1846 1845 
6031 2243 3160 2282 
6032 852 3308 849 
6033 184 3144 1262 
6034 498 500 497 
6035 516 3417 3095 
6036 590 3340 3008 
6037 669 3259 670 
6038 2958 3517 763 
6039 876 3368 874 
6040 942 3449 939 
6041 501 502 500 
6042 137 1047 164 
6043 1253 1255 968 
6044 2156 2160 2158 
6045 2220 3563 2847 
6046 548 550 546 
6047 2888 3190 2323 
6048 815 3190 2888 
6049 503 505 502 
6050 691 693 690 
6051 2839 3126 2838 
6052 482 569 480 
6053 710 3106 2279 
6054 2928 2978 1669 
6055 506 507 505 
6056 889 3547 2944 
6057 2083 3015 1640 
6058 685 3143 1165 
6059 205 3401 1217 
6060 1224 3031 191 
6061 2988 3484 236 
6062 3110 3384 739 
6063 885 3368 876 
6064 2279 3197 710 
6065 237 3127 233 
6066 2969 3249 1249 
6067 1595 1650 1596 
6068 167 169 166 
6069 1575 3140 2404 
6070 2069 3227 2827 
6071 284 3507 1254 
6072 3004 3483 2092 
6073 204 1189 1187 
6074 1843 3569 2318 
6075 706 3200 3040 
6076 602 3556 2937 
6077 2487 3429 2486 
6078 1245 3251 265 
6079 1012 2967 1010 
6080 2932 3519 3016 
6081 1600 3307 3089 
6082 1888 2903 1889 
6083 871 3401 1129 
6084 1669 2978 1568 
6085 170 171 169 
6086 2259 2265 2068 
6087 2039 2041 2037 
6088 765 3116 2886 
6089 2886 3116 2341 
6090 1598 1653 1600 
6091 2254 3107 2836 
6092 1087 3435 1084 
6093 2045 3042 2874 
6094 902 3099 904 
6095 2378 3053 2192 
6096 1025 3162 140 
6097 172 174 171 
6098 518 520 517 
6099 3009 3010 2462 
6100 1052 3010 3009 
6101 1871 2060 1873 
6102 2369 3153 2370 
6103 2175 2867 1897 
6104 2894 3102 1819 
6105 1096 1234 986 
6106 175 177 174 
6107 1856 3047 1857 
6108 2946 3084 2093 
6109 211 3074 210 
6110 487 535 485 
6111 605 3008 2964 
6112 149 300 114 
6113 2381 3230 2313 
6114 1862 2215 2047 
6115 1266 3458 188 
6116 2370 3181 340 
6117 2895 3569 1843 
6118 1172 3521 3406 
6119 2821 3153 2369 
6120 1208 3094 413 
6121 178 180 177 
6122 2068 2092 2041 
6123 257 3486 3131 
6124 917 3414 3341 
6125 795 3246 726 
6126 882 3193 880 
6127 285 1255 1253 
6128 2031 2040 2033 
6129 2838 3126 680 
6130 1574 2980 1577 
6131 2294 3513 2981 
6132 176 3220 1191 
6133 2529 3165 2184 
6134 1579 1593 1582 
6135 2842 3433 760 
6136 1858 1859 1856 
6137 1891 1894 1879 
6138 1857 3047 1862 
6139 2200 3282 2840 
6140 2964 3025 1179 
6141 3069 3309 838 
6142 1849 1855 1851 
6143 156 3365 1192 
6144 3096 3449 942 
6145 492 570 490 
6146 1588 1594 1591 
6147 1832 2071 1836 
6148 2929 3115 2401 
6149 1608 2977 1450 
6150 1625 3203 2756 
6151 904 3302 3287 
6152 304 3268 930 
6153 2249 2974 2250 
6154 149 1038 930 
6155 3062 3468 1007 
6156 2195 3288 3087 
6157 1665 2138 1737 
6158 1880 2995 1884 
6159 2982 3333 3147 
6160 847 1090 1089 
6161 3407 3447 280 
6162 1450 2977 1442 
6163 2042 2043 1859 
6164 2192 2249 1894 
6165 2828 2829 1045 
6166 866 3480 1169 
6167 1511 1570 1567 
6168 2884 3420 610 
6169 862 3179 635 
6170 1853 1858 1856 
6171 1877 1891 1879 
6172 1929 2280 1927 
6173 1204 1261 931 
6174 2035 2039 2037 
6175 2634 3493 2635 
6176 2263 2390 2043 
6177 2160 2979 2941 
6178 1186 3061 197 
6179 2215 2890 2826 
6180 500 534 497 
6181 236 3423 2988 
6182 1846 2049 1847 
6183 255 3051 230 
6184 2323 3190 2684 
6185 2810 3191 2809 
6186 2839 3455 3126 
6187 2990 3080 219 
6188 2975 3304 2436 
6189 3179 3202 635 
6190 451 3245 3020 
6191 505 573 502 
6192 1026 3162 1025 
6193 914 3198 675 
6194 530 3223 1173 
6195 1250 3312 83 
6196 938 1258 936 
6197 780 3431 3323 
6198 1120 1121 1012 
6199 245 248 244 
6200 2847 3545 2222 
6201 2071 2336 1836 
6202 295 3561 3097 
6203 510 527 507 
6204 1885 2880 1888 
6205 635 3202 1060 
6206 2272 3203 2319 
6207 1269 3218 198 
6208 580 3567 2855 
6209 1237 3197 850 
6210 1113 3514 3101 
6211 840 3205 805 
6212 1171 3208 611 
6213 2556 3565 2938 
6214 3299 3471 271 
6215 2462 3210 2463 
6216 611 3362 422 
6217 3310 3446 564 
6218 1892 3247 2221 
6219 274 1057 270 
6220 1100 3411 3002 
6221 3218 3461 198 
6222 1001 1247 1219 
6223 2215 2826 2047 
6224 979 3014 2954 
6225 2401 3115 2332 
6226 1047 3077 165 
6227 2318 2876 2049 
6228 1618 3034 1500 
6229 301 3268 304 
6230 2277 3231 2278 
6231 263 1066 255 
6232 232 255 230 
6233 2042 2263 2043 
6234 2846 3553 1670 
6235 3144 3463 194 
6236 1891 2192 1894 
6237 2082 3159 2085 
6238 1858 2042 1859 
6239 3290 3306 231 
6240 790 3195 3014 
6241 2478 3237 2164 
6242 596 3565 2887 
6243 3184 3468 3062 
6244 2138 2255 2232 
6245 262 3074 215 
6246 2039 2068 2041 
6247 2924 3539 610 
6248 263 3363 1067 
6249 654 3063 653 
6250 3138 3425 2366 
6251 560 3305 2975 
6252 3341 3421 630 
6253 2063 3254 2251 
6254 717 3057 1237 
6255 2072 3459 2326 
6256 139 2970 1193 
6257 290 1215 289 
6258 2322 3283 2383 
6259 232 3127 263 
6260 452 3245 2987 
6261 1665 3089 2138 
6262 854 3242 852 
6263 336 3475 337 
6264 549 3115 2929 
6265 950 3024 3023 
6266 401 3452 306 
6267 2855 3531 580 
6268 989 3270 991 
6269 1456 3015 1608 
6270 2949 3243 2202 
6271 864 3480 866 
6272 2836 3272 2507 
6273 2140 3456 3064 
6274 195 207 192 
6275 2090 2934 2933 
6276 526 528 525 
6277 2916 3085 656 
6278 523 525 522 
6279 540 3476 1173 
6280 278 3296 1258 
6281 721 3554 719 
6282 1482 3018 1486 
6283 2927 3152 2204 
6284 2196 3288 2195 
6285 818 3453 3328 
6286 2948 3087 814 
6287 207 3229 2994 
6288 889 3570 2817 
6289 3098 3167 891 
6290 549 3403 3367 
6291 3367 3403 547 
6292 3352 3481 565 
6293 870 1261 626 
6294 1568 2978 1572 
6295 2933 3519 2932 
6296 619 3250 1172 
6297 1043 3308 3299 
6298 221 222 220 
6299 736 3147 793 
6300 140 3162 122 
6301 800 3147 738 
6302 838 3309 1093 
6303 1919 3159 2388 
6304 1068 3051 255 
6305 1125 3311 1019 
6306 2188 3314 2857 
6307 2207 3472 3066 
6308 252 3363 247 
6309 2047 3016 1863 
6310 3317 3469 798 
6311 891 3167 3046 
6312 2918 2986 2187 
6313 812 3316 3148 
6314 545 571 543 
6315 529 539 528 
6316 1498 3396 2305 
6317 632 3504 2929 
6318 750 3462 3360 
6319 2915 3335 2183 
6320 1889 2903 2024 
6321 683 3338 681 
6322 1846 3054 2318 
6323 521 522 520 
6324 525 538 522 
6325 679 3063 655 
6326 921 962 854 
6327 299 3173 254 
6328 534 3184 497 
6329 2635 3493 3050 
6330 2923 3420 2571 
6331 3278 3314 956 
6332 2857 3314 3278 
6333 780 3272 2836 
6334 2992 3433 2991 
6335 892 3357 894 
6336 233 3127 232 
6337 1622 3533 2985 
6338 3233 3579 259 
6339 2889 3397 2487 
6340 974 3390 972 
6341 878 3479 885 
6342 166 3155 1022 
6343 911 3273 847 
6344 1029 3418 156 
6345 2844 3310 2843 
6346 827 3377 830 
6347 880 3479 878 
6348 3043 3585 632 
6349 1213 3239 569 
6350 676 3382 674 
6351 3501 3573 980 
6352 1079 3411 1188 
6353 1227 3378 1228 
6354 940 3389 941 
6355 421 3392 597 
6356 741 3158 800 
6357 1125 3468 3311 
6358 3311 3468 534 
6359 1594 3146 3021 
6360 365 411 313 
6361 792 3158 743 
6362 1640 3015 1456 
6363 1657 3405 1614 
6364 677 3020 2943 
6365 1241 3494 960 
6366 3446 3482 563 
6367 419 3258 660 
6368 3311 3514 1019 
6369 2417 3413 2419 
6370 2917 3515 2820 
6371 2869 3272 780 
6372 2463 3210 3041 
6373 785 3488 3320 
6374 2900 3138 2366 
6375 2366 3425 2365 
6376 2903 2904 2024 
6377 69 3277 68 
6378 3142 3334 757 
6379 1224 3480 864 
6380 976 3083 974 
6381 3075 3173 145 
6382 545 3451 890 
6383 916 3443 1230 
6384 551 552 550 
6385 1121 3439 212 
6386 120 3216 148 
6387 2822 3388 2274 
6388 1021 1247 1003 
6389 636 3080 2990 
6390 1217 3124 205 
6391 1082 3182 1257 
6392 746 3172 792 
6393 1206 3520 200 
6394 801 3172 748 
6395 65 3295 64 
6396 1837 3176 1843 
6397 3399 3560 227 
6398 2355 3440 2593 
6399 2089 3442 2394 
6400 1760 3444 2656 
6401 2293 3432 3001 
6402 1835 3084 1494 
6403 2648 3252 858 
6404 1165 3143 1239 
6405 2037 3186 2038 
6406 2388 3159 2082 
6407 1105 3450 606 
6408 2250 3478 2995 
6409 3413 3583 2419 
6410 1195 3032 146 
6411 2595 3454 2594 
6412 2959 3378 929 
6413 902 904 899 
6414 1863 3016 1865 
6415 2201 3284 2199 
6416 2898 3444 2501 
6417 3097 3169 295 
6418 2960 3460 2984 
6419 3003 3280 445 
6420 472 3188 561 
6421 2597 3544 2598 
6422 1007 3468 1125 
6423 2208 3445 2209 
6424 1229 3523 1226 
6425 83 3312 82 
6426 459 3522 461 
6427 1169 1266 1265 
6428 2185 3434 2839 
6429 2819 3428 509 
6430 3022 3422 729 
6431 536 3188 475 
6432 1169 3480 191 
6433 1192 3075 145 
6434 1196 3501 980 
6435 419 420 411 
6436 226 3051 225 
6437 624 1240 1224 
6438 1000 3061 1186 
6439 2206 3503 2316 
6440 2736 3506 2212 
6441 1019 3514 1113 
6442 981 1253 970 
6443 1894 2995 1879 
6444 1486 3018 1655 
6445 1500 3034 1502 
6446 756 3195 790 
6447 581 582 420 
6448 751 3224 801 
6449 803 3195 758 
6450 668 3515 2917 
6451 1836 3176 1837 
6452 2929 3504 549 
6453 3304 3305 956 
6454 2975 3305 3304 
6455 907 3536 906 
6456 1172 3406 848 
6457 154 3543 1083 
6458 2638 3546 2637 
6459 281 1185 277 
6460 292 3209 962 
6461 935 3576 937 
6462 2741 3555 2281 
6463 2353 3556 2352 
6464 2386 3559 2387 
6465 1862 3047 2215 
6466 296 3112 286 
6467 790 3224 753 
6468 980 3573 1076 
6469 2817 3570 2536 
6470 2195 3087 2948 
6471 2513 3575 2514 
6472 2419 3583 2420 
6473 159 3201 1195 
6474 2843 3310 564 
6475 2514 3575 3166 
6476 3166 3575 820 
6477 3204 3470 2201 
6478 2259 3293 2265 
6479 2973 3496 824 
6480 1492 3044 1835 
6481 1608 3412 2837 
6482 251 267 256 
6483 908 3264 309 
6484 793 3577 733 
6485 474 3524 2924 
6486 944 3169 3096 
6487 517 537 515 
6488 1249 3249 535 
6489 1510 3437 2373 
6490 1188 3411 673 
6491 553 555 552 
6492 1435 3545 2847 
6493 625 1262 870 
6494 1505 3059 1508 
6495 2895 3176 2336 
6496 2847 3563 2340 
6497 1173 3476 530 
6498 2248 3393 2871 
6499 1191 3220 147 
6500 3096 3169 3097 
6501 1187 1189 1000 
6502 3209 3471 273 
6503 2885 3510 2213 
6504 1820 3102 1832 
6505 2421 3211 2881 
6506 1197 1198 976 
6507 544 545 543 
6508 247 3127 237 
6509 2182 3505 2965 
6510 3105 3437 1510 
6511 1840 3054 1842 
6512 3001 3513 2293 
6513 1650 3066 1596 
6514 1669 3157 2849 
6515 3528 3547 889 
6516 2180 3271 2177 
6517 419 660 581 
6518 2281 3555 3408 
6519 3408 3555 717 
6520 115 3347 149 
6521 1488 3044 1492 
6522 477 3239 536 
6523 3202 3262 1060 
6524 2864 3300 2521 
6525 2922 3581 821 
6526 1253 1254 285 
6527 569 3239 480 
6528 930 3268 149 
6529 2312 3152 3019 
6530 1596 3066 1598 
6531 1604 2980 1574 
6532 1595 3168 1727 
6533 2041 3186 2037 
6534 2385 3531 2855 
6535 2907 3300 2864 
6536 484 3300 2907 
6537 1510 3487 3105 
6538 3097 3407 280 
6539 150 1022 92 
6540 2950 3118 2240 
6541 3287 3302 179 
6542 2831 3395 2851 
6543 3194 3319 175 
6544 187 1041 183 
6545 899 3287 897 
6546 3220 3548 147 
6547 1868 3076 1871 
6548 3290 3350 258 
6549 287 3558 3285 
6550 1847 3078 1849 
6551 2260 3512 3498 
6552 1265 1266 266 
6553 2201 3470 3284 
6554 2979 3351 1667 
6555 739 3391 3110 
6556 894 3357 3350 
6557 137 164 94 
6558 3235 3350 3290 
6559 2029 3082 2031 
6560 2965 3572 2288 
6561 792 3501 1196 
6562 1577 3088 1579 
6563 1859 3047 1856 
6564 582 953 584 
6565 2222 3545 2912 
6566 938 3449 3447 
6567 239 247 237 
6568 2230 3276 2242 
6569 1927 3121 1901 
6570 660 888 581 
6571 1005 1245 1021 
6572 269 3032 260 
6573 2146 3343 2377 
6574 2987 3245 451 
6575 156 3418 3365 
6576 217 262 215 
6577 161 3329 117 
6578 78 3330 1177 
6579 1655 3044 1488 
6580 1572 2978 1604 
6581 2937 3574 602 
6582 1918 3542 2337 
6583 2981 3513 1937 
6584 1195 3201 3032 
6585 2377 3351 2152 
6586 1843 3054 1840 
6587 1166 3439 1120 
6588 3238 3567 580 
6589 457 3163 2597 
6590 224 3579 3233 
6591 249 260 251 
6592 89 3386 163 
6593 162 3387 79 
6594 1177 3330 160 
6595 487 3289 535 
6596 530 532 529 
6597 1494 3084 2946 
6598 570 3289 490 
6599 816 3526 2870 
6600 593 3123 2989 
6601 144 3427 125 
6602 3098 3423 3167 
6603 791 3313 773 
6604 212 3439 3257 
6605 3313 3509 771 
6606 398 3178 400 
6607 3036 3095 604 
6608 247 3363 3127 
6609 2293 3513 2294 
6610 479 3552 2937 
6611 615 3441 528 
6612 3019 3281 1585 
6613 755 3580 2922 
6614 2049 3078 1847 
6615 2941 2979 1667 
6616 2263 3171 2390 
6617 3011 3493 2634 
6618 2231 3174 3139 
6619 3064 3456 3119 
6620 552 559 550 
6621 704 3039 3038 
6622 3260 3525 168 
6623 1230 3394 916 
6624 717 3058 3057 
6625 500 3321 534 
6626 3207 3434 391 
6627 2839 3434 3207 
6628 573 3321 502 
6629 3050 3493 822 
6630 2331 3367 2930 
6631 2420 3583 3212 
6632 3212 3583 775 
6633 629 3394 3341 
6634 2963 3093 1055 
6635 3024 3577 3023 
6636 760 3433 2992 
6637 2938 3565 596 
6638 2938 3586 479 
6639 2898 3531 2385 
6640 505 3346 573 
6641 2943 3245 2942 
6642 293 3056 1201 
6643 822 3493 3011 
6644 144 3371 3112 
6645 3143 3362 611 
6646 2257 3437 3105 
6647 631 3280 3003 
6648 174 176 171 
6649 1865 3016 1869 
6650 1508 3103 1511 
6651 3153 3515 668 
6652 2991 3433 2568 
6653 1200 1262 661 
6654 2870 3527 775 
6655 725 3397 2889 
6656 1183 3414 1225 
6657 1225 3414 917 
6658 3177 3178 399 
6659 3061 3465 197 
6660 1268 3224 790 
6661 3009 3349 1052 
6662 311 365 313 
6663 3336 3537 464 
6664 2901 3380 2070 
6665 2033 3111 2035 
6666 2854 3380 2901 
6667 3127 3363 263 
6668 1869 3076 1868 
6669 3350 3357 258 
6670 2260 3498 2896 
6671 596 3564 2938 
6672 2303 3380 2854 
6673 2336 3176 1836 
6674 897 3571 895 
6675 1202 3416 293 
6676 1832 3102 2071 
6677 610 3539 3376 
6678 216 3409 3180 
6679 3403 3504 548 
6680 549 3504 3403 
6681 541 543 533 
6682 3193 3479 880 
6683 1502 3034 1506 
6684 208 3418 1029 
6685 400 3177 2445 
6686 339 3475 3400 
6687 3242 3308 852 
6688 1875 3370 3060 
6689 3101 3346 527 
6690 606 3450 3120 
6691 1506 3059 1505 
6692 1008 3251 1245 
6693 2158 3267 2161 
6694 2318 3569 2878 
6695 1670 3395 2831 
6696 605 3125 3008 
6697 3297 3521 585 
6698 300 3268 301 
6699 691 3372 694 
6700 266 3192 1265 
6701 251 256 248 
6702 3240 3270 989 
6703 1588 3146 1594 
6704 909 3193 882 
6705 1582 3137 1586 
6706 3145 3368 173 
6707 1022 3155 160 
6708 2238 3263 3243 
6709 1893 3557 3086 
6710 1851 3133 1853 
6711 610 3420 2923 
6712 290 3562 919 
6713 3020 3163 454 
6714 2857 3278 955 
6715 1842 3054 1846 
6716 262 3075 3074 
6717 768 3509 787 
6718 824 3496 3283 
6719 761 3517 803 
6720 527 3346 507 
6721 2944 3570 889 
6722 628 918 915 
6723 2942 3245 452 
6724 1598 3066 1653 
6725 223 253 222 
6726 200 3466 1206 
6727 138 3497 1049 
6728 581 3339 582 
6729 586 591 589 
6730 569 3249 2969 
6731 2980 3088 1577 
6732 3174 3498 3139 
6733 268 3484 2988 
6734 692 3372 691 
6735 509 3428 3215 
6736 3511 3558 287 
6737 1849 3078 1855 
6738 2280 3121 1927 
6739 147 3548 1218 
6740 2934 3551 1483 
6741 2916 3063 654 
6742 1871 3076 2060 
6743 525 3441 538 
6744 1853 3133 1858 
6745 3100 3463 181 
6746 588 3297 1065 
6747 2031 3082 2040 
6748 1579 3088 1593 
6749 3472 3542 1918 
6750 1511 3103 1570 
6751 1029 3236 201 
6752 185 3291 3129 
6753 553 3549 555 
6754 2035 3111 2039 
6755 2985 3533 2026 
6756 3344 3524 474 
6757 972 3390 981 
6758 3147 3333 793 
6759 1049 3497 3199 
6760 703 3566 705 
6761 2160 3267 2158 
6762 821 3581 3348 
6763 936 1258 952 
6764 430 3494 1241 
6765 687 3067 2950 
6766 286 3112 283 
6767 927 3460 2960 
6768 3023 3577 793 
6769 155 3540 1207 
6770 249 251 248 
6771 524 3425 3135 
6772 738 3147 736 
6773 3060 3108 2378 
6774 3156 3235 229 
6775 3250 3489 585 
6776 276 3226 274 
6777 3250 3521 1172 
6778 860 3582 3477 
6779 1043 3298 3090 
6780 262 3173 3075 
6781 1586 3146 1588 
6782 2967 3251 1010 
6783 2926 3085 654 
6784 2152 3351 2154 
6785 258 3357 3136 
6786 3072 3506 574 
6787 2212 3506 3072 
6788 2040 3111 2033 
6789 222 254 220 
6790 602 3574 3315 
6791 629 3341 3340 
6792 1234 1269 986 
6793 3366 3379 730 
6794 3400 3475 336 
6795 191 3480 1224 
6796 2851 3395 2393 
6797 3031 3461 190 
6798 1567 3157 1669 
6799 197 3465 3464 
6800 2216 3550 2867 
6801 244 250 242 
6802 1243 3386 62 
6803 133 3387 1244 
6804 1593 3137 1582 
6805 2154 3351 2979 
6806 1229 3509 3313 
6807 2336 3530 2895 
6808 288 3558 3511 
6809 726 3246 722 
6810 1855 3133 1851 
6811 2142 3432 2931 
6812 3201 3578 3032 
6813 3067 3118 2950 
6814 3438 3535 2262 
6815 743 3158 741 
6816 1207 3540 1185 
6817 3108 3370 2060 
6818 2060 3370 1873 
6819 3345 3580 755 
6820 3324 3526 816 
6821 166 1022 150 
6822 365 419 411 
6823 149 3347 1038 
6824 1873 3370 1875 
6825 548 3504 3500 
6826 3500 3504 632 
6827 274 3226 1057 
6828 419 581 420 
6829 966 3333 2982 
6830 775 3527 3325 
6831 195 3229 207 
6832 160 3330 90 
6833 1621 3293 2906 
6834 888 3339 581 
6835 479 3586 3301 
6836 571 3467 543 
6837 246 3538 1232 
6838 3137 3419 3021 
6839 1591 3168 1595 
6840 3301 3552 479 
6841 1594 3168 1591 
6842 981 1254 1253 
6843 1570 3157 1567 
6844 2856 2859 2858 
6845 1240 3031 1224 
6846 856 3183 3058 
6847 3148 3213 812 
6848 2026 3533 1929 
6849 748 3172 746 
6850 1653 3472 1918 
6851 3021 3419 2362 
6852 3156 3350 3235 
6853 497 3184 495 
6854 3233 3234 224 
6855 1262 3144 870 
6856 2966 3106 708 
6857 962 3242 854 
6858 3355 3356 887 
6859 1121 2967 1012 
6860 895 3571 909 
6861 3180 3342 216 
6862 2393 3553 2026 
6863 475 3188 472 
6864 294 3416 1202 
6865 190 3458 3031 
6866 163 3386 1243 
6867 1244 3387 162 
6868 201 3236 199 
6869 559 3451 550 
6870 3286 3564 596 
6871 2821 3515 3153 
6872 3002 3411 1079 
6873 1937 3513 3001 
6874 847 3273 1090 
6875 3354 3547 724 
6876 3059 3103 1508 
6877 2880 3189 1888 
6878 210 3418 208 
6879 2445 2858 400 
6880 2967 2968 265 
6881 2951 3227 2070 
6882 1888 3189 2903 
6883 1245 1246 1021 
6884 3075 3365 3074 
6885 3096 3097 280 
6886 1023 3490 1024 
6887 3073 3174 2231 
6888 894 3350 3156 
6889 2995 3478 1884 
6890 3229 3236 143 
6891 3112 3427 144 
6892 3021 3146 3137 
6893 1024 3490 633 
6894 758 3195 756 
6895 461 3522 463 
6896 3188 3240 561 
6897 1884 3478 2880 
6898 3064 3119 2143 
6899 1046 3372 2920 
6900 199 3229 195 
6901 3119 3456 2398 
6902 280 3449 3096 
6903 753 3224 751 
6904 2984 3460 928 
6905 955 2859 2856 
6906 3139 3498 2227 
6907 2138 3307 2255 
6908 3083 3390 974 
6909 3265 3342 219 
6910 2262 3487 2983 
6911 2458 3426 3349 
6912 266 3448 3129 
6913 686 3423 3098 
6914 3067 3150 3118 
6915 550 3451 546 
6916 480 3239 477 
6917 3323 3431 779 
6918 149 3268 300 
6919 309 3264 311 
6920 240 3495 3131 
6921 493 3567 3238 
6922 3124 3532 170 
6923 960 3494 3002 
6924 3306 3353 231 
6925 773 3313 771 
6926 3066 3472 1653 
6927 1234 3218 1269 
6928 685 3362 3143 
6929 1929 3533 2280 
6930 729 3366 3022 
6931 251 3578 267 
6932 1120 3439 1121 
6933 1192 3365 3075 
6934 3015 3412 1608 
6935 3137 3146 1586 
6936 534 3321 3311 
6937 2337 3542 3036 
6938 3036 3542 2209 
6939 1670 3553 3395 
6940 3032 3578 260 
6941 3498 3512 2227 
6942 459 3252 2648 
6943 3060 3370 3108 
6944 3097 3561 279 
6945 1121 2968 2967 
6946 265 3251 2967 
6947 3206 3381 678 
6948 296 3427 3112 
6949 1571 3483 3004 
6950 3199 3497 302 
6951 582 3339 953 
6952 788 3469 3317 
6953 3302 3319 179 
6954 3328 3453 767 
6955 2947 3456 2140 
6956 763 3517 761 
6957 3260 3430 167 
6958 2086 3535 3438 
6959 3089 3307 2138 
6960 194 3100 3099 
6961 462 3537 3336 
6962 225 3424 223 
6963 172 3532 3187 
6964 771 3509 768 
6965 3481 3482 565 
6966 276 3540 3226 
6967 3124 3430 205 
6968 554 3585 3043 
6969 2974 3568 1493 
6970 3410 3484 235 
6971 1198 3083 976 
6972 904 3287 899 
6973 3389 3554 721 
6974 3287 3571 897 
6975 909 3194 3193 
6976 259 3579 1238 
6977 227 3233 1210 
6978 3088 3383 1593 
6979 2896 3498 3174 
6980 3320 3488 784 
6981 1189 3061 1000 
6982 390 3150 3067 
6983 588 3521 3297 
6984 3131 3486 240 
6985 3167 3423 236 
6986 1185 3540 276 
6987 178 3302 3100 
6988 490 3289 487 
6989 3243 3244 2202 
6990 1593 3419 3137 
6991 3005 3183 856 
6992 1189 3465 3061 
6993 3383 3419 1593 
6994 446 1271 1270 
6995 3365 3418 210 
6996 206 3499 3187 
6997 199 3236 3229 
6998 281 3371 1185 
6999 3584 3585 554 
7000 449 3068 1242 
7001 546 3451 545 
7002 3349 3426 2966 
7003 3299 3308 273 
7004 3112 3371 283 
7005 3074 3365 210 
7006 3360 3462 749 
7007 2288 3572 3161 
7008 619 3489 3250 
7009 1043 3299 3298 
7010 268 3485 3484 
7011 3524 3539 2924 
7012 223 3424 253 
7013 3038 3039 718 
7014 271 3529 3416 
7015 279 3407 3097 
7016 227 3234 3233 
7017 3484 3485 235 
7018 3118 3150 391 
7019 534 3468 3184 
7020 502 3321 500 
7021 584 3361 586 
7022 2829 3518 1044 
7023 3218 3464 193 
7024 543 3467 533 
7025 705 3566 3200 
7026 283 3371 281 
7027 220 3474 217 
7028 3172 3501 792 
7029 507 3346 505 
7030 653 3063 679 
7031 3285 3562 287 
7032 3126 3164 680 
7033 218 3342 3265 
7034 3008 3125 590 
7035 3447 3449 280 
7036 858 3252 2689 
7037 953 3361 584 
7038 3227 3228 2070 
7039 1183 3421 3414 
7040 3414 3421 3341 
7041 3329 3347 116 
7042 184 3463 3144 
7043 3136 3306 258 
7044 733 3577 731 
7045 3194 3499 206 
7046 365 3258 419 
7047 1065 3297 587 
7048 718 3518 2829 
7049 175 3499 3194 
7050 291 3562 3285 
7051 217 3474 262 
7052 2895 3530 2065 
7053 2242 3470 3204 
7054 3285 3558 1198 
7055 234 3353 3306 
7056 3313 3523 1229 
7057 3226 3540 155 
7058 2069 3228 3227 
7059 3580 3581 2922 
7060 3016 3519 1869 
7061 655 3063 2916 
7062 262 3474 3173 
7063 3395 3553 2393 
7064 3552 3574 2937 
7065 533 3467 532 
7066 2090 3551 2934 
7067 3090 3298 294 
7068 3477 3582 466 
7069 1594 3459 3168 
7070 193 3461 3218 
7071 3276 3470 2242 
7072 3086 3557 2181 
7073 3465 3466 196 
7074 551 3585 3584 
7075 3187 3499 172 
7076 3284 3470 1886 
7077 339 3400 2996 
7078 791 3523 3313 
7079 3358 3483 1639 
7080 3325 3527 774 
7081 365 3264 3258 
7082 3526 3527 2870 
7083 723 3457 3005 
7084 3564 3586 2938 
7085 311 3264 365 
7086 528 3441 525 
7087 254 3474 220 
7088 2249 3568 2974 
7089 938 3447 1258 
7090 3129 3448 185 
7091 463 3522 3336 
7092 3376 3539 471 
7093 3193 3194 206 
7094 1242 2987 449 
7095 3315 3574 476 
7096 774 3526 3324 
7097 3301 3586 478 
7098 752 3580 3345 
7099 940 3554 3389 
7100 471 3524 3344 
7101 476 3552 3301 
7102 206 3479 3193 
7103 478 3564 3286 
7104 267 3578 3201 
7105 3273 3294 1090 
7106 3235 3290 228 
7107 654 2997 2926 
7108 3258 3264 908 
7109 273 3471 3299 
7110 3348 3581 752 
7111 586 3361 591 
7112 260 3578 251 
7113 3406 3521 588 
7114 3173 3474 254 
7115 273 3308 3242 
7116 2962 3475 339 
7117 167 3525 3260 
7118 411 3490 1023 
7119 1270 3068 446 
7120 227 3560 3234 
7121 3164 3375 679 
7122 471 3539 3524 
7123 3039 3518 718 
7124 337 3475 3181 
7125 724 3547 3528 
7126 1886 3470 3276 
7127 400 3178 3177 
7128 388 3381 3206 
7129 774 3527 3526 
7130 3336 3522 462 
7131 752 3581 3580 
7132 2689 3252 456 
7133 170 3430 3124 
7134 476 3574 3552 
7135 3200 3566 704 
7136 3149 3549 553 
7137 585 3521 3250 
7138 1237 3057 713 
7139 178 3319 3302 
7140 633 3294 3273 
7141 478 3586 3564 
7142 713 3197 1237 
7143 272 3471 3209 
7144 288 3390 3083 
7145 1198 3558 3083 
7146 3416 3529 293 
7147 3464 3465 196 
7148 179 3571 3287 
7149 3057 3058 716 
7150 3083 3558 288 
7151 3234 3560 226 
7152 3058 3183 716 
7153 702 3518 3039 
7154 556 3549 3149 
7155 926 3356 3355 
7156 720 3183 3005 
7157 3005 3457 720 
7158 214 3439 1166 
7159 242 247 239 
7160 248 250 244 
7161 2884 3404 469 
7162 2413 3584 554 
7163 589 918 628 
7164 610 3376 2884 
7165 677 3544 3020 
7166 679 2902 680 
7167 1264 3067 687 
7168 1044 2346 1045 
7169 2371 3059 1506 
7170 2161 3279 2166 
7171 2359 2908 2298 
7172 3163 3544 2597 
$EndElements
