$MeshFormat
4.1 0 8
$EndMeshFormat
$PhysicalNames
6
1 2 "i"
1 3 "o"
1 4 "t"
1 5 "b"
1 6 "c"
2 1 "Volume"
$EndPhysicalNames
$Entities
5 5 1 0
5 0.5 0 0 0 
6 -20 -20 0 0 
7 40 -20 0 0 
8 -20 20 0 0 
9 40 20 0 0 
5 -0.5000000999999999 -0.5000000999999999 -1e-07 0.5000000999999999 0.5000000999999999 1e-07 1 6 2 5 -5 
6 -20.0000001 -20.0000001 -1e-07 40.0000001 -19.9999999 1e-07 1 5 2 6 -7 
7 -20.0000001 -20.0000001 -1e-07 -19.9999999 20.0000001 1e-07 1 2 2 8 -6 
8 39.9999999 -20.0000001 -1e-07 40.0000001 20.0000001 1e-07 1 3 2 7 -9 
9 -20.0000001 19.9999999 -1e-07 40.0000001 20.0000001 1e-07 1 4 2 9 -8 
1 -20.0000001 -20.0000001 -1e-07 40.0000001 20.0000001 1e-07 1 1 5 6 8 9 7 -5 
$EndEntities
$Nodes
11 6863 1 6863
0 5 0 1
1
0.5 0 0
0 6 0 1
2
-20 -20 0
0 7 0 1
3
40 -20 0
0 8 0 1
4
-20 20 0
0 9 0 1
5
40 20 0
1 5 0 78
6
7
8
9
10
11
12
13
14
15
16
17
18
19
20
21
22
23
24
25
26
27
28
29
30
31
32
33
34
35
36
37
38
39
40
41
42
43
44
45
46
47
48
49
50
51
52
53
54
55
56
57
58
59
60
61
62
63
64
65
66
67
68
69
70
71
72
73
74
75
76
77
78
79
80
81
82
83
0.4984194195073479 0.03972508348585716 0
0.4936876709681667 0.07919901220360744 0
0.485834670020205 0.1181722192664524 0
0.4749100658638914 0.1563983035111134 0
0.4609829273641034 0.1936355873253204 0
0.444141306374566 0.2296486446114888 0
0.424491681045682 0.2642097892263096 0
0.4021582826353825 0.2971005144858551 0
0.3772823100791152 0.3281128746351877 0
0.3500210372847128 0.3570507995483748 0
0.3205468187961102 0.3837313343469538 0
0.2890460001124244 0.4079857960995804 0
0.2557177395517113 0.4296608402898304 0
0.2207727491079561 0.448619430309606 0
0.1844319622620041 0.4647417038486935 0
0.1469251371689607 0.4779257307028803 0
0.1084894040531593 0.4880881572095254 0
0.06936776599453438 0.4951647332362509 0
0.02980756258491019 0.4991107183909665 0
-0.009941093832534866 0.4999011648850328 0
-0.0496268994540305 0.4975310752612138 0
-0.08899894783877485 0.4920154339892104 0
-0.1278083162202371 0.4833891127290186 0
-0.1658096392760337 0.4717066498610674 0
-0.2027626604064967 0.4570419056770175 0
-0.2384337507142527 0.439487595411217 0
-0.2725973860813337 0.4191547030651384 0
-0.305037573005262 0.3961717797307873 0
-0.3355492141795181 0.3706841308493093 0
-0.3639394051847468 0.3428528975432069 0
-0.3900286540926059 0.3128540378302802 0
-0.4136520162715284 0.2808772141603857 0
-0.434660137219791 0.2471245943083619 0
-0.4529201968327614 0.2118095732042646 0
-0.4683167491343638 0.1751554237819126 0
-0.4807524521637101 0.1373938853755132 0
-0.4901486834023179 0.09876369858897716 0
-0.4964460368509866 0.05950909590095309 0
-0.4996046986136509 0.01987825754846361 0
-0.499604698613651 -0.01987825754846193 0
-0.4964460368509868 -0.05950909590095164 0
-0.4901486834023183 -0.0987636985889753 0
-0.4807524521637105 -0.1373938853755118 0
-0.4683167491343644 -0.175155423781911 0
-0.452920196832762 -0.2118095732042632 0
-0.4346601372197919 -0.2471245943083604 0
-0.4136520162715294 -0.2808772141603844 0
-0.390028654092607 -0.3128540378302789 0
-0.363939405184748 -0.3428528975432055 0
-0.3355492141795194 -0.3706841308493082 0
-0.3050375730052635 -0.3961717797307862 0
-0.272597386081335 -0.4191547030651375 0
-0.2384337507142546 -0.439487595411216 0
-0.2027626604064985 -0.4570419056770166 0
-0.1658096392760358 -0.4717066498610666 0
-0.1278083162202396 -0.483389112729018 0
-0.08899894783877726 -0.4920154339892099 0
-0.04962689945403326 -0.4975310752612135 0
-0.009941093832537874 -0.4999011648850327 0
0.02980756258490685 -0.4991107183909667 0
0.06936776599453118 -0.4951647332362514 0
0.1084894040531563 -0.488088157209526 0
0.1469251371689574 -0.4779257307028813 0
0.1844319622620007 -0.4647417038486948 0
0.2207727491079529 -0.4486194303096076 0
0.2557177395517083 -0.4296608402898321 0
0.289046000112422 -0.407985796099582 0
0.3205468187961081 -0.3837313343469556 0
0.350021037284711 -0.3570507995483765 0
0.3772823100791136 -0.3281128746351895 0
0.4021582826353814 -0.2971005144858566 0
0.4244916810456811 -0.264209789226311 0
0.4441413063745653 -0.2296486446114901 0
0.4609829273641028 -0.1936355873253217 0
0.474910065863891 -0.1563983035111146 0
0.4858346700202049 -0.118172219266453 0
0.4936876709681666 -0.07919901220360787 0
0.4984194195073479 -0.03972508348585744 0
1 6 0 23
84
85
86
87
88
89
90
91
92
93
94
95
96
97
98
99
100
101
102
103
104
105
106
-17.5 -20 0
-15 -20 0
-12.5 -20 0
-10 -20 0
-7.5 -20 0
-5 -20 0
-2.5 -20 0
0 -20 0
2.5 -20 0
5 -20 0
7.5 -20 0
10 -20 0
12.5 -20 0
15 -20 0
17.5 -20 0
20 -20 0
22.5 -20 0
25 -20 0
27.5 -20 0
30 -20 0
32.5 -20 0
35 -20 0
37.5 -20 0
1 7 0 15
107
108
109
110
111
112
113
114
115
116
117
118
119
120
121
-20 17.5 0
-20 15 0
-20 12.5 0
-20 10 0
-20 7.5 0
-20 5 0
-20 2.5 0
-20 0 0
-20 -2.5 0
-20 -5 0
-20 -7.5 0
-20 -10 0
-20 -12.5 0
-20 -15 0
-20 -17.5 0
1 8 0 37
122
123
124
125
126
127
128
129
130
131
132
133
134
135
136
137
138
139
140
141
142
143
144
145
146
147
148
149
150
151
152
153
154
155
156
157
158
40 -17.50350656746034 0
40 -15.00701313492069 0
40 -12.52538528405024 0
40 -10.51376978397283 0
40 -9.047508823300063 0
40 -7.97875519706605 0
40 -7.199743615556567 0
40 -6.590742661904683 0
40 -5.991584238095166 0
40 -5.39242581428565 0
40 -4.793267390476132 0
40 -4.194108966666615 0
40 -3.594950542857099 0
40 -2.995792119047582 0
40 -2.396633695238062 0
40 -1.797475271428546 0
40 -1.198316847619029 0
40 -0.5991584238095093 0
40 1.06581410364015e-14 0
40 0.5991584238095307 0
40 1.198316847619047 0
40 1.797475271428567 0
40 2.396633695238087 0
40 2.995792119047607 0
40 3.594950542857124 0
40 4.194108966666644 0
40 4.793267390476164 0
40 5.39242581428568 0
40 5.9915842380952 0
40 6.59074266190472 0
40 7.199743615556592 0
40 7.978755197066079 0
40 9.047508823300117 0
40 10.51376978397289 0
40 12.52538528405034 0
40 15.00701313492067 0
40 17.50350656746035 0
1 9 0 23
159
160
161
162
163
164
165
166
167
168
169
170
171
172
173
174
175
176
177
178
179
180
181
37.5 20 0
35 20 0
32.5 20 0
30 20 0
27.5 20 0
25 20 0
22.5 20 0
20 20 0
17.5 20 0
15 20 0
12.5 20 0
10 20 0
7.5 20 0
5 20 0
2.5 20 0
0 20 0
-2.5 20 0
-5 20 0
-7.5 20 0
-10 20 0
-12.5 20 0
-15 20 0
-17.5 20 0
2 1 0 6682
182
183
184
185
186
187
188
189
190
191
192
193
194
195
196
197
198
199
200
201
202
203
204
205
206
207
208
209
210
211
212
213
214
215
216
217
218
219
220
221
222
223
224
225
226
227
228
229
230
231
232
233
234
235
236
237
238
239
240
241
242
243
244
245
246
247
248
249
250
251
252
253
254
255
256
257
258
259
260
261
262
263
264
265
266
267
268
269
270
271
272
273
274
275
276
277
278
279
280
281
282
283
284
285
286
287
288
289
290
291
292
293
294
295
296
297
298
299
300
301
302
303
304
305
306
307
308
309
310
311
312
313
314
315
316
317
318
319
320
321
322
323
324
325
326
327
328
329
330
331
332
333
334
335
336
337
338
339
340
341
342
343
344
345
346
347
348
349
350
351
352
353
354
355
356
357
358
359
360
361
362
363
364
365
366
367
368
369
370
371
372
373
374
375
376
377
378
379
380
381
382
383
384
385
386
387
388
389
390
391
392
393
394
395
396
397
398
399
400
401
402
403
404
405
406
407
408
409
410
411
412
413
414
415
416
417
418
419
420
421
422
423
424
425
426
427
428
429
430
431
432
433
434
435
436
437
438
439
440
441
442
443
444
445
446
447
448
449
450
451
452
453
454
455
456
457
458
459
460
461
462
463
464
465
466
467
468
469
470
471
472
473
474
475
476
477
478
479
480
481
482
483
484
485
486
487
488
489
490
491
492
493
494
495
496
497
498
499
500
501
502
503
504
505
506
507
508
509
510
511
512
513
514
515
516
517
518
519
520
521
522
523
524
525
526
527
528
529
530
531
532
533
534
535
536
537
538
539
540
541
542
543
544
545
546
547
548
549
550
551
552
553
554
555
556
557
558
559
560
561
562
563
564
565
566
567
568
569
570
571
572
573
574
575
576
577
578
579
580
581
582
583
584
585
586
587
588
589
590
591
592
593
594
595
596
597
598
599
600
601
602
603
604
605
606
607
608
609
610
611
612
613
614
615
616
617
618
619
620
621
622
623
624
625
626
627
628
629
630
631
632
633
634
635
636
637
638
639
640
641
642
643
644
645
646
647
648
649
650
651
652
653
654
655
656
657
658
659
660
661
662
663
664
665
666
667
668
669
670
671
672
673
674
675
676
677
678
679
680
681
682
683
684
685
686
687
688
689
690
691
692
693
694
695
696
697
698
699
700
701
702
703
704
705
706
707
708
709
710
711
712
713
714
715
716
717
718
719
720
721
722
723
724
725
726
727
728
729
730
731
732
733
734
735
736
737
738
739
740
741
742
743
744
745
746
747
748
749
750
751
752
753
754
755
756
757
758
759
760
761
762
763
764
765
766
767
768
769
770
771
772
773
774
775
776
777
778
779
780
781
782
783
784
785
786
787
788
789
790
791
792
793
794
795
796
797
798
799
800
801
802
803
804
805
806
807
808
809
810
811
812
813
814
815
816
817
818
819
820
821
822
823
824
825
826
827
828
829
830
831
832
833
834
835
836
837
838
839
840
841
842
843
844
845
846
847
848
849
850
851
852
853
854
855
856
857
858
859
860
861
862
863
864
865
866
867
868
869
870
871
872
873
874
875
876
877
878
879
880
881
882
883
884
885
886
887
888
889
890
891
892
893
894
895
896
897
898
899
900
901
902
903
904
905
906
907
908
909
910
911
912
913
914
915
916
917
918
919
920
921
922
923
924
925
926
927
928
929
930
931
932
933
934
935
936
937
938
939
940
941
942
943
944
945
946
947
948
949
950
951
952
953
954
955
956
957
958
959
960
961
962
963
964
965
966
967
968
969
970
971
972
973
974
975
976
977
978
979
980
981
982
983
984
985
986
987
988
989
990
991
992
993
994
995
996
997
998
999
1000
1001
1002
1003
1004
1005
1006
1007
1008
1009
1010
1011
1012
1013
1014
1015
1016
1017
1018
1019
1020
1021
1022
1023
1024
1025
1026
1027
1028
1029
1030
1031
1032
1033
1034
1035
1036
1037
1038
1039
1040
1041
1042
1043
1044
1045
1046
1047
1048
1049
1050
1051
1052
1053
1054
1055
1056
1057
1058
1059
1060
1061
1062
1063
1064
1065
1066
1067
1068
1069
1070
1071
1072
1073
1074
1075
1076
1077
1078
1079
1080
1081
1082
1083
1084
1085
1086
1087
1088
1089
1090
1091
1092
1093
1094
1095
1096
1097
1098
1099
1100
1101
1102
1103
1104
1105
1106
1107
1108
1109
1110
1111
1112
1113
1114
1115
1116
1117
1118
1119
1120
1121
1122
1123
1124
1125
1126
1127
1128
1129
1130
1131
1132
1133
1134
1135
1136
1137
1138
1139
1140
1141
1142
1143
1144
1145
1146
1147
1148
1149
1150
1151
1152
1153
1154
1155
1156
1157
1158
1159
1160
1161
1162
1163
1164
1165
1166
1167
1168
1169
1170
1171
1172
1173
1174
1175
1176
1177
1178
1179
1180
1181
1182
1183
1184
1185
1186
1187
1188
1189
1190
1191
1192
1193
1194
1195
1196
1197
1198
1199
1200
1201
1202
1203
1204
1205
1206
1207
1208
1209
1210
1211
1212
1213
1214
1215
1216
1217
1218
1219
1220
1221
1222
1223
1224
1225
1226
1227
1228
1229
1230
1231
1232
1233
1234
1235
1236
1237
1238
1239
1240
1241
1242
1243
1244
1245
1246
1247
1248
1249
1250
1251
1252
1253
1254
1255
1256
1257
1258
1259
1260
1261
1262
1263
1264
1265
1266
1267
1268
1269
1270
1271
1272
1273
1274
1275
1276
1277
1278
1279
1280
1281
1282
1283
1284
1285
1286
1287
1288
1289
1290
1291
1292
1293
1294
1295
1296
1297
1298
1299
1300
1301
1302
1303
1304
1305
1306
1307
1308
1309
1310
1311
1312
1313
1314
1315
1316
1317
1318
1319
1320
1321
1322
1323
1324
1325
1326
1327
1328
1329
1330
1331
1332
1333
1334
1335
1336
1337
1338
1339
1340
1341
1342
1343
1344
1345
1346
1347
1348
1349
1350
1351
1352
1353
1354
1355
1356
1357
1358
1359
1360
1361
1362
1363
1364
1365
1366
1367
1368
1369
1370
1371
1372
1373
1374
1375
1376
1377
1378
1379
1380
1381
1382
1383
1384
1385
1386
1387
1388
1389
1390
1391
1392
1393
1394
1395
1396
1397
1398
1399
1400
1401
1402
1403
1404
1405
1406
1407
1408
1409
1410
1411
1412
1413
1414
1415
1416
1417
1418
1419
1420
1421
1422
1423
1424
1425
1426
1427
1428
1429
1430
1431
1432
1433
1434
1435
1436
1437
1438
1439
1440
1441
1442
1443
1444
1445
1446
1447
1448
1449
1450
1451
1452
1453
1454
1455
1456
1457
1458
1459
1460
1461
1462
1463
1464
1465
1466
1467
1468
1469
1470
1471
1472
1473
1474
1475
1476
1477
1478
1479
1480
1481
1482
1483
1484
1485
1486
1487
1488
1489
1490
1491
1492
1493
1494
1495
1496
1497
1498
1499
1500
1501
1502
1503
1504
1505
1506
1507
1508
1509
1510
1511
1512
1513
1514
1515
1516
1517
1518
1519
1520
1521
1522
1523
1524
1525
1526
1527
1528
1529
1530
1531
1532
1533
1534
1535
1536
1537
1538
1539
1540
1541
1542
1543
1544
1545
1546
1547
1548
1549
1550
1551
1552
1553
1554
1555
1556
1557
1558
1559
1560
1561
1562
1563
1564
1565
1566
1567
1568
1569
1570
1571
1572
1573
1574
1575
1576
1577
1578
1579
1580
1581
1582
1583
1584
1585
1586
1587
1588
1589
1590
1591
1592
1593
1594
1595
1596
1597
1598
1599
1600
1601
1602
1603
1604
1605
1606
1607
1608
1609
1610
1611
1612
1613
1614
1615
1616
1617
1618
1619
1620
1621
1622
1623
1624
1625
1626
1627
1628
1629
1630
1631
1632
1633
1634
1635
1636
1637
1638
1639
1640
1641
1642
1643
1644
1645
1646
1647
1648
1649
1650
1651
1652
1653
1654
1655
1656
1657
1658
1659
1660
1661
1662
1663
1664
1665
1666
1667
1668
1669
1670
1671
1672
1673
1674
1675
1676
1677
1678
1679
1680
1681
1682
1683
1684
1685
1686
1687
1688
1689
1690
1691
1692
1693
1694
1695
1696
1697
1698
1699
1700
1701
1702
1703
1704
1705
1706
1707
1708
1709
1710
1711
1712
1713
1714
1715
1716
1717
1718
1719
1720
1721
1722
1723
1724
1725
1726
1727
1728
1729
1730
1731
1732
1733
1734
1735
1736
1737
1738
1739
1740
1741
1742
1743
1744
1745
1746
1747
1748
1749
1750
1751
1752
1753
1754
1755
1756
1757
1758
1759
1760
1761
1762
1763
1764
1765
1766
1767
1768
1769
1770
1771
1772
1773
1774
1775
1776
1777
1778
1779
1780
1781
1782
1783
1784
1785
1786
1787
1788
1789
1790
1791
1792
1793
1794
1795
1796
1797
1798
1799
1800
1801
1802
1803
1804
1805
1806
1807
1808
1809
1810
1811
1812
1813
1814
1815
1816
1817
1818
1819
1820
1821
1822
1823
1824
1825
1826
1827
1828
1829
1830
1831
1832
1833
1834
1835
1836
1837
1838
1839
1840
1841
1842
1843
1844
1845
1846
1847
1848
1849
1850
1851
1852
1853
1854
1855
1856
1857
1858
1859
1860
1861
1862
1863
1864
1865
1866
1867
1868
1869
1870
1871
1872
1873
1874
1875
1876
1877
1878
1879
1880
1881
1882
1883
1884
1885
1886
1887
1888
1889
1890
1891
1892
1893
1894
1895
1896
1897
1898
1899
1900
1901
1902
1903
1904
1905
1906
1907
1908
1909
1910
1911
1912
1913
1914
1915
1916
1917
1918
1919
1920
1921
1922
1923
1924
1925
1926
1927
1928
1929
1930
1931
1932
1933
1934
1935
1936
1937
1938
1939
1940
1941
1942
1943
1944
1945
1946
1947
1948
1949
1950
1951
1952
1953
1954
1955
1956
1957
1958
1959
1960
1961
1962
1963
1964
1965
1966
1967
1968
1969
1970
1971
1972
1973
1974
1975
1976
1977
1978
1979
1980
1981
1982
1983
1984
1985
1986
1987
1988
1989
1990
1991
1992
1993
1994
1995
1996
1997
1998
1999
2000
2001
2002
2003
2004
2005
2006
2007
2008
2009
2010
2011
2012
2013
2014
2015
2016
2017
2018
2019
2020
2021
2022
2023
2024
2025
2026
2027
2028
2029
2030
2031
2032
2033
2034
2035
2036
2037
2038
2039
2040
2041
2042
2043
2044
2045
2046
2047
2048
2049
2050
2051
2052
2053
2054
2055
2056
2057
2058
2059
2060
2061
2062
2063
2064
2065
2066
2067
2068
2069
2070
2071
2072
2073
2074
2075
2076
2077
2078
2079
2080
2081
2082
2083
2084
2085
2086
2087
2088
2089
2090
2091
2092
2093
2094
2095
2096
2097
2098
2099
2100
2101
2102
2103
2104
2105
2106
2107
2108
2109
2110
2111
2112
2113
2114
2115
2116
2117
2118
2119
2120
2121
2122
2123
2124
2125
2126
2127
2128
2129
2130
2131
2132
2133
2134
2135
2136
2137
2138
2139
2140
2141
2142
2143
2144
2145
2146
2147
2148
2149
2150
2151
2152
2153
2154
2155
2156
2157
2158
2159
2160
2161
2162
2163
2164
2165
2166
2167
2168
2169
2170
2171
2172
2173
2174
2175
2176
2177
2178
2179
2180
2181
2182
2183
2184
2185
2186
2187
2188
2189
2190
2191
2192
2193
2194
2195
2196
2197
2198
2199
2200
2201
2202
2203
2204
2205
2206
2207
2208
2209
2210
2211
2212
2213
2214
2215
2216
2217
2218
2219
2220
2221
2222
2223
2224
2225
2226
2227
2228
2229
2230
2231
2232
2233
2234
2235
2236
2237
2238
2239
2240
2241
2242
2243
2244
2245
2246
2247
2248
2249
2250
2251
2252
2253
2254
2255
2256
2257
2258
2259
2260
2261
2262
2263
2264
2265
2266
2267
2268
2269
2270
2271
2272
2273
2274
2275
2276
2277
2278
2279
2280
2281
2282
2283
2284
2285
2286
2287
2288
2289
2290
2291
2292
2293
2294
2295
2296
2297
2298
2299
2300
2301
2302
2303
2304
2305
2306
2307
2308
2309
2310
2311
2312
2313
2314
2315
2316
2317
2318
2319
2320
2321
2322
2323
2324
2325
2326
2327
2328
2329
2330
2331
2332
2333
2334
2335
2336
2337
2338
2339
2340
2341
2342
2343
2344
2345
2346
2347
2348
2349
2350
2351
2352
2353
2354
2355
2356
2357
2358
2359
2360
2361
2362
2363
2364
2365
2366
2367
2368
2369
2370
2371
2372
2373
2374
2375
2376
2377
2378
2379
2380
2381
2382
2383
2384
2385
2386
2387
2388
2389
2390
2391
2392
2393
2394
2395
2396
2397
2398
2399
2400
2401
2402
2403
2404
2405
2406
2407
2408
2409
2410
2411
2412
2413
2414
2415
2416
2417
2418
2419
2420
2421
2422
2423
2424
2425
2426
2427
2428
2429
2430
2431
2432
2433
2434
2435
2436
2437
2438
2439
2440
2441
2442
2443
2444
2445
2446
2447
2448
2449
2450
2451
2452
2453
2454
2455
2456
2457
2458
2459
2460
2461
2462
2463
2464
2465
2466
2467
2468
2469
2470
2471
2472
2473
2474
2475
2476
2477
2478
2479
2480
2481
2482
2483
2484
2485
2486
2487
2488
2489
2490
2491
2492
2493
2494
2495
2496
2497
2498
2499
2500
2501
2502
2503
2504
2505
2506
2507
2508
2509
2510
2511
2512
2513
2514
2515
2516
2517
2518
2519
2520
2521
2522
2523
2524
2525
2526
2527
2528
2529
2530
2531
2532
2533
2534
2535
2536
2537
2538
2539
2540
2541
2542
2543
2544
2545
2546
2547
2548
2549
2550
2551
2552
2553
2554
2555
2556
2557
2558
2559
2560
2561
2562
2563
2564
2565
2566
2567
2568
2569
2570
2571
2572
2573
2574
2575
2576
2577
2578
2579
2580
2581
2582
2583
2584
2585
2586
2587
2588
2589
2590
2591
2592
2593
2594
2595
2596
2597
2598
2599
2600
2601
2602
2603
2604
2605
2606
2607
2608
2609
2610
2611
2612
2613
2614
2615
2616
2617
2618
2619
2620
2621
2622
2623
2624
2625
2626
2627
2628
2629
2630
2631
2632
2633
2634
2635
2636
2637
2638
2639
2640
2641
2642
2643
2644
2645
2646
2647
2648
2649
2650
2651
2652
2653
2654
2655
2656
2657
2658
2659
2660
2661
2662
2663
2664
2665
2666
2667
2668
2669
2670
2671
2672
2673
2674
2675
2676
2677
2678
2679
2680
2681
2682
2683
2684
2685
2686
2687
2688
2689
2690
2691
2692
2693
2694
2695
2696
2697
2698
2699
2700
2701
2702
2703
2704
2705
2706
2707
2708
2709
2710
2711
2712
2713
2714
2715
2716
2717
2718
2719
2720
2721
2722
2723
2724
2725
2726
2727
2728
2729
2730
2731
2732
2733
2734
2735
2736
2737
2738
2739
2740
2741
2742
2743
2744
2745
2746
2747
2748
2749
2750
2751
2752
2753
2754
2755
2756
2757
2758
2759
2760
2761
2762
2763
2764
2765
2766
2767
2768
2769
2770
2771
2772
2773
2774
2775
2776
2777
2778
2779
2780
2781
2782
2783
2784
2785
2786
2787
2788
2789
2790
2791
2792
2793
2794
2795
2796
2797
2798
2799
2800
2801
2802
2803
2804
2805
2806
2807
2808
2809
2810
2811
2812
2813
2814
2815
2816
2817
2818
2819
2820
2821
2822
2823
2824
2825
2826
2827
2828
2829
2830
2831
2832
2833
2834
2835
2836
2837
2838
2839
2840
2841
2842
2843
2844
2845
2846
2847
2848
2849
2850
2851
2852
2853
2854
2855
2856
2857
2858
2859
2860
2861
2862
2863
2864
2865
2866
2867
2868
2869
2870
2871
2872
2873
2874
2875
2876
2877
2878
2879
2880
2881
2882
2883
2884
2885
2886
2887
2888
2889
2890
2891
2892
2893
2894
2895
2896
2897
2898
2899
2900
2901
2902
2903
2904
2905
2906
2907
2908
2909
2910
2911
2912
2913
2914
2915
2916
2917
2918
2919
2920
2921
2922
2923
2924
2925
2926
2927
2928
2929
2930
2931
2932
2933
2934
2935
2936
2937
2938
2939
2940
2941
2942
2943
2944
2945
2946
2947
2948
2949
2950
2951
2952
2953
2954
2955
2956
2957
2958
2959
2960
2961
2962
2963
2964
2965
2966
2967
2968
2969
2970
2971
2972
2973
2974
2975
2976
2977
2978
2979
2980
2981
2982
2983
2984
2985
2986
2987
2988
2989
2990
2991
2992
2993
2994
2995
2996
2997
2998
2999
3000
3001
3002
3003
3004
3005
3006
3007
3008
3009
3010
3011
3012
3013
3014
3015
3016
3017
3018
3019
3020
3021
3022
3023
3024
3025
3026
3027
3028
3029
3030
3031
3032
3033
3034
3035
3036
3037
3038
3039
3040
3041
3042
3043
3044
3045
3046
3047
3048
3049
3050
3051
3052
3053
3054
3055
3056
3057
3058
3059
3060
3061
3062
3063
3064
3065
3066
3067
3068
3069
3070
3071
3072
3073
3074
3075
3076
3077
3078
3079
3080
3081
3082
3083
3084
3085
3086
3087
3088
3089
3090
3091
3092
3093
3094
3095
3096
3097
3098
3099
3100
3101
3102
3103
3104
3105
3106
3107
3108
3109
3110
3111
3112
3113
3114
3115
3116
3117
3118
3119
3120
3121
3122
3123
3124
3125
3126
3127
3128
3129
3130
3131
3132
3133
3134
3135
3136
3137
3138
3139
3140
3141
3142
3143
3144
3145
3146
3147
3148
3149
3150
3151
3152
3153
3154
3155
3156
3157
3158
3159
3160
3161
3162
3163
3164
3165
3166
3167
3168
3169
3170
3171
3172
3173
3174
3175
3176
3177
3178
3179
3180
3181
3182
3183
3184
3185
3186
3187
3188
3189
3190
3191
3192
3193
3194
3195
3196
3197
3198
3199
3200
3201
3202
3203
3204
3205
3206
3207
3208
3209
3210
3211
3212
3213
3214
3215
3216
3217
3218
3219
3220
3221
3222
3223
3224
3225
3226
3227
3228
3229
3230
3231
3232
3233
3234
3235
3236
3237
3238
3239
3240
3241
3242
3243
3244
3245
3246
3247
3248
3249
3250
3251
3252
3253
3254
3255
3256
3257
3258
3259
3260
3261
3262
3263
3264
3265
3266
3267
3268
3269
3270
3271
3272
3273
3274
3275
3276
3277
3278
3279
3280
3281
3282
3283
3284
3285
3286
3287
3288
3289
3290
3291
3292
3293
3294
3295
3296
3297
3298
3299
3300
3301
3302
3303
3304
3305
3306
3307
3308
3309
3310
3311
3312
3313
3314
3315
3316
3317
3318
3319
3320
3321
3322
3323
3324
3325
3326
3327
3328
3329
3330
3331
3332
3333
3334
3335
3336
3337
3338
3339
3340
3341
3342
3343
3344
3345
3346
3347
3348
3349
3350
3351
3352
3353
3354
3355
3356
3357
3358
3359
3360
3361
3362
3363
3364
3365
3366
3367
3368
3369
3370
3371
3372
3373
3374
3375
3376
3377
3378
3379
3380
3381
3382
3383
3384
3385
3386
3387
3388
3389
3390
3391
3392
3393
3394
3395
3396
3397
3398
3399
3400
3401
3402
3403
3404
3405
3406
3407
3408
3409
3410
3411
3412
3413
3414
3415
3416
3417
3418
3419
3420
3421
3422
3423
3424
3425
3426
3427
3428
3429
3430
3431
3432
3433
3434
3435
3436
3437
3438
3439
3440
3441
3442
3443
3444
3445
3446
3447
3448
3449
3450
3451
3452
3453
3454
3455
3456
3457
3458
3459
3460
3461
3462
3463
3464
3465
3466
3467
3468
3469
3470
3471
3472
3473
3474
3475
3476
3477
3478
3479
3480
3481
3482
3483
3484
3485
3486
3487
3488
3489
3490
3491
3492
3493
3494
3495
3496
3497
3498
3499
3500
3501
3502
3503
3504
3505
3506
3507
3508
3509
3510
3511
3512
3513
3514
3515
3516
3517
3518
3519
3520
3521
3522
3523
3524
3525
3526
3527
3528
3529
3530
3531
3532
3533
3534
3535
3536
3537
3538
3539
3540
3541
3542
3543
3544
3545
3546
3547
3548
3549
3550
3551
3552
3553
3554
3555
3556
3557
3558
3559
3560
3561
3562
3563
3564
3565
3566
3567
3568
3569
3570
3571
3572
3573
3574
3575
3576
3577
3578
3579
3580
3581
3582
3583
3584
3585
3586
3587
3588
3589
3590
3591
3592
3593
3594
3595
3596
3597
3598
3599
3600
3601
3602
3603
3604
3605
3606
3607
3608
3609
3610
3611
3612
3613
3614
3615
3616
3617
3618
3619
3620
3621
3622
3623
3624
3625
3626
3627
3628
3629
3630
3631
3632
3633
3634
3635
3636
3637
3638
3639
3640
3641
3642
3643
3644
3645
3646
3647
3648
3649
3650
3651
3652
3653
3654
3655
3656
3657
3658
3659
3660
3661
3662
3663
3664
3665
3666
3667
3668
3669
3670
3671
3672
3673
3674
3675
3676
3677
3678
3679
3680
3681
3682
3683
3684
3685
3686
3687
3688
3689
3690
3691
3692
3693
3694
3695
3696
3697
3698
3699
3700
3701
3702
3703
3704
3705
3706
3707
3708
3709
3710
3711
3712
3713
3714
3715
3716
3717
3718
3719
3720
3721
3722
3723
3724
3725
3726
3727
3728
3729
3730
3731
3732
3733
3734
3735
3736
3737
3738
3739
3740
3741
3742
3743
3744
3745
3746
3747
3748
3749
3750
3751
3752
3753
3754
3755
3756
3757
3758
3759
3760
3761
3762
3763
3764
3765
3766
3767
3768
3769
3770
3771
3772
3773
3774
3775
3776
3777
3778
3779
3780
3781
3782
3783
3784
3785
3786
3787
3788
3789
3790
3791
3792
3793
3794
3795
3796
3797
3798
3799
3800
3801
3802
3803
3804
3805
3806
3807
3808
3809
3810
3811
3812
3813
3814
3815
3816
3817
3818
3819
3820
3821
3822
3823
3824
3825
3826
3827
3828
3829
3830
3831
3832
3833
3834
3835
3836
3837
3838
3839
3840
3841
3842
3843
3844
3845
3846
3847
3848
3849
3850
3851
3852
3853
3854
3855
3856
3857
3858
3859
3860
3861
3862
3863
3864
3865
3866
3867
3868
3869
3870
3871
3872
3873
3874
3875
3876
3877
3878
3879
3880
3881
3882
3883
3884
3885
3886
3887
3888
3889
3890
3891
3892
3893
3894
3895
3896
3897
3898
3899
3900
3901
3902
3903
3904
3905
3906
3907
3908
3909
3910
3911
3912
3913
3914
3915
3916
3917
3918
3919
3920
3921
3922
3923
3924
3925
3926
3927
3928
3929
3930
3931
3932
3933
3934
3935
3936
3937
3938
3939
3940
3941
3942
3943
3944
3945
3946
3947
3948
3949
3950
3951
3952
3953
3954
3955
3956
3957
3958
3959
3960
3961
3962
3963
3964
3965
3966
3967
3968
3969
3970
3971
3972
3973
3974
3975
3976
3977
3978
3979
3980
3981
3982
3983
3984
3985
3986
3987
3988
3989
3990
3991
3992
3993
3994
3995
3996
3997
3998
3999
4000
4001
4002
4003
4004
4005
4006
4007
4008
4009
4010
4011
4012
4013
4014
4015
4016
4017
4018
4019
4020
4021
4022
4023
4024
4025
4026
4027
4028
4029
4030
4031
4032
4033
4034
4035
4036
4037
4038
4039
4040
4041
4042
4043
4044
4045
4046
4047
4048
4049
4050
4051
4052
4053
4054
4055
4056
4057
4058
4059
4060
4061
4062
4063
4064
4065
4066
4067
4068
4069
4070
4071
4072
4073
4074
4075
4076
4077
4078
4079
4080
4081
4082
4083
4084
4085
4086
4087
4088
4089
4090
4091
4092
4093
4094
4095
4096
4097
4098
4099
4100
4101
4102
4103
4104
4105
4106
4107
4108
4109
4110
4111
4112
4113
4114
4115
4116
4117
4118
4119
4120
4121
4122
4123
4124
4125
4126
4127
4128
4129
4130
4131
4132
4133
4134
4135
4136
4137
4138
4139
4140
4141
4142
4143
4144
4145
4146
4147
4148
4149
4150
4151
4152
4153
4154
4155
4156
4157
4158
4159
4160
4161
4162
4163
4164
4165
4166
4167
4168
4169
4170
4171
4172
4173
4174
4175
4176
4177
4178
4179
4180
4181
4182
4183
4184
4185
4186
4187
4188
4189
4190
4191
4192
4193
4194
4195
4196
4197
4198
4199
4200
4201
4202
4203
4204
4205
4206
4207
4208
4209
4210
4211
4212
4213
4214
4215
4216
4217
4218
4219
4220
4221
4222
4223
4224
4225
4226
4227
4228
4229
4230
4231
4232
4233
4234
4235
4236
4237
4238
4239
4240
4241
4242
4243
4244
4245
4246
4247
4248
4249
4250
4251
4252
4253
4254
4255
4256
4257
4258
4259
4260
4261
4262
4263
4264
4265
4266
4267
4268
4269
4270
4271
4272
4273
4274
4275
4276
4277
4278
4279
4280
4281
4282
4283
4284
4285
4286
4287
4288
4289
4290
4291
4292
4293
4294
4295
4296
4297
4298
4299
4300
4301
4302
4303
4304
4305
4306
4307
4308
4309
4310
4311
4312
4313
4314
4315
4316
4317
4318
4319
4320
4321
4322
4323
4324
4325
4326
4327
4328
4329
4330
4331
4332
4333
4334
4335
4336
4337
4338
4339
4340
4341
4342
4343
4344
4345
4346
4347
4348
4349
4350
4351
4352
4353
4354
4355
4356
4357
4358
4359
4360
4361
4362
4363
4364
4365
4366
4367
4368
4369
4370
4371
4372
4373
4374
4375
4376
4377
4378
4379
4380
4381
4382
4383
4384
4385
4386
4387
4388
4389
4390
4391
4392
4393
4394
4395
4396
4397
4398
4399
4400
4401
4402
4403
4404
4405
4406
4407
4408
4409
4410
4411
4412
4413
4414
4415
4416
4417
4418
4419
4420
4421
4422
4423
4424
4425
4426
4427
4428
4429
4430
4431
4432
4433
4434
4435
4436
4437
4438
4439
4440
4441
4442
4443
4444
4445
4446
4447
4448
4449
4450
4451
4452
4453
4454
4455
4456
4457
4458
4459
4460
4461
4462
4463
4464
4465
4466
4467
4468
4469
4470
4471
4472
4473
4474
4475
4476
4477
4478
4479
4480
4481
4482
4483
4484
4485
4486
4487
4488
4489
4490
4491
4492
4493
4494
4495
4496
4497
4498
4499
4500
4501
4502
4503
4504
4505
4506
4507
4508
4509
4510
4511
4512
4513
4514
4515
4516
4517
4518
4519
4520
4521
4522
4523
4524
4525
4526
4527
4528
4529
4530
4531
4532
4533
4534
4535
4536
4537
4538
4539
4540
4541
4542
4543
4544
4545
4546
4547
4548
4549
4550
4551
4552
4553
4554
4555
4556
4557
4558
4559
4560
4561
4562
4563
4564
4565
4566
4567
4568
4569
4570
4571
4572
4573
4574
4575
4576
4577
4578
4579
4580
4581
4582
4583
4584
4585
4586
4587
4588
4589
4590
4591
4592
4593
4594
4595
4596
4597
4598
4599
4600
4601
4602
4603
4604
4605
4606
4607
4608
4609
4610
4611
4612
4613
4614
4615
4616
4617
4618
4619
4620
4621
4622
4623
4624
4625
4626
4627
4628
4629
4630
4631
4632
4633
4634
4635
4636
4637
4638
4639
4640
4641
4642
4643
4644
4645
4646
4647
4648
4649
4650
4651
4652
4653
4654
4655
4656
4657
4658
4659
4660
4661
4662
4663
4664
4665
4666
4667
4668
4669
4670
4671
4672
4673
4674
4675
4676
4677
4678
4679
4680
4681
4682
4683
4684
4685
4686
4687
4688
4689
4690
4691
4692
4693
4694
4695
4696
4697
4698
4699
4700
4701
4702
4703
4704
4705
4706
4707
4708
4709
4710
4711
4712
4713
4714
4715
4716
4717
4718
4719
4720
4721
4722
4723
4724
4725
4726
4727
4728
4729
4730
4731
4732
4733
4734
4735
4736
4737
4738
4739
4740
4741
4742
4743
4744
4745
4746
4747
4748
4749
4750
4751
4752
4753
4754
4755
4756
4757
4758
4759
4760
4761
4762
4763
4764
4765
4766
4767
4768
4769
4770
4771
4772
4773
4774
4775
4776
4777
4778
4779
4780
4781
4782
4783
4784
4785
4786
4787
4788
4789
4790
4791
4792
4793
4794
4795
4796
4797
4798
4799
4800
4801
4802
4803
4804
4805
4806
4807
4808
4809
4810
4811
4812
4813
4814
4815
4816
4817
4818
4819
4820
4821
4822
4823
4824
4825
4826
4827
4828
4829
4830
4831
4832
4833
4834
4835
4836
4837
4838
4839
4840
4841
4842
4843
4844
4845
4846
4847
4848
4849
4850
4851
4852
4853
4854
4855
4856
4857
4858
4859
4860
4861
4862
4863
4864
4865
4866
4867
4868
4869
4870
4871
4872
4873
4874
4875
4876
4877
4878
4879
4880
4881
4882
4883
4884
4885
4886
4887
4888
4889
4890
4891
4892
4893
4894
4895
4896
4897
4898
4899
4900
4901
4902
4903
4904
4905
4906
4907
4908
4909
4910
4911
4912
4913
4914
4915
4916
4917
4918
4919
4920
4921
4922
4923
4924
4925
4926
4927
4928
4929
4930
4931
4932
4933
4934
4935
4936
4937
4938
4939
4940
4941
4942
4943
4944
4945
4946
4947
4948
4949
4950
4951
4952
4953
4954
4955
4956
4957
4958
4959
4960
4961
4962
4963
4964
4965
4966
4967
4968
4969
4970
4971
4972
4973
4974
4975
4976
4977
4978
4979
4980
4981
4982
4983
4984
4985
4986
4987
4988
4989
4990
4991
4992
4993
4994
4995
4996
4997
4998
4999
5000
5001
5002
5003
5004
5005
5006
5007
5008
5009
5010
5011
5012
5013
5014
5015
5016
5017
5018
5019
5020
5021
5022
5023
5024
5025
5026
5027
5028
5029
5030
5031
5032
5033
5034
5035
5036
5037
5038
5039
5040
5041
5042
5043
5044
5045
5046
5047
5048
5049
5050
5051
5052
5053
5054
5055
5056
5057
5058
5059
5060
5061
5062
5063
5064
5065
5066
5067
5068
5069
5070
5071
5072
5073
5074
5075
5076
5077
5078
5079
5080
5081
5082
5083
5084
5085
5086
5087
5088
5089
5090
5091
5092
5093
5094
5095
5096
5097
5098
5099
5100
5101
5102
5103
5104
5105
5106
5107
5108
5109
5110
5111
5112
5113
5114
5115
5116
5117
5118
5119
5120
5121
5122
5123
5124
5125
5126
5127
5128
5129
5130
5131
5132
5133
5134
5135
5136
5137
5138
5139
5140
5141
5142
5143
5144
5145
5146
5147
5148
5149
5150
5151
5152
5153
5154
5155
5156
5157
5158
5159
5160
5161
5162
5163
5164
5165
5166
5167
5168
5169
5170
5171
5172
5173
5174
5175
5176
5177
5178
5179
5180
5181
5182
5183
5184
5185
5186
5187
5188
5189
5190
5191
5192
5193
5194
5195
5196
5197
5198
5199
5200
5201
5202
5203
5204
5205
5206
5207
5208
5209
5210
5211
5212
5213
5214
5215
5216
5217
5218
5219
5220
5221
5222
5223
5224
5225
5226
5227
5228
5229
5230
5231
5232
5233
5234
5235
5236
5237
5238
5239
5240
5241
5242
5243
5244
5245
5246
5247
5248
5249
5250
5251
5252
5253
5254
5255
5256
5257
5258
5259
5260
5261
5262
5263
5264
5265
5266
5267
5268
5269
5270
5271
5272
5273
5274
5275
5276
5277
5278
5279
5280
5281
5282
5283
5284
5285
5286
5287
5288
5289
5290
5291
5292
5293
5294
5295
5296
5297
5298
5299
5300
5301
5302
5303
5304
5305
5306
5307
5308
5309
5310
5311
5312
5313
5314
5315
5316
5317
5318
5319
5320
5321
5322
5323
5324
5325
5326
5327
5328
5329
5330
5331
5332
5333
5334
5335
5336
5337
5338
5339
5340
5341
5342
5343
5344
5345
5346
5347
5348
5349
5350
5351
5352
5353
5354
5355
5356
5357
5358
5359
5360
5361
5362
5363
5364
5365
5366
5367
5368
5369
5370
5371
5372
5373
5374
5375
5376
5377
5378
5379
5380
5381
5382
5383
5384
5385
5386
5387
5388
5389
5390
5391
5392
5393
5394
5395
5396
5397
5398
5399
5400
5401
5402
5403
5404
5405
5406
5407
5408
5409
5410
5411
5412
5413
5414
5415
5416
5417
5418
5419
5420
5421
5422
5423
5424
5425
5426
5427
5428
5429
5430
5431
5432
5433
5434
5435
5436
5437
5438
5439
5440
5441
5442
5443
5444
5445
5446
5447
5448
5449
5450
5451
5452
5453
5454
5455
5456
5457
5458
5459
5460
5461
5462
5463
5464
5465
5466
5467
5468
5469
5470
5471
5472
5473
5474
5475
5476
5477
5478
5479
5480
5481
5482
5483
5484
5485
5486
5487
5488
5489
5490
5491
5492
5493
5494
5495
5496
5497
5498
5499
5500
5501
5502
5503
5504
5505
5506
5507
5508
5509
5510
5511
5512
5513
5514
5515
5516
5517
5518
5519
5520
5521
5522
5523
5524
5525
5526
5527
5528
5529
5530
5531
5532
5533
5534
5535
5536
5537
5538
5539
5540
5541
5542
5543
5544
5545
5546
5547
5548
5549
5550
5551
5552
5553
5554
5555
5556
5557
5558
5559
5560
5561
5562
5563
5564
5565
5566
5567
5568
5569
5570
5571
5572
5573
5574
5575
5576
5577
5578
5579
5580
5581
5582
5583
5584
5585
5586
5587
5588
5589
5590
5591
5592
5593
5594
5595
5596
5597
5598
5599
5600
5601
5602
5603
5604
5605
5606
5607
5608
5609
5610
5611
5612
5613
5614
5615
5616
5617
5618
5619
5620
5621
5622
5623
5624
5625
5626
5627
5628
5629
5630
5631
5632
5633
5634
5635
5636
5637
5638
5639
5640
5641
5642
5643
5644
5645
5646
5647
5648
5649
5650
5651
5652
5653
5654
5655
5656
5657
5658
5659
5660
5661
5662
5663
5664
5665
5666
5667
5668
5669
5670
5671
5672
5673
5674
5675
5676
5677
5678
5679
5680
5681
5682
5683
5684
5685
5686
5687
5688
5689
5690
5691
5692
5693
5694
5695
5696
5697
5698
5699
5700
5701
5702
5703
5704
5705
5706
5707
5708
5709
5710
5711
5712
5713
5714
5715
5716
5717
5718
5719
5720
5721
5722
5723
5724
5725
5726
5727
5728
5729
5730
5731
5732
5733
5734
5735
5736
5737
5738
5739
5740
5741
5742
5743
5744
5745
5746
5747
5748
5749
5750
5751
5752
5753
5754
5755
5756
5757
5758
5759
5760
5761
5762
5763
5764
5765
5766
5767
5768
5769
5770
5771
5772
5773
5774
5775
5776
5777
5778
5779
5780
5781
5782
5783
5784
5785
5786
5787
5788
5789
5790
5791
5792
5793
5794
5795
5796
5797
5798
5799
5800
5801
5802
5803
5804
5805
5806
5807
5808
5809
5810
5811
5812
5813
5814
5815
5816
5817
5818
5819
5820
5821
5822
5823
5824
5825
5826
5827
5828
5829
5830
5831
5832
5833
5834
5835
5836
5837
5838
5839
5840
5841
5842
5843
5844
5845
5846
5847
5848
5849
5850
5851
5852
5853
5854
5855
5856
5857
5858
5859
5860
5861
5862
5863
5864
5865
5866
5867
5868
5869
5870
5871
5872
5873
5874
5875
5876
5877
5878
5879
5880
5881
5882
5883
5884
5885
5886
5887
5888
5889
5890
5891
5892
5893
5894
5895
5896
5897
5898
5899
5900
5901
5902
5903
5904
5905
5906
5907
5908
5909
5910
5911
5912
5913
5914
5915
5916
5917
5918
5919
5920
5921
5922
5923
5924
5925
5926
5927
5928
5929
5930
5931
5932
5933
5934
5935
5936
5937
5938
5939
5940
5941
5942
5943
5944
5945
5946
5947
5948
5949
5950
5951
5952
5953
5954
5955
5956
5957
5958
5959
5960
5961
5962
5963
5964
5965
5966
5967
5968
5969
5970
5971
5972
5973
5974
5975
5976
5977
5978
5979
5980
5981
5982
5983
5984
5985
5986
5987
5988
5989
5990
5991
5992
5993
5994
5995
5996
5997
5998
5999
6000
6001
6002
6003
6004
6005
6006
6007
6008
6009
6010
6011
6012
6013
6014
6015
6016
6017
6018
6019
6020
6021
6022
6023
6024
6025
6026
6027
6028
6029
6030
6031
6032
6033
6034
6035
6036
6037
6038
6039
6040
6041
6042
6043
6044
6045
6046
6047
6048
6049
6050
6051
6052
6053
6054
6055
6056
6057
6058
6059
6060
6061
6062
6063
6064
6065
6066
6067
6068
6069
6070
6071
6072
6073
6074
6075
6076
6077
6078
6079
6080
6081
6082
6083
6084
6085
6086
6087
6088
6089
6090
6091
6092
6093
6094
6095
6096
6097
6098
6099
6100
6101
6102
6103
6104
6105
6106
6107
6108
6109
6110
6111
6112
6113
6114
6115
6116
6117
6118
6119
6120
6121
6122
6123
6124
6125
6126
6127
6128
6129
6130
6131
6132
6133
6134
6135
6136
6137
6138
6139
6140
6141
6142
6143
6144
6145
6146
6147
6148
6149
6150
6151
6152
6153
6154
6155
6156
6157
6158
6159
6160
6161
6162
6163
6164
6165
6166
6167
6168
6169
6170
6171
6172
6173
6174
6175
6176
6177
6178
6179
6180
6181
6182
6183
6184
6185
6186
6187
6188
6189
6190
6191
6192
6193
6194
6195
6196
6197
6198
6199
6200
6201
6202
6203
6204
6205
6206
6207
6208
6209
6210
6211
6212
6213
6214
6215
6216
6217
6218
6219
6220
6221
6222
6223
6224
6225
6226
6227
6228
6229
6230
6231
6232
6233
6234
6235
6236
6237
6238
6239
6240
6241
6242
6243
6244
6245
6246
6247
6248
6249
6250
6251
6252
6253
6254
6255
6256
6257
6258
6259
6260
6261
6262
6263
6264
6265
6266
6267
6268
6269
6270
6271
6272
6273
6274
6275
6276
6277
6278
6279
6280
6281
6282
6283
6284
6285
6286
6287
6288
6289
6290
6291
6292
6293
6294
6295
6296
6297
6298
6299
6300
6301
6302
6303
6304
6305
6306
6307
6308
6309
6310
6311
6312
6313
6314
6315
6316
6317
6318
6319
6320
6321
6322
6323
6324
6325
6326
6327
6328
6329
6330
6331
6332
6333
6334
6335
6336
6337
6338
6339
6340
6341
6342
6343
6344
6345
6346
6347
6348
6349
6350
6351
6352
6353
6354
6355
6356
6357
6358
6359
6360
6361
6362
6363
6364
6365
6366
6367
6368
6369
6370
6371
6372
6373
6374
6375
6376
6377
6378
6379
6380
6381
6382
6383
6384
6385
6386
6387
6388
6389
6390
6391
6392
6393
6394
6395
6396
6397
6398
6399
6400
6401
6402
6403
6404
6405
6406
6407
6408
6409
6410
6411
6412
6413
6414
6415
6416
6417
6418
6419
6420
6421
6422
6423
6424
6425
6426
6427
6428
6429
6430
6431
6432
6433
6434
6435
6436
6437
6438
6439
6440
6441
6442
6443
6444
6445
6446
6447
6448
6449
6450
6451
6452
6453
6454
6455
6456
6457
6458
6459
6460
6461
6462
6463
6464
6465
6466
6467
6468
6469
6470
6471
6472
6473
6474
6475
6476
6477
6478
6479
6480
6481
6482
6483
6484
6485
6486
6487
6488
6489
6490
6491
6492
6493
6494
6495
6496
6497
6498
6499
6500
6501
6502
6503
6504
6505
6506
6507
6508
6509
6510
6511
6512
6513
6514
6515
6516
6517
6518
6519
6520
6521
6522
6523
6524
6525
6526
6527
6528
6529
6530
6531
6532
6533
6534
6535
6536
6537
6538
6539
6540
6541
6542
6543
6544
6545
6546
6547
6548
6549
6550
6551
6552
6553
6554
6555
6556
6557
6558
6559
6560
6561
6562
6563
6564
6565
6566
6567
6568
6569
6570
6571
6572
6573
6574
6575
6576
6577
6578
6579
6580
6581
6582
6583
6584
6585
6586
6587
6588
6589
6590
6591
6592
6593
6594
6595
6596
6597
6598
6599
6600
6601
6602
6603
6604
6605
6606
6607
6608
6609
6610
6611
6612
6613
6614
6615
6616
6617
6618
6619
6620
6621
6622
6623
6624
6625
6626
6627
6628
6629
6630
6631
6632
6633
6634
6635
6636
6637
6638
6639
6640
6641
6642
6643
6644
6645
6646
6647
6648
6649
6650
6651
6652
6653
6654
6655
6656
6657
6658
6659
6660
6661
6662
6663
6664
6665
6666
6667
6668
6669
6670
6671
6672
6673
6674
6675
6676
6677
6678
6679
6680
6681
6682
6683
6684
6685
6686
6687
6688
6689
6690
6691
6692
6693
6694
6695
6696
6697
6698
6699
6700
6701
6702
6703
6704
6705
6706
6707
6708
6709
6710
6711
6712
6713
6714
6715
6716
6717
6718
6719
6720
6721
6722
6723
6724
6725
6726
6727
6728
6729
6730
6731
6732
6733
6734
6735
6736
6737
6738
6739
6740
6741
6742
6743
6744
6745
6746
6747
6748
6749
6750
6751
6752
6753
6754
6755
6756
6757
6758
6759
6760
6761
6762
6763
6764
6765
6766
6767
6768
6769
6770
6771
6772
6773
6774
6775
6776
6777
6778
6779
6780
6781
6782
6783
6784
6785
6786
6787
6788
6789
6790
6791
6792
6793
6794
6795
6796
6797
6798
6799
6800
6801
6802
6803
6804
6805
6806
6807
6808
6809
6810
6811
6812
6813
6814
6815
6816
6817
6818
6819
6820
6821
6822
6823
6824
6825
6826
6827
6828
6829
6830
6831
6832
6833
6834
6835
6836
6837
6838
6839
6840
6841
6842
6843
6844
6845
6846
6847
6848
6849
6850
6851
6852
6853
6854
6855
6856
6857
6858
6859
6860
6861
6862
6863
39.46611326442359 -0.2328754469566806 0
39.45125481132504 3.361025384933947 0
39.54965448817195 -3.847478425740325 0
39.46666422801115 6.891998275549373 0
39.49574993679924 -6.885585977658054 0
18.75 -17.8349364905389 0
18.5430010828217 17.62979720827101 0
11.32314361765611 -17.80529082466528 0
11.28662612314793 18.03311564026494 0
38.88490748218357 9.890135924963605 0
38.91279983541814 -9.733203492146394 0
-6.297946034838994 17.98420284851052 0
-6.25 -17.8349364905389 0
-17.5385575910668 6.13426487433058 0
-18.05017438145059 -6.241027770677197 0
3.634526279868793 17.90160527394098 0
3.742517750452977 -17.99753442260003 0
26.26858156731186 -17.54937505860944 0
26.42223276449251 17.67637778715507 0
39.49080955437114 1.569795638732519 0
39.58202406399811 -2.067350138599047 0
39.49298767615193 5.047256216763832 0
38.02201083165154 13.73417560403907 0
38.18140804625452 -13.54047962266597 0
39.48111358408951 -5.692005026190409 0
-11.25 -17.8349364905389 0
-18.04903923273828 11.22683004327515 0
-17.8349364905389 -1.25 0
31.24325206217418 17.6539446534364 0
-1.25 17.90475457960819 0
-1.157391129287305 -17.84995028231233 0
31.25 -17.8349364905389 0
-17.7058676033773 -11.26445112748676 0
-11.22181277659157 17.86966506264641 0
-16.12425371897751 -17.62497712714299 0
-17.8349364905389 16.25 0
36.23743852355604 -18.04688895012636 0
36.30688535487771 17.88908761765789 0
38.76485023605504 8.698387353659584 0
37.80285254084092 9.228818744453505 0
37.83827732974483 8.113868268416192 0
36.8494712697015 8.609453582565195 0
36.90419239452233 7.618718950704888 0
36.0502779005147 8.081233594374321 0
35.99380019281832 7.148517757711534 0
35.32038029290529 7.616224498958048 0
35.27662714888683 6.891975053690093 0
34.71780774546634 7.245699695360456 0
34.73268762901205 6.5875216899279 0
34.19861945168809 6.890285599352816 0
35.2201159956161 6.260554832339108 0
34.72409372050997 5.97328915597105 0
35.20716308577673 5.656901133582257 0
34.70886682697759 5.371201302718434 0
35.22753955409851 5.054948588680621 0
34.69777001053705 4.770786886144736 0
35.21579374700292 4.455178150490822 0
34.6819184279675 4.170978067825339 0
34.17066374717558 4.486427495698526 0
35.18949558170159 3.855576931383765 0
34.66292485187472 3.571252846117056 0
35.16992378656161 3.255870006517736 0
34.64441987033108 2.971532975323134 0
35.15470461377297 2.65605155325791 0
34.6267760691069 2.371790656027905 0
34.11649114768099 2.687271094903213 0
35.13720434177475 2.05630549279755 0
34.60889561405615 1.772056660929919 0
35.11928444433944 1.456572885010478 0
34.59090577908675 1.172326295273378 0
35.10127637936576 0.8568431242323074 0
34.57288301951779 0.5725970089871477 0
34.06252062967732 0.8880799114178132 0
34.04448807258806 0.2883509448577157 0
35.08324813236325 0.2571140178411483 0
34.71474406973307 7.86965873296647 0
35.61164625613243 0.5413599784693338 0
35.59361319354876 -0.05836897142865963 0
35.66561299225829 2.340551091227511 0
35.72339624271567 4.128860084088805 0
36.12201083159926 0.225877005029313 0
36.10397640835698 -0.3738519006310574 0
35.57557865546427 -0.6580978733564992 0
36.08594180522379 -0.973580800442842 0
35.55754402234928 -1.257826772193514 0
36.06790715627044 -1.573309698764738 0
35.53950936575916 -1.857555670267075 0
36.0498724957678 -2.173038596711064 0
35.52147470333163 -2.457284568150798 0
35.01111157472675 -2.141801641752484 0
34.99307691069998 -2.741530539584203 0
35.50344003946913 -3.057013465987843 0
34.97504224647302 -3.341259437409401 0
36.59630495021904 -1.289063727374132 0
36.67090631547156 6.804627265497937 0
36.63237421578664 -0.08960592967897191 0
36.65040888254621 0.5101229680639057 0
35.79839006854284 5.399044938620226 0
37.1607720542363 0.1946400402647146 0
37.17880672616587 0.7943689378394756 0
34.20638297374717 5.685435416883344 0
35.92446176689486 9.075115843935752 0
37.68916986330154 0.478886011163778 0
37.67113520033757 -0.1208428867025567 0
37.70720453033353 1.078614908897815 0
35.04718089533804 -0.9423438458470522 0
37.19684140206529 1.394097835285162 0
37.72523919786043 1.678343806615711 0
37.21487606888174 1.993826733026155 0
37.74327386237013 2.278072704431716 0
37.23291073368146 2.593555630832726 0
37.76130852686472 2.877801602248231 0
37.25094539814256 3.193284528650304 0
37.7793431912384 3.477530500068668 0
37.27206095735779 3.792920779768808 0
37.7978913380819 4.077243956772221 0
37.29069468461297 4.392631662952915 0
37.81611142667706 4.676967278633889 0
37.31575377293203 4.973907091136826 0
37.83534773240815 5.273619668855225 0
38.21756766089387 0.7631319824361344 0
38.2716716555632 2.562318675846884 0
38.32577564869203 4.361505369307919 0
37.26932626507001 5.567839847580514 0
37.86147542955646 5.855814948130236 0
36.7239886701423 2.90635969566746 0
36.68647827576348 1.709580761596827 0
36.79840268680076 4.686286934150812 0
38.36382733224498 5.557008386966467 0
38.38083970436669 6.156625560962093 0
37.77713576679729 6.484285194468786 0
38.35086964713075 6.78279598625528 0
38.89602010389353 5.859124486470907 0
37.65189692269013 10.61663393926273 0
36.08793805005316 6.422562859136859 0
36.58880147850924 6.189168709904759 0
37.33442261201218 6.974074566224843 0
39.15988438472113 -8.465067670398167 0
37.98015093268842 -8.768376985659748 0
37.63626771036288 -10.17696997728397 0
36.69132404790777 -9.011036056506571 0
37.11952351672001 -7.854609708057026 0
35.73651335086277 -8.313009833047847 0
35.48540537520881 -3.656742363811968 0
34.9570075821464 -3.940988335231357 0
34.44664445343716 -3.625505408829629 0
35.48242270585362 -9.402339484391842 0
34.84163419643458 -8.291032501420032 0
34.27632619665311 -9.385942212232198 0
33.34629070673903 -8.714179414140286 0
33.04546568187227 -9.767445865298249 0
32.21547244986895 -8.752642873189572 0
35.46737071086554 -4.256471261633398 0
35.99576850394708 -3.972225290214644 0
31.76458474706251 -9.968374386453389 0
30.99933981259624 -8.727260443774288 0
31.50216198497749 -7.85261876828463 0
33.53412541823412 0.603833855807605 0
30.18453746811608 -8.054133121712379 0
30.77205259557995 -7.197373515167294 0
33.51609118413906 0.004104943955108649 0
33.00572820619858 0.3195878654428176 0
32.98769363867147 -0.280141035535427 0
32.47733055122791 0.03534188952096182 0
32.45929590987826 -0.5643870090501386 0
31.94893279188043 -0.2489040829977716 0
31.96696745803409 0.3508248147646267 0
31.43856967339321 0.0665788430705183 0
31.45660433694567 0.6663077409177151 0
30.92820654513609 0.3820617694573196 0
30.94624120957986 0.9817906672754609 0
30.41784341682107 0.6975446958460193 0
30.43587808115818 1.297273593667643 0
29.90748028812635 1.013027622247102 0
29.93414365057064 1.612497043370321 0
29.88944562376652 0.4132987244261979 0
29.37908249505845 0.7287816508277294 0
29.36104783069261 0.1290527530070245 0
28.85157610061681 0.4428786178524319 0
28.83279860405317 -0.1554693953380183 0
28.32335163504979 0.1583104400197308 0
28.30445445996525 -0.4398150973136208 0
27.80676783656612 -0.1478971044728469 0
27.81192378018976 0.4757726343913111 0
27.77803460748315 -0.7277379526709634 0
27.26584393406661 -0.4118024816578975 0
27.24787878626604 -1.009206639040672 0
26.72239788757918 -0.6686471613948959 0
26.71667994626178 -1.288422847671101 0
26.20970983596977 -0.9792768963784245 0
26.19746980076751 -1.576439407286523 0
31.93089813313465 -0.8486329810016819 0
26.70102420092549 -1.891906001908488 0
26.18079739443247 -2.176366283357851 0
28.28661464207629 -1.039906204135571 0
26.22673040094898 -0.3769652798655917 0
30.45535086192353 1.896959245370356 0
29.95385611735086 2.212175487388382 0
29.86536958970097 -8.901935498506136 0
29.32004071359716 -7.858738405720116 0
26.68435136765546 -2.491670618067536 0
26.15618054642485 -2.77592254254291 0
25.59833340251123 -2.451040868543406 0
25.62619395039705 -3.060126842567039 0
25.04696519910443 -2.717622835017896 0
25.15770493635879 -3.247457167050852 0
26.12945940755174 -3.362978992170119 0
28.8072478778054 -8.899630274153083 0
34.42860978907643 -4.225234306650486 0
33.91824666036594 -3.909751380248691 0
28.21304801980049 -7.948399904196969 0
27.75134968068631 -8.898420818504626 0
27.22422722520828 -7.982884474133794 0
26.75466772868527 -8.78617192869349 0
26.10690431019311 -7.943771255325338 0
25.67490973342634 -8.91030055828621 0
25.07699217849975 -8.079829415051474 0
24.58378351213097 -8.935254993856203 0
23.9872959799279 -7.982251064911994 0
24.80621859248183 -3.108152757284263 0
23.51700682860794 -8.922122249423715 0
23.00232146643121 -7.978605857929259 0
22.47389972434998 -8.891390392537243 0
22.0253736396711 -7.971579759237046 0
22.47166852490632 -7.154815718031019 0
21.64736463282848 -7.205212653413575 0
21.15613067299128 -7.824884548299356 0
20.92448206382102 -7.111970980895007 0
21.3485745906612 -6.609952843385106 0
20.70634082557194 -6.511947134115919 0
20.29248744425181 -6.959801519026152 0
21.09384853889889 -6.038898330843684 0
20.49487081423094 -5.942194410249773 0
20.874115482347 -5.479667778272606 0
20.28253693936505 -5.380878610174133 0
20.65274091702006 -4.921825733836439 0
20.06372253506215 -4.822150920684553 0
20.4390278228795 -4.361174665068697 0
19.85129511031422 -4.261018306195055 0
20.22660485188021 -3.800035735292653 0
19.62646750457227 -3.601658205024874 0
19.26928108286354 -4.158723749886724 0
20.07964759725822 -3.327863412616537 0
19.46985162860268 -3.188101454179908 0
19.79687373846562 -2.864467951270063 0
20.53769107581145 -3.364102598698721 0
21.23156093300046 -5.040686220848334 0
33.90021199599931 -4.509480278069355 0
33.38984886728764 -4.193997351667509 0
33.37181420292013 -4.793726249488135 0
32.86145107420793 -4.478243323086272 0
28.69097520718608 -7.204065639270248 0
24.63644898078662 -7.301227145427824 0
32.87948573857596 -3.878514425265715 0
32.35108794549581 -4.162760396684407 0
23.0195620968463 -10.01457513633366 0
25.75379712135636 -1.302788195336225 0
35.97773383958509 -4.571954188035466 0
36.50613163266485 -4.287708216616667 0
26.657938393202 -7.141072061256691 0
28.22158007747756 -10.14354828930967 0
32.44126126278401 -1.164115907433888 0
31.91286347258271 -1.448361878946717 0
32.84341640984066 -5.077972220907091 0
21.74049635418494 -9.959874762835188 0
36.48809696829764 -4.887437114437303 0
35.95969917521742 -5.171683085856075 0
33.88217733163233 -5.109209175889672 0
37.01649476137806 -4.603191143018524 0
37.03452942574621 -4.003462245197909 0
31.98500212988999 0.9505537123410888 0
30.91017188097993 -0.2176671283702272 0
29.34303792739955 -0.4707221743013693 0
28.89728312012812 0.9983807636096824 0
33.93628132473454 -3.310022482428169 0
19.70274129830577 -5.281861652508999 0
22.40300030237981 -11.33482172293418 0
20.6758764674823 -11.288058117305 0
36.99846009701014 -5.202920040839144 0
32.64689547753591 -11.24176113599687 0
32.42322660193106 -1.763844805369111 0
31.89482880943663 -2.048090776807197 0
31.38446568082191 -1.732607850408725 0
31.36643101667392 -2.332336748236528 0
30.8560678880145 -2.016853821836624 0
30.83803322369209 -2.616582719658731 0
30.32767009499612 -2.301099793257648 0
30.30963543063856 -2.900828691078606 0
29.79927230193064 -2.585345764677136 0
29.78123763756523 -3.185074662497837 0
29.27087450885402 -2.869591736096262 0
29.25283984448675 -3.469320633916901 0
29.76320297319921 -3.784803560318516 0
29.23480518011929 -4.069049531737535 0
29.74516830883173 -4.384532458139151 0
28.72444205140697 -3.753566605335925 0
28.70640738703918 -4.353295503156549 0
28.19604425832684 -4.037812576754934 0
28.17800959395898 -4.637541474575559 0
28.68837272267136 -4.953024400977171 0
28.17620910672915 -5.211008014775954 0
27.65231749706843 -4.917410386391194 0
32.95162439511728 -1.479598833953583 0
37.52685789009049 -4.918674069420349 0
37.5088232257224 -5.518402967240982 0
21.6840158700113 -6.117193709048713 0
30.27356610191197 -4.100286486720135 0
30.25553143754421 -4.700015384540757 0
36.98042543264203 -5.80264893865975 0
28.21407892269468 -3.43808367893421 0
27.21161430148748 -2.207394881366531 0
33.55216016166148 1.203562751052919 0
37.49078856135425 -6.118131865061618 0
27.70123410827295 -5.574982463717043 0
27.13327445245715 -5.214214927463312 0
35.32734249503127 -7.56772639180447 0
25.20779427416881 -10.04151195716141 0
35.14137927418014 -10.78631405102285 0
21.52413406747754 -13.22419314920012 0
23.64272166910797 -13.0997416678536 0
28.69184628626103 -5.517959002197807 0
27.14170969564112 -4.606938594667316 0
26.61327112377506 -4.892019755199275 0
26.59522966294286 -5.491887851205399 0
26.08245308600592 -5.174796462430901 0
26.05723102259071 -5.756867712127751 0
25.55285739308444 -5.456099492495935 0
25.57189030732003 -4.858823045803614 0
25.04345923924418 -5.142987268851664 0
29.28890917322208 -2.269862838275646 0
30.34570475936673 -1.701370895437105 0
32.9335897315957 -2.079327731801783 0
33.46198752459172 -1.795081760380023 0
30.78392923062429 -4.415769413121632 0
30.76589456625652 -5.015498310942417 0
30.23749677317636 -5.299744282361393 0
31.87679414542276 -2.647819674639187 0
25.18784250880169 -2.245255366372415 0
30.74785990188875 -5.615227208762981 0
30.21946210880852 -5.899473180182003 0
31.27625769496891 -5.330981237344031 0
25.06169004499764 -4.543740241530518 0
24.53328408407551 -4.827966146597682 0
24.52458485550711 -5.412587373976836 0
24.01580896168529 -5.094663469859558 0
24.02477136809514 -4.509632068469164 0
23.50690677882504 -4.78833864820373 0
23.51496013248014 -4.195200300904002 0
23.50948856182008 -5.466738194647657 0
22.98420498499602 -4.48135669966232 0
23.01469969056534 -3.891072210529826 0
23.52064950032176 -3.476214290967546 0
23.04767308274596 -3.374912684796104 0
23.51712113724972 -3.048693575984708 0
22.59381422082676 -3.539952990400133 0
22.50751757861556 -3.101001700663055 0
22.23665607856007 -3.336307036363526 0
22.16780417321301 -2.904152781189796 0
22.93719424074998 -2.848178285063887 0
19.39042300425441 -13.16244327251801 0
18.60018052720863 -11.05007661275187 0
16.94067035265938 -12.8292904559273 0
16.53480903577627 -10.5156923901998 0
17.86818680526034 -9.454075379176299 0
15.63245269146175 -9.421028887859874 0
14.81531646875622 -10.37498016574868 0
14.46280728533545 -8.94591050900199 0
13.40487222383549 -10.02421919096996 0
13.22292330551297 -8.530768606519269 0
14.06266362539397 -7.909751807095533 0
12.85320634900511 -7.720921445721956 0
13.53447044897614 -6.999251880629362 0
12.24337310495599 -8.161158169360478 0
11.92452603207765 -7.317666515774215 0
11.34954484123535 -7.887799542218511 0
11.24750272265753 -7.123819629801803 0
10.66039286180124 -7.585148347670748 0
10.54954943951181 -6.800042713945062 0
10.023171849279 -7.28088808196213 0
9.894750485219109 -6.642081007504354 0
9.415210357001913 -7.031857936845143 0
9.353393574976723 -6.4145815294454 0
9.793962397127569 -6.046696899897289 0
9.26843789770987 -5.819546677516201 0
8.82119824604888 -6.185278813794691 0
9.724093131705152 -5.450407020120285 0
9.1854173972516 -5.225463870118771 0
9.641634182068238 -4.855693095943449 0
9.100210087150369 -4.63168483845125 0
9.572076860166355 -4.259459659384326 0
8.994230173453563 -3.944568293574034 0
9.541461245783527 -3.581963850941995 0
10.04485869605045 -3.872556940397382 0
10.02059013766679 -3.317045076432276 0
9.424654693556468 -3.127992090102907 0
9.813276321816637 -2.846315710624651 0
10.55564849501754 -3.527763712308142 0
8.542406876658353 -4.393691145908265 0
9.486180204618861 -7.688035197741622 0
11.79736382905912 -6.662669414659315 0
8.397018465413968 -3.726590161069638 0
7.97800051433414 -4.169391678492612 0
7.815831898570379 -3.544513135975963 0
7.420998263716196 -3.95157244546388 0
7.367615171938347 -3.444363459928269 0
6.953336784480729 -3.674021668460324 0
6.849489360586865 -3.219700509119198 0
6.473421808368295 -3.478746437445498 0
6.334981454544037 -3.042352508503686 0
6.65417657504706 -2.811945872855975 0
6.040522317608941 -3.31273158468995 0
5.912928739668339 -3.035997561845741 0
5.672619674590719 -3.185109941993409 0
5.564495376138781 -2.886710213489493 0
5.325360329821835 -3.106770581087543 0
5.289397521218405 -2.816300237290526 0
5.364456774546964 -3.523360562837656 0
4.968539104006441 -3.351642595749918 0
5.004880760977923 -3.854783863049831 0
5.506794282595742 -2.638564917324926 0
5.250767856429174 -2.557862248545052 0
5.446344198318247 -2.3916876083476 0
6.982161335923 -4.302153365372425 0
7.833708938607941 -3.079080662616626 0
16.79268304862458 -8.126722855726076 0
10.59747189521763 -4.093625293457041 0
11.03770557510113 -3.719304919453301 0
10.90531849159235 -3.082442136834811 0
11.37411204392835 -3.416330872240863 0
11.26153626731187 -2.898911041162342 0
11.54835568506006 -3.854794276849387 0
11.85965323397886 -3.358194689673817 0
12.10010258106267 -3.926270862620663 0
12.42503031201085 -3.449626213033138 0
12.67905582329553 -4.005638277808213 0
12.98589212081274 -3.531670184458501 0
12.79937596689689 -2.967718476919765 0
13.26768461429742 -4.06311950937578 0
13.63434636647814 -3.573975718044744 0
13.8721343533538 -4.124875371383245 0
14.23062107386746 -3.640408433209349 0
14.47228817061641 -4.186174766851794 0
14.83676767584207 -3.737794640480164 0
14.53888661541694 -3.150941574086288 0
15.09646053737829 -3.410434929830219 0
14.91027186933649 -2.8598695418983 0
15.34870416491671 -3.71772090843766 0
15.61413632866959 -3.266501800781265 0
15.8751190431225 -3.664538566566581 0
16.14522112506332 -3.329139314417856 0
15.85619282201086 -2.888011768419286 0
16.40450202342774 -3.667700110324083 0
16.76818515904384 -3.380174868775525 0
16.15565374715565 -4.227349521070858 0
16.70071952218465 -4.230925233560447 0
16.45179262995371 -4.748453283923237 0
17.04265262043835 -4.732065580148678 0
11.36247758731441 -8.864769730076571 0
12.91828267151944 -4.53546065893663 0
14.1153373811829 -4.673201299801192 0
8.846293438724734 -7.462536790941287 0
8.906109804687553 -8.196399937797368 0
8.056824749694949 -7.795246155424794 0
8.214029089457132 -8.794565768381242 0
7.250704256215709 -8.404808734703678 0
7.380002947975601 -9.551797053410468 0
6.344975828943358 -9.046926261139447 0
6.313871292696239 -7.900502816438287 0
5.337140259109464 -8.506733407826781 0
5.436606378433986 -9.830673076330232 0
4.279584022541203 -9.058818988493197 0
4.503728133612113 -7.880568942040338 0
3.54145892768237 -8.274478318309885 0
3.451713196456714 -7.363705947588461 0
2.743943301872257 -7.794963177774716 0
2.801566647415622 -7.044562003725602 0
2.143712079502365 -7.345496798502857 0
2.218946746150237 -6.687184532121172 0
1.603033606896179 -6.953466644609069 0
1.674881945514173 -6.330787118262286 0
1.501714405408713 -7.600616073878736 0
0.8947685348459462 -7.140932991681479 0
4.492774920846299 -3.613494822948662 0
0.8414478784694381 -7.915074336245192 0
0.2066684310730249 -7.465778759946426 0
0.1055408681232706 -8.282611027233818 0
-0.5210684849528331 -7.738230675541748 0
-0.3879076385336511 -7.035105076781318 0
-1.058233316634723 -7.24913610897431 0
-0.917010489277434 -6.610747539451026 0
-1.566746387439547 -6.807766439069121 0
-1.704740669882817 -7.432725264796594 0
-2.208074592242014 -6.998131440763477 0
-2.341619639328638 -7.661389728146643 0
-2.833997819759119 -7.189872191728164 0
-2.671724161756483 -6.556641180750855 0
-3.279007371398556 -6.722551942922299 0
-3.014103894593319 -7.897263801603113 0
3.248967905629511 -9.688698697048563 0
2.241735146275607 -6.067268565858475 0
1.71698322623017 -5.731255785290945 0
4.556644203411628 -4.217774279333208 0
-2.403551719772913 -8.488165599118066 0
-3.317711345928656 -8.804500110614628 0
4.013581418874224 -3.980862028472688 0
3.970742467618638 -3.442632963329727 0
3.541147796321173 -3.794697785981363 0
3.434923150906085 -3.161655114172968 0
3.077604196106895 -3.489223397800046 0
2.969457478199871 -3.003564382042728 0
3.289073940553028 -2.826798766158879 0
2.642587212099748 -3.303382280435188 0
2.582735024383846 -2.947158414076963 0
-2.503274285736868 -9.556459172681294 0
-3.666092562984675 -9.979460514140419 0
-4.585393852495434 -9.000849002202607 0
-4.978773962459108 -10.37342000055144 0
-5.937219528111097 -9.240969454801803 0
-1.441598672404142 -6.203619308581432 0
-0.8244889687027133 -5.999462777945944 0
-1.318591621376111 -5.611243198469706 0
-3.10301918379222 -6.122626721752248 0
-3.699765889002503 -6.27766181488748 0
-3.528604296153604 -5.69659262902292 0
-4.118252287396739 -5.845009303429762 0
-0.7701124582498142 -5.399694812593014 0
-1.22184926010396 -5.018493122142338 0
-0.6779728328766303 -4.806649959588785 0
-1.110464486987883 -4.428836188104995 0
-0.5657605582423457 -4.201608756098734 0
-1.005870823441477 -3.838851824958094 0
0.09772815303675131 -0.5217221189868395 0
0.220386145903543 -0.4824963833694655 0
0.3259466406168894 -0.4196741609498338 0
-0.03259436557789464 -0.5280152639939562 0
-0.518127721577736 -3.570455168841497 0
-0.9260544649441034 -3.377101828581461 0
-0.2363919181659213 -0.4784348228189411 0
-1.322848332519067 -3.431328651112589 0
-1.325589435189563 -2.983426771568408 0
-0.4153576058948527 -3.114581576727472 0
-0.05764760967057647 -3.400837356108498 0
-0.008514084894549967 -2.974801990055285 0
-0.2996958837079937 -2.814120613688921 0
-0.1595869207519787 -0.5090897046601018 0
-0.306532962695254 -0.4361728430719063 0
0.2641821992749218 -3.111315156250654 0
0.3269352548343658 -2.877871900869979 0
0.5968309273736221 -3.081636705103975 0
0.6008114562889624 -2.787993584903513 0
0.400293472237955 -2.62606677099948 0
0.6362448453159271 -2.533620017184933 0
0.4394190974578756 -2.377957846322304 0
0.6722348565970684 -2.285955867039495 0
0.476686570198197 -2.130786236464362 0
0.7092295609108294 -2.03920762713573 0
0.5069430227672687 -1.882958256780537 0
0.7384109534871275 -1.791147497704448 0
0.9405384072535092 -1.947465539826974 0
0.9798974022686409 -1.707090800718422 0
0.4609909767909866 -0.2647127539570867 0
1.17438051798427 -1.857020135114455 0
1.214724510868036 -1.618282879591255 0
1.407536442511121 -1.765997102253833 0
1.445046355229463 -1.520267505753956 0
1.639827128928879 -1.673343226143911 0
1.676631537338277 -1.425918600226963 0
1.482652588612488 -1.242424819881181 0
1.727547326922867 -1.172723343016825 0
0.5277839364893939 -0.0634397865370596 0
1.908941279181729 -1.333501601491512 0
1.948178712379299 -1.085360703827408 0
2.141905709060755 -1.241635100308213 0
2.178822408092773 -0.9943417035569673 0
1.982642063864885 -0.8389632366125739 0
2.215286011406763 -0.7472137712696587 0
2.411015101769129 -0.9027570300582074 0
2.44780317810071 -0.6555106045877224 0
2.643511138321754 -0.8110615798197706 0
2.671786693025041 -0.5745710735500563 0
2.874635456725484 -0.721141606065436 0
2.888736751367496 -0.4492023282776643 0
2.019505349174054 -0.5916893458347232 0
0.527241601928937 0.1081239915227281 0
5.214668615987721 -2.307824708213089 0
5.395546956606895 -2.144648305457395 0
5.168203290381076 -2.061491726119238 0
5.347261170897056 -1.898889173599834 0
3.104358912674089 -0.6241126760193271 0
3.145475012546687 -0.3803571600501452 0
5.110727242536294 -1.817812383879137 0
5.297578661710483 -1.653771598642469 0
5.533820043228783 -1.734822218083189 0
5.485423409695843 -1.489542610987349 0
3.340480258686294 -0.5353195160987296 0
3.377923110407187 -0.2885383428912661 0
3.186225412798682 -0.1336643380489821 0
3.415522247297057 -0.04144655539686724 0
3.573619559155985 -0.4440700430438242 0
3.536765875373404 -0.6913365143208714 0
5.248863517932327 -1.408537478263993 0
5.434844840438604 -1.25103878294204 0
5.673278838213547 -1.326386741993069 0
5.61460908431479 -1.052437229446362 0
2.838973825434845 -0.9669145494029415 0
5.197921280339581 -1.171162985685462 0
4.905080303299754 -2.016373658464148 0
0.830146929229171 -2.675958262850584 0
0.7669120950872657 -1.581693719842761 0
0.2809689353772526 -1.975538671030032 0
3.769461859227053 -0.5997218810391585 0
3.732597993096286 -0.8469799651084193 0
0.5322095693471631 0.02131067015878356 0
0.4162832954820086 -0.3314719244744341 0
0.5084915584287835 -0.1472108998548672 0
1.602778854399412 -1.920074884486998 0
0.5239882418680644 -3.424322088519689 0
3.965183902887329 -0.7552746637393595 0
4.002037515238028 -0.5080081336238222 0
3.928334484923333 -1.002544648774344 0
3.695768057583239 -1.094265997852762 0
3.891487664449441 -1.249816773363863 0
3.658921670024365 -1.341538479034703 0
3.854638534882929 -1.49708699595207 0
3.622072155609082 -1.58880838462269 0
3.817788499324911 -1.744356472274399 0
4.19775522367857 -0.6635573454003026 0
4.234606404529305 -0.4162888124564327 0
-6.414566823926492 -10.75512065329307 0
-7.414489210741198 -9.639421812470323 0
-6.910897338074861 -8.216866314720965 0
-8.320947481772954 -8.557328795199979 0
-7.913246380361851 -7.309748126619217 0
-8.931697341551125 -10.06070034873006 0
-9.227917025041418 -7.570529809695093 0
-8.900442165605142 -6.142675173048109 0
0.3091251776438 -1.733874883269002 0
0.09521346329084146 -1.823421378050927 0
0.1239201084562609 -1.598258010589308 0
-0.07555729648753839 -1.677856609974052 0
-0.04746533812017795 -1.470862813244208 0
-0.2317670123134334 -1.545910043242374 0
0.1341683796726727 -1.397488488988766 0
-0.2088044108989333 -1.352259101224128 0
-0.3806041178200879 -1.434967816155652 0
-0.4171657779052644 -1.626509968730721 0
-0.5655027667384402 -1.490810681640747 0
-0.4285852613249759 -0.3157403506463184 0
-0.5099440263725867 -1.3038578465441 0
-0.6971520518394971 -1.355595413257096 0
-0.6637405418845539 -1.182819327696792 0
-0.7943490469689305 -1.239689907719017 0
-0.7977706054641587 -1.531420748658128 0
-0.5150114562673949 -1.130437040126051 0
-0.6395955732076821 -1.02679369965887 0
-0.4744184674275616 -0.2437204722003316 0
-0.4909802058752319 -0.9827677942885907 0
-0.5849201036295177 -0.8974336732955962 0
-0.4706180733938954 -0.8640440958292209 0
-0.544143655665664 -0.7779722159896362 0
-0.6622293979854064 -0.8143408324933203 0
-0.6312731109409775 -0.7137850873659171 0
-0.7396288346308459 -0.7371742255350423 0
-0.3849513989455957 -0.9358429520791565 0
-0.3691846470073195 -0.8277635889397396 0
-0.2932182465916586 -0.8874343694131508 0
-0.5404438052324547 -0.6772786881263057 0
-0.6046108010120861 -0.6239878510676145 0
-0.2853901931097784 -0.7878999990885562 0
-0.2126036608631576 -0.8474441547107701 0
2.484625635679191 -0.4082516235481574 0
1.78305319350248 -0.6714639180573285 0
1.829795567202181 -0.4296387803653135 0
1.599418783332428 -0.5094889503066959 0
1.644304377460312 -0.2890106543712265 0
1.438685747348233 -0.3803643520776286 0
1.440397046662769 -0.1768100218621747 0
3.224502802787271 0.1133904888662499 0
3.452735263337857 0.2057573352977045 0
1.650203582938483 -0.09015363953093609 0
0.4624934103706302 0.2619372513717612 0
1.485986278928927 0.02297872514688715 0
1.666053315734057 0.1073716572430006 0
1.50626554114244 0.2273610537713797 0
1.709355612022609 0.3051808147895474 0
1.525375013851388 0.4335799683386837 0
0.357779058967143 0.3960112188234036 0
1.741446244158817 0.5090018287581649 0
1.542442481032912 0.6498843606244969 0
1.755775836692033 0.7357753444851853 0
1.561628263573082 0.8724504396918411 0
1.774867634015141 0.9786063388952357 0
1.577600053620365 1.113034065678483 0
0.216564654136592 0.4881526116812596 0
1.361182139208063 0.7689925000771554 0
1.344247802536902 0.3428923816009114 0
1.976252837906145 0.8311020322088215 0
1.321978666472447 -0.02321472584994283 0
0.2912564202553192 0.4464077717418237 0
0.4184506810004347 0.3385351964967392 0
0.5017449570571966 0.1925326876751284 0
2.10472378326924 -1.489025354306972 0
5.011767624309245 -1.328867298354753 0
5.63371863621382 -2.225719955482818 0
5.025170187325831 -2.434272785582206 0
3.585221969052476 -1.836077736567373 0
3.780938200744755 -1.9916257319452 0
3.389505781568356 -1.68052977760383 0
-0.199432764566744 -0.7678215391857044 0
-0.1351471886215414 -0.8175005913019691 0
-0.1497233288279318 -0.9001619857927672 0
-0.06739652341480173 -0.8641731618017954 0
3.367459912706627 -6.620811278969367 0
1.868624921391802 0.1868606895384496 0
4.430322985183231 -0.57183709527424 0
4.467173572819533 -0.3245680736991992 0
4.271457568886901 -0.1690202659271546 0
4.504024126379572 -0.07729902405551567 0
-0.06179171576755316 -0.7892438271209745 0
0.005968095740861656 -0.8296294488654059 0
0.009742196619846766 -0.9132558876190049 0
0.07544270798013919 -0.8684236835423588 0
0.07434101604814813 -0.7867566752008279 0
0.1425535351471225 -0.8266774200957291 0
0.1470646175523758 -0.9081727411866864 0
0.2190503991403503 -0.8636327949667352 0
0.2192588843838053 -0.7858139780668922 0
0.2911983801913731 -0.8145560398823536 0
0.2958080711823428 -0.9013906182012292 0
0.3689270813277759 -0.8501840593627472 0
0.3597930547876373 -0.7628297202181231 0
0.4365311310851343 -0.7945292835238406 0
0.4240647128046326 -0.7137985141745125 0
0.502562432695921 -0.7429306389365924 0
0.4861938891551283 -0.6562994001790244 0
0.5707187275226744 -0.6855909224476591 0
0.5838201181743852 -0.7817362290314085 0
0.6563146374516293 -0.7193215973447423 0
0.6415435723370422 -0.6267641146112424 0
0.7286872447375892 -0.6568689083430905 0
0.7010263924885543 -0.5539105521206539 0
0.7644001946671217 -0.7507828701247399 0
0.7963908406047331 -0.5873354596483032 0
0.776020727767067 -0.4970560622655682 0
0.3831758963013101 -0.9453941007263404 0
1.39704213664249 -0.5709439319689504 0
0.7007744777858456 -0.4620286660152804 0
0.7613940614501793 -0.4088182514259633 0
0.841924352732196 -0.4341988168085062 0
0.8181925368384757 -0.3494311809195758 0
0.728880341697824 -0.332606767992142 0
0.7831458008597796 -0.2677841751944777 0
0.871700404152115 -0.2862545379293389 0
0.843463050248717 -0.2063847771952622 0
4.661542796784814 -0.4767005152441844 0
0.7744529934861362 -0.1910075228827815 0
0.8174616669925676 -0.1307097743698795 0
-0.255147923969302 -0.7175813602207547 0
-1.616680559997974 -4.602834352205096 0
-0.5247831301582622 -0.5982374396126123 0
-0.5716175592999093 -0.5371871237142505 0
-0.6555874206636396 -0.5615941205640734 0
-0.6299405523852091 -0.4866005720363222 0
-0.7060681050616218 -0.5029524526222753 0
-0.5256822084491581 -0.08258945279120805 0
-0.5053203589340569 -0.1643767721887458 0
-0.1166257024109747 -1.910409343591752 0
5.104815544066634 -4.439901183713703 0
3.352655445628342 -1.927799006501291 0
3.156939238833306 -1.77225103163133 0
3.120088854325271 -2.019520220523278 0
-10.43702987830112 -6.579669238499365 0
-9.878969880428684 -4.972466968946702 0
-8.259577399305044 -4.746376763298846 0
-9.231478932182831 -3.549862742421654 0
-7.582852419909994 -3.275355477463426 0
-8.400146982839317 -2.152795010921952 0
-7.38471580167586 -2.224083845907588 0
-8.010826693279554 -1.052551736663494 0
-6.990277457585105 -1.050713863530526 0
-7.408652747855477 -0.2544977878959853 0
-6.491558745520056 0.04786601452367398 0
-6.986862101487912 0.7377651947172384 0
-6.17534288388493 0.6430037436643111 0
-6.726244123585307 1.473363974524864 0
-5.958462354630877 1.511079658958038 0
-6.391710335136104 2.05908138802857 0
-5.743647640193394 2.119293879624939 0
-5.380851700405172 1.676045565953717 0
-6.107033753343256 2.65691196849155 0
-5.532201246299197 2.660958135726044 0
-6.821138514407725 2.610895328956351 0
-6.490112605717432 3.241905033425598 0
-8.11453175667512 0.6421731510358388 0
-6.019392229471329 -0.8720552127771415 0
-3.945764255654971 -5.264664875151626 0
-7.274238760324238 3.236030704467855 0
-6.774903192731227 4.036927631755108 0
-7.833487149746958 3.968367438625967 0
-7.357790071002754 4.824150870657857 0
-6.461713614771604 4.905543271551368 0
-6.896318729677855 5.630975417980032 0
-6.120440196811725 5.622738769451122 0
-6.479301130792578 6.259238376160295 0
-5.788134947032468 6.244541534763464 0
-5.460190473650602 5.680395045226589 0
-7.173935637439865 6.296726826102111 0
-6.102572428692334 6.82529262719655 0
-5.447677701542009 6.792918950119426 0
-8.45806128469609 4.810824284863792 0
-10.01207401753052 -2.311284386528655 0
-4.532678571719744 -5.410963323723625 0
-4.365619325270185 -4.835967434936116 0
-3.756257487978861 -4.692611648550533 0
-4.191770886898048 -4.260226241919916 0
-3.58736177886958 -4.121034327642922 0
-4.023593071697334 -3.683715056959349 0
-3.46118006091571 -3.536266054244939 0
-3.857355250827002 -3.116433389150938 0
-3.325574091141641 -3.066577330218732 0
-3.605394406105678 -2.59722818534872 0
-3.214104278529188 -2.439819850068103 0
-3.394556848348147 -2.14533662061212 0
-3.072140099299091 -1.962481997130509 0
-3.374079755746338 -1.712203998642686 0
-3.10185886368788 -1.529084372448844 0
-2.792964903954143 -1.795293062017835 0
-3.299284362062178 -1.278770386699107 0
-3.034034525761493 -1.131182050768578 0
-3.199294760868771 -0.9115406653731032 0
-2.909036420967841 -0.7770984235913205 0
-2.707032344454877 -0.9419241660744166 0
-3.144519482705352 -0.5697336002377998 0
-2.84838943851393 -0.4851054688356168 0
-0.5301038641982192 0.08620099655162212 0
-3.059084525904144 -0.2760930627659357 0
-2.788708996323908 -0.2117762368528296 0
-2.965383914707164 -0.01521099202485873 0
-2.715978917928751 0.03418503816025097 0
-2.877093495220615 0.2273827982933027 0
-2.634259249994301 0.26308738745618 0
-0.4724756273416837 0.2470483768035014 0
-2.792415478268119 0.4622491980363614 0
-2.54586979713212 0.4982124668749975 0
-2.706827451004836 0.6972525662299845 0
-2.464552926278955 0.7424907313338469 0
-0.1152327893861518 0.5219389170081099 0
-0.2704789644182135 0.458542708198512 0
0.0116002506621129 0.5307678918186206 0
-0.3699098678021393 0.3787124234179874 0
-2.622103293387379 0.9339505314831764 0
-2.380152219347746 0.9793685100354336 0
-2.537382744443953 1.169479179006339 0
-2.291319401574862 1.213400051240213 0
-2.451729348844406 1.404454645680004 0
-2.205510535266175 1.448283329550366 0
-2.366424478402777 1.63947987912582 0
-2.12026374863578 1.683316860725184 0
-2.280565226242665 1.870574482003108 0
-2.046743405665651 1.921964600698809 0
-2.196157825366775 2.109606320976189 0
-1.964082316756855 2.160471542618915 0
-2.11106607937946 2.344679489936073 0
-1.867670519450082 2.391872735334803 0
-2.026429274914152 2.580310704661979 0
-1.780379889440152 2.624248683092273 0
-1.619606163193449 2.435590689192325 0
-1.533944126444389 2.668087985675334 0
-1.694757378343994 2.858670798658472 0
-1.448668871145355 2.902623333656785 0
-1.287641525048665 2.71141306286548 0
-1.196823740018285 2.951196589234483 0
-1.394681388378686 3.17146421213919 0
-1.008433909234984 3.206479042948239 0
-1.327095275422771 3.5503533289821 0
-0.8471999931162433 3.635530663162857 0
-1.040533430254195 2.755959432195195 0
-1.870410654337892 1.750475292679248 0
-2.305418416746978 0.5317218542151096 0
-2.5366129968375 -0.1735283626181144 0
-2.268501842207174 2.539094173932994 0
-2.527374780420651 1.83068818122966 0
-2.782874007524079 1.125448090184596 0
-3.102279351585672 0.3951014102834101 0
-3.378562040025622 -0.3284771022945107 0
0.0962053919704271 0.5231758159707246 0
-0.507237052194963 0.1670442893160343 0
-0.1963382320415707 0.4940478363886526 0
-0.4287826621169035 0.317115888799835 0
-4.161777139219504 -2.661562185764669 0
-2.845527073594656 -2.756785764942083 0
-4.576039107232633 -3.839863139364768 0
-1.126415701793061 2.520218103421645 0
-0.880258432701746 2.564068614009827 0
-0.9655317800617436 2.32883117498931 0
-0.7193763041052907 2.372703524135367 0
-0.8045858895903315 2.138127448991029 0
-0.5583826588781431 2.181539922718402 0
-0.6431024120719773 1.947394265883417 0
-0.4061782278070503 1.993625671854771 0
-0.3137225878501617 2.225875901347472 0
-0.1598320115130711 2.039633324697147 0
-0.06780473392251096 2.270163153794465 0
-0.4741971746469531 1.737614799622424 0
0.09519287100019191 2.080691777451822 0
0.1797691948583005 2.313617418529835 0
0.3280189890392133 2.127038934220786 0
0.4239193420356031 2.357814302648976 0
1.796982974858473 1.225324364855233 0
0.2559442363425095 1.886681492925401 0
1.591446226324218 1.365974017111976 0
1.815524576789562 1.475123484981096 0
-0.7217071896928182 1.712592370011277 0
-0.5835254189139167 1.523821782470488 0
-0.7948328068861308 1.494402727944668 0
-0.6509470724128565 1.316198154098743 0
-0.4710087678010204 1.365594779121512 0
-0.8581000964829038 1.295806159194901 0
-0.7455745869418511 1.144996271415698 0
-0.9179546440878372 1.124086867747338 0
-0.8103498054298939 0.9954267734768838 0
-0.9745870409897694 0.9719125348268478 0
-0.8539382338877939 0.8432498656126106 0
-1.024718383871338 0.8225216124557939 0
-0.926448453216171 0.7048217424107359 0
-1.06889938484362 0.6775602085278658 0
-0.9611741650818661 0.5644859873846214 0
-1.117061365490599 0.5474869965977456 0
-1.02890640647394 0.4411300817002894 0
-1.165073032651549 0.4148121417221059 0
-1.060803221521986 0.3073053784956815 0
-1.211409189987382 0.2875008591979932 0
-1.107616954277674 0.1729910945494704 0
-1.261066443966635 0.1577241558606392 0
-1.173949431895679 0.05114406745636732 0
-1.316133087550384 0.02625959631187508 0
-1.224623302694031 -0.08443832596471526 0
-1.373361290415392 -0.1121423862703372 0
-0.6457612520821367 1.01032085198882 0
-1.191208393032571 0.7972125629714922 0
-1.275226503095638 -0.2303929858417487 0
-1.433936620511975 -0.2603726679647904 0
-1.326512936029889 -0.39276821625838 0
-1.500933854784609 -0.421088241832364 0
-1.099883525168057 -0.05234549569110121 0
-0.7938401591531061 0.7162736788361412 0
-1.324646065519957 0.4041601812909317 0
0.5879887881050134 2.154391542287508 0
0.6720228057834472 2.398969198548366 0
0.5108130546582288 2.591781477922461 0
0.7573446833651953 2.635745970607688 0
0.9183397911731994 2.444233838600517 0
1.003463499881896 2.679543619101989 0
-0.99608308003174 0.205835802440236 0
-0.9121445046003789 0.4533393603901235 0
-1.52844703666193 -0.1267004994233875 0
-1.383032265792624 -0.5643038494065493 0
-1.574614473092019 -0.5967163980229562 0
1.378005921336399 1.216227074254737 0
-1.450155416813733 -0.7421616517130528 0
-1.657887528161964 -0.7893321327115373 0
-1.511981977614337 -0.955123609297734 0
-1.755743271269374 -1.000171624175003 0
-1.608379883206808 -1.18670260521092 0
2.021766876873876 1.333565863841941 0
2.04106741037032 1.582882811216892 0
2.24722326670282 1.441401902061771 0
2.266672093460548 1.690655746276198 0
3.258528223246976 0.3610785185071065 0
3.489175264315662 0.4530854436465757 0
3.294839388380949 0.6084273297983571 0
3.525867386895348 0.700377718546225 0
1.1644958975316 2.48830753389334 0
1.250256608030822 2.71969247612294 0
1.410737572656812 2.531574606480714 0
1.496512544617174 2.762825111592741 0
3.030279196909815 0.2996148213196121 0
-2.055525633758133 1.236866052442559 0
-1.045204587697764 1.259576682812241 0
-1.847325543391477 -1.230219701789145 0
-1.677143107045076 -1.424142055069664 0
0.02037578076765811 2.494799002365386 0
-2.186484003345289 2.77160494565417 0
-2.439658977676366 2.720906543605413 0
-2.342688995229746 2.966624400363065 0
-2.616068321170411 2.908343441053488 0
-2.533860731194444 3.135408970957584 0
-2.80205491292738 3.126552840763468 0
-2.71118346635412 3.456854535250755 0
-2.880396777724405 2.840435323085 0
-3.05652235026885 3.012580091849018 0
-3.165805445196668 2.759980696106244 0
-3.390369077137088 3.089830543252252 0
-4.945542851347257 -4.973845120887104 0
1.078209612113886 2.260011155817619 0
-5.112208257266015 -5.564496634108129 0
-4.282980628935194 -6.426727982849759 0
-3.543099996385561 2.637336567025103 0
-3.788098273244476 -1.412085553425183 0
8.562537023182013 -9.993790358021652 0
2.060493157502565 1.832148126141651 0
2.286126590145454 1.939905217668654 0
2.492255050597266 1.798419892883888 0
2.511723157054601 2.047663441278865 0
3.334459065518309 0.844939680642642 0
3.563152948409245 0.9458579444631761 0
3.758223694663116 0.7918428187542276 0
3.788305780331191 1.030597279322552 0
3.366577366596187 1.10325793458652 0
3.097160384518248 0.7642675368345864 0
-0.9368753999362642 1.692133251153678 0
-1.923446459644282 -1.468174605273083 0
-1.760122274926553 -1.659855932002676 0
11.74601948166597 -4.380775340344453 0
0.2974723094172926 -1.001353472162518 0
0.3875379589584433 -1.060962204025608 0
-1.869792796577496 -0.7782928508652712 0
-0.5003629012919859 -0.5313433550663036 0
-0.3738468647438626 -0.3813551408250843 0
-0.4550048297105675 -0.5756660956922451 0
-8.966819790380374 3.394759812317959 0
-9.885772469944872 4.773058913584068 0
-10.5882090322494 3.220086783784335 0
0.8949946230261805 -0.1407399475119548 0
0.8631306006478496 -0.06580497791521353 0
0.7892997893684495 -0.06234942449146956 0
0.8173450042812735 0.006931861874022324 0
0.9085452947660357 0.00223410818563612 0
0.8693498327219054 0.07524351148675797 0
0.7889725093872819 0.08107345014125582 0
0.8317060338380688 0.1454320020765847 0
0.7571201375087391 0.1464306202541353 0
0.794748482763012 0.2127819461429518 0
0.872431971648929 0.2230974156493133 0
0.8297587394848929 0.2859658776214764 0
0.7431938299301901 0.273808059022574 0
0.7869186503077241 0.3497288510590543 0
0.7101904801695706 0.3446129139971084 0
0.7450420208867339 0.4148470314934417 0
0.6606210738483309 0.4026175314606806 0
0.7033729344063175 0.4788774071492293 0
0.628157546183715 0.4735978557100867 0
0.6630379497433836 0.5433506292456485 0
0.5796292236803566 0.5332591073062721 0
0.6203084362256774 0.6078109747788069 0
0.5452951294893911 0.6028427896629494 0
0.5795346607024303 0.675903536993012 0
0.4935235375269418 0.6644965856198258 0
0.5355614724699009 0.7460245698921383 0
0.4545104158899953 0.7401635897149592 0
0.4953969392037418 0.8200064668536617 0
0.3947160644204271 0.8038550172664567 0
0.4417517382186098 0.9014400693244802 0
0.3418865506453752 0.8956631951967073 0
0.6212012988662714 0.7535171283843407 0
0.3894403200087204 0.9917519012828749 0
0.5071177734076908 0.9942224920222686 0
0.2842732898353617 0.983540755986458 0
0.2415959510775849 0.8780402365119085 0
0.1827323634757896 0.9722908366416514 0
0.1405575580508085 0.8844578040602756 0
0.08435389936648008 0.9645251972699349 0
0.0463498601058312 0.8803097529887364 0
0.1192410316201968 1.055727704816691 0
0.7425004224148477 0.5492058694137786 0
-0.00853409590987475 0.9558935397281578 0
-0.04490067818809429 0.8635031215042139 0
-0.1008174544634475 0.9468865877361549 0
-0.1364689388687275 0.8655468691415497 0
0.4394896695011283 1.101217231500497 0
0.574977957092548 1.102322311218338 0
0.8680409088795553 0.3606526086620816 0
0.9588904254431192 0.07320513384644367 0
0.1797116597305983 0.8114835281199284 0
-0.1972398949780629 0.9408379668647529 0
-0.2315728180263985 0.8557509513636168 0
0.4119147318596923 0.6705332279305507 0
-0.0960776973872477 0.8028700267395911 0
-0.1542520712262672 1.031838447719504 0
0.4940748337836141 1.228167658930958 0
0.6448717021338144 1.22854297133773 0
0.7315463271725324 1.071396246658103 0
7.476988195780209 -10.98083642564231 0
16.74919692844227 -5.2911593745318 0
16.14706517548813 -5.301019515087627 0
17.36180774347614 -5.244976658122833 0
1.656903980649401 2.575204538358654 0
1.741845519609166 2.811125853818164 0
1.554181181066234 2.993680922147752 0
1.830274617111327 3.052354297680277 0
0.8472649041780791 2.885685385531653 0
0.9453981681246866 -3.279591989603829 0
0.9304762790647878 -3.747281103544385 0
4.647433358369742 -4.816042371881498 0
5.2130747639206 -5.030931338267369 0
4.075121750634443 -1.403565077011902 0
0.351550987826057 -0.6899878051577277 0
-1.164643976746529 -0.3539177519553788 0
-2.496895813948154 -11.06306564681484 0
2.582924837279084 -3.769411729750193 0
4.308307955854538 0.07824892093881655 0
4.540874544695241 0.1699701369890572 0
4.73659074194074 0.01442216998505939 0
4.773441138586456 0.2616913488791857 0
2.924372656669378 -1.863972253181234 0
4.013504822495844 -1.899904543003262 0
2.88752226586697 -2.1112414368885 0
-2.006509107609233 -1.703945811482608 0
-1.844913817775103 -1.895034087842715 0
-1.598660141351644 -1.850688373818628 0
-1.683523357115494 -2.086012016761674 0
-1.437452931629702 -2.041795101318971 0
-1.929610462344487 -2.130244101590395 0
-0.1913509566686962 -0.6983218308239928 0
0.5230439190236833 0.5480326646645097 0
17.26972158912693 -4.116907287510699 0
1.896475399568317 2.615581087204649 0
3.976654424818477 -2.147173721047612 0
10.28353641994954 -5.709532385885598 0
9.013169701966795 -11.57125011835619 0
-1.705011659499274 -0.4481384448282236 0
0.71921210911154 0.08956144587060312 0
0.6919944836242333 0.1447924143427425 0
-1.416025508675716 0.136098166761156 0
0.5962431247897477 0.4102963814044444 0
-0.2425768453218691 -0.6562753002600031 0
-0.263101932223428 1.022596971301875 0
13.75790091184699 -11.63336333879592 0
1.176327534671811 -5.992129980399273 0
-5.360397878874529 -11.94897752193087 0
-7.10489898733745 -12.54962238692703 0
1.615409892841988 1.615839063716728 0
3.456098428418616 -4.420560551655245 0
-1.768275193815569 -2.321235001644565 0
-2.014343702629592 -2.365451090335069 0
4.752324869560647 -5.413514605401966 0
5.315533974850629 -5.62346454324353 0
-1.24182979757429 -0.6845086897277082 0
4.345158352579973 0.3255180997672802 0
2.691806068408098 -1.955693469708744 0
2.728656460739009 -1.708424287260482 0
4.379808862938531 -0.8169773004986354 0
-0.6376010300669268 2.60491597441137 0
-2.51031721629646 2.476273975870521 0
8.089574852139677 -4.845977073103087 0
0.5634640660205417 1.366864073809357 0
0.3767227885998299 1.350112201465191 0
0.7508505393122533 1.371295794998337 0
1.137326109835914 -2.10335100945305 0
17.08431058161965 -5.770393366582587 0
17.68334822392076 -5.749339958329605 0
2.654955676342901 -2.202962652375848 0
2.459239478952969 -2.047414685252875 0
2.422389086682893 -2.294683867751224 0
-11.68802841788839 -5.248679568164665 0
-12.27404874382285 -7.199528691896405 0
-2.167823809798158 -1.512898385515309 0
-11.65022572228712 4.731503668818992 0
-10.49114948572981 6.476267917584662 0
-12.40766238393444 3.045150795981417 0
-1.854202695932935 -2.556012650745101 0
-2.09944490992164 -2.600616620663806 0
-2.260650204292492 -2.409545998475307 0
4.853695641503629 -6.006253832193529 0
6.208578683491424 -2.768169665282292 0
-0.7724794851392591 -0.8479454143808832 0
-0.298920627582028 -0.6700653223709112 0
-0.2852978663056529 -0.6157794500453779 0
-5.531334753991958 -5.120763552171887 0
-5.695159369915281 -5.718515776467351 0
7.54928486766531 -12.84219608224265 0
3.744087834192818 -2.238894935627597 0
-1.40869964194883 -1.32216311120906 0
-0.4430701413081319 -0.5086287905972943 0
-0.4866192953689872 -0.4792490133639845 0
1.552179730754832 2.33950252189786 0
4.209221019001324 -2.055452509397699 0
4.172370626511532 -2.302721691715055 0
-0.289579485872645 -0.9959833821515327 0
1.226409432888531 -5.370689909894911 0
2.2565496677965 -5.462311902772381 0
0.6534623038646536 0.09697168796116865 0
0.6342300111211046 0.1473812938942763 0
1.258899764973197 -0.4552025904100234 0
1.218131099881637 -0.6276909322086834 0
0.644235108153886 1.539454278568447 0
0.8568164268924843 1.550907821296889 0
17.96411842315909 -5.219167644254969 0
18.28351346053158 -5.726692680392143 0
18.00254258147303 -6.257021465142913 0
18.60222306137525 -6.235059245267943 0
18.32134380615179 -6.765259425345306 0
0.6819108060243018 0.04374960690097192 0
-0.2146253463414531 1.126218135898807 0
0.2061585937214971 -2.46823810678437 0
-0.8540374059295672 -0.7607898350436685 0
-0.8960070648222143 -0.8832450818929054 0
1.003942321436067 -0.01141801916622377 0
1.059527183936318 0.07187019984036622 0
-0.1892960980799199 -0.6307642106544642 0
-0.1405823110199691 -0.6701338226397919 0
-0.1363369564351 -0.6182696527568864 0
-0.09588717300058036 -0.6475306033761203 0
-3.966495113578105 2.930601908631185 0
-3.752427042459061 3.487796517099838 0
-4.332038077260815 3.399342607084423 0
-4.096760804850888 3.949252770804622 0
-4.690506974089086 3.877096254767284 0
-4.434018315702618 4.421059947587465 0
-3.852140788701151 4.493433504510085 0
-1.209889409563516 4.045275762262602 0
-0.6494131646035104 4.150011107623767 0
-1.038589225399699 4.58782453733897 0
-0.4558647272785148 4.701386835651391 0
-0.8698117539309607 5.134539981010329 0
-0.2825286325473613 5.304196115420158 0
-1.439088219501741 5.034834071513946 0
-1.269048834234692 5.582423178700548 0
-1.838209399771225 5.482848232024851 0
-1.645525030426379 6.050275627102476 0
-2.249245326330254 5.919025437920387 0
-2.040780973721711 6.501451750369683 0
-2.647115973600927 6.367872577615872 0
-2.429433281996127 6.958560969408592 0
-1.006540026707803 6.147672307047288 0
-0.1022058716577163 4.192620135318959 0
-4.190116649538034 4.968893325558922 0
-2.028630512669624 4.878108538955621 0
-3.620636906347599 5.034930234582282 0
-3.981417073704868 5.514142236433377 0
-0.09529846072329562 -4.601354868987191 0
3.193789629608178 -1.524981847901386 0
3.684496519723945 0.2975961064325738 0
2.226672889276205 -2.139135900614439 0
2.189822496944538 -2.386405083062061 0
5.777739495117054 -5.240896308636534 0
5.878493876855778 -5.832709016357421 0
14.71343266550333 -4.734987548627053 0
14.35604986052021 -5.222087796413177 0
2.850671873753198 -2.3585106195156 0
-2.936567334963984 -5.570657563851084 0
0.6698087195688505 0.2835478302397861 0
4.963574840486512 -1.083761114304503 0
5.186316999070246 -0.9176424100727423 0
4.775520793127868 -1.247012989717974 0
0.825966972933232 -8.836320085078974 0
-6.536382437575902 -3.10859973227635 0
38.03722101880276 -5.234156995822183 0
38.05525568317089 -4.634428098001552 0
1.410540608470678 -3.475543156333099 0
6.340869175242931 -5.450163419535638 0
6.44116591181226 -6.041693339098888 0
6.903329178013402 -5.659040160783983 0
7.003665865478228 -6.250590407406888 0
22.08646781917942 -3.863668867919909 0
0.4874877072382731 -0.987798874440742 0
0.5046920246672482 -1.108866702149365 0
0.612267195877493 -1.029008468741778 0
-3.026670486950248 -3.933591760677481 0
1.351561427789441 -0.753577837383161 0
1.150857407029671 -0.7901528350696516 0
-11.23368496997904 1.5559156830759 0
-4.003897919348102 2.36459291601469 0
-3.554268496107861 1.899737950164629 0
-0.2903715528850075 -5.742172881779297 0
-13.11053893576872 1.28680928812358 0
31.25822303060113 -5.930710135164569 0
4.404937217121558 -2.211000477122208 0
4.368086824743601 -2.458269659531685 0
30.98235511555416 -11.49548637607744 0
1.375745753892852 -4.078090230433231 0
2.30560604144074 2.189147372230585 0
2.53119135053249 2.296904819507089 0
2.737307175012289 2.155422910335091 0
2.7567722182908 2.404669673117006 0
-2.252348055092606 -1.748209693410925 0
-0.4001144575971995 -0.5538288173036258 0
7.465802984304696 -5.867923988132293 0
-12.78193859441194 6.363594019082671 0
-11.82562421224105 8.217452082361895 0
25.49654506588646 -6.065403392186925 0
4.135520235001179 -2.549990874839181 0
4.331236432534499 -2.705538842080249 0
36.96239076827389 -6.402377836480345 0
-2.219594314583951 3.246413978139935 0
18.95528192830296 -6.763538365336158 0
18.62606934521142 -7.308371165755926 0
4.189476797259159 -5.185066170774081 0
-3.25843071980057 4.560991649297199 0
-1.610023813775422 -2.516399411699243 0
-0.2507228929504333 -9.347489500926047 0
0.8483360299537477 -10.08805796713622 0
0.3975431249440131 -1.203381375339647 0
-1.93783235376217 -2.791629671764599 0
-2.189392463826282 -2.835241922866024 0
-6.119184459554376 -5.26516831476712 0
-5.948741323922402 -4.656382750108651 0
-6.306483543965751 -5.857356799342506 0
-5.860216717263228 -6.319078629711639 0
-9.726327299754519 8.401426431379242 0
-10.8794135652237 10.10757627068657 0
-8.843945873974427 10.12869965331554 0
-5.742961096375348 7.354291876280067 0
-5.041595522316829 7.351648431924077 0
-5.408865969323459 8.011186176686399 0
-4.563717970102605 8.000577619715772 0
-5.007151571910164 8.811609087357297 0
-4.05622350336461 8.78355301493194 0
-4.546529004943112 9.836963734291716 0
-3.123311567133888 9.656084556265087 0
-3.947242926159475 11.13238292015267 0
-2.305772501166789 11.05410585352088 0
-6.410812252271175 7.449164697376567 0
-1.639998136935679 9.557288613230945 0
-0.7020901869533294 10.8752453600662 0
-0.03229822989491815 9.441666192982632 0
0.85627782415947 10.69599638706373 0
1.434978495813905 9.318816556744068 0
2.358591260664452 10.52653883193926 0
2.905245158033905 9.134562788661849 0
3.865856086194874 10.24002302507013 0
4.279612251932443 8.773676978970196 0
3.426040839618608 8.025859729575069 0
4.891531493136495 7.853156719358047 0
5.456925515732435 8.657880809147549 0
5.742026736257964 7.802120470730847 0
6.402730188358558 8.406865948983054 0
6.583031541313 7.515480818256799 0
7.446963910018894 8.203664456991161 0
7.454760884050216 7.31259348309286 0
6.951342678382449 6.783022462341409 0
7.609260675228958 6.645831516393793 0
8.094841709623605 7.056529379797636 0
8.204146034750277 6.444745197321341 0
8.691772691900372 6.825586254841224 0
7.746428011541319 6.046776713641021 0
8.318662017022181 5.852414967504761 0
7.867804375513941 5.456923250285454 0
8.437105273735453 5.264730592326875 0
7.98630063388838 4.868572457182955 0
8.554749802121012 4.676350041213787 0
8.11429470899191 4.310508657138535 0
8.684376675180587 4.123298062341799 0
9.125112415291117 4.489973783272537 0
9.237867432019057 3.904509815106876 0
9.691335455566254 4.294290025854702 0
9.80358945688244 3.697746279686048 0
10.25952643247825 4.098744340706826 0
10.40293202226558 3.55434165736139 0
10.82822257889448 3.907338690547294 0
10.94590263675982 3.318992360579216 0
11.33571088416966 3.678036649791312 0
11.46411240499447 3.192009357358272 0
11.81289973861615 3.510060183026542 0
11.95422720128389 3.058974839853849 0
12.24377145694823 3.348461031393868 0
12.37884127297742 2.983276740822438 0
12.62955529085527 3.229085974106634 0
12.08790820381422 2.773767226704233 0
12.76490814937621 2.932424095169586 0
12.99160586686568 3.177629681018454 0
12.98385296786754 3.548752708065635 0
13.06733798556782 2.865318828732357 0
13.28791827904789 3.071956418345596 0
13.34541659972738 2.796631289779099 0
13.55055507612847 2.968332793096053 0
13.59354883975703 2.713955838811593 0
13.79115012847024 2.868302153864398 0
13.82702741764838 2.620356084538856 0
14.02382121599808 2.77325824868459 0
14.05744132018874 2.525461313058319 0
14.25509719877362 2.678308625523381 0
14.28856808394194 2.430551110682314 0
14.4863816210206 2.583383528616884 0
14.51981549320445 2.335628805706159 0
14.71765317774447 2.48846000412611 0
14.68422150646092 2.736214430048606 0
14.75108734037925 2.240705559762094 0
14.9489314472935 2.393536544936095 0
14.98236439706664 2.145782151157692 0
15.18020929397321 2.298613114711618 0
15.2136422522298 2.050858718404437 0
15.41016210517766 2.200460732402002 0
15.44469940220681 1.955397121698711 0
15.64118247096025 2.104909441690976 0
15.6758976937519 1.86027934626008 0
15.87318073882805 2.013003853161699 0
15.82649493763858 2.257969469359932 0
13.85569644499507 2.371600010690481 0
15.01579711921253 1.8980277636073 0
15.90728249257636 1.765826491391354 0
16.10414502491269 1.917561515426629 0
16.13852604565018 1.670894998416594 0
16.33591383826072 1.822624306753852 0
16.36988014564283 1.575967920601217 0
16.56773796002623 1.728798267759648 0
16.60126188819152 1.481226773592168 0
16.7991243096676 1.634088109218319 0
16.8325752758122 1.386369261792985 0
17.03042630480027 1.539211203287448 0
16.99699436856634 1.786967429216426 0
17.0638632118601 1.291464564630524 0
17.26170999891937 1.444298641897771 0
17.29514385581026 1.19654606066438 0
17.49298942751992 1.34937783679768 0
17.52642257349105 1.10162388161255 0
17.7242678241558 1.254455045231571 0
15.94089098324322 1.518310927001786 0
17.75770079813283 1.006700758968772 0
17.95554596662442 1.159531765322468 0
17.92211305364111 1.407286168728026 0
17.98897889824023 0.9117773976691633 0
18.18682404597609 1.064608364246894 0
16.86601873598793 1.138634904037497 0
17.79113375979405 0.7589464489100761 0
18.2202569670724 0.816853976399176 0
18.41810210959574 0.9696849329818616 0
18.45153502807004 0.7219305401025561 0
18.64938016928762 0.8747614941807963 0
18.6828130871073 0.6270071000454925 0
18.88065822799813 0.7798380534969667 0
18.84722531041468 1.02759244808552 0
18.91409114565426 0.5320836590478866 0
19.11193628646338 0.6849146123426044 0
19.14536920407863 0.4371602178150944 0
19.34321434486732 0.5899911710706341 0
18.94752406329902 0.2843292645770027 0
19.37664726247235 0.3422367765235119 0
19.57449240325593 0.4950677297692537 0
19.6079253208584 0.2473133352172292 0
19.80577046164071 0.4001442884605089 0
19.77233754403915 0.6478986830143277 0
19.83920337924254 0.1523898939072694 0
20.03704852002453 0.3052208471499357 0
20.0704814376262 0.05746645259639189 0
20.26832657840811 0.2102974058389032 0
20.30175949600974 -0.03745698871471546 0
20.49960463679163 0.1153739645277586 0
10.49763987730951 3.003504954246571 0
20.53303755439326 -0.1323804300258765 0
20.73088269517514 0.02045052321659423 0
20.69744977757351 0.2682049177702313 0
20.92872783595702 0.1732814764590538 0
20.89529491835539 0.421035871012697 0
21.12657297673889 0.3261124297015138 0
21.09314005913727 0.5738668242551582 0
21.32441811752077 0.4789433829439723 0
21.29098519991915 0.7266977774976215 0
21.35785103512238 0.2311889883903181 0
21.52226325830265 0.6317743361864278 0
21.48883034070103 0.8795287307400748 0
21.72010839908452 0.7846052894288842 0
21.68667548148291 1.032359683982532 0
21.45539742309941 1.127283125293723 0
21.6532425638813 1.280114078536173 0
21.88452062226479 1.185190637224986 0
21.85108770466318 1.432945031778633 0
22.08236576304667 1.338021590467439 0
22.04893284544507 1.585775985021086 0
8.748955177521047 3.49449302857808 0
19.87263629684433 -0.09536450064605576 0
11.26611578125432 4.313448899638429 0
7.537452851844977 4.477517096734351 0
20.76431561277677 -0.227303871337056 0
20.56647047199489 -0.3801348245795154 0
20.79774853037839 -0.475058265890698 0
13.99351161359164 3.026973563004131 0
20.59990338959652 -0.627889219133158 0
20.83118144798003 -0.7228126604443358 0
20.63333630719816 -0.8756436136868027 0
20.86461436558166 -0.970567054997975 0
12.86079501294973 2.679632854815403 0
21.06245950636353 -0.8177361017555058 0
21.09589242396517 -1.065490496309145 0
21.29373756474704 -0.9126595430666711 0
20.89804728318331 -1.21832144955162 0
21.32717048234868 -1.160413937620309 0
21.52501562313055 -1.007582984377838 0
4.075132776293986 7.203701903638938 0
21.55844854073219 -1.255337378931477 0
21.75629368151406 -1.102506425689003 0
21.78972659911566 -1.350260820242594 0
21.98757173989756 -1.197429867000156 0
21.59188145833369 -1.503091773484969 0
21.95413882229592 -0.9496754724465234 0
22.18541688067942 -1.044598913757682 0
22.15198396307777 -0.7968445192040441 0
22.38326202146129 -0.8917679605152109 0
22.34982910385963 -0.644013565961568 0
22.58110716224315 -0.7389370072727444 0
22.54767424464152 -0.4911826127191172 0
22.61454007984479 -0.9866914018263921 0
22.77895230302502 -0.5861060540302692 0
22.74551938542341 -0.3383516594766542 0
22.97679744380689 -0.4332751007877944 0
22.94336452620527 -0.1855207062341604 0
23.17464258458875 -0.2804441475453123 0
23.14120966698711 -0.03268975299169416 0
23.20807550219038 -0.5281985420989564 0
23.3724877253706 -0.127613194302844 0
23.33905480776898 0.1201412002508037 0
23.57033286615248 0.02521775893963205 0
23.53689994855085 0.2729721534932845 0
23.76817800693436 0.1780487121821122 0
23.73474508933272 0.4258031067357525 0
23.50346703094923 0.5207265480469271 0
23.70131217173108 0.6735575012894028 0
23.93259023011459 0.5786340599782156 0
23.89915731251296 0.8263884545318537 0
23.66787925412945 0.921311895843052 0
23.86572439491133 1.074142849085506 0
24.09700245329483 0.9792194077742985 0
24.04946157901504 1.225070021149833 0
23.82994015119668 1.321579946776138 0
24.0132854476149 1.47245423602996 0
23.79565814360982 1.56921976190703 0
23.99826907548352 1.72269382907351 0
23.76535470633735 1.81739646040474 0
23.9684271621818 1.970932807366153 0
23.73284029842559 2.065274802139366 0
23.9308385241558 2.2181264132453 0
23.69863999192992 2.312925642325338 0
23.89658508833445 2.465770083958581 0
23.66517027691433 2.560675071296393 0
23.86300928479389 2.713505196941739 0
24.094286321027 2.618581617697685 0
24.06082941874384 2.866332775667445 0
24.29209522924896 2.771407681581077 0
24.25330258376983 3.029155305558924 0
24.51151555339566 2.921069109009779 0
24.43823663251704 3.189363697322225 0
24.15792246268632 3.360976997465701 0
24.57162101017681 3.569016878075309 0
24.25496134603335 1.604190540508037 0
23.46730234395966 2.407841042391714 0
23.43385949476027 2.655594096737889 0
23.23600890001662 2.502762407517154 0
23.2025734181551 2.750516456039846 0
23.00478718351575 2.597832101500521 0
22.97130341371509 2.845464092461535 0
21.81985026551052 1.676752789369849 0
22.77351985776994 2.692783950775497 0
22.7400146557677 2.940362981652191 0
22.53643341655869 2.786341990315869 0
22.50723312364451 3.033138023892433 0
22.29086695236413 2.882907795043344 0
22.30010980493427 3.183212046416714 0
22.04394036285185 2.983846954461735 0
21.96294929158685 3.31204096274016 0
22.2864002484602 3.603066940974436 0
21.85286196962268 3.784077322901589 0
21.52373882289466 3.405915427552404 0
21.32627361789576 3.921090594863409 0
21.74262517459992 4.335322123509829 0
20.97711065939672 3.495773194121513 0
20.75562031391208 4.047057544957661 0
20.37223250250204 3.617743074454118 0
20.16918685874317 4.186552824406701 0
19.79959487051225 3.736693818292044 0
19.58545793218988 4.316856942164852 0
20.06787699485886 4.852787006978184 0
19.19482888474288 3.779707564831861 0
18.99419233624817 4.437412887527756 0
18.59569837934887 4.009818721239869 0
18.40662748725865 4.571377704918897 0
22.02100465749916 -1.445184261553669 0
18.00523176812829 4.163050067382231 0
17.81910970571097 4.702825495354706 0
18.21291744529894 5.138473363092691 0
24.73397155784622 3.14012083840853 0
24.76081229060658 2.810867458916585 0
25.06001875153444 3.007814331599791 0
25.00681173036702 2.692172613497926 0
25.28744476893294 2.817155793099453 0
25.28510583460593 2.521930522930708 0
25.6318375355141 2.69482956230623 0
7.131537807335891 9.368483519369962 0
17.41550690266387 4.267348421058339 0
17.23173373603387 4.825704329199804 0
20.86186200075377 0.6687902655663468 0
23.56703527601336 1.664501504732764 0
23.80161092453599 -0.06970568237153256 0
16.83174057797285 4.389526595941716 0
16.64537448843725 4.950134968921908 0
22.90993160860362 0.06223368831941768 0
16.24555078701676 4.51421587064994 0
16.05878078396066 5.075242758817359 0
16.46028679722202 5.51817487674509 0
19.94841462054358 3.133342268969301 0
15.66524142511947 4.632462185013303 0
15.47312807737118 5.199389581826596 0
22.27997428639738 1.490276032583586 0
22.31360438519163 1.243002063968524 0
20.40205824881465 -0.7807201723756281 0
15.10146893467681 4.763123312882847 0
14.89038834900511 5.325445379271667 0
25.51921194218286 3.182411493774108 0
26.08194608583144 3.010810565834087 0
25.98005998257447 3.58417372947699 0
26.53393869250508 3.394789442155788 0
26.41750707759278 3.981032307811116 0
26.9835127497744 3.788834075501045 0
26.86593581329552 4.37696292782794 0
26.29759181572834 4.56921323545273 0
26.74826998186936 4.965021594321914 0
27.31622535518222 4.772819230900328 0
27.19894131311104 5.360912170247826 0
27.76702052174875 5.168716372241468 0
27.64949206117564 5.757135436897564 0
28.21779219994976 5.564689640927289 0
28.10030922534038 6.15308425215709 0
28.6686043585265 5.960629864765182 0
28.78607900190634 5.372243026216136 0
29.23689853171479 5.768174659676738 0
29.12185548145832 6.353793206616972 0
29.68812432140812 6.163643689047374 0
29.57091067816296 6.751733753899273 0
30.14813305958676 6.558885904460258 0
30.02401228096417 7.15344248193059 0
29.43933945201367 7.356171932712394 0
30.25833026895155 5.972004553588243 0
30.47390484609306 2.496672526537571 0
30.62636651763145 6.959877840979807 0
30.47994443641081 7.568405089428841 0
25.62250887345154 2.204178690111407 0
31.11882321001865 7.399023540766038 0
30.89191617241281 8.174391619911969 0
18.7749265846489 3.429528042858939 0
23.03841531114462 2.350814473226874 0
22.31639618625796 -0.3962591714079751 0
29.96362827068099 2.812152850163647 0
30.49064897858827 3.096440232408403 0
31.00078259310512 2.780964207811065 0
31.01856391646166 3.38070072394077 0
27.0998362789232 3.200108467869182 0
10.16159981606661 4.676856111899728 0
16.95528802504975 3.829844263165089 0
24.05719663434818 3.814880744458309 0
26.18120163686098 5.15643550862802 0
27.53197465605364 6.345535544130449 0
27.55099476062971 3.595838532361514 0
15.28796745971805 5.769479108527948 0
20.43549116641628 -1.028474566929271 0
20.20421310803278 -0.9335511256180968 0
20.23764602563441 -1.181305520171744 0
20.00636796725091 -1.086382078860564 0
20.03980088485254 -1.334136473414212 0
19.80852282646904 -1.239213032103033 0
19.84195574407066 -1.486967426656672 0
19.61067768568716 -1.392043985345491 0
20.07323380245417 -1.581890867967854 0
19.57724476808554 -1.144289590791847 0
19.37939962730366 -1.297120544034306 0
19.41283254490529 -1.544874938587957 0
19.18155448652178 -1.449951497276764 0
19.14812156892016 -1.202197102723123 0
18.95027642813828 -1.355028055965588 0
18.98370934573991 -1.602782450519234 0
18.75243128735641 -1.507859009208055 0
18.71899836975478 -1.260104614654414 0
18.5211532289729 -1.412935567896881 0
18.55458614657453 -1.660689962450522 0
18.32330808819103 -1.565766521139343 0
18.2898751705894 -1.3180121265857 0
18.09203002980753 -1.470843079828177 0
18.0585971122059 -1.22308868527452 0
17.86075197142403 -1.375919638516984 0
17.8273190538224 -1.128165243963339 0
17.62947391304052 -1.280996197205826 0
17.59604099543889 -1.033241802652161 0
17.39819585465702 -1.186072755894668 0
17.36476293705539 -0.938318361340984 0
17.16691779627352 -1.09114931458346 0
17.13348487867189 -0.8433949200297974 0
16.93563973789001 -0.9962258732722653 0
16.90220682028838 -0.7484714787186171 0
16.70436167950651 -0.9013024319610808 0
16.67092876190489 -0.6535480374074367 0
16.47308362112301 -0.8063789906499027 0
16.43965070352139 -0.558624596096256 0
16.24180556273951 -0.7114555493387216 0
16.20837264513789 -0.4637011547850743 0
16.01052750435601 -0.6165321080275358 0
15.97709458675438 -0.3687777134738935 0
15.7792494459725 -0.5216086667163515 0
15.74581652837088 -0.2738542721627102 0
15.547971387589 -0.426685225405167 0
15.51453846998738 -0.178930830851522 0
15.3166933292055 -0.3317617840939821 0
15.35012624680712 -0.5795161786476264 0
15.11884818842362 -0.4845927373364419 0
15.085415270822 -0.236838342782797 0
14.88757013004012 -0.3896692960252577 0
14.8541372124385 -0.1419149014716131 0
14.65629207165662 -0.2947458547140738 0
14.622859154055 -0.04699146016042986 0
14.42501401327312 -0.1998224134028902 0
14.45844693087474 -0.447576807956534 0
14.22716887249124 -0.3526533666453507 0
14.19373595488962 -0.1048989720917046 0
13.99589081410774 -0.2577299253341668 0
13.96245789650612 -0.009975530780520825 0
13.76461275572424 -0.1628064840229809 0
13.73117983812262 0.08494791053066317 0
13.53333469734074 -0.06788304271179668 0
14.26060179009287 -0.6004077611989959 0
13.49990177973912 0.179871351841847 0
13.30205663895724 0.02704039859938663 0
13.33548955655887 -0.2207139959542587 0
13.10421149817536 -0.1257905546430739 0
13.07077858057374 0.1219638399105703 0
12.87293343979186 -0.03086711333189042 0
12.83950052219024 0.2168872812217536 0
12.64165538140836 0.0640563279792925 0
12.67508829900999 -0.1836980665743519 0
12.44381024062648 -0.0887746252631684 0
12.41037732302486 0.1589797692904762 0
12.21253218224298 0.006148816048015114 0
12.17909926464136 0.2539032106016594 0
11.98125412385948 0.1010722573591987 0
11.94782120625786 0.3488266519128433 0
11.74997606547598 0.1959956986703825 0
11.7834089830776 -0.05175869588326207 0
11.5521309246941 0.0431647454279221 0
11.51869800709248 0.2909191399815668 0
11.3208528663106 0.1380881867391064 0
11.35428578391222 -0.1096662078145382 0
11.12300772552872 -0.01474276650335373 0
11.0895748079271 0.2330116280502908 0
10.89172966714522 0.08018067480783053 0
10.8582967495436 0.3279350693614752 0
10.66045160876172 0.1751041161190148 0
10.6270186911601 0.4228585106726593 0
10.42917355037822 0.270027557430199 0
10.3957406327766 0.5177819519838437 0
10.19789549199472 0.3649509987413833 0
10.1644625743931 0.6127053932950279 0
9.966617433611217 0.4598744400525674 0
10.00005035121284 0.2121200454989228 0
9.76877229282934 0.3070434868101063 0
5.860158502080283 -1.156549438077654 0
9.802205210430964 0.05928909225646181 0
9.570927152047464 0.1542125335676454 0
9.604360069649088 -0.0935418609859992 0
9.373082011265586 0.001381580325184597 0
9.40651492886721 -0.2463728142284601 0
9.17523687048371 -0.151449372917276 0
9.207729721358183 -0.3874153759371246 0
8.983161096034408 -0.3015159113694948 0
11.15644064313035 -0.2624971610569985 0
8.944920373155638 -0.05606519580771868 0
8.747275435321098 -0.2067928958308523 0
8.713034641226406 0.03890163050777035 0
9.735339375227717 0.5547978813637511 0
8.512503388761504 -0.1054094796562853 0
8.481072972555934 0.1349089651302355 0
8.28659638824047 -0.01727139861484312 0
8.250576155435015 0.2288821619483423 0
8.324763579506433 -0.2398300015798601 0
9.427040260248003 -0.5165426368726336 0
8.052279496167827 0.0754134390849974 0
8.02016348652632 0.3234416821937952 0
8.216986457088982 0.4761507232437759 0
7.985682268581414 0.5709931923452567 0
7.79111896064374 0.4232977393727537 0
7.754772110594054 0.6667252409327846 0
7.559032819530515 0.5190104975896173 0
7.52342068848829 0.7619150029409725 0
7.326610511151025 0.6116798846360809 0
7.291939694485081 0.8565071553242048 0
12.47724315822811 -0.3365290198168133 0
9.008523315150022 -0.5566638324003514 0
10.82486383194198 0.5756894639151198 0
7.095659346276925 0.7075159641927062 0
7.060682295749863 0.951527488188304 0
12.14566634703973 0.501657605155304 0
7.352577030485279 0.3769385010227243 0
6.86339202268805 0.800056212315549 0
6.829242803106847 1.046069879226917 0
13.69774692052099 0.3327023050843079 0
16.04396042195763 -0.8642865025811874 0
5.825656674800987 -0.9075842076022589 0
6.052089430503136 -0.9945566476772442 0
16.96907265549165 -1.243980267825954 0
6.63434753215291 0.893577114986099 0
6.601286875859347 1.141097753099638 0
6.796217284654707 1.29348804955501 0
6.565007126129453 1.388355453495269 0
7.489464685987945 1.008608560871415 0
8.183352692639408 0.7237903315206881 0
6.366981227477159 1.236100094332102 0
6.333137115993464 1.483213157489165 0
6.762377794889952 1.54110362437806 0
15.15228110602525 -0.7323471318900865 0
6.13358364851732 1.332652300644092 0
6.101505815617574 1.578466651156618 0
5.903601801170298 1.425690706640204 0
5.870430616294087 1.673060724186767 0
6.068273681644202 1.825897819049281 0
5.837045300309825 1.920741989100236 0
5.639192225925052 1.76792322413114 0
5.605765919659175 2.015667461790317 0
5.803612162330345 2.16849672221703 0
5.572334067217203 2.26342021995541 0
5.374488920313717 2.110589276117483 0
5.341056265941204 2.358343266276256 0
5.143211081287808 2.205512380432944 0
5.109778200245787 2.453266718820635 0
5.323836699733815 2.633096063233277 0
5.076345289956088 2.70102110214109 0
4.878500147955554 2.548190150770834 0
4.845067231369483 2.795944543764313 0
5.042912372354474 2.948775496694735 0
4.7790878187609 3.051892396427864 0
5.056004694789936 3.2593171024268 0
4.711364122944738 3.391757947051495 0
2.962889053497683 2.263185876648451 0
18.35674100579266 -1.813520915692989 0
14.82070429483688 0.1058394930820313 0
6.098505013230834 -1.240879916699955 0
6.287225736970774 -1.07711614067335 0
6.004580424793113 -0.7496138359916428 0
17.79388613622077 -0.8804108494096957 0
4.64722209055375 2.643113590573864 0
6.335091911491315 -1.322703918514081 0
6.523519366417878 -1.158522396354655 0
6.571578428101796 -1.403917967976402 0
6.759989152753361 -1.239634787091681 0
6.808077573918676 -1.484981381222713 0
6.996490403437975 -1.320673094301993 0
5.935316568363087 1.180156985082152 0
7.044584068661479 -1.566007341178573 0
7.232998123001765 -1.401692812042778 0
5.059828508500443 3.689602070274273 0
15.71238361076925 -0.02609987760906466 0
16.63749584430326 -0.4057936428537936 0
4.610932805340183 3.903720894413479 0
7.184902971609613 -1.156363043901762 0
6.664611145866818 0.6449540869521003 0
17.66290683064215 -1.528750591759474 0
7.421412279452391 -1.23737764601444 0
7.469507287535587 -1.482707942041414 0
7.657921786841046 -1.318391607912748 0
7.706016828181888 -1.563721797237326 0
7.894431390172758 -1.399405250641541 0
7.94252644750411 -1.644735386771201 0
4.96915733667371 0.1061433811818381 0
8.130941022607633 -1.480418795898408 0
8.179036084789512 -1.725748915782747 0
8.367450662886901 -1.561432314822901 0
8.415545726376179 -1.806762430318509 0
8.603960305190443 -1.642445826946034 0
2.982354543140988 2.512431540725694 0
3.188471621195915 2.370947246587081 0
7.772444149879705 3.938281174372072 0
5.035265385190345 4.227558887607145 0
3.207939290912069 2.620188321377191 0
3.001233545671662 2.761718670435807 0
8.6520553690171 -1.887775941308081 0
8.840469948007074 -1.723459337344573 0
8.888565011919246 -1.968789451419189 0
9.064335315695518 -1.806951659294973 0
8.700150432866504 -2.133106055593768 0
7.373317145078629 -0.9920477717246686 0
3.414054733536714 2.478707449789765 0
5.00600772984806 0.3534125629353306 0
5.201723927497046 0.1978645955989863 0
7.754111867354565 -1.809051994621622 0
3.394587077237466 2.22946649469449 0
6.619661887741461 -1.649300732073364 0
4.492402395722332 4.468605301633866 0
4.965324736304978 4.81501033918645 0
3.620169816692666 2.337227351734836 0
3.627987317756022 2.58737819421342 0
3.227643049691524 2.869923710451115 0
3.017535150735237 3.018631219093831 0
19.8753886616723 -1.734721821210318 0
20.1066667200558 -1.829645262521495 0
22.2486790357913 1.737072134251564 0
18.58801906417616 -1.908444357004168 0
18.39017392339429 -2.061275310246632 0
18.62145198177779 -2.156198751557812 0
18.42360684099591 -2.309029704800274 0
18.19232878261241 -2.214106263489101 0
18.22576170021403 -2.461860658042735 0
17.99448364183053 -2.366937216731561 0
18.02791655943216 -2.614691611285201 0
18.25919461781566 -2.709615052596377 0
17.79663850104865 -2.519768169974013 0
22.51120633583592 1.395240491886712 0
22.54486820271121 1.148043925228419 0
16.50651653872463 -1.054133385203559 0
5.176643991577508 1.957757997112489 0
18.38466919228439 1.217439328092271 0
17.33133001945376 -0.6905639667873322 0
4.945365968534952 2.052681384129921 0
4.978798890808076 1.804926982399516 0
4.747520839093317 1.899850413465618 0
4.780953758584978 1.652096016008331 0
4.557775164008397 1.736534411091361 0
17.4595565817396 1.59713236849985 0
5.705676524882128 1.272924861132172 0
9.835638128032588 -0.1884653022971827 0
8.679247836115083 0.2861519042587358 0
11.38771870151385 -0.3574206023681831 0
11.18987356073197 -0.5102515556106435 0
11.42115161911547 -0.6051749969218282 0
11.22330647833359 -0.758005950164288 0
11.45458453671709 -0.8529293914754728 0
11.25673939593522 -1.005760344717932 0
11.48801745431872 -1.100683786029117 0
11.29358997372141 -1.245187714873972 0
11.52351440480921 -1.343409227645709 0
11.0594638651841 -1.157203460560792 0
11.1101780257145 -1.424188623959374 0
10.86411919153651 -1.314164766877142 0
10.88848454484148 -1.555546842138562 0
10.66271607192849 -1.464105323121371 0
10.69555599305909 -1.711377984841978 0
10.46673452054211 -1.612965698619866 0
11.7196395181837 -1.19476906851746 0
11.75707168856277 -1.43277940612819 0
11.95135478170912 -1.288627272886721 0
11.9848605668344 -1.536204127950045 0
12.18212417759763 -1.384790054792697 0
12.21547231811675 -1.63275100611214 0
12.41320640771511 -1.480190625678165 0
12.44302252284429 -1.736757248716459 0
12.64383051911161 -1.576707388800586 0
12.24871746467247 -1.880962899069962 0
10.43207387955163 -1.368618706402153 0
12.67357028112063 -1.833460043878372 0
12.87487786964608 -1.672192942722098 0
12.90827233593954 -1.9200410227108 0
13.10696386300322 -1.765147875207412 0
13.14025571622455 -2.013245968804549 0
13.33821841065667 -1.860128599692513 0
13.30480508533009 -1.612326469160605 0
13.53608249063776 -1.707251501671067 0
13.56951529939341 -1.955006161424591 0
13.7673651205521 -1.802163804587326 0
10.46968050329343 -1.845267144549007 0
10.23597187080414 -1.517366920588854 0
13.50265272956934 -1.459489416320924 0
10.92933338928971 -1.8080810706746 0
13.80079725809092 -2.049920099740106 0
13.99864304892514 -1.897087562665035 0
14.03207594485835 -2.144842010013101 0
14.2299212250981 -1.992010716985809 0
14.19648829601224 -1.74425635041316 0
14.42776637211327 -1.839179748556108 0
14.39433345555053 -1.591425351471257 0
14.62561151840838 -1.686348781880833 0
12.84202202666839 -1.42303252351615 0
11.80033780835516 -1.673850439467212 0
10.82822281130247 -1.063893636361655 0
11.91438828865623 0.5965810464664879 0
12.11223342943811 0.7494119997089482 0
11.88095537105461 0.8443354410201326 0
12.07880051183649 0.9971663942625929 0
11.84752245345299 1.092089835573777 0
12.04536759423486 1.244920788816238 0
12.27664565261836 1.149997347505054 0
11.81408953585136 1.339844230127422 0
12.24321273501674 1.397751742058698 0
12.47449079340024 1.302828300747514 0
12.44708645872714 1.540222864844081 0
12.67334069800354 1.453932615580462 0
14.58942623645337 0.2007629343932147 0
14.78727137723525 0.3535938876356762 0
14.55599331885175 0.4485173289468606 0
14.75383845963363 0.6013482821893198 0
14.52256040125013 0.6962717235005054 0
14.98511651801713 0.5064248408781356 0
14.95168360041551 0.7541792354317797 0
15.18296165879901 0.659255794120596 0
7.136807490350983 -0.9110343018530949 0
7.325221975877941 -0.7467180053598705 0
7.088712339313849 -0.6657044744654291 0
13.03734566297211 0.3697182344642149 0
10.36230771517497 0.7655363465374884 0
10.13102965679147 0.8604597878486726 0
10.32887479757335 1.013290741091132 0
10.09759673918985 1.108214182402317 0
10.29544187997173 1.261045135644777 0
10.06416382158822 1.355968576955962 0
10.2620089623701 1.508799530198422 0
10.0307309039866 1.603722971509607 0
9.832885763204724 1.450892018267147 0
9.799452845603101 1.698646412820791 0
9.601607704821223 1.545815459578332 0
10.4932870207536 1.413876088887237 0
10.45985410315198 1.661630483440882 0
9.568174787219599 1.793569854131976 0
9.370329646437721 1.640738900889517 0
9.766019928001477 1.946400807374436 0
10.69113216153548 1.566707042129697 0
10.65769924393386 1.814461436683342 0
9.336896728836098 1.888493295443161 0
9.139051588054221 1.735662342200701 0
9.172484505655843 1.487907947647056 0
8.941206447272343 1.582831388958241 0
8.907773529670719 1.830585783511885 0
8.709928388888841 1.677754830269425 0
8.676495471287218 1.92550922482307 0
8.47865033050534 1.77267827158061 0
8.445217412903716 2.020432666134254 0
8.24737227212184 1.867601712891793 0
8.213938352733319 2.115353666622338 0
8.016094046773855 1.962524747399128 0
7.982660099557922 2.210276633329032 0
7.784815928097624 2.057448041808924 0
7.751172920839724 2.304690559347582 0
7.553503006276219 2.152286539421106 0
7.519854198494123 2.399514924160162 0
7.322212359992719 2.247179310699356 0
7.288883188983661 2.495186480649266 0
7.090983378438057 2.342222326201371 0
7.057664484883807 2.590254536855243 0
8.974639364873966 1.335076994404596 0
6.859693416468742 2.437185762336447 0
6.826271004219212 2.68489675531255 0
13.79804567332587 -0.4105608785766275 0
8.874340612069096 2.078340178065531 0
8.411784495302093 2.268187060687899 0
10.69388452636334 -0.07265027843462951 0
16.5347744463619 1.976217057738492 0
8.227131147252955 -1.971079034729923 0
16.40343191583693 1.328426303747396 0
12.23272471554551 1.671271989015995 0
11.61624439506948 1.187013276884961 0
11.58281147746786 1.434767671438606 0
10.20098770027683 -1.273488846402991 0
17.32857747077077 0.9487930015981558 0
12.70852121661161 -0.431452461127996 0
13.60295198729857 -2.202751369749086 0
7.947557509903419 2.457676413984109 0
7.48549680391938 2.64413810075575 0
7.028826520818511 2.838651223087287 0
6.793623149253827 2.932805068954909 0
6.593596214862409 2.779666148474619 0
6.562436714930961 3.037170395234853 0
18.25644225298778 -1.070257732032055 0
18.48496794636178 0.4741761468727425 0
5.77017938552569 2.416250900466443 0
19.41008018007667 0.09448238197504116 0
21.92070590469426 -0.7019210778929104 0
21.75354131668614 0.5368508948752315 0
16.17493972753626 -0.2159467602314293 0
4.810291533042784 0.508960529576711 0
21.4219645054978 1.375037519847373 0
18.65488489937941 -2.403953146111459 0
18.85273004016129 -2.251122192868995 0
23.99945606531787 0.0831252708709399 0
24.03288898291949 -0.1646291236826968 0
24.23073412370138 -0.01179817044023248 0
24.26416704130298 -0.2595525649938889 0
24.06632190052112 -0.4123835182363388 0
24.46201218208486 -0.106721611751433 0
24.42857926448325 0.1410327828022344 0
24.65985732286675 0.04610934149103349 0
24.62642440526514 0.2938637360446902 0
19.30978142726683 0.8377455656264925 0
24.28031746587177 1.158536855112596 0
15.14952874119738 0.9070101886742414 0
15.38080679958088 0.8120867473630564 0
14.91825068281388 1.001933629985424 0
31.5288465693062 3.065220217558032 0
31.54682559752758 3.664950788433313 0
15.37021307489654 2.442816351841713 0
14.55324242480914 2.087874577524958 0
3.600702126436377 2.087986472714161 0
22.0897099727595 2.722406739529993 0
8.319355598787599 -1.316102201377879 0
24.7879910981838 2.552089956358291 0
13.56403445475839 3.311426697076662 0
8.596608460057698 7.442303252603271 0
9.246114620695129 7.210818553913336 0
9.125780180592406 7.926823020190037 0
9.877734581115117 7.656753577862816 0
9.721230307225298 8.509569596722139 0
10.72729224089098 8.189918348185238 0
10.50507084342398 9.006865645637971 0
11.51968147436031 8.940208562458132 0
14.70115288047833 5.894736719431615 0
15.10237284404803 6.339931994316242 0
10.89444062290289 10.0931908847395 0
12.57870700336631 9.566397554079577 0
14.29918227482237 5.44926363298833 0
14.11327362405897 6.019701710541812 0
13.71149919086205 5.574315312758263 0
9.122967275676897 -2.05021609664253 0
24.2975999589046 -0.5073069595475327 0
24.09975481812273 -0.6601379127899805 0
24.69329024046836 -0.201645053062619 0
24.85954047122145 0.1965609281242653 0
24.83091958677223 0.442957999040317 0
25.1015526973875 0.3358172552656451 0
25.04583314922404 0.5973761441564887 0
4.584458530179054 1.497517552385788 0
9.014132872542696 -1.56203468065589 0
10.67571934195069 7.23086252935045 0
13.52655132379136 6.145094419945933 0
13.93188447533753 6.587470891416769 0
5.78513434814992 -0.6744951097678928 0
5.96260856225039 -0.5118504242113041 0
3.294317006488398 3.141336373407351 0
3.02393978435802 3.326406561444189 0
25.32315835533449 0.5274409513019304 0
31.16038671258325 6.751332528870454 0
4.81461166332406 1.404050367049276 0
24.33103287650625 -0.7550613541011661 0
24.13318773572437 -0.9078923073436308 0
24.36209985616099 -1.00313501729411 0
24.16622633033485 -1.155699913337154 0
24.55803715753426 -0.8483979743006942 0
23.93527687444396 -1.060732129159405 0
23.96869883862917 -1.308488001808598 0
23.73749127642159 -1.213555047476084 0
23.77091656315325 -1.46131047176826 0
24.00219334972508 -1.556234084702526 0
23.80435847452558 -1.709063652668374 0
23.57308212707249 -1.614139980477753 0
23.60651682879096 -1.861894134275899 0
23.37523935291534 -1.766970614358896 0
23.83779518452724 -1.956817535461169 0
24.3951937309835 -1.250656677334443 0
25.13916788484721 0.03826019572163733 0
14.65904443540745 -1.93410317790258 0
14.85688957700777 -1.781272222666002 0
7.846336323389037 -1.154075146257195 0
12.63818175468503 1.679603183293195 0
12.87022832528499 1.604234023289113 0
12.90378932825602 1.359738675619985 0
13.1014591333475 1.513566765921252 0
13.13492127356419 1.265646181857807 0
13.33274206216684 1.418615626358435 0
13.0664655583399 1.751330079106149 0
2.943422508093068 2.013942184402671 0
29.35437301903923 5.179787694486277 0
13.12459609796408 5.699643849919392 0
12.93976703747905 6.270465127438173 0
9.324243173452119 -1.855033006239462 0
5.739096086566034 1.025181317867599 0
23.40867266495439 -2.014724955685647 0
23.17739476939513 -1.919801492402336 0
31.76274017903934 7.89605268249885 0
31.58497929437576 8.848198749571701 0
30.49192777690637 9.129198527927672 0
31.3972944686381 10.02194405319089 0
29.98144879823993 10.35682401944141 0
12.24894903334177 11.0939530459929 0
13.7491107141177 10.50837091289106 0
10.9234738198552 11.6525691760038 0
18.05543828348807 -2.863243684713912 0
18.2926275354173 -2.957369447150017 0
29.34602771802324 2.484863308052613 0
12.71127358143947 -2.070809781692331 0
21.13107629148436 2.953089841691765 0
14.89032249464538 -2.029026617131981 0
15.08816763562898 -1.876195663398023 0
15.1216005532109 -2.12395005799968 0
15.31944569402311 -1.971119104683304 0
15.28601277642655 -1.723364710117339 0
15.51729083481267 -1.818288151422156 0
22.93761634241922 3.082479452431715 0
4.406688578148616 5.050328087613167 0
4.884865691653775 5.413211391932873 0
5.442278386227144 5.17465522727503 0
3.935739273383575 4.699512717720247 0
15.81532138961537 3.969326545597803 0
22.74271097001579 1.300869095566036 0
15.48385791721232 -1.570533756865396 0
15.71513597559647 -1.665457198175003 0
15.7485688931982 -1.913211592728385 0
15.94641403398057 -1.760380639484749 0
15.97984695158214 -2.008135034038508 0
16.17769209236409 -1.855304080795872 0
16.21112500996572 -2.103058475349509 0
16.40897015074761 -1.950227522107008 0
7.586965128247569 1.904603300420125 0
14.59217860037736 -1.438594388373422 0
8.049527103512546 1.714770691848692 0
11.65242967749897 -0.7000984382330124 0
13.36617010933262 1.170888930056424 0
13.56401606185381 1.323715266923612 0
21.26030464714539 -0.6649051485130455 0
23.34180653239837 -1.519216206704296 0
22.7761816502501 1.053206708510817 0
22.57834280324035 0.900391089851442 0
6.192531408936637 -0.5876806046737862 0
6.140454328368265 -0.3387014826221008 0
32.05716604090422 3.349468544210586 0
32.07518765169176 3.949197834570143 0
3.854149039448006 5.283708522081932 0
3.377201376486684 4.920153878737244 0
3.299748902528271 5.513492443272037 0
2.822590625961404 5.14933382687723 0
1.598456454295622 3.294334693700361 0
2.74579253726472 5.744096146487392 0
2.268708327081798 5.380073728181111 0
2.192027928418129 5.975087364388155 0
2.793845576854227 2.904454820686837 0
12.55619894731277 5.830966947837434 0
3.826284859349033 2.195747323155758 0
3.806817091492702 1.946506461248366 0
29.42257722751366 3.097113617857425 0
14.26335412760408 -2.239765148319517 0
14.06550898430626 -2.392596107691989 0
24.49147794555346 4.16989424659707 0
23.94832631230991 4.387069173741637 0
24.41605756095682 4.758618595018961 0
23.86273809474856 4.989465161387317 0
24.33816531907515 5.354664913220958 0
23.78437742777694 5.586077793809178 0
24.2614759491421 5.949871824652409 0
23.70750844327718 6.181615412451137 0
24.18453459860964 6.545482415193811 0
23.63082720146559 6.776829225515411 0
23.15353301005822 6.41298286222786 0
23.07901231628213 7.013577931224916 0
22.59984118992772 6.644955182313481 0
22.52264783882148 7.240510685022233 0
23.05646587283813 7.678334926272947 0
22.35049870777281 7.974655995459289 0
23.07021305859222 8.516072498033143 0
22.15432629361838 8.891881036599729 0
21.42566432604352 8.122300085989252 0
21.14620320254965 9.229802183545768 0
23.0301127657601 9.564976671801594 0
20.339180474643 8.514171853800873 0
20.05605212299545 9.640178040310415 0
24.17531664573104 9.015389802228009 0
19.14240849320196 8.742506841386279 0
24.05765402343109 10.36695567753205 0
18.82794065980061 10.11462401188189 0
17.89984871617593 9.165381499229413 0
19.93730849062944 11.16197355790678 0
18.30539548812378 11.78271064236908 0
24.73848344236517 6.313804572323272 0
5.164873535197835 -0.04940458687535684 0
31.56482234738267 4.264680826394948 0
32.09321382137747 4.548926987837424 0
19.90882157927393 -1.98247621576396 0
20.14009963765744 -2.077399657075131 0
20.33794477843931 -1.924568703832654 0
20.37137769604094 -2.172323098386297 0
20.56922283682282 -2.019492145143823 0
20.60265575442446 -2.267246539697462 0
20.80050089520633 -2.114415586454992 0
20.83393381280797 -2.362169981008632 0
21.03177895358981 -2.209339027766155 0
21.06517825480987 -2.457175327604319 0
21.26305140924304 -2.304276119958013 0
21.29644977667473 -2.55211469494302 0
21.49432744441841 -2.399204490753881 0
7.277126900253633 -0.5013879299023773 0
7.040617258909693 -0.420374414672481 0
10.0031745393464 -1.426285396530788 0
10.03623563364233 -1.674991669619047 0
9.362748911087671 -2.12661692066417 0
16.44240306834923 -2.197981916660658 0
16.64024820913112 -2.045150963418194 0
7.513636543816565 -0.5824014378242174 0
22.70986727136594 1.546976428318839 0
22.57116976281085 2.537488971772522 0
8.512083248106963 1.524923877026964 0
12.3797549815829 -1.232481326592601 0
9.205917423257468 1.240153553093412 0
9.008072282475588 1.087322599850951 0
12.50792371100187 1.055073906193869 0
9.979081583629767 -1.177876782229327 0
10.16889021066178 -1.026231331652234 0
15.47830884212307 1.708072835933006 0
13.53106393520532 1.569470534415041 0
13.76186039089638 1.476550836541346 0
13.79529344378788 1.228795672591823 0
13.99313847182819 1.381627266997517 0
4.616804020398422 1.25117087140592 0
5.397440125227121 0.04231662819585068 0
13.39542474984753 2.542301289623886 0
9.173012591156317 -2.294502006116518 0
5.588341325308191 3.859563038079227 0
18.08051961692223 -3.076888868393554 0
17.8334390905123 -3.024249115893352 0
9.309518160621428 6.57608216610926 0
5.044096142686341 0.5975426447116755 0
15.35287861162651 -2.21887349923264 0
16.67368112673273 -2.292905357971842 0
16.87152626751461 -2.14007440472938 0
16.90495918511622 -2.387828799282993 0
27.6680297287994 3.007319109199781 0
27.21625160308484 2.611595463764139 0
1.715175207364108 5.611163529500495 0
1.638357301750805 6.206210194324576 0
1.800574967939419 5.017202041672008 0
20.59839180286956 7.48684539451027 0
13.78911724474517 12.31682565994616 0
5.30877044050693 3.099159931583013 0
31.09771987317346 11.56452382268081 0
29.35684154246228 11.92321675030645 0
22.67664328061632 6.048992620708372 0
22.1224389202998 6.279429065734061 0
20.40511412524768 -2.419337996207076 0
5.434290517512816 0.2895858106813263 0
28.90353027156681 4.783793957060322 0
21.22411936471592 1.222206566604918 0
21.1906864471143 1.469960961158565 0
20.99284130633242 1.317130007916118 0
20.95940838873081 1.564884402469762 0
20.76156324794893 1.412053449227318 0
20.72813033034732 1.659807843780964 0
20.53028518956543 1.50697689053852 0
20.49685227196382 1.754731285092162 0
20.29900713118194 1.601900331849708 0
20.26557421358032 1.849654726403352 0
20.06772907279844 1.696823773160895 0
20.92383140285866 1.807414840329435 0
20.03429615519682 1.944578167714541 0
19.83645101441494 1.791747214472089 0
19.80301809681333 2.03950160902573 0
19.60517295603144 1.886670655783283 0
20.46341935436221 2.002485679645807 0
19.57174003842983 2.134425050336923 0
19.37389489764794 1.981594097094474 0
19.40732781524956 1.733839702540831 0
19.17604975686606 1.828763143852024 0
19.14261683926445 2.076517538405669 0
18.94477169848257 1.923686585163217 0
19.86988393201655 1.54399281991845 0
20.33244004878355 1.354145937296071 0
18.91133878088095 2.171440979716864 0
18.71349364009907 2.018610026474415 0
19.10918392166283 2.324271932959312 0
18.68006072249745 2.266364421028054 0
18.48221558171557 2.113533467785603 0
18.44878266411395 2.361287862339242 0
18.25093752333207 2.208456909096778 0
18.21750460573045 2.456211303650425 0
18.01965946494857 2.303380350407964 0
17.98622654734695 2.551134744961611 0
17.78838140656507 2.398303791719152 0
17.75494848896345 2.646058186272796 0
17.55710334818157 2.493227233030336 0
19.98987935025118 2.200584447284499 0
19.97293504964928 -0.8386276843069217 0
14.36090054192229 -1.343670947236607 0
32.03912759564702 2.749739760086452 0
6.001457473496958 2.321327413700017 0
20.23489366080648 0.4580518003925723 0
15.38355916440874 -0.8272705732012723 0
15.18571402362686 -0.9801015264437363 0
10.42642118555036 1.909384877994527 0
10.62426632633223 2.062215831236986 0
10.85554438471573 1.967292389925801 0
10.39298826794873 2.157139272548172 0
10.82211146711411 2.215046784479446 0
11.05338952549761 2.120123343168262 0
5.969303037189384 0.9404885293684233 0
6.993576774603222 1.446166386006931 0
9.339649093663962 0.2491359748788305 0
14.49187984847637 -0.6953312025101795 0
10.7245650791371 1.318952647576052 0
5.967744194889281 2.568398604430402 0
17.76320558344703 -2.272013775420394 0
20.99834603598815 -1.961584633212529 0
22.80962780877842 0.8054845750696915 0
22.61178487481768 0.6526589986793108 0
22.97403268922455 1.206052032518935 0
6.146639184208424 -1.487063466651712 0
32.58554482391816 3.633715087288151 0
13.95982394648783 1.62922848106603 0
14.1910033296214 1.534432775647555 0
24.16892452690687 2.125263795526902 0
21.84905286775322 2.799859537528928 0
21.90430130728621 2.556444934803953 0
16.47653784432619 -2.444026254772317 0
4.481672948589448 1.983025565945886 0
7.310638769131378 5.650277438617839 0
5.508088804680006 1.119747306850101 0
25.32174715782511 9.8813119613067 0
30.52944635639877 3.679156280599385 0
3.581234361957239 1.83874560885004 0
9.791963011291729 -1.333968321225961 0
5.630006714954165 0.1340378435160161 0
12.3903622662138 6.407937493271692 0
12.77015971766707 6.846215187345331 0
11.88910685257189 5.964665739181386 0
18.33096331014782 -3.234339242521372 0
18.27183273885683 8.222760802187546 0
17.25786520358179 8.25787523032267 0
25.43691185126242 11.3047649673456 0
7.08504304111211 4.0764521311612 0
23.21082777987368 -2.167555874422812 0
22.97954976410703 -2.072632427360714 0
22.94611685360827 -1.824878031848589 0
22.74827174669573 -1.977708980520544 0
23.44210585373667 -2.262479313645141 0
22.71483882581961 -1.729954586408786 0
22.51699369013682 -1.882785538963073 0
22.55042660858821 -2.130539933402043 0
22.31914855065049 -2.03561649203062 0
21.66498369174627 2.627941739254845 0
23.77552389787446 11.9987561497813 0
11.01995660789599 2.367877737721906 0
11.25123466627949 2.272954296410723 0
1.751241068368772 11.77526204030912 0
2.671807971835422 6.33539086262676 0
7.465541477640993 -0.3370713312123194 0
31.58284927688475 4.864409956813519 0
32.11124578082069 5.148655966998819 0
25.25305206698184 0.8402859611923842 0
25.66322839233408 0.6438062113745123 0
21.72257331968427 2.38473139257829 0
21.48299097985383 2.456176016082344 0
13.88215173417069 5.016279925012051 0
21.52776798795849 -2.64694030494213 0
18.88616295776291 -2.498876587422642 0
19.08400809854479 -2.346045634180183 0
17.52367043057994 2.740981627583978 0
17.32582528979806 2.588150674341519 0
17.72910928053323 2.894837304740928 0
4.373945725534448 1.578868707669825 0
27.99021865203918 6.742950928435114 0
27.41576091247252 6.934179052198747 0
27.85820273241324 7.364647670242609 0
26.96078495604283 6.536805323602152 0
26.84456239228058 7.139166599123326 0
21.72634545548307 -2.493853462021312 0
21.6921802111387 -2.246354957146003 0
27.78501672283411 2.418840790320653 0
27.33393326638294 2.023181211266445 0
23.39855926472673 2.905753721279595 0
12.74405723279918 5.26112520652313 0
1.997745344664617 3.332023130524293 0
21.32733324362679 -2.800213480225673 0
21.57184295245411 -2.895665680566996 0
21.36785890813696 -3.09066366277847 0
24.65781887913805 6.914306131169981 0
5.36244231329517 5.775804046459382 0
23.388382611375 4.597010738987841 0
21.5408461406476 2.213005737185628 0
26.38433639850511 6.731534626763137 0
26.26372894412638 7.335128173889188 0
26.75161544499885 7.779493754430533 0
3.787349322892508 1.697265600761443 0
-3.023413943180611 6.837242899004079 0
25.16933005346651 2.003884373022279 0
3.353104554496257 3.488749161024327 0
21.30127256613659 2.284463040399432 0
17.35925820739969 2.340396279787879 0
17.12798014901619 2.435319721099058 0
17.09454723141456 2.6830741156527 0
16.89691946530868 2.530772789152699 0
16.86330540214373 2.778085828087627 0
16.66568367422328 2.625799213441587 0
16.63204042649536 2.873041145082389 0
16.42915695210329 2.718182118831387 0
16.40117974713363 2.970689463028911 0
16.18705896307901 2.811109584502518 0
17.82181432416669 2.150549397165504 0
18.28437044093371 1.960702514543133 0
18.7469265577007 1.77085563192078 0
19.20948267446767 1.581008749298379 0
16.838093349913 -1.892320010175738 0
17.06937140829649 -1.987243451486922 0
16.375537233146 -1.702473127553357 0
15.91298111637887 -1.512626244931245 0
17.56536044266515 -2.424844728662841 0
6.893135321569397 2.189395767593789 0
12.51067607582973 -0.5842834143704583 0
12.74195413421324 -0.6792068556816435 0
12.27939801744623 -0.4893599730592747 0
14.22441980134804 1.286699670409362 0
14.4222654873193 1.43952993110566 0
14.32471526046825 0.5434407702580467 0
15.41423971718251 0.5643323528094112 0
15.61208485796439 0.7171633060518712 0
15.57865194036276 0.9649177006055299 0
15.80992999874626 0.8699942592943395 0
15.84336291634789 0.6222398647406879 0
16.04120805712977 0.7750708179831571 0
16.07464097473139 0.5273164234295056 0
16.27248611551327 0.6801473766719686 0
16.30591903311489 0.4323929821183222 0
16.50376417389677 0.5852239353607902 0
16.53719709149839 0.3374695408071418 0
16.73504223228027 0.4903004940496106 0
16.76847514988189 0.2425460994959625 0
16.96632029066377 0.3953770527384262 0
16.9997532082654 0.1476226581847823 0
17.19759834904728 0.3004536114272441 0
17.2310312666489 0.05269921687359895 0
17.42887640743077 0.2055301701160596 0
17.4623093250324 -0.04222422443758037 0
17.66015446581428 0.1106067288048829 0
17.69358738341591 -0.1371476657487592 0
17.89143252419779 0.01568328749370415 0
17.92486544179941 -0.2320711070599418 0
18.12271058258129 -0.07924015381747646 0
18.15614350018291 -0.3269945483711257 0
18.35398864096479 -0.1741635951286637 0
18.38742155856642 -0.4219179896823091 0
18.58526669934828 -0.2690870364398511 0
18.61869961694992 -0.5168414309934879 0
18.81654475773178 -0.3640104777510288 0
9.23935034085909 0.9923991585397666 0
9.041505200077212 0.8395682052973067 0
8.810227141693709 0.9344916466084903 0
10.92241021991898 1.471783600818512 0
10.9558431375206 1.224029206264868 0
13.16832983898659 1.018030278562331 0
12.80606760458861 0.4646416757753985 0
13.39960383867355 0.9231299191275082 0
20.53578991922119 -1.771737750590198 0
9.947427897673407 -0.9300961643515271 0
10.1359764029988 -0.7785553798450452 0
11.28466758388111 2.025199901857078 0
11.48251272466299 2.178030855099538 0
6.661848962392803 2.284308937657345 0
18.84997767533343 -0.6117648723046636 0
19.0478228161153 -0.458933919062208 0
24.60881062498931 0.5773727099963124 0
22.3805071842377 0.7475833361325273 0
22.41394234374968 0.4998344039247843 0
23.86847675973923 -0.5652144714787958 0
15.11609582359576 1.154764583227887 0
6.852202680135885 -0.5846910179292684 0
6.804107613496821 -0.3393609128317165 0
32.62160869467567 4.833173047058239 0
32.63964287241321 5.432901959512503 0
-9.838168175273985 12.02486440032735 0
-3.113841536137148 12.70133417450968 0
16.16495617740713 3.079685226292925 0
15.95138849170702 2.907210878796021 0
32.76429621994841 10.81039674737286 0
6.992522192095081 -0.1750443101533142 0
6.756012548627293 -0.09403080191017489 0
17.25529115149334 7.314173619560101 0
18.25495264633123 7.135097690946681 0
16.48680729533553 7.640750932931761 0
21.95698464527577 2.312378390743165 0
12.18968691380425 6.981929428982591 0
1.160276573597384 5.841178740935058 0
1.082372961710618 6.436549325205346 0
1.570849762522899 6.802989259264575 0
1.008129561170618 7.033922553071827 0
0.5200153306435169 6.667733653453647 0
22.35281472742412 -2.283339409706969 0
19.94225449687557 -2.230230610317606 0
19.71097643849206 -2.135307169006436 0
-5.960963247238903 8.736841452183938 0
16.01327986918383 -2.255889428591964 0
9.410768107517416 -2.372653220131546 0
9.598193020510751 -2.211354980506774 0
32.41589014047712 12.90311324271017 0
5.360589732836723 -0.2049525542033816 0
7.702051120736201 -0.4180848406809337 0
1.708148521565468 3.746032650285282 0
5.661928733017282 0.3751059634122998 0
5.864951042044059 0.2618384998837403 0
-12.13552219352919 12.05393094472457 0
11.44907980706137 2.425785249653183 0
11.6724742256561 2.329797960090452 0
11.7124768430817 2.08293010574643 0
11.88402314272909 2.229049029562359 0
6.983913602567655 3.130415523585666 0
2.298736906975864 3.781531271824301 0
-4.800129106921792 6.76524196017244 0
22.5838984033801 -2.37828908172018 0
14.29678706299748 -2.487519499524046 0
14.0989419251809 -2.640350445541655 0
14.92375541242573 -2.276781011250136 0
0.4480023693709221 7.289421156829334 0
4.851149085119378 1.164396296646127 0
17.92740695039974 -3.309658332758256 0
18.1767831245388 -3.659815828043278 0
4.424665321764519 3.154506842706351 0
16.28053611702621 8.396413413146099 0
12.19284801179868 3.922441134844714 0
18.18628252403073 2.701103691974478 0
19.60347836152626 13.46183111762275 0
22.19989768915211 5.684433006245165 0
21.6458880379201 5.914873749108879 0
32.51528347645387 8.522173679921934 0
9.21258088398444 -2.52589616186234 0
18.57814820802713 -3.065974941704747 0
28.0897654125942 3.404073045960868 0
1.242214880129634 3.527438883730858 0
18.64662780489584 2.514118815581695 0
-5.125277190755803 12.62059057866922 0
10.78867854951249 2.462801179033091 0
5.91593065151383 5.543550266907305 0
5.910961026602871 6.099993013379335 0
5.341598758459177 6.421333717549964 0
9.353390731511031 9.532865743184821 0
4.648405807102222 1.019889585633269 0
3.988432421602557 0.8809897594899088 0
0.6299658105615062 -1.168339395712693 0
0.7458123126351524 -1.078171269093768 0
29.47184381481404 4.59139011731668 0
4.442025812106829 -1.974298437033684 0
17.48681883964603 2.994970792550844 0
17.70428769443918 3.11578489301606 0
31.96926214095576 -13.18860768453002 0
29.77119315439161 -13.30184587871952 0
3.995514506650912 1.108918814513957 0
-2.054222097569669 -2.997261849430358 0
-2.285274125120909 -3.076729836149072 0
-2.014580935707253 -3.279705198595471 0
5.96981064957667 4.937196653341833 0
-0.4033453534536413 -0.6186481422395764 0
-0.09685255018955985 1.133350521186229 0
-0.1641871414281226 1.242994343903567 0
-0.02650475725666013 1.252367452361968 0
-0.107272196108287 1.374042526997254 0
0.05000949341006056 1.386022480014891 0
-0.03976424860031891 1.52566946577551 0
32.12927966259579 5.74838488835307 0
32.6576773252439 6.032630863694346 0
23.24426075815155 -2.415310260788567 0
-2.826697862427546 7.40853691362628 0
24.94984752058988 1.009222402041284 0
25.20932712494996 1.20155421103563 0
24.89898238389872 1.282007267205799 0
-0.3889091424671829 -0.5019269612770803 0
-0.3483332807241286 -0.5399219791618075 0
-2.249972448448304 3.731128501339092 0
24.95175713698214 4.526067430419843 0
19.11744101614641 -2.593800028733835 0
-2.099269936837779 7.536458598307558 0
12.62103243695077 7.335011604729302 0
21.33341351050667 2.053545764767558 0
15.90606225466162 3.177114129799036 0
15.6737832044235 3.024851320499971 0
-5.047274034779015 4.361337708467629 0
15.56480903669614 7.859434303419643 0
17.73754463039997 -6.77720299550743 0
5.576344753844063 0.8659027502890805 0
14.96384450724576 -5.27272743973958 0
14.59831405083098 -5.769663479531666 0
14.03783493098976 -5.721529661892668 0
15.20865287162605 -5.798850893441438 0
14.83982198479802 -6.315075554944565 0
15.43865278210165 -6.359710270548995 0
15.07873580412242 -6.865916348136729 0
0.6308746463303692 0.04782298987356052 0
0.6512746153952147 0.00299478155892827 0
5.970754488524729 -6.451371521015629 0
6.944427127520476 0.07028580173889153 0
2.226493285395239 1.190350456084065 0
2.453112059243789 1.299628982839491 0
2.432349155454789 1.048526358663178 0
2.659144110372393 1.158038543902202 0
21.60617252059873 2.871141120025797 0
2.639656606476652 0.9087806880483266 0
-1.045845619441463 2.097989738353522 0
2.41436671350211 0.8014563092979686 0
2.620428749058103 0.6598991370771093 0
2.391550046171323 0.5514717604795414 0
-14.39708664213042 2.830520965001188 0
23.47553882664776 -2.510233700735113 0
2.796686001446265 -5.787255915691127 0
-4.170653733656303 1.755760711090591 0
-3.651353587228947 1.37891309530945 0
-4.280055817458868 1.173473789075789 0
-3.832011107457394 0.8505104012268208 0
-4.321419091215706 0.5487846924791611 0
-5.253426860734816 3.64373640245703 0
6.707869081325974 0.1511580039161057 0
19.21814822036357 -9.529620763699782 0
38.56511513364605 -4.948974713969282 0
-2.837480192573373 -2.265702595686431 0
20.86655549372319 -2.609020527336735 0
1.429101681474172 -3.11586103437892 0
3.776775026210133 5.877149254192429 0
15.67476774412853 -6.932680545762306 0
3.558082734182172 1.597216267982434 0
-1.342812748006061 -1.796836903046081 0
-1.189760711401947 -1.995973166259398 0
11.63772736808968 2.577375046602173 0
25.55757875756913 13.40716984552572 0
16.03300236508409 -6.428291391627589 0
27.99183434724172 3.997729368167025 0
2.678819560761123 1.407572436271399 0
-1.275876466844759 -2.232532854912491 0
-1.029774996509218 -2.188275713638073 0
-1.1148356891017 -2.423795818554582 0
-0.8687229504134297 -2.37952684398839 0
-0.783976557537807 -2.14431685431569 0
-0.953505263447159 -2.614772274720492 0
-0.6226985149481781 -2.335344997115258 0
14.15757369784218 1.782182929389084 0
29.92639288710656 5.009964091906824 0
3.355036622535406 1.732266334639631 0
15.73251157064297 6.216986205075246 0
16.46340963100789 2.468734873368284 0
16.93013500823431 2.282488767856595 0
27.19361746576121 -2.807124771363295 0
27.72177179374606 -2.522872414300173 0
17.03593849069488 -1.739489056933284 0
17.26721654907837 -1.834412498244466 0
17.85799960659616 0.2634376820473477 0
15.41699208201037 -1.075024967754918 0
15.21914694122849 -1.2278559209974 0
20.79499616555054 1.164299054673668 0
23.70405255351939 -0.9658014363117206 0
3.315805053025645 -2.17506818872566 0
2.33722406631288 -1.397328353305915 0
19.31528615692829 -2.440969075491374 0
14.55874568336639 -1.190839992380645 0
14.29403470769449 -0.8481621557526385 0
19.05057518094316 -2.098291239626529 0
5.128023143092227 -0.2966737695091703 0
5.323739340526336 -0.4522217366685197 0
23.6733839691151 -2.357402747265206 0
23.70681690004079 -2.60515714002085 0
23.90466203949935 -2.452326186956959 0
23.93809495910108 -2.700080581240705 0
24.13594009999576 -2.547249627983017 0
24.16937301810065 -2.79500402246876 0
24.3672181588341 -2.642173069232824 0
24.3337852412244 -2.394418674680268 0
24.56506329968236 -2.489342115981414 0
24.53163038209181 -2.24158772142628 0
6.960062915196039 1.693895344428819 0
6.728771366511612 1.788814546384712 0
17.03318612586702 -0.1001317363688619 0
2.07727721360205 -0.3199359636744309 0
7.191314303500242 1.598965364252355 0
19.44076073285116 1.486085307987187 0
19.24291559206928 1.333254354744736 0
19.47419365045277 1.238330913433539 0
13.86766386729161 -2.545427003026329 0
5.046257149389673 1.31067114669138 0
16.00777513952813 1.022825212536827 0
5.21007694997016 1.710003539892198 0
9.89975159840797 0.9553832291598567 0
16.80466043231138 -1.644565615622093 0
13.27137519727471 -1.364564693210321 0
13.46922084298096 -1.21173250973509 0
13.237942956433 -1.116808649751871 0
13.43578821000819 -0.9639774216919458 0
13.66706628719058 -1.058900817200217 0
13.20451019906284 -0.8690538647991752 0
6.428266421351348 0.748500389822891 0
13.00666506618732 -1.021884798778036 0
8.983281635365426 -2.456916663367917 0
9.021397303282646 -2.69073842618562 0
8.794186159918006 -2.621003886402696 0
8.842167741125635 -2.866295770193541 0
8.607188934285295 -2.787155717015479 0
4.075741370596472 -0.01347229806244473 0
11.68311023027273 0.6915044877776718 0
10.99202841995009 -0.6630825088531028 0
12.31283093504786 -0.7371143676129206 0
16.47033125629514 0.8329783299144353 0
12.93979927499511 -0.5263759024391816 0
8.414601631568932 0.6288612545316674 0
8.381130386250316 0.8765955787595501 0
8.149840209694224 0.971513361008425 0
11.91732818950158 -1.04231934833324 0
16.93288737306215 0.6431314472920767 0
9.272783258460715 0.7446447639861217 0
9.074938117678837 0.591813810743662 0
8.559349009702505 -2.542137845810942 0
8.373004632585292 -2.701582419706617 0
8.323505672390699 -2.460722282947751 0
8.136993597424103 -2.619741936464854 0
8.087190181652646 -2.379503935383837 0
7.898807961313151 -2.54378639991829 0
7.850433565185259 -2.299299281485668 0
7.661977823890873 -2.463750694964411 0
7.613829344211094 -2.218583548463903 0
7.425399002165579 -2.382949782088714 0
7.377292408435297 -2.13765510093457 0
7.188873280589511 -2.301985882141452 0
7.23696758639741 -2.547318358960982 0
7.000454125086415 -2.46631663938224 0
6.952359436960648 -2.220985362322323 0
6.763944084634713 -2.38530435768936 0
14.88481776521225 1.249688024539066 0
10.36506008000284 -0.8738209740268379 0
10.33199289263112 -0.6260095539947585 0
13.40235536654996 -0.7162228464902098 0
10.75799799673873 1.071198253022408 0
14.29128234286663 0.7911951648116913 0
14.09343720208475 0.6383642115692316 0
9.437195481640968 1.145230111782227 0
17.72702030101753 -0.3849020603024053 0
13.46646886213749 0.4276257463954914 0
16.57063000910002 0.08971514625349225 0
12.34351148782161 0.6544885583977642 0
16.108073892333 0.2795620288758597 0
17.39544348982916 0.453284564669709 0
11.78065661824974 1.587598624681066 0
7.750146184694803 -0.6634149546005625 0
15.48110555238576 0.06882356370212432 0
9.904784862938405 -0.6836450123249369 0
14.95443596524337 -0.8851780851325572 0
5.743764880169049 2.654745338206853 0
5.935028375333389 2.811923529071446 0
13.66431400291937 0.5804566996379533 0
19.08125573371693 -0.7066883136158426 0
19.2791008744988 -0.5538573603733858 0
10.98927605512223 0.9762748117112238 0
6.715849027621335 -2.139974222190565 0
6.527434258717626 -2.304291413390864 0
14.06275664931099 -0.7532387144414567 0
27.68568112961445 -3.722329650353221 0
18.18957641778454 -0.574748942924769 0
17.06164959394841 2.932132703867176 0
23.82953911248197 2.961254564203484 0
14.48912748364851 0.9440261180541493 0
9.738875021819521 -0.8468938672527004 0
14.09618956691261 -1.000993108995109 0
3.953404292740156 0.6360785935833928 0
4.184794426423803 0.7263958239046874 0
6.479339226419382 -2.058961201572431 0
6.290924621002569 -2.223277887264508 0
30.81999855935246 -3.216311617480264 0
18.55183378174666 -0.02133264188619611 0
6.198951304153683 2.473371235247221 0
6.232671273516033 2.226258747222498 0
3.463205571848131 -1.185990593634142 0
33.49805678352391 -0.5956239624633773 0
18.65213253455155 -0.7645958255471288 0
24.33357186948408 2.517581927417403 0
20.46892408401791 -1.276228961482919 0
19.01163753368579 1.428177796055948 0
19.01438989851365 -0.2111795245085553 0
24.30035232371014 -2.14666428011484 0
24.49819746451431 -1.993833326869364 0
23.50621636898067 -1.118631180964758 0
36.45202763956167 -6.086894910078513 0
36.43399297519352 -6.686623807899104 0
35.92362984648131 -6.371140881497277 0
6.242829557940666 -1.977947770568592 0
20.99559367116027 -0.3222273126482435 0
22.48356077283938 -1.635031144368458 0
22.91268396605572 -1.57712363324006 0
22.84306445886379 0.5577392745984051 0
23.04090985392274 0.7105708473793132 0
34.48271378206265 -2.426047613184891 0
34.50074844644322 -1.826318715364678 0
31.78662082368126 -5.646464163745646 0
31.76858615931351 -6.246193061566155 0
32.29698395239365 -5.961947090147227 0
32.27894928802591 -6.561675987967719 0
32.80734708110612 -6.277430016548683 0
32.78699754482309 -6.880903729617086 0
33.3409464675733 -6.609814020676908 0
6.519494838177571 -0.01304084422127534 0
6.471350026559383 0.2321440371068807 0
6.475426448457187 -0.9132147960435051 0
15.0826629059988 1.402518977775481 0
15.31394096437839 1.307595536469321 0
14.85138484761556 1.497442419084396 0
1.994106299555703 -2.230857115950698 0
1.957255907210486 -2.478126298378226 0
2.152972104604847 -2.63367426550316 0
1.920405514868589 -2.725395480815948 0
1.724689317473857 -2.569847513689029 0
2.125449612711904 -2.88243601744599 0
1.850889664398487 -2.977425139911998 0
2.03095669191287 -1.983587933516032 0
4.823676092565716 -1.492165331025652 0
7.567295446961449 -6.459281427768051 0
29.04004097076914 4.090021394576146 0
13.92351528415532 1.876099604200904 0
33.14994875199779 5.117420754670082 0
33.1319614150928 4.517690433648242 0
37.47275389698609 -6.717860762882191 0
37.98872087994372 -6.433240980081046 0
37.97744637595268 -7.041851042571674 0
27.90224763641718 1.83038832231493 0
2.550491598974658 2.545907935765566 0
16.41770145654331 3.275627484803096 0
17.6097379696515 -3.196211552388301 0
17.28940471622948 13.87176361224567 0
23.97064912645138 -2.949976025139192 0
24.22536825983668 -3.060882075982368 0
18.63493259998067 -3.453252218595485 0
1.102423312685699 -0.5080747313100722 0
1.129113219722427 -0.3644981378067497 0
-0.09263001648308133 -0.6010628986889539 0
-0.05423312765740107 -0.6270844571506726 0
-0.05485984189440529 6.908998486758599 0
-0.1369684431948155 7.560310803826518 0
2.884951598415228 1.266117788901469 0
2.904461382823735 1.51541230496033 0
34.2778397217826 12.20643542773417 0
15.30265805787702 -7.506755073179979 0
31.0638082798515 4.579882613800018 0
29.06165346697998 9.178015397975022 0
7.65183673936715 -0.1789418308075528 0
21.55830554181714 6.549473108814428 0
21.09020773288842 6.151903773764817 0
21.1690515281139 5.551422142883041 0
20.63746911192367 5.784953381533569 0
32.56096846206592 7.651664246554627 0
5.078767226300792 1.073622859711522 0
-2.404556578343886 -1.560482296124472 0
-2.335486664761589 -1.324558644957879 0
19.34755266102306 -2.687213505999284 0
19.15435041905219 -2.832358757480171 0
18.55795826993725 -5.200595286226502 0
23.26947166019832 14.07871368529341 0
1.482831282543629 7.43799635853 0
-0.3335888284592041 1.114257733721751 0
-0.3800524363168538 1.009107446378238 0
4.58205677435598 -1.408283253054148 0
-14.12469159170265 8.084265316516472 0
10.98652369029437 2.615632132275551 0
11.41411395950082 2.673332784824582 0
6.054322990572424 -3.879850410597966 0
8.394047607288607 -2.932416038736093 0
19.74521312398032 -2.381103207714117 0
19.97667601546687 -2.475576308828958 0
-6.369449428389359 -2.02378237222427 0
9.51347528701614 -13.54790985696371 0
7.520190534141459 -15.43235393544976 0
5.57857358430876 -14.03207122950565 0
2.597421201188517 0.4108303061680239 0
2.374263962216768 0.3028682043866412 0
2.577722728958994 0.1617246755919087 0
2.355117002591459 0.05375644053480642 0
1.302626033558436 4.112553508981392 0
16.75070334967134 6.888920333703405 0
9.143180652672962 -3.361521910793716 0
2.04488033867619 -3.170991144851794 0
34.29149546042209 -7.624999674469544 0
34.55325591941272 -6.982500655825499 0
21.12857449539744 -2.957894157961047 0
21.14673896223397 -3.21351563626006 0
4.561485541095998 -2.613472253818957 0
15.73098604853811 2.753316890645365 0
4.032399878784388 2.054267307644503 0
4.046086227877213 2.288324853654247 0
-0.6348126017706583 7.167719017174871 0
-0.05657925418298326 -0.6743637550952115 0
-0.01466906886635932 -0.6523718753047003 0
25.21515613654308 6.678192765940102 0
25.13861440202673 7.273290540636765 0
25.26891988162591 6.081985621470018 0
22.60309208288802 -15.43664038278404 0
5.859757685207095 0.5110971940039027 0
5.906164104209814 -0.2606369917441944 0
-0.1751842824562715 -0.5877849198198981 0
7.415790662573788 -0.09657499271178296 0
13.90109679095859 -2.793181382801909 0
13.6698187315642 -2.698257943953736 0
31.05642663494205 5.201366625522976 0
0.735305957251839 1.739912632432558 0
0.9712870798913276 1.751015372081167 0
26.72425100349847 10.39330691849433 0
-0.01278925159918387 -0.6069515904508775 0
0.02516406676348382 -0.6302486252509441 0
0.02713085734470155 -0.5873952908174864 0
0.06106861051466161 -0.6095619267067681 0
0.06320595438020327 -0.6525078567474989 0
0.1020216078190526 -0.6237599646611529 0
0.1030224328080784 -0.6797392902176955 0
0.1452464346956326 -0.6531674891976323 0
0.1468799467131632 -0.6040661744560293 0
0.186618647548757 -0.6281656631740311 0
0.1865745295180972 -0.5823061763299731 0
0.2255101495082847 -0.6041807975502247 0
0.2299169043099596 -0.6521970309591204 0
20.43466124967911 3.110687354200778 0
8.863000080377315 5.651143514711539 0
-0.805747253051889 -0.6373711422044049 0
-0.9333495945007773 -0.668653184708847 0
-0.8944906244157114 -0.5529826446566972 0
-1.013814579833999 -0.5747321210115104 0
15.68812567582695 3.407179280920855 0
15.32099753176994 3.163100167273595 0
15.31483597844297 3.655899913098289 0
14.93770195361242 3.41802457199748 0
23.79930653384086 -7.202635285567819 0
24.16671220658731 -6.627726526016782 0
23.51269705111336 -6.606005278959168 0
27.99439741777884 -7.182752528997761 0
7.052132980777102 -2.710943458444474 0
7.287367161685613 -2.800669614938113 0
2.766698588697224 -5.194805967682999 0
2.293494543187387 -4.866769041849407 0
26.76534945226614 2.215481962132086 0
26.88289455042531 1.627448605572466 0
2.079911466730279 7.194879798476028 0
-2.946785704390573 2.561202896851524 0
13.20857732241224 7.309927695221483 0
21.24609272053352 2.524728146543878 0
21.06214588555364 2.355430975134803 0
25.8960903930553 -7.173592947444833 0
6.282993262297728 0.0679962165708215 0
17.5970487487781 -2.670340661182026 0
17.36722453330183 -2.577299271566215 0
0.9572578310767597 1.346298970839579 0
-0.9705671503574482 -0.46083520381702 0
-0.851096762536633 -0.4394966039210347 0
-0.6782644157215039 -0.4319687667888972 0
-0.925883063001784 -0.3643215920474897 0
-0.6034642724928929 -0.4163937235455989 0
-0.6517516691534322 -0.3665427968502605 0
-0.5917963702044347 -0.3519822338907369 0
-0.6307924137798437 -0.3071359396646247 0
-0.6913962542925276 -0.3174536846519965 0
-0.6681782916149146 -0.2586838375051395 0
-0.7294997975908863 -0.267253160671004 0
-0.7052575231154705 -0.2091985860220418 0
-0.7694944239163082 -0.2155897025498786 0
-0.7436458930239382 -0.1541635073634493 0
-0.8136141323116561 -0.1623282539664656 0
-0.7844868416240836 -0.09842254174967011 0
-0.7108888442437173 -0.09640473208200676 0
-0.7543272876752702 -0.03902689373451607 0
-0.5317568078611252 5.948765947458879e-05 0
-0.6923403781369295 -0.03835982613418502 0
-0.7183575336444168 0.01662925794226144 0
-0.7901076580935325 0.01546497044383261 0
-0.7604947078788342 0.07288043239232232 0
-0.697691202705002 0.07689432451951536 0
-0.7305891902559019 0.1279903410662412 0
-0.6720204612585476 0.1288914573271728 0
-0.7016076407527869 0.179142880306872 0
-0.6448843843738867 0.1754610872401049 0
-0.664135745524808 0.2309921462333594 0
-0.7323726850273999 0.2303429695455206 0
-0.6997691386376772 0.2833295321715536 0
-0.6424903181191901 0.2872563052772644 0
-0.6683952430996101 0.3359798964455199 0
-0.6116430184951724 0.3354805157036347 0
-0.6363101650669485 0.3861351349156453 0
-0.5697686006892067 0.3802784921004614 0
-0.6026244666644942 0.4352564600840565 0
-0.5432659336105523 0.4325082861426652 0
-0.5711521127812293 0.4858086542898459 0
-0.5128820154341831 0.4822752447726268 0
-0.5384104368429181 0.5363914973328945 0
-0.4720909261507025 0.5281524794253535 0
-0.5050299394004902 0.5893303558614051 0
-0.4450145649820669 0.5846084542722731 0
-0.4712795458202645 0.6449316042643926 0
-0.4020131191295615 0.6333098833771534 0
-0.6335415560587023 0.4899173229376508 0
-0.5717434585008281 0.5939110132293119 0
-0.4355151360116256 0.7038224536118306 0
-0.5104932451573934 0.7092465345241746 0
-0.4192533531626186 0.5364698543839835 0
-0.644471649152683 -0.2014751559909558 0
-0.6565960151418402 -0.07774550558267915 0
-0.7677274236091467 0.2868544428412017 0
-0.3652968871028648 0.6986391275008195 0
-0.3338467228392314 0.6395850846227364 0
-0.2990781881518956 0.6929272944806117 0
-0.2713462790798431 0.6358964818780641 0
-0.2379741508315618 0.6864101246251489 0
-0.2132687999501393 0.6327458082612138 0
-0.3072774296905685 0.5883143550847935 0
-0.6976498839841963 0.3902925765089601 0
-0.7955503817163763 0.1299253057339431 0
-0.481689535147332 0.4268473361990954 0
-0.4685995407964256 0.7791278313009006 0
-0.6433641091082585 0.08371960696820241 0
-0.5548333146103701 0.7826974707428962 0
-0.5602859926078043 0.3271842902581858 0
-0.8596627865267443 -0.1037208813196182 0
-0.1808891929226224 0.6805581672687031 0
-0.1592553472767868 0.63205973154437 0
-0.5755566741373261 -0.2996067045805927 0
-0.5415568217546074 -0.336635630365075 0
-0.6384699391642528 -0.0348120941792294 0
-0.1234744644371943 0.676848306545121 0
-0.1023526105828108 0.6241321722426746 0
-0.07548895952637125 0.6689328405619382 0
-0.05265520465067652 0.6266364572621324 0
-0.02823809226037 0.6655306267521544 0
-0.007262832308892797 0.6230772256756033 0
0.01846497052111928 0.6614380761755185 0
0.03918567838644904 0.6194742886817699 0
0.06496927426261578 0.6575084709253616 0
0.04631122759920636 0.7020411026854502 0
0.08558991230472301 0.6155831067657493 0
0.1115110120528069 0.6537765272584939 0
0.1322827407419123 0.6114751158875138 0
0.1585601275355408 0.65007001256029 0
0.1797145895436358 0.6069794804523521 0
0.2066667953833772 0.6466768660817279 0
0.2284583159450584 0.6021945723260167 0
0.2556225690591916 0.6423760956770043 0
0.2759652047470844 0.5971834360307957 0
-0.88959627744741 -0.1777496642239692 0
-0.1846492567796751 0.5900677261478654 0
0.1323837540844757 0.6977499929486209 0
0.2348133820693477 0.691953856110589 0
0.2902509218121487 0.6886685761838445 0
-0.5059849313936358 0.8776539863354583 0
-0.6094353115373217 -0.07007880434963237 0
-0.6242487003865715 -0.1119884127714135 0
-0.3246234332073605 0.7564575263377646 0
0.1539926069008928 0.5728083994193944 0
28.34293749116132 2.195534118896728 0
-3.054556635045893 5.14298065266912 0
0.136968822215831 1.535688750149136 0
-0.5393226079207007 -2.101294720094316 0
-0.378235313755841 -2.292478982972323 0
7.244751109430005 2.987956594134337 0
-13.68057713887018 -5.630112319805542 0
-12.76036114801869 -3.777577757163358 0
-14.39675347261331 -7.892473134208498 0
-12.76669152649462 -9.447352050127206 0
-0.6088560080909584 3.211837885588595 0
17.35843425907711 6.648307998086396 0
2.198406976746845 3.063124405883114 0
28.37440872270431 -6.630464822900317 0
29.05292970506816 -6.528917419907293 0
27.74069944361988 -6.612413874305609 0
3.648765379567375 3.184877437165701 0
-1.887001310405244 -5.812276453545836 0
19.30374842140971 -7.332058964165823 0
19.20045917237718 -6.248225124182711 0
9.650681452714252 -2.443961467970816 0
9.835368838440781 -2.290564552886261 0
-0.2056285835144802 1.517417566524319 0
-7.616885232337751 2.426933804677579 0
9.712490606255932 -8.483213662583651 0
7.103796802463874 -6.843205511870755 0
-5.777605190174727 0.1642938826330069 0
15.46243433586993 2.848242378264317 0
15.18567305312133 2.898218928222811 0
9.810160050175812 -2.057321884908455 0
10.02679344132442 -2.13161262942738 0
10.07543134537056 -2.36359447750572 0
10.2590451974218 -2.213691143653071 0
10.31182348453431 -2.443454890526332 0
10.49513066272231 -2.293356890257508 0
10.5446814842392 -2.53444858093267 0
10.73021578664982 -2.378427218338938 0
10.37034644468037 -2.673051699588154 0
7.935996773345497 -0.5065836262382766 0
7.986228495601946 -0.7456760115359338 0
0.04250850477430923 6.299223281022933 0
12.54077258118044 2.745823312976358 0
12.65531664868798 2.497008088575895 0
12.91133796874341 2.429120410333304 0
12.71532192972514 2.258941396364331 0
12.47611877951826 2.31796156303145 0
12.95699561981791 2.195790498641556 0
10.78034510017049 -2.617801590560386 0
10.96861867470885 -2.453874903036566 0
-0.7575786301300198 -0.3292567615651084 0
-0.02908895808744205 0.5910649904037221 0
26.57478155035037 -6.090008286653161 0
-1.810774686658416 -2.987809401868292 0
-0.7559480334253976 7.851123989385584 0
20.53904004297834 6.372060473357085 0
20.04625678454002 5.93477732516885 0
19.97931805238773 6.587342943319001 0
19.50434224058239 6.24600865501689 0
19.42425437008671 6.823587940919404 0
18.96009130235939 6.459933504618803 0
19.06252162332677 5.925350789536752 0
18.49731112902562 6.119453561754226 0
-4.00856008360576 14.47277334373672 0
-0.01070142755506964 -0.7003142685272943 0
6.999065336003597 4.655832005504115 0
38.53972865119468 -5.554659422254419 0
-2.737978397825366 -1.36759211281248 0
1.010449290286161 0.1660542368113939 0
1.128213272136732 0.1653616863809339 0
1.070058809338947 0.2643441969265695 0
0.2249203229995054 -0.5608807896909205 0
0.2625953800468785 -0.5803495600169217 0
0.262268529864814 -0.5381818442547435 0
0.2993168244276756 -0.557636494163495 0
0.2987890766124224 -0.5126237020131457 0
0.3377621604071948 -0.5317059104233355 0
0.3393485041546604 -0.5787857754398107 0
0.3787039750167853 -0.5535737538731708 0
0.3769597416960195 -0.5047548886487581 0
0.4185619590568503 -0.5266365749620594 0
0.4150768916256951 -0.4783013853044243 0
0.4587146203583821 -0.4993777046662445 0
0.4532066261116565 -0.4535074951823 0
0.4988036924338601 -0.4711912552726258 0
0.4945566639496182 -0.4209896099037648 0
0.5407694123673963 -0.4423466012106907 0
0.5307168483590221 -0.3889773416450238 0
0.5020790586758235 -0.5236801076147199 0
0.4104392188995121 -0.4362471297624542 0
0.5846542799495964 -0.4128387052618516 0
0.5781204738187178 -0.3597337763890662 0
0.5331948109416373 -0.3374766234209996 0
0.5722526917089272 -0.3097169991523966 0
0.6296224524471299 -0.3786607442808176 0
-6.483423120695704 -6.465852195879902 0
-6.050337874327056 -6.935523452918737 0
-5.43948089992249 -6.776419394822943 0
-5.609668708795994 -7.407281847864235 0
-4.976590262243093 -7.223887468299749 0
-7.01864621931977 -5.906220799052504 0
0.2485763227682973 0.5602848471618118 0
0.2925508914250834 0.555763919719124 0
0.3239170076344671 0.5903549303264798 0
0.3364406267055973 0.541667045805267 0
-3.232158495268997 6.209207911776265 0
-3.641527629294631 6.727167965747655 0
0.60645833055354 0.006376929504249354 0
0.6245749082861707 -0.03203354198927325 0
0.6695022979552085 -0.04114902045732826 0
0.6342049728679342 -0.07639654707814336 0
0.6884648023902642 -0.09198333758759561 0
0.6553986703026862 -0.1264565479141466 0
0.6086507870693563 -0.1180593472088323 0
0.6255358155734161 -0.1623708279024149 0
14.0632185714824 9.108522915197339 0
32.15717658108364 6.329780089414951 0
21.00246592519448 2.596681029314926 0
20.8192978957272 2.417917313035658 0
20.7633528731296 2.67227527188204 0
20.5792560468953 2.488563646689878 0
4.906038883322871 -0.8470984821436437 0
38.56523750825744 -4.349474805998251 0
38.07022101954008 -4.034581313416862 0
38.57779523718356 -3.746083714685247 0
38.08683130666806 -3.434222402220158 0
38.61301170439232 -3.146190717898737 0
38.10749220863629 -2.834361152342538 0
37.57990168771529 -3.119216017235587 0
37.59850860371004 -2.519566542984508 0
38.12739434064353 -2.235512506719084 0
37.61694988795583 -1.919997591124992 0
38.1454154510158 -1.635778277366459 0
37.07034073126065 -2.803927233910609 0
37.63505006330428 -1.320294462375881 0
38.1634611721868 -1.036053728794482 0
38.67052192084772 -1.345397971268899 0
1.300659725758234 -0.9328966134542438 0
1.129049838782 -0.9883240574597673 0
0.98488094823621 -0.8719876934549901 0
-1.106682313936238 -1.762408244088958 0
-0.4037609848985575 0.8547914663124889 0
1.493950348574867 -0.8959321957460271 0
6.900641278929054 0.3150362960369663 0
-0.4568618219955134 1.113833957661007 0
25.50225368278863 0.1932210600679062 0
25.37191445900491 -0.2690821702889504 0
22.38730442317214 -2.528641413465141 0
0.8260019664653129 -4.32690639637772 0
14.13237484824883 -2.888104826776791 0
22.75012183749944 5.445251978314188 0
26.62946664680682 -4.291071990722386 0
17.23378363147677 -1.586658103690834 0
25.5827227440196 -4.246850106456955 0
28.76051138014274 -2.55410880969466 0
28.7785460445105 -1.95437991187397 0
29.30694383759074 -1.670133940455035 0
24.31139621354041 0.8867587426893579 0
29.70909898009615 -5.58399025378041 0
7.157863450584477 1.846714429639832 0
8.347677819805266 1.124341400747916 0
8.116392966543199 1.219261970542036 0
5.474701016494627 1.367442126015633 0
4.681659148254529 2.395494698502797 0
4.453212366714306 2.496931282817063 0
15.61483722279224 -0.9221940145124592 0
15.64827014039387 -1.169948409066117 0
12.08155287666436 -0.6421909263017361 0
10.19514312716686 2.004308319305711 0
10.16171020956523 2.252062713859356 0
10.35955535034711 2.404893667101816 0
10.12827729196361 2.499817108413001 0
9.930432151181732 2.346986155170541 0
9.896999233580109 2.594740549724186 0
9.699154092798231 2.441909596481727 0
9.665721175196609 2.689663991035371 0
9.467876034414731 2.536833037792911 0
9.434443116813107 2.784587432346556 0
9.236597976031229 2.631756479104095 0
9.270030893632851 2.384002084550452 0
9.038752835249351 2.478925525861637 0
10.0969855160634 2.741273460731153 0
9.00531991764773 2.726679920415282 0
8.807474776865851 2.573848967172824 0
9.643856109291301 2.940320456977416 0
9.395646486397634 3.044380823258204 0
8.77404185926423 2.821603361726469 0
8.576191488697672 2.668771703009944 0
8.54276292924995 2.916526685458645 0
8.344294991765103 2.763616301372109 0
8.310291178392783 3.011972493357795 0
8.104964150359924 2.859247420933261 0
8.075361623317253 3.131983054042286 0
8.97188700004611 2.974434314968926 0
7.856682978764796 2.965472936073209 0
10.56296617582303 -0.7209805165379719 0
14.12687011968637 0.390609817015585 0
12.04811995906273 -0.3944365317480907 0
7.224742776088649 1.351209879887827 0
7.422558791392703 1.504032294475586 0
13.00391274537049 0.61747262901786 0
15.67895069316763 0.2216545169445827 0
6.904263607823874 -1.975657614445292 0
2.300384725086761 -1.644593500026797 0
11.38496633668598 1.281936718196146 0
11.35153341908436 1.529691112749789 0
11.41839925428761 1.034182323642501 0
14.06000428448312 0.8861186061228764 0
10.52954341739446 -0.4732245379432599 0
10.29826705220647 -0.3783008326252313 0
11.92613112290809 1.985101250908081 0
12.77263468698699 0.7123960703290428 0
27.73982650725899 -1.923144042331961 0
7.918550213352891 1.066431981469579 0
7.88511530609163 1.314185572548223 0
22.18266406537134 0.59475730922532 0
22.21609731995887 0.3470037357275458 0
22.44737543450669 0.2520804312589943 0
22.24953032258401 0.09924954833120347 0
22.0182522690104 0.1941730013615031 0
22.05168520801111 -0.05358134105384846 0
21.82040714756892 0.04134209524134507 0
21.85384006839392 -0.2064122914585685 0
21.62256201020455 -0.1114888496744424 0
21.65599492862232 -0.359243242239582 0
22.14923111110392 0.8425116144438822 0
14.49463220716397 -2.334688538035065 0
14.52761315560192 -2.581857829156261 0
14.79002374186026 -1.285763433422918 0
19.31253379210042 -0.8016117549270195 0
19.5103789328823 -0.6487808016845544 0
19.47694601528066 -0.4010264071309133 0
19.70822407366418 -0.4959498484420893 0
31.80465548804856 -5.046735265924809 0
24.26691940612711 -1.898909885558693 0
24.46476454691208 -1.746078932315797 0
24.69604260529609 -1.841002373626914 0
24.66273068840501 -1.592953164546768 0
24.89694325061444 -1.692051638023355 0
24.85996435329897 -1.432207728126492 0
23.47278397653616 -0.8708767155444412 0
23.27494109754408 -1.023707363572397 0
21.42471687016066 -0.2643198011188651 0
17.33403392285138 -2.329858552295168 0
22.12130341030387 -2.188447445214253 0
22.08787049262979 -1.940693050670422 0
22.48080839513814 0.004326141546285999 0
23.07434343598452 0.4628180717625195 0
33.44395286035076 -2.394810658204721 0
32.91555506729154 -2.679056629624237 0
33.33961758381157 -5.996000891417024 0
33.84610800289874 -6.308666971531202 0
32.36912260986401 -3.563031498864044 0
31.84072481678381 -3.847277470282985 0
6.615693034045789 -0.5036775183202147 0
14.12367345394852 2.029783818238655 0
6.054705205703999 -2.141455664657136 0
6.006382287384221 -1.896796742770576 0
26.51123321614134 6.138078793042505 0
21.38680061406382 1.618574449657541 0
2.169957920599248 0.4443976182201825 0
7.234304171844238 3.235714601762034 0
18.2172946714195 -4.708674084065603 0
23.28604350608217 -2.661616183388473 0
-6.380462878885037 14.33828869130444 0
17.9578430346946 3.062468787561887 0
-2.661218729136388 -0.6815725711258075 0
-2.472102949774321 -0.8807833753800545 0
-2.412603442164556 -0.6250351297309541 0
-0.1990149280046154 0.7390090891850647 0
33.90559316883714 14.1803570612048 0
0.1864189905351843 -0.5396105957813652 0
0.3716304438404308 0.5831903574745607 0
0.3889078191128732 0.5362708122588213 0
0.3599741269181678 0.4990403873450931 0
0.4047784106714047 0.4916688937353769 0
0.4204803415975302 0.5803613674434502 0
-6.595653216837142 -4.834085576270581 0
24.69390003107601 1.101405268599778 0
24.62659284551489 1.352338796534841 0
24.79447205316712 1.530977560921023 0
0.531659361557395 -0.2911720103726931 0
0.5663049450050348 -0.2649272285118715 0
0.6084518240552157 -0.2813384442026023 0
0.5272025799345172 -0.2476714241750202 0
0.5607227774508665 -0.2227697319791613 0
0.4980631080022633 -0.3151804928881778 0
14.85177415901843 3.889661277572776 0
14.40872591580813 3.497953838003637 0
0.7668950270636685 -1.232018589273053 0
4.526566383111972 -2.861029247086275 0
4.75951921973339 -2.769365593950514 0
0.5888708595407977 -0.4799471879453635 0
2.902404361316189 4.542675310049714 0
21.68005762888771 -3.179397733685619 0
21.30595115711998 -3.489101385406356 0
15.30852557562411 -4.759121783285492 0
6.56421283855377 4.294909364414974 0
0.05838717858441811 0.5790216220574085 0
6.361791427984501 2.874561613707056 0
6.323489979968773 3.131353157097691 0
6.53737409182664 3.374080324829836 0
-5.649628984106929 -14.03100297120667 0
-7.995149564044503 -14.60133961106795 0
3.743985094605222 1.429564280461538 0
0.6939798168514422 -5.655463926868698 0
0.6635553616592382 -6.230374262377472 0
-0.5294339702527875 -0.289641773415601 0
-0.5551538766309765 -0.2580772219821667 0
-0.5000044173725726 -0.3235000980434871 0
-0.5089160181652375 -0.3674339417252599 0
24.55025480834126 7.594466173253229 0
6.097062219246889 -2.373673906894333 0
16.27091989546242 -6.999659971558388 0
0.5815974210792945 -0.1531277454905042 0
0.6590407953311708 0.1887960025604488 0
0.6091391615312602 0.1859309269593961 0
0.5869817727451085 0.1506509140902099 0
3.230758265206196 -5.411019383190667 0
33.29967554545069 -7.192641840770858 0
-15.20560711863962 -3.970930222023408 0
10.92562021666193 -2.223717475833078 0
11.1581747281659 -2.291224428592619 0
25.06446629854787 3.437682704121108 0
-11.9479626020865 -0.3280419751602711 0
-14.08898634783559 -0.2982550438266823 0
14.49521189430338 -6.791856191135488 0
29.61650009867734 4.001343068143012 0
17.86162623617897 3.361305473415316 0
-9.245620821955939 -12.54498717520643 0
22.61729244467237 -2.626048722390451 0
22.81098812982032 -2.467836888118278 0
38.4891582721101 -6.784133149252401 0
25.59955945787229 1.750315774968931 0
3.333896217906554 1.486530116699738 0
6.373187471755089 5.887231409872767 0
12.53693820652615 2.08197921322116 0
0.4245265527631066 -0.5787518997260598 0
-4.613407239631552 2.231080933628066 0
-2.435697366802405 -2.871675779684673 0
-2.588870477378867 -3.176659578896791 0
2.003376649024767 7.876561601849391 0
0.2666978033799445 0.5216364198077362 0
12.01134233154525 -10.89765926624093 0
14.35097030420773 4.151536635079864 0
5.738699783271505 -2.696131167104227 0
0.483677757749394 7.946632938924857 0
4.418696397235038 1.098679710956688 0
0.7820475595361831 3.82998845815368 0
0.8510631933483968 4.454275550397138 0
0.5654330533849503 0.1830683683480493 0
0.5825317520725459 0.2214041214816688 0
26.05486717121785 8.0544634622179 0
0.5241198093642083 -0.2072796123036995 0
4.320444156284759 -7.032957865859915 0
0.6722638763315132 -0.1735433144959221 0
1.10871230652412 -0.02506000766401699 0
1.046693913214167 -0.1188720102751232 0
0.5888315480194066 0.04674331125614421 0
7.614876706788797 0.04603116036119946 0
-0.5962552906228709 -0.02976687443745774 0
-0.6158345762488935 0.009073358632385682 0
11.18587998731015 -6.480043117470974 0
11.69152646468783 -6.089784088582179 0
12.25015370397126 -6.257060617050836 0
12.13386684244938 -5.638780315736547 0
11.50442858043034 -5.521794997221718 0
12.70269122574128 -5.818122084730807 0
-0.1284768644336864 1.673002068613174 0
38.67589475403651 -0.7724807978825718 0
38.4807221611628 -7.403204371959654 0
12.52583581538569 -12.95672411490516 0
12.30779934898958 2.118793359951756 0
12.23675767918606 2.386969092360046 0
-1.789768642782251 14.3643874467341 0
6.207973657643215 -4.887716089280056 0
22.27726230544963 5.08944239586102 0
-0.7013982251041462 -1.91487724307556 0
-3.178390960799419 1.597184145412988 0
-3.374380517272055 1.025483073810026 0
-5.533973981129224 0.6963610340849338 0
-5.192488065278935 0.2435457919951798 0
0.3782653107301339 0.4588127725520009 0
0.4200159485800334 0.4494906791789313 0
0.4489912914196026 0.4821677068852012 0
0.4628485240243094 0.4394334325241859 0
0.4352021008238189 0.4085115451840676 0
0.4748911199764301 0.3965626193072165 0
0.5092746108555097 0.4288295921958671 0
0.5175905242420278 0.3837152140369182 0
0.4858069641624461 0.3551603138520252 0
0.5270115868412617 0.3402578117952544 0
0.5659914095543428 -0.1133947767739235 0
4.098669842820216 -2.797260057410929 0
3.902953645429115 -2.641712090287009 0
3.866103253129531 -2.888981272761042 0
3.679544170423962 -2.734797985472149 0
12.20420551279451 -2.915365974230117 0
0.05277918635516343 -0.7133744550675815 0
39.05924067820149 -4.701231488535234 0
20.89812524279571 2.216324645662081 0
16.62354978555025 -6.569837502308014 0
16.81254592353692 -7.038215803036116 0
-0.5935532827050576 0.6908094731717478 0
-0.6485481034137592 0.7844415310679728 0
0.6216914677490504 -1.315452350062708 0
-5.353443867385637 -0.3098357792615599 0
-4.806292143944001 -0.2180207545290714 0
-4.9713340050362 -0.779984594973083 0
-4.437815346024045 -0.6469120170103299 0
5.702448180527741 2.878047267970928 0
5.899896347284627 3.055800069569058 0
12.80612749748123 -6.418004167223306 0
-6.40235895368934 -4.183407927063011 0
-5.740589933851561 -4.04790177402093 0
4.544793389715101 -1.166400644435178 0
16.86951937725101 6.289583180195782 0
17.4618866693616 6.079037563401127 0
0.1464903497205867 -0.7064875370204421 0
-0.3441232260562508 -0.4893576268568625 0
-0.30924853663128 -0.5152261174768415 0
-0.375826255026249 -0.4582675181008726 0
19.0360567072902 -7.969899309787822 0
19.82729245030042 -7.891346014989608 0
18.3632277424765 -7.850230623922574 0
6.260375788358043 0.3341965730935027 0
28.88624832862621 2.890929239527184 0
-0.1482924186260561 -10.72094029746962 0
0.9235385942270717 -11.60710836701507 0
-0.8627174151246191 -12.05148027048131 0
0.8250661879256356 -13.44348781539428 0
-2.602795135062051 -12.93352300842226 0
-0.361191699921557 0.5885970327151365 0
-0.3318475159938501 0.5440578609989972 0
-0.2874722355564074 0.5447914851356634 0
0.8966522828308108 -1.139957072389115 0
0.9253953379822732 -1.310408141342502 0
0.110819807265262 1.257970504180458 0
8.177847598581931 -0.5957487733886651 0
8.22355711361843 -0.8282560520966508 0
8.417947924495468 -0.6708967032501802 0
8.460801699599319 -0.9085530537134462 0
8.645531292317587 -0.7552325230900192 0
8.695946120559039 -0.9900008638359763 0
2.471411497294575 -12.47239174280142 0
0.2672815584409136 0.7435457548854576 0
-4.543251014161108 5.38463574292063 0
-4.325569553115253 6.010547397896144 0
0.5812492851521647 -0.02705853333439969 0
7.315287259748081 -5.299109909593005 0
-2.633890963540004 8.097687171997574 0
24.80989134651679 -6.580919984167156 0
18.69077267766941 -2.645726347760935 0
-11.01270411302021 14.05548583068508 0
-13.43824946936601 14.05116446208179 0
-0.04808989969932931 0.7100099964078527 0
5.543247794791069 -0.348975358852666 0
12.8490728289121 7.916156625006566 0
29.65257188127488 -7.221263177133116 0
3.805506408458687 3.666913781855228 0
25.07502958875865 -1.561440425070439 0
25.07523693604493 -1.307734192823124 0
24.8248486595179 -1.184211493041191 0
25.03230939197189 -1.001278746103602 0
-0.3118040670146947 0.5063288855551936 0
-0.3525691207533281 0.5035466636272754 0
-0.3324784173703481 0.4697281633065515 0
-0.3715169858442238 0.4665991417580438 0
-4.603704822808869 -1.213720999973081 0
-5.16451345669156 -1.349164131883316 0
-4.793317951915585 -1.776475850540088 0
-5.34880034470272 -1.898848918690702 0
15.19175515702518 9.944261719772943 0
-0.5837206234485723 -0.1058610981868515 0
-0.596818628498152 -0.1437746485703638 0
6.270624699097495 6.902948588950595 0
11.21003426313749 -2.521389083250074 0
11.39484284014723 -2.367736957301214 0
11.34614677586665 -2.124184256358022 0
11.57849315681639 -2.216682683906428 0
11.6299838505653 -2.451988105097898 0
11.81408081737025 -2.300149953010364 0
11.85609239388813 -2.522461458196413 0
12.04277345632508 -2.35638816125106 0
11.67862956749469 -2.69404878628496 0
11.55986137593901 -1.97079664195961 0
11.31254594508193 -1.878469015697427 0
-3.838764353262265 0.3257996053812429 0
4.638478219022671 -1.64411476973658 0
4.407166402057439 -1.579658004063075 0
20.43968015522483 -2.907035693054953 0
6.174429217738401 3.527873358419868 0
3.012376614274292 -14.4601631981968 0
0.636897108644531 -0.2074003481532423 0
0.6862424432927892 -0.2206869106333653 0
32.81421602609591 -7.529753453306018 0
21.57367709919273 1.980493050982975 0
7.820074181842422 3.212295387229455 0
7.957905511742775 3.472846608090077 0
-0.3512983221734878 0.4358707177367991 0
-0.3911363015319083 0.4326189720502991 0
-0.412236188388011 0.464658515111713 0
5.068510269183783 -3.006080244093742 0
3.98048952508242 1.561754466276122 0
-8.003399879074529 8.315980809114263 0
-3.2116854854784 2.126239207603488 0
20.69278421837714 5.185764918207453 0
33.40158336482596 8.151769372557164 0
-0.8066150979218438 0.2110463813307534 0
-0.8613560852354425 0.2965145904082744 0
-0.8019360923719443 0.3574358485432304 0
12.07244709825859 7.697053152735299 0
-5.743034896476496 5.01233971070233 0
-6.022162197432184 4.364733243110093 0
10.75467962886865 2.699616552175377 0
-0.6843378992477547 -0.1556088826414033 0
11.94739937321605 -2.759259557238819 0
13.70325165000823 -2.946012336454872 0
13.47197359159665 -2.851088895212107 0
13.43854067399035 -2.603334500669861 0
13.24069553334341 -2.756165453583544 0
13.2072626157635 -2.508411058977001 0
13.01279207810885 -2.653019895023764 0
12.97654699126426 -2.412117264727439 0
12.77813941664271 -2.566318570799635 0
28.4451004050606 7.139148069626984 0
28.35084333121208 7.803374435332043 0
-0.8352077738732735 0.6097272872957862 0
-0.7361570817312 0.6198052094405317 0
-0.7746060055096464 0.5351700741827525 0
5.465732073204393 0.5300493949647511 0
1.153125010801549 -0.1264812164686253 0
-0.4701237888651537 -0.3555567917593697 0
-0.4765153873165513 -0.3961059571408843 0
-0.5163379134950326 -0.4093960812333526 0
-0.4397943848630455 -0.3861351931482587 0
-0.4394351102644478 -0.4283613386669294 0
-0.5585603230441762 -0.1361281748333769 0
-0.5690810086723861 -0.1762193533190173 0
0.6433869228678759 0.3311507049731486 0
0.7199978178735531 -0.9412055661762229 0
0.4969514481205017 0.3132465072729018 0
0.5367842352536805 0.2981224773756047 0
-0.943745974972801 -0.1120164597954456 0
-0.9889723210931081 -0.2057920657681661 0
-0.9034850188749015 -0.02736530054151291 0
-1.120919899884855 -0.1912996661064989 0
31.66189834686314 5.982202157380742 0
19.73306750005045 7.877849365805268 0
17.51249968893082 3.298278036309764 0
16.38804855327513 -2.904982596673319 0
-0.79636372195794 -0.9781178329881933 0
-0.9322638188902133 -1.019698364803001 0
-1.044693064123484 -0.9089046527274269 0
-1.097729577784493 -1.071114263968084 0
-1.212737722736955 -0.9510154412117054 0
16.13803530066473 12.10847187655435 0
15.04053346447192 14.21380988121507 0
12.45822136508308 14.38747529441504 0
11.95822725824612 -2.144388395203751 0
12.22332639425714 -2.156811636026807 0
12.26885014009559 -2.470596870867704 0
-4.972495764146498 -2.361819572176776 0
-5.525223459490704 -2.471035176576963 0
-5.192952115244754 -2.946025889602065 0
0.6189462720825816 0.2848129464452993 0
0.5681844358321797 0.3268491230636457 0
-0.4405774981472241 -0.7678204250416792 0
23.97016796765648 -3.309531393848792 0
24.30284594991474 -3.400756384197843 0
-0.5140804550808511 0.3853078277459844 0
-0.4676856588747462 0.3852506411811321 0
-0.499008596169773 0.3370642407957213 0
-0.01587797592053164 -1.293225704891128 0
0.1327169772467212 -1.226861295123263 0
0.01242760509328988 -1.140025335526465 0
0.1348316525883799 -1.094323994081841 0
-0.1347701224825606 -1.191098537063652 0
-0.2825525820701582 -1.208268108301961 0
-0.09347957895648307 -1.065951783646668 0
0.8369354751916767 1.963705766765131 0
-0.1267584712716356 -0.5735622085099463 0
-0.08809900391234926 -0.5583172027653928 0
0.997780523706977 -0.4057755223541053 0
0.965519515781379 -0.546298977030889 0
1.024006287760946 -0.290123096213512 0
23.83613703842648 -6.075646454882975 0
2.567936550261244 -0.1398118678908213 0
2.78392224761426 -0.02476651875365808 0
-2.242487795673767 -0.8135553592667242 0
-2.182907810416056 -0.5655652477185671 0
5.094471384326726 -0.5315628169095092 0
25.07976149294909 -3.94410171180703 0
-10.05709333173556 0.1604401045958982 0
0.3374818199790663 -1.500742234580095 0
26.64683619049278 8.562908340593285 0
31.76380827291601 -6.824476200788197 0
13.89040375299263 3.800751414437736 0
39.13727807678788 -1.101056075034729 0
13.20640903633885 -6.026161629574109 0
13.14265758004809 -5.452000203655087 0
-0.5673735701177236 -0.4679210815910993 0
15.96513584096197 2.652748387406037 0
-0.6201690320312707 0.128592983702657 0
-0.5931312390964241 0.1721538209892958 0
-0.5954514440192327 0.0891386729137275 0
-0.6115845980860293 0.2151196076115533 0
-0.5678795066473654 0.2071967496509894 0
-0.5818261303625576 0.2488856990756614 0
-0.5443719609797562 0.2441905156814039 0
-0.5776186332864732 0.1275250150183922 0
15.37156008637345 -2.902869480238099 0
-0.1402187065503444 0.5871145239469442 0
-0.1652275422703813 0.5519175338784849 0
-0.2066002783686223 0.553285983123575 0
-0.09433711100397346 0.5834278994764077 0
-0.2637442596017241 0.5857396955561504 0
32.69029067292411 6.605258667581207 0
33.1855665183546 6.307623854865151 0
33.21852752201626 6.862403482047259 0
19.48247801916612 3.376830901561836 0
19.5867886869203 2.890226493868123 0
19.07993959063407 2.96199176611669 0
1.331647474788225 0.1551852852204463 0
2.826589360959125 0.5184854825242308 0
25.76525124379287 4.732052632684272 0
25.58466583290079 5.297426616224033 0
0.5419123027030146 0.2101995714288125 0
15.50927047804201 6.76473410529132 0
14.91615886662013 6.897919710839151 0
24.53543711693786 1.577113813872712 0
24.710659122999 1.767138202052269 0
24.45882526198685 1.811839616984656 0
24.631304038053 1.998055003403122 0
-0.4331935814265844 0.4316680469882256 0
14.08822514283868 16.37879627747929 0
10.11306253093164 -10.36497088476226 0
0.09302825138585469 0.8052671559048926 0
0.0127674237131199 0.8101565056477951 0
9.048452380050351 -2.877708991694673 0
33.4431647294027 9.323248516508805 0
21.25837085286303 4.924777719078733 0
-1.208135101889887 -2.678539905337509 0
-1.043804405351487 -2.867684306303673 0
-0.7937261405577818 -2.805324137760621 0
13.14783564519171 2.356334527996017 0
13.20246153068987 2.123472642755476 0
24.59397172805751 -2.731239397207317 0
7.927932086482796 -5.485253512578955 0
-0.2337101008173992 -0.5996814849679198 0
-0.2121591456720946 -0.5557938127079209 0
-0.2783446829921452 -0.5710944413869113 0
11.99199261026 -5.059546307568853 0
11.47631555108944 -1.714182271671313 0
-1.056529267589214 0.04935604591238567 0
-0.9318872028185599 0.1253481758466953 0
0.5369490285681575 -1.661286737061306 0
-0.4643359313546966 -2.51165429671483 0
-0.2153376670784777 -2.482133699669187 0
-0.1306002539916964 -2.246932571220877 0
-6.831794800829702 -7.197184997526883 0
0.05894913366479315 -0.5693956940345407 0
4.412507424686213 2.729214470601254 0
4.221730744171325 2.593787492732635 0
4.179167397507262 2.819443883754963 0
3.992071011750587 2.675857792400978 0
24.71834705371963 0.8491536836813978 0
-14.47972404406725 12.09661690522578 0
7.709982473661777 -2.709358962489044 0
-1.277257767112173 -1.121864973196939 0
-1.151263343422293 -1.272322657435218 0
0.2893057069814446 -0.7389899026575775 0
20.52112395742352 2.769973590871285 0
20.34183674656733 2.573220588085531 0
20.27881763228104 2.839113663072882 0
20.10810211248182 2.641595465501028 0
20.40039418779844 2.293670401267748 0
29.67123762166095 -6.181093963856451 0
30.12957913909222 -6.42771346569477 0
8.386165529650771 8.182024160540461 0
0.4936732267107153 -0.3599446723859974 0
0.4557296430683664 -0.3900863814179579 0
0.2008163586468505 0.5670226233263311 0
0.1703778326206482 0.5390972415123416 0
11.53166089302235 7.043734334991422 0
24.76154782604161 -2.336694769209247 0
8.603920735984437 -0.5483403431664573 0
28.94085802382195 3.443180168511732 0
25.14337783096955 -1.806670982055657 0
32.22139115646648 6.973596879611791 0
23.22160963708002 -6.069122473572961 0
22.86313933824122 -5.574313613985581 0
22.66247201766761 -6.105258728709235 0
22.32462469695534 -5.645328391627924 0
22.49827061353331 -5.183429274661497 0
2.921431998713533 3.846797109074579 0
-5.743382565084637 -3.055319481118954 0
4.643355112536621 -2.121048752907259 0
12.48492524118257 -2.272884652564144 0
-0.9475961272168227 0.3586644903089349 0
0.1065824490588554 0.580595490978798 0
-2.351959362340425 -0.3733537607037672 0
-2.106675501510411 -0.323543341391223 0
10.24707859927251 -1.990054782869968 0
5.228274296901335 9.847375852615713 0
5.011188129034686 11.32305438009728 0
0.7366880450123308 -5.044291560949151 0
17.39489145881135 -2.817589382916705 0
17.16861223955888 -2.729137117834207 0
17.20132728056971 -2.975962195438887 0
16.97135273370688 -2.882726196460892 0
24.99613646029461 -15.2296933401569 0
25.93152829610295 -12.85286203452713 0
1.27658637223295 -0.2973869368453083 0
1.935486392193313 -3.834404029869132 0
0.3321522396954499 0.7417775186782622 0
4.849665799804382 0.7496258618683583 0
4.620455730419451 0.6495642179704051 0
2.831182213875068 -4.600511364476092 0
-9.750407656494975 1.825568402775431 0
0.5874626469718507 -0.08196660538529453 0
-8.89298775937759 7.183230586894352 0
0.01512923284113654 0.5853461382325238 0
28.04421482114258 -6.122129060159136 0
8.905201714260311 -0.8043668255783979 0
8.936088356368666 -1.065773555817551 0
9.121108978163695 -0.9041659012647955 0
9.169769701646722 -1.149044523641969 0
8.74480570701529 -1.23276959601955 0
9.353379433854782 -0.9708914033935878 0
9.405713685093396 -1.230509525062564 0
0.6016852029574409 0.08650346916801857 0
0.3762884991477247 -0.4610141208999867 0
0.3350836765722107 -0.4828954736432062 0
0.2914521644950074 -0.4736770254883565 0
0.3691277127851116 -0.424718381061765 0
0.4070201557603319 -0.3981000214369175 0
1.342345304158389 0.5631895249326271 0
1.182359442009183 0.6757186187014829 0
1.195742095990461 0.8619287879850539 0
1.036320678481715 0.773444884299379 0
1.018832480833508 0.6195276130829592 0
1.038053518180616 0.9460884284567754 0
0.9017090339528746 0.8572317774407379 0
1.218139553992053 0.4374685156586904 0
0.8898208897004682 0.6916346963819341 0
0.9004386686326704 0.5529370934739103 0
0.9983053084105293 0.4711516416042923 0
0.7859779299805325 0.7892536935629981 0
1.194305514159694 1.070509396731063 0
0.7703937369998748 0.9290477638672866 0
4.258831241011981 2.14845343915406 0
4.233500795154993 1.911096608468993 0
1.078970882530577 -1.200061737032339 0
5.607126586562076 3.111430694092675 0
35.78063418136409 -7.030891312888298 0
35.42233043110205 -6.565970267406 0
35.41782163731982 -6.040692870973119 0
-2.501962404883388 -1.787152341473775 0
-2.337588909445358 -1.982528997596621 0
-2.583102303279873 -2.022492248038624 0
26.2131117168997 1.840748573743491 0
26.43194563294789 1.231880063478464 0
26.99074173087092 1.049737541593812 0
26.57175146986842 0.6500249786544159 0
-1.059437203058506 -0.6986926032110294 0
0.5605931622825757 0.4673733270988294 0
-4.873349251128987 0.8006454477919334 0
-0.1268380146392385 -0.7371281619572579 0
9.89256672348335 6.897538367682756 0
9.832340801035713 6.25270292895806 0
10.42312590756596 6.491812903769032 0
10.2957907732408 5.869520322870253 0
10.8431433111698 6.040218779946579 0
10.73792184958596 5.485748567373677 0
9.755626239137275 5.626733665465926 0
-5.706523534122439 -1.384710678373189 0
9.368540348674578 -2.825419223321473 0
-0.09469158584318471 -3.994143471415509 0
-0.6591016866930861 0.03866968397719943 0
-15.03250547652593 -10.24221462476717 0
-13.23716377374695 -11.8260392446574 0
0.2841839471557588 -1.306746402221752 0
-0.607574116126532 -0.2523096295309069 0
1.063204815103798 -0.6482344183789179 0
0.9372284789224103 -0.6661846707672204 0
1.303127545424161 -4.709748196407806 0
14.65204456139025 -13.54459042687363 0
23.73062199270646 3.369271219782738 0
-2.896063686993189 1.834325560656892 0
7.71625736220158 -7.078166892540001 0
8.016708702430162 -6.680656573047577 0
-0.4179630779384329 -0.4673760311219156 0
16.4848894389811 -5.906468457161386 0
0.1001957049005142 -2.722102092076595 0
0.5622237880382936 0.08018165523087781 0
1.095340415338836 1.945405008372281 0
1.220644041446205 1.746420439061462 0
1.34372839108098 1.930237783764131 0
0.4606631515469601 1.722147564875383 0
-0.05183192708361339 -0.5847199120925829 0
1.023053870945175 1.125583617531289 0
-5.116712641656413 -7.967863765930865 0
-4.436867906036714 -7.720797964101385 0
0.1504245502387818 -0.5595497923839045 0
0.1159172783314482 -0.5796348313008385 0
6.574791471244603 10.69392919763164 0
6.381080127202845 12.66460559425067 0
4.240225365217369 13.71245362527676 0
6.216451773614661 15.10806946372208 0
8.198676245279959 14.09071219213077 0
7.932082741366845 16.26640516422647 0
25.23769962182445 7.906264415338583 0
0.02959122748300302 -0.5462695393890912 0
-0.3506313564795107 3.593650125975122 0
-0.09951786497710202 3.278200460976623 0
-0.3533242422445415 2.898487953194181 0
11.59612409982995 2.79326712891365 0
-7.359281264394689 12.00733285736019 0
-2.641858854244214 4.722855439233328 0
12.36242013674898 1.903004518116419 0
27.15204137506586 0.5318431448253622 0
-1.213791806045489 -1.538361090045834 0
37.93621729793747 -7.679321245068442 0
5.425294949932203 -7.575509603274348 0
6.575529322658497 -2.549621527368998 0
0.7441597782262619 0.03394029615524898 0
13.70794163012298 8.006178727122855 0
-4.472878251207963 2.814639990336129 0
28.45668317261228 1.650681717409361 0
27.99907144357785 1.196683960915766 0
28.92148792841848 2.033241039805556 0
36.42261995920646 -7.332778570885278 0
-0.3643754787632876 -0.7461386766565794 0
12.69546149331624 -15.47014556636551 0
15.29228703821913 -15.92781234030571 0
21.43020358104044 7.342672111930975 0
11.31400563293918 5.662961946752672 0
11.14659109114978 4.990385529553521 0
11.75839575130284 5.260802830995326 0
25.75718584444976 -1.854053974608175 0
21.82568986619959 -2.963003633519426 0
-5.850494149767757 -8.173726985553856 0
-0.2694758360210319 0.504203176929797 0
0.3313473931216961 0.4632593746669637 0
0.3225082324000041 0.5022429954184198 0
13.27412845101134 -3.00391984797565 0
11.73230690295915 -2.947360646493661 0
11.98233626027647 -3.033730085232871 0
0.54549312391784 0.1465760315525901 0
-0.8960859998811834 0.211284989887733 0
-0.5651503473546509 -0.06569236098973842 0
27.54388158529083 8.10393234334561 0
27.52995124480915 9.252554664726864 0
28.29251752618074 10.49221884992964 0
37.14604029527227 6.431278661621564 0
-1.723670848957026 3.378175138720885 0
27.31337948520169 11.8866857167848 0
28.03947130018846 13.71142675893914 0
0.3543600055115625 0.6326578449166491 0
27.75981244482132 -14.94984061833531 0
0.2067378830751192 3.593568082196802 0
0.3724253878790353 3.146754489112 0
0.1158808434528034 2.89191174229576 0
-0.3205050173373927 -0.5819146462673216 0
-6.843293059293877 9.721699552328758 0
-1.222859467845881 -0.5105787284324499 0
25.08367911504025 1.486594781211545 0
-0.5002634612895918 -0.2054761018154417 0
0.05585497617050095 0.5326514802698257 0
-0.1981455601506141 -0.4943063949209415 0
-0.07134299593591109 0.5262601436954619 0
-0.4517801596616611 0.2817008786451477 0
-0.4908470077747449 0.2798229008445147 0
0.5378276258045869 -0.02211529241369166 0
0.4393159792088088 0.2977434742205146 0
0.4388881229750083 -0.2981914276204969 0
-0.5319023125077678 0.04144568739465364 0
-0.56780439445415 0.02259178510810082 0
0.3854595061012915 0.3696913143902817 0
0.2533818509931507 0.466793388999201 0
0.4812333551356822 0.2284788741106576 0
0.5030556517754956 0.2688161782919004 0
-0.4895674292250316 0.2083085362067603 0
-0.0308471738637337 0.5290494381784407 0
-0.3996376398544985 -0.3467480116304213 0
-0.271774231422075 -0.4588295993607819 0
-0.3392063551449347 -0.4083577616403167 0
-0.4011215906381143 0.3497548312950934 0
-0.1181007688538127 -0.5259329650702814 0
-0.5175201577603463 0.1284258459493945 0
-0.4512766003263806 -0.2797953940448837 0
10.95993287388618 2.892888267882216 0
-15.86348828905808 14.12073023727703 0
-14.70166538778842 16.27262330460368 0
-15.59015687352206 -12.71901323158347 0
-13.84145384976609 -14.15653475419338 0
24.3686455392191 1.388550686050416 0
-10.16060894551935 -15.21031358764903 0
0.4115841320312654 -15.74040013693423 0
16.21700409110328 2.561025674384173 0
16.2615589403569 2.318178970741331 0
25.84033766002479 6.303395715899367 0
11.83700331002528 2.748964484679915 0
22.41944730389044 -2.778879675632855 0
10.412219146215 -3.158982313631772 0
11.26017600055366 7.717641167130497 0
18.20159882904679 -15.09181407268478 0
0.5512464857355965 0.2542648552288433 0
-5.345037749724884 -3.504008023888709 0
-0.548418133156904 0.1599558579353085 0
-1.455733437862373 -2.731250229240883 0
0.1397173918262844 -0.5184930979466656 0
20.72144477436285 2.964570640181795 0
-0.3387592601872527 -0.625944540082978 0
0.258557574277404 -0.4987135421398128 0
-2.847007304123739 4.057374089022423 0
31.70434686392495 15.08596545416221 0
16.5695020063169 16.13590339187533 0
9.680530868659794 3.257568897827117 0
9.895552464807972 3.097945020678997 0
-0.2732062640313444 -0.4974037964240225 0
-0.4055890993649527 -0.4106819255193109 0
0.8879422107078998 1.019026867749735 0
2.768166459797543 -0.2292355648210296 0
0.1978262638078565 -5.254023854351781 0
0.3042433238743989 0.8097574077790666 0
-0.4713327720729978 -1.855228791643893 0
5.225013155968361 7.137821445466112 0
-16.01841808297336 -15.06233881918892 0
25.60094376606941 -3.623633817443298 0
23.48336074393358 3.937673439301473 0
22.8535206269889 4.227053893560267 0
23.01476562906023 3.689308274104445 0
16.30923898246317 6.4434361136725 0
16.0559523334246 7.036320008875522 0
20.825926625782 -3.86536266378968 0
21.50202833581026 -4.035418587379046 0
21.97449479138245 -4.452783076309587 0
18.83174809283742 7.000354792697054 0
10.69207421826574 -6.181654296263627 0
10.91214367483687 -5.656918246016265 0
10.62160825892681 -5.26814678447885 0
12.17340863668572 -2.687169110094417 0
12.40319425446048 -2.747237124688736 0
12.46798691000866 -3.039338015532076 0
2.636085453688162 7.608165614661718 0
0.6300915070806834 0.235892773626032 0
-15.04651131250947 6.095867727484587 0
1.025830209254025 -3.005610463495834 0
-5.275914856579988 -6.175038918130049 0
9.282110806393208 3.392593260312897 0
-2.984554511396635 -3.363947241962614 0
-2.581537317155028 -3.656377584600953 0
-2.473203390865086 -4.254715476992445 0
-2.040979986888527 -3.799524748418658 0
-3.068366243481183 -4.572528202279621 0
-2.565787289846565 -4.899563385235888 0
21.90479353121811 -5.111506544788047 0
0.5779628204043856 -0.8952353320784834 0
9.309523557211655 -0.7398492971062988 0
2.360378282550833 -2.789111282207211 0
17.61524547679941 -3.605059085417397 0
39.47507497876128 -7.499944427888297 0
39.4219542574208 7.557657500181204 0
18.80587493402996 -4.60124131264226 0
11.24591906783344 -1.637263939966154 0
0.4873632321695069 -0.2284504554967816 0
18.72505581021539 -3.965802838448796 0
7.180556170256928 -7.5411243080227 0
0.7251723239499643 0.209763164012265 0
0.5929348572796638 -0.1945313739852854 0
12.02859303850953 2.548219380284474 0
28.85088937010659 -17.48738154312577 0
22.33282827004926 2.631864286725898 0
22.37724819844833 2.383182708671908 0
22.61105024851368 2.290845199585679 0
22.41801383471428 2.134971686969989 0
22.64761879767775 2.041516951051177 0
18.93378277444419 -3.193679712196626 0
7.089397202459823 -2.973577399598419 0
-0.2360628355600234 -0.5193143107356365 0
-2.276478285911489 -0.1508871539547802 0
-2.035725312505729 -0.08584324355936691 0
-2.215811885120303 0.09850502722133961 0
-1.967562100402246 0.1525457793583154 0
-1.817886464753942 -0.01444011675053687 0
-1.75397249671812 0.2040863930690783 0
-1.902123034768788 0.3826881824442662 0
-1.656326881522478 0.4251324251653578 0
-1.833341517752848 0.6106410525875087 0
-1.605425955615155 0.6760560750359761 0
-1.767228393973806 0.842428337696866 0
-1.543584248338053 0.9010603721618149 0
-1.702627697565754 1.074613854181995 0
-1.475909897800154 1.126389410716515 0
-1.635774492130155 1.311974218513401 0
-1.406368385559009 1.365799491190077 0
-1.990378403939275 0.8051337726116894 0
-1.565129898424452 1.551355470783893 0
-1.338429864613357 1.613648507926858 0
-1.489465181990363 1.789795092526813 0
-1.287633141362093 1.854506589406123 0
-1.452682099356114 2.031662536881604 0
-1.672798668586662 1.952506932507263 0
-1.369358077764746 0.7230701529303125 0
-1.329247533674906 0.9438706573058719 0
16.13091280244224 3.499715179065498 0
-0.9999234607219254 -1.41830878366364 0
36.09024160650397 5.913546096170943 0
36.55784630781343 5.612655951367602 0
0.0366221782084093 -1.017346193269089 0
0.7641287424284471 0.6638518362822394 0
-5.135763958700084 5.088964278586298 0
19.10097207187052 -3.658109187061688 0
13.38073945947248 2.282247533574776 0
13.44061713626924 2.047176587984922 0
13.63009179871947 2.210278865324554 0
21.96864122147501 -6.640398826109067 0
17.12320906250979 -3.548177393352588 0
13.13782237770137 2.612675890595706 0
-2.289496517026958 -1.06752444666847 0
0.4570558298993781 -0.3376569079269734 0
34.22805740704727 -12.44384879036058 0
33.36117925414929 -14.67102895031508 0
-17.27159932205084 -8.475337293125715 0
-0.5164892852188245 -0.246263237433878 0
-0.5504499963034366 -0.2163381238123115 0
1.703253600223574 -3.22573920750046 0
0.5267579424689295 -0.1064959450372945 0
25.77917306382174 6.935126751344182 0
0.4476664235034136 0.3685937847065398 0
23.82437859589902 8.023288238777019 0
11.05707225896136 6.55855628965176 0
-0.4199472389518419 -0.6902488475666539 0
-0.757536477611751 -0.4442942495514433 0
26.26321471284624 -6.665847065673941 0
-2.600473211434185 -0.416719896076217 0
1.205392757615847 0.2713971268945323 0
0.324747253135488 0.421095085777883 0
20.44149009764478 -7.573605790192008 0
20.54857956688317 -8.365111878289957 0
-0.7902647451727702 -0.5251186978694791 0
30.69357036842303 6.350867120336551 0
-3.574188430747721 7.912149465885134 0
3.919982212362368 2.933054042426532 0
24.54830950459013 2.660041234744687 0
24.56802134294215 2.417306118908245 0
24.78308749769336 2.315337051814399 0
5.691416571270801 -2.471555775241922 0
5.008308355522537 -2.716850513878239 0
13.68592568890575 1.964991890034864 0
30.78982863327224 5.78997516821713 0
0.4524037007776958 -1.345246596301386 0
-6.124467508196503 -3.58154120371435 0
-0.1569262873705242 0.5104579924387905 0
11.54967415872749 6.45107689656455 0
0.2650268168709964 -1.132872228370385 0
1.251494918661583 -1.366077085958962 0
2.318440531495606 -0.2187437781156157 0
2.130358188061998 -0.05401967368743776 0
1.886884937380497 -0.154512657784289 0
-1.314200351574579 7.315974646759397 0
-1.452275566321768 8.223590052904406 0
38.93757161715676 5.297216506005356 0
0.234980615829997 -6.849949979711384 0
-5.348013878247709 -4.535946790230591 0
17.93894957080558 6.375683190007304 0
-0.5062570682294449 6.52999898136929 0
-0.3985658090753379 5.932527208709589 0
14.62336228399369 8.186599767102214 0
-7.164899461011107 -4.311052717228204 0
6.449351642153674 0.4954339739230025 0
6.226697057627904 0.6082234084770959 0
2.789014981893558 -6.378799076594103 0
15.81249252817875 -5.811142463591334 0
-5.15787339654209 6.244556947209625 0
30.50194704740195 4.817114125317808 0
0.6139569816015182 -0.5477243879444936 0
0.5593368485772832 -0.6083022364240986 0
0.745035057942987 -0.121335876357728 0
-1.45312150082137 0.5290319092221211 0
0.5280557549014482 0.06212323664657229 0
-0.5550901940966355 0.2822653850226244 0
8.110319461691855 10.32849243151011 0
0.6403826241248129 0.9757620146638272 0
24.03305224880404 -11.25262094545529 0
-3.465657321512611 -7.329836731766097 0
-0.461134071244409 0.4743829032098176 0
24.35904459879715 2.278131288044135 0
7.145594795965187 0.2254536891507205 0
-1.609810532312661 4.462260999270331 0
22.44752527566659 1.888373910722722 0
5.281464164374234 -0.6836100846229283 0
-0.5131880011155072 1.005583171178065 0
25.28768610528324 -6.948313547327844 0
1.275646045104159 8.224960021176235 0
11.43510322906848 -4.887305963138927 0
-2.690293295269363 2.649956823799817 0
-2.741957153380577 2.394729456871264 0
-2.560499874781165 2.23642014521153 0
-2.774937230174004 2.192161223592359 0
-0.2497590819679445 -6.360687515801636 0
26.77094394305316 0.003216785740122042 0
33.96980575697484 -7.006057520464011 0
7.542707849497594 3.068241927094745 0
4.061929715673975 -4.585131295438997 0
3.64738724772513 -5.01596415745075 0
15.77586893971832 2.504754335633899 0
1.83814615629619 -4.49243842911786 0
-8.625848074300606 -17.12965552899268 0
-4.848568380906174 3.251452363983234 0
6.198818216161442 0.8466991551060696 0
9.587365275865267 -1.054095455262902 0
6.029757643660597 -7.177768434439923 0
-1.841568599243693 -0.2604110206640917 0
7.90880477113725 2.704268144261688 0
38.57221427396246 -11.43241347077746 0
36.5622571591277 -11.87227038668972 0
10.19984668554278 15.56685802962889 0
-1.244164198203578 1.158449259142049 0
-2.04144972394157 -6.38219794720975 0
0.4062569547972164 -0.6435223148378216 0
-1.502564866131348 -8.885287249521312 0
12.32063258513027 -4.541477788595889 0
12.6108506786386 -5.098229325499295 0
22.29768417691536 4.105911149278363 0
21.76358551061548 -2.731703281466516 0
21.95577167446935 -2.579188106568629 0
39.47200836315095 6.281502997713849 0
0.137601321315902 0.5144228286623572 0
1.356240996676798 1.506419339719103 0
-2.969336537274616 2.291465989159947 0
0.6048679354165323 6.069939919089102 0
0.6942621914566871 5.494635613211831 0
0.2157305378776719 4.726442934470306 0
24.20762580944159 1.879071852508284 0
27.34788083400552 -7.11638948552444 0
27.11113621239818 -6.539638420702218 0
23.12564754128946 -7.113294154238141 0
11.17295212848553 -4.260820684930918 0
5.441233361858516 2.868047792478559 0
12.53495901100667 -2.530394476647544 0
0.393112071888476 0.4131049921679025 0
5.51659124608302 4.547559301429254 0
5.825722912358261 -0.02151012361860691 0
24.94935207053646 5.164755473502178 0
13.51681590699976 -4.585481124591873 0
-10.88384142944208 -10.6513339677335 0
-0.01380533298292974 -0.5621332387629977 0
22.69047817329764 3.322767251201344 0
22.82448867016083 4.867028039884929 0
39.49458484300059 -6.290689061886725 0
10.14979502580547 -2.995170257915935 0
10.0429186333263 -2.749554946796794 0
21.41205973058872 -8.765010246759068 0
38.99676353545179 -5.942141820206469 0
26.64481285147488 15.38473436251441 0
29.05913024201494 15.89839277008011 0
-1.933993530715705 -0.5324658520331719 0
-4.365056286999714 -3.264257809181784 0
19.4698310804953 -4.720569253497965 0
-2.346169339666275 -2.645060241708188 0
-2.495527818389743 -2.454062068593921 0
17.01581458668799 -3.179250056978241 0
10.10878021969499 -4.466628022499216 0
36.30679515799717 5.03733289620337 0
35.77163635971451 4.740470283119141 0
36.26445670918568 4.415582092624297 0
36.2276032564321 3.811001867401163 0
39.46986975234063 5.658760840629001 0
38.95438717869261 4.58381983994632 0
10.71429173871516 4.49389517605852 0
-0.2346476506334323 0.4786851881849666 0
-0.2239358737842014 0.5174596021675707 0
-4.178093315413834 7.246970672280487 0
-2.139764870717748 0.330756570943412 0
25.88739993466811 4.1515464903847 0
7.523778125464153 -4.541654849739556 0
-2.089087521241851 -1.275291594682116 0
-2.022715617059074 -0.9847287569677223 0
-2.551298067100287 -1.162529294471682 0
1.835932169878836 1.724293093144752 0
1.858099621173148 1.966307259417579 0
1.599076339057547 1.891462245716607 0
27.88275366505166 4.581253858213931 0
4.330698320174964 5.645480421535579 0
4.269657813499477 6.21975213678665 0
3.713941036854471 6.436285980087728 0
-3.345618353244664 -5.104918688092074 0
-0.7063081569013203 -0.6445209745545196 0
13.69715335105984 -5.1841478717207 0
16.49912517748457 2.222634796470497 0
5.653007094779039 -4.675180829246315 0
1.999517919137768 1.08183477034425 0
2.202326364459529 0.9380381927938355 0
-0.5295789655961958 -0.04164075645369125 0
4.305495333134637 -5.791334057035014 0
4.364816106548838 -6.380406607956911 0
4.906320060984861 -6.60218565688434 0
3.838833761926605 -6.182276623553124 0
15.05576882054948 -4.237071995907526 0
-1.500204953220607 -1.59867457753199 0
4.807416358467787 6.009873031052282 0
4.754828567768516 6.598536221083823 0
19.40755606570246 4.89287292159743 0
19.79615164365113 5.33667738323512 0
26.64806824679045 2.805807639119986 0
-3.505902738821089 4.017742818968469 0
-3.204167537514653 3.574824076198452 0
18.81029580390472 5.00602373961993 0
2.083698595577935 2.073733957679502 0
2.12004093201123 2.320631304954181 0
27.43187611519587 4.18557299882863 0
7.993594231076116 -6.159198610877274 0
17.63059037076148 -4.702458302923977 0
24.62593621438776 -1.343001400435455 0
-2.44705572216531 5.327335147455881 0
-2.868131196415522 5.7421972497626 0
3.105816023585527 1.383931318036698 0
3.112216550677479 1.167245802097273 0
5.406971176479599 -6.220524464466451 0
5.431556945656471 -6.867946913646198 0
7.257734054976019 2.739824538381814 0
24.80270447022041 5.749695607142707 0
2.698354639083968 1.656907720228117 0
2.923946932101648 1.764683654333082 0
-2.091111471267665 -1.939069392371567 0
3.475575200267172 4.188752391536205 0
-2.17580788529523 -2.174215834913207 0
-1.469413805897057 6.637678254576137 0
6.427687040748801 5.380334724980057 0
28.2772849278627 2.79767076778905 0
21.09781142528087 -2.705100244715068 0
17.41495447466499 -6.271288157072274 0
3.225683233069423 6.101554479928628 0
3.154415279030515 6.67176325459754 0
24.10787480671078 7.140716315342556 0
2.472739444974919 1.549097780093477 0
2.353742499824796 4.79849362041962 0
1.898665596884834 4.342199248110763 0
6.739293169968366 -5.095453759663589 0
28.44884002616258 4.37720847074331 0
6.396219775113566 2.626100873268106 0
6.628029275946385 2.531884902298106 0
-1.522674482062659 -2.277664410109889 0
-1.360895129195026 -2.468012074322392 0
18.86180453177749 -5.720045175863135 0
6.531837211701484 -6.664907491831794 0
27.08069479163561 5.9484318403447 0
2.914172745254233 0.9968248274242704 0
17.62545218331547 5.235069266938453 0
27.45118601569132 1.434732648298705 0
14.27803028636455 -6.258613361472844 0
17.03725193716161 5.348453460455709 0
2.717837449326556 1.906173239946734 0
8.144073674725885 2.610640226668133 0
8.37774578546199 2.515888193788156 0
2.849995539937201 0.7572096270837317 0
2.126976346675085 6.571143524574817 0
2.775637682434681 2.653852471224122 0
28.33433594773098 4.974650887567075 0
28.55710468153137 6.546323674440602 0
-0.9488303403032923 -1.956930680928894 0
-0.7081871232768293 -2.568028865043813 0
-0.5389234405055241 -2.765399811780592 0
3.149432269590363 1.872670864743452 0
3.168987033104987 2.121739710207713 0
2.12172759303642 0.1904840611074107 0
29.80519353396901 5.575718148998683 0
31.82269015241619 -4.447006368103786 0
38.17883679869563 -0.4397709925551401 0
38.79823044673584 -0.1785581709678732 0
21.88991064151349 -2.093375507191435 0
21.85657331590551 -1.845744859899194 0
21.65872498873352 -1.998571688231728 0
21.46090215275515 -2.151431515834473 0
21.42746551768616 -1.903672308887637 0
23.03489956132099 -2.601580610912126 0
30.03572475788541 4.413008616396316 0
23.50627526016595 -2.764598708384642 0
19.27634850966994 1.085499960189246 0
19.50762656805329 0.9905765188777581 0
19.70547170883608 1.143407472121993 0
38.21381179352682 0.1584158332262445 0
38.73696142632324 0.4498242888581402 0
38.7279609194626 1.026006597854662 0
39.29417359362573 0.6875811547147141 0
27.70376348329683 -3.122602003335987 0
27.17537008253638 -3.406848089957532 0
15.87640789036715 5.621532325667244 0
37.1066518930094 -1.604540285673335 0
37.12469741300502 -1.00481565801105 0
36.57826758998135 -1.888791563902361 0
19.73890462643762 0.8956530775681582 0
19.93674976721974 1.04848403081111 0
17.46506168986026 -1.681581545002005 0
17.49849460746188 -1.929335939555626 0
17.69633974824377 -1.776504986313156 0
19.97018268482134 0.800729636257419 0
20.16802782560326 0.9535605894999386 0
17.89418488902565 -1.623674033070694 0
17.92761780662728 -1.871428427624321 0
3.431620011525505 2.728182632003302 0
3.649823443795899 2.847151431150642 0
4.047722218827898 3.250635591161967 0
3.451164219632798 2.960835673318038 0
20.20146074320487 0.705806194946262 0
20.39930588398677 0.8586371481887386 0
24.19730120609974 0.2359562241134185 0
19.54614112875488 -2.531846143595563 0
23.96602314771624 0.3308796654245796 0
38.25363699114622 1.96258977802793 0
38.77659556287744 2.256946966053579 0
38.92858791267381 2.884467713325773 0
39.37172446378793 2.416447184579351 0
37.0523443869976 -3.403675251649136 0
36.54220096140244 -3.088250420975428 0
19.51319474459847 -2.287137334073412 0
19.47970895458993 -2.040216929666001 0
38.31112606395009 3.168364751343735 0
38.83705684914653 3.516912110489681 0
39.22470231773979 3.952892303894813 0
15.25257985882903 -1.475610315553684 0
38.00261281927169 -5.834263459128685 0
23.47003411334759 0.7684809426005718 0
23.43660119574595 1.016235337154225 0
23.23875587825419 0.8634039533633572 0
28.79664688586352 -1.354774033467307 0
29.32499365830176 -1.070433217451294 0
24.16386828849809 0.4837106186670475 0
22.81238522062664 -0.833860448583928 0
22.84581813822827 -1.081614843137564 0
22.64797299744642 -1.234445796379989 0
23.01023036140851 -0.681029495341452 0
22.02498063686059 1.832614708963591 0
22.22364986289283 1.983758202858838 0
34.02645437290131 -0.3113779844049986 0
34.00841992493449 -0.9111068892791174 0
29.16526032769742 -5.8680034812468 0
18.42085447616805 -0.6696723842359467 0
18.45428739376967 -0.9174267787895932 0
29.19974707949026 -5.262669487286692 0
20.43273880158837 0.6108827536350638 0
20.63058394237027 0.7637137068775328 0
34.93897291778856 -4.54071723305233 0
23.73544001993315 -2.861528659952762 0
21.39128395254601 -0.01656540659696966 0
31.40250034429113 -1.132878952558793 0
36.66844359811763 1.109851864217773 0
36.15808048085988 1.425334790225318 0
18.32055572336317 0.07359079942498958 0
18.51840086411476 0.2264217526094208 0
23.67062920484421 -0.7180457504908691 0
22.11855104547609 -0.549090124650417 0
14.52531276602579 -0.9430855971910274 0
-0.7971465231430273 2.797462374715063 0
-0.9544971388745758 2.945780537422037 0
18.08927766497966 0.1685142407361747 0
18.05584474737801 0.4162686352898249 0
17.82456668706138 0.5111920728935704 0
20.6363075627843 -2.513987546691841 0
20.6637567513563 -2.758981247067391 0
22.64521989219333 0.4049097201608371 0
20.59715102476867 1.0114681014312 0
20.13459490800166 1.201314984053602 0
22.21884979828107 -1.292353308311239 0
33.16787895088075 5.715608081486434 0
30.87410255217957 -1.417124924009384 0
30.36373942370126 -1.101641997615402 0
24.72788813936953 -2.088970975733971 0
23.63405444884231 1.169013407586192 0
23.4031029635301 1.263980917906108 0
17.82203996536594 -2.766515998101985 0
3.548371625554266 -2.083346959239138 0
3.511521246689038 -2.330616152779069 0
3.276091403860419 -2.41507735174179 0
18.02241182461766 0.6640230199490215 0
19.04507045127209 1.180423401472918 0
18.81379239288623 1.275346842779551 0
36.61433870075776 -0.689334479068674 0
5.322306251827269 0.9301101690909925 0
23.26948370225628 2.255155177299329 0
23.07178012536308 2.102241851670088 0
23.30288957235695 2.007271058427259 0
23.10554788387675 1.853803242630395 0
23.5008839154419 2.16013286610678 0
23.3363024429411 1.759498520815203 0
23.13854455204576 1.606564447656653 0
22.90868484374962 1.69947118506679 0
23.36964814553624 1.51171320818 0
23.53421770191937 1.912345868771018 0
24.39778286976923 0.3947462739222003 0
3.647760363038567 0.05031238518704766 0
20.36862533121301 -0.5329657778219824 0
15.4504249996116 -1.322779362309549 0
23.6037657837541 -0.2225366356140129 0
29.83534415671715 -1.385892664838484 0
29.85338336894102 -0.7861722212329615 0
29.87141626523439 -0.1864400366455504 0
2.617200285471483 -2.447937137460057 0
2.815805538776049 -2.598636412460117 0
3.043219738917464 -2.503996001774115 0
15.78200181080025 -2.160965987280993 0
15.81385376058364 -2.406673762390189 0
16.04534714656759 -2.500089464741212 0
2.532942105499663 -1.552875647763213 0
2.569790963014563 -1.305607025881806 0
2.765507211509663 -1.461154974273621 0
4.894434727986098 -0.382346743182428 0
19.64411060328879 -1.639798379899135 0
19.44626722492048 -1.79260153347006 0
4.11259176262376 0.2337968846358867 0
0.2665799836245846 2.537048911423388 0
0.3395832000672456 2.781160462490897 0
13.17389992644227 -2.26048555536844 0
15.84611528117575 -1.017117455823651 0
15.87954819877735 -1.264871850377353 0
16.07739333955924 -1.112040897134849 0
16.11082625716084 -1.359795291688553 0
16.30867139794274 -1.206964338446042 0
16.34210431554436 -1.45471873299968 0
16.53994945632626 -1.301887779757224 0
6.695297600935612 2.036559889546957 0
12.74228648489581 -2.325055485281382 0
12.46137253194588 -2.009744382025943 0
8.314239239804841 1.372093402370679 0
20.10391435522786 -0.1902879419571866 0
17.00250557309327 -1.491734662379634 0
16.77122751470976 -1.39681122106842 0
17.20035071387514 -1.33890370913716 0
16.57338237392789 -1.549642174310889 0
2.38577101899955 -2.541251353317905 0
17.96305227691792 2.798358461815317 0
21.12932534156682 -1.313244890862782 0
20.93148020078496 -1.466075844105263 0
21.1627582591684 -1.560999285416395 0
20.70020214240144 -1.371152402794096 0
20.73363506000308 -1.618906797347735 0
21.4915827055289 -0.7598285898242099 0
14.75659082436678 -1.038009038605789 0
30.98276684135374 2.181234741262328 0
32.82602719707761 -5.678170593109174 0
34.410575124711 -4.824963204471161 0
34.39254046034446 -5.42469210229144 0
34.92093825342388 -5.140446130872968 0
34.90370126558245 -5.737618528135625 0
20.66676922479979 -1.123398008240447 0
17.16416543144566 0.5482080059808915 0
17.362010541585 0.7010389005268935 0
17.13073247809441 0.7959623320553312 0
16.89945398252376 0.8908849417055553 0
26.66431651295857 -3.089272951578657 0
26.6457364001882 -3.688681052165031 0
12.94208917270098 -2.166959179764157 0
5.278938387776093 1.210640456288747 0
19.28186557622161 -2.193020083236928 0
30.89213721653053 -0.8173960261882068 0
19.21498769785901 -1.697701258551826 0
19.01714231229747 -1.850536072859781 0
19.67754557703958 -1.887520341502652 0
14.32746762507263 -1.095916550850798 0
14.12962248431442 -1.248747504035621 0
3.850642867851064 2.468678222791351 0
21.25755228231753 0.9744521720512738 0
19.54105948565467 0.7428221243236105 0
3.500028123459873 -0.938698478764795 0
3.267485434868344 -1.030439381468082 0
3.303482138820922 -0.7824670152668087 0
3.070643267340937 -0.874539989265181 0
3.0346955415878 -1.12215440118675 0
20.96216075355865 -0.07447291809459756 0
17.26446418425052 -0.1950551776800419 0
17.06661904346864 -0.3478861309225059 0
16.17218736270836 1.423410560332947 0
15.97433916841289 1.270575761316759 0
15.74306060111047 1.365498561665631 0
16.20561418718191 1.175645388937952 0
16.436891738963 1.080720792448823 0
16.83534098508514 -0.2529626896113189 0
20.36587296638518 1.106391542742417 0
17.56260807783726 -0.7854874080985149 0
17.52917516023565 -0.5377330135448668 0
15.77649708114463 1.11774865384802 0
13.17107732052369 -0.6212993750710049 0
13.36892246781598 -0.4684684059661223 0
22.34706387390587 0.9953124091172419 0
18.87790586327933 2.419195374270505 0
19.07220330268652 2.563382461737229 0
19.30643777888227 2.475662241905805 0
19.2596694097503 2.735990625520065 0
19.50429027153671 2.654116328940975 0
18.91684351053666 -1.107273661411944 0
16.73779459710813 -1.149056826514751 0
7.802235021713809 -2.054294101922587 0
17.55985562906412 0.8538697515881071 0
20.17078019043115 -0.6857967310644526 0
32.60357405460647 4.233444148506911 0
33.11393572281469 3.917961266024649 0
33.09590264250324 3.318232320577672 0
33.6242995040727 3.602478320000039 0
32.5675071914586 3.033986278722567 0
32.54947337760443 2.434257355325396 0
32.02107572627643 2.150011379643715 0
32.53143598748829 1.834528539471604 0
33.05983330259733 2.118774525263798 0
33.07786858814176 2.718503404414756 0
33.04179799017406 1.519045647220773 0
32.00303773981037 1.550282581723806 0
2.254253602195491 -0.4974351832773043 0
4.294321665760922 -2.952798430863809 0
4.498295188107654 -3.061203700197025 0
4.055356240392223 -3.062484590751442 0
20.68363675232059 1.903331758014746 0
21.91795345867541 0.9374360448519613 0
16.27523848034112 -0.9592099438923781 0
18.0530923825502 2.055625955854302 0
17.85524724176831 1.902795002611857 0
17.6239691833848 1.997718443923058 0
17.65740203790892 1.749963928098203 0
17.4261239690125 1.8448873491975 0
17.88868014496861 1.655040580383563 0
18.08652529775161 1.807871556688228 0
18.31780335813531 1.712948119220758 0
18.11995821599502 1.56011716337028 0
18.35123627553484 1.46519372427994 0
14.3301446580437 -2.735176363100806 0
14.55367311467802 -2.837853120533174 0
20.46617171919 0.3631283590814014 0
20.66401685997188 0.5159593123238789 0
20.1737479073582 -2.324629352832915 0
20.20287186176098 -2.565329559235791 0
36.0318378323439 -2.772767494562363 0
36.01380316823426 -3.372496392391394 0
14.47400359320291 4.794600354086609 0
8.612397203438659 0.781667853114435 0
16.33935195071651 0.1846385875646746 0
16.37278486831815 -0.0631158069889734 0
27.10317934343069 -5.805762315234219 0
8.275226210805652 -2.216409150013547 0
20.00361560242289 0.552975241703583 0
21.95138628766516 0.6896814343982172 0
15.68170305799508 -1.417702803620777 0
19.63860587363305 1.638916261229642 0
13.86491149510301 -0.9060697003962295 0
7.973912317972751 -2.802719634100291 0
8.140772639039707 -3.033164074980801 0
7.541591629568284 -2.933629853339421 0
17.76045321861915 -0.6326564548560518 0
17.99173127700266 -0.7275798961672298 0
17.95829835940103 -0.4798255016135872 0
14.45569487549081 1.191780110884323 0
3.614336511257379 1.191731162446607 0
4.64089530308669 -0.7563335048426307 0
11.05333128878627 -2.710620308909068 0
19.17880212168903 0.1894058232782916 0
18.98095698091007 0.03657487004142071 0
15.28326041160388 -0.08400738954033495 0
15.24982749400226 0.1637470050133114 0
12.11501705026889 -0.8898691665612806 0
13.86215914370125 0.7332876528804158 0
29.81730738730391 -1.985617649490175 0
13.73393120519574 -1.554411841032575 0
11.44925717098665 -2.599041659516518 0
20.1373472728295 -0.4380423365108075 0
8.545517486934971 1.277170040823858 0
6.31880880685288 -2.507190048671337 0
13.9290249789045 0.237778863773124 0
15.58389317538066 -2.313455837285976 0
15.61826627472007 -2.552863632179906 0
15.38799010615385 -2.461201079942988 0
15.15531323365715 -2.370799983521744 0
15.17921012725454 -2.598719088288159 0
14.95817445847459 -2.509063640318079 0
17.22827791763316 1.692054636287765 0
12.34627876387193 -0.9848324314296156 0
11.88374420121921 -0.7949330328677463 0
12.14864299075534 -1.137153266766026 0
12.57755409812536 -1.079762510000324 0
18.61594725180375 1.122515888960349 0
24.19952172791883 -1.403426450991546 0
16.6068152915295 -1.797396568864547 0
19.24842449113861 -1.94539451956852 0
8.645828247507758 0.5339127445051345 0
12.54411016908364 -0.8320349444833209 0
18.22300933538616 -0.8225033374784118 0
5.407920504365279 1.86283693027649 0
14.8234566593581 -1.533517828229424 0
12.97323218598939 -0.7741303130914298 0
12.93708181495746 1.11278291398844 0
5.24392672365955 1.461834987031221 0
13.89559206130287 0.4855332583267696 0
9.306216176062337 0.4968903694324768 0
9.108371035280459 0.3440594161900153 0
25.0039678173061 -5.710746968899286 0
24.49725970676516 -6.02753437668788 0
13.04005936023025 -1.269733298449846 0
9.072185752850974 2.231171131307992 0
24.89706501550637 -0.06054002000144032 0
24.92359564017426 -0.2977648921207598 0
24.72656104829038 -0.4495988472407546 0
24.95800121645351 -0.5443228889274383 0
24.52813870276558 -0.6019991639441943 0
31.05094334879121 3.977266840632579 0
4.699740356018043 -0.2328470177416293 0
8.280805373832186 1.619847386802405 0
12.81801570117495 1.8232198011719 0
11.08682244309924 1.872368948614617 0
15.0213018004032 -1.380686874345644 0
29.42305307759616 1.303547200906954 0
30.39980963667622 0.09781415415288375 0
29.72730218248172 -4.983288382611094 0
13.07335056702546 -1.517832967044405 0
11.54937855986624 1.68252206599225 0
7.228755876964229 -0.256863447896976 0
7.473472830672944 -2.628345452669411 0
8.840907694467473 2.326094572619178 0
15.81268236357412 -0.769363061269998 0
16.14425917476245 -1.607549686242242 0
32.40519193831837 -2.363573703214183 0
0.5831488240323175 2.859830112511709 0
0.6714617140461101 3.117852889405558 0
0.9664466690703843 3.139331554939552 0
11.02565737497895 -0.9106432271255552 0
9.896111286116337 -2.556313244239008 0
8.745582546642286 3.090474513442651 0
7.818248021560709 1.809691639266967 0
7.851681877009541 1.561939394940339 0
7.620402756962967 1.656860361882778 0
28.81475769627659 -0.7551866870011967 0
8.44805221671195 0.3814779589363152 0
10.63032718171832 -1.216850369446804 0
13.70049880579995 -1.306656183886268 0
10.22857604476848 1.756553924752067 0
10.59358577355847 0.6706129052263038 0
13.8342306428032 -2.297673356192947 0
13.63638560992298 -2.450504046536307 0
10.59083340873061 2.309970225790631 0
8.87709519839601 0.4389839317833245 0
8.747896022869906 -2.377933589600595 0
12.01575882632164 1.496969492103824 0
13.23519080375399 0.5225491877066761 0
8.609527799080112 2.421009019442453 0
17.69083493001708 1.502209484649396 0
10.69901548079813 -1.94336479100936 0
10.79432721366791 -0.8159172286263707 0
10.76079636219149 -0.568156263208073 0
10.59656607668651 -0.9688396822633536 0
3.806298814424467 -0.352441630414055 0
1.110597472216151 2.918734000081511 0
1.301761065671155 3.134945175150158 0
21.05970714153565 0.8216212188088197 0
12.01468704146111 -0.146682137194446 0
9.105618670452596 1.983416736754346 0
13.89834433050882 -1.153824295217445 0
35.029146235923 -1.542072743828758 0
14.160303037288 0.1428554224619387 0
11.81684190067923 -0.299513090436907 0
12.24596509984461 -0.2416055785056296 0
11.61899675989735 -0.4523440436793676 0
16.70793287910557 -2.538664686676497 0
11.28741994870898 0.385842581292751 0
13.59744846084421 1.075963821720837 0
7.609826731332865 -1.073061467115985 0
18.81929713071898 -2.003367669613163 0
13.60020052728455 -0.5633918446335696 0
10.39849299760446 -1.121575368580483 0
10.10116807380418 -0.5310198698748605 0
12.60822246380674 0.3118107225329372 0
9.933184516009593 0.7076288346062121 0
9.701906457626093 0.802552275917396 0
9.668473540024468 1.050306670471042 0
9.866318680806346 1.203137623713502 0
14.25785002578643 1.038948778493153 0
13.26862372135562 0.2747947931530312 0
11.71654314787435 0.4437500932240274 0
10.92516258474684 -0.1675737197458139 0
9.534741869617976 2.041324248685621 0
9.303463811234476 2.136247689996806 0
9.963865068783356 2.099231760616895 0
16.14150680993463 0.03180763432221173 0
15.34737388197938 1.059841141916538 0
32.26367926921077 -7.16881311762677 0
32.49536522061324 0.6350707871779874 0
8.463640789937898 -2.052092545571602 0
11.51572665227048 1.930246909205573 0
11.85028089583697 -0.5472526772111433 0
10.46260646797984 0.02227316287655443 0
6.567596625128698 -0.2583513310124727 0
9.537494234445839 0.4019669281212909 0
10.88897730231736 1.719537995372157 0
15.05473471797255 -1.62844126897792 0
11.21754626035138 2.52067421440066 0
9.732587010399854 2.194155201928081 0
6.900297761999806 -0.8300210729288847 0
20.22740498175611 2.103789072726322 0
20.67275868408946 2.188003114383411 0
5.578870529495654 -0.109505815635602 0
6.093693029914989 -0.09590699969060879 0
8.578957377035834 1.029418760202731 0
8.776795826584088 1.182246746267734 0
11.58556384229573 -0.2045896491257226 0
7.517602246445165 -1.728038410324481 0
7.56570975450171 -1.973329711167029 0
7.329191339992583 -1.892343589165307 0
8.843660059295336 0.686737252054847 0
10.59595525889126 -2.771671848703692 0
13.30935284139698 5.128796903503416 0
12.92679397818665 4.693739781886198 0
12.3045175773029 4.845431432149978 0
1.79402450008358 2.382692554741879 0
3.880083426429892 0.1420673831941431 0
18.15339113007659 1.312362762064036 0
14.3915810956715 0.0479319811507548 0
-3.73456518821455 -17.90627295906467 0
-2.455046895969893 -15.63246714171951 0
6.252118047432408 -17.89329223125655 0
13.79769491064553 -17.85460436391764 0
21.32550457257792 -17.79466733272584 0
33.75975278553598 -18.00825354932011 0
-17.92923580940161 8.76987704368579 0
-17.92013074230693 3.561783703435421 0
-18.00234883754663 1.186425807640996 0
-17.45427738282727 -3.869594115867404 0
23.70477165864867 17.9310139409607 0
1.230754379978134 17.93589440297719 0
2.375807200564227 15.66250090650134 0
-8.801239170077427 17.98082729792415 0
31.42053500670164 -0.5331500546743604 0
4.036257652128544 -1.65053429827121 0
11.48526508949085 0.5386735345352115 0
11.25398703110735 0.6335969758463955 0
11.45183217188923 0.7864279290888562 0
11.18521111156091 2.773339819702523 0
11.18100528971653 3.050214368316941 0
11.38221397185812 2.921294038760472 0
4.912100412045429 2.30045835562661 0
11.68595726290654 -0.9476221775760081 0
11.18712119590411 1.129105764953685 0
10.55417784949072 2.548279423942175 0
16.76609812919388 1.881290776612166 0
16.96397938692284 2.034177109109924 0
15.05198235322038 0.01091605177084807 0
4.709525670792826 2.145808612488004 0
11.10186120200877 -2.017680339901679 0
10.95860316911929 -0.4153276469104843 0
6.948395156866965 -1.075344008206459 0
8.643045580851618 2.173262120295397 0
18.84027707959328 2.656726669578693 0
18.61246178655323 2.760001209676526 0
9.879804778272705 2.839129028029959 0
-13.59065567895032 -17.90965066678434 0
8.749999999999996 -17.8349364905389 0
23.7822191138454 -17.66839601904603 0
34.01334308446894 17.85319945123356 0
21.2079621235784 17.89567405173148 0
20.24195276659949 15.79128678779743 0
-3.752912174127733 17.92589897961992 0
13.46940787018391 4.588677887575967 0
8.511628023095527 -2.297066911589701 0
7.456003239805963 1.256293498948245 0
7.124409537299698 2.09444774822814 0
11.64967731267111 0.9392588823313167 0
13.35683653720518 6.717023778055633 0
6.856169100372305 -1.730325099472876 0
21.7869742296242 0.2890964889589983 0
5.441408416257373 1.61503290810847 0
13.56676761300837 -0.3156374419775592 0
12.02529915978441 -1.769768564825784 0
11.81959426550709 -1.938870411001237 0
9.635040622422846 1.298061065024687 0
13.29908327826542 1.658840040145051 0
8.08284596002474 -1.235088677373404 0
10.52671993835523 1.166121694333592 0
10.23132840959634 0.1171966041877388 0
37.65265300991405 -0.7211444311188503 0
12.90636635739349 -0.2786215078855329 0
4.038886075905159 -0.2607374424327664 0
14.68972498925825 -0.5425002492677187 0
14.02932373170937 -0.5054843198878122 0
9.504061316844215 0.6497213226749359 0
14.72040554203201 0.8491026767429622 0
20.33519241361137 -0.2852113832683473 0
23.59990652145475 1.416668124514705 0
9.403762564039345 1.392984506335872 0
9.809257153460138 -1.578160098979233 0
9.596830223168741 -1.492766242378945 0
9.594800198112317 -1.728949693129223 0
9.384081430635199 -1.604011612512437 0
17.09729828917454 1.043714300781907 0
16.66817475132064 0.9858062557366974 0
16.23905264723577 0.9279007860085202 0
16.70160896156312 0.7380542340098609 0
14.38883649705686 1.687279239437796 0
14.6201087226654 1.592363352201499 0
15.58140430519062 -0.6744396199588124 0
11.05614189032548 0.4807660226039356 0
12.31007857021999 0.9022429529514089 0
9.997297986384979 1.851477366063251 0
19.67203879123462 1.391161866675937 0
5.012231819580683 1.55717257068405 0
11.12025536070086 1.624614554060973 0
13.63088108531774 0.8282110941915963 0
9.141964213057989 0.09638181093609793 0
10.72733824089948 -0.320402279653225 0
18.25368988654357 0.5690995854319963 0
6.53105689641 1.636017991324232 0
6.497484903444388 1.883736248173209 0
14.34417740066624 -2.949587020632759 0
14.16580776694372 -3.135859218666737 0
35.44933604650295 -4.856200159454179 0
12.97048645697321 0.8651893231734473 0
7.28109351024968 -1.647021949277988 0
10.26477346176578 -0.1305558983168525 0
10.56015285595685 0.9183672997799478 0
14.72315790683538 -0.7902546438810286 0
20.27107894323604 -1.429059914725386 0
7.02710141706929 1.198651438257412 0
7.258236253579124 1.103626907682927 0
8.93597882830905 -2.213577310456753 0
8.743361793776863 1.430000646291803 0
8.655144310070584 -3.051671816601694 0
8.450541524422739 -3.219082127884362 0
7.990626189405296 -1.890050845670332 0
8.03880705266927 -2.135106058200982 0
15.64551777556601 0.4694089114982265 0
10.79143091434035 0.8234438584687634 0
14.1630553971443 -1.496501910215457 0
11.97850175903162 1.740429577923525 0
12.57478954620511 0.5595651170865823 0
13.37165818276757 -2.107866293444177 0
12.80877707194346 -1.174820163168507 0
12.77538212092373 -0.9269732642005433 0
9.635641722880573 -0.3450321602213978 0
6.667754496802375 -1.894641675864855 0
11.74381192590131 1.834804755742821 0
9.470628399242592 0.897475717228581 0
10.03348529124244 -0.03563403371321297 0
6.034871398462093 2.073562032053428 0
12.37694440542323 0.4067341638441205 0
28.74247671577461 -3.153837707515224 0
7.952150029973573 0.8188423618889737 0
7.889623021865884 -0.2830642911957872 0
5.672539284063634 1.520291724921942 0
9.501308952016354 2.289078643239266 0
29.21696714343892 -4.667643293984698 0
10.06706717544761 -0.2833659389463609 0
14.51588063399567 6.462624875428994 0
3.454450870589581 -2.60754905983557 0
8.910772216205265 0.1914022496447041 0
8.034750891101293 -0.9897585801228819 0
6.92659003201614 1.941637954303708 0
10.49606886110156 -0.2254767773494406 0
7.561731638152211 -0.8277314511547582 0
9.869071045634213 -0.4362196968508255 0
5.237879183877359 0.443476328182292 0
7.18143780277319 -0.01699498471587936 0
37.54438099979209 -4.318925523805726 0
12.54135662860349 0.8073195116402259 0
2.961223050838794 -1.616703072247377 0
4.254965851632074 -1.782048737404653 0
15.21639457640063 0.4115013995669544 0
15.01854943561876 0.258670446324492 0
13.20175788615237 0.7703035822603232 0
13.43303607982575 0.6753793715532581 0
6.821312061922209 -2.632646975510287 0
11.02270897272385 0.7285204171575796 0
11.22055411350573 0.88135137040004 0
17.19491330562566 1.939715622598547 0
12.61089103498451 -1.327750758694249 0
12.70597135250075 1.207417812835493 0
12.73924244183729 0.9600299230267531 0
10.32190456433678 2.64018665489477 0
26.09972105377815 -4.573150004567068 0
13.13764441257708 -0.3735449569931957 0
19.64135823846058 -0.0004410593353672831 0
19.4435130976789 -0.1532720125774849 0
4.577767656524326 2.883479876402666 0
16.86877390268676 -0.5007170841649694 0
17.10005196107026 -0.595640525476147 0
9.682574221732096 -0.5939866043173876 0
29.92493516431061 3.454926498870331 0
23.30837360385451 -1.271461813627247 0
14.02657204222221 1.133872007008132 0
10.83879128261416 -2.84799767874163 0
19.54381185048392 -0.8965351962382037 0
24.9273206636797 -1.935925814938065 0
11.15368827830248 1.376860159507329 0
4.118167201873187 -1.157218555459627 0
4.324443876327355 -1.33259242360987 0
30.96459161073576 1.581510070460372 0
7.720937915962431 0.9139796011190803 0
18.4574489020456 -2.555787233869889 0
36.74234598634968 3.506784396747829 0
7.798170044045359 -0.9089529351312194 0
9.202271106293967 2.88151737305074 0
13.9317770807162 -1.401579097622039 0
13.96521002475762 -1.649333427755932 0
3.610716479346507 -0.1968962834452758 0
19.34036343278592 2.229108384265456 0
19.53809482707609 2.385929734526917 0
19.72012041657813 2.534116320020984 0
14.92100304763767 -0.6374236905888484 0
4.932136640151443 -0.1401177610236145 0
18.41559603570582 2.608253255778143 0
5.538901406723086 2.511174219518723 0
7.355683625124579 1.999513883099613 0
24.09146587615509 -3.810688831919637 0
16.63472571768537 1.233530715225928 0
23.6313997479626 2.808826775995636 0
23.58918998251823 3.04212918922041 0
23.35582979471338 3.165539664840594 0
6.299601417076822 1.730895106477863 0
35.06521518194361 -0.3426149357374004 0
16.80190806748352 -0.005208295057683032 0
11.31806400315038 1.777440582080046 0
14.35814817806987 0.2956863757044 0
4.00054036454577 1.806473197211354 0
3.721206506977668 0.5448480719700377 0
14.46119928691216 -2.086934149938526 0
4.598924904133602 -2.366440424359316 0
4.83012973187984 -2.279113096350428 0
8.790003922805322 -1.478606295684626 0
14.34427359089123 7.021948798689337 0
6.464002920397601 2.131444043395181 0
21.16000589431084 0.07835803507558622 0
7.140776344943903 -2.056661524987387 0
3.705393634189535 -2.491335521980588 0
3.082725573112184 -2.265316393509149 0
16.8231084317482 3.036544751525069 0
17.01338693335136 3.176244288884478 0
16.76250790673032 3.341278324285835 0
5.546149296665372 -0.6129109973774308 0
5.444016656727863 -0.8541065257936369 0
4.578705007539258 0.4147486024289688 0
8.271513573368388 -1.071590694074402 0
13.82872622609963 0.9810420474340613 0
15.44767263478414 0.3165779582557692 0
7.092679662007304 -1.811336186421237 0
0.8332864004517102 2.209444603490539 0
18.78586421447724 -1.755613253609154 0
6.663796923301788 -0.7489893799581157 0
4.149138857786379 0.4806535890081075 0
17.1614928637 2.187456564281042 0
7.687318035162843 1.161434678020157 0
14.69247735137373 -2.181857576440666 0
24.75629462154319 -0.6927599117194035 0
7.653846667737608 1.409124300135888 0
30.70682080974455 -6.182537706772607 0
31.23945831077977 -6.481667919946039 0
4.391269961060139 1.34599288281694 0
-1.940959572990012 2.815131359149289 0
-2.109103545513349 2.969934736024439 0
15.55067983664023 -2.06598569543891 0
18.38191682891073 2.856796651446495 0
18.27452010089024 3.195631745753303 0
14.68697267600437 1.096857004342695 0
17.49574224263402 -0.2899786189912226 0
8.508047990058243 -1.152688687126923 0
5.801858115295389 0.771859287857102 0
17.13600438490737 -2.482450796809288 0
3.916847332395414 0.3892573953433328 0
17.29191180666363 2.837161562907498 0
30.29160076627662 -3.500557588899414 0
13.93452970856022 -3.040935777355546 0
3.426356014300096 -1.433260463693645 0
19.34596670970204 -1.049366149480663 0
19.11468865131854 -0.9544427081694802 0
18.02516419460428 -0.9753342907208752 0
7.389125873791082 1.75178668902925 0
6.711904134966164 -0.9942877400972168 0
15.87679583394951 0.374485470187044 0
15.91022875155113 0.1267310756333951 0
6.266150932423523 1.978632332728576 0
19.90331684961812 1.296238425364725 0
4.153771733125891 -0.909747428570428 0
8.082960311132323 1.467016403175396 0
19.07850336886783 0.9326690069079293 0
18.50244530661467 -2.799674633479282 0
14.65354072905128 1.344610140359606 0
8.978683277737357 -1.313842463506773 0
27.2291405882143 -1.607248078564885 0
16.40621778591976 -0.3108702015426148 0
15.94366166915275 -0.1210233189202485 0
16.24451761040005 -2.350493116814777 0
16.27090906559139 -2.583902805358435 0
24.10250718239095 -2.29949523342981 0
21.02627422393404 1.069375613362464 0
3.843247754956844 -0.1051946476622252 0
27.75827967451617 -1.324356650369378 0
8.555604031123966 -1.397340820329652 0
20.10116199040007 1.449069378607257 0
21.61794259739265 1.52177015681163 0
18.92428136054055 -2.735128593685515 0
32.96965902985068 -0.8798699351669064 0
3.939496733357109 -2.395304805916173 0
18.97820461608418 1.675932190609586 0
27.66796028446822 -4.321831204604385 0
24.13054182145089 2.370575854315001 0
30.80196389499016 -3.816040515300855 0
36.52412967983207 -3.687969636174196 0
19.67479115606244 -0.2481954538885846 0
1.314175566687542 2.314603350669604 0
9.218931470423723 -1.406971945430537 0
17.29789710185214 -0.4428095722336861 0
13.40511649936421 -2.355558804124145 0
13.63363341284396 -0.8111463172570744 0
6.431244787274331 -1.813628354525118 0
3.230600939232156 -1.277710096281988 0
23.01037177685438 -2.325063239366151 0
24.59107923017017 -4.198544783691349 0
31.51075271441168 2.465493099677163 0
17.59053626578319 2.245472838476696 0
-1.373459066329007 2.480375090662492 0
-1.202825375158868 2.297254067259135 0
19.74165699126578 -0.7437042429957261 0
19.77508990886741 -0.9914586375493917 0
5.26843152024668 0.6742965181191762 0
18.48772031137128 -1.165181173343236 0
35.94242366410786 -5.768917802989621 0
35.43232000702573 -5.452593096380264 0
31.34839635239414 -2.932065646059911 0
16.60406292670164 -0.158039248300157 0
2.496092020052703 -1.800144718032823 0
-0.4740608226645939 2.416106620065247 0
13.83147858159629 -0.6583152958654617 0
33.40788353165647 -3.594268453846949 0
4.382851918833683 0.5694894661516759 0
21.72286076391241 -0.854752031135376 0
22.41669493906293 -1.139522355068807 0
33.48002216264322 -1.195352861701591 0
38.62407336901844 -2.569917214935479 0
39.10918115820408 -2.922918197010368 0
18.71624600484428 0.3792527057514803 0
21.15361699307154 1.708855046017034 0
31.63064476230552 5.439466013783081 0
37.14266176567288 -0.4051838907192313 0
36.47018882947279 -5.486750315476734 0
2.263525481586081 -1.891865914750138 0
24.40065107653733 -2.889927463772729 0
15.54521842902251 1.212671347369621 0
34.4646791177521 -3.02577651100738 0
26.11467500306899 -3.964394327254143 0
36.70475311802664 2.308863182475696 0
23.63995060428191 -2.109648413062693 0
20.56371810716705 1.259222495984866 0
23.53964774531348 -1.366385783503066 0
18.12546294740917 -1.718597474381815 0
18.28712280545682 0.3213451933941914 0
17.25620732101022 3.123109711069655 0
14.98786888278816 -1.132932479824674 0
2.374115784521879 -1.150044079214829 0
21.98481924805268 0.4419271440911359 0
18.68556545215317 -1.012350220100767 0
1.761539709823237 -2.322578331269967 0
1.528973121184363 -2.414299549364468 0
1.499023837589673 -2.652885498391889 0
1.298294031358228 -2.504683441655131 0
1.263437396559219 -2.728954706390127 0
1.6878059994014 -2.81367791118928 0
38.63740183744986 -1.967081478091831 0
20.76706797760469 -1.866661191901362 0
4.450858329438909 0.8371616343660623 0
28.23212509118088 -2.838355082845506 0
20.50235700161955 -1.523983356036562 0
27.15765403987586 -4.006283430411644 0
21.02902658876189 -0.5699817072018771 0
21.555696175127 0.3840199397390068 0
31.47469178239088 1.266035051537012 0
6.3831538530595 -1.56825223528444 0
37.56136813774322 -3.719013792254229 0
18.15889586501079 -1.966351868935464 0
21.36060339995027 -1.408168332173884 0
-0.2275671621282402 2.458937040718556 0
-0.1209409905655097 2.713967445988176 0
14.72554732302847 -2.426350730856752 0
23.87122887419392 -2.204571825829419 0
19.76029704435546 2.288466352378215 0
22.11578986903138 1.090245726679006 0
19.24566795689714 -0.3061029658197627 0
17.62672154789046 0.3583611227406278 0
22.71208646543842 -0.0905972707300321 0
17.3927156324843 2.092607849710787 0
38.30463204258051 3.76851535262812 0
20.82842908315216 0.9165446601199894 0
19.93950213204765 -0.5908732897532658 0
23.90189632439898 -0.8129706679290668 0
18.88341059293505 -0.8595192668583043 0
30.38177629867722 -0.5019172093165774 0
22.94095509102709 1.453141060357692 0
21.58912909169884 0.136265542676376 0
36.5601921716012 -2.488508476966308 0
15.28050065587963 1.555331922956222 0
24.79634135810105 -2.584265557287852 0
28.25015708762741 -2.23862611505014 0
36.96814940456806 -7.037725774908175 0
2.067820343882467 -1.736313908819374 0
20.30451186083767 -1.676814309279025 0
17.59328860920403 0.6061154768881638 0
18.51564849925053 1.865779073103834 0
19.90606921444599 -0.3431188951996649 0
20.96491311838652 -1.7138302386589 0
19.21223503929424 -0.05834857126850823 0
36.14004545657366 0.8256059041262872 0
23.83504384213761 -0.3174600769251749 0
6.194745752454242 -1.732548789265966 0
2.60662734314129 -1.058378364509746 0
24.49529486230279 -0.3544707000900704 0
23.14396193449335 -1.672047086688895 0
23.63719829900355 -0.4702910844625744 0
2.998028936427026 -1.369431719095341 0
28.2682251441694 -1.638975296783259 0
24.23339533462359 -1.651160055929607 0
24.12762132120679 0.7318754759250453 0
22.28571563317259 -1.787862097460337 0
38.37217015597859 4.958356174952529 0
22.78170466785274 -2.225463374594407 0
33.02376305352057 0.9193167572984448 0
23.24150796287719 -0.7759529983104178 0
24.03562266914626 -1.803987675520174 0
24.06907094001594 -2.051741072652351 0
18.78311184012983 -0.116256083197979 0
23.40592057591355 -0.3753675979056394 0
34.55485109243395 -0.0271319780305674 0
31.4927777638928 1.865762406180132 0
18.54908141687248 1.618024678589263 0
17.43162877225864 -1.433827150448351 0
21.19343881188003 -0.1693963595570849 0
23.43935258689417 -0.6231221148021497 0
2.802313057554427 -1.213913601104789 0
21.22687172950591 -0.4171507540516196 0
21.45814978787899 -0.5120741953881822 0
18.78035947529164 1.523101237346648 0
17.96105072422891 -2.119182822177935 0
21.68942784628825 -0.6069976366366053 0
1.736747856275628 -0.9212575921492254 0
32.51340035358275 1.234799670872284 0
23.04366316288274 -0.9287839055657388 0
37.08848514625308 -2.204221949093685 0
21.88727298689153 -0.4541666838291496 0
24.4313316293111 -1.498324537762041 0
16.93827969414924 -2.635073977303679 0
16.75111686636201 -2.78485844597429 0
17.72977266584539 -2.02425938086678 0
17.10275743922767 -2.234937149566971 0
5.958237083784966 -1.651532409331416 0
18.74967892250744 0.1314983113158582 0
17.30063357532988 -2.082146320876399 0
17.53191679960011 -2.177076449612868 0
34.53681742974549 -0.6268609084744806 0
24.36171342927987 0.6365415719094984 0
23.11052905364679 -1.42429268717542 0
18.58251433411222 1.370270283341337 0
23.30562182420079 0.367895434078905 0
23.07709601866437 -1.176538308461583 0
34.51878304170425 -1.226589815293438 0
23.27218868944318 0.6156492995385989 0
22.08511812728114 -0.30133573154239 0
22.87925101484828 -1.329369243221363 0
21.22962254100536 -2.056509547604821 0
22.28296326105205 -0.1485047953820513 0
23.00747183629876 0.9583128158845833 0
33.5701955109684 1.803291626537891 0
33.99038529229838 -1.510835788134312 0
23.20530913046907 1.111149704974352 0
22.68140590561233 -1.482200192206831 0
22.51424132299192 -0.2434282280282574 0
22.67865341448036 0.1571567989047548 0
22.87649825991851 0.3099870325512976 0
38.2326015699381 1.359298987576049 0
15.70953778632741 1.613069108660757 0
23.10777660057725 0.2150642789952082 0
23.17193209530547 1.358766895265623 0
22.45012785485416 -1.387276749866681 0
15.51176121314025 1.460373218842426 0
38.84266751155266 1.623982663934494 0
33.97235064914199 -2.110564686646102 0
32.89752040294097 -3.27878552744514 0
35.62967506196514 1.141089066429849 0
33.95431598834455 -2.710293584582929 0
22.25228271566722 -1.540107702893857 0
31.29429235933646 -4.731252339523267 0
21.19619029829774 -1.808753123417942 0
21.39403555156188 -1.655921831903213 0
33.42591819588647 -2.994539556022024 0
32.33305328112837 -4.76248929450559 0
22.05443438859857 -1.692934531212243 0
32.38715727416496 -2.963302601041578 0
32.31512619202835 -5.36229643805659 0
31.85875948111686 -3.247548572461631 0
21.82315579923127 -1.598010402405186 0
34.08054516655951 1.487809140490079 0
21.62530846829715 -1.750838531917168 0
33.35453256542451 -5.394002867420096 0
31.33036168805693 -3.531794543881209 0
31.3123270237013 -4.131523441702289 0
33.86491362334812 -5.709498834776788 0
34.36613841000575 -6.007913928697898 0
6.239855317297143 -0.8316960250708348 0
6.427747753703658 -0.6679870559085219 0
6.330569245678442 -0.1767780753933852 0
6.37909873264358 -0.4221960113217469 0
36.19584791312312 2.621593580433685 0
14.81795226057246 1.745196391980041 0
1.872197427864446 -1.58102377622868 0
1.565841006889926 -2.167082649324992 0
5.910129780927984 -1.406274051829414 0
4.727581568319036 -1.001206494575796 0
33.6062424475771 3.002750176334113 0
20.16775781930652 2.37485015465656 0
35.64770296562586 1.740818181361526 0
36.17641262427621 2.024456931220093 0
15.24702971001206 1.802993622483095 0
15.04922124988184 1.650251849647756 0
1.835328424863768 -1.828275479683336 0
1.798415146751402 -2.075380756143342 0
34.09852228056364 2.087539950542904 0
33.58819221292153 2.403021796332779 0
-2.602344427663628 1.591942750842086 0
15.14042369611284 2.532136646035981 0
-1.974178206723337 1.472662578743722 0
35.68300443285872 2.939147852022265 0
34.13451260446619 3.287001455730162 0
14.35532715990133 1.935006461281246 0
9.604349037198993 4.982888326334971 0
14.784519568201 1.992951114687366 0
14.5866644388677 1.840111856185484 0
-2.144568324387174 1.006095295385387 0
1.370186643487306 -2.012046229475128 0
5.721783241053286 -1.570746466224025 0
1.33325692930319 -2.258751596217442 0
1.100982397415445 -2.350231847856111 0
5.769926893797979 -1.815886039200965 0
-2.696100938237288 1.359965272633614 0
-2.843998989880316 1.570129125116194 0
14.90899926896324 2.625663451029075 0
14.88206551305942 2.889045318733079 0
14.62527830615833 2.937454651505945 0
33.66036859366938 4.801936122832623 0
-2.943683372770876 1.316696930510016 0
14.32189173927393 2.182761828181047 0
20.98872002263513 6.764525926221227 0
5.060746783645034 -1.573058210939487 0
3.374996581810308 1.980479247641581 0
34.15277532729372 3.886724240582431 0
33.64233405168648 4.202202979797751 0
14.44870832920818 2.823365339577338 0
14.4249152503414 3.082003459823367 0
21.0936500757371 2.13586954259889 0
-2.867863758458052 0.8900387483138125 0
-3.048159345209825 1.089935643485701 0
4.871867562816133 -1.73719517547092 0
8.664799726833115 -5.006522347764954 0
2.325083065066027 2.438384305469714 0
2.360771559315796 2.679699871094084 0
3.12876490809054 1.625915765568822 0
21.73246572963541 5.332458032587734 0
0.9045229630228313 -2.194163463794695 0
8.179626652947437 2.363003699179944 0
33.69288287867133 5.994015965329349 0
14.09002335574219 2.277501767674412 0
9.005420549645745 5.072363817167548 0
13.88482100441106 2.121709326027311 0
21.7688596350986 2.150055763968656 0
22.03947925699131 6.904227856341176 0
5.583043839705203 -1.98020001778198 0
0.6003934632603034 -0.2370957521322134 0
5.819239105853227 -2.060300591272057 0
6.430287251920012 2.378894789848076 0
23.22982348510241 5.816125386820186 0
34.18701884919052 5.08624375646814 0
26.09831116384664 0.2478275074557573 0
19.92259066185935 -5.835446299825787 0
33.67741349969282 5.400110016278328 0
23.30675691138642 5.221831653410386 0
7.444692607695369 5.06410260375261 0
34.86810515037068 -6.413543508494184 0
1.763928275869882 -5.104931807896928 0
21.42811137457393 2.695950199216773 0
21.36185947740154 2.926070375966882 0
-4.701372130116663 -5.98743753590208 0
-2.412458806017995 -2.220233363892688 0
-0.3881262022082872 2.651238310381708 0
-1.743363055621005 -5.185814203175163 0
-5.787045102072733 3.294900158894273 0
1.256455938899439 5.265499289592664 0
8.738165167190344 -5.59319210035609 0
20.00359544715297 -2.711812442770052 0
26.63166131345089 5.551517859335417 0
6.671082079599238 0.3976632758068054 0
18.83543525979202 2.888961133289701 0
18.62637687772341 3.05143302895913 0
22.80672802105807 2.445189748971541 0
0.2536387307326731 -2.223424698339651 0
38.86368657081647 7.153077392613295 0
21.92360787909183 -2.339538742803418 0
13.02178123817798 -2.882398789190927 0
13.51377624846377 -3.143642310069009 0
5.648996952821061 6.868226752677829 0
-2.389068114357659 0.2995394488617095 0
13.72691868803871 1.72074993279006 0
0.8325870802247408 1.193690744852462 0
-2.479056463962026 -5.963115381837551 0
22.15583998208077 -2.431405621736653 0
26.16047031845889 2.461976165541214 0
1.085970699741246 1.533015063163013 0
-1.855790841417747 3.049898996815733 0
2.574595492053586 2.787785688624165 0
2.585248824812224 3.043030475689503 0
2.415480087044102 3.311406531375447 0
37.49481809843287 -7.266273706697501 0
2.21117232944993 -10.76660675879798 0
3.730732017330776 -11.34319095591306 0
-3.8695600216613 -6.839812732302598 0
7.169908512832423 6.23724589257314 0
34.20859506761433 6.283875334727663 0
17.95993875945998 5.736383720867236 0
-4.830595948380985 1.569613968641687 0
12.37444065289588 -6.825284055035299 0
-3.38154550537053 0.6109456574416952 0
-3.398974432376647 0.2234378076441712 0
38.90283053741758 6.464837869381538 0
39.03530296179044 -5.321976512256117 0
0.8990430425974836 -0.3733616136962727 0
10.19164029846575 5.271321189476612 0
-0.8715997026116753 1.916095826633796 0
6.446048408411844 -2.79241185771811 0
7.715461031004989 2.548787335728882 0
16.06297472114186 2.165715037670081 0
-0.3084658202179451 0.4353966952739936 0
16.69827712016068 2.376228310454493 0
16.7320648780597 2.128839469707027 0
-4.762742663145371 -4.409651620387714 0
-0.1598048122689111 -0.5505972822444388 0
26.06576861757949 5.713127222849867 0
20.12963711515147 -6.387337130628953 0
1.153577822463905 1.297028435979881 0
3.049759730475007 -2.778325446286205 0
0.8687326357157943 -2.439721787444504 0
8.787926554030943 6.231324409536247 0
22.47968513037076 1.641339321135887 0
-0.406677479250062 0.3938856366480042 0
0.02181123350851344 1.852935171366088 0
0.555188101464946 -0.1826341341653289 0
22.84204518673694 2.19602627881974 0
0.8689187615189482 -0.9830955347567274 0
21.44076901160017 -5.585658773991487 0
6.164956073929766 2.718098212688535 0
14.77239088062408 -2.700282592480673 0
1.06051899536085 -2.578696826530769 0
0.1557867063314777 5.725696336451223 0
0.2215938266322066 0.5277397636724277 0
28.37734072581991 0.7464682586998606 0
20.426655569197 -2.658119186435592 0
22.87667861666444 1.945549448413084 0
-7.276807387581794 -5.178953775248003 0
5.869532920209517 -2.298755509099252 0
9.577326086744447 -1.967401237456392 0
-0.5919695305714541 1.144562561486424 0
-0.5188002810416901 -0.1260727942102651 0
17.58895048601685 3.733574588087849 0
24.02738425326385 3.11408551744596 0
-0.4414546651588971 0.3566232849640035 0
17.87868771344249 -4.176098220404049 0
0.9375740808238877 -0.2248477589436678 0
20.52787842545186 -9.577220139355621 0
-0.3998566663073184 -1.058421226577245 0
-1.055369081082919 -0.2822880530642465 0
2.184956334596608 0.6888145257380442 0
1.964418071360612 0.5868569312381742 0
4.481981685716587 2.250659377676717 0
14.22176180649469 2.925938609627696 0
0.2218686344213445 -0.714849258920057 0
1.69112726742522 2.1504743532838 0
21.75562422028337 3.081144281712124 0
38.22010712408107 7.401303039638383 0
-1.48129701839725 0.3613500411594521 0
-0.4693361354462251 -0.6432391582570571 0
2.009764366897199 2.858432986416907 0
1.128343077125546 -6.577777877492793 0
16.29974869141977 2.07048861413348 0
-1.282716485362844 0.5591821919065105 0
16.6048077661061 3.105504564911822 0
23.55423328071114 7.371978029693886 0
-1.308981903608533 12.48172928320655 0
0.2607119143741681 14.10117147208799 0
7.818347326723071 0.1862953755026457 0
16.06230757402795 -2.731602851152323 0
-1.700152688010483 -2.748083568701291 0
20.89616754256397 -2.851682343771021 0
-0.07563559079292226 -0.9593871464367987 0
0.07421485170069886 -2.083233233469075 0
36.22083086684642 3.208448314248703 0
-0.1652556544199157 0.7967395821403579 0
36.77140081164011 4.104332045593717 0
35.70237569451935 3.533150842610406 0
0.7249700313683469 -0.05574870779158012 0
-0.7100881239248071 0.8981576510890702 0
22.67834332258251 1.793871207451417 0
1.193578814125495 0.06838636274235188 0
6.899197750922424 0.5580918183062332 0
35.88970907400081 -14.13396813204351 0
3.06654579332207 0.5250248250213385 0
0.8072144230443392 -2.924334904628884 0
13.63694834056657 2.468583123540981 0
20.68239238484035 4.604027618179538 0
1.261966839098205 -1.123907262169586 0
9.169732140827989 3.127265268211375 0
25.70237189800098 -0.7019523857370732 0
-0.1304212707861936 0.7377701691754759 0
8.867963095172835 -6.813878543722256 0
0.2049301988377206 1.38201121119969 0
0.3140138857284906 1.530446321519846 0
0.2892050991397745 -0.6646963728191047 0
8.933003077525244 -3.099047956624889 0
-0.3075416090175551 -0.4749490428236731 0
0.496738919750257 0.4726299374110686 0
0.1804935291400387 -0.5016910870821991 0
0.9619934125688729 0.2422839767724319 0
1.002681241700188 0.3501252603437632 0
0.491206143119955 -0.5847277243429573 0
13.77454736695248 3.096653901155909 0
13.96995418176495 3.317834218280648 0
39.07485789163544 -3.503445154729667 0
4.211394301534826 0.9752507392809494 0
13.0666557078354 4.083600493448461 0
-0.3044266941846132 -2.05265522468352 0
21.50068392505995 3.09059596668334 0
-0.3176702003198191 0.9228859272824166 0
-0.3196653791381365 0.8381639820676678 0
-2.994132550384146 0.6503566752324788 0
-3.133216335338924 0.8533519596567427 0
19.63175888503257 -6.755730575198932 0
25.69283501705646 -6.606253106590543 0
24.9975353102638 3.958638426787545 0
-3.764581869048312 6.075269472931351 0
-0.8265235393952217 0.07287689322457622 0
16.49411060959576 -2.710128703062048 0
1.276352032130827 -17.97196800579661 0
0.8294542879947819 -0.8579443644668259 0
19.57424253467156 -2.771203385343013 0
19.38215199213154 -2.936477864598659 0
-1.149095212359601 0.9614824624628274 0
0.0001281380386419784 -0.7567923360590091 0
-2.826749242760414 -2.054955362329217 0
0.4546613622154538 -0.8865377113603964 0
0.3676440450934706 1.203733019383736 0
11.49880707755922 -2.848851460148837 0
22.14317114478701 2.471632615127158 0
28.59466753182082 -6.057816485151131 0
1.378077331314678 0.9838570440697222 0
-4.226287320096009 6.566975662405689 0
-0.6293800043552569 -1.691611042547906 0
24.70176701263231 -3.55434434582495 0
0.2234720070094838 -0.952274143432455 0
19.7763259170153 -2.621638977953901 0
6.130001366104171 2.954233420406978 0
13.4935035408133 1.80865568703743 0
-0.2158114707014942 -1.100174094740588 0
-0.1895784883865801 -0.9954338664914673 0
9.806740270050922 -1.822215909313469 0
-1.69966853970605 2.174535379887734 0
18.02904142668623 -7.308174811205156 0
17.28697019868754 -7.356955042845668 0
-0.5274406146795769 0.2061816363583671 0
14.78600338220318 -8.068298496026825 0
0.6089624168844168 1.907794591849029 0
38.05616670956853 16.30137673214842 0
37.779398691205 -16.10656128450287 0
33.70045170305322 6.573041383597883 0
-0.8366255245459584 -0.3486353793393644 0
-0.8909379348128148 -0.2703055163593366 0
34.38700936953213 10.46863603892619 0
35.99465586234736 11.19485722282751 0
34.70058367915969 9.273098378555881 0
-1.195208661448405 1.421548533690811 0
4.782464724887286 -2.520024173704167 0
-3.115121478904911 0.1546921610440058 0
15.8805804056518 -4.766054507708778 0
24.59177058555882 -1.093759165330734 0
10.29997408570326 2.886606703118884 0
22.19034575539365 2.227186483692793 0
0.1471622640450185 0.7486944772047042 0
-17.89898151062476 -13.71328645094883 0
2.593008638158722 -2.692126352418628 0
2.344122784027759 -3.079469501845184 0
4.668903369834393 -1.879451584429584 0
7.33762361437448 -3.092875009800751 0
24.78941910594412 -0.9314916706232134 0
35.93620973552441 -7.632378135413399 0
20.0434614218238 2.88840807119812 0
0.03034295889602312 1.136562996388429 0
-0.5665146698346959 0.06393850555212396 0
-2.06816546480878 0.5760514229343957 0
23.31188137198689 -2.908980115785858 0
-0.6108198136216458 0.05067572832039614 0
15.84212036767465 -2.645770084550187 0
15.62654542579518 -2.787407758324536 0
15.76691222058245 -8.263876786994837 0
-8.729715440101316 14.0761779426775 0
22.18956508533384 -2.66973366650325 0
-6.154785433232504 3.785571392068636 0
4.272304884391884 3.587333306580103 0
2.127642396620111 2.599146370780866 0
29.01653996676329 6.928335725042278 0
7.12004678562165 0.4657860255575718 0
0.6660684520312756 0.844083079261868 0
6.158372082710592 1.095824393375636 0
10.12704861043706 -15.77669277888656 0
7.659004523011876 2.80046730261153 0
21.66683850373914 12.18986564495426 0
9.451365730668915 -2.618445727637225 0
29.15335301600826 -11.31278461339293 0
24.39757393308491 2.048444097250654 0
20.34993535257949 -15.66149063249324 0
39.13568769015492 -1.699634411117123 0
16.01817291182015 2.410065312532575 0
30.34997504409946 -10.03635917073351 0
6.272097175964722 17.61863026174994 0
-1.717391889114658 3.912460763802655 0
-2.18391281998368 4.307570852240923 0
-0.8733210861183469 -1.741023915791868 0
25.37009920014237 -1.110910900722607 0
25.22326802955627 -0.683957997321935 0
6.398012059285467 0.9936331501204059 0
2.804995952647643 0.2307101023547249 0
29.89403072427025 8.349856648413503 0
-0.4671160896427846 0.317180288714571 0
-16.28086320054131 18.00115343268139 0
30.78033376634637 -15.41116273692377 0
19.13313530309888 -5.205931970129695 0
-2.634244661579283 -1.580705671095356 0
22.49564347768579 -4.184421267980245 0
19.88223568658051 2.717554808176954 0
19.8048469966048 2.92244207747056 0
0.6183546954502788 -0.3283341917624438 0
0.658992610732275 -0.2959838921949824 0
6.025553843393317 0.6889987281446387 0
11.70942143695338 4.688230083513904 0
-18.03763762345558 -16.18079580423977 0
28.51764760416683 3.773256616951791 0
2.450400583663754 -8.570303361253725 0
30.38968650094056 5.394357118925276 0
-3.439207613662228 7.245144430043045 0
2.629978634969317 6.937613869823523 0
34.01580870060117 7.61550642656979 0
-4.8783420607914 -6.63100633217853 0
-4.426035532441611 -6.968482921641943 0
5.594579228645964 -11.5698119614846 0
16.51795855323451 9.369352100880638 0
14.72151044827992 -7.355095012944551 0
0.6886583127609782 -0.8243709932037369 0
5.084585142257841 0.8294121405817885 0
16.2782324078375 -18.04475865055749 0
15.90513093184327 -7.451557323375616 0
2.308706233744029 -3.383737872053959 0
9.58208527532291 -2.86738575015631 0
24.87409113546767 1.960628054761731 0
24.95809178209511 1.71974574203577 0
12.63309981694807 -2.781763896653248 0
0.8931115641410674 0.4537225118143628 0
15.54543778012497 2.592349674910625 0
15.59489321808605 2.350543334306524 0
14.73343271296462 7.48626641168473 0
6.631963824155824 -7.225501712520693 0
8.097792035081747 -0.1618001334175982 0
-1.446482416221153 2.257009479039665 0
0.4371354720542051 0.5326659937133498 0
-0.09973483924046 -0.6954401810564023 0
29.43483226437947 1.882413788774965 0
12.40760871456718 2.541576070194704 0
27.28687784360659 7.480866513886935 0
8.525123911446638 3.154540770380049 0
5.545889944988465 -4.05653824845425 0
6.841787298111703 -2.904000956525788 0
1.354306083898557 4.667894606470333 0
4.865526907131801 -0.6186096352868014 0
21.99652520364857 2.071620236098631 0
15.27120093645943 4.206334947158708 0
-0.409433552338589 1.220410291603303 0
-10.8833260765976 -3.664573061680094 0
-11.63477206565494 -2.179631680664149 0
0.5668765546801602 0.009650987522027143 0
-1.87061967000545 6.990024843884274 0
17.6112834758611 -2.919538777470303 0
-2.58595246187118 -2.679798921120739 0
-2.762412012503365 -2.483433229719044 0
-15.8154204950503 10.02284139228196 0
0.4771037843656263 0.5810637009690061 0
-0.8231676140746593 -0.04076003330342268 0
-6.839436392891241 -3.671963577389368 0
30.54185132685949 4.229602837245023 0
18.59770458847617 5.561104105609957 0
12.28050519141153 -9.480696982171235 0
4.333380722454396 -1.0629120575503 0
39.18987591947761 0.2051102075106142 0
-0.2649567704484532 -1.736308894963647 0
-0.2900024262079324 1.351614907232661 0
0.02369099287330556 -0.6709662167209729 0
21.18080265851362 2.756527373639509 0
-9.309795481810127 -1.180070508986566 0
7.385377929316824 0.1383337244889597 0
-2.42694796561155 2.055747241958129 0
-16.05919028262892 0.2008108677263993 0
-0.6864590920962854 0.5415873018632191 0
-6.857946019026965 6.888669587108689 0
-7.162414387367615 7.53861580517071 0
0.5657538460539495 0.8978208394505861 0
15.5535268439691 -5.284819433809042 0
-0.5983496651750357 -0.2078537490104553 0
1.130536326897614 -0.222876920405093 0
-0.9609434712442528 -14.13340398344452 0
20.6908860365294 -3.071544809541836 0
20.94950158580367 -3.102345457621876 0
20.95247681656335 2.833587652418794 0
-0.3917367587205653 1.520097801900497 0
16.41898927278083 3.973403483590135 0
-2.225539292584816 0.7734769310859769 0
23.16794694856097 2.997702102613934 0
-1.226284904590409 -7.985263455916307 0
10.72058859167324 2.983818649374574 0
0.8636367824419509 -0.5216012566169743 0
-0.07354216085878384 -0.5249626240826043 0
13.25495640105693 1.894185569486419 0
15.38678534089377 -2.690562480586959 0
-0.2620299546863532 0.7401833642434034 0
-0.5532783387477114 -0.3822746445460753 0
35.91259645091098 13.15285246952898 0
32.22558696602994 -7.820616806638725 0
0.5601080933219436 0.3721856685398249 0
-0.4892464666578906 -0.2828666565596568 0
-3.7288055827851 -8.004947465536224 0
10.26545274531319 -1.751522788350468 0
-3.272641442780305 -0.06058675542052722 0
-0.5857670162460185 2.863624624384686 0
18.60918914404829 -8.638409550761077 0
-0.396395627259043 0.766197949954683 0
16.5005389463123 -7.550827287211653 0
0.09012760354733373 0.7369908294246231 0
10.57309315741623 3.212951044694651 0
0.9174701610845091 0.1542193794404876 0
6.503395819369741 6.33397945184259 0
0.261535980295946 -0.620251710939154 0
22.95336997996521 -6.585199462372741 0
14.19941039156766 3.171027925821588 0
-5.128408131601809 -3.986426406562251 0
-1.581030404067995 -2.924968084096307 0
15.15662218228587 -2.852542794371975 0
13.79228651097579 7.19949857438439 0
10.70371460591766 -12.1891403155813 0
25.69481664060343 7.500854668685324 0
3.009931103902492 0.02716349094205258 0
0.2063724060791934 0.7447637916627521 0
0.8144674837989925 0.4123353677121377 0
0.1860281941392561 -0.6709733958542565 0
-0.11389260600337 3.010850949219269 0
0.03263832157057323 1.028526548577432 0
0.2232277851019333 1.065452507937838 0
0.223694443284181 -0.5209691926030211 0
-10.89426955075908 -8.543810165232893 0
1.015236805089327 -1.4733892115875 0
39.23296949332263 1.992845387326654 0
5.41883881922695 3.407503883504506 0
4.717955461252016 -3.010588688081222 0
19.9380654049256 2.459527924669706 0
-2.342601327702869 2.300996461911703 0
20.97984920168933 -4.478908589143164 0
-0.1220158729215264 0.5564592298273776 0
-0.75486068110839 0.1766258837955496 0
4.898261565026297 -7.18854465504259 0
4.080142047285774 4.105994508480972 0
0.3050357226765428 0.6379684339110295 0
17.43970046602041 10.42967993642413 0
0.9468620569823276 -0.07444999907330274 0
0.3004523684748452 -0.5998347933503985 0
0.3443387403204561 -0.6296472093504648 0
0.693194259113735 -0.3871665526792157 0
-1.093214834641742 -0.4712621575790011 0
-2.461368241691666 0.06181689752109758 0
6.070770830641962 0.1670398267156813 0
0.5858772930370311 3.433582669953974 0
6.749645261202327 3.208115503405686 0
6.945364048864358 3.467270659541541 0
-0.5221160401764067 0.3066764603203334 0
9.309512950586264 5.962795942237266 0
5.914920900213829 -2.53320727270226 0
0.2867783775018697 0.4889151896547706 0
-0.3411895818194726 -0.4466938656844706 0
38.98629553696545 -6.530656123050003 0
-5.512689469054685 -0.8425895504287955 0
-0.732149321264032 0.3419930861330938 0
21.58343513423856 1.752951463558337 0
10.73931714663446 -4.76024167466499 0
-18.11340491547571 13.70481659292149 0
21.15305646882223 4.366455120117833 0
2.796018191806783 -2.842052299780015 0
0.460233398599275 0.3275344554916686 0
39.56089954648374 4.410979078751609 0
0.3237986989636177 1.096740142645761 0
0.001332881725801371 0.7080215517150459 0
-3.420247029305198 5.619787959692499 0
0.5111075729150567 -0.8201938389861442 0
-5.185865867622313 2.170387419886193 0
3.633536663393175 -2.980702488073539 0
3.768055946053581 -3.154555435582367 0
38.7293108073703 4.036728995253371 0
7.586888462248038 0.2816511663896499 0
-1.542444372179986 -3.982685314504383 0
0.9396574031877449 7.58658660570645 0
0.2055473419173328 -5.933725041929611 0
25.61185800872764 1.072350777091877 0
0.4646894870409231 -3.925270220506796 0
11.04384409698542 -2.918699549454212 0
-1.610976485449132 0.0488414103722551 0
4.185535161903699 1.446558568922492 0
7.490748127379055 3.474743482083458 0
0.08906057430928627 0.68961338464851 0
38.48621746233418 -6.170460406228749 0
-0.9895891018389769 -0.7884922992478499 0
0.7956992396429694 0.4897566696813883 0
0.3866760665544327 -0.3621729862384229 0
-0.06221218611996271 1.029923304683946 0
27.54009278577285 -6.130985226823645 0
0.5103175856447972 0.1484251530909566 0
-0.6600238036916117 0.4306676625974205 0
-0.7179933798390188 0.462793799236245 0
-0.8117947621783852 0.4454564097460153 0
-0.6471440096166567 -2.994150046803337 0
20.18040452952965 3.066176108353659 0
-0.9964531537527641 1.475345844490796 0
0.4590176667948231 -0.5426348022624081 0
0.4981117949539886 -0.2719814432837985 0
18.38100950294919 6.662481198512872 0
-4.271753785971327 -1.608293094785019 0
23.00891076815458 -5.044083685215078 0
19.9179843069552 7.180251311018994 0
12.97892036479381 -7.046726978478606 0
-5.555201845510517 10.82112164163001 0
0.66306544418212 0.6771580909928367 0
10.46303100763882 -2.075868506806357 0
15.29748036887232 2.671391956928338 0
-0.6001202168170998 0.858478973019384 0
15.60405862617004 -4.228642880496149 0
-0.6913113203548633 -0.9154436434408146 0
-0.6457234703420909 0.6149038433997736 0
-7.531699671234129 1.489503826428637 0
-0.6934919027312834 0.7055000777810562 0
16.76186958124461 -3.049212362627838 0
6.113182219665463 4.252506207669814 0
12.17818064954606 -3.173562128432259 0
-4.478297302422721 -2.20915728923937 0
24.95185847309379 -0.7707622429391185 0
12.14499328852858 1.902062299043685 0
0.219008343225795 1.699781902459374 0
0.8315895611035096 -0.6725439705210154 0
-0.3602040002445914 -0.6799319236119794 0
2.050862607303307 -7.910344623616893 0
21.79455466242493 1.910748002157006 0
19.2276809793431 5.412456181055124 0
1.438251522474449 1.755281565222075 0
-13.21006601696902 10.09711381863287 0
0.6906081989988966 0.608275480142662 0
31.63188222228789 7.132043679662802 0
-13.52232396761168 4.581554354599758 0
27.48099286907914 0.9377539860049912 0
-0.607838354437007 0.5437532721754492 0
0.705182041357169 -0.004913239084714806 0
18.15272295308884 2.922871867710296 0
-0.7163177405200845 -0.3772812457361795 0
0.104785972874744 -0.7326858932133127 0
0.1543585877878417 -0.7656668963441915 0
-1.37597583683727 0.2590975956273286 0
-1.623513865648563 3.072166495998213 0
0.06281381505787209 -0.5311876672274625 0
33.68038723207337 7.088442245307396 0
33.27171408992246 7.454354909112279 0
0.1809931215328273 0.6966514994281139 0
0.4955651547081157 -0.1849807030867009 0
8.781549921122966 -0.4281567290453877 0
13.75419611206067 -3.224015839110926 0
3.979397734275556 1.332898609301621 0
1.560295624352891 -0.7204440709352312 0
13.38146816321238 3.708031788555396 0
-0.5962210634015328 0.2897312774616644 0
-7.770033799249788 5.744531143201926 0
-8.919763263230816 5.921827970381317 0
-0.3760755220682253 0.5399216066114509 0
0.5364402249696187 -0.4920225375757565 0
-0.2819053231234605 1.21385564193092 0
3.771243113091872 -5.598630079492302 0
3.301483938803798 -6.016250184424759 0
3.677710994577962 6.956609483638333 0
27.3731234262573 -11.44942827331644 0
0.7098675356922506 -0.2729482156406657 0
25.00021703718604 -2.429765427788021 0
-0.1931518548807247 -0.5258203010538079 0
39.53851527428941 -5.073503125717743 0
20.40469084556519 6.878205209685316 0
-10.69259884001368 -1.113047388536257 0
2.974965247582055 -0.213999629213004 0
13.95275861409103 -6.697800514082267 0
10.61579892228673 -8.358155007274625 0
-0.9986691774492336 -0.03916627118084551 0
-6.732759352383987 8.277477620042582 0
13.00776138909507 1.972326838235198 0
-0.3923188610507484 0.4997151797014625 0
24.50608079193556 -3.159517757127546 0
-0.008489626811044815 -2.510361780070368 0
-0.5304198943168075 0.6456457962102065 0
38.52363933162003 -8.043990507514028 0
-1.914880759095942 1.026149268036421 0
0.550662228705713 0.4158326044183622 0
-0.8032071088872748 -0.276014003701526 0
-0.8333699754750921 -0.2203974281602352 0
0 16.13913358323621 0
36.59344129832625 9.782847218585211 0
-13.41654428540805 18.02745723712139 0
0.6395546040486018 -0.434996877392788 0
21.97876855075089 -2.811751481583336 0
18.19495248643412 3.691087776983054 0
-2.532712873922081 -1.399173603892374 0
-1.44898868175051 -0.00552874244968771 0
35.13688440311991 8.410907372384633 0
0.4115210598966499 -4.649698472231766 0
0.519557303479246 -1.230162359563864 0
8.340587108952723 -7.059278819532389 0
-4.848356999342755 -16.00677594920601 0
0.378634945410445 -0.5968561906454655 0
-3.191646157243621 2.43841471940284 0
7.854125887665747 -0.05267771341201594 0
0.1822618618142027 0.5003326085891704 0
24.49430743834341 1.009949811469538 0
4.333645649846701 -3.234682224620132 0
-11.53330401362979 -13.33382684670637 0
25.47094701051809 3.765302761490255 0
1.428084182559326 -1.042547811355059 0
-9.956149866456919 15.97218538546027 0
-1.145632938774742 -0.8113493668168866 0
35.62967016901499 15.59756458161383 0
8.203746158862092 -2.817924820797731 0
12.59508339476711 4.268513899967934 0
-12.29118764977186 16.04143021376643 0
-6.322164137731033 -1.378698778272503 0
-0.01749164782516921 0.7558830753018158 0
10.25337248049931 3.164498499109226 0
-1.748259997609292 -0.628989135692232 0
4.876099118572701 -16.07313616593885 0
-1.593317443605304 -0.2846547046649356 0
-2.662528889547923 -2.901498335526044 0
-2.902136179902566 -3.010526408495714 0
10.13995931914679 -5.088219799915662 0
-7.050195395368561 2.006655096358172 0
0.774332332240796 4.977067312566 0
20.95905413182202 3.106540932441813 0
20.69290066355255 3.259063039080003 0
22.82184618665717 -2.684695806934412 0
22.68312170933104 -2.862202935573351 0
19.41481762130742 -5.756880493156837 0
24.80609149808675 -2.836214756765472 0
8.121618405078808 12.12667616191142 0
2.474996272743044 4.262339311895796 0
-15.92584942683152 -6.062945405129128 0
-0.4629749922679274 -0.3165394995146366 0
-0.3912307898467446 -1.182654961340255 0
-0.3622114738599223 -0.5840516250110619 0
0.544823084681866 -0.1453030204901779 0
-2.346394681481465 -5.351715259595284 0
-6.136178260285334 -2.513494316191743 0
39.52491159671143 -4.445369656537839 0
-0.6377607409520856 -0.1512538437098203 0
33.53710958346213 -7.817609677775611 0
21.96416277712391 7.49496611714795 0
10.69526229109069 -2.157854653050034 0
4.251404045552084 2.379113260512794 0
16.00603907523539 18.14237803112818 0
-0.05925285222444288 -0.7255470883026915 0
-12.37264016020437 -15.84924662483184 0
25.09733376426287 -0.1961486085839463 0
-0.8467272594177402 0.0163263164199424 0
-6.697495274726471 -5.405630701148729 0
0.249327041282152 12.08334987906563 0
-0.2896905703934571 1.818315623291979 0
1.920873862837457 2.225586024479448 0
-0.05592102402473031 0.5630153430998854 0
10.17050437652717 13.05999663903693 0
38.78499258715154 11.54165776638953 0
4.196968010443363 1.218049887632108 0
0.4245529981529046 -0.3638976442989412 0
5.375541772178217 -1.049277586788048 0
5.743253333812192 -0.4444700351340521 0
-0.5612136725224826 0.09521931310411968 0
0.6792717557600749 0.2320774931300204 0
-8.680184801215553 -0.1592601036713027 0
-0.7483384170469662 8.721721977014548 0
2.409160081737362 -4.306069718851341 0
-0.5343655148901139 -0.185015618693009 0
3.210831616711594 11.90887660607945 0
-4.274202014930232 -0.1210119726840752 0
-3.858775559388157 -0.5493209068123609 0
21.34273989469752 1.831658563866159 0
1.099662538630941 0.3858808029936496 0
24.07665582484083 -5.615433974010981 0
3.001454852165859 -4.084774355261772 0
13.72198476981882 -6.153711636745457 0
25.36888469080017 -1.563577417341792 0
7.439920249761338 2.854917029498285 0
-1.640315479898053 -3.186516170944302 0
38.97814823357137 -7.132454522813544 0
6.470010906019057 4.776247932802455 0
-0.9775219254042931 -0.300039033556844 0
0.4718198000099409 1.501804888047645 0
-3.981070543786 -11.30533333915299 0
-0.6790200561003505 -8.447776381827845 0
3.145651682660326 -3.077254147259474 0
-0.32718580818538 -5.160779275460015 0
29.54960454670825 -6.691623544658134 0
34.32068264793255 -6.543736517002559 0
39.05861623336022 -4.098847207704427 0
17.58838523913803 -8.14549416283166 0
-15.57441012170147 -1.886595810328815 0
-0.9440515944983776 -1.216019189385966 0
-1.555127585355919 0.2237464735067104 0
20.22067460903896 -2.802064999640932 0
37.86824168500654 7.024191527373588 0
10.59455407556488 4.986180142915114 0
11.74985272332531 4.085125386808231 0
13.32766821663981 -6.546919578831761 0
-4.670084794576173 4.844978200624188 0
30.24982625383833 -7.364245318005533 0
-1.02644722703084 -0.3774879405449811 0
6.52102251778897 -4.051167645138048 0
3.224924730348648 -2.626046439492948 0
-0.8636292194626858 0.1420740118220398 0
29.90350067965008 7.737555960500358 0
9.518209565638886 -0.761839802544631 0
-0.2273831223124603 0.7928495920879044 0
21.87632235816271 4.86071557004264 0
14.03335065054058 -7.215590623838691 0
22.39105414244333 15.95570212411572 0
36.30273017948642 -10.24978599117899 0
8.137424401597444 -0.3738331807965031 0
5.64726066724571 0.6177126709528535 0
9.084502365281786 18.03138659473122 0
-7.527585565059944 16.10330878397753 0
13.95267247901468 4.439824984778431 0
11.83090116749412 2.47730967207518 0
25.23774722880165 -2.537638051943843 0
13.24177594635037 3.363559458612349 0
12.74767352349085 2.04596243824969 0
24.49891495197453 0.7919553039492211 0
12.25045527225791 5.432598431337451 0
19.19539284153336 -3.081092690643255 0
-2.630113862839206 -2.271160055080615 0
-1.838849492116971 1.258809185605627 0
18.74438794455062 -2.872579918580924 0
39.57693039186302 -3.277392535103175 0
0.5727000195698064 -1.471256768802211 0
21.24618837023223 3.164629338814345 0
0.08365486409977052 -0.939825352343458 0
0.1494026201380727 -0.9919282561001507 0
8.961515027261651 3.218955733798195 0
2.384035880128339 2.907589582690036 0
10.51921894542359 2.783976832940995 0
-1.371227454015393 -10.27525896607239 0
0.2542110350666142 -0.4623082919093995 0
-0.009210080268168497 0.5591443872836519 0
-0.2238687222918045 0.5851198514468907 0
-7.83072361919978 -5.959027534001357 0
6.954790279587627 5.264045157010452 0
23.13793037089451 -2.805859980202318 0
3.903440256877076 -6.796357281548172 0
-0.5630488446457402 -0.01884741994139105 0
25.46612702888331 8.744257750386156 0
16.15238678758568 -2.985257495387669 0
15.8893121542817 -3.126909010805233 0
-0.9638703479152415 0.05012288814151335 0
0.5767615640115924 0.2896642059415825 0
-0.7266492483590206 -0.573615094261019 0
0.3574666775661974 0.4300904974236144 0
22.03100123118053 9.755528419898734 0
0.3598897386329298 -0.3909079472637118 0
0.5694779507255738 0.1167091553116781 0
0.6266043287575869 8.675969400149082 0
-7.215566828081364 -6.567606730615973 0
6.157406668397857 9.372435933755913 0
-0.4818032916921382 -0.437173110348492 0
-0.1152088508295801 -2.716021206426193 0
12.09174697599811 2.163973942586068 0
-0.5081878606588806 0.2435815828530627 0
24.57897939688678 2.196526002065426 0
26.6990205358648 -9.913374412287043 0
25.90971883035204 -11.16423906073745 0
37.27323053095031 12.04803540040957 0
28.8178021526688 18.274546596509 0
3.484546329752109 1.349317291941713 0
23.77368273659 -3.100665928946476 0
-4.913339386888513 5.785439920555451 0
4.876016432543394 0.9477174470354554 0
2.014690701086382 13.20726908822005 0
20.02047341184049 -2.991955006307329 0
-7.822254637102443 -11.10997047532538 0
5.238619632881965 2.850020077226135 0
1.954129671949362 0.3658753648449264 0
26.01692147374605 -6.236875912646465 0
24.59597072423319 15.86127171335647 0
23.2837691306278 -3.170882983758764 0
17.29381278993904 -3.255117622455625 0
31.66308213838154 6.54574889696323 0
0.07898445907042628 -2.306438077976868 0
0.04190945718322681 1.657415471672657 0
-3.026983579259827 -1.732298618694174 0
8.209974797446442 9.091562163167701 0
9.521247619361201 11.10171004167336 0
2.570896796058901 8.240926263569587 0
0.4118160808518123 4.190911903739817 0
36.84962483812268 5.175604544087825 0
12.29885157330302 2.770055252534141 0
12.70714243649039 -3.217883958246611 0
0.08340897528417202 0.5548345716567934 0
7.995868098680237 7.639422946605078 0
0.5545564253123274 -0.0827167859141523 0
6.599984150844968 -3.041526357028042 0
8.365777295691625 -0.4566268611344256 0
12.84411834606808 -2.768671450529838 0
13.00843217954987 -3.149446931486685 0
7.579274250611887 -3.218892424332206 0
2.778046705194693 -3.068030169969866 0
25.90200222747494 1.365657776219285 0
13.16840680647116 -4.959962624668936 0
-5.529587831119347 4.563353166804891 0
34.92124638807451 -16.23519980986828 0
39.57429707730628 -2.680558533329798 0
15.34014826608582 -11.77958335550907 0
28.93169794404337 1.511064749876898 0
6.423880490709131 -10.27330282506444 0
11.68783338149707 3.049897700142169 0
24.82204933637117 0.6577196416391012 0
11.36356174824564 -1.47451606431825 0
0.1197181170092634 -0.5466453733602972 0
0.0006961010823740565 -0.5289018599338179 0
-1.077363684189429 1.102516442898343 0
0.3452329199337942 0.6863163840123816 0
22.81482566776697 -3.122532217059629 0
0.6056194043548668 0.3602620844986606 0
6.093093818403064 -4.378726212193136 0
-0.741523189236192 0.7979697053146597 0
24.95258989459364 -2.184781848333954 0
3.210561950630575 7.279035777426179 0
0.532427527745531 0.1761692787442029 0
12.17086379033366 2.99826912913131 0
21.81752118455181 -3.487955606129205 0
0.3927518508694163 0.7241078608095628 0
28.8471564213186 7.48876395449825 0
29.11011734096821 8.073999126306125 0
-0.274536438316666 -0.5339408490288582 0
20.90944924054674 -3.350995425219754 0
30.27889999370687 13.51443979981315 0
-0.2490820248206393 0.5476687435602914 0
-6.242479852713174 -7.572117873451749 0
0.6658088718882471 -0.3445504297819203 0
10.08513786506933 2.945890542333643 0
3.498305759173166 -2.862300682742621 0
18.57678483707691 7.577057240594713 0
22.58360512408559 10.69981415817864 0
30.10008172694964 3.933851257707085 0
-0.1875989603512593 0.5265154975401987 0
19.01750492849124 2.761410531248476 0
19.34404555629335 3.001255570437384 0
19.12586989017178 3.287832206089421 0
14.80988358551306 4.361051305356161 0
22.16511305352023 -6.151055736807667 0
11.04252017797939 -5.21888153310415 0
4.190167665155707 1.68063069649103 0
20.24810775067016 5.418992003024636 0
-1.099634665085667 -3.136822427600222 0
-0.858220925236644 -3.07410892740262 0
38.7538966283241 7.858042116454433 0
-0.3378005268579471 0.403536865152499 0
17.18380786023023 -6.721528254832527 0
24.07223979211161 -9.833217056446058 0
-2.126485244090171 -4.719931747373239 0
8.154427631089769 -3.357935883953607 0
-4.999999999999991 16.26817053798835 0
10.02652984945099 -1.910863066283465 0
19.69091098965611 -8.714172025384588 0
0.893667452671961 -0.7602726949906348 0
1.451016961772972 2.138623978287081 0
-0.9634467540106328 6.739732934471877 0
20.24975809882743 -3.111507456576436 0
20.49044652293448 -3.120609802578965 0
0.2861956829978389 -0.4400638914771543 0
-1.760525720502525 1.510197856689993 0
1.10339756072808 0.5207980765340503 0
-15.8980222832885 4.179666203871395 0
9.789839063275029 -1.08285824796413 0
21.10176194070325 1.911724473261503 0
-1.733615325383562 -3.529068274346415 0
39.10535420772425 -2.337276859032614 0
-1.030195116305169 -0.1215196384045484 0
-2.693611275229877 1.992805971368058 0
1.717405554125808 -9.389697856778811 0
-3.637396394518859 -0.9890311078856659 0
9.720148615040713 -3.142745366420805 0
0.03612473538932015 0.7533928028487979 0
-3.075030409266946 -2.211548914467328 0
37.0029903588434 5.979308625185937 0
5.028650425774844 -2.219815194945822 0
0.1144165181972578 2.681152069111334 0
32.34100363776376 9.505192349313239 0
-0.7950607162346159 -1.11052305370864 0
24.61604020107428 -2.944448451937654 0
16.29707574126292 5.96717334511539 0
6.107334096157857 -2.98432571671027 0
-16.09088335994617 7.821423270859878 0
21.36576945823559 14.10611509092051 0
4.474400875993332 -1.76822599135079 0
0.3443526801275301 -0.4493595224861824 0
-0.5193033219073282 -0.4503375735603319 0
21.51854535862012 -4.623860603693635 0
29.27950512101833 -9.858851569219064 0
15.3315707346739 7.251306420984271 0
19.65191117249768 3.128137434195501 0
-0.5536166943298646 -0.4254227583942298 0
28.00762174505052 -12.85270508809626 0
4.527817510763263 -0.9630083392476749 0
13.65800080718069 18.3223820862849 0
25.38460272091872 4.305944850443789 0
1.342661774320307 2.905975537019021 0
0.1444697334248968 1.150091830621315 0
-2.983537954784925 -2.565507601683722 0
-8.463445836074161 1.952656719871865 0
39.56911352801926 -1.437744953137446 0
6.829291826177995 5.826521858879544 0
19.89168914360817 -7.31590046240237 0
16.06086224413512 10.62954363275724 0
19.55626457316993 5.76968737797198 0
12.32026320405113 8.512977154139293 0
15.00281802441972 3.10407446245884 0
0.6501408309462278 -0.2525755938261785 0
32.8277351464392 -8.12696044501004 0
6.109010253822598 -2.587129583108874 0
3.280610497703571 1.298056492672388 0
1.016578973145309 -0.1999218748250179 0
24.97984325592778 2.171167527167732 0
11.48559015422138 -3.097516341377733 0
-0.5788856788503249 -0.2338650088490691 0
26.08549081139081 0.8668928473275752 0
10.00719545862302 3.354420070932555 0
-1.205848741298876 0.6609024225867853 0
28.54208644028368 3.222341620541563 0
25.24802190780733 1.678813685830059 0
1.207405760053019 -3.161318133435545 0
22.37088772826558 4.621577579175881 0
-0.2223284038812334 -0.9261892677621364 0
33.86762480745774 -10.72506241098215 0
0.03112853223912992 0.5562652996522783 0
0.7779063489493954 -1.392921521494615 0
11.58261810449631 -1.548023471690702 0
10.31882776067106 -9.245512515786963 0
4.459909309229563 15.98169448678092 0
-0.8697788020169366 0.3831559053602814 0
9.688938850142764 -2.659887809469944 0
10.09960688884835 -7.879088059446556 0
15.36052492214615 8.849093223900326 0
4.562537440380204 7.207290769084058 0
13.27730301344794 -3.284119379470272 0
25.79120960830303 -0.1785709041540468 0
6.064361871973955 0.436296873339421 0
0.6960811485041205 -0.1387358748063343 0
9.308665868314909 5.438788968642572 0
-0.372830145261819 -0.4246155704301978 0
-4.9983017409134 2.691820659897284 0
-3.923833680891892 -14.27523996514727 0
31.2605435999208 -7.090172073251909 0
31.1858040259121 6.162523056167885 0
-0.5500868541976978 -0.1050406147768514 0
-2.500000000000011 16.35009739735613 0
-2.275685632227939 8.810687059699701 0
8.555965059398011 -0.330859385068878 0
-5.92381451106745 -0.3925739648405633 0
24.4854639282977 1.20962924860909 0
-4.876709499347028 -3.433531862149673 0
-1.835752359941225 -8.090566259499784 0
11.13170276833124 -1.790646036896061 0
-5.509587627516158 9.607760206977492 0
-0.4308251000300771 0.4995171470413006 0
4.117891192353445 -12.84914460152104 0
16.92219961990938 5.807490997686134 0
23.08887897746202 -3.038557711111093 0
25.01693416512204 -2.977349882602788 0
25.27694480015277 -2.873423833366062 0
0.4403421662459728 0.6235239999479804 0
36.3905811417909 -7.996968777256047 0
30.6456123118434 -6.691663217846127 0
-0.9504333660442867 0.2737599535905645 0
19.28002997733994 7.392466754372913 0
19.00082470930522 7.962528200869343 0
14.71358416056657 3.154759383753724 0
12.58167574027121 1.879532017720684 0
21.23683477919663 10.44619366746577 0
3.814880229016164 1.223635206317832 0
-2.712678632037532 1.763978317842578 0
-0.4013921406182313 0.5729701365786337 0
-0.6729809454539986 -3.226079509671277 0
19.77229098029975 -3.134013774969957 0
0.5758356306197729 0.8152991651087408 0
2.916031216175424 -3.204205903505168 0
0.126209835037308 0.5483162643307047 0
-3.126349548763205 -2.758076800158788 0
25.00511047077494 2.427510034388703 0
-0.6627664399943942 -0.1186002753574646 0
0.2140410812048454 -1.03455041882947 0
39.55004520811097 -0.8611479187720903 0
10.14625697402107 -2.579486997471935 0
14.98577613213758 11.10149476038435 0
28.31928939385205 8.482375193537132 0
-0.2230365577640789 -3.009460648777232 0
0.4520458849588529 -0.6158253347714657 0
-1.671666024768379 1.710866129037442 0
9.92916715978247 -3.064041584787623 0
0.8185175925638806 0.5894772330466502 0
-5.380328889296496 1.190384899550671 0
25.24918412727527 -6.447779727450559 0
-4.674548017896704 -2.812725768019056 0
-0.7776267555384866 5.61388173266725 0
27.36053790254331 0.07063975318488049 0
-4.716544871952589 0.253163030741298 0
-3.443709647501354 -0.6696206765206882 0
0.4441904615578967 -0.4197861275406789 0
38.16927856391019 18.17021616798955 0
38.1692785639102 -18.17021616798954 0
19.66817476042588 -6.249772736430703 0
2.216124235941659 2.821598643373002 0
-0.3001588559228008 0.474414746723914 0
19.68758699807953 2.723600091827466 0
-0.7838310270688904 -0.387792848022626 0
-1.141485192167426 1.668830847766008 0
0.4706219665243268 -0.2975446051353067 0
10.89323831062 -2.02163483364118 0
-0.2461342752954465 -0.5544401639418239 0
-0.5304213996941272 1.254010562972662 0
8.316795662215373 3.35653268823943 0
10.65395345925916 -2.986750637987615 0
10.697953194976 -3.227814952862478 0
0.2741760479640281 5.253655881253732 0
0.4165547504566671 0.3800423960580593 0
-0.4071668006945792 -0.3782749263128674 0
0.5545524796187742 0.04419900727757969 0
24.65075534013582 8.2567332759966 0
-4.686363636066348 6.305307577644932 0
5.964871125483287 -2.784261098599421 0
-18.18417242815787 -18.18417242815787 0
0.9916945427797099 -1.036685219018588 0
15.59104345558165 -3.019420396624555 0
15.30750001364625 -3.125256495071037 0
-0.47321381689612 0.3549040366194165 0
-16.18050855833889 2.192856211906628 0
-5.372455043007674 -8.595852302122282 0
-0.2979459903418284 1.653289571990479 0
5.082196578786188 -0.7374249540273602 0
16.58022424428751 -2.921533374653075 0
1.210193751966891 2.115804609909118 0
22.29873291514137 -3.02328637166393 0
-2.96360718899917 -1.346132650365754 0
11.95638887107243 12.57044673847288 0
-1.248265395951089 2.084106946421556 0
29.38713222572388 3.608680934335924 0
19.79793037607197 3.370282750359156 0
11.21724308037478 -9.770721875807592 0
0.5516781018302268 -0.5429475358353821 0
-5.851838645784774 -1.948099669800424 0
-8.046001809683165 3.042881750274781 0
4.053299253661196 2.492521973606068 0
5.547858975686059 2.704052611507106 0
9.304509469197555 -9.179742187888854 0
-18.20114574669733 18.20114574669733 0
2.759644764731152 3.185643540804982 0
2.702445462430769 3.499944578562848 0
9.116163974021948 -0.7162547338343265 0
1.930193831069941 -3.4489547500866 0
39.12661636442687 -0.61380102926272 0
25.30329333782299 4.835342092705593 0
6.080735187302823 3.200275878788197 0
3.795318833710834 2.699688927338178 0
34.23546149114041 8.440698133257122 0
0.5599164359677999 -0.05180099369635074 0
16.46307218379884 -3.134977700922136 0
-5.283908666185264 3.108573544191573 0
8.801050219194035 -0.6312687083985683 0
-4.091890118064899 -1.00872938623859 0
1.456685724350045 -2.880418095894828 0
-0.09387850617585158 8.366237550380536 0
0.7561913289202984 -0.01642784266769864 0
-0.05338982576655837 -0.5513890854887062 0
3.164917222512891 0.9753071563170584 0
0.2469409074654845 1.220754964166003 0
14.7402708410585 -2.929428323879883 0
0.5248779899831444 -0.1744875064905392 0
-0.4347138113116955 -0.3498324621686454 0
9.595348690708935 -1.261547668032675 0
-6.051272383518572 7.965792364513911 0
-1.678439205942801 -0.1274729862261393 0
-0.5241226127372851 0.2713073689443878 0
22.44425295950688 -6.527345694405946 0
11.18511621698076 -3.127957178288649 0
20.88071500312677 2.01076051929673 0
-9.615689706404162 -8.942478409721172 0
39.59003255550539 0.2517948678156378 0
-0.8589854422487093 0.5216358237998597 0
13.55227555367846 -5.691475355152397 0
-1.324381848732246 -0.8411486809653399 0
1.250083767393264 -0.1465936834027172 0
0.9135808434519976 -0.4562472373013495 0
18.88147595935854 3.163692990462473 0
11.18747299088485 -14.19905944713373 0
10.39931661567816 -2.901204467357819 0
-0.4532053858382117 -0.461919799500089 0
0.6912961505112651 -6.711814023220513 0
4.203442288697019 6.752934217106787 0
31.79434806676042 -7.359884486154808 0
-14.38948429817433 -16.12054959842829 0
2.437149103804999 -16.49787791007648 0
1.005967820392812 -0.747366462532283 0
4.210420893200935 -1.550109373694858 0
5.718527209754308 -0.2430001403838244 0
-3.132660019402833 8.652032253755888 0
-6.871439970286154 -1.769971672750771 0
6.593768646970362 -4.563275730362143 0
1.809099437644264 0.01759906093243866 0
35.62461364824349 5.974822537755603 0
0.2451903183114794 0.4982369489117447 0
16.95398727451465 -6.2061923370204 0
37.4421232491857 6.087297555398539 0
8.95930830928519 8.648568936761031 0
-0.4815683576814465 -0.7111409529929125 0
26.27188479994562 9.404284321558606 0
1.205495713063375 -0.05059265412859008 0
0.6424565494212171 -0.4910007279653062 0
4.341785592629664 -10.22303353580558 0
1.564633000317377 -8.37039272280872 0
-1.859350118227491 1.987688724045762 0
-0.3103773202537461 -0.7251040529135666 0
35.52003039525206 9.958910940566108 0
5.794894580570512 3.360407820408922 0
-0.06555580788396043 0.595503098810273 0
1.962456670172976 8.559320288865376 0
0.09034520766891418 -0.5559955614662515 0
-0.7608705546792844 3.011290781177673 0
-2.057577729261084 -0.7315538295125131 0
0.4856089431730393 0.5191823746732021 0
39.58845770929912 1.051214524295572 0
-3.867708215865454 -2.049409561116823 0
11.74605137477577 -2.114177617016278 0
8.730840794703614 -3.401741611263891 0
0.5145793516367707 0.2314771807322687 0
25.25023086027635 5.62515443246176 0
12.211943841876 2.60411740441552 0
-1.126231176590885 -0.5879548599923399 0
24.77514660921148 2.123089600592599 0
16.49773158202498 3.595730911889493 0
12.04130911640449 2.361669644016167 0
-2.876272932550942 -1.55851774790574 0
13.10384064758698 8.622046595109126 0
17.8308786614772 6.929577397785264 0
-1.085435778966581 1.892104062466468 0
12.57851932359734 2.972652530768754 0
0.3997455378110395 0.6180533595426383 0
23.0837292891789 3.296760109646993 0
23.3351980939234 3.514680465388106 0
-0.7537656759144014 0.3991577372491055 0
28.23934532805145 -5.679425124495435 0
15.00822635269148 -2.704614004522422 0
22.42701087718364 -4.701093322578895 0
9.192552345521953 -1.652939221765124 0
32.5 -16.44449799290182 0
1.210898386324416 0.5536191301614664 0
10.21363035921767 -2.821600046319749 0
0.5919155161966021 0.2572077805446852 0
0.7191025202111927 -0.1802038000163665 0
4.882328709879889 -2.91404831398146 0
4.86554339213532 -3.111567736307294 0
1.025828033680774 -2.797363497432596 0
0.7360383291745762 -0.2289506247385143 0
35.62138468179384 6.52823400174217 0
-0.3158061989596721 -1.109100354622316 0
5.977457461079639 6.565126083015866 0
-0.5301893361383865 0.3510991020578914 0
-3.155282640644055 1.882942567800872 0
15.90174334114318 6.615369108228647 0
0.7017520265291104 0.745858309057873 0
-0.09088929360286357 0.552077480789678 0
-3.67031997379387 -0.08502655403100996 0
-0.4305394247060459 0.9341591685349813 0
-4.007821876827432 -7.355872544977755 0
-13.53534990065613 -2.073505414861113 0
7.123071368651784 -4.765274664831982 0
-0.08986720784440649 0.7089857400754629 0
12.45241776119557 1.734726914598075 0
9.401580295489891 -1.415951582448452 0
4.367412459688598 1.778031197933419 0
8.372964538686288 -5.373566647204286 0
13.96406822903231 -3.368332412634031 0
11.64536413213595 -1.799840521144406 0
0.9121376060225543 0.3091899535735774 0
6.569934242960125 3.832182007672872 0
8.270749959002806 3.808574361753799 0
3.558494711401274 -3.408552939373294 0
7.119492426768049 -3.280907609381392 0
33.26834235914288 16.07354821037412 0
1.969943471857569 0.03801126715855795 0
11.22621103720364 -5.999702799616596 0
25.4008243935636 -7.489346862115463 0
14.93589670774316 -3.102143911111264 0
14.77446519645361 -3.394482326185718 0
19.75552091012659 -10.36124390827807 0
28.74865323310407 2.459971769153976 0
-0.2430570152308782 0.6098754592855797 0
-5.682179124180287 3.992743954072566 0
12.16528175072006 16.29015867251321 0
-0.3452439065589772 -1.305480779691219 0
-0.665617884592189 -0.004439928903355581 0
32.04311531312013 7.433754949876812 0
13.44758912403709 -7.570501890380569 0
11.22082524222025 3.284354897407625 0
11.28020339944785 -2.701438350848531 0
0.47320889560004 0.291927456401291 0
22.61361172183124 3.812135650992774 0
13.54542134510168 4.120345841516466 0
-2.814637024335596 -1.154003840851875 0
18.36249104800885 -4.263674734463343 0
4.185918640494627 3.016769554878433 0
-0.6109098863013127 -0.1760135038457214 0
0.9685407294383737 -0.1517663181258133 0
16.4402512448784 -14.60768631327969 0
29.98352231937638 -6.885344313847711 0
16.26255310064195 -2.78117922532353 0
7.635888539048889 -4.977213509275018 0
2.671138581982063 -0.3704816958113916 0
28.45684810112573 1.198123988754871 0
0.884452285526665 3.461499082176012 0
-0.2798086258714267 0.7926061801753617 0
-7.825782963538167 6.841368961139051 0
23.47864288037236 -7.569196590661803 0
39.18881385766225 1.191716115906392 0
27.69488837419828 -7.557606598213241 0
8.411877576293062 -5.901215396625445 0
0.4302694005963286 1.959022494832466 0
-0.3713644995231107 0.4089249230011178 0
4.162332550543438 7.756314802147868 0
-0.3362429898936519 3.173299158216748 0
16.73419558144285 -8.9992433165704 0
17.40134583384161 5.641287001869732 0
2.395792942182878 3.081287748909525 0
25.39555101644191 -1.999472121901388 0
11.30690890195 6.109690986129017 0
1.218246803684227 0.1657316910079288 0
-14.76726215334051 1.242548457786222 0
38.92349381796733 -7.708932300114737 0
-6.822993486512299 -16.10420298384378 0
3.186424948784445 -4.928572284891151 0
10.98107049054647 -3.359866956867795 0
5.735562340461503 -3.591518149714647 0
-9.094965877826048 0.8082163084553968 0
-0.04052954341956649 0.7996916014218935 0
29.21604043441969 -6.996759635361825 0
11.06112355920207 -1.643145302726951 0
12.06296994470119 -1.971820988119394 0
-3.50091961091271 2.29326427204215 0
-0.5290553295971865 -0.4932076294591939 0
39.61910070229634 2.034639435461036 0
0.4918433882281281 -0.3900825829606621 0
-1.959958710804349 -4.271938327898765 0
-0.1414835685533014 0.5351108495233046 0
15.34170026115271 -3.379978533530045 0
26.65856693451126 -6.582102225878351 0
19.26174322263815 -3.376024899390962 0
34.05857122874219 -8.366752696007536 0
5.643113212131787 -0.8203068139975163 0
39.57067508945963 2.849443906930627 0
25.11482262189036 -0.398255311448606 0
35.11150234090385 -7.020880584984948 0
34.7930133133834 -7.432226555631003 0
25.1213363828973 -2.034421226720295 0
-2.950152809299022 2.053323420030269 0
1.594060280451972 -1.027313428671228 0
1.625547333969537 -3.002624277775098 0
25.21237969764534 2.265734229524166 0
19.59007080663917 -2.988149023556589 0
0.8788730357707966 -0.5987928669168804 0
0.5295563875370881 0.5053636999922909 0
25.43417174101543 1.430741099680887 0
-0.4018359920529431 -0.4400531628298632 0
24.18280459644423 1.368884400596613 0
37.63363737843613 7.44233519158454 0
-0.4407473971353699 0.399399449881732 0
25.62330415037536 5.817780822444936 0
12.61862780501204 3.733475873637874 0
15.08070027310831 2.714587762294584 0
-0.3062219790946088 -0.5488649486936708 0
0.2296224683902022 -4.27422143940428 0
-7.412952124787004 -1.51569407567557 0
18.99043906802418 -2.942967934517298 0
12.11034462882948 4.361948387456953 0
20.11967151009622 3.344918502025521 0
0.08431953311897722 -0.5886653530215303 0
25.01136961274995 -6.166476889878362 0
22.04567325869206 -3.104959760181902 0
-1.006838962485356 0.1258338994146603 0
0.6033205928696184 0.3185264657175395 0
-16.41614285196378 12.36098025965089 0
0.1121164224378965 3.154620716656301 0
19.42369848112516 2.820397254691636 0
39.38814022435999 8.228070198132285 0
0.2417597292402895 -6.374643000478267 0
16.8240108074075 -3.803539989259153 0
5.768409363238221 -2.908277632845265 0
29.82441376559593 -7.625458787353824 0
-4.063340389977828 -12.77243075518188 0
0.3163271980916953 -0.4522410042102882 0
9.188105166630413 -3.001722552625399 0
5.454377689885201 0.7184470939086847 0
0.6086605874642359 0.1217506016598609 0
0.2421228653051397 0.796988023890047 0
-0.0711223800045957 0.7519631600509176 0
9.23646230532405 -0.5762278128217888 0
-1.353458633675775 -0.9992767153087754 0
14.21359061919006 7.561120257382014 0
-6.790793025386638 -2.474129465153498 0
11.6467967808977 8.205904269368196 0
-0.2035650600435339 -0.5913754615818166 0
4.64612561936574 -3.230529961317375 0
39.67657492730631 3.897540505730886 0
-3.028646933798251 3.277047713501129 0
-2.921682617161906 -0.9807249554137101 0
-0.5372254973164843 -0.1575625426488828 0
17.3971702769703 -16.66822490312641 0
12.47489330074569 -7.414351432874111 0
30.82807695250482 -7.714300540032672 0
-0.8466493518985772 -1.35220680853677 0
-2.980590504597611 -2.378717503037883 0
9.210799847302871 -2.718645143214735 0
0.9870478658810207 2.10410544291648 0
0.9454400791382582 -0.3131546584411149 0
10.22613286898928 -6.279721654844606 0
-0.6188976180101093 0.2530432182079284 0
8.44603210632795 -6.483328317290933 0
0.2990709925366986 0.5229190637740146 0
2.012100452441461 3.069291526673662 0
4.684184222198223 0.8287158568913607 0
17.17847444208808 3.440716586709319 0
3.71858001649462 7.452846731564026 0
-0.5857357764929141 -0.00423728765959057 0
21.87362064653626 -5.724596478188804 0
0.1646723271712709 -2.913399173703475 0
4.02436337593722 -7.492823966266158 0
-1.440933852183159 -1.127230871872158 0
17.42221059496654 -3.032883906133964 0
24.95639928287977 0.7872321814802823 0
-1.001467746488167 -1.604323823934281 0
11.9558563390946 6.583145866214524 0
4.358056052011091 2.926207414342354 0
-0.5469748921848865 0.1194654057117674 0
-0.890352466650377 0.06141505227623878 0
-6.539121059469874 -0.6218120866191549 0
18.34271078428385 15.44317437683443 0
-2.92082410133469 -5.134692008680499 0
0.9379193618528792 0.3930145823923979 0
17.90793420646955 7.572756996899495 0
-0.3188998713022393 -2.635664972598814 0
-0.5847601817351418 0.9443928672767236 0
1.976575656596626 2.451620373513736 0
-5.895011370590993 1.029853146378667 0
-6.33111555416432 1.148842393605543 0
31.25377683546768 5.703679608335996 0
-2.348919301047513 -3.345893958402994 0
1.232270038622731 -2.943034236560278 0
32.79257838067905 7.109455636981433 0
0.5998790690909299 -0.05172240166605795 0
-3.239193556656225 1.281642577705636 0
5.931427504116611 7.250556905731912 0
12.04860924439992 -2.549140035138754 0
$EndNodes
$Elements
6 13726 1 13726
1 5 1 79
1 1 6 
2 6 7 
3 7 8 
4 8 9 
5 9 10 
6 10 11 
7 11 12 
8 12 13 
9 13 14 
10 14 15 
11 15 16 
12 16 17 
13 17 18 
14 18 19 
15 19 20 
16 20 21 
17 21 22 
18 22 23 
19 23 24 
20 24 25 
21 25 26 
22 26 27 
23 27 28 
24 28 29 
25 29 30 
26 30 31 
27 31 32 
28 32 33 
29 33 34 
30 34 35 
31 35 36 
32 36 37 
33 37 38 
34 38 39 
35 39 40 
36 40 41 
37 41 42 
38 42 43 
39 43 44 
40 44 45 
41 45 46 
42 46 47 
43 47 48 
44 48 49 
45 49 50 
46 50 51 
47 51 52 
48 52 53 
49 53 54 
50 54 55 
51 55 56 
52 56 57 
53 57 58 
54 58 59 
55 59 60 
56 60 61 
57 61 62 
58 62 63 
59 63 64 
60 64 65 
61 65 66 
62 66 67 
63 67 68 
64 68 69 
65 69 70 
66 70 71 
67 71 72 
68 72 73 
69 73 74 
70 74 75 
71 75 76 
72 76 77 
73 77 78 
74 78 79 
75 79 80 
76 80 81 
77 81 82 
78 82 83 
79 83 1 
1 6 1 24
80 2 84 
81 84 85 
82 85 86 
83 86 87 
84 87 88 
85 88 89 
86 89 90 
87 90 91 
88 91 92 
89 92 93 
90 93 94 
91 94 95 
92 95 96 
93 96 97 
94 97 98 
95 98 99 
96 99 100 
97 100 101 
98 101 102 
99 102 103 
100 103 104 
101 104 105 
102 105 106 
103 106 3 
1 7 1 16
104 4 107 
105 107 108 
106 108 109 
107 109 110 
108 110 111 
109 111 112 
110 112 113 
111 113 114 
112 114 115 
113 115 116 
114 116 117 
115 117 118 
116 118 119 
117 119 120 
118 120 121 
119 121 2 
1 8 1 38
120 3 122 
121 122 123 
122 123 124 
123 124 125 
124 125 126 
125 126 127 
126 127 128 
127 128 129 
128 129 130 
129 130 131 
130 131 132 
131 132 133 
132 133 134 
133 134 135 
134 135 136 
135 136 137 
136 137 138 
137 138 139 
138 139 140 
139 140 141 
140 141 142 
141 142 143 
142 143 144 
143 144 145 
144 145 146 
145 146 147 
146 147 148 
147 148 149 
148 149 150 
149 150 151 
150 151 152 
151 152 153 
152 153 154 
153 154 155 
154 155 156 
155 156 157 
156 157 158 
157 158 5 
1 9 1 24
158 5 159 
159 159 160 
160 160 161 
161 161 162 
162 162 163 
163 163 164 
164 164 165 
165 165 166 
166 166 167 
167 167 168 
168 168 169 
169 169 170 
170 170 171 
171 171 172 
172 172 173 
173 173 174 
174 174 175 
175 175 176 
176 176 177 
177 177 178 
178 178 179 
179 179 180 
180 180 181 
181 181 4 
2 1 2 13545
182 5747 6271 3892 
183 1354 3953 3952 
184 4166 6271 5747 
185 979 5784 3796 
186 979 3796 982 
187 5887 6008 3227 
188 88 4393 87 
189 1196 4340 1197 
190 4829 5105 3098 
191 537 6545 538 
192 3680 4226 3799 
193 1467 5715 3303 
194 3742 4511 2630 
195 279 4293 4292 
196 4052 4054 2283 
197 548 551 550 
198 2467 4052 2259 
199 2283 4316 3967 
200 1295 4051 1382 
201 4146 4697 4145 
202 4151 4310 4309 
203 2630 4511 3978 
204 4073 4252 644 
205 323 5378 4115 
206 3098 6122 4829 
207 1346 5609 4849 
208 533 6278 535 
209 3554 4195 4087 
210 1541 3325 1653 
211 4454 5398 304 
212 279 4449 4293 
213 2288 4589 3300 
214 4105 4485 2860 
215 1532 5903 4175 
216 3151 3957 3955 
217 5850 6632 5871 
218 199 4143 3994 
219 4697 4903 4145 
220 4151 6178 4310 
221 318 4138 312 
222 5566 6363 6149 
223 4218 6403 3911 
224 605 6364 4829 
225 3906 5682 879 
226 3773 5895 4645 
227 4396 6217 4012 
228 2268 6295 2777 
229 1306 6326 1221 
230 5810 5966 4156 
231 1755 1778 1753 
232 3664 4050 3663 
233 1265 4076 1331 
234 723 5994 798 
235 6149 6363 4240 
236 3325 3326 1653 
237 5190 5736 3852 
238 4121 4455 1643 
239 4020 4027 877 
240 4437 4907 577 
241 1536 4186 1540 
242 3938 4133 1135 
243 1221 6326 3822 
244 3255 5692 3250 
245 1266 4076 1265 
246 4849 6423 1346 
247 1501 1504 1503 
248 4028 4029 4024 
249 3963 4305 3964 
250 2850 6700 5567 
251 542 545 544 
252 3851 5190 3852 
253 4907 6444 577 
254 3855 5966 5810 
255 533 5190 3851 
256 3359 4016 3358 
257 4165 4191 3825 
258 3774 6031 2464 
259 3591 4066 3252 
260 863 3906 879 
261 5507 5607 4058 
262 3789 6356 1742 
263 4597 6761 183 
264 5655 5696 3150 
265 3681 5881 3347 
266 320 4106 323 
267 381 6747 433 
268 4172 5616 3864 
269 3650 4408 3648 
270 6413 6554 1202 
271 3856 3860 825 
272 625 5092 622 
273 103 4256 102 
274 650 4107 653 
275 3938 6215 4133 
276 183 4604 4597 
277 697 5914 4086 
278 3942 5674 948 
279 697 4086 4085 
280 4192 4337 3697 
281 948 5709 3942 
282 3799 4131 3680 
283 4294 5673 3862 
284 3955 4196 3151 
285 3554 5941 5700 
286 4054 4316 2283 
287 663 6600 4348 
288 5981 6578 5940 
289 226 276 224 
290 4363 5679 3394 
291 5975 6354 4380 
292 3554 5700 4195 
293 3612 6283 815 
294 3644 6834 4161 
295 4029 6002 5843 
296 2806 3561 2804 
297 671 4385 701 
298 381 433 392 
299 403 406 405 
300 398 434 400 
301 394 441 396 
302 3126 4185 3124 
303 1008 4043 4041 
304 6256 6569 3833 
305 2910 4792 4342 
306 3685 5920 5746 
307 1742 5688 3789 
308 5293 5736 5190 
309 5588 5619 4414 
310 2722 3110 2720 
311 1191 6577 4533 
312 5603 5760 1065 
313 3347 5726 3681 
314 3741 6747 381 
315 646 4252 649 
316 963 3310 965 
317 4377 5641 1120 
318 4333 5759 3574 
319 725 4548 722 
320 3078 5547 4119 
321 5609 6304 591 
322 3719 5943 4036 
323 4533 4541 1191 
324 3913 3915 1715 
325 2750 4458 1485 
326 2818 4218 2722 
327 3250 5692 3552 
328 5620 6196 692 
329 721 3926 3925 
330 3865 4172 3864 
331 2464 6626 3774 
332 3851 6278 533 
333 548 5781 5748 
334 812 3943 814 
335 3798 6493 3197 
336 3701 6053 5655 
337 5700 5941 714 
338 530 3973 3869 
339 720 6357 721 
340 2818 6403 4218 
341 367 4386 369 
342 4605 5980 4454 
343 4454 5988 4605 
344 2791 6189 3336 
345 1733 5710 5657 
346 2478 5524 4119 
347 4296 6312 2817 
348 4140 4141 2863 
349 3294 5917 4099 
350 4175 5017 1532 
351 498 6273 397 
352 3994 5036 199 
353 691 6196 5620 
354 3138 4432 4083 
355 118 4308 117 
356 3960 4622 3298 
357 323 5593 5378 
358 3997 6177 1281 
359 4032 5733 1140 
360 659 4357 681 
361 866 6285 869 
362 4136 6498 3076 
363 1541 1653 1544 
364 2352 3159 3157 
365 3877 4065 824 
366 21 6113 4413 
367 199 4256 4143 
368 3347 6158 5726 
369 1002 6491 1003 
370 854 4344 856 
371 4773 6350 3905 
372 4016 4017 3358 
373 3979 4337 4192 
374 1340 6068 4004 
375 2793 6038 4197 
376 4185 4313 3124 
377 3959 4978 2504 
378 3228 6091 3686 
379 1013 3549 1012 
380 3283 3965 3269 
381 984 3795 987 
382 5850 5871 3559 
383 2269 6645 3398 
384 1509 1512 1511 
385 324 497 329 
386 1743 6351 3903 
387 433 3297 3164 
388 651 6621 5831 
389 3130 5616 3933 
390 3252 4066 3188 
391 434 3162 3161 
392 5418 6064 3425 
393 4107 5952 653 
394 4109 6575 1208 
395 4002 6413 1202 
396 790 3939 739 
397 4252 5847 649 
398 4186 6318 4100 
399 1751 3606 1714 
400 333 338 337 
401 5775 5778 4161 
402 605 6308 584 
403 1065 5713 5602 
404 655 657 656 
405 2261 4052 2283 
406 4548 6010 722 
407 1013 3550 3549 
408 3681 5726 904 
409 4148 6086 2733 
410 3427 5641 4377 
411 1428 6810 957 
412 2996 6217 4396 
413 1354 4105 3953 
414 4119 5524 3078 
415 3327 4303 1653 
416 982 3795 984 
417 427 6371 424 
418 406 407 405 
419 434 3161 400 
420 441 3176 396 
421 433 3164 392 
422 1409 4500 4102 
423 4027 4321 877 
424 655 894 657 
425 3951 4830 605 
426 5962 6450 2742 
427 4432 6576 4083 
428 3283 3966 3965 
429 5965 5998 2574 
430 551 6705 550 
431 557 3645 559 
432 4161 5778 3644 
433 1425 5216 4376 
434 3637 4482 4481 
435 3712 6246 1280 
436 3980 5204 788 
437 4441 6339 4200 
438 867 4020 877 
439 3033 4387 3534 
440 5808 5934 1158 
441 3300 4587 4328 
442 1211 4109 1208 
443 4541 5685 1191 
444 3824 4165 3825 
445 902 5673 4294 
446 3871 5934 5808 
447 4342 4343 2910 
448 850 6624 4116 
449 3661 6670 1445 
450 3616 4044 1806 
451 5868 5869 1072 
452 904 6052 3681 
453 853 6064 5418 
454 4029 6503 6002 
455 2328 6704 3082 
456 3886 3887 3208 
457 5709 5879 4210 
458 1536 6318 4186 
459 3978 4511 3576 
460 3424 5712 5711 
461 573 6385 576 
462 591 6304 5857 
463 3590 4309 3591 
464 3907 5685 4541 
465 3632 6135 4418 
466 5235 5589 1466 
467 948 5879 5709 
468 890 4051 1295 
469 2467 4053 4052 
470 3334 4005 3260 
471 2720 6850 2572 
472 5237 5574 5238 
473 459 6697 542 
474 5693 6828 6108 
475 87 4393 207 
476 5831 6317 651 
477 5930 6695 6537 
478 1715 4180 3913 
479 210 4441 4200 
480 909 3954 908 
481 3194 3798 3197 
482 6382 6766 4072 
483 613 4131 4130 
484 1425 6171 5216 
485 3158 3312 3311 
486 5091 5092 625 
487 3925 4194 721 
488 3104 6469 3775 
489 886 5759 4333 
490 2812 4346 3733 
491 852 6720 3870 
492 3664 6509 4050 
493 4033 4206 1263 
494 5600 5985 970 
495 542 2852 545 
496 5567 6570 2850 
497 1436 6333 4220 
498 1404 4501 1402 
499 3707 6201 5918 
500 1340 4004 1481 
501 3917 4371 3244 
502 1530 5922 1532 
503 3127 5036 3994 
504 4208 6106 1412 
505 2504 4979 3959 
506 4423 5975 4380 
507 6203 6821 833 
508 2817 6210 4296 
509 2809 5803 4199 
510 4467 6369 4081 
511 5640 5743 5070 
512 3740 6419 3794 
513 6070 6552 3575 
514 4211 4487 2776 
515 4162 4426 868 
516 699 4125 812 
517 4999 5035 3103 
518 5780 6536 632 
519 555 581 557 
520 856 4344 861 
521 3686 6027 3228 
522 4023 4028 4024 
523 1242 3920 1255 
524 822 3856 825 
525 4418 6297 3632 
526 1380 5682 3352 
527 3389 5734 5718 
528 2462 4303 3928 
529 5781 5920 5837 
530 3843 4708 2111 
531 3313 5743 5640 
532 595 3628 601 
533 4141 6339 4441 
534 4036 5943 4341 
535 3602 6153 4387 
536 5070 5071 2324 
537 320 323 322 
538 3954 5655 908 
539 3870 4342 852 
540 3895 3898 3256 
541 386 6077 5376 
542 1504 6731 1503 
543 820 3877 824 
544 4291 6821 6203 
545 225 226 224 
546 6146 6667 5649 
547 3791 6215 3243 
548 545 6733 544 
549 3787 6086 4148 
550 982 984 983 
551 3423 4105 2860 
552 5577 5604 185 
553 2574 5998 2036 
554 577 6502 4437 
555 4437 6502 4436 
556 3639 5682 1380 
557 590 6304 5609 
558 3989 4069 3431 
559 4321 6738 3906 
560 403 4422 406 
561 394 4420 441 
562 730 731 729 
563 1505 4211 1507 
564 1204 4002 1202 
565 4037 4424 3693 
566 3581 3983 3265 
567 4102 4500 3285 
568 2759 5160 1995 
569 4830 4898 3166 
570 3276 6059 5765 
571 6346 6482 6262 
572 3110 3295 2720 
573 304 5988 4454 
574 1207 5679 4363 
575 4305 6170 3964 
576 4220 4221 1436 
577 4384 6766 6382 
578 4058 6452 5507 
579 223 224 222 
580 3928 4298 2462 
581 4027 6183 4321 
582 2324 5640 5070 
583 1541 1544 1542 
584 3544 5998 5965 
585 5238 6050 5237 
586 365 5635 4113 
587 1167 4381 1165 
588 3244 6777 3917 
589 917 4362 916 
590 3158 3311 2816 
591 4039 6763 4038 
592 1262 5584 1329 
593 1279 5650 3829 
594 850 4116 846 
595 1281 5838 3997 
596 2412 2478 2409 
597 3883 4408 3650 
598 5718 5734 3730 
599 669 4385 671 
600 3157 4290 2352 
601 3294 6630 5917 
602 1279 3829 1122 
603 2418 2571 2415 
604 717 6486 718 
605 1381 3932 1307 
606 1140 5619 4032 
607 4038 6763 497 
608 4165 6637 4191 
609 1012 3549 1015 
610 732 4077 729 
611 4413 6113 3966 
612 3389 5826 4458 
613 3645 4223 559 
614 406 4301 407 
615 4286 5744 4287 
616 5616 6078 3933 
617 3294 6732 4097 
618 1171 4381 1167 
619 1753 3606 1751 
620 4071 5193 2994 
621 2478 4119 2409 
622 4176 4177 217 
623 5726 6158 900 
624 4836 5490 3404 
625 955 4354 957 
626 1809 6351 1743 
627 595 597 596 
628 2776 5581 4211 
629 644 6108 4073 
630 657 4357 659 
631 4286 5849 5744 
632 441 4319 3176 
633 4397 4531 2830 
634 649 4397 4107 
635 5970 6453 3704 
636 4061 5994 723 
637 4513 6370 4345 
638 5712 5919 3282 
639 424 6487 422 
640 3795 4296 987 
641 1215 5923 5701 
642 3924 5977 1735 
643 546 5781 548 
644 4113 6047 365 
645 1735 6219 3924 
646 3863 5222 1129 
647 4291 6203 3953 
648 5567 6700 5784 
649 4141 4440 2863 
650 605 4828 3951 
651 3590 5913 4309 
652 423 4251 4248 
653 3886 3893 3887 
654 3743 6187 3744 
655 3774 6687 6031 
656 5625 6164 3651 
657 5001 5036 3127 
658 5727 6235 4043 
659 3869 6184 530 
660 2109 4708 2113 
661 957 6810 959 
662 3860 3861 825 
663 4588 6713 2759 
664 4262 6784 6237 
665 649 4107 650 
666 4267 5961 4265 
667 3551 4320 3549 
668 1423 6174 1217 
669 3621 5985 5600 
670 536 6325 537 
671 4044 5587 1806 
672 1104 6328 5680 
673 3575 6552 4361 
674 2852 5918 545 
675 1055 6630 3294 
676 1304 4253 3598 
677 3403 4979 3401 
678 2856 6434 1431 
679 1124 4149 1279 
680 1240 4209 1235 
681 312 6206 318 
682 5940 6578 6411 
683 3128 5820 5242 
684 497 6764 329 
685 1008 5727 4043 
686 1361 4069 3989 
687 5715 6514 3303 
688 3591 6428 4066 
689 4034 4035 2559 
690 4148 6020 4101 
691 995 4239 997 
692 4421 4821 3335 
693 2259 4052 2261 
694 5242 6224 3128 
695 6076 6421 5819 
696 4100 6318 5018 
697 4226 4227 3844 
698 3951 4898 4830 
699 4855 5930 5907 
700 3920 5765 1255 
701 2742 6450 3128 
702 2786 5812 4307 
703 4458 5734 3389 
704 2478 6080 5524 
705 790 6239 3939 
706 4162 6528 4426 
707 2854 6235 5727 
708 6253 6837 3637 
709 5862 6071 5880 
710 5711 6675 3424 
711 3775 6129 3104 
712 3334 6248 4005 
713 4220 6333 3578 
714 2805 2806 2804 
715 1365 3996 3066 
716 3959 5492 4978 
717 1376 4077 732 
718 5907 5930 3894 
719 1481 3787 1483 
720 4598 6761 4597 
721 840 3850 841 
722 1712 1751 1714 
723 923 5834 5722 
724 550 6705 552 
725 3905 6349 4773 
726 182 5878 4555 
727 963 965 964 
728 2846 3661 1445 
729 194 4393 88 
730 1643 5821 4121 
731 716 6576 4432 
732 3777 6421 6076 
733 4127 5969 880 
734 4014 4078 3641 
735 4561 6138 540 
736 724 6499 723 
737 3248 6066 4366 
738 540 6252 4561 
739 4236 6857 3623 
740 4082 6036 5695 
741 2864 4358 2826 
742 1383 3864 3130 
743 655 6253 894 
744 3887 4193 3890 
745 227 228 226 
746 4555 6563 182 
747 2257 5705 3880 
748 226 316 276 
749 1263 5584 1262 
750 3402 4196 3955 
751 1108 6591 3810 
752 3146 4088 3143 
753 387 6472 401 
754 3103 6129 4999 
755 1197 4340 1474 
756 3362 4016 3359 
757 5655 5937 3701 
758 3827 6381 3829 
759 1129 5749 3863 
760 1354 4485 4105 
761 4796 6588 4979 
762 324 5772 497 
763 6441 6557 3919 
764 3310 3663 965 
765 5009 6281 4091 
766 4065 4336 1474 
767 213 4256 103 
768 102 4256 199 
769 2828 4014 3641 
770 3893 4193 3887 
771 407 410 409 
772 4335 5825 3134 
773 4362 5703 916 
774 3700 5599 4350 
775 2414 6531 6255 
776 4117 5791 189 
777 1061 4320 3984 
778 3829 5650 3827 
779 666 669 668 
780 618 5842 4228 
781 3251 3895 3256 
782 858 3996 857 
783 815 4431 3612 
784 1012 1015 1014 
785 2441 6366 5915 
786 3628 4332 601 
787 3206 3886 3208 
788 5006 6144 3603 
789 3858 4294 3862 
790 4182 4998 212 
791 1808 5809 1805 
792 3984 4265 1061 
793 1083 6164 5625 
794 4014 6264 4078 
795 3623 6132 4235 
796 1196 6494 4340 
797 554 6819 555 
798 5702 6183 4030 
799 535 6288 533 
800 5656 6369 4467 
801 4425 5842 3807 
802 814 6266 6250 
803 1233 4209 3998 
804 1357 5656 4993 
805 2111 6749 3843 
806 3602 4387 3033 
807 3981 4707 2339 
808 877 4321 3906 
809 3138 4083 3068 
810 4347 5398 4454 
811 1195 4380 3935 
812 4227 4425 3844 
813 1121 4289 4288 
814 6003 6263 4019 
815 3576 6143 3978 
816 555 557 556 
817 221 222 220 
818 3962 6294 1510 
819 3935 4407 1195 
820 4414 5619 1140 
821 4300 5687 4298 
822 1108 3810 1106 
823 1512 1513 1511 
824 4170 6453 5970 
825 1217 6174 4253 
826 663 4348 666 
827 4288 6431 1121 
828 323 6475 322 
829 3661 5517 4072 
830 590 5609 1346 
831 1160 5758 4403 
832 3998 6334 1233 
833 6269 6499 724 
834 654 6837 655 
835 4342 4792 852 
836 4298 5687 2462 
837 338 6820 337 
838 3996 5893 3066 
839 531 6655 6017 
840 3855 6538 3853 
841 6017 6655 3977 
842 3644 5778 4062 
843 4235 4236 3623 
844 2572 6850 2571 
845 5918 6201 545 
846 1144 4463 1161 
847 4143 5812 2787 
848 5343 6380 5798 
849 957 959 958 
850 422 6487 425 
851 2339 4708 3981 
852 644 4252 646 
853 2749 4523 2740 
854 3850 6617 841 
855 3928 4303 3327 
856 203 4453 4347 
857 340 6799 381 
858 2846 6861 3661 
859 1263 4368 4033 
860 3875 4213 387 
861 4120 4122 2569 
862 5581 6862 4211 
863 224 6776 222 
864 5780 5907 3894 
865 3085 4462 4304 
866 721 6189 720 
867 3114 4387 3113 
868 3637 5952 4482 
869 3312 6023 3311 
870 2572 2722 2720 
871 410 4301 487 
872 590 6395 592 
873 3640 6425 5893 
874 3979 6150 1428 
875 6108 6828 4074 
876 699 812 811 
877 650 653 652 
878 955 957 956 
879 4203 6343 6127 
880 3966 6113 5634 
881 5376 6141 386 
882 1497 6265 1499 
883 1002 6634 1071 
884 3243 5951 3791 
885 812 6341 3943 
886 3784 4371 3917 
887 3857 3858 3856 
888 838 840 839 
889 196 6144 5006 
890 4019 6263 4018 
891 3970 6549 3050 
892 1295 1381 1307 
893 1544 1546 1545 
894 6229 6473 384 
895 214 4308 118 
896 117 4308 196 
897 1412 6197 4208 
898 4262 6237 2768 
899 407 4301 410 
900 1280 3714 3712 
901 3810 3811 1127 
902 666 4348 669 
903 858 6594 3996 
904 1653 4303 1544 
905 595 601 597 
906 1304 1363 1303 
907 3966 5634 3965 
908 835 838 836 
909 3246 3888 3886 
910 3066 3866 3065 
911 5809 6216 1805 
912 3253 3590 3252 
913 2816 3118 2716 
914 701 4385 1446 
915 214 4178 4063 
916 1025 5582 1060 
917 2479 6497 3839 
918 1724 4433 1726 
919 4462 4463 4304 
920 3134 5825 4360 
921 2415 6479 3831 
922 3821 5892 4310 
923 4835 6277 1190 
924 6277 6424 1190 
925 890 1295 939 
926 3854 6777 3244 
927 824 3856 822 
928 5656 6165 4993 
929 3233 3280 3254 
930 5915 6366 3986 
931 3822 3848 1423 
932 1104 5680 1102 
933 369 4386 377 
934 984 986 985 
935 4327 5826 2803 
936 5862 5880 1098 
937 4347 4453 314 
938 5595 6621 680 
939 725 6499 6269 
940 4187 6139 3613 
941 4225 6354 5975 
942 1158 5685 3907 
943 3789 5688 3924 
944 576 6802 3111 
945 4317 6038 2793 
946 4063 4308 214 
947 3153 4325 3155 
948 1366 4067 1442 
949 587 6690 588 
950 4645 5636 3773 
951 5746 5920 606 
952 367 6508 4386 
953 1136 6591 1108 
954 848 941 849 
955 941 1199 942 
956 2415 3831 2412 
957 593 6798 594 
958 3648 4408 3935 
959 3853 3854 3244 
960 700 4404 672 
961 2704 6319 3949 
962 681 4357 2844 
963 657 659 658 
964 1381 6812 3932 
965 4350 5599 3345 
966 3871 6082 5934 
967 1112 6477 3982 
968 3848 4230 1423 
969 1503 6731 1505 
970 4130 6427 613 
971 3592 6145 5913 
972 3834 6392 836 
973 1428 4337 3979 
974 4406 6246 1472 
975 4019 6511 3964 
976 4049 5699 3671 
977 3949 6232 2704 
978 1201 1355 1199 
979 3298 6198 3960 
980 4978 5492 2526 
981 1363 6804 4014 
982 544 6733 546 
983 4091 6442 5009 
984 5839 6385 577 
985 401 6089 5736 
986 1091 6036 4082 
987 3294 4097 1057 
988 4122 5821 4992 
989 1509 3758 1512 
990 576 5839 4060 
991 3770 5603 5602 
992 892 5742 5673 
993 3581 6301 3983 
994 3233 3254 3200 
995 630 6257 629 
996 669 671 670 
997 3907 5808 1158 
998 3964 6170 4019 
999 4207 6082 3871 
1000 5718 5983 3388 
1001 633 6569 631 
1002 333 5911 338 
1003 1458 2807 1355 
1004 1295 1307 939 
1005 3861 6667 6146 
1006 876 4021 4020 
1007 3910 6637 882 
1008 2824 5891 2821 
1009 824 3857 3856 
1010 606 5920 5781 
1011 3857 3859 3858 
1012 3967 4189 2283 
1013 1933 6461 6061 
1014 5694 6578 1328 
1015 1059 6501 4287 
1016 5688 5977 3924 
1017 1120 6852 4377 
1018 1072 6491 6132 
1019 4287 6623 1059 
1020 4032 5619 4084 
1021 4256 5812 4143 
1022 836 6026 3834 
1023 3954 5696 5655 
1024 2412 3831 2478 
1025 3824 6708 4165 
1026 1248 3921 1244 
1027 4080 5588 4414 
1028 421 424 422 
1029 228 6666 226 
1030 979 982 981 
1031 2740 4523 3109 
1032 401 5736 387 
1033 631 6257 630 
1034 3388 4501 1404 
1035 726 5616 4172 
1036 857 1365 927 
1037 2994 5644 4071 
1038 1535 6318 1536 
1039 1466 4139 2809 
1040 1304 1364 1363 
1041 1221 3822 1219 
1042 1213 4253 1304 
1043 2418 2572 2571 
1044 3388 5983 4501 
1045 4199 5803 4102 
1046 856 857 855 
1047 916 6500 4405 
1048 3833 6718 6256 
1049 728 6836 724 
1050 578 4188 575 
1051 4293 6298 305 
1052 4023 4024 4021 
1053 4300 5545 1570 
1054 3630 5345 2778 
1055 4051 5851 1382 
1056 3810 3812 3811 
1057 4128 5969 4127 
1058 5722 5834 3823 
1059 3050 5823 3970 
1060 3716 3717 3241 
1061 1307 3932 1349 
1062 589 6304 590 
1063 6061 6461 3969 
1064 611 6427 5730 
1065 6476 6717 6211 
1066 4028 6503 4029 
1067 1538 6332 6299 
1068 4088 6787 3143 
1069 1102 1120 1100 
1070 2808 3702 2807 
1071 4264 6078 4153 
1072 4425 4707 3981 
1073 4026 4028 4023 
1074 1106 1127 1104 
1075 3197 3233 3200 
1076 3236 3241 3238 
1077 3932 3934 1349 
1078 4265 5961 1061 
1079 3240 3275 3251 
1080 3599 3600 1364 
1081 305 6388 4293 
1082 3280 3643 3254 
1083 3275 3895 3251 
1084 3185 3187 3186 
1085 5695 6193 4082 
1086 575 6385 573 
1087 2768 5261 2337 
1088 788 5769 3980 
1089 4403 5758 4280 
1090 1641 6688 6524 
1091 1213 1303 1211 
1092 6299 6332 1540 
1093 1505 1507 1506 
1094 1383 3130 1381 
1095 3204 3246 3206 
1096 4001 6742 1314 
1097 1213 1304 1303 
1098 3246 3886 3206 
1099 1709 4329 1711 
1100 634 6569 633 
1101 845 846 840 
1102 830 835 832 
1103 1242 1255 1240 
1104 1365 3065 1366 
1105 1106 3810 1127 
1106 4193 5747 3890 
1107 329 6764 3113 
1108 890 939 850 
1109 2571 6479 2415 
1110 4979 6588 3683 
1111 5701 5923 3351 
1112 2309 6160 3429 
1113 557 559 558 
1114 546 548 547 
1115 4026 4031 4028 
1116 1001 6491 1002 
1117 314 4453 4412 
1118 4188 6598 4436 
1119 3187 3252 3188 
1120 3046 4311 3112 
1121 189 5000 4117 
1122 6149 6848 1422 
1123 880 4322 4127 
1124 1363 4014 2828 
1125 717 718 712 
1126 1015 1018 1017 
1127 3592 5913 3590 
1128 820 824 822 
1129 3172 4381 1171 
1130 3111 6802 5697 
1131 3719 6439 5943 
1132 4094 5801 4092 
1133 1538 6648 1539 
1134 5801 6225 171 
1135 6183 6375 4030 
1136 3978 6143 2749 
1137 5037 6121 219 
1138 838 839 836 
1139 1244 3920 1242 
1140 731 732 729 
1141 2750 5734 4458 
1142 4015 4016 3362 
1143 5713 5714 5602 
1144 3894 6536 5780 
1145 689 6344 692 
1146 4306 4401 499 
1147 2123 6022 4927 
1148 3180 5584 4084 
1149 4439 5605 3349 
1150 3984 4320 3551 
1151 914 1278 912 
1152 3716 3747 3717 
1153 3076 4137 4136 
1154 1509 1511 1510 
1155 4420 4421 441 
1156 5006 6202 209 
1157 1219 1423 1217 
1158 841 848 843 
1159 3547 4101 2772 
1160 3153 6260 4325 
1161 1507 1509 1508 
1162 386 6473 6229 
1163 222 6359 220 
1164 4014 6804 6264 
1165 2849 6180 3770 
1166 3066 3868 3866 
1167 646 649 648 
1168 840 841 839 
1169 4097 4144 1407 
1170 614 4407 616 
1171 723 6499 722 
1172 3661 5522 5517 
1173 632 6536 6257 
1174 3864 5616 3130 
1175 835 836 832 
1176 5959 6100 928 
1177 1474 4340 4065 
1178 1402 4501 4500 
1179 1110 1136 1108 
1180 548 550 549 
1181 846 3850 840 
1182 1328 6578 5729 
1183 6022 6155 4927 
1184 3160 6420 3158 
1185 653 5952 3637 
1186 3302 5715 1467 
1187 3734 4878 3162 
1188 1097 1098 1095 
1189 4412 5604 314 
1190 4388 5792 3477 
1191 552 6819 554 
1192 206 5605 4439 
1193 4315 4520 3594 
1194 3845 6506 6033 
1195 1172 6815 1174 
1196 3187 3253 3252 
1197 1365 3066 3065 
1198 3618 5924 2775 
1199 3101 6553 6125 
1200 1711 4329 1752 
1201 3853 6538 3854 
1202 677 5585 703 
1203 1444 4111 3621 
1204 1443 4002 1204 
1205 1507 6862 1509 
1206 847 850 846 
1207 5798 6380 202 
1208 1298 5786 5661 
1209 876 4020 870 
1210 3733 4327 2803 
1211 6063 6169 5997 
1212 3549 4320 1015 
1213 3424 5919 5712 
1214 1112 3982 1110 
1215 4144 6297 1407 
1216 6419 6811 3794 
1217 1266 4358 4076 
1218 313 5604 5577 
1219 1466 5589 4139 
1220 1363 2828 1374 
1221 869 6285 5652 
1222 4182 5894 4998 
1223 4355 4356 3708 
1224 3919 6557 1181 
1225 6115 6813 4794 
1226 655 6837 6253 
1227 4121 6207 4455 
1228 3787 6724 5889 
1229 3904 6404 6350 
1230 685 5914 697 
1231 739 3939 738 
1232 1096 1097 1095 
1233 912 3954 909 
1234 1060 5582 4459 
1235 882 6331 3910 
1236 3915 4419 1715 
1237 3214 3248 3216 
1238 622 6696 625 
1239 1729 2254 1727 
1240 2559 5653 4034 
1241 3216 3853 3218 
1242 942 3884 944 
1243 5765 6059 5935 
1244 3923 5755 2717 
1245 865 3906 863 
1246 1126 3937 1116 
1247 4796 4979 2504 
1248 1942 6112 5848 
1249 3636 4250 3567 
1250 920 4362 917 
1251 3865 5905 4172 
1252 5882 5897 3400 
1253 653 6837 654 
1254 3877 4336 4065 
1255 1116 3937 1114 
1256 3898 6627 3256 
1257 863 879 858 
1258 5594 5595 680 
1259 3933 6078 4264 
1260 276 318 224 
1261 857 3996 1365 
1262 3292 6144 4308 
1263 1250 1259 1248 
1264 1240 6805 4209 
1265 3201 6703 4062 
1266 4101 6020 2772 
1267 2261 2283 2263 
1268 2849 6509 6180 
1269 398 6694 434 
1270 1223 1306 1221 
1271 1244 3921 3920 
1272 141 6633 4570 
1273 3964 6511 3368 
1274 877 3906 865 
1275 3876 4002 1443 
1276 4189 6811 2263 
1277 984 987 986 
1278 4219 4220 3578 
1279 2830 4505 4397 
1280 4440 4441 200 
1281 533 6288 534 
1282 387 5736 3875 
1283 3831 6018 2478 
1284 4177 5811 217 
1285 2809 4199 1170 
1286 4570 6590 141 
1287 1099 1100 1097 
1288 5238 5574 1809 
1289 3201 4062 3204 
1290 5801 6442 4092 
1291 1382 1383 1381 
1292 3253 3592 3590 
1293 1778 3606 1753 
1294 1007 6546 1009 
1295 539 6789 6545 
1296 4197 6147 2793 
1297 6125 6553 4059 
1298 537 538 536 
1299 3710 6246 3712 
1300 3404 5859 4836 
1301 942 6751 3884 
1302 3269 3965 3271 
1303 3436 5325 4213 
1304 1219 3822 1423 
1305 765 4365 4078 
1306 851 890 850 
1307 870 4020 867 
1308 5924 6668 2775 
1309 3858 3862 3860 
1310 1135 6477 1112 
1311 3271 3965 3384 
1312 6003 6170 795 
1313 3909 6638 4429 
1314 3756 4134 3280 
1315 1235 4209 1233 
1316 530 3974 3973 
1317 3155 4325 3182 
1318 916 4405 914 
1319 276 4138 318 
1320 4067 6605 1442 
1321 185 5604 4412 
1322 817 955 954 
1323 2113 4708 2339 
1324 2111 4708 2109 
1325 1536 6332 1537 
1326 2269 3398 2334 
1327 6039 6622 5824 
1328 6033 6506 1071 
1329 1165 4381 1325 
1330 5037 6691 6121 
1331 1364 6804 1363 
1332 3188 4066 3190 
1333 421 427 424 
1334 2828 3390 2829 
1335 2480 4424 4037 
1336 3888 3893 3886 
1337 3401 4979 3683 
1338 3959 4979 3403 
1339 4429 6564 3909 
1340 581 3645 557 
1341 3599 3633 3600 
1342 1817 5607 5507 
1343 4343 4344 2910 
1344 3393 4003 3396 
1345 4019 6170 6003 
1346 967 969 968 
1347 3742 5953 4511 
1348 5843 6002 5936 
1349 4241 6655 4221 
1350 4387 6153 3113 
1351 944 3185 3183 
1352 1641 6524 5855 
1353 4315 5666 4520 
1354 3807 4707 4425 
1355 820 822 821 
1356 3616 6310 4044 
1357 3952 6838 1354 
1358 941 942 849 
1359 3110 3699 3295 
1360 962 6846 963 
1361 1361 5560 4069 
1362 1072 6131 5868 
1363 1355 1356 1199 
1364 1140 5733 874 
1365 669 670 668 
1366 3792 6443 3982 
1367 3744 6187 5805 
1368 4345 5866 4513 
1369 2352 5861 3159 
1370 995 4472 4239 
1371 1114 1135 1112 
1372 848 849 843 
1373 4482 5952 4505 
1374 818 3877 820 
1375 672 4404 674 
1376 5929 6189 721 
1377 2806 4150 3563 
1378 3384 5634 3625 
1379 3241 3899 3238 
1380 856 858 857 
1381 6216 6336 1801 
1382 4050 6504 3663 
1383 3376 3564 3375 
1384 3067 3864 1383 
1385 3162 4878 3869 
1386 846 4116 3850 
1387 3218 3244 3220 
1388 4221 6401 4241 
1389 4810 6579 5631 
1390 4471 6601 6074 
1391 4587 6566 4328 
1392 3226 3715 3236 
1393 3422 5722 5628 
1394 900 4051 891 
1395 3218 3853 3244 
1396 597 4333 3785 
1397 999 1001 1000 
1398 2722 4218 3110 
1399 2716 3885 2641 
1400 1110 3982 1136 
1401 3190 4066 3232 
1402 2828 3641 3390 
1403 5602 5603 1065 
1404 2875 4562 4360 
1405 392 6727 394 
1406 4421 6757 441 
1407 400 6725 403 
1408 3941 6090 3942 
1409 4134 6458 946 
1410 3364 4015 3362 
1411 4091 6281 6179 
1412 1013 4464 3550 
1413 207 4393 4181 
1414 6312 6700 2817 
1415 2817 6700 2850 
1416 3387 4128 3557 
1417 894 4357 657 
1418 1384 3067 1383 
1419 941 1201 1199 
1420 433 3298 3297 
1421 1544 4303 1546 
1422 944 3884 3185 
1423 5819 6342 932 
1424 3756 6458 4134 
1425 5800 6402 5795 
1426 533 534 532 
1427 5631 6579 627 
1428 331 6422 333 
1429 229 230 228 
1430 2927 4355 2020 
1431 3375 3963 3370 
1432 5131 6214 692 
1433 4076 4358 2864 
1434 2373 5483 4981 
1435 434 3734 3162 
1436 2826 4358 2824 
1437 5871 6632 1296 
1438 1101 1102 1100 
1439 3564 3569 3375 
1440 3297 3299 3164 
1441 4903 4904 4145 
1442 3275 3896 3895 
1443 943 4473 849 
1444 3795 6312 4296 
1445 3162 3163 3161 
1446 407 409 408 
1447 1504 6296 4229 
1448 3214 6066 3248 
1449 1481 4004 3787 
1450 3155 3182 3181 
1451 5693 6108 642 
1452 3093 5172 3772 
1453 4124 4410 2618 
1454 2328 3082 2766 
1455 3755 6446 5832 
1456 3885 4183 2641 
1457 815 6589 4431 
1458 1227 1296 1225 
1459 692 6344 5131 
1460 925 928 922 
1461 822 825 823 
1462 3431 6106 3989 
1463 5943 6439 790 
1464 3890 5747 3892 
1465 5729 6578 5981 
1466 4345 6370 3121 
1467 3702 3704 2807 
1468 3292 4308 4063 
1469 3366 3372 3364 
1470 4084 5619 3180 
1471 1225 4049 1223 
1472 1537 6332 1538 
1473 928 6620 922 
1474 5591 6559 5592 
1475 2820 6224 5242 
1476 1201 1458 1355 
1477 3009 4329 1709 
1478 657 658 656 
1479 4464 6711 3350 
1480 3350 6103 4464 
1481 591 5148 4108 
1482 988 6724 6067 
1483 3258 3334 3260 
1484 3715 3716 3241 
1485 1491 6608 6460 
1486 592 6395 593 
1487 1109 5664 1111 
1488 541 5797 500 
1489 608 4423 612 
1490 3208 3889 3209 
1491 3870 6720 4207 
1492 2910 4344 854 
1493 2639 4183 2878 
1494 5833 6220 551 
1495 4029 4030 4024 
1496 576 6385 5839 
1497 6090 6291 3942 
1498 891 4051 890 
1499 1161 4463 4462 
1500 4186 4255 1540 
1501 1711 1752 1751 
1502 5664 6431 4288 
1503 4981 5962 4428 
1504 4145 6793 4146 
1505 4392 5560 3168 
1506 316 6612 4292 
1507 574 575 573 
1508 4493 6041 5875 
1509 316 6666 6612 
1510 4390 6072 1469 
1511 4149 5960 1279 
1512 1042 5948 5885 
1513 3226 6485 3715 
1514 5926 6586 406 
1515 2588 6281 6163 
1516 4422 5926 406 
1517 4421 6005 4821 
1518 982 3796 3795 
1519 4622 5732 3298 
1520 655 656 654 
1521 1068 4193 4173 
1522 1535 6208 1533 
1523 4251 6712 4248 
1524 959 6783 958 
1525 1329 5584 3180 
1526 3705 6367 3706 
1527 1319 4149 1138 
1528 5971 6000 3615 
1529 3260 4005 3262 
1530 867 877 865 
1531 749 5689 4341 
1532 5832 6446 2760 
1533 1752 1754 1753 
1534 201 5944 5458 
1535 3607 3876 1443 
1536 3265 3983 3267 
1537 4439 6000 5971 
1538 3982 6477 3792 
1539 4428 5962 2742 
1540 5753 6095 5754 
1541 3236 3238 3237 
1542 1458 2808 2807 
1543 3061 4201 3840 
1544 817 6250 955 
1545 4817 6227 3627 
1546 4334 5545 4300 
1547 3222 3231 3224 
1548 931 932 929 
1549 4240 6848 6149 
1550 6031 6191 2792 
1551 6067 6724 6068 
1552 4022 4023 4021 
1553 1198 4463 1144 
1554 3197 3200 3198 
1555 3271 3384 3273 
1556 946 4479 4134 
1557 1314 6185 4001 
1558 3995 6274 4369 
1559 3190 3232 3192 
1560 2123 5915 3986 
1561 1100 5641 1097 
1562 1412 4061 711 
1563 2820 6803 6224 
1564 322 6475 324 
1565 997 4239 1440 
1566 1248 6746 3921 
1567 4272 6204 5659 
1568 4229 6330 1504 
1569 857 927 855 
1570 967 6504 970 
1571 127 4246 319 
1572 3627 6352 4817 
1573 1223 4049 1306 
1574 584 6364 605 
1575 4933 6410 1270 
1576 3603 6202 5006 
1577 611 6707 4837 
1578 2347 4433 1724 
1579 3148 4087 3146 
1580 3300 4589 4587 
1581 5624 5645 4171 
1582 537 6139 4187 
1583 1004 6387 1005 
1584 4217 6394 3699 
1585 138 6495 6414 
1586 714 5941 4198 
1587 1722 6040 5974 
1588 597 3785 596 
1589 1103 1104 1102 
1590 4072 6484 6382 
1591 5869 6412 1072 
1592 1698 4419 1700 
1593 1138 4149 1124 
1594 535 4629 4563 
1595 3127 5797 5001 
1596 4356 6450 3708 
1597 3256 6627 3258 
1598 1733 5657 1730 
1599 4081 6042 4467 
1600 4263 5857 588 
1601 1071 6634 6033 
1602 4069 5560 4392 
1603 1499 6628 1501 
1604 5655 6053 908 
1605 596 3785 599 
1606 6021 6044 4295 
1607 4062 5778 3246 
1608 3372 4015 3364 
1609 1351 4233 1177 
1610 226 6666 316 
1611 1256 5711 1257 
1612 1118 1126 1116 
1613 2338 6698 4114 
1614 1207 4363 938 
1615 3770 5602 2848 
1616 967 970 969 
1617 3396 3597 3397 
1618 3827 5754 3274 
1619 841 6617 848 
1620 4837 5995 611 
1621 6394 6470 3699 
1622 124 4400 205 
1623 2717 6391 3923 
1624 183 4605 4604 
1625 1485 4458 1487 
1626 3374 3375 3370 
1627 4148 6467 6020 
1628 4389 4390 1469 
1629 3986 6022 2123 
1630 5880 5898 1098 
1631 3009 4330 4329 
1632 3698 5172 3093 
1633 3396 3675 3597 
1634 1015 4320 1018 
1635 2332 4137 3076 
1636 719 4264 4153 
1637 3238 3240 3239 
1638 3267 3283 3269 
1639 4151 4309 837 
1640 3301 4404 700 
1641 2808 3703 3702 
1642 187 5797 4190 
1643 3281 3756 3280 
1644 922 6620 4361 
1645 3989 6106 4208 
1646 838 845 840 
1647 3888 5778 5775 
1648 4295 6503 4028 
1649 337 6820 340 
1650 5945 6626 2464 
1651 1442 3422 3421 
1652 5776 5900 1060 
1653 4355 5572 2020 
1654 967 6854 6504 
1655 50 4151 837 
1656 26 4167 4154 
1657 13 4158 881 
1658 54 4168 1200 
1659 1 4157 794 
1660 24 4152 1030 
1661 52 4174 829 
1662 36 4171 1070 
1663 40 4166 1068 
1664 42 4173 1016 
1665 3557 3665 3558 
1666 2465 2757 2570 
1667 3280 4134 3643 
1668 1501 1503 1502 
1669 674 677 676 
1670 3887 3890 3889 
1671 1231 1258 1229 
1672 4448 6133 5975 
1673 4099 5565 5357 
1674 3590 3591 3252 
1675 3937 6790 1114 
1676 689 5987 5986 
1677 4087 4088 3146 
1678 4191 6637 3910 
1679 4102 5803 1409 
1680 6414 6495 3881 
1681 1006 6293 1007 
1682 4463 6631 3872 
1683 3866 3867 3065 
1684 4392 6177 3997 
1685 1365 1366 927 
1686 935 937 933 
1687 559 561 560 
1688 1005 5727 1008 
1689 2622 4215 4214 
1690 3933 6522 3932 
1691 4358 5891 2824 
1692 320 6092 4106 
1693 1029 4456 4126 
1694 396 6694 398 
1695 3601 6072 4390 
1696 3384 3625 3385 
1697 3262 3581 3265 
1698 3747 4126 3717 
1699 3185 3186 3183 
1700 611 6587 6427 
1701 4304 4463 3872 
1702 986 990 989 
1703 410 411 409 
1704 4227 5842 4425 
1705 1406 4352 4351 
1706 3187 3188 3186 
1707 4442 6631 1198 
1708 542 544 543 
1709 961 6846 962 
1710 4031 4295 4028 
1711 4108 5609 591 
1712 1278 3954 912 
1713 6123 6779 5708 
1714 1307 1349 1348 
1715 1546 1548 1547 
1716 3387 3557 3556 
1717 653 654 652 
1718 1530 1532 1531 
1719 990 4359 2750 
1720 6524 6688 3781 
1721 4345 4346 2812 
1722 5204 6389 788 
1723 3587 6277 4835 
1724 5786 6515 5661 
1725 879 6594 858 
1726 4441 6276 200 
1727 3641 5865 3390 
1728 4194 4529 1471 
1729 3925 4529 4194 
1730 3859 4294 3858 
1731 4250 6014 3567 
1732 854 856 855 
1733 3680 6032 4228 
1734 965 6855 964 
1735 4094 6225 5801 
1736 495 6005 4006 
1737 849 4473 843 
1738 3640 5893 3814 
1739 4096 6056 65 
1740 6054 6204 1305 
1741 5840 5841 2629 
1742 4097 6732 4098 
1743 2807 4075 1355 
1744 2622 4214 2392 
1745 191 220 154 
1746 3913 4180 3562 
1747 612 4423 1195 
1748 4184 5799 5611 
1749 1570 5687 4300 
1750 818 820 819 
1751 3226 3236 3235 
1752 1726 4433 1728 
1753 3240 3251 3250 
1754 6325 6471 540 
1755 3310 3664 3663 
1756 5673 5742 3862 
1757 893 900 891 
1758 2733 6467 4148 
1759 1483 4148 4101 
1760 3137 4140 2573 
1761 3552 5692 5676 
1762 3194 3197 3196 
1763 220 6795 154 
1764 1480 4233 1351 
1765 4117 6597 5791 
1766 1198 6128 4442 
1767 1105 1106 1104 
1768 3009 4372 4330 
1769 3606 5717 1714 
1770 1199 6751 942 
1771 4242 5984 5728 
1772 3731 5865 4157 
1773 4025 4026 4023 
1774 1095 5898 1085 
1775 5696 5958 5957 
1776 5572 5683 2020 
1777 3185 5909 3187 
1778 3655 6035 4103 
1779 1257 5676 1250 
1780 1212 1213 1211 
1781 3216 6669 3853 
1782 1010 6816 1011 
1783 3812 6008 5887 
1784 984 985 983 
1785 3283 6490 3966 
1786 4237 4238 4236 
1787 3204 3206 3205 
1788 1499 1501 1500 
1789 1495 1497 1496 
1790 4041 5814 1008 
1791 1022 5582 1025 
1792 697 6540 699 
1793 4114 5852 2338 
1794 548 5748 551 
1795 1206 1207 938 
1796 5668 6281 5009 
1797 4242 5728 1437 
1798 6179 6281 2588 
1799 6151 6200 3682 
1800 3550 4464 4304 
1801 2641 4183 2639 
1802 895 6285 866 
1803 1528 4234 4202 
1804 3123 3138 3068 
1805 1195 4407 614 
1806 4103 6035 2211 
1807 6012 6519 5758 
1808 3598 3599 1364 
1809 1363 1374 1303 
1810 1501 6296 1504 
1811 1742 6356 4489 
1812 4105 4291 3953 
1813 3557 4127 3665 
1814 3670 4314 3673 
1815 845 847 846 
1816 4835 6483 3587 
1817 2788 6169 6063 
1818 3267 3983 3283 
1819 1273 5686 730 
1820 4018 6263 715 
1821 1497 1499 1498 
1822 5781 6733 606 
1823 225 227 226 
1824 3393 3396 3395 
1825 871 5652 878 
1826 932 6076 5819 
1827 4489 6356 3339 
1828 3379 3380 1480 
1829 715 6399 4018 
1830 3564 6014 3569 
1831 3151 6137 1738 
1832 3377 6100 5959 
1833 1725 4257 2447 
1834 3354 3554 3148 
1835 3633 4132 3600 
1836 3823 4242 1439 
1837 5458 6726 201 
1838 3390 3731 3391 
1839 4201 6157 3918 
1840 316 317 276 
1841 3113 6764 3114 
1842 184 6200 6151 
1843 1804 4326 2291 
1844 5624 6777 5645 
1845 4849 5609 4108 
1846 2749 6560 3978 
1847 2787 5812 2786 
1848 223 225 224 
1849 4245 4302 1297 
1850 4235 6132 1001 
1851 4006 6653 495 
1852 5816 5947 3958 
1853 3932 6522 3934 
1854 3569 4305 3963 
1855 6142 6295 6167 
1856 4992 6233 4122 
1857 1016 5775 4160 
1858 3561 6114 3949 
1859 1546 1547 1545 
1860 3124 4313 3125 
1861 3068 4083 3067 
1862 572 6636 582 
1863 3565 3567 3564 
1864 4272 4364 4274 
1865 616 4407 640 
1866 1005 6293 1006 
1867 65 6322 4096 
1868 3477 4399 3474 
1869 5563 5829 1178 
1870 3636 6060 4250 
1871 4059 5972 976 
1872 4076 6614 1331 
1873 1241 1242 1240 
1874 3251 3256 3255 
1875 3182 3184 3181 
1876 4082 6729 1091 
1877 845 5649 1360 
1878 4562 5874 4360 
1879 5848 6112 5125 
1880 925 929 928 
1881 6167 6295 2335 
1882 3889 6827 3209 
1883 3067 3865 3864 
1884 1478 4349 3697 
1885 5232 6476 6456 
1886 830 832 831 
1887 5812 6657 4307 
1888 727 5698 4169 
1889 5530 6480 3571 
1890 872 876 870 
1891 903 904 901 
1892 4213 5325 388 
1893 1295 1382 1381 
1894 1094 1095 1085 
1895 3426 5683 5572 
1896 3335 6757 4421 
1897 1491 6460 1495 
1898 1124 1279 1122 
1899 4157 5865 794 
1900 5357 6390 4146 
1901 3061 3840 3839 
1902 4125 6341 812 
1903 3858 3860 3856 
1904 3121 4351 3069 
1905 4075 6774 3819 
1906 3876 6745 4002 
1907 4434 5557 3433 
1908 3206 3208 3207 
1909 659 661 660 
1910 4190 6818 187 
1911 3896 5950 3895 
1912 3139 3140 3138 
1913 3655 6270 6035 
1914 5741 5742 1360 
1915 900 6158 4051 
1916 4371 6468 3222 
1917 3964 6753 3963 
1918 5903 6245 3797 
1919 3147 3148 3146 
1920 3358 4198 3356 
1921 5735 5804 3660 
1922 5684 6313 5751 
1923 3943 6266 814 
1924 5785 5953 3742 
1925 3204 4062 3246 
1926 4242 5834 918 
1927 4533 6577 4503 
1928 227 229 228 
1929 1018 1020 1019 
1930 969 972 971 
1931 3220 4371 3222 
1932 340 381 380 
1933 838 5649 845 
1934 3823 5834 4242 
1935 3326 3327 1653 
1936 5708 6779 1543 
1937 627 6695 5930 
1938 1096 1099 1097 
1939 3111 6636 572 
1940 1298 5661 1269 
1941 703 5585 1422 
1942 3779 6182 5974 
1943 2791 6857 4238 
1944 1210 1211 1208 
1945 2291 6457 6290 
1946 4364 5659 1128 
1947 727 5970 5698 
1948 3671 6094 4049 
1949 929 5959 928 
1950 4050 6509 2849 
1951 4183 4184 2878 
1952 1217 4253 1214 
1953 4281 5900 5776 
1954 4397 4505 4107 
1955 500 5797 3127 
1956 5009 6097 5668 
1957 1752 1753 1751 
1958 6072 6073 4483 
1959 982 983 981 
1960 974 5784 979 
1961 3201 3204 3203 
1962 3670 3673 3672 
1963 2340 5897 5882 
1964 4981 5483 3177 
1965 847 851 850 
1966 3846 6553 6150 
1967 1107 1108 1106 
1968 3839 3840 2479 
1969 1169 1171 1167 
1970 221 223 222 
1971 957 5873 1428 
1972 1495 6176 1497 
1973 4295 6044 1246 
1974 659 660 658 
1975 4270 6204 4272 
1976 2573 4140 2863 
1977 1094 1096 1095 
1978 607 4423 608 
1979 5559 6763 4039 
1980 3114 6763 5559 
1981 3436 4213 3875 
1982 4232 5686 1273 
1983 3880 6065 2257 
1984 812 814 813 
1985 5774 6004 5939 
1986 3721 6305 6223 
1987 3673 5979 3824 
1988 986 4359 990 
1989 4172 5905 62 
1990 826 830 828 
1991 4404 5585 677 
1992 3387 6829 4128 
1993 5895 6338 5896 
1994 4414 6042 4080 
1995 717 723 722 
1996 2806 3562 3561 
1997 3561 3949 2804 
1998 4302 6797 1297 
1999 4146 5938 5357 
2000 230 232 228 
2001 3931 6683 1326 
2002 3372 4018 4015 
2003 986 989 985 
2004 1487 4458 4327 
2005 5585 6149 1422 
2006 1510 6302 3962 
2007 3666 3669 3668 
2008 690 6689 689 
2009 381 392 389 
2010 3631 6297 4144 
2011 4316 4339 3967 
2012 4348 4385 669 
2013 5884 5989 1958 
2014 403 405 404 
2015 400 403 402 
2016 398 400 399 
2017 392 394 393 
2018 396 398 397 
2019 394 396 395 
2020 2828 2829 1374 
2021 1727 4257 1725 
2022 4007 6561 1953 
2023 3256 3258 3257 
2024 904 6053 6052 
2025 940 6363 5566 
2026 4400 4401 205 
2027 3149 3354 3148 
2028 2839 5651 2841 
2029 3200 6703 3201 
2030 718 6357 720 
2031 3104 6129 3103 
2032 4012 6217 4243 
2033 5624 6730 3783 
2034 1239 1240 1235 
2035 3981 4708 3843 
2036 1512 5597 1513 
2037 3936 6320 4249 
2038 3384 3385 3273 
2039 5811 6099 180 
2040 1135 6790 3938 
2041 5790 5807 1972 
2042 1534 6318 1535 
2043 594 6798 595 
2044 1018 1019 1017 
2045 1540 6332 1536 
2046 5628 6535 3422 
2047 3966 6490 4413 
2048 3921 6386 3920 
2049 728 730 729 
2050 4206 5584 1263 
2051 5887 6048 6027 
2052 848 5660 941 
2053 341 6476 6211 
2054 1243 1244 1242 
2055 6114 6232 3949 
2056 3339 6418 4489 
2057 5017 5018 1534 
2058 907 908 905 
2059 2818 6446 4353 
2060 4138 6615 312 
2061 3297 4006 3299 
2062 3289 4388 3544 
2063 3232 3798 3192 
2064 3182 4325 4318 
2065 3877 6239 4336 
2066 5027 6466 2126 
2067 689 6196 690 
2068 3162 3869 3163 
2069 3637 6837 653 
2070 1513 1515 1514 
2071 5658 6359 222 
2072 4295 6672 6021 
2073 4004 6724 3787 
2074 4308 6144 196 
2075 4017 4198 3358 
2076 3291 6677 3603 
2077 5105 6364 582 
2078 1412 6782 4061 
2079 4085 6540 697 
2080 6132 6491 1001 
2081 854 855 853 
2082 3708 6450 5962 
2083 931 933 932 
2084 3860 5741 3861 
2085 3890 3892 3891 
2086 3933 6812 3130 
2087 3151 6011 3957 
2088 4133 6215 3791 
2089 3262 4005 3581 
2090 5634 6113 875 
2091 426 6487 6282 
2092 4099 6732 3294 
2093 2053 4427 2350 
2094 2018 5953 5785 
2095 6105 6567 257 
2096 2569 6737 4120 
2097 4024 6375 4021 
2098 613 6427 610 
2099 3233 3281 3280 
2100 602 4333 597 
2101 2373 4981 3129 
2102 913 914 912 
2103 606 6733 6201 
2104 6130 6584 4398 
2105 3936 6440 6320 
2106 3550 3551 3549 
2107 2814 6182 3779 
2108 497 5772 4038 
2109 4171 5645 1070 
2110 3393 6860 4003 
2111 4198 5941 3356 
2112 1008 6293 1005 
2113 4183 5799 4184 
2114 3853 6669 3855 
2115 4431 6589 5942 
2116 1192 6519 6012 
2117 5765 5921 3276 
2118 4250 6060 79 
2119 1103 5725 1105 
2120 5035 5791 3103 
2121 4122 6233 2569 
2122 1302 6130 4398 
2123 3045 5768 4244 
2124 820 821 819 
2125 3145 3146 3143 
2126 2776 6668 5581 
2127 3368 6511 3366 
2128 3051 5545 4334 
2129 4449 4451 309 
2130 1218 1219 1217 
2131 4237 6754 4238 
2132 671 672 670 
2133 5918 6367 3705 
2134 3426 5788 5683 
2135 2749 6143 4523 
2136 841 843 842 
2137 2335 6295 2268 
2138 4132 6006 765 
2139 2309 3428 2279 
2140 4500 4501 3285 
2141 3130 6812 1381 
2142 1099 1101 1100 
2143 1382 1384 1383 
2144 3402 5897 4196 
2145 851 891 890 
2146 3348 6251 6191 
2147 4241 6401 428 
2148 1111 5664 1128 
2149 4505 5952 4107 
2150 4450 4451 4449 
2151 963 6462 3310 
2152 4053 4054 4052 
2153 4077 6269 724 
2154 3642 5989 5884 
2155 212 5721 4182 
2156 6177 6185 1281 
2157 3390 3391 2829 
2158 3140 4432 3138 
2159 1804 2291 1807 
2160 584 586 585 
2161 3627 6227 3880 
2162 561 563 562 
2163 4353 5846 2818 
2164 3374 3376 3375 
2165 3673 3824 3674 
2166 1275 4389 1469 
2167 694 5768 693 
2168 2848 3662 2846 
2169 1491 1495 1493 
2170 3748 3749 3747 
2171 4048 6640 1319 
2172 1526 4234 1528 
2173 1700 4419 2555 
2174 1715 4419 1698 
2175 2409 6154 2406 
2176 914 4405 1278 
2177 4257 4258 2447 
2178 2211 6680 4103 
2179 1513 1514 1511 
2180 1799 4326 1804 
2181 1801 6336 6335 
2182 3258 3260 3259 
2183 901 5726 900 
2184 3787 4148 1483 
2185 822 823 821 
2186 2775 6668 2776 
2187 692 6196 689 
2188 886 4333 602 
2189 4457 6340 4126 
2190 3717 3899 3241 
2191 3376 3565 3564 
2192 3192 3798 3194 
2193 1118 3829 1126 
2194 836 6392 832 
2195 552 554 550 
2196 420 4444 418 
2197 1340 1481 1461 
2198 3389 5718 3388 
2199 1326 6719 3931 
2200 4199 4492 1170 
2201 1431 4311 2856 
2202 1180 6634 1006 
2203 4248 4444 423 
2204 649 650 648 
2205 6074 6601 1660 
2206 3236 3715 3241 
2207 3118 3885 2716 
2208 238 4450 236 
2209 4198 6247 714 
2210 671 700 672 
2211 1757 5587 1779 
2212 1397 5633 4352 
2213 3745 4499 3522 
2214 5892 6428 4310 
2215 729 6836 728 
2216 5875 6041 3344 
2217 1109 1110 1108 
2218 4119 6154 2409 
2219 3917 5624 3783 
2220 3610 6549 5164 
2221 3626 6551 3919 
2222 4078 6264 765 
2223 1478 3697 3696 
2224 4397 5847 4531 
2225 4155 5810 4156 
2226 722 6499 725 
2227 3757 3820 3756 
2228 6426 6492 4331 
2229 3965 5634 3384 
2230 3887 3889 3208 
2231 1953 6571 4007 
2232 459 542 541 
2233 5975 6133 4225 
2234 911 912 909 
2235 5924 6415 5597 
2236 1141 1319 1138 
2237 3212 3214 3213 
2238 3669 4314 3670 
2239 1068 5747 4193 
2240 2540 5820 4395 
2241 3961 6717 6476 
2242 3666 4426 3669 
2243 365 6047 4104 
2244 3665 4426 3666 
2245 1198 6631 4463 
2246 5885 5948 4383 
2247 1238 4368 1252 
2248 588 6304 589 
2249 3578 6338 4219 
2250 1346 6395 590 
2251 876 4022 4021 
2252 319 6092 320 
2253 4272 5659 4364 
2254 967 968 966 
2255 4309 4310 3591 
2256 5696 5957 5925 
2257 1297 5646 4245 
2258 4354 5873 957 
2259 2126 6521 5027 
2260 3923 5757 5755 
2261 1173 3172 1171 
2262 5831 6621 5595 
2263 5974 6040 3779 
2264 1216 1217 1214 
2265 3875 5736 5293 
2266 882 6637 4164 
2267 4233 5563 1177 
2268 963 964 962 
2269 1247 1248 1244 
2270 1114 6790 1135 
2271 4998 5894 3714 
2272 5345 6831 2778 
2273 4373 5788 3426 
2274 2220 4506 3289 
2275 1476 4445 3622 
2276 3355 3356 3354 
2277 4664 5835 5300 
2278 428 5629 4241 
2279 2380 4933 1270 
2280 723 728 724 
2281 4126 6340 3717 
2282 834 5804 5735 
2283 4211 6862 1507 
2284 5979 6708 3824 
2285 229 231 230 
2286 1809 6102 5238 
2287 5727 6387 2854 
2288 4387 6199 3534 
2289 6203 6392 3835 
2290 5300 6803 4664 
2291 915 916 914 
2292 5039 6847 2763 
2293 1384 3068 3067 
2294 4278 4403 4280 
2295 1232 5890 1234 
2296 217 5976 4176 
2297 1516 2467 2259 
2298 3778 6153 3602 
2299 4269 4270 4268 
2300 3222 6468 3231 
2301 3643 3644 3254 
2302 4144 6793 4145 
2303 935 938 937 
2304 2816 3311 3118 
2305 2808 6147 4147 
2306 1220 1221 1219 
2307 918 5984 4242 
2308 961 962 960 
2309 3716 3748 3747 
2310 5870 6043 3950 
2311 3557 3558 3556 
2312 1802 4326 1799 
2313 6157 6408 3918 
2314 1539 6648 1541 
2315 3180 5619 5588 
2316 1385 4111 1444 
2317 601 4332 603 
2318 4395 5820 4356 
2319 966 6855 967 
2320 3330 6231 6087 
2321 3630 5707 5345 
2322 4187 5783 539 
2323 5659 6204 6054 
2324 1067 6490 6301 
2325 195 6376 4231 
2326 3275 3897 3896 
2327 4274 4288 4276 
2328 5645 5810 1070 
2329 6223 6305 1940 
2330 3634 3910 3633 
2331 5793 6482 6346 
2332 3260 3262 3261 
2333 1350 4349 1478 
2334 3744 3745 3522 
2335 4836 6407 5490 
2336 3238 6699 3240 
2337 3593 3815 3592 
2338 905 6053 904 
2339 4233 5829 5563 
2340 5921 5999 3276 
2341 603 4332 885 
2342 4314 6528 881 
2343 711 717 712 
2344 674 4404 677 
2345 4304 4464 3085 
2346 581 3646 3645 
2347 6282 6371 6205 
2348 3076 5809 2330 
2349 1362 5560 682 
2350 3227 6048 5887 
2351 741 790 739 
2352 795 4305 4159 
2353 4169 4204 719 
2354 4155 4156 1023 
2355 4160 4161 3199 
2356 4164 4165 862 
2357 1229 5871 1227 
2358 214 5766 4178 
2359 1481 1483 1482 
2360 3065 4067 1366 
2361 6802 6823 3922 
2362 2832 4478 2834 
2363 1546 4303 2462 
2364 1009 6546 1010 
2365 4341 5689 4036 
2366 660 5662 663 
2367 705 4472 977 
2368 5176 5677 4452 
2369 718 720 712 
2370 4254 5626 3568 
2371 2794 6004 5774 
2372 1101 1103 1102 
2373 3209 3212 3211 
2374 3141 3944 3140 
2375 1314 6742 4390 
2376 4386 5554 377 
2377 4021 6658 4020 
2378 3050 6549 3610 
2379 410 413 411 
2380 1102 5680 1120 
2381 4483 6073 894 
2382 561 562 560 
2383 987 4359 986 
2384 144 6761 4598 
2385 4388 6188 5792 
2386 3840 4201 3918 
2387 4312 6148 3675 
2388 969 971 968 
2389 319 320 192 
2390 2336 4656 2466 
2391 3775 6604 6129 
2392 855 6064 853 
2393 595 596 594 
2394 3214 3216 3215 
2395 5731 5764 4258 
2396 4361 4362 920 
2397 1544 1545 1542 
2398 3659 4434 3433 
2399 955 956 954 
2400 3236 3237 3235 
2401 3597 5626 4254 
2402 601 602 597 
2403 692 6214 5620 
2404 5748 5781 3074 
2405 942 944 943 
2406 4375 4619 2060 
2407 664 687 686 
2408 4223 4224 1300 
2409 957 958 956 
2410 1057 4097 1393 
2411 3354 5941 3554 
2412 3656 6270 3655 
2413 3548 6050 5238 
2414 3862 5741 3860 
2415 3680 4227 4226 
2416 4126 6516 1029 
2417 1122 3829 1118 
2418 321 4401 4400 
2419 6227 6710 3880 
2420 3197 3198 3196 
2421 825 826 823 
2422 3839 5955 2420 
2423 3665 3666 3558 
2424 2622 5557 4434 
2425 677 678 676 
2426 5357 5938 4099 
2427 3069 3324 2729 
2428 3569 6520 4305 
2429 3568 3636 3567 
2430 6166 6627 3898 
2431 4204 5698 3703 
2432 4166 5747 1068 
2433 1015 1017 1014 
2434 4065 4340 3857 
2435 5703 6552 3371 
2436 3699 6470 3700 
2437 2350 4427 2792 
2438 3396 4003 3675 
2439 3398 3755 2334 
2440 6255 6531 4095 
2441 4246 6740 319 
2442 3094 6043 5870 
2443 893 901 900 
2444 677 703 678 
2445 5893 6594 3814 
2446 4427 6031 2792 
2447 6205 6371 3773 
2448 557 558 556 
2449 861 863 858 
2450 3248 6669 3216 
2451 5828 6058 6057 
2452 3281 3757 3756 
2453 3601 6073 6072 
2454 722 6486 717 
2455 555 556 554 
2456 127 319 126 
2457 126 192 125 
2458 155 191 154 
2459 4116 4317 3850 
2460 1307 1348 939 
2461 869 5652 871 
2462 1018 4320 1061 
2463 4294 6241 902 
2464 6163 6281 5668 
2465 922 4361 920 
2466 6290 6457 3830 
2467 876 5733 4022 
2468 3357 3358 3356 
2469 3758 5924 1512 
2470 2814 6378 6182 
2471 1111 1112 1110 
2472 765 6264 4132 
2473 881 6528 4162 
2474 5634 6613 3625 
2475 3299 4421 4420 
2476 4089 6267 1758 
2477 6239 6439 3688 
2478 4026 4206 4033 
2479 384 6473 385 
2480 5582 5961 4267 
2481 694 5767 4244 
2482 1538 6299 3325 
2483 1003 6387 1004 
2484 4062 6703 3644 
2485 3773 6372 5895 
2486 1225 6772 4049 
2487 3972 6859 3082 
2488 4104 6508 365 
2489 3238 3239 3237 
2490 4353 6446 3398 
2491 738 818 791 
2492 3565 3568 3567 
2493 3599 4230 3634 
2494 683 4389 1275 
2495 5746 6201 5745 
2496 2796 5774 3720 
2497 1249 1250 1248 
2498 1126 6085 3937 
2499 1175 4349 1350 
2500 1001 1002 1000 
2501 2624 4313 4185 
2502 1328 5695 5694 
2503 2414 6255 2562 
2504 5286 6656 5071 
2505 2927 4356 4355 
2506 738 3939 818 
2507 3579 4484 1419 
2508 3843 6749 3842 
2509 4106 5593 323 
2510 3262 3265 3263 
2511 5913 6145 4174 
2512 731 733 732 
2513 3200 3201 3198 
2514 324 329 328 
2515 534 536 532 
2516 3123 3139 3138 
2517 1222 1223 1221 
2518 606 6201 5746 
2519 403 6725 4422 
2520 1055 3294 1057 
2521 394 6727 4420 
2522 3995 4369 501 
2523 5748 5833 551 
2524 1440 4236 4235 
2525 3396 3397 3395 
2526 824 4065 3857 
2527 3996 6594 5893 
2528 411 412 409 
2529 1206 1208 1207 
2530 960 6783 961 
2531 1278 5696 3954 
2532 584 6308 586 
2533 2340 6240 6136 
2534 3898 6673 6166 
2535 1272 4904 4903 
2536 938 4363 937 
2537 796 6148 4312 
2538 1512 5924 5597 
2539 4347 4454 203 
2540 1069 4457 4456 
2541 2254 4257 1727 
2542 1729 2556 2254 
2543 4035 6682 2559 
2544 6456 6476 341 
2545 4474 6311 3883 
2546 830 6702 6146 
2547 1031 6730 5624 
2548 1105 5725 1121 
2549 4478 5651 2839 
2550 231 5598 230 
2551 1743 3903 1740 
2552 3244 4371 3220 
2553 4017 6373 6247 
2554 3857 4340 3859 
2555 49 4151 50 
2556 78 4250 79 
2557 25 4167 26 
2558 12 4158 13 
2559 35 4171 36 
2560 53 4168 54 
2561 83 4157 1 
2562 51 4174 52 
2563 61 4172 62 
2564 23 4152 24 
2565 39 4166 40 
2566 21 4413 22 
2567 41 4173 42 
2568 3569 3963 3375 
2569 574 578 575 
2570 1255 6805 1240 
2571 990 2750 1485 
2572 4270 4272 4271 
2573 5702 6686 5701 
2574 2761 6208 1535 
2575 2763 6847 3061 
2576 4111 6454 3621 
2577 3974 3975 3973 
2578 5164 6347 3610 
2579 3114 6199 4387 
2580 4204 6337 4264 
2581 763 6082 4207 
2582 3557 4128 4127 
2583 3822 6791 3848 
2584 1303 4109 1211 
2585 576 3111 573 
2586 4190 5797 541 
2587 426 6282 5570 
2588 3604 6521 6155 
2589 999 4235 1001 
2590 4452 5677 4451 
2591 4110 4353 3398 
2592 1252 4368 1263 
2593 536 5815 532 
2594 1445 6670 3788 
2595 680 6383 5594 
2596 4260 4619 4375 
2597 3699 3700 3295 
2598 3110 4217 3699 
2599 2626 4135 3878 
2600 3597 4254 3397 
2601 3224 6485 3226 
2602 4161 6254 3199 
2603 2781 3823 1439 
2604 3216 3218 3217 
2605 4017 6247 4198 
2606 261 4450 238 
2607 3934 4147 1349 
2608 3554 4087 3148 
2609 605 4829 4828 
2610 933 6076 932 
2611 3960 6198 3961 
2612 210 6276 4441 
2613 559 560 558 
2614 1451 5800 5795 
2615 559 6826 561 
2616 1409 4374 1398 
2617 5821 6785 4992 
2618 418 4444 457 
2619 5684 5751 205 
2620 423 4444 420 
2621 2793 5660 4317 
2622 3816 3818 3815 
2623 3977 6655 4241 
2624 4407 4408 640 
2625 331 333 332 
2626 2760 2818 2722 
2627 2037 4427 2053 
2628 4150 5841 3563 
2629 333 337 336 
2630 4033 5789 4031 
2631 1304 3598 1364 
2632 4364 5664 4288 
2633 844 4473 3153 
2634 6249 6340 3897 
2635 880 4163 18 
2636 1200 4170 55 
2637 868 4322 16 
2638 46 4479 946 
2639 882 4164 10 
2640 1016 4160 43 
2641 1070 4155 37 
2642 31 4456 1029 
2643 795 4159 76 
2644 719 4153 59 
2645 15 4162 868 
2646 29 4338 1069 
2647 713 4195 67 
2648 794 4365 6 
2649 727 4169 57 
2650 82 4312 751 
2651 58 4169 719 
2652 7 4365 765 
2653 60 4153 726 
2654 1028 4338 28 
2655 27 4154 1028 
2656 796 4312 81 
2657 881 4162 14 
2658 38 4155 1023 
2659 1069 4456 30 
2660 77 4159 742 
2661 44 4160 3199 
2662 3199 4479 45 
2663 11 4164 862 
2664 19 4163 875 
2665 56 4170 727 
2666 17 4322 880 
2667 2466 5867 3060 
2668 4136 6618 3878 
2669 4398 4442 1302 
2670 434 4378 3734 
2671 4305 6520 4159 
2672 5510 6093 1159 
2673 4288 4289 4276 
2674 236 4450 279 
2675 1758 4367 4089 
2676 971 5567 974 
2677 1620 6245 5903 
2678 5824 6383 680 
2679 6191 6251 4514 
2680 3363 3364 3362 
2681 4117 5000 4118 
2682 4001 6185 6177 
2683 6131 6132 3623 
2684 5814 6103 3350 
2685 4440 6287 2863 
2686 6470 6734 3700 
2687 3703 5698 3702 
2688 972 5567 971 
2689 1516 5622 2467 
2690 4289 4403 4278 
2691 4022 4025 4023 
2692 5675 5678 5504 
2693 4334 5583 3051 
2694 1011 6816 1012 
2695 1103 1105 1104 
2696 5184 5947 5816 
2697 1752 2256 1754 
2698 2617 4516 3115 
2699 1419 4484 623 
2700 1355 6599 1356 
2701 1532 1533 1531 
2702 3669 3670 3668 
2703 3944 4096 3140 
2704 3967 6842 2724 
2705 5531 6378 2814 
2706 1214 4253 1213 
2707 3333 6095 5753 
2708 1802 4335 4326 
2709 4170 5970 727 
2710 1257 6218 5676 
2711 554 5876 550 
2712 3380 4233 1480 
2713 2821 5891 3579 
2714 6420 6480 5519 
2715 3240 3250 3239 
2716 3082 3790 2766 
2717 2781 5628 3823 
2718 1513 1517 1515 
2719 818 819 791 
2720 3868 6825 3866 
2721 3714 6455 4998 
2722 3265 3267 3266 
2723 4266 4269 4268 
2724 3748 3750 3749 
2725 3641 6530 5865 
2726 1505 6447 4211 
2727 3750 3782 3749 
2728 903 905 904 
2729 543 6315 4070 
2730 5930 6537 3894 
2731 1121 5725 4289 
2732 1510 6294 1758 
2733 4475 5663 2208 
2734 3580 6191 6031 
2735 3181 5960 3156 
2736 3153 3155 3154 
2737 3067 4083 3865 
2738 1029 5612 32 
2739 3139 3141 3140 
2740 4346 6460 3733 
2741 944 3183 945 
2742 3166 5770 4830 
2743 2251 5845 5844 
2744 3963 6753 3370 
2745 421 4219 427 
2746 4026 4033 4031 
2747 5857 6304 588 
2748 3325 5853 3326 
2749 124 205 123 
2750 157 204 156 
2751 3137 6618 4136 
2752 4477 4478 2832 
2753 2834 4478 2839 
2754 3757 3821 3820 
2755 4075 6599 1355 
2756 4386 6508 4104 
2757 1409 5803 4374 
2758 2850 6570 4394 
2759 1546 2462 1548 
2760 1548 1549 1547 
2761 3812 5887 3811 
2762 3697 5928 4192 
2763 5517 6484 4072 
2764 1422 4472 705 
2765 682 5560 1361 
2766 3768 6635 5052 
2767 4515 6698 3709 
2768 3289 6188 4388 
2769 3686 6029 6027 
2770 3009 5281 4372 
2771 4372 5281 2555 
2772 977 4472 995 
2773 1128 5664 4364 
2774 3168 5560 1362 
2775 6598 6659 4436 
2776 1745 1809 1743 
2777 3310 3689 3664 
2778 4598 6752 144 
2779 4257 5731 4258 
2780 3744 3746 3745 
2781 3240 6249 3275 
2782 2850 4394 1389 
2783 1256 1257 1250 
2784 921 922 920 
2785 1224 1225 1223 
2786 2603 4716 3548 
2787 4276 4289 4278 
2788 844 3153 1377 
2789 1471 5671 4194 
2790 3172 4382 4381 
2791 1515 1516 1514 
2792 4272 4274 4273 
2793 555 5601 581 
2794 4399 4539 3474 
2795 2218 4539 4399 
2796 6136 6240 1736 
2797 4306 5684 4401 
2798 4139 5802 2809 
2799 3819 4205 3818 
2800 946 5642 47 
2801 48 5642 947 
2802 976 6125 4059 
2803 4409 6435 1735 
2804 1113 1114 1112 
2805 947 6178 4151 
2806 3361 3362 3359 
2807 4193 6844 4173 
2808 3709 6698 2338 
2809 1533 6208 1643 
2810 2723 5764 5731 
2811 582 6636 5105 
2812 4158 5979 881 
2813 3673 3674 3672 
2814 316 4292 317 
2815 317 4138 276 
2816 812 813 811 
2817 5204 5759 886 
2818 1210 1212 1211 
2819 3163 4422 3161 
2820 3180 5588 1368 
2821 2841 5651 3543 
2822 3172 4415 4382 
2823 6301 6490 3983 
2824 672 674 673 
2825 4395 5807 5790 
2826 3299 4420 3164 
2827 878 5652 5651 
2828 3089 5793 2585 
2829 1234 5890 1238 
2830 4309 5913 837 
2831 2330 5809 1808 
2832 2622 4434 4215 
2833 1505 1506 1503 
2834 1446 5992 4208 
2835 561 564 563 
2836 659 681 661 
2837 1406 6507 4352 
2838 3204 3205 3203 
2839 1250 5676 1259 
2840 4810 5091 625 
2841 1018 1061 1020 
2842 1020 1021 1019 
2843 4215 6435 4409 
2844 3218 3220 3219 
2845 3249 5872 3828 
2846 3326 3328 3327 
2847 3365 3366 3364 
2848 3547 5782 4101 
2849 919 920 917 
2850 1393 4097 1407 
2851 693 6309 694 
2852 2624 3541 2608 
2853 5846 6403 2818 
2854 5579 6307 4129 
2855 546 547 544 
2856 190 6225 4402 
2857 6337 6522 4264 
2858 742 6014 4250 
2859 5627 5637 4666 
2860 2806 3563 3562 
2861 230 233 232 
2862 3372 4019 4018 
2863 4177 6099 5811 
2864 826 6702 830 
2865 534 6325 536 
2866 3819 6774 4205 
2867 5001 5797 187 
2868 4563 5777 535 
2869 3599 3634 3633 
2870 4212 5822 216 
2871 1735 6435 6219 
2872 6546 6644 3350 
2873 864 865 863 
2874 5519 6780 3312 
2875 5600 6504 4050 
2876 3920 6386 5921 
2877 4688 5779 5670 
2878 1080 1085 1081 
2879 904 5726 901 
2880 1258 6324 4142 
2881 3869 3973 3163 
2882 586 587 585 
2883 3298 5732 3297 
2884 3176 5716 4378 
2885 5573 6596 5574 
2886 664 6115 687 
2887 3782 5612 3749 
2888 4136 4137 3137 
2889 6251 6415 4514 
2890 1439 4242 1437 
2891 3550 3872 3551 
2892 4022 5733 4032 
2893 1238 5890 4368 
2894 3582 4526 2222 
2895 3890 3891 3889 
2896 3895 5950 3898 
2897 3639 6619 5682 
2898 4346 6176 1495 
2899 3267 3269 3268 
2900 4053 4055 4054 
2901 3063 6089 5322 
2902 6016 6572 3751 
2903 4244 5768 694 
2904 3251 3255 3250 
2905 1203 6068 1340 
2906 790 6439 6239 
2907 4195 5700 68 
2908 69 5700 714 
2909 6135 6527 4418 
2910 4258 4259 2447 
2911 970 6504 5600 
2912 3896 6755 5950 
2913 5702 6849 6686 
2914 3118 4391 3885 
2915 671 701 700 
2916 3378 3379 1480 
2917 5621 5632 5514 
2918 1195 4423 4380 
2919 5996 6104 1305 
2920 4184 5663 4475 
2921 1159 6236 5503 
2922 2796 3720 2798 
2923 3611 3832 2785 
2924 3656 6643 6270 
2925 4664 6803 2820 
2926 4289 5725 4403 
2927 830 831 828 
2928 126 319 192 
2929 4495 6853 6165 
2930 3839 6417 5955 
2931 1308 5711 1256 
2932 3246 5778 3888 
2933 4146 6793 5938 
2934 1229 6474 5871 
2935 3790 6058 5828 
2936 4184 4475 2878 
2937 1472 6246 3710 
2938 1239 1241 1240 
2939 2812 5866 4345 
2940 1398 4374 1394 
2941 578 6743 6526 
2942 4243 6217 1941 
2943 125 4400 124 
2944 3206 3207 3205 
2945 1212 1214 1213 
2946 4434 6435 4215 
2947 835 5649 838 
2948 593 594 592 
2949 4424 6284 1990 
2950 4207 6720 763 
2951 2726 4416 2725 
2952 6093 6236 1159 
2953 5613 5614 2879 
2954 4274 4364 4288 
2955 3427 6523 5641 
2956 3372 6511 4019 
2957 2729 4416 2726 
2958 1641 4234 1526 
2959 581 3647 3646 
2960 2618 4410 2598 
2961 2598 4410 2610 
2962 3467 5033 4203 
2963 4204 4264 719 
2964 687 688 686 
2965 3385 6829 3387 
2966 188 6157 4201 
2967 413 414 411 
2968 410 487 413 
2969 4223 6826 559 
2970 588 589 587 
2971 3253 3593 3592 
2972 907 909 908 
2973 601 603 602 
2974 1097 6523 1098 
2975 4224 4225 1300 
2976 4514 6415 3618 
2977 628 6025 630 
2978 3680 4228 4227 
2979 3574 6662 4333 
2980 1105 1107 1106 
2981 6231 6481 4889 
2982 3069 4351 3324 
2983 3324 4416 2729 
2984 6087 6231 4889 
2985 4426 6528 3669 
2986 411 5618 412 
2987 4457 6348 3897 
2988 4381 4382 1325 
2989 1389 4394 1387 
2990 4098 6793 4144 
2991 3188 3190 3189 
2992 703 704 678 
2993 321 6222 4401 
2994 3155 3181 3156 
2995 818 3939 3877 
2996 3994 3995 501 
2997 4025 4206 4026 
2998 2760 6446 2818 
2999 4152 6301 3581 
3000 2847 2848 2846 
3001 878 4477 873 
3002 2927 4395 4356 
3003 129 186 128 
3004 152 185 151 
3005 4208 6197 1446 
3006 152 4247 185 
3007 731 789 733 
3008 733 734 732 
3009 970 5985 969 
3010 741 5943 790 
3011 341 6820 6456 
3012 4253 6174 3598 
3013 2060 5623 4375 
3014 1226 1227 1225 
3015 3824 3825 3674 
3016 5004 6376 195 
3017 924 925 922 
3018 4200 6691 210 
3019 1569 5799 4391 
3020 2556 2557 2254 
3021 1269 5661 1271 
3022 3367 3368 3366 
3023 1442 6605 3422 
3024 841 842 839 
3025 3974 3976 3975 
3026 3145 3147 3146 
3027 5698 5970 3702 
3028 4060 6823 6802 
3029 5071 6681 5286 
3030 6236 6374 5503 
3031 3794 3967 2724 
3032 621 4430 641 
3033 3700 4350 3295 
3034 3110 4218 4217 
3035 3581 6438 4152 
3036 1080 1094 1085 
3037 1007 6644 6546 
3038 1233 6334 1231 
3039 4029 5843 4030 
3040 4416 4417 2725 
3041 878 4478 4477 
3042 4322 6261 4127 
3043 6155 6521 4927 
3044 4144 5963 3631 
3045 590 592 589 
3046 3220 3222 3221 
3047 2715 4290 2815 
3048 1175 5615 4349 
3049 4078 6530 3641 
3050 4382 4415 4384 
3051 3932 6812 3933 
3052 998 4443 1073 
3053 5902 6465 4406 
3054 958 6783 960 
3055 1752 4329 2256 
3056 4224 6693 3649 
3057 4096 4432 3140 
3058 4332 5639 885 
3059 4274 4276 4275 
3060 3129 4981 4428 
3061 129 4435 186 
3062 185 4412 151 
3063 4066 5892 3232 
3064 5734 6532 3730 
3065 1092 4414 1140 
3066 1517 1518 1515 
3067 3422 6368 5722 
3068 4499 5423 3520 
3069 3750 3783 3782 
3070 2863 6287 3089 
3071 3474 4539 3472 
3072 1366 1442 1441 
3073 3985 4442 4398 
3074 5842 6306 3807 
3075 4459 5776 1060 
3076 2384 4543 2039 
3077 569 4448 571 
3078 3598 4230 3599 
3079 1548 1550 1549 
3080 3935 4408 4407 
3081 1816 4490 2474 
3082 1069 6348 4457 
3083 4410 4411 2610 
3084 4352 5633 3324 
3085 721 6357 3926 
3086 3368 6753 3964 
3087 3689 3690 3664 
3088 2198 4506 2200 
3089 154 6795 153 
3090 5723 5738 4593 
3091 1391 4491 1470 
3092 3398 6446 3755 
3093 4318 6518 3182 
3094 4228 6032 615 
3095 4292 4293 317 
3096 4352 6507 1397 
3097 206 4435 130 
3098 1806 5587 1757 
3099 4412 4453 150 
3100 2877 6394 4217 
3101 4361 6620 3575 
3102 153 4247 152 
3103 4074 4497 3049 
3104 1115 1116 1114 
3105 3269 3271 3270 
3106 894 6073 4357 
3107 564 565 563 
3108 562 5693 642 
3109 681 682 661 
3110 4402 6225 4094 
3111 151 4412 150 
3112 130 4435 129 
3113 4473 6260 3153 
3114 1020 1022 1021 
3115 3326 3329 3328 
3116 3328 3330 3327 
3117 5750 6121 204 
3118 1529 4455 1817 
3119 2624 4185 3541 
3120 3939 6239 3877 
3121 4430 4474 641 
3122 3844 4425 3981 
3123 3603 6677 6202 
3124 318 6776 224 
3125 4020 6658 4027 
3126 2397 4507 2421 
3127 3563 3913 3562 
3128 233 234 232 
3129 814 6250 817 
3130 5578 5586 3527 
3131 5531 6588 6378 
3132 1291 4485 1194 
3133 3336 5671 1475 
3134 3931 6728 6683 
3135 873 4477 1090 
3136 5898 6541 1085 
3137 5762 5771 2297 
3138 1990 6556 4424 
3139 4424 6556 3693 
3140 1779 5587 4490 
3141 3550 4304 3872 
3142 3872 3873 3551 
3143 3421 6535 4036 
3144 4261 5681 5637 
3145 6165 6853 4993 
3146 3867 4068 4067 
3147 1246 6503 4295 
3148 3256 3257 3255 
3149 4053 4058 4055 
3150 4055 4056 4054 
3151 4258 4260 4259 
3152 5756 6098 315 
3153 619 4430 621 
3154 4497 6728 3931 
3155 2474 4490 3169 
3156 4452 5678 5675 
3157 701 702 700 
3158 1092 1140 874 
3159 2283 4189 2263 
3160 3182 5753 3184 
3161 4291 6841 834 
3162 5838 6562 3997 
3163 3092 6675 5711 
3164 1470 4491 4199 
3165 3522 4499 3520 
3166 2308 5423 4499 
3167 1241 1243 1242 
3168 1395 4418 1397 
3169 4319 5716 3176 
3170 2849 3770 2848 
3171 3541 4532 2608 
3172 2721 6015 4222 
3173 1513 5597 1517 
3174 1343 4445 1476 
3175 1344 4445 1343 
3176 711 712 710 
3177 150 4453 149 
3178 1440 4235 999 
3179 3647 3648 3646 
3180 1341 1443 1204 
3181 1080 5608 1094 
3182 4249 6320 2096 
3183 2219 4506 2198 
3184 2200 4506 2220 
3185 413 415 414 
3186 1296 6772 1225 
3187 206 4439 4435 
3188 3147 3149 3148 
3189 603 766 602 
3190 261 4451 4450 
3191 4351 4352 3324 
3192 4382 4383 1325 
3193 703 705 704 
3194 2860 4485 1291 
3195 583 4461 1326 
3196 1781 4490 1816 
3197 4261 5637 5627 
3198 3634 4191 3910 
3199 149 4453 203 
3200 4127 6261 3665 
3201 733 735 734 
3202 734 1376 732 
3203 2421 4507 3126 
3204 2395 4507 2397 
3205 1388 4491 1391 
3206 686 4389 683 
3207 2556 2584 2557 
3208 2847 2849 2848 
3209 1515 5622 1516 
3210 4429 4507 2395 
3211 3974 3977 3976 
3212 2776 4487 4486 
3213 3704 4075 2807 
3214 3772 6606 5143 
3215 4141 4441 4440 
3216 2393 4429 2395 
3217 1194 4485 1162 
3218 2621 4486 2349 
3219 835 6146 5649 
3220 1509 1510 1508 
3221 2434 4516 2436 
3222 1507 1508 1506 
3223 4391 5799 3885 
3224 4329 4330 2256 
3225 661 5662 660 
3226 1517 1519 1518 
3227 4605 6814 5980 
3228 4178 5766 4212 
3229 1344 4446 4445 
3230 5552 5557 2396 
3231 1550 1551 1549 
3232 3908 4460 1785 
3233 3689 3691 3690 
3234 279 4450 4449 
3235 564 567 565 
3236 565 566 563 
3237 681 1362 682 
3238 682 1310 661 
3239 1022 1024 1021 
3240 3329 3619 3328 
3241 3330 3928 3327 
3242 2403 2483 2401 
3243 3747 6516 4126 
3244 4181 6159 207 
3245 3208 3209 3207 
3246 3563 3914 3913 
3247 233 235 234 
3248 1338 4462 3085 
3249 2776 4486 2621 
3250 4465 4467 1313 
3251 3046 6768 4311 
3252 5711 5712 1257 
3253 3873 3984 3551 
3254 1182 4465 1147 
3255 4056 4316 4054 
3256 4055 4057 4056 
3257 4260 4261 4259 
3258 2349 4486 4469 
3259 1369 4498 1267 
3260 2436 4516 2617 
3261 2855 4516 2434 
3262 4259 5575 2447 
3263 381 6799 3741 
3264 701 707 702 
3265 702 3301 700 
3266 697 699 698 
3267 789 5632 5621 
3268 2376 4469 2857 
3269 2727 4542 3171 
3270 1182 4466 4465 
3271 3684 4076 2864 
3272 3648 3649 3646 
3273 3647 3650 3648 
3274 3658 4476 1417 
3275 3982 6443 1136 
3276 4468 4496 2865 
3277 415 416 414 
3278 4469 4470 2857 
3279 603 767 766 
3280 766 886 602 
3281 3645 6693 4223 
3282 4475 5614 5613 
3283 261 4452 4451 
3284 4382 4384 4383 
3285 703 1422 705 
3286 705 706 704 
3287 2203 4527 2202 
3288 1420 4474 2823 
3289 641 4474 1420 
3290 1785 4460 1782 
3291 735 736 734 
3292 2487 4544 4525 
3293 3091 3092 1308 
3294 832 833 831 
3295 4245 5646 2758 
3296 3433 5557 5552 
3297 2556 2836 2584 
3298 2584 2595 2557 
3299 3545 4498 1369 
3300 3977 4241 3976 
3301 3697 4337 3696 
3302 4401 6222 499 
3303 4417 5568 2725 
3304 2865 4525 4468 
3305 3004 5551 4526 
3306 1147 4465 1093 
3307 1193 4462 1338 
3308 4330 4331 2256 
3309 5553 5556 5521 
3310 1519 1520 1518 
3311 1517 2560 1519 
3312 1267 4498 638 
3313 2348 4469 2376 
3314 1550 1552 1551 
3315 3691 3692 3690 
3316 2865 4496 1822 
3317 6460 6608 3733 
3318 1821 4532 1790 
3319 4115 6475 323 
3320 564 1300 567 
3321 567 568 565 
3322 681 2844 1362 
3323 682 1361 1310 
3324 4526 5551 4527 
3325 2202 4527 2701 
3326 2222 4527 2203 
3327 1022 1025 1024 
3328 3329 3655 3619 
3329 3330 3929 3928 
3330 1417 4476 1276 
3331 2403 2484 2483 
3332 2487 4525 3050 
3333 4525 4544 4468 
3334 3914 3915 3913 
3335 233 282 235 
3336 235 236 234 
3337 3994 4143 3995 
3338 5548 5550 5515 
3339 3873 3985 3984 
3340 4057 4120 4056 
3341 4482 4505 4504 
3342 4260 4375 4261 
3343 707 708 702 
3344 701 1446 707 
3345 2396 5557 2394 
3346 1318 4504 1418 
3347 548 549 547 
3348 4466 4467 4465 
3349 3647 3695 3650 
3350 3648 3935 3649 
3351 1182 4494 4466 
3352 415 417 416 
3353 4470 4471 2857 
3354 4469 4486 4470 
3355 603 885 767 
3356 767 768 766 
3357 2608 4532 1821 
3358 1790 4532 1788 
3359 1822 4496 1783 
3360 1294 4512 1316 
3361 706 1178 704 
3362 705 977 706 
3363 735 737 736 
3364 2595 2723 2557 
3365 2584 2596 2595 
3366 1418 4504 2830 
3367 4480 4481 1345 
3368 4540 4925 3470 
3369 1520 3152 1518 
3370 1519 1521 1520 
3371 1146 4477 2832 
3372 1746 4493 1750 
3373 2034 4543 1456 
3374 1552 1553 1551 
3375 1550 1570 1552 
3376 1345 4504 1318 
3377 1787 4496 4468 
3378 3691 3751 3692 
3379 4411 5586 5578 
3380 4510 4512 1294 
3381 1316 4512 1344 
3382 2378 4518 2381 
3383 2218 5541 4539 
3384 1317 4480 1345 
3385 567 569 568 
3386 2844 3167 1362 
3387 1361 3588 1310 
3388 4488 4493 1744 
3389 1025 1026 1024 
3390 3329 3656 3655 
3391 3929 4298 3928 
3392 3655 4103 3619 
3393 2484 2764 2483 
3394 3914 3916 3915 
3395 235 237 236 
3396 236 279 234 
3397 1453 4494 1183 
3398 1183 4494 1182 
3399 4549 5538 2876 
3400 1744 4493 1746 
3401 4042 4510 1457 
3402 3985 4265 3984 
3403 4057 4121 4120 
3404 4471 4519 4518 
3405 707 709 708 
3406 4539 5541 4540 
3407 2206 4925 4540 
3408 3472 4540 3470 
3409 1459 4497 3931 
3410 3049 4497 1459 
3411 2039 4543 2034 
3412 1456 4543 3058 
3413 1741 4488 1744 
3414 3935 4380 3649 
3415 3695 3882 3650 
3416 4086 5830 3382 
3417 417 418 416 
3418 415 428 417 
3419 4042 4512 4510 
3420 4486 4487 4470 
3421 767 769 768 
3422 2381 4518 2589 
3423 2320 4538 4509 
3424 1185 4538 1455 
3425 2857 4518 2378 
3426 977 993 706 
3427 1784 4496 1787 
3428 737 738 736 
3429 1453 4495 4494 
3430 2596 2623 2595 
3431 4504 4505 2830 
3432 4480 4483 4481 
3433 4481 4482 1345 
3434 4509 4549 2320 
3435 4471 4518 2857 
3436 1457 4510 1289 
3437 4509 5538 4549 
3438 1521 1522 1520 
3439 1552 1554 1553 
3440 3691 3752 3751 
3441 1184 4521 4508 
3442 1455 4538 2320 
3443 1184 4538 1185 
3444 569 570 568 
3445 1361 3989 3588 
3446 3167 3168 1362 
3447 2844 3601 3167 
3448 3588 3589 1310 
3449 4508 4538 1184 
3450 1025 1027 1026 
3451 3929 4299 4298 
3452 2764 3433 2483 
3453 2484 2765 2764 
3454 3914 5840 3916 
3455 237 238 236 
3456 3985 4266 4265 
3457 2866 4521 2833 
3458 4121 4122 4120 
3459 709 710 708 
3460 2876 5538 3617 
3461 3882 3883 3650 
3462 1400 4500 1409 
3463 417 419 418 
3464 418 457 416 
3465 769 772 768 
3466 977 994 993 
3467 4509 4538 4508 
3468 737 739 738 
3469 738 791 736 
3470 4508 4521 2866 
3471 3617 5538 4502 
3472 2596 2631 2623 
3473 4482 4504 1345 
3474 2833 4521 1148 
3475 1290 4510 1294 
3476 1521 1523 1522 
3477 1554 1555 1553 
3478 3752 3753 3751 
3479 3284 4515 2612 
3480 569 571 570 
3481 3989 4208 3588 
3482 3167 4001 3168 
3483 1027 1032 1026 
3484 1025 1060 1027 
3485 4299 4300 4298 
3486 2484 3078 2765 
3487 2764 3659 3433 
3488 237 239 238 
3489 4266 4267 4265 
3490 1371 4517 2819 
3491 710 940 708 
3492 709 711 710 
3493 2377 4511 2351 
3494 1401 4513 1403 
3495 1998 4550 2035 
3496 419 420 418 
3497 769 773 772 
3498 772 788 768 
3499 2612 4515 2473 
3500 2867 4529 2869 
3501 994 1175 993 
3502 977 995 994 
3503 737 740 739 
3504 2876 5526 4549 
3505 2596 3174 2631 
3506 2631 2814 2623 
3507 2483 5552 2401 
3508 5527 5528 4783 
3509 1521 1644 1523 
3510 1523 1524 1522 
3511 1149 4521 1184 
3512 2774 4514 3618 
3513 1332 4517 1371 
3514 1554 1556 1555 
3515 4549 5526 4550 
3516 2035 4550 2050 
3517 2320 4550 1998 
3518 3752 3754 3753 
3519 4528 4529 2867 
3520 2869 4529 3925 
3521 4518 4519 2589 
3522 571 572 570 
3523 1027 1033 1032 
3524 4299 4334 4300 
3525 3078 3079 2765 
3526 237 240 239 
3527 239 241 238 
3528 1471 4528 1315 
3529 4266 4268 4267 
3530 709 1412 711 
3531 2477 4522 2382 
3532 3732 4524 1434 
3533 419 421 420 
3534 1471 4529 4528 
3535 2477 4523 4522 
3536 769 774 773 
3537 1175 1177 993 
3538 995 996 994 
3539 740 741 739 
3540 2814 3779 2623 
3541 3174 3175 2631 
3542 1315 4528 1292 
3543 1644 2036 1523 
3544 1524 1525 1522 
3545 2382 4522 2379 
3546 1556 1557 1555 
3547 3754 3845 3753 
3548 3752 4059 3754 
3549 1434 4524 1432 
3550 571 573 572 
3551 572 579 570 
3552 1033 1034 1032 
3553 3079 3080 2765 
3554 239 242 241 
3555 241 261 238 
3556 3303 4530 1372 
3557 4526 4527 2222 
3558 1435 4531 3309 
3559 419 4219 421 
3560 421 422 420 
3561 774 775 773 
3562 995 997 996 
3563 1175 1350 1177 
3564 740 743 741 
3565 3174 3400 3175 
3566 1293 4528 2867 
3567 1524 1526 1525 
3568 1644 2574 2036 
3569 1372 4530 1370 
3570 1556 1559 1557 
3571 1557 1558 1555 
3572 3754 3846 3845 
3573 4046 4535 3170 
3574 1791 4544 1794 
3575 1433 4531 1435 
3576 572 582 579 
3577 571 574 573 
3578 1034 1064 1032 
3579 1033 1035 1034 
3580 3079 3081 3080 
3581 242 243 241 
3582 3071 4533 4503 
3583 5511 5513 5488 
3584 1794 4544 2487 
3585 422 423 420 
3586 775 782 773 
3587 3170 4535 2613 
3588 1789 4544 1791 
3589 1350 1351 1177 
3590 997 998 996 
3591 740 1330 743 
3592 743 744 741 
3593 3400 3401 3175 
3594 2825 4536 3609 
3595 2835 4533 3071 
3596 1644 3348 2574 
3597 1524 1641 1526 
3598 1526 1527 1525 
3599 1765 4537 1769 
3600 1556 2252 1559 
3601 1559 1560 1557 
3602 3846 3847 3845 
3603 582 583 579 
3604 4534 4537 1760 
3605 1035 1036 1034 
3606 3081 3789 3080 
3607 3079 3338 3081 
3608 242 244 243 
3609 1760 4537 1765 
3610 2871 4546 2868 
3611 3907 4541 2840 
3612 1559 5508 1561 
3613 2822 4536 2825 
3614 2476 4542 2727 
3615 1749 4534 1760 
3616 775 783 782 
3617 998 1073 996 
3618 997 999 998 
3619 3660 4546 2871 
3620 3057 4535 4113 
3621 743 745 744 
3622 3401 3683 3175 
3623 3400 3402 3401 
3624 2868 4546 2861 
3625 2840 4541 2837 
3626 3348 3580 2574 
3627 1526 1528 1527 
3628 2383 4542 2476 
3629 4539 4540 3472 
3630 1559 1561 1560 
3631 3846 3979 3847 
3632 582 584 583 
3633 583 1326 579 
3634 1035 1037 1036 
3635 3338 3339 3081 
3636 3789 3924 3080 
3637 244 245 243 
3638 5508 5509 5486 
3639 244 5505 247 
3640 775 784 783 
3641 783 787 782 
3642 999 1000 998 
3643 997 1440 999 
3644 242 5505 244 
3645 745 746 744 
3646 3402 3403 3401 
3647 2252 5508 1559 
3648 1528 1529 1527 
3649 1796 4545 1793 
3650 1561 1562 1560 
3651 3979 4192 3847 
3652 584 585 583 
3653 1035 1159 1037 
3654 1037 1038 1036 
3655 3338 3340 3339 
3656 244 246 245 
3657 787 884 782 
3658 784 785 783 
3659 1793 4545 1792 
3660 745 747 746 
3661 3402 3955 3403 
3662 1529 1817 1527 
3663 1528 1530 1529 
3664 1561 1563 1562 
3665 1037 1039 1038 
3666 3340 3341 3339 
3667 244 247 246 
3668 246 248 245 
3669 246 5499 249 
3670 784 1922 785 
3671 787 1424 884 
3672 747 748 746 
3673 745 797 747 
3674 3955 3956 3403 
3675 1530 1531 1529 
3676 3927 4548 4547 
3677 1561 1571 1563 
3678 1563 1564 1562 
3679 1039 1040 1038 
3680 3340 3342 3341 
3681 2873 4547 3940 
3682 248 260 245 
3683 246 249 248 
3684 3039 5496 5486 
3685 1563 5495 1565 
3686 747 5497 5487 
3687 4547 4548 3940 
3688 5485 5494 5326 
3689 2870 4547 2873 
3690 1424 1426 884 
3691 787 1425 1424 
3692 1922 1963 785 
3693 5499 5500 5445 
3694 748 749 746 
3695 3956 3959 3403 
3696 3955 3957 3956 
3697 1922 5489 2001 
3698 784 5489 1922 
3699 5497 5498 3047 
3700 1797 4552 1802 
3701 748 5487 752 
3702 1563 1565 1564 
3703 1564 2251 1562 
3704 747 5487 748 
3705 247 5499 246 
3706 1040 1063 1038 
3707 1039 1041 1040 
3708 3342 3343 3341 
3709 249 250 248 
3710 1795 4552 1797 
3711 3108 4551 4343 
3712 4549 4550 2320 
3713 1426 3048 884 
3714 1922 1964 1963 
3715 1425 3404 1424 
3716 748 750 749 
3717 3957 3958 3956 
3718 3106 4551 3108 
3719 1772 4573 1823 
3720 1571 5495 1563 
3721 1565 1566 1564 
3722 1041 1042 1040 
3723 1039 1059 1041 
3724 3343 3344 3341 
3725 249 251 250 
3726 2872 4547 2870 
3727 1823 4573 2877 
3728 1768 4573 1772 
3729 1426 3093 3048 
3730 1922 2001 1964 
3731 1964 2003 1963 
3732 5482 5484 2372 
3733 748 752 750 
3734 3957 5773 3958 
3735 4558 4559 2611 
3736 4556 4558 2611 
3737 1565 1567 1566 
3738 4672 5372 4671 
3739 5464 5478 515 
3740 2321 4552 1795 
3741 285 4567 284 
3742 2446 5372 4672 
3743 1041 1043 1042 
3744 3343 3345 3344 
3745 2437 4559 2435 
3746 2611 4559 2437 
3747 4554 4567 285 
3748 251 5474 254 
3749 251 252 250 
3750 3516 5468 4553 
3751 284 4567 302 
3752 4555 4568 4567 
3753 249 5474 251 
3754 285 5058 4554 
3755 5309 5467 5460 
3756 1592 4807 4804 
3757 4553 5468 436 
3758 3434 5325 5156 
3759 3093 3771 3048 
3760 2003 2286 1963 
3761 2001 2002 1964 
3762 1426 3698 3093 
3763 3516 5471 5468 
3764 4862 5435 2075 
3765 4808 4995 2075 
3766 4671 5455 4673 
3767 5372 5455 4671 
3768 4807 4995 4808 
3769 269 4576 267 
3770 4575 4663 275 
3771 4803 4857 2082 
3772 5024 5226 2879 
3773 4802 4803 2082 
3774 4661 4662 1603 
3775 752 753 750 
3776 5151 5226 5024 
3777 5453 5457 4759 
3778 1592 4995 4807 
3779 2082 4926 4802 
3780 4553 5464 3516 
3781 1852 5409 1850 
3782 2075 5435 4808 
3783 5151 5365 5226 
3784 4558 4560 4559 
3785 4802 4926 4804 
3786 4561 5292 3614 
3787 491 4571 2991 
3788 5123 5346 491 
3789 4574 4575 275 
3790 4736 5325 3434 
3791 4575 5319 4663 
3792 491 5346 4571 
3793 5436 5454 1682 
3794 4661 5260 4564 
3795 4804 4926 1592 
3796 267 4576 275 
3797 278 5386 262 
3798 1600 4862 1598 
3799 5444 5447 2550 
3800 258 5461 252 
3801 2276 5390 4883 
3802 4571 4572 2991 
3803 285 5319 5058 
3804 4662 4862 1603 
3805 1965 4713 1854 
3806 1603 5260 4661 
3807 1567 1568 1566 
3808 1565 2455 1567 
3809 4579 4581 2021 
3810 5058 5319 4575 
3811 4564 5260 2244 
3812 4788 4789 4785 
3813 5243 5424 3991 
3814 4711 4713 1965 
3815 4791 5419 4787 
3816 4610 5447 5444 
3817 2244 4565 4564 
3818 383 4735 382 
3819 4803 5151 4857 
3820 4567 4568 302 
3821 5156 5325 3436 
3822 2576 5399 5292 
3823 4712 4776 4705 
3824 1854 4713 1852 
3825 4583 4763 4648 
3826 1043 1044 1042 
3827 4581 4584 2021 
3828 3416 5421 5374 
3829 2240 5390 2276 
3830 4803 5365 5151 
3831 251 253 252 
3832 3012 5385 4839 
3833 4839 5404 3012 
3834 2880 4572 4571 
3835 2887 5328 4647 
3836 1610 4748 1607 
3837 4586 4589 2056 
3838 5362 5385 3012 
3839 3529 5450 3500 
3840 1613 4823 4582 
3841 4713 5409 1852 
3842 3024 5439 4610 
3843 4632 5386 278 
3844 2243 4675 2241 
3845 1322 5142 4691 
3846 1965 4712 4711 
3847 1848 4584 1846 
3848 1613 4582 4577 
3849 4728 5093 4628 
3850 2021 4584 1848 
3851 4804 4807 4805 
3852 293 4603 295 
3853 1965 4776 4712 
3854 5292 5399 3614 
3855 4611 4912 376 
3856 2880 4735 4572 
3857 1811 4637 1670 
3858 4655 5066 4673 
3859 275 4576 4574 
3860 1598 4862 2075 
3861 2055 4586 2046 
3862 281 4632 278 
3863 4554 5058 3418 
3864 2552 4782 4781 
3865 2938 5073 4761 
3866 1670 4637 1668 
3867 2704 5433 4675 
3868 2225 5331 4635 
3869 5443 5449 3529 
3870 3508 5361 4797 
3871 269 5374 4576 
3872 4612 4912 4611 
3873 4612 4681 454 
3874 1603 4862 1600 
3875 4582 4823 4590 
3876 4839 5429 5404 
3877 1811 5449 5443 
3878 5473 5475 4557 
3879 2843 4563 2898 
3880 2055 4587 4586 
3881 2302 5402 5395 
3882 4559 5442 2435 
3883 4648 4763 2512 
3884 4610 5439 4608 
3885 388 4735 383 
3886 2369 5329 5165 
3887 1322 4691 4689 
3888 4600 5283 4599 
3889 4785 4789 4784 
3890 2275 5369 2294 
3891 4669 4674 1701 
3892 4654 5066 4655 
3893 454 4912 4612 
3894 2529 4784 2374 
3895 5404 5429 3003 
3896 3533 5476 4725 
3897 1683 4679 1763 
3898 4590 4823 2531 
3899 288 4632 281 
3900 382 4735 2880 
3901 1811 5440 4637 
3902 2215 4733 4732 
3903 3437 5346 5123 
3904 3438 5377 3437 
3905 4733 5072 4734 
3906 2244 4748 4565 
3907 2215 5072 4733 
3908 388 4736 4735 
3909 1695 4654 1692 
3910 4804 4805 4800 
3911 4635 5331 4634 
3912 3014 4653 3519 
3913 5437 5441 5434 
3914 4703 4705 2073 
3915 4705 4776 2073 
3916 262 5386 258 
3917 5465 5466 4719 
3918 2906 4653 3014 
3919 5395 5402 3517 
3920 5347 5380 2696 
3921 335 4816 325 
3922 2001 2006 2002 
3923 2707 5369 2275 
3924 2648 4714 4704 
3925 4726 4728 4628 
3926 1695 5066 4654 
3927 2003 2287 2286 
3928 2549 4646 3023 
3929 5073 5191 4761 
3930 493 5400 339 
3931 1593 4660 1597 
3932 3099 4601 4593 
3933 3093 3772 3771 
3934 4591 4763 4583 
3935 2375 4780 2424 
3936 4811 4812 4626 
3937 4893 5371 453 
3938 2531 4811 4626 
3939 3411 5353 3408 
3940 2552 4781 4780 
3941 3437 5377 5346 
3942 1657 4730 4720 
3943 1692 4654 1691 
3944 303 4603 293 
3945 4648 5274 5257 
3946 4040 5303 4729 
3947 1429 4607 3349 
3948 4599 5283 451 
3949 2241 4675 4592 
3950 1607 4748 2244 
3951 4761 5074 2938 
3952 4563 4629 2898 
3953 2529 4785 4784 
3954 3514 5284 5159 
3955 5374 5421 4576 
3956 4790 5400 493 
3957 5159 5284 5158 
3958 4577 4748 1613 
3959 4604 5366 4603 
3960 1850 5409 2021 
3961 4663 5319 277 
3962 2371 4769 2705 
3963 4601 4739 2891 
3964 1640 4618 1722 
3965 4595 4596 303 
3966 4800 4805 4799 
3967 359 4682 357 
3968 4689 5306 1322 
3969 1633 4824 4797 
3970 5280 5348 503 
3971 2917 4766 2661 
3972 1595 5191 5073 
3973 4758 4766 2917 
3974 5351 5407 5173 
3975 1703 4669 1701 
3976 752 754 753 
3977 325 4816 273 
3978 486 4607 1429 
3979 2704 4675 2243 
3980 1595 5073 4734 
3981 1699 4674 1762 
3982 4797 4824 3508 
3983 5165 5329 3015 
3984 4734 5072 1595 
3985 2661 4766 2660 
3986 4617 5420 5401 
3987 2901 5269 2899 
3988 291 4595 303 
3989 2917 4760 4758 
3990 4606 4678 2886 
3991 4602 4865 4739 
3992 4593 4601 2891 
3993 4611 5394 3438 
3994 1076 5297 2838 
3995 2706 4646 2549 
3996 1676 4617 1680 
3997 4732 4778 2215 
3998 2665 5074 2663 
3999 4769 5361 3508 
4000 4720 4730 3010 
4001 3434 5348 4736 
4002 2374 4784 2552 
4003 463 4902 462 
4004 4819 4963 4820 
4005 1686 4594 1689 
4006 1762 4674 4670 
4007 2973 5305 5197 
4008 4820 4963 2230 
4009 2981 5333 2533 
4010 1613 4748 1610 
4011 1718 4665 1716 
4012 252 5461 250 
4013 4868 5251 2224 
4014 1761 4812 1625 
4015 2886 4678 2885 
4016 4620 5406 255 
4017 4560 5442 4559 
4018 1685 4594 1686 
4019 1719 5901 1721 
4020 3530 5439 3024 
4021 2520 5187 2762 
4022 5159 5385 5362 
4023 2886 4891 4606 
4024 2294 5369 2298 
4025 5099 5380 5347 
4026 4700 4825 2649 
4027 2900 4629 3062 
4028 4704 4714 4705 
4029 4694 4865 4602 
4030 2073 4798 4703 
4031 4643 4660 1596 
4032 1690 5396 1693 
4033 1074 5297 1076 
4034 1671 4614 1674 
4035 3498 5335 3499 
4036 4585 5354 5330 
4037 2531 4626 4590 
4038 390 4726 4628 
4039 2885 4678 3449 
4040 1701 4674 1699 
4041 4729 5303 4728 
4042 5298 5299 2527 
4043 2705 4769 3508 
4044 4728 5303 5093 
4045 4679 5392 5387 
4046 4705 4714 4712 
4047 3486 5306 4689 
4048 2428 4813 2485 
4049 3438 5394 5377 
4050 388 5325 4736 
4051 2224 5301 4624 
4052 1627 4934 1761 
4053 4662 5435 4862 
4054 2889 4659 4658 
4055 1058 4640 1053 
4056 4832 5251 4868 
4057 4627 4812 1761 
4058 4647 5328 4763 
4059 1629 4934 1627 
4060 2679 4641 2884 
4061 4602 4739 4601 
4062 1568 1569 1566 
4063 3335 4821 505 
4064 253 256 252 
4065 4766 5323 2660 
4066 2426 4813 2428 
4067 2578 5399 2576 
4068 2552 4780 2375 
4069 2642 4799 2521 
4070 4568 4569 302 
4071 4635 5316 2225 
4072 2938 5074 2665 
4073 1087 4696 1163 
4074 5257 5274 2511 
4075 1761 5367 4627 
4076 4585 5330 4584 
4077 342 4620 255 
4078 505 4821 496 
4079 452 5419 4791 
4080 1705 5192 1717 
4081 2424 4780 2711 
4082 1622 4754 1624 
4083 4695 5244 4994 
4084 1567 1572 1568 
4085 4639 4640 1058 
4086 2782 4562 2875 
4087 4679 5387 1763 
4088 4791 5407 5351 
4089 1645 4754 1622 
4090 4839 5385 4838 
4091 2302 4863 2299 
4092 2660 5323 4964 
4093 2913 4661 4564 
4094 4643 5381 5363 
4095 5350 5373 5048 
4096 4622 4625 502 
4097 3178 4656 2070 
4098 4678 4825 3449 
4099 1652 4730 1657 
4100 1075 4639 1058 
4101 453 5371 4740 
4102 1621 5065 1646 
4103 1706 5192 1705 
4104 2472 5424 5243 
4105 1043 1045 1044 
4106 4723 5098 4638 
4107 2669 5075 2667 
4108 4634 4641 2681 
4109 4631 5011 4740 
4110 5210 5278 1353 
4111 4664 4738 3083 
4112 462 4902 513 
4113 4652 4680 512 
4114 4667 4674 4669 
4115 2046 4586 2038 
4116 2649 4702 4700 
4117 429 4726 390 
4118 1826 5099 3010 
4119 2234 4947 2063 
4120 2681 4641 2679 
4121 4631 4651 464 
4122 3449 4825 4700 
4123 4599 5353 3411 
4124 2233 5175 3735 
4125 2229 4824 1633 
4126 301 5398 310 
4127 2892 4723 4638 
4128 3482 5252 2911 
4129 1616 4710 1618 
4130 1862 4798 1860 
4131 4765 4831 2971 
4132 4768 5157 4767 
4133 1863 5265 2230 
4134 2552 4784 4782 
4135 4813 4814 2485 
4136 4851 5236 2469 
4137 4911 5230 4910 
4138 4603 5366 295 
4139 509 5156 3436 
4140 2237 4592 2235 
4141 4680 4844 512 
4142 4641 4642 2884 
4143 2889 4658 4657 
4144 4574 5421 3414 
4145 444 4631 464 
4146 1611 5158 1614 
4147 4682 4893 357 
4148 4704 4901 2648 
4149 3441 4625 4622 
4150 1288 5211 952 
4151 2070 4656 2068 
4152 1688 4608 1687 
4153 4883 5390 4885 
4154 1839 4741 1836 
4155 2944 5075 2669 
4156 5363 5381 2976 
4157 4815 4816 4600 
4158 2425 4743 2732 
4159 4584 5330 1846 
4160 4994 5244 1414 
4161 356 4892 355 
4162 2671 4731 2944 
4163 1697 5066 1695 
4164 2971 4833 2680 
4165 2683 4634 2681 
4166 4652 4681 4680 
4167 4755 5287 5240 
4168 5099 5347 3010 
4169 3735 5276 2599 
4170 251 254 253 
4171 1589 4757 1574 
4172 1828 5099 1826 
4173 2521 4799 2519 
4174 2784 5245 2601 
4175 4647 5367 2887 
4176 2469 4854 4853 
4177 4740 5011 453 
4178 1962 4798 1862 
4179 1962 4900 4699 
4180 4699 4701 1962 
4181 2904 5269 2901 
4182 1632 4747 1629 
4183 3120 4746 2386 
4184 1890 5157 4768 
4185 5354 5416 2065 
4186 4581 4585 4584 
4187 4707 4737 2339 
4188 2991 5348 5280 
4189 2204 5050 4948 
4190 5382 5408 2644 
4191 4854 4856 4855 
4192 1630 5373 5350 
4193 4731 4733 2944 
4194 2997 4744 2893 
4195 1609 4838 2227 
4196 4638 4744 2892 
4197 4723 5333 2981 
4198 3444 5259 3497 
4199 5142 5393 4691 
4200 4710 5065 1618 
4201 454 4682 359 
4202 1625 4812 1623 
4203 1463 5278 3677 
4204 2981 5098 4723 
4205 518 4902 463 
4206 1596 4660 1593 
4207 1638 5275 1636 
4208 2642 4800 4799 
4209 355 4892 358 
4210 4658 5210 1353 
4211 4718 5384 4719 
4212 512 4844 468 
4213 476 5128 4894 
4214 2754 4854 2343 
4215 860 4676 1414 
4216 4623 4624 3008 
4217 1831 4693 1830 
4218 2997 4745 4744 
4219 5044 5134 3442 
4220 1089 4696 1087 
4221 1835 4693 1831 
4222 3546 4563 2843 
4223 4706 5090 2908 
4224 4653 5169 3519 
4225 451 5353 4599 
4226 4778 5381 1596 
4227 2599 5276 2811 
4228 3677 5278 5210 
4229 335 5283 4816 
4230 2649 4901 4702 
4231 5301 5336 4624 
4232 5168 5299 5298 
4233 770 4751 776 
4234 4614 4617 1674 
4235 2843 2898 2897 
4236 1636 5275 2232 
4237 4659 5211 4685 
4238 5207 5256 5090 
4239 1707 5281 3009 
4240 1835 4694 4693 
4241 2668 4819 2973 
4242 2666 4819 2668 
4243 4587 4589 4586 
4244 887 4657 888 
4245 4847 5383 5368 
4246 888 4657 1353 
4247 2469 4853 4851 
4248 2667 5075 2938 
4249 2893 4744 4638 
4250 4706 5207 5090 
4251 4948 5050 4768 
4252 4648 5257 4578 
4253 4676 4994 1414 
4254 4670 4673 1762 
4255 2651 5134 5044 
4256 506 5156 509 
4257 4677 4779 1775 
4258 4791 5351 452 
4259 5246 5282 3002 
4260 2359 4901 2357 
4261 3802 5288 3804 
4262 2386 4746 2054 
4263 1614 5158 1642 
4264 1836 4741 1835 
4265 2499 4796 2493 
4266 4680 4681 4612 
4267 5240 5287 4765 
4268 4596 4597 303 
4269 3028 5232 3879 
4270 3499 5335 3502 
4271 4660 5088 1597 
4272 2497 4978 2500 
4273 2500 4978 2526 
4274 4686 4687 2734 
4275 3083 4738 2916 
4276 326 4628 334 
4277 4782 4783 4781 
4278 2686 4623 3008 
4279 3442 5189 5044 
4280 2732 4743 4602 
4281 3968 4653 2906 
4282 2997 4937 4745 
4283 2696 5380 2427 
4284 4762 5161 4756 
4285 259 5196 264 
4286 762 4752 770 
4287 770 4752 4751 
4288 2355 4825 2354 
4289 2488 5270 4747 
4290 5364 5450 3529 
4291 2343 4854 2469 
4292 4760 4761 2210 
4293 4816 5283 4600 
4294 2515 5182 4772 
4295 2648 4864 4714 
4296 3416 4600 4599 
4297 503 5348 3434 
4298 1815 4886 2563 
4299 1630 5208 4630 
4300 4701 4798 1962 
4301 2339 4737 2115 
4302 4698 5113 2117 
4303 4686 5236 4851 
4304 5405 5411 5392 
4305 2358 4686 2734 
4306 2448 4888 4709 
4307 2676 2678 2677 
4308 4643 5363 2884 
4309 2649 4825 2355 
4310 2387 5200 3119 
4311 3519 3521 3520 
4312 5183 5360 5184 
4313 4714 4864 2920 
4314 2058 4743 2425 
4315 2003 2372 2287 
4316 5098 5185 5061 
4317 4597 4603 303 
4318 1775 4779 1825 
4319 4753 5412 5393 
4320 354 5173 378 
4321 1618 5065 1621 
4322 3497 5259 4910 
4323 264 5196 287 
4324 759 4792 757 
4325 1649 4677 1775 
4326 4894 5128 4625 
4327 776 4751 781 
4328 5426 5431 2546 
4329 4733 4734 2944 
4330 2984 4874 4843 
4331 1803 4724 1814 
4332 5181 5271 4676 
4333 781 4749 793 
4334 1855 5162 1857 
4335 2001 2551 2006 
4336 2666 2668 2667 
4337 2673 4731 2671 
4338 4827 4937 2997 
4339 5208 5410 4630 
4340 311 312 306 
4341 754 755 753 
4342 4692 4887 936 
4343 4711 4712 2920 
4344 3528 4556 3527 
4345 466 4651 512 
4346 376 5394 4611 
4347 5249 5250 1837 
4348 2062 2063 2061 
4349 464 4651 466 
4350 4634 5331 4641 
4351 2939 4871 4767 
4352 274 325 273 
4353 3406 5140 1430 
4354 4624 4868 2224 
4355 4627 4647 4591 
4356 4682 5371 4893 
4357 4764 4831 4765 
4358 1421 5211 1288 
4359 1596 5381 4643 
4360 1606 4838 1609 
4361 2006 2007 2002 
4362 1572 1574 1573 
4363 4747 5270 4934 
4364 1448 5232 3028 
4365 2663 5074 2917 
4366 4911 5252 3482 
4367 263 4663 277 
4368 1574 4757 1576 
4369 1835 4741 4694 
4370 4592 4594 2235 
4371 3500 4646 2706 
4372 4900 5078 3448 
4373 1985 5188 1987 
4374 2680 4833 2682 
4375 2887 5367 5270 
4376 3416 5374 4600 
4377 469 5246 3002 
4378 1680 5411 5405 
4379 2247 4964 2246 
4380 2485 4644 2430 
4381 2985 3512 2986 
4382 1590 1593 1591 
4383 2241 4592 2237 
4384 2894 4865 4742 
4385 1335 4715 4683 
4386 1616 1618 1617 
4387 1674 4617 1676 
4388 2004 4831 4764 
4389 3010 5347 4720 
4390 899 4887 1284 
4391 1606 1609 1607 
4392 1651 4730 1652 
4393 1834 1837 1836 
4394 4947 5223 2061 
4395 2430 4644 2432 
4396 2906 3013 2904 
4397 2909 4755 2674 
4398 3498 3499 2706 
4399 4819 4820 2973 
4400 1581 4857 1582 
4401 4857 5151 1582 
4402 2201 4983 2451 
4403 4566 5082 2914 
4404 4910 5230 3497 
4405 4666 4668 4667 
4406 289 290 288 
4407 4767 5157 2939 
4408 2975 4819 2666 
4409 4854 4855 4853 
4410 1282 4695 2934 
4411 2117 4737 4698 
4412 2682 2684 2683 
4413 4787 5419 4790 
4414 4915 5179 4937 
4415 2976 4731 2673 
4416 3441 4894 4625 
4417 1860 4798 2073 
4418 2524 4716 2603 
4419 2653 4871 2939 
4420 3524 5165 3015 
4421 5088 5331 2225 
4422 2597 4817 2270 
4423 3419 3652 3418 
4424 4582 4590 4583 
4425 4620 5432 5406 
4426 4702 4704 4703 
4427 2004 4764 1851 
4428 460 5320 490 
4429 494 4607 486 
4430 3054 3055 494 
4431 752 883 754 
4432 2762 4716 2522 
4433 2915 4919 3133 
4434 1838 4775 1841 
4435 2422 5186 2895 
4436 4695 4994 2934 
4437 1636 2232 1635 
4438 1668 4637 2228 
4439 1882 5062 1880 
4440 2894 4947 2234 
4441 2509 5182 2515 
4442 2513 2516 2514 
4443 4657 4658 1353 
4444 1634 1635 1632 
4445 2504 4978 2497 
4446 2992 4623 2684 
4447 4822 4967 2209 
4448 5334 5389 758 
4449 1589 4758 4757 
4450 2072 4769 2371 
4451 4647 4763 4591 
4452 373 5011 4631 
4453 4681 4682 454 
4454 2127 4918 2129 
4455 4873 5083 2916 
4456 2925 4937 4827 
4457 4777 4986 2955 
4458 3482 5230 4911 
4459 3507 5422 3505 
4460 3806 4737 4707 
4461 2058 2425 2059 
4462 2115 4737 2117 
4463 2470 4943 2472 
4464 4244 4715 3042 
4465 3759 4846 3760 
4466 4578 5257 4566 
4467 4772 4773 4771 
4468 2230 5265 4820 
4469 2470 2472 2471 
4470 2995 5239 4834 
4471 3430 4187 3613 
4472 3502 5048 3504 
4473 290 308 288 
4474 353 4893 351 
4475 3504 3506 3505 
4476 4760 5074 4761 
4477 508 4877 1462 
4478 1079 5307 1077 
4479 1588 4926 1586 
4480 1594 4995 1591 
4481 2656 5262 5077 
4482 4786 4787 4785 
4483 347 5011 373 
4484 1646 5065 4677 
4485 2529 4786 4785 
4486 2533 5333 2886 
4487 2898 4629 2900 
4488 378 5173 4724 
4489 3519 5169 3521 
4490 4577 4578 4566 
4491 4709 4848 2448 
4492 950 4657 887 
4493 2299 4863 2296 
4494 4553 5478 5464 
4495 757 4792 764 
4496 4975 5016 3095 
4497 4775 5370 5336 
4498 357 4893 353 
4499 2511 5274 2498 
4500 2908 5134 4706 
4501 4841 5025 4840 
4502 368 5272 366 
4503 1844 1999 1843 
4504 4963 5266 2230 
4505 2684 4623 2686 
4506 4843 4874 2969 
4507 5175 5261 3735 
4508 3007 4620 342 
4509 450 5140 451 
4510 4594 4613 1689 
4511 1700 1702 1701 
4512 2006 5352 2008 
4513 2506 2509 2508 
4514 485 5140 450 
4515 488 5282 5246 
4516 1591 4995 1592 
4517 2580 2581 2578 
4518 2754 4856 4854 
4519 4644 4645 2855 
4520 4642 5331 5088 
4521 310 311 306 
4522 2027 5106 2030 
4523 2913 2914 2912 
4524 4699 4900 3448 
4525 4671 4673 4670 
4526 308 4632 288 
4527 2232 2488 1635 
4528 4848 5103 2448 
4529 2492 5328 2887 
4530 1851 4764 1853 
4531 1861 5265 1863 
4532 2277 2278 2243 
4533 2375 2423 2250 
4534 2938 5075 5073 
4535 345 348 347 
4536 373 443 346 
4537 382 2880 492 
4538 786 4752 762 
4539 2069 5261 5175 
4540 2298 2300 2299 
4541 2345 4974 2342 
4542 2648 4901 2359 
4543 2646 4864 2444 
4544 5387 5392 2707 
4545 4702 4901 4704 
4546 5468 5471 445 
4547 1649 1651 1650 
4548 4724 5294 1814 
4549 2206 5030 4925 
4550 2276 4883 4882 
4551 2889 5211 4659 
4552 4738 4873 2916 
4553 4572 5348 2991 
4554 3515 5284 3514 
4555 4919 5288 3802 
4556 4732 4733 4731 
4557 476 4894 489 
4558 793 4749 802 
4559 1639 1774 1773 
4560 1866 5078 4900 
4561 2510 5279 2508 
4562 2583 2730 2582 
4563 2899 5359 2897 
4564 4703 4798 4701 
4565 468 4844 470 
4566 1045 1046 1044 
4567 1845 5301 2224 
4568 4840 5025 1873 
4569 4768 5050 1890 
4570 2575 2579 2326 
4571 4636 5369 2707 
4572 4920 5022 3453 
4573 1584 4857 1581 
4574 1634 1636 1635 
4575 2060 4618 1640 
4576 2278 2704 2243 
4577 2429 2696 2427 
4578 4985 5095 4987 
4579 1870 4840 1873 
4580 2353 2446 2071 
4581 4706 5134 2651 
4582 2652 4867 2653 
4583 4590 4626 4591 
4584 4626 4812 4627 
4585 5183 5184 4774 
4586 4909 4911 4910 
4587 2085 5132 4921 
4588 3119 5200 4035 
4589 5368 5383 3515 
4590 4866 4988 4818 
4591 1762 5066 1697 
4592 1978 5126 2083 
4593 2371 2705 2549 
4594 2518 5187 2520 
4595 272 274 273 
4596 513 3531 514 
4597 1657 4718 4717 
4598 2000 5145 2151 
4599 2918 5083 4873 
4600 3595 4849 3001 
4601 3446 5026 5019 
4602 4718 4719 4717 
4603 4937 5179 4745 
4604 4802 4804 4800 
4605 271 4938 3026 
4606 897 4887 899 
4607 1586 4926 2082 
4608 1589 4759 4758 
4609 1683 1763 1685 
4610 2129 4918 2390 
4611 2516 4770 2771 
4612 2703 3012 2687 
4613 3432 4809 2753 
4614 3900 3972 3399 
4615 1612 4823 1613 
4616 2371 2549 2548 
4617 2662 2664 2663 
4618 4818 4988 2690 
4619 2690 4983 4982 
4620 2987 5150 5021 
4621 4834 4956 2995 
4622 3031 4725 3029 
4623 4576 5421 4574 
4624 1834 5249 1837 
4625 2049 4986 4777 
4626 2690 4982 4818 
4627 2882 4711 2920 
4628 3439 4844 4680 
4629 786 4753 4752 
4630 2009 5253 2007 
4631 2579 5327 2326 
4632 4858 4867 2937 
4633 4842 4859 2943 
4634 3512 5250 5249 
4635 4753 5291 4750 
4636 2674 4755 2676 
4637 2801 3900 3399 
4638 1626 1627 1625 
4639 2074 4869 1986 
4640 2271 5130 2285 
4641 5202 5228 2310 
4642 2426 2428 2427 
4643 4772 5183 4774 
4644 4985 4987 4986 
4645 492 5264 374 
4646 1775 1824 1651 
4647 2577 2578 2576 
4648 3052 4650 2712 
4649 3652 4554 3418 
4650 3512 5249 5168 
4651 4565 4748 4577 
4652 4651 4652 512 
4653 2801 3901 3900 
4654 4831 4833 2971 
4655 3016 3018 3017 
4656 4000 5310 5217 
4657 5239 5262 4834 
4658 1631 1632 1629 
4659 2065 2066 2064 
4660 2390 4918 2915 
4661 2495 2504 2497 
4662 2516 2771 2518 
4663 2542 4972 4875 
4664 2811 3087 3086 
4665 3419 3881 3652 
4666 1582 5024 5023 
4667 1707 3009 1709 
4668 1810 4665 1718 
4669 2270 4817 1777 
4670 5061 5185 1874 
4671 2014 5095 2023 
4672 2063 4947 2061 
4673 2337 5261 2069 
4674 2955 4986 2957 
4675 3001 4849 2989 
4676 4925 5030 4899 
4677 4955 5053 4954 
4678 2191 4909 2364 
4679 2240 2276 2242 
4680 2317 2366 2318 
4681 2371 2548 2370 
4682 2653 5115 4871 
4683 2700 2746 2745 
4684 4739 4865 2894 
4685 4842 4858 2937 
4686 4100 5018 3096 
4687 3453 3454 3452 
4688 271 272 270 
4689 852 4792 759 
4690 1858 4776 1856 
4691 1924 2542 1926 
4692 2146 4923 2143 
4693 2919 4954 4953 
4694 2976 5381 4732 
4695 3030 3032 3031 
4696 781 4751 4749 
4697 4683 4684 1421 
4698 1448 3028 3027 
4699 2061 5223 1843 
4700 1883 1885 1884 
4701 1900 1902 1901 
4702 2085 4913 1937 
4703 2093 2094 2092 
4704 4914 4949 2112 
4705 4879 5114 2135 
4706 4880 4899 2205 
4707 2456 5054 2318 
4708 2432 2434 2433 
4709 2454 4949 2964 
4710 2862 3096 2744 
4711 2801 4650 3901 
4712 3454 3456 3455 
4713 4602 4743 4694 
4714 1663 1747 1664 
4715 2614 5901 1719 
4716 2000 2150 1877 
4717 1904 4935 1901 
4718 1906 4944 1907 
4719 2089 2090 2088 
4720 2112 2214 2124 
4721 2115 2117 2116 
4722 2181 2184 2183 
4723 2977 4896 2213 
4724 2319 4889 2314 
4725 5187 5237 2762 
4726 3502 3503 3501 
4727 4686 4851 4687 
4728 4732 5381 4778 
4729 1910 1912 1911 
4730 1954 4917 1914 
4731 1918 4952 1919 
4732 2021 5409 4579 
4733 2091 2092 2090 
4734 2091 4906 2095 
4735 2094 2103 2102 
4736 2095 2137 2097 
4737 2097 4914 2099 
4738 2943 5020 2102 
4739 2103 2105 2104 
4740 5114 5152 2135 
4741 2141 2142 2140 
4742 2140 5045 2935 
4743 2168 2169 2167 
4744 2186 2188 2187 
4745 2535 2537 2534 
4746 2544 2692 2691 
4747 2967 2987 2692 
4748 2698 2980 2697 
4749 2746 3493 2747 
4750 4742 4947 2894 
4751 2946 4875 2945 
4752 2946 4988 4921 
4753 4709 5259 3444 
4754 4727 4729 4728 
4755 4832 4833 4831 
4756 506 508 507 
4757 1074 1075 1058 
4758 3042 4715 1416 
4759 1887 2543 1879 
4760 1908 4984 1905 
4761 2920 4864 2646 
4762 2911 5252 3442 
4763 3491 3492 2965 
4764 277 280 278 
4765 295 5366 297 
4766 430 431 429 
4767 1857 1858 1856 
4768 2016 2979 1869 
4769 1952 4941 2654 
4770 2125 2921 2119 
4771 2144 2452 2147 
4772 2157 2658 2247 
4773 2164 5097 5056 
4774 2166 2167 2165 
4775 2166 5056 2173 
4776 2169 2171 2170 
4777 2171 2175 2172 
4778 2173 2544 2178 
4779 2180 4936 2181 
4780 2537 3452 3451 
4781 2581 2582 2578 
4782 2922 2923 2921 
4783 2935 5015 5013 
4784 2968 3490 2969 
4785 5109 5149 2987 
4786 3458 3460 3459 
4787 5094 5154 3494 
4788 3804 3806 3805 
4789 4677 4847 4779 
4790 1773 2060 1640 
4791 2893 4638 2543 
4792 5097 5109 2967 
4793 4806 5408 5382 
4794 273 4815 270 
4795 1572 1573 1568 
4796 2087 5028 2936 
4797 2342 4974 2311 
4798 2895 5186 4692 
4799 4850 4939 3479 
4800 5087 5135 3491 
4801 345 347 346 
4802 1580 5191 1595 
4803 1691 4608 1688 
4804 1861 1862 1860 
4805 2006 2008 2007 
4806 2017 5161 4762 
4807 4777 5106 2049 
4808 2233 2234 2063 
4809 2546 2650 2070 
4810 2449 4860 2106 
4811 2107 2109 2108 
4812 2205 5030 2186 
4813 2374 2375 2250 
4814 2636 2637 2635 
4815 2688 5119 2970 
4816 4918 4919 2915 
4817 2935 5045 5015 
4818 2936 4929 4928 
4819 3332 3759 3605 
4820 3450 4969 4859 
4821 4827 5308 5289 
4822 4841 5220 5144 
4823 1333 4683 1421 
4824 1686 1687 1684 
4825 2049 5106 2027 
4826 2232 5275 3542 
4827 3479 5199 2657 
4828 348 349 347 
4829 374 5264 370 
4830 444 464 463 
4831 448 5303 5302 
4832 792 4931 780 
4833 1614 1642 1616 
4834 1657 4717 1655 
4835 1834 1835 1831 
4836 2204 5062 1882 
4837 1883 4939 4850 
4838 2072 2353 2071 
4839 2275 2294 2293 
4840 2304 2305 2303 
4841 2356 2358 2357 
4842 2358 2734 2360 
4843 2390 2752 2389 
4844 2493 4796 2495 
4845 2602 2632 2525 
4846 2952 4828 2950 
4847 3417 4574 3414 
4848 3763 3767 3765 
4849 4736 5348 4572 
4850 504 505 496 
4851 952 5211 2889 
4852 1679 1766 1677 
4853 2085 4921 4866 
4854 2119 4895 2116 
4855 2365 5020 4859 
4856 3509 5202 2389 
4857 4876 5086 2542 
4858 2981 5185 5098 
4859 3134 4360 3075 
4860 3133 4919 3802 
4861 3761 5027 3605 
4862 4568 4570 4569 
4863 4805 4807 4806 
4864 4983 5103 4848 
4865 1876 5061 1874 
4866 4899 5030 2205 
4867 4826 5082 2511 
4868 2658 5108 2659 
4869 2670 2671 2669 
4870 2883 3435 2882 
4871 2900 2901 2899 
4872 3096 5016 4975 
4873 4880 4961 3462 
4874 1869 4840 1870 
4875 2422 2738 2461 
4876 2892 4744 2528 
4877 2686 2702 2687 
4878 3513 3515 3514 
4879 473 477 475 
4880 511 3439 3438 
4881 1129 1130 1089 
4882 1747 4649 1664 
4883 1704 1706 1705 
4884 1717 2614 1719 
4885 1863 1864 1862 
4886 2341 2343 2342 
4887 2617 2618 2598 
4888 2995 4956 2968 
4889 3018 4038 3017 
4890 4896 5118 4968 
4891 291 293 292 
4892 291 303 293 
4893 490 5320 3016 
4894 1324 4639 1075 
4895 1413 5393 5142 
4896 2671 2944 2669 
4897 2686 3008 2702 
4898 3005 5256 5207 
4899 5077 5262 3039 
4900 3760 3763 3762 
4901 3768 3769 3761 
4902 3936 4249 3769 
4903 1590 4778 1596 
4904 1599 1600 1598 
4905 1676 1680 1678 
4906 1857 5162 5161 
4907 1859 1860 1858 
4908 2217 4918 2127 
4909 4962 4976 2177 
4910 2314 4889 2313 
4911 2436 2598 2437 
4912 2451 4983 2690 
4913 2672 2673 2671 
4914 2699 5198 4968 
4915 2917 5074 4760 
4916 3332 4837 3759 
4917 3442 5252 5189 
4918 4876 5132 5086 
4919 1658 1661 1659 
4920 2023 5095 4985 
4921 2186 5030 2188 
4922 4859 5020 2943 
4923 2953 5107 4777 
4924 4954 5053 2970 
4925 2985 5250 3512 
4926 2992 4833 4832 
4927 4832 4868 2992 
4928 4924 5146 3483 
4929 5430 5431 4580 
4930 5197 5305 4762 
4931 1359 1450 1449 
4932 1696 1715 1698 
4933 1841 5336 5301 
4934 4869 5049 1982 
4935 2072 2370 2353 
4936 2151 5145 2155 
4937 2372 2373 2287 
4938 2327 2575 2326 
4939 2343 2469 2344 
4940 2434 2436 2435 
4941 2937 4867 2652 
4942 4687 4688 2734 
4943 2914 5082 2912 
4944 2922 4915 2925 
4945 3018 4040 4039 
4946 3305 3315 3314 
4947 3315 3317 3316 
4948 3319 3331 3320 
4949 3502 3504 3503 
4950 3766 3844 3843 
4951 883 2890 754 
4952 1606 1607 1605 
4953 2918 4869 2074 
4954 2470 2471 2444 
4955 4873 5049 2918 
4956 3410 3412 3411 
4957 3413 3414 3412 
4958 3415 3417 3414 
4959 254 339 255 
4960 431 449 429 
4961 1465 3054 494 
4962 503 504 496 
4963 1617 2531 1615 
4964 1681 4679 1683 
4965 1849 1850 1848 
4966 1850 2021 1848 
4967 2712 4650 2801 
4968 4735 4736 4572 
4969 1633 1634 1632 
4970 1655 1658 1656 
4971 1672 1811 1670 
4972 1814 2249 1815 
4973 2660 4964 2247 
4974 4909 4910 2364 
4975 2519 4799 2643 
4976 3739 4980 2738 
4977 4922 5042 2947 
4978 3331 4837 3332 
4979 3407 3408 3406 
4980 3501 3529 3500 
4981 3763 3765 3764 
4982 254 255 253 
4983 284 302 286 
4984 1598 2075 1594 
4985 1602 1603 1600 
4986 1676 1677 1675 
4987 1916 2162 1918 
4988 2650 3178 2070 
4989 2107 2111 2109 
4990 2110 5152 2108 
4991 4845 4915 2125 
4992 2145 2977 2213 
4993 2164 2166 2165 
4994 2178 2179 2174 
4995 2177 4976 4960 
4996 2354 4678 4606 
4997 2524 2603 2601 
4998 2634 2993 2636 
4999 2702 2703 2687 
5000 3099 3100 2731 
5001 2951 5107 2953 
5002 2977 5118 4896 
5003 2989 4849 4108 
5004 4626 4627 4591 
5005 268 270 269 
5006 510 4877 508 
5007 1673 5312 4616 
5008 1691 4654 4609 
5009 1845 1846 1844 
5010 1853 1854 1852 
5011 2226 5188 1985 
5012 2067 2070 2068 
5013 2105 2106 2104 
5014 2188 5030 2206 
5015 2520 2521 2519 
5016 2524 2525 2523 
5017 2634 2635 2633 
5018 2638 2639 2637 
5019 2650 3179 3178 
5020 2655 5166 4956 
5021 2664 2665 2663 
5022 4960 5127 4961 
5023 351 4893 453 
5024 899 1282 898 
5025 1628 1629 1627 
5026 3020 4754 1645 
5027 2471 2646 2444 
5028 2506 2507 2503 
5029 2512 5274 4648 
5030 4875 4876 2542 
5031 2735 3304 2736 
5032 2802 3546 2843 
5033 2947 2949 2948 
5034 2949 2951 2950 
5035 4820 5305 2973 
5036 3523 3524 3015 
5037 4741 4865 4694 
5038 5161 5162 4756 
5039 4921 4988 4866 
5040 2994 5192 1706 
5041 1707 1709 1708 
5042 1961 4874 2984 
5043 2007 3036 2002 
5044 2139 2141 2140 
5045 2155 2156 2153 
5046 2242 2243 2241 
5047 2918 5049 4869 
5048 3478 3491 2965 
5049 3023 3530 3024 
5050 3441 4622 3960 
5051 4936 4961 4880 
5052 439 447 440 
5053 1693 2245 1694 
5054 1992 5019 1989 
5055 2358 2359 2357 
5056 4704 4705 4703 
5057 4720 4721 4718 
5058 1702 1704 1703 
5059 1917 5057 1915 
5060 2030 5106 2209 
5061 2354 4825 4678 
5062 2738 4980 2461 
5063 2718 5139 2831 
5064 4986 4987 2957 
5065 3509 5228 5202 
5066 390 4628 326 
5067 3536 4553 436 
5068 460 486 485 
5069 3055 4607 494 
5070 529 5190 533 
5071 1939 4913 1944 
5072 2209 5107 4822 
5073 4859 4969 2365 
5074 2430 2432 2431 
5075 3813 5138 2486 
5076 2674 2675 2673 
5077 4721 5347 2696 
5078 2948 3098 2933 
5079 2956 4898 2954 
5080 3317 3321 3319 
5081 3323 5177 5133 
5082 3405 3406 1430 
5083 1604 1608 1606 
5084 1719 1720 1718 
5085 1837 5250 4775 
5086 1912 1954 1914 
5087 1934 2085 1937 
5088 3446 5019 1992 
5089 2100 4927 2126 
5090 2114 2135 2110 
5091 2113 2339 2115 
5092 2168 4916 2169 
5093 2172 5053 2170 
5094 2183 2201 2182 
5095 2191 2364 2189 
5096 2214 2454 2453 
5097 2306 2326 2305 
5098 2367 2456 2318 
5099 2363 2892 2528 
5100 2367 4945 2458 
5101 4858 4860 2449 
5102 4879 4895 2921 
5103 2964 4949 4930 
5104 3030 3031 3029 
5105 3032 3033 3031 
5106 3045 4244 3042 
5107 4940 4969 3480 
5108 4972 5063 4875 
5109 4921 5132 4876 
5110 452 5351 350 
5111 354 356 355 
5112 361 454 359 
5113 362 365 364 
5114 366 376 363 
5115 372 374 370 
5116 1652 1655 1654 
5117 1669 1673 1671 
5118 1872 1975 1871 
5119 1911 4959 1909 
5120 1986 4869 1983 
5121 2209 4967 2032 
5122 2193 4909 2191 
5123 2357 2649 2355 
5124 2424 2591 2423 
5125 2566 2742 2741 
5126 2654 4941 3480 
5127 2696 5344 4721 
5128 3486 5379 5321 
5129 3512 5168 3513 
5130 4642 5088 4660 
5131 5255 5266 4963 
5132 326 334 325 
5133 348 350 349 
5134 348 452 350 
5135 350 352 351 
5136 366 5272 376 
5137 447 460 450 
5138 470 472 471 
5139 489 517 516 
5140 1673 4614 1671 
5141 1681 1683 1682 
5142 1693 1694 1692 
5143 1870 1872 1871 
5144 1987 5188 1990 
5145 2104 4860 2943 
5146 2108 5152 2449 
5147 2120 4845 2125 
5148 2125 4915 2922 
5149 2211 4923 2146 
5150 2236 2238 2237 
5151 2439 4897 2718 
5152 2445 2978 2739 
5153 2500 2501 2498 
5154 2536 2539 2538 
5155 2645 2913 2912 
5156 4689 4690 2890 
5157 2923 4879 2921 
5158 3432 5091 4809 
5159 3677 3678 3676 
5160 3726 4011 4008 
5161 4012 4243 4009 
5162 286 289 288 
5163 1587 4778 1590 
5164 2250 4886 1815 
5165 5168 5249 1833 
5166 1838 1841 1840 
5167 1889 4957 1892 
5168 2086 4984 1908 
5169 2028 5186 2422 
5170 2087 2089 2088 
5171 2154 2995 2968 
5172 2468 3999 2231 
5173 2373 3129 2287 
5174 2323 2567 2385 
5175 5144 5220 2658 
5176 2712 2801 2800 
5177 2919 4955 4954 
5178 4624 5336 3008 
5179 4841 5145 5025 
5180 5120 5129 5096 
5181 435 436 432 
5182 1415 1416 1335 
5183 2488 4747 1635 
5184 1698 1700 1699 
5185 1813 5164 1812 
5186 1845 2224 1847 
5187 2907 2908 1974 
5188 2151 2153 2152 
5189 2202 2701 2651 
5190 2246 4964 2708 
5191 2273 2442 2324 
5192 2317 4872 2693 
5193 2374 2552 2375 
5194 2432 4644 2855 
5195 2449 4861 4858 
5196 2490 5270 2488 
5197 4744 4745 2528 
5198 2537 4920 3453 
5199 2586 4975 3095 
5200 2941 4982 3443 
5201 2954 4898 3951 
5202 3455 4976 4962 
5203 503 3434 504 
5204 1664 1666 1662 
5205 5401 5411 1680 
5206 1884 2204 1882 
5207 1968 5100 2541 
5208 2139 5080 2141 
5209 2469 5236 2344 
5210 2502 2503 2501 
5211 2506 2508 2507 
5212 2561 4738 4664 
5213 2751 5399 2582 
5214 4867 5115 2653 
5215 2896 3739 2738 
5216 2929 5102 4922 
5217 2947 5042 2949 
5218 3016 5302 3018 
5219 3323 3722 3721 
5220 3480 4941 4935 
5221 4982 4983 4848 
5222 268 4938 271 
5223 525 4877 510 
5224 2889 4657 950 
5225 1046 1062 1044 
5226 1133 1134 1132 
5227 1585 2215 1587 
5228 1685 1686 1684 
5229 1812 2388 2338 
5230 1956 1960 1959 
5231 2425 2426 2059 
5232 2072 2371 2370 
5233 4866 4913 2085 
5234 2095 2096 2093 
5235 2099 2100 2098 
5236 2103 2136 2105 
5237 2974 5080 2139 
5238 2144 5080 2452 
5239 2171 2177 2175 
5240 2176 5067 2172 
5241 2181 2182 2176 
5242 2179 2535 2534 
5243 2194 2195 2193 
5244 2198 2200 2199 
5245 3487 3489 2212 
5246 2246 2708 2248 
5247 2297 4885 2293 
5248 2390 2753 2752 
5249 2432 2433 2431 
5250 2438 4897 2439 
5251 2459 5166 2655 
5252 2523 2642 2521 
5253 2522 4716 2524 
5254 3448 5078 2532 
5255 2535 4920 2537 
5256 2536 4973 4890 
5257 2537 3453 3452 
5258 2539 2586 2538 
5259 2587 4975 2586 
5260 2586 3095 2773 
5261 2700 2744 2587 
5262 3077 3131 2590 
5263 2710 4971 3537 
5264 2745 2862 2744 
5265 2968 4956 3490 
5266 4843 5085 2984 
5267 3458 3467 3460 
5268 3463 4880 3462 
5269 3724 3725 3723 
5270 3991 3992 3990 
5271 272 273 270 
5272 1277 5172 5171 
5273 1826 3010 1824 
5274 1880 5062 1887 
5275 1885 1961 1888 
5276 2019 5029 2011 
5277 2106 4860 2104 
5278 2121 5113 2217 
5279 2276 4882 4881 
5280 2346 2355 2354 
5281 2356 2357 2355 
5282 2422 2895 2738 
5283 2590 4897 2438 
5284 2463 5102 2929 
5285 2568 2724 2567 
5286 2888 3523 3015 
5287 2928 4879 2923 
5288 2959 4898 2956 
5289 3480 4969 3450 
5290 3453 5155 3454 
5291 3466 4899 3463 
5292 4939 5199 3479 
5293 4752 4753 4750 
5294 509 523 510 
5295 755 756 753 
5296 764 854 853 
5297 1074 1076 1075 
5298 1597 5088 1599 
5299 1699 1762 1697 
5300 1928 1929 1927 
5301 4959 5028 1931 
5302 4850 4874 1961 
5303 1980 5121 1981 
5304 1984 1985 1983 
5305 2022 2045 2019 
5306 2158 5029 2019 
5307 2076 5287 5162 
5308 2159 5136 2445 
5309 2360 5267 2443 
5310 2627 5200 2387 
5311 2461 4980 2566 
5312 2493 2494 2492 
5313 2639 2878 2637 
5314 2664 2975 2666 
5315 2682 4833 2992 
5316 2685 3003 2683 
5317 2954 3951 2952 
5318 3573 3574 3117 
5319 3725 3969 3723 
5320 3724 3726 3725 
5321 4668 4671 4670 
5322 4843 5219 5085 
5323 465 518 463 
5324 4625 5128 481 
5325 3436 3875 523 
5326 896 4836 936 
5327 3040 3041 1416 
5328 1622 1623 1619 
5329 1647 3020 1645 
5330 1892 2161 1894 
5331 1952 2652 2216 
5332 1975 2533 2532 
5333 2028 2422 2048 
5334 2044 5042 4922 
5335 2083 3445 2561 
5336 2083 5126 3445 
5337 2365 4969 4942 
5338 2601 2602 2525 
5339 2672 2909 2674 
5340 2692 5170 2691 
5341 2698 4950 2980 
5342 3458 5033 3467 
5343 3463 4899 4880 
5344 3478 4930 4928 
5345 4690 5389 5334 
5346 5084 5198 4890 
5347 268 269 267 
5348 506 509 508 
5349 511 4844 3439 
5350 1045 1047 1046 
5351 1616 1617 1615 
5352 1856 4776 1965 
5353 1873 5025 1875 
5354 1881 4939 1883 
5355 1901 4935 1899 
5356 1920 5120 5057 
5357 1970 5101 1951 
5358 2325 2540 2012 
5359 2422 2461 2048 
5360 2194 2196 2195 
5361 2961 2988 2962 
5362 3131 5139 4897 
5363 4008 4010 4009 
5364 4010 4013 4012 
5365 4842 4860 4858 
5366 256 259 258 
5367 264 265 263 
5368 266 267 265 
5369 300 309 298 
5370 327 390 326 
5371 466 512 468 
5372 469 3002 467 
5373 478 5128 475 
5374 764 4792 2910 
5375 805 5012 1277 
5376 883 3486 2890 
5377 897 899 898 
5378 1077 5307 1324 
5379 1621 1646 1645 
5380 1628 1631 1629 
5381 2249 2250 1815 
5382 1883 4850 1885 
5383 1915 4970 1913 
5384 1924 1925 1923 
5385 1977 1979 1978 
5386 1980 1981 1979 
5387 2043 2282 2041 
5388 4967 5042 2044 
5389 4985 4986 2049 
5390 2187 4888 2448 
5391 2323 2568 2567 
5392 2492 2887 2490 
5393 2491 2499 2493 
5394 2891 4739 2600 
5395 2654 2937 2652 
5396 4834 5262 2656 
5397 2662 5254 2664 
5398 2708 3037 2963 
5399 3486 4689 2890 
5400 3316 3986 3314 
5401 3605 5027 3604 
5402 3760 3761 3605 
5403 3726 4008 4007 
5404 3762 3768 3761 
5405 4861 5115 4867 
5406 256 258 252 
5407 473 474 471 
5408 473 5123 477 
5409 475 476 474 
5410 511 3438 3437 
5411 896 897 809 
5412 1320 4695 1282 
5413 1582 5023 1579 
5414 1591 1592 1588 
5415 1906 5013 4944 
5416 1937 4913 1939 
5417 1944 1971 1945 
5418 1975 2981 2533 
5419 1988 5019 2077 
5420 2091 2093 2092 
5421 2097 2098 2096 
5422 2101 2123 2100 
5423 2105 5051 2107 
5424 2141 2143 2142 
5425 2147 2148 2146 
5426 2173 2174 2168 
5427 2169 5081 2171 
5428 2180 4961 4936 
5429 2201 2451 2450 
5430 2220 2221 2203 
5431 4970 5135 2207 
5432 2939 5059 2216 
5433 2454 2698 2697 
5434 4745 5110 2528 
5435 2647 2883 2882 
5436 2689 2946 2945 
5437 2964 2965 2698 
5438 2708 4964 3038 
5439 2926 2928 2923 
5440 2972 5147 4924 
5441 4923 5111 2977 
5442 4928 4929 3478 
5443 259 263 262 
5444 460 485 450 
5445 491 2991 479 
5446 480 5280 483 
5447 1334 1335 1333 
5448 1416 4715 1335 
5449 1609 2227 1611 
5450 1725 2447 1723 
5451 1889 1890 1886 
5452 1909 1931 1908 
5453 1913 2207 1911 
5454 2116 4895 2114 
5455 2134 2363 2133 
5456 2189 4888 2187 
5457 2298 2888 2300 
5458 2719 4971 2710 
5459 3165 3166 2959 
5460 2970 5119 4954 
5461 3095 5016 4175 
5462 4872 5154 5094 
5463 477 491 479 
5464 482 502 481 
5465 509 510 508 
5466 764 2910 854 
5467 2779 2788 1189 
5468 1605 5260 1602 
5469 1622 1624 1623 
5470 1651 1652 1650 
5471 1678 1679 1677 
5472 1683 1685 1684 
5473 2266 2270 1777 
5474 1903 1904 1901 
5475 1907 1908 1905 
5476 1919 1920 1917 
5477 1919 4952 1935 
5478 1930 1953 1929 
5479 2008 2009 2007 
5480 2008 2051 2010 
5481 5019 5026 2077 
5482 5110 5180 2131 
5483 2238 2240 2237 
5484 2425 2731 2426 
5485 3587 3786 2627 
5486 4872 5094 2693 
5487 2831 5139 4373 
5488 3945 3946 3447 
5489 188 5039 5038 
5490 291 292 290 
5491 470 4844 511 
5492 529 531 528 
5493 755 758 757 
5494 1359 5278 1463 
5495 1599 2225 1601 
5496 1866 4900 1864 
5497 2694 4951 1894 
5498 1900 1957 1902 
5499 1902 1903 1901 
5500 1921 1923 1920 
5501 1924 4972 2542 
5502 1985 1987 1986 
5503 2311 4870 2134 
5504 2151 2155 2153 
5505 2160 4977 2158 
5506 2162 2164 2163 
5507 2362 4909 2193 
5508 2428 2429 2427 
5509 2708 3038 3037 
5510 4987 5209 2957 
5511 3007 5313 4621 
5512 3445 4873 4738 
5513 3766 3843 3842 
5514 361 4912 454 
5515 802 4749 3006 
5516 887 888 807 
5517 1130 1131 1089 
5518 1189 4835 1187 
5519 3016 3017 1465 
5520 1926 1927 1925 
5521 2068 2336 2069 
5522 2127 2128 2122 
5523 2916 5083 2292 
5524 2439 2718 2710 
5525 2561 4664 2820 
5526 3439 4611 3438 
5527 4590 4591 4583 
5528 4659 5131 4658 
5529 4689 4691 4690 
5530 4727 4728 4726 
5531 475 5128 476 
5532 476 489 488 
5533 489 516 515 
5534 520 522 516 
5535 808 809 800 
5536 807 5012 805 
5537 1282 2934 898 
5538 1050 5234 1047 
5539 1078 1080 1079 
5540 1599 5088 2225 
5541 1652 1657 1655 
5542 1694 1696 1695 
5543 1842 1844 1843 
5544 1868 5078 1866 
5545 1878 1879 1876 
5546 1903 4958 1906 
5547 1914 4917 1916 
5548 1961 2984 2972 
5549 1993 2005 1992 
5550 2253 2386 2054 
5551 2294 2295 2293 
5552 2678 2971 2680 
5553 4924 4957 2972 
5554 3043 3045 3042 
5555 3445 5049 4873 
5556 4851 4853 4852 
5557 273 4816 4815 
5558 347 373 346 
5559 521 5231 520 
5560 777 5181 779 
5561 779 5181 4676 
5562 5171 5258 801 
5563 1086 1088 1087 
5564 1131 4696 1089 
5565 1188 1189 1187 
5566 4684 4685 1421 
5567 3676 4793 1464 
5568 1586 2082 1584 
5569 1887 5062 2990 
5570 1907 4944 1910 
5571 1909 4959 1931 
5572 1915 5057 4970 
5573 2542 5086 1926 
5574 1951 1955 1950 
5575 1956 5100 1960 
5576 1973 1976 1972 
5577 2024 4946 2022 
5578 2031 2255 2029 
5579 2040 2044 2042 
5580 2062 2064 2063 
5581 2064 5175 2233 
5582 4765 5287 2076 
5583 2212 5045 2142 
5584 2143 4923 2145 
5585 4977 5029 2158 
5586 2166 2168 2167 
5587 2181 4936 2184 
5588 2185 5103 2183 
5589 5106 5107 2209 
5590 2213 4896 3488 
5591 5113 5288 2217 
5592 2233 3735 2599 
5593 2300 2301 2299 
5594 2316 2319 2314 
5595 2459 2553 2457 
5596 2463 2767 2735 
5597 2503 4826 2501 
5598 2859 3587 2627 
5599 2635 2879 2633 
5600 2701 4706 2651 
5601 2915 3132 2753 
5602 2929 2930 2767 
5603 2862 4100 3096 
5604 3481 3482 2911 
5605 2931 2932 2930 
5606 2931 4922 2947 
5607 3006 5291 5248 
5608 3036 5253 5224 
5609 3095 4175 3797 
5610 3133 3800 3132 
5611 3179 3990 3178 
5612 3413 3415 3414 
5613 3456 3457 3455 
5614 3461 3462 3459 
5615 4961 5127 3462 
5616 3768 3936 3769 
5617 3805 5579 3803 
5618 5114 5115 4861 
5619 4996 5199 4939 
5620 264 266 265 
5621 280 285 284 
5622 293 294 292 
5623 899 1284 1283 
5624 952 2889 950 
5625 1049 1051 1050 
5626 1134 1272 1132 
5627 1335 4683 1333 
5628 2058 2059 1832 
5629 1990 1991 1989 
5630 2022 4946 2045 
5631 2027 2029 2026 
5632 2273 2324 2043 
5633 2077 2079 2078 
5634 2080 5083 2078 
5635 2281 2292 2080 
5636 3119 3120 2386 
5637 2615 4992 4991 
5638 2642 4801 4800 
5639 2664 5254 2975 
5640 2670 2672 2671 
5641 4755 5240 2676 
5642 2742 3128 2741 
5643 2947 2948 2933 
5644 2949 5042 4822 
5645 3439 4612 4611 
5646 3528 4557 4556 
5647 3804 5288 4698 
5648 3947 4328 3948 
5649 4772 4774 4773 
5650 4628 5093 334 
5651 439 448 447 
5652 517 520 516 
5653 520 1448 522 
5654 802 804 803 
5655 899 1283 1282 
5656 1081 1082 1079 
5657 1449 3980 2783 
5658 1601 1602 1600 
5659 1855 1857 1856 
5660 2551 5352 2006 
5661 2014 2019 2011 
5662 2028 2048 2047 
5663 4942 4984 2086 
5664 2118 2119 2116 
5665 2136 5052 5051 
5666 2192 2218 2194 
5667 2200 2220 2203 
5668 2281 2460 2292 
5669 2459 2554 2553 
5670 2885 3448 2532 
5671 2656 5077 5076 
5672 2935 5013 4958 
5673 3465 3476 3469 
5674 3470 4925 3466 
5675 3804 4698 3806 
5676 4565 4577 4566 
5677 5289 5308 4948 
5678 5090 5256 5195 
5679 297 298 296 
5680 382 492 374 
5681 391 430 429 
5682 3535 3536 436 
5683 529 533 532 
5684 1277 5171 803 
5685 897 898 809 
5686 1077 1324 1075 
5687 1088 1129 1089 
5688 1153 1188 1187 
5689 1639 1640 1638 
5690 1649 1775 1651 
5691 1885 4850 1961 
5692 1904 4940 4935 
5693 1977 1978 1976 
5694 1979 5126 1978 
5695 5049 5126 1982 
5696 1984 2530 2226 
5697 1987 1988 1986 
5698 2068 4656 2336 
5699 2150 5199 4996 
5700 2236 2237 2235 
5701 2266 5130 2271 
5702 2298 2299 2296 
5703 2341 2754 2343 
5704 2356 4686 2358 
5705 2375 2424 2423 
5706 2429 5344 2696 
5707 2436 2437 2435 
5708 2530 3005 3004 
5709 3131 4897 2590 
5710 2615 4991 4990 
5711 2895 2896 2738 
5712 2963 5262 5239 
5713 3028 3879 3030 
5714 3483 5146 5094 
5715 4861 4867 4858 
5716 358 4892 455 
5717 477 478 475 
5718 808 1323 896 
5719 1286 1288 952 
5720 1076 2838 1078 
5721 1083 1086 1084 
5722 4887 5186 1284 
5723 1664 1667 1666 
5724 2235 4594 1685 
5725 1774 2071 1773 
5726 1825 2527 1827 
5727 1837 4775 1838 
5728 1853 1855 1854 
5729 1889 1891 1890 
5730 1904 4984 4940 
5731 1910 5079 1912 
5732 1937 1938 1936 
5733 1957 2139 2138 
5734 2013 2014 2011 
5735 4928 4930 2137 
5736 4917 5097 2162 
5737 2460 2756 2292 
5738 2489 2490 2488 
5739 2491 2492 2490 
5740 2566 4428 2742 
5741 2682 2992 2684 
5742 2690 4988 2689 
5743 2936 5028 4929 
5744 4818 4982 2941 
5745 2974 5122 5112 
5746 3494 5154 5141 
5747 4631 4740 4651 
5748 439 440 335 
5749 764 853 756 
5750 805 1277 803 
5751 1080 1081 1079 
5752 1268 1269 1157 
5753 1683 1684 1682 
5754 1825 1826 1824 
5755 1845 1847 1846 
5756 1890 5050 1886 
5757 1921 1924 1923 
5758 1932 5132 1934 
5759 1947 1948 1946 
5760 1951 5101 1956 
5761 2054 2055 2046 
5762 2657 5199 2152 
5763 2659 2660 2247 
5764 2461 2566 2486 
5765 2518 2520 2519 
5766 2602 2634 2633 
5767 2675 2976 2673 
5768 2718 2831 2719 
5769 2831 2851 2719 
5770 3483 5094 3494 
5771 4777 5107 5106 
5772 889 950 887 
5773 1046 1164 1062 
5774 1153 1187 1186 
5775 1572 1589 1574 
5776 1576 4757 2210 
5777 1639 1773 1640 
5778 1646 1647 1645 
5779 1657 4720 4718 
5780 1814 1815 1813 
5781 1832 5099 1828 
5782 1841 1842 1840 
5783 1847 1849 1848 
5784 2224 5251 1847 
5785 1857 1859 1858 
5786 1864 4900 1962 
5787 1950 1958 1948 
5788 1989 5019 1988 
5789 2010 2013 2011 
5790 2025 2049 2027 
5791 2030 2209 2032 
5792 2042 5102 2273 
5793 2045 2159 2158 
5794 2292 5083 2080 
5795 2389 5202 2130 
5796 2134 4870 2363 
5797 2207 5087 4959 
5798 2273 5102 2463 
5799 2296 2308 2295 
5800 2301 2304 2303 
5801 5133 5177 2312 
5802 2433 2547 2431 
5803 2518 2519 2517 
5804 2530 3004 2545 
5805 3023 3024 2548 
5806 2811 2891 2600 
5807 2659 2661 2660 
5808 2668 2670 2669 
5809 2883 4580 4579 
5810 2905 3968 2906 
5811 2953 2954 2952 
5812 2957 2958 2956 
5813 2958 2960 2959 
5814 2966 4768 4767 
5815 3526 5243 3179 
5816 3305 3314 3313 
5817 3332 3605 3604 
5818 3465 3466 3463 
5819 3469 3470 3466 
5820 4702 4703 4701 
5821 351 453 349 
5822 5264 5272 368 
5823 470 471 469 
5824 502 4625 481 
5825 793 802 801 
5826 896 936 897 
5827 1086 1091 1088 
5828 1607 2244 1605 
5829 1839 4742 4741 
5830 1891 5157 1890 
5831 1897 4941 1952 
5832 1966 2020 1959 
5833 2940 2941 1971 
5834 2541 2907 1974 
5835 1991 1993 1992 
5836 2005 3945 3447 
5837 2045 5136 2159 
5838 2149 2313 2148 
5839 2201 5103 4983 
5840 2239 2274 2238 
5841 2271 2284 2272 
5842 2285 5046 2284 
5843 2301 2303 2302 
5844 2566 2741 2486 
5845 2581 2583 2582 
5846 2879 5226 2633 
5847 2907 5134 2908 
5848 2967 5109 2987 
5849 3000 3019 3001 
5850 3035 3177 3034 
5851 3488 5198 5084 
5852 3496 5227 5174 
5853 5218 5241 3724 
5854 5153 5154 4872 
5855 5085 5219 4945 
5856 4991 5041 4990 
5857 5013 5015 5014 
5858 189 5035 95 
5859 199 5036 101 
5860 166 5038 165 
5861 343 345 344 
5862 352 353 351 
5863 373 4631 444 
5864 391 429 390 
5865 793 799 792 
5866 860 1414 1151 
5867 1076 1077 1075 
5868 1624 1625 1623 
5869 1671 1674 1672 
5870 1803 1813 1812 
5871 1803 1814 1813 
5872 1823 2877 2267 
5873 1830 1832 1828 
5874 1849 1851 1850 
5875 1977 1980 1979 
5876 2005 3447 3446 
5877 2008 2010 2009 
5878 2010 5047 2013 
5879 2051 5047 2010 
5880 2014 2023 2022 
5881 2051 5117 5047 
5882 2081 2604 2281 
5883 2095 4906 2137 
5884 2135 5152 2110 
5885 2112 4949 2214 
5886 2115 2116 2114 
5887 2921 4895 2119 
5888 2132 2133 2131 
5889 4948 5308 2204 
5890 2284 2322 2272 
5891 2388 3709 2338 
5892 2424 2711 2592 
5893 2544 2967 2692 
5894 2655 4956 4834 
5895 2680 2682 2681 
5896 2711 3052 2712 
5897 2876 3617 2859 
5898 2922 2924 2923 
5899 2953 4777 2955 
5900 2958 2959 2956 
5901 2962 5148 2960 
5902 3028 3030 3029 
5903 3035 4355 3708 
5904 3451 5081 4916 
5905 4751 4752 4750 
5906 4786 4791 4787 
5907 259 264 263 
5908 343 344 342 
5909 354 378 356 
5910 373 444 443 
5911 760 761 759 
5912 776 777 771 
5913 777 779 778 
5914 1323 4836 896 
5915 936 4887 897 
5916 1284 2028 1285 
5917 2215 4778 1587 
5918 1637 1639 1638 
5919 1690 1693 1692 
5920 1859 1861 1860 
5921 1895 4951 1898 
5922 4951 5122 1898 
5923 1939 1944 1943 
5924 1945 1946 1943 
5925 1949 1950 1948 
5926 1960 1966 1959 
5927 2000 2151 2150 
5928 2032 2033 2031 
5929 2067 2546 2070 
5930 2081 2281 2080 
5931 2159 2160 2158 
5932 2195 2362 2193 
5933 2211 5111 4923 
5934 2530 2545 2226 
5935 2459 2655 2554 
5936 2501 2511 2498 
5937 2501 4826 2511 
5938 2564 2859 2627 
5939 2744 4975 2587 
5940 4799 4805 2643 
5941 2650 3526 3179 
5942 2851 3034 2719 
5943 4712 4714 2920 
5944 2943 4860 4842 
5945 3037 3039 2963 
5946 3077 3642 3131 
5947 3460 5178 3461 
5948 3722 3723 3721 
5949 4627 5367 4647 
5950 188 5038 166 
5951 293 295 294 
5952 460 490 486 
5953 758 759 757 
5954 760 762 761 
5955 799 800 792 
5956 800 4931 792 
5957 802 3006 804 
5958 804 806 805 
5959 806 887 807 
5960 860 1151 1150 
5961 1088 1089 1087 
5962 1286 1321 1288 
5963 1587 1590 1588 
5964 1612 1613 1610 
5965 1635 4747 1632 
5966 1667 1668 1666 
5967 1678 1681 1679 
5968 1690 1691 1688 
5969 1851 1852 1850 
5970 1863 2230 1865 
5971 1865 1866 1864 
5972 1867 2016 1869 
5973 1928 5086 1932 
5974 1939 1942 1938 
5975 1954 5109 4917 
5976 5043 5101 1970 
5977 1981 1982 1979 
5978 1991 1994 1993 
5979 2045 2158 2019 
5980 2023 2025 2024 
5981 2027 2030 2029 
5982 2078 5083 2918 
5983 2114 4895 2135 
5984 2149 2314 2313 
5985 2190 2191 2189 
5986 2207 5135 5087 
5987 3999 4000 2231 
5988 2390 2915 2753 
5989 5080 5141 2452 
5990 2460 2778 2756 
5991 3445 4738 2561 
5992 2575 5292 2802 
5993 2699 2700 2587 
5994 2667 2938 2665 
5995 2700 2745 2744 
5996 2718 2719 2710 
5997 4897 5139 2718 
5998 2756 3083 2916 
5999 3797 5022 2773 
6000 4915 4937 2925 
6001 2940 4913 4866 
6002 3444 3496 2942 
6003 3166 4898 2959 
6004 2961 2962 2960 
6005 2979 5220 4841 
6006 3000 3001 2989 
6007 3133 3801 3800 
6008 3443 4848 4709 
6009 3444 3497 3496 
6010 3460 3461 3459 
6011 3479 4874 4850 
6012 3945 3947 3946 
6013 5015 5150 5014 
6014 212 4997 90 
6015 193 5040 176 
6016 299 301 300 
6017 352 5173 354 
6018 354 355 353 
6019 375 383 382 
6020 513 3532 3531 
6021 517 521 520 
6022 1052 1058 1053 
6023 1284 1285 1283 
6024 3041 3042 1416 
6025 1463 3676 1464 
6026 1580 1583 1581 
6027 1663 1664 1662 
6028 1667 1669 1668 
6029 1842 1843 1840 
6030 2543 5061 1879 
6031 1895 1896 1893 
6032 1971 5124 1945 
6033 1956 1959 1955 
6034 1974 5089 1969 
6035 2090 2365 2088 
6036 2089 4906 2091 
6037 2205 4936 4880 
6038 4757 4760 2210 
6039 3911 3912 2267 
6040 2273 2463 2442 
6041 2615 4990 2322 
6042 2458 5166 2459 
6043 2524 2601 2525 
6044 2874 3051 2553 
6045 2603 2784 2601 
6046 2634 2636 2635 
6047 2655 4834 2656 
6048 2662 2663 2661 
6049 5108 5254 2662 
6050 2672 2674 2673 
6051 2699 4968 2700 
6052 3443 3444 2942 
6053 2951 2953 2952 
6054 2953 2955 2954 
6055 4749 4750 3006 
6056 3014 3518 3517 
6057 3119 4034 3120 
6058 3133 3802 3801 
6059 3305 4907 3315 
6060 3332 3604 3320 
6061 3760 4846 3763 
6062 477 479 478 
6063 477 5123 491 
6064 489 515 488 
6065 762 763 761 
6066 770 771 763 
6067 793 801 799 
6068 888 1299 1287 
6069 1045 1048 1047 
6070 1187 1190 1186 
6071 1321 1334 1333 
6072 1717 1718 1716 
6073 1721 1723 1720 
6074 1892 1893 1891 
6075 1895 1897 1896 
6076 1897 1952 1896 
6077 2159 2445 2438 
6078 2566 4980 4428 
6079 2895 4692 3874 
6080 2980 5163 2996 
6081 3119 4035 4034 
6082 3491 5135 3492 
6083 3763 4846 3767 
6084 4822 5042 4967 
6085 4931 5271 5181 
6086 5057 5096 4970 
6087 367 368 366 
6088 444 463 462 
6089 464 466 465 
6090 523 524 510 
6091 524 526 525 
6092 525 4878 4877 
6093 770 776 771 
6094 806 807 805 
6095 808 896 809 
6096 1463 3677 3676 
6097 1577 2208 1575 
6098 1576 1578 1577 
6099 1578 1580 1579 
6100 1580 1595 1583 
6101 2082 4857 1584 
6102 1593 1597 1594 
6103 1611 1614 1612 
6104 1621 1645 1622 
6105 1823 2267 2266 
6106 2076 5162 1855 
6107 1864 1962 1862 
6108 1875 2000 1877 
6109 4935 4941 1899 
6110 1902 4958 1903 
6111 1941 5163 5116 
6112 1944 1945 1943 
6113 1945 1947 1946 
6114 1968 2541 1974 
6115 1999 2062 2061 
6116 2013 5095 2014 
6117 2054 4746 2055 
6118 2084 5129 5120 
6119 2438 2439 2160 
6120 2177 4960 2175 
6121 2199 5044 2197 
6122 2652 2653 2216 
6123 2233 2599 2234 
6124 2600 2894 2234 
6125 2658 2659 2247 
6126 2322 4990 2272 
6127 2317 2693 2366 
6128 2344 2346 2345 
6129 2695 4945 2366 
6130 2565 5068 2440 
6131 2538 4920 2535 
6132 2541 2911 2907 
6133 2554 2874 2553 
6134 2659 2662 2661 
6135 2695 5085 4945 
6136 2700 4968 2746 
6137 2710 3537 2709 
6138 2752 3510 3509 
6139 4767 4871 2926 
6140 2940 4818 2941 
6141 2940 4866 4818 
6142 2941 3443 2942 
6143 2966 4948 4768 
6144 2969 4874 3479 
6145 3035 3708 3177 
6146 3443 4709 3444 
6147 3443 4982 4848 
6148 4935 4940 3480 
6149 3481 5101 5043 
6150 3492 5129 4950 
6151 3677 3679 3678 
6152 3802 3804 3803 
6153 4942 4969 4940 
6154 4976 5127 4960 
6155 4987 5221 5209 
6156 85 216 84 
6157 86 5034 85 
6158 87 207 86 
6159 207 5034 86 
6160 89 194 88 
6161 91 212 90 
6162 93 198 92 
6163 95 5035 94 
6164 96 189 95 
6165 97 5000 96 
6166 99 187 98 
6167 100 5001 99 
6168 102 199 101 
6169 104 213 103 
6170 105 5002 104 
6171 106 218 105 
6172 218 5002 105 
6173 108 217 107 
6174 110 208 109 
6175 111 5003 110 
6176 112 195 111 
6177 195 5003 111 
6178 113 5004 112 
6179 114 5005 113 
6180 115 209 114 
6181 209 5005 114 
6182 116 5006 115 
6183 117 196 116 
6184 196 5006 116 
6185 119 214 118 
6186 160 219 159 
6187 161 5037 160 
6188 162 210 161 
6189 210 5037 161 
6190 164 200 163 
6191 167 188 166 
6192 170 190 169 
6193 173 197 172 
6194 174 5008 173 
6195 175 211 174 
6196 211 5008 174 
6197 177 193 176 
6198 178 5010 177 
6199 179 215 178 
6200 215 5010 178 
6201 5008 5009 197 
6202 355 357 353 
6203 371 372 370 
6204 372 375 374 
6205 378 4724 1803 
6206 1812 2338 379 
6207 479 480 478 
6208 480 482 481 
6209 483 495 482 
6210 806 889 887 
6211 888 1353 1299 
6212 951 1286 952 
6213 1268 1298 1269 
6214 1359 1463 1450 
6215 3117 5203 1450 
6216 2227 5158 1611 
6217 1669 1671 1670 
6218 1887 2893 2543 
6219 2161 2694 1894 
6220 1899 4941 1897 
6221 1898 1900 1899 
6222 4952 4953 1935 
6223 1947 1949 1948 
6224 1978 2012 1976 
6225 1981 1984 1983 
6226 2083 2325 2012 
6227 2025 2027 2026 
6228 2025 4985 2049 
6229 2089 2091 2090 
6230 2108 2449 2106 
6231 2120 2125 2119 
6232 2440 2441 2124 
6233 2125 2922 2921 
6234 2130 2131 2128 
6235 2170 4955 2167 
6236 2173 5056 2544 
6237 2691 4973 2178 
6238 2188 2206 2190 
6239 2197 5189 2195 
6240 2312 5177 4946 
6241 2561 2820 2325 
6242 2567 2569 2385 
6243 2460 3630 2778 
6244 2539 4890 2699 
6245 2541 5100 3481 
6246 2564 2876 2859 
6247 2730 2751 2582 
6248 2600 4739 2894 
6249 2674 2676 2675 
6250 3034 4971 2719 
6251 5063 5119 2945 
6252 2989 4108 2962 
6253 5056 5097 2967 
6254 3096 5018 5016 
6255 3455 4962 3452 
6256 3454 3464 3456 
6257 3457 4976 3455 
6258 355 358 357 
6259 367 369 368 
6260 369 370 368 
6261 378 1803 379 
6262 506 507 505 
6263 527 5190 529 
6264 779 860 859 
6265 779 4676 860 
6266 781 793 792 
6267 951 952 950 
6268 1299 1358 1287 
6269 1333 1421 1288 
6270 4685 5211 1421 
6271 1574 1576 1575 
6272 1583 1585 1584 
6273 1649 1650 1647 
6274 1658 1659 1656 
6275 1823 2266 1777 
6276 1887 2990 2893 
6277 1895 1898 1897 
6278 1952 2216 1896 
6279 1916 4917 2162 
6280 4953 5063 1935 
6281 2941 2942 1971 
6282 1978 2083 2012 
6283 1981 5121 1984 
6284 2094 2102 2092 
6285 2112 2124 2101 
6286 2103 2104 2102 
6287 2107 2108 2106 
6288 2107 5051 2111 
6289 2214 2440 2124 
6290 2129 2130 2128 
6291 2131 5180 2128 
6292 2130 2132 2131 
6293 2145 4923 2977 
6294 2156 5064 2153 
6295 2169 2170 2167 
6296 2171 2172 2170 
6297 2170 5053 4955 
6298 2178 4973 2179 
6299 2544 2691 2178 
6300 2450 5067 2182 
6301 2184 4936 2205 
6302 2186 2187 2185 
6303 2192 2193 2191 
6304 2196 2197 2195 
6305 2198 2199 2197 
6306 2200 2202 2199 
6307 2213 3487 2212 
6308 2363 3511 2892 
6309 2564 2627 2387 
6310 2424 2592 2591 
6311 2440 5068 2441 
6312 2537 3451 2534 
6313 2544 5056 2967 
6314 2968 2969 2657 
6315 2980 2996 2697 
6316 2702 2985 2703 
6317 2746 2747 2745 
6318 2919 4953 4952 
6319 2936 4928 4906 
6320 4875 5063 2945 
6321 2976 4732 4731 
6322 2998 5225 2999 
6323 3454 3455 3452 
6324 3458 3459 3457 
6325 3806 3807 3805 
6326 4676 5271 4994 
6327 4845 5179 4915 
6328 85 5034 216 
6329 94 5035 4999 
6330 96 5000 189 
6331 99 5001 187 
6332 104 5002 213 
6333 110 5003 208 
6334 112 5004 195 
6335 113 5005 5004 
6336 115 5006 209 
6337 160 5037 219 
6338 165 5038 5007 
6339 173 5008 197 
6340 177 5010 193 
6341 358 359 357 
6342 362 363 361 
6343 464 465 463 
6344 1585 1587 1586 
6345 1597 1599 1598 
6346 1618 1621 1619 
6347 1700 2555 1702 
6348 1863 1865 1864 
6349 1865 1867 1866 
6350 1961 2972 1888 
6351 1892 1894 1893 
6352 2207 4959 1911 
6353 1919 1935 1921 
6354 1921 4972 1924 
6355 1925 2084 1923 
6356 5086 5132 1932 
6357 1934 1937 1936 
6358 1939 1943 1942 
6359 1945 5124 1947 
6360 1988 2074 1986 
6361 1987 1990 1989 
6362 5025 5145 2000 
6363 2030 2031 2029 
6364 2135 4895 4879 
6365 2149 2315 2314 
6366 2161 4957 4924 
6367 2239 2707 2275 
6368 2301 2302 2299 
6369 2344 2345 2342 
6370 2361 2648 2359 
6371 2362 4911 4909 
6372 2693 2695 2366 
6373 2505 2506 2503 
6374 2912 4826 2507 
6375 2513 2514 2510 
6376 2515 4770 2513 
6377 2513 4770 2516 
6378 2520 2762 2522 
6379 2522 2524 2523 
6380 2586 2773 2538 
6381 2654 3480 3450 
6382 2884 5363 2677 
6383 3483 3494 2694 
6384 2965 4950 2698 
6385 2753 4809 2752 
6386 3132 3432 2753 
6387 2851 3035 3034 
6388 2900 3062 2902 
6389 4827 5289 2925 
6390 2955 2956 2954 
6391 2988 2989 2962 
6392 5136 5177 2978 
6393 3462 5127 3459 
6394 4956 5166 3490 
6395 4013 4396 4012 
6396 4940 4984 4942 
6397 5013 5014 4944 
6398 263 277 262 
6399 376 4912 363 
6400 369 371 370 
6401 758 760 759 
6402 760 786 762 
6403 1287 5012 807 
6404 1081 1083 1082 
6405 1130 1132 1131 
6406 2047 2231 1285 
6407 1592 4926 1588 
6408 1609 1611 1610 
6409 1614 1616 1615 
6410 1833 1834 1831 
6411 1912 1914 1913 
6412 1923 5120 1920 
6413 1931 5028 2087 
6414 1932 1934 1933 
6415 1935 5063 4972 
6416 1949 1951 1950 
6417 1951 1956 1955 
6418 1968 1969 1967 
6419 2016 5266 5255 
6420 2023 4985 2025 
6421 2032 4967 2040 
6422 2091 2095 2093 
6423 2095 2097 2096 
6424 2097 2099 2098 
6425 2099 2101 2100 
6426 2113 2114 2110 
6427 2139 2140 2138 
6428 2145 2212 2142 
6429 2145 2213 2212 
6430 2151 2152 2150 
6431 2153 2154 2152 
6432 2164 2165 2163 
6433 2167 4955 2165 
6434 2173 2178 2174 
6435 2181 2183 2182 
6436 2304 2369 2306 
6437 2315 2316 2314 
6438 2387 3119 2386 
6439 2445 2590 2438 
6440 2439 2710 2709 
6441 2554 5076 2874 
6442 2973 5197 2670 
6443 2896 5215 3739 
6444 3951 4828 2952 
6445 2955 2957 2956 
6446 2957 5209 2958 
6447 2960 3165 2959 
6448 2961 3485 2988 
6449 2984 5147 2972 
6450 3512 3513 2986 
6451 3766 3842 3764 
6452 3767 4130 3799 
6453 4580 4581 4579 
6454 4787 4788 4785 
6455 4953 5119 5063 
6456 5069 5071 5070 
6457 5090 5195 5089 
6458 212 4998 4997 
6459 274 327 326 
6460 295 297 296 
6461 345 346 344 
6462 358 360 359 
6463 360 361 359 
6464 360 362 361 
6465 362 364 363 
6466 364 366 363 
6467 364 367 366 
6468 468 469 467 
6469 468 470 469 
6470 472 473 471 
6471 476 488 474 
6472 481 5128 478 
6473 486 1429 485 
6474 496 4821 495 
6475 761 852 759 
6476 777 778 771 
6477 802 803 801 
6478 888 1287 807 
6479 2075 4995 1594 
6480 1642 4710 1616 
6481 1626 1630 1628 
6482 1669 1670 1668 
6483 1885 1888 1886 
6484 1894 4951 1895 
6485 1931 2086 1908 
6486 1910 1911 1909 
6487 1927 5116 1925 
6488 1929 1941 1927 
6489 1928 1932 1930 
6490 1944 4913 2940 
6491 1983 4869 1982 
6492 1985 1986 1983 
6493 2064 2233 2063 
6494 2068 2069 2066 
6495 2936 4906 2089 
6496 2100 2126 2098 
6497 2099 2112 2101 
6498 2148 2211 2146 
6499 2919 4952 2163 
6500 2184 2186 2185 
6501 2188 2190 2189 
6502 2221 2222 2203 
6503 2708 2963 2248 
6504 2734 5267 2360 
6505 2539 2699 2587 
6506 2599 2811 2600 
6507 2811 5276 3087 
6508 2946 4876 4875 
6509 3087 5724 3086 
6510 3179 5243 3991 
6511 3410 3411 3408 
6512 3416 4599 3411 
6513 5014 5149 5079 
6514 371 438 372 
6515 449 4726 429 
6516 762 770 763 
6517 779 859 778 
6518 1049 1052 1051 
6519 1151 1153 1152 
6520 2028 2047 1285 
6521 1286 1322 1321 
6522 1334 1415 1335 
6523 1415 3040 1416 
6524 1576 2210 1578 
6525 1578 5191 1580 
6526 1581 1582 1579 
6527 1599 1601 1600 
6528 1646 1649 1647 
6529 1656 4722 2368 
6530 1659 5311 4722 
6531 1867 1868 1866 
6532 1867 1869 1868 
6533 1870 1873 1872 
6534 1883 1884 1882 
6535 1957 2138 1902 
6536 1903 1906 1905 
6537 1914 1915 1913 
6538 1914 1916 1915 
6539 1916 1918 1917 
6540 2162 2163 1918 
6541 1937 1939 1938 
6542 2025 2026 2024 
6543 2312 4946 2024 
6544 2026 5055 2312 
6545 2047 2468 2231 
6546 2087 2088 2086 
6547 2123 4927 2100 
6548 2140 2935 2138 
6549 2154 5064 2995 
6550 2157 2247 2246 
6551 2165 2919 2163 
6552 2174 4916 2168 
6553 4916 5081 2169 
6554 2175 2180 2176 
6555 2182 5067 2176 
6556 2201 2450 2182 
6557 2364 4888 2189 
6558 3489 5045 2212 
6559 2213 3488 3487 
6560 2249 2374 2250 
6561 2272 4990 2597 
6562 2367 2458 2457 
6563 2451 2688 2450 
6564 2688 2970 2450 
6565 2451 2690 2689 
6566 2495 2496 2494 
6567 2536 4890 2539 
6568 2663 2917 2661 
6569 2664 2666 2665 
6570 2668 2973 2670 
6571 5021 5170 2692 
6572 3322 5125 2739 
6573 3430 3613 2751 
6574 2998 2999 2779 
6575 2874 3538 3051 
6576 2886 5333 4891 
6577 2946 4921 4876 
6578 3478 4929 3491 
6579 3486 5321 5306 
6580 4582 4583 4578 
6581 4692 5186 4887 
6582 4861 5152 5114 
6583 4930 4949 4914 
6584 5340 5341 5339 
6585 90 4997 89 
6586 94 4999 93 
6587 101 5036 100 
6588 165 5007 164 
6589 176 5040 175 
6590 755 757 756 
6591 1052 1053 1051 
6592 1133 1176 1154 
6593 1414 5201 1151 
6594 1321 1333 1288 
6595 1359 1449 1358 
6596 1696 1698 1697 
6597 2073 4776 1858 
6598 1888 4957 1889 
6599 1889 1892 1891 
6600 1906 1907 1905 
6601 1934 5132 2085 
6602 1956 5101 5100 
6603 1966 2927 2020 
6604 1969 1972 1967 
6605 1969 1973 1972 
6606 1988 2077 2074 
6607 2011 5029 2009 
6608 2038 4586 2056 
6609 2461 2486 2048 
6610 2105 2107 2106 
6611 2109 2113 2110 
6612 2113 2115 2114 
6613 4906 4928 2137 
6614 2137 4930 4914 
6615 2143 2145 2142 
6616 2246 2248 2156 
6617 4960 4961 2180 
6618 2448 5103 2185 
6619 2190 2192 2191 
6620 2195 5189 2362 
6621 2196 2198 2197 
6622 2255 5273 5241 
6623 2756 2916 2292 
6624 2341 2342 2311 
6625 4606 4974 2345 
6626 2363 4870 3511 
6627 2591 3075 2423 
6628 2454 2697 2453 
6629 2522 2523 2521 
6630 2576 5292 2575 
6631 2575 2802 2579 
6632 2739 3077 2590 
6633 2679 2884 2677 
6634 2678 2680 2679 
6635 3095 3797 2773 
6636 2773 5022 4920 
6637 2883 4579 3435 
6638 3011 4661 2913 
6639 2964 4930 3478 
6640 2978 3323 3322 
6641 3323 5133 3722 
6642 3449 4699 3448 
6643 5022 5155 3453 
6644 3456 3458 3457 
6645 3481 5043 3482 
6646 5209 5221 3485 
6647 3806 4707 3807 
6648 4008 4009 4007 
6649 4700 4701 4699 
6650 4801 4802 4800 
6651 4973 5084 4890 
6652 5096 5135 4970 
6653 432 445 431 
6654 5093 5303 448 
6655 860 1150 859 
6656 1188 2779 1189 
6657 1574 1575 1573 
6658 1646 4677 1649 
6659 2979 4840 1869 
6660 1873 1875 1874 
6661 1875 1877 1876 
6662 1878 1881 1880 
6663 1892 4957 2161 
6664 1898 1899 1897 
6665 1900 1901 1899 
6666 1938 1940 1936 
6667 1949 1970 1951 
6668 1973 1977 1976 
6669 1984 2226 1985 
6670 2010 2011 2009 
6671 2014 2022 2019 
6672 2023 2024 2022 
6673 2040 4967 2044 
6674 2079 5026 2559 
6675 2365 4942 2088 
6676 2102 5020 2092 
6677 2104 2943 2102 
6678 2133 5110 2131 
6679 2141 5080 2144 
6680 2144 2146 2143 
6681 2149 5153 2315 
6682 2179 2534 2174 
6683 2179 4973 2536 
6684 2184 2205 2186 
6685 2295 2297 2293 
6686 2735 2736 2442 
6687 2970 5067 2450 
6688 2451 2689 2688 
6689 2463 2929 2767 
6690 2536 2538 2535 
6691 2541 3481 2911 
6692 2680 2681 2679 
6693 2684 2686 2685 
6694 2945 5119 2688 
6695 2987 5021 2692 
6696 3494 5112 2694 
6697 3304 3305 2736 
6698 2909 4756 4755 
6699 2929 2931 2930 
6700 2931 2933 2932 
6701 2949 2950 2948 
6702 2951 2952 2950 
6703 3484 5220 2979 
6704 3033 3533 3031 
6705 3331 3332 3320 
6706 4962 5081 3451 
6707 4742 5223 4947 
6708 4870 4974 4891 
6709 489 4894 517 
6710 509 3436 523 
6711 524 525 510 
6712 1133 1154 1134 
6713 1450 5203 1449 
6714 1464 3117 1450 
6715 1601 1604 1602 
6716 1608 4838 1606 
6717 1829 1833 1831 
6718 1975 2532 1871 
6719 1880 1887 1879 
6720 1926 5086 1928 
6721 1928 1930 1929 
6722 1984 5121 2530 
6723 2005 3446 1992 
6724 2084 5137 5129 
6725 2118 2121 2120 
6726 2122 4845 2120 
6727 2129 2389 2130 
6728 2165 4955 2919 
6729 2192 2194 2193 
6730 2200 2203 2202 
6731 2214 2453 2440 
6732 2271 2272 2270 
6733 2323 2385 2322 
6734 2346 2354 2345 
6735 2444 4864 2361 
6736 2366 4945 2367 
6737 3464 5033 3456 
6738 4809 4810 3510 
6739 2991 5280 479 
6740 1130 1133 1132 
6741 1153 1186 1152 
6742 1449 2783 1358 
6743 2244 5260 1605 
6744 1661 1662 1659 
6745 1873 1874 1872 
6746 1875 1876 1874 
6747 1879 5061 1876 
6748 1907 1909 1908 
6749 1912 1913 1911 
6750 1918 1919 1917 
6751 1919 1921 1920 
6752 1925 5116 2084 
6753 1941 5116 1927 
6754 1952 2654 2652 
6755 1991 1992 1989 
6756 2087 2936 2089 
6757 2090 5020 2365 
6758 2137 4914 2097 
6759 2136 5051 2105 
6760 2117 2118 2116 
6761 2121 2122 2120 
6762 2310 2311 2134 
6763 2144 2147 2146 
6764 2439 2709 2160 
6765 2709 4977 2160 
6766 2161 4924 3483 
6767 2164 5056 2166 
6768 2172 5067 5053 
6769 2534 4916 2174 
6770 2180 2181 2176 
6771 2183 5103 2201 
6772 2214 4949 2454 
6773 2253 2564 2387 
6774 2271 2285 2284 
6775 2317 2318 2316 
6776 2385 2615 2322 
6777 2367 2457 2456 
6778 2533 2885 2532 
6779 2591 5318 3134 
6780 3012 5404 2687 
6781 2689 2945 2688 
6782 3305 3313 2736 
6783 3874 4376 2896 
6784 2958 2961 2960 
6785 4108 5148 2962 
6786 5111 5118 2977 
6787 3539 3595 3001 
6788 4610 5444 3024 
6789 3319 4989 3331 
6790 3439 4680 4612 
6791 3947 3948 3946 
6792 4801 4803 4802 
6793 4968 5198 4896 
6794 5028 5087 4929 
6795 5338 5340 5339 
6796 473 475 474 
6797 1083 1084 1082 
6798 1154 1155 1134 
6799 1156 1157 1155 
6800 1626 1628 1627 
6801 1673 4616 4615 
6802 2563 5164 1813 
6803 1884 5050 2204 
6804 2084 5120 1923 
6805 1924 1926 1925 
6806 1931 2087 2086 
6807 1981 1983 1982 
6808 5330 5354 1999 
6809 4946 5136 2045 
6810 2877 3911 2267 
6811 2305 2307 2303 
6812 2969 3479 2657 
6813 4770 5031 2771 
6814 3399 3830 2800 
6815 2903 3930 2905 
6816 2924 2926 2923 
6817 3513 3514 2986 
6818 3465 3469 3466 
6819 3767 3799 3765 
6820 4010 4012 4009 
6821 5112 5122 4951 
6822 527 528 526 
6823 776 780 777 
6824 1049 1050 1047 
6825 1151 1152 1150 
6826 1186 1191 1152 
6827 1284 5186 2028 
6828 5217 5310 1320 
6829 1659 4722 1656 
6830 1853 4764 2076 
6831 1881 1882 1880 
6832 1888 1889 1886 
6833 2163 4952 1918 
6834 1932 1933 1930 
6835 1957 2974 2139 
6836 2079 2081 2080 
6837 2088 4942 2086 
6838 2092 5020 2090 
6839 2142 5045 2140 
6840 2141 2144 2143 
6841 2147 2149 2148 
6842 2452 5153 2147 
6843 2166 2173 2168 
6844 2171 5081 2177 
6845 2175 2176 2172 
6846 2179 2536 2535 
6847 2184 2185 2183 
6848 2653 2939 2216 
6849 2357 4901 2649 
6850 2453 2565 2440 
6851 2445 2739 2590 
6852 2454 2964 2698 
6853 2533 2886 2885 
6854 2539 2587 2586 
6855 4638 5098 2543 
6856 2689 4988 2946 
6857 2691 5170 5084 
6858 2862 4186 4100 
6859 3086 4593 2891 
6860 2915 3133 3132 
6861 3452 4962 3451 
6862 3461 3463 3462 
6863 3487 5021 3489 
6864 3802 3803 3801 
6865 3804 3805 3803 
6866 804 805 803 
6867 1150 1158 859 
6868 1078 1079 1077 
6869 4934 5367 1761 
6870 1825 4779 2527 
6871 1830 4693 2058 
6872 1849 2004 1851 
6873 1859 2017 1861 
6874 1894 1895 1893 
6875 4958 5013 1906 
6876 4944 5079 1910 
6877 1916 1917 1915 
6878 1935 4972 1921 
6879 2942 5124 1971 
6880 2007 5253 3036 
6881 2026 2312 2024 
6882 2127 2129 2128 
6883 2363 2528 2133 
6884 2154 2657 2152 
6885 2154 2968 2657 
6886 2294 2296 2295 
6887 2311 4974 4870 
6888 2318 5054 2316 
6889 2655 2656 2554 
6890 2654 3450 2937 
6891 2978 3322 2739 
6892 2831 3426 2851 
6893 2905 2906 2904 
6894 2926 4871 2928 
6895 2966 4767 2926 
6896 2939 5157 5059 
6897 3496 5124 2942 
6898 3492 4950 2965 
6899 5112 5141 2974 
6900 2988 3000 2989 
6901 3019 3539 3001 
6902 3165 4263 3166 
6903 3323 3721 3322 
6904 3445 5126 5049 
6905 3450 4859 4842 
6906 3469 3471 3470 
6907 5047 5117 3485 
6908 4580 5431 5426 
6909 4959 5087 5028 
6910 266 268 267 
6911 268 271 270 
6912 3025 5324 272 
6913 528 530 526 
6914 799 808 800 
6915 1076 1078 1077 
6916 1358 5143 1287 
6917 1763 2235 1685 
6918 1877 1878 1876 
6919 1885 1886 1884 
6920 1960 1968 1967 
6921 1960 5100 1968 
6922 1968 1974 1969 
6923 4922 5102 2044 
6924 2196 2219 2198 
6925 2202 2651 2199 
6926 2310 2341 2311 
6927 2315 4872 2317 
6928 2323 5046 2568 
6929 2543 5098 5061 
6930 3003 4634 2683 
6931 4968 5118 2746 
6932 2831 4373 3426 
6933 2911 3442 2907 
6934 3450 4842 2937 
6935 2975 4963 4819 
6936 3315 3316 3314 
6937 3317 3318 3316 
6938 3319 3320 3318 
6939 3759 3760 3605 
6940 3760 3762 3761 
6941 3763 3764 3762 
6942 3765 3766 3764 
6943 3844 3981 3843 
6944 5069 5070 5068 
6945 334 335 325 
6946 1164 1166 1165 
6947 1166 1167 1165 
6948 1627 1761 1625 
6949 1661 1665 1663 
6950 2972 4957 1888 
6951 2216 5059 1896 
6952 1900 5122 1957 
6953 2138 4958 1902 
6954 1903 1905 1904 
6955 1913 4970 2207 
6956 2077 2078 2074 
6957 2129 2390 2389 
6958 2266 2271 2270 
6959 2294 2298 2296 
6960 2964 3478 2965 
6961 5021 5150 3489 
6962 4888 5259 4709 
6963 5014 5079 4944 
6964 4954 5119 4953 
6965 89 4997 194 
6966 93 4999 198 
6967 100 5036 5001 
6968 164 5007 200 
6969 175 5040 211 
6970 284 286 281 
6971 466 468 467 
6972 472 5123 473 
6973 479 5280 480 
6974 2881 3495 492 
6975 1187 4835 1190 
6976 1464 4793 3573 
6977 1576 1577 1575 
6978 1585 1586 1584 
6979 1587 1588 1586 
6980 1611 1612 1610 
6981 4747 4934 1629 
6982 1838 1840 1839 
6983 1905 4984 1904 
6984 1926 1928 1927 
6985 2040 2041 2033 
6986 2042 2043 2041 
6987 2078 2918 2074 
6988 2077 5026 2079 
6989 2132 2310 2134 
6990 2159 2438 2160 
6991 2177 5081 4962 
6992 2217 4919 4918 
6993 2255 5218 5055 
6994 2497 2500 2498 
6995 2514 5382 2644 
6996 2520 2522 2521 
6997 2577 2580 2578 
6998 2682 2683 2681 
6999 2705 3498 2706 
7000 2978 5177 3323 
7001 4698 4737 3806 
7002 4758 4760 4757 
7003 447 5320 460 
7004 781 792 780 
7005 803 5171 801 
7006 2853 3405 1430 
7007 1604 1606 1605 
7008 1878 1880 1879 
7009 2083 2561 2325 
7010 2315 5153 4872 
7011 5141 5154 2452 
7012 2741 3813 2486 
7013 2508 2645 2507 
7014 4989 5167 3331 
7015 3454 5155 3464 
7016 3466 4925 4899 
7017 3471 3472 3470 
7018 5015 5045 3489 
7019 5096 5129 3492 
7020 3506 3525 3507 
7021 294 307 292 
7022 430 432 431 
7023 462 484 443 
7024 520 5231 1448 
7025 3027 3516 522 
7026 757 764 756 
7027 1154 1156 1155 
7028 1188 2998 2779 
7029 2783 5143 1358 
7030 1705 1716 1703 
7031 5089 5195 1973 
7032 1987 1989 1988 
7033 2545 2982 2226 
7034 2240 2241 2237 
7035 2253 2387 2386 
7036 2358 2360 2359 
7037 2443 2470 2444 
7038 2471 2647 2646 
7039 2601 5245 2602 
7040 2636 2638 2637 
7041 2701 5207 4706 
7042 2811 3086 2891 
7043 2895 3874 2896 
7044 2983 3693 2982 
7045 3492 5135 5096 
7046 4824 5335 3498 
7047 4759 4766 4758 
7048 466 467 465 
7049 490 3016 1465 
7050 1047 5234 1046 
7051 1609 1610 1607 
7052 1614 1615 1612 
7053 1689 5396 1690 
7054 1829 1831 1830 
7055 1838 1839 1836 
7056 1839 5223 4742 
7057 1853 2076 1855 
7058 1855 1856 1854 
7059 1860 2073 1858 
7060 1934 1936 1933 
7061 1944 2940 1971 
7062 5174 5227 1970 
7063 2004 4832 4831 
7064 2079 2559 2081 
7065 2109 2110 2108 
7066 2248 5064 2156 
7067 2162 5097 2164 
7068 2188 2189 2187 
7069 2272 2597 2270 
7070 2284 2323 2322 
7071 2284 5046 2323 
7072 2304 2306 2305 
7073 2305 5327 2307 
7074 2366 2367 2318 
7075 2458 2459 2457 
7076 2656 5076 2554 
7077 4990 5041 2597 
7078 3499 3500 2706 
7079 2739 5125 3077 
7080 2746 5118 3493 
7081 2928 5115 5114 
7082 2990 4827 2997 
7083 4929 5087 3491 
7084 4917 5109 5097 
7085 4924 5147 5146 
7086 5224 5253 4977 
7087 339 342 255 
7088 289 4595 291 
7089 450 451 440 
7090 2934 5060 898 
7091 1582 5151 5024 
7092 1617 4811 2531 
7093 1676 1678 1677 
7094 1707 1708 1706 
7095 1898 5122 1900 
7096 5029 5253 2009 
7097 2161 3483 2694 
7098 2175 4960 2180 
7099 2187 2448 2185 
7100 2354 4606 2345 
7101 2449 5152 4861 
7102 2632 5295 2525 
7103 2885 3449 3448 
7104 3321 4989 3319 
7105 3405 3407 3406 
7106 3407 3409 3408 
7107 4771 5031 4770 
7108 256 5196 259 
7109 301 306 305 
7110 480 483 482 
7111 517 3441 521 
7112 776 781 780 
7113 1052 1074 1058 
7114 1151 5201 1153 
7115 1415 3047 3040 
7116 2346 2356 2355 
7117 2436 2617 2598 
7118 2591 3134 3075 
7119 5085 5147 2984 
7120 3489 5150 5015 
7121 3521 3522 3520 
7122 4668 4672 4671 
7123 385 388 383 
7124 508 1462 507 
7125 1165 1325 1062 
7126 1463 1464 1450 
7127 1774 4769 2072 
7128 1859 5161 2017 
7129 1893 5059 1891 
7130 2050 2054 2046 
7131 2486 5138 2048 
7132 2079 2080 2078 
7133 2121 2217 2127 
7134 2599 2600 2234 
7135 2281 5233 2460 
7136 2343 2344 2342 
7137 2360 2361 2359 
7138 2558 4943 2470 
7139 2514 2644 2510 
7140 2640 2641 2639 
7141 3331 5167 4837 
7142 3726 4007 3725 
7143 3769 5027 3761 
7144 363 4912 361 
7145 369 377 371 
7146 375 382 374 
7147 515 5282 488 
7148 3441 3960 521 
7149 1048 1049 1047 
7150 1578 1579 1577 
7151 1580 1581 1579 
7152 1583 1584 1581 
7153 1618 1619 1617 
7154 1621 1622 1619 
7155 1640 1722 1638 
7156 1827 1829 1828 
7157 1869 1870 1868 
7158 2150 4996 1877 
7159 1881 4996 4939 
7160 2232 2489 2488 
7161 2275 2293 2274 
7162 2428 2485 2430 
7163 2705 2706 2549 
7164 2592 5318 2591 
7165 2985 2986 2703 
7166 4822 5107 2951 
7167 3304 4907 3305 
7168 3317 3319 3318 
7169 3412 3416 3411 
7170 3449 4700 4699 
7171 5159 5362 3514 
7172 3901 3902 3900 
7173 4700 4702 4701 
7174 4845 5180 5179 
7175 289 291 290 
7176 344 3007 342 
7177 348 4966 452 
7178 352 354 353 
7179 378 379 356 
7180 358 455 360 
7181 1704 1707 1706 
7182 2908 5089 1974 
7183 2118 2120 2119 
7184 2132 2134 2133 
7185 2249 2529 2374 
7186 2370 2550 2353 
7187 2430 2431 2429 
7188 2434 2435 2433 
7189 2695 5147 5085 
7190 2922 2925 2924 
7191 5336 5370 3008 
7192 3991 5424 3993 
7193 4851 4852 4687 
7194 301 310 306 
7195 346 5277 344 
7196 1803 1812 379 
7197 524 527 526 
7198 527 529 528 
7199 529 532 531 
7200 1086 1087 1084 
7201 2495 2497 2496 
7202 2658 5220 5108 
7203 2888 4636 3523 
7204 5269 5359 2899 
7205 2979 4841 4840 
7206 4555 4567 4554 
7207 370 5264 368 
7208 462 513 484 
7209 1448 3027 522 
7210 1156 1268 1157 
7211 1464 3573 3117 
7212 1689 1690 1688 
7213 1834 1836 1835 
7214 1857 5161 1859 
7215 1949 5174 1970 
7216 1954 5149 5109 
7217 4762 5305 2017 
7218 2155 2157 2156 
7219 2242 2277 2243 
7220 2255 5241 5218 
7221 2360 2443 2361 
7222 2752 3509 2389 
7223 3075 4886 2423 
7224 2445 5136 2978 
7225 2519 2643 2517 
7226 2530 5121 3005 
7227 2565 5069 5068 
7228 2602 2633 2632 
7229 2638 2640 2639 
7230 2882 2920 2646 
7231 2931 2947 2933 
7232 3019 3540 3539 
7233 3459 5127 3457 
7234 4809 5091 4810 
7235 254 493 339 
7236 3437 5123 472 
7237 1087 1163 1084 
7238 1593 1594 1591 
7239 1656 2368 1654 
7240 1815 2563 1813 
7241 2678 2679 2677 
7242 2880 4571 2881 
7243 3043 3046 3045 
7244 5227 5230 5043 
7245 5116 5163 5137 
7246 1287 5143 5012 
7247 5047 5221 2013 
7248 2282 5205 2041 
7249 2050 2253 2054 
7250 2545 2983 2982 
7251 3456 5033 3458 
7252 5057 5120 5096 
7253 5179 5180 5110 
7254 343 4966 345 
7255 350 351 349 
7256 5140 5353 451 
7257 1082 5307 1079 
7258 1133 5222 1176 
7259 1283 1320 1282 
7260 1590 1596 1593 
7261 1631 2229 1633 
7262 5158 5284 1642 
7263 2029 5055 2026 
7264 2463 2735 2442 
7265 2455 5457 5453 
7266 2505 5360 5183 
7267 2516 2518 2517 
7268 2712 2800 2592 
7269 2754 5358 4856 
7270 2932 3922 2930 
7271 2960 5148 3165 
7272 3485 5117 2988 
7273 3496 5174 5124 
7274 3724 5241 3726 
7275 4847 5065 4710 
7276 297 299 298 
7277 375 384 383 
7278 384 385 383 
7279 889 1413 951 
7280 1597 1598 1594 
7281 1777 4817 1776 
7282 1875 5025 2000 
7283 2232 3542 2489 
7284 2310 5228 2341 
7285 2500 2526 2502 
7286 2509 2515 2513 
7287 2666 2667 2665 
7288 2676 2677 2675 
7289 2801 3399 2800 
7290 2990 2997 2893 
7291 4964 5323 3038 
7292 3041 3043 3042 
7293 3179 3991 3990 
7294 280 281 278 
7295 490 1465 494 
7296 1812 5164 2388 
7297 2935 4958 2138 
7298 4376 5215 2896 
7299 4011 5263 4008 
7300 483 503 496 
7301 889 951 950 
7302 1130 5222 1133 
7303 1655 1656 1654 
7304 1720 1810 1718 
7305 1827 1828 1826 
7306 1830 2058 1832 
7307 2016 3484 2979 
7308 4000 5217 2231 
7309 2364 5259 4888 
7310 2500 2502 2501 
7311 2515 4772 4771 
7312 2549 3023 2548 
7313 2659 5108 2662 
7314 2908 5090 5089 
7315 2929 4922 2931 
7316 5137 5163 2980 
7317 3457 5127 4976 
7318 4870 4891 3511 
7319 4376 5216 5215 
7320 4592 4675 4613 
7321 4946 5177 5136 
7322 5129 5137 4950 
7323 5095 5221 4987 
7324 1674 1676 1675 
7325 1969 5089 1973 
7326 1973 5195 1977 
7327 3941 3942 3288 
7328 5100 5101 3481 
7329 259 262 258 
7330 267 275 265 
7331 280 284 281 
7332 1299 1359 1358 
7333 5248 5291 1413 
7334 1647 5349 3020 
7335 1847 1848 1846 
7336 1870 1871 1868 
7337 1912 5079 1954 
7338 2041 5205 2033 
7339 2042 2273 2043 
7340 5044 5189 2197 
7341 2651 5044 2199 
7342 2691 5084 4973 
7343 2711 3053 3052 
7344 3442 5134 2907 
7345 2924 2966 2926 
7346 5149 5150 2987 
7347 3519 3520 3518 
7348 470 511 472 
7349 480 481 478 
7350 1156 1357 1268 
7351 2016 5255 3484 
7352 2255 5055 2029 
7353 2030 2032 2031 
7354 2032 2040 2033 
7355 2040 2042 2041 
7356 2044 5102 2042 
7357 2509 2513 2510 
7358 3415 5343 3419 
7359 3497 5230 5227 
7360 4557 4558 4556 
7361 4642 4660 4643 
7362 4720 5347 4721 
7363 1286 5142 1322 
7364 1686 1688 1687 
7365 1977 5195 1980 
7366 2496 2512 2494 
7367 2645 3011 2913 
7368 3490 4843 2969 
7369 2013 5221 5095 
7370 2443 5267 2558 
7371 2516 2517 2514 
7372 4688 5267 2734 
7373 3435 4711 2882 
7374 2902 2903 2901 
7375 3016 5320 5302 
7376 5133 5218 3722 
7377 447 450 440 
7378 1590 1591 1588 
7379 1829 1830 1828 
7380 1960 1967 1966 
7381 2152 5199 2150 
7382 2645 2912 2507 
7383 2906 3014 3013 
7384 2974 5141 5080 
7385 4750 5291 3006 
7386 439 5093 448 
7387 1129 5222 1130 
7388 1134 4932 1272 
7389 4630 5373 1630 
7390 1982 5126 1979 
7391 2153 5064 2154 
7392 2705 3508 3498 
7393 2898 2899 2897 
7394 4871 5115 2928 
7395 2928 5114 4879 
7396 3722 3724 3723 
7397 4596 4598 4597 
7398 2880 2881 492 
7399 1156 5285 1357 
7400 1630 5350 1628 
7401 2099 4914 2112 
7402 2118 5113 2121 
7403 2157 2246 2156 
7404 2204 5308 5062 
7405 2423 4886 2250 
7406 3451 4916 2534 
7407 2897 5327 2579 
7408 2670 5197 2672 
7409 2711 4780 3053 
7410 3511 4723 2892 
7411 2949 4822 2951 
7412 5014 5150 5149 
7413 264 287 266 
7414 5231 5232 1448 
7415 1585 5072 2215 
7416 1694 1695 1692 
7417 1702 1703 1701 
7418 1970 5227 5043 
7419 2528 5110 2133 
7420 2443 2444 2361 
7421 2773 4920 2538 
7422 2913 4564 2914 
7423 3465 5178 3476 
7424 3493 5118 5111 
7425 3991 3993 3992 
7426 271 3025 272 
7427 1283 5217 1320 
7428 1666 5311 1662 
7429 1664 4649 1667 
7430 1674 1675 1672 
7431 1772 1823 1777 
7432 1886 5050 1884 
7433 2426 2427 2059 
7434 2157 5144 2658 
7435 2297 5229 4885 
7436 2327 2576 2575 
7437 2460 5233 3630 
7438 2668 2669 2667 
7439 3415 3418 3417 
7440 3960 3961 521 
7441 5205 5273 2033 
7442 2502 2505 2503 
7443 2686 2687 2685 
7444 3417 4575 4574 
7445 4745 5179 5110 
7446 5055 5133 2312 
7447 4677 5065 4847 
7448 513 514 484 
7449 1164 1165 1062 
7450 1285 5217 1283 
7451 1696 1697 1695 
7452 1704 1705 1703 
7453 1721 1724 1723 
7454 1856 1965 1854 
7455 5079 5149 1954 
7456 2267 5130 2266 
7457 2306 2327 2326 
7458 2523 5295 2642 
7459 2684 2685 2683 
7460 2730 3430 2751 
7461 4565 4566 2914 
7462 4734 5075 2944 
7463 3039 5262 2963 
7464 3533 4725 3031 
7465 5205 5263 4011 
7466 5144 5145 4841 
7467 1357 4993 1268 
7468 1320 5310 5225 
7469 2432 2855 2434 
7470 3410 3413 3412 
7471 3722 5218 3724 
7472 4784 4789 4782 
7473 1724 1725 1723 
7474 5225 5310 2999 
7475 4807 4808 4806 
7476 483 5280 503 
7477 1615 4823 1612 
7478 2236 2239 2238 
7479 2236 5387 2239 
7480 2491 2493 2492 
7481 3679 5986 3678 
7482 5055 5218 5133 
7483 513 4902 3532 
7484 3961 5231 521 
7485 1429 2853 1430 
7486 1637 1638 1636 
7487 2732 3099 2731 
7488 2925 5289 2924 
7489 2961 5209 3485 
7490 344 5277 3007 
7491 511 3437 472 
7492 1188 5201 2998 
7493 2711 2712 2592 
7494 2732 4601 3099 
7495 2900 2902 2901 
7496 2903 2905 2904 
7497 4564 4565 2914 
7498 5203 5204 3980 
7499 1413 5142 951 
7500 1449 5203 3980 
7501 1655 4717 1658 
7502 2304 5329 2369 
7503 2316 5054 2319 
7504 2346 5236 2356 
7505 4910 5259 2364 
7506 3096 4975 2744 
7507 2752 4809 3510 
7508 3003 4635 4634 
7509 3488 5170 3487 
7510 5302 5320 448 
7511 504 506 505 
7512 1046 5234 1164 
7513 1691 4609 4608 
7514 4775 5336 1841 
7515 2033 5273 2031 
7516 2031 5273 2255 
7517 2128 5180 2122 
7518 2604 5233 2281 
7519 2282 5263 5205 
7520 4945 5219 2458 
7521 2509 2510 2508 
7522 2508 5279 2645 
7523 2843 2897 2579 
7524 2583 3527 2730 
7525 2958 5209 2961 
7526 3461 5178 3465 
7527 3485 5221 5047 
7528 5241 5273 4011 
7529 4577 4582 4578 
7530 4698 5288 5113 
7531 4977 5253 5029 
7532 1700 1701 1699 
7533 1980 5256 5121 
7534 2047 5138 2468 
7535 3028 3029 3027 
7536 277 278 262 
7537 889 5248 1413 
7538 5195 5256 1980 
7539 2493 2495 2494 
7540 3041 3044 3043 
7541 3435 4713 4711 
7542 4742 4865 4741 
7543 5295 5365 4801 
7544 274 326 325 
7545 1131 4903 4697 
7546 1624 1626 1625 
7547 1698 1699 1697 
7548 2443 2558 2470 
7549 2647 2882 2646 
7550 3497 5227 3496 
7551 1604 1605 1602 
7552 1631 1633 1632 
7553 1662 5311 1659 
7554 2062 2065 2064 
7555 2982 5188 2226 
7556 2341 5228 2754 
7557 2361 4864 2648 
7558 2495 4796 2504 
7559 2802 2843 2579 
7560 2909 4762 4756 
7561 1652 1654 1650 
7562 2132 5202 2310 
7563 2155 5144 2157 
7564 5048 5373 3504 
7565 1717 1719 1718 
7566 1878 4996 1881 
7567 2048 5138 2047 
7568 2489 2491 2490 
7569 4011 5273 5205 
7570 5270 5367 4934 
7571 1131 4697 4696 
7572 1634 1637 1636 
7573 1896 5059 1893 
7574 5124 5174 1947 
7575 2452 5154 5153 
7576 2497 2498 2496 
7577 3418 5058 3417 
7578 804 5248 806 
7579 1577 5023 2208 
7580 1825 1827 1826 
7581 1837 1838 1836 
7582 5116 5137 2084 
7583 2293 4885 2274 
7584 4805 4806 2643 
7585 5108 5220 3484 
7586 4597 4604 4603 
7587 3875 5293 523 
7588 3006 5248 804 
7589 2231 5217 1285 
7590 1668 2228 1666 
7591 1671 1672 1670 
7592 1708 2994 1706 
7593 1719 1721 1720 
7594 1774 2072 2071 
7595 1947 5174 1949 
7596 2676 5240 2678 
7597 4890 5198 2699 
7598 2853 3682 3405 
7599 4668 4670 4667 
7600 435 3535 436 
7601 483 496 495 
7602 3408 5353 3406 
7603 311 313 312 
7604 5031 5032 2771 
7605 3494 5141 5112 
7606 1155 4932 1134 
7607 1775 1825 1824 
7608 1846 5330 1844 
7609 1975 5185 2981 
7610 2425 2732 2731 
7611 2633 5226 2632 
7612 2693 5146 2695 
7613 5094 5146 2693 
7614 2903 2904 2901 
7615 3487 5170 5021 
7616 4896 5198 3488 
7617 4801 5365 4803 
7618 5463 5469 5397 
7619 430 435 432 
7620 801 5258 799 
7621 2147 5153 2149 
7622 4642 4643 2884 
7623 5053 5067 2970 
7624 1881 1883 1882 
7625 1920 5057 1917 
7626 2117 5113 2118 
7627 2315 2317 2316 
7628 5263 5286 4010 
7629 4891 4974 4606 
7630 349 5011 347 
7631 800 5060 4931 
7632 1153 5201 1188 
7633 1705 1717 1716 
7634 2038 2056 2039 
7635 4764 4765 2076 
7636 2344 5236 2346 
7637 4749 4751 4750 
7638 4883 4884 4882 
7639 327 456 391 
7640 1414 5244 5201 
7641 1907 1910 1909 
7642 1957 5122 2974 
7643 2035 2050 2046 
7644 2239 2275 2274 
7645 2694 5112 4951 
7646 806 5248 889 
7647 5296 5297 1074 
7648 2532 5078 1871 
7649 2598 2610 2437 
7650 3610 4562 2782 
7651 2971 5240 4765 
7652 1847 5251 1849 
7653 1874 5185 1872 
7654 1993 5160 2005 
7655 4690 5334 2890 
7656 3033 3534 3533 
7657 3409 3410 3408 
7658 4670 4674 4667 
7659 1690 1692 1691 
7660 2065 2067 2066 
7661 2282 5286 5263 
7662 2362 5252 4911 
7663 2582 5399 2578 
7664 4950 5137 2980 
7665 5084 5170 3488 
7666 3518 5395 3517 
7667 4008 5263 4010 
7668 310 314 311 
7669 1320 5225 4695 
7670 5059 5157 1891 
7671 2388 3970 3709 
7672 2731 4813 2426 
7673 3461 3465 3463 
7674 310 4347 314 
7675 2005 5160 3945 
7676 2155 5145 5144 
7677 2583 3528 3527 
7678 490 494 486 
7679 2051 5290 5117 
7680 2121 2127 2122 
7681 3490 5219 4843 
7682 2122 5180 4845 
7683 2525 5295 2523 
7684 3870 4207 3871 
7685 951 5142 1286 
7686 1693 3440 2245 
7687 5043 5230 3482 
7688 3529 5449 5364 
7689 4010 5286 4013 
7690 4583 4648 4578 
7691 334 439 335 
7692 444 462 443 
7693 1429 3349 2853 
7694 1608 4839 4838 
7695 1849 5251 2004 
7696 5189 5252 2362 
7697 2428 2430 2429 
7698 339 343 342 
7699 1626 5208 1630 
7700 2240 2242 2241 
7701 4585 5416 5354 
7702 5250 5370 4775 
7703 504 5156 506 
7704 1661 5355 1665 
7705 1717 5192 2614 
7706 5166 5219 3490 
7707 4600 5374 4815 
7708 5060 5271 4931 
7709 440 5283 335 
7710 448 5320 447 
7711 507 3335 505 
7712 1322 5306 1321 
7713 1661 1663 1662 
7714 3912 5130 2267 
7715 2515 4771 4770 
7716 5146 5147 2695 
7717 5121 5256 3005 
7718 3499 3501 3500 
7719 1810 4666 4665 
7720 2888 3015 2300 
7721 2632 5365 5295 
7722 1686 1689 1688 
7723 5338 5339 3044 
7724 2580 3021 2581 
7725 2800 5318 2592 
7726 271 3026 3025 
7727 3495 5264 492 
7728 451 5283 440 
7729 1430 5140 485 
7730 2890 5334 754 
7731 3726 5241 4011 
7732 275 4663 265 
7733 1579 5023 1577 
7734 1840 5223 1839 
7735 5064 5239 2995 
7736 2238 5390 2240 
7737 3506 3507 3505 
7738 4681 5371 4682 
7739 4885 5229 4883 
7740 301 305 300 
7741 2988 5117 3000 
7742 4719 5355 4717 
7743 270 4815 269 
7744 299 300 298 
7745 327 391 390 
7746 809 5060 800 
7747 1623 4812 4811 
7748 3484 5254 5108 
7749 1843 5223 1840 
7750 2527 5368 5298 
7751 3813 5300 5138 
7752 467 5304 465 
7753 3108 4343 4342 
7754 5393 5412 4691 
7755 5225 5244 4695 
7756 287 4938 266 
7757 3940 3941 3288 
7758 2067 2068 2066 
7759 295 296 294 
7760 4717 5355 1658 
7761 2017 5265 1861 
7762 2217 5288 4919 
7763 2732 4602 4601 
7764 3415 3419 3418 
7765 4679 5405 5392 
7766 3413 5343 3415 
7767 4931 5181 780 
7768 1602 5260 1603 
7769 3786 5200 2627 
7770 286 288 281 
7771 517 4894 3441 
7772 1604 5316 1608 
7773 2934 5271 5060 
7774 1681 1682 1679 
7775 2327 2577 2576 
7776 5254 5255 2975 
7777 4688 5268 5267 
7778 345 4966 348 
7779 2303 5402 2302 
7780 2875 4552 2321 
7781 443 5277 346 
7782 1429 1430 485 
7783 1872 5185 1975 
7784 2248 5239 5064 
7785 2458 5219 5166 
7786 4592 4613 4594 
7787 4787 4790 4788 
7788 2210 5191 1578 
7789 2802 4561 3546 
7790 2912 5082 4826 
7791 1650 5349 1647 
7792 2008 5352 2051 
7793 2963 5239 2248 
7794 3406 5353 5140 
7795 3526 5427 5243 
7796 754 5334 755 
7797 3537 5224 2709 
7798 2709 5224 4977 
7799 3000 5290 3019 
7800 3014 3517 3013 
7801 2531 4823 1615 
7802 1811 5443 5440 
7803 1833 5299 5168 
7804 2336 2337 2069 
7805 2990 5308 4827 
7806 3003 5429 4635 
7807 3504 3505 3503 
7808 4651 4740 4652 
7809 4756 5287 4755 
7810 310 5398 4347 
7811 1797 1802 1799 
7812 2230 5266 1865 
7813 3007 4621 4620 
7814 1833 5249 1834 
7815 4761 5191 2210 
7816 3100 4814 4813 
7817 3520 5423 3518 
7818 299 5398 301 
7819 898 5060 809 
7820 3015 5329 2300 
7821 4759 5323 4766 
7822 266 4938 268 
7823 1999 2061 1843 
7824 2529 5294 4786 
7825 1763 2236 2235 
7826 2356 5236 4686 
7827 2672 5197 2909 
7828 4891 5333 3511 
7829 1842 1845 1844 
7830 5173 5407 4724 
7831 2227 5159 5158 
7832 2229 5335 4824 
7833 753 5418 750 
7834 1877 4996 1878 
7835 2924 5289 2966 
7836 1871 5078 1868 
7837 3018 4039 4038 
7838 1628 5350 1631 
7839 3542 5317 2489 
7840 2909 5197 4762 
7841 307 5326 292 
7842 2130 5202 2132 
7843 3050 3610 2782 
7844 5117 5290 3000 
7845 4617 5401 1680 
7846 1851 1853 1852 
7847 2004 5251 4832 
7848 4666 4667 4665 
7849 1861 1863 1862 
7850 2610 2611 2437 
7851 3506 4630 3525 
7852 488 5246 474 
7853 2066 5175 2064 
7854 2898 2900 2899 
7855 297 304 299 
7856 465 5304 518 
7857 799 5258 808 
7858 1693 5396 3440 
7859 2802 5292 4561 
7860 3011 4662 4661 
7861 3002 5304 467 
7862 3010 4730 1824 
7863 1844 5330 1999 
7864 456 5309 391 
7865 2703 5362 3012 
7866 3484 5255 5254 
7867 780 5181 777 
7868 1583 5072 1585 
7869 2887 5270 2490 
7870 2644 5279 2510 
7871 2577 3022 2580 
7872 2527 5299 1827 
7873 2505 5182 2506 
7874 2506 5182 2509 
7875 4883 5229 4884 
7876 272 5324 274 
7877 5277 5313 3007 
7878 808 5258 1323 
7879 1722 5275 1638 
7880 2966 5289 4948 
7881 5162 5287 4756 
7882 339 5400 343 
7883 2060 4619 4618 
7884 5131 5210 4658 
7885 1154 5285 1156 
7886 3014 3519 3518 
7887 5316 5429 1608 
7888 1084 5356 1082 
7889 1999 5354 2062 
7890 3499 3502 3501 
7891 2302 5395 4863 
7892 2325 5242 2540 
7893 5182 5183 4772 
7894 2298 5369 2888 
7895 4641 5331 4642 
7896 484 5277 443 
7897 523 5293 524 
7898 1272 4903 1132 
7899 2883 5430 4580 
7900 471 5246 469 
7901 883 5379 3486 
7902 4780 4781 3053 
7903 1772 1777 1776 
7904 4652 5371 4681 
7905 1132 4903 1131 
7906 4710 5383 4847 
7907 3434 5156 504 
7908 2507 4826 2503 
7909 4994 5271 2934 
7910 1774 5361 4769 
7911 1704 5281 1707 
7912 2642 5295 4801 
7913 5228 5358 2754 
7914 3830 5318 2800 
7915 5310 5345 2999 
7916 4609 4610 4608 
7917 449 4727 4726 
7918 4673 5066 1762 
7919 5302 5303 4040 
7920 2069 5175 2066 
7921 292 5326 290 
7922 1684 5436 1682 
7923 4000 5345 5310 
7924 4667 4669 4665 
7925 5073 5075 4734 
7926 1163 5357 5356 
7927 2276 4881 2242 
7928 5138 5300 2468 
7929 527 5293 5190 
7930 3652 4555 4554 
7931 2820 5242 2325 
7932 3100 4813 2731 
7933 1268 4993 1298 
7934 3534 5479 3533 
7935 334 5093 439 
7936 2897 5359 5327 
7937 474 5246 471 
7938 4571 5346 2881 
7939 2296 4863 2308 
7940 3613 3614 2751 
7941 1639 5361 1774 
7942 2645 5279 3011 
7943 391 5309 430 
7944 4621 5438 5432 
7945 327 5324 456 
7946 265 4663 263 
7947 308 4633 4632 
7948 1415 5321 3047 
7949 524 5293 527 
7950 3043 5342 3046 
7951 2678 5240 2971 
7952 5376 6077 3968 
7953 274 5324 327 
7954 1321 5306 1334 
7955 5267 5268 2558 
7956 3417 5058 4575 
7957 3513 5298 3515 
7958 5344 5384 4721 
7959 290 5326 308 
7960 297 5366 304 
7961 453 5011 349 
7962 1824 4730 1651 
7963 1673 4615 4614 
7964 755 5334 758 
7965 758 5389 760 
7966 3013 5269 2904 
7967 2771 5187 2518 
7968 1082 5356 5307 
7969 1658 5355 1661 
7970 4779 5368 2527 
7971 2975 5255 4963 
7972 430 5309 435 
7973 1163 5356 1084 
7974 3495 5272 5264 
7975 3510 5358 3509 
7976 5062 5308 2990 
7977 3410 5314 3413 
7978 5298 5368 3515 
7979 4753 5393 5291 
7980 4754 5410 5208 
7981 1623 4811 1619 
7982 1176 5285 1154 
7983 1299 5278 1359 
7984 1842 5301 1845 
7985 3019 5388 3540 
7986 5401 5420 3524 
7987 2602 5245 2634 
7988 4722 5417 5414 
7989 3511 5333 4723 
7990 4654 4655 4609 
7991 2707 5392 4636 
7992 4815 5374 269 
7993 2062 5354 2065 
7994 2498 5274 2496 
7995 277 5319 280 
7996 1867 5266 2016 
7997 4693 4743 2058 
7998 2301 5329 2304 
7999 2496 5274 2512 
8000 3018 5302 4040 
8001 1595 5072 1583 
8002 3502 5335 5048 
8003 1334 5321 1415 
8004 4754 5208 1624 
8005 2228 5311 1666 
8006 1669 5312 1673 
8007 4673 5455 4655 
8008 2702 5370 2985 
8009 1619 4811 1617 
8010 1654 5349 1650 
8011 3677 5210 3679 
8012 4721 5384 4718 
8013 3517 5403 3013 
8014 5291 5393 1413 
8015 2555 5281 1702 
8016 5201 5244 2998 
8017 3409 5315 5314 
8018 1353 5278 1299 
8019 2326 5327 2305 
8020 5436 5439 3530 
8021 4694 4743 4693 
8022 1702 5281 1704 
8023 1865 5266 1867 
8024 4635 5429 5316 
8025 1829 5299 1833 
8026 2431 5344 2429 
8027 2051 5352 5290 
8028 2300 5329 2301 
8029 2634 5245 2993 
8030 5272 5394 376 
8031 2998 5244 5225 
8032 3509 5358 5228 
8033 4614 5420 4617 
8034 4623 4868 4624 
8035 1814 5294 2249 
8036 1716 4669 1703 
8037 2239 5387 2707 
8038 2502 5360 2505 
8039 2547 5384 5344 
8040 3504 5373 3506 
8041 2489 5317 2491 
8042 3534 5480 5479 
8043 2905 5376 3968 
8044 2902 5322 2903 
8045 2249 5294 2529 
8046 2505 5183 5182 
8047 3040 5337 3041 
8048 3409 5314 3410 
8049 2368 5349 1654 
8050 5337 5338 3044 
8051 1667 5312 1669 
8052 3870 3871 3107 
8053 3287 4210 3660 
8054 2881 5377 3495 
8055 5460 5467 3532 
8056 3044 5342 3043 
8057 2992 4868 4623 
8058 296 5176 294 
8059 2229 5350 5048 
8060 2583 5397 3528 
8061 1631 5350 2229 
8062 4633 5386 4632 
8063 3927 4547 2872 
8064 3038 5375 3037 
8065 4621 5432 4620 
8066 2035 2046 2038 
8067 2491 5317 2499 
8068 3008 5370 2702 
8069 3518 5423 5395 
8070 1052 5296 1074 
8071 3508 4824 3498 
8072 5306 5321 1334 
8073 1763 5387 2236 
8074 1841 5301 1842 
8075 5314 5343 3413 
8076 3679 5210 5131 
8077 2369 5391 2306 
8078 2472 5427 2471 
8079 4630 5410 3525 
8080 2873 3940 3288 
8081 5339 5342 3044 
8082 1048 5296 1049 
8083 4608 5439 1687 
8084 5265 5305 4820 
8085 4649 5312 1667 
8086 3108 4342 3870 
8087 4847 5368 4779 
8088 2038 2039 2034 
8089 4665 4669 1716 
8090 5321 5379 3047 
8091 4808 5408 4806 
8092 5414 5417 3507 
8093 5432 5438 287 
8094 2546 5431 2650 
8095 294 5176 307 
8096 2065 5416 2067 
8097 5168 5298 3513 
8098 786 5412 4753 
8099 5327 5359 2307 
8100 2017 5305 5265 
8101 3530 5454 5436 
8102 1624 5208 1626 
8103 2526 5360 2502 
8104 5402 5403 3517 
8105 4724 5407 5294 
8106 5346 5377 2881 
8107 1633 4797 1634 
8108 1637 5361 1639 
8109 3930 5376 2905 
8110 5290 5388 3019 
8111 5459 5462 3025 
8112 5048 5335 2229 
8113 1642 5383 4710 
8114 5082 5257 2511 
8115 4740 5371 4652 
8116 5349 5413 3020 
8117 255 5406 253 
8118 2494 5328 2492 
8119 2242 4881 2277 
8120 3515 5383 5284 
8121 2677 5363 2675 
8122 3526 5430 5427 
8123 3506 5373 4630 
8124 350 5351 352 
8125 4797 5361 1637 
8126 3514 5362 2986 
8127 3041 5337 3044 
8128 4566 5257 5082 
8129 2368 5413 5349 
8130 4580 5426 4581 
8131 5352 5388 5290 
8132 3524 5437 5165 
8133 2551 5388 5352 
8134 1827 5299 1829 
8135 2487 3050 2782 
8136 2985 5370 5250 
8137 2225 5316 1601 
8138 4943 5425 5424 
8139 3614 5399 2751 
8140 760 5389 786 
8141 1797 1799 1798 
8142 3011 5415 4662 
8143 2782 2875 2321 
8144 4806 5382 2643 
8145 3533 5479 5476 
8146 2577 5391 3022 
8147 2581 5397 2583 
8148 2427 5380 2059 
8149 2903 5322 3930 
8150 2675 5363 2976 
8151 2986 5362 2703 
8152 5243 5427 2472 
8153 2353 5372 2446 
8154 4691 5412 4690 
8155 5452 5458 4595 
8156 280 5319 285 
8157 2517 5382 2514 
8158 2307 5403 5402 
8159 5032 5187 2771 
8160 5359 5403 2307 
8161 5226 5365 2632 
8162 5032 5237 5187 
8163 5377 5394 3495 
8164 5424 5425 3993 
8165 1832 5380 5099 
8166 2547 5344 2431 
8167 5311 5417 4722 
8168 4838 5385 2227 
8169 4763 5328 2512 
8170 1049 5296 1052 
8171 1772 1776 1771 
8172 2643 5382 2517 
8173 304 5398 299 
8174 5284 5383 1642 
8175 2307 5402 2303 
8176 3412 5421 3416 
8177 756 5418 753 
8178 1601 5316 1604 
8179 4786 5407 4791 
8180 4613 5396 1689 
8181 4690 5412 5389 
8182 3020 5413 5410 
8183 3020 5410 4754 
8184 2888 5369 4636 
8185 5294 5407 4786 
8186 2435 5442 2433 
8187 2550 5455 5372 
8188 1634 4797 1637 
8189 5279 5415 3011 
8190 3495 5394 5272 
8191 1747 5469 5463 
8192 2512 5328 2494 
8193 2327 5391 2577 
8194 352 5351 5173 
8195 3523 5401 3524 
8196 3021 5397 2581 
8197 2370 5444 2550 
8198 4579 5409 3435 
8199 3525 5414 3507 
8200 343 5400 4966 
8201 2306 5391 2327 
8202 1678 5405 1681 
8203 3523 5411 5401 
8204 253 5406 256 
8205 2059 5380 1832 
8206 3414 5421 3412 
8207 5434 5441 3022 
8208 4722 5414 2368 
8209 5269 5403 5359 
8210 514 5313 484 
8211 484 5313 5277 
8212 3435 5409 4713 
8213 2471 5427 2647 
8214 1680 5405 1678 
8215 2067 5416 2546 
8216 5406 5432 5196 
8217 1681 5405 4679 
8218 3013 5403 5269 
8219 5448 5456 3021 
8220 1589 5453 4759 
8221 2368 5414 5413 
8222 2227 5385 5159 
8223 1682 5454 1679 
8224 3526 5431 5430 
8225 5165 5437 5434 
8226 5364 5449 1675 
8227 2228 5417 5311 
8228 5386 5461 258 
8229 5304 5477 5472 
8230 4581 5426 4585 
8231 4943 5424 2472 
8232 287 5438 4938 
8233 5389 5412 786 
8234 4615 5420 4614 
8235 2550 5372 2353 
8236 2644 5415 5279 
8237 302 5452 286 
8238 4569 5452 302 
8239 853 5418 756 
8240 256 5406 5196 
8241 3501 5443 3529 
8242 5410 5413 3525 
8243 4790 5419 5400 
8244 5388 5428 3540 
8245 5420 5437 3524 
8246 5422 5440 3505 
8247 2455 5453 1567 
8248 2687 5404 2685 
8249 4636 5411 3523 
8250 4966 5419 452 
8251 1687 5436 1684 
8252 445 5471 4725 
8253 3500 5450 4646 
8254 5417 5422 3507 
8255 4616 5456 5448 
8256 2647 5430 2883 
8257 5413 5414 3525 
8258 4938 5438 3026 
8259 1677 5364 1675 
8260 1608 5429 4839 
8261 5196 5432 287 
8262 2650 5431 3526 
8263 5391 5434 3022 
8264 4557 5475 4558 
8265 5395 5423 4863 
8266 2685 5404 3003 
8267 5415 5435 4662 
8268 1747 5473 5469 
8269 4569 5458 5452 
8270 5165 5434 2369 
8271 5416 5426 2546 
8272 2551 5428 5388 
8273 5408 5415 2644 
8274 1766 5364 1677 
8275 4585 5426 5416 
8276 1567 5453 1572 
8277 5447 5455 2550 
8278 4863 5423 2308 
8279 2369 5434 5391 
8280 3531 5462 5459 
8281 5427 5430 2647 
8282 4725 5476 445 
8283 4609 5447 4610 
8284 5309 5460 435 
8285 1747 5463 4649 
8286 3024 5444 2548 
8287 5400 5419 4966 
8288 1672 5449 1811 
8289 4637 5440 5422 
8290 5384 5465 4719 
8291 3038 5457 5375 
8292 5375 5457 2455 
8293 493 5445 4790 
8294 4560 5466 5465 
8295 4616 5441 4615 
8296 2274 5390 2238 
8297 2035 2038 2034 
8298 5392 5411 4636 
8299 4759 5457 5323 
8300 2873 3288 3287 
8301 3108 3870 3107 
8302 4560 5465 5442 
8303 3023 5451 3530 
8304 4621 5446 5438 
8305 4885 5390 2274 
8306 5313 5446 4621 
8307 5408 5435 5415 
8308 2433 5442 2547 
8309 4675 5433 4613 
8310 3287 3660 2871 
8311 3926 3927 2872 
8312 4808 5435 5408 
8313 2580 5448 3021 
8314 5396 5433 3440 
8315 4615 5441 5437 
8316 5438 5446 3026 
8317 516 5464 515 
8318 289 5452 4595 
8319 4790 5445 4788 
8320 4646 5451 3023 
8321 2548 5444 2370 
8322 1679 5454 1766 
8323 3516 5464 522 
8324 456 5467 5309 
8325 4615 5437 5420 
8326 436 5468 432 
8327 5450 5451 4646 
8328 4637 5422 2228 
8329 4655 5447 4609 
8330 3022 5448 2580 
8331 3505 5440 3503 
8332 2487 2782 2321 
8333 3503 5443 3501 
8334 4902 5470 3532 
8335 1687 5439 5436 
8336 286 5452 289 
8337 1766 5451 5450 
8338 1797 1798 1796 
8339 5451 5454 3530 
8340 5397 5469 3528 
8341 2228 5422 5417 
8342 1675 5449 1672 
8343 1572 5453 1589 
8344 4649 5456 5312 
8345 5355 5466 1665 
8346 5312 5456 4616 
8347 4613 5433 5396 
8348 3025 5462 5324 
8349 254 5474 493 
8350 3531 5459 514 
8351 514 5446 5313 
8352 5440 5443 3503 
8353 1766 5454 5451 
8354 4595 5458 4596 
8355 3026 5459 3025 
8356 1766 5450 5364 
8357 4725 5471 3029 
8358 5323 5457 3038 
8359 1768 1772 1771 
8360 1769 4573 1768 
8361 1771 2352 1767 
8362 5446 5459 3026 
8363 4616 5448 5441 
8364 4633 5461 5386 
8365 435 5460 3535 
8366 5441 5448 3022 
8367 1663 5473 1747 
8368 514 5459 5446 
8369 3027 5471 3516 
8370 445 5476 431 
8371 5442 5465 2547 
8372 518 5472 5470 
8373 3532 5470 5460 
8374 5324 5462 456 
8375 3021 5463 5397 
8376 3002 5477 5304 
8377 5470 5472 3535 
8378 4655 5455 5447 
8379 4649 5463 5456 
8380 522 5464 516 
8381 5456 5463 3021 
8382 515 5478 5282 
8383 3532 5467 3531 
8384 4719 5466 5355 
8385 2547 5465 5384 
8386 5469 5473 4557 
8387 5472 5477 3536 
8388 4558 5475 4560 
8389 3528 5469 4557 
8390 5304 5472 518 
8391 1665 5475 5473 
8392 432 5468 445 
8393 518 5470 4902 
8394 3531 5467 5462 
8395 5460 5470 3535 
8396 3029 5471 3027 
8397 5462 5467 456 
8398 1964 5481 2003 
8399 3535 5472 3536 
8400 1665 5473 1663 
8401 1998 2035 2034 
8402 3106 3108 3107 
8403 3543 4551 3106 
8404 3925 3926 2872 
8405 2873 3287 2871 
8406 3536 5478 4553 
8407 4560 5475 5466 
8408 5282 5477 3002 
8409 431 5476 449 
8410 5466 5475 1665 
8411 493 5474 5445 
8412 5479 5480 4727 
8413 5476 5479 449 
8414 449 5479 4727 
8415 4047 4386 4104 
8416 1794 2487 2321 
8417 1795 1797 1796 
8418 4727 5480 4729 
8419 5477 5478 3536 
8420 2002 5481 1964 
8421 1765 1769 1768 
8422 1768 1771 1767 
8423 3537 5484 5482 
8424 5282 5478 5477 
8425 2003 5481 2372 
8426 3036 5481 2002 
8427 3537 5482 5224 
8428 2372 5484 2373 
8429 3177 5483 3034 
8430 2841 3543 3106 
8431 1455 2320 1998 
8432 1998 2034 1456 
8433 3106 3107 3105 
8434 2869 3925 2872 
8435 2870 2873 2871 
8436 5481 5482 2372 
8437 3036 5482 5481 
8438 1794 2321 1795 
8439 2606 2608 1821 
8440 1795 1796 1793 
8441 4047 4104 4046 
8442 5224 5482 3036 
8443 1765 1768 1767 
8444 3034 5483 4971 
8445 2858 2864 2826 
8446 260 5494 5485 
8447 4633 5494 5493 
8448 2373 5484 5483 
8449 5483 5484 4971 
8450 4971 5484 3537 
8451 5486 5496 1571 
8452 2476 2727 2726 
8453 307 5485 5326 
8454 2841 3106 3105 
8455 1455 1998 1456 
8456 1456 3058 1454 
8457 3105 3907 2840 
8458 2870 2871 2868 
8459 2869 2872 2870 
8460 752 5487 883 
8461 2001 5489 2551 
8462 3039 5486 5077 
8463 4045 4047 4046 
8464 1794 1795 1793 
8465 2605 2606 1821 
8466 1792 4545 2605 
8467 1765 1767 1764 
8468 1424 5490 1426 
8469 4789 5491 4782 
8470 2827 2858 2826 
8471 2825 3609 2827 
8472 248 5493 260 
8473 3404 5490 1424 
8474 883 5487 5379 
8475 5337 5488 5338 
8476 797 5497 747 
8477 4633 5493 5461 
8478 250 5493 248 
8479 2551 5489 5428 
8480 5326 5494 308 
8481 5493 5494 260 
8482 1565 5495 2455 
8483 1426 5490 3698 
8484 2476 2726 2725 
8485 3037 5496 3039 
8486 3956 5492 3959 
8487 4782 5491 4783 
8488 3958 5492 3956 
8489 3072 4509 4508 
8490 1455 1456 1454 
8491 3071 4503 4502 
8492 2841 3105 2840 
8493 1343 1476 1475 
8494 2869 2870 2868 
8495 5461 5493 250 
8496 308 5494 4633 
8497 4045 4046 3170 
8498 1792 2605 1821 
8499 1791 1794 1793 
8500 2455 5495 5375 
8501 5495 5496 5375 
8502 1571 5496 5495 
8503 1760 1765 1764 
8504 1764 1818 1759 
8505 797 5498 5497 
8506 5375 5496 3037 
8507 2825 2827 2826 
8508 5487 5497 5379 
8509 3047 5498 3040 
8510 4789 5500 5491 
8511 247 5500 5499 
8512 249 5499 5474 
8513 5488 5498 797 
8514 5337 5498 5488 
8515 5491 5500 247 
8516 5445 5500 4788 
8517 1435 3309 3049 
8518 1459 3931 3732 
8519 2476 2725 2475 
8520 5379 5497 3047 
8521 1467 3303 1372 
8522 3071 4502 3072 
8523 2839 2841 2840 
8524 1185 1455 1454 
8525 3072 4508 2866 
8526 3040 5498 5337 
8527 245 5504 243 
8528 1343 1475 1342 
8529 2867 2869 2868 
8530 1316 1344 1343 
8531 1330 5513 5511 
8532 5474 5499 5445 
8533 4788 5500 4789 
8534 3057 4113 4112 
8535 4044 4045 3170 
8536 1791 1793 1792 
8537 4112 4114 3284 
8538 1792 1821 1790 
8539 1038 5501 1036 
8540 1760 1764 1759 
8541 2628 3389 3388 
8542 2825 2826 2824 
8543 1562 5502 1560 
8544 1159 5503 1037 
8545 1063 5501 1038 
8546 1037 5503 1039 
8547 2251 5502 1562 
8548 1435 3049 1459 
8549 1459 3732 1434 
8550 260 5504 245 
8551 2383 2476 2475 
8552 2589 4542 2383 
8553 2475 2477 2382 
8554 1371 2819 1373 
8555 1373 1467 1372 
8556 1185 1454 1453 
8557 3071 3072 2866 
8558 2837 4541 4533 
8559 2839 2840 2837 
8560 774 5512 775 
8561 1342 1471 1315 
8562 2861 4546 3423 
8563 2867 2868 2861 
8564 1316 1343 1342 
8565 1039 5503 1059 
8566 5485 5504 260 
8567 3057 4112 3284 
8568 3169 4044 3170 
8569 1791 1792 1790 
8570 1749 1760 1759 
8571 1750 4534 1749 
8572 2628 3388 1404 
8573 2823 4536 2822 
8574 2822 2825 2824 
8575 247 5505 5491 
8576 5076 5506 2874 
8577 1435 1459 1434 
8578 2381 2589 2383 
8579 2383 2475 2382 
8580 1371 1373 1372 
8581 3088 4248 3545 
8582 2834 2839 2837 
8583 1185 1453 1183 
8584 2837 4533 2835 
8585 2835 3071 2866 
8586 2861 3423 2860 
8587 1293 2867 2861 
8588 1316 1342 1315 
8589 2421 3126 3124 
8590 5491 5505 4783 
8591 2874 5506 3538 
8592 2613 4535 3057 
8593 3169 3170 2613 
8594 4468 4544 1789 
8595 1789 1791 1790 
8596 3057 3284 2612 
8597 1746 1750 1749 
8598 1749 1759 1748 
8599 1405 2628 1404 
8600 240 5528 5527 
8601 1420 2823 2822 
8602 2822 2824 2821 
8603 1527 5507 1525 
8604 5512 5515 5428 
8605 2830 4531 1433 
8606 1433 1435 1434 
8607 2252 5509 5508 
8608 5076 5509 5506 
8609 1561 5508 1571 
8610 1817 5507 1527 
8611 2381 2383 2382 
8612 5506 5509 2252 
8613 5486 5509 5077 
8614 1371 1372 1370 
8615 3088 3545 1369 
8616 1370 4530 3088 
8617 773 5525 772 
8618 2834 2837 2835 
8619 1184 1185 1183 
8620 2835 2866 2833 
8621 1330 5511 743 
8622 1294 1316 1315 
8623 4041 4043 4042 
8624 1293 2861 2860 
8625 2421 3124 2620 
8626 5519 5520 1558 
8627 797 5511 5488 
8628 743 5511 745 
8629 5489 5512 5428 
8630 775 5512 784 
8631 1470 4199 4102 
8632 5488 5513 5338 
8633 1789 1790 1788 
8634 2474 3169 2613 
8635 2613 3057 2612 
8636 1787 4468 1789 
8637 1571 5508 5486 
8638 1033 5510 1035 
8639 1746 1749 1748 
8640 1403 1405 1404 
8641 5077 5509 5076 
8642 774 5515 5512 
8643 1420 2822 2821 
8644 2821 3579 1419 
8645 1034 5516 1064 
8646 1035 5510 1159 
8647 745 5511 797 
8648 1330 5514 5513 
8649 5513 5514 5340 
8650 885 5550 5548 
8651 1036 5516 1034 
8652 784 5512 5489 
8653 1557 5518 1558 
8654 5338 5513 5340 
8655 1433 1434 1432 
8656 1432 4524 3658 
8657 1418 2830 1433 
8658 1560 5518 1557 
8659 2379 4522 3576 
8660 2381 2382 2379 
8661 3576 4511 2377 
8662 5501 5517 5516 
8663 1332 1371 1370 
8664 1370 3088 1369 
8665 5428 5515 3540 
8666 1149 1184 1183 
8667 2834 2835 2833 
8668 4041 4042 1457 
8669 1293 2860 1291 
8670 1294 1315 1292 
8671 1292 4528 1293 
8672 2400 2401 2398 
8673 2421 2620 2399 
8674 5518 5519 1558 
8675 5501 5516 1036 
8676 1470 4102 3285 
8677 1411 3730 3729 
8678 1787 1789 1788 
8679 2474 2613 2612 
8680 1820 3909 3908 
8681 1554 5523 1556 
8682 5502 5518 1560 
8683 1555 5529 1553 
8684 1746 1748 1745 
8685 570 5535 568 
8686 1403 1404 1402 
8687 1420 2821 1419 
8688 1432 3658 1417 
8689 1418 1433 1432 
8690 5506 5523 3538 
8691 2378 2381 2379 
8692 2774 3618 2775 
8693 2792 4514 2774 
8694 2379 3576 2377 
8695 2775 2776 2621 
8696 1332 1370 1369 
8697 3053 5521 3052 
8698 1149 1183 1182 
8699 2832 2834 2833 
8700 5517 5522 5516 
8701 1556 5523 2252 
8702 3084 4041 1457 
8703 1292 1293 1291 
8704 1338 3085 3084 
8705 1290 1294 1292 
8706 2397 2421 2399 
8707 2399 2400 2398 
8708 5516 5522 1064 
8709 3048 5525 884 
8710 782 5525 773 
8711 1411 3729 1408 
8712 1470 3285 1410 
8713 2769 2865 1822 
8714 1787 1788 1786 
8715 1820 3908 1785 
8716 2474 2612 2473 
8717 2473 4515 2769 
8718 3078 5524 3079 
8719 2252 5523 5506 
8720 1744 1746 1745 
8721 1402 4500 1400 
8722 1401 1403 1402 
8723 1406 4513 1401 
8724 641 1420 1419 
8725 240 5527 239 
8726 4550 5526 2050 
8727 2564 5526 2876 
8728 2050 5526 2253 
8729 3079 5524 3338 
8730 5505 5527 4783 
8731 239 5527 242 
8732 884 5525 782 
8733 4783 5528 4781 
8734 1418 1432 1417 
8735 1558 5529 1555 
8736 5521 5528 240 
8737 3053 5528 5521 
8738 735 5540 737 
8739 2376 2857 2378 
8740 2774 2775 2621 
8741 2350 2792 2774 
8742 2378 2379 2377 
8743 1332 1369 1267 
8744 1331 4517 1332 
8745 2631 5531 2814 
8746 2832 2833 1148 
8747 1149 1182 1147 
8748 1148 4521 1149 
8749 2253 5526 2564 
8750 1338 3084 1457 
8751 1290 1292 1291 
8752 2397 2399 2398 
8753 242 5527 5505 
8754 282 5556 5553 
8755 3175 5531 2631 
8756 1410 1411 1408 
8757 1391 1470 1410 
8758 4781 5528 3053 
8759 2473 2769 1822 
8760 1816 2474 2473 
8761 1784 1787 1786 
8762 1786 1820 1785 
8763 5520 5529 1558 
8764 1032 5532 1026 
8765 1742 4489 4488 
8766 1744 1745 1743 
8767 3771 5534 3048 
8768 1401 1402 1400 
8769 1399 1406 1401 
8770 641 1419 623 
8771 3683 5531 3175 
8772 1064 5532 1032 
8773 579 5535 570 
8774 1318 1418 1417 
8775 772 5534 788 
8776 4286 4287 4284 
8777 2376 2378 2377 
8778 2350 2774 2621 
8779 5525 5534 772 
8780 1331 1332 1267 
8781 1148 1149 1147 
8782 1146 2832 1148 
8783 1453 5536 4495 
8784 3048 5534 5525 
8785 1289 4510 1290 
8786 1290 1291 1194 
8787 1338 1457 1289 
8788 2397 2398 2396 
8789 1326 5535 579 
8790 1391 1410 1408 
8791 1816 2473 1822 
8792 1784 1786 1785 
8793 1741 1744 1743 
8794 1742 4488 1741 
8795 1400 1409 1398 
8796 1399 1401 1400 
8797 623 624 622 
8798 621 641 623 
8799 1454 5536 1453 
8800 4502 5538 3072 
8801 3924 5539 3080 
8802 1318 1417 1276 
8803 1317 1345 1318 
8804 1469 4480 1317 
8805 5543 5545 3538 
8806 3058 5537 5536 
8807 2765 5539 2764 
8808 4285 4286 4284 
8809 2376 2377 2351 
8810 2350 2621 2349 
8811 1265 1331 1267 
8812 2764 5539 3659 
8813 1146 1148 1147 
8814 3058 5536 1454 
8815 1289 1290 1194 
8816 1193 1338 1289 
8817 2395 2397 2396 
8818 1330 5540 5514 
8819 737 5540 740 
8820 4540 5541 2206 
8821 2206 5541 2190 
8822 2192 5541 2218 
8823 1391 1408 1390 
8824 2817 2850 1389 
8825 3072 5538 4509 
8826 3080 5539 2765 
8827 1784 1785 1782 
8828 1783 4496 1784 
8829 1816 1822 1783 
8830 1739 1742 1741 
8831 1741 1743 1740 
8832 1399 1400 1398 
8833 621 623 622 
8834 740 5540 1330 
8835 2190 5541 2192 
8836 1570 5543 1552 
8837 1275 1469 1317 
8838 1317 1318 1276 
8839 1520 5544 3152 
8840 5523 5543 3538 
8841 1552 5543 1554 
8842 5507 5544 1525 
8843 4283 4285 4284 
8844 1522 5544 1520 
8845 2349 4469 2348 
8846 2348 2376 2351 
8847 2053 2350 2349 
8848 1570 5545 5543 
8849 637 1266 1265 
8850 638 4498 1297 
8851 1265 1267 638 
8852 2595 5546 2723 
8853 4650 5542 3901 
8854 1090 4477 1146 
8855 1093 4465 1313 
8856 1313 4414 1092 
8857 1146 1147 1093 
8858 3301 5585 4404 
8859 1193 1289 1194 
8860 2395 2396 2394 
8861 1344 5564 4446 
8862 3324 5633 4416 
8863 2623 5546 2595 
8864 885 5548 767 
8865 2845 2847 2846 
8866 4399 5610 2218 
8867 1388 1391 1390 
8868 1390 2817 1389 
8869 774 5548 5515 
8870 767 5548 769 
8871 1781 1816 1783 
8872 1783 1784 1782 
8873 1554 5543 5523 
8874 5515 5550 3540 
8875 1525 5544 1522 
8876 2403 5547 2484 
8877 1739 1741 1740 
8878 4527 5551 2701 
8879 2701 5551 5207 
8880 3005 5551 3004 
8881 4456 4457 4126 
8882 1396 1399 1398 
8883 4178 4212 4179 
8884 3538 5545 3051 
8885 3737 4177 4176 
8886 282 5553 235 
8887 621 622 620 
8888 3779 5546 2623 
8889 3433 5552 2483 
8890 2398 5552 2396 
8891 2484 5547 3078 
8892 240 5553 5521 
8893 235 5553 237 
8894 1026 5713 1024 
8895 769 5548 774 
8896 5521 5556 3052 
8897 1275 1317 1276 
8898 1276 4476 949 
8899 2560 5558 1519 
8900 1190 6424 4503 
8901 1553 5654 1551 
8902 4650 5556 5542 
8903 5542 5556 282 
8904 1000 4443 998 
8905 3540 5550 3539 
8906 1644 5558 3348 
8907 4283 4284 4282 
8908 5207 5551 3005 
8909 4040 5559 4039 
8910 5480 5559 4729 
8911 1519 5558 1521 
8912 2348 2351 2052 
8913 2053 2349 2348 
8914 3596 3684 2864 
8915 638 1297 636 
8916 637 1265 638 
8917 2836 5561 2584 
8918 416 5555 414 
8919 4512 5564 1344 
8920 1093 1313 1092 
8921 1090 1146 1093 
8922 1193 1194 1162 
8923 1161 4462 1193 
8924 1162 4485 1354 
8925 2394 2622 2392 
8926 2810 4429 2393 
8927 2393 2395 2394 
8928 2401 5552 2398 
8929 237 5553 240 
8930 2584 5561 2596 
8931 5532 5713 1026 
8932 4047 5554 4386 
8933 571 4448 574 
8934 457 5555 416 
8935 2845 2846 1445 
8936 1388 1390 1389 
8937 4043 5564 4042 
8938 3052 5556 4650 
8939 1177 5563 993 
8940 1782 4460 1780 
8941 1781 1783 1782 
8942 5574 6596 1809 
8943 2402 2403 2401 
8944 5529 5654 1553 
8945 3017 5378 1465 
8946 1465 5378 3054 
8947 702 5566 3301 
8948 3563 5841 3914 
8949 2836 5562 5561 
8950 1521 5558 1644 
8951 5307 5565 1324 
8952 5357 5565 5356 
8953 1739 1740 1738 
8954 2394 5557 2622 
8955 4729 5559 4040 
8956 4069 4392 1452 
8957 1395 1397 1396 
8958 1396 1398 1394 
8959 1407 4418 1395 
8960 4080 4081 4079 
8961 4178 4179 4064 
8962 3675 6303 4312 
8963 706 5563 1178 
8964 1531 4455 1529 
8965 708 5566 702 
8966 3737 4176 3950 
8967 143 201 142 
8968 140 182 139 
8969 131 206 130 
8970 134 184 133 
8971 137 202 136 
8972 146 183 145 
8973 149 203 148 
8974 619 621 620 
8975 640 4430 619 
8976 3914 5841 5840 
8977 2596 5561 3174 
8978 565 5569 566 
8979 585 4461 583 
8980 2286 6172 5215 
8981 5510 5900 4281 
8982 1714 5717 2391 
8983 2725 5568 2475 
8984 3892 4366 3891 
8985 4411 5578 2610 
8986 1444 3621 2845 
8987 568 5569 565 
8988 1319 6120 4048 
8989 993 5563 706 
8990 4042 5564 4512 
8991 2392 4214 1819 
8992 1275 1276 949 
8993 615 6032 613 
8994 4280 4283 4282 
8995 120 5822 5766 
8996 1479 1480 1351 
8997 5356 5565 5307 
8998 2053 2348 2052 
8999 3698 5877 5172 
9000 940 5566 708 
9001 1168 1466 1170 
9002 1447 3607 1443 
9003 1517 5597 2560 
9004 4375 5681 4261 
9005 2858 3596 2864 
9006 230 5598 233 
9007 637 638 636 
9008 5844 5845 4391 
9009 866 867 865 
9010 734 5576 1376 
9011 1090 1093 1092 
9012 730 5686 731 
9013 1786 5571 1820 
9014 3035 5572 4355 
9015 3426 5572 2851 
9016 1162 1354 1145 
9017 1161 1193 1162 
9018 2391 2810 2393 
9019 2393 2394 2392 
9020 3781 5998 3780 
9021 1314 4390 4389 
9022 2447 5575 1723 
9023 1720 5575 1810 
9024 4532 5571 1788 
9025 3541 5571 4532 
9026 1407 6297 4418 
9027 2475 5568 2477 
9028 711 4061 717 
9029 736 5576 734 
9030 5535 5569 568 
9031 4458 5826 4327 
9032 4239 4240 4237 
9033 2610 5578 2611 
9034 4556 5578 3527 
9035 930 931 929 
9036 4523 5858 3109 
9037 3325 6648 1538 
9038 1541 6648 3325 
9039 6350 6794 3904 
9040 2605 4545 3808 
9041 1387 4394 4111 
9042 1386 4491 1388 
9043 1388 1389 1387 
9044 3051 5583 2553 
9045 2457 5583 2456 
9046 2728 2729 2726 
9047 1781 1782 1780 
9048 1779 4490 1781 
9049 3793 6443 3792 
9050 2400 2402 2401 
9051 3056 3615 3055 
9052 6529 6581 3818 
9053 3897 6340 4457 
9054 4336 6107 1474 
9055 4168 6581 6529 
9056 5704 5705 2257 
9057 6453 6774 3704 
9058 4390 6742 3601 
9059 3527 5586 2730 
9060 3369 3370 3368 
9061 3197 6493 3233 
9062 3394 6451 4363 
9063 3621 5600 2845 
9064 3335 6286 4319 
9065 1737 1739 1738 
9066 5519 6480 5520 
9067 1395 1396 1394 
9068 1393 1407 1395 
9069 3171 5827 4229 
9070 3136 4080 4079 
9071 4063 4178 4064 
9072 2848 5602 3662 
9073 586 6690 587 
9074 6014 6520 3569 
9075 3100 5570 4814 
9076 3737 3950 2743 
9077 616 640 619 
9078 619 620 617 
9079 4476 6327 5856 
9080 1788 5571 1786 
9081 216 6603 4212 
9082 80 796 81 
9083 77 742 78 
9084 36 1070 37 
9085 34 1031 35 
9086 14 4162 15 
9087 76 4159 77 
9088 50 837 51 
9089 28 4338 29 
9090 11 862 12 
9091 9 882 10 
9092 19 875 20 
9093 27 1028 28 
9094 29 1069 30 
9095 26 4154 27 
9096 69 714 70 
9097 72 715 73 
9098 1 794 6 
9099 37 4155 38 
9100 42 1016 43 
9101 54 1200 55 
9102 24 1030 25 
9103 15 868 16 
9104 58 719 59 
9105 66 713 67 
9106 13 881 14 
9107 31 1029 32 
9108 59 4153 60 
9109 22 1067 23 
9110 17 880 18 
9111 30 4456 31 
9112 67 4195 68 
9113 10 4164 11 
9114 46 946 47 
9115 82 751 83 
9116 52 829 53 
9117 18 4163 19 
9118 63 716 64 
9119 7 765 8 
9120 48 947 49 
9121 56 727 57 
9122 16 4322 17 
9123 75 795 76 
9124 45 4479 46 
9125 38 1023 39 
9126 60 726 61 
9127 6 4365 7 
9128 55 4170 56 
9129 81 4312 82 
9130 57 4169 58 
9131 40 1068 41 
9132 44 3199 45 
9133 43 4160 44 
9134 2384 5590 4543 
9135 4543 5590 3058 
9136 2851 5572 3035 
9137 5031 5573 5032 
9138 3893 6844 4193 
9139 749 6118 5689 
9140 4073 4074 3049 
9141 4133 6477 1135 
9142 791 5576 736 
9143 1723 5575 1720 
9144 1476 3622 2790 
9145 4360 5825 2875 
9146 1269 1270 1157 
9147 4459 5582 4267 
9148 911 913 912 
9149 6440 6685 2136 
9150 1444 2845 1445 
9151 4147 6781 2808 
9152 947 4151 49 
9153 1067 4152 23 
9154 742 4250 78 
9155 751 4157 83 
9156 862 4158 12 
9157 1030 4167 25 
9158 829 4168 53 
9159 1023 4166 39 
9160 1031 4171 35 
9161 726 4172 61 
9162 22 4413 1067 
9163 1068 4173 41 
9164 837 4174 51 
9165 827 5735 4210 
9166 6015 6646 4350 
9167 2611 5578 4556 
9168 4270 4271 4268 
9169 2057 2384 2039 
9170 2553 5583 2457 
9171 4036 5689 3421 
9172 2332 3076 2330 
9173 3855 6669 5966 
9174 4503 6577 1190 
9175 3473 3474 3472 
9176 4490 5587 3169 
9177 683 1275 949 
9178 5862 6523 3427 
9179 4268 4459 4267 
9180 5795 6402 442 
9181 3209 6827 3212 
9182 6201 6733 545 
9183 4889 6481 2313 
9184 1228 1229 1227 
9185 233 5598 282 
9186 1820 5617 3909 
9187 314 5604 311 
9188 3349 5605 2853 
9189 3169 5587 4044 
9190 3222 3224 3223 
9191 3729 6279 4296 
9192 4296 6279 987 
9193 4230 6174 1423 
9194 2847 5600 4050 
9195 5789 6672 4031 
9196 2730 5586 3430 
9197 3083 5835 4664 
9198 4280 4282 4279 
9199 704 5596 678 
9200 320 322 321 
9201 2037 2053 2052 
9202 2464 4427 2037 
9203 63 5905 716 
9204 674 676 675 
9205 3568 5626 3636 
9206 1078 5608 1080 
9207 789 5621 733 
9208 635 637 636 
9209 3271 3273 3272 
9210 1810 5627 4666 
9211 1216 1218 1217 
9212 2847 4050 2849 
9213 3785 6663 599 
9214 4475 5613 2878 
9215 2208 5614 4475 
9216 2196 5610 2219 
9217 2218 5610 2194 
9218 3190 3192 3191 
9219 1573 5611 1568 
9220 2748 5965 5964 
9221 1031 5624 4171 
9222 581 5601 3647 
9223 2879 5614 5024 
9224 2878 5613 2637 
9225 2635 5613 2879 
9226 5023 5614 2208 
9227 3803 4129 3801 
9228 3803 5579 4129 
9229 1073 5615 996 
9230 994 5615 1175 
9231 1090 1092 874 
9232 1573 5663 5611 
9233 4339 6737 2569 
9234 3884 6405 3185 
9235 1994 6284 2480 
9236 4146 6390 4697 
9237 3058 5590 5537 
9238 3625 6613 5969 
9239 1161 1162 1145 
9240 5341 6858 6573 
9241 5611 5799 1569 
9242 2391 2393 2392 
9243 5691 5806 5805 
9244 5540 5621 5514 
9245 2446 5623 2071 
9246 1773 5623 2060 
9247 487 5629 413 
9248 4266 4398 4269 
9249 1314 4389 686 
9250 5645 6538 5810 
9251 3700 6734 5599 
9252 733 5621 735 
9253 3746 5771 3745 
9254 2446 5681 5623 
9255 5824 6622 6383 
9256 1258 6474 1229 
9257 1728 1729 1727 
9258 1178 5596 704 
9259 3593 3816 3815 
9260 3126 6778 4185 
9261 4157 6568 3731 
9262 1709 1711 1710 
9263 612 613 610 
9264 4878 6184 3869 
9265 1107 1109 1108 
9266 3577 4124 2618 
9267 3546 5777 4563 
9268 3980 5769 2783 
9269 4551 6285 895 
9270 639 5876 554 
9271 282 5598 5542 
9272 1750 5599 4534 
9273 1350 1478 1477 
9274 3683 6588 5531 
9275 3815 6145 3592 
9276 4278 4280 4279 
9277 1533 6706 1534 
9278 5751 6313 218 
9279 750 6767 749 
9280 1518 5622 1515 
9281 3258 3259 3257 
9282 2845 5600 2847 
9283 2545 5630 2983 
9284 4810 5631 3510 
9285 5358 5631 4856 
9286 5514 5632 5340 
9287 3149 3355 3354 
9288 631 6569 6256 
9289 5670 5779 632 
9290 1440 4239 4237 
9291 3647 5601 3695 
9292 2609 2624 2608 
9293 5756 6625 6098 
9294 3582 5630 4526 
9295 4526 5630 3004 
9296 3910 6331 3633 
9297 4497 6828 6728 
9298 1386 1388 1387 
9299 1387 4111 1385 
9300 1958 5788 4373 
9301 414 5618 411 
9302 362 5635 365 
9303 455 5635 360 
9304 413 5629 415 
9305 1509 6862 3758 
9306 4644 5636 4645 
9307 4814 5636 2485 
9308 4666 5637 4668 
9309 4311 6768 2856 
9310 5781 5837 3074 
9311 604 4461 585 
9312 3816 3819 3818 
9313 1360 6667 5741 
9314 4498 5646 1297 
9315 4169 5698 4204 
9316 5986 6344 689 
9317 1779 1781 1780 
9318 3092 5711 1308 
9319 3899 6699 3238 
9320 6095 6096 5754 
9321 2727 2728 2726 
9322 5215 6172 3739 
9323 623 4484 624 
9324 3539 5639 3595 
9325 3313 5640 2736 
9326 2442 5640 2324 
9327 4181 4393 3586 
9328 6027 6048 3228 
9329 3054 3056 3055 
9330 3152 5967 5622 
9331 885 5639 5550 
9332 311 5604 313 
9333 4684 5620 4685 
9334 407 408 405 
9335 1799 1804 1800 
9336 5234 5235 1164 
9337 1164 5235 1166 
9338 4405 5958 1278 
9339 2853 5605 3682 
9340 4048 6120 6001 
9341 4074 6828 4497 
9342 2789 3336 1475 
9343 5618 5715 412 
9344 4058 5607 4055 
9345 3715 6069 3716 
9346 5130 5206 2285 
9347 3912 5206 5130 
9348 2223 3582 2222 
9349 749 4341 746 
9350 2815 2816 2716 
9351 4185 5617 3541 
9352 3948 6566 4746 
9353 2755 3069 2729 
9354 4055 5607 4057 
9355 4394 6454 4111 
9356 3385 3387 3386 
9357 1737 1738 1736 
9358 3391 6860 3393 
9359 5026 5653 2559 
9360 3447 5653 3446 
9361 1458 6147 2808 
9362 1487 4327 1489 
9363 1127 6328 1104 
9364 1394 4374 1392 
9365 1393 1395 1394 
9366 3883 6592 4474 
9367 4098 4144 4097 
9368 1541 1542 1539 
9369 3136 4079 3863 
9370 4063 4064 3293 
9371 4452 5675 5176 
9372 6226 6365 193 
9373 2838 5608 1078 
9374 1495 6460 4346 
9375 819 5674 791 
9376 992 5863 956 
9377 942 943 849 
9378 4451 5677 309 
9379 1117 1118 1116 
9380 3736 3737 2743 
9381 2482 4137 2332 
9382 3730 6279 3729 
9383 3709 6432 4515 
9384 1368 5588 3136 
9385 2194 5610 2196 
9386 1568 5611 1569 
9387 4093 4402 4094 
9388 616 619 617 
9389 1120 5641 1100 
9390 1243 1247 1244 
9391 5611 5663 4184 
9392 4161 6834 6254 
9393 2208 5663 1575 
9394 2637 5613 2635 
9395 5024 5614 5023 
9396 1726 1727 1725 
9397 996 5615 994 
9398 856 861 858 
9399 441 6757 4319 
9400 5571 5617 1820 
9401 1310 5662 661 
9402 3689 6462 5972 
9403 5568 6135 5858 
9404 3541 5617 5571 
9405 4312 6303 751 
9406 191 221 220 
9407 3862 5742 5741 
9408 2462 5687 1548 
9409 2619 3578 3577 
9410 1643 4455 1531 
9411 1946 5669 1943 
9412 4330 6272 4331 
9413 1342 5671 1471 
9414 5176 5675 307 
9415 5485 5675 5504 
9416 3547 6365 6226 
9417 1732 4409 1735 
9418 4049 6094 1306 
9419 32 5612 33 
9420 5555 5618 414 
9421 735 5621 5540 
9422 65 6056 66 
9423 296 5677 5176 
9424 309 5677 298 
9425 3152 5622 1518 
9426 2071 5623 1773 
9427 261 5678 4452 
9428 3397 4254 3776 
9429 4276 4278 4277 
9430 5504 5678 243 
9431 241 5678 261 
9432 3297 5732 4006 
9433 3373 3374 3370 
9434 690 6185 688 
9435 5623 5681 4375 
9436 3309 4073 3049 
9437 913 915 914 
9438 5575 5627 1810 
9439 1012 1014 1011 
9440 4516 5672 3115 
9441 2855 5672 4516 
9442 75 6003 795 
9443 5172 6606 3772 
9444 4653 6329 5169 
9445 6077 6329 3968 
9446 6333 6789 3577 
9447 532 5815 531 
9448 9 6006 882 
9449 765 6006 8 
9450 5052 6685 3768 
9451 4261 5627 4259 
9452 3571 5927 5530 
9453 1739 5688 1742 
9454 3927 6010 4548 
9455 128 4246 127 
9456 4385 5992 1446 
9457 3212 3213 3211 
9458 5503 6374 1059 
9459 4210 5879 827 
9460 3958 5947 5492 
9461 4416 5633 4417 
9462 5625 6292 6036 
9463 190 6701 6408 
9464 3827 6192 5754 
9465 2020 5683 1959 
9466 1180 6572 6016 
9467 932 5959 929 
9468 3811 6029 1127 
9469 607 608 578 
9470 574 4448 607 
9471 1150 5685 1158 
9472 1191 5685 1152 
9473 5032 5574 5237 
9474 3782 6360 5612 
9475 964 6855 966 
9476 1218 1220 1219 
9477 1442 3421 3420 
9478 616 617 615 
9479 5767 5978 4684 
9480 2805 4150 2806 
9481 660 663 662 
9482 1796 5787 4545 
9483 4018 6399 4015 
9484 4259 5627 5575 
9485 415 5629 428 
9486 3004 5630 2545 
9487 3510 5631 5358 
9488 426 5738 5723 
9489 2617 3115 2619 
9490 5340 5632 5341 
9491 3607 6677 5864 
9492 5492 5947 2526 
9493 1548 5687 1550 
9494 1071 4443 1000 
9495 3985 4398 4266 
9496 4219 5949 4220 
9497 6031 6687 3580 
9498 1745 6102 1809 
9499 20 6113 21 
9500 5216 6171 785 
9501 881 5979 4314 
9502 2254 5731 4257 
9503 360 5635 362 
9504 4221 5815 1436 
9505 1534 1535 1533 
9506 2056 2057 2039 
9507 4174 6145 829 
9508 80 6060 796 
9509 3224 3226 3225 
9510 3627 3880 3571 
9511 591 5857 5148 
9512 3061 3839 2420 
9513 934 935 933 
9514 1016 6173 5775 
9515 5573 5574 5032 
9516 3351 5923 1254 
9517 4395 5790 2540 
9518 2485 5636 4644 
9519 4668 5637 4672 
9520 1538 1539 1537 
9521 4328 6566 3948 
9522 6496 6659 3321 
9523 664 686 683 
9524 683 949 600 
9525 4173 6844 1016 
9526 3407 5706 3409 
9527 5345 5707 2999 
9528 2779 5707 2788 
9529 3471 3473 3472 
9530 4082 6193 1367 
9531 3287 5709 4210 
9532 3942 5709 3288 
9533 1230 1231 1229 
9534 4373 5884 1958 
9535 3192 3194 3193 
9536 3422 6535 3421 
9537 3342 4222 3343 
9538 2736 5640 2442 
9539 498 6274 6273 
9540 5550 5639 3539 
9541 1280 6194 3714 
9542 4943 5720 5425 
9543 5268 5720 2558 
9544 749 6767 6118 
9545 3260 3261 3259 
9546 3082 6058 3790 
9547 91 5721 212 
9548 198 5721 92 
9549 395 6273 393 
9550 4223 6693 4224 
9551 1083 5625 1086 
9552 2589 5827 4542 
9553 3596 3685 3684 
9554 3400 5897 3402 
9555 3086 5724 5723 
9556 5889 6086 3787 
9557 4167 6166 4154 
9558 2410 2412 2409 
9559 615 6300 4228 
9560 5757 6105 283 
9561 869 870 867 
9562 4361 6552 4362 
9563 2413 2415 2412 
9564 595 6798 3628 
9565 4846 5730 3767 
9566 204 6168 156 
9567 3545 5646 4498 
9568 2340 5882 5562 
9569 1336 5863 3291 
9570 2715 2716 2641 
9571 3745 5771 5762 
9572 632 6256 5670 
9573 4272 4273 4271 
9574 563 5693 562 
9575 4394 6570 6454 
9576 3299 6005 4421 
9577 47 5642 48 
9578 3355 3357 3356 
9579 878 5651 4478 
9580 886 6389 5204 
9581 1261 5729 1251 
9582 6198 6717 3961 
9583 2555 5796 4372 
9584 4110 6809 4353 
9585 3475 3477 3474 
9586 2417 2418 2415 
9587 4195 6321 4087 
9588 6456 6820 338 
9589 6374 6501 1059 
9590 3312 6420 5519 
9591 4593 5738 3099 
9592 1236 6672 5789 
9593 2037 2052 2018 
9594 2015 2464 2037 
9595 3306 5898 5880 
9596 5641 6523 1097 
9597 637 5761 1266 
9598 843 844 842 
9599 4292 6612 279 
9600 231 5752 5598 
9601 3446 5653 5026 
9602 2557 5731 2254 
9603 1070 5810 4155 
9604 5070 5743 5068 
9605 158 5750 157 
9606 123 5751 122 
9607 5605 6079 3682 
9608 625 6579 4810 
9609 1043 5744 1045 
9610 1012 6816 1013 
9611 4391 5845 1569 
9612 1352 3104 3103 
9613 3070 3121 3069 
9614 4466 5656 4467 
9615 4513 5866 1403 
9616 4278 4279 4277 
9617 3214 3215 3213 
9618 635 636 633 
9619 3100 5738 5570 
9620 5570 5738 426 
9621 4228 6300 618 
9622 5637 5681 4672 
9623 338 6602 6456 
9624 3901 5752 3902 
9625 4339 6842 3967 
9626 3574 5759 3117 
9627 5203 5759 5204 
9628 6079 6151 3682 
9629 1245 6411 5774 
9630 5018 6318 1534 
9631 3568 5549 4254 
9632 685 697 696 
9633 2295 5762 2297 
9634 3391 3393 3392 
9635 1201 2793 1458 
9636 3784 3917 3783 
9637 120 5766 119 
9638 3431 4069 1452 
9639 3387 3556 3555 
9640 4247 5577 185 
9641 3873 4442 3985 
9642 4244 5767 4715 
9643 4683 5767 4684 
9644 5524 6080 3338 
9645 2804 6840 2593 
9646 5534 5769 788 
9647 5938 6732 4099 
9648 4357 6073 2844 
9649 1349 4197 1348 
9650 873 1090 874 
9651 4165 6708 862 
9652 5849 6548 5297 
9653 873 874 872 
9654 1436 5815 536 
9655 1620 6127 5763 
9656 1109 1111 1110 
9657 956 5863 954 
9658 329 6759 330 
9659 5016 5018 5017 
9660 5016 5017 4175 
9661 3687 6024 5680 
9662 4687 5779 4688 
9663 953 5942 816 
9664 3589 5662 1310 
9665 1575 5663 1573 
9666 1403 5866 1405 
9667 1030 6438 6248 
9668 4117 4118 4070 
9669 3975 5926 3973 
9670 2220 3289 2748 
9671 3702 5970 3704 
9672 3573 5946 3574 
9673 1336 3291 3290 
9674 6664 6858 5341 
9675 4419 5796 2555 
9676 1144 1161 1145 
9677 2769 6432 5823 
9678 3430 5783 4187 
9679 6024 6852 5680 
9680 5651 5652 3543 
9681 2391 2392 1819 
9682 614 615 613 
9683 5547 6154 4119 
9684 4605 5988 4604 
9685 892 893 891 
9686 5766 5822 4212 
9687 5536 5786 4495 
9688 937 6665 933 
9689 5598 5752 5542 
9690 1943 5669 1942 
9691 1319 6640 4149 
9692 1950 5788 1958 
9693 3796 6312 3795 
9694 4688 5670 5268 
9695 746 4341 744 
9696 1475 5671 1342 
9697 4645 5672 2855 
9698 307 5675 5485 
9699 3745 5762 4499 
9700 4499 5762 2308 
9701 3357 3359 3358 
9702 2540 5790 2012 
9703 1976 5790 1972 
9704 2927 5807 4395 
9705 4365 6530 4078 
9706 688 1314 686 
9707 4274 4275 4273 
9708 1247 1249 1248 
9709 1094 5608 1192 
9710 298 5677 296 
9711 1807 6045 2328 
9712 1119 1122 1118 
9713 2767 5794 2735 
9714 3649 6354 4224 
9715 2256 6492 1754 
9716 3178 5867 4656 
9717 566 5693 563 
9718 4276 4277 4275 
9719 3390 5865 3731 
9720 5000 5836 4118 
9721 64 6322 65 
9722 243 5678 241 
9723 5343 5798 3419 
9724 915 917 916 
9725 4092 6442 4091 
9726 4476 5856 949 
9727 438 4123 372 
9728 375 4123 384 
9729 714 6247 70 
9730 172 5801 171 
9731 4271 4459 4268 
9732 2625 4313 2624 
9733 4248 5813 4444 
9734 3226 3235 3229 
9735 3127 3994 501 
9736 3973 5926 3163 
9737 1023 6271 4166 
9738 5628 5722 3823 
9739 4672 5681 2446 
9740 1495 1496 1493 
9741 791 5674 5576 
9742 1392 5802 1056 
9743 1972 5807 1967 
9744 1966 5807 2927 
9745 4168 6529 1200 
9746 3105 5808 3907 
9747 3871 5808 3107 
9748 4238 6857 4236 
9749 1220 1222 1221 
9750 715 6263 73 
9751 3350 6644 5814 
9752 4051 6158 5851 
9753 3968 6329 4653 
9754 6083 6209 553 
9755 1709 1710 1708 
9756 2570 2768 2337 
9757 731 5686 789 
9758 3380 5829 4233 
9759 1452 4392 3997 
9760 3194 3196 3195 
9761 3088 5813 4248 
9762 4411 5783 5586 
9763 5601 6019 3695 
9764 2407 4315 2414 
9765 6377 6582 2565 
9766 3262 3263 3261 
9767 874 5733 872 
9768 204 6121 5910 
9769 1511 6302 1510 
9770 2769 5823 2865 
9771 895 6692 4551 
9772 4619 5860 4618 
9773 1301 3919 1181 
9774 4525 5823 3050 
9775 3792 6477 4133 
9776 630 6025 635 
9777 6018 6080 2478 
9778 3232 6152 3798 
9779 1232 1233 1231 
9780 1350 1477 1351 
9781 2875 5825 4552 
9782 1959 5683 1955 
9783 3109 3632 3631 
9784 871 878 873 
9785 1152 5685 1150 
9786 1305 6204 5996 
9787 4134 6254 3643 
9788 1205 1206 938 
9789 939 6624 850 
9790 4180 6775 2245 
9791 1715 6775 4180 
9792 1550 5687 1570 
9793 4152 6438 1030 
9794 1536 1537 1535 
9795 3866 6595 3867 
9796 843 4473 844 
9797 5852 6316 4892 
9798 1005 6387 5727 
9799 4003 6860 6568 
9800 1551 1648 1549 
9801 2468 5835 3999 
9802 3428 5554 2594 
9803 5829 5830 1178 
9804 187 5836 98 
9805 97 5836 5000 
9806 1946 5989 5669 
9807 1737 5688 1739 
9808 377 5691 371 
9809 3295 6646 2720 
9810 1440 4237 4236 
9811 4210 5735 3660 
9812 4302 4447 634 
9813 2263 6811 2265 
9814 1798 5787 1796 
9815 5625 6036 1091 
9816 1551 5654 1648 
9817 34 6360 1031 
9818 3122 3123 3068 
9819 1386 1387 1385 
9820 2456 5740 5054 
9821 5828 6567 3790 
9822 1569 5845 1566 
9823 1564 5845 2251 
9824 2568 5046 3173 
9825 3644 6703 3254 
9826 1942 5848 1938 
9827 2767 6823 5794 
9828 5296 5849 5297 
9829 72 6373 715 
9830 4484 6025 628 
9831 5583 5740 2456 
9832 6248 6438 4005 
9833 6127 6343 5763 
9834 3815 6581 6145 
9835 2808 6781 3703 
9836 6186 6209 6083 
9837 4645 5895 5672 
9838 4130 4131 3799 
9839 5716 6505 4378 
9840 4349 5928 3697 
9841 4378 6505 3734 
9842 356 5852 4892 
9843 2338 5852 379 
9844 6594 6619 3814 
9845 2762 6050 4716 
9846 5969 6613 4163 
9847 587 604 585 
9848 2606 2609 2608 
9849 5148 5857 3165 
9850 2770 4933 2380 
9851 4501 5983 3285 
9852 687 6689 688 
9853 4368 5789 4033 
9854 4692 5859 3874 
9855 4836 5859 936 
9856 1776 5861 1771 
9857 6002 6503 1246 
9858 785 6760 5216 
9859 3216 3217 3215 
9860 3326 5853 3329 
9861 1497 1498 1496 
9862 871 872 870 
9863 1328 5729 1261 
9864 2721 6646 6015 
9865 4275 4281 4273 
9866 1779 1780 1778 
9867 213 5812 4256 
9868 4060 6802 576 
9869 1155 6410 4932 
9870 3666 3668 3667 
9871 5874 6347 2563 
9872 5568 5858 2477 
9873 3356 5941 3354 
9874 4411 6101 5783 
9875 4296 6210 3729 
9876 4334 5740 5583 
9877 3885 5799 4183 
9878 4331 6492 2256 
9879 620 6062 5580 
9880 908 6053 905 
9881 3840 3841 2479 
9882 3109 3631 2770 
9883 4215 4216 4214 
9884 4281 6093 5510 
9885 4886 5874 2563 
9886 4360 5874 3075 
9887 5172 5877 5171 
9888 5258 5877 1323 
9889 68 5700 69 
9890 4555 5878 4568 
9891 1056 5802 4139 
9892 3612 4181 3586 
9893 330 6759 331 
9894 3174 5882 3400 
9895 3409 5706 5315 
9896 5774 6411 3720 
9897 2999 5707 2779 
9898 3393 3395 3394 
9899 3642 5884 3131 
9900 5139 5884 4373 
9901 1042 5885 1040 
9902 1379 3640 3639 
9903 3427 4377 3092 
9904 4179 6159 6116 
9905 4991 5708 5041 
9906 6447 6731 1660 
9907 6001 6120 3836 
9908 2844 6073 3601 
9909 3288 5709 3287 
9910 5577 5658 313 
9911 2399 4520 2400 
9912 2620 4520 2399 
9913 1764 5899 1818 
9914 2352 5899 1767 
9915 3245 3424 3279 
9916 6019 6705 553 
9917 1144 1145 1143 
9918 1094 1192 1096 
9919 4186 6228 4255 
9920 948 5674 819 
9921 1033 5900 5510 
9922 1060 5900 1027 
9923 5856 6327 3097 
9924 5562 5882 5561 
9925 3407 6200 5706 
9926 5143 6398 3772 
9927 663 666 665 
9928 1802 5825 4335 
9929 3840 3918 3841 
9930 3883 6311 4408 
9931 4326 6457 2291 
9932 4855 5907 4853 
9933 1259 6746 1248 
9934 1003 1004 1002 
9935 1411 5718 3730 
9936 1270 6410 1157 
9937 5565 5917 1324 
9938 3112 5768 3045 
9939 2558 5720 4943 
9940 1483 4101 2713 
9941 1227 5871 1296 
9942 5612 6360 33 
9943 2441 5915 2124 
9944 2101 5915 2123 
9945 5645 6777 3854 
9946 2636 5212 2638 
9947 2993 5212 2636 
9948 944 945 943 
9949 4099 5917 5565 
9950 2758 4251 3064 
9951 6101 6789 539 
9952 92 5721 91 
9953 3562 6463 3561 
9954 5996 6584 1137 
9955 4439 5971 4435 
9956 1799 1800 1798 
9957 5622 5967 2467 
9958 2408 2409 2406 
9959 3150 5937 5655 
9960 4519 5827 2589 
9961 3819 6599 4075 
9962 3844 6863 4226 
9963 4226 6863 3799 
9964 2052 5953 2018 
9965 649 5847 4397 
9966 1738 6137 1736 
9967 3086 5723 4593 
9968 4154 6673 1028 
9969 902 903 901 
9970 3265 3266 3263 
9971 229 5828 231 
9972 3429 5806 5691 
9973 3361 3363 3362 
9974 699 811 810 
9975 1142 1198 1144 
9976 4454 5980 203 
9977 3571 6480 3160 
9978 3074 5833 5748 
9979 4049 6772 5699 
9980 6330 6833 1504 
9981 3660 5804 4546 
9982 4124 6789 6101 
9983 3082 6704 3972 
9984 6375 6658 4021 
9985 3750 3784 3783 
9986 1476 2789 1475 
9987 694 5978 5767 
9988 539 6545 4187 
9989 406 6586 4301 
9990 3730 6532 6279 
9991 2467 5967 4053 
9992 3618 6415 5924 
9993 1158 5934 859 
9994 3153 3154 1377 
9995 1806 6769 2629 
9996 1111 1113 1112 
9997 1007 1009 1006 
9998 3143 6787 3141 
9999 3767 5730 4130 
10000 1249 1256 1250 
10001 2713 3736 2743 
10002 614 616 615 
10003 1734 1737 1736 
10004 3397 3776 3638 
10005 1123 1124 1122 
10006 1376 6090 4077 
10007 1501 1502 1500 
10008 3829 6381 1126 
10009 2221 2223 2222 
10010 4383 5948 1325 
10011 872 5733 876 
10012 1532 5922 5903 
10013 1279 6212 5650 
10014 4167 6248 6166 
10015 6166 6248 3334 
10016 1222 1224 1223 
10017 1734 1736 1733 
10018 666 668 667 
10019 3382 5829 3380 
10020 1252 1263 1262 
10021 5458 5944 4596 
10022 2526 5947 5360 
10023 2723 5731 2557 
10024 1044 5948 1042 
10025 1325 5948 1062 
10026 3911 6671 4218 
10027 1234 1235 1233 
10028 419 5949 4219 
10029 3752 5972 4059 
10030 502 5732 4622 
10031 428 5949 417 
10032 3370 6753 3368 
10033 3778 6422 6153 
10034 3059 4290 2715 
10035 3689 5972 3691 
10036 3615 6000 3055 
10037 3253 5909 3593 
10038 5659 6054 1128 
10039 1393 1394 1392 
10040 3188 3189 3186 
10041 3835 6392 3834 
10042 4511 5953 2351 
10043 3879 4965 3030 
10044 3030 4965 3032 
10045 4367 6142 4089 
10046 4493 5875 1750 
10047 1997 2759 1995 
10048 1366 1441 927 
10049 5683 5788 1955 
10050 3136 3863 3135 
10051 3292 4063 3293 
10052 5522 5533 1064 
10053 1064 5533 5532 
10054 4491 4492 4199 
10055 4160 5775 4161 
10056 1481 1482 1461 
10057 3185 6405 5909 
10058 3936 6685 6440 
10059 861 864 863 
10060 4319 6757 3335 
10061 1043 6623 5744 
10062 3447 6156 5653 
10063 6141 6472 386 
10064 3477 5792 4399 
10065 1736 6240 1733 
10066 3337 4345 3121 
10067 3099 5738 3100 
10068 1209 1210 1208 
10069 4077 6836 729 
10070 724 6836 4077 
10071 919 921 920 
10072 3880 5705 3571 
10073 3349 6000 4439 
10074 1329 3180 1368 
10075 2347 6650 4433 
10076 678 5596 4370 
10077 5667 5668 3657 
10078 3727 5595 5594 
10079 1722 5974 5275 
10080 5703 6013 3620 
10081 5052 6635 3842 
10082 617 6300 615 
10083 1300 6826 4223 
10084 3670 3672 3671 
10085 208 5976 109 
10086 108 5976 217 
10087 3620 6110 4405 
10088 5630 5739 2983 
10089 5720 6543 5425 
10090 4436 6659 4437 
10091 4884 6034 5806 
10092 1431 6434 1273 
10093 4406 6465 684 
10094 3842 6749 5052 
10095 5669 5989 3642 
10096 573 3111 572 
10097 4299 5740 4334 
10098 3867 4067 3065 
10099 4203 6430 4202 
10100 5068 5743 2441 
10101 4415 6766 4384 
10102 3579 6025 4484 
10103 3218 3219 3217 
10104 569 6133 4448 
10105 3464 6343 5033 
10106 3285 5983 1410 
10107 3249 3828 3826 
10108 1045 5744 1048 
10109 4260 5764 4619 
10110 3201 3203 3202 
10111 4604 5988 5366 
10112 1958 5989 1948 
10113 4208 5992 3588 
10114 4194 5929 721 
10115 3706 4324 4323 
10116 385 4213 388 
10117 826 828 827 
10118 4366 5966 3248 
10119 4072 6670 3661 
10120 3212 6066 3214 
10121 3142 3143 3141 
10122 3363 3365 3364 
10123 710 5990 940 
10124 203 5980 148 
10125 4846 6707 5730 
10126 4084 4206 4025 
10127 4607 6000 3349 
10128 5858 6135 3632 
10129 4269 5996 4270 
10130 4135 4136 3878 
10131 4828 6122 2950 
10132 2948 6122 3098 
10133 553 6705 6220 
10134 3703 6337 4204 
10135 4310 6178 3821 
10136 6150 6553 3101 
10137 2787 6406 4143 
10138 3176 6694 396 
10139 4093 4094 4092 
10140 4158 6708 5979 
10141 1086 5625 1091 
10142 1313 6042 4414 
10143 5860 6040 4618 
10144 3316 6022 3986 
10145 1499 1500 1498 
10146 542 543 541 
10147 1208 6575 1207 
10148 1010 1011 1009 
10149 629 6756 628 
10150 5542 5752 3901 
10151 1737 5977 5688 
10152 4905 4933 2770 
10153 3845 6033 3753 
10154 2211 6035 5111 
10155 6009 6443 3793 
10156 340 380 337 
10157 3468 5178 3460 
10158 3467 3468 3460 
10159 3117 5759 5203 
10160 4829 6122 4828 
10161 3311 5844 3118 
10162 1452 3997 1431 
10163 4488 6041 4493 
10164 1312 3612 3586 
10165 5729 5981 1251 
10166 4258 5764 4260 
10167 1174 4492 1386 
10168 3776 6421 3777 
10169 6361 6614 3684 
10170 3336 5929 5671 
10171 2308 5762 2295 
10172 4535 6047 4113 
10173 4104 6047 4046 
10174 3720 5694 2798 
10175 5155 5763 3464 
10176 5668 6097 3657 
10177 3685 6361 3684 
10178 1933 6061 1930 
10179 3737 6124 4177 
10180 3267 3268 3266 
10181 3245 5919 3424 
10182 2569 6842 4339 
10183 4814 6205 5636 
10184 635 5761 637 
10185 2933 5104 2932 
10186 3098 5104 2933 
10187 2562 6618 3137 
10188 5608 6647 1192 
10189 119 5766 214 
10190 3888 6173 3893 
10191 612 1195 614 
10192 1274 3431 1452 
10193 4480 6072 4483 
10194 3032 3602 3033 
10195 5740 5906 5054 
10196 4715 5767 4683 
10197 2593 2805 2804 
10198 4201 6847 188 
10199 3338 6080 3340 
10200 3771 5769 5534 
10201 1533 1643 1531 
10202 2297 5771 5229 
10203 4231 6396 195 
10204 771 6082 763 
10205 6543 6569 6030 
10206 3597 6148 5626 
10207 871 873 872 
10208 4829 6364 5105 
10209 4656 5867 2466 
10210 5794 6823 4060 
10211 6068 6724 4004 
10212 1732 1735 1734 
10213 4217 6671 2877 
10214 5960 6640 3156 
10215 833 6392 6203 
10216 3155 3156 3154 
10217 4286 6548 5849 
10218 1472 6195 4406 
10219 131 6079 206 
10220 1379 5956 3640 
10221 4225 6133 1300 
10222 180 6099 179 
10223 3136 5588 4080 
10224 3183 4318 945 
10225 1731 4409 1732 
10226 4545 5787 3808 
10227 4316 6737 4339 
10228 906 907 905 
10229 1169 1172 1171 
10230 5261 6237 3735 
10231 1724 1726 1725 
10232 3942 6291 5674 
10233 2288 3300 2630 
10234 442 6075 5795 
10235 3714 5894 3712 
10236 3340 6018 3342 
10237 2278 6319 2704 
10238 3429 6762 5806 
10239 5268 6718 5720 
10240 3077 6112 3642 
10241 4153 6078 726 
10242 925 930 929 
10243 5869 6235 2854 
10244 4301 6353 487 
10245 4313 5933 3125 
10246 3686 6091 3230 
10247 1237 1239 1235 
10248 4852 5779 4687 
10249 3582 5739 5630 
10250 3182 6518 5753 
10251 530 6017 3974 
10252 845 1360 847 
10253 3916 5796 3915 
10254 678 4370 676 
10255 1029 6516 5612 
10256 4177 6124 6099 
10257 183 6814 4605 
10258 1528 6430 1530 
10259 5823 6432 3970 
10260 5425 6030 3993 
10261 921 924 922 
10262 821 948 819 
10263 3135 4082 1367 
10264 1224 1226 1225 
10265 3600 6804 1364 
10266 1300 6133 567 
10267 1125 1138 1124 
10268 4341 5943 744 
10269 3614 6138 4561 
10270 5883 6175 3876 
10271 4254 5549 3776 
10272 3915 5796 4419 
10273 4430 6311 4474 
10274 4523 6143 4522 
10275 4998 6109 4997 
10276 3793 6652 6009 
10277 725 6851 4548 
10278 1732 1733 1730 
10279 2605 3808 2607 
10280 5653 6156 4034 
10281 4205 6453 1200 
10282 4444 5813 457 
10283 1941 6807 4243 
10284 6097 6459 3657 
10285 1200 6529 4205 
10286 4992 6123 4991 
10287 3064 4297 4262 
10288 1501 6628 6296 
10289 2391 5717 2810 
10290 3604 6155 3320 
10291 3718 5628 2781 
10292 2854 6822 5869 
10293 5769 6398 2783 
10294 167 6157 188 
10295 1374 4109 1303 
10296 1081 6164 1083 
10297 4070 6716 543 
10298 3353 5701 3351 
10299 1327 1328 1261 
10300 880 5969 4163 
10301 4396 6377 2996 
10302 3859 6242 4294 
10303 3567 6014 3564 
10304 5537 5786 5536 
10305 6116 6159 4181 
10306 3365 3367 3366 
10307 5706 6200 184 
10308 4495 6165 4494 
10309 5832 6417 3755 
10310 2717 5755 3073 
10311 1113 1115 1114 
10312 184 6151 133 
10313 3613 6139 6138 
10314 3987 6267 4089 
10315 1024 1065 1021 
10316 787 6171 1425 
10317 785 6171 783 
10318 4328 4588 3300 
10319 3159 5861 3570 
10320 2285 5931 5046 
10321 3220 3221 3219 
10322 4399 5792 5610 
10323 3129 6172 2287 
10324 1955 5788 1950 
10325 181 5811 180 
10326 990 1484 989 
10327 1024 5713 1065 
10328 1174 1386 1385 
10329 5783 6101 539 
10330 1278 5958 5696 
10331 446 5648 459 
10332 6238 6314 5315 
10333 2336 2466 2465 
10334 2723 5860 5764 
10335 6272 6641 4331 
10336 206 6079 5605 
10337 4314 5979 3673 
10338 2012 5790 1976 
10339 5586 5783 3430 
10340 525 6184 4878 
10341 530 6184 526 
10342 4271 5776 4459 
10343 4446 5869 5868 
10344 4032 4084 4025 
10345 622 6684 620 
10346 1445 6750 1444 
10347 830 6146 835 
10348 1641 6243 4234 
10349 5676 5692 1259 
10350 4437 6496 4907 
10351 5972 6462 976 
10352 189 5791 5035 
10353 5610 5792 2219 
10354 5480 6199 5559 
10355 4821 6005 495 
10356 6006 6331 882 
10357 5744 5849 1048 
10358 3066 5893 3868 
10359 709 6197 1412 
10360 2735 5794 3304 
10361 4481 6253 3637 
10362 5559 6199 3114 
10363 1818 5643 1759 
10364 1446 6197 707 
10365 3990 5867 3178 
10366 3682 6200 3405 
10367 3247 3686 3230 
10368 5636 6205 3773 
10369 2279 2280 2278 
10370 4531 5847 3309 
10371 2823 6186 4536 
10372 1390 6210 2817 
10373 4281 5776 4273 
10374 6573 6858 2856 
10375 1444 6750 1179 
10376 1735 5977 1734 
10377 3729 6210 1408 
10378 3269 3270 3268 
10379 574 607 578 
10380 2419 6482 5793 
10381 4659 6214 5131 
10382 5008 6097 5009 
10383 3565 5549 3568 
10384 625 6695 6579 
10385 628 6756 626 
10386 313 6206 312 
10387 1941 6217 5163 
10388 3419 5798 3881 
10389 839 6026 836 
10390 3292 3293 1337 
10391 2727 3171 3090 
10392 5039 6221 5038 
10393 3924 6219 5539 
10394 3322 6223 5125 
10395 3128 6224 2741 
10396 171 6225 170 
10397 6408 6701 3918 
10398 2597 6227 4817 
10399 2747 6228 2745 
10400 2862 6228 4186 
10401 4057 6207 4121 
10402 4180 6463 3562 
10403 5567 5784 974 
10404 1380 3351 1254 
10405 372 4123 375 
10406 1005 1006 1004 
10407 197 5801 172 
10408 3312 6780 6023 
10409 3144 3145 3143 
10410 2404 5547 2403 
10411 2704 6232 5433 
10412 2615 6233 4992 
10413 2569 6233 2385 
10414 3381 3382 3380 
10415 5071 6656 2324 
10416 2405 5666 4315 
10417 3800 5247 3132 
10418 3132 5247 3432 
10419 864 866 865 
10420 5859 6542 3874 
10421 3797 6245 5022 
10422 3950 6043 2743 
10423 3385 3386 3273 
10424 1341 1447 1443 
10425 1967 5807 1966 
10426 1004 6634 1002 
10427 4542 5827 3171 
10428 894 6253 4483 
10429 1385 1444 1179 
10430 3163 5926 4422 
10431 3118 5844 4391 
10432 3107 5808 3105 
10433 5960 6212 1279 
10434 134 6238 184 
10435 3091 3427 3092 
10436 5863 5864 3291 
10437 2402 2404 2403 
10438 4561 6252 3546 
10439 2714 5667 3657 
10440 5722 6368 923 
10441 5696 5925 3150 
10442 162 6276 210 
10443 200 6276 163 
10444 5691 5805 438 
10445 4043 6235 5564 
10446 2859 6277 3587 
10447 2778 6280 2756 
10448 1990 6284 1991 
10449 5558 6251 3348 
10450 200 6287 4440 
10451 1516 2259 2258 
10452 5579 6306 618 
10453 4817 6352 1776 
10454 553 6209 6019 
10455 3972 6290 3399 
10456 4384 6382 4383 
10457 3727 5594 3711 
10458 3352 3353 3351 
10459 1178 5830 5596 
10460 3833 6543 5720 
10461 834 6841 5804 
10462 3713 3727 3711 
10463 305 6298 300 
10464 5744 6623 4287 
10465 3063 5322 2902 
10466 3062 3063 2902 
10467 4530 5813 3088 
10468 5730 6707 611 
10469 5761 5891 1266 
10470 3723 6305 3721 
10471 3805 6306 5579 
10472 933 6665 6076 
10473 617 6307 6300 
10474 3094 4231 1460 
10475 5554 6429 2594 
10476 6016 6634 1180 
10477 3595 6423 4849 
10478 1297 6797 636 
10479 4299 5906 5740 
10480 5007 6287 200 
10481 2096 6320 2093 
10482 4340 6494 3859 
10483 3084 5814 4041 
10484 1002 1071 1000 
10485 4191 6259 3825 
10486 4351 6370 1406 
10487 2713 5782 3736 
10488 5773 5816 3958 
10489 910 911 909 
10490 4402 6167 3841 
10491 3109 5858 3632 
10492 6256 6718 5670 
10493 650 652 651 
10494 409 4323 408 
10495 1994 1995 1993 
10496 1995 5160 1993 
10497 5671 5929 4194 
10498 3183 6051 4318 
10499 4222 6015 3343 
10500 941 5660 1201 
10501 5131 6344 3679 
10502 931 934 933 
10503 5242 5820 2540 
10504 4290 5899 2352 
10505 4114 6316 5852 
10506 3754 6553 3846 
10507 4773 6349 4771 
10508 202 6314 136 
10509 4121 5821 4122 
10510 672 673 670 
10511 3367 3369 3368 
10512 5620 6214 4685 
10513 3628 5968 4332 
10514 5592 6735 5591 
10515 5200 6355 4035 
10516 3339 6356 3081 
10517 121 5822 120 
10518 1226 1228 1227 
10519 1139 1141 1138 
10520 2865 5823 4525 
10521 3328 6231 3330 
10522 1020 5961 1022 
10523 3676 4795 4793 
10524 3678 4795 3676 
10525 4307 5684 4306 
10526 4552 5825 1802 
10527 3314 6366 3313 
10528 1215 1216 1214 
10529 4479 6254 4134 
10530 4408 6311 640 
10531 5669 6112 1942 
10532 3781 6688 2036 
10533 3553 4200 2737 
10534 2453 6377 2565 
10535 2996 6377 2697 
10536 4232 6858 6664 
10537 5231 6476 5232 
10538 3863 5749 3135 
10539 5314 6380 5343 
10540 381 389 380 
10541 4428 6607 3129 
10542 3222 3223 3221 
10543 6045 6290 3972 
10544 2728 2755 2729 
10545 3944 6056 4096 
10546 788 6389 768 
10547 3190 3191 3189 
10548 4697 6390 4696 
10549 1163 6390 5357 
10550 3878 6255 3635 
10551 202 6380 6314 
10552 3642 6112 5669 
10553 4573 6394 2877 
10554 2096 6748 4249 
10555 1192 6647 6519 
10556 3570 3627 3571 
10557 4016 6801 4017 
10558 814 817 816 
10559 392 393 389 
10560 403 404 402 
10561 400 402 399 
10562 398 399 397 
10563 396 397 395 
10564 394 395 393 
10565 190 6408 169 
10566 423 4297 4251 
10567 4362 6552 5703 
10568 5573 6349 3905 
10569 5031 6349 5573 
10570 4852 5907 5780 
10571 766 6389 886 
10572 1098 5898 1095 
10573 1281 6185 690 
10574 4228 5842 4227 
10575 720 5990 712 
10576 612 614 613 
10577 4503 6424 4502 
10578 1266 5891 4358 
10579 4015 6399 4016 
10580 5620 5978 691 
10581 3271 3272 3270 
10582 2103 6440 2136 
10583 2384 5591 5590 
10584 4047 6429 5554 
10585 3128 6450 5820 
10586 3346 6459 6365 
10587 2036 5998 3781 
10588 5300 5835 2468 
10589 5792 6188 2219 
10590 3116 3578 2619 
10591 691 6489 6196 
10592 1497 6574 6265 
10593 98 5836 97 
10594 1411 5983 5718 
10595 5507 6452 5544 
10596 137 6414 202 
10597 1323 6407 4836 
10598 3717 6340 3899 
10599 3769 6466 5027 
10600 4429 6638 4507 
10601 371 5691 438 
10602 5706 6238 5315 
10603 664 683 600 
10604 4073 6108 4074 
10605 971 974 973 
10606 1397 6507 1396 
10607 5160 6843 3945 
10608 2629 6433 3616 
10609 1022 5961 5582 
10610 1073 6464 5928 
10611 5720 6718 3833 
10612 2788 6483 1189 
10613 159 6512 5 
10614 3 6513 106 
10615 5501 6484 5517 
10616 1143 6593 1141 
10617 688 6185 1314 
10618 5 6512 158 
10619 122 6513 3 
10620 3662 6861 2846 
10621 5753 5754 3184 
10622 3379 3381 3380 
10623 4618 6040 1722 
10624 4287 6501 4284 
10625 4907 6496 3315 
10626 3317 6496 3321 
10627 1503 3987 1502 
10628 1269 1271 1270 
10629 4110 6645 3740 
10630 3866 6825 5606 
10631 3681 6052 3144 
10632 1399 6507 1406 
10633 5341 6573 5339 
10634 1115 1117 1116 
10635 365 6508 364 
10636 4470 6601 4471 
10637 4222 6478 6345 
10638 3766 6863 3844 
10639 3799 6863 3765 
10640 2617 2619 2618 
10641 4548 6851 3940 
10642 139 6495 138 
10643 2567 6842 2569 
10644 5164 6549 2388 
10645 1759 5643 1748 
10646 4466 6165 5656 
10647 5188 6556 1990 
10648 3693 6556 2982 
10649 4000 6831 5345 
10650 6148 6580 5626 
10651 3922 6823 2930 
10652 4009 6561 4007 
10653 1566 5845 1564 
10654 3927 6358 6010 
10655 1729 5657 2556 
10656 3391 3392 2829 
10657 4746 6566 2055 
10658 3725 6571 3969 
10659 3124 3125 2620 
10660 1190 6577 1186 
10661 630 633 631 
10662 1373 1468 1467 
10663 4877 6788 1462 
10664 1938 5848 1940 
10665 1073 5928 5615 
10666 851 892 891 
10667 969 5985 972 
10668 5518 6780 5519 
10669 4492 6815 1170 
10670 1048 5849 5296 
10671 5143 6606 5012 
10672 1277 6606 5172 
10673 2245 6775 1694 
10674 1696 6775 1715 
10675 4980 6607 4428 
10676 4562 6347 5874 
10677 1963 6760 785 
10678 5052 6749 5051 
10679 1059 6623 1041 
10680 3601 6742 3167 
10681 3570 3571 3160 
10682 3762 6635 3768 
10683 3842 6635 3764 
10684 1088 6729 1129 
10685 763 6720 761 
10686 1442 3420 1441 
10687 4837 6707 3759 
10688 495 6653 482 
10689 2324 6656 2043 
10690 2282 6656 5286 
10691 3284 6698 4515 
10692 1524 6688 1641 
10693 2559 6682 2081 
10694 2036 6688 1523 
10695 6545 6789 538 
10696 6462 6846 976 
10697 5054 5906 2319 
10698 1326 6683 5535 
10699 146 6814 183 
10700 145 6761 144 
10701 1099 1160 1101 
10702 628 630 629 
10703 142 6633 141 
10704 405 4438 404 
10705 3666 3667 3558 
10706 3187 5909 3253 
10707 140 6590 182 
10708 3376 3566 3565 
10709 4446 6235 5869 
10710 210 6691 5037 
10711 379 5852 356 
10712 4056 6737 4316 
10713 404 4438 446 
10714 3580 6687 2574 
10715 279 6612 234 
10716 143 6752 201 
10717 5745 6201 3707 
10718 5771 6034 5229 
10719 3329 5853 3656 
10720 5237 6050 2762 
10721 834 6821 4291 
10722 1050 5589 5234 
10723 3234 5973 3793 
10724 5932 6597 3654 
10725 3209 3211 3210 
10726 3165 5857 4263 
10727 3369 3373 3370 
10728 6085 6258 3937 
10729 4187 6545 537 
10730 1201 5660 2793 
10731 2477 5858 4523 
10732 3243 6215 5719 
10733 3378 6266 3943 
10734 4139 6055 1054 
10735 4038 4115 3017 
10736 6264 6804 3600 
10737 936 5859 4692 
10738 4437 6659 6496 
10739 3371 6013 5703 
10740 2609 2625 2624 
10741 1771 5861 2352 
10742 664 6813 6115 
10743 5546 5860 2723 
10744 4746 6555 3948 
10745 156 6168 155 
10746 4115 5378 3017 
10747 4101 5782 2713 
10748 1142 1144 1143 
10749 3173 5931 4110 
10750 4445 5868 3622 
10751 3675 6148 3597 
10752 507 6286 3335 
10753 1197 1437 926 
10754 4248 6712 3545 
10755 544 6315 543 
10756 3425 6767 5418 
10757 866 869 867 
10758 2628 5826 3389 
10759 1142 1143 1141 
10760 4446 5868 4445 
10761 5650 6192 3827 
10762 935 1205 938 
10763 3340 6080 6018 
10764 3224 3225 3223 
10765 1447 3608 3607 
10766 1228 1230 1229 
10767 1352 5831 3104 
10768 3139 3142 3141 
10769 1157 6410 1155 
10770 84 6534 2 
10771 2 6534 121 
10772 2819 5745 1373 
10773 4064 4431 3293 
10774 3904 6794 4774 
10775 3398 6645 4110 
10776 564 6826 1300 
10777 5599 5875 3345 
10778 1750 5875 5599 
10779 2616 6830 3296 
10780 4773 6794 6350 
10781 2556 5657 2836 
10782 2629 3616 1806 
10783 3192 3193 3191 
10784 5599 6734 4534 
10785 562 642 580 
10786 6019 6209 3695 
10787 5003 5870 208 
10788 949 5856 600 
10789 5034 6603 216 
10790 3345 6015 4350 
10791 1384 3122 3068 
10792 1738 6786 3151 
10793 4369 6274 498 
10794 624 6696 622 
10795 2714 3657 3346 
10796 992 5864 5863 
10797 1057 1393 1392 
10798 3608 6677 3607 
10799 911 5728 913 
10800 2794 5774 2796 
10801 963 6846 6462 
10802 3255 6679 5692 
10803 3291 3603 3290 
10804 4273 5776 4271 
10805 4142 6649 1258 
10806 1505 6731 6447 
10807 4090 4093 4092 
10808 879 6619 6594 
10809 1532 6706 1533 
10810 531 6017 528 
10811 5682 6738 3352 
10812 3075 5874 4886 
10813 720 6379 5990 
10814 599 664 600 
10815 3345 5875 3344 
10816 549 5876 3626 
10817 5171 5877 5258 
10818 4031 6672 4295 
10819 4568 5878 4570 
10820 1438 1439 1437 
10821 930 5606 931 
10822 5342 6768 3046 
10823 3279 6675 4377 
10824 892 6436 5742 
10825 2414 2562 2416 
10826 3544 5965 2748 
10827 1431 6562 4311 
10828 3366 6511 3372 
10829 3237 3282 3235 
10830 499 6437 4306 
10831 1272 4932 4905 
10832 2562 3137 2573 
10833 5561 5882 3174 
10834 5779 5780 632 
10835 4852 5780 5779 
10836 3131 5884 5139 
10837 4405 6110 5958 
10838 1040 5885 1063 
10839 4774 6517 3904 
10840 184 6238 5706 
10841 5646 6712 2758 
10842 869 871 870 
10843 990 1485 1484 
10844 2277 2279 2278 
10845 1477 1479 1351 
10846 4506 6188 3289 
10847 3670 3671 3668 
10848 5789 6488 1236 
10849 3387 3555 3386 
10850 3234 3793 3792 
10851 946 6458 5642 
10852 3144 6052 3701 
10853 3135 5749 4082 
10854 4095 5933 3635 
10855 5580 6448 620 
10856 5234 5589 5235 
10857 528 6017 530 
10858 535 6278 4629 
10859 5966 6669 3248 
10860 1780 6117 1778 
10861 3593 5909 3817 
10862 1468 3302 1467 
10863 1117 1119 1118 
10864 3373 3377 3374 
10865 3919 5932 3626 
10866 4080 6042 4081 
10867 2994 5193 5192 
10868 5192 5193 2614 
10869 5378 5593 3054 
10870 3665 6261 4426 
10871 893 902 901 
10872 2768 6237 5261 
10873 4091 6179 3988 
10874 4275 6093 4281 
10875 3825 3849 3674 
10876 1767 5899 1764 
10877 324 328 322 
10878 4324 5648 4438 
10879 624 628 626 
10880 3684 6614 4076 
10881 1272 4905 4904 
10882 1027 5900 1033 
10883 3353 5702 5701 
10884 3177 5962 4981 
10885 107 6558 4 
10886 4 6558 181 
10887 4230 6660 3634 
10888 4374 5802 1392 
10889 4175 5903 3797 
10890 3652 6563 4555 
10891 2823 6592 6186 
10892 5802 5803 2809 
10893 2750 6532 5734 
10894 974 979 978 
10895 5928 6464 4192 
10896 3607 6081 3876 
10897 5809 6336 6216 
10898 5820 6450 4356 
10899 2015 2037 2018 
10900 3929 5906 4299 
10901 3226 3229 3225 
10902 3397 3638 3395 
10903 4853 5907 4852 
10904 2605 2607 2606 
10905 826 827 823 
10906 4264 6522 3933 
10907 5969 6829 3625 
10908 3908 6409 4460 
10909 3649 6693 3646 
10910 3194 3195 3193 
10911 3622 6131 3623 
10912 979 981 980 
10913 5206 5931 2285 
10914 4377 6852 3279 
10915 1206 1209 1208 
10916 1230 1232 1231 
10917 62 5905 63 
10918 600 5856 598 
10919 2780 2781 1439 
10920 2124 5915 2101 
10921 1368 3136 3135 
10922 5732 6653 4006 
10923 620 6448 617 
10924 6125 6609 3101 
10925 2219 6188 4506 
10926 1006 6634 1004 
10927 3103 5791 3102 
10928 1192 6012 1096 
10929 4413 6490 1067 
10930 837 5913 4174 
10931 3201 3202 3198 
10932 1324 5917 4639 
10933 931 5606 934 
10934 1466 2809 1170 
10935 5674 6291 5576 
10936 157 5750 204 
10937 205 5751 123 
10938 5806 6034 3746 
10939 3161 6725 400 
10940 2572 2760 2722 
10941 924 5904 925 
10942 3164 6727 392 
10943 3056 3653 3615 
10944 642 6108 644 
10945 1732 1734 1733 
10946 2626 5854 4135 
10947 923 6368 6037 
10948 3421 5689 3420 
10949 4431 5942 3293 
10950 3957 6011 5773 
10951 5010 6226 193 
10952 4448 5975 607 
10953 543 4190 541 
10954 4333 6662 3785 
10955 5632 6664 5341 
10956 207 6159 5034 
10957 5773 6011 1770 
10958 4003 6568 6303 
10959 3688 6107 4336 
10960 6121 6691 3553 
10961 1013 6711 4464 
10962 5667 6163 5668 
10963 5906 6087 2319 
10964 3313 6366 5743 
10965 3556 3559 3555 
10966 4449 6298 4293 
10967 309 6298 4449 
10968 5773 5817 5816 
10969 1260 2794 1375 
10970 630 635 633 
10971 1479 3378 1480 
10972 1801 5787 1798 
10973 3158 6420 3312 
10974 3821 6817 3820 
10975 934 5647 935 
10976 3054 5593 3056 
10977 4374 5803 5802 
10978 5680 6852 1120 
10979 4263 5770 3166 
10980 4546 5804 3423 
10981 3663 6854 965 
10982 660 662 658 
10983 5215 6760 2286 
10984 2407 2414 2411 
10985 3873 6631 4442 
10986 3121 6370 4351 
10987 3308 6557 6441 
10988 4344 6611 861 
10989 5764 5860 4619 
10990 2405 4315 2407 
10991 4293 6388 317 
10992 844 1377 1347 
10993 74 6263 6003 
10994 3609 5833 2827 
10995 3393 3394 3392 
10996 2797 5880 2795 
10997 2640 2715 2641 
10998 903 906 905 
10999 3360 3361 3359 
11000 4280 5758 4283 
11001 3258 6627 3334 
11002 3084 6103 5814 
11003 1483 2713 1482 
11004 726 6078 5616 
11005 5994 6782 3431 
11006 859 5934 778 
11007 4006 6005 3299 
11008 817 954 953 
11009 6215 6845 5719 
11010 955 5638 4354 
11011 5815 6655 531 
11012 5761 6025 3579 
11013 1770 5817 5773 
11014 5725 6323 4403 
11015 257 6567 5828 
11016 3572 3718 2781 
11017 3250 3552 3239 
11018 3926 6358 3927 
11019 1119 1123 1122 
11020 3900 6859 3972 
11021 3640 3814 3639 
11022 5546 6040 5860 
11023 1312 6283 3612 
11024 4022 4032 4025 
11025 3654 4117 4070 
11026 5155 6245 5763 
11027 5763 6245 1620 
11028 3196 3249 3195 
11029 5631 6654 4856 
11030 4147 4197 1349 
11031 1061 5961 1020 
11032 2794 2796 2795 
11033 3746 6034 5771 
11034 5757 6567 6105 
11035 918 919 917 
11036 2983 3694 3693 
11037 2747 6643 6228 
11038 3593 3817 3816 
11039 4087 6321 4088 
11040 624 4484 628 
11041 3060 6289 4245 
11042 3579 5891 5761 
11043 1232 1234 1233 
11044 3952 3953 3837 
11045 4596 5944 4598 
11046 2568 3173 2813 
11047 1378 3836 3835 
11048 825 6702 826 
11049 3205 3243 3203 
11050 2799 3306 2797 
11051 5360 5947 5184 
11052 3157 3158 2816 
11053 1062 5948 1044 
11054 5869 6822 6412 
11055 642 644 643 
11056 3691 5972 3752 
11057 417 5949 419 
11058 4332 5968 5639 
11059 1804 1807 1805 
11060 6139 6325 540 
11061 3987 4089 3988 
11062 3171 4229 3624 
11063 3102 6597 5932 
11064 5723 6770 426 
11065 3423 6841 4105 
11066 1174 6815 4492 
11067 607 5975 4423 
11068 5125 6223 5848 
11069 2778 6831 6280 
11070 1406 6370 4513 
11071 892 5673 893 
11072 1203 1340 1339 
11073 2351 5953 2052 
11074 2593 6840 2280 
11075 3122 3347 3123 
11076 644 646 645 
11077 2400 5666 2402 
11078 1516 2258 1514 
11079 422 4297 423 
11080 4219 6338 427 
11081 5755 6625 5756 
11082 3404 6542 5859 
11083 713 6321 4195 
11084 848 6617 5660 
11085 4053 5967 4058 
11086 553 6220 6083 
11087 2758 6712 4251 
11088 3949 6840 2804 
11089 2798 5694 3286 
11090 5615 5928 4349 
11091 3867 6771 4068 
11092 1800 1801 1798 
11093 5229 6034 4884 
11094 5680 6328 3687 
11095 4396 6582 6377 
11096 4211 6447 4487 
11097 3708 5962 3177 
11098 4071 5194 5193 
11099 646 648 647 
11100 3719 4036 3718 
11101 5039 6397 6221 
11102 3152 6452 5967 
11103 4471 6074 4519 
11104 5639 5968 3595 
11105 2279 3428 2290 
11106 1378 3834 1347 
11107 831 834 828 
11108 2796 2798 2797 
11109 202 6414 5798 
11110 2259 2261 2260 
11111 3775 6469 3727 
11112 6145 6581 829 
11113 3908 6564 6409 
11114 4179 6116 4064 
11115 4435 5971 186 
11116 3199 6254 4479 
11117 599 6813 664 
11118 3643 6834 3644 
11119 3836 3838 3837 
11120 4027 6375 6183 
11121 1437 5728 926 
11122 4084 5584 4206 
11123 907 910 909 
11124 1129 6729 5749 
11125 868 6261 4322 
11126 4294 6242 6241 
11127 2480 6284 4424 
11128 1337 5942 953 
11129 1212 1215 1214 
11130 5743 6366 2441 
11131 4220 6401 4221 
11132 3235 5919 3229 
11133 3469 4908 3471 
11134 3476 4908 3469 
11135 329 330 328 
11136 4406 6195 5902 
11137 5216 6760 5215 
11138 4716 6050 3548 
11139 4403 6323 1160 
11140 3231 6485 3224 
11141 3089 6397 5793 
11142 5275 5974 3542 
11143 1758 6294 4367 
11144 4338 6348 1069 
11145 1340 1461 1460 
11146 3944 6629 6056 
11147 109 5976 108 
11148 4116 6038 4317 
11149 546 6733 5781 
11150 3748 6088 3750 
11151 387 4213 385 
11152 331 332 330 
11153 3771 6398 5769 
11154 699 6540 4125 
11155 1105 1121 1107 
11156 5707 6169 2788 
11157 1478 3696 3560 
11158 3818 6581 3815 
11159 2148 6680 2211 
11160 333 336 332 
11161 1123 1125 1124 
11162 1260 1308 1256 
11163 6345 6479 2571 
11164 3929 6087 5906 
11165 2758 3064 2570 
11166 1234 1237 1235 
11167 2603 3548 2785 
11168 6265 6574 3629 
11169 502 6653 5732 
11170 627 6654 5631 
11171 500 3127 501 
11172 3776 3777 3638 
11173 4060 5839 5794 
11174 3780 4388 3477 
11175 958 992 956 
11176 155 6168 191 
11177 1312 3586 3585 
11178 935 5647 1205 
11179 4383 6382 5885 
11180 1714 2391 1819 
11181 4401 5684 205 
11182 3543 6285 4551 
11183 5612 6516 3749 
11184 1809 6596 6351 
11185 2713 2743 1482 
11186 2763 6397 5039 
11187 2727 3090 2728 
11188 2798 3286 2799 
11189 6373 6801 715 
11190 3386 5954 3273 
11191 1461 3094 1460 
11192 674 675 673 
11193 1405 2803 2628 
11194 2780 3688 3572 
11195 6360 6730 1031 
11196 2786 4307 4306 
11197 588 6690 4263 
11198 3377 5818 3374 
11199 3611 6102 5643 
11200 712 5990 710 
11201 148 5980 147 
11202 3668 5699 3667 
11203 3147 3150 3149 
11204 1209 1254 1210 
11205 1103 6323 5725 
11206 1410 5983 1411 
11207 1241 1245 1243 
11208 2568 2813 2724 
11209 695 4406 684 
11210 3611 5643 3832 
11211 3561 6463 6114 
11212 608 612 610 
11213 4524 6610 3658 
11214 3896 6348 4338 
11215 5934 6082 778 
11216 1101 6323 1103 
11217 5366 5988 304 
11218 3209 3210 3207 
11219 3904 6517 5817 
11220 5817 6517 5816 
11221 1948 5989 1946 
11222 3588 5992 3589 
11223 3290 3292 1337 
11224 1339 1341 1204 
11225 6464 6506 3847 
11226 2755 3070 3069 
11227 932 6342 5959 
11228 5167 5995 4837 
11229 2983 5739 3694 
11230 5676 6218 3552 
11231 550 5876 549 
11232 2261 2263 2262 
11233 5806 6762 4884 
11234 2331 6391 2717 
11235 1352 3103 3102 
11236 2604 5997 5233 
11237 1274 1452 1431 
11238 2827 3074 2858 
11239 3786 6063 5997 
11240 3757 6714 3821 
11241 943 6260 4473 
11242 3142 3144 3143 
11243 5813 6140 457 
11244 2480 5945 1996 
11245 6027 6029 3811 
11246 3983 6490 3283 
11247 3254 6703 3200 
11248 3657 6459 3346 
11249 1216 1253 1218 
11250 2574 6687 5965 
11251 2245 6463 4180 
11252 3055 6000 4607 
11253 3733 6608 4327 
11254 676 4370 679 
11255 1375 3091 1308 
11256 3750 6088 3784 
11257 3431 6782 6106 
11258 2263 2265 2264 
11259 4684 5978 5620 
11260 2950 6122 2948 
11261 3909 6564 3908 
11262 5889 6724 5888 
11263 3812 6009 6008 
11264 2277 4881 2309 
11265 5794 6444 3304 
11266 3794 4189 3967 
11267 5865 6530 794 
11268 1374 6049 4109 
11269 4255 6639 1540 
11270 4524 6678 6610 
11271 3247 3687 3686 
11272 2319 6087 4889 
11273 3234 3791 3210 
11274 3203 5719 3202 
11275 3974 6017 3977 
11276 3259 3738 3257 
11277 74 6003 75 
11278 3168 6177 4392 
11279 2265 2269 2268 
11280 4426 6261 868 
11281 5701 6686 1215 
11282 3343 6015 3345 
11283 4285 6548 4286 
11284 8 6006 9 
11285 5912 6326 1306 
11286 3753 6016 3751 
11287 5694 5695 3286 
11288 3620 6500 5703 
11289 5968 6533 6423 
11290 197 6442 5801 
11291 6350 6404 3903 
11292 4251 4297 3064 
11293 1125 1139 1138 
11294 1380 3352 3351 
11295 3357 3360 3359 
11296 5753 6518 3333 
11297 4639 6630 4640 
11298 182 6590 5878 
11299 4034 6156 3120 
11300 3318 6022 3316 
11301 2251 6023 5502 
11302 2269 2334 2333 
11303 4005 6438 3581 
11304 209 5886 5005 
11305 3346 3547 2772 
11306 1734 5977 1737 
11307 1354 6838 1145 
11308 3938 6790 6258 
11309 5570 6282 6205 
11310 3930 6141 5376 
11311 3846 6150 3979 
11312 5917 6630 4639 
11313 3264 6386 5982 
11314 425 6758 422 
11315 6537 6695 626 
11316 3713 3775 3727 
11317 3296 6735 5592 
11318 828 5735 827 
11319 3899 6340 6249 
11320 1197 1474 1438 
11321 4467 6042 1313 
11322 5111 6035 3493 
11323 3713 4182 3775 
11324 2464 6031 4427 
11325 393 6273 442 
11326 5554 6449 377 
11327 3976 6353 3975 
11328 6029 6328 1127 
11329 3144 3701 3145 
11330 5770 6308 4830 
11331 893 5673 902 
11332 634 6797 4302 
11333 201 6752 5944 
11334 5888 6724 988 
11335 910 1196 926 
11336 906 5737 907 
11337 4489 6041 4488 
11338 4569 6726 5458 
11339 5755 5756 3073 
11340 3779 6040 5546 
11341 1378 6001 3836 
11342 3303 6140 4530 
11343 3792 4133 3791 
11344 2740 3109 2770 
11345 5520 5530 5529 
11346 6161 6845 3828 
11347 4197 6038 1348 
11348 1231 6334 1258 
11349 5530 5654 5529 
11350 3309 4252 4073 
11351 5993 6429 6310 
11352 5839 6444 5794 
11353 5285 6369 1357 
11354 2717 3073 2737 
11355 3378 3943 3379 
11356 5798 6414 3881 
11357 5870 6396 3094 
11358 1740 6786 1738 
11359 3848 6660 4230 
11360 5749 6729 4082 
11361 3352 4321 3353 
11362 844 1347 842 
11363 4455 6207 1817 
11364 3215 3242 3213 
11365 3628 6533 5968 
11366 1405 5866 2812 
11367 633 6797 634 
11368 4046 6047 4535 
11369 204 6275 6168 
11370 927 6064 855 
11371 1172 1173 1171 
11372 1641 5855 4908 
11373 3306 5880 2797 
11374 3383 6266 3378 
11375 4530 6140 5813 
11376 960 5883 958 
11377 4192 6464 3847 
11378 4460 6117 1780 
11379 6098 6625 283 
11380 1930 6061 1953 
11381 3272 3278 3277 
11382 5872 6161 3828 
11383 3556 5850 3559 
11384 1139 1142 1141 
11385 5642 6817 947 
11386 4306 6437 461 
11387 2757 2758 2570 
11388 910 926 911 
11389 4085 4086 3382 
11390 915 918 917 
11391 4405 6500 3620 
11392 3344 6418 3341 
11393 3263 3264 3261 
11394 1274 1431 1273 
11395 3382 5830 5829 
11396 1476 2790 2789 
11397 549 3626 1309 
11398 821 5879 948 
11399 3073 3553 2737 
11400 5537 6515 5786 
11401 3720 6578 5694 
11402 3587 6063 3786 
11403 4003 6303 3675 
11404 79 6060 80 
11405 3186 6051 3183 
11406 1807 2328 1808 
11407 5618 6514 5715 
11408 1125 1302 1139 
11409 5658 6206 313 
11410 1200 6453 4170 
11411 1028 6673 5950 
11412 3821 6714 5892 
11413 4124 6101 4410 
11414 428 6401 5949 
11415 5643 6102 1748 
11416 3732 6719 6678 
11417 1274 5994 3431 
11418 412 4323 409 
11419 3189 6051 3186 
11420 3142 3681 3144 
11421 5843 5936 1253 
11422 3743 3744 3522 
11423 3159 3160 3158 
11424 3273 5954 3272 
11425 1469 6072 4480 
11426 1205 5956 1206 
11427 66 6056 713 
11428 4285 6647 6548 
11429 4483 6253 4481 
11430 6358 6486 6010 
11431 5974 6182 3542 
11432 3278 3998 3728 
11433 3615 6190 5971 
11434 4431 6116 3612 
11435 3934 6781 4147 
11436 1936 6461 1933 
11437 219 6121 5750 
11438 1197 1438 1437 
11439 2291 6045 1807 
11440 4090 4092 4091 
11441 3361 3620 3363 
11442 3732 6678 4524 
11443 6060 6580 796 
11444 1209 1379 1254 
11445 1237 5981 1239 
11446 1441 6064 927 
11447 1111 1128 1113 
11448 1386 4492 4491 
11449 6208 6785 5821 
11450 1336 3290 1337 
11451 2331 2717 2481 
11452 6247 6373 71 
11453 132 6079 131 
11454 1249 1260 1256 
11455 954 1336 953 
11456 778 6082 771 
11457 2784 5332 5245 
11458 5245 5332 2993 
11459 4202 6430 1528 
11460 5828 6057 231 
11461 1222 1246 1224 
11462 2328 2766 2329 
11463 4536 6083 3609 
11464 4464 6103 3085 
11465 1096 6012 1099 
11466 3374 5818 3376 
11467 919 923 921 
11468 2265 6419 2269 
11469 5922 6127 1620 
11470 3687 6328 6029 
11471 186 4246 128 
11472 5712 6723 1257 
11473 1234 1238 1237 
11474 5997 6169 5233 
11475 3211 3234 3210 
11476 562 580 560 
11477 209 6202 5886 
11478 3784 6468 4371 
11479 3219 3227 3217 
11480 2714 2772 1492 
11481 2792 6191 4514 
11482 519 6229 384 
11483 864 895 866 
11484 3330 6087 3929 
11485 4231 6376 6046 
11486 3424 6675 3279 
11487 3318 6155 6022 
11488 4036 6535 3718 
11489 744 5943 741 
11490 925 5904 930 
11491 4222 6345 2721 
11492 3268 3276 3266 
11493 4159 6520 742 
11494 1489 6608 1491 
11495 3635 6255 4095 
11496 336 5800 1451 
11497 3156 4048 3154 
11498 3671 5699 3668 
11499 4410 6101 4411 
11500 4318 4325 945 
11501 794 6530 4365 
11502 6046 6376 2842 
11503 1028 6755 4338 
11504 1438 2780 1439 
11505 2220 2748 2221 
11506 3073 5910 3553 
11507 3897 6348 3896 
11508 5754 6096 3274 
11509 3365 3371 3367 
11510 3134 6856 4335 
11511 3566 5549 3565 
11512 1119 1137 1123 
11513 3064 4262 2768 
11514 3249 3274 3195 
11515 814 816 813 
11516 6413 6745 975 
11517 5905 6576 716 
11518 3394 5679 3392 
11519 179 6099 215 
11520 5835 6280 3999 
11521 3379 6341 3381 
11522 1341 2842 1447 
11523 6355 6682 4035 
11524 795 6170 4305 
11525 3091 5862 3427 
11526 3196 5872 3249 
11527 3969 6571 6061 
11528 3734 6788 4878 
11529 3282 5919 3235 
11530 3229 3245 3230 
11531 3912 5846 5206 
11532 3191 3333 3189 
11533 3420 3425 1441 
11534 3735 6237 5276 
11535 3223 3228 3221 
11536 1115 1305 1117 
11537 3229 3230 3225 
11538 2858 5837 3596 
11539 5782 6119 3736 
11540 3272 3277 3270 
11541 4071 5644 1713 
11542 3555 4142 3386 
11543 3085 6103 3084 
11544 1228 1236 1230 
11545 3369 3575 3373 
11546 6063 6483 2788 
11547 1360 6436 847 
11548 3282 6723 5712 
11549 3300 4588 3742 
11550 3625 6829 3385 
11551 577 6444 5839 
11552 4163 6613 875 
11553 5125 6112 3077 
11554 1379 3639 1380 
11555 3630 6169 5707 
11556 1478 3560 1477 
11557 3440 6114 2245 
11558 1817 6207 5607 
11559 582 6364 584 
11560 2780 3572 2781 
11561 195 6396 5003 
11562 608 6743 578 
11563 2743 6043 1482 
11564 320 321 192 
11565 215 6119 5010 
11566 3245 3279 3247 
11567 3711 5594 1473 
11568 4519 6330 5827 
11569 1819 4214 4071 
11570 3307 6554 6413 
11571 132 6151 6079 
11572 1368 3135 1367 
11573 3712 5894 3713 
11574 2794 2795 1375 
11575 3281 6152 3757 
11576 1238 1252 1251 
11577 1804 1805 1800 
11578 2829 6049 1374 
11579 1206 5956 1209 
11580 1252 1262 1261 
11581 3892 6585 4366 
11582 4090 4091 3988 
11583 3249 3826 3274 
11584 5591 6244 5590 
11585 1262 1329 1327 
11586 6313 6657 5002 
11587 699 810 698 
11588 1329 1368 1367 
11589 1382 5851 1384 
11590 697 698 696 
11591 1377 1378 1347 
11592 3572 3719 3718 
11593 567 6133 569 
11594 875 6113 20 
11595 1357 6369 5656 
11596 4363 6661 937 
11597 2819 6361 5746 
11598 2796 2797 2795 
11599 4064 6116 4431 
11600 971 973 968 
11601 2799 3651 3306 
11602 3836 3837 3835 
11603 4520 5666 2400 
11604 5046 5931 3173 
11605 3558 5850 3556 
11606 1340 1460 1339 
11607 1462 6788 6505 
11608 4338 6755 3896 
11609 3613 6138 3614 
11610 3826 3827 3274 
11611 3116 6338 3578 
11612 457 6140 5555 
11613 4132 6264 3600 
11614 3736 6124 3737 
11615 6176 6574 1497 
11616 4417 6135 5568 
11617 1378 3835 3834 
11618 2798 2799 2797 
11619 4367 6294 2777 
11620 1238 1251 1237 
11621 976 6846 6125 
11622 3838 3952 3837 
11623 5686 6664 789 
11624 4232 6664 5686 
11625 2819 5746 5745 
11626 4522 6143 3576 
11627 2126 6748 2098 
11628 3243 5719 3203 
11629 1072 6132 6131 
11630 3931 6719 3732 
11631 3521 3743 3522 
11632 1030 6248 4167 
11633 1329 1367 1327 
11634 1379 1380 1254 
11635 1496 5667 1493 
11636 4997 6109 194 
11637 1262 1327 1261 
11638 3347 5881 3123 
11639 5758 6519 4283 
11640 1252 1261 1251 
11641 1260 1375 1308 
11642 5893 6425 3868 
11643 4128 6829 5969 
11644 3661 6861 5522 
11645 3245 3247 3230 
11646 337 5800 336 
11647 4231 6046 1460 
11648 918 5834 919 
11649 3716 6069 3748 
11650 2777 6295 4367 
11651 133 6151 132 
11652 656 5824 654 
11653 3847 6506 3845 
11654 875 6613 5634 
11655 5566 6149 3301 
11656 4370 6676 5914 
11657 3828 6085 3826 
11658 6035 6270 3493 
11659 954 5863 1336 
11660 3234 3792 3791 
11661 227 257 229 
11662 1196 1197 926 
11663 5763 6343 3464 
11664 4269 6584 5996 
11665 4472 6848 4239 
11666 1721 5901 2347 
11667 1721 2347 1724 
11668 4474 6592 2823 
11669 312 6615 306 
11670 5903 5922 1620 
11671 3032 3778 3602 
11672 3941 6269 6090 
11673 5724 6234 425 
11674 823 5879 821 
11675 3278 3728 3277 
11676 3320 6155 3318 
11677 4989 6525 5167 
11678 2280 6319 2278 
11679 3149 5925 3355 
11680 6099 6124 215 
11681 3946 6156 3447 
11682 3998 4209 3728 
11683 926 5728 911 
11684 168 6157 167 
11685 5724 6770 5723 
11686 4239 6848 4240 
11687 1051 6055 1050 
11688 1258 6334 6324 
11689 1260 6004 2794 
11690 1336 1337 953 
11691 3930 6393 6141 
11692 2714 3346 2772 
11693 3612 6116 4181 
11694 4336 6239 3688 
11695 4999 6129 198 
11696 5594 6383 1473 
11697 3622 3623 2790 
11698 3173 4110 3740 
11699 3669 6528 4314 
11700 3301 6149 5585 
11701 3633 6331 4132 
11702 3712 3713 3711 
11703 4494 6165 4466 
11704 5590 6244 5537 
11705 5742 6436 1360 
11706 3198 5872 3196 
11707 5982 6386 6126 
11708 834 5735 828 
11709 5233 6169 3630 
11710 783 6171 787 
11711 1711 1751 1712 
11712 676 679 675 
11713 3656 6639 4255 
11714 4255 6643 3656 
11715 693 5838 1281 
11716 2287 6172 2286 
11717 3440 6232 6114 
11718 654 680 652 
11719 2759 5785 4588 
11720 6129 6604 198 
11721 4089 6142 4090 
11722 907 5737 910 
11723 4142 6324 5954 
11724 688 6689 690 
11725 2759 6843 5160 
11726 2482 4140 4137 
11727 902 6241 903 
11728 6237 6784 5276 
11729 1203 1339 1204 
11730 2419 5793 2763 
11731 2783 6398 5143 
11732 4001 6177 3168 
11733 5818 5819 3566 
11734 3594 4520 2620 
11735 2793 6147 1458 
11736 1484 1494 989 
11737 1451 5795 2787 
11738 6156 6555 3120 
11739 3820 6458 3756 
11740 408 4438 405 
11741 1776 6352 5861 
11742 4324 6367 5648 
11743 2791 6379 6189 
11744 4307 6657 6313 
11745 3123 5881 3139 
11746 3542 6182 5317 
11747 4385 6796 5992 
11748 526 6184 525 
11749 1243 5939 1247 
11750 3749 6516 3747 
11751 2740 2770 2380 
11752 2786 4306 461 
11753 1306 6094 5912 
11754 3467 4203 4202 
11755 3521 5169 3971 
11756 832 6392 833 
11757 4989 6598 6525 
11758 1142 6128 1198 
11759 3728 5935 3277 
11760 1203 1204 1202 
11761 1757 1779 1778 
11762 5752 6057 3902 
11763 4366 6066 3891 
11764 4905 6722 4904 
11765 3801 5580 3800 
11766 3348 6191 3580 
11767 1218 5936 1220 
11768 4932 6410 4933 
11769 3710 3712 3711 
11770 4436 6502 575 
11771 4038 5772 4115 
11772 433 6747 3298 
11773 5967 6452 4058 
11774 2410 2413 2412 
11775 4551 6692 4343 
11776 3692 6180 3690 
11777 2413 2417 2415 
11778 188 6847 5039 
11779 3953 6203 3837 
11780 6056 6629 713 
11781 5895 6372 427 
11782 1373 5745 1468 
11783 5774 5939 1245 
11784 707 6197 709 
11785 6686 6849 1253 
11786 5844 6023 2251 
11787 3311 6023 5844 
11788 5691 6449 3429 
11789 1818 6642 5214 
11790 635 6025 5761 
11791 4372 6272 4330 
11792 4156 6271 1023 
11793 5880 6071 2795 
11794 5805 6187 438 
11795 1085 6164 1081 
11796 3341 6418 3339 
11797 2408 2410 2409 
11798 5877 6407 1323 
11799 4629 6278 3062 
11800 3534 6199 5480 
11801 4418 6527 1397 
11802 6211 6820 341 
11803 3405 6200 3407 
11804 2565 6582 5069 
11805 3810 6591 3812 
11806 3125 3594 2620 
11807 3303 6514 6140 
11808 3032 4965 3778 
11809 6175 6745 3876 
11810 3239 5908 3237 
11811 987 6279 4359 
11812 3751 6572 3692 
11813 5935 6059 3277 
11814 2863 3089 2585 
11815 3376 5818 3566 
11816 3070 3337 3121 
11817 3695 6209 3882 
11818 6049 6575 4109 
11819 1408 6210 1390 
11820 1491 1493 1492 
11821 218 6313 5002 
11822 1254 5923 1210 
11823 717 4061 723 
11824 4277 6093 4275 
11825 5642 6458 3820 
11826 3264 5999 5921 
11827 3920 5921 5765 
11828 4129 5580 3801 
11829 663 665 662 
11830 4685 6214 4659 
11831 5662 6600 663 
11832 211 6097 5008 
11833 1346 6533 6395 
11834 6395 6533 593 
11835 5746 6361 3685 
11836 3087 6234 5724 
11837 4998 6455 6109 
11838 5163 6217 2996 
11839 985 988 983 
11840 2482 4141 4140 
11841 3674 5912 3672 
11842 5595 6469 5831 
11843 5570 6205 4814 
11844 955 6250 5638 
11845 384 6736 519 
11846 1994 2480 1996 
11847 3321 6598 4989 
11848 5539 6219 3659 
11849 5038 6221 5007 
11850 5980 6814 147 
11851 3721 6223 3322 
11852 377 6449 5691 
11853 2741 6224 3813 
11854 170 6225 190 
11855 5041 6227 2597 
11856 2745 6228 2862 
11857 3828 6845 6258 
11858 3293 5942 1337 
11859 1756 6769 1806 
11860 4432 6322 716 
11861 2761 6779 6123 
11862 3473 3475 3474 
11863 3713 5894 4182 
11864 3621 6454 5985 
11865 989 5888 985 
11866 4205 6529 3818 
11867 5695 6036 3286 
11868 5827 6330 4229 
11869 1500 2588 1498 
11870 3619 6231 3328 
11871 1493 5667 2714 
11872 5848 6223 1940 
11873 3395 6451 3394 
11874 3731 6860 3391 
11875 1210 5923 1212 
11876 5433 6232 3440 
11877 1482 6043 1461 
11878 3990 6839 5867 
11879 2385 6233 2615 
11880 4142 5954 3386 
11881 1462 6286 507 
11882 4376 6542 1425 
11883 2309 3429 3428 
11884 798 1273 730 
11885 1940 6461 1936 
11886 3672 6094 3671 
11887 4588 5785 3742 
11888 4096 6322 4432 
11889 4377 6675 3092 
11890 223 283 225 
11891 1067 6301 4152 
11892 4185 6778 5617 
11893 4297 6758 4262 
11894 6023 6780 5502 
11895 328 6222 322 
11896 3237 5908 3282 
11897 135 6238 134 
11898 6582 6681 5069 
11899 5564 6235 4446 
11900 6028 6413 975 
11901 1099 6012 1160 
11902 5716 6286 1462 
11903 5782 6226 6119 
11904 5682 6619 879 
11905 4277 6236 6093 
11906 6167 6547 3841 
11907 3834 6026 1347 
11908 5276 6784 3087 
11909 6363 6754 4237 
11910 3653 6190 3615 
11911 5522 6861 5533 
11912 2277 2309 2279 
11913 5022 6245 5155 
11914 4368 5890 5789 
11915 3606 6117 5717 
11916 5607 6207 4057 
11917 6052 6053 3701 
11918 3275 6249 3897 
11919 1405 2812 2803 
11920 6550 6786 1740 
11921 1778 6117 3606 
11922 1143 6808 6593 
11923 6646 6850 2720 
11924 4793 4794 3573 
11925 4991 6123 5708 
11926 3159 3570 3160 
11927 1492 6020 1490 
11928 3651 6292 5625 
11929 168 6408 6157 
11930 1239 5940 1241 
11931 1493 2714 1492 
11932 6142 6167 4093 
11933 2560 6251 5558 
11934 70 6247 71 
11935 796 6580 6148 
11936 4415 6111 3788 
11937 5864 6081 3607 
11938 3603 6144 3290 
11939 3145 5937 3147 
11940 3916 6272 5796 
11941 587 6213 604 
11942 3905 6596 5573 
11943 6084 6441 639 
11944 958 5883 992 
11945 6182 6378 5317 
11946 5167 6525 609 
11947 3667 5850 3558 
11948 3701 5937 3145 
11949 4892 6316 455 
11950 538 1436 536 
11951 5954 6324 3278 
11952 1384 5851 3122 
11953 3355 5957 3357 
11954 1264 6317 5831 
11955 1731 6709 4409 
11956 2336 2465 2337 
11957 2563 6347 5164 
11958 2813 3794 2724 
11959 3181 6212 5960 
11960 6568 6860 3731 
11961 3493 6270 2747 
11962 4442 6128 1302 
11963 3596 5920 3685 
11964 3704 6774 4075 
11965 5899 6642 1818 
11966 163 6276 162 
11967 4279 6374 6236 
11968 3061 6847 4201 
11969 3207 5951 3205 
11970 3617 6277 2859 
11971 73 6263 74 
11972 2756 6280 3083 
11973 1160 6012 5758 
11974 666 667 665 
11975 5878 6590 4570 
11976 1991 6284 1994 
11977 135 6314 6238 
11978 4321 6183 3353 
11979 4105 6841 4291 
11980 1819 4071 1713 
11981 2815 4290 3157 
11982 1485 1487 1486 
11983 5990 6379 4238 
11984 4241 6835 3976 
11985 3583 5739 3582 
11986 3229 5919 3245 
11987 3399 6290 3830 
11988 6009 6652 6008 
11989 1312 3585 1311 
11990 751 6568 4157 
11991 5810 6538 3855 
11992 1514 6302 1511 
11993 4438 5648 446 
11994 3546 6252 5777 
11995 4279 6236 4277 
11996 6140 6514 5555 
11997 1137 6104 5996 
11998 3309 5847 4252 
11999 426 6770 6487 
12000 3705 3706 3302 
12001 4319 6286 5716 
12002 4359 6532 2750 
12003 300 6298 309 
12004 3946 6555 6156 
12005 6196 6489 690 
12006 4147 6147 4197 
12007 5069 6681 5071 
12008 2763 3061 2420 
12009 4409 6709 4215 
12010 2780 6107 3688 
12011 3911 6403 3912 
12012 5741 6667 3861 
12013 5322 6393 3930 
12014 5532 5714 5713 
12015 1708 5644 2994 
12016 2606 5854 2609 
12017 5796 6272 4372 
12018 1397 6527 5633 
12019 650 651 648 
12020 6089 6393 5322 
12021 1730 5657 1729 
12022 2932 5697 3922 
12023 972 6570 5567 
12024 3970 6432 3709 
12025 3987 3988 1502 
12026 3631 6722 2770 
12027 5765 5935 1255 
12028 2836 5710 5562 
12029 2291 6290 6045 
12030 3272 5954 3278 
12031 5576 6291 1376 
12032 3969 6305 3723 
12033 3807 6306 3805 
12034 3941 6851 6269 
12035 1468 3707 3705 
12036 1461 6043 3094 
12037 4402 6701 190 
12038 5660 6617 4317 
12039 1953 6807 1929 
12040 3333 6051 3189 
12041 3947 6713 4328 
12042 3654 4070 1309 
12043 4044 6310 4045 
12044 4517 6361 2819 
12045 3213 5973 3211 
12046 3337 4346 4345 
12047 1537 2761 1535 
12048 640 6311 4430 
12049 6186 6592 3882 
12050 3392 6049 2829 
12051 3425 6064 1441 
12052 6194 6800 3714 
12053 4112 6316 4114 
12054 136 6314 135 
12055 208 6792 5976 
12056 4417 6527 6135 
12057 2093 6320 2094 
12058 6314 6380 5315 
12059 4081 6544 4079 
12060 1109 6431 5664 
12061 3240 6699 6249 
12062 500 501 458 
12063 3808 3809 2607 
12064 1209 5956 1379 
12065 2402 2405 2404 
12066 6038 6624 1348 
12067 1226 6021 1228 
12068 827 5879 823 
12069 3658 6327 4476 
12070 404 446 437 
12071 1173 6111 3172 
12072 5705 5927 3571 
12073 458 4369 437 
12074 2056 4589 2288 
12075 6181 6674 6180 
12076 5715 6416 412 
12077 4774 6794 4773 
12078 3202 5872 3198 
12079 3706 6367 4324 
12080 3923 6567 5757 
12081 2417 5955 2418 
12082 4224 6354 4225 
12083 910 5737 1196 
12084 5629 6835 4241 
12085 498 6362 4369 
12086 913 5984 915 
12087 1488 2733 1486 
12088 3261 5982 3259 
12089 919 5834 923 
12090 5661 6515 3296 
12091 6180 6509 3690 
12092 1487 1489 1488 
12093 3841 6701 4402 
12094 542 6697 2852 
12095 966 6028 964 
12096 5867 6839 3060 
12097 6020 6467 1490 
12098 4083 6576 3865 
12099 4380 6354 3649 
12100 3184 6212 3181 
12101 3171 3624 3090 
12102 2223 3583 3582 
12103 2629 6426 5840 
12104 592 3097 589 
12105 3609 6220 5833 
12106 5033 6343 4203 
12107 306 6615 305 
12108 3154 6001 1377 
12109 1489 1491 1490 
12110 3679 6344 5986 
12111 211 6459 6097 
12112 1264 5831 1352 
12113 3619 6481 6231 
12114 3139 5881 3142 
12115 964 975 962 
12116 1057 1392 1056 
12117 317 6388 4138 
12118 3617 6424 6277 
12119 3610 6347 4562 
12120 1328 6193 5695 
12121 446 459 458 
12122 716 6322 64 
12123 3861 6702 825 
12124 1451 2787 2786 
12125 459 541 500 
12126 1220 6002 1222 
12127 4059 6553 3754 
12128 3217 6007 3215 
12129 1247 6004 1249 
12130 3300 3742 2630 
12131 4771 6349 5031 
12132 4443 6506 6464 
12133 5318 6856 3134 
12134 5793 6346 2585 
12135 4030 6849 5702 
12136 6083 6220 3609 
12137 3791 5951 3210 
12138 5005 6539 5004 
12139 3786 6355 5200 
12140 2757 4245 2758 
12141 3081 6356 3789 
12142 2638 5665 2640 
12143 3632 6297 3631 
12144 5921 6386 3264 
12145 5679 6575 6049 
12146 4131 6032 3680 
12147 191 6168 315 
12148 842 6026 839 
12149 3997 6562 1431 
12150 501 4369 458 
12151 6045 6704 2328 
12152 5736 6089 3852 
12153 1549 5704 1547 
12154 4086 6676 5830 
12155 5652 6285 3543 
12156 6141 6393 401 
12157 6383 6622 1427 
12158 427 6338 5895 
12159 4323 4324 408 
12160 442 6273 6075 
12161 194 6741 4393 
12162 1003 6491 6412 
12163 5775 6173 3888 
12164 5912 6094 3672 
12165 1251 5981 1237 
12166 4132 6331 6006 
12167 3346 6365 3547 
12168 4240 6363 4237 
12169 3687 6029 3686 
12170 6310 6429 4045 
12171 1468 5745 3707 
12172 438 6187 4123 
12173 3986 6366 3314 
12174 3211 5973 3234 
12175 2136 6685 5052 
12176 33 6360 34 
12177 2259 2260 2258 
12178 3266 5999 3263 
12179 3129 6607 6172 
12180 6320 6440 2094 
12181 4123 6736 384 
12182 6069 6088 3748 
12183 2418 5832 2572 
12184 2697 6377 2453 
12185 5317 6378 2499 
12186 192 4400 125 
12187 5910 6121 3553 
12188 5756 5910 3073 
12189 3961 6476 5231 
12190 2056 2288 2057 
12191 2803 5826 2628 
12192 3083 6280 5835 
12193 5315 6380 5314 
12194 3586 6741 3585 
12195 3056 4106 3653 
12196 3381 4085 3382 
12197 3310 6462 3689 
12198 3279 6852 6024 
12199 5232 6456 3879 
12200 6258 6790 3937 
12201 4282 6374 4279 
12202 5728 5984 913 
12203 2560 6415 6251 
12204 231 6057 5752 
12205 3205 5951 3243 
12206 71 6373 72 
12207 4335 6457 4326 
12208 6150 6810 1428 
12209 3302 6416 5715 
12210 191 315 221 
12211 558 6084 556 
12212 768 6389 766 
12213 3874 6542 4376 
12214 4443 6464 1073 
12215 1726 1728 1727 
12216 4089 4090 3988 
12217 4696 6390 1163 
12218 556 639 554 
12219 5730 6427 4130 
12220 6224 6803 3813 
12221 1929 6807 1941 
12222 1769 6394 4573 
12223 4794 5946 3573 
12224 3772 6398 3771 
12225 5841 6433 2629 
12226 5581 6668 3758 
12227 3830 6856 5318 
12228 3353 6183 5702 
12229 626 6696 624 
12230 232 6666 228 
12231 3552 5908 3239 
12232 1239 5981 5940 
12233 3428 6449 5554 
12234 4927 6521 2126 
12235 193 6365 5040 
12236 3120 6555 4746 
12237 427 6372 6371 
12238 5490 6407 3698 
12239 169 6408 168 
12240 3363 6013 3365 
12241 3710 3711 1473 
12242 2015 5945 2464 
12243 4118 6818 6716 
12244 3097 6213 589 
12245 3836 6120 3838 
12246 4337 5873 3696 
12247 3849 5912 3674 
12248 1736 6137 6136 
12249 5184 6517 4774 
12250 668 6195 667 
12251 3659 6435 4434 
12252 6316 6721 455 
12253 2772 6020 1492 
12254 138 6414 137 
12255 4282 6501 6374 
12256 4447 6030 634 
12257 5178 5690 3476 
12258 3790 3923 2766 
12259 5751 6513 122 
12260 158 6512 5750 
12261 2625 5933 4313 
12262 6713 6843 2759 
12263 4353 6809 5846 
12264 4830 6308 605 
12265 257 5828 229 
12266 1021 5760 1019 
12267 6544 6824 4079 
12268 4502 6424 3617 
12269 4093 6167 4402 
12270 2616 2749 2740 
12271 4398 6584 4269 
12272 4090 6142 4093 
12273 3876 6081 5883 
12274 3150 5925 3149 
12275 3816 6268 3819 
12276 3594 6531 4315 
12277 3046 3112 3045 
12278 1352 3102 1301 
12279 3101 6810 6150 
12280 3422 6605 6368 
12281 1769 6470 6394 
12282 4045 6429 4047 
12283 5870 6792 208 
12284 3950 6792 5870 
12285 693 1281 690 
12286 4517 6614 6361 
12287 1543 6065 5708 
12288 4515 6432 2769 
12289 3626 5932 3654 
12290 552 6705 6019 
12291 4343 6692 4344 
12292 4328 6713 4588 
12293 5092 6684 622 
12294 6036 6292 3286 
12295 851 6436 892 
12296 1232 6488 5890 
12297 4030 6375 4024 
12298 5831 6469 3104 
12299 2094 6440 2103 
12300 599 600 598 
12301 5868 6131 3622 
12302 2609 2626 2625 
12303 5009 6442 197 
12304 3304 6444 4907 
12305 3692 6181 6180 
12306 4310 6428 3591 
12307 3943 6341 3379 
12308 4369 6362 437 
12309 6178 6817 3821 
12310 5544 6452 3152 
12311 632 6257 6256 
12312 991 6068 1203 
12313 1245 5939 1243 
12314 596 599 598 
12315 4145 5963 4144 
12316 1215 6686 1216 
12317 3753 6033 6016 
12318 6018 6478 3342 
12319 1212 5923 1215 
12320 3993 4447 3992 
12321 1377 6001 1378 
12322 1253 5936 1218 
12323 3290 6144 3292 
12324 6365 6459 5040 
12325 4112 6721 6316 
12326 5597 6415 2560 
12327 1141 6593 1319 
12328 4249 6466 3769 
12329 2562 2573 2416 
12330 5638 6250 3383 
12331 6378 6588 2499 
12332 4164 6637 4165 
12333 2572 5832 2760 
12334 1174 1385 1179 
12335 921 6037 924 
12336 2414 2416 2411 
12337 3141 6787 3944 
12338 4537 6470 1769 
12339 974 978 973 
12340 5949 6401 4220 
12341 3945 6843 3947 
12342 3598 6174 4230 
12343 6228 6643 4255 
12344 3817 6268 3816 
12345 3992 6839 3990 
12346 1710 5644 1708 
12347 6138 6139 540 
12348 4103 6481 3619 
12349 6382 6484 1063 
12350 1189 6483 4835 
12351 1468 3705 3302 
12352 1063 6484 5501 
12353 992 6081 5864 
12354 1224 6044 1226 
12355 6280 6831 3999 
12356 336 1451 461 
12357 3570 6352 3627 
12358 3988 6179 1502 
12359 1341 6046 2842 
12360 4247 6359 5577 
12361 3715 6485 6069 
12362 979 980 978 
12363 3690 6509 3664 
12364 1356 6751 1199 
12365 1053 4640 1055 
12366 3334 6627 6166 
12367 217 6558 107 
12368 3646 6693 3645 
12369 670 5902 668 
12370 3296 5592 2616 
12371 3315 6496 3317 
12372 1241 5940 1245 
12373 981 991 980 
12374 5856 6744 598 
12375 4284 6501 4282 
12376 6041 6418 3344 
12377 3147 5937 3150 
12378 4487 6601 4470 
12379 1748 6102 1745 
12380 3881 6563 3652 
12381 182 6495 139 
12382 5957 5958 3360 
12383 5938 6793 4098 
12384 3142 5881 3681 
12385 2733 6583 1486 
12386 216 6534 84 
12387 2420 5955 2417 
12388 3221 6048 3219 
12389 3232 6714 6152 
12390 5339 6573 5342 
12391 3432 5092 5091 
12392 1113 6054 1115 
12393 1506 3987 1503 
12394 1396 6507 1399 
12395 1494 6086 5889 
12396 364 6508 367 
12397 5986 5987 3678 
12398 2098 6748 2096 
12399 5648 6697 459 
12400 3868 6425 5647 
12401 3976 6835 6353 
12402 219 6512 159 
12403 106 6513 218 
12404 2827 5833 3074 
12405 6409 6564 2810 
12406 1754 6492 1756 
12407 4283 6519 4285 
12408 6307 6448 4129 
12409 1168 1169 1167 
12410 5971 6190 186 
12411 5027 6521 3604 
12412 4205 6774 6453 
12413 1462 6505 5716 
12414 1125 6130 1302 
12415 3863 6824 5222 
12416 3091 6071 5862 
12417 186 6190 4246 
12418 1053 1054 1051 
12419 5003 6396 5870 
12420 3361 6110 3620 
12421 3270 6059 3268 
12422 5041 6710 6227 
12423 1494 5888 989 
12424 5040 6459 211 
12425 1339 6046 1341 
12426 817 953 816 
12427 642 643 580 
12428 3210 5951 3207 
12429 3758 6668 5924 
12430 5647 6825 3868 
12431 401 6393 6089 
12432 1510 1758 1508 
12433 847 6436 851 
12434 2015 2018 1997 
12435 1425 6542 3404 
12436 1176 6544 5285 
12437 5297 6548 2838 
12438 6319 6840 3949 
12439 3076 6336 5809 
12440 2388 6549 3970 
12441 5194 5901 2614 
12442 3173 3740 2813 
12443 6192 6212 3184 
12444 4856 6654 4855 
12445 3381 4125 4085 
12446 549 1309 547 
12447 5649 6667 1360 
12448 1643 6208 5821 
12449 5942 6589 816 
12450 4348 6796 4385 
12451 4354 5638 3560 
12452 3948 6555 3946 
12453 2982 6556 5188 
12454 4350 6646 3295 
12455 5617 6778 3909 
12456 3357 5957 3360 
12457 1485 1486 1484 
12458 810 1312 1311 
12459 6426 6769 6492 
12460 6007 6008 3242 
12461 4367 6295 6142 
12462 283 6625 5757 
12463 1071 6506 4443 
12464 644 645 643 
12465 4243 6561 4009 
12466 4323 6416 3706 
12467 537 6325 6139 
12468 813 815 811 
12469 4307 6313 5684 
12470 2810 6564 4429 
12471 2055 6566 4587 
12472 5990 6754 940 
12473 6504 6854 3663 
12474 646 647 645 
12475 3125 5933 4095 
12476 3259 5982 3738 
12477 6058 6859 3902 
12478 4007 6571 3725 
12479 4393 6741 3586 
12480 3087 6784 6234 
12481 5861 6352 3570 
12482 3809 4135 2607 
12483 2290 3428 2594 
12484 3257 6679 3255 
12485 1186 6577 1191 
12486 673 5902 670 
12487 2313 6680 2148 
12488 2603 2785 2784 
12489 4570 6726 4569 
12490 4537 6734 6470 
12491 4149 6640 5960 
12492 5679 6049 3392 
12493 6127 6430 4203 
12494 4013 6582 4396 
12495 5784 6700 3796 
12496 3367 6070 3369 
12497 3820 6817 5642 
12498 903 6241 906 
12499 5533 5714 5532 
12500 2499 6588 4796 
12501 2329 2330 1808 
12502 386 6229 6077 
12503 3882 6592 3883 
12504 5944 6752 4598 
12505 4992 6785 6123 
12506 1301 5932 3919 
12507 5602 5714 3662 
12508 5577 6359 5658 
12509 234 6612 232 
12510 141 6590 140 
12511 3360 6110 3361 
12512 6454 6570 972 
12513 3242 5973 3213 
12514 6294 6616 2777 
12515 1367 6193 1327 
12516 1050 6055 5589 
12517 1375 6071 3091 
12518 589 6213 587 
12519 654 5824 680 
12520 4212 6603 4179 
12521 6678 6719 4461 
12522 2261 2262 2260 
12523 5012 6606 1277 
12524 1228 6021 1236 
12525 6350 6351 3905 
12526 1257 6723 6218 
12527 3739 6607 4980 
12528 1807 1808 1805 
12529 5626 6580 3636 
12530 6610 6678 604 
12531 6548 6647 2838 
12532 829 6581 4168 
12533 1331 6614 4517 
12534 3872 6631 3873 
12535 5699 6772 6632 
12536 4370 5914 679 
12537 2263 2264 2262 
12538 385 6473 387 
12539 4079 6824 3863 
12540 2715 2815 2716 
12541 1648 5704 1549 
12542 1041 6623 1043 
12543 3215 6007 3242 
12544 2466 3060 2757 
12545 2265 2268 2264 
12546 4013 6681 6582 
12547 1176 6824 6544 
12548 5786 6853 4495 
12549 5555 6514 5618 
12550 6180 6674 3770 
12551 1479 3383 3378 
12552 2269 2333 2268 
12553 915 5984 918 
12554 5212 5665 2638 
12555 2877 6671 3911 
12556 3706 6416 3302 
12557 3264 5982 3261 
12558 3696 4354 3560 
12559 2333 2335 2268 
12560 5886 6202 3608 
12561 3764 6635 3762 
12562 2260 3962 2258 
12563 3342 6478 4222 
12564 4218 6671 4217 
12565 2331 2332 2330 
12566 198 6604 5721 
12567 2334 2479 2333 
12568 2481 6339 2482 
12569 3308 6441 6084 
12570 4048 6001 3154 
12571 401 6472 6141 
12572 4507 6638 3126 
12573 561 6826 564 
12574 455 6721 5635 
12575 3624 4379 3090 
12576 3056 5593 4106 
12577 5840 6641 3916 
12578 2481 2482 2332 
12579 2626 3635 2625 
12580 1016 6844 6173 
12581 4229 6296 3624 
12582 2264 2777 2262 
12583 201 6633 142 
12584 960 6175 5883 
12585 6084 6445 3308 
12586 4137 4140 3137 
12587 1472 3710 1473 
12588 2755 3629 3070 
12589 1179 6111 1173 
12590 1160 6323 1101 
12591 5672 5896 3115 
12592 618 6307 5579 
12593 3076 6498 6336 
12594 5104 5697 2932 
12595 5819 6421 3566 
12596 482 6653 502 
12597 5895 5896 5672 
12598 4324 4438 408 
12599 3274 6096 3195 
12600 1166 5235 1466 
12601 2043 6656 2282 
12602 4461 6719 1326 
12603 6279 6532 4359 
12604 1222 6002 1246 
12605 1249 6004 1260 
12606 4882 6160 4881 
12607 5002 6657 213 
12608 1119 6104 1137 
12609 3698 6407 5877 
12610 3227 6007 3217 
12611 656 6039 5824 
12612 2717 2737 2481 
12613 3263 5999 3264 
12614 3279 6024 3247 
12615 831 6821 834 
12616 679 5914 685 
12617 5925 5957 3355 
12618 4379 6265 3629 
12619 6250 6266 3383 
12620 4118 6716 4070 
12621 3276 5999 3266 
12622 609 5995 5167 
12623 6074 6833 6330 
12624 2405 2406 2404 
12625 3947 6843 6713 
12626 648 6317 647 
12627 5633 6527 4417 
12628 810 1311 698 
12629 618 6306 5842 
12630 4932 4933 4905 
12631 5286 6681 4013 
12632 2081 6682 2604 
12633 215 6124 6119 
12634 6119 6124 3736 
12635 3585 6741 6109 
12636 2607 5854 2606 
12637 3841 6547 2479 
12638 3225 6091 3223 
12639 6181 6572 6384 
12640 3768 6685 3936 
12641 3783 6730 3782 
12642 1523 6688 1524 
12643 3365 6013 3371 
12644 5562 6240 2340 
12645 3620 6013 3363 
12646 2328 2329 1808 
12647 1347 6026 842 
12648 1121 6431 1107 
12649 647 1181 645 
12650 6368 6605 4068 
12651 4114 6698 3284 
12652 3247 6024 3687 
12653 991 1203 1202 
12654 3626 3654 1309 
12655 187 6818 5836 
12656 3230 6091 3225 
12657 3548 5238 3611 
12658 5418 6767 750 
12659 3193 6095 3191 
12660 5754 6192 3184 
12661 5982 6126 3738 
12662 3286 6292 2799 
12663 3521 3971 3743 
12664 798 5994 1274 
12665 1327 6193 1328 
12666 643 3308 580 
12667 1008 6644 6293 
12668 4098 6732 5938 
12669 3759 6707 4846 
12670 6478 6479 6345 
12671 5535 6683 5569 
12672 1009 1180 1006 
12673 1115 6054 1305 
12674 3547 6226 5782 
12675 5648 6367 2852 
12676 679 685 684 
12677 3854 6538 5645 
12678 761 6720 852 
12679 4113 6721 4112 
12680 534 6471 6325 
12681 4379 6628 1499 
12682 604 6678 4461 
12683 3228 6048 3221 
12684 1091 6729 1088 
12685 6219 6435 3659 
12686 4534 6734 4537 
12687 3277 6059 3270 
12688 4120 6737 4056 
12689 6412 6491 1072 
12690 2057 6559 2384 
12691 3369 6070 3575 
12692 4143 6406 3995 
12693 3167 6742 4001 
12694 6357 6358 3926 
12695 5959 6342 3377 
12696 3934 6522 6337 
12697 2419 2420 2417 
12698 991 1202 980 
12699 5051 6749 2111 
12700 2721 6850 6646 
12701 2856 6768 6573 
12702 4378 6694 3176 
12703 2286 6760 1963 
12704 2604 6355 5997 
12705 5997 6355 3786 
12706 5592 6560 2749 
12707 1694 6775 1696 
12708 144 6752 143 
12709 1166 1168 1167 
12710 1253 6849 5843 
12711 1319 6593 6120 
12712 685 696 695 
12713 5502 6780 5518 
12714 1474 6107 1438 
12715 322 6222 321 
12716 923 6037 921 
12717 3125 4095 3594 
12718 3373 6100 3377 
12719 4878 6788 4877 
12720 1117 6104 1119 
12721 5569 6728 566 
12722 183 6761 145 
12723 4176 6792 3950 
12724 3813 6803 5300 
12725 1422 6848 4472 
12726 6533 6798 593 
12727 3628 6798 6533 
12728 978 3307 973 
12729 5596 6676 4370 
12730 3102 5932 1301 
12731 380 5800 337 
12732 2930 6823 2767 
12733 5222 6824 1176 
12734 4965 5911 3778 
12735 3999 6831 4000 
12736 2724 6842 2567 
12737 3940 6851 3941 
12738 4993 6853 1298 
12739 3765 6863 3766 
12740 5886 6539 5005 
12741 147 6814 146 
12742 2573 2585 2416 
12743 862 6708 4158 
12744 6683 6728 5569 
12745 1246 6044 1224 
12746 1460 6046 1339 
12747 4908 6243 1641 
12748 3113 6759 329 
12749 6282 6487 424 
12750 6159 6603 5034 
12751 6067 6068 991 
12752 5939 6004 1247 
12753 3902 6859 3900 
12754 1264 1301 1181 
12755 798 1274 1273 
12756 6074 6330 4519 
12757 811 6283 810 
12758 6119 6226 5010 
12759 1128 6054 1113 
12760 5936 6002 1220 
12761 4200 6339 2737 
12762 3195 6096 3193 
12763 3219 6048 3227 
12764 315 6275 5756 
12765 6293 6644 1007 
12766 393 442 389 
12767 404 437 402 
12768 399 498 397 
12769 945 6260 943 
12770 5890 6488 5789 
12771 3381 6341 4125 
12772 2482 6339 4141 
12773 5876 6551 3626 
12774 5689 6118 3420 
12775 222 6776 5658 
12776 4884 6762 4882 
12777 5887 6027 3811 
12778 2404 6154 5547 
12779 2402 5666 2405 
12780 2838 6647 5608 
12781 3268 6059 3276 
12782 2258 6302 1514 
12783 6181 6510 1066 
12784 6716 6818 4190 
12785 1428 5873 4337 
12786 3552 6218 5908 
12787 3894 6537 6536 
12788 2407 2408 2406 
12789 3585 6800 1311 
12790 5843 6849 4030 
12791 2573 2863 2585 
12792 5916 6674 1066 
12793 5817 6404 3904 
12794 6028 6134 3307 
12795 3233 6493 3281 
12796 667 1472 1427 
12797 3325 6299 5853 
12798 2619 3577 2618 
12799 4460 6409 6117 
12800 3468 5690 5178 
12801 1498 6163 1496 
12802 2795 6071 1375 
12803 1302 6128 1139 
12804 981 6067 991 
12805 3371 6070 3367 
12806 3074 5837 2858 
12807 2728 5991 2755 
12808 6345 6850 2721 
12809 5657 5710 2836 
12810 3962 6616 6294 
12811 3278 6324 3998 
12812 1496 6163 5667 
12813 3629 5991 4379 
12814 4106 6092 3653 
12815 4325 6260 945 
12816 5721 6604 4182 
12817 3758 6862 5581 
12818 6728 6828 566 
12819 1714 1819 1713 
12820 1499 6265 4379 
12821 3337 6176 4346 
12822 560 6445 558 
12823 696 1280 695 
12824 218 6513 5751 
12825 5750 6512 219 
12826 3788 6766 4415 
12827 5635 6721 4113 
12828 667 1427 665 
12829 636 6797 633 
12830 1376 6291 6090 
12831 6300 6307 618 
12832 3094 6396 4231 
12833 330 499 328 
12834 336 461 332 
12835 6441 6551 639 
12836 1145 6838 1143 
12837 4070 6315 1309 
12838 609 6587 5995 
12839 789 6664 5632 
12840 658 6039 656 
12841 6335 6336 3809 
12842 2799 6292 3651 
12843 679 684 675 
12844 3918 6701 3841 
12845 1728 4433 1731 
12846 321 4400 192 
12847 3912 6403 5846 
12848 2413 2419 2417 
12849 667 6195 1472 
12850 3223 6091 3228 
12851 4238 6379 2791 
12852 5946 6662 3574 
12853 3903 6550 1740 
12854 5978 6309 691 
12855 4331 6641 6426 
12856 6426 6641 5840 
12857 2766 6391 2329 
12858 1123 6130 1125 
12859 3796 6700 6312 
12860 2812 3733 2803 
12861 4072 6766 6670 
12862 3191 6095 3333 
12863 5717 6409 2810 
12864 3837 6203 3835 
12865 5603 6674 5916 
12866 3589 6600 5662 
12867 6051 6518 4318 
12868 6057 6058 3902 
12869 4536 6186 6083 
12870 3575 6100 3373 
12871 2616 5592 2749 
12872 1305 6104 1117 
12873 985 5888 988 
12874 1136 6443 6009 
12875 1438 6107 2780 
12876 412 6416 4323 
12877 4433 6650 4216 
12878 6221 6397 3089 
12879 3589 6796 6600 
12880 1137 6130 1123 
12881 3420 6118 3425 
12882 6600 6796 4348 
12883 3917 6777 5624 
12884 5425 6543 6030 
12885 519 6329 6077 
12886 1139 6128 1142 
12887 1487 1488 1486 
12888 1491 1492 1490 
12889 1056 4139 1054 
12890 2852 6367 5918 
12891 3878 6618 6255 
12892 446 458 437 
12893 1489 1490 1488 
12894 1264 1352 1301 
12895 3993 6030 4447 
12896 1230 6488 1232 
12897 2770 6722 4905 
12898 3281 6493 6152 
12899 3707 5918 3705 
12900 5871 6474 3559 
12901 459 500 458 
12902 3825 6259 3849 
12903 6612 6666 232 
12904 1065 5760 1021 
12905 1066 6674 6181 
12906 2405 2407 2406 
12907 1711 1712 1710 
12908 1085 6541 6164 
12909 3122 6158 3347 
12910 1472 1473 1427 
12911 6456 6602 3879 
12912 3828 6258 6085 
12913 6257 6536 629 
12914 3654 6597 4117 
12915 5956 6715 3640 
12916 1534 6706 5017 
12917 5549 6421 3776 
12918 864 6611 895 
12919 5973 6652 3793 
12920 2407 2411 2408 
12921 3938 6845 6215 
12922 5104 6636 5697 
12923 1226 6044 6021 
12924 742 6520 6014 
12925 5193 5194 2614 
12926 647 1264 1181 
12927 2626 3878 3635 
12928 3545 6712 5646 
12929 6451 6661 4363 
12930 2419 2763 2420 
12931 5822 6534 216 
12932 487 6835 5629 
12933 213 6657 5812 
12934 685 695 684 
12935 1451 2786 461 
12936 3916 6641 6272 
12937 3727 6469 5595 
12938 695 6246 4406 
12939 3097 6327 6213 
12940 2329 2331 2330 
12941 5836 6818 4118 
12942 3790 6567 3923 
12943 4366 6585 5966 
12944 5703 6500 916 
12945 2331 2481 2332 
12946 6559 6560 5592 
12947 6085 6381 3826 
12948 3879 6602 4965 
12949 1756 1806 1757 
12950 5719 6161 3202 
12951 906 6242 5737 
12952 2737 6339 2481 
12953 1273 6434 4232 
12954 680 6621 652 
12955 3572 6439 3719 
12956 983 6067 981 
12957 1757 1778 1755 
12958 315 6098 221 
12959 930 6595 5606 
12960 283 6105 225 
12961 5958 6110 3360 
12962 4317 6617 3850 
12963 4311 6562 3112 
12964 6466 6748 2126 
12965 3471 5855 3473 
12966 3475 3780 3477 
12967 962 6175 960 
12968 1502 6179 1500 
12969 3432 5247 5092 
12970 5995 6587 611 
12971 3692 6572 6181 
12972 540 6471 6252 
12973 3307 6413 6028 
12974 2588 6163 1498 
12975 4215 6709 4216 
12976 5670 6718 5268 
12977 1447 6739 3608 
12978 3112 5838 5768 
12979 499 6222 328 
12980 4068 6605 4067 
12981 5914 6676 4086 
12982 5885 6382 1063 
12983 3350 6711 6546 
12984 6546 6711 1010 
12985 225 6105 227 
12986 5332 6832 5213 
12987 3728 6805 5935 
12988 5777 6288 535 
12989 221 6098 223 
12990 1494 5889 5888 
12991 3172 6111 4415 
12992 6220 6705 551 
12993 1540 6639 6299 
12994 3882 6209 6186 
12995 3638 6451 3395 
12996 3097 6744 5856 
12997 1055 1057 1056 
12998 1107 6431 1109 
12999 728 798 730 
13000 3559 6649 3555 
13001 3634 6660 4191 
13002 3678 5987 4795 
13003 3694 4037 3693 
13004 1547 2257 1545 
13005 6399 6801 4016 
13006 6211 6717 3741 
13007 5811 6558 217 
13008 968 6134 966 
13009 6573 6768 5342 
13010 543 6716 4190 
13011 815 6283 811 
13012 5206 6809 5931 
13013 3553 6691 4200 
13014 3377 6342 5818 
13015 2593 5993 2805 
13016 3808 6335 3809 
13017 6270 6643 2747 
13018 3635 5933 2625 
13019 3688 6439 3572 
13020 6120 6593 3838 
13021 566 6828 5693 
13022 3090 5991 2728 
13023 6254 6834 3643 
13024 6090 6269 4077 
13025 5708 6710 5041 
13026 5837 5920 3596 
13027 1731 1732 1730 
13028 1477 6162 1479 
13029 5976 6792 4176 
13030 5647 6715 1205 
13031 3826 6381 3827 
13032 5966 6585 4156 
13033 4388 5998 3544 
13034 5816 6517 5184 
13035 6061 6571 1953 
13036 3296 6830 5661 
13037 2630 3978 2289 
13038 6117 6409 5717 
13039 662 6039 658 
13040 5851 6158 3122 
13041 5692 6806 1259 
13042 2334 6497 2479 
13043 934 6825 5647 
13044 4135 6498 4136 
13045 3608 6739 5886 
13046 2384 6559 5591 
13047 1770 6404 5817 
13048 4245 6289 4302 
13049 1348 6624 939 
13050 5805 5806 3746 
13051 3587 6483 6063 
13052 121 6534 5822 
13053 5935 6805 1255 
13054 3089 6287 6221 
13055 2993 5213 5212 
13056 3202 6161 5872 
13057 181 6558 5811 
13058 6384 6510 6181 
13059 6353 6835 487 
13060 6202 6677 3608 
13061 5909 6405 3817 
13062 4182 6604 3775 
13063 2604 6682 6355 
13064 1818 6832 5643 
13065 5710 6240 5562 
13066 5791 6597 3102 
13067 6536 6537 629 
13068 5658 6776 6206 
13069 964 6028 975 
13070 5883 6081 992 
13071 3777 6661 3638 
13072 1754 1755 1753 
13073 4234 6243 5690 
13074 1207 6575 5679 
13075 3115 3116 2619 
13076 1019 5916 1017 
13077 3903 6351 6350 
13078 1494 6583 6086 
13079 1728 1730 1729 
13080 5699 6632 3667 
13081 3696 5873 4354 
13082 3755 6497 2334 
13083 3809 6498 4135 
13084 6066 6827 3891 
13085 4116 6624 6038 
13086 6109 6455 3585 
13087 1996 5945 2015 
13088 4135 5854 2607 
13089 5996 6204 4270 
13090 6579 6695 627 
13091 5650 6212 6192 
13092 1500 6179 2588 
13093 1236 6488 1230 
13094 6037 6368 4068 
13095 651 6317 648 
13096 2406 6154 2404 
13097 5247 6684 5092 
13098 6310 6773 5993 
13099 5968 6423 3595 
13100 5214 6832 1818 
13101 3193 6096 6095 
13102 5654 5927 1648 
13103 6037 6771 924 
13104 1298 6853 5786 
13105 6088 6468 3784 
13106 4315 6531 2414 
13107 3467 4202 3468 
13108 5638 6162 3560 
13109 3906 6738 5682 
13110 5853 6639 3656 
13111 3383 6162 5638 
13112 6241 6242 906 
13113 3718 6535 5628 
13114 3865 6576 5905 
13115 966 6134 6028 
13116 3849 6326 5912 
13117 2594 6429 5993 
13118 6305 6461 1940 
13119 3788 6750 1445 
13120 5756 6275 5910 
13121 2418 5955 5832 
13122 5902 6195 668 
13123 2340 6136 5897 
13124 5897 6136 4196 
13125 556 6084 639 
13126 5892 6714 3232 
13127 5814 6644 1008 
13128 4422 6725 3161 
13129 3975 6586 5926 
13130 2777 6616 2262 
13131 4214 6651 4071 
13132 6221 6287 5007 
13133 4420 6727 3164 
13134 3151 6786 6011 
13135 6746 6806 6126 
13136 5661 6830 1271 
13137 5818 6342 5819 
13138 6166 6673 4154 
13139 580 6445 560 
13140 3231 6088 6069 
13141 610 6743 608 
13142 6519 6647 4285 
13143 5238 6102 3611 
13144 6385 6502 577 
13145 5787 6335 3808 
13146 422 6758 4297 
13147 4489 6418 6041 
13148 4221 6655 5815 
13149 6271 6585 3892 
13150 2609 5854 2626 
13151 5985 6454 972 
13152 5285 6544 6369 
13153 6369 6544 4081 
13154 1800 6216 1801 
13155 5601 6819 6019 
13156 3777 6665 6661 
13157 3852 6089 3063 
13158 6153 6422 331 
13159 5830 6676 5596 
13160 3321 6659 6598 
13161 4068 6771 6037 
13162 4196 6137 3151 
13163 988 6067 983 
13164 4191 6660 6259 
13165 6423 6533 1346 
13166 4066 6428 5892 
13167 2221 5964 2223 
13168 5911 6422 3778 
13169 689 6689 5987 
13170 3616 6773 6310 
13171 613 6032 4131 
13172 6252 6471 5777 
13173 558 6445 6084 
13174 6009 6591 1136 
13175 652 6621 651 
13176 4855 6654 5930 
13177 555 6819 5601 
13178 1997 5785 2759 
13179 3962 6302 2258 
13180 810 6283 1312 
13181 1017 1066 1014 
13182 3098 5105 5104 
13183 6126 6806 3738 
13184 1537 6779 2761 
13185 4037 6626 5945 
13186 3062 3851 3063 
13187 538 6333 1436 
13188 5931 6809 4110 
13189 2815 3157 2816 
13190 5940 6411 1245 
13191 1053 1055 1054 
13192 4965 6602 5911 
13193 227 6105 257 
13194 1994 1996 1995 
13195 1181 6557 645 
13196 6525 6598 4188 
13197 1508 6267 1506 
13198 3242 6652 5973 
13199 6327 6610 6213 
13200 4179 6603 6159 
13201 223 6098 283 
13202 4379 5991 3090 
13203 2290 2593 2280 
13204 694 6309 5978 
13205 6269 6851 725 
13206 5589 6055 4139 
13207 6329 6765 5169 
13208 5904 6595 930 
13209 5886 6739 6539 
13210 861 6611 864 
13211 3157 3159 3158 
13212 4129 6448 5580 
13213 5793 6397 2763 
13214 5904 6771 3867 
13215 3891 6827 3889 
13216 5768 5838 693 
13217 6632 6772 1296 
13218 975 6175 962 
13219 3289 3544 2748 
13220 639 6551 5876 
13221 2335 6547 6167 
13222 2570 3064 2768 
13223 547 6315 544 
13224 592 6744 3097 
13225 4904 6722 5963 
13226 5864 6677 3291 
13227 698 6194 696 
13228 1271 6830 2616 
13229 4216 6651 4214 
13230 3867 6595 5904 
13231 3923 6391 2766 
13232 973 6134 968 
13233 3812 6591 6009 
13234 333 6422 5911 
13235 3833 6569 6543 
13236 586 6308 5770 
13237 6114 6463 2245 
13238 6609 6810 3101 
13239 3738 6679 3257 
13240 6268 6599 3819 
13241 4037 5945 2480 
13242 1202 6554 980 
13243 5950 6755 1028 
13244 4002 6745 6413 
13245 833 6821 831 
13246 1542 1543 1539 
13247 4327 6608 1489 
13248 2018 5785 1997 
13249 402 6362 399 
13250 6711 6816 1010 
13251 1013 6816 6711 
13252 538 6789 6333 
13253 1009 6384 1180 
13254 3848 6791 6259 
13255 1801 6335 5787 
13256 1216 6686 1253 
13257 3636 6580 6060 
13258 3060 4245 2757 
13259 5606 6825 934 
13260 5643 6832 3832 
13261 3156 6640 4048 
13262 3560 6162 1477 
13263 3744 5805 3746 
13264 5930 6654 627 
13265 578 6526 4188 
13266 6324 6334 3998 
13267 647 6317 1264 
13268 4263 6690 5770 
13269 1166 1466 1168 
13270 3651 6541 3306 
13271 3336 6189 5929 
13272 3308 6445 580 
13273 4262 6758 6234 
13274 2585 6346 2416 
13275 305 6615 6388 
13276 6561 6807 1953 
13277 3306 6541 5898 
13278 3555 6649 4142 
13279 6387 6822 2854 
13280 2852 6697 5648 
13281 5777 6471 6288 
13282 6125 6846 961 
13283 389 6402 380 
13284 6447 6601 4487 
13285 425 6770 5724 
13286 1054 6055 1051 
13287 5950 6673 3898 
13288 3972 6704 6045 
13289 3352 6738 4321 
13290 1754 1756 1755 
13291 2755 5991 3629 
13292 5606 6595 3866 
13293 3059 5665 5214 
13294 2290 2594 2593 
13295 924 6771 5904 
13296 1473 6383 1427 
13297 4908 5855 3471 
13298 6259 6660 3848 
13299 340 6820 6211 
13300 6336 6498 3809 
13301 2465 2570 2337 
13302 3566 6421 5549 
13303 6172 6607 3739 
13304 3800 6062 5247 
13305 6244 6515 5537 
13306 3838 6808 3952 
13307 5105 6636 5104 
13308 4209 6805 3728 
13309 2640 3059 2715 
13310 1280 6246 695 
13311 2329 6391 2331 
13312 3817 6400 6268 
13313 3817 6405 6400 
13314 3832 6832 5332 
13315 3667 6632 5850 
13316 687 6115 4795 
13317 3740 6645 6419 
13318 387 6473 6472 
13319 3307 6134 973 
13320 5004 6539 6376 
13321 2616 2740 2380 
13322 975 6745 6175 
13323 4904 5963 4145 
13324 6062 6684 5247 
13325 1805 6216 1800 
13326 3082 6859 6058 
13327 2466 2757 2465 
13328 1479 6162 3383 
13329 6427 6587 610 
13330 5965 6687 3584 
13331 6008 6652 3242 
13332 6033 6634 6016 
13333 6417 6497 3755 
13334 1011 6384 1009 
13335 961 6609 6125 
13336 6069 6485 3231 
13337 4238 6754 5990 
13338 696 6194 1280 
13339 6152 6714 3757 
13340 6457 6856 3830 
13341 319 6740 6092 
13342 5772 6475 4115 
13343 3296 6515 6244 
13344 4795 6115 4793 
13345 1174 1179 1173 
13346 6211 6799 340 
13347 3298 6747 6198 
13348 1506 6267 3987 
13349 1311 6194 698 
13350 6100 6620 928 
13351 2842 6739 1447 
13352 3584 6687 3774 
13353 2408 6262 2410 
13354 6152 6493 3798 
13355 6075 6406 5795 
13356 3969 6461 6305 
13357 6259 6791 3849 
13358 690 6489 693 
13359 6146 6702 3861 
13360 4795 5987 687 
13361 1098 6523 5862 
13362 4247 6795 6359 
13363 1205 6715 5956 
13364 2279 2290 2280 
13365 6351 6596 3905 
13366 6164 6541 3651 
13367 4881 6160 2309 
13368 4125 6540 4085 
13369 6206 6776 318 
13370 1271 2380 1270 
13371 6086 6583 2733 
13372 3839 6497 6417 
13373 6337 6781 3934 
13374 1488 6467 2733 
13375 5530 5927 5654 
13376 6076 6665 3777 
13377 596 598 594 
13378 332 6437 330 
13379 4301 6586 6353 
13380 6353 6586 3975 
13381 1126 6381 6085 
13382 6455 6800 3585 
13383 3371 6552 6070 
13384 1996 2015 1997 
13385 3337 6574 6176 
13386 2993 5332 5213 
13387 3115 5896 3116 
13388 5520 6480 5530 
13389 6030 6569 634 
13390 5804 6841 3423 
13391 6065 6710 5708 
13392 3658 6610 6327 
13393 1427 6622 665 
13394 5992 6796 3589 
13395 625 6696 6695 
13396 4290 6642 5899 
13397 5795 6406 2787 
13398 4156 6585 6271 
13399 1660 6601 6447 
13400 1484 6583 1494 
13401 5910 6275 204 
13402 1758 6267 1508 
13403 5213 6832 5214 
13404 3333 6518 6051 
13405 6371 6372 3773 
13406 6123 6785 2761 
13407 1770 6786 6550 
13408 6213 6610 604 
13409 3831 6478 6018 
13410 6289 6839 3992 
13411 3782 6730 6360 
13412 2748 5964 2221 
13413 2856 6858 6434 
13414 3548 3611 2785 
13415 6065 6230 2257 
13416 6299 6639 5853 
13417 3429 6449 3428 
13418 5017 6706 1532 
13419 2785 3832 2784 
13420 6400 6405 3884 
13421 6303 6568 751 
13422 6474 6649 3559 
13423 1547 5704 2257 
13424 3832 5332 2784 
13425 2413 6482 2419 
13426 675 6465 673 
13427 6106 6782 1412 
13428 3662 5714 5533 
13429 2411 6262 2408 
13430 3212 6827 6066 
13431 1309 6315 547 
13432 6376 6539 2842 
13433 5963 6722 3631 
13434 5846 6809 5206 
13435 3995 6406 6075 
13436 1137 6584 6130 
13437 2594 5993 2593 
13438 3780 5998 4388 
13439 3770 6674 5603 
13440 3944 6787 6629 
13441 6629 6787 4088 
13442 6425 6715 5647 
13443 6198 6747 3741 
13444 6256 6257 631 
13445 684 6465 675 
13446 2790 2791 2789 
13447 6109 6741 194 
13448 3978 6560 2289 
13449 816 6589 813 
13450 3794 6811 4189 
13451 6495 6563 3881 
13452 4447 6289 3992 
13453 399 6362 498 
13454 6190 6740 4246 
13455 437 6362 402 
13456 2761 6785 6208 
13457 6126 6386 3921 
13458 3814 6619 3639 
13459 5955 6417 5832 
13460 442 6402 389 
13461 6321 6629 4088 
13462 713 6629 6321 
13463 6092 6740 3653 
13464 2416 6346 2411 
13465 461 6437 332 
13466 6168 6275 315 
13467 380 6402 5800 
13468 4882 6762 6160 
13469 3575 6620 6100 
13470 6611 6692 895 
13471 1712 1714 1713 
13472 3741 6717 6198 
13473 1271 2616 2380 
13474 1756 1757 1755 
13475 6258 6845 3938 
13476 6021 6672 1236 
13477 3062 6278 3851 
13478 6242 6494 5737 
13479 2288 2289 2057 
13480 5908 6723 3282 
13481 6526 6743 609 
13482 3638 6661 6451 
13483 5737 6494 1196 
13484 2410 6482 2413 
13485 5760 5916 1019 
13486 813 6589 815 
13487 1712 1713 1710 
13488 3160 6480 6420 
13489 1055 1056 1054 
13490 6388 6615 4138 
13491 182 6563 6495 
13492 3476 6243 4908 
13493 6481 6680 2313 
13494 3703 6781 6337 
13495 4095 6531 3594 
13496 5580 6062 3800 
13497 4150 6433 5841 
13498 6153 6759 3113 
13499 4071 6651 5194 
13500 1545 6230 1542 
13501 6234 6758 425 
13502 2223 3584 3583 
13503 5591 6735 6244 
13504 1259 6806 6746 
13505 153 6795 4247 
13506 1486 6583 1484 
13507 5213 5214 5212 
13508 6419 6645 2269 
13509 6661 6665 937 
13510 947 6817 6178 
13511 330 6437 499 
13512 3231 6468 6088 
13513 2333 6547 2335 
13514 6273 6274 6075 
13515 1014 6510 1011 
13516 1490 6467 1488 
13517 6136 6137 4196 
13518 6173 6844 3893 
13519 4202 4234 3468 
13520 673 6465 5902 
13521 4017 6801 6373 
13522 4061 6782 5994 
13523 3774 6565 3583 
13524 3070 6574 3337 
13525 1530 6127 5922 
13526 6011 6786 1770 
13527 6679 6806 5692 
13528 1660 6833 6074 
13529 5739 6565 3694 
13530 6268 6400 1356 
13531 6010 6486 722 
13532 3584 3774 3583 
13533 643 6557 3308 
13534 3859 6494 6242 
13535 3851 3852 3063 
13536 4150 6773 6433 
13537 6249 6699 3899 
13538 1172 1174 1173 
13539 1996 1997 1995 
13540 2571 6850 6345 
13541 6218 6723 5908 
13542 1728 1731 1730 
13543 6234 6784 4262 
13544 424 6371 6282 
13545 978 6554 3307 
13546 1648 5705 5704 
13547 5911 6602 338 
13548 4793 6115 4794 
13549 6075 6274 3995 
13550 3653 6740 6190 
13551 3884 6751 6400 
13552 1713 5644 1710 
13553 6633 6726 4570 
13554 980 6554 978 
13555 718 6486 6358 
13556 3909 6778 6638 
13557 1169 6815 1172 
13558 665 6622 662 
13559 2479 6547 2333 
13560 645 6557 643 
13561 3578 6333 3577 
13562 1356 6599 6268 
13563 4344 6692 6611 
13564 2260 6616 3962 
13565 6472 6473 386 
13566 3629 6574 3070 
13567 3741 6799 6211 
13568 5757 6625 5755 
13569 3849 6791 6326 
13570 3624 6628 4379 
13571 940 6754 6363 
13572 2411 6346 6262 
13573 1168 1170 1169 
13574 4103 6680 6481 
13575 5214 5665 5212 
13576 2640 5665 3059 
13577 3880 6710 6065 
13578 6525 6526 609 
13579 2288 2630 2289 
13580 5214 6642 3059 
13581 3971 6187 3743 
13582 2265 6811 6419 
13583 2262 6616 2260 
13584 2280 6840 6319 
13585 609 6743 6587 
13586 6670 6766 3788 
13587 6019 6819 552 
13588 4234 5690 3468 
13589 6411 6578 3720 
13590 6077 6229 519 
13591 3714 6800 6455 
13592 6296 6628 3624 
13593 5169 6765 3971 
13594 6487 6770 425 
13595 4249 6748 6466 
13596 3475 3781 3780 
13597 715 6801 6399 
13598 6118 6767 3425 
13599 6539 6739 2842 
13600 4027 6658 6375 
13601 6111 6750 3788 
13602 5719 6845 6161 
13603 4302 6289 4447 
13604 6505 6788 3734 
13605 5770 6690 586 
13606 6384 6572 1180 
13607 3114 6764 6763 
13608 1011 6510 6384 
13609 6288 6471 534 
13610 1017 5916 1066 
13611 5896 6338 3116 
13612 5964 5965 3584 
13613 6309 6489 691 
13614 5533 6861 3662 
13615 594 6744 592 
13616 3921 6746 6126 
13617 5690 6243 3476 
13618 662 6622 6039 
13619 6262 6482 2410 
13620 3831 6479 6478 
13621 4335 6856 6457 
13622 961 6783 6609 
13623 2805 6773 4150 
13624 201 6726 6633 
13625 3583 6565 5739 
13626 5603 5916 5760 
13627 4243 6807 6561 
13628 5993 6773 2805 
13629 1539 6779 1537 
13630 4794 6813 5946 
13631 3738 6806 6679 
13632 1258 6649 6474 
13633 6593 6808 3838 
13634 6400 6751 1356 
13635 6638 6778 3126 
13636 3640 6715 6425 
13637 6650 6651 4216 
13638 6189 6379 720 
13639 3059 6642 4290 
13640 324 6475 5772 
13641 3473 6524 3475 
13642 2289 6559 2057 
13643 1542 6230 1543 
13644 4216 6709 4433 
13645 5901 6650 2347 
13646 959 6810 6609 
13647 6326 6791 3822 
13648 6244 6735 3296 
13649 6412 6822 1003 
13650 6808 6838 3952 
13651 1543 6230 6065 
13652 3919 6551 6441 
13653 4433 6709 1731 
13654 1770 6550 6404 
13655 1733 6240 5710 
13656 620 6684 6062 
13657 6731 6833 1660 
13658 6662 6663 3785 
13659 1066 6510 1014 
13660 1143 6838 6808 
13661 3112 6562 5838 
13662 3971 6736 6187 
13663 1543 6779 1539 
13664 2257 6230 1545 
13665 967 6855 6854 
13666 1311 6800 6194 
13667 718 6358 6357 
13668 5946 6663 6662 
13669 1648 5927 5705 
13670 3971 6765 6736 
13671 1003 6822 6387 
13672 2223 5964 3584 
13673 617 6448 6307 
13674 6359 6795 220 
13675 6492 6769 1756 
13676 5194 6651 6650 
13677 3623 6857 2790 
13678 4188 6526 6525 
13679 2289 6560 6559 
13680 6255 6618 2562 
13681 6537 6756 629 
13682 2629 6769 6426 
13683 5946 6813 6663 
13684 5697 6636 3111 
13685 1170 6815 1169 
13686 5855 6524 3473 
13687 331 6759 6153 
13688 6434 6858 4232 
13689 519 6765 6329 
13690 693 6489 6309 
13691 5194 6650 5901 
13692 6763 6764 497 
13693 598 6744 594 
13694 6854 6855 965 
13695 6433 6773 3616 
13696 3694 6626 4037 
13697 3475 6524 3781 
13698 6736 6765 519 
13699 1179 6750 6111 
13700 3060 6839 6289 
13701 575 6502 6385 
13702 6587 6743 610 
13703 6695 6696 626 
13704 3774 6626 6565 
13705 6609 6783 959 
13706 1530 6430 6127 
13707 6160 6762 3429 
13708 6565 6626 3694 
13709 6404 6550 3903 
13710 626 6756 6537 
13711 6187 6736 4123 
13712 1504 6833 6731 
13713 2790 6857 2791 
13714 5987 6689 687 
13715 6663 6813 599 
13716 397 6273 395 
13717 434 6694 4378 
13718 4188 4436 575 
13719 723 798 728 
13720 4640 6630 1055 
13721 2268 2777 2264 
13722 2791 3336 2789 
13723 3740 3794 2813 
13724 3227 6008 6007 
13725 3577 6789 4124 
13726 5697 6802 3922 
$EndElements
