"f",":0",":1",":2"
-0.07005194108481266, 1.99939763739569, -0.049082456912151365, 0
-0.027378232780600503, 1.9975909124211, -0.09813534843591962, 0
-0.04526406378444236, 1.959677407606051, -0.07007625196366564, 0
-0.05989209260868942, 1.964221249789569, -0.03508607853654013, 0
-0.04725745650435223, 2.0, 0.0, 0
-0.0785834001002586, 1.994580913381552, -0.14712912687165244, 0
-0.05379148297207997, 1.95160644545222, -0.11758838505231545, 0
-0.05225888501398515, 1.918232721701175, -0.07732185336543115, 0
-0.054437056077369914, 1.928261180649688, -0.037553985915336346, 0
-0.04811417665087762, 1.95, 0.0, 0
-0.059892092611845214, 1.964221249789569, 0.03508607853653919, 0
-0.07005194109027714, 1.99939763739569, 0.04908245691215041, 0
-0.01787102119650406, 1.990369453394393, -0.19603428015147584, 0
-0.05028595302719608, 1.953263734074862, -0.16883687731132305, 0
-0.052007886423333455, 1.921862200463924, -0.1453451031873212, 0
-0.0523930569244187, 1.904005333333834, -0.11251150993909652, 0
-0.053371406368078175, 1.876816303509594, -0.0855581792549278, 0
-0.05327814119567756, 1.874999999999999, -0.043301270189222675, 0
-0.05387151869984415, 1.9, 0.0, 0
-0.05443705607725161, 1.928261180649688, 0.03755398591533542, 0
-0.045264063778532565, 1.959677407606051, 0.0700762519636647, 0
-0.027378232765768028, 1.9975909124211, 0.09813534843591865, 0
-0.08380514391042296, 1.984959069281583, -0.24482134971605723, 0
-0.05172633324059216, 1.946686137654028, -0.21696083777936273, 0
-0.05360221466619351, 1.912482003698244, -0.18668005450213318, 0
-0.05345638992999631, 1.885264390806146, -0.1545598420444882, 0
-0.053699631683872734, 1.856638257864214, -0.11832672542766831, 0
-0.05414405138810653, 1.827769499847418, -0.07679107591606363, 0
-0.05426200314872815, 1.825867869265637, -0.03321336451665829, 0
-0.05398660559047711, 1.85, 0.0, 0
-0.05327814119547721, 1.874999999999999, 0.04330127018922177, 0
-0.0522588850134422, 1.918232721701175, 0.07732185336543021, 0
-0.05379148297175837, 1.95160644545222, 0.1175883850523145, 0
-0.07858340011435322, 1.994580913381552, 0.1471291268716515, 0
-0.03653340179731522, 1.978353020057941, -0.2934609480452659, 0
-0.05883052350298028, 1.93992705931324, -0.2642026521989174, 0
-0.05485245452421263, 1.899961703778075, -0.2371390661081222, 0
-0.054191937808652564, 1.867293627296949, -0.2000409241056719, 0
-0.054222488039256424, 1.837947665295526, -0.1621490675829867, 0
-0.05451503998452567, 1.807416137733773, -0.12400935585313688, 0
-0.05477968882761535, 1.780893597146618, -0.09225907196800935, 0
-0.05474850677583782, 1.776569846480768, -0.04597447647800337, 0
-0.0543959117856803, 1.8, 0.0, 0
-0.054262003148704094, 1.825867869265637, 0.03321336451665741, 0
-0.054144051388118314, 1.827769499847418, 0.07679107591606274, 0
-0.0533714063678496, 1.876816303509594, 0.08555817925492688, 0
-0.052393056924443834, 1.904005333333834, 0.1125115099390956, 0
-0.05200788642407946, 1.921862200463924, 0.1453451031873203, 0
-0.05028595303402923, 1.953263734074862, 0.1688368773113221, 0
-0.01787102119325838, 1.990369453394393, 0.1960342801514749, 0
-0.07903978920846777, 1.97055528495923, -0.3419237764754697, 0
-0.056455210943461114, 1.932484111949449, -0.31093932557301057, 0
-0.05535634624692261, 1.88826846745945, -0.2883204671027018, 0
-0.05498317997403111, 1.850198399710129, -0.24693433357904948, 0
-0.05476592561380251, 1.819599540244635, -0.20811832087117052, 0
-0.05485934880948947, 1.788971872024586, -0.16927364070638234, 0
-0.05505826751314812, 1.759366189386403, -0.13005416236622294, 0
-0.05542680471682015, 1.73334631228473, -0.08446628922661993, 0
-0.05534518203492371, 1.73480509929066, -0.03764029347432488, 0
-0.05529721099705058, 1.75, 0.0, 0
-0.05474850677584252, 1.776569846480768, 0.04597447647800253, 0
-0.054779688827642434, 1.780893597146618, 0.09225907196800849, 0
-0.054515039984607695, 1.807416137733773, 0.124009355853136, 0
-0.05369963168398835, 1.856638257864214, 0.1183267254276674, 0
-0.053456389930622496, 1.885264390806146, 0.1545598420444873, 0
-0.053602214667083856, 1.912482003698244, 0.1866800545021323, 0
-0.05172633323840954, 1.946686137654028, 0.2169608377793618, 0
-0.08380514390945273, 1.984959069281583, 0.2448213497160563, 0
-0.059061440680515935, 1.928953497594997, -0.3583793973543504, 0
-0.03639756822358443, 1.961570561038879, -0.3901806428638099, 0
-0.055343993520270834, 1.900868119792918, -0.3326135246391728, 0
-0.054786200705756384, 1.862552198674332, -0.3315035453439801, 0
-0.05505143516162305, 1.831969037211615, -0.2927937358815315, 0
-0.05503955552343046, 1.801318254152427, -0.25405144580519756, 0
-0.055180165664443, 1.770629973889344, -0.21524160504089743, 0
-0.0554317165352527, 1.739949481250468, -0.17634814674091062, 0
-0.055757778755077696, 1.709250710305982, -0.1373372338098784, 0
-0.05605090807186222, 1.680355808766392, -0.09900746682428835, 0
-0.05583702904764743, 1.696831495518713, -0.05198191531327596, 0
-0.05578873664307304, 1.7, 0.0, 0
-0.055345182034925805, 1.73480509929066, 0.03764029347432405, 0
-0.05542680471684159, 1.73334631228473, 0.0844662892266191, 0
-0.055058267513195966, 1.759366189386403, 0.1300541623662221, 0
-0.0548593488095824, 1.788971872024586, 0.1692736407063815, 0
-0.054222488039479516, 1.837947665295526, 0.1621490675829858, 0
-0.05419193780893367, 1.867293627296949, 0.200040924105671, 0
-0.05485245452475314, 1.899961703778075, 0.2371390661081213, 0
-0.05883052350301589, 1.93992705931324, 0.2642026521989164, 0
-0.036533401798570314, 1.978353020057941, 0.2934609480452649, 0
-0.04325574597426454, 1.919126170615721, -0.4041925223339667, 0
-0.04852738714238193, 1.951404260370142, -0.4382024790085726, 0
-0.053760827074776744, 1.889116737213785, -0.3704265922406731, 0
-0.05380682349409034, 1.844265948444162, -0.3770969024551552, 0
-0.05470826379658105, 1.813716386241133, -0.338629624808919, 0
-0.05507881520097333, 1.78301341303504, -0.29994876839628326, 0
-0.055356745320221605, 1.752319126090208, -0.26123715865436836, 0
-0.05562774822291245, 1.721615415768595, -0.22236316409567253, 0
-0.05595204930210393, 1.690880312602587, -0.18344090596647397, 0
-0.05634275375834464, 1.660173515758221, -0.1444816360713209, 0
-0.05679018209316739, 1.632613896752079, -0.1084200475035979, 0
-0.05646038068941756, 1.655127595563618, -0.0651394333573081, 0
-0.056311907207705056, 1.668226589286781, -0.029988870108709705, 0
-0.05643541561942746, 1.65, 0.0, 0
-0.056311907207713154, 1.668226589286781, 0.0299888701087089, 0
-0.055837029047659345, 1.696831495518713, 0.05198191531327514, 0
-0.05605090807187556, 1.680355808766392, 0.09900746682428754, 0
-0.055757778755100997, 1.709250710305982, 0.1373372338098776, 0
-0.05543171653528787, 1.739949481250468, 0.1763481467409098, 0
-0.05518016566447846, 1.770629973889344, 0.2152416050408966, 0
-0.05476592561395216, 1.819599540244635, 0.2081183208711697, 0
-0.054983179974070956, 1.850198399710129, 0.2469343335790486, 0
-0.055356346246719326, 1.88826846745945, 0.2883204671027008, 0
-0.056455210948030535, 1.932484111949449, 0.3109393255730096, 0
-0.07903978921666546, 1.97055528495923, 0.3419237764754687, 0
-0.05485602764052724, 1.905123053279394, -0.4517022244215732, 0
-0.05245147707176733, 1.874299867335253, -0.41470166107193507, 0
-0.05361608112932319, 1.826147716621472, -0.4232389998707709, 0
-0.054418546616051916, 1.795390116905958, -0.38455640201604646, 0
-0.05496786435251052, 1.76473292370592, -0.3458315163730784, 0
-0.05539507263240272, 1.734024750808938, -0.3071491288546054, 0
-0.05576520922778826, 1.703280842206235, -0.2683865241758073, 0
-0.056146587907857155, 1.672609166033991, -0.22952934363430907, 0
-0.05657462778105193, 1.641841856176973, -0.19063761612563287, 0
-0.057039941479312004, 1.612456496121592, -0.15276073518350047, 0
-0.05755619532257238, 1.580875938773581, -0.11693597332981917, 0
-0.05721591148107959, 1.604153462270685, -0.07418101540416708, 0
-0.05690985031708721, 1.625483433280748, -0.03553674009030678, 0
-0.05730372155174715, 1.6, 0.0, 0
-0.05690985031708853, 1.625483433280748, 0.035536740090306, 0
-0.056460380689426916, 1.655127595563618, 0.06513943335730729, 0
-0.0567901820931734, 1.632613896752079, 0.1084200475035971, 0
-0.05634275375835563, 1.660173515758221, 0.1444816360713201, 0
-0.055952049302113775, 1.690880312602587, 0.1834409059664732, 0
-0.055627748222916405, 1.721615415768595, 0.2223631640956717, 0
-0.055356745320194904, 1.752319126090208, 0.2612371586543675, 0
-0.055039555523409014, 1.801318254152427, 0.2540514458051967, 0
-0.05505143516151722, 1.831969037211615, 0.2927937358815306, 0
-0.05478620070501236, 1.862552198674332, 0.3315035453439792, 0
-0.05534399351886343, 1.900868119792918, 0.3326135246391718, 0
-0.05906144067184098, 1.928953497594997, 0.3583793973543494, 0
-0.03639756819669323, 1.961570561038879, 0.3901806428638089, 0
-0.05989544350056353, 1.9400625067070916, -0.4859603585369865, 0
-0.05345916467346471, 1.857834345994978, -0.46089391745696107, 0
-0.05124001500323254, 1.8912626241194845, -0.4973187530437556, 0
-0.045052028552702336, 1.9275521319937405, -0.5334255134940431, 0
-0.054310426407748406, 1.776906294387224, -0.43058236603674777, 0
-0.05389308399131045, 1.8074088000968136, -0.4692637411070653, 0
-0.054869298680030106, 1.746291315984602, -0.391871206760761, 0
-0.05538131792048603, 1.715666618898736, -0.3531187915419423, 0
-0.05583407245551275, 1.684974533098074, -0.3143898703869431, 0
-0.056277106414347466, 1.654329840225027, -0.2755755058524822, 0
-0.056744915915707246, 1.623643648441526, -0.23671806579169458, 0
-0.057256526613527536, 1.593006883881828, -0.19794083752079142, 0
-0.057835458143944515, 1.562047742327355, -0.16001691586498992, 0
-0.05849493229141192, 1.530124103446566, -0.12292161373287795, 0
-0.05813377322126154, 1.551929248871388, -0.08025003010758942, 0
-0.05769081902813069, 1.575047376331813, -0.04020811358870247, 0
-0.05818910087612887, 1.55, 0.0, 0
-0.05769081902813009, 1.575047376331813, 0.04020811358870172, 0
-0.05721591148108353, 1.604153462270685, 0.0741810154041663, 0
-0.05755619532257684, 1.580875938773581, 0.1169359733298184, 0
-0.05703994147931655, 1.612456496121592, 0.1527607351834997, 0
-0.056574627781055396, 1.641841856176973, 0.1906376161256321, 0
-0.05614658790785031, 1.672609166033991, 0.2295293436343083, 0
-0.055765209227761826, 1.703280842206235, 0.2683865241758064, 0
-0.0553950726323382, 1.734024750808938, 0.3071491288546045, 0
-0.05507881520084018, 1.78301341303504, 0.2999487683962824, 0
-0.054708263796285926, 1.813716386241133, 0.3386296248089181, 0
-0.05380682349354827, 1.844265948444162, 0.3770969024551543, 0
-0.0537608270734664, 1.889116737213785, 0.3704265922406721, 0
-0.043255745969661585, 1.919126170615721, 0.4041925223339657, 0
-0.0485273871588002, 1.951404260370142, 0.4382024790085716, 0
-0.053394436189561, 1.8397788577111456, -0.5074931588058983, 0
-0.06156233248477313, 1.8772248490305636, -0.5444373455470715, 0
-0.06577445235619656, 1.9138806719486825, -0.580569352912518, 0
-0.0548236431371534, 1.728005964158074, -0.4377440343205733, 0
-0.055360481162215223, 1.69736270689525, -0.39909238726390106, 0
-0.05587046739152105, 1.666685988225413, -0.36035178515516436, 0
-0.056369306304973756, 1.63602157031247, -0.32155653463576656, 0
-0.0568861401447443, 1.605378193961792, -0.28273487876407377, 0
-0.05744421521049918, 1.574695950369547, -0.24389021285287824, 0
-0.05806685532389021, 1.543955010511662, -0.2049793255943823, 0
-0.05877392570495263, 1.512466978477769, -0.16652104826119463, 0
-0.05959040519783452, 1.481355706736923, -0.1280748025585738, 0
-0.05917378473430019, 1.500907669817843, -0.08370390425982664, 0
-0.058700100738730734, 1.525033915845612, -0.042780398848061583, 0
-0.05928208938856932, 1.5, 0.0, 0
-0.0587001007387316, 1.525033915845612, 0.04278039884806085, 0
-0.05813377322126001, 1.551929248871388, 0.08025003010758867, 0
-0.058494932291411096, 1.530124103446566, 0.1229216137328772, 0
-0.057835458143945376, 1.562047742327355, 0.1600169158649892, 0
-0.057256526613524594, 1.593006883881828, 0.1979408375207907, 0
-0.056744915915698975, 1.623643648441526, 0.2367180657916938, 0
-0.056277106414327156, 1.654329840225027, 0.2755755058524813, 0
-0.05583407245547504, 1.684974533098074, 0.3143898703869422, 0
-0.05538131792042291, 1.715666618898736, 0.3531187915419414, 0
-0.05496786435239194, 1.76473292370592, 0.3458315163730775, 0
-0.05441854661590423, 1.795390116905958, 0.3845564020160456, 0
-0.053616081129661534, 1.826147716621472, 0.42323899987077, 0
-0.05245147707139313, 1.874299867335253, 0.4147016610719342, 0
-0.0548560276498046, 1.905123053279394, 0.4517022244215722, 0
-0.05989544350396298, 1.940062506707092, 0.4859603585369855, 0
-0.054220442802734664, 1.7584105664013516, -0.4764555166442804, 0
-0.05364370452156162, 1.7891616994758606, -0.5150815458796808, 0
-0.05191480446265584, 1.8203703530745616, -0.5533480134903673, 0
-0.04144205738472211, 1.8538753727230886, -0.5977645053610177, 0
-0.0052869570148272125, 1.8990563617712546, -0.6273634790264138, 0
-0.05535893590717226, 1.679017387721106, -0.4449460747533214, 0
-0.05480208827639643, 1.7095098021735287, -0.4835911390248228, 0
-0.05410882955306609, 1.7396325597795006, -0.5224478890434815, 0
-0.05328529711159225, 1.7706329664453995, -0.5608423222240863, 0
-0.05590057893134148, 1.648397926844745, -0.4062712388417784, 0
-0.05643953205139634, 1.617735207774856, -0.3675237148795787, 0
-0.05700034000130251, 1.587062106724503, -0.328715738186044, 0
-0.05760356974900552, 1.556388000216721, -0.2898760288020516, 0
-0.05827439334953303, 1.525720328618073, -0.25097423121321116, 0
-0.05903049665110994, 1.494999702672999, -0.21201022851363793, 0
-0.05990394615672081, 1.464162576520311, -0.17304630377563365, 0
-0.060913047003947146, 1.432372386813668, -0.13396850374291078, 0
-0.06044244781588254, 1.452767847314377, -0.0882364126880172, 0
-0.0598762613602931, 1.475000000000001, -0.04359109009904723, 0
-0.0606079456900042, 1.45, 0.0, 0
-0.05987626136029858, 1.475000000000001, 0.04359109009904652, 0
-0.059173784734300024, 1.500907669817843, 0.08370390425982592, 0
-0.05959040519783788, 1.481355706736923, 0.1280748025585731, 0
-0.05877392570495491, 1.512466978477769, 0.1665210482611939, 0
-0.05806685532388801, 1.543955010511662, 0.2049793255943816, 0
-0.057444215210488314, 1.574695950369547, 0.2438902128528775, 0
-0.05688614014472547, 1.605378193961792, 0.282734878764073, 0
-0.056369306304948276, 1.63602157031247, 0.3215565346357658, 0
-0.05587046739148734, 1.666685988225413, 0.3603517851551635, 0
-0.055360481162177115, 1.69736270689525, 0.3990923872639002, 0
-0.05486929867998195, 1.746291315984602, 0.3918712067607601, 0
-0.0543104264077649, 1.776906294387224, 0.4305823660367469, 0
-0.053893083991525655, 1.807408800096814, 0.4692637411070644, 0
-0.0534591646743667, 1.857834345994978, 0.4608939174569602, 0
-0.05124001500282708, 1.891262624119485, 0.4973187530437546, 0
-0.04505202854964081, 1.927552131993741, 0.5334255134940422, 0
-0.0507922892965052, 1.7989015125862056, -0.5974646078210565, 0
-0.05392310773357243, 1.8167133472220505, -0.6330250176403873, 0
-0.044526223938286175, 1.8523616892636545, -0.6487764114902584, 0
-0.08231875889665176, 1.8830881310487306, -0.6737797048764513, 0
-0.05539364895857896, 1.6605567674059456, -0.4908311031934584, 0
-0.05485105547570118, 1.6908200676636036, -0.529615259914801, 0
-0.054221224360695645, 1.7210843748206885, -0.568350118475625, 0
-0.053815447532301205, 1.7517347302678306, -0.6062648719815895, 0
-0.05594215683047844, 1.630081620742793, -0.45217759817854997, 0
-0.05650282745235019, 1.599475958664353, -0.41347441649637656, 0
-0.05709520909618325, 1.568780685456473, -0.37469443759129956, 0
-0.05774079350803008, 1.538095442412545, -0.33587027743281567, 0
-0.058457658577038094, 1.507402150851457, -0.297022355214984, 0
-0.059270088990234504, 1.476666100659508, -0.2581411923806995, 0
-0.06019709301927488, 1.445862726266407, -0.21922941831972118, 0
-0.061240885931349825, 1.415042858290683, -0.18030853711686357, 0
-0.06251369101058474, 1.383272033175373, -0.13912838018174756, 0
-0.06195080536516043, 1.402605880785698, -0.09334945314651746, 0
-0.06131840876262655, 1.425353433383547, -0.04548795975364956, 0
-0.06221469775587545, 1.4, 0.0, 0
-0.06131840876263251, 1.425353433383547, 0.04548795975364888, 0
-0.0604424478158953, 1.452767847314377, 0.08823641268801648, 0
-0.06091304700396034, 1.432372386813668, 0.1339685037429101, 0
-0.05990394615672219, 1.464162576520311, 0.173046303775633, 0
-0.05903049665111389, 1.494999702672999, 0.2120102285136372, 0
-0.05827439334952953, 1.525720328618073, 0.2509742312132104, 0
-0.05760356974899518, 1.556388000216721, 0.2898760288020508, 0
-0.05700034000128474, 1.587062106724503, 0.3287157381860432, 0
-0.05643953205137345, 1.617735207774856, 0.3675237148795779, 0
-0.05590057893131563, 1.648397926844745, 0.4062712388417776, 0
-0.05535893590715106, 1.679017387721106, 0.4449460747533205, 0
-0.05482364313714018, 1.728005964158074, 0.4377440343205724, 0
-0.054220442802760754, 1.758410566401352, 0.4764555166442795, 0
-0.05364370452143043, 1.789161699475861, 0.5150815458796799, 0
-0.05339443618991747, 1.839778857711146, 0.5074931588058974, 0
-0.061562332482867584, 1.877224849030564, 0.5444373455470706, 0
-0.06577445235519797, 1.913880671948683, 0.5805693529125171, 0
-0.054203734507201104, 1.7795069687504586, -0.6441707834095818, 0
-0.05465271747787912, 1.7335608421173556, -0.6525261225288076, 0
-0.05465090932532207, 1.7030452731148467, -0.6139661343585039, 0
-0.055012867430284565, 1.6724067251201475, -0.5754924991335443, 0
-0.05547910631003793, 1.6420506417088336, -0.536773129219067, 0
-0.056005449266581894, 1.6116046261293135, -0.49808885295392935, 0
-0.05656798339472803, 1.581155651996858, -0.459354074681746, 0
-0.05717952538116761, 1.550507023922958, -0.420606391068175, 0
-0.057855147065059835, 1.519856723120797, -0.3818470441582404, 0
-0.058612979236679456, 1.489147238508587, -0.3430488879727109, 0
-0.05947470643009147, 1.458388756466627, -0.3042270603573757, 0
-0.060461025997450235, 1.427575947573089, -0.2653619377813319, 0
-0.06160227762292966, 1.396755643454931, -0.22646276044789115, 0
-0.06294017362053278, 1.365924926147193, -0.18755384618638277, 0
-0.06460902174884342, 1.331276302514291, -0.1431136157671414, 0
-0.06410663115797935, 1.352409844500705, -0.09647632513066973, 0
-0.06312655966865467, 1.375700978922926, -0.04855147740473281, 0
-0.06422672899856825, 1.35, 0.0, 0
-0.06312655966866276, 1.375700978922926, 0.04855147740473216, 0
-0.061950805365173056, 1.402605880785698, 0.09334945314651677, 0
-0.0625136910106035, 1.383272033175373, 0.1391283801817469, 0
-0.06124088593135992, 1.415042858290683, 0.1803085371168629, 0
-0.06019709301927602, 1.445862726266407, 0.2192294183197205, 0
-0.0592700889902351, 1.476666100659508, 0.2581411923806987, 0
-0.05845765857702931, 1.507402150851457, 0.2970223552149832, 0
-0.057740793508020076, 1.538095442412545, 0.3358702774328149, 0
-0.057095209096169296, 1.568780685456473, 0.3746944375912988, 0
-0.056502827452330866, 1.599475958664353, 0.4134744164963758, 0
-0.05594215683045878, 1.630081620742793, 0.4521775981785492, 0
-0.055393648958560394, 1.660556767405946, 0.4908311031934575, 0
-0.05480208827636989, 1.709509802173529, 0.4835911390248219, 0
-0.05410882955299022, 1.739632559779501, 0.5224478890434806, 0
-0.05328529711142696, 1.7706329664454, 0.5608423222240854, 0
-0.051914804462085684, 1.820370353074562, 0.5533480134903664, 0
-0.041442057385027105, 1.853875372723089, 0.5977645053610168, 0
-0.005286957014596877, 1.899056361771255, 0.6273634790264129, 0
-0.05789149445944646, 1.8109650460711086, -0.6824658404162998, 0
-0.07738897309597761, 1.8490105069204625, -0.6872964747462753, 0
-0.07489446997518848, 1.8659855984427145, -0.719790071065434, 0
-0.05552814229340571, 1.7617494259109445, -0.6903421262742447, 0
-0.0550917467980578, 1.7152798826443676, -0.6983203083882785, 0
-0.05502514394328118, 1.6847794269740186, -0.659757508883932, 0
-0.05522271824205757, 1.6542411100321837, -0.6212006986037435, 0
-0.05560322702504793, 1.6237125703491806, -0.5826153788396278, 0
-0.05608463711005731, 1.5932758212545926, -0.5439459904452812, 0
-0.056637323223440755, 1.5627636591291216, -0.5052166796183275, 0
-0.057256061998456814, 1.5321785964296246, -0.4664979617709988, 0
-0.05795354371552367, 1.501594527869645, -0.427770411710389, 0
-0.058743842277936775, 1.470922754221482, -0.38901816131946876, 0
-0.05964993797267165, 1.440166094838575, -0.3502454745057893, 0
-0.0606957621050099, 1.40934639815831, -0.31144153870900465, 0
-0.061901046890370445, 1.378478815375139, -0.2725948296956934, 0
-0.0632751837688626, 1.347657995702593, -0.23370783370634082, 0
-0.06500754597470489, 1.315452553377113, -0.1919306221687885, 0
-0.06694907990395865, 1.282167594887338, -0.1542379783840819, 0
-0.06659339109418301, 1.294507111164958, -0.09963648513448657, 0
-0.0653202747838883, 1.325083796556721, -0.05187126222773982, 0
-0.0668980770429295, 1.3, 0.0, 0
-0.06532027478390491, 1.325083796556721, 0.05187126222773918, 0
-0.06410663115799976, 1.352409844500705, 0.09647632513066906, 0
-0.06460902174886991, 1.331276302514291, 0.1431136157671408, 0
-0.06294017362055504, 1.365924926147193, 0.1875538461863821, 0
-0.0616022776229331, 1.396755643454931, 0.2264627604478905, 0
-0.06046102599745128, 1.427575947573089, 0.2653619377813311, 0
-0.05947470643008402, 1.458388756466627, 0.3042270603573749, 0
-0.05861297923666561, 1.489147238508587, 0.3430488879727101, 0
-0.057855147065047095, 1.519856723120797, 0.3818470441582396, 0
-0.05717952538115432, 1.550507023922958, 0.4206063910681742, 0
-0.05656798339471247, 1.581155651996858, 0.4593540746817452, 0
-0.05600544926656879, 1.611604626129314, 0.4980888529539286, 0
-0.05547910631002628, 1.642050641708834, 0.5367731292190661, 0
-0.054851055475673684, 1.690820067663604, 0.5296152599148001, 0
-0.05422122436061733, 1.721084374820689, 0.5683501184756241, 0
-0.05381544753218346, 1.751734730267831, 0.6062648719815886, 0
-0.05079228929578772, 1.798901512586206, 0.5974646078210556, 0
-0.05392310773207353, 1.816713347222051, 0.6330250176403864, 0
-0.0445262239327039, 1.852361689263655, 0.6487764114902576, 0
-0.08231875887886314, 1.883088131048731, 0.6737797048764504, 0
-0.05594637865982723, 1.7850367805236527, -0.7289465041660188, 0
-0.05303563919630106, 1.8263860521078545, -0.7248027001288624, 0
-0.03423106652205374, 1.8477590659076775, -0.7653668625933489, 0
-0.05499713811111325, 1.7457336883349845, -0.7369145005194963, 0
-0.05490043362602662, 1.6971085224516547, -0.7440312115514952, 0
-0.055100952786768756, 1.6666170100788416, -0.7054617558284979, 0
-0.05535798211493318, 1.6360853882548125, -0.6669036514610709, 0
-0.05571058317925118, 1.6055394276913755, -0.6283472969829171, 0
-0.056161871709963535, 1.5749957551347256, -0.5897173596129558, 0
-0.05670023770022039, 1.5444866858612996, -0.5510415653227038, 0
-0.057320952806731794, 1.5139186190521605, -0.5123478992267807, 0
-0.05803367791514806, 1.4833375594071256, -0.47364393902601115, 0
-0.05884984695818448, 1.452710466980469, -0.43493469488276776, 0
-0.0597952427269188, 1.422005495069359, -0.3962420935254303, 0
-0.060891296505418836, 1.391185926607087, -0.3574951051507453, 0
-0.06216479543028093, 1.360195870698122, -0.31869054320634765, 0
-0.06364016637251046, 1.329394721754459, -0.2798303326768243, 0
-0.06532373665903768, 1.2985876924889, -0.2409704972819503, 0
-0.06730882682013042, 1.266820787449091, -0.1996744593144415, 0
-0.06955209777375736, 1.237022592969058, -0.16339032309227766, 0
-0.06912531962894188, 1.252124005671904, -0.1274315858901813, 0
-0.06997152546199974, 1.245307382624987, -0.09005898609444019, 0
-0.06830513847146147, 1.275068861232616, -0.04530777872419264, 0
-0.07000724840045733, 1.25, 0.0, 0
-0.06830513847149354, 1.275068861232616, 0.04530777872419203, 0
-0.06659339109422538, 1.294507111164958, 0.09963648513448593, 0
-0.06694907990401, 1.282167594887338, 0.1542379783840813, 0
-0.0650075459747361, 1.315452553377113, 0.1919306221687879, 0
-0.0632751837688789, 1.347657995702593, 0.2337078337063402, 0
-0.06190104689037232, 1.378478815375139, 0.2725948296956927, 0
-0.06069576210500919, 1.40934639815831, 0.311441538709004, 0
-0.05964993797266198, 1.440166094838575, 0.3502454745057885, 0
-0.0587438422779239, 1.470922754221482, 0.389018161319468, 0
-0.05795354371551309, 1.501594527869645, 0.4277704117103882, 0
-0.05725606199844644, 1.532178596429625, 0.466497961770998, 0
-0.056637323223435634, 1.562763659129122, 0.5052166796183266, 0
-0.05608463711005748, 1.593275821254593, 0.5439459904452804, 0
-0.05560322702505887, 1.623712570349181, 0.5826153788396269, 0
-0.055012867430284586, 1.672406725120148, 0.5754924991335434, 0
-0.05465090932537156, 1.703045273114847, 0.613966134358503, 0
-0.054652717478050505, 1.733560842117356, 0.6525261225288067, 0
-0.05420373450740156, 1.779506968750459, 0.6441707834095809, 0
-0.057891494460616325, 1.810965046071109, 0.6824658404162989, 0
-0.07738897309835312, 1.849010506920463, 0.6872964747462744, 0
-0.07489446999451153, 1.865985598442715, 0.7197900710654331, 0
-0.05289614633394673, 1.8031962761698495, -0.7692677476283025, 0
-0.07581383243671602, 1.8284195122836866, -0.8104826260323443, 0
-0.05483994268493912, 1.7642356600390237, -0.7730950325326004, 0
-0.05469508711272375, 1.7275986306707736, -0.7825891545040655, 0
-0.054388407203665945, 1.6789596856065516, -0.7897304639994511, 0
-0.0549399605306437, 1.6484669721813265, -0.751161876250581, 0
-0.05534460279587216, 1.6179564319250015, -0.7125933238871933, 0
-0.05574747524784329, 1.5873789228274555, -0.6740613245801412, 0
-0.056208006754616235, 1.5568159013798886, -0.6354759842480169, 0
-0.056744153398377135, 1.5262651688857536, -0.5968441469997998, 0
-0.057368089845209316, 1.4957010917114446, -0.5581773160330774, 0
-0.05809096949030529, 1.4651228610774725, -0.5194966514366279, 0
-0.05893009385085053, 1.4345188498682666, -0.48081418966765577, 0
-0.059906730228046344, 1.403871147572577, -0.442150493076743, 0
-0.06105448661025864, 1.372927970335845, -0.40345861949465645, 0
-0.06238835548181764, 1.3420197378988, -0.36474329295742725, 0
-0.06393429092881342, 1.311171485813903, -0.3259376089370233, 0
-0.06572997108897391, 1.280334932435385, -0.28705102771591157, 0
-0.06778992182162207, 1.249549437856368, -0.2482259534438104, 0
-0.07017920154323323, 1.218831323605658, -0.20947580326456394, 0
-0.07272699203688464, 1.18818522569068, -0.17171886473413966, 0
-0.07213964835747605, 1.210010914357945, -0.12933259887127146, 0
-0.07352943984703365, 1.197018626328959, -0.0880922192347092, 0
-0.07186540287968017, 1.224253813538292, -0.04504518356511859, 0
-0.07438068826088559, 1.2, 0.0, 0
-0.07186540287972656, 1.224253813538292, 0.04504518356511801, 0
-0.06997152546207809, 1.245307382624987, 0.09005898609443957, 0
-0.06912531962902961, 1.252124005671904, 0.1274315858901807, 0
-0.06955209777384981, 1.237022592969058, 0.1633903230922771, 0
-0.06730882682017447, 1.266820787449091, 0.1996744593144409, 0
-0.06532373665906302, 1.2985876924889, 0.2409704972819497, 0
-0.06364016637251563, 1.329394721754459, 0.2798303326768236, 0
-0.06216479543028079, 1.360195870698122, 0.318690543206347, 0
-0.06089129650541346, 1.391185926607087, 0.3574951051507446, 0
-0.05979524272690967, 1.422005495069359, 0.3962420935254296, 0
-0.0588498469581735, 1.452710466980469, 0.434934694882767, 0
-0.05803367791514008, 1.483337559407126, 0.4736439390260104, 0
-0.05732095280672459, 1.513918619052161, 0.51234789922678, 0
-0.05670023770022493, 1.5444866858613, 0.5510415653227029, 0
-0.056161871709975594, 1.574995755134726, 0.5897173596129549, 0
-0.055710583179283145, 1.605539427691376, 0.6283472969829162, 0
-0.05522271824210288, 1.654241110032184, 0.6212006986037426, 0
-0.05502514394343043, 1.684779426974019, 0.6597575088839311, 0
-0.055091746798421076, 1.715279882644368, 0.6983203083882776, 0
-0.05552814229425274, 1.761749425910945, 0.6903421262742439, 0
-0.055946378661910746, 1.785036780523653, 0.7289465041660179, 0
-0.05303563920526231, 1.826386052107855, 0.7248027001288615, 0
-0.034231066525111306, 1.847759065907678, 0.765366862593348, 0
-0.05762498647188902, 1.7848688434964366, -0.8130398910836054, 0
-0.037605534093548935, 1.8079785871308685, -0.8551101849915406, 0
-0.05440393790794302, 1.7449471571492545, -0.81811774217729, 0
-0.05368853433884484, 1.7081406940588746, -0.8277856665208868, 0
-0.05380737321754259, 1.6608108080159196, -0.8354356381176832, 0
-0.054635505204494825, 1.6303125295994736, -0.7968609085091011, 0
-0.05521357243697604, 1.5997660774763316, -0.7583295788868957, 0
-0.05570678746118847, 1.5692109021911707, -0.7197947969313147, 0
-0.05620509077942286, 1.5386390392957157, -0.6812500419346343, 0
-0.05675622514126038, 1.5080911209063426, -0.6426195207666954, 0
-0.05738779758690056, 1.4775185379453735, -0.6039782597480696, 0
-0.058121946410645435, 1.4469192155108095, -0.5653297100242308, 0
-0.058978289690381235, 1.4163189620861556, -0.5266645463085138, 0
-0.05998295635041266, 1.3857110115418305, -0.4879862440859434, 0
-0.061164747980219175, 1.354955575942247, -0.4493858238898897, 0
-0.0625647134361843, 1.323529938924999, -0.4107349083677039, 0
-0.06418948681292971, 1.29298200387834, -0.37200982343458705, 0
-0.0660732112948292, 1.26246205337039, -0.33336682103573345, 0
-0.06825121715741068, 1.231677909434284, -0.2945843449848364, 0
-0.0707055755060322, 1.20081514108489, -0.25569214394846734, 0
-0.07352777760607439, 1.169802319917377, -0.21669359675775685, 0
-0.0765707181445732, 1.139060617110101, -0.17799644833867764, 0
-0.07617502657793719, 1.161007384923481, -0.12557428605446094, 0
-0.07758901074884501, 1.159499000354933, -0.07832031644348103, 0
-0.07653045710747099, 1.176337163535087, -0.042688991665125055, 0
-0.08004236185871341, 1.15, 0.0, 0
-0.07653045710755418, 1.176337163535087, 0.0426889916651245, 0
-0.073529439847159, 1.197018626328959, 0.08809221923470861, 0
-0.07213964835762575, 1.210010914357945, 0.1293325988712709, 0
-0.07272699203703488, 1.18818522569068, 0.1717188647341391, 0
-0.07017920154329677, 1.218831323605658, 0.2094758032645634, 0
-0.06778992182164803, 1.249549437856368, 0.2482259534438098, 0
-0.06572997108897762, 1.280334932435385, 0.2870510277159109, 0
-0.06393429092880396, 1.311171485813903, 0.3259376089370226, 0
-0.06238835548180352, 1.3420197378988, 0.3647432929574266, 0
-0.06105448661024712, 1.372927970335845, 0.4034586194946558, 0
-0.059906730228035256, 1.403871147572577, 0.4421504930767423, 0
-0.058930093850841685, 1.434518849868267, 0.480814189667655, 0
-0.05809096949029482, 1.465122861077473, 0.5194966514366273, 0
-0.05736808984520557, 1.495701091711445, 0.5581773160330767, 0
-0.05674415339837897, 1.526265168885754, 0.5968441469997992, 0
-0.05620800675462691, 1.556815901379889, 0.635475984248016, 0
-0.055747475247872824, 1.587378922827456, 0.6740613245801403, 0
-0.0553579821150028, 1.636085388254813, 0.66690365146107, 0
-0.05510095278688981, 1.666617010078842, 0.705461755828497, 0
-0.05490043362617517, 1.697108522451655, 0.7440312115514943, 0
-0.05499713811169268, 1.745733688334985, 0.7369145005194954, 0
-0.05483994268502617, 1.764235660039024, 0.7730950325325995, 0
-0.05289614633171225, 1.80319627616985, 0.7692677476283016, 0
-0.07581383243009673, 1.828419512283687, 0.8104826260323434, 0
-0.053147505120790986, 1.7635396326281556, -0.8579788665175606, 0
-0.06476450861074053, 1.7864486032744515, -0.8992226575541578, 0
-0.05265584622564908, 1.7248551399105945, -0.8591907170320685, 0
-0.05186409341959628, 1.6913182881099476, -0.8740028702202599, 0
-0.046750627283567485, 1.7307615682818225, -0.8999310898600803, 0
-0.02316194664033383, 1.7638425294879057, -0.942793472171773, 0
-0.053496178659718334, 1.6425687100191535, -0.8811106293778762, 0
-0.05442132075704878, 1.6121746101227337, -0.8425750126353116, 0
-0.05506170068787709, 1.5816391289494836, -0.8040236174141521, 0
-0.055616389203402075, 1.5510105000115366, -0.765542950329032, 0
-0.05615602743594118, 1.5204563177716977, -0.7270171515897219, 0
-0.05673072023905252, 1.4898868487216936, -0.6883693530345417, 0
-0.057376904641854805, 1.4593570135546816, -0.6497186334191423, 0
-0.0581209854185207, 1.4287414852392355, -0.6111480800637333, 0
-0.05899308344852128, 1.3981753524001066, -0.5724530245671209, 0
-0.06001872506381957, 1.3675109742324736, -0.5338238125609351, 0
-0.061226590090345444, 1.3369108528425806, -0.4951911373704608, 0
-0.06266111654821203, 1.306253376497412, -0.4566925259191867, 0
-0.06436331832056716, 1.275054457792381, -0.41801516123934335, 0
-0.06634830872126142, 1.244579455981317, -0.37941260423677264, 0
-0.06864146423015975, 1.214071734541909, -0.34085187677137185, 0
-0.07136145577611278, 1.183185460292307, -0.30191877465518885, 0
-0.07434216641457798, 1.151639946060103, -0.26269009724273085, 0
-0.07732532121677417, 1.119217208372746, -0.2219181023196478, 0
-0.08021966893220112, 1.090105394089912, -0.1851149194159325, 0
-0.08016210759266772, 1.110125723683732, -0.1389206169274558, 0
-0.0804807685213629, 1.125473753467015, -0.09303786996718265, 0
-0.08370162584506485, 1.125704394314883, -0.04452201022262506, 0
-0.08795414675907459, 1.1, 0.0, 0
-0.08370162584486722, 1.125704394314883, 0.04452201022262452, 0
-0.07758901074902042, 1.159499000354933, 0.07832031644348048, 0
-0.07617502657821953, 1.161007384923481, 0.1255742860544604, 0
-0.07657071814482687, 1.139060617110101, 0.1779964483386771, 0
-0.07352777760619524, 1.169802319917377, 0.2166935967577563, 0
-0.0707055755060416, 1.20081514108489, 0.2556921439484667, 0
-0.06825121715741132, 1.231677909434284, 0.2945843449848357, 0
-0.06607321129481625, 1.26246205337039, 0.3333668210357328, 0
-0.06418948681290979, 1.29298200387834, 0.3720098234345864, 0
-0.06256471343615992, 1.323529938924999, 0.4107349083677032, 0
-0.06116474798020163, 1.354955575942247, 0.449385823889889, 0
-0.05998295635040052, 1.385711011541831, 0.4879862440859427, 0
-0.058978289690372984, 1.416318962086156, 0.5266645463085131, 0
-0.058121946410639176, 1.44691921551081, 0.5653297100242302, 0
-0.057387797586899825, 1.477518537945374, 0.603978259748069, 0
-0.05675622514125696, 1.508091120906343, 0.6426195207666947, 0
-0.05620509077942706, 1.538639039295716, 0.6812500419346335, 0
-0.055706787461190205, 1.569210902191171, 0.7197947969313138, 0
-0.05534460279590682, 1.617956431925002, 0.7125933238871924, 0
-0.05493996053064624, 1.648466972181327, 0.7511618762505801, 0
-0.054388407203529034, 1.678959685606552, 0.7897304639994502, 0
-0.0546950871125891, 1.727598630670774, 0.7825891545040646, 0
-0.05440393790715138, 1.744947157149255, 0.8181177421772892, 0
-0.05762498647158438, 1.784868843496437, 0.8130398910836045, 0
-0.037605534099305706, 1.807978587130869, 0.8551101849915397, 0
-0.05289069858652239, 1.6726070337701626, -0.9194998606407799, 0
-0.04668803200835119, 1.7137354912669875, -0.9455526259126602, 0
-0.06751423823714538, 1.7401739829686225, -0.9857963831335157, 0
-0.054495213418050026, 1.5939976476546096, -0.8882857332060522, 0
-0.05431047092269248, 1.6243953774495605, -0.9268313180137049, 0
-0.05497892904347699, 1.5635036541434526, -0.8498033120769787, 0
-0.05552331173790053, 1.5328851976495506, -0.8113683523643557, 0
-0.05607901984115618, 1.5022731639555225, -0.7728279241216158, 0
-0.05667296202077896, 1.4716750845600455, -0.7341582533156208, 0
-0.05733288295197487, 1.4411258387087715, -0.6954271158278544, 0
-0.05808916093086162, 1.4105440308590096, -0.6567185461126077, 0
-0.05897111585065706, 1.3800047173256655, -0.6180801027467784, 0
-0.06001178966190607, 1.3493514221344456, -0.5794975307215886, 0
-0.06124649430104417, 1.3187041651600195, -0.5409604740435416, 0
-0.06271190743308531, 1.2880914710239866, -0.5023621380309774, 0
-0.06445383749383138, 1.2573541431005446, -0.4638327627957058, 0
-0.06652572661723533, 1.22664057319337, -0.42527942044841716, 0
-0.0689498566306475, 1.196216777394312, -0.38663674633292666, 0
-0.07183315911403114, 1.165918470710803, -0.34784616906804783, 0
-0.07519092329516679, 1.134335909489621, -0.30843696583189917, 0
-0.07914934860669881, 1.102146110577886, -0.2689126544016169, 0
-0.08275409783354044, 1.062548862481097, -0.2201008977611723, 0
-0.07406841440330934, 1.034882314224999, -0.1787543290553127, 0
-0.08458829576991413, 1.069478001292287, -0.1484540183781494, 0
-0.08461533377166484, 1.080429989578334, -0.10665909930212132, 0
-0.08739126286280677, 1.092899391922077, -0.07124812390196239, 0
-0.08513710563632981, 1.076057135607035, -0.03794113986174125, 0
-0.13349722847510512, 1.05, 0.0, 0
-0.08513710563483524, 1.076057135607035, 0.03794113986174073, 0
-0.0873912628631256, 1.092899391922077, 0.07124812390196186, 0
-0.08048076852195837, 1.125473753467015, 0.0930378699671821, 0
-0.08016210759345524, 1.110125723683732, 0.1389206169274553, 0
-0.08021966893258377, 1.090105394089912, 0.185114919415932, 0
-0.0773253212165763, 1.119217208372746, 0.2219181023196473, 0
-0.07434216641460728, 1.151639946060103, 0.2626900972427303, 0
-0.07136145577608716, 1.183185460292307, 0.3019187746551883, 0
-0.06864146423013118, 1.214071734541909, 0.3408518767713712, 0
-0.06634830872123523, 1.244579455981317, 0.379412604236772, 0
-0.06436331832053963, 1.275054457792381, 0.4180151612393427, 0
-0.06266111654818785, 1.306253376497412, 0.456692525919186, 0
-0.06122659009032498, 1.336910852842581, 0.4951911373704601, 0
-0.060018725063804984, 1.367510974232474, 0.5338238125609345, 0
-0.05899308344851387, 1.398175352400107, 0.5724530245671202, 0
-0.05812098541851932, 1.428741485239236, 0.6111480800637327, 0
-0.0573769046418504, 1.459357013554682, 0.6497186334191416, 0
-0.05673072023904842, 1.489886848721694, 0.688369353034541, 0
-0.05615602743593586, 1.520456317771698, 0.7270171515897212, 0
-0.0556163892033731, 1.551010500011537, 0.7655429503290311, 0
-0.055213572436947356, 1.599766077476332, 0.7583295788868948, 0
-0.05463550520439244, 1.630312529599474, 0.7968609085091002, 0
-0.05380737321726799, 1.66081080801592, 0.8354356381176823, 0
-0.05368853433840685, 1.708140694058875, 0.8277856665208859, 0
-0.052655846224994314, 1.724855139910595, 0.8591907170320676, 0
-0.05314750511899127, 1.763539632628156, 0.8579788665175597, 0
-0.06476450860250907, 1.786448603274452, 0.8992226575541569, 0
-0.05554745020768387, 1.6559416314185726, -0.9663101389930697, 0
-0.06687726469580492, 1.6991428932856925, -0.9894170658473578, 0
-0.06437287583398937, 1.7154572207127337, -1.028205487198227, 0
-0.0546529462541393, 1.5758482220911896, -0.9340245002836751, 0
-0.05484151153531664, 1.6049907924632036, -0.9720817765919004, 0
-0.05497469833446034, 1.5453504217494265, -0.8956190673038176, 0
-0.05544935374254657, 1.5147111735839165, -0.8571680851395627, 0
-0.055991717195964144, 1.4840822675570926, -0.818648633761714, 0
-0.05659109513693807, 1.4534890869163746, -0.7800071014681171, 0
-0.057259654180204275, 1.4228288626328176, -0.7411879728250123, 0
-0.058026471678037525, 1.3921893495941926, -0.7023420324961619, 0
-0.058917903359235205, 1.3615979945818195, -0.6635659615862544, 0
-0.05996726492274146, 1.3309994190427195, -0.6250597025248635, 0
-0.06121550073137508, 1.3004422055586016, -0.5866113877317999, 0
-0.06270289799743702, 1.2698873600378846, -0.5480006094351322, 0
-0.06447824230706457, 1.2393250274103265, -0.5094748583675281, 0
-0.06660183948677849, 1.2087065395314416, -0.47089853238074897, 0
-0.06913059244808106, 1.17814637607091, -0.432318710221019, 0
-0.07215124034678295, 1.147775132252832, -0.39359265178888597, 0
-0.07566976841469289, 1.117213305089129, -0.35495753549541964, 0
-0.08070703070316111, 1.085639809860739, -0.31370862659348236, 0
-0.0849839842576946, 1.051901303151065, -0.26902545227753855, 0
-0.08762354779681121, 1.018488388592635, -0.22658593868666285, 0
-0.06592085704892743, 0.9807852803022051, -0.19509032252401745, 0
-0.08207570046567993, 0.989176509908181, -0.14673047483692844, 0
-0.09652019822756802, 1.035561018515463, -0.1250131795732461, 0
-0.0911680617651566, 1.045564283086771, -0.07526093772213023, 0
-0.09900951715259493, 1.036541042540306, -0.03720598610672313, 0
-0.15318598630060662, 1.0, 0.0, 0
-0.09900951714143184, 1.036541042540306, 0.03720598610672263, 0
-0.09116806176658987, 1.045564283086771, 0.07526093772212973, 0
-0.08461533377251036, 1.080429989578334, 0.1066590993021208, 0
-0.0845882957719963, 1.069478001292287, 0.1484540183781489, 0
-0.07406841439785164, 1.034882314224999, 0.1787543290553122, 0
-0.08275409783353244, 1.062548862481097, 0.2201008977611718, 0
-0.079149348606605, 1.102146110577886, 0.2689126544016163, 0
-0.07519092329507263, 1.134335909489621, 0.3084369658318986, 0
-0.071833159113972, 1.165918470710803, 0.3478461690680473, 0
-0.06894985663059357, 1.196216777394312, 0.386636746332926, 0
-0.06652572661718999, 1.22664057319337, 0.4252794204484165, 0
-0.06445383749379639, 1.257354143100545, 0.4638327627957051, 0
-0.06271190743306285, 1.288091471023987, 0.5023621380309767, 0
-0.06124649430102449, 1.31870416516002, 0.540960474043541, 0
-0.06001178966188979, 1.349351422134446, 0.5794975307215879, 0
-0.05897111585065082, 1.380004717325666, 0.6180801027467777, 0
-0.058089160930855505, 1.41054403085901, 0.656718546112607, 0
-0.0573328829519676, 1.441125838708772, 0.6954271158278538, 0
-0.0566729620207727, 1.471675084560046, 0.7341582533156201, 0
-0.056079019841138486, 1.502273163955523, 0.7728279241216152, 0
-0.055523311737863824, 1.532885197649551, 0.811368352364355, 0
-0.055061700687810106, 1.581639128949484, 0.8040236174141512, 0
-0.05442132075690827, 1.612174610122734, 0.8425750126353108, 0
-0.053496178659483105, 1.642568710019154, 0.8811106293778753, 0
-0.051864093419160755, 1.691318288109948, 0.874002870220259, 0
-0.046750627282781294, 1.730761568281823, 0.8999310898600794, 0
-0.023161946646867063, 1.763842529487906, 0.9427934721717721, 0
-0.058185025558888145, 1.6704061400615455, -1.0212206939993158, 0
-0.05516339427456478, 1.6280614410320036, -1.0115633038189709, 0
-0.05389796669096809, 1.5851330528217205, -1.017297515329052, 0
-0.054529384234611004, 1.5574678926984256, -0.9796895472987074, 0
-0.05490529862138777, 1.5271011452976295, -0.9413242710186296, 0
-0.055360031767940965, 1.4965668492416895, -0.903042482575122, 0
-0.055894565355192695, 1.4658786511622857, -0.8645266627553889, 0
-0.05648911358669806, 1.4352804068839136, -0.8258666057212557, 0
-0.057159957794653236, 1.4045887967937636, -0.7870549657684804, 0
-0.05793014059488419, 1.3738845269642006, -0.7481303406665698, 0
-0.05882586509616263, 1.3431817133480795, -0.7092503176796291, 0
-0.05988359704903073, 1.3125686756354205, -0.6705983158359083, 0
-0.06113806166654301, 1.2819741079706175, -0.6320833254418012, 0
-0.06263786272645089, 1.2514551744481706, -0.5935099122618291, 0
-0.06443245154113193, 1.2209649577838946, -0.5549153801891835, 0
-0.0665776716896875, 1.1906237762489835, -0.516456567555359, 0
-0.069160762585644, 1.1601088432316395, -0.47796116122522647, 0
-0.07226254248344767, 1.129577386148076, -0.43935936165323153, 0
-0.07599673476657655, 1.099042127797138, -0.40074244350015287, 0
-0.08064658846135858, 1.068640649642659, -0.36222177997824534, 0
-0.08661263643124681, 1.036812870402047, -0.31916327536641215, 0
-0.10806427186273206, 1.004197890929559, -0.27894065046113525, 0
-0.1150695336139464, 0.9700312530284169, -0.24298018056648005, 0
-0.05510774426483984, 1.6897071311446916, -1.0699952387551899, 0
-0.11258749357634742, 0.9951847266485508, -0.09801714056964315, 0
-0.06114185839630681, 0.998795456200073, -0.049067674431218185, 0
-0.061141858378809845, 0.998795456200073, 0.04906767443121771, 0
-0.11258749359295984, 0.9951847266485508, 0.09801714056964266, 0
-0.09652019823855226, 1.035561018515463, 0.1250131795732456, 0
-0.0820757004685109, 0.989176509908181, 0.146730474836928, 0
-0.06592085703287738, 0.9807852803022051, 0.195090322524017, 0
-0.08762354779568408, 1.018488388592635, 0.2265859386866624, 0
-0.08498398425718745, 1.051901303151065, 0.269025452277538, 0
-0.0807070307031228, 1.085639809860739, 0.3137086265934818, 0
-0.07566976841457171, 1.117213305089129, 0.3549575354954191, 0
-0.07215124034669079, 1.147775132252832, 0.3935926517888854, 0
-0.0691305924480151, 1.17814637607091, 0.4323187102210184, 0
-0.06660183948672542, 1.208706539531442, 0.4708985323807483, 0
-0.06447824230702646, 1.239325027410327, 0.5094748583675275, 0
-0.06270289799741359, 1.269887360037885, 0.5480006094351315, 0
-0.061215500731357675, 1.300442205558602, 0.5866113877317992, 0
-0.059967264922730135, 1.33099941904272, 0.6250597025248629, 0
-0.058917903359226136, 1.36159799458182, 0.6635659615862537, 0
-0.05802647167802963, 1.392189349594193, 0.7023420324961612, 0
-0.057259654180198634, 1.422828862632818, 0.7411879728250116, 0
-0.05659109513692929, 1.453489086916375, 0.7800071014681165, 0
-0.05599171719594648, 1.484082267557093, 0.8186486337617134, 0
-0.05544935374252613, 1.514711173583917, 0.857168085139562, 0
-0.05497892904341429, 1.563503654143453, 0.8498033120769778, 0
-0.05449521341795964, 1.59399764765461, 0.8882857332060513, 0
-0.05431047092257007, 1.624395377449561, 0.926831318013704, 0
-0.052890698586091495, 1.672607033770163, 0.919499860640779, 0
-0.04668803200817414, 1.713735491266988, 0.9455526259126593, 0
-0.06751423822843534, 1.740173982968623, 0.9857963831335148, 0
-0.05022257119362999, 1.6429902325305346, -1.0603868659140898, 0
-0.04606530867814922, 1.6629392252347375, -1.1111404650968708, 0
-0.05358954359487747, 1.6043549483657265, -1.052385987688947, 0
-0.05295649292607891, 1.5669904136450437, -1.0625045965475, 0
-0.05408183391960001, 1.5386438064223475, -1.025231410129671, 0
-0.05467349318021572, 1.5089024547528156, -0.9868807959089338, 0
-0.05522066029065732, 1.4783664840118256, -0.9486054715424812, 0
-0.05576782092602007, 1.4476947879023516, -0.9104239655038603, 0
-0.056367335307407666, 1.4170391448831956, -0.8717536437363371, 0
-0.057037115580076875, 1.3863816745637365, -0.8330089197864614, 0
-0.05780253441627357, 1.3556682228015366, -0.7941288541434659, 0
-0.058695405544864444, 1.3249485041973295, -0.7552346740026511, 0
-0.05975095265575496, 1.2942565448041976, -0.7163847937734598, 0
-0.06100720742133503, 1.2635915672346596, -0.677656401580427, 0
-0.06251188813348058, 1.2329549199999386, -0.6390321440222394, 0
-0.06431509532556169, 1.2025871732685856, -0.6003896438029145, 0
-0.06647284673881375, 1.1722197755310895, -0.5618783883164296, 0
-0.0690630236465836, 1.1419135844831616, -0.5236219767656431, 0
-0.0722045900016412, 1.1114046269006415, -0.48508230693625237, 0
-0.07596416388160258, 1.080841708765238, -0.4465283043579731, 0
-0.08047353954435725, 1.050449362035585, -0.40801797593576017, 0
-0.08620633017379246, 1.019673849172359, -0.36804582227001265, 0
-0.09220629222227385, 0.9886217685443468, -0.3284235297700597, 0
-0.10984453053852579, 0.956940335495227, -0.29028467803568697, 0
-0.11506953362749424, 0.9700312530284171, 0.2429801805664796, 0
-0.10806427186695607, 1.004197890929559, 0.2789406504611347, 0
-0.08661263643107092, 1.036812870402047, 0.3191632753664116, 0
-0.08064658846110602, 1.068640649642659, 0.3622217799782448, 0
-0.07599673476643892, 1.099042127797138, 0.4007424435001523, 0
-0.0722625424833427, 1.129577386148076, 0.439359361653231, 0
-0.06916076258557614, 1.16010884323164, 0.4779611612252259, 0
-0.06657767168964225, 1.190623776248984, 0.5164565675553583, 0
-0.06443245154110115, 1.220964957783895, 0.5549153801891828, 0
-0.06263786272642916, 1.251455174448171, 0.5935099122618285, 0
-0.06113806166653001, 1.281974107970618, 0.6320833254418006, 0
-0.059883597049025086, 1.312568675635421, 0.6705983158359077, 0
-0.058825865096154534, 1.34318171334808, 0.7092503176796284, 0
-0.057930140594879526, 1.373884526964201, 0.7481303406665691, 0
-0.05715995779464656, 1.404588796793764, 0.7870549657684798, 0
-0.056489113586693056, 1.435280406883914, 0.825866605721255, 0
-0.055894565355187546, 1.465878651162286, 0.8645266627553883, 0
-0.05536003176794645, 1.49656684924169, 0.9030424825751213, 0
-0.05497469833444646, 1.545350421749427, 0.8956190673038167, 0
-0.0546529462541657, 1.57584822209119, 0.9340245002836742, 0
-0.054841511535643137, 1.604990792463204, 0.9720817765918995, 0
-0.05554745020747909, 1.655941631418573, 0.9663101389930688, 0
-0.06687726469164909, 1.699142893285693, 0.9894170658473569, 0
-0.0643728758354614, 1.715457220712734, 1.028205487198226, 0
-0.048080443157944325, 1.6016822578634726, -1.099540359528465, 0
-0.04783746158108773, 1.6351696268830727, -1.1516163820122889, 0
-0.05363640375635784, 1.5512908151674176, -1.1093851536719468, 0
-0.05360218630720283, 1.5208376012295794, -1.071187152936918, 0
-0.054411496836202645, 1.4905333235896976, -1.0326154472307318, 0
-0.05502790900969881, 1.4600508181673826, -0.9939633458298474, 0
-0.05561217994756991, 1.4295442800431715, -0.9557742848212273, 0
-0.05622031449489312, 1.3988197810161076, -0.9176465317578052, 0
-0.05689198624862814, 1.3681199568820985, -0.878947400283133, 0
-0.05765046367557219, 1.3374190702461695, -0.8401337787239325, 0
-0.05853383230776107, 1.3066951378897946, -0.8012500756252092, 0
-0.05957636600421913, 1.2759793620884516, -0.7623789861215869, 0
-0.06082210891764315, 1.2453013003900395, -0.723538411666666, 0
-0.06232082809737472, 1.2146563958796566, -0.6847226411054841, 0
-0.06412111230129781, 1.1839693460500356, -0.6459818153175612, 0
-0.0662792781316018, 1.1536334045363275, -0.607231544635011, 0
-0.06887082026450644, 1.1235534294985556, -0.5688032766987927, 0
-0.07198719970907926, 1.0931193892350886, -0.5305982052874262, 0
-0.07574786480676718, 1.0626625393001545, -0.49221857479215053, 0
-0.08049345673633536, 1.031908809802538, -0.45375032667121235, 0
-0.08539198367570813, 1.001866854700305, -0.4149868402147688, 0
-0.08780378395574963, 0.9716515897092131, -0.37546153235482976, 0
-0.08456710481944935, 0.9415440648596893, -0.33688985429587076, 0
-0.1098445305320501, 0.9569403354952272, 0.2902846780356865, 0
-0.09220629221742957, 0.988621768544347, 0.3284235297700591, 0
-0.08620633017365402, 1.019673849172359, 0.3680458222700121, 0
-0.08047353954418739, 1.050449362035585, 0.4080179759357596, 0
-0.07596416388142438, 1.080841708765238, 0.4465283043579725, 0
-0.07220459000153463, 1.111404626900642, 0.4850823069362518, 0
-0.0690630236465232, 1.141913584483162, 0.5236219767656425, 0
-0.06647284673877836, 1.17221977553109, 0.5618783883164289, 0
-0.06431509532554197, 1.202587173268586, 0.6003896438029138, 0
-0.06251188813346459, 1.232954919999939, 0.6390321440222387, 0
-0.06100720742132613, 1.26359156723466, 0.6776564015804263, 0
-0.059750952655750686, 1.294256544804198, 0.7163847937734591, 0
-0.05869540554486428, 1.32494850419733, 0.7552346740026504, 0
-0.05780253441627098, 1.355668222801537, 0.7941288541434652, 0
-0.05703711558007372, 1.386381674563737, 0.8330089197864607, 0
-0.05636733530740937, 1.417039144883196, 0.8717536437363365, 0
-0.055767820926027833, 1.447694787902352, 0.9104239655038596, 0
-0.055220660290684676, 1.478366484011826, 0.9486054715424805, 0
-0.054905298621434055, 1.52710114529763, 0.9413242710186289, 0
-0.05452938423474935, 1.557467892698426, 0.9796895472987065, 0
-0.05389796669131449, 1.585133052821721, 1.017297515329051, 0
-0.05516339427511056, 1.628061441032004, 1.01156330381897, 0
-0.05818502556258458, 1.670406140061546, 1.021220693999315, 0
-0.055107744273659186, 1.689707131144692, 1.069995238755189, 0
-0.05456587731180052, 1.5816588031632806, -1.149486590755376, 0
-0.053027493075756216, 1.5331860065540175, -1.154951240642576, 0
-0.053566470074510986, 1.5030160473399445, -1.1171787664099588, 0
-0.05417241644789373, 1.4723673738266576, -1.0784979815361528, 0
-0.054808886550544396, 1.4417874534395556, -1.0397778863928309, 0
-0.05544183771668595, 1.4111741489903105, -1.0009250430854608, 0
-0.056062300394392015, 1.3805933683904286, -0.9629108655293452, 0
-0.05672692361111695, 1.3498765079168826, -0.9247762276904183, 0
-0.05747745028026616, 1.3191457062150866, -0.886148881806738, 0
-0.058344830155197085, 1.2884168824373485, -0.8472911698935415, 0
-0.059368643756643795, 1.2576940597915365, -0.8084123219822719, 0
-0.06059324875745278, 1.2269854415297266, -0.7695423575567126, 0
-0.06206647130838718, 1.1963007167111266, -0.7306922949542709, 0
-0.06384758036947877, 1.1656636937524196, -0.6918503760138932, 0
-0.06599327293260016, 1.1352268274397046, -0.6530157385484701, 0
-0.06856715057604434, 1.1050348978716236, -0.6144161180048073, 0
-0.07166409407781, 1.0747444034304325, -0.5760366303895526, 0
-0.0753783826573268, 1.0443954244305536, -0.5379745258904919, 0
-0.08013545574963703, 1.0131041598173947, -0.4997707221212975, 0
-0.08564289346368568, 0.9813884521041307, -0.46154206204375114, 0
-0.09852998820850475, 0.952777303630683, -0.42160120269297785, 0
-0.09812949000755637, 0.9238795320956876, -0.38268343336843463, 0
-0.06282680424116206, 1.6064150634641177, -1.1913986083068828, 0
-0.08456710481621672, 0.9415440648596896, 0.3368898542958703, 0
-0.08780378395831052, 0.9716515897092133, 0.3754615323548292, 0
-0.0853919836752849, 1.001866854700305, 0.4149868402147682, 0
-0.08049345673609966, 1.031908809802538, 0.4537503266712118, 0
-0.07574786480662121, 1.062662539300155, 0.49221857479215, 0
-0.07198719970899808, 1.093119389235089, 0.5305982052874255, 0
-0.0688708202644652, 1.123553429498556, 0.568803276698792, 0
-0.06627927813157906, 1.153633404536328, 0.6072315446350103, 0
-0.06412111230128871, 1.183969346050036, 0.6459818153175605, 0
-0.062320828097365895, 1.214656395879657, 0.6847226411054834, 0
-0.06082210891763648, 1.24530130039004, 0.7235384116666653, 0
-0.059576366004214815, 1.275979362088452, 0.7623789861215863, 0
-0.058533832307764565, 1.306695137889795, 0.8012500756252086, 0
-0.05765046367557262, 1.33741907024617, 0.8401337787239318, 0
-0.056891986248632974, 1.368119956882099, 0.8789474002831323, 0
-0.05622031449489991, 1.398819781016108, 0.9176465317578045, 0
-0.05561217994758784, 1.429544280043172, 0.9557742848212266, 0
-0.05502790900972417, 1.460050818167383, 0.9939633458298467, 0
-0.05467349318026231, 1.508902454752816, 0.9868807959089332, 0
-0.0540818339196625, 1.538643806422348, 1.02523141012967, 0
-0.05295649292594243, 1.566990413645044, 1.062504596547499, 0
-0.05358954359628183, 1.604354948365727, 1.052385987688946, 0
-0.050222571197893584, 1.642990232530535, 1.060386865914089, 0
-0.0460653086775287, 1.662939225234738, 1.11114046509687, 0
-0.05985969308331059, 1.5596798329616686, -1.1918253310997309, 0
-0.04999171722612733, 1.5142806759269245, -1.2000688964965518, 0
-0.05287010754732583, 1.4849020148823835, -1.16293511888941, 0
-0.05384597567866484, 1.4543092476129615, -1.124362029709829, 0
-0.05461409964297807, 1.4235540481775786, -1.0857337865222758, 0
-0.055264808246485796, 1.3928581946686636, -1.046918742513807, 0
-0.05590111754874512, 1.3621722235925005, -1.008027093324392, 0
-0.056559075453403135, 1.3315456465566486, -0.9700535395640821, 0
-0.05728981989863629, 1.3009381800132747, -0.9320499721060276, 0
-0.05813201127119736, 1.2702721379983346, -0.8932423498421289, 0
-0.05912897998501699, 1.2394093715624717, -0.8544583756322541, 0
-0.06032600214896558, 1.2086577201513367, -0.8155845120746195, 0
-0.06176506617664368, 1.1779431754780276, -0.7766946736178237, 0
-0.06351409123507502, 1.1472542932368905, -0.7378053097650462, 0
-0.065630112165215, 1.1165241435797546, -0.6989262942126997, 0
-0.0681841999504171, 1.0862786488067346, -0.6601103463079516, 0
-0.07127509099335731, 1.0556809766282136, -0.621580747929533, 0
-0.07497143514403747, 1.0250348469647776, -0.5832219715065896, 0
-0.0796797611530416, 0.9927589581188687, -0.5454051006855598, 0
-0.0851074037266286, 0.9587496398174935, -0.5078971467827027, 0
-0.08815130347609162, 0.930545978546752, -0.46783291156277945, 0
-0.10742360584257411, 0.9039892927095288, -0.42755509430543087, 0
-0.06071548327954998, 1.5766928556293016, -1.230463180679341, 0
-0.09812949001615452, 0.9238795320956878, 0.3826834333684342, 0
-0.09852998820804737, 0.9527773036306832, 0.4216012026929774, 0
-0.08564289346321323, 0.981388452104131, 0.4615420620437506, 0
-0.08013545574927862, 1.013104159817395, 0.4997707221212969, 0
-0.07537838265725424, 1.044395424430554, 0.5379745258904914, 0
-0.0716640940777862, 1.074744403430433, 0.5760366303895521, 0
-0.06856715057602596, 1.105034897871624, 0.6144161180048067, 0
-0.065993272932597, 1.135226827439705, 0.6530157385484694, 0
-0.06384758036948003, 1.16566369375242, 0.6918503760138925, 0
-0.06206647130838664, 1.196300716711127, 0.7306922949542702, 0
-0.060593248757450896, 1.226985441529727, 0.769542357556712, 0
-0.05936864375664309, 1.257694059791537, 0.8084123219822712, 0
-0.058344830155196675, 1.288416882437349, 0.8472911698935408, 0
-0.05747745028026924, 1.319145706215087, 0.8861488818067373, 0
-0.05672692361112369, 1.349876507916883, 0.9247762276904177, 0
-0.056062300394402347, 1.380593368390429, 0.9629108655293446, 0
-0.055441837716703087, 1.411174148990311, 1.00092504308546, 0
-0.05480888655055676, 1.441787453439556, 1.03977788639283, 0
-0.05441149683624109, 1.490533323589698, 1.032615447230731, 0
-0.05360218630701197, 1.52083760122958, 1.071187152936917, 0
-0.053636403756733446, 1.551290815167418, 1.109385153671946, 0
-0.04808044315239581, 1.601682257863473, 1.099540359528464, 0
-0.047837461569511915, 1.635169626883073, 1.151616382012288, 0
-0.03587389276293884, 1.5388304607453596, -1.2315959561210519, 0
-0.05145317896676177, 1.4993387059434995, -1.2531333301774619, 0
-0.05229333669706583, 1.4662898363627936, -1.2097062774389709, 0
-0.053713411594664945, 1.4362801888545995, -1.170131557713056, 0
-0.05447997496340191, 1.4056813628646796, -1.13150889331326, 0
-0.0551121367330892, 1.3745837236801295, -1.092961038993989, 0
-0.05574212620421717, 1.3438173532298416, -1.0540797085920959, 0
-0.056391942442244804, 1.3130555846502745, -1.0152196336265098, 0
-0.05710206545589096, 1.2824961388980125, -0.9772008524625796, 0
-0.05791320955704079, 1.2520776212845806, -0.9386685172308541, 0
-0.05886924736486042, 1.2212340356289766, -0.9002239384997027, 0
-0.060019822483125006, 1.1903396385189156, -0.8616452898421839, 0
-0.061417443601862395, 1.1596041835050916, -0.822759787534362, 0
-0.06311596257241095, 1.1288722858986375, -0.7838470865153422, 0
-0.06517939845817862, 1.0981703627765915, -0.7449331261542017, 0
-0.06769747968359453, 1.0674630612470475, -0.7060440298136837, 0
-0.07075784648790215, 1.0370883386700325, -0.6672421139883854, 0
-0.07445505168978239, 1.0059047240256815, -0.628457307379912, 0
-0.07901568647198913, 0.9734586599499813, -0.5901000355418007, 0
-0.08465417826454322, 0.936128057485337, -0.5517769301698238, 0
-0.09785538331099128, 0.9068094239343709, -0.5137011943355826, 0
-0.07760136248493744, 0.881921263962018, -0.47139673754878353, 0
-0.016238888306564277, 1.5460209070286595, -1.268786567957859, 0
-0.1074236058327171, 0.903989292709529, 0.4275550943054304, 0
-0.08815130347174052, 0.9305459785467523, 0.467832911562779, 0
-0.08510740372649285, 0.9587496398174937, 0.5078971467827023, 0
-0.07967976115310306, 0.9927589581188689, 0.5454051006855594, 0
-0.07497143514404177, 1.025034846964778, 0.5832219715065892, 0
-0.07127509099337517, 1.055680976628214, 0.6215807479295326, 0
-0.06818419995042048, 1.086278648806735, 0.660110346307951, 0
-0.06563011216522377, 1.116524143579755, 0.698926294212699, 0
-0.063514091235078, 1.147254293236891, 0.7378053097650455, 0
-0.06176506617664945, 1.177943175478028, 0.7766946736178231, 0
-0.060326002148972185, 1.208657720151337, 0.8155845120746188, 0
-0.059128979985020286, 1.239409371562472, 0.8544583756322535, 0
-0.058132011271198096, 1.270272137998335, 0.8932423498421282, 0
-0.057289819898640314, 1.300938180013275, 0.9320499721060269, 0
-0.056559075453411, 1.331545646556649, 0.9700535395640815, 0
-0.05590111754875362, 1.362172223592501, 1.008027093324391, 0
-0.05526480824649439, 1.392858194668664, 1.046918742513806, 0
-0.054614099642987655, 1.423554048177579, 1.085733786522275, 0
-0.05417241644795915, 1.472367373826658, 1.078497981536152, 0
-0.053566470074625575, 1.503016047339945, 1.117178766409958, 0
-0.05302749307640128, 1.533186006554018, 1.154951240642575, 0
-0.05456587731147717, 1.581658803163281, 1.149486590755375, 0
-0.06282680425461627, 1.606415063464118, 1.191398608306882, 0
-0.05379831640832367, 1.4450961056802756, -1.2547487527514258, 0
-0.05435520839921196, 1.4167905016275866, -1.2152428206017958, 0
-0.05449376105781219, 1.3873059271990265, -1.1759398820576639, 0
-0.055031046869957245, 1.3566939108633256, -1.1381324890747588, 0
-0.055605578508974476, 1.3255134555286276, -1.1002002349559228, 0
-0.056224009619383335, 1.2947006750712786, -1.0612567439468203, 0
-0.05691024868962393, 1.2639901261585635, -1.0224264714663105, 0
-0.0576898264326729, 1.2333387617123885, -0.9837053122634674, 0
-0.0586080017901138, 1.2026530697325695, -0.9454225379161181, 0
-0.05969281455369578, 1.1720005014611146, -0.907435522928018, 0
-0.061027801554398305, 1.1412819189335406, -0.8689016698785659, 0
-0.06267206048736447, 1.1105145298528376, -0.829947666843057, 0
-0.06466714911606954, 1.0799691056849616, -0.7908903660962954, 0
-0.06709929958473056, 1.0491298840667835, -0.7520700421140403, 0
-0.07009954619711148, 1.0184274622854586, -0.7131756912586309, 0
-0.07378443227491127, 0.9876834621372893, -0.6743661377210697, 0
-0.07812931449335743, 0.9569884918183369, -0.63559515716035, 0
-0.08288301641475113, 0.9265112606822697, -0.5967194625730229, 0
-0.08260019116923925, 0.8854187084023332, -0.5628629356729581, 0
-0.11961726859694978, 0.8577286096775255, -0.5141027447316918, 0
-0.06381181437546866, 1.4668515038325176, -1.2972295096967288, 0
-0.07771585401851912, 1.5144176932427735, -1.3063456856411468, 0
-0.07760136248541519, 0.8819212639620182, 0.4713967375487831, 0
-0.09785538331228802, 0.9068094239343711, 0.5137011943355821, 0
-0.08465417826468064, 0.9361280574853372, 0.5517769301698233, 0
-0.07901568647232256, 0.9734586599499815, 0.5901000355418002, 0
-0.0744550516898498, 1.005904724025682, 0.6284573073799116, 0
-0.07075784648793425, 1.037088338670033, 0.667242113988385, 0
-0.06769747968361424, 1.067463061247048, 0.7060440298136833, 0
-0.06517939845818813, 1.098170362776592, 0.744933126154201, 0
-0.06311596257241406, 1.128872285898638, 0.7838470865153415, 0
-0.06141744360187013, 1.159604183505092, 0.8227597875343613, 0
-0.060019822483132854, 1.190339638518916, 0.8616452898421832, 0
-0.058869247364865825, 1.221234035628977, 0.9002239384997021, 0
-0.05791320955704913, 1.252077621284581, 0.9386685172308534, 0
-0.05710206545589513, 1.282496138898013, 0.9772008524625789, 0
-0.05639194244225097, 1.313055584650275, 1.015219633626509, 0
-0.055742126204222454, 1.343817353229842, 1.054079708592095, 0
-0.0551121367330848, 1.37458372368013, 1.092961038993988, 0
-0.054479974963375734, 1.40568136286468, 1.131508893313259, 0
-0.05384597567869084, 1.454309247612962, 1.124362029709828, 0
-0.052870107547563064, 1.484902014882384, 1.162935118889409, 0
-0.049991717226347945, 1.514280675926925, 1.200068896496551, 0
-0.059859693090149504, 1.559679832961669, 1.19182533109973, 0
-0.06071548328187221, 1.576692855629302, 1.23046318067934, 0
-0.05477878277966887, 1.3957699035847395, -1.25512730188083, 0
-0.05470932803251093, 1.4159628803086406, -1.2941161931655019, 0
-0.04936122807515067, 1.4340531810288055, -1.3321672493269339, 0
-0.042704455655831135, 1.4819022508391175, -1.343117909551487, 0
-0.05458341353722172, 1.3705460330161896, -1.2177970900904989, 0
-0.05503656608530961, 1.3397632023767905, -1.180148122371799, 0
-0.05550281493778205, 1.3075804978989876, -1.1445467533678668, 0
-0.05606076612497159, 1.2765426724420306, -1.1075240274466884, 0
-0.056721737252958954, 1.2460205018494226, -1.0683035269902534, 0
-0.05744388651413681, 1.2150616490964645, -1.0292046391021474, 0
-0.058312520890908624, 1.1832732420570176, -0.9918263606010757, 0
-0.05939125672578933, 1.1525894798096505, -0.9538778719754057, 0
-0.060608830951211196, 1.1228879746071885, -0.9148550177960544, 0
-0.06214312604135955, 1.0921334451713196, -0.8761097144326557, 0
-0.06405448552270572, 1.0638007667577536, -0.8365872251933941, 0
-0.06638380499995888, 1.0316942551894785, -0.7974053266449981, 0
-0.06928542475848105, 1.0007220289983836, -0.7587033262266148, 0
-0.07286064448624534, 0.9691573965762529, -0.720508917784392, 0
-0.07732634622866905, 0.9383748880661854, -0.6817563194080365, 0
-0.08251828613858884, 0.9102342841420918, -0.6434724295602687, 0
-0.08822623515749857, 0.8888238183250659, -0.609270641144163, 0
-0.09602036808018202, 0.8491017720403065, -0.6024251021860325, 0
-0.05377020092971979, 0.8314696120142534, -0.5555702334510616, 0
-0.11961726859999006, 0.8577286096775257, 0.5141027447316914, 0
-0.08260019117490816, 0.8854187084023334, 0.5628629356729576, 0
-0.08288301641523552, 0.92651126068227, 0.5967194625730224, 0
-0.07812931449346658, 0.9569884918183371, 0.6355951571603495, 0
-0.07378443227496397, 0.9876834621372895, 0.6743661377210692, 0
-0.07009954619714408, 1.018427462285459, 0.7131756912586305, 0
-0.06709929958475162, 1.049129884066784, 0.7520700421140398, 0
-0.06466714911608062, 1.079969105684962, 0.7908903660962947, 0
-0.06267206048737488, 1.110514529852838, 0.8299476668430563, 0
-0.06102780155440646, 1.141281918933541, 0.8689016698785652, 0
-0.05969281455369812, 1.172000501461115, 0.9074355229280173, 0
-0.058608001790121864, 1.20265306973257, 0.9454225379161174, 0
-0.05768982643268161, 1.233338761712389, 0.9837053122634667, 0
-0.056910248689628344, 1.263990126158564, 1.02242647146631, 0
-0.05622400961938869, 1.294700675071279, 1.06125674394682, 0
-0.05560557850897816, 1.325513455528628, 1.100200234955922, 0
-0.05503104686993937, 1.356693910863326, 1.138132489074758, 0
-0.05449376105774243, 1.387305927199027, 1.175939882057663, 0
-0.05371341159454663, 1.4362801888546, 1.170131557713055, 0
-0.05229333669651587, 1.466289836362794, 1.20970627743897, 0
-0.05145317896404672, 1.4993387059435, 1.253133330177461, 0
-0.035873892761119956, 1.53883046074536, 1.231595956121051, 0
-0.016238888301350642, 1.54602090702866, 1.268786567957858, 0
-0.05432598686941864, 1.3627062966573875, -1.292803663796984, 0
-0.05503357020607081, 1.3913002910681185, -1.332620681540113, 0
-0.0556056330814851, 1.4137237695628766, -1.36410456120847, 0
-0.06132792444864334, 1.4484941659090496, -1.37908108946771, 0
-0.05474519807906354, 1.3578554465306536, -1.2545290474322528, 0
-0.054989385580446526, 1.3272377574731975, -1.220703569410262, 0
-0.05538599151127064, 1.2930438374665656, -1.1850054935467536, 0
-0.055909829890501694, 1.2612326793511746, -1.1508934126061734, 0
-0.0564823294416182, 1.2286978455988204, -1.1138145911334165, 0
-0.05720740214641803, 1.1980425907076855, -1.0742707229086566, 0
-0.05803151463135108, 1.1638414457043695, -1.0377908299233853, 0
-0.059056915752849694, 1.1301329393687425, -1.0023575096202184, 0
-0.06018911361190718, 1.1045891516312725, -0.9613702829909503, 0
-0.06150559587896419, 1.0786828492309446, -0.9225103656827297, 0
-0.06314102873478608, 1.0497777463708255, -0.8860181591927341, 0
-0.065390825934881, 1.0193124739850625, -0.8472118044562811, 0
-0.06815657228563174, 0.9863205163877231, -0.8045138581986393, 0
-0.07163999104096314, 0.9519444206344143, -0.767368790128495, 0
-0.07611057758777606, 0.9191631266426115, -0.7308983563867075, 0
-0.08202932940285303, 0.8828824922109068, -0.6932460691234077, 0
-0.08812055463687848, 0.8646284560488969, -0.6464138720581948, 0
-0.11012984359773068, 0.8199934384707415, -0.6399643707553332, 0
-0.15373729704150726, 0.8032075312539579, -0.5956993047980855, 0
-0.053770200939634624, 0.8314696120142536, 0.5555702334510612, 0
-0.09602036807518496, 0.8491017720403067, 0.6024251021860321, 0
-0.08822623515657278, 0.8888238183250661, 0.6092706411441625, 0
-0.08251828613844515, 0.9102342841420921, 0.6434724295602683, 0
-0.0773263462287045, 0.9383748880661856, 0.681756319408036, 0
-0.07286064448627796, 0.9691573965762533, 0.7205089177843915, 0
-0.0692854247585081, 1.000722028998384, 0.7587033262266144, 0
-0.06638380499997461, 1.031694255189479, 0.7974053266449976, 0
-0.06405448552271878, 1.063800766757754, 0.8365872251933937, 0
-0.06214312604137306, 1.09213344517132, 0.8761097144326551, 0
-0.06060883095121979, 1.122887974607189, 0.9148550177960537, 0
-0.05939125672579672, 1.152589479809651, 0.9538778719754051, 0
-0.05831252089091674, 1.183273242057018, 0.991826360601075, 0
-0.057443886514142305, 1.215061649096465, 1.029204639102147, 0
-0.0567217372529664, 1.246020501849423, 1.068303526990253, 0
-0.05606076612497911, 1.276542672442031, 1.107524027446688, 0
-0.05550281493779014, 1.307580497898988, 1.144546753367866, 0
-0.05503656608530662, 1.339763202376791, 1.180148122371798, 0
-0.054583413537211335, 1.37054603301619, 1.217797090090498, 0
-0.05435520839890375, 1.416790501627587, 1.215242820601795, 0
-0.05379831640769359, 1.445096105680276, 1.254748752751425, 0
-0.06381181437283168, 1.466851503832518, 1.297229509696728, 0
-0.07771585401483284, 1.514417693242774, 1.306345685641146, 0
-0.05469863543213306, 1.3081475451948055, -1.3081475451948068, 0
-0.05487127389714937, 1.3211105335975055, -1.2599334939023499, 0
-0.05525729534281021, 1.2851171388757485, -1.2255534180193184, 0
-0.055716642812161835, 1.2497707904730475, -1.1941302515851955, 0
-0.05626619005768589, 1.2151934864364755, -1.1585950273465915, 0
-0.0569355482783972, 1.1800151818520885, -1.1213390154710905, 0
-0.057749043863332704, 1.1443210032213655, -1.0831088974383654, 0
-0.05879310467867273, 1.1089564630933055, -1.0477192195237583, 0
-0.05993776349049633, 1.0759837726798636, -1.0052139531441084, 0
-0.061033302142510695, 1.0665298470616056, -0.9597710319208204, 0
-0.06237578163801899, 1.0398384241686516, -0.9316621481000644, 0
-0.06416586936468657, 1.0079905199259926, -0.8992448682242826, 0
-0.06659808892247483, 0.9769417357602939, -0.8570679705444985, 0
-0.06969791534888857, 0.942443683292193, -0.8204930068773177, 0
-0.07332032663600865, 0.9079388928728449, -0.7865824468356316, 0
-0.07787349306093412, 0.8742064999042057, -0.7520179854041951, 0
-0.08443090231926771, 0.8334580074997097, -0.7162510893551987, 0
-0.08323476276678775, 0.7932012235640863, -0.6823007305662934, 0
-0.08874226533889798, 0.8388327235588683, -0.6756352263716856, 0
-0.05428748672603509, 1.3435028842542645, -1.343502884254265, 0
-0.04946511004349496, 1.3788582233136795, -1.3788582233136808, 0
-0.04699160673195123, 1.414213562373094, -1.4142135623730958, 0
-0.07888206724176662, 0.7730104532336319, -0.6343932843209605, 0
-0.15373729701942337, 0.8032075312539582, 0.5956993047980851, 0
-0.11012984359459539, 0.8199934384707417, 0.6399643707553327, 0
-0.08812055463682132, 0.8646284560488972, 0.6464138720581943, 0
-0.08202932940290705, 0.8828824922109072, 0.6932460691234072, 0
-0.07611057758780891, 0.9191631266426119, 0.7308983563867071, 0
-0.07163999104100084, 0.9519444206344148, 0.7673687901284946, 0
-0.06815657228565376, 0.9863205163877236, 0.8045138581986389, 0
-0.0653908259348935, 1.019312473985063, 0.8472118044562806, 0
-0.06314102873479466, 1.049777746370826, 0.8860181591927336, 0
-0.06150559587897566, 1.078682849230945, 0.922510365682729, 0
-0.06018911361191817, 1.104589151631273, 0.9613702829909496, 0
-0.0590569157528573, 1.130132939368743, 1.002357509620218, 0
-0.05803151463135715, 1.16384144570437, 1.037790829923385, 0
-0.057207402146427805, 1.198042590707686, 1.074270722908656, 0
-0.056482329441629675, 1.228697845598821, 1.113814591133416, 0
-0.05590982989051613, 1.261232679351175, 1.150893412606173, 0
-0.055385991511299304, 1.293043837466566, 1.185005493546753, 0
-0.0549893855805022, 1.327237757473198, 1.220703569410261, 0
-0.054745198079177375, 1.357855446530654, 1.254529047432252, 0
-0.05477878277961479, 1.39576990358474, 1.255127301880829, 0
-0.0547093280326898, 1.415962880308641, 1.294116193165501, 0
-0.049361228077309534, 1.434053181028806, 1.332167249326933, 0
-0.04270445565314547, 1.481902250839118, 1.343117909551486, 0
-0.05505679953867982, 1.2727922061353776, -1.2727922061353785, 0
-0.055534124144967556, 1.2374368670759757, -1.2374368670759754, 0
-0.056032250519987094, 1.2020815280165076, -1.2020815280165085, 0
-0.056644869034824685, 1.1667261889570795, -1.1667261889570804, 0
-0.057363133763327315, 1.1313708498976425, -1.1313708498976434, 0
-0.058259056858054825, 1.0960155108382275, -1.0960155108382283, 0
-0.05919996011150678, 1.0606601717788346, -1.0606601717788344, 0
-0.060672838062193674, 1.0253048327196095, -1.0253048327196104, 0
-0.06135193852800508, 1.0335550375972975, -0.9780984096862496, 0
-0.06318463126638911, 0.9997839729035378, -0.9441475346320696, 0
-0.06526769194028503, 0.9655136764949123, -0.9074877267618234, 0
-0.06802242369289625, 0.9321043376152132, -0.870883925663483, 0
-0.07139393698692748, 0.8964934793802919, -0.8358683332186897, 0
-0.07554699226001378, 0.8611652052225958, -0.8004775023187745, 0
-0.08061368731751153, 0.826003696343122, -0.764956643998985, 0
-0.08595217648637973, 0.790758411560208, -0.7295211679907532, 0
-0.09485194208252669, 0.7573438645274828, -0.7066264541838527, 0
-0.09223141136517292, 0.7409511253169007, -0.6715589548890095, 0
-0.0543259868700273, 1.292803663796983, -1.3627062966573882, 0
-0.0550335702075259, 1.3326206815401112, -1.3913002910681196, 0
-0.055605633085633925, 1.3641045612084683, -1.4137237695628777, 0
-0.0613279244561805, 1.3790810894677084, -1.4484941659090507, 0
-0.054871273897278014, 1.2599334939023488, -1.3211105335975062, 0
-0.07888206725546387, 0.7730104532336322, 0.6343932843209601, 0
-0.08323476277427787, 0.7932012235640865, 0.6823007305662929, 0
-0.0844309023195867, 0.8334580074997101, 0.7162510893551982, 0
-0.07787349306111628, 0.8742064999042062, 0.7520179854041946, 0
-0.07332032663603652, 0.9079388928728453, 0.7865824468356312, 0
-0.06969791534891188, 0.9424436832921934, 0.8204930068773173, 0
-0.06659808892249236, 0.9769417357602943, 0.857067970544498, 0
-0.0641658693646956, 1.007990519925993, 0.8992448682242822, 0
-0.062375781638027504, 1.039838424168652, 0.931662148100064, 0
-0.06103330214252331, 1.066529847061606, 0.9597710319208199, 0
-0.05993776349050134, 1.075983772679864, 1.005213953144108, 0
-0.0587931046786761, 1.108956463093306, 1.047719219523758, 0
-0.05774904386333933, 1.144321003221366, 1.083108897438365, 0
-0.05693554827840936, 1.180015181852089, 1.12133901547109, 0
-0.0562661900577012, 1.215193486436476, 1.158595027346591, 0
-0.05571664281218848, 1.249770790473048, 1.194130251585195, 0
-0.055257295342861855, 1.285117138875749, 1.225553418019318, 0
-0.05487127389731174, 1.321110533597506, 1.259933493902349, 0
-0.054325986869901165, 1.362706296657388, 1.292803663796983, 0
-0.05503357020765803, 1.391300291068119, 1.332620681540112, 0
-0.055605633087469006, 1.413723769562877, 1.364104561208469, 0
-0.06132792445835186, 1.44849416590905, 1.379081089467709, 0
-0.08874226533846725, 0.8388327235588685, 0.6756352263716852, 0
-0.05525729534283605, 1.2255534180193177, -1.2851171388757492, 0
-0.05571664281217114, 1.194130251585195, -1.2497707904730482, 0
-0.05626619005768976, 1.1585950273465906, -1.2151934864364764, 0
-0.056935548278398446, 1.1213390154710896, -1.1800151818520892, 0
-0.05774904386333314, 1.0831088974383647, -1.1443210032213662, 0
-0.058793104678673616, 1.0477192195237577, -1.1089564630933062, 0
-0.0599377634904969, 1.0052139531441076, -1.0759837726798642, 0
-0.06135193852800998, 0.9780984096862491, -1.0335550375972982, 0
-0.06217071537490526, 0.989949493660392, -0.9899494936603928, 0
-0.06419012745716625, 0.9545941546011264, -0.9545941546011272, 0
-0.06659673768101802, 0.9192388155419368, -0.9192388155419375, 0
-0.06963685900891191, 0.8838834764827449, -0.8838834764827457, 0
-0.073391235687243, 0.8485281374235487, -0.8485281374235495, 0
-0.07805153026540408, 0.8131727983643525, -0.8131727983643533, 0
-0.08333056593139601, 0.7778174593051195, -0.7778174593051203, 0
-0.0942798254670261, 0.7424621202458409, -0.7424621202458417, 0
-0.10152958316674261, 0.7071067811865471, -0.7071067811865479, 0
-0.05470932803327765, 1.2941161931655003, -1.4159628803086415, 0
-0.05477878277990667, 1.2551273018808287, -1.3957699035847402, 0
-0.05474519807919765, 1.2545290474322517, -1.3578554465306543, 0
-0.0549893855805106, 1.2207035694102608, -1.3272377574731982, 0
-0.049361228080545244, 1.3321672493269323, -1.4340531810288066, 0
-0.04270445566164341, 1.3431179095514854, -1.4819022508391186, 0
-0.09223141137273148, 0.7409511253169009, 0.6715589548890091, 0
-0.09485194207997176, 0.7573438645274833, 0.7066264541838523, 0
-0.08595217648703524, 0.7907584115602084, 0.7295211679907527, 0
-0.08061368731739207, 0.8260036963431224, 0.7649566439989846, 0
-0.07554699226005848, 0.8611652052225962, 0.800477502318774, 0
-0.07139393698693698, 0.8964934793802923, 0.8358683332186893, 0
-0.06802242369290447, 0.9321043376152136, 0.8708839256634826, 0
-0.0652676919402978, 0.9655136764949127, 0.907487726761823, 0
-0.0631846312664018, 0.9997839729035383, 0.9441475346320691, 0
-0.06135193852801595, 1.033555037597298, 0.9780984096862492, 0
-0.06067283806219817, 1.02530483271961, 1.02530483271961, 0
-0.059199960111512316, 1.060660171778835, 1.060660171778834, 0
-0.05825905685805755, 1.096015510838228, 1.096015510838228, 0
-0.057363133763333525, 1.131370849897643, 1.131370849897643, 0
-0.056644869034836245, 1.16672618895708, 1.16672618895708, 0
-0.05603225052000259, 1.202081528016508, 1.202081528016508, 0
-0.055534124144999815, 1.237436867075976, 1.237436867075975, 0
-0.05505679953875656, 1.272792206135378, 1.272792206135378, 0
-0.054698635432323665, 1.308147545194806, 1.308147545194806, 0
-0.054287486726682356, 1.343502884254265, 1.343502884254264, 0
-0.0494651100438422, 1.37885822331368, 1.37885822331368, 0
-0.046991606732560726, 1.414213562373095, 1.414213562373095, 0
-0.05538599151128315, 1.1850054935467529, -1.2930438374665663, 0
-0.05503656608530108, 1.180148122371798, -1.3397632023767911, 0
-0.05458341353725653, 1.217797090090498, -1.3705460330161903, 0
-0.0543552083989087, 1.2152428206017942, -1.4167905016275872, 0
-0.05379831640797613, 1.2547487527514245, -1.4450961056802762, 0
-0.06381181437536658, 1.2972295096967272, -1.4668515038325183, 0
-0.07771585401250014, 1.3063456856411453, -1.5144176932427742, 0
-0.055909829890506184, 1.1508934126061727, -1.2612326793511754, 0
-0.05648232944162495, 1.1138145911334159, -1.2286978455988211, 0
-0.05720740214642081, 1.0742707229086559, -1.1980425907076864, 0
-0.05803151463135309, 1.037790829923385, -1.1638414457043702, 0
-0.05905691575285466, 1.002357509620218, -1.1301329393687432, 0
-0.06018911361191277, 0.9613702829909492, -1.1045891516312734, 0
-0.06103330214251498, 0.9597710319208199, -1.0665298470616065, 0
-0.06237578163801879, 0.9316621481000638, -1.0398384241686522, 0
-0.06318463126639019, 0.9441475346320689, -0.9997839729035386, 0
-0.06526769194028037, 0.9074877267618228, -0.965513676494913, 0
-0.06802242369287953, 0.8708839256634824, -0.9321043376152139, 0
-0.07139393698689496, 0.8358683332186891, -0.8964934793802927, 0
-0.07554699225991958, 0.8004775023187738, -0.8611652052225965, 0
-0.08061368731721105, 0.7649566439989844, -0.8260036963431228, 0
-0.08595217648559152, 0.7295211679907525, -0.7907584115602088, 0
-0.09485194207953164, 0.7066264541838521, -0.7573438645274836, 0
-0.09223141136012777, 0.6715589548890087, -0.7409511253169012, 0
-0.10152958315243162, 0.7071067811865476, 0.7071067811865475, 0
-0.09427982545818438, 0.7424621202458414, 0.7424621202458412, 0
-0.08333056593143663, 0.7778174593051199, 0.7778174593051198, 0
-0.07805153026524039, 0.813172798364353, 0.8131727983643529, 0
-0.07339123568723506, 0.8485281374235492, 0.848528137423549, 0
-0.06963685900891667, 0.8838834764827453, 0.8838834764827452, 0
-0.06659673768102226, 0.9192388155419372, 0.9192388155419371, 0
-0.06419012745717896, 0.9545941546011268, 0.9545941546011267, 0
-0.06217071537491474, 0.9899494936603924, 0.9899494936603923, 0
-0.06135193852801105, 0.9780984096862495, 1.0335550375972977, 0
-0.05993776349050363, 1.005213953144108, 1.0759837726798638, 0
-0.058793104678678335, 1.0477192195237581, 1.1089564630933058, 0
-0.05774904386333488, 1.0831088974383651, 1.1443210032213658, 0
-0.05693554827840454, 1.12133901547109, 1.1800151818520888, 0
-0.056266190057692816, 1.158595027346591, 1.215193486436476, 0
-0.05571664281217866, 1.1941302515851955, 1.2497707904730477, 0
-0.05525729534284503, 1.2255534180193182, 1.2851171388757487, 0
-0.054871273897289054, 1.2599334939023492, 1.3211105335975057, 0
-0.054325986869823206, 1.2928036637969835, 1.3627062966573877, 0
-0.05503357020749774, 1.332620681540112, 1.3913002910681187, 0
-0.05560563308637192, 1.3641045612084692, 1.4137237695628768, 0
-0.0613279244565395, 1.3790810894677092, 1.4484941659090498, 0
-0.05550281493778134, 1.144546753367866, -1.3075804978989882, 0
-0.05606076612497355, 1.1075240274466878, -1.2765426724420315, 0
-0.0567217372529637, 1.068303526990253, -1.2460205018494233, 0
-0.05744388651414053, 1.0292046391021468, -1.2150616490964652, 0
-0.058312520890917874, 0.9918263606010744, -1.1832732420570184, 0
-0.05939125672579779, 0.9538778719754051, -1.1525894798096512, 0
-0.06060883095121535, 0.9148550177960535, -1.1228879746071891, 0
-0.06150559587896512, 0.9225103656827287, -1.0786828492309453, 0
-0.06314102873478526, 0.8860181591927334, -1.0497777463708262, 0
-0.06416586936468252, 0.899244868224282, -1.0079905199259933, 0
-0.06659808892246301, 0.8570679705444977, -0.9769417357602946, 0
-0.06969791534885754, 0.8204930068773169, -0.9424436832921937, 0
-0.07332032663593432, 0.786582446835631, -0.9079388928728456, 0
-0.07787349306074903, 0.7520179854041945, -0.8742064999042065, 0
-0.08443090231863204, 0.716251089355198, -0.8334580074997104, 0
-0.0832347627654219, 0.6823007305662926, -0.7932012235640868, 0
-0.0788820672421467, 0.6343932843209599, -0.7730104532336325, 0
-0.05503104686992799, 1.1381324890747577, -1.3566939108633265, 0
-0.05449376105771298, 1.1759398820576625, -1.3873059271990271, 0
-0.053713411594398006, 1.1701315577130544, -1.4362801888546002, 0
-0.05229333669601227, 1.209706277438969, -1.4662898363627943, 0
-0.0514531789625794, 1.2531333301774605, -1.4993387059435002, 0
-0.016238888301417717, 1.2687865679578578, -1.5460209070286601, 0
-0.09485194208133557, 0.7066264541838525, 0.7573438645274831, 0
-0.09223141137323004, 0.6715589548890092, 0.7409511253169008, 0
-0.08595217648659, 0.729521167990753, 0.7907584115602083, 0
-0.08061368731698393, 0.7649566439989849, 0.8260036963431223, 0
-0.07554699225993604, 0.8004775023187742, 0.8611652052225961, 0
-0.07139393698689354, 0.8358683332186896, 0.8964934793802922, 0
-0.06802242369288553, 0.8708839256634828, 0.9321043376152135, 0
-0.06526769194028813, 0.9074877267618232, 0.9655136764949126, 0
-0.06318463126640048, 0.9441475346320694, 0.9997839729035382, 0
-0.06237578163802634, 0.9316621481000642, 1.0398384241686518, 0
-0.061033302142517495, 0.9597710319208204, 1.066529847061606, 0
-0.060189113611915895, 0.9613702829909496, 1.104589151631273, 0
-0.059056915752859075, 1.0023575096202184, 1.1301329393687427, 0
-0.058031514631351255, 1.0377908299233853, 1.1638414457043698, 0
-0.0572074021464231, 1.0742707229086563, 1.198042590707686, 0
-0.05648232944162363, 1.1138145911334163, 1.2286978455988207, 0
-0.05590982989050093, 1.1508934126061732, 1.261232679351175, 0
-0.05538599151127265, 1.1850054935467533, 1.2930438374665658, 0
-0.054989385580467294, 1.2207035694102613, 1.3272377574731977, 0
-0.05474519807913526, 1.2545290474322521, 1.3578554465306538, 0
-0.05477878277962908, 1.2551273018808295, 1.3957699035847397, 0
-0.05470932803269923, 1.2941161931655012, 1.415962880308641, 0
-0.04936122807586839, 1.3321672493269332, 1.4340531810288057, 0
-0.04270445565219803, 1.3431179095514862, 1.4819022508391178, 0
-0.05560557850897423, 1.100200234955922, -1.3255134555286283, 0
-0.05622400961938811, 1.06125674394682, -1.2947006750712795, 0
-0.05691024868962987, 1.0224264714663096, -1.2639901261585642, 0
-0.05768982643268278, 0.983705312263466, -1.2333387617123892, 0
-0.05860800179012164, 0.9454225379161167, -1.2026530697325701, 0
-0.05969281455370246, 0.9074355229280171, -1.1720005014611155, 0
-0.06102780155440471, 0.8689016698785648, -1.1412819189335413, 0
-0.06214312604136317, 0.8761097144326548, -1.0921334451713203, 0
-0.0640544855227061, 0.8365872251933937, -1.0638007667577543, 0
-0.06539082593487519, 0.8472118044562804, -1.0193124739850634, 0
-0.06815657228561685, 0.8045138581986386, -0.986320516387724, 0
-0.07163999104093018, 0.7673687901284942, -0.9519444206344152, 0
-0.07611057758769461, 0.7308983563867069, -0.9191631266426123, 0
-0.08202932940265101, 0.6932460691234071, -0.8828824922109075, 0
-0.08874226533840773, 0.675635226371685, -0.8388327235588688, 0
-0.11012984359536786, 0.6399643707553326, -0.819993438470742, 0
-0.15373729703539443, 0.5956993047980847, -0.8032075312539583, 0
-0.05511213673308491, 1.0929610389939879, -1.3745837236801302, 0
-0.05447997496333329, 1.1315088933132582, -1.4056813628646805, 0
-0.053845975678643195, 1.1243620297098276, -1.4543092476129624, 0
-0.0528701075471333, 1.1629351188894084, -1.4849020148823842, 0
-0.049991717225321274, 1.2000688964965502, -1.5142806759269254, 0
-0.035873892757057324, 1.2315959561210503, -1.5388304607453605, 0
-0.06071548327393292, 1.2304631806793394, -1.5766928556293023, 0
-0.08323476276801599, 0.682300730566293, 0.7932012235640864, 0
-0.08443090231862989, 0.7162510893551984, 0.83345800749971, 0
-0.07787349306083202, 0.752017985404195, 0.8742064999042061, 0
-0.07332032663592399, 0.7865824468356315, 0.9079388928728451, 0
-0.06969791534887046, 0.8204930068773173, 0.9424436832921933, 0
-0.06659808892247121, 0.8570679705444981, 0.9769417357602942, 0
-0.06416586936469172, 0.8992448682242824, 1.0079905199259929, 0
-0.063141028734793, 0.8860181591927339, 1.0497777463708258, 0
-0.06150559587897121, 0.9225103656827291, 1.0786828492309448, 0
-0.06060883095122047, 0.9148550177960539, 1.1228879746071887, 0
-0.05939125672579901, 0.9538778719754055, 1.1525894798096508, 0
-0.05831252089091794, 0.9918263606010751, 1.183273242057018, 0
-0.05744388651413921, 1.0292046391021472, 1.2150616490964647, 0
-0.056721737252963464, 1.0683035269902534, 1.2460205018494228, 0
-0.05606076612496407, 1.1075240274466882, 1.276542672442031, 0
-0.055502814937758535, 1.1445467533678664, 1.3075804978989878, 0
-0.05503656608526061, 1.1801481223717984, 1.3397632023767907, 0
-0.05458341353713409, 1.2177970900904984, 1.3705460330161898, 0
-0.0543552083988102, 1.2152428206017951, 1.4167905016275868, 0
-0.05379831640755923, 1.2547487527514254, 1.4450961056802758, 0
-0.06381181437607833, 1.2972295096967281, 1.4668515038325178, 0
-0.07771585402036989, 1.3063456856411462, 1.5144176932427738, 0
-0.07888206723977051, 0.6343932843209603, 0.773010453233632, 0
-0.05574212620423086, 1.0540797085920948, -1.3438173532298423, 0
-0.056391942442259584, 1.0152196336265085, -1.3130555846502752, 0
-0.05710206545590169, 0.9772008524625782, -1.2824961388980134, 0
-0.05791320955704834, 0.9386685172308529, -1.2520776212845814, 0
-0.05886924736486758, 0.9002239384997017, -1.2212340356289775, 0
-0.06001982248313184, 0.8616452898421829, -1.1903396385189162, 0
-0.061417443601868765, 0.8227597875343609, -1.1596041835050925, 0
-0.06267206048737206, 0.8299476668430561, -1.1105145298528383, 0
-0.06466714911607305, 0.7908903660962945, -1.0799691056849623, 0
-0.06638380499995443, 0.7974053266449974, -1.0316942551894792, 0
-0.06928542475848169, 0.7587033262266141, -1.0007220289983842, 0
-0.07286064448625018, 0.7205089177843912, -0.9691573965762538, 0
-0.07732634622871461, 0.6817563194080359, -0.938374888066186, 0
-0.08251828613888798, 0.6434724295602681, -0.9102342841420924, 0
-0.08812055463687901, 0.6464138720581941, -0.8646284560488975, 0
-0.09602036808291355, 0.6024251021860318, -0.8491017720403068, 0
-0.0537702009399921, 0.5555702334510609, -0.8314696120142538, 0
-0.054614099643011026, 1.0857337865222743, -1.4235540481775792, 0
-0.05526480824651947, 1.0469187425138056, -1.3928581946686642, 0
-0.05417241644804843, 1.0784979815361513, -1.4723673738266583, 0
-0.053566470074917376, 1.1171787664099577, -1.5030160473399452, 0
-0.05302749307623837, 1.1549512406425744, -1.5331860065540182, 0
-0.05985969308645756, 1.1918253310997295, -1.5596798329616695, 0
-0.06282680425405437, 1.1913986083068813, -1.6064150634641183, 0
-0.08874226533812393, 0.6756352263716855, 0.8388327235588684, 0
-0.08202932940263911, 0.6932460691234076, 0.8828824922109071, 0
-0.07611057758770169, 0.7308983563867073, 0.9191631266426119, 0
-0.07163999104094898, 0.7673687901284947, 0.9519444206344148, 0
-0.06815657228563109, 0.8045138581986391, 0.9863205163877236, 0
-0.06539082593488485, 0.8472118044562809, 1.019312473985063, 0
-0.06405448552271416, 0.8365872251933941, 1.0638007667577538, 0
-0.062143126041368624, 0.8761097144326553, 1.0921334451713198, 0
-0.06102780155441225, 0.8689016698785652, 1.1412819189335408, 0
-0.05969281455370363, 0.9074355229280178, 1.172000501461115, 0
-0.0586080017901252, 0.9454225379161174, 1.2026530697325697, 0
-0.0576898264326824, 0.9837053122634667, 1.2333387617123888, 0
-0.05691024868962621, 1.02242647146631, 1.2639901261585638, 0
-0.05622400961937892, 1.0612567439468203, 1.294700675071279, 0
-0.055605578508954395, 1.1002002349559223, 1.3255134555286279, 0
-0.055031046869893394, 1.1381324890747582, 1.356693910863326, 0
-0.05449376105764589, 1.1759398820576634, 1.3873059271990267, 0
-0.053713411594343084, 1.1701315577130553, 1.4362801888545997, 0
-0.052293336695958856, 1.20970627743897, 1.4662898363627939, 0
-0.05145317896244696, 1.2531333301774614, 1.4993387059434997, 0
-0.016238888289002076, 1.2687865679578587, 1.5460209070286597, 0
-0.11012984359376772, 0.6399643707553331, 0.8199934384707416, 0
-0.15373729703517508, 0.5956993047980852, 0.803207531253958, 0
-0.05590111754877237, 1.0080270933243909, -1.3621722235925011, 0
-0.05544183771673545, 1.000925043085459, -1.4111741489903111, 0
-0.05480888655062201, 1.039777886392829, -1.4417874534395563, 0
-0.05441149683635562, 1.0326154472307303, -1.4905333235896983, 0
-0.05360218630739261, 1.0711871529369168, -1.5208376012295801, 0
-0.05363640375746043, 1.1093851536719457, -1.5512908151674183, 0
-0.05456587731714775, 1.1494865907553746, -1.5816588031632814, 0
-0.047837461580631443, 1.1516163820122876, -1.6351696268830733, 0
-0.0565590754534234, 0.970053539564081, -1.3315456465566493, 0
-0.057289819898646566, 0.9320499721060265, -1.3009381800132753, 0
-0.0581320112712049, 0.8932423498421276, -1.2702721379983353, 0
-0.05912897998502507, 0.8544583756322532, -1.2394093715624726, 0
-0.060326002148973656, 0.8155845120746181, -1.2086577201513373, 0
-0.06176506617664936, 0.7766946736178226, -1.1779431754780285, 0
-0.06311596257241836, 0.7838470865153413, -1.1288722858986384, 0
-0.06517939845818695, 0.7449331261542009, -1.0981703627765924, 0
-0.06709929958474198, 0.7520700421140396, -1.0491298840667842, 0
-0.07009954619714073, 0.7131756912586302, -1.0184274622854592, 0
-0.07378443227497714, 0.6743661377210691, -0.9876834621372899, 0
-0.07812931449353516, 0.6355951571603493, -0.9569884918183376, 0
-0.08288301641527955, 0.5967194625730222, -0.9265112606822701, 0
-0.08260019117137661, 0.5628629356729574, -0.8854187084023335, 0
-0.08822623515790924, 0.6092706411441624, -0.8888238183250662, 0
-0.11961726859171538, 0.5141027447316912, -0.8577286096775258, 0
-0.08812055463691813, 0.6464138720581946, 0.864628456048897, 0
-0.09602036808019074, 0.6024251021860323, 0.8491017720403066, 0
-0.05377020093593857, 0.5555702334510614, 0.8314696120142536, 0
-0.07732634622877053, 0.6817563194080364, 0.9383748880661855, 0
-0.07286064448628107, 0.7205089177843916, 0.9691573965762533, 0
-0.06928542475850344, 0.7587033262266145, 1.0007220289983838, 0
-0.06638380499997328, 0.7974053266449979, 1.0316942551894788, 0
-0.06466714911608183, 0.7908903660962949, 1.0799691056849618, 0
-0.06267206048737554, 0.8299476668430565, 1.1105145298528378, 0
-0.0614174436018761, 0.8227597875343615, 1.159604183505092, 0
-0.060019822483136906, 0.8616452898421836, 1.1903396385189158, 0
-0.05886924736487067, 0.9002239384997024, 1.221234035628977, 0
-0.05791320955705213, 0.9386685172308535, 1.252077621284581, 0
-0.057102065455897404, 0.9772008524625788, 1.282496138898013, 0
-0.05639194244225177, 1.015219633626509, 1.3130555846502747, 0
-0.055742126204217236, 1.0540797085920952, 1.3438173532298419, 0
-0.055112136733062936, 1.0929610389939883, 1.3745837236801297, 0
-0.054479974963306664, 1.131508893313259, 1.40568136286468, 0
-0.053845975678631836, 1.1243620297098285, 1.454309247612962, 0
-0.052870107547249925, 1.1629351188894093, 1.4849020148823837, 0
-0.049991717225417155, 1.2000688964965511, 1.514280675926925, 0
-0.035873892757723874, 1.2315959561210512, 1.53883046074536, 0
-0.06071548328849366, 1.2304631806793402, 1.5766928556293018, 0
-0.08251828613892039, 0.6434724295602685, 0.910234284142092, 0
-0.05606230039442301, 0.9629108655293439, -1.3805933683904292, 0
-0.05561217994761129, 0.9557742848212261, -1.4295442800431721, 0
-0.05502790900977263, 0.9939633458298462, -1.4600508181673835, 0
-0.05467349318030695, 0.9868807959089327, -1.5089024547528163, 0
-0.05408183391974858, 1.0252314101296696, -1.5386438064223484, 0
-0.05295649292631823, 1.0625045965474986, -1.5669904136450445, 0
-0.04808044315441223, 1.0995403595284636, -1.6016822578634733, 0
-0.04606530867204868, 1.1111404650968695, -1.6629392252347381, 0
-0.05672692361113689, 0.9247762276904172, -1.3498765079168833, 0
-0.057477450280276975, 0.8861488818067367, -1.3191457062150873, 0
-0.058344830155202754, 0.8472911698935404, -1.2884168824373492, 0
-0.059368643756649374, 0.808412321982271, -1.2576940597915374, 0
-0.06059324875746267, 0.7695423575567115, -1.2269854415297272, 0
-0.062066471308388396, 0.7306922949542698, -1.1963007167111275, 0
-0.06351409123508105, 0.7378053097650452, -1.1472542932368914, 0
-0.0656301121652327, 0.6989262942126988, -1.1165241435797553, 0
-0.06769747968361817, 0.706044029813683, -1.0674630612470484, 0
-0.07075784648795241, 0.6672421139883846, -1.0370883386700334, 0
-0.07445505168989444, 0.6284573073799113, -1.0059047240256822, 0
-0.0790156864721617, 0.5901000355418, -0.9734586599499816, 0
-0.08465417826481814, 0.551776930169823, -0.9361280574853373, 0
-0.09785538330867675, 0.513701194335582, -0.9068094239343714, 0
-0.07760136248708976, 0.47139673754878286, -0.8819212639620183, 0
-0.08822623515762826, 0.6092706411441629, 0.888823818325066, 0
-0.08260019117583203, 0.5628629356729579, 0.8854187084023333, 0
-0.0828830164157682, 0.5967194625730227, 0.9265112606822699, 0
-0.07812931449365675, 0.6355951571603498, 0.9569884918183371, 0
-0.0737844322750436, 0.6743661377210696, 0.9876834621372894, 0
-0.07009954619716952, 0.7131756912586307, 1.0184274622854588, 0
-0.06709929958476385, 0.75207004211404, 1.0491298840667838, 0
-0.0651793984581994, 0.7449331261542014, 1.098170362776592, 0
-0.06311596257242481, 0.7838470865153417, 1.128872285898638, 0
-0.06176506617665579, 0.7766946736178233, 1.177943175478028, 0
-0.06032600214897801, 0.8155845120746188, 1.2086577201513369, 0
-0.059128979985028675, 0.8544583756322539, 1.239409371562472, 0
-0.058132011271207526, 0.8932423498421282, 1.2702721379983348, 0
-0.05728981989864453, 0.9320499721060271, 1.3009381800132749, 0
-0.05655907545341736, 0.9700535395640817, 1.3315456465566489, 0
-0.055901117548762966, 1.0080270933243913, 1.3621722235925007, 0
-0.05526480824650832, 1.0469187425138065, 1.3928581946686638, 0
-0.05461409964299021, 1.0857337865222751, 1.4235540481775788, 0
-0.05417241644804976, 1.0784979815361522, 1.4723673738266578, 0
-0.05356647007479635, 1.1171787664099586, 1.5030160473399448, 0
-0.053027493076448655, 1.1549512406425753, 1.5331860065540177, 0
-0.05985969308990835, 1.1918253310997304, 1.559679832961669, 0
-0.06282680424890927, 1.1913986083068822, 1.6064150634641179, 0
-0.11961726860698145, 0.5141027447316916, 0.8577286096775256, 0
-0.05622031449491681, 0.917646531757804, -1.3988197810161083, 0
-0.056891986248644014, 0.8789474002831319, -1.3681199568820994, 0
-0.057650463675580285, 0.8401337787239316, -1.3374190702461701, 0
-0.05853383230776651, 0.8012500756252081, -1.3066951378897953, 0
-0.059576366004221934, 0.7623789861215859, -1.2759793620884525, 0
-0.06082210891764769, 0.723538411666665, -1.2453013003900404, 0
-0.06232082809737616, 0.684722641105483, -1.2146563958796572, 0
-0.06384758036948822, 0.6918503760138921, -1.1656636937524205, 0
-0.06599327293262126, 0.6530157385484692, -1.1352268274397055, 0
-0.06818419995044069, 0.6601103463079507, -1.0862786488067355, 0
-0.07127509099340006, 0.6215807479295323, -1.0556809766282145, 0
-0.0749714351441275, 0.5832219715065889, -1.0250348469647785, 0
-0.07967976115315424, 0.5454051006855591, -0.9927589581188692, 0
-0.08510740372680888, 0.507897146782702, -0.9587496398174938, 0
-0.08815130347949693, 0.46783291156277884, -0.9305459785467525, 0
-0.10742360584710735, 0.42755509430543026, -0.9039892927095292, 0
-0.05576782092603903, 0.9104239655038591, -1.4476947879023523, 0
-0.05522066029070661, 0.9486054715424801, -1.4783664840118265, 0
-0.0549052986214351, 0.9413242710186289, -1.5271011452976302, 0
-0.054529384234723685, 0.9796895472987064, -1.5574678926984262, 0
-0.05389796669110716, 1.0172975153290509, -1.5851330528217211, 0
-0.05358954359584434, 1.0523859876889456, -1.6043549483657271, 0
-0.05022257119395955, 1.0603868659140887, -1.6429902325305352, 0
-0.05510774427336474, 1.0699952387551883, -1.6897071311446923, 0
-0.08465417826473248, 0.5517769301698234, 0.9361280574853371, 0
-0.0790156864724528, 0.5901000355418005, 0.9734586599499814, 0
-0.0744550516899504, 0.6284573073799118, 1.0059047240256818, 0
-0.07075784648798601, 0.6672421139883851, 1.037088338670033, 0
-0.06769747968363621, 0.7060440298136834, 1.067463061247048, 0
-0.0656301121652422, 0.6989262942126993, 1.1165241435797548, 0
-0.06351409123509065, 0.7378053097650457, 1.147254293236891, 0
-0.062066471308394495, 0.7306922949542705, 1.196300716711127, 0
-0.06059324875746561, 0.7695423575567122, 1.2269854415297268, 0
-0.0593686437566532, 0.8084123219822716, 1.257694059791537, 0
-0.05834483015520512, 0.847291169893541, 1.2884168824373488, 0
-0.057477450280274546, 0.8861488818067373, 1.3191457062150869, 0
-0.05672692361113119, 0.9247762276904179, 1.3498765079168829, 0
-0.05606230039441849, 0.9629108655293446, 1.3805933683904288, 0
-0.0554418377167337, 1.00092504308546, 1.4111741489903107, 0
-0.05480888655061118, 1.03977788639283, 1.4417874534395558, 0
-0.05441149683637549, 1.0326154472307312, 1.4905333235896978, 0
-0.0536021863073148, 1.0711871529369177, 1.5208376012295797, 0
-0.05363640375731135, 1.1093851536719466, 1.5512908151674178, 0
-0.05456587731340747, 1.1494865907553755, 1.581658803163281, 0
-0.04783746157778391, 1.1516163820122884, 1.6351696268830729, 0
-0.09785538331098033, 0.5137011943355825, 0.9068094239343711, 0
-0.07760136247441057, 0.4713967375487833, 0.8819212639620181, 0
-0.05636733530741765, 0.871753643736336, -1.4170391448831965, 0
-0.055894565355189274, 0.8645266627553876, -1.4658786511622863, 0
-0.05536003176794947, 0.9030424825751207, -1.4965668492416901, 0
-0.05497469833444228, 0.8956190673038165, -1.5453504217494272, 0
-0.05465294625412556, 0.9340245002836738, -1.5758482220911902, 0
-0.054841511535528104, 0.9720817765918994, -1.6049907924632043, 0
-0.0551633942747922, 1.0115633038189693, -1.6280614410320045, 0
-0.05818502556278028, 1.0212206939993147, -1.6704061400615462, 0
-0.06437287583570507, 1.0282054871982256, -1.7154572207127345, 0
-0.057037115580080525, 0.8330089197864601, -1.3863816745637374, 0
-0.05780253441627724, 0.794128854143465, -1.3556682228015373, 0
-0.05869540554486834, 0.7552346740026499, -1.3249485041973301, 0
-0.05975095265575358, 0.7163847937734584, -1.2942565448041985, 0
-0.06100720742133711, 0.6776564015804258, -1.2635915672346605, 0
-0.06251188813348196, 0.6390321440222384, -1.2329549199999392, 0
-0.0641211123013007, 0.64598181531756, -1.1839693460500365, 0
-0.06627927813160843, 0.6072315446350098, -1.1536334045363281, 0
-0.06856715057606298, 0.6144161180048064, -1.1050348978716245, 0
-0.07166409407783014, 0.5760366303895519, -1.0747444034304334, 0
-0.07537838265733615, 0.5379745258904913, -1.0443954244305544, 0
-0.08013545574966281, 0.4997707221212968, -1.0131041598173955, 0
-0.08564289346333749, 0.46154206204375026, -0.9813884521041311, 0
-0.09852998820586033, 0.4216012026929772, -0.9527773036306835, 0
-0.09812948999694064, 0.3826834333684339, -0.9238795320956881, 0
-0.07967976115304495, 0.5454051006855596, 0.9927589581188689, 0
-0.08510740372642228, 0.5078971467827025, 0.9587496398174936, 0
-0.0881513034694782, 0.4678329115627793, 0.9305459785467523, 0
-0.10742360583887282, 0.4275550943054307, 0.903989292709529, 0
-0.07497143514409818, 0.5832219715065894, 1.025034846964778, 0
-0.07127509099342418, 0.6215807479295328, 1.055680976628214, 0
-0.06818419995044984, 0.6601103463079512, 1.086278648806735, 0
-0.06599327293262024, 0.6530157385484696, 1.135226827439705, 0
-0.06384758036949592, 0.6918503760138928, 1.16566369375242, 0
-0.06232082809738171, 0.6847226411054836, 1.2146563958796568, 0
-0.0608221089176498, 0.7235384116666657, 1.24530130039004, 0
-0.059576366004225875, 0.7623789861215866, 1.275979362088452, 0
-0.05853383230776928, 0.8012500756252088, 1.3066951378897949, 0
-0.057650463675581014, 0.8401337787239322, 1.3374190702461697, 0
-0.056891986248640856, 0.8789474002831326, 1.368119956882099, 0
-0.05622031449491371, 0.9176465317578046, 1.3988197810161078, 0
-0.05561217994761161, 0.9557742848212267, 1.4295442800431717, 0
-0.0550279090097776, 0.9939633458298469, 1.460050818167383, 0
-0.05467349318033458, 0.9868807959089334, 1.5089024547528158, 0
-0.054081833919854626, 1.0252314101296705, 1.538643806422348, 0
-0.052956492926559774, 1.0625045965474995, 1.566990413645044, 0
-0.04808044315366656, 1.0995403595284645, 1.6016822578634728, 0
-0.04606530867371984, 1.1111404650968704, 1.6629392252347377, 0
-0.05648911358669492, 0.8258666057212545, -1.4352804068839142, 0
-0.05599171719594575, 0.8186486337617129, -1.4840822675570933, 0
-0.055449353742519386, 0.8571680851395618, -1.5147111735839172, 0
-0.054978929043402104, 0.8498033120769775, -1.5635036541434535, 0
-0.05449521341792288, 0.8882857332060512, -1.5939976476546103, 0
-0.054310470922658595, 0.9268313180137036, -1.6243953774495612, 0
-0.05554745020729879, 0.9663101389930684, -1.6559416314185735, 0
-0.06687726469066538, 0.9894170658473562, -1.6991428932856931, 0
-0.06751423822716683, 0.9857963831335144, -1.7401739829686234, 0
-0.05715995779464798, 0.7870549657684793, -1.4045887967937642, 0
-0.05793014059488461, 0.7481303406665687, -1.3738845269642015, 0
-0.058825865096160106, 0.7092503176796279, -1.3431817133480803, 0
-0.059883597049027015, 0.6705983158359072, -1.3125686756354211, 0
-0.06113806166654138, 0.6320833254418001, -1.2819741079706182, 0
-0.06263786272644528, 0.5935099122618281, -1.2514551744481714, 0
-0.06431509532555751, 0.6003896438029133, -1.2025871732685864, 0
-0.06647284673880433, 0.5618783883164284, -1.1722197755310904, 0
-0.06887082026450873, 0.5688032766987918, -1.1235534294985565, 0
-0.07198719970906783, 0.5305982052874254, -1.0931193892350892, 0
-0.0757478648066959, 0.4922185747921496, -1.0626625393001554, 0
-0.0804934567360907, 0.4537503266712115, -1.0319088098025384, 0
-0.08539198367537917, 0.41498684021476806, -1.0018668547003051, 0
-0.08780378395257521, 0.37546153235482893, -0.9716515897092135, 0
-0.08456710482324598, 0.33688985429587004, -0.9415440648596898, 0
-0.08013545574925299, 0.49977072212129725, 1.013104159817395, 0
-0.08564289346318302, 0.4615420620437507, 0.9813884521041308, 0
-0.09852998821180955, 0.42160120269297763, 0.9527773036306832, 0
-0.09812949001792383, 0.38268343336843436, 0.9238795320956878, 0
-0.07537838265728414, 0.5379745258904918, 1.044395424430554, 0
-0.07166409407781146, 0.5760366303895523, 1.074744403430433, 0
-0.06856715057605631, 0.6144161180048069, 1.105034897871624, 0
-0.0662792781316037, 0.6072315446350105, 1.1536334045363277, 0
-0.06412111230130658, 0.6459818153175607, 1.183969346050036, 0
-0.06251188813348496, 0.6390321440222391, 1.2329549199999388, 0
-0.06100720742133777, 0.6776564015804265, 1.26359156723466, 0
-0.059750952655757826, 0.7163847937734591, 1.294256544804198, 0
-0.05869540554487299, 0.7552346740026505, 1.3249485041973297, 0
-0.05780253441628055, 0.7941288541434657, 1.3556682228015369, 0
-0.057037115580080705, 0.8330089197864607, 1.386381674563737, 0
-0.05636733530741342, 0.8717536437363367, 1.417039144883196, 0
-0.05576782092603319, 0.9104239655038597, 1.4476947879023518, 0
-0.05522066029070674, 0.9486054715424808, 1.478366484011826, 0
-0.054905298621424424, 0.9413242710186296, 1.5271011452976297, 0
-0.054529384234765235, 0.979689547298707, 1.5574678926984258, 0
-0.05389796669144751, 1.0172975153290518, 1.5851330528217207, 0
-0.053589543596863264, 1.0523859876889465, 1.6043549483657267, 0
-0.05022257119971563, 1.0603868659140896, 1.6429902325305348, 0
-0.0551077442823362, 1.0699952387551892, 1.6897071311446918, 0
-0.056591095136924945, 0.780007101468116, -1.4534890869163752, 0
-0.056079019841135516, 0.7728279241216152, -1.5022731639555233, 0
-0.05552331173785793, 0.8113683523643549, -1.5328851976495512, 0
-0.05506170068779879, 0.8040236174141511, -1.5816391289494842, 0
-0.05442132075686068, 0.8425750126353104, -1.6121746101227346, 0
-0.05349617865949407, 0.8811106293778748, -1.6425687100191544, 0
-0.05289069858614985, 0.9194998606407785, -1.6726070337701633, 0
-0.046688032010917334, 0.9455526259126585, -1.7137354912669882, 0
-0.02316194665387656, 0.9427934721717717, -1.7638425294879063, 0
-0.05725965418019767, 0.741187972825011, -1.4228288626328185, 0
-0.05802647167803368, 0.7023420324961607, -1.3921893495941933, 0
-0.05891790335922996, 0.663565961586253, -1.3615979945818202, 0
-0.0599672649227384, 0.6250597025248623, -1.3309994190427203, 0
-0.061215500731368624, 0.5866113877317989, -1.3004422055586025, 0
-0.06270289799742755, 0.5480006094351311, -1.2698873600378855, 0
-0.0644324515411256, 0.5549153801891824, -1.2209649577838955, 0
-0.0665776716896657, 0.5164565675553578, -1.1906237762489842, 0
-0.06906302364656124, 0.5236219767656423, -1.1419135844831625, 0
-0.07220459000158944, 0.48508230693625143, -1.1114046269006423, 0
-0.07596416388150119, 0.4465283043579723, -1.0808417087652384, 0
-0.08047353954412331, 0.4080179759357593, -1.0504493620355855, 0
-0.08620633017359206, 0.3680458222700118, -1.019673849172359, 0
-0.09220629222754861, 0.32842352977005884, -0.9886217685443472, 0
-0.10984453054586756, 0.29028467803568636, -0.9569403354952273, 0
-0.08049345673619152, 0.45375032667121196, 1.031908809802538, 0
-0.08539198367527298, 0.4149868402147685, 1.0018668547003047, 0
-0.08780378395593678, 0.3754615323548294, 0.9716515897092133, 0
-0.08456710480920271, 0.3368898542958705, 0.9415440648596896, 0
-0.07574786480663404, 0.49221857479215014, 1.062662539300155, 0
-0.07198719970902087, 0.5305982052874259, 1.0931193892350888, 0
-0.06887082026449431, 0.5688032766987923, 1.123553429498556, 0
-0.06647284673879839, 0.5618783883164291, 1.17221977553109, 0
-0.06431509532555515, 0.6003896438029139, 1.202587173268586, 0
-0.06263786272644749, 0.5935099122618288, 1.251455174448171, 0
-0.06113806166654518, 0.6320833254418008, 1.2819741079706177, 0
-0.05988359704903233, 0.6705983158359079, 1.3125686756354207, 0
-0.058825865096166156, 0.7092503176796285, 1.34318171334808, 0
-0.05793014059488892, 0.7481303406665694, 1.373884526964201, 0
-0.05715995779464802, 0.78705496576848, 1.4045887967937638, 0
-0.05648911358669092, 0.8258666057212551, 1.4352804068839138, 0
-0.0558945653551813, 0.8645266627553883, 1.4658786511622859, 0
-0.05536003176793648, 0.9030424825751213, 1.4965668492416897, 0
-0.05497469833439854, 0.8956190673038171, 1.5453504217494267, 0
-0.05465294625405655, 0.9340245002836745, 1.5758482220911898, 0
-0.054841511535393336, 0.9720817765919001, 1.6049907924632039, 0
-0.05516339427471983, 1.0115633038189702, 1.628061441032004, 0
-0.0581850255601462, 1.0212206939993156, 1.6704061400615458, 0
-0.06437287581977896, 1.0282054871982265, 1.715457220712734, 0
-0.05667296202076647, 0.7341582533156197, -1.4716750845600464, 0
-0.057332882951967645, 0.6954271158278531, -1.4411258387087722, 0
-0.0580891609308532, 0.6567185461126068, -1.4105440308590103, 0
-0.05897111585065195, 0.6180801027467773, -1.3800047173256664, 0
-0.06001178966190331, 0.5794975307215875, -1.3493514221344465, 0
-0.0612464943010322, 0.5409604740435405, -1.3187041651600204, 0
-0.06271190743307532, 0.5023621380309764, -1.2880914710239875, 0
-0.06447824230704877, 0.509474858367527, -1.2393250274103274, 0
-0.06660183948675238, 0.47089853238074786, -1.2087065395314425, 0
-0.06916076258561374, 0.4779611612252256, -1.1601088432316402, 0
-0.07226254248338156, 0.43935936165323064, -1.1295773861480765, 0
-0.07599673476647352, 0.400742443500152, -1.0990421277971385, 0
-0.08064658846139335, 0.36222177997824445, -1.068640649642659, 0
-0.08661263643116672, 0.3191632753664113, -1.036812870402047, 0
-0.10806427186024856, 0.2789406504611345, -1.004197890929559, 0
-0.11506953360208284, 0.2429801805664794, -0.9700312530284173, 0
-0.05561638920336808, 0.765542950329031, -1.5510105000115373, 0
-0.05521357243694653, 0.7583295788868947, -1.5997660774763323, 0
-0.05463550520438588, 0.7968609085091001, -1.6303125295994743, 0
-0.053807373217169684, 0.8354356381176817, -1.6608108080159205, 0
-0.05186409341852008, 0.8740028702202587, -1.6913182881099482, 0
-0.046750627283402346, 0.8999310898600792, -1.7307615682818231, 0
-0.06476450859557831, 0.8992226575541566, -1.7864486032744522, 0
-0.05615602743592806, 0.727017151589721, -1.5204563177716985, 0
-0.07596416388143687, 0.44652830435797286, 1.080841708765238, 0
-0.07220459000155928, 0.485082306936252, 1.111404626900642, 0
-0.06906302364654832, 0.5236219767656427, 1.141913584483162, 0
-0.06657767168966258, 0.5164565675553585, 1.1906237762489837, 0
-0.06443245154111941, 0.5549153801891831, 1.220964957783895, 0
-0.06270289799742852, 0.5480006094351317, 1.269887360037885, 0
-0.06121550073137202, 0.5866113877317995, 1.300442205558602, 0
-0.05996726492274453, 0.625059702524863, 1.33099941904272, 0
-0.05891790335923388, 0.6635659615862537, 1.3615979945818197, 0
-0.0580264716780377, 0.7023420324961613, 1.3921893495941928, 0
-0.05725965418020174, 0.7411879728250117, 1.422828862632818, 0
-0.056591095136928254, 0.7800071014681167, 1.4534890869163748, 0
-0.05599171719594424, 0.8186486337617136, 1.4840822675570928, 0
-0.05544935374250617, 0.8571680851395624, 1.5147111735839167, 0
-0.0549789290433764, 0.8498033120769781, 1.563503654143453, 0
-0.05449521341783945, 0.8882857332060519, 1.5939976476546098, 0
-0.054310470922317965, 0.9268313180137044, 1.6243953774495608, 0
-0.05554745020685484, 0.9663101389930693, 1.655941631418573, 0
-0.06687726469024596, 0.9894170658473571, 1.6991428932856927, 0
-0.06751423823894774, 0.9857963831335153, 1.740173982968623, 0
-0.08047353954414889, 0.40801797593575984, 1.050449362035585, 0
-0.08620633017356935, 0.36804582227001226, 1.019673849172359, 0
-0.09220629221665223, 0.3284235297700593, 0.988621768544347, 0
-0.10984453053713188, 0.2902846780356868, 0.9569403354952271, 0
-0.05673072023904605, 0.6883693530345407, -1.4898868487216945, 0
-0.0562050907794156, 0.681250041934633, -1.5386390392957165, 0
-0.055706787461178964, 0.7197947969313134, -1.5692109021911715, 0
-0.055344602795891526, 0.7125933238871918, -1.6179564319250024, 0
-0.054939960530686074, 0.7511618762505798, -1.6484669721813272, 0
-0.05438840720366246, 0.7897304639994498, -1.6789596856065523, 0
-0.053688534338128716, 0.8277856665208856, -1.7081406940588755, 0
-0.0526558462233705, 0.859190717032067, -1.7248551399105954, 0
-0.05314750510668169, 0.8579788665175594, -1.7635396326281563, 0
-0.03760553408674202, 0.855110184991539, -1.8079785871308691, 0
-0.057376904641847255, 0.6497186334191409, -1.4593570135546825, 0
-0.058120985418514, 0.6111480800637323, -1.4287414852392364, 0
-0.058993083448518654, 0.5724530245671198, -1.3981753524001075, 0
-0.06001872506381451, 0.533823812560934, -1.3675109742324745, 0
-0.06122659009033382, 0.4951911373704596, -1.3369108528425813, 0
-0.06266111654820099, 0.4566925259191854, -1.3062533764974125, 0
-0.06445383749381306, 0.46383276279570473, -1.2573541431005455, 0
-0.0665257266172144, 0.42527942044841616, -1.2266405731933705, 0
-0.06913059244804554, 0.4323187102210181, -1.1781463760709106, 0
-0.07215124034673283, 0.39359265178888514, -1.1477751322528325, 0
-0.0756697684146156, 0.35495753549541875, -1.117213305089129, 0
-0.08070703070302489, 0.31370862659348153, -1.085639809860739, 0
-0.08498398425749287, 0.2690254522775376, -1.051901303151065, 0
-0.08762354779334645, 0.22658593868666216, -1.018488388592635, 0
-0.06592085705334602, 0.19509032252401665, -0.9807852803022054, 0
-0.07226254248336308, 0.4393593616532312, 1.129577386148076, 0
-0.069160762585598, 0.47796116122522614, 1.1601088432316398, 0
-0.06660183948675191, 0.4708985323807484, 1.208706539531442, 0
-0.06447824230704953, 0.5094748583675277, 1.239325027410327, 0
-0.06271190743307431, 0.5023621380309771, 1.288091471023987, 0
-0.0612464943010355, 0.5409604740435412, 1.31870416516002, 0
-0.06001178966190673, 0.5794975307215882, 1.349351422134446, 0
-0.05897111585065714, 0.6180801027467779, 1.380004717325666, 0
-0.05808916093085824, 0.6567185461126075, 1.4105440308590098, 0
-0.05733288295197949, 0.6954271158278538, 1.4411258387087718, 0
-0.05667296202077791, 0.7341582533156203, 1.471675084560046, 0
-0.056079019841140686, 0.7728279241216158, 1.502273163955523, 0
-0.05552331173785594, 0.8113683523643556, 1.5328851976495508, 0
-0.055061700687810904, 0.8040236174141517, 1.5816391289494838, 0
-0.05442132075685454, 0.8425750126353111, 1.612174610122734, 0
-0.053496178659364395, 0.8811106293778757, 1.642568710019154, 0
-0.05289069858565157, 0.9194998606407794, 1.6726070337701628, 0
-0.04668803200853535, 0.9455526259126594, 1.7137354912669878, 0
-0.023161946639758, 0.9427934721717726, 1.7638425294879059, 0
-0.07599673476647119, 0.40074244350015253, 1.099042127797138, 0
-0.08064658846107899, 0.362221779978245, 1.068640649642659, 0
-0.08661263643113098, 0.31916327536641176, 1.036812870402047, 0
-0.10806427186856965, 0.2789406504611349, 1.004197890929559, 0
-0.11506953362626995, 0.24298018056647985, 0.9700312530284171, 0
-0.05675622514125236, 0.6426195207666947, -1.5080911209063432, 0
-0.056208006754612246, 0.6354759842480155, -1.5568159013798895, 0
-0.05574747524785174, 0.6740613245801403, -1.5873789228274564, 0
-0.055357982114957106, 0.6669036514610693, -1.6360853882548132, 0
-0.0551009527868523, 0.7054617558284966, -1.6666170100788422, 0
-0.05490043362627767, 0.744031211551494, -1.6971085224516553, 0
-0.05469508711356059, 0.7825891545040642, -1.7275986306707742, 0
-0.05440393790871373, 0.8181177421772887, -1.7449471571492552, 0
-0.057624986483220814, 0.8130398910836041, -1.7848688434964375, 0
-0.07581383246535, 0.810482626032343, -1.8284195122836873, 0
-0.05738779758689392, 0.6039782597480687, -1.4775185379453741, 0
-0.0581219464106399, 0.5653297100242296, -1.4469192155108102, 0
-0.05897828969037865, 0.5266645463085127, -1.4163189620861565, 0
-0.05998295635040454, 0.4879862440859424, -1.3857110115418312, 0
-0.06116474798021383, 0.4493858238898887, -1.3549555759422471, 0
-0.06256471343617714, 0.41073490836770277, -1.3235299389249995, 0
-0.06436331832055663, 0.4180151612393421, -1.2750544577923815, 0
-0.06634830872124665, 0.3794126042367717, -1.2445794559813168, 0
-0.06894985663061048, 0.38663674633292555, -1.1962167773943122, 0
-0.07183315911399603, 0.3478461690680469, -1.165918470710803, 0
-0.07519092329511697, 0.3084369658318983, -1.134335909489621, 0
-0.07914934860644357, 0.26891265440161594, -1.102146110577886, 0
-0.08275409783322338, 0.22010089776117153, -1.0625488624810968, 0
-0.07406841440451695, 0.1787543290553119, -1.034882314224999, 0
-0.08207570046492019, 0.14673047483692764, -0.989176509908181, 0
-0.07215124034672359, 0.3935926517888857, 1.147775132252832, 0
-0.07566976841462723, 0.3549575354954193, 1.117213305089129, 0
-0.08070703070329607, 0.3137086265934821, 1.085639809860739, 0
-0.0849839842576637, 0.26902545227753816, 1.051901303151065, 0
-0.08762354779710749, 0.22658593868666266, 1.018488388592635, 0
-0.06592085703716877, 0.19509032252401715, 0.9807852803022051, 0
-0.06913059244803942, 0.43231871022101864, 1.17814637607091, 0
-0.06652572661721198, 0.4252794204484167, 1.22664057319337, 0
-0.06445383749381503, 0.4638327627957053, 1.257354143100545, 0
-0.06266111654820293, 0.4566925259191861, 1.306253376497412, 0
-0.06122659009033915, 0.4951911373704603, 1.3369108528425808, 0
-0.060018725063816565, 0.5338238125609347, 1.367510974232474, 0
-0.058993083448526024, 0.5724530245671204, 1.398175352400107, 0
-0.058120985418521086, 0.611148080063733, 1.428741485239236, 0
-0.057376904641861605, 0.6497186334191416, 1.459357013554682, 0
-0.05673072023905984, 0.6883693530345414, 1.489886848721694, 0
-0.05615602743593922, 0.7270171515897217, 1.520456317771698, 0
-0.055616389203380634, 0.7655429503290316, 1.5510105000115368, 0
-0.05521357243698011, 0.7583295788868953, 1.5997660774763318, 0
-0.05463550520443985, 0.796860908509101, 1.6303125295994738, 0
-0.05380737321728336, 0.8354356381176826, 1.66081080801592, 0
-0.05186409341878605, 0.8740028702202596, 1.6913182881099478, 0
-0.046750627283128156, 0.8999310898600801, 1.7307615682818227, 0
-0.06476450860955563, 0.8992226575541575, 1.7864486032744518, 0
-0.05674415339836825, 0.5968441469997989, -1.5262651688857545, 0
-0.05736808984520268, 0.5581773160330761, -1.4957010917114455, 0
-0.05809096949029782, 0.5194966514366268, -1.4651228610774734, 0
-0.05893009385084445, 0.48081418966765455, -1.4345188498682673, 0
-0.05990673022803975, 0.4421504930767419, -1.4038711475725774, 0
-0.06105448661025532, 0.4034586194946552, -1.3729279703358452, 0
-0.06238835548182058, 0.36474329295742614, -1.3420197378988, 0
-0.06418948681292455, 0.3720098234345859, -1.29298200387834, 0
-0.06607321129482226, 0.33336682103573245, -1.26246205337039, 0
-0.0686414642301449, 0.34085187677137074, -1.2140717345419088, 0
-0.07136145577609378, 0.301918774655188, -1.183185460292307, 0
-0.07434216641457841, 0.26269009724272985, -1.151639946060103, 0
-0.07732532121679071, 0.22191810231964693, -1.119217208372746, 0
-0.08021966893252214, 0.18511491941593178, -1.090105394089912, 0
-0.08458829577098524, 0.1484540183781486, -1.069478001292287, 0
-0.09652019823048631, 0.12501317957324537, -1.035561018515463, 0
-0.11258749358365971, 0.09801714056964247, -0.9951847266485508, 0
-0.05616187170995941, 0.5897173596129548, -1.5749957551347262, 0
-0.05571058317925581, 0.628347296982916, -1.6055394276913764, 0
-0.055222718242061, 0.6212006986037419, -1.6542411100321843, 0
-0.055025143943294524, 0.6597575088839309, -1.6847794269740195, 0
-0.05509174679818274, 0.6983203083882774, -1.7152798826443685, 0
-0.05499713811184867, 0.7369145005194948, -1.7457336883349854, 0
-0.05483994268686791, 0.7730950325325989, -1.7642356600390245, 0
-0.05289614633995427, 0.7692677476283012, -1.8031962761698503, 0
-0.03423106650889615, 0.7653668625933476, -1.8477590659076784, 0
-0.07183315911402047, 0.34784616906804744, 1.165918470710803, 0
-0.06894985663062116, 0.3866367463329261, 1.1962167773943118, 0
-0.066348308721248, 0.37941260423677226, 1.2445794559813168, 0
-0.06436331832055384, 0.4180151612393428, 1.275054457792381, 0
-0.06256471343617973, 0.41073490836770343, 1.323529938924999, 0
-0.06116474798021838, 0.44938582388988935, 1.3549555759422467, 0
-0.05998295635040837, 0.48798624408594304, 1.3857110115418307, 0
-0.058978289690385224, 0.5266645463085133, 1.416318962086156, 0
-0.05812194641065122, 0.5653297100242303, 1.4469192155108097, 0
-0.057387797586905785, 0.6039782597480694, 1.4775185379453737, 0
-0.05675622514126963, 0.6426195207666954, 1.5080911209063428, 0
-0.056205090779435266, 0.6812500419346337, 1.538639039295716, 0
-0.05570678746120205, 0.7197947969313141, 1.569210902191171, 0
-0.05534460279592455, 0.7125933238871927, 1.617956431925002, 0
-0.054939960530737665, 0.7511618762505807, 1.6484669721813268, 0
-0.054388407203784336, 0.7897304639994507, 1.6789596856065518, 0
-0.05368853433853482, 0.8277856665208865, 1.708140694058875, 0
-0.05265584622429973, 0.8591907170320678, 1.724855139910595, 0
-0.053147505114310475, 0.8579788665175603, 1.7635396326281558, 0
-0.03760553408343038, 0.8551101849915399, 1.8079785871308687, 0
-0.07519092329515709, 0.30843696583189883, 1.134335909489621, 0
-0.07914934860681445, 0.2689126544016165, 1.102146110577886, 0
-0.08275409783383615, 0.22010089776117203, 1.0625488624810968, 0
-0.07406841439802027, 0.1787543290553124, 1.034882314224999, 0
-0.0820757004646105, 0.14673047483692814, 0.989176509908181, 0
-0.05670023770021615, 0.5510415653227025, -1.5444866858613002, 0
-0.0573209528067238, 0.5123478992267796, -1.5139186190521614, 0
-0.05803367791514147, 0.4736439390260099, -1.4833375594071263, 0
-0.05884984695817873, 0.4349346948827666, -1.4527104669804694, 0
-0.05979524272691558, 0.39624209352542916, -1.4220054950693595, 0
-0.06089129650541858, 0.35749510515074423, -1.391185926607087, 0
-0.0621647954302883, 0.3186905432063465, -1.360195870698122, 0
-0.06393429092881209, 0.32593760893702206, -1.3111714858139032, 0
-0.06572997108898745, 0.2870510277159104, -1.280334932435385, 0
-0.06825121715742365, 0.29458434498483543, -1.231677909434284, 0
-0.07070557550605071, 0.2556921439484664, -1.20081514108489, 0
-0.07352777760617822, 0.216693596757756, -1.169802319917377, 0
-0.07657071814484703, 0.17799644833867678, -1.139060617110101, 0
-0.08016210759336971, 0.13892061692745494, -1.110125723683732, 0
-0.0846153337726669, 0.1066590993021205, -1.080429989578334, 0
-0.09116806176870985, 0.07526093772212955, -1.045564283086771, 0
-0.06114185839903606, 0.04906767443121758, -0.9987954562000729, 0
-0.05560322702503747, 0.5826153788396264, -1.6237125703491815, 0
-0.05501286743027356, 0.5754924991335431, -1.6724067251201484, 0
-0.054650909325312025, 0.6139661343585026, -1.7030452731148473, 0
-0.05465271747784135, 0.6525261225288062, -1.7335608421173565, 0
-0.05552814229296136, 0.6903421262742435, -1.7617494259109452, 0
-0.05594637865974294, 0.7289465041660175, -1.7850367805236536, 0
-0.053035639190237426, 0.7248027001288613, -1.8263860521078552, 0
-0.07489446997754656, 0.7197900710654326, -1.8659855984427152, 0
-0.05608463711004752, 0.5439459904452801, -1.5932758212545934, 0
-0.06864146423015804, 0.3408518767713713, 1.2140717345419088, 0
-0.06607321129482893, 0.333366821035733, 1.26246205337039, 0
-0.06418948681292384, 0.37200982343458655, 1.29298200387834, 0
-0.06238835548181886, 0.3647432929574268, 1.3420197378988, 0
-0.06105448661025745, 0.4034586194946559, 1.3729279703358448, 0
-0.05990673022804745, 0.4421504930767426, 1.403871147572577, 0
-0.058930093850851246, 0.4808141896676552, 1.4345188498682668, 0
-0.05809096949031303, 0.5194966514366275, 1.465122861077473, 0
-0.05736808984521454, 0.5581773160330767, 1.495701091711445, 0
-0.05674415339838751, 0.5968441469997996, 1.526265168885754, 0
-0.0562080067546359, 0.6354759842480162, 1.556815901379889, 0
-0.05574747524787898, 0.674061324580141, 1.587378922827456, 0
-0.055357982114985306, 0.6669036514610702, 1.6360853882548128, 0
-0.05510095278689088, 0.7054617558284975, 1.6666170100788418, 0
-0.05490043362633625, 0.7440312115514949, 1.6971085224516549, 0
-0.05469508711350077, 0.7825891545040651, 1.7275986306707738, 0
-0.0544039379087727, 0.8181177421772896, 1.7449471571492547, 0
-0.057624986476359254, 0.813039891083605, 1.784868843496437, 0
-0.07581383245598648, 0.8104826260323439, 1.8284195122836868, 0
-0.07136145577612948, 0.30191877465518857, 1.183185460292307, 0
-0.07434216641466158, 0.2626900972427304, 1.151639946060103, 0
-0.0773253212166717, 0.22191810231964748, 1.119217208372746, 0
-0.0802196689323753, 0.18511491941593228, 1.090105394089912, 0
-0.08458829577150637, 0.1484540183781491, 1.069478001292287, 0
-0.09652019823476067, 0.12501317957324587, 1.035561018515463, 0
-0.11258749359049842, 0.09801714056964295, 0.9951847266485508, 0
-0.05663732322343202, 0.5052166796183264, -1.5627636591291225, 0
-0.05600544926656693, 0.49808885295392813, -1.6116046261293144, 0
-0.05547910631002095, 0.5367731292190656, -1.6420506417088345, 0
-0.054851055475672296, 0.5296152599147996, -1.6908200676636043, 0
-0.05422122436068121, 0.5683501184756237, -1.7210843748206894, 0
-0.053815447532303995, 0.6062648719815882, -1.7517347302678317, 0
-0.05420373450693799, 0.6441707834095807, -1.7795069687504594, 0
-0.05789149445806606, 0.6824658404162984, -1.8109650460711095, 0
-0.07738897309067114, 0.687296474746274, -1.8490105069204632, 0
-0.0823187588812527, 0.67377970487645, -1.8830881310487313, 0
-0.05725606199844669, 0.4664979617709978, -1.5321785964296253, 0
-0.05795354371551658, 0.4277704117103879, -1.5015945278696452, 0
-0.058743842277931266, 0.3890181613194674, -1.4709227542214824, 0
-0.05964993797266524, 0.35024547450578813, -1.4401660948385748, 0
-0.060695762105013464, 0.3114415387090035, -1.40934639815831, 0
-0.06190104689037238, 0.2725948296956924, -1.3784788153751388, 0
-0.06364016637251793, 0.2798303326768232, -1.329394721754459, 0
-0.06532373665906693, 0.24097049728194936, -1.2985876924889, 0
-0.06778992182165285, 0.24822595344380943, -1.249549437856368, 0
-0.07017920154330591, 0.209475803264563, -1.218831323605658, 0
-0.07272699203703682, 0.17171886473413867, -1.1881852256906802, 0
-0.07617502657822059, 0.12557428605446008, -1.161007384923481, 0
-0.080480768521962, 0.09303786996718177, -1.125473753467015, 0
-0.08739126286347743, 0.07124812390196147, -1.092899391922077, 0
-0.0851371056365929, 0.037941139861740344, -1.076057135607035, 0
-0.0990095171519117, 0.03720598610672238, -1.036541042540306, 0
-0.15318598629631744, -2.591808530679738e-16, -1.0, 0
-0.06825121715742927, 0.294584344984836, 1.231677909434284, 0
-0.06572997108899076, 0.28705102771591107, 1.280334932435385, 0
-0.06393429092881674, 0.3259376089370227, 1.3111714858139032, 0
-0.062164795430285615, 0.31869054320634715, 1.360195870698122, 0
-0.06089129650541816, 0.3574951051507449, 1.391185926607087, 0
-0.059795242726922784, 0.39624209352542983, 1.422005495069359, 0
-0.058849846958186985, 0.43493469488276726, 1.452710466980469, 0
-0.05803367791515283, 0.47364393902601054, 1.4833375594071259, 0
-0.057320952806737886, 0.5123478992267803, 1.513918619052161, 0
-0.05670023770023204, 0.5510415653227032, 1.5444866858612998, 0
-0.056161871709983734, 0.5897173596129555, 1.5749957551347258, 0
-0.05571058317928343, 0.6283472969829167, 1.605539427691376, 0
-0.05522271824208928, 0.6212006986037428, 1.6542411100321839, 0
-0.05502514394332379, 0.6597575088839318, 1.684779426974019, 0
-0.055091746798201655, 0.6983203083882783, 1.715279882644368, 0
-0.05499713811188933, 0.7369145005194957, 1.745733688334985, 0
-0.05483994268691775, 0.7730950325325998, 1.764235660039024, 0
-0.05289614634248741, 0.7692677476283021, 1.80319627616985, 0
-0.03423106652146543, 0.7653668625933485, 1.847759065907678, 0
-0.07070557550605985, 0.25569214394846695, 1.20081514108489, 0
-0.07352777760617915, 0.21669359675775657, 1.169802319917377, 0
-0.07657071814475676, 0.17799644833867734, 1.139060617110101, 0
-0.08016210759315034, 0.1389206169274555, 1.110125723683732, 0
-0.08461533377211156, 0.10665909930212103, 1.080429989578334, 0
-0.09116806176845223, 0.07526093772213005, 1.045564283086771, 0
-0.06114185839003186, 0.04906767443121807, 0.9987954562000729, 0
-0.05656798339471426, 0.45935407468174494, -1.5811556519968584, 0
-0.057179525381160924, 0.42060639106817377, -1.5505070239229584, 0
-0.057855147065059016, 0.3818470441582392, -1.5198567231207967, 0
-0.05861297923667658, 0.3430488879727096, -1.4891472385085869, 0
-0.05947470643009011, 0.30422706035737446, -1.458388756466627, 0
-0.06046102599745958, 0.26536193778133055, -1.427575947573089, 0
-0.06160227762293501, 0.22646276044789015, -1.3967556434549313, 0
-0.06327518376887754, 0.23370783370633963, -1.347657995702593, 0
-0.06500754597473311, 0.1919306221687876, -1.315452553377113, 0
-0.06730882682017077, 0.19967445931444044, -1.2668207874490909, 0
-0.06955209777384626, 0.1633903230922767, -1.237022592969058, 0
-0.07213964835761084, 0.1293325988712707, -1.210010914357945, 0
-0.0735294398471464, 0.08809221923470831, -1.197018626328959, 0
-0.07758901074905226, 0.07832031644348014, -1.159499000354933, 0
-0.08370162584513148, 0.044522010222624156, -1.125704394314883, 0
-0.0879541467585209, -3.073033988672743e-16, -1.1, 0
-0.13349722847204237, -2.8324212596762404e-16, -1.05, 0
-0.09900951713881122, -0.037205986106723, -1.036541042540306, 0
-0.06114185837711946, -0.04906767443121819, -0.9987954562000729, 0
-0.05539364895855886, 0.490831103193457, -1.6605567674059465, 0
-0.054802088276346465, 0.48359113902482165, -1.7095098021735295, 0
-0.05410882955301682, 0.52244788904348, -1.7396325597795013, 0
-0.053285297111580254, 0.560842322224085, -1.7706329664454001, 0
-0.05079228929702556, 0.597464607821055, -1.7989015125862062, 0
-0.05392310773292643, 0.6330250176403862, -1.8167133472220511, 0
-0.04452622393998022, 0.648776411490257, -1.8523616892636552, 0
-0.005286957031999891, 0.6273634790264127, -1.8990563617712555, 0
-0.055942156830461776, 0.45217759817854863, -1.6300816207427935, 0
-0.06778992182164963, 0.24822595344381004, 1.249549437856368, 0
-0.06532373665906101, 0.24097049728194997, 1.2985876924889, 0
-0.06364016637251792, 0.2798303326768239, 1.329394721754459, 0
-0.06190104689036893, 0.27259482969569304, 1.3784788153751388, 0
-0.06069576210501203, 0.31144153870900415, 1.40934639815831, 0
-0.059649937972667474, 0.3502454745057888, 1.4401660948385748, 0
-0.05874384227793786, 0.3890181613194681, 1.470922754221482, 0
-0.057953543715525704, 0.42777041171038865, 1.5015945278696448, 0
-0.057256061998459847, 0.46649796177099856, 1.5321785964296248, 0
-0.05663732322344907, 0.5052166796183271, 1.562763659129122, 0
-0.05608463711007315, 0.5439459904452808, 1.593275821254593, 0
-0.05560322702506737, 0.5826153788396273, 1.623712570349181, 0
-0.055012867430306235, 0.5754924991335439, 1.672406725120148, 0
-0.05465090932532751, 0.6139661343585034, 1.7030452731148469, 0
-0.054652717477853066, 0.652526122528807, 1.733560842117356, 0
-0.055528142293082026, 0.6903421262742444, 1.7617494259109447, 0
-0.055946378659693444, 0.7289465041660184, 1.785036780523653, 0
-0.05303563919096725, 0.7248027001288622, 1.8263860521078548, 0
-0.07489446996363762, 0.7197900710654335, 1.8659855984427147, 0
-0.07017920154328335, 0.2094758032645636, 1.218831323605658, 0
-0.07272699203698109, 0.17171886473413922, 1.1881852256906802, 0
-0.07617502657809232, 0.12557428605446064, 1.161007384923481, 0
-0.08048076852186546, 0.09303786996718233, 1.125473753467015, 0
-0.08739126286275378, 0.071248123901962, 1.092899391922077, 0
-0.08513710563575187, 0.03794113986174086, 1.076057135607035, 0
-0.0990095171426885, 0.03720598610672288, 1.036541042540306, 0
-0.15318598628931016, 2.220446049250313e-16, 1.0, 0
-0.05650282745234081, 0.4134744164963754, -1.5994759586643534, 0
-0.057095209096182944, 0.3746944375912985, -1.5687806854564728, 0
-0.057740793508037486, 0.3358702774328145, -1.5380954424125448, 0
-0.05845765857703866, 0.297022355214983, -1.507402150851457, 0
-0.059270088990239764, 0.2581411923806982, -1.476666100659508, 0
-0.06019709301928044, 0.21922941831972004, -1.445862726266407, 0
-0.06124088593135742, 0.18030853711686246, -1.415042858290683, 0
-0.06294017362055, 0.1875538461863817, -1.365924926147193, 0
-0.06460902174886116, 0.14311361576714043, -1.331276302514291, 0
-0.06694907990400661, 0.15423797838408088, -1.282167594887338, 0
-0.06912531962901465, 0.12743158589018028, -1.252124005671904, 0
-0.06997152546205092, 0.09005898609443924, -1.245307382624987, 0
-0.07186540287968614, 0.045045183565117636, -1.2242538135382919, 0
-0.07653045710751816, 0.042688991665124174, -1.176337163535087, 0
-0.08004236185846904, -3.3136467176692455e-16, -1.15, 0
-0.08370162584420283, -0.044522010222624836, -1.125704394314883, 0
-0.08513710563391796, -0.03794113986174098, -1.076057135607035, 0
-0.09116806176392685, -0.07526093772213018, -1.045564283086771, 0
-0.11258749358837616, -0.09801714056964306, -0.9951847266485508, 0
-0.05535893590714456, 0.44494607475332015, -1.6790173877211065, 0
-0.055900578931324184, 0.4062712388417774, -1.6483979268447455, 0
-0.054220442802679306, 0.476455516644279, -1.7584105664013523, 0
-0.053643704521240544, 0.5150815458796794, -1.7891616994758612, 0
-0.05191480446247928, 0.5533480134903659, -1.8203703530745625, 0
-0.041442057389298424, 0.5977645053610161, -1.853875372723089, 0
-0.06577445235157771, 0.5805693529125169, -1.9138806719486832, 0
-0.05482364313711461, 0.43774403432057196, -1.7280059641580743, 0
-0.0673088268201562, 0.19967445931444106, 1.2668207874490909, 0
-0.0650075459747194, 0.1919306221687882, 1.315452553377113, 0
-0.06327518376887249, 0.2337078337063403, 1.347657995702593, 0
-0.06160227762292912, 0.22646276044789082, 1.3967556434549313, 0
-0.060461025997453455, 0.2653619377813312, 1.427575947573089, 0
-0.059474706430089265, 0.3042270603573751, 1.458388756466627, 0
-0.05861297923667436, 0.34304888797271027, 1.4891472385085869, 0
-0.0578551470650643, 0.38184704415824, 1.5198567231207967, 0
-0.05717952538116796, 0.42060639106817455, 1.550507023922958, 0
-0.056567983394730216, 0.4593540746817457, 1.581155651996858, 0
-0.05600544926659016, 0.4980888529539289, 1.611604626129314, 0
-0.05547910631005207, 0.5367731292190665, 1.642050641708834, 0
-0.054851055475719765, 0.5296152599148005, 1.6908200676636038, 0
-0.054221224360730576, 0.5683501184756246, 1.721084374820689, 0
-0.05381544753230565, 0.6062648719815891, 1.7517347302678312, 0
-0.054203734506814094, 0.6441707834095816, 1.779506968750459, 0
-0.0578914944580283, 0.6824658404162993, 1.810965046071109, 0
-0.0773889730895406, 0.6872964747462749, 1.8490105069204628, 0
-0.08231875889614251, 0.6737797048764509, 1.8830881310487309, 0
-0.06955209777381269, 0.1633903230922773, 1.237022592969058, 0
-0.07213964835755313, 0.12933259887127124, 1.210010914357945, 0
-0.07352943984707584, 0.08809221923470889, 1.197018626328959, 0
-0.07758901074892204, 0.0783203164434807, 1.159499000354933, 0
-0.08370162584457273, 0.0445220102226247, 1.125704394314883, 0
-0.08795414675909433, 2.220446049250313e-16, 1.1, 0
-0.13349722846681752, 2.220446049250313e-16, 1.05, 0
-0.09900951715105055, -0.0372059861067225, 1.036541042540306, 0
-0.06114185840380757, -0.049067674431217706, 0.9987954562000729, 0
-0.05643953205138951, 0.36752371487957747, -1.6177352077748557, 0
-0.055870467391512205, 0.3603517851551631, -1.6666859882254128, 0
-0.05536048116218914, 0.39909238726389973, -1.6973627068952504, 0
-0.054869298680007915, 0.3918712067607595, -1.7462913159846025, 0
-0.054310426407710055, 0.43058236603674627, -1.7769062943872242, 0
-0.05389308399119404, 0.46926374110706415, -1.8074088000968143, 0
-0.05339443618925224, 0.5074931588058971, -1.8397788577111465, 0
-0.06156233247769676, 0.5444373455470704, -1.8772248490305645, 0
-0.04505202854563331, 0.533425513494042, -1.9275521319937412, 0
-0.05700034000130365, 0.32871573818604294, -1.587062106724503, 0
-0.05760356974901158, 0.28987602880205043, -1.5563880002167207, 0
-0.058274393349535575, 0.25097423121321005, -1.525720328618073, 0
-0.05903049665111567, 0.21201022851363666, -1.4949997026729989, 0
-0.05990394615672089, 0.1730463037756324, -1.464162576520311, 0
-0.06091304700395279, 0.1339685037429097, -1.432372386813668, 0
-0.06251369101059143, 0.13912838018174645, -1.383272033175373, 0
-0.0641066311579821, 0.09647632513066864, -1.352409844500705, 0
-0.06659339109421128, 0.09963648513448559, -1.294507111164958, 0
-0.0683051384714587, 0.045307778724191616, -1.275068861232616, 0
-0.07000724840040352, -3.7948721756622506e-16, -1.25, 0
-0.07438068826077451, -3.554259446665748e-16, -1.2, 0
-0.07653045710727603, -0.04268899166512489, -1.176337163535087, 0
-0.07758901074870062, -0.07832031644348084, -1.159499000354933, 0
-0.08048076852137379, -0.09303786996718248, -1.125473753467015, 0
-0.08461533377211357, -0.10665909930212117, -1.080429989578334, 0
-0.08739126286193115, -0.07124812390196214, -1.092899391922077, 0
-0.09652019823545795, -0.125013179573246, -1.035561018515463, 0
-0.08207570046812024, -0.14673047483692828, -0.989176509908181, 0
-0.0669490799039833, 0.1542379783840815, 1.282167594887338, 0
-0.06460902174884306, 0.1431136157671411, 1.331276302514291, 0
-0.06294017362054084, 0.18755384618638238, 1.365924926147193, 0
-0.061240885931353795, 0.18030853711686312, 1.415042858290683, 0
-0.060197093019273236, 0.21922941831972076, 1.445862726266407, 0
-0.059270088990235725, 0.2581411923806989, 1.476666100659508, 0
-0.05845765857703372, 0.29702235521498377, 1.507402150851457, 0
-0.05774079350803301, 0.3358702774328153, 1.5380954424125448, 0
-0.05709520909618722, 0.3746944375912993, 1.5687806854564728, 0
-0.05650282745234941, 0.4134744164963762, 1.599475958664353, 0
-0.05594215683048074, 0.4521775981785494, 1.630081620742793, 0
-0.05539364895858804, 0.4908311031934578, 1.660556767405946, 0
-0.05480208827640153, 0.4835911390248224, 1.709509802173529, 0
-0.0541088295531136, 0.5224478890434809, 1.7396325597795008, 0
-0.053285297111637236, 0.5608423222240859, 1.7706329664453997, 0
-0.05079228929680357, 0.5974646078210559, 1.7989015125862058, 0
-0.053923107733352155, 0.6330250176403871, 1.8167133472220507, 0
-0.04452622394018094, 0.6487764114902579, 1.8523616892636547, 0
-0.005286957021364032, 0.6273634790264135, 1.899056361771255, 0
-0.06912531962898293, 0.1274315858901809, 1.252124005671904, 0
-0.06997152546202176, 0.09005898609443985, 1.245307382624987, 0
-0.0718654028796652, 0.04504518356511822, 1.2242538135382919, 0
-0.07653045710749617, 0.04268899166512474, 1.176337163535087, 0
-0.08004236185857536, 2.220446049250313e-16, 1.15, 0
-0.08370162584507361, -0.044522010222624295, 1.125704394314883, 0
-0.08513710563711913, -0.03794113986174047, 1.076057135607035, 0
-0.09116806177356625, -0.07526093772212968, 1.045564283086771, 0
-0.11258749359242246, -0.09801714056964259, 0.9951847266485508, 0
-0.056369306304974456, 0.3215565346357655, -1.63602157031247, 0
-0.055834072455521654, 0.31438987038694177, -1.684974533098074, 0
-0.05538131792047141, 0.35311879154194126, -1.715666618898736, 0
-0.05496786435248286, 0.34583151637307696, -1.7647329237059197, 0
-0.05441854661600749, 0.38455640201604524, -1.7953901169059585, 0
-0.05361608112958501, 0.4232389998707695, -1.8261477166214721, 0
-0.05345916467366415, 0.46089391745695973, -1.8578343459949784, 0
-0.051240015002686455, 0.49731875304375417, -1.8912626241194852, 0
-0.05989544350598702, 0.48596035853698494, -1.9400625067070925, 0
-0.05688614014475273, 0.2827348787640728, -1.605378193961792, 0
-0.057444215210505925, 0.24389021285287715, -1.574695950369547, 0
-0.05806685532389521, 0.20497932559438142, -1.5439550105116622, 0
-0.05877392570495769, 0.16652104826119357, -1.512466978477769, 0
-0.05959040519783499, 0.12807480255857245, -1.481355706736923, 0
-0.06044244781588262, 0.08823641268801594, -1.4527678473143768, 0
-0.06195080536515948, 0.09334945314651644, -1.402605880785698, 0
-0.06312655966864388, 0.04855147740473176, -1.375700978922926, 0
-0.06532027478388035, 0.05187126222773866, -1.325083796556721, 0
-0.06689807704288867, -4.035484904658753e-16, -1.3, 0
-0.06830513847141458, -0.04530777872419238, -1.275068861232616, 0
-0.07186540287959431, -0.045045183565118364, -1.2242538135382919, 0
-0.07352943984695876, -0.08809221923470904, -1.197018626328959, 0
-0.07617502657801764, -0.12557428605446078, -1.161007384923481, 0
-0.08016210759338739, -0.13892061692745566, -1.110125723683732, 0
-0.08458829577135023, -0.1484540183781492, -1.069478001292287, 0
-0.07406841440545663, -0.17875432905531255, -1.034882314224999, 0
-0.06592085705347966, -0.19509032252401728, -0.9807852803022052, 0
-0.06659339109419041, 0.0996364851344862, 1.294507111164958, 0
-0.06830513847145252, 0.04530777872419223, 1.275068861232616, 0
-0.07000724840042498, 2.220446049250313e-16, 1.25, 0
-0.0743806882608325, 2.220446049250313e-16, 1.2, 0
-0.07653045710751671, -0.04268899166512432, 1.176337163535087, 0
-0.07758901074886851, -0.07832031644348028, 1.159499000354933, 0
-0.08048076852180061, -0.09303786996718193, 1.125473753467015, 0
-0.08461533377134922, -0.10665909930212064, 1.080429989578334, 0
-0.08739126286316884, -0.07124812390196161, 1.092899391922077, 0
-0.06251369101058134, 0.1391283801817471, 1.383272033175373, 0
-0.06091304700394715, 0.13396850374291036, 1.432372386813668, 0
-0.05990394615671458, 0.17304630377563313, 1.464162576520311, 0
-0.059030496651102674, 0.21201022851363738, 1.4949997026729989, 0
-0.05827439334952932, 0.25097423121321083, 1.525720328618073, 0
-0.057603569749000556, 0.2898760288020512, 1.5563880002167207, 0
-0.05700034000130609, 0.3287157381860437, 1.587062106724503, 0
-0.05643953205139447, 0.36752371487957824, 1.6177352077748557, 0
-0.055900578931337715, 0.4062712388417782, 1.648397926844745, 0
-0.05535893590716571, 0.44494607475332093, 1.679017387721106, 0
-0.05482364313712994, 0.43774403432057274, 1.7280059641580738, 0
-0.05422044280272139, 0.4764555166442799, 1.7584105664013518, 0
-0.0536437045215988, 0.5150815458796802, 1.7891616994758608, 0
-0.05191480446302174, 0.5533480134903668, 1.820370353074562, 0
-0.04144205738631964, 0.597764505361017, 1.8538753727230886, 0
-0.06577445235467995, 0.5805693529125178, 1.9138806719486827, 0
-0.0641066311579743, 0.09647632513066928, 1.352409844500705, 0
-0.09652019822471014, -0.1250131795732455, 1.035561018515463, 0
-0.08207570044529533, -0.14673047483692778, 0.989176509908181, 0
-0.05627710641436585, 0.27557550585248103, -1.654329840225027, 0
-0.055765209227816755, 0.268386524175806, -1.7032808422062349, 0
-0.05539507263240855, 0.3071491288546042, -1.7340247508089381, 0
-0.05507881520094515, 0.2999487683962818, -1.7830134130350404, 0
-0.05470826379647028, 0.3386296248089178, -1.8137163862411327, 0
-0.05380682349391958, 0.37709690245515404, -1.8442659484441617, 0
-0.05245147707185805, 0.41470166107193385, -1.8742998673352531, 0
-0.05485602764655969, 0.4517022244215716, -1.9051230532793946, 0
-0.04852738715009587, 0.438202479008571, -1.9514042603701425, 0
-0.0567449159157306, 0.23671806579169352, -1.6236436484415262, 0
-0.05725652661353808, 0.1979408375207904, -1.593006883881828, 0
-0.057835458143946465, 0.16001691586498878, -1.562047742327355, 0
-0.05849493229140756, 0.12292161373287694, -1.530124103446566, 0
-0.05917378473428963, 0.08370390425982571, -1.500907669817843, 0
-0.05987626136027844, 0.04359109009904612, -1.475000000000001, 0
-0.061318408762613234, 0.045487959753648374, -1.4253534333835467, 0
-0.062214697755854996, -4.516710362651758e-16, -1.4, 0
-0.0642267289985441, -4.2760976336552557e-16, -1.35, 0
-0.06532027478385853, -0.05187126222773946, -1.325083796556721, 0
-0.0665933910941626, -0.09963648513448635, -1.294507111164958, 0
-0.06997152546195884, -0.09005898609444002, -1.245307382624987, 0
-0.07213964835748354, -0.12933259887127135, -1.210010914357945, 0
-0.07272699203697282, -0.17171886473413936, -1.1881852256906802, 0
-0.07657071814482148, -0.17799644833867748, -1.139060617110101, 0
-0.08021966893293173, -0.1851149194159324, -1.090105394089912, 0
-0.08275409783333416, -0.22010089776117214, -1.0625488624810968, 0
-0.08762354779230948, -0.2265859386866628, -1.018488388592635, 0
-0.11506953360011417, -0.24298018056647994, -0.9700312530284172, 0
-0.06532027478387438, 0.0518712622277393, 1.325083796556721, 0
-0.066898077042898, 2.220446049250313e-16, 1.3, 0
-0.06830513847143536, -0.04530777872419177, 1.275068861232616, 0
-0.07186540287965087, -0.04504518356511778, 1.2242538135382919, 0
-0.07352943984702155, -0.08809221923470846, 1.197018626328959, 0
-0.07617502657785866, -0.12557428605446022, 1.161007384923481, 0
-0.08016210759228364, -0.1389206169274551, 1.110125723683732, 0
-0.08458829577010166, -0.1484540183781487, 1.069478001292287, 0
-0.07406841439587669, -0.17875432905531205, 1.034882314224999, 0
-0.0659208570519329, -0.19509032252401678, 0.9807852803022052, 0
-0.06195080536515111, 0.0933494531465171, 1.402605880785698, 0
-0.06312655966864109, 0.048551477404732424, 1.375700978922926, 0
-0.060442447815870146, 0.08823641268801663, 1.4527678473143768, 0
-0.05959040519782569, 0.12807480255857318, 1.481355706736923, 0
-0.05877392570494223, 0.1665210482611943, 1.512466978477769, 0
-0.05806685532388197, 0.20497932559438214, 1.5439550105116622, 0
-0.057444215210493026, 0.24389021285287793, 1.574695950369547, 0
-0.056886140144742914, 0.28273487876407355, 1.605378193961792, 0
-0.05636930630497273, 0.3215565346357663, 1.63602157031247, 0
-0.05587046739151275, 0.36035178515516386, 1.6666859882254128, 0
-0.05536048116219833, 0.3990923872639005, 1.69736270689525, 0
-0.054869298679986765, 0.39187120676076037, 1.746291315984602, 0
-0.05431042640765266, 0.43058236603674716, 1.7769062943872238, 0
-0.05389308399133957, 0.46926374110706504, 1.8074088000968138, 0
-0.053394436189718, 0.507493158805898, 1.839778857711146, 0
-0.0615623324823294, 0.5444373455470712, 1.877224849030564, 0
-0.04505202855115753, 0.5334255134940429, 1.9275521319937408, 0
-0.05614658790789448, 0.22952934363430788, -1.6726091660339908, 0
-0.05562774822297828, 0.22236316409567142, -1.721615415768595, 0
-0.055356745320273876, 0.2612371586543669, -1.752319126090208, 0
-0.05503955552348735, 0.2540514458051961, -1.8013182541524269, 0
-0.05505143516162952, 0.29279373588153, -1.831969037211615, 0
-0.054786200705494, 0.3315035453439785, -1.8625521986743323, 0
-0.05376082707433205, 0.37042659224067154, -1.8891167372137851, 0
-0.04325574597315375, 0.4041925223339651, -1.9191261706157217, 0
-0.03639756821359973, 0.39018064286380827, -1.9615705610388794, 0
-0.05657462778108255, 0.1906376161256319, -1.6418418561769728, 0
-0.05703994147932191, 0.1527607351834993, -1.612456496121592, 0
-0.057556195322572556, 0.116935973329818, -1.5808759387735807, 0
-0.0581337732212513, 0.0802500301075885, -1.5519292488713878, 0
-0.05870010073871692, 0.04278039884806055, -1.525033915845612, 0
-0.0592820893885512, -2.77748977139445e-16, -1.5, 0
-0.060607945689982345, -4.75732309164826e-16, -1.4499999999999997, 0
-0.0613184087626044, -0.04548795975364922, -1.4253534333835467, 0
-0.06312655966863276, -0.0485514774047326, -1.375700978922926, 0
-0.06410663115795674, -0.09647632513066944, -1.352409844500705, 0
-0.06460902174882495, -0.1431136157671413, -1.331276302514291, 0
-0.06694907990395192, -0.15423797838408163, -1.282167594887338, 0
-0.06955209777378311, -0.16339032309227747, -1.237022592969058, 0
-0.07017920154326238, -0.20947580326456378, -1.218831323605658, 0
-0.0735277776061737, -0.2166935967577567, -1.169802319917377, 0
-0.07732532121681727, -0.22191810231964765, -1.119217208372746, 0
-0.07914934860644231, -0.26891265440161666, -1.102146110577886, 0
-0.08498398425736949, -0.2690254522775383, -1.051901303151065, 0
-0.10806427186020992, -0.27894065046113503, -1.004197890929559, 0
-0.1098445305471804, -0.2902846780356869, -0.9569403354952272, 0
-0.06912531962894189, -0.12743158589018105, -1.252124005671904, 0
-0.06422672899854469, 2.220446049250313e-16, 1.35, 0
-0.06221469775585135, 2.220446049250313e-16, 1.4, 0
-0.06131840876260663, 0.045487959753649054, 1.4253534333835467, 0
-0.05987626136027237, 0.043591090099046825, 1.475000000000001, 0
-0.0591737847342825, 0.08370390425982643, 1.500907669817843, 0
-0.05849493229139786, 0.12292161373287769, 1.530124103446566, 0
-0.05783545814393228, 0.16001691586498956, 1.562047742327355, 0
-0.05725652661352287, 0.19794083752079117, 1.593006883881828, 0
-0.05674491591570822, 0.2367180657916943, 1.6236436484415262, 0
-0.05627710641435116, 0.2755755058524818, 1.654329840225027, 0
-0.055834072455513056, 0.31438987038694255, 1.684974533098074, 0
-0.05538131792047892, 0.35311879154194203, 1.715666618898736, 0
-0.05496786435250182, 0.34583151637307785, 1.7647329237059197, 0
-0.05441854661599071, 0.38455640201604613, 1.795390116905958, 0
-0.05361608112899948, 0.4232389998707704, 1.8261477166214717, 0
-0.05345916467298768, 0.4608939174569606, 1.857834345994978, 0
-0.051240015007451144, 0.49731875304375506, 1.8912626241194848, 0
-0.0598954435113844, 0.4859603585369858, 1.940062506707092, 0
-0.06532027478386543, -0.05187126222773882, 1.325083796556721, 0
-0.066593391094163, -0.09963648513448574, 1.294507111164958, 0
-0.06997152546198186, -0.09005898609443941, 1.245307382624987, 0
-0.07213964835743894, -0.1293325988712708, 1.210010914357945, 0
-0.0727269920368103, -0.1717188647341388, 1.1881852256906802, 0
-0.07657071814441864, -0.17799644833867692, 1.139060617110101, 0
-0.08021966893136169, -0.1851149194159319, 1.090105394089912, 0
-0.08275409783387981, -0.22010089776117164, 1.0625488624810968, 0
-0.08762354780182327, -0.2265859386866623, 1.018488388592635, 0
-0.11506953361954492, -0.2429801805664795, 0.9700312530284172, 0
-0.05595204930215777, 0.18344090596647283, -1.6908803126025873, 0
-0.05543171653536334, 0.17634814674090943, -1.739949481250468, 0
-0.055180165664574204, 0.21524160504089612, -1.7706299738893438, 0
-0.05476592561412812, 0.20811832087116944, -1.819599540244635, 0
-0.05498317997395812, 0.24693433357904815, -1.8501983997101288, 0
-0.055356346246467944, 0.28832046710270043, -1.8882684674594497, 0
-0.055343993519557454, 0.33261352463917127, -1.9008681197929178, 0
-0.05906144067465678, 0.358379397354349, -1.9289534975949967, 0
-0.07903978920724769, 0.34192377647546823, -1.97055528495923, 0
-0.056342753758368225, 0.1444816360713198, -1.6601735157582207, 0
-0.05679018209316608, 0.10842004750359668, -1.6326138967520785, 0
-0.05721591148107028, 0.07418101540416588, -1.6041534622706848, 0
-0.05769081902811061, 0.04020811358870148, -1.5750473763318131, 0
-0.05818910087610546, -3.018102500390954e-16, -1.5500000000000003, 0
-0.05870010073870905, -0.04278039884806147, -1.525033915845612, 0
-0.059876261360274255, -0.043591090099047006, -1.475000000000001, 0
-0.06044244781586411, -0.0882364126880168, -1.4527678473143768, 0
-0.061950805365142934, -0.09334945314651727, -1.402605880785698, 0
-0.06251369101056826, -0.13912838018174728, -1.383272033175373, 0
-0.062940173620523, -0.18755384618638254, -1.365924926147193, 0
-0.06500754597469768, -0.19193062216878834, -1.315452553377113, 0
-0.06730882682012858, -0.19967445931444122, -1.2668207874490909, 0
-0.06778992182162127, -0.2482259534438102, -1.249549437856368, 0
-0.07070557550602963, -0.25569214394846707, -1.20081514108489, 0
-0.07434216641458986, -0.26269009724273057, -1.151639946060103, 0
-0.0751909232951163, -0.308436965831899, -1.134335909489621, 0
-0.08070703070300088, -0.31370862659348225, -1.0856398098607392, 0
-0.08661263643118156, -0.3191632753664118, -1.0368128704020472, 0
-0.09220629222579929, -0.3284235297700594, -0.9886217685443469, 0
-0.0845671048187176, -0.3368898542958706, -0.9415440648596894, 0
-0.06312655966863277, -0.04855147740473193, 1.375700978922926, 0
-0.061318408762603215, -0.04548795975364854, 1.4253534333835467, 0
-0.06060794568997889, 2.220446049250313e-16, 1.4499999999999997, 0
-0.05928208938854413, 4.440892098500626e-16, 1.5, 0
-0.058700100738709626, 0.042780398848061285, 1.525033915845612, 0
-0.058133773221241934, 0.08025003010758924, 1.5519292488713878, 0
-0.0575561953225564, 0.11693597332981875, 1.5808759387735807, 0
-0.057039941479299854, 0.15276073518350008, 1.612456496121592, 0
-0.05657462778104989, 0.19063761612563268, 1.6418418561769728, 0
-0.056146587907860535, 0.22952934363430866, 1.6726091660339908, 0
-0.05576520922779843, 0.2683865241758068, 1.7032808422062349, 0
-0.055395072632414714, 0.3071491288546051, 1.7340247508089381, 0
-0.05507881520101014, 0.2999487683962827, 1.7830134130350404, 0
-0.05470826379665402, 0.33862962480891867, 1.8137163862411327, 0
-0.053806823493781, 0.3770969024551549, 1.8442659484441617, 0
-0.05245147707103006, 0.41470166107193474, 1.8742998673352527, 0
-0.054856027638182044, 0.4517022244215725, 1.9051230532793941, 0
-0.048527387126270256, 0.4382024790085719, 1.951404260370142, 0
-0.0641066311579563, -0.0964763251306688, 1.352409844500705, 0
-0.0646090217488221, -0.14311361576714063, 1.331276302514291, 0
-0.06694907990393985, -0.15423797838408101, 1.282167594887338, 0
-0.06955209777372778, -0.16339032309227686, 1.237022592969058, 0
-0.07017920154320197, -0.20947580326456317, 1.218831323605658, 0
-0.07352777760602332, -0.21669359675775615, 1.169802319917377, 0
-0.07732532121660415, -0.2219181023196471, 1.119217208372746, 0
-0.07914934860692456, -0.2689126544016161, 1.102146110577886, 0
-0.08498398425822767, -0.26902545227753777, 1.051901303151065, 0
-0.10806427186476393, -0.2789406504611346, 1.004197890929559, 0
-0.10984453053831705, -0.29028467803568647, 0.9569403354952272, 0
-0.06912531962892449, -0.12743158589018044, 1.252124005671904, 0
-0.05575777875513081, 0.1373372338098771, -1.7092507103059824, 0
-0.05505826751325748, 0.13005416236622175, -1.7593661893864032, 0
-0.05485934880972511, 0.16927364070638107, -1.7889718720245857, 0
-0.054222488039856354, 0.1621490675829853, -1.837947665295526, 0
-0.05419193780906623, 0.20004092410567043, -1.8672936272969487, 0
-0.05485245452428699, 0.23713906610812097, -1.8999617037780747, 0
-0.05883052350162731, 0.2642026521989158, -1.93992705931324, 0
-0.05645521094797224, 0.3109393255730093, -1.9324841119494491, 0
-0.036533401807095446, 0.29346094804526446, -1.978353020057941, 0
-0.05605090807185756, 0.09900746682428715, -1.680355808766392, 0
-0.056460380689394775, 0.06513943335730685, -1.655127595563618, 0
-0.056909850317056254, 0.03553674009030561, -1.6254834332807477, 0
-0.05730372155170948, -3.2587152293874553e-16, -1.6, 0
-0.0576908190281, -0.040208113588702445, -1.5750473763318131, 0
-0.05813377322123611, -0.08025003010758944, -1.5519292488713878, 0
-0.05917378473427668, -0.08370390425982661, -1.500907669817843, 0
-0.0595904051978121, -0.12807480255857337, -1.481355706736923, 0
-0.06091304700393032, -0.1339685037429105, -1.432372386813668, 0
-0.06124088593133497, -0.1803085371168633, -1.415042858290683, 0
-0.06160227762291067, -0.226462760447891, -1.3967556434549313, 0
-0.06327518376885669, -0.2337078337063405, -1.347657995702593, 0
-0.06532373665904256, -0.2409704972819501, -1.2985876924889, 0
-0.06572997108897245, -0.2870510277159113, -1.280334932435385, 0
-0.0682512171574057, -0.2945843449848361, -1.231677909434284, 0
-0.07136145577608502, -0.3019187746551887, -1.183185460292307, 0
-0.07183315911399607, -0.34784616906804755, -1.1659184707108032, 0
-0.07566976841464844, -0.3549575354954195, -1.1172133050891293, 0
-0.08064658846148438, -0.3622217799782452, -1.0686406496426593, 0
-0.08620633017413178, -0.3680458222700123, -1.0196738491723591, 0
-0.0878037839569033, -0.3754615323548295, -0.9716515897092132, 0
-0.09812949001135819, -0.38268343336843447, -0.9238795320956877, 0
-0.06195080536514296, -0.0933494531465166, 1.402605880785698, 0
-0.06044244781586618, -0.0882364126880161, 1.4527678473143768, 0
-0.05987626136027216, -0.0435910900990463, 1.475000000000001, 0
-0.05870010073870726, -0.04278039884806074, 1.525033915845612, 0
-0.05818910087610211, 4.440892098500626e-16, 1.5500000000000003, 0
-0.05769081902810359, 0.04020811358870224, 1.5750473763318131, 0
-0.05721591148105468, 0.07418101540416666, 1.6041534622706848, 0
-0.056790182093145083, 0.10842004750359746, 1.6326138967520785, 0
-0.056342753758331275, 0.14448163607132058, 1.6601735157582207, 0
-0.05595204930210521, 0.18344090596647367, 1.6908803126025873, 0
-0.055627748222926106, 0.22236316409567225, 1.721615415768595, 0
-0.05535674532024178, 0.2612371586543678, 1.752319126090208, 0
-0.05503955552346651, 0.254051445805197, 1.8013182541524269, 0
-0.05505143516176637, 0.2927937358815309, 1.831969037211615, 0
-0.05478620070631847, 0.3315035453439794, 1.8625521986743323, 0
-0.05376082707500765, 0.3704265922406724, 1.8891167372137851, 0
-0.043255745967395974, 0.40419252233396596, 1.9191261706157212, 0
-0.03639756822596981, 0.39018064286380927, 1.961570561038879, 0
-0.06251369101056867, -0.1391283801817466, 1.383272033175373, 0
-0.06294017362052196, -0.18755384618638188, 1.365924926147193, 0
-0.06500754597469383, -0.19193062216878773, 1.315452553377113, 0
-0.06730882682010568, -0.1996744593144406, 1.2668207874490909, 0
-0.06778992182161214, -0.2482259534438096, 1.249549437856368, 0
-0.07070557550603325, -0.2556921439484665, 1.20081514108489, 0
-0.07434216641466006, -0.26269009724273, 1.151639946060103, 0
-0.07519092329532817, -0.30843696583189845, 1.134335909489621, 0
-0.08070703070360563, -0.3137086265934817, 1.0856398098607392, 0
-0.08661263643210045, -0.31916327536641137, 1.0368128704020472, 0
-0.0922062922234067, -0.32842352977005895, 0.9886217685443471, 0
-0.08456710482247573, -0.33688985429587015, 0.9415440648596897, 0
-0.055426804716815985, 0.08446628922661864, -1.7333463122847295, 0
-0.05477968882762521, 0.09225907196800812, -1.7808935971466178, 0
-0.0545150399847561, 0.12400935585313547, -1.8074161377337727, 0
-0.05369963168435239, 0.11832672542766698, -1.8566382578642138, 0
-0.05345638993185765, 0.15455984204448692, -1.885264390806146, 0
-0.05360221466821668, 0.18668005450213182, -1.912482003698244, 0
-0.051726333231058436, 0.21696083777936143, -1.9466861376540276, 0
-0.08380514389611457, 0.244821349716056, -1.9849590692815833, 0
-0.05583702904761072, 0.051981915313274854, -1.6968314955187132, 0
-0.05631190720767082, 0.029988870108708626, -1.6682265892867811, 0
-0.05643541561938191, -3.499327958383958e-16, -1.65, 0
-0.05690985031704847, -0.03553674009030658, -1.6254834332807477, 0
-0.05721591148105282, -0.07418101540416687, -1.6041534622706848, 0
-0.05755619532255135, -0.11693597332981893, -1.5808759387735807, 0
-0.058494932291391036, -0.12292161373287788, -1.530124103446566, 0
-0.058773925704935163, -0.16652104826119446, -1.512466978477769, 0
-0.05990394615669879, -0.17304630377563332, -1.464162576520311, 0
-0.060197093019259636, -0.21922941831972095, -1.445862726266407, 0
-0.060461025997438994, -0.2653619377813314, -1.427575947573089, 0
-0.06190104689035111, -0.2725948296956932, -1.3784788153751388, 0
-0.06364016637249864, -0.27983033267682406, -1.329394721754459, 0
-0.06393429092879428, -0.32593760893702295, -1.3111714858139034, 0
-0.06607321129481322, -0.3333668210357331, -1.2624620533703903, 0
-0.06864146423014547, -0.3408518767713714, -1.214071734541909, 0
-0.06894985663061506, -0.3866367463329262, -1.196216777394312, 0
-0.07215124034674751, -0.39359265178888586, -1.1477751322528322, 0
-0.07599673476652255, -0.4007424435001527, -1.0990421277971383, 0
-0.08047353954438909, -0.40801797593576, -1.0504493620355853, 0
-0.08539198367546438, -0.4149868402147686, -1.001866854700305, 0
-0.09852998820797633, -0.42160120269297774, -0.9527773036306831, 0
-0.10742360583688626, -0.4275550943054308, -0.9039892927095289, 0
-0.0609130470039331, -0.13396850374290983, 1.432372386813668, 0
-0.061240885931338564, -0.18030853711686262, 1.415042858290683, 0
-0.06160227762291605, -0.22646276044789032, 1.3967556434549313, 0
-0.06327518376886025, -0.23370783370633982, 1.347657995702593, 0
-0.06532373665903865, -0.2409704972819495, 1.2985876924889, 0
-0.06572997108898182, -0.2870510277159106, 1.280334932435385, 0
-0.06825121715743353, -0.29458434498483554, 1.231677909434284, 0
-0.07136145577617498, -0.3019187746551881, 1.183185460292307, 0
-0.07183315911412091, -0.347846169068047, 1.1659184707108032, 0
-0.07566976841483422, -0.3549575354954189, 1.1172133050891293, 0
-0.08064658846158212, -0.3622217799782446, 1.0686406496426593, 0
-0.08620633017395436, -0.36804582227001187, 1.0196738491723591, 0
-0.08780378395480642, -0.37546153235482904, 0.9716515897092134, 0
-0.09812949000251106, -0.382683433368434, 0.923879532095688, 0
-0.05959040519781593, -0.12807480255857265, 1.481355706736923, 0
-0.05917378473427888, -0.08370390425982589, 1.500907669817843, 0
-0.058133773221234974, -0.08025003010758869, 1.5519292488713878, 0
-0.057690819028100006, -0.04020811358870168, 1.5750473763318131, 0
-0.05730372155171088, 4.440892098500626e-16, 1.6, 0
-0.05690985031704898, 0.035536740090306385, 1.6254834332807477, 0
-0.05646038068938379, 0.06513943335730765, 1.655127595563618, 0
-0.056050908071835444, 0.09900746682428796, 1.680355808766392, 0
-0.055757778755073074, 0.13733723380987795, 1.7092507103059824, 0
-0.05543171653527181, 0.17634814674091026, 1.739949481250468, 0
-0.05518016566446568, 0.21524160504089696, 1.7706299738893438, 0
-0.054765925613873494, 0.20811832087117033, 1.819599540244635, 0
-0.05498317997381573, 0.24693433357904904, 1.8501983997101288, 0
-0.05535634624714082, 0.2883204671027013, 1.8882684674594497, 0
-0.05534399352115017, 0.33261352463917215, 1.9008681197929178, 0
-0.05906144068589295, 0.35837939735434987, 1.9289534975949967, 0
-0.07903978921684515, 0.34192377647546923, 1.97055528495923, 0
-0.05474850677572311, 0.04597447647800215, -1.7765698464807682, 0
-0.05534518203482056, 0.03764029347432368, -1.73480509929066, 0
-0.05578873664299981, -3.7399406873804604e-16, -1.7, 0
-0.05631190720766038, -0.029988870108709636, -1.6682265892867811, 0
-0.056460380689375915, -0.06513943335730786, -1.655127595563618, 0
-0.056790182093139505, -0.10842004750359766, -1.6326138967520785, 0
-0.05703994147929142, -0.15276073518350028, -1.612456496121592, 0
-0.05783545814392618, -0.16001691586498978, -1.562047742327355, 0
-0.058066855323871146, -0.2049793255943823, -1.5439550105116622, 0
-0.059030496651092355, -0.21201022851363757, -1.4949997026729989, 0
-0.05927008899022145, -0.258141192380699, -1.476666100659508, 0
-0.059474706430073694, -0.3042270603573753, -1.458388756466627, 0
-0.060695762104999496, -0.3114415387090043, -1.4093463981583103, 0
-0.06216479543027259, -0.3186905432063473, -1.3601958706981223, 0
-0.062388355481807975, -0.36474329295742697, -1.3420197378988001, 0
-0.06418948681291194, -0.3720098234345868, -1.2929820038783402, 0
-0.06634830872123744, -0.37941260423677237, -1.244579455981317, 0
-0.06652572661720191, -0.4252794204484168, -1.2266405731933703, 0
-0.06913059244803652, -0.43231871022101875, -1.1781463760709103, 0
-0.07226254248338806, -0.43935936165323136, -1.1295773861480762, 0
-0.07596416388146493, -0.446528304357973, -1.0808417087652382, 0
-0.0804934567359748, -0.453750326671212, -1.0319088098025382, 0
-0.0856428934627047, -0.4615420620437508, -0.9813884521041307, 0
-0.08815130346925806, -0.4678329115627794, -0.9305459785467523, 0
-0.07760136247529037, -0.4713967375487834, -0.8819212639620181, 0
-0.054144051388022904, 0.07679107591606238, -1.8277694998474183, 0
-0.05337140636765115, 0.08555817925492645, -1.876816303509594, 0
-0.05239305692559035, 0.11251150993909495, -1.9040053333338343, 0
-0.0520078864258128, 0.1453451031873198, -1.9218622004639243, 0
-0.05028595304501588, 0.16883687731132152, -1.953263734074862, 0
-0.017871021190746107, 0.19603428015147445, -1.990369453394393, 0
-0.059903946156704004, -0.1730463037756326, 1.464162576520311, 0
-0.058773925704938904, -0.16652104826119374, 1.512466978477769, 0
-0.05849493229139286, -0.12292161373287713, 1.530124103446566, 0
-0.05755619532255389, -0.11693597332981819, 1.5808759387735807, 0
-0.05721591148105285, -0.07418101540416609, 1.6041534622706848, 0
-0.05690985031704781, -0.0355367400903058, 1.6254834332807477, 0
-0.056435415619381216, 4.440892098500626e-16, 1.65, 0
-0.05631190720766609, 0.02998887010870943, 1.6682265892867811, 0
-0.05583702904760545, 0.05198191531327567, 1.6968314955187132, 0
-0.05542680471678653, 0.08446628922661947, 1.7333463122847295, 0
-0.055058267513159634, 0.13005416236622258, 1.7593661893864032, 0
-0.054859348809541096, 0.16927364070638196, 1.7889718720245857, 0
-0.05422248803941768, 0.1621490675829862, 1.837947665295526, 0
-0.0541919378086738, 0.20004092410567131, 1.8672936272969487, 0
-0.0548524545238145, 0.23713906610812185, 1.8999617037780747, 0
-0.058830523497473454, 0.2642026521989167, 1.93992705931324, 0
-0.056455210949413005, 0.3109393255730102, 1.9324841119494491, 0
-0.03653340180134739, 0.29346094804526546, 1.978353020057941, 0
-0.060197093019265215, -0.21922941831972023, 1.445862726266407, 0
-0.06046102599744355, -0.2653619377813307, 1.427575947573089, 0
-0.06190104689036272, -0.27259482969569254, 1.3784788153751388, 0
-0.06364016637251134, -0.2798303326768234, 1.329394721754459, 0
-0.063934290928815, -0.3259376089370223, 1.3111714858139034, 0
-0.06607321129484588, -0.33336682103573256, 1.2624620533703903, 0
-0.06864146423020161, -0.34085187677137085, 1.214071734541909, 0
-0.0689498566306825, -0.38663674633292566, 1.196216777394312, 0
-0.07215124034683593, -0.3935926517888853, 1.1477751322528322, 0
-0.07599673476662902, -0.40074244350015215, 1.0990421277971383, 0
-0.08047353954430919, -0.40801797593575945, 1.0504493620355853, 0
-0.08539198367546441, -0.41498684021476817, 1.001866854700305, 0
-0.0985299882076685, -0.4216012026929773, 0.9527773036306834, 0
-0.10742360584544962, -0.42755509430543037, 0.9039892927095291, 0
-0.05426200314830208, 0.03321336451665703, -1.825867869265637, 0
-0.053278141195018607, 0.04330127018922124, -1.8749999999999987, 0
-0.052258885012545546, 0.07732185336542982, -1.9182327217011752, 0
-0.05379148297751014, 0.117588385052314, -1.9516064454522202, 0
-0.07858340013589334, 0.1471291268716512, -1.9945809133815517, 0
-0.054395911785370156, -4.2211661453734645e-16, -1.7999999999999998, 0
-0.05529721099689795, -3.980553416376964e-16, -1.7500000000000002, 0
-0.05534518203479819, -0.037640293474324724, -1.73480509929066, 0
-0.05583702904758511, -0.05198191531327588, -1.6968314955187132, 0
-0.05605090807182852, -0.09900746682428817, -1.680355808766392, 0
-0.05634275375833194, -0.14448163607132078, -1.6601735157582207, 0
-0.05657462778104225, -0.19063761612563287, -1.6418418561769728, 0
-0.057256526613509426, -0.19794083752079136, -1.593006883881828, 0
-0.05744421521047809, -0.24389021285287815, -1.574695950369547, 0
-0.05827439334951048, -0.25097423121321105, -1.525720328618073, 0
-0.058457658577015216, -0.297022355214984, -1.507402150851457, 0
-0.05861297923665833, -0.3430488879727104, -1.489147238508587, 0
-0.05964993797264967, -0.35024547450578897, -1.440166094838575, 0
-0.060891296505408046, -0.35749510515074506, -1.3911859266070872, 0
-0.061054486610243715, -0.40345861949465606, -1.372927970335845, 0
-0.0625647134361687, -0.4107349083677036, -1.3235299389249993, 0
-0.06436331832055056, -0.418015161239343, -1.2750544577923812, 0
-0.06445383749381119, -0.4638327627957054, -1.2573541431005453, 0
-0.06660183948674277, -0.4708985323807485, -1.2087065395314422, 0
-0.06916076258559892, -0.4779611612252263, -1.16010884323164, 0
-0.07220459000154529, -0.48508230693625215, -1.1114046269006421, 0
-0.07574786480658421, -0.4922185747921503, -1.0626625393001552, 0
-0.08013545574907621, -0.4997707221212973, -1.0131041598173953, 0
-0.08510740372609898, -0.5078971467827026, -0.9587496398174936, 0
-0.09785538331165758, -0.5137011943355826, -0.9068094239343711, 0
-0.11961726860732119, -0.5141027447316917, -0.8577286096775256, 0
-0.059030496651099634, -0.21201022851363685, 1.4949997026729989, 0
-0.058066855323878654, -0.2049793255943816, 1.5439550105116622, 0
-0.05783545814393085, -0.160016915864989, 1.562047742327355, 0
-0.05703994147929785, -0.1527607351834995, 1.612456496121592, 0
-0.05679018209314408, -0.10842004750359688, 1.6326138967520785, 0
-0.056460380689380474, -0.06513943335730706, 1.655127595563618, 0
-0.056311907207662465, -0.02998887010870883, 1.6682265892867811, 0
-0.0557887366430108, 4.440892098500626e-16, 1.7, 0
-0.05534518203484568, 0.037640293474324515, 1.73480509929066, 0
-0.054748506775761235, 0.04597447647800301, 1.7765698464807682, 0
-0.054779688827592404, 0.09225907196800898, 1.7808935971466178, 0
-0.054515039984579516, 0.12400935585313633, 1.8074161377337727, 0
-0.05369963168401692, 0.11832672542766787, 1.8566382578642138, 0
-0.05345638993073835, 0.1545598420444878, 1.885264390806146, 0
-0.0536022146667354, 0.18668005450213276, 1.912482003698244, 0
-0.05172633323563152, 0.21696083777936237, 1.9466861376540276, 0
-0.08380514389270305, 0.24482134971605696, 1.9849590692815833, 0
-0.05927008899023206, -0.2581411923806983, 1.476666100659508, 0
-0.059474706430085025, -0.3042270603573746, 1.458388756466627, 0
-0.06069576210500943, -0.31144153870900365, 1.4093463981583103, 0
-0.06216479543028687, -0.31869054320634665, 1.3601958706981223, 0
-0.06238835548182353, -0.3647432929574263, 1.3420197378988001, 0
-0.0641894868129371, -0.3720098234345861, 1.2929820038783402, 0
-0.06634830872128335, -0.3794126042367718, 1.244579455981317, 0
-0.06652572661724654, -0.42527942044841627, 1.2266405731933703, 0
-0.06913059244809415, -0.4323187102210182, 1.1781463760709103, 0
-0.07226254248343618, -0.4393593616532308, 1.1295773861480762, 0
-0.0759641638815143, -0.44652830435797247, 1.0808417087652382, 0
-0.08049345673610618, -0.45375032667121157, 1.0319088098025382, 0
-0.08564289346292218, -0.46154206204375037, 0.981388452104131, 0
-0.08815130347630654, -0.46783291156277895, 0.9305459785467525, 0
-0.07760136248133301, -0.471396737548783, 0.8819212639620183, 0
-0.05398660558998268, -4.461778874369969e-16, -1.8500000000000003, 0
-0.05387151869821947, -4.702391603366471e-16, -1.9000000000000001, 0
-0.05443705607503229, 0.037553985915335056, -1.928261180649688, 0
-0.045264063769469065, 0.07007625196366413, -1.9596774076060508, 0
-0.02737823275810007, 0.09813534843591812, -1.9975909124210998, 0
-0.05474850677567652, -0.045974476478003234, -1.7765698464807682, 0
-0.0554268047167724, -0.08446628922661968, -1.7333463122847295, 0
-0.055757778755085204, -0.13733723380987817, -1.7092507103059824, 0
-0.05595204930211123, -0.1834409059664739, -1.6908803126025873, 0
-0.05614658790784639, -0.22952934363430882, -1.6726091660339908, 0
-0.05674491591569188, -0.2367180657916945, -1.6236436484415262, 0
-0.056886140144721806, -0.28273487876407377, -1.605378193961792, 0
-0.05760356974898413, -0.28987602880205143, -1.5563880002167207, 0
-0.05774079350801359, -0.3358702774328155, -1.538095442412545, 0
-0.05785514706504685, -0.3818470441582402, -1.519856723120797, 0
-0.0587438422779233, -0.3890181613194682, -1.4709227542214822, 0
-0.05979524272690689, -0.39624209352543, -1.4220054950693592, 0
-0.0599067302280375, -0.44215049307674276, -1.4038711475725771, 0
-0.06116474798020586, -0.4493858238898895, -1.354955575942247, 0
-0.06266111654819598, -0.4566925259191863, -1.3062533764974122, 0
-0.06271190743306808, -0.5023621380309773, -1.2880914710239872, 0
-0.06447824230704065, -0.5094748583675279, -1.2393250274103271, 0
-0.06657767168965714, -0.5164565675553587, -1.190623776248984, 0
-0.06906302364654084, -0.5236219767656427, -1.1419135844831623, 0
-0.07198719970899338, -0.5305982052874259, -1.093119389235089, 0
-0.0753783826572203, -0.5379745258904919, -1.0443954244305542, 0
-0.07967976115299531, -0.5454051006855597, -0.9927589581188689, 0
-0.08465417826476507, -0.5517769301698235, -0.9361280574853371, 0
-0.08260019117535279, -0.562862935672958, -0.8854187084023333, 0
-0.05377020093440448, -0.5555702334510615, -0.8314696120142536, 0
-0.05426200314823126, -0.03321336451665813, -1.825867869265637, 0
-0.058274393349522974, -0.2509742312132103, 1.525720328618073, 0
-0.05845765857703209, -0.2970223552149832, 1.507402150851457, 0
-0.05861297923667404, -0.3430488879727097, 1.489147238508587, 0
-0.05964993797266447, -0.3502454745057883, 1.440166094838575, 0
-0.060891296505424804, -0.3574951051507444, 1.3911859266070872, 0
-0.06105448661026408, -0.4034586194946554, 1.372927970335845, 0
-0.06256471343618673, -0.41073490836770293, 1.3235299389249993, 0
-0.06436331832057574, -0.41801516123934235, 1.2750544577923812, 0
-0.06445383749383354, -0.46383276279570484, 1.2573541431005453, 0
-0.06660183948677323, -0.47089853238074797, 1.2087065395314422, 0
-0.06916076258562391, -0.47796116122522575, 1.16010884323164, 0
-0.07220459000157256, -0.4850823069362516, 1.1114046269006421, 0
-0.07574786480659353, -0.49221857479214975, 1.0626625393001552, 0
-0.08013545574924437, -0.49977072212129686, 1.0131041598173953, 0
-0.08510740372603046, -0.5078971467827021, 0.9587496398174938, 0
-0.09785538330447491, -0.5137011943355821, 0.9068094239343714, 0
-0.11961726858910636, -0.5141027447316913, 0.8577286096775258, 0
-0.05744421521048708, -0.24389021285287737, 1.574695950369547, 0
-0.05725652661351731, -0.19794083752079059, 1.593006883881828, 0
-0.05657462778104747, -0.1906376161256321, 1.6418418561769728, 0
-0.05634275375833218, -0.14448163607132, 1.6601735157582207, 0
-0.05605090807182764, -0.09900746682428736, 1.680355808766392, 0
-0.05583702904759532, -0.05198191531327506, 1.6968314955187132, 0
-0.05534518203482688, -0.03764029347432389, 1.73480509929066, 0
-0.055297210996942056, 4.440892098500626e-16, 1.7500000000000002, 0
-0.05439591178549754, 4.440892098500626e-16, 1.7999999999999998, 0
-0.054262003148543236, 0.033213364516657906, 1.825867869265637, 0
-0.054144051388061575, 0.07679107591606327, 1.8277694998474183, 0
-0.053371406367822304, 0.08555817925492737, 1.876816303509594, 0
-0.052393056924631254, 0.11251150993909587, 1.9040053333338343, 0
-0.052007886424628995, 0.14534510318732075, 1.9218622004639243, 0
-0.05028595303897562, 0.16883687731132246, 1.953263734074862, 0
-0.0178710212034879, 0.1960342801514754, 1.990369453394393, 0
-0.05327814119482426, -0.04330127018922237, -1.8749999999999987, 0
-0.0541440513879016, -0.0767910759160635, -1.8277694998474183, 0
-0.05477968882754669, -0.0922590719680092, -1.7808935971466178, 0
-0.055058267513190914, -0.13005416236622278, -1.7593661893864032, 0
-0.05543171653530829, -0.17634814674091048, -1.739949481250468, 0
-0.05562774822292601, -0.22236316409567247, -1.721615415768595, 0
-0.05576520922776204, -0.26838652417580694, -1.7032808422062349, 0
-0.05627710641431967, -0.275575505852482, -1.654329840225027, 0
-0.056369306304939006, -0.32155653463576644, -1.6360215703124703, 0
-0.057000340001282776, -0.32871573818604394, -1.5870621067245032, 0
-0.05709520909616642, -0.3746944375912995, -1.568780685456473, 0
-0.05717952538114955, -0.42060639106817477, -1.5505070239229581, 0
-0.057953543715513985, -0.4277704117103889, -1.501594527869645, 0
-0.05884984695817879, -0.4349346948827674, -1.4527104669804691, 0
-0.05893009385084441, -0.4808141896676554, -1.434518849868267, 0
-0.05998295635040011, -0.4879862440859432, -1.385711011541831, 0
-0.06122659009033129, -0.49519113737046044, -1.336910852842581, 0
-0.06124649430102929, -0.5409604740435414, -1.3187041651600198, 0
-0.06270289799742146, -0.548000609435132, -1.2698873600378848, 0
-0.06443245154111264, -0.5549153801891833, -1.2209649577838948, 0
-0.06647284673879345, -0.5618783883164293, -1.1722197755310897, 0
-0.06887082026448332, -0.5688032766987923, -1.1235534294985559, 0
-0.07166409407779557, -0.5760366303895524, -1.0747444034304328, 0
-0.07497143514408897, -0.5832219715065895, -1.0250348469647779, 0
-0.07901568647247785, -0.5901000355418006, -0.9734586599499814, 0
-0.08288301641580435, -0.5967194625730228, -0.9265112606822699, 0
-0.0882262351581116, -0.609270641144163, -0.888823818325066, 0
-0.09602036807936812, -0.6024251021860324, -0.8491017720403066, 0
-0.15373729703569136, -0.5956993047980853, -0.803207531253958, 0
-0.048114176657726514, -4.943004332362972e-16, -1.95, 0
-0.05989209260989966, 0.03508607853653872, -1.9642212497895688, 0
-0.07005194107632073, 0.049082456912150116, -1.99939763739569, 0
-0.05443705607434964, -0.03755398591533622, -1.928261180649688, 0
-0.057603569748995435, -0.28987602880205066, 1.5563880002167207, 0
-0.05774079350802988, -0.3358702774328147, 1.538095442412545, 0
-0.05785514706506478, -0.38184704415823945, 1.519856723120797, 0
-0.058743842277936685, -0.38901816131946754, 1.4709227542214822, 0
-0.059795242726922784, -0.39624209352542933, 1.4220054950693592, 0
-0.059906730228053956, -0.4421504930767421, 1.4038711475725771, 0
-0.06116474798022297, -0.44938582388988885, 1.354955575942247, 0
-0.06266111654821287, -0.45669252591918563, 1.3062533764974122, 0
-0.06271190743308383, -0.5023621380309766, 1.2880914710239872, 0
-0.06447824230705733, -0.5094748583675273, 1.2393250274103271, 0
-0.06657767168966838, -0.5164565675553581, 1.190623776248984, 0
-0.06906302364654085, -0.5236219767656423, 1.1419135844831623, 0
-0.07198719970898464, -0.5305982052874254, 1.093119389235089, 0
-0.07537838265716262, -0.5379745258904914, 1.0443954244305542, 0
-0.07967976115271108, -0.5454051006855593, 0.9927589581188692, 0
-0.08465417826410261, -0.5517769301698231, 0.9361280574853373, 0
-0.08260019117468548, -0.5628629356729575, 0.8854187084023335, 0
-0.05377020095014206, -0.555570233451061, 0.8314696120142538, 0
-0.05688614014473552, -0.282734878764073, 1.605378193961792, 0
-0.056744915915702604, -0.23671806579169372, 1.6236436484415262, 0
-0.0561465879078594, -0.22952934363430805, 1.6726091660339908, 0
-0.05595204930211148, -0.18344090596647306, 1.6908803126025873, 0
-0.05575777875507442, -0.13733723380987733, 1.7092507103059824, 0
-0.05542680471677475, -0.08446628922661885, 1.7333463122847295, 0
-0.05474850677570422, -0.045974476478002374, 1.7765698464807682, 0
-0.05426200314836443, -0.033213364516657254, 1.825867869265637, 0
-0.05398660559024362, 4.440892098500626e-16, 1.8500000000000003, 0
-0.05327814119566135, 0.04330127018922214, 1.8749999999999987, 0
-0.05225888501396338, 0.07732185336543074, 1.9182327217011752, 0
-0.053791482970280934, 0.11758838505231495, 1.9516064454522202, 0
-0.0785834001130899, 0.14712912687165214, 1.9945809133815517, 0
-0.05337140636741993, -0.0855581792549276, -1.876816303509594, 0
-0.052258885012174565, -0.07732185336543096, -1.9182327217011752, 0
-0.045264063771002824, -0.0700762519636653, -1.9596774076060508, 0
-0.059892092605931826, -0.0350860785365399, -1.9642212497895688, 0
-0.047257456514395044, -5.183617061359476e-16, -2.0, 0
-0.05451503998465695, -0.12400935585313654, -1.8074161377337727, 0
-0.053699631684164174, -0.11832672542766809, -1.8566382578642138, 0
-0.054859348809667585, -0.1692736407063822, -1.7889718720245857, 0
-0.05518016566452188, -0.21524160504089715, -1.7706299738893438, 0
-0.0553567453202034, -0.2612371586543681, -1.752319126090208, 0
-0.05539507263233547, -0.3071491288546054, -1.7340247508089381, 0
-0.055834072455465664, -0.3143898703869427, -1.6849745330980743, 0
-0.05587046739147096, -0.36035178515516403, -1.666685988225413, 0
-0.0564395320513675, -0.36752371487957847, -1.617735207774856, 0
-0.056502827452327424, -0.4134744164963764, -1.5994759586643532, 0
-0.056567983394714534, -0.45935407468174594, -1.5811556519968581, 0
-0.05725606199844546, -0.4664979617709988, -1.532178596429625, 0
-0.05803367791514338, -0.47364393902601065, -1.483337559407126, 0
-0.058090969490306454, -0.5194966514366276, -1.4651228610774731, 0
-0.058978289690376544, -0.5266645463085134, -1.4163189620861563, 0
-0.06001872506381101, -0.5338238125609349, -1.3675109742324743, 0
-0.060011789661904534, -0.5794975307215884, -1.3493514221344458, 0
-0.061215500731366244, -0.5866113877317998, -1.3004422055586018, 0
-0.06263786272644296, -0.593509912261829, -1.2514551744481708, 0
-0.0643150953255509, -0.6003896438029142, -1.2025871732685858, 0
-0.06627927813160461, -0.6072315446350107, -1.1536334045363275, 0
-0.06856715057606072, -0.6144161180048069, -1.1050348978716238, 0
-0.07127509099343336, -0.6215807479295329, -1.0556809766282138, 0
-0.07445505168999675, -0.6284573073799119, -1.0059047240256815, 0
-0.07812931449378799, -0.6355951571603499, -0.9569884918183371, 0
-0.08251828613924325, -0.6434724295602686, -0.910234284142092, 0
-0.08812055463771856, -0.6464138720581947, -0.864628456048897, 0
-0.11012984359936535, -0.6399643707553332, -0.8199934384707416, 0
-0.07888206724965376, -0.6343932843209605, -0.773010453233632, 0
-0.057000340001296015, -0.32871573818604316, 1.5870621067245032, 0
-0.057095209096182334, -0.3746944375912987, 1.568780685456473, 0
-0.05717952538116936, -0.420606391068174, 1.5505070239229581, 0
-0.057953543715530575, -0.4277704117103881, 1.501594527869645, 0
-0.05884984695819073, -0.43493469488276676, 1.4527104669804691, 0
-0.05893009385085769, -0.4808141896676547, 1.434518849868267, 0
-0.05998295635041875, -0.48798624408594254, 1.385711011541831, 0
-0.061226590090344035, -0.4951911373704598, 1.336910852842581, 0
-0.0612464943010408, -0.5409604740435408, 1.3187041651600202, 0
-0.06270289799743264, -0.5480006094351313, 1.2698873600378853, 0
-0.06443245154111739, -0.5549153801891826, 1.2209649577838952, 0
-0.0664728467387861, -0.5618783883164287, 1.1722197755310901, 0
-0.06887082026446688, -0.5688032766987918, 1.1235534294985563, 0
-0.07166409407773491, -0.576036630389552, 1.0747444034304332, 0
-0.07497143514397026, -0.583221971506589, 1.0250348469647783, 0
-0.07901568647202856, -0.5901000355418001, 0.9734586599499816, 0
-0.08288301641547495, -0.5967194625730223, 0.9265112606822701, 0
-0.08822623515778077, -0.6092706411441625, 0.8888238183250662, 0
-0.0960203680835851, -0.602425102186032, 0.8491017720403068, 0
-0.15373729702501973, -0.5956993047980849, 0.8032075312539583, 0
-0.05636930630495891, -0.32155653463576567, 1.6360215703124703, 0
-0.05627710641433927, -0.2755755058524812, 1.654329840225027, 0
-0.055765209227787396, -0.26838652417580616, 1.7032808422062349, 0
-0.055627748222936334, -0.22236316409567164, 1.721615415768595, 0
-0.055431716535292636, -0.17634814674090965, 1.739949481250468, 0
-0.055058267513164026, -0.13005416236622194, 1.7593661893864032, 0
-0.05477968882753312, -0.09225907196800834, 1.7808935971466178, 0
-0.054144051387926086, -0.07679107591606261, 1.8277694998474183, 0
-0.05327814119477805, -0.04330127018922147, 1.8749999999999987, 0
-0.053871518699162964, 4.440892098500626e-16, 1.9000000000000001, 0
-0.05443705607720745, 0.037553985915335986, 1.928261180649688, 0
-0.0452640637781283, 0.07007625196366507, 1.9596774076060508, 0
-0.027378232764190685, 0.09813534843591909, 1.9975909124210998, 0
-0.052393056925155626, -0.1125115099390961, -1.9040053333338343, 0
-0.053456389931605876, -0.15455984204448803, -1.885264390806146, 0
-0.05422248803976741, -0.16214906758298642, -1.837947665295526, 0
-0.05476592561408648, -0.20811832087117055, -1.819599540244635, 0
-0.055039555523438186, -0.25405144580519723, -1.8013182541524269, 0
-0.05507881520086074, -0.2999487683962829, -1.7830134130350404, 0
-0.054967864352378874, -0.34583151637307813, -1.76473292370592, 0
-0.05538131792040874, -0.3531187915419422, -1.7156666188987362, 0
-0.05536048116215146, -0.39909238726390067, -1.6973627068952502, 0
-0.05590057893130598, -0.40627123884177835, -1.6483979268447453, 0
-0.05594215683046433, -0.4521775981785496, -1.6300816207427933, 0
-0.05600544926658547, -0.49808885295392913, -1.6116046261293142, 0
-0.05663732322344564, -0.5052166796183272, -1.5627636591291223, 0
-0.0573209528067317, -0.5123478992267804, -1.5139186190521612, 0
-0.057368089845215166, -0.5581773160330769, -1.4957010917114448, 0
-0.058121946410646365, -0.5653297100242304, -1.4469192155108095, 0
-0.05899308344851934, -0.5724530245671205, -1.3981753524001068, 0
-0.0589711158506543, -0.6180801027467782, -1.3800047173256658, 0
-0.0599672649227381, -0.6250597025248632, -1.3309994190427197, 0
-0.061138061666543, -0.632083325441801, -1.2819741079706175, 0
-0.06251188813348099, -0.6390321440222393, -1.2329549199999386, 0
-0.0641211123013016, -0.6459818153175609, -1.1839693460500358, 0
-0.06599327293263046, -0.6530157385484696, -1.1352268274397048, 0
-0.06818419995046614, -0.6601103463079512, -1.0862786488067349, 0
-0.07075784648802876, -0.6672421139883852, -1.0370883386700327, 0
-0.07378443227512936, -0.6743661377210697, -0.9876834621372894, 0
-0.07732634622894331, -0.6817563194080365, -0.9383748880661855, 0
-0.0820293294030758, -0.6932460691234077, -0.8828824922109071, 0
-0.08874226533895713, -0.6756352263716856, -0.8388327235588684, 0
-0.08323476276793373, -0.6823007305662931, -0.7932012235640864, 0
-0.09223141135935042, -0.6715589548890094, -0.7409511253169008, 0
-0.05379148297636385, -0.1175883850523152, -1.9516064454522202, 0
-0.027378232765549647, -0.09813534843591934, -1.9975909124210998, 0
-0.07005194106913229, -0.049082456912151316, -1.99939763739569, 0
-0.05643953205138421, -0.3675237148795777, 1.617735207774856, 0
-0.05587046739149199, -0.36035178515516325, 1.666685988225413, 0
-0.05583407245549226, -0.31438987038694194, 1.6849745330980743, 0
-0.055395072632385765, -0.3071491288546045, 1.7340247508089381, 0
-0.05535674532025591, -0.2612371586543672, 1.752319126090208, 0
-0.05518016566450912, -0.21524160504089632, 1.7706299738893438, 0
-0.054859348809591785, -0.16927364070638132, 1.7889718720245857, 0
-0.054515039984584755, -0.12400935585313567, 1.8074161377337727, 0
-0.05369963168401788, -0.1183267254276672, 1.8566382578642138, 0
-0.05337140636729596, -0.08555817925492669, 1.876816303509594, 0
-0.05225888501181777, -0.07732185336543004, 1.9182327217011752, 0
-0.054437056074648243, -0.03755398591533529, 1.928261180649688, 0
-0.04811417665605229, 4.440892098500626e-16, 1.95, 0
-0.05989209261620903, 0.03508607853653967, 1.9642212497895688, 0
-0.07005194109037548, 0.04908245691215107, 1.99939763739569, 0
-0.05650282745234743, -0.4134744164963756, 1.5994759586643532, 0
-0.05656798339473772, -0.45935407468174516, 1.5811556519968581, 0
-0.057256061998465925, -0.466497961770998, 1.532178596429625, 0
-0.058033677915157615, -0.47364393902601, 1.483337559407126, 0
-0.058090969490313935, -0.5194966514366269, 1.4651228610774731, 0
-0.0589782896903895, -0.5266645463085128, 1.4163189620861563, 0
-0.060018725063823504, -0.5338238125609343, 1.3675109742324743, 0
-0.06001178966190642, -0.5794975307215877, 1.3493514221344463, 0
-0.061215500731372594, -0.5866113877317991, 1.3004422055586022, 0
-0.06263786272644332, -0.5935099122618284, 1.2514551744481712, 0
-0.06431509532554087, -0.6003896438029135, 1.2025871732685862, 0
-0.0662792781315775, -0.6072315446350101, 1.153633404536328, 0
-0.06856715057601342, -0.6144161180048064, 1.1050348978716242, 0
-0.071275090993335, -0.6215807479295324, 1.0556809766282143, 0
-0.07445505168983844, -0.6284573073799115, 1.005904724025682, 0
-0.07812931449357452, -0.6355951571603494, 0.9569884918183373, 0
-0.08251828613911598, -0.6434724295602682, 0.9102342841420922, 0
-0.08812055463724602, -0.6464138720581942, 0.8646284560488973, 0
-0.11012984359325767, -0.6399643707553327, 0.8199934384707418, 0
-0.07888206724757835, -0.6343932843209601, 0.7730104532336323, 0
-0.052007886425453856, -0.145345103187321, -1.9218622004639243, 0
-0.050285953041163976, -0.16883687731132271, -1.953263734074862, 0
-0.07858340012565841, -0.14712912687165236, -1.9945809133815517, 0
-0.05419193780925641, -0.20004092410567154, -1.8672936272969487, 0
-0.05498317997399303, -0.24693433357904926, -1.8501983997101288, 0
-0.05505143516139034, -0.2927937358815311, -1.831969037211615, 0
-0.05470826379633302, -0.3386296248089189, -1.813716386241133, 0
-0.05441854661589619, -0.38455640201604635, -1.7953901169059583, 0
-0.054869298679927604, -0.39187120676076065, -1.7462913159846023, 0
-0.05482364313709458, -0.4377440343205729, -1.728005964158074, 0
-0.05535893590713904, -0.4449460747533211, -1.6790173877211063, 0
-0.055393648958577506, -0.49083110319345796, -1.6605567674059463, 0
-0.05547910631005758, -0.5367731292190668, -1.6420506417088343, 0
-0.05608463711007879, -0.5439459904452809, -1.5932758212545928, 0
-0.05670023770023623, -0.5510415653227033, -1.5444866858612996, 0
-0.05674415339839056, -0.5968441469997997, -1.5262651688857538, 0
-0.05738779758690633, -0.6039782597480695, -1.4775185379453735, 0
-0.058120985418513765, -0.6111480800637331, -1.4287414852392357, 0
-0.05808916093085489, -0.6567185461126076, -1.4105440308590096, 0
-0.05891790335923003, -0.6635659615862539, -1.3615979945818195, 0
-0.059883597049025725, -0.6705983158359081, -1.3125686756354205, 0
-0.061007207421340644, -0.6776564015804267, -1.2635915672346598, 0
-0.062320828097379946, -0.6847226411054839, -1.2146563958796566, 0
-0.06384758036950247, -0.691850376013893, -1.1656636937524198, 0
-0.06563011216525308, -0.6989262942126993, -1.1165241435797546, 0
-0.06769747968366058, -0.7060440298136835, -1.0674630612470477, 0
-0.0700995461972206, -0.7131756912586308, -1.0184274622854586, 0
-0.07286064448636206, -0.7205089177843917, -0.9691573965762533, 0
-0.07611057758784523, -0.7308983563867074, -0.9191631266426119, 0
-0.07787349306076408, -0.7520179854041951, -0.8742064999042061, 0
-0.0844309023189252, -0.7162510893551985, -0.83345800749971, 0
-0.08595217648484146, -0.7295211679907531, -0.7907584115602083, 0
-0.0948519420758194, -0.7066264541838527, -0.7573438645274831, 0
-0.1015295831609851, -0.7071067811865478, -0.7071067811865475, 0
-0.05360221466839668, -0.186680054502133, -1.912482003698244, 0
-0.05590057893132488, -0.40627123884177757, 1.6483979268447453, 0
-0.055942156830486055, -0.4521775981785488, 1.6300816207427933, 0
-0.05600544926661251, -0.49808885295392835, 1.6116046261293142, 0
-0.05663732322346591, -0.5052166796183265, 1.5627636591291223, 0
-0.05732095280674791, -0.5123478992267797, 1.5139186190521612, 0
-0.057368089845225616, -0.5581773160330762, 1.4957010917114453, 0
-0.058121946410651756, -0.5653297100242297, 1.44691921551081, 0
-0.058993083448525566, -0.5724530245671199, 1.3981753524001073, 0
-0.058971115850655065, -0.6180801027467775, 1.3800047173256662, 0
-0.059967264922738586, -0.6250597025248625, 1.3309994190427201, 0
-0.061138061666540545, -0.6320833254418003, 1.281974107970618, 0
-0.0625118881334741, -0.6390321440222386, 1.232954919999939, 0
-0.0641211123012877, -0.6459818153175603, 1.1839693460500362, 0
-0.06599327293259569, -0.6530157385484692, 1.1352268274397053, 0
-0.06818419995040978, -0.6601103463079507, 1.0862786488067353, 0
-0.07075784648793321, -0.6672421139883847, 1.0370883386700331, 0
-0.07378443227500035, -0.6743661377210692, 0.9876834621372896, 0
-0.07732634622881282, -0.681756319408036, 0.9383748880661857, 0
-0.08202932940282068, -0.6932460691234072, 0.8828824922109073, 0
-0.08874226533851767, -0.6756352263716852, 0.8388327235588686, 0
-0.08323476276864313, -0.6823007305662927, 0.7932012235640866, 0
-0.09223141136332483, -0.671558954889009, 0.740951125316901, 0
-0.0553604811621624, -0.3990923872638999, 1.6973627068952502, 0
-0.05538131792043032, -0.3531187915419414, 1.7156666188987362, 0
-0.0549678643524303, -0.34583151637307724, 1.76473292370592, 0
-0.055078815200962215, -0.29994876839628204, 1.7830134130350404, 0
-0.05503955552348448, -0.25405144580519634, 1.8013182541524269, 0
-0.054765925614010294, -0.20811832087116966, 1.819599540244635, 0
-0.0542224880396061, -0.16214906758298553, 1.837947665295526, 0
-0.0534563899313987, -0.15455984204448714, 1.885264390806146, 0
-0.05239305692510958, -0.11251150993909519, 1.9040053333338343, 0
-0.0537914829765678, -0.11758838505231425, 1.9516064454522202, 0
-0.04526406376853822, -0.07007625196366436, 1.9596774076060508, 0
-0.059892092605339856, -0.03508607853653896, 1.9642212497895688, 0
-0.047257456512197656, 4.440892098500626e-16, 2.0, 0
-0.017871021195691096, -0.19603428015147562, -1.990369453394393, 0
-0.0517263332361332, -0.21696083777936262, -1.9466861376540276, 0
-0.054852454524444275, -0.23713906610812205, -1.8999617037780747, 0
-0.05535634624630293, -0.28832046710270154, -1.8882684674594497, 0
-0.05478620070534051, -0.33150354534397963, -1.8625521986743325, 0
-0.05380682349376761, -0.37709690245515515, -1.844265948444162, 0
-0.05361608112913945, -0.4232389998707706, -1.826147716621472, 0
-0.054310426407652025, -0.43058236603674743, -1.776906294387224, 0
-0.05422044280267341, -0.47645551664428015, -1.758410566401352, 0
-0.054802088276367955, -0.4835911390248226, -1.7095098021735293, 0
-0.05485105547571105, -0.5296152599148009, -1.690820067663604, 0
-0.05501286743034515, -0.5754924991335443, -1.6724067251201478, 0
-0.05560322702509107, -0.5826153788396277, -1.6237125703491808, 0
-0.056161871709995204, -0.5897173596129556, -1.5749957551347256, 0
-0.05620800675463906, -0.6354759842480163, -1.5568159013798888, 0
-0.05675622514126672, -0.6426195207666955, -1.5080911209063426, 0
-0.05737690464185322, -0.6497186334191417, -1.4593570135546818, 0
-0.057332882951965806, -0.6954271158278539, -1.4411258387087715, 0
-0.05802647167803525, -0.7023420324961616, -1.3921893495941926, 0
-0.058825865096159495, -0.7092503176796288, -1.3431817133480797, 0
-0.05975095265575414, -0.7163847937734593, -1.2942565448041978, 0
-0.06082210891764709, -0.7235384116666659, -1.2453013003900397, 0
-0.0620664713083965, -0.7306922949542707, -1.1963007167111268, 0
-0.06351409123510073, -0.7378053097650457, -1.1472542932368908, 0
-0.0651793984582104, -0.7449331261542014, -1.0981703627765917, 0
-0.06709929958478873, -0.7520700421140402, -1.0491298840667835, 0
-0.06928542475853669, -0.7587033262266146, -1.0007220289983836, 0
-0.07163999104098383, -0.7673687901284948, -0.9519444206344148, 0
-0.07332032663591292, -0.7865824468356316, -0.907938892872845, 0
-0.0755469922597621, -0.8004775023187743, -0.861165205222596, 0
-0.08061368731684512, -0.764956643998985, -0.8260036963431223, 0
-0.08333056593028598, -0.77781745930512, -0.7778174593051197, 0
-0.09427982546347614, -0.7424621202458416, -0.7424621202458412, 0
-0.09485194207446641, -0.7573438645274835, -0.7066264541838523, 0
-0.09223141135811638, -0.7409511253169009, -0.6715589548890091, 0
-0.055358935907157736, -0.4449460747533203, 1.6790173877211063, 0
-0.05539364895861319, -0.4908311031934572, 1.6605567674059463, 0
-0.055479106310100834, -0.536773129219066, 1.6420506417088343, 0
-0.056084637110105244, -0.5439459904452802, 1.5932758212545932, 0
-0.05670023770025195, -0.5510415653227027, 1.5444866858613, 0
-0.05674415339839903, -0.596844146999799, 1.5262651688857543, 0
-0.05738779758691095, -0.6039782597480688, 1.477518537945374, 0
-0.05812098541852223, -0.6111480800637324, 1.4287414852392362, 0
-0.058089160930859, -0.6567185461126069, 1.41054403085901, 0
-0.05891790335922969, -0.6635659615862533, 1.36159799458182, 0
-0.059883597049027175, -0.6705983158359075, 1.312568675635421, 0
-0.06100720742133085, -0.6776564015804261, 1.2635915672346603, 0
-0.0623208280973699, -0.6847226411054832, 1.214656395879657, 0
-0.06384758036948189, -0.6918503760138923, 1.1656636937524203, 0
-0.06563011216522263, -0.6989262942126988, 1.116524143579755, 0
-0.06769747968361574, -0.7060440298136831, 1.0674630612470482, 0
-0.07009954619715784, -0.7131756912586303, 1.018427462285459, 0
-0.07286064448630557, -0.7205089177843913, 0.9691573965762535, 0
-0.07611057758781005, -0.730898356386707, 0.9191631266426121, 0
-0.07787349306089626, -0.7520179854041946, 0.8742064999042063, 0
-0.08443090231901602, -0.7162510893551981, 0.8334580074997102, 0
-0.08595217648574549, -0.7295211679907526, 0.7907584115602085, 0
-0.09485194208059547, -0.7066264541838523, 0.7573438645274834, 0
-0.10152958316557065, -0.7071067811865474, 0.7071067811865477, 0
-0.054869298679914934, -0.39187120676075976, 1.7462913159846023, 0
-0.05441854661583846, -0.38455640201604546, 1.7953901169059583, 0
-0.05470826379648639, -0.338629624808918, 1.813716386241133, 0
-0.055051435161877875, -0.29279373588153024, 1.831969037211615, 0
-0.054983179973986926, -0.24693433357904837, 1.8501983997101288, 0
-0.054191937808728614, -0.20004092410567065, 1.8672936272969487, 0
-0.053602214667489705, -0.18668005450213207, 1.912482003698244, 0
-0.050285953045031785, -0.16883687731132177, 1.953263734074862, 0
-0.07858340013159516, -0.14712912687165142, 1.9945809133815517, 0
-0.02737823276032806, -0.09813534843591837, 1.9975909124210998, 0
-0.07005194107040286, -0.04908245691215036, 1.99939763739569, 0
-0.05482364313708546, -0.43774403432057213, 1.728005964158074, 0
-0.05200788642515477, -0.14534510318732005, 1.9218622004639243, 0
-0.08380514390247919, -0.24482134971605718, -1.9849590692815833, 0
-0.05883052350293576, -0.26420265219891687, -1.93992705931324, 0
-0.056455210940594705, -0.3109393255730104, -1.9324841119494494, 0
-0.05534399351956362, -0.3326135246391724, -1.900868119792918, 0
-0.05376082707415557, -0.37042659224067265, -1.8891167372137854, 0
-0.05245147707170042, -0.41470166107193496, -1.874299867335253, 0
-0.05345916467339248, -0.46089391745696084, -1.8578343459949782, 0
-0.053893083991350337, -0.46926374110706526, -1.807408800096814, 0
-0.05364370452147981, -0.5150815458796805, -1.789161699475861, 0
-0.054108829553048465, -0.5224478890434812, -1.739632559779501, 0
-0.05422122436074074, -0.5683501184756248, -1.7210843748206888, 0
-0.054650909325461176, -0.6139661343585037, -1.7030452731148467, 0
-0.05522271824215716, -0.6212006986037432, -1.6542411100321837, 0
-0.05571058317930926, -0.6283472969829168, -1.6055394276913757, 0
-0.055747475247883815, -0.6740613245801411, -1.5873789228274557, 0
-0.05620509077942838, -0.6812500419346338, -1.5386390392957159, 0
-0.056730720239046545, -0.6883693530345415, -1.4898868487216939, 0
-0.056672962020762586, -0.7341582533156205, -1.4716750845600457, 0
-0.05725965418019379, -0.7411879728250118, -1.4228288626328178, 0
-0.057930140594880955, -0.7481303406665696, -1.3738845269642008, 0
-0.05869540554486815, -0.7552346740026508, -1.3249485041973295, 0
-0.05957636600422324, -0.7623789861215868, -1.2759793620884519, 0
-0.060593248757460166, -0.7695423575567124, -1.2269854415297266, 0
-0.06176506617665729, -0.7766946736178235, -1.1779431754780278, 0
-0.06311596257242902, -0.7838470865153417, -1.1288722858986378, 0
-0.06466714911608923, -0.790890366096295, -1.0799691056849616, 0
-0.0663838049999806, -0.797405326644998, -1.0316942551894785, 0
-0.06815657228563432, -0.8045138581986392, -0.9863205163877234, 0
-0.06969791534884233, -0.8204930068773174, -0.9424436832921932, 0
-0.07139393698681423, -0.8358683332186897, -0.8964934793802921, 0
-0.07339123568707738, -0.8485281374235493, -0.8485281374235489, 0
-0.07805153026498925, -0.8131727983643531, -0.8131727983643527, 0
-0.08061368731699815, -0.8260036963431227, -0.7649566439989844, 0
-0.08595217648493102, -0.7907584115602087, -0.7295211679907526, 0
-0.08323476277118257, -0.7932012235640865, -0.6823007305662928, 0
-0.07888206725862865, -0.7730104532336322, -0.6343932843209599, 0
-0.054802088276405835, -0.4835911390248218, 1.7095098021735293, 0
-0.05485105547578182, -0.5296152599148, 1.690820067663604, 0
-0.055012867430399244, -0.5754924991335434, 1.6724067251201482, 0
-0.055603227025119675, -0.5826153788396268, 1.6237125703491813, 0
-0.05616187171000998, -0.5897173596129549, 1.574995755134726, 0
-0.056208006754643845, -0.6354759842480157, 1.5568159013798892, 0
-0.056756225141268046, -0.6426195207666948, 1.508091120906343, 0
-0.0573769046418542, -0.649718633419141, 1.4593570135546823, 0
-0.057332882951966875, -0.6954271158278532, 1.441125838708772, 0
-0.05802647167803285, -0.7023420324961609, 1.392189349594193, 0
-0.05882586509616017, -0.7092503176796281, 1.3431817133480801, 0
-0.0597509526557513, -0.7163847937734587, 1.2942565448041983, 0
-0.06082210891764173, -0.7235384116666652, 1.2453013003900402, 0
-0.06206647130838655, -0.73069229495427, 1.1963007167111273, 0
-0.06351409123507779, -0.7378053097650452, 1.1472542932368912, 0
-0.06517939845818768, -0.7449331261542009, 1.0981703627765922, 0
-0.06709929958475408, -0.7520700421140397, 1.049129884066784, 0
-0.06928542475851263, -0.7587033262266142, 1.000722028998384, 0
-0.07163999104098918, -0.7673687901284943, 0.951944420634415, 0
-0.07332032663599967, -0.7865824468356312, 0.9079388928728455, 0
-0.07554699225995642, -0.8004775023187739, 0.8611652052225964, 0
-0.08061368731741049, -0.7649566439989846, 0.8260036963431225, 0
-0.08333056593101519, -0.7778174593051196, 0.7778174593051201, 0
-0.0942798254664589, -0.7424621202458411, 0.7424621202458415, 0
-0.09485194207451858, -0.757343864527483, 0.7066264541838525, 0
-0.092231411355017, -0.7409511253169007, 0.6715589548890093, 0
-0.05431042640755302, -0.43058236603674654, 1.776906294387224, 0
-0.05361608112892934, -0.42323899987076974, 1.826147716621472, 0
-0.05380682349355494, -0.37709690245515426, 1.844265948444162, 0
-0.05478620070593893, -0.33150354534397874, 1.8625521986743325, 0
-0.05535634624712496, -0.28832046710270065, 1.8882684674594497, 0
-0.054852454524191636, -0.23713906610812116, 1.8999617037780747, 0
-0.05172633322827965, -0.21696083777936168, 1.9466861376540276, 0
-0.017871021194800805, -0.19603428015147467, 1.990369453394393, 0
-0.05422044280267773, -0.47645551664427926, 1.758410566401352, 0
-0.03653340180415158, -0.29346094804526573, -1.978353020057941, 0
-0.07903978919444672, -0.3419237764754695, -1.9705552849592303, 0
-0.05906144068053618, -0.3583793973543501, -1.928953497594997, 0
-0.04325574597446296, -0.4041925223339662, -1.9191261706157214, 0
-0.054856027637393855, -0.4517022244215727, -1.9051230532793944, 0
-0.051240015007916126, -0.4973187530437553, -1.891262624119485, 0
-0.05339443618949101, -0.5074931588058982, -1.8397788577111462, 0
-0.05191480446265294, -0.553348013490367, -1.8203703530745619, 0
-0.0532852971114968, -0.5608423222240861, -1.7706329664453995, 0
-0.053815447532400626, -0.6062648719815893, -1.751734730267831, 0
-0.05465271747817694, -0.6525261225288073, -1.7335608421173558, 0
-0.055025143943483665, -0.6597575088839321, -1.6847794269740188, 0
-0.055357982115033615, -0.6669036514610706, -1.6360853882548125, 0
-0.05534460279590898, -0.712593323887193, -1.6179564319250017, 0
-0.05570678746118145, -0.7197947969313142, -1.5692109021911709, 0
-0.056156027435925605, -0.7270171515897218, -1.5204563177716979, 0
-0.05607901984111998, -0.7728279241216159, -1.5022731639555227, 0
-0.0565910951369206, -0.7800071014681168, -1.4534890869163746, 0
-0.057159957794645715, -0.7870549657684801, -1.4045887967937636, 0
-0.057802534416274115, -0.7941288541434659, -1.3556682228015366, 0
-0.05853383230776625, -0.801250075625209, -1.3066951378897946, 0
-0.05936864375665212, -0.8084123219822719, -1.2576940597915367, 0
-0.06032600214897563, -0.815584512074619, -1.2086577201513367, 0
-0.061417443601874414, -0.8227597875343617, -1.1596041835050919, 0
-0.0626720604873763, -0.8299476668430565, -1.1105145298528376, 0
-0.06405448552271158, -0.8365872251933942, -1.0638007667577536, 0
-0.06539082593487568, -0.847211804456281, -1.0193124739850628, 0
-0.06659808892244735, -0.8570679705444982, -0.9769417357602941, 0
-0.06802242369283203, -0.8708839256634829, -0.9321043376152134, 0
-0.06963685900882506, -0.8838834764827455, -0.8838834764827451, 0
-0.0713939369868211, -0.8964934793802924, -0.8358683332186891, 0
-0.07554699225980054, -0.8611652052225963, -0.8004775023187739, 0
-0.07787349306085231, -0.8742064999042064, -0.7520179854041945, 0
-0.08443090231932064, -0.8334580074997103, -0.7162510893551981, 0
-0.08874226533901516, -0.8388327235588685, -0.675635226371685, 0
-0.11012984359969714, -0.8199934384707417, -0.6399643707553326, 0
-0.1537372970262968, -0.8032075312539582, -0.595699304798085, 0
-0.054108829553161236, -0.5224478890434803, 1.739632559779501, 0
-0.05364370452154782, -0.5150815458796796, 1.789161699475861, 0
-0.05389308399112502, -0.46926374110706437, 1.807408800096814, 0
-0.053459164672902036, -0.46089391745695996, 1.8578343459949782, 0
-0.05245147707072468, -0.41470166107193407, 1.874299867335253, 0
-0.05376082707419586, -0.37042659224067176, 1.8891167372137854, 0
-0.05534399352057086, -0.3326135246391715, 1.900868119792918, 0
-0.05645521095310677, -0.3109393255730095, 1.9324841119494494, 0
-0.058830523501517816, -0.264202652198916, 1.93992705931324, 0
-0.08380514388605663, -0.24482134971605624, 1.9849590692815833, 0
-0.05422122436088391, -0.5683501184756239, 1.7210843748206892, 0
-0.05465090932551106, -0.6139661343585028, 1.703045273114847, 0
-0.05522271824217181, -0.6212006986037423, 1.654241110032184, 0
-0.05571058317931614, -0.6283472969829161, 1.6055394276913761, 0
-0.055747475247876925, -0.6740613245801405, 1.5873789228274562, 0
-0.05620509077942352, -0.6812500419346331, 1.5386390392957163, 0
-0.05673072023904483, -0.6883693530345408, 1.4898868487216943, 0
-0.05667296202075622, -0.7341582533156198, 1.4716750845600461, 0
-0.05725965418019196, -0.7411879728250111, 1.4228288626328183, 0
-0.05793014059487932, -0.7481303406665689, 1.3738845269642013, 0
-0.058695405544867275, -0.7552346740026501, 1.32494850419733, 0
-0.059576366004216307, -0.7623789861215862, 1.2759793620884523, 0
-0.060593248757460076, -0.7695423575567117, 1.226985441529727, 0
-0.06176506617664925, -0.7766946736178229, 1.1779431754780283, 0
-0.06311596257241947, -0.7838470865153413, 1.1288722858986382, 0
-0.06466714911608219, -0.7908903660962946, 1.079969105684962, 0
-0.066383804999974, -0.7974053266449975, 1.031694255189479, 0
-0.06815657228565043, -0.8045138581986387, 0.9863205163877239, 0
-0.0696979153488922, -0.820493006877317, 0.9424436832921936, 0
-0.07139393698692237, -0.8358683332186893, 0.8964934793802926, 0
-0.07339123568725009, -0.8485281374235488, 0.8485281374235494, 0
-0.07805153026533203, -0.8131727983643526, 0.8131727983643532, 0
-0.0806136873173003, -0.8260036963431222, 0.7649566439989849, 0
-0.08595217648512156, -0.7907584115602082, 0.7295211679907531, 0
-0.08323476277037224, -0.7932012235640863, 0.6823007305662933, 0
-0.0788820672583046, -0.7730104532336319, 0.6343932843209603, 0
-0.03639756823873206, -0.39018064286380955, -1.9615705610388792, 0
-0.04852738712839858, -0.43820247900857207, -1.9514042603701423, 0
-0.05989544350875595, -0.485960358536986, -1.9400625067070922, 0
-0.04505202855478717, -0.5334255134940431, -1.927552131993741, 0
-0.06156233248221634, -0.5444373455470715, -1.8772248490305639, 0
-0.04144205738419659, -0.5977645053610172, -1.8538753727230883, 0
-0.050792289296362064, -0.5974646078210561, -1.7989015125862056, 0
-0.0542037345075169, -0.6441707834095818, -1.7795069687504588, 0
-0.055528142294046026, -0.6903421262742446, -1.7617494259109445, 0
-0.055091746798462744, -0.6983203083882785, -1.7152798826443678, 0
-0.05510095278692545, -0.7054617558284978, -1.6666170100788416, 0
-0.054939960530627364, -0.7511618762505811, -1.6484669721813265, 0
-0.055213572436911613, -0.7583295788868955, -1.5997660774763316, 0
-0.05561638920334447, -0.7655429503290317, -1.5510105000115366, 0
-0.05552331173782384, -0.8113683523643557, -1.5328851976495506, 0
-0.055991717195928055, -0.8186486337617137, -1.4840822675570926, 0
-0.05648911358668858, -0.8258666057212553, -1.4352804068839136, 0
-0.05703711558007999, -0.833008919786461, -1.3863816745637367, 0
-0.057650463675579224, -0.8401337787239325, -1.3374190702461695, 0
-0.05834483015520114, -0.8472911698935413, -1.2884168824373485, 0
-0.059128979985027225, -0.8544583756322541, -1.2394093715624719, 0
-0.060019822483133596, -0.8616452898421838, -1.1903396385189156, 0
-0.061027801554408706, -0.8689016698785652, -1.1412819189335406, 0
-0.06214312604136518, -0.8761097144326553, -1.0921334451713196, 0
-0.06314102873478367, -0.886018159192734, -1.0497777463708255, 0
-0.06416586936467418, -0.8992448682242825, -1.0079905199259926, 0
-0.06526769194025728, -0.9074877267618233, -0.9655136764949125, 0
-0.06659673768097275, -0.9192388155419373, -0.919238815541937, 0
-0.06802242369283612, -0.9321043376152137, -0.8708839256634825, 0
-0.06969791534884426, -0.9424436832921935, -0.8204930068773172, 0
-0.07332032663593166, -0.9079388928728455, -0.786582446835631, 0
-0.07611057758782047, -0.9191631266426121, -0.730898356386707, 0
-0.0820293294031095, -0.8828824922109074, -0.6932460691234071, 0
-0.08812055463740832, -0.8646284560488972, -0.6464138720581942, 0
-0.0960203680767588, -0.8491017720403067, -0.602425102186032, 0
-0.05377020093693805, -0.8314696120142536, -0.555570233451061, 0
-0.05328529711180148, -0.5608423222240853, 1.7706329664454, 0
-0.05381544753260481, -0.6062648719815884, 1.7517347302678314, 0
-0.054652717478131094, -0.6525261225288064, 1.7335608421173563, 0
-0.05502514394343129, -0.6597575088839313, 1.6847794269740193, 0
-0.05535798211501918, -0.6669036514610697, 1.636085388254813, 0
-0.05534460279589107, -0.7125933238871921, 1.6179564319250022, 0
-0.05570678746116526, -0.7197947969313135, 1.5692109021911713, 0
-0.05615602743591016, -0.7270171515897211, 1.5204563177716983, 0
-0.056079019841105214, -0.7728279241216153, 1.5022731639555231, 0
-0.05659109513691179, -0.7800071014681161, 1.453489086916375, 0
-0.057159957794640746, -0.7870549657684794, 1.404588796793764, 0
-0.057802534416275336, -0.7941288541434652, 1.355668222801537, 0
-0.05853383230776451, -0.8012500756252083, 1.306695137889795, 0
-0.05936864375664805, -0.8084123219822712, 1.2576940597915371, 0
-0.06032600214897505, -0.8155845120746184, 1.208657720151337, 0
-0.06141744360187016, -0.8227597875343611, 1.1596041835050923, 0
-0.0626720604873774, -0.8299476668430561, 1.110514529852838, 0
-0.06405448552271688, -0.8365872251933938, 1.063800766757754, 0
-0.0653908259348926, -0.8472118044562805, 1.0193124739850632, 0
-0.06659808892248983, -0.8570679705444978, 0.9769417357602945, 0
-0.06802242369289978, -0.8708839256634825, 0.9321043376152138, 0
-0.06963685900892237, -0.883883476482745, 0.8838834764827456, 0
-0.07139393698693462, -0.896493479380292, 0.8358683332186896, 0
-0.07554699225996969, -0.8611652052225959, 0.8004775023187743, 0
-0.07787349306093454, -0.874206499904206, 0.752017985404195, 0
-0.08443090231937657, -0.8334580074997099, 0.7162510893551985, 0
-0.08874226533885826, -0.8388327235588683, 0.6756352263716855, 0
-0.11012984359928785, -0.8199934384707415, 0.6399643707553331, 0
-0.15373729702551897, -0.8032075312539579, 0.5956993047980854, 0
-0.05339443618939169, -0.5074931588058973, 1.8397788577111462, 0
-0.051914804463083906, -0.5533480134903661, 1.8203703530745623, 0
-0.051240015004689964, -0.4973187530437544, 1.891262624119485, 0
-0.054856027639358505, -0.4517022244215718, 1.9051230532793944, 0
-0.04325574597127756, -0.4041925223339653, 1.9191261706157214, 0
-0.059061440676260374, -0.3583793973543492, 1.928953497594997, 0
-0.07903978920920275, -0.3419237764754685, 1.9705552849592303, 0
-0.036533401816566904, -0.29346094804526474, 1.978353020057941, 0
-0.06577445235089077, -0.580569352912518, -1.9138806719486825, 0
-0.005286957018397152, -0.6273634790264138, -1.8990563617712548, 0
-0.04452622393703906, -0.6487764114902581, -1.8523616892636545, 0
-0.057891494460364734, -0.6824658404162995, -1.8109650460711089, 0
-0.053923107733415264, -0.6330250176403873, -1.8167133472220505, 0
-0.05499713811198498, -0.7369145005194959, -1.7457336883349848, 0
-0.05490043362623089, -0.7440312115514952, -1.6971085224516547, 0
-0.05438840720344191, -0.789730463999451, -1.6789596856065516, 0
-0.05463550520430368, -0.7968609085091013, -1.6303125295994736, 0
-0.05506170068774824, -0.8040236174141518, -1.5816391289494836, 0
-0.05497892904335106, -0.8498033120769782, -1.5635036541434528, 0
-0.055449353742496224, -0.8571680851395626, -1.5147111735839165, 0
-0.05589456535518352, -0.8645266627553884, -1.4658786511622857, 0
-0.056367335307415764, -0.8717536437363368, -1.4170391448831958, 0
-0.05689198624864332, -0.8789474002831328, -1.3681199568820988, 0
-0.057477450280275365, -0.8861488818067376, -1.3191457062150866, 0
-0.05813201127120438, -0.8932423498421285, -1.2702721379983346, 0
-0.05886924736486711, -0.9002239384997026, -1.2212340356289768, 0
-0.05969281455370199, -0.907435522928018, -1.1720005014611148, 0
-0.06060883095121538, -0.9148550177960539, -1.1228879746071885, 0
-0.061505595878963516, -0.9225103656827293, -1.0786828492309446, 0
-0.062375781638013626, -0.9316621481000643, -1.0398384241686518, 0
-0.06318463126637787, -0.9441475346320695, -0.999783972903538, 0
-0.06419012745714969, -0.954594154601127, -0.9545941546011266, 0
-0.06526769194025792, -0.9655136764949128, -0.9074877267618229, 0
-0.06659808892245074, -0.9769417357602944, -0.8570679705444979, 0
-0.06815657228562647, -0.9863205163877237, -0.8045138581986387, 0
-0.07163999104096785, -0.951944420634415, -0.7673687901284945, 0
-0.07286064448630554, -0.9691573965762535, -0.7205089177843914, 0
-0.07732634622879983, -0.9383748880661856, -0.6817563194080359, 0
-0.08251828613877646, -0.9102342841420921, -0.6434724295602682, 0
-0.08822623515737894, -0.8888238183250661, -0.6092706411441624, 0
-0.08260019117287598, -0.8854187084023334, -0.5628629356729575, 0
-0.11961726859800886, -0.8577286096775257, -0.5141027447316913, 0
-0.055946378661258685, -0.7289465041660186, -1.7850367805236529, 0
-0.05079228929730304, -0.5974646078210553, 1.798901512586206, 0
-0.04144205738650403, -0.5977645053610163, 1.8538753727230888, 0
-0.06156233248244629, -0.5444373455470706, 1.8772248490305643, 0
-0.045052028558990535, -0.5334255134940422, 1.927552131993741, 0
-0.05989544349688739, -0.4859603585369851, 1.9400625067070922, 0
-0.04852738714317114, -0.4382024790085712, 1.9514042603701423, 0
-0.03639756821573046, -0.39018064286380855, 1.9615705610388792, 0
-0.054203734507546945, -0.6441707834095809, 1.7795069687504592, 0
-0.05552814229343084, -0.6903421262742437, 1.761749425910945, 0
-0.05509174679828388, -0.6983203083882776, 1.7152798826443683, 0
-0.055100952786879265, -0.7054617558284969, 1.666617010078842, 0
-0.054939960530639535, -0.7511618762505802, 1.648466972181327, 0
-0.055213572436892525, -0.7583295788868948, 1.599766077476332, 0
-0.055616389203321, -0.7655429503290311, 1.551010500011537, 0
-0.05552331173779706, -0.811368352364355, 1.532885197649551, 0
-0.05599171719592038, -0.818648633761713, 1.484082267557093, 0
-0.056489113586684354, -0.8258666057212546, 1.435280406883914, 0
-0.057037115580077784, -0.8330089197864603, 1.3863816745637372, 0
-0.05765046367558194, -0.8401337787239318, 1.33741907024617, 0
-0.05834483015520411, -0.8472911698935406, 1.288416882437349, 0
-0.059128979985030604, -0.8544583756322535, 1.2394093715624723, 0
-0.06001982248313664, -0.8616452898421831, 1.190339638518916, 0
-0.061027801554412016, -0.8689016698785648, 1.141281918933541, 0
-0.06214312604137191, -0.8761097144326548, 1.09213344517132, 0
-0.06314102873479492, -0.8860181591927335, 1.049777746370826, 0
-0.0641658693646995, -0.8992448682242821, 1.007990519925993, 0
-0.06526769194029985, -0.9074877267618229, 0.9655136764949129, 0
-0.06659673768102664, -0.9192388155419369, 0.9192388155419374, 0
-0.0680224236929058, -0.9321043376152133, 0.8708839256634829, 0
-0.06969791534890898, -0.9424436832921931, 0.8204930068773176, 0
-0.07332032663602066, -0.907938892872845, 0.7865824468356315, 0
-0.07611057758783982, -0.9191631266426117, 0.7308983563867074, 0
-0.08202932940302145, -0.882882492210907, 0.6932460691234076, 0
-0.08812055463723885, -0.8646284560488969, 0.6464138720581947, 0
-0.09602036807582467, -0.8491017720403065, 0.6024251021860324, 0
-0.05377020093596816, -0.8314696120142534, 0.5555702334510615, 0
-0.08231875888694742, -0.6737797048764511, -1.8830881310487306, 0
-0.07738897309925466, -0.6872964747462751, -1.8490105069204625, 0
-0.053035639196662564, -0.7248027001288624, -1.8263860521078545, 0
-0.05289614633721526, -0.7692677476283023, -1.8031962761698497, 0
-0.05483994268589599, -0.7730950325326, -1.7642356600390239, 0
-0.054695087112863416, -0.7825891545040653, -1.7275986306707736, 0
-0.053688534337790056, -0.8277856665208867, -1.7081406940588748, 0
-0.05380737321708647, -0.835435638117683, -1.6608108080159198, 0
-0.0544213207567774, -0.8425750126353112, -1.6121746101227339, 0
-0.05449521341780445, -0.888285733206052, -1.5939976476546096, 0
-0.05497469833439379, -0.8956190673038172, -1.5453504217494265, 0
-0.05536003176795225, -0.9030424825751214, -1.4965668492416895, 0
-0.055767820926048914, -0.9104239655038598, -1.4476947879023516, 0
-0.056220314494919474, -0.9176465317578048, -1.3988197810161076, 0
-0.056726923611132636, -0.9247762276904181, -1.3498765079168826, 0
-0.057289819898641264, -0.9320499721060274, -1.3009381800132749, 0
-0.057913209557044515, -0.9386685172308538, -1.252077621284581, 0
-0.05860800179011904, -0.9454225379161176, -1.2026530697325697, 0
-0.059391256725791486, -0.9538778719754055, -1.1525894798096508, 0
-0.06018911361190698, -0.9613702829909496, -1.104589151631273, 0
-0.06103330214250864, -0.9597710319208205, -1.066529847061606, 0
-0.06135193852799886, -0.9780984096862496, -1.0335550375972977, 0
-0.06217071537489164, -0.9899494936603925, -0.9899494936603922, 0
-0.06318463126637384, -0.9997839729035384, -0.944147534632069, 0
-0.06416586936466394, -1.0079905199259933, -0.8992448682242821, 0
-0.06539082593486713, -1.0193124739850632, -0.8472118044562805, 0
-0.06638380499996174, -1.0316942551894792, -0.7974053266449975, 0
-0.06928542475850612, -1.0007220289983842, -0.7587033262266143, 0
-0.07009954619716983, -1.0184274622854592, -0.7131756912586303, 0
-0.07378443227502164, -0.9876834621372895, -0.6743661377210691, 0
-0.07812931449358665, -0.9569884918183371, -0.6355951571603494, 0
-0.0828830164152431, -0.92651126068227, -0.5967194625730223, 0
-0.08465417826490929, -0.9361280574853372, -0.5517769301698232, 0
-0.09785538331242719, -0.9068094239343711, -0.513701194335582, 0
-0.07760136248780078, -0.8819212639620182, -0.4713967375487831, 0
-0.053923107734129, -0.6330250176403864, 1.816713347222051, 0
-0.044526223940161834, -0.6487764114902572, 1.852361689263655, 0
-0.005286957027345483, -0.6273634790264129, 1.8990563617712553, 0
-0.06577445234930869, -0.5805693529125171, 1.913880671948683, 0
-0.05789149445955443, -0.6824658404162987, 1.8109650460711093, 0
-0.0559463786599082, -0.7289465041660177, 1.7850367805236533, 0
-0.054997138111540736, -0.736914500519495, 1.7457336883349852, 0
-0.054900433626229365, -0.7440312115514943, 1.697108522451655, 0
-0.054388407203567156, -0.7897304639994501, 1.678959685606552, 0
-0.05463550520427539, -0.7968609085091004, 1.630312529599474, 0
-0.05506170068770111, -0.8040236174141512, 1.581639128949484, 0
-0.054978929043293996, -0.8498033120769776, 1.5635036541434533, 0
-0.0554493537424827, -0.8571680851395619, 1.514711173583917, 0
-0.05589456535518167, -0.8645266627553877, 1.465878651162286, 0
-0.05636733530741667, -0.8717536437363361, 1.4170391448831963, 0
-0.05689198624864656, -0.8789474002831321, 1.3681199568820992, 0
-0.0574774502802793, -0.8861488818067369, 1.319145706215087, 0
-0.0581320112712088, -0.8932423498421278, 1.270272137998335, 0
-0.05886924736487402, -0.900223938499702, 1.2212340356289773, 0
-0.0596928145537068, -0.9074355229280173, 1.1720005014611152, 0
-0.060608830951222666, -0.9148550177960535, 1.122887974607189, 0
-0.061505595878974854, -0.9225103656827288, 1.078682849230945, 0
-0.062375781638029766, -0.9316621481000639, 1.0398384241686522, 0
-0.06318463126640259, -0.944147534632069, 0.9997839729035385, 0
-0.06419012745718045, -0.9545941546011265, 0.9545941546011271, 0
-0.06526769194029546, -0.9655136764949124, 0.9074877267618233, 0
-0.06659808892249179, -0.976941735760294, 0.8570679705444983, 0
-0.06815657228565766, -0.9863205163877232, 0.8045138581986392, 0
-0.07163999104100101, -0.9519444206344145, 0.7673687901284949, 0
-0.07286064448630578, -0.9691573965762531, 0.7205089177843919, 0
-0.0773263462287698, -0.9383748880661854, 0.6817563194080364, 0
-0.08251828613870626, -0.9102342841420918, 0.6434724295602686, 0
-0.08822623515711149, -0.8888238183250659, 0.6092706411441629, 0
-0.08260019117421075, -0.8854187084023332, 0.562862935672958, 0
-0.11961726860207318, -0.8577286096775255, 0.5141027447316917, 0
-0.07489446998911252, -0.7197900710654337, -1.8659855984427145, 0
-0.03423106651216058, -0.7653668625933487, -1.8477590659076777, 0
-0.07581383245635642, -0.8104826260323441, -1.8284195122836866, 0
-0.05762498647833339, -0.8130398910836052, -1.7848688434964368, 0
-0.05440393790747176, -0.8181177421772898, -1.7449471571492545, 0
-0.05265584622286032, -0.8591907170320681, -1.7248551399105947, 0
-0.051864093418898534, -0.8740028702202599, -1.6913182881099476, 0
-0.05349617865948176, -0.881110629377876, -1.6425687100191537, 0
-0.05431047092225364, -0.9268313180137048, -1.6243953774495605, 0
-0.054652946254079675, -0.9340245002836746, -1.5758482220911898, 0
-0.054905298621460506, -0.9413242710186297, -1.5271011452976297, 0
-0.055220660290743254, -0.9486054715424809, -1.478366484011826, 0
-0.055612179947629306, -0.9557742848212268, -1.4295442800431717, 0
-0.05606230039442337, -0.9629108655293448, -1.3805933683904288, 0
-0.05655907545341514, -0.9700535395640819, -1.3315456465566489, 0
-0.05710206545589037, -0.977200852462579, -1.282496138898013, 0
-0.05768982643267199, -0.9837053122634669, -1.2333387617123888, 0
-0.058312520890911226, -0.9918263606010753, -1.183273242057018, 0
-0.05905691575284665, -1.0023575096202184, -1.1301329393687427, 0
-0.059937763490491694, -1.005213953144108, -1.0759837726798638, 0
-0.06067283806218382, -1.02530483271961, -1.02530483271961, 0
-0.06135193852799828, -1.033555037597298, -0.9780984096862491, 0
-0.06237578163800784, -1.039838424168652, -0.9316621481000639, 0
-0.06314102873477564, -1.0497777463708262, -0.8860181591927335, 0
-0.06405448552270937, -1.0638007667577543, -0.8365872251933936, 0
-0.06466714911608065, -1.0799691056849623, -0.7908903660962946, 0
-0.0670992995847568, -1.0491298840667842, -0.7520700421140397, 0
-0.06769747968363816, -1.0674630612470482, -0.7060440298136832, 0
-0.07075784648796972, -1.0370883386700331, -0.6672421139883848, 0
-0.07445505168990983, -1.0059047240256822, -0.6284573073799115, 0
-0.07901568647232751, -0.9734586599499815, -0.5901000355418001, 0
-0.07967976115317911, -0.9927589581188689, -0.5454051006855593, 0
-0.08510740372652466, -0.9587496398174937, -0.5078971467827021, 0
-0.08815130347489512, -0.9305459785467523, -0.4678329115627789, 0
-0.10742360583654778, -0.9039892927095291, -0.4275550943054303, 0
-0.07738897309810928, -0.6872964747462742, 1.849010506920463, 0
-0.05303563919142617, -0.7248027001288615, 1.826386052107855, 0
-0.05289614633396003, -0.7692677476283014, 1.8031962761698501, 0
-0.054839942686040866, -0.7730950325325991, 1.7642356600390243, 0
-0.05469508711342182, -0.7825891545040644, 1.727598630670774, 0
-0.053688534338291, -0.8277856665208858, 1.7081406940588753, 0
-0.05380737321698509, -0.8354356381176821, 1.6608108080159203, 0
-0.05442132075665765, -0.8425750126353105, 1.6121746101227343, 0
-0.054495213417729116, -0.8882857332060513, 1.59399764765461, 0
-0.05497469833440367, -0.8956190673038166, 1.545350421749427, 0
-0.05536003176796348, -0.9030424825751208, 1.49656684924169, 0
-0.05576782092605153, -0.9104239655038592, 1.447694787902352, 0
-0.05622031449492244, -0.9176465317578041, 1.398819781016108, 0
-0.05672692361114293, -0.9247762276904175, 1.349876507916883, 0
-0.05728981989864968, -0.9320499721060267, 1.3009381800132753, 0
-0.057913209557055007, -0.9386685172308531, 1.2520776212845814, 0
-0.05860800179012787, -0.945422537916117, 1.2026530697325701, 0
-0.059391256725801686, -0.9538778719754051, 1.1525894798096512, 0
-0.060189113611915854, -0.9613702829909492, 1.1045891516312734, 0
-0.061033302142517426, -0.95977103192082, 1.0665298470616065, 0
-0.061351938528012254, -0.9780984096862492, 1.0335550375972982, 0
-0.06217071537491596, -0.9899494936603921, 0.9899494936603926, 0
-0.0631846312664027, -0.9997839729035379, 0.9441475346320695, 0
-0.0641658693646965, -1.0079905199259929, 0.8992448682242825, 0
-0.06539082593489619, -1.0193124739850628, 0.847211804456281, 0
-0.06638380499997897, -1.0316942551894788, 0.797405326644998, 0
-0.06928542475851732, -1.0007220289983838, 0.7587033262266147, 0
-0.07009954619715969, -1.0184274622854588, 0.7131756912586308, 0
-0.07378443227499946, -0.9876834621372893, 0.6743661377210696, 0
-0.07812931449354772, -0.9569884918183369, 0.6355951571603499, 0
-0.08288301641517201, -0.9265112606822697, 0.5967194625730228, 0
-0.08465417826472302, -0.936128057485337, 0.5517769301698237, 0
-0.09785538331079861, -0.9068094239343709, 0.5137011943355825, 0
-0.07760136247988209, -0.881921263962018, 0.4713967375487834, 0
-0.08231875888538528, -0.6737797048764502, 1.883088131048731, 0
-0.037605534085109936, -0.8551101849915401, -1.8079785871308685, 0
-0.05314750510549903, -0.8579788665175605, -1.7635396326281556, 0
-0.04675062728775249, -0.8999310898600803, -1.7307615682818225, 0
-0.052890698585653644, -0.9194998606407797, -1.6726070337701626, 0
-0.055547450206460486, -0.9663101389930696, -1.655941631418573, 0
-0.0548415115352348, -0.9720817765919002, -1.6049907924632039, 0
-0.054529384234853845, -0.9796895472987072, -1.5574678926984258, 0
-0.05467349318043157, -0.9868807959089335, -1.5089024547528158, 0
-0.05502790900982031, -0.993963345829847, -1.460050818167383, 0
-0.055441837716742076, -1.0009250430854604, -1.4111741489903107, 0
-0.055901117548762376, -1.0080270933243913, -1.3621722235925007, 0
-0.05639194244224897, -1.015219633626509, -1.3130555846502747, 0
-0.05691024868961799, -1.02242647146631, -1.2639901261585638, 0
-0.057443886514133624, -1.0292046391021472, -1.2150616490964647, 0
-0.05803151463134704, -1.0377908299233853, -1.1638414457043698, 0
-0.05879310467866751, -1.0477192195237581, -1.1089564630933058, 0
-0.0591999601115016, -1.060660171778835, -1.060660171778834, 0
-0.05993776349049176, -1.075983772679864, -1.005213953144108, 0
-0.06103330214251071, -1.066529847061606, -0.9597710319208198, 0
-0.061505595878960186, -1.0786828492309453, -0.9225103656827289, 0
-0.0621431260413551, -1.0921334451713203, -0.8761097144326551, 0
-0.06267206048736824, -1.1105145298528383, -0.8299476668430563, 0
-0.06311596257241728, -1.1288722858986382, -0.7838470865153415, 0
-0.06517939845819375, -1.0981703627765922, -0.744933126154201, 0
-0.0656301121652374, -1.1165241435797553, -0.698926294212699, 0
-0.06818419995045101, -1.0862786488067353, -0.660110346307951, 0
-0.07127509099340981, -1.0556809766282143, -0.6215807479295324, 0
-0.07497143514409596, -1.0250348469647783, -0.583221971506589, 0
-0.07537838265727136, -1.0443954244305542, -0.5379745258904913, 0
-0.08013545574934906, -1.0131041598173953, -0.49977072212129686, 0
-0.08564289346296763, -0.9813884521041311, -0.4615420620437505, 0
-0.09852998820376052, -0.9527773036306834, -0.4216012026929773, 0
-0.09812949000277617, -0.923879532095688, -0.3826834333684341, 0
-0.07489446998761332, -0.7197900710654328, 1.865985598442715, 0
-0.03423106650228338, -0.7653668625933479, 1.8477590659076781, 0
-0.07581383245984152, -0.8104826260323432, 1.828419512283687, 0
-0.057624986484464055, -0.8130398910836043, 1.7848688434964373, 0
-0.054403937908855005, -0.8181177421772889, 1.744947157149255, 0
-0.05265584622375025, -0.8591907170320672, 1.7248551399105951, 0
-0.0518640934180592, -0.874002870220259, 1.691318288109948, 0
-0.0534961786589864, -0.8811106293778751, 1.6425687100191542, 0
-0.05431047092217667, -0.9268313180137039, 1.624395377449561, 0
-0.054652946254179366, -0.9340245002836739, 1.5758482220911902, 0
-0.054905298621527605, -0.941324271018629, 1.5271011452976302, 0
-0.05522066029075587, -0.9486054715424802, 1.4783664840118265, 0
-0.05561217994762686, -0.9557742848212262, 1.4295442800431721, 0
-0.05606230039442968, -0.9629108655293441, 1.3805933683904292, 0
-0.05655907545343047, -0.9700535395640812, 1.3315456465566493, 0
-0.0571020654559083, -0.9772008524625784, 1.2824961388980134, 0
-0.057689826432689266, -0.9837053122634662, 1.2333387617123892, 0
-0.05831252089092413, -0.9918263606010747, 1.1832732420570184, 0
-0.05905691575286107, -1.002357509620218, 1.1301329393687432, 0
-0.059937763490502845, -1.0052139531441076, 1.0759837726798642, 0
-0.06067283806219867, -1.0253048327196095, 1.0253048327196104, 0
-0.06135193852801573, -1.0335550375972975, 0.9780984096862495, 0
-0.0623757816380291, -1.0398384241686516, 0.9316621481000643, 0
-0.0631410287347955, -1.0497777463708258, 0.886018159192734, 0
-0.06405448552272255, -1.0638007667577538, 0.836587225193394, 0
-0.06466714911608912, -1.0799691056849618, 0.790890366096295, 0
-0.06709929958475723, -1.0491298840667838, 0.7520700421140402, 0
-0.06769747968362455, -1.0674630612470477, 0.7060440298136836, 0
-0.07075784648794718, -1.0370883386700327, 0.6672421139883853, 0
-0.0744550516898721, -1.0059047240256818, 0.6284573073799119, 0
-0.07901568647229766, -0.9734586599499813, 0.5901000355418006, 0
-0.07967976115309536, -0.9927589581188687, 0.5454051006855597, 0
-0.08510740372665762, -0.9587496398174935, 0.5078971467827026, 0
-0.08815130347497013, -0.930545978546752, 0.46783291156277934, 0
-0.10742360584498313, -0.9039892927095289, 0.42755509430543076, 0
-0.0647645085954184, -0.8992226575541578, -1.7864486032744515, 0
-0.023161946665569453, -0.9427934721717728, -1.7638425294879059, 0
-0.04668803201005359, -0.9455526259126596, -1.7137354912669878, 0
-0.0668772646837759, -0.9894170658473574, -1.6991428932856927, 0
-0.05818502556028429, -1.0212206939993158, -1.6704061400615458, 0
-0.05516339427488996, -1.0115633038189704, -1.628061441032004, 0
-0.05389796669188522, -1.017297515329052, -1.5851330528217207, 0
-0.054081833920092845, -1.025231410129671, -1.538643806422348, 0
-0.05441149683643547, -1.0326154472307316, -1.4905333235896978, 0
-0.05480888655062223, -1.0397778863928304, -1.4417874534395558, 0
-0.055264808246496315, -1.046918742513807, -1.3928581946686638, 0
-0.05574212620420487, -1.0540797085920952, -1.3438173532298419, 0
-0.05622400961936988, -1.0612567439468203, -1.294700675071279, 0
-0.056721737252951064, -1.0683035269902534, -1.2460205018494228, 0
-0.05720740214641687, -1.0742707229086563, -1.198042590707686, 0
-0.05774904386333066, -1.0831088974383651, -1.1443210032213658, 0
-0.05825905685805174, -1.096015510838228, -1.096015510838228, 0
-0.05879310467866866, -1.108956463093306, -1.047719219523758, 0
-0.05905691575284918, -1.130132939368743, -1.002357509620218, 0
-0.06018911361190402, -1.104589151631273, -0.9613702829909496, 0
-0.06060883095120823, -1.1228879746071891, -0.9148550177960537, 0
-0.06102780155439586, -1.1412819189335413, -0.8689016698785652, 0
-0.06141744360186403, -1.1596041835050923, -0.8227597875343613, 0
-0.0617650661766508, -1.1779431754780283, -0.7766946736178231, 0
-0.06351409123508095, -1.1472542932368912, -0.7378053097650455, 0
-0.06384758036948945, -1.1656636937524203, -0.6918503760138925, 0
-0.0659932729326168, -1.1352268274397053, -0.6530157385484694, 0
-0.06856715057605386, -1.1050348978716242, -0.6144161180048067, 0
-0.0716640940778198, -1.0747444034304332, -0.576036630389552, 0
-0.07198719970903056, -1.0931193892350892, -0.5305982052874255, 0
-0.0757478648066453, -1.0626625393001552, -0.4922185747921499, 0
-0.0804934567359338, -1.0319088098025377, -0.45375032667121173, 0
-0.08539198367531207, -1.0018668547003047, -0.4149868402147681, 0
-0.08780378395718913, -0.9716515897092134, -0.3754615323548291, 0
-0.08456710482755946, -0.9415440648596897, -0.3368898542958702, 0
-0.03760553409449533, -0.8551101849915392, 1.807978587130869, 0
-0.05314750511025574, -0.8579788665175596, 1.763539632628156, 0
-0.046750627282687425, -0.8999310898600794, 1.730761568281823, 0
-0.05289069858477126, -0.9194998606407788, 1.672607033770163, 0
-0.0555474502069404, -0.9663101389930687, 1.6559416314185735, 0
-0.0548415115359395, -0.9720817765918995, 1.6049907924632043, 0
-0.05452938423504695, -0.9796895472987065, 1.5574678926984262, 0
-0.05467349318043387, -0.9868807959089329, 1.5089024547528163, 0
-0.05502790900979801, -0.9939633458298464, 1.4600508181673835, 0
-0.05544183771673546, -1.0009250430854595, 1.4111741489903111, 0
-0.05590111754877723, -1.0080270933243909, 1.3621722235925011, 0
-0.056391942442266446, -1.0152196336265085, 1.3130555846502752, 0
-0.0569102486896399, -1.0224264714663096, 1.2639901261585642, 0
-0.05744388651414827, -1.0292046391021468, 1.2150616490964652, 0
-0.05803151463135775, -1.037790829923385, 1.1638414457043702, 0
-0.058793104678679445, -1.0477192195237577, 1.1089564630933062, 0
-0.059199960111509756, -1.0606601717788346, 1.0606601717788344, 0
-0.05993776349049825, -1.0759837726798636, 1.0052139531441084, 0
-0.061033302142522367, -1.0665298470616056, 0.9597710319208203, 0
-0.06150559587897581, -1.0786828492309448, 0.9225103656827294, 0
-0.06214312604137059, -1.0921334451713198, 0.8761097144326555, 0
-0.06267206048738001, -1.1105145298528378, 0.8299476668430568, 0
-0.06311596257242491, -1.1288722858986378, 0.783847086515342, 0
-0.0651793984581942, -1.0981703627765917, 0.7449331261542015, 0
-0.06563011216522865, -1.1165241435797548, 0.6989262942126995, 0
-0.068184199950428, -1.0862786488067349, 0.6601103463079514, 0
-0.07127509099337515, -1.0556809766282138, 0.6215807479295329, 0
-0.07497143514405137, -1.0250348469647779, 0.5832219715065895, 0
-0.07537838265721745, -1.0443954244305538, 0.5379745258904918, 0
-0.08013545574932436, -1.0131041598173949, 0.4997707221212973, 0
-0.0856428934629386, -0.9813884521041308, 0.4615420620437509, 0
-0.09852998820707075, -0.9527773036306831, 0.42160120269297774, 0
-0.0981294900013008, -0.9238795320956877, 0.3826834333684345, 0
-0.0675142382126464, -0.9857963831335155, -1.740173982968623, 0
-0.06437287583792774, -1.0282054871982267, -1.715457220712734, 0
-0.05510774426581373, -1.0699952387551894, -1.6897071311446918, 0
-0.0502225711997282, -1.0603868659140898, -1.6429902325305348, 0
-0.05358954359653917, -1.0523859876889468, -1.6043549483657267, 0
-0.05295649292703689, -1.0625045965474997, -1.566990413645044, 0
-0.053602186307543015, -1.0711871529369181, -1.5208376012295797, 0
-0.05417241644798841, -1.0784979815361526, -1.4723673738266578, 0
-0.05461409964294319, -1.0857337865222756, -1.4235540481775788, 0
-0.05511213673303825, -1.0929610389939883, -1.3745837236801297, 0
-0.055605578508940545, -1.1002002349559223, -1.3255134555286279, 0
-0.05606076612495084, -1.1075240274466882, -1.276542672442031, 0
-0.05648232944161026, -1.1138145911334163, -1.2286978455988207, 0
-0.05693554827839636, -1.12133901547109, -1.1800151818520888, 0
-0.05736313376332876, -1.131370849897643, -1.131370849897643, 0
-0.057749043863333537, -1.144321003221366, -1.083108897438365, 0
-0.058031514631352636, -1.16384144570437, -1.037790829923385, 0
-0.05831252089091363, -1.183273242057018, -0.991826360601075, 0
-0.0593912567257922, -1.152589479809651, -0.9538778719754051, 0
-0.05969281455369636, -1.1720005014611152, -0.9074355229280173, 0
-0.06001982248312756, -1.1903396385189162, -0.8616452898421832, 0
-0.06032600214897227, -1.2086577201513373, -0.8155845120746188, 0
-0.060593248757457294, -1.2269854415297272, -0.769542357556712, 0
-0.06206647130839424, -1.1963007167111273, -0.7306922949542702, 0
-0.062320828097378704, -1.2146563958796572, -0.6847226411054834, 0
-0.06412111230130568, -1.1839693460500362, -0.6459818153175605, 0
-0.06627927813160153, -1.1536334045363281, -0.6072315446350103, 0
-0.06887082026449282, -1.1235534294985563, -0.568803276698792, 0
-0.06906302364655305, -1.1419135844831623, -0.5236219767656425, 0
-0.0722045900015688, -1.1114046269006421, -0.48508230693625176, 0
-0.07596416388149076, -1.0808417087652378, -0.44652830435797247, 0
-0.08047353954431324, -1.0504493620355848, -0.40801797593575956, 0
-0.08620633017392858, -1.0196738491723587, -0.36804582227001204, 0
-0.09220629222599319, -0.9886217685443471, -0.328423529770059, 0
-0.10984453053867767, -0.9569403354952273, -0.2902846780356864, 0
-0.06476450859488007, -0.8992226575541569, 1.786448603274452, 0
-0.023161946653294144, -0.9427934721717719, 1.7638425294879063, 0
-0.04668803200505303, -0.9455526259126588, 1.7137354912669882, 0
-0.06687726468607293, -0.9894170658473566, 1.6991428932856931, 0
-0.058185025567923924, -1.021220693999315, 1.6704061400615462, 0
-0.05516339427633152, -1.0115633038189695, 1.6280614410320045, 0
-0.0538979666922002, -1.017297515329051, 1.5851330528217211, 0
-0.05408183392002359, -1.02523141012967, 1.5386438064223484, 0
-0.054411496836337545, -1.0326154472307307, 1.4905333235896983, 0
-0.054808886550579465, -1.0397778863928295, 1.4417874534395563, 0
-0.055264808246513, -1.046918742513806, 1.3928581946686642, 0
-0.05574212620424024, -1.0540797085920948, 1.3438173532298423, 0
-0.05622400961940168, -1.06125674394682, 1.2947006750712795, 0
-0.0567217372529748, -1.068303526990253, 1.2460205018494233, 0
-0.057207402146428644, -1.0742707229086559, 1.1980425907076864, 0
-0.057749043863335556, -1.0831088974383647, 1.1443210032213662, 0
-0.05825905685805459, -1.0960155108382275, 1.0960155108382283, 0
-0.05879310467867, -1.1089564630933055, 1.0477192195237583, 0
-0.05905691575284874, -1.1301329393687425, 1.0023575096202184, 0
-0.06018911361191304, -1.1045891516312725, 0.9613702829909501, 0
-0.06060883095122021, -1.1228879746071887, 0.9148550177960542, 0
-0.06102780155440565, -1.1412819189335408, 0.8689016698785657, 0
-0.06141744360187026, -1.1596041835050919, 0.8227597875343617, 0
-0.06176506617665239, -1.1779431754780278, 0.7766946736178235, 0
-0.06351409123507791, -1.1472542932368908, 0.737805309765046, 0
-0.06384758036947855, -1.1656636937524198, 0.691850376013893, 0
-0.06599327293259831, -1.1352268274397048, 0.6530157385484698, 0
-0.06856715057602572, -1.1050348978716238, 0.6144161180048071, 0
-0.07166409407777105, -1.0747444034304328, 0.5760366303895524, 0
-0.07198719970897072, -1.0931193892350888, 0.530598205287426, 0
-0.07574786480653137, -1.0626625393001548, 0.49221857479215037, 0
-0.08049345673584841, -1.0319088098025377, 0.4537503266712122, 0
-0.08539198367483566, -1.0018668547003047, 0.41498684021476856, 0
-0.08780378395290574, -0.9716515897092132, 0.37546153235482954, 0
-0.08456710481917797, -0.9415440648596894, 0.33688985429587065, 0
-0.046065308688434024, -1.1111404650968706, -1.6629392252347377, 0
-0.04808044316015174, -1.0995403595284647, -1.6016822578634728, 0
-0.05363640375681856, -1.1093851536719468, -1.5512908151674178, 0
-0.05356647007453102, -1.117178766409959, -1.5030160473399448, 0
-0.05384597567849454, -1.124362029709829, -1.454309247612962, 0
-0.05447997496325515, -1.1315088933132595, -1.40568136286468, 0
-0.055031046869877996, -1.1381324890747582, -1.356693910863326, 0
-0.055502814937746676, -1.1445467533678664, -1.3075804978989878, 0
-0.055909829890486706, -1.1508934126061732, -1.261232679351175, 0
-0.05626619005768259, -1.158595027346591, -1.215193486436476, 0
-0.05664486903482989, -1.16672618895708, -1.16672618895708, 0
-0.05693554827840513, -1.180015181852089, -1.12133901547109, 0
-0.05720740214642608, -1.198042590707686, -1.074270722908656, 0
-0.05744388651414139, -1.215061649096465, -1.029204639102147, 0
-0.057689826432678865, -1.233338761712389, -0.9837053122634665, 0
-0.058608001790117846, -1.20265306973257, -0.9454225379161174, 0
-0.058869247364863576, -1.2212340356289773, -0.9002239384997021, 0
-0.05912897998501954, -1.2394093715624723, -0.8544583756322532, 0
-0.05936864375664289, -1.2576940597915371, -0.808412321982271, 0
-0.05957636600421467, -1.2759793620884523, -0.762378986121586, 0
-0.06082210891764173, -1.2453013003900402, -0.7235384116666651, 0
-0.0610072074213333, -1.2635915672346603, -0.6776564015804261, 0
-0.06251188813347902, -1.2329549199999392, -0.6390321440222385, 0
-0.06431509532555758, -1.2025871732685862, -0.6003896438029138, 0
-0.06647284673880098, -1.1722197755310901, -0.5618783883164289, 0
-0.06657767168967123, -1.1906237762489842, -0.5164565675553583, 0
-0.06916076258561303, -1.1601088432316402, -0.47796116122522575, 0
-0.0722625424834064, -1.1295773861480758, -0.4393593616532308, 0
-0.07599673476652113, -1.0990421277971378, -0.40074244350015226, 0
-0.0806465884615123, -1.0686406496426588, -0.36222177997824473, 0
-0.08661263643145097, -1.0368128704020467, -0.31916327536641154, 0
-0.10806427185955564, -1.004197890929559, -0.2789406504611346, 0
-0.11506953360765595, -0.9700312530284172, -0.24298018056647946, 0
-0.06751423821140824, -0.9857963831335146, 1.7401739829686234, 0
-0.06437287584312845, -1.0282054871982258, 1.7154572207127345, 0
-0.055107744281407176, -1.0699952387551885, 1.6897071311446923, 0
-0.050222571200850434, -1.060386865914089, 1.6429902325305352, 0
-0.0535895435977468, -1.0523859876889459, 1.6043549483657271, 0
-0.052956492926477576, -1.0625045965474988, 1.5669904136450445, 0
-0.05360218630708166, -1.0711871529369172, 1.5208376012295801, 0
-0.05417241644789293, -1.0784979815361517, 1.4723673738266583, 0
-0.0546140996429629, -1.0857337865222747, 1.4235540481775792, 0
-0.05511213673310393, -1.0929610389939879, 1.3745837236801302, 0
-0.055605578508999526, -1.100200234955922, 1.3255134555286283, 0
-0.05606076612499158, -1.1075240274466878, 1.2765426724420315, 0
-0.05648232944163212, -1.1138145911334159, 1.2286978455988211, 0
-0.05693554827840016, -1.1213390154710896, 1.1800151818520892, 0
-0.05736313376332466, -1.1313708498976425, 1.1313708498976434, 0
-0.057749043863327396, -1.1443210032213655, 1.0831088974383654, 0
-0.05803151463134471, -1.1638414457043695, 1.0377908299233853, 0
-0.05831252089090656, -1.1832732420570176, 0.9918263606010754, 0
-0.0593912567257906, -1.1525894798096505, 0.9538778719754055, 0
-0.059692814553699985, -1.1720005014611148, 0.9074355229280178, 0
-0.06001982248313025, -1.1903396385189158, 0.8616452898421837, 0
-0.060326002148973455, -1.2086577201513369, 0.8155845120746192, 0
-0.060593248757461, -1.2269854415297268, 0.7695423575567124, 0
-0.06206647130838569, -1.1963007167111268, 0.7306922949542707, 0
-0.062320828097368046, -1.2146563958796568, 0.6847226411054839, 0
-0.06412111230128636, -1.1839693460500358, 0.6459818153175609, 0
-0.06627927813157133, -1.1536334045363277, 0.6072315446350107, 0
-0.06887082026445418, -1.1235534294985559, 0.5688032766987925, 0
-0.06906302364649682, -1.1419135844831618, 0.5236219767656429, 0
-0.07220459000148612, -1.1114046269006417, 0.4850823069362522, 0
-0.07596416388132195, -1.0808417087652378, 0.4465283043579729, 0
-0.0804735395438767, -1.0504493620355848, 0.40801797593576, 0
-0.08620633017317221, -1.0196738491723587, 0.3680458222700125, 0
-0.09220629222287983, -0.9886217685443469, 0.32842352977005945, 0
-0.1098445305397648, -0.9569403354952271, 0.29028467803568686, 0
-0.04783746157597755, -1.1516163820122887, -1.6351696268830729, 0
-0.05456587730861913, -1.1494865907553757, -1.581658803163281, 0
-0.05302749307599031, -1.1549512406425757, -1.5331860065540177, 0
-0.052870107546784915, -1.1629351188894097, -1.4849020148823837, 0
-0.05371341159425874, -1.1701315577130558, -1.4362801888545997, 0
-0.05449376105765913, -1.1759398820576639, -1.3873059271990267, 0
-0.05503656608526168, -1.1801481223717984, -1.3397632023767907, 0
-0.05538599151125381, -1.1850054935467533, -1.2930438374665658, 0
-0.0557166428121602, -1.1941302515851955, -1.2497707904730477, 0
-0.05603225051999269, -1.202081528016508, -1.202081528016508, 0
-0.056266190057701664, -1.215193486436476, -1.158595027346591, 0
-0.05648232944163312, -1.228697845598821, -1.113814591133416, 0
-0.05672173725297031, -1.246020501849423, -1.068303526990253, 0
-0.056910248689628934, -1.263990126158564, -1.02242647146631, 0
-0.05710206545589212, -1.282496138898013, -0.9772008524625787, 0
-0.05791320955704618, -1.252077621284581, -0.9386685172308532, 0
-0.05813201127119456, -1.2702721379983353, -0.893242349842128, 0
-0.05834483015518984, -1.2884168824373492, -0.8472911698935406, 0
-0.058533832307759825, -1.3066951378897953, -0.8012500756252083, 0
-0.05869540554486564, -1.3249485041973301, -0.7552346740026502, 0
-0.05975095265575245, -1.2942565448041983, -0.7163847937734589, 0
-0.05988359704903122, -1.3125686756354211, -0.6705983158359075, 0
-0.061138061666543425, -1.2819741079706182, -0.6320833254418003, 0
-0.06263786272644456, -1.2514551744481712, -0.5935099122618283, 0
-0.06443245154112145, -1.2209649577838952, -0.5549153801891828, 0
-0.06447824230705447, -1.2393250274103271, -0.5094748583675273, 0
-0.06660183948676299, -1.2087065395314422, -0.4708985323807482, 0
-0.06913059244806422, -1.1781463760709099, -0.4323187102210183, 0
-0.07215124034677688, -1.1477751322528318, -0.39359265178888525, 0
-0.07566976841469976, -1.1172133050891289, -0.3549575354954189, 0
-0.08070703070311436, -1.0856398098607387, -0.31370862659348175, 0
-0.08498398425759433, -1.051901303151065, -0.26902545227753794, 0
-0.08762354779592449, -1.018488388592635, -0.22658593868666227, 0
-0.06592085705303054, -0.980785280302205, -0.19509032252401687, 0
-0.04606530867820848, -1.1111404650968697, 1.6629392252347381, 0
-0.04808044315395311, -1.0995403595284639, 1.6016822578634733, 0
-0.05363640375622884, -1.109385153671946, 1.5512908151674183, 0
-0.053566470074213425, -1.1171787664099582, 1.5030160473399452, 0
-0.05384597567857282, -1.124362029709828, 1.4543092476129624, 0
-0.0544799749633967, -1.1315088933132587, 1.4056813628646805, 0
-0.05503104686998537, -1.1381324890747577, 1.3566939108633265, 0
-0.05550281493781422, -1.144546753367866, 1.3075804978989882, 0
-0.05590982989052082, -1.1508934126061727, 1.2612326793511754, 0
-0.056266190057691644, -1.1585950273465906, 1.2151934864364764, 0
-0.05664486903482003, -1.1667261889570795, 1.1667261889570804, 0
-0.05693554827838998, -1.1800151818520885, 1.1213390154710905, 0
-0.05720740214640733, -1.1980425907076855, 1.0742707229086566, 0
-0.05744388651412425, -1.2150616490964645, 1.0292046391021474, 0
-0.05768982643266974, -1.2333387617123885, 0.9837053122634671, 0
-0.058608001790114835, -1.2026530697325695, 0.9454225379161179, 0
-0.05886924736486618, -1.2212340356289768, 0.9002239384997025, 0
-0.059128979985024206, -1.2394093715624719, 0.8544583756322539, 0
-0.059368643756651185, -1.2576940597915367, 0.8084123219822716, 0
-0.05957636600422499, -1.2759793620884519, 0.7623789861215867, 0
-0.06082210891764102, -1.2453013003900397, 0.7235384116666658, 0
-0.06100720742132643, -1.2635915672346598, 0.6776564015804267, 0
-0.0625118881334662, -1.2329549199999388, 0.6390321440222392, 0
-0.06431509532553234, -1.2025871732685858, 0.6003896438029143, 0
-0.06647284673876344, -1.1722197755310897, 0.5618783883164293, 0
-0.0665776716896251, -1.1906237762489837, 0.5164565675553587, 0
-0.06916076258554622, -1.1601088432316398, 0.4779611612252263, 0
-0.07226254248329614, -1.1295773861480758, 0.43935936165323136, 0
-0.07599673476636415, -1.0990421277971378, 0.4007424435001527, 0
-0.08064658846114413, -1.0686406496426588, 0.3622217799782452, 0
-0.08661263643114794, -1.0368128704020467, 0.319163275366412, 0
-0.10806427186255878, -1.004197890929559, 0.27894065046113503, 0
-0.11506953361280409, -0.970031253028417, 0.24298018056647996, 0
-0.06282680424187943, -1.1913986083068824, -1.6064150634641179, 0
-0.05985969308936709, -1.1918253310997307, -1.559679832961669, 0
-0.049991717224346734, -1.2000688964965516, -1.514280675926925, 0
-0.05229333669592142, -1.2097062774389704, -1.4662898363627939, 0
-0.05435520839904122, -1.2152428206017956, -1.4167905016275868, 0
-0.05458341353716229, -1.2177970900904984, -1.3705460330161898, 0
-0.05498938558044148, -1.2207035694102613, -1.3272377574731977, 0
-0.0552572953428057, -1.2255534180193182, -1.2851171388757487, 0
-0.055534124144979304, -1.237436867075976, -1.237436867075975, 0
-0.05571664281218783, -1.249770790473048, -1.194130251585195, 0
-0.05590982989052545, -1.261232679351175, -1.150893412606173, 0
-0.056060766124988774, -1.276542672442031, -1.107524027446688, 0
-0.056224009619394416, -1.294700675071279, -1.06125674394682, 0
-0.056391942442250965, -1.313055584650275, -1.015219633626509, 0
-0.05655907545340578, -1.331545646556649, -0.9700535395640812, 0
-0.05728981989863413, -1.300938180013275, -0.9320499721060267, 0
-0.05747745028026352, -1.3191457062150873, -0.8861488818067371, 0
-0.057650463675571306, -1.3374190702461701, -0.8401337787239316, 0
-0.05780253441627213, -1.3556682228015373, -0.794128854143465, 0
-0.057930140594878485, -1.3738845269642013, -0.7481303406665689, 0
-0.05882586509615999, -1.3431817133480801, -0.7092503176796282, 0
-0.05891790335923112, -1.3615979945818202, -0.6635659615862535, 0
-0.05996726492273969, -1.3309994190427201, -0.6250597025248626, 0
-0.06121550073137184, -1.3004422055586022, -0.586611387731799, 0
-0.06270289799742723, -1.2698873600378853, -0.5480006094351313, 0
-0.06271190743307681, -1.2880914710239872, -0.5023621380309765, 0
-0.06445383749382337, -1.2573541431005453, -0.463832762795705, 0
-0.06652572661722554, -1.2266405731933698, -0.4252794204484164, 0
-0.0689498566306449, -1.1962167773943118, -0.3866367463329259, 0
-0.0718331591140363, -1.1659184707108028, -0.34784616906804716, 0
-0.07519092329519458, -1.134335909489621, -0.30843696583189845, 0
-0.0791493486066394, -1.102146110577886, -0.26891265440161627, 0
-0.08275409783354098, -1.062548862481097, -0.22010089776117164, 0
-0.0740684144045701, -1.034882314224999, -0.17875432905531205, 0
-0.08207570046547817, -0.989176509908181, -0.14673047483692786, 0
-0.0478374615727805, -1.1516163820122878, 1.6351696268830733, 0
-0.05456587730909965, -1.1494865907553748, 1.5816588031632814, 0
-0.05302749307529226, -1.1549512406425748, 1.5331860065540182, 0
-0.052870107547161656, -1.1629351188894088, 1.4849020148823842, 0
-0.053713411594611855, -1.1701315577130549, 1.4362801888546002, 0
-0.05449376105786147, -1.175939882057663, 1.3873059271990271, 0
-0.055036566085369776, -1.180148122371798, 1.3397632023767911, 0
-0.055385991511310025, -1.1850054935467529, 1.2930438374665663, 0
-0.05571664281217881, -1.194130251585195, 1.2497707904730482, 0
-0.05603225051998055, -1.2020815280165076, 1.2020815280165085, 0
-0.05626619005766978, -1.2151934864364755, 1.1585950273465915, 0
-0.05648232944159829, -1.2286978455988204, 1.1138145911334165, 0
-0.05672173725293932, -1.2460205018494226, 1.0683035269902534, 0
-0.05691024868960695, -1.2639901261585635, 1.0224264714663105, 0
-0.05710206545588356, -1.2824961388980125, 0.9772008524625794, 0
-0.057913209557043356, -1.2520776212845806, 0.9386685172308539, 0
-0.058132011271202405, -1.2702721379983348, 0.8932423498421287, 0
-0.05834483015520358, -1.2884168824373488, 0.8472911698935413, 0
-0.05853383230776978, -1.3066951378897949, 0.801250075625209, 0
-0.05869540554487328, -1.3249485041973297, 0.7552346740026509, 0
-0.05975095265575218, -1.2942565448041978, 0.7163847937734595, 0
-0.0598835970490237, -1.3125686756354207, 0.6705983158359081, 0
-0.06113806166653139, -1.2819741079706177, 0.632083325441801, 0
-0.06263786272642224, -1.2514551744481708, 0.5935099122618289, 0
-0.06443245154109267, -1.2209649577838948, 0.5549153801891833, 0
-0.06447824230702356, -1.2393250274103267, 0.5094748583675279, 0
-0.06660183948671894, -1.2087065395314418, 0.47089853238074875, 0
-0.06913059244800224, -1.1781463760709099, 0.43231871022101886, 0
-0.07215124034668834, -1.1477751322528318, 0.3935926517888858, 0
-0.07566976841462165, -1.1172133050891289, 0.3549575354954195, 0
-0.08070703070321698, -1.0856398098607387, 0.3137086265934822, 0
-0.0849839842581729, -1.051901303151065, 0.2690254522775384, 0
-0.08762354779788172, -1.018488388592635, 0.22658593868666277, 0
-0.0659208570528825, -0.980785280302205, 0.19509032252401737, 0
-0.060715483295013875, -1.2304631806793405, -1.5766928556293018, 0
-0.03587389275522267, -1.2315959561210517, -1.53883046074536, 0
-0.05145317896286932, -1.2531333301774619, -1.4993387059434997, 0
-0.053798316408108025, -1.2547487527514258, -1.4450961056802758, 0
-0.0547787827799837, -1.25512730188083, -1.3957699035847397, 0
-0.05474519807912845, -1.2545290474322521, -1.3578554465306538, 0
-0.054871273897236825, -1.2599334939023492, -1.3211105335975057, 0
-0.05505679953867727, -1.272792206135378, -1.272792206135378, 0
-0.0552572953428549, -1.285117138875749, -1.225553418019318, 0
-0.05538599151132121, -1.293043837466566, -1.185005493546753, 0
-0.055502814937813845, -1.307580497898988, -1.144546753367866, 0
-0.05560557850899384, -1.325513455528628, -1.100200234955922, 0
-0.055742126204229664, -1.343817353229842, -1.054079708592095, 0
-0.05590111754875332, -1.362172223592501, -1.008027093324391, 0
-0.05606230039439696, -1.380593368390429, -0.9629108655293444, 0
-0.056726923611118585, -1.3498765079168833, -0.9247762276904175, 0
-0.0568919862486264, -1.3681199568820992, -0.8789474002831321, 0
-0.05703711558006723, -1.3863816745637372, -0.8330089197864605, 0
-0.05715995779464356, -1.4045887967937642, -0.7870549657684797, 0
-0.05725965418019672, -1.4228288626328183, -0.7411879728250115, 0
-0.05802647167803131, -1.3921893495941933, -0.702342032496161, 0
-0.05808916093085927, -1.4105440308590103, -0.6567185461126069, 0
-0.05897111585065459, -1.3800047173256662, -0.6180801027467775, 0
-0.06001178966190414, -1.3493514221344463, -0.5794975307215877, 0
-0.06124649430103643, -1.3187041651600202, -0.5409604740435408, 0
-0.06122659009033844, -1.3369108528425813, -0.49519113737046005, 0
-0.06266111654820837, -1.3062533764974118, -0.4566925259191859, 0
-0.06436331832056374, -1.2750544577923808, -0.41801516123934257, 0
-0.06634830872126106, -1.2445794559813168, -0.37941260423677187, 0
-0.06864146423017357, -1.2140717345419088, -0.3408518767713711, 0
-0.07136145577613155, -1.183185460292307, -0.3019187746551882, 0
-0.07434216641462828, -1.151639946060103, -0.2626900972427301, 0
-0.07732532121690718, -1.119217208372746, -0.22191810231964712, 0
-0.08021966893261392, -1.090105394089912, -0.18511491941593183, 0
-0.084588295770678, -1.069478001292287, -0.14845401837814873, 0
-0.09652019823001362, -1.035561018515463, -0.12501317957324545, 0
-0.11258749358168885, -0.9951847266485508, -0.09801714056964254, 0
-0.06282680424450972, -1.1913986083068815, 1.6064150634641183, 0
-0.05985969308569542, -1.1918253310997298, 1.5596798329616695, 0
-0.049991717225601806, -1.2000688964965507, 1.5142806759269254, 0
-0.05229333669695526, -1.2097062774389695, 1.4662898363627943, 0
-0.05435520839937189, -1.2152428206017947, 1.4167905016275872, 0
-0.05458341353734542, -1.217797090090498, 1.3705460330161903, 0
-0.054989385580535434, -1.2207035694102608, 1.3272377574731982, 0
-0.05525729534284616, -1.2255534180193177, 1.2851171388757492, 0
-0.05553412414495896, -1.2374368670759757, 1.2374368670759754, 0
-0.05571664281213896, -1.2497707904730475, 1.1941302515851955, 0
-0.055909829890467125, -1.2612326793511746, 1.1508934126061734, 0
-0.0560607661249369, -1.2765426724420306, 1.1075240274466884, 0
-0.05622400961935458, -1.2947006750712786, 1.0612567439468203, 0
-0.056391942442227526, -1.3130555846502745, 1.0152196336265094, 0
-0.056559075453404696, -1.3315456465566486, 0.9700535395640819, 0
-0.05728981989863939, -1.3009381800132747, 0.9320499721060274, 0
-0.05747745028027801, -1.3191457062150869, 0.8861488818067378, 0
-0.057650463675586086, -1.3374190702461697, 0.8401337787239322, 0
-0.057802534416285245, -1.3556682228015369, 0.7941288541434657, 0
-0.05793014059489437, -1.3738845269642008, 0.7481303406665696, 0
-0.05882586509616351, -1.3431817133480797, 0.7092503176796289, 0
-0.05891790335922774, -1.3615979945818197, 0.6635659615862541, 0
-0.05996726492273351, -1.3309994190427197, 0.6250597025248633, 0
-0.061215500731357834, -1.3004422055586018, 0.5866113877317997, 0
-0.06270289799740568, -1.2698873600378848, 0.548000609435132, 0
-0.06271190743305656, -1.2880914710239868, 0.5023621380309772, 0
-0.06445383749379563, -1.2573541431005448, 0.46383276279570557, 0
-0.06652572661719593, -1.2266405731933698, 0.42527942044841693, 0
-0.06894985663061194, -1.1962167773943118, 0.38663674633292644, 0
-0.07183315911402323, -1.1659184707108028, 0.3478461690680477, 0
-0.07519092329524522, -1.134335909489621, 0.308436965831899, 0
-0.07914934860701095, -1.102146110577886, 0.2689126544016167, 0
-0.08275409783419709, -1.062548862481097, 0.2201008977611722, 0
-0.07406841440606873, -1.034882314224999, 0.17875432905531255, 0
-0.08207570046878856, -0.989176509908181, 0.14673047483692836, 0
-0.016238888278259356, -1.2687865679578592, -1.5460209070286597, 0
-0.07771585402987112, -1.3063456856411466, -1.5144176932427738, 0
-0.06381181438100453, -1.2972295096967286, -1.4668515038325178, 0
-0.054709328032933144, -1.2941161931655016, -1.415962880308641, 0
-0.054325986869376904, -1.2928036637969835, -1.3627062966573877, 0
-0.05469863543209431, -1.308147545194806, -1.308147545194806, 0
-0.05487127389734205, -1.321110533597506, -1.259933493902349, 0
-0.05498938558054645, -1.327237757473198, -1.220703569410261, 0
-0.05503656608537849, -1.339763202376791, -1.180148122371798, 0
-0.055031046869987575, -1.356693910863326, -1.138132489074758, 0
-0.055112136733098734, -1.37458372368013, -1.092961038993988, 0
-0.055264808246493616, -1.392858194668664, -1.046918742513806, 0
-0.055441837716696044, -1.411174148990311, -1.00092504308546, 0
-0.055612179947573004, -1.429544280043172, -0.9557742848212265, 0
-0.056220314494890594, -1.3988197810161083, -0.9176465317578044, 0
-0.05636733530739515, -1.4170391448831963, -0.8717536437363363, 0
-0.056489113586681475, -1.4352804068839142, -0.8258666057212549, 0
-0.056591095136926846, -1.4534890869163752, -0.7800071014681164, 0
-0.05667296202077335, -1.4716750845600461, -0.73415825331562, 0
-0.05733288295196949, -1.4411258387087722, -0.6954271158278537, 0
-0.05737690464185528, -1.4593570135546823, -0.6497186334191415, 0
-0.058120985418519386, -1.4287414852392362, -0.6111480800637326, 0
-0.0589930834485196, -1.3981753524001073, -0.5724530245671201, 0
-0.06001872506381539, -1.3675109742324743, -0.5338238125609343, 0
-0.059982956350404154, -1.3857110115418312, -0.48798624408594254, 0
-0.061164747980213915, -1.3549555759422467, -0.44938582388988885, 0
-0.06256471343618367, -1.3235299389249988, -0.41073490836770316, 0
-0.06418948681292809, -1.2929820038783397, -0.3720098234345863, 0
-0.0660732112948373, -1.2624620533703899, -0.3333668210357327, 0
-0.068251217157436, -1.231677909434284, -0.2945843449848356, 0
-0.07070557550606839, -1.20081514108489, -0.25569214394846657, 0
-0.07352777760617568, -1.169802319917377, -0.21669359675775615, 0
-0.07657071814477757, -1.139060617110101, -0.17799644833867695, 0
-0.08016210759307932, -1.110125723683732, -0.13892061692745514, 0
-0.08461533377205137, -1.080429989578334, -0.10665909930212068, 0
-0.09116806176643734, -1.045564283086771, -0.0752609377221296, 0
-0.06114185839468079, -0.998795456200073, -0.04906767443121759, 0
-0.06071548328159561, -1.2304631806793396, 1.5766928556293023, 0
-0.035873892760433165, -1.2315959561210508, 1.5388304607453605, 0
-0.05145317896656441, -1.253133330177461, 1.4993387059435002, 0
-0.053798316408540825, -1.254748752751425, 1.4450961056802762, 0
-0.054778782779959546, -1.255127301880829, 1.3957699035847402, 0
-0.054745198079208815, -1.2545290474322517, 1.3578554465306543, 0
-0.05487127389723709, -1.2599334939023488, 1.3211105335975062, 0
-0.05505679953867323, -1.2727922061353776, 1.2727922061353785, 0
-0.05525729534278945, -1.2851171388757485, 1.2255534180193184, 0
-0.05538599151122825, -1.2930438374665656, 1.1850054935467536, 0
-0.055502814937725166, -1.3075804978989876, 1.1445467533678664, 0
-0.05560557850892086, -1.3255134555286276, 1.1002002349559223, 0
-0.05574212620418384, -1.3438173532298416, 1.0540797085920954, 0
-0.05590111754873804, -1.3621722235925005, 1.0080270933243916, 0
-0.056062300394410895, -1.3805933683904286, 0.962910865529345, 0
-0.05672692361113401, -1.3498765079168829, 0.9247762276904181, 0
-0.05689198624865399, -1.3681199568820988, 0.8789474002831328, 0
-0.0570371155800985, -1.3863816745637367, 0.8330089197864612, 0
-0.05715995779466636, -1.4045887967937638, 0.7870549657684803, 0
-0.057259654180211846, -1.4228288626328178, 0.7411879728250121, 0
-0.05802647167804073, -1.3921893495941928, 0.7023420324961617, 0
-0.058089160930856094, -1.4105440308590098, 0.6567185461126076, 0
-0.05897111585064608, -1.3800047173256658, 0.6180801027467782, 0
-0.06001178966189015, -1.3493514221344458, 0.5794975307215884, 0
-0.0612464943010187, -1.3187041651600198, 0.5409604740435414, 0
-0.06122659009031912, -1.3369108528425808, 0.4951911373704606, 0
-0.06266111654818873, -1.3062533764974118, 0.45669252591918646, 0
-0.0643633183205419, -1.2750544577923808, 0.4180151612393431, 0
-0.0663483087212468, -1.2445794559813168, 0.3794126042367724, 0
-0.06864146423017574, -1.2140717345419088, 0.34085187677137163, 0
-0.07136145577618622, -1.183185460292307, 0.30191877465518874, 0
-0.07434216641475061, -1.151639946060103, 0.2626900972427307, 0
-0.07732532121722435, -1.119217208372746, 0.22191810231964768, 0
-0.08021966893290176, -1.090105394089912, 0.1851149194159324, 0
-0.08458829577037637, -1.069478001292287, 0.14845401837814928, 0
-0.09652019822821543, -1.035561018515463, 0.12501317957324595, 0
-0.11258749357489688, -0.9951847266485508, 0.09801714056964302, 0
-0.04270445565104763, -1.3431179095514867, -1.4819022508391178, 0
-0.04936122807542683, -1.3321672493269336, -1.4340531810288057, 0
-0.05503357020754033, -1.3326206815401125, -1.3913002910681187, 0
-0.0542874867263192, -1.343502884254265, -1.343502884254264, 0
-0.05432598686970653, -1.362706296657388, -1.292803663796983, 0
-0.05474519807928274, -1.357855446530654, -1.254529047432252, 0
-0.054583413537342196, -1.37054603301619, -1.217797090090498, 0
-0.05449376105784012, -1.387305927199027, -1.175939882057663, 0
-0.05447997496339646, -1.40568136286468, -1.131508893313259, 0
-0.05461409964297911, -1.423554048177579, -1.085733786522275, 0
-0.054808886550555054, -1.441787453439556, -1.03977788639283, 0
-0.05502790900971251, -1.460050818167383, -0.9939633458298466, 0
-0.05522066029065656, -1.478366484011826, -0.9486054715424804, 0
-0.05576782092600825, -1.4476947879023523, -0.9104239655038595, 0
-0.05589456535516864, -1.4658786511622863, -0.8645266627553881, 0
-0.05599171719593706, -1.4840822675570933, -0.8186486337617133, 0
-0.05607901984114043, -1.5022731639555231, -0.772827924121615, 0
-0.05615602743593988, -1.5204563177716983, -0.7270171515897211, 0
-0.05673072023904944, -1.4898868487216943, -0.6883693530345409, 0
-0.05675622514126191, -1.5080911209063432, -0.6426195207666946, 0
-0.057387797586903, -1.4775185379453741, -0.6039782597480688, 0
-0.058121946410643686, -1.4469192155108102, -0.56532971002423, 0
-0.058978289690379236, -1.4163189620861563, -0.526664546308513, 0
-0.05893009385084835, -1.4345188498682673, -0.4808141896676548, 0
-0.05990673022804166, -1.4038711475725767, -0.44215049307674215, 0
-0.06105448661025624, -1.3729279703358448, -0.4034586194946556, 0
-0.06238835548182067, -1.3420197378987997, -0.3647432929574265, 0
-0.06393429092881213, -1.3111714858139027, -0.3259376089370225, 0
-0.0657299710889894, -1.280334932435385, -0.2870510277159108, 0
-0.06778992182164713, -1.249549437856368, -0.24822595344380963, 0
-0.0701792015432794, -1.218831323605658, -0.20947580326456322, 0
-0.07272699203697726, -1.18818522569068, -0.17171886473413892, 0
-0.07617502657804325, -1.161007384923481, -0.12557428605446025, 0
-0.08048076852157032, -1.125473753467015, -0.09303786996718197, 0
-0.08739126286257655, -1.092899391922077, -0.07124812390196172, 0
-0.08513710563620383, -1.076057135607035, -0.037941139861740594, 0
-0.09900951714778274, -1.036541042540306, -0.0372059861067225, 0
-0.15318598629287178, -1.0, 3.5876077807826975e-16, 0
-0.061141858397688285, -0.998795456200073, 0.049067674431218074, 0
-0.0911680617645814, -1.045564283086771, 0.0752609377221301, 0
-0.08461533377182813, -1.080429989578334, 0.10665909930212118, 0
-0.0801621075929874, -1.110125723683732, 0.1389206169274557, 0
-0.07657071814486113, -1.139060617110101, 0.1779964483386775, 0
-0.07352777760627582, -1.169802319917377, 0.2166935967577567, 0
-0.07070557550613858, -1.20081514108489, 0.2556921439484671, 0
-0.06825121715746081, -1.231677909434284, 0.29458434498483616, 0
-0.06607321129483966, -1.2624620533703899, 0.33336682103573323, 0
-0.06418948681292014, -1.2929820038783397, 0.37200982343458683, 0
-0.06256471343617288, -1.3235299389249988, 0.4107349083677037, 0
-0.06116474798020277, -1.3549555759422467, 0.4493858238898895, 0
-0.059982956350393093, -1.3857110115418307, 0.4879862440859432, 0
-0.060018725063800675, -1.3675109742324738, 0.5338238125609349, 0
-0.058993083448510175, -1.3981753524001068, 0.5724530245671208, 0
-0.058120985418511774, -1.4287414852392357, 0.6111480800637332, 0
-0.05737690464185097, -1.4593570135546818, 0.6497186334191422, 0
-0.057332882951976076, -1.4411258387087718, 0.6954271158278543, 0
-0.05667296202078819, -1.4716750845600457, 0.7341582533156207, 0
-0.056591095136955205, -1.4534890869163748, 0.780007101468117, 0
-0.05648911358672607, -1.4352804068839138, 0.8258666057212556, 0
-0.05636733530744374, -1.4170391448831958, 0.871753643736337, 0
-0.05622031449492708, -1.3988197810161078, 0.9176465317578051, 0
-0.05561217994762, -1.4295442800431715, 0.9557742848212272, 0
-0.05544183771670664, -1.4111741489903105, 1.0009250430854604, 0
-0.05526480824645998, -1.3928581946686636, 1.0469187425138065, 0
-0.05511213673301345, -1.3745837236801295, 1.0929610389939886, 0
-0.0550310468698565, -1.3566939108633256, 1.1381324890747584, 0
-0.055036566085227744, -1.3397632023767905, 1.1801481223717984, 0
-0.054989385580412685, -1.3272377574731975, 1.2207035694102615, 0
-0.054871273897153405, -1.3211105335975055, 1.2599334939023494, 0
-0.054698635432157985, -1.3081475451948055, 1.3081475451948064, 0
-0.05432598686972667, -1.292803663796983, 1.3627062966573882, 0
-0.0547093280330593, -1.2941161931655007, 1.4159628803086415, 0
-0.0638118143776623, -1.2972295096967277, 1.4668515038325183, 0
-0.07771585402272092, -1.3063456856411457, 1.5144176932427742, 0
-0.016238888300389668, -1.2687865679578583, 1.5460209070286601, 0
-0.061327924459918665, -1.3790810894677097, -1.4484941659090498, 0
-0.05560563308310298, -1.3641045612084697, -1.4137237695628768, 0
-0.04946511003621711, -1.37885822331368, -1.37885822331368, 0
-0.05503357020858286, -1.391300291068119, -1.332620681540112, 0
-0.0547093280332064, -1.415962880308641, -1.294116193165501, 0
-0.054778782780008584, -1.39576990358474, -1.255127301880829, 0
-0.05435520839928305, -1.416790501627587, -1.215242820601795, 0
-0.05371341159463123, -1.4362801888546, -1.170131557713055, 0
-0.05384597567859875, -1.454309247612962, -1.124362029709828, 0
-0.054172416447917586, -1.472367373826658, -1.0784979815361515, 0
-0.05441149683624903, -1.490533323589698, -1.0326154472307305, 0
-0.05467349318024164, -1.508902454752816, -0.9868807959089331, 0
-0.05490529862137034, -1.52710114529763, -0.9413242710186288, 0
-0.05536003176791395, -1.4965668492416901, -0.9030424825751212, 0
-0.05544935374250388, -1.5147111735839172, -0.8571680851395619, 0
-0.0555233117378611, -1.5328851976495512, -0.8113683523643549, 0
-0.05561638920338575, -1.5510105000115373, -0.765542950329031, 0
-0.05570678746120126, -1.5692109021911713, -0.7197947969313137, 0
-0.05620509077942879, -1.5386390392957163, -0.6812500419346333, 0
-0.05620800675462554, -1.5568159013798892, -0.6354759842480159, 0
-0.056744153398380896, -1.5262651688857543, -0.596844146999799, 0
-0.05736808984520841, -1.4957010917114453, -0.5581773160330766, 0
-0.05809096949030387, -1.4651228610774731, -0.5194966514366272, 0
-0.05803367791514262, -1.4833375594071263, -0.47364393902601026, 0
-0.058849846958178534, -1.4527104669804687, -0.4349346948827668, 0
-0.05979524272691511, -1.4220054950693588, -0.39624209352542944, 0
-0.060891296505417, -1.3911859266070867, -0.35749510515074445, 0
-0.062164795430285226, -1.3601958706981219, -0.3186905432063468, 0
-0.06364016637251352, -1.329394721754459, -0.27983033267682356, 0
-0.065323736659057, -1.2985876924889, -0.2409704972819495, 0
-0.06730882682014806, -1.266820787449091, -0.19967445931444072, 0
-0.0695520977737954, -1.237022592969058, -0.16339032309227694, 0
-0.0721396483575222, -1.210010914357945, -0.12933259887127074, 0
-0.07352943984703031, -1.197018626328959, -0.08809221923470849, 0
-0.0775890107488429, -1.159499000354933, -0.07832031644348034, 0
-0.0837016258446563, -1.125704394314883, -0.04452201022262438, 0
-0.0879541467589552, -1.1, 3.9463685588609675e-16, 0
-0.1334972284689663, -1.05, 3.7669881698218327e-16, 0
-0.08513710563638663, -1.076057135607035, 0.03794113986174112, 0
-0.08739126286231763, -1.092899391922077, 0.07124812390196225, 0
-0.08048076852137288, -1.125473753467015, 0.0930378699671825, 0
-0.07617502657802892, -1.161007384923481, 0.1255742860544608, 0
-0.07272699203702362, -1.18818522569068, 0.17171886473413953, 0
-0.07017920154332888, -1.218831323605658, 0.20947580326456383, 0
-0.06778992182167975, -1.249549437856368, 0.24822595344381024, 0
-0.06572997108900526, -1.280334932435385, 0.28705102771591134, 0
-0.06393429092881599, -1.3111714858139027, 0.32593760893702306, 0
-0.06238835548181343, -1.3420197378987997, 0.3647432929574271, 0
-0.061054486610248884, -1.3729279703358448, 0.4034586194946563, 0
-0.059906730228027553, -1.4038711475725767, 0.4421504930767428, 0
-0.05893009385083237, -1.4345188498682668, 0.4808141896676555, 0
-0.058978289690369924, -1.4163189620861558, 0.5266645463085137, 0
-0.05812194641062852, -1.4469192155108097, 0.5653297100242307, 0
-0.05738779758689119, -1.4775185379453737, 0.6039782597480695, 0
-0.05675622514125082, -1.5080911209063428, 0.6426195207666953, 0
-0.05673072023905301, -1.4898868487216939, 0.6883693530345416, 0
-0.056156027435948296, -1.5204563177716979, 0.7270171515897218, 0
-0.056079019841172015, -1.5022731639555227, 0.7728279241216157, 0
-0.05599171719599405, -1.4840822675570928, 0.8186486337617139, 0
-0.05589456535523913, -1.4658786511622859, 0.8645266627553888, 0
-0.05576782092607612, -1.4476947879023518, 0.9104239655038602, 0
-0.05522066029076101, -1.4783664840118256, 0.9486054715424811, 0
-0.05502790900976605, -1.4600508181673826, 0.9939633458298472, 0
-0.054808886550534314, -1.4417874534395556, 1.0397778863928304, 0
-0.05461409964289913, -1.4235540481775786, 1.0857337865222754, 0
-0.05447997496325987, -1.4056813628646796, 1.1315088933132595, 0
-0.05449376105763854, -1.3873059271990265, 1.1759398820576634, 0
-0.05458341353711597, -1.3705460330161896, 1.2177970900904984, 0
-0.054745198079040845, -1.3578554465306536, 1.2545290474322524, 0
-0.05432598686966737, -1.3627062966573875, 1.2928036637969835, 0
-0.054287486726006626, -1.3435028842542645, 1.3435028842542645, 0
-0.05503357020645827, -1.3326206815401116, 1.3913002910681191, 0
-0.04936122807484222, -1.3321672493269328, 1.4340531810288062, 0
-0.04270445565495027, -1.3431179095514858, 1.4819022508391182, 0
-0.09900951714981146, -1.036541042540306, 0.037205986106723, 0
-0.04699160672098225, -1.4142135623730954, -1.414213562373095, 0
-0.05560563309001511, -1.413723769562877, -1.364104561208469, 0
-0.049361228077914064, -1.434053181028806, -1.332167249326933, 0
-0.0638118143731375, -1.466851503832518, -1.2972295096967275, 0
-0.05379831640820585, -1.445096105680276, -1.254748752751425, 0
-0.052293336696732584, -1.466289836362794, -1.2097062774389695, 0
-0.05287010754718632, -1.484902014882384, -1.1629351188894086, 0
-0.05356647007451217, -1.503016047339945, -1.1171787664099575, 0
-0.053602186307213064, -1.52083760122958, -1.0711871529369166, 0
-0.054081833919684595, -1.538643806422348, -1.0252314101296696, 0
-0.05452938423464841, -1.557467892698426, -0.9796895472987064, 0
-0.054652946254047256, -1.57584822209119, -0.9340245002836741, 0
-0.05497469833439043, -1.5453504217494272, -0.8956190673038166, 0
-0.054978929043396484, -1.5635036541434533, -0.8498033120769777, 0
-0.05506170068783404, -1.5816391289494842, -0.8040236174141511, 0
-0.055213572436980496, -1.5997660774763323, -0.7583295788868947, 0
-0.05534460279590993, -1.6179564319250022, -0.7125933238871923, 0
-0.055747475247868154, -1.5873789228274562, -0.6740613245801402, 0
-0.055710583179272175, -1.6055394276913761, -0.6283472969829161, 0
-0.056161871709973596, -1.5749957551347262, -0.5897173596129548, 0
-0.056700237700222124, -1.5444866858613002, -0.5510415653227028, 0
-0.057320952806727284, -1.5139186190521612, -0.5123478992267799, 0
-0.05725606199844935, -1.5321785964296253, -0.4664979617709979, 0
-0.057953543715513756, -1.5015945278696448, -0.4277704117103881, 0
-0.05874384227792977, -1.4709227542214818, -0.38901816131946787, 0
-0.05964993797266353, -1.4401660948385748, -0.35024547450578836, 0
-0.06069576210501038, -1.4093463981583099, -0.3114415387090038, 0
-0.06190104689036845, -1.378478815375139, -0.27259482969569254, 0
-0.06327518376887198, -1.347657995702593, -0.23370783370634002, 0
-0.06500754597472008, -1.315452553377113, -0.1919306221687877, 0
-0.06694907990396969, -1.282167594887338, -0.15423797838408115, 0
-0.06912531962896368, -1.252124005671904, -0.12743158589018053, 0
-0.06997152546200061, -1.245307382624987, -0.09005898609443944, 0
-0.07186540287962963, -1.224253813538292, -0.04504518356511785, 0
-0.07653045710741471, -1.176337163535087, -0.042688991665124354, 0
-0.08004236185849654, -1.15, 4.125748947900102e-16, 0
-0.08370162584459817, -1.125704394314883, 0.04452201022262492, 0
-0.0775890107488039, -1.159499000354933, 0.07832031644348089, 0
-0.07352943984701184, -1.197018626328959, 0.08809221923470904, 0
-0.07213964835752278, -1.210010914357945, 0.12933259887127135, 0
-0.06955209777382246, -1.237022592969058, 0.16339032309227755, 0
-0.06730882682017376, -1.266820787449091, 0.19967445931444133, 0
-0.06532373665907731, -1.2985876924889, 0.24097049728195016, 0
-0.06364016637252196, -1.329394721754459, 0.2798303326768241, 0
-0.0621647954302819, -1.3601958706981219, 0.3186905432063475, 0
-0.06089129650541223, -1.3911859266070867, 0.3574951051507451, 0
-0.059795242726908476, -1.4220054950693588, 0.3962420935254301, 0
-0.05884984695816162, -1.4527104669804687, 0.4349346948827675, 0
-0.05803367791513051, -1.4833375594071259, 0.47364393902601093, 0
-0.05809096949028457, -1.4651228610774727, 0.5194966514366278, 0
-0.05736808984518984, -1.4957010917114448, 0.5581773160330773, 0
-0.05674415339836256, -1.5262651688857538, 0.5968441469997997, 0
-0.056208006754601546, -1.5568159013798888, 0.6354759842480165, 0
-0.05620509077941944, -1.5386390392957159, 0.681250041934634, 0
-0.05570678746119218, -1.5692109021911709, 0.7197947969313143, 0
-0.055616389203407036, -1.5510105000115368, 0.7655429503290316, 0
-0.055523311737917455, -1.5328851976495508, 0.8113683523643556, 0
-0.055449353742591724, -1.5147111735839167, 0.8571680851395626, 0
-0.05536003176802414, -1.4965668492416897, 0.9030424825751219, 0
-0.05490529862156237, -1.5271011452976295, 0.9413242710186295, 0
-0.054673493180384204, -1.5089024547528156, 0.9868807959089337, 0
-0.054411496836296515, -1.4905333235896976, 1.0326154472307314, 0
-0.05417241644788858, -1.4723673738266576, 1.0784979815361524, 0
-0.05384597567848472, -1.4543092476129615, 1.1243620297098285, 0
-0.053713411594360126, -1.4362801888545995, 1.1701315577130555, 0
-0.054355208398966195, -1.4167905016275866, 1.2152428206017953, 0
-0.0547787827796158, -1.3957699035847395, 1.2551273018808295, 0
-0.05470932803274134, -1.4159628803086406, 1.2941161931655014, 0
-0.05503357020656813, -1.3913002910681185, 1.3326206815401125, 0
-0.0494651100456081, -1.3788582233136795, 1.3788582233136804, 0
-0.05560563308350318, -1.3641045612084688, 1.4137237695628773, 0
-0.061327924449266234, -1.3790810894677088, 1.4484941659090502, 0
-0.061327924471229533, -1.44849416590905, -1.379081089467709, 0
-0.04270445564679511, -1.481902250839118, -1.3431179095514856, 0
-0.07771585402227578, -1.514417693242774, -1.3063456856411455, 0
-0.05145317896859983, -1.4993387059435, -1.2531333301774605, 0
-0.04999171722511967, -1.514280675926925, -1.2000688964965505, 0
-0.05302749307553986, -1.533186006554018, -1.1549512406425746, 0
-0.05363640375668137, -1.551290815167418, -1.1093851536719457, 0
-0.05295649292630064, -1.566990413645044, -1.0625045965474988, 0
-0.053897966691190694, -1.585133052821721, -1.0172975153290509, 0
-0.0548415115353426, -1.604990792463204, -0.9720817765918994, 0
-0.0543104709223534, -1.6243953774495612, -0.9268313180137039, 0
-0.05449521341790535, -1.5939976476546103, -0.8882857332060512, 0
-0.05442132075694798, -1.6121746101227343, -0.8425750126353106, 0
-0.05463550520449037, -1.6303125295994743, -0.7968609085091001, 0
-0.0549399605307012, -1.6484669721813272, -0.75116187625058, 0
-0.05510095278684683, -1.6666170100788422, -0.7054617558284969, 0
-0.05535798211498184, -1.6360853882548132, -0.6669036514610699, 0
-0.05522271824208739, -1.6542411100321843, -0.6212006986037425, 0
-0.05560322702505504, -1.6237125703491813, -0.5826153788396268, 0
-0.05608463711005804, -1.5932758212545932, -0.5439459904452802, 0
-0.056637323223436044, -1.5627636591291223, -0.5052166796183265, 0
-0.05656798339471519, -1.5811556519968577, -0.459354074681745, 0
-0.057179525381156955, -1.5505070239229577, -0.4206063910681741, 0
-0.057855147065051, -1.5198567231207967, -0.3818470441582395, 0
-0.05861297923667253, -1.4891472385085869, -0.34304888797271, 0
-0.05947470643008546, -1.458388756466627, -0.30422706035737473, 0
-0.06046102599745311, -1.427575947573089, -0.26536193778133094, 0
-0.061602277622922745, -1.396755643454931, -0.22646276044789032, 0
-0.0629401736205402, -1.365924926147193, -0.18755384618638193, 0
-0.06460902174884238, -1.331276302514291, -0.1431136157671406, 0
-0.06659339109417652, -1.294507111164958, -0.09963648513448578, 0
-0.06830513847143087, -1.275068861232616, -0.045307778724191866, 0
-0.07000724840039481, -1.25, 4.484509725978371e-16, 0
-0.07438068826076738, -1.2, 4.3051293369392366e-16, 0
-0.07186540287961769, -1.224253813538292, 0.04504518356511845, 0
-0.06997152546199335, -1.245307382624987, 0.09005898609444002, 0
-0.06912531962897055, -1.252124005671904, 0.12743158589018114, 0
-0.06694907990398051, -1.282167594887338, 0.15423797838408176, 0
-0.06500754597473156, -1.315452553377113, 0.19193062216878837, 0
-0.06327518376888025, -1.347657995702593, 0.23370783370634068, 0
-0.06190104689037007, -1.378478815375139, 0.2725948296956932, 0
-0.06069576210500792, -1.4093463981583099, 0.3114415387090045, 0
-0.05964993797266202, -1.4401660948385748, 0.350245474505789, 0
-0.05874384227791931, -1.4709227542214818, 0.38901816131946854, 0
-0.05795354371550092, -1.5015945278696448, 0.42777041171038876, 0
-0.05725606199843206, -1.5321785964296248, 0.46649796177099856, 0
-0.057320952806707536, -1.5139186190521607, 0.5123478992267806, 0
-0.05670023770020023, -1.5444866858612998, 0.5510415653227034, 0
-0.056161871709941164, -1.5749957551347258, 0.5897173596129555, 0
-0.055710583179234406, -1.6055394276913757, 0.6283472969829168, 0
-0.05574747524784232, -1.5873789228274557, 0.6740613245801409, 0
-0.05534460279588251, -1.6179564319250017, 0.712593323887193, 0
-0.05521357243698026, -1.5997660774763318, 0.7583295788868953, 0
-0.055061700687877156, -1.5816391289494838, 0.8040236174141517, 0
-0.054978929043491255, -1.5635036541434528, 0.8498033120769783, 0
-0.05497469833454041, -1.5453504217494267, 0.8956190673038172, 0
-0.05465294625429969, -1.5758482220911896, 0.9340245002836748, 0
-0.05452938423499617, -1.5574678926984256, 0.979689547298707, 0
-0.054081833919848894, -1.5386438064223475, 1.0252314101296705, 0
-0.0536021863069451, -1.5208376012295794, 1.0711871529369175, 0
-0.053566470074430717, -1.5030160473399445, 1.1171787664099584, 0
-0.05287010754712107, -1.4849020148823835, 1.1629351188894095, 0
-0.05229333669623711, -1.4662898363627936, 1.2097062774389704, 0
-0.05379831640780581, -1.4450961056802756, 1.2547487527514254, 0
-0.06381181437578658, -1.4668515038325176, 1.2972295096967283, 0
-0.04936122807566687, -1.4340531810288055, 1.3321672493269334, 0
-0.05560563308465129, -1.4137237695628766, 1.3641045612084695, 0
-0.04699160673529744, -1.4142135623730945, 1.4142135623730954, 0
-0.07653045710738442, -1.176337163535087, 0.04268899166512492, 0
-0.016238888308566863, -1.54602090702866, -1.2687865679578576, 0
-0.0358738927575079, -1.53883046074536, -1.2315959561210506, 0
-0.059859693084134066, -1.559679832961669, -1.1918253310997298, 0
-0.054565877313363306, -1.581658803163281, -1.1494865907553748, 0
-0.048080443156086165, -1.601682257863473, -1.0995403595284639, 0
-0.05358954359568361, -1.604354948365727, -1.0523859876889459, 0
-0.055163394274792985, -1.628061441032004, -1.0115633038189698, 0
-0.055547450207082426, -1.655941631418573, -0.9663101389930687, 0
-0.05289069858609549, -1.6726070337701633, -0.9194998606407789, 0
-0.053496178659381645, -1.6425687100191542, -0.8811106293778752, 0
-0.053807373217463324, -1.6608108080159203, -0.8354356381176822, 0
-0.0543884072037454, -1.6789596856065523, -0.7897304639994501, 0
-0.054900433626140464, -1.6971085224516553, -0.744031211551494, 0
-0.05509174679824407, -1.7152798826443683, -0.6983203083882774, 0
-0.05502514394336842, -1.6847794269740193, -0.659757508883931, 0
-0.05465090932534941, -1.7030452731148473, -0.6139661343585028, 0
-0.055012867430282775, -1.6724067251201482, -0.5754924991335433, 0
-0.05547910631002935, -1.6420506417088343, -0.536773129219066, 0
-0.0560054492665707, -1.6116046261293142, -0.49808885295392835, 0
-0.05594215683046054, -1.6300816207427928, -0.452177598178549, 0
-0.056502827452332274, -1.5994759586643528, -0.41347441649637556, 0
-0.05709520909617059, -1.5687806854564728, -0.37469443759129867, 0
-0.05774079350802266, -1.5380954424125448, -0.3358702774328148, 0
-0.05845765857702954, -1.507402150851457, -0.2970223552149831, 0
-0.05927008899023248, -1.476666100659508, -0.2581411923806986, 0
-0.060197093019271876, -1.445862726266407, -0.21922941831972032, 0
-0.06124088593134746, -1.415042858290683, -0.18030853711686268, 0
-0.06251369101058148, -1.383272033175373, -0.13912838018174672, 0
-0.06410663115796604, -1.352409844500705, -0.09647632513066891, 0
-0.06532027478386591, -1.325083796556721, -0.05187126222773902, 0
-0.06689807704288615, -1.3, 4.663890115017507e-16, 0
-0.0683051384714332, -1.275068861232616, 0.04530777872419249, 0
-0.06659339109418091, -1.294507111164958, 0.09963648513448639, 0
-0.0646090217488481, -1.331276302514291, 0.14311361576714127, 0
-0.06294017362054626, -1.365924926147193, 0.1875538461863826, 0
-0.061602277622927, -1.396755643454931, 0.226462760447891, 0
-0.060461025997450145, -1.427575947573089, 0.2653619377813316, 0
-0.05947470643008236, -1.458388756466627, 0.3042270603573754, 0
-0.058612979236667244, -1.4891472385085869, 0.34304888797271066, 0
-0.057855147065037825, -1.5198567231207967, 0.38184704415824017, 0
-0.05717952538114106, -1.5505070239229577, 0.42060639106817477, 0
-0.056567983394691296, -1.5811556519968577, 0.45935407468174577, 0
-0.056637323223409156, -1.5627636591291219, 0.5052166796183272, 0
-0.056084637110024545, -1.5932758212545928, 0.5439459904452809, 0
-0.05560322702501117, -1.6237125703491808, 0.5826153788396274, 0
-0.05522271824202571, -1.6542411100321839, 0.6212006986037432, 0
-0.05535798211493098, -1.6360853882548128, 0.6669036514610706, 0
-0.0551009527868015, -1.6666170100788418, 0.7054617558284976, 0
-0.05493996053066276, -1.6484669721813268, 0.7511618762505806, 0
-0.05463550520448565, -1.6303125295994738, 0.7968609085091007, 0
-0.054421320757002, -1.6121746101227339, 0.8425750126353113, 0
-0.054495213418033525, -1.5939976476546098, 0.8882857332060519, 0
-0.054310470922486295, -1.6243953774495608, 0.9268313180137046, 0
-0.05484151153597255, -1.6049907924632036, 0.9720817765919001, 0
-0.05389796669184017, -1.5851330528217205, 1.0172975153290518, 0
-0.05295649292620093, -1.5669904136450437, 1.0625045965474997, 0
-0.053636403756930656, -1.5512908151674176, 1.1093851536719466, 0
-0.0530274930756674, -1.5331860065540175, 1.1549512406425755, 0
-0.049991717225096884, -1.5142806759269245, 1.2000688964965514, 0
-0.05145317896525099, -1.4993387059434995, 1.2531333301774614, 0
-0.07771585401887093, -1.5144176932427735, 1.3063456856411464, 0
-0.04270445565510308, -1.4819022508391175, 1.3431179095514865, 0
-0.06132792445122433, -1.4484941659090496, 1.3790810894677095, 0
-0.06071548326744998, -1.576692855629302, -1.2304631806793398, 0
-0.06282680425358661, -1.606415063464118, -1.1913986083068817, 0
-0.04783746157426724, -1.635169626883073, -1.1516163820122878, 0
-0.04606530868136858, -1.662939225234738, -1.1111404650968697, 0
-0.05022257119619365, -1.642990232530535, -1.0603868659140887, 0
-0.05818502556039789, -1.670406140061546, -1.0212206939993147, 0
-0.06687726469243857, -1.699142893285693, -0.9894170658473566, 0
-0.04668803200800475, -1.713735491266988, -0.9455526259126591, 0
-0.046750627279768996, -1.7307615682818231, -0.8999310898600792, 0
-0.05186409341923038, -1.6913182881099482, -0.8740028702202589, 0
-0.05368853433913411, -1.7081406940588753, -0.8277856665208857, 0
-0.05469508711304112, -1.7275986306707742, -0.7825891545040644, 0
-0.054997138111009466, -1.7457336883349852, -0.7369145005194951, 0
-0.0555281422939125, -1.7617494259109452, -0.6903421262742436, 0
-0.054652717478005444, -1.7335608421173563, -0.6525261225288065, 0
-0.05381544753224054, -1.7517347302678312, -0.6062648719815884, 0
-0.05422122436063964, -1.7210843748206892, -0.5683501184756239, 0
-0.054851055475682524, -1.6908200676636043, -0.5296152599148, 0
-0.05539364895856301, -1.6605567674059463, -0.49083110319345735, 0
-0.0553589359071477, -1.6790173877211059, -0.4449460747533203, 0
-0.05590057893131549, -1.6483979268447448, -0.40627123884177746, 0
-0.056439532051376126, -1.6177352077748557, -0.3675237148795777, 0
-0.057000340001288397, -1.5870621067245028, -0.328715738186043, 0
-0.057603569748997455, -1.556388000216721, -0.2898760288020507, 0
-0.05827439334952702, -1.525720328618073, -0.2509742312132103, 0
-0.059030496651107454, -1.494999702672999, -0.21201022851363702, 0
-0.0599039461567133, -1.464162576520311, -0.1730463037756328, 0
-0.0609130470039472, -1.432372386813668, -0.13396850374290992, 0
-0.0619508053651528, -1.402605880785698, -0.0933494531465166, 0
-0.06312655966864027, -1.375700978922926, -0.04855147740473199, 0
-0.06422672899854205, -1.35, 4.843270504056642e-16, 0
-0.06532027478386884, -1.325083796556721, 0.05187126222773966, 0
-0.06410663115797464, -1.352409844500705, 0.09647632513066955, 0
-0.0625136910105876, -1.383272033175373, 0.1391283801817474, 0
-0.06124088593135411, -1.415042858290683, 0.1803085371168634, 0
-0.06019709301927609, -1.445862726266407, 0.21922941831972104, 0
-0.05927008899023386, -1.476666100659508, 0.25814119238069927, 0
-0.05845765857703099, -1.507402150851457, 0.29702235521498377, 0
-0.05774079350801734, -1.5380954424125448, 0.33587027743281545, 0
-0.05709520909615893, -1.5687806854564728, 0.37469443759129933, 0
-0.05650282745231526, -1.5994759586643528, 0.41347441649637634, 0
-0.055942156830436185, -1.6300816207427928, 0.4521775981785498, 0
-0.056005449266541114, -1.6116046261293138, 0.49808885295392913, 0
-0.055479106309989354, -1.6420506417088339, 0.5367731292190666, 0
-0.05501286743022859, -1.6724067251201478, 0.5754924991335439, 0
-0.05465090932525839, -1.7030452731148469, 0.6139661343585037, 0
-0.0550251439432769, -1.6847794269740188, 0.6597575088839317, 0
-0.05509174679814143, -1.7152798826443678, 0.6983203083882783, 0
-0.054900433626113354, -1.6971085224516549, 0.7440312115514949, 0
-0.05438840720366619, -1.6789596856065518, 0.7897304639994508, 0
-0.05380737321749889, -1.6608108080159198, 0.8354356381176828, 0
-0.05349617865960582, -1.6425687100191537, 0.8811106293778759, 0
-0.052890698585586864, -1.6726070337701628, 0.9194998606407796, 0
-0.055547450207220454, -1.6559416314185726, 0.9663101389930694, 0
-0.05516339427580064, -1.6280614410320036, 1.0115633038189706, 0
-0.053589543597837366, -1.6043549483657265, 1.0523859876889468, 0
-0.04808044314923492, -1.6016822578634726, 1.0995403595284647, 0
-0.05456587731371637, -1.5816588031632806, 1.1494865907553757, 0
-0.05985969308884574, -1.5596798329616686, 1.1918253310997307, 0
-0.03587389275549809, -1.5388304607453596, 1.2315959561210514, 0
-0.016238888302244125, -1.5460209070286595, 1.2687865679578585, 0
-0.05510774426607737, -1.689707131144692, -1.0699952387551888, 0
-0.06437287583744823, -1.715457220712734, -1.0282054871982258, 0
-0.06751423822796197, -1.740173982968623, -0.9857963831335146, 0
-0.023161946646443526, -1.763842529487906, -0.9427934721717719, 0
-0.06476450859617447, -1.7864486032744522, -0.8992226575541566, 0
-0.05314750512288938, -1.7635396326281563, -0.8579788665175595, 0
-0.05440393790843761, -1.7449471571492552, -0.8181177421772889, 0
-0.05483994268447627, -1.7642356600390243, -0.7730950325325993, 0
-0.05594637866051428, -1.7850367805236533, -0.7289465041660177, 0
-0.057891494461213375, -1.8109650460711093, -0.6824658404162987, 0
-0.05420373450751701, -1.7795069687504592, -0.6441707834095807, 0
-0.050792289295678174, -1.7989015125862062, -0.5974646078210554, 0
-0.05328529711144028, -1.7706329664454001, -0.5608423222240851, 0
-0.05410882955302282, -1.7396325597795013, -0.5224478890434804, 0
-0.05480208827637946, -1.7095098021735293, -0.48359113902482176, 0
-0.05482364313712402, -1.7280059641580738, -0.43774403432057224, 0
-0.05536048116217281, -1.6973627068952497, -0.3990923872639, 0
-0.05587046739148726, -1.6666859882254128, -0.3603517851551633, 0
-0.056369306304954535, -1.6360215703124699, -0.3215565346357656, 0
-0.05688614014473198, -1.605378193961792, -0.2827348787640728, 0
-0.05744421521049012, -1.574695950369547, -0.2438902128528773, 0
-0.058066855323884926, -1.543955010511662, -0.20497932559438137, 0
-0.05877392570494684, -1.512466978477769, -0.16652104826119374, 0
-0.05959040519782696, -1.481355706736923, -0.1280748025585729, 0
-0.06044244781587663, -1.452767847314377, -0.08823641268801631, 0
-0.061318408762613665, -1.425353433383547, -0.0454879597536487, 0
-0.062214697755861234, -1.4, 5.022650893095776e-16, 0
-0.06312655966864007, -1.375700978922926, 0.04855147740473265, 0
-0.06195080536515481, -1.402605880785698, 0.09334945314651727, 0
-0.06091304700395048, -1.432372386813668, 0.13396850374291064, 0
-0.059903946156719574, -1.464162576520311, 0.17304630377563351, 0
-0.05903049665110992, -1.494999702672999, 0.21201022851363774, 0
-0.05827439334952874, -1.525720328618073, 0.25097423121321094, 0
-0.05760356974899693, -1.556388000216721, 0.2898760288020514, 0
-0.05700034000128227, -1.5870621067245028, 0.32871573818604377, 0
-0.056439532051365766, -1.6177352077748557, 0.36752371487957847, 0
-0.055900578931297934, -1.6483979268447448, 0.40627123884177824, 0
-0.05535893590711889, -1.6790173877211059, 0.4449460747533211, 0
-0.05539364895852892, -1.6605567674059458, 0.49083110319345813, 0
-0.05485105547563765, -1.6908200676636038, 0.5296152599148006, 0
-0.05422122436059576, -1.7210843748206888, 0.5683501184756248, 0
-0.05381544753214763, -1.7517347302678308, 0.6062648719815893, 0
-0.0546527174778159, -1.7335608421173558, 0.6525261225288074, 0
-0.05552814229350974, -1.7617494259109447, 0.6903421262742445, 0
-0.05499713811148199, -1.7457336883349848, 0.736914500519496, 0
-0.05469508711271521, -1.7275986306707738, 0.7825891545040653, 0
-0.05368853433875958, -1.7081406940588748, 0.8277856665208866, 0
-0.0518640934196071, -1.6913182881099478, 0.8740028702202596, 0
-0.04675062728615487, -1.7307615682818227, 0.8999310898600801, 0
-0.046688032005365025, -1.7137354912669875, 0.94555262591266, 0
-0.06687726468611886, -1.6991428932856925, 0.9894170658473574, 0
-0.05818502556729274, -1.6704061400615455, 1.0212206939993156, 0
-0.05022257120099139, -1.6429902325305346, 1.0603868659140896, 0
-0.04606530867386733, -1.6629392252347375, 1.1111404650968706, 0
-0.04783746156751907, -1.6351696268830727, 1.1516163820122887, 0
-0.06282680426164271, -1.6064150634641177, 1.1913986083068826, 0
-0.06071548327064368, -1.5766928556293016, 1.2304631806793407, 0
-0.05265584622650379, -1.7248551399105951, -0.8591907170320674, 0
-0.037605534114864524, -1.8079785871308691, -0.8551101849915395, 0
-0.05762498647854372, -1.7848688434964373, -0.8130398910836043, 0
-0.05289614632543367, -1.8031962761698501, -0.7692677476283014, 0
-0.053035639198842965, -1.8263860521078552, -0.7248027001288613, 0
-0.07738897310648837, -1.8490105069204632, -0.6872964747462742, 0
-0.0445262239347806, -1.8523616892636552, -0.6487764114902573, 0
-0.04144205738091387, -1.8538753727230892, -0.5977645053610166, 0
-0.051914804462425065, -1.8203703530745623, -0.5533480134903662, 0
-0.05364370452164053, -1.7891616994758612, -0.5150815458796797, 0
-0.054220442802738064, -1.7584105664013523, -0.4764555166442793, 0
-0.054310426407702075, -1.7769062943872238, -0.4305823660367467, 0
-0.0548692986799523, -1.7462913159846019, -0.3918712067607599, 0
-0.0553813179204274, -1.7156666188987357, -0.35311879154194126, 0
-0.05583407245548282, -1.6849745330980739, -0.31438987038694205, 0
-0.05627710641433767, -1.654329840225027, -0.27557550585248114, 0
-0.05674491591570711, -1.623643648441526, -0.2367180657916936, 0
-0.05725652661352372, -1.593006883881828, -0.1979408375207905, 0
-0.05783545814394099, -1.562047742327355, -0.16001691586498898, 0
-0.05849493229140454, -1.530124103446566, -0.12292161373287704, 0
-0.05917378473429256, -1.500907669817843, -0.08370390425982574, 0
-0.05987626136028109, -1.475000000000001, -0.04359109009904634, 0
-0.060607945689992206, -1.45, 5.202031282134911e-16, 0
-0.061318408762617196, -1.425353433383547, 0.045487959753649394, 0
-0.06044244781587937, -1.452767847314377, 0.088236412688017, 0
-0.059590405197830626, -1.481355706736923, 0.12807480255857362, 0
-0.05877392570495062, -1.512466978477769, 0.16652104826119446, 0
-0.058066855323888035, -1.543955010511662, 0.20497932559438214, 0
-0.05744421521049508, -1.574695950369547, 0.24389021285287807, 0
-0.05688614014473239, -1.605378193961792, 0.28273487876407355, 0
-0.05636930630495226, -1.6360215703124699, 0.3215565346357664, 0
-0.055870467391480966, -1.6666859882254128, 0.3603517851551641, 0
-0.05536048116215566, -1.6973627068952497, 0.3990923872639008, 0
-0.054823643137084974, -1.7280059641580738, 0.437744034320573, 0
-0.054802088276330686, -1.7095098021735289, 0.48359113902482254, 0
-0.0541088295529748, -1.7396325597795008, 0.5224478890434813, 0
-0.0532852971115037, -1.7706329664453997, 0.560842322224086, 0
-0.05079228929616288, -1.7989015125862058, 0.5974646078210563, 0
-0.05420373450697087, -1.7795069687504588, 0.6441707834095816, 0
-0.057891494459107656, -1.8109650460711089, 0.6824658404162995, 0
-0.05594637866050166, -1.7850367805236529, 0.7289465041660186, 0
-0.0548399426853267, -1.7642356600390239, 0.7730950325326001, 0
-0.054403937907697465, -1.7449471571492547, 0.8181177421772898, 0
-0.05314750511957084, -1.7635396326281558, 0.8579788665175604, 0
-0.06476450860674814, -1.7864486032744518, 0.8992226575541575, 0
-0.023161946650959664, -1.7638425294879057, 0.9427934721717728, 0
-0.06751423821662228, -1.7401739829686225, 0.9857963831335155, 0
-0.06437287583690256, -1.7154572207127337, 1.0282054871982267, 0
-0.0551077442854275, -1.6897071311446916, 1.0699952387551896, 0
-0.053923107733742315, -1.8167133472220511, -0.6330250176403862, 0
-0.05265584622520068, -1.7248551399105947, 0.8591907170320683, 0
-0.07581383242862634, -1.8284195122836873, -0.8104826260323432, 0
-0.034231066513427666, -1.8477590659076781, -0.7653668625933477, 0
-0.07489446999134097, -1.8659855984427152, -0.7197900710654329, 0
-0.0823187589004211, -1.8830881310487313, -0.6737797048764502, 0
-0.0052869570012642605, -1.8990563617712553, -0.6273634790264127, 0
-0.06577445235827777, -1.9138806719486832, -0.5805693529125169, 0
-0.061562332487884334, -1.8772248490305643, -0.5444373455470704, 0
-0.05339443618995767, -1.8397788577111462, -0.5074931588058972, 0
-0.05389308399150828, -1.8074088000968143, -0.4692637411070643, 0
-0.05361608112921384, -1.8261477166214717, -0.4232389998707698, 0
-0.05441854661588487, -1.7953901169059578, -0.38455640201604546, 0
-0.05496786435239823, -1.7647329237059197, -0.34583151637307735, 0
-0.05539507263235616, -1.734024750808938, -0.3071491288546043, 0
-0.055765209227779694, -1.703280842206235, -0.2683865241758062, 0
-0.056146587907865614, -1.672609166033991, -0.22952934363430808, 0
-0.056574627781060406, -1.641841856176973, -0.19063761612563185, 0
-0.05703994147931231, -1.612456496121592, -0.1527607351834995, 0
-0.057556195322568296, -1.580875938773581, -0.11693597332981821, 0
-0.05813377322125155, -1.551929248871388, -0.08025003010758848, 0
-0.05870010073872242, -1.525033915845612, -0.04278039884806066, 0
-0.059282089388556954, -1.5, 5.381411671174046e-16, 0
-0.059876261360287626, -1.475000000000001, 0.04359109009904705, 0
-0.05917378473429402, -1.500907669817843, 0.08370390425982646, 0
-0.05849493229141159, -1.530124103446566, 0.12292161373287776, 0
-0.05783545814394925, -1.562047742327355, 0.16001691586498976, 0
-0.057256526613534156, -1.593006883881828, 0.19794083752079128, 0
-0.056744915915713796, -1.623643648441526, 0.23671806579169438, 0
-0.05627710641434131, -1.654329840225027, 0.2755755058524819, 0
-0.05583407245548702, -1.6849745330980739, 0.3143898703869428, 0
-0.05538131792042339, -1.7156666188987357, 0.35311879154194203, 0
-0.05486929867994712, -1.7462913159846019, 0.3918712067607607, 0
-0.05431042640768075, -1.7769062943872238, 0.4305823660367475, 0
-0.05422044280268001, -1.7584105664013518, 0.4764555166442801, 0
-0.05364370452149355, -1.7891616994758608, 0.5150815458796806, 0
-0.051914804462422554, -1.8203703530745619, 0.5533480134903671, 0
-0.04144205738570605, -1.8538753727230888, 0.5977645053610174, 0
-0.04452622393620463, -1.8523616892636547, 0.6487764114902582, 0
-0.05392310773261121, -1.8167133472220507, 0.6330250176403871, 0
-0.07738897309251976, -1.8490105069204628, 0.6872964747462751, 0
-0.0530356391994878, -1.8263860521078548, 0.7248027001288622, 0
-0.052896146336214554, -1.8031962761698497, 0.7692677476283023, 0
-0.05762498647017881, -1.7848688434964368, 0.8130398910836052, 0
-0.037605534096493476, -1.8079785871308687, 0.8551101849915403, 0
-0.045052028554465405, -1.9275521319937412, -0.533425513494042, 0
-0.05124001500480418, -1.8912626241194852, -0.4973187530437544, 0
-0.05345916467381971, -1.8578343459949778, -0.46089391745695996, 0
-0.05245147707117013, -1.8742998673352527, -0.41470166107193396, 0
-0.053806823493593676, -1.8442659484441617, -0.3770969024551541, 0
-0.05470826379634144, -1.8137163862411327, -0.3386296248089179, 0
-0.055078815200886186, -1.78301341303504, -0.29994876839628226, 0
-0.05535674532022841, -1.752319126090208, -0.2612371586543673, 0
-0.05562774822294384, -1.721615415768595, -0.22236316409567147, 0
-0.05595204930212693, -1.690880312602587, -0.18344090596647297, 0
-0.056342753758348095, -1.660173515758221, -0.14448163607131986, 0
-0.05679018209316228, -1.632613896752079, -0.1084200475035969, 0
-0.057215911481070324, -1.604153462270685, -0.07418101540416612, 0
-0.05769081902811878, -1.575047376331813, -0.04020811358870152, 0
-0.058189100876117034, -1.55, 5.560792060213181e-16, 0
-0.058700100738722345, -1.525033915845612, 0.042780398848061396, 0
-0.05813377322125719, -1.551929248871388, 0.08025003010758923, 0
-0.05755619532257823, -1.580875938773581, 0.11693597332981896, 0
-0.057039941479323605, -1.612456496121592, 0.15276073518350028, 0
-0.056574627781073035, -1.641841856176973, 0.19063761612563268, 0
-0.0561465879078743, -1.672609166033991, 0.2295293436343089, 0
-0.05576520922779135, -1.703280842206235, 0.268386524175807, 0
-0.055395072632365934, -1.734024750808938, 0.3071491288546051, 0
-0.054967864352415116, -1.7647329237059197, 0.34583151637307813, 0
-0.054418546615890274, -1.7953901169059578, 0.38455640201604624, 0
-0.05361608112931984, -1.8261477166214717, 0.4232389998707707, 0
-0.0538930839912614, -1.8074088000968138, 0.4692637411070651, 0
-0.05339443618963292, -1.8397788577111458, 0.5074931588058981, 0
-0.06156233248431601, -1.8772248490305639, 0.5444373455470712, 0
-0.06577445235951511, -1.9138806719486827, 0.5805693529125178, 0
-0.005286957013345732, -1.8990563617712548, 0.6273634790264135, 0
-0.08231875889329866, -1.8830881310487309, 0.6737797048764511, 0
-0.07489446997191683, -1.8659855984427147, 0.7197900710654338, 0
-0.03423106653177897, -1.8477590659076777, 0.7653668625933486, 0
-0.0758138324309237, -1.8284195122836868, 0.8104826260323441, 0
-0.059895443503621255, -1.9400625067070922, -0.4859603585369853, 0
-0.05485602764165969, -1.9051230532793937, -0.451702224421572, 0
-0.043255745970761476, -1.9191261706157208, -0.40419252233396546, 0
-0.05376082707394153, -1.8891167372137847, -0.37042659224067187, 0
-0.05478620070537259, -1.8625521986743319, -0.33150354534397897, 0
-0.055051435161508275, -1.831969037211615, -0.2927937358815304, 0
-0.055039555523476856, -1.801318254152427, -0.25405144580519656, 0
-0.05518016566453608, -1.770629973889344, -0.21524160504089634, 0
-0.05543171653532115, -1.739949481250468, -0.17634814674090957, 0
-0.05575777875510058, -1.709250710305982, -0.1373372338098774, 0
-0.056050908071852035, -1.680355808766392, -0.09900746682428734, 0
-0.056460380689403275, -1.655127595563618, -0.06513943335730711, 0
-0.05690985031707338, -1.625483433280748, -0.035536740090305795, 0
-0.05730372155173303, -1.6, 5.740172449252317e-16, 0
-0.05769081902812013, -1.575047376331813, 0.040208113588702285, 0
-0.057215911481079226, -1.604153462270685, 0.07418101540416687, 0
-0.056790182093175406, -1.632613896752079, 0.10842004750359768, 0
-0.05634275375836836, -1.660173515758221, 0.1444816360713207, 0
-0.05595204930214351, -1.690880312602587, 0.1834409059664738, 0
-0.055627748222958205, -1.721615415768595, 0.2223631640956723, 0
-0.055356745320254204, -1.752319126090208, 0.2612371586543681, 0
-0.055078815200902395, -1.78301341303504, 0.29994876839628304, 0
-0.05470826379633756, -1.8137163862411327, 0.3386296248089188, 0
-0.053806823493768474, -1.8442659484441617, 0.377096902455155, 0
-0.05245147707165506, -1.8742998673352527, 0.41470166107193485, 0
-0.05345916467368597, -1.8578343459949778, 0.46089391745696084, 0
-0.05124001500290687, -1.8912626241194848, 0.4973187530437553, 0
-0.04505202854733462, -1.9275521319937408, 0.5334255134940429, 0
-0.04852738714171346, -1.9514042603701418, -0.43820247900857145, 0
-0.03639756821660746, -1.9615705610388787, -0.3901806428638087, 0
-0.059061440678253835, -1.9289534975949967, -0.3583793973543492, 0
-0.05534399351950626, -1.9008681197929178, -0.3326135246391716, 0
-0.055356346246577814, -1.88826846745945, -0.2883204671027006, 0
-0.05498317997402563, -1.850198399710129, -0.24693433357904837, 0
-0.05476592561410853, -1.819599540244635, -0.20811832087116947, 0
-0.05485934880966248, -1.788971872024586, -0.16927364070638126, 0
-0.05505826751319885, -1.759366189386403, -0.13005416236622186, 0
-0.05542680471680144, -1.73334631228473, -0.08446628922661889, 0
-0.05583702904761943, -1.696831495518713, -0.05198191531327493, 0
-0.05631190720768712, -1.668226589286781, -0.029988870108708703, 0
-0.05643541561940946, -1.65, 5.919552838291451e-16, 0
-0.05690985031707732, -1.625483433280748, 0.035536740090306586, 0
-0.05646038068941729, -1.655127595563618, 0.06513943335730789, 0
-0.05605090807187791, -1.680355808766392, 0.09900746682428814, 0
-0.05575777875512887, -1.709250710305982, 0.13733723380987822, 0
-0.055431716535341, -1.739949481250468, 0.1763481467409104, 0
-0.05518016566455555, -1.770629973889344, 0.21524160504089723, 0
-0.05503955552347887, -1.801318254152427, 0.25405144580519734, 0
-0.055051435161648156, -1.831969037211615, 0.2927937358815313, 0
-0.054786200705148565, -1.8625521986743319, 0.33150354534397986, 0
-0.05376082707366341, -1.8891167372137847, 0.37042659224067276, 0
-0.043255745976460175, -1.9191261706157208, 0.40419252233396635, 0
-0.054856027641826594, -1.9051230532793937, 0.4517022244215729, 0
-0.0598954435056727, -1.9400625067070918, 0.4859603585369862, 0
-0.07903978921053696, -1.9705552849592298, -0.3419237764754685, 0
-0.05645521094572233, -1.9324841119494487, -0.31093932557300935, 0
-0.058830523500588844, -1.93992705931324, -0.26420265219891625, 0
-0.05485245452463324, -1.899961703778075, -0.23713906610812105, 0
-0.054191937809266094, -1.867293627296949, -0.20004092410567073, 0
-0.05422248803971934, -1.837947665295526, -0.16214906758298558, 0
-0.0545150399846241, -1.807416137733773, -0.12400935585313579, 0
-0.05477968882755366, -1.780893597146618, -0.09225907196800827, 0
-0.05474850677572872, -1.776569846480768, -0.045974476478002305, 0
-0.055345182034851705, -1.73480509929066, -0.03764029347432384, 0
-0.05578873664303884, -1.7, 6.098933227330585e-16, 0
-0.055837029047645884, -1.696831495518713, 0.05198191531327575, 0
-0.05542680471684192, -1.73334631228473, 0.08446628922661972, 0
-0.05505826751324666, -1.759366189386403, 0.13005416236622275, 0
-0.05485934880967139, -1.788971872024586, 0.16927364070638215, 0
-0.054765925614071335, -1.819599540244635, 0.20811832087117035, 0
-0.05498317997425713, -1.850198399710129, 0.24693433357904926, 0
-0.055356346246664974, -1.88826846745945, 0.2883204671027015, 0
-0.055343993519387694, -1.9008681197929178, 0.3326135246391725, 0
-0.059061440672677955, -1.9289534975949967, 0.3583793973543501, 0
-0.03639756822991407, -1.9615705610388787, 0.3901806428638096, 0
-0.04852738714057981, -1.9514042603701418, 0.43820247900857234, 0
-0.05631190720769701, -1.668226589286781, 0.0299888701087095, 0
-0.0365334017993024, -1.978353020057941, -0.29346094804526474, 0
-0.08380514390227992, -1.984959069281583, -0.244821349716056, 0
-0.05172633323701599, -1.946686137654028, -0.21696083777936154, 0
-0.05360221466834693, -1.912482003698244, -0.18668005450213204, 0
-0.053456389931533, -1.885264390806146, -0.15455984204448703, 0
-0.05369963168403639, -1.856638257864214, -0.11832672542766717, 0
-0.05414405138790734, -1.827769499847418, -0.07679107591606253, 0
-0.05426200314834047, -1.825867869265637, -0.03321336451665718, 0
-0.0543959117855166, -1.8, 6.457694005408856e-16, 0
-0.05529721099696986, -1.75, 6.278313616369721e-16, 0
-0.05474850677581216, -1.776569846480768, 0.045974476478003165, 0
-0.05477968882766845, -1.780893597146618, 0.09225907196800913, 0
-0.05451503998470201, -1.807416137733773, 0.12400935585313665, 0
-0.05422248803965965, -1.837947665295526, 0.16214906758298647, 0
-0.054191937808939605, -1.867293627296949, 0.20004092410567167, 0
-0.05485245452477283, -1.899961703778075, 0.237139066108122, 0
-0.05883052350977423, -1.93992705931324, 0.26420265219891714, 0
-0.05645521094311339, -1.9324841119494487, 0.31093932557301024, 0
-0.07903978918854344, -1.9705552849592298, 0.3419237764754694, 0
-0.05534518203488164, -1.73480509929066, 0.037640293474324675, 0
-0.01787102119769124, -1.990369453394393, -0.19603428015147462, 0
-0.05028595304221424, -1.953263734074862, -0.16883687731132185, 0
-0.05200788642527735, -1.921862200463924, -0.14534510318732005, 0
-0.05239305692467245, -1.904005333333834, -0.11251150993909537, 0
-0.053371406367159244, -1.876816303509594, -0.08555817925492668, 0
-0.05327814119487028, -1.874999999999999, -0.043301270189221544, 0
-0.053986605590270645, -1.85, 6.637074394447991e-16, 0
-0.05426200314853533, -1.825867869265637, 0.033213364516658066, 0
-0.054144051388115365, -1.827769499847418, 0.07679107591606339, 0
-0.05369963168422633, -1.856638257864214, 0.11832672542766806, 0
-0.053456389931066696, -1.885264390806146, 0.15455984204448797, 0
-0.053602214667510806, -1.912482003698244, 0.18668005450213299, 0
-0.05172633323068236, -1.946686137654028, 0.21696083777936248, 0
-0.08380514390657595, -1.984959069281583, 0.244821349716057, 0
-0.03653340181588495, -1.978353020057941, 0.2934609480452656, 0
-0.07858340012530626, -1.994580913381552, -0.14712912687165122, 0
-0.05379148297460586, -1.95160644545222, -0.11758838505231428, 0
-0.05225888501175576, -1.918232721701175, -0.07732185336542999, 0
-0.054437056074281905, -1.928261180649688, -0.03755398591533518, 0
-0.05387151869898921, -1.9, 6.816454783487124e-16, 0
-0.053278141195636335, -1.874999999999999, 0.043301270189222446, 0
-0.053371406367873575, -1.876816303509594, 0.08555817925492756, 0
-0.0523930569250119, -1.904005333333834, 0.11251150993909628, 0
-0.0520078864243563, -1.921862200463924, 0.145345103187321, 0
-0.05028595303805809, -1.953263734074862, 0.1688368773113228, 0
-0.017871021179827598, -1.990369453394393, 0.19603428015147562, 0
-0.027378232761698443, -1.9975909124211, -0.09813534843591842, 0
-0.045264063768536145, -1.959677407606051, -0.07007625196366446, 0
-0.05989209260602453, -1.964221249789569, -0.03508607853653895, 0
-0.04811417665956626, -1.95, 6.99583517252626e-16, 0
-0.054437056076576805, -1.928261180649688, 0.03755398591533611, 0
-0.052258885013285204, -1.918232721701175, 0.0773218533654309, 0
-0.05379148297630869, -1.95160644545222, 0.1175883850523152, 0
-0.07858340013290979, -1.994580913381552, 0.14712912687165222, 0
-0.07005194106690384, -1.99939763739569, -0.04908245691215015, 0
-0.047257456517198114, -2.0, 7.175215561565395e-16, 0
-0.05989209261539412, -1.964221249789569, 0.035086078536539896, 0
-0.045264063772268784, -1.959677407606051, 0.0700762519636654, 0
-0.02737823275735895, -1.9975909124211, 0.09813534843591937, 0
-0.07005194108428826, -1.99939763739569, 0.04908245691215112, 0
