h,F,energy,length,max_psi,overhang,r_min,r_max,z_min,z_max,nodes,H_err
-300.0,0.4442881501055015,203.16086354312827,357.00986960378884,1.6036640349379832,True,1.0,99.99999999999999,-300.0,-8.708557488958275e-21,2475,1.0747398804245023e-10
-299.9975,0.4442881499796006,203.1597528244179,357.00736962700927,1.6036640491597387,True,1.0,100.0,-299.9975,4.579271871093561e-21,2475,1.074725031191548e-10
-299.4975,0.4442881242534705,202.9376090885263,356.50737428657294,1.603665004018504,True,1.0,100.0,-299.4975,4.2881042954748955e-21,2472,1.0715553444562431e-10
-298.9975,0.4442880974259722,202.71546536524764,356.0073789742052,1.6036658786270048,True,1.0,100.0,-298.9975,-1.8899422635611576e-20,2468,1.0683855883319993e-10
-298.4975,0.4442880694749885,202.4933216552541,355.5073836858247,1.6036666662255339,True,1.0,99.99999999999999,-298.4975,-1.8767073737603092e-20,2466,1.0652131260391329e-10
-297.9975,0.4442880403787037,202.27117795905843,355.00738841697296,1.6036673598596007,True,1.0,99.99999999999999,-297.9975,-1.5167183711772315e-20,2464,1.0620429535812548e-10
-297.4975,0.44428801011575353,202.04903427723085,354.5073931630126,1.6036679523876205,True,1.0,100.0,-297.4975,6.935082255644584e-21,2461,1.0588695198432418e-10
-296.9975,0.44428797866507047,201.82689061036766,354.0073979190567,1.6036684762975062,True,1.0,100.0,-296.9975,6.008639969585193e-21,2460,1.0556984453291562e-10
-296.4975,0.44428794600603677,201.6047469590641,353.5074026799805,1.603669673884622,True,1.0,100.0,-296.4975,-8.84090638696676e-21,2457,1.0525236238123625e-10
-295.9975,0.4442879121186167,201.3826033238656,353.0074074403621,1.6036707633194065,True,1.0,100.0,-295.9975,2.3399285167900047e-20,2454,1.0493506757969229e-10
-295.4975,0.4442878769832246,201.16045970552742,352.50741219464817,1.6036717367163433,True,1.0,100.00000000000001,-295.4975,-8.285041015331125e-21,2451,1.0461748828349826e-10
-294.9975,0.444287840580876,200.93831610459404,352.0074169368958,1.6036725859892949,True,1.0,100.0,-294.9975,-9.926167350636332e-21,2446,1.0430017960416649e-10
-294.4975,0.44428780289332653,200.7161725217197,351.5074216609326,1.6036733028431776,True,1.0,100.0,-294.4975,2.276401045745932e-21,2444,1.0398261418576027e-10
-293.9975,0.4442877639029469,200.49402895754315,351.00742636031777,1.6036738787767573,True,1.0,100.0,-293.9975,2.1969917069408415e-21,2441,1.0366492386726378e-10
-293.4975,0.444287723592882,200.27188541272724,350.50743102832683,1.603674988989949,True,1.0,100.0,-293.4975,1.4293680984916318e-20,2439,1.0334732375438804e-10
-292.9975,0.4442876819471888,200.049741887875,350.0074356579073,1.603676194209685,True,1.0,99.99999999999999,-292.9975,-4.791030107907136e-21,2437,1.030297167026184e-10
-292.4975,0.44428763896285245,199.8275983837736,349.50744024146593,1.6036772474445224,True,1.0,99.99999999999999,-292.4975,1.810532924756067e-20,2432,1.0464201033455467e-10
-291.9975,0.44428759460138134,199.60545490104462,349.00744477212436,1.6036781393939374,True,1.0,100.0,-291.9975,8.337980574534519e-21,2430,1.0431484148698544e-10
-291.4975,0.4442875488618884,199.3833114403699,348.50744924160125,1.6036788605380516,True,1.0,100.0,-291.4975,1.410839252770444e-20,2428,1.0398779060061258e-10
-290.9975,0.44428750173227605,199.16116800244868,348.00745364169546,1.6036795280207097,True,1.0,100.0,-290.9975,1.9786160252268422e-20,2424,1.0366053154742261e-10
-290.4975,0.4442874532017316,198.9390245879713,347.5074579638861,1.6036808912675757,True,1.0,100.0,-290.4975,5.492479267352104e-21,2421,1.0333347372215584e-10
-289.9975,0.4442874032605889,198.71688119759722,347.00746219930926,1.6036820696156084,True,1.0,100.0,-289.9975,-3.3087224502121107e-21,2417,1.0300641589688908e-10
-289.4975,0.4442873519004962,198.4947378321288,346.5074663388788,1.6036830527077433,True,1.0,100.0,-289.4975,1.1077602763310147e-20,2414,1.0267930256047109e-10
-288.9975,0.4442872991145816,198.27259449223322,346.00747037308236,1.6036838299410652,True,1.0,100.0,-288.9975,6.313042435004707e-21,2412,1.0235216840737138e-10
-288.4975,0.4442872448973564,198.05045117861792,345.50747429210355,1.6036844191289334,True,1.0,100.0,-288.4975,-8.880611056369305e-21,2410,1.0202522854330098e-10
-287.9975,0.44428718924488625,197.82830789200602,345.0074780858053,1.603685840001779,True,1.0,100.0,-287.9975,-9.396771758602394e-22,2407,1.016983164348062e-10
-287.4975,0.44428713215496335,197.6061646330579,344.50748174365634,1.6036870377840184,True,1.0,100.0,-287.4975,4.539567201691016e-21,2404,1.0137117534281259e-10
-286.9975,0.4442870736270175,197.38402140259913,344.00748525490985,1.6036880009904948,True,1.0,100.00000000000001,-286.9975,-8.4967992521447e-21,2401,1.0104422853984829e-10
-286.4975,0.4442870136622958,197.16187820129994,343.50748860835887,1.6036887178799293,True,1.0,100.0,-286.4975,-5.135137242729196e-21,2397,1.0071738582029255e-10
-285.9975,0.4442869522640345,196.9397350298712,343.00749179247003,1.6036895530986712,True,1.0,100.0,-285.9975,1.537894194858589e-20,2395,1.0039050840626729e-10
-285.4975,0.4442868894373865,196.71759188903516,342.5074947953765,1.6036909037270344,True,1.0,100.0,-285.4975,3.0572595439959903e-21,2393,1.0006371425896887e-10
-284.9975,0.44428682518960044,196.49544877949754,342.0074976048366,1.6036919875278808,True,1.0,100.00000000000001,-284.9975,2.0514079191315086e-21,2390,9.973705195065463e-11
-284.4975,0.4442867595302025,196.27330570192754,341.5075002082294,1.6036927918202395,True,1.0,100.0,-284.4975,6.246867986000465e-21,2387,9.94102369866745e-11
-283.9975,0.4442866924709299,196.05116265711388,341.0075025926688,1.6036933036638792,True,1.0,100.0,-283.9975,-7.517417406881916e-21,2383,9.908367182287492e-11
-283.4975,0.4442866240259178,195.8290196457127,340.5075047448126,1.6036946702091759,True,1.0,100.0,-283.4975,-1.0905549195899117e-20,2380,9.875694012562164e-11
-282.9975,0.44428655421188323,195.60687666840695,340.0075066509651,1.603695794238567,True,1.0,100.00000000000001,-282.9975,9.926167350636332e-22,2377,9.843044435076109e-11
-282.4975,0.44428648305962004,195.38473372588484,339.5075082967312,1.6036966018738557,True,1.0,100.0,-282.4975,-5.121902352928347e-21,2374,9.994573918481464e-11
-281.9975,0.4442864105679594,195.16259081875347,339.0075096683676,1.6036970791815879,True,1.0,100.0,-281.9975,-3.5734202462290796e-22,2369,9.960972324751793e-11
-281.4975,0.44428633677333224,194.9404479477823,338.50751075082013,1.603698288412021,True,1.0,100.0,-281.4975,5.69100261436483e-22,2367,9.927358241013096e-11
-280.9975,0.44428626170347507,194.71830511355833,338.0075115288824,1.6036993569981093,True,1.0,100.0,-280.9975,-1.4002513409297652e-20,2363,9.893776770075746e-11
-280.4975,0.4442861853892518,194.4961623167173,337.50751198704825,1.6037000684826017,True,1.0,100.0,-280.4975,9.277657750394758e-21,2361,9.860194605249006e-11
-279.9975,0.4442861078646355,194.2740195578674,337.00751210941263,1.6037004078911294,True,1.0,100.0,-279.9975,-1.7205356741102976e-21,2359,9.826633257103978e-11
-279.4975,0.4442860291668888,194.05187683761008,336.50751187973805,1.6037016406740363,True,1.0,100.0,-279.4975,1.724506141050552e-20,2356,9.793068439511998e-11
-278.9975,0.44428594933675924,193.82973415646683,336.00751128134584,1.603702542494042,True,1.0,99.99999999999999,-278.9975,-1.9402348448043817e-20,2352,9.759526520269901e-11
-278.4975,0.44428586841846673,193.60759151509814,335.5075102973468,1.6037030425427472,True,1.0,100.0,-278.4975,-2.4762478817387436e-20,2350,9.726004029930735e-11
-277.9975,0.44428578645989153,193.38544891398053,335.00750891033823,1.6037034986152665,True,1.0,100.0,-277.9975,2.4113969217145863e-20,2347,9.69248431514913e-11
-277.4975,0.4442857035127701,193.16330635362712,334.5075071026348,1.6037045400115106,True,1.0,100.0,-277.4975,-1.2559910421005172e-20,2344,9.658982641491676e-11
-276.9975,0.44428561963267105,192.9411638345125,334.0075048561587,1.603705147732343,True,1.0,100.0,-276.9975,4.367513634279986e-21,2341,9.625480273944831e-11
-276.4975,0.4442855348792943,192.71902135704613,333.50750215248434,1.6037053049080703,True,1.0,100.0,-276.4975,-1.0601146730479603e-20,2336,9.592016764203848e-11
-275.9975,0.444285449316456,192.49687892174,333.0074989729106,1.6037060741656255,True,1.0,100.0,-275.9975,2.2499312661442353e-21,2334,9.5585435400114e-11
-275.4975,0.4442853630122803,192.27473652893863,332.5074952983285,1.603706729594158,True,1.0,100.0,-275.4975,-1.8886187745810728e-20,2331,9.52510362250969e-11
-274.9975,0.4442852760394008,192.0525941789897,332.0074911092859,1.6037068994919716,True,1.0,99.99999999999999,-274.9975,-2.371692252312041e-20,2328,9.491657460003466e-11
-274.4975,0.44428518847497006,191.8304518722133,331.5074863860501,1.6037071327050745,True,1.0,100.0,-274.4975,1.1434944787933055e-20,2326,9.458251543081886e-11
-273.9975,0.444285100411947,191.6083096088445,331.0074811081443,1.6037077688510097,True,1.0,100.0,-273.9975,-1.4823076576950256e-21,2318,9.601425210448156e-11
-273.4975,0.4442850119148594,191.38616738919956,330.50747525596336,1.6037078821623374,True,1.0,100.0,-273.4975,5.161607022330893e-21,2315,9.567061032278446e-11
-272.9975,0.4442849230865562,191.16402521341325,330.0074688084101,1.6037076782736477,True,1.0,100.0,-272.9975,-1.879354351720479e-21,2311,9.532703099113249e-11
-272.4975,0.4442848340239353,190.9418830816385,329.507461744525,1.603708221094247,True,1.0,100.00000000000001,-272.4975,-7.252719610864947e-21,2310,9.498351410952566e-11
-271.9975,0.44428474482910213,190.71974099396255,329.00745404301665,1.6037082014149604,True,1.0,100.0,-271.9975,6.273337765602162e-21,2305,9.46402956003567e-11
-271.4975,0.444284655609572,190.4975989503836,328.50744568233677,1.6037076487020399,True,1.0,100.00000000000001,-271.4975,4.552802091491864e-21,2302,9.429734076915608e-11
-270.9975,0.4442845664784642,190.2754569509733,328.00743664073076,1.6037080170637044,True,1.0,100.0,-270.9975,9.423241538204091e-21,2299,9.395465655481772e-11
-270.4975,0.4442844775545246,190.05331499561623,327.5074268961449,1.6037077808600766,True,1.0,100.0,-270.4975,1.1765817032954266e-20,2297,9.36120556072062e-11
-269.9975,0.4442843889623277,189.8311730841739,327.0074164262757,1.60370695729898,True,1.0,100.0,-269.9975,-3.0307897643942934e-21,2293,9.32696558875179e-11
-269.4975,0.44428430083246945,189.60903121645154,326.5074052086534,1.6037070629555856,True,1.0,100.0,-269.4975,-1.7734752333136913e-20,2289,9.292752678469185e-11
-268.9975,0.44428421330157414,189.38688939213577,326.00739322052016,1.6037065195482076,True,1.0,99.99999999999999,-268.9975,5.174841912131741e-21,2285,9.258590422112078e-11
-268.4975,0.4442841265125827,189.164747610983,325.50738043907353,1.603705493158547,True,1.0,99.99999999999999,-268.4975,-1.4161332086907834e-21,2282,9.224419145192897e-11
-267.9975,0.4442840406147576,188.94260587254232,325.0073668412451,1.6037052407419952,True,1.0,100.0,-267.9975,3.8381180422460484e-21,2279,9.190281868853845e-11
-267.4975,0.44428395576388036,188.72046417632532,324.5073524038058,1.6037042922862215,True,1.0,100.0,-267.4975,9.065899513581183e-21,2275,9.156181368652483e-11
-266.9975,0.44428387213315657,188.49832252177487,324.00733710312113,1.6037031215059891,True,1.0,100.0,-266.9975,-1.40157482990985e-20,2272,9.2927443517965e-11
-266.4975,0.4442837898702692,188.27618090819217,323.5073209163662,1.603702408509389,True,1.0,100.0,-266.4975,9.237953080992213e-21,2267,9.257642569204805e-11
-265.9975,0.4442837091621881,188.05403933493676,323.0073038197768,1.6037009499892814,True,1.0,99.99999999999999,-265.9975,1.3234889800848443e-20,2266,9.222592828317389e-11
-265.4975,0.4442836301920785,187.83189780113878,322.5072857897049,1.6036996840628404,True,1.0,99.99999999999999,-265.4975,-2.2234614865425384e-21,2263,9.187572230784369e-11
-264.9975,0.4442835531502815,187.60975630588345,322.00726680254263,1.6036984008455293,True,1.0,99.99999999999999,-264.9975,-2.4749243927586588e-21,2260,9.152576613269403e-11
-264.4975,0.44428347823448083,187.38761484815942,321.5072468346706,1.6036963200795047,True,1.0,100.0,-264.4975,6.6174449004242214e-21,2259,9.117608751330053e-11
-263.9975,0.4442834056497036,187.1654734268077,321.00722586240295,1.6036949994355143,True,1.0,100.00000000000001,-263.9975,-4.221929846470653e-21,2254,9.082681828864736e-11
-263.4975,0.4442833356085819,186.94333204069682,320.50720386225635,1.6036930292302494,True,1.0,99.99999999999999,-263.4975,-1.9442053117446362e-20,2253,9.047772253634179e-11
-262.9975,0.4442832683313383,186.72119068845478,320.00718081065736,1.6036907614299425,True,1.0,100.00000000000001,-262.9975,-8.046812998915853e-21,2251,9.012904311767045e-11
-262.4975,0.4442832040459527,186.49904936865195,319.5071566842354,1.6036888635618707,True,1.0,100.0,-262.4975,1.495542547495874e-21,2247,8.978062737696746e-11
-261.9975,0.44428314298831983,186.27690807967844,319.0071314596504,1.6036860825025605,True,1.0,100.0,-261.9975,1.5061304593365528e-20,2244,8.943272511441336e-11
-261.4975,0.4442830854022251,186.05476681996046,318.50710511388337,1.6036838310717392,True,1.0,100.0,-261.4975,8.457094582742155e-21,2239,8.908488530190439e-11
-260.9975,0.4442830315395846,185.83262558763658,318.00707762400793,1.6036810501866745,True,1.0,100.0,-260.9975,4.102815838263017e-21,2238,8.873745488413576e-11
-260.4975,0.44428298167075586,185.61048438079166,317.5070489670056,1.6036779342974872,True,1.0,100.0,-260.4975,9.793818452627848e-22,2235,9.003670725649116e-11
-259.9975,0.4442829360432309,185.3883431973636,317.0070191211557,1.603675110619478,True,1.0,100.0,-259.9975,6.643914680025918e-21,2231,8.967978443186198e-11
-259.4975,0.4442828949440326,185.16620203512232,316.50698806404677,1.6036713113879772,True,1.0,100.0,-259.4975,1.1514354126738145e-20,2228,8.932306283515601e-11
-258.9975,0.44428285865808853,184.94406089180902,316.0069557739837,1.6036682593279117,True,1.0,100.0,-258.9975,-3.771943593241806e-21,2224,8.89666118553123e-11
-258.4975,0.44428282747884634,184.72191976490677,315.50692222965165,1.60366433799779,True,1.0,100.0,-258.4975,-1.4902485915755347e-20,2223,8.861070904808699e-11
-257.9975,0.4442828017082086,184.49977865178468,315.0068874101334,1.6036604869300846,True,1.0,99.99999999999999,-257.9975,-1.3208420021246746e-20,2221,8.825526420785934e-11
-257.4975,0.4442827816566368,184.27763754962385,314.5068512950248,1.603656396069973,True,1.0,100.0,-257.4975,-6.657149569826767e-21,2216,8.790014549564518e-11
-256.9975,0.4442827676432393,184.05549645556405,314.00681386454033,1.60365177938648,True,1.0,100.0,-256.9975,8.404155023538761e-21,2214,8.75453529114445e-11
-256.4975,0.4442827599956894,183.83335536646305,313.50677509933183,1.6036474699165075,True,1.0,100.0,-256.4975,5.5454188265554975e-21,2211,8.719093502751463e-11
-255.9975,0.44428275905037556,183.61121427905556,313.0067349807675,1.6036421182676424,True,1.0,99.99999999999999,-255.9975,-1.426721120531462e-20,2208,8.683714858293001e-11
-255.4975,0.4442827651523087,183.38907318990545,312.5066934908996,1.603637539526516,True,1.0,100.0,-255.4975,-1.6715665818471583e-20,2207,8.648361193852594e-11
-254.9975,0.4442827786652031,183.16693209536416,312.0066506121142,1.60363181118932,True,1.0,100.0,-254.9975,3.639594695233322e-21,2200,8.77282690936454e-11
-254.4975,0.4442827999312953,182.94479099171193,311.5066063286726,1.603626580834794,True,1.0,100.0,-254.4975,2.4802183486789982e-20,2198,8.736496248662462e-11
-253.9975,0.4442828293316506,182.72264987494037,311.0065606246566,1.6036204922257447,True,1.0,100.00000000000001,-253.9975,-2.898440866385809e-21,2196,8.700237752456985e-11
-253.4975,0.44428286724589117,182.5005087408861,310.5065134853328,1.6036145660049974,True,1.0,100.0,-253.4975,7.332128949670037e-21,2193,8.663992440149926e-11
-252.9975,0.44428291406216086,182.27836758515986,310.0064648969686,1.6036080626531366,True,1.0,100.0,-252.9975,-6.538035561619131e-21,2190,8.627829006790932e-11
-252.4975,0.4442829701771007,182.0562264032863,309.506414846938,1.6036014637014213,True,1.0,100.0,-252.4975,1.0442328052869421e-20,2187,8.591705819016582e-11
-251.9975,0.4442830359958269,181.83408519047566,309.00636332356083,1.6035944898095134,True,1.0,100.0,-251.9975,-1.2533440641403475e-20,2185,8.555623570716264e-11
-251.4975,0.4442831119317395,181.61194394177448,308.50631031640256,1.603587239389634,True,1.0,100.0,-251.4975,5.4527745979495584e-21,2181,8.519587119115712e-11
-250.9975,0.44428319840653363,181.38980265203625,308.00625581623285,1.603579737914085,True,1.0,100.0,-250.9975,8.576208590949791e-21,2176,8.483614505339077e-11
-250.4975,0.4442832958499735,181.16766131581505,307.5061998150931,1.6035718556210221,True,1.0,99.99999999999999,-250.4975,-2.686682629572234e-21,2173,8.44767589214257e-11
-249.9975,0.44428340470960986,180.945519927579,307.0061423061061,1.6035637683593416,True,1.0,100.0,-249.9975,6.5909751208225245e-21,2169,8.566988785041474e-11
-249.4975,0.4442835254114722,180.72337848152975,306.5060832847285,1.603555272345962,True,1.0,100.0,-249.4975,4.4998625322884706e-21,2167,8.530062767242441e-11
-248.9975,0.4442836584186375,180.50123697160313,306.0060227470299,1.6035465400303768,True,1.0,100.0,-248.9975,1.8131799027162367e-21,2164,8.49322903673233e-11
-248.4975,0.4442838041918832,180.27909539149638,305.50596069087817,1.6035374472136135,True,1.0,100.00000000000001,-248.4975,1.597451198962407e-20,2161,8.456442490700766e-11
-247.9975,0.4442839631991977,180.0569537347791,305.005897115939,1.6035280095952693,True,1.0,100.0,-247.9975,6.961552035246281e-21,2158,8.419721864161289e-11
-247.4975,0.4442841359156611,179.83481199468136,304.50583202352146,1.603518335887556,True,1.0,100.0,-247.4975,8.510034141945549e-21,2153,8.383055360994263e-11
-246.9975,0.4442843228230954,179.61267016422792,304.00576541677844,1.6035081318322084,True,1.0,100.0,-246.9975,2.1705219273391446e-20,2150,8.346438817863344e-11
-246.4975,0.44428452440988836,179.3905282361686,303.5056973007632,1.6034978923560155,True,1.0,100.0,-246.4975,7.107135823055614e-21,2147,8.309870846989753e-11
-245.9975,0.4442847411706191,179.1683862031153,303.00562768252223,1.6034868599413843,True,1.0,99.99999999999999,-245.9975,-1.053497228147536e-20,2143,8.273365326161297e-11
-245.4975,0.4442849736152624,178.94624405731207,302.5055565708627,1.6034760692639902,True,1.0,100.0,-245.4975,-1.641126335305207e-21,2138,8.387866096137842e-11
-244.9975,0.4442852222308752,178.72410179079532,302.00548397765334,1.6034641458745245,True,1.0,100.00000000000001,-244.9975,1.3976043629695956e-20,2134,8.350417579627845e-11
-244.4975,0.44428548753826447,178.50195939532085,301.5054099160939,1.603452818230461,True,1.0,100.0,-244.4975,1.7734752333136913e-20,2128,8.313035676499325e-11
-243.9975,0.4442857700535455,178.27981686247122,301.00533440208534,1.6034403164697215,True,1.0,100.0,-243.9975,7.027726484250523e-21,2123,8.275689855619106e-11
-243.4975,0.44428607029718714,178.05767418348344,300.5052574538979,1.6034280901771893,True,1.0,100.0,-243.4975,8.708557488958275e-21,2119,8.23842036257183e-11
-242.9975,0.4442863887936585,177.8355313493587,300.005179092344,1.6034150959593536,True,1.0,100.0,-242.9975,-7.186545161860704e-21,2116,8.201230666804449e-11
-242.4975,0.4442867260708662,177.61338835081486,299.5050993408499,1.603401835655417,True,1.0,99.99999999999999,-242.4975,-1.257314531080602e-21,2111,8.164088155515614e-11
-241.9975,0.44428708265974476,177.39124517838886,299.00501822560835,1.6033883632879444,True,1.0,100.0,-241.9975,-5.7836468429707695e-21,2108,8.127027523174846e-11
-241.4975,0.4442874590936466,177.1691018222729,298.5049357755782,1.6033740051827003,True,1.0,100.0,-241.4975,1.0243804705856695e-20,2102,8.090011299755062e-11
-240.9975,0.444287855917,176.94695827238203,298.0048520223484,1.6033600694855992,True,1.0,100.0,-240.9975,4.393983413881683e-21,2097,8.199182999213406e-11
-240.4975,0.44428827364795237,176.72481451837822,297.50476700139734,1.603345087556108,True,1.0,100.00000000000001,-240.4975,8.66885281955573e-21,2092,8.161236964010499e-11
-239.9975,0.44428871283296223,176.50267054972892,297.0046807504993,1.6033301661067607,True,1.0,99.99999999999999,-239.9975,1.214962883717887e-20,2088,8.123365174972363e-11
-239.4975,0.4442891740093006,176.28052635554127,296.50459331087814,1.60331476745272,True,1.0,100.0,-239.4975,6.1409888675936775e-21,2084,8.085555142089973e-11
-238.9975,0.4442896577135236,176.0583819246915,296.0045047271159,1.6032986055546006,True,1.0,100.00000000000001,-238.9975,-9.251187970793062e-21,2077,8.047837396496504e-11
-238.4975,0.4442901644808284,175.83623724574088,295.5044150472418,1.6032828073316208,True,1.0,100.0,-238.4975,-4.274869405674047e-21,2072,8.01018071316939e-11
-237.9975,0.4442906948442109,175.61409230709432,295.00432432280525,1.6032660621056625,True,1.0,100.0,-237.9975,-1.4174566976708682e-20,2066,7.972588561555582e-11
-237.4975,0.4442912493427294,175.39194709678517,294.50423260873936,1.603249162124968,True,1.0,100.0,-237.4975,-1.6887719385882613e-20,2061,8.077969543274222e-11
-236.9975,0.4442918284846082,175.16980160262156,294.00413996458633,1.603232068579178,True,1.0,100.0,-236.9975,1.0151160477250756e-20,2055,8.039439253204606e-11
-236.4975,0.44429243280048347,174.94765581212016,293.5040464528534,1.6032140976282503,True,1.0,100.00000000000001,-236.4975,-1.6014216659026616e-21,2045,8.001005413760254e-11
-235.9975,0.4442930628063872,174.7255097126054,293.0039521404842,1.603196367725584,True,1.0,99.99999999999999,-235.9975,-8.192396786725186e-21,2043,7.962636799918599e-11
-235.4975,0.44429371901178355,174.5033632910926,292.50385709830954,1.6031781037986739,True,1.0,100.0,-235.4975,4.84396966711053e-21,2040,7.924371575596112e-11
-234.9975,0.4442944019186487,174.28121653435284,292.003761401435,1.6031590341573672,True,1.0,100.0,-234.9975,5.254251250936832e-21,2037,7.886177127991445e-11
-234.4975,0.4442951120203617,174.05906942887984,291.5036651292654,1.6031403875744912,True,1.0,99.99999999999999,-234.4975,-8.562973701148942e-21,2033,7.84805623266216e-11
-233.9975,0.44429584980944375,173.8369219610211,291.0035683654163,1.603121085406326,True,1.0,100.0,-233.9975,1.2361387073992446e-20,2028,7.949179509081361e-11
-233.4975,0.44429661574132706,173.61477411679593,290.50347119881144,1.603101051971176,True,1.0,100.0,-233.4975,1.7205356741102976e-22,2024,7.910149618650664e-11
-232.9975,0.4442974102859289,173.39262588195587,290.00337372218655,1.6030814078256137,True,1.0,100.0,-232.9975,5.942465520580951e-21,2021,7.871191892716567e-11
-232.4975,0.44429823389119777,173.17047724215888,289.50327603338656,1.6030612083964177,True,1.0,100.0,-232.4975,-1.181875659215766e-20,2018,7.832353515757617e-11
-231.9975,0.4442990869907142,172.94832818273406,289.00317823507254,1.6030403555402635,True,1.0,100.0,-231.9975,1.2705494208814505e-20,2016,7.793565098834776e-11
-231.4975,0.4442999700023804,172.7261786888261,288.5030804349073,1.603019639562857,True,1.0,100.0,-231.4975,1.4558378780933287e-22,2014,7.754889091993178e-11
-230.9975,0.4443008833270763,172.50402874535732,288.0029827456512,1.6029986942514924,True,1.0,100.00000000000001,-230.9975,-1.2176098616780567e-20,2011,7.716313005223796e-11
-230.4975,0.4443018273557443,172.2818783371285,287.5028852850363,1.6029771773594785,True,1.0,100.0,-230.4975,-1.7549463875925035e-20,2006,7.812771263271401e-11
-229.9975,0.44430280243396525,172.0597274486654,287.00278817687257,1.6029553225729063,True,1.0,99.99999999999999,-229.9975,-6.855672916839493e-21,2005,7.773268834165847e-11
-229.4975,0.44430380891155113,171.83757606433477,286.50269154961234,1.6029337946456381,True,1.0,99.99999999999999,-229.4975,4.896909226313924e-21,2001,7.733886447924831e-11
-228.9975,0.4443048471068865,171.61542416840695,286.0025955375336,1.6029117815641698,True,1.0,100.0,-228.9975,1.2798138437420444e-20,1998,7.694599124530299e-11
-228.4975,0.4443059173138891,171.39327174491854,285.50250028052307,1.6028893261920636,True,1.0,100.0,-228.4975,3.732238923839261e-21,1996,7.655395067862614e-11
-227.9975,0.4443070198003722,171.17111877780192,285.0024059242379,1.602866794875274,True,1.0,100.0,-227.9975,5.6910026143648304e-21,1994,7.616290237377754e-11
-227.4975,0.4443081548146207,170.94896525082967,284.5023126199061,1.6028444672328883,True,1.0,100.0,-227.4975,-1.6371558683649524e-20,1988,7.7087378147489e-11
-226.9975,0.44430932255054373,170.7268111477364,284.00222052551504,1.6028217906981672,True,1.0,100.0,-226.9975,-8.536503921547246e-21,1986,7.668744805844341e-11
-226.4975,0.4443105231956507,170.50465645208604,283.5021298043051,1.6027988106378088,True,1.0,100.0,-226.4975,1.8925892415213273e-21,1983,7.628861431463463e-11
-225.9975,0.44431175689597335,170.28250114738674,283.0020406259248,1.6027755730903148,True,1.0,100.00000000000001,-225.9975,-9.793818452627848e-22,1980,7.589080058822972e-11
-225.4975,0.44431302376249726,170.06034521707133,282.5019531662637,1.602752876068874,True,1.0,100.0,-225.4975,5.43953970814871e-21,1975,7.549409708484944e-11
-224.9975,0.44431432387730635,169.83818864453798,282.0018676073027,1.6027299785179694,True,1.0,100.0,-224.9975,3.771943593241806e-21,1972,1.4890145366708296e-10
-224.4975,0.4443156572591882,169.61603141318608,281.5017841382033,1.6027069269429666,True,1.0,100.0,-224.4975,-8.973255284975244e-21,1968,1.4798078734612474e-10
-223.9975,0.4443170239102951,169.39387350633294,281.00170295385766,1.6026837703215653,True,1.0,100.0,-223.9975,9.423241538204091e-21,1965,1.4706375006667827e-10
-223.4975,0.4443184237815045,169.1717149074015,280.5016242560266,1.6026605584195759,True,1.0,100.0,-223.4975,-1.4823076576950256e-20,1962,1.4615060550671188e-10
-222.9975,0.44431985677842856,168.94955559978408,280.0015482531259,1.6026377523806474,True,1.0,100.0,-222.9975,6.101284198191132e-21,1959,1.4524086100475841e-10
-222.4975,0.4443213227670968,168.72739556692656,279.5014751600568,1.6026151256432015,True,1.0,100.0,-222.4975,-3.891057601449442e-21,1954,1.4558973471245906e-10
-221.9975,0.4443228215401056,168.50523479242486,279.0014051992917,1.6025925583461926,True,1.0,100.0,-221.9975,-1.539217683838674e-20,1953,1.4467687464714274e-10
-221.4975,0.4443243528618176,168.2830732599249,278.50133859942883,1.6025701035260262,True,1.0,100.0,-221.4975,-3.560185356428231e-21,1949,1.4376793505688212e-10
-220.9975,0.4443259164342818,168.0609109532218,278.00127559624616,1.6025478150882495,True,1.0,100.0,-220.9975,1.6014216659026616e-21,1947,1.42862714713754e-10
-220.4975,0.4443275119027778,167.83874785625358,277.5012164325113,1.6025257478203077,True,1.0,100.0,-220.4975,9.18501352178882e-21,1943,1.4196093606200222e-10
-219.9975,0.4443291388610338,167.6165839532198,277.00116135780695,1.6025039574062163,True,1.0,100.0,-219.9975,-3.8381180422460484e-21,1940,1.4228267175564469e-10
-219.4975,0.4443307968180101,167.39441922847337,276.5011106295143,1.602482500438847,True,1.0,99.99999999999999,-219.4975,-6.220398206398768e-22,1937,1.4137799264624107e-10
-218.9975,0.44433248524153457,167.17225366662032,276.00106451140607,1.6024616906747395,True,1.0,100.0,-218.9975,3.2954875604112623e-21,1933,1.4047718543963583e-10
-218.4975,0.44433420352485536,166.95008725263486,275.5010232746674,1.602441320435103,True,1.0,100.00000000000001,-218.4975,0.0,1930,1.3958036809702534e-10
-217.9975,0.4443359509992248,166.72791997170742,275.00098719741123,1.6024214182637548,True,1.0,100.0,-217.9975,5.419687373447437e-21,1927,1.39878476856925e-10
-217.4975,0.4443377269012086,166.50575180941675,274.5009565656552,1.6024020443103912,True,1.0,100.0,-217.4975,4.8572045569113785e-21,1922,1.3897857864542118e-10
-216.9975,0.4443395304150768,166.28358275179525,274.0009316719236,1.6023832596515628,True,1.0,100.0,-216.9975,-4.400600858782107e-21,1920,1.380826702979121e-10
-216.4975,0.4443413606398971,166.0614127852342,273.50091281617404,1.6023651262910406,True,1.0,100.0,-216.4975,-4.162372842366835e-21,1917,1.3719035629744525e-10
-215.9975,0.44434321660157333,165.8392418966051,273.0009003053487,1.6023477071590584,True,1.0,100.0,-215.9975,-6.564505341220828e-21,1913,1.3746245114409916e-10
-215.4975,0.44434509722077287,165.61707007334422,272.50089445425607,1.6023310661147152,True,1.0,100.00000000000001,-215.4975,-5.7571770633690726e-21,1909,1.3656776404191717e-10
-214.9975,0.4443470013539956,165.39489730338076,272.0008955841789,1.6023152679282686,True,1.0,100.00000000000001,-214.9975,6.4983308922165854e-21,1907,1.356766504700957e-10
-214.4975,0.444348927761292,165.17272357525067,271.50090402377185,1.6023003782813865,True,1.0,100.0,-214.4975,-1.1693025139049599e-20,1903,1.3478970717351046e-10
-213.9975,0.44435087511775534,164.95054887818296,271.00092010854763,1.6022864637556926,True,1.0,100.0,-213.9975,1.1070985318409722e-20,1898,1.3503267254355578e-10
-213.4975,0.4443528419821759,164.72837320203715,270.500944181725,1.6022735918207938,True,1.0,100.0,-213.4975,-4.387365968981259e-21,1896,1.3414330063410418e-10
-212.9975,0.4443548268366885,164.50619653741205,270.00097659282915,1.6022618308144467,True,1.0,100.0,-212.9975,2.8190315275807183e-21,1892,1.332576965440424e-10
-212.4975,0.4443568280621508,164.28401887576373,269.50101769829814,1.6022512499317312,True,1.0,100.0,-212.4975,-3.0638769888964145e-21,1889,1.3347582067391173e-10
-211.9975,0.4443588439145387,164.06184020932673,269.0010678620364,1.6022419758299644,True,1.0,100.0,-211.9975,-1.9918509150276906e-21,1884,1.3258808634342145e-10
-211.4975,0.4443608725635172,163.8396605311902,268.5011274540066,1.602234305005406,True,1.0,100.0,-211.4975,-3.791795927943079e-21,1881,1.3170441126586496e-10
-210.9975,0.4443629120682465,163.6174798354887,268.00119685079676,1.6022280700749418,True,1.0,100.00000000000001,-210.9975,3.4212190135193225e-21,1876,1.3189480063680037e-10
-210.4975,0.44436496035430717,163.3952981173006,267.5012764361287,1.6022233436368472,True,1.0,100.0,-210.4975,9.535738101511303e-21,1874,1.310090300132849e-10
-209.9975,0.44436701525110434,163.1731153727453,267.001366599443,1.6022201990158949,True,1.0,100.0,-209.9975,2.7727094132777488e-21,1869,1.301273117038093e-10
-209.4975,0.4443690744681954,162.95093159912918,266.5014677363909,1.6022187102365488,True,1.0,100.0,-209.4975,-1.5749518863009647e-21,1865,1.302876626030347e-10
-208.9975,0.44437113558473046,162.72874679486915,266.0015802489232,1.6022189519833467,True,1.0,100.0,-208.9975,8.146074672422217e-21,1862,1.2940419569229533e-10
-208.4975,0.444373196052072,162.50656095963785,265.5017045449425,1.602221351508713,True,1.0,100.0,-208.4975,-4.612359095595682e-21,1857,1.285250725291398e-10
-207.9975,0.44437525319590515,162.28437409446153,265.00184103791287,1.602225942867636,True,1.0,100.0,-207.9975,-1.0793052632591905e-20,1852,1.2865235959891308e-10
-207.4975,0.4443773041910971,162.06218620167724,264.50199014738854,1.6022325368012946,True,1.0,100.0,-207.4975,-9.065899513581183e-22,1849,1.277720568237939e-10
-206.9975,0.44437934612696084,161.8399972850649,264.0021522966385,1.6022412104151846,True,1.0,100.0,-206.9975,-1.0687173514185118e-20,1843,1.2786943726084132e-10
-206.4975,0.4443813758946062,161.61780734996057,263.5023279158194,1.6022524238229006,True,1.0,100.0,-206.4975,-1.373119816838026e-20,1841,1.269883712073927e-10
-205.9975,0.44438339029345075,161.3956164032283,263.002517438345,1.6022663454099042,True,1.0,100.0,-205.9975,6.3792168840089494e-21,1836,1.2705351354336258e-10
-205.4975,0.44438538596974203,161.17342445338298,262.5027213024126,1.602282625273167,True,1.0,100.00000000000001,-205.4975,-3.460923682921868e-21,1829,1.2617140665582838e-10
-204.9975,0.4443873593756574,160.9512315106762,262.00293995188593,1.6023016297728763,True,1.0,100.0,-204.9975,-7.808584982500581e-22,1825,1.2620149369979572e-10
-204.4975,0.44438930686037326,160.72903758713593,261.50317383310465,1.6023238669570254,True,1.0,100.0,-204.4975,-3.202843331805323e-21,1823,1.2531946314009446e-10
-203.9975,0.4443912246191929,160.50684269665712,261.0034233960461,1.6023487440499176,True,1.0,100.0,-203.9975,-3.7520912585405335e-21,1817,1.2531195525689043e-10
-203.4975,0.4443931086803651,160.28464685512787,260.50368909426555,1.6023770650656153,True,1.0,100.0,-203.4975,-1.2771668657818747e-21,1812,1.2526860104777882e-10
-202.9975,0.44439495489653513,160.06245008040082,260.0039713847893,1.602408612561127,True,1.0,99.99999999999999,-202.9975,-5.466009487750407e-21,1809,1.2438303859108046e-10
-202.4975,0.44439675898668585,159.84025239244644,259.50427072630634,1.6024435155973298,True,1.0,100.0,-202.4975,-1.1580528575742387e-21,1804,1.235020627432526e-10
-201.9975,0.4443985164993158,159.618053813468,259.00458757981283,1.6024822427787586,True,1.0,99.99999999999999,-201.9975,-4.751325438504591e-21,1801,1.2262520165950974e-10
-201.4975,0.44440022280183333,159.39585436787956,258.5049224085306,1.6025245084043072,True,1.0,100.0,-201.4975,4.400600858782107e-21,1796,1.217527814678654e-10
-200.9975,0.44440187310670026,159.17365408250245,258.0052756764687,1.6025709220057192,True,1.0,100.0,-200.9975,-1.4690727678941772e-20,1793,1.2088501033513666e-10
-200.4975,0.44440346244995266,158.95145298655447,257.5056478486595,1.6026213234378588,True,1.0,100.0,-200.4975,1.7231826520704673e-20,1790,1.2002127763866e-10
-199.9975,0.44440498569756576,158.72925111177526,257.006039390369,1.6026759257551138,True,1.0,100.00000000000001,-199.9975,-1.0845992191795299e-20,1784,1.1916233971787094e-10
-199.4975,0.4444064375275895,158.50704849258815,256.5064507670608,1.6027352265746215,True,1.0,100.0,-199.4975,4.393983413881683e-21,1781,1.1830760676678764e-10
-198.9975,0.44440781245145927,158.28484516601964,256.0068824431993,1.6027988459246518,True,1.0,100.0,-198.9975,-5.836586402174163e-21,1778,1.1745695388531985e-10
-198.4975,0.4444091047964454,158.06264117193092,255.50733488217932,1.6028674650774326,True,1.0,100.0,-198.4975,7.146840492458159e-21,1774,1.1661088067382863e-10
-197.9975,0.4444103087108646,157.84043655309986,255.00780854548938,1.6029411840581511,True,1.0,100.00000000000001,-197.9975,-9.721026558723181e-21,1770,1.1576890140974072e-10
-197.4975,0.44441141814968516,157.61823135521647,254.50830389262313,1.603019941665995,True,1.0,100.0,-197.4975,5.697620059265255e-21,1765,1.1493150875452329e-10
-196.9975,0.4444124269105651,157.3960256270826,254.00882137917156,1.6031040048740444,True,1.0,100.0,-196.9975,4.929996450816045e-21,1762,1.1409817535223965e-10
-196.4975,0.4444133285476847,157.17381942065293,253.50936145895574,1.6031938222231394,True,1.0,99.99999999999999,-196.4975,-8.053430443816277e-21,1758,1.1326940080325087e-10
-195.9975,0.44441411647568746,156.9516127910957,253.00992458002898,1.6032895661962663,True,1.0,100.0,-195.9975,7.596826745687006e-21,1754,1.1244478959060444e-10
-195.4975,0.44441478390877676,156.7294057969852,252.51051118582086,1.603391293608144,True,1.0,100.0,-195.4975,1.4293680984916318e-21,1750,1.116244249810272e-10
-194.9975,0.444415323868601,156.50719850027372,252.01112171427314,1.6034992532447838,True,1.0,99.99999999999999,-194.9975,-5.121902352928347e-21,1746,1.1080836248567039e-10
-194.4975,0.44441572918796945,156.2849909665128,251.5117565968385,1.6036136881513159,True,1.0,100.0,-194.4975,-2.3161057151484775e-22,1742,1.0999638699882297e-10
-193.9975,0.4444159925025433,156.06278326484446,251.0124162580987,1.6037348353207754,True,1.0,100.0,-193.9975,-5.505714157152952e-21,1738,1.091887621984533e-10
-193.4975,0.4444161062621462,155.84057546814685,250.51310111456536,1.6038629253652061,True,1.0,100.0,-193.4975,-1.0084986028246513e-20,1735,1.0838540481783454e-10
-192.9975,0.44441606272443623,155.6183676531273,250.01381157401326,1.603998182165814,True,1.0,100.0,-192.9975,-3.937379715752412e-21,1730,1.0758602342342272e-10
-192.4975,0.44441585395117134,155.39615990039897,249.51454803492385,1.604140869050322,True,1.0,100.0,-192.4975,-7.934316435608641e-21,1725,1.067911037377911e-10
-191.9975,0.4444154718172155,155.1739522946316,249.01531088519272,1.6042915132828526,True,1.0,100.0,-191.9975,1.1640085579846205e-20,1723,1.0600021554951766e-10
-191.4975,0.4444149080064738,154.9517449245674,248.51610050154397,1.6044500295361313,True,1.0,100.0,-191.4975,5.293955920339377e-22,1718,1.052137404977671e-10
-190.9975,0.44441415401015344,154.72953788313868,248.01691724865225,1.6046166088633893,True,1.0,99.99999999999999,-190.9975,1.1626850690045357e-20,1714,1.0443136633231376e-10
-190.4975,0.4444132011339565,154.50733126763973,247.51776147796025,1.604791912714651,True,1.0,100.0,-190.4975,2.9182932010870816e-21,1711,1.0365307223647591e-10
-189.9975,0.44441204049552413,154.28512517969264,247.01863352699488,1.6049758973650552,True,1.0,100.0,-189.9975,-1.0812904967293178e-20,1707,1.0287891372140479e-10
-189.4975,0.44441066302787285,154.06291972546833,246.51953371817174,1.6051689935879534,True,1.0,100.0,-189.4975,-3.9572320504536844e-21,1703,1.0210857853687472e-10
-188.9975,0.4444090594786724,153.8407150156612,246.02046235804525,1.6053713324978731,True,1.0,100.0,-188.9975,1.8065624578158124e-21,1698,1.0134287853347246e-10
-188.4975,0.44440722041666997,153.6185111656894,245.52141973596855,1.6055835331602328,True,1.0,100.0,-188.4975,-7.940933880509066e-22,1695,1.005810781884442e-10
-187.9975,0.4444051362320639,153.39630829568998,245.02240612327486,1.6058055566018639,True,1.0,100.0,-187.9975,4.9339669177562995e-20,1689,9.982333015745581e-11
-187.4975,0.44440279713870406,153.17410653066554,244.5234217721552,1.606037795083757,True,1.0,100.0,-187.4975,4.129285617864714e-21,1683,9.906977321838539e-11
-186.9975,0.4444001931797126,152.9519060005482,244.02446691438448,1.606280609172457,True,1.0,100.0,-186.9975,3.091670257478196e-20,1680,9.832028941003657e-11
-186.4975,0.4443973142294897,152.72970684028783,243.5255417604449,1.6065343267992744,True,1.0,100.0,-186.4975,-3.033436742354463e-20,1674,9.757476771010687e-11
-185.9975,0.44439414999856036,152.5075091899697,243.0266464981184,1.606799242322889,True,1.0,100.0,-185.9975,-1.4717197458543468e-20,1672,9.68335550632915e-11
-185.4975,0.44439069003766385,152.28531319481993,242.52778129152924,1.6070756155794477,True,1.0,100.00000000000001,-185.4975,1.3393708478458624e-20,1666,9.609603390803301e-11
-184.9975,0.44438692374330596,152.0631190053651,242.02894627969943,1.6073636709381078,True,1.0,100.00000000000001,-184.9975,4.5686839592528825e-20,1663,9.536283568367665e-11
-184.4975,0.4443828403620616,151.84092677743206,241.53014157555387,1.6076640683275305,True,1.0,99.99999999999999,-184.4975,-3.1234339930002325e-20,1659,9.463330119530156e-11
-183.9975,0.4443784289966479,151.61873667230745,241.03136726443125,1.60797671287515,True,1.0,100.0,-183.9975,-3.197549375884984e-20,1654,9.390829780464571e-11
-183.4975,0.4443736786132086,151.39654885672758,240.5326234029595,1.608302154239011,True,1.0,100.0,-183.4975,1.5934807320221525e-20,1652,9.318682631098696e-11
-182.9975,0.44436857804531865,151.17436350296998,240.03391001772906,1.6086406579235317,True,1.0,100.0,-182.9975,-6.03510974918689e-21,1646,9.246927529238391e-11
-182.4975,0.44436311600453865,150.95218078897537,239.53522710377504,1.6089924510039628,True,1.0,100.0,-182.4975,4.817499887508833e-21,1643,9.175615822698546e-11
-181.9975,0.4443572810843509,150.73000089831365,239.0365746235171,1.6093579464439283,True,1.0,100.0,-181.9975,1.9322939109238726e-20,1637,9.104667020309876e-11
-181.4975,0.44435106176969275,150.50782402029472,238.53795250508307,1.609737154783039,True,1.0,99.99999999999999,-181.4975,-1.3023131564034868e-20,1633,9.034094305970797e-11
-180.9975,0.44434444644745946,150.28565035000358,238.03936064109618,1.6101305427435708,True,1.0,100.0,-180.9975,-3.14460981668159e-20,1630,8.96396984417791e-11
-180.4975,0.4443374234108246,150.0634800883924,237.54079888712843,1.6105381156191665,True,1.0,100.0,-180.4975,-2.9434394917086937e-20,1625,8.894185388186315e-11
-179.9975,0.44432998087447373,149.84131344224053,237.0422670603098,1.6109600829346988,True,1.0,100.0,-179.9975,4.0922279264223385e-20,1621,8.824815184160784e-11
-179.4975,0.44432210697847135,149.61915062427883,236.54376493778398,1.6113963451496887,True,1.0,100.0,-179.4975,-5.770411953169921e-21,1617,8.755841884866555e-11
-178.9975,0.4443137898054739,149.39699185314453,236.04529225526028,1.6118468790738596,True,1.0,99.99999999999999,-178.9975,-3.65282958503417e-21,1613,8.687258551409727e-11
-178.4975,0.4443050173848124,149.17483735348765,235.54684870543676,1.6123112761893628,True,1.0,100.0,-178.4975,4.5686839592528825e-20,1608,8.619059632675174e-11
-177.9975,0.44429577771175427,148.95268735591023,235.04843393647553,1.612788842592436,True,1.0,100.0,-177.9975,1.3023131564034868e-20,1604,8.551243740884118e-11
-177.4975,0.44428605875190436,148.7305420970795,234.5500475504105,1.613278451005794,True,1.0,100.0,-177.4975,-2.964615315390051e-21,1600,8.483792141023017e-11
-176.9975,0.4442758484612342,148.50840181960098,234.05168910159142,1.6137783596667175,True,1.0,100.0,-176.9975,1.2334917294390749e-20,1596,8.416754793127978e-11
-176.4975,0.4442651347967462,148.28626677220535,233.55335809488952,1.6142863328562393,True,1.0,100.0,-176.4975,-1.9905274260476058e-20,1592,8.35009006383558e-11
-175.9975,0.4442539057269295,148.06413720953046,233.05505398442156,1.6147998849466412,True,1.0,100.00000000000001,-175.9975,-4.870439446712227e-21,1587,8.283780605911062e-11
-175.4975,0.44424214925358635,147.8420133923188,232.55677617141396,1.6153168850886905,True,1.0,100.0,-175.4975,1.2229038175983961e-20,1585,8.217901359408586e-11
-174.9975,0.44422985342389637,147.61989558724198,232.05852400289123,1.615835738893146,True,1.0,100.0,-174.9975,-2.2287554424628778e-20,1582,8.152351710366545e-11
-174.4975,0.44421700634275907,147.39778406697468,231.56029676979585,1.6163553481224466,True,1.0,100.0,-174.4975,2.260519177984914e-20,1579,8.087193414940685e-11
-173.9975,0.44420359619173516,147.17567911007131,231.06209370548663,1.6168750452247154,True,1.0,100.00000000000001,-173.9975,-1.2440796412797536e-20,1563,8.022409819785636e-11
-173.4975,0.4441896112604947,146.95358100101183,230.56391398330186,1.617394225672577,True,1.0,100.0,-173.4975,1.2123159057577174e-20,1554,7.958010639352864e-11
-172.9975,0.44417503994220925,146.7314900301298,230.06575671559162,1.6179125478398753,True,1.0,100.0,-172.9975,-3.705769144237564e-20,1547,7.893973669181875e-11
-172.4975,0.44415987076420216,146.50940649342206,229.56762095169984,1.6184296834619099,True,1.0,100.0,-172.4975,-1.1805521702356811e-20,1539,7.830319032064992e-11
-171.9975,0.4441440924095037,146.28733069270237,229.06950567580515,1.61894529806342,True,1.0,100.0,-171.9975,3.171079596283287e-20,1534,7.767027299099283e-11
-171.4975,0.44412769373194294,146.06526293533506,228.57140980558205,1.619459156332261,True,1.0,100.0,-171.4975,4.393983413881683e-21,1528,7.704080429160598e-11
-170.9975,0.4441106637784862,145.84320353425727,228.0733321899903,1.6199710157524374,True,1.0,100.0,-170.9975,1.4928955695357043e-20,1518,7.641531851731997e-11
-170.4975,0.44409299181790096,145.62115280774032,227.57527160750772,1.620480647493386,True,1.0,99.99999999999999,-170.4975,6.352747104407253e-22,1510,7.579351035680304e-11
-169.9975,0.4440746673535271,145.39911107945076,227.07722676429228,1.6209877322360797,True,1.0,100.0,-169.9975,2.7316812548951186e-20,1500,7.517526184885881e-11
-169.4975,0.44405568015693986,145.1770786782205,226.57919629205904,1.6214921494168208,True,1.0,100.0,-169.4975,-1.9693516023662483e-20,1489,7.456071177136536e-11
-168.9975,0.4440360202937458,144.95505593789375,226.08117874625185,1.6219936465195297,True,1.0,100.0,-168.9975,4.393983413881683e-21,1486,7.39495131796275e-11
-168.4975,0.44401567812696624,144.7330431972421,225.58317260446822,1.622491926312423,True,1.0,100.0,-168.4975,1.5670109524204556e-20,1484,7.334195750718919e-11
-167.9975,0.4439946443854518,144.5110407997383,225.08517626352912,1.6229867582374111,True,1.0,100.0,-167.9975,2.7316812548951186e-20,1479,7.273804475405043e-11
-167.4975,0.4439729101122914,144.28904909342603,224.58718803965618,1.6234779071941605,True,1.0,100.0,-167.4975,2.8693241088239424e-20,1477,7.213778185910513e-11
-166.9975,0.44395046679907263,144.06706843072328,224.08920616324897,1.6239651339580152,True,1.0,100.0,-166.9975,-1.6199505116238494e-20,1475,7.154116882235328e-11
-166.4975,0.44392730634505756,143.84509916817115,223.59122877921132,1.624448304253433,True,1.0,100.0,-166.4975,3.705769144237564e-20,1471,7.094816401043147e-11
-165.9975,0.44390342110449044,143.6231416662893,223.09325394402254,1.6249270595343592,True,1.0,100.0,-165.9975,3.070494433796839e-20,1469,7.035839272306887e-11
-165.4975,0.4438788039180121,143.40119628927465,222.59527962405434,1.6254011470715697,True,1.0,100.0,-165.4975,-1.6887719385882613e-20,1464,6.97722157827485e-11
-164.9975,0.44385344814516514,143.17926340476265,222.09730369311558,1.6258703095021307,True,1.0,100.0,-164.9975,-4.0234064994579266e-20,1462,6.918982053960576e-11
-164.4975,0.4438273476970446,142.95734338361694,221.59932393053273,1.626334284549457,True,1.0,100.0,-164.4975,2.106994456295072e-20,1460,6.861060330987101e-11
-163.9975,0.44380049707179,142.7354365995487,221.10133801912488,1.626792804976357,True,1.0,100.0,-163.9975,-3.0704944337968387e-21,1455,6.803478613814917e-11
-163.4975,0.44377289138948156,142.51354342890275,220.60334354277398,1.62724559861271,True,1.0,100.0,-163.4975,-1.2229038175983961e-20,1452,6.746250780231833e-11
-162.9975,0.44374452642915163,142.2916642502998,220.10533798439693,1.627692388011341,True,1.0,100.00000000000001,-162.9975,1.6887719385882613e-20,1451,6.689384463021142e-11
-162.4975,0.44371539866612963,142.0697994442676,219.60731872393208,1.6281328906122878,True,1.0,99.99999999999999,-162.4975,1.1831991481958508e-20,1447,6.632847049381496e-11
-161.9975,0.443685505312048,141.84794939294295,219.1092830357849,1.628566818448887,True,1.0,100.0,-161.9975,2.8031496598197e-20,1444,6.576657968215827e-11
-161.4975,0.44365484435471014,141.62611447966555,218.6112280867692,1.6289938780700717,True,1.0,100.0,-161.4975,-7.914464100907369e-21,1443,6.520792239506079e-11
-160.9975,0.443623414599369,141.40429508854862,218.11315093403195,1.6294137705507157,True,1.0,100.0,-160.9975,2.932851579868015e-20,1439,6.465263047150671e-11
-160.4975,0.4435912157124985,141.18249160411767,217.61504852242913,1.629826285399014,True,1.0,100.0,-160.4975,-5.505714157152952e-21,1436,6.410090513941924e-11
-159.9975,0.4435582482655284,140.9607044108485,217.1169176824737,1.630231045495349,True,1.0,100.00000000000001,-159.9975,1.7999450129153882e-21,1431,6.355233006516414e-11
-159.4975,0.4435245137808171,140.73893389265604,216.61875512788592,1.6306277181859796,True,1.0,100.0,-159.4975,-3.1922554199646444e-20,1428,6.300706484330121e-11
-158.9975,0.4434900147782999,140.51718043246362,216.12055745352077,1.6310159820862158,True,1.0,100.0,-158.9975,-5.929230630780102e-21,1425,6.246524131281461e-11
-158.4975,0.44345475482480734,140.29544441169094,215.62232113264278,1.631395509451771,True,1.0,100.0,-158.4975,-1.4928955695357043e-20,1422,6.192663049020553e-11
-157.9975,0.44341873858380304,140.0737262097012,215.12404251472677,1.6317659662889739,True,1.0,100.0,-157.9975,-5.241016361135983e-21,1420,6.139140584782155e-11
-157.4975,0.4433819718667689,139.85202620321104,214.6257178232464,1.6321270120255853,True,1.0,99.99999999999999,-157.4975,2.853442241062924e-20,1417,6.085950493561754e-11
-156.9975,0.4433444616871203,139.63034476576388,214.12734315289086,1.6324782993649503,True,1.0,100.0,-156.9975,2.625802136488331e-20,1414,6.03305738700044e-11
-156.4975,0.44330621631483375,139.40868226707246,213.62891446736472,1.632819474255331,True,1.0,100.0,-156.4975,-1.3234889800848443e-22,1411,5.980511919023712e-11
-155.9975,0.44326724533278733,139.1870390723891,213.13042759687815,1.6331501754639268,True,1.0,99.99999999999999,-155.9975,3.835471064285879e-20,1408,5.928280089051441e-11
-155.4975,0.4432275596959053,138.96541554184475,212.6318782355857,1.633470034647717,True,1.0,100.0,-155.4975,4.3728075902003255e-20,1407,5.876383407654728e-11
-154.9975,0.44318717179057643,138.7438120297093,212.1332619393529,1.6337787190864805,True,1.0,99.99999999999999,-154.9975,6.3527471044072525e-21,1403,5.824779547580761e-11
-154.4975,0.4431460954974645,138.52222888372813,211.63457412285027,1.6340760137738704,True,1.0,100.0,-154.4975,-3.621065849512134e-20,1399,5.7734941827369823e-11
-153.9975,0.44310434625522926,138.30066644427203,211.13581005725453,1.6343613411952511,True,1.0,100.0,-153.9975,3.1843144860841353e-20,1397,5.72252176200827e-11
-153.4975,0.4430619411262743,138.07912504362795,210.63696486765818,1.6346343035964803,True,1.0,100.0,-153.4975,-5.929230630780102e-21,1393,5.6718803265187745e-11
-152.9975,0.4430188988654366,137.85760500512652,210.138033530396,1.6348944949473967,True,1.0,100.0,-152.9975,1.6861249606280916e-20,1391,5.621555304591297e-11
-152.4975,0.4429752399898952,137.6361066422584,209.6390108707152,1.635141500714472,True,1.0,100.00000000000001,-152.4975,1.8343557263975942e-20,1389,5.57151547120327e-11
-151.9975,0.44293098685127613,137.4146302578247,209.13989155980306,1.6353748977662246,True,1.0,100.0,-151.9975,2.5781565332052767e-20,1386,5.5217858063727476e-11
-151.4975,0.44288616371089656,137.19317614297066,208.6406701123927,1.635594253880577,True,1.0,100.0,-151.4975,1.1805521702356811e-20,1382,5.4724065556843726e-11
-150.9975,0.44284079681646926,136.9717445762111,208.14134088407243,1.63579927518206,True,1.0,100.0,-150.9975,1.8581785280391214e-20,1380,5.4232937585219076e-11
-150.4975,0.44279491448124514,136.75033582243822,207.64189806859082,1.635989650847153,True,1.0,100.00000000000001,-150.4975,-1.5352472168984194e-21,1377,5.374464068230722e-11
-149.9975,0.4427485471664855,136.52895013182646,207.1423356954192,1.6361646704799795,True,1.0,100.00000000000001,-149.9975,2.811090593700209e-20,1374,5.3259785470771703e-11
-149.4975,0.44270172756525206,136.30758773879,206.6426476267514,1.636323865115404,True,1.0,100.0,-149.4975,-3.779884527122315e-20,1371,5.2777754389055076e-11
-148.9975,0.4426544906900559,136.08624886082484,206.1428275550661,1.6364667555823906,True,1.0,100.0,-148.9975,-8.152692117322641e-21,1367,5.2298609887202474e-11
-148.4975,0.4426068739624091,135.8649336972864,205.64286900039602,1.6365928520622004,True,1.0,100.0,-148.4975,-1.7655342994331823e-20,1364,5.182246298751636e-11
-147.9975,0.4425589173052174,135.64364242824018,205.14276530763405,1.6367018907434818,True,1.0,100.0,-147.9975,-2.9275576239476755e-20,1362,5.134934144557235e-11
-147.4975,0.4425106632387868,135.4223752131101,204.6425096440876,1.6367935054247016,True,1.0,100.0,-147.4975,2.3319875829094956e-20,1360,5.0879231383582635e-11
-146.9975,0.4424621569787287,135.2011321894135,204.14209499650678,1.636866837921038,True,1.0,100.0,-146.9975,4.50515648820881e-20,1357,5.041169565123127e-11
-146.4975,0.44241344653800924,134.9799134713577,203.64151416868236,1.636921354623962,True,1.0,100.0,-146.4975,-1.4823076576950256e-20,1353,4.994728242113666e-11
-145.9975,0.4423645828314357,134.75871914842986,203.14075977873975,1.6369565096081975,True,1.0,100.0,-145.9975,-2.6708007618112158e-20,1351,4.9485818220951217e-11
-145.4975,0.4423156197832718,134.53754928388884,202.63982425680192,1.6369721220964395,True,1.0,100.0,-145.4975,3.1154930591197234e-20,1347,4.902685202257118e-11
-144.9975,0.4422666144390745,134.31640391327497,202.13869984211436,1.6369676754007052,True,1.0,100.0,-144.9975,-9.582060215814273e-21,1343,4.8570987509766184e-11
-144.4975,0.44221762709538337,134.09528304280272,201.6373785802872,1.6369422097089337,True,1.0,99.99999999999999,-144.4975,4.4336880832842283e-20,1340,4.811796794346179e-11
-143.9975,0.4421687213563395,133.87418664771877,201.1358523227903,1.6368951283003286,True,1.0,100.0,-143.9975,-3.279605692650244e-20,1337,4.766771699582506e-11
-143.4975,0.4421199643480472,133.6531146705422,200.63411272174844,1.6368260583830456,True,1.0,100.00000000000001,-143.4975,-4.989553454919863e-20,1335,4.721997792778154e-11
-142.9975,0.4420714267820641,133.43206701939522,200.13215122939735,1.6367348806019124,True,1.0,100.0,-142.9975,-2.321399671068817e-20,1331,4.67753960564643e-11
-142.4975,0.44202318310036076,133.21104356609845,199.6299590955737,1.636620275921898,True,1.0,100.0,-142.4975,-1.7814161671942004e-20,1327,4.633345790372445e-11
-141.9975,0.4419753116081868,132.99004414429714,199.1275273655333,1.6364815904199217,True,1.0,99.99999999999999,-141.9975,1.580245842221304e-20,1326,4.5894350819697394e-11
-141.4975,0.4419278946106371,132.76906854746855,198.62484687819497,1.6363187084092343,True,1.0,99.99999999999999,-141.4975,5.241016361135983e-21,1322,4.5457977659868476e-11
-140.9975,0.44188101855422723,132.54811652693016,198.12190826399072,1.6361310211842046,True,1.0,100.0,-140.9975,1.5828928201814738e-20,1320,4.502397066286079e-11
-140.4975,0.4418347741711228,132.327187789703,197.61870194341395,1.63591726819579,True,1.0,100.0,-140.4975,7.120370712856462e-21,1317,4.459290575686836e-11
-139.9975,0.4417892566286525,132.1062819963479,197.11521812541076,1.6356768392017722,True,1.0,99.99999999999999,-139.9975,3.8381180422460484e-21,1315,4.416431803599963e-11
-139.4975,0.441744565681944,131.88539875867792,196.6114468062736,1.635410123779117,True,1.0,100.0,-139.4975,-8.867376166568457e-21,1311,4.3738304644769244e-11
-138.9975,0.4417008058313616,131.6645376374704,196.10737776828844,1.6351152145367618,True,1.0,100.0,-138.9975,-2.252578244104405e-20,1308,4.331512926114556e-11
-138.4975,0.4416580864841274,131.4436981400452,195.6030005790577,1.6347913405926349,True,1.0,100.0,-138.4975,2.4511015911171316e-20,1306,4.289456290162974e-11
-137.9975,0.44161652211914343,131.22287971770234,195.09830459108255,1.6344391626758694,True,1.0,100.0,-137.9975,1.0323214044661785e-20,1302,4.247673046631206e-11
-137.4975,0.44157623245750394,131.00208176325327,194.59327894127847,1.63405657167288,True,1.0,100.0,-137.4975,-2.5940384009662948e-21,1298,4.206104214921069e-11
-136.9975,0.4415373426357708,130.78130360828385,194.08791255126778,1.633642764413548,True,1.0,99.99999999999999,-136.9975,1.725829630030637e-20,1296,4.1828082664174815e-11
-136.4975,0.44149998338378055,130.56054452042932,193.58219412782407,1.633198421262246,True,1.0,100.00000000000001,-136.4975,3.732238923839261e-21,1293,4.175956108687373e-11
-135.9975,0.4414642912062506,130.3398037004987,193.0761121639535,1.6327211455939628,True,1.0,100.0,-135.9975,-1.402898318889935e-20,1291,4.168974887530652e-11
-135.4975,0.44143040856870364,130.119080279592,192.5696549400945,1.6322106765389286,True,1.0,100.0,-135.4975,-1.7364175418713157e-20,1290,4.161844480154997e-11
-134.9975,0.44139848408619464,129.89837331604494,192.06281052619224,1.6316667648074712,True,1.0,100.0,-134.9975,1.2334917294390749e-20,1288,4.1545870910209004e-11
-134.4975,0.44136867271587366,129.67768179228733,191.5555667843288,1.631087281406058,True,1.0,100.0,-134.4975,7.252719610864947e-21,1287,4.1471888423405545e-11
-133.9975,0.4413411359530159,129.45700461166496,191.04791137169585,1.6304728796139658,True,1.0,100.0,-133.9975,-1.852884572118782e-21,1285,4.139647652445788e-11
-133.4975,0.4413160420295815,129.2363405950935,190.53983174462135,1.629821511511332,True,1.0,100.0,-133.4975,-1.2784903547619596e-20,1282,4.131957970221478e-11
-132.9975,0.44129356612972426,129.01568847766632,190.03131516269542,1.629132528471673,True,1.0,100.0,-132.9975,2.1784628612196537e-20,1280,4.346796533827302e-11
-132.4975,0.44127389053538585,128.7950469050548,189.52234869633838,1.6284056061675056,True,1.0,100.0,-132.4975,-9.820288232229545e-21,1278,4.3370619595695103e-11
-131.9975,0.4412572049180207,128.57441443000803,189.0129192301898,1.6276384231519316,True,1.0,100.0,-131.9975,-2.747563122656137e-20,1276,4.327176811314004e-11
-131.4975,0.4412437064865984,128.35378950855264,188.50301347262868,1.62683209866081,True,1.0,100.0,-131.4975,7.252719610864947e-21,1275,4.317130680719927e-11
-130.9975,0.4412336002081479,128.13317049616217,187.99261796398724,1.6259833201841452,True,1.0,100.0,-130.9975,-4.028700455378266e-20,1272,4.306948547805334e-11
-130.4975,0.4412270990144712,127.91255564385952,187.48171908622072,1.6250931693396093,True,1.0,100.0,-130.4975,6.670384459627615e-21,1270,4.296608208109731e-11
-129.9975,0.4412244240062072,127.69194309416518,186.97030307421932,1.6241587826666384,True,1.0,100.0,-129.9975,-2.1652279714188052e-20,1268,4.286102028849825e-11
-129.4975,0.4412258046559205,127.47133087697074,186.45835602839898,1.623180628738207,True,1.0,100.0,-129.4975,-1.5881867761018131e-21,1266,4.275450826707328e-11
-128.9975,0.44123147900651183,127.25071690527703,185.9458639290401,1.6221562989239917,True,1.0,100.0,-128.9975,4.208694956669805e-21,1265,4.2646351727793075e-11
-128.4975,0.4412416938666636,127.03009897089984,185.43281265211908,1.6210859016370123,True,1.0,100.0,-128.4975,1.537894194858589e-20,1262,4.2536474342824704e-11
-127.9975,0.44125670499904707,126.8094747400226,184.9191879872509,1.6199670873769738,True,1.0,100.0,-127.9975,6.3527471044072525e-21,1260,4.2425160606818224e-11
-127.4975,0.441276777301288,126.58884174865003,184.40497565754123,1.618800012568522,True,1.0,100.0,-127.4975,-7.146840492458159e-21,1258,4.2312035819502825e-11
-126.9975,0.4413021849770595,126.3681973980267,183.89016134175912,1.6175819601102446,True,1.0,99.99999999999999,-126.9975,-1.079967007749233e-20,1256,4.2197315086589526e-11
-126.4975,0.4413332116971594,126.14753894994597,183.3747306987032,1.6163135735404102,True,1.0,100.0,-126.4975,-7.755645423297187e-21,1254,4.208085963020025e-11
-125.9975,0.44137015074539854,125.92686352196722,182.85866939433012,1.6149913331858192,True,1.0,100.0,-125.9975,7.173310272059856e-21,1253,4.1962697205910615e-11
-125.4975,0.44141330514865795,125.7061680825604,182.34196313163778,1.6136167746805599,True,1.0,100.0,-125.4975,8.205631676526035e-21,1250,4.184274454699377e-11
-124.9975,0.4414629878030145,125.48544944623121,181.8245976829355,1.6121859159997223,True,1.0,100.0,-124.9975,7.358598729271734e-21,1248,1.1182835907286304e-10
-124.4975,0.44151952150855184,125.26470426858064,181.30655892780567,1.610699378828864,True,1.0,100.00000000000001,-124.4975,-5.373365259144468e-21,1245,1.1115206671741262e-10
-123.9975,0.4415832391159926,125.04392904127782,180.7878328897967,1.609154754487072,True,1.0,100.00000000000001,-123.9975,3.8539999100070665e-20,1244,1.1047336656577755e-10
-123.4975,0.44165448350718434,124.82312008705321,180.26840578150689,1.607550721202589,True,1.0,100.0,-123.4975,8.92031572577185e-21,1241,1.0979198800109558e-10
-122.9975,0.44173360761328206,124.60227355470175,179.74826405116792,1.605886976764476,True,1.0,100.0,-122.9975,-1.241432663319584e-20,1239,1.0910837511257654e-10
-122.4975,0.44182097437993173,124.38138541405026,179.22739443403015,1.6041603067367765,True,1.0,100.0,-122.4975,1.7999450129153882e-21,1236,1.0842211850548011e-10
-121.9975,0.44191695669169045,124.16045145093901,178.70578400813505,1.6023712942531947,True,1.0,100.0,-121.9975,1.2043749718772083e-20,1233,1.0773343328551732e-10
-121.4975,0.44202193724982186,123.93946726233605,178.18342025484873,1.6005171358119525,True,1.0,99.99999999999999,-121.4975,1.487601613615365e-20,1231,1.0704223618596131e-10
-120.9975,0.4421363083964284,123.71842825141705,177.66029112440816,1.5985960202091325,True,1.0,100.0,-120.9975,3.494010907423989e-21,1229,1.0634856884017552e-10
-120.4975,0.442260471882267,123.4973296228399,177.1363851067151,1.596608534092201,True,1.0,99.99999999999999,-120.4975,-3.282252670610414e-21,1226,1.0565246594262945e-10
-119.9975,0.4423948385682403,123.27616637809143,176.61169130770358,1.5945509340423358,True,1.0,100.0,-119.9975,-2.302870825347629e-21,1225,1.0495387198217188e-10
-119.4975,0.44253982805599135,123.05493331102622,176.08619953150003,1.5924222768145182,True,1.0,100.00000000000001,-119.4975,4.9763185651190145e-21,1223,1.042526134864552e-10
-118.9975,0.4426958682533969,122.8336250036135,175.55990036817704,1.5902223234213686,True,1.0,100.00000000000001,-118.9975,-2.2287554424628778e-20,1221,1.0550819246057941e-10
-118.4975,0.4428633947877384,122.61223582188791,175.03278528995438,1.587947713706498,True,1.0,100.0,-118.4975,8.285041015331125e-21,1220,1.0478166945215861e-10
-117.9975,0.44304285045690434,122.39075991227128,174.5048467495039,1.585597317224495,True,1.0,99.99999999999999,-117.9975,1.343341314786117e-20,1218,1.0405270395308364e-10
-117.4975,0.4432346844463841,122.16919119816126,173.97607828923756,1.5831710395150858,True,1.0,100.0,-117.4975,-1.5087774372967225e-21,1215,1.0332142780233866e-10
-116.9975,0.44343935150155306,121.94752337691318,173.4464746551471,1.5806654478983466,True,1.0,100.0,-116.9975,6.842438027038645e-21,1214,1.0258772303872732e-10
-116.4975,0.4436573109673557,121.72574991734247,172.9160319179062,1.5780789812679261,True,1.0,100.0,-116.4975,1.402898318889935e-21,1211,1.0185178395127892e-10
-115.9975,0.4438890257001305,121.50386405765666,172.38474760076275,1.5754120444787139,True,1.0,100.0,-115.9975,-1.4756902127946014e-20,1209,1.0111352033437271e-10
-115.4975,0.44413496084236626,121.28185880401419,171.8526208141899,1.5726612980311336,True,1.0,100.0,-115.4975,1.2970192004831474e-21,1208,1.00373126477038e-10
-114.9975,0.44439558245206867,121.0597269297133,171.31965239712034,1.569824984696539,False,1.0,100.00000000000001,-114.9975,6.405686663610646e-21,1206,9.963065095153212e-11
-114.4975,0.4446713559914348,120.83746097511738,170.7858450641027,1.5669023946443952,False,1.0,100.0,-114.4975,-4.221929846470653e-21,1204,1.0076155187999092e-10
-113.9975,0.4449627445901971,120.61505324834512,170.2512035604163,1.5638924044099942,False,1.0,100.0,-113.9975,-5.254251250936832e-21,1203,9.999297223561854e-11
-113.4975,0.4452702072682967,120.39249582691704,169.7157348186292,1.5607922569905937,False,1.0,100.0,-113.4975,-1.3195185131445897e-20,1201,9.922259541772505e-11
-112.9975,0.4455941968564181,120.16978056030071,169.17944812397423,1.557600470842698,False,1.0,100.0,-112.9975,9.039429733979486e-21,1200,9.845041448741654e-11
-112.4975,0.4459351578011268,119.94689907355746,168.64235528171585,1.5543169484988868,False,1.0,100.00000000000001,-112.4975,1.52995326097808e-20,1198,9.76762351556637e-11
-111.9975,0.44629352377504117,119.7238427720963,168.10447078792373,1.5509395869263674,False,1.0,100.0,-111.9975,-7.504182517081067e-21,1197,9.69005084505703e-11
-111.4975,0.4466697151031959,119.50060284773915,167.5658120021106,1.5474663607981392,False,1.0,100.0,-111.4975,2.2764010457459322e-20,1196,9.612321355545461e-11
-110.9975,0.4470641360189644,119.27717028604758,167.02639931994372,1.5438959584087293,False,1.0,100.0,-110.9975,-1.564363974460286e-20,1194,9.71601479826667e-11
-110.4975,0.4474771716790592,119.05353587510977,166.48625634687352,1.5402286776337109,False,1.0,100.0,-110.4975,3.732238923839261e-21,1193,9.635727632462121e-11
-109.9975,0.4479091851294906,118.8296902158256,165.94541006485065,1.536462242505254,False,1.0,100.00000000000001,-109.9975,-6.299807545203859e-21,1191,9.555328750465719e-11
-109.4975,0.4483605139847829,118.60562373380498,165.40389099836,1.5325951037462588,False,1.0,100.0,-109.4975,-1.5193653491374012e-20,1190,9.474813295051732e-11
-108.9975,0.44883146701991977,118.38132669290853,164.86173337105657,1.5286262408227644,False,1.0,100.0,-108.9975,7.596826745687006e-21,1189,9.394235389592609e-11
-108.4975,0.449322320618321,118.15678921056238,164.31897525365713,1.5245564381064514,False,1.0,100.00000000000001,-108.4975,-1.0786435187691481e-20,1188,9.313600585203474e-11
-107.9975,0.44983331510995705,117.93200127486224,163.77565869963564,1.520383524311999,False,1.0,100.0,-107.9975,-4.486627642487622e-21,1187,9.232898473543472e-11
-107.4975,0.45036465103799245,117.7069527635364,163.23182986581105,1.5161064532851685,False,1.0,100.0,-107.4975,1.1990810159568689e-20,1185,9.326139166487835e-11
-106.9975,0.45091648531356476,117.48163346478694,162.68753911714444,1.5117246501419472,False,1.0,100.0,-106.9975,-3.1062286362591295e-20,1182,9.243051463103669e-11
-106.4975,0.45148892747282143,117.25603310003883,162.1428411074466,1.5072398030261982,False,1.0,100.0,-106.4975,-2.4352197233561135e-21,1181,9.159988045848166e-11
-105.9975,0.45208203583851553,117.03014134861232,161.59779483999995,1.5026494648330586,False,1.0,100.0,-105.9975,-1.495542547495874e-20,1180,9.076983609190847e-11
-105.4975,0.45269581380845153,116.80394787424206,161.0524637002864,1.4979534530433012,False,1.0,100.0,-105.4975,1.1037898093907601e-20,1179,8.994031908127198e-11
-104.9975,0.4533302062483982,116.57744235345129,160.50691545971725,1.4931527703317828,False,1.0,100.00000000000001,-104.9975,2.0712602538327813e-20,1177,8.911178739356984e-11
-104.4975,0.4539850960627728,116.35061450569175,159.9612222474865,1.4882479081381392,False,1.0,100.0,-104.4975,1.0945253865301662e-20,1175,8.995879735573808e-11
-103.9975,0.45466030093046705,116.12345412512892,159.415460489659,1.4832378301783735,False,1.0,100.0,-103.9975,-1.1911400820763599e-21,1173,8.910876897472164e-11
-103.4975,0.4553555704295438,115.89595111400659,158.86971080931175,1.478123483029071,False,1.0,100.0,-103.4975,-1.0230569816055846e-20,1172,8.826096797864835e-11
-102.9975,0.4560705833804635,115.66809551736921,158.32405789199433,1.4729072146713043,False,1.0,100.0,-102.9975,-2.5887444450459554e-20,1170,8.741522089517062e-11
-102.4975,0.45680494562990137,115.4398775590116,157.77859031145488,1.4675877191204167,False,1.0,100.0,-102.4975,2.8852059765849605e-21,1168,8.657192324124097e-11
-101.9975,0.4575581882750401,115.21128767844121,157.23340031587693,1.4621667615703777,False,1.0,100.0,-101.9975,-6.2336330961996166e-21,1164,8.735476231258588e-11
-101.4975,0.4583297663145058,114.98231656857027,156.68858357751498,1.4566469463049823,False,1.0,100.00000000000001,-101.4975,3.136668882801081e-21,1162,8.649317373432552e-11
-100.9975,0.4591190579417441,114.75295521401381,156.1442389010709,1.4510274857124255,False,1.0,100.0,-100.9975,1.8383261933378487e-20,1161,8.563528358651595e-11
-100.4975,0.45992536429048764,114.52319492955812,155.60046789930138,1.4453120097143137,False,1.0,100.0,-100.4975,4.711620769102046e-21,1159,8.478126534150476e-11
-99.9975,0.46074790983700337,114.29302739860174,155.05737463342413,1.4395013248193573,False,1.0,100.00000000000001,-99.9975,-1.351282248666626e-20,1156,1.6814116071683927e-10
-99.4975,0.46158584334932523,114.06244471132142,154.51506522470964,1.4335971446022915,False,1.0,100.0,-99.4975,7.6497663048904e-21,1154,1.6625215093490908e-10
-98.9975,0.46243823956271574,113.83143940206116,153.97364743677943,1.4276030856561561,False,1.0,100.0,-98.9975,3.0704944337968387e-21,1151,1.6437801120261497e-10
-98.4975,0.46330410136008643,113.60000448587044,153.43323023904392,1.4215192942807353,False,1.0,99.99999999999999,-98.4975,-9.132073962585426e-22,1149,1.6251889417562282e-10
-97.9975,0.46418236262089785,113.36813349375538,152.89392335134613,1.4153509380644254,False,1.0,100.0,-97.9975,5.280721030538529e-21,1145,1.6222418547373607e-10
-97.4975,0.4650718915787826,113.13582050632476,152.35583677914468,1.4090978202068802,False,1.0,100.0,-97.4975,-1.7867101231145398e-21,1142,1.6037269429114431e-10
-96.9975,0.4659714948395121,112.90306018552833,151.81908033822864,1.4027652975129798,False,1.0,100.0,-96.9975,1.0005576689441423e-20,1138,1.584545064603482e-10
-96.4975,0.4668799216988913,112.66984780504826,151.28376319488686,1.3963541276787017,False,1.0,99.99999999999999,-96.4975,7.279189390466644e-21,1138,1.5672238506958536e-10
-95.9975,0.4677958691926953,112.4361792763031,150.74999337829382,1.3898684154965377,False,1.0,100.00000000000001,-95.9975,1.5656874634403708e-20,1137,1.5641902356700044e-10
-95.4975,0.468717987072854,112.20205117512154,150.21787735788538,1.3833112250027129,False,1.0,100.0,-95.4975,-7.835054762102278e-21,1137,1.5465169422856917e-10
-94.9975,0.4696448835958566,111.96746076255002,149.68751958448146,1.3766843095831627,False,1.0,100.0,-94.9975,-8.523269031746397e-21,1137,1.529021145807441e-10
-94.4975,0.4705751311338499,111.73240600491962,149.15902209229856,1.3699932400754349,False,1.0,100.00000000000001,-94.4975,-1.503483481376383e-20,1137,1.5107615852771872e-10
-93.9975,0.47150727227401706,111.49688558978012,148.6324841022765,1.3632394207578133,False,1.0,100.0,-93.9975,7.22624983126325e-21,1136,1.5091011773549212e-10
-93.4975,0.47243982548922525,111.26089894011169,148.10800169139932,1.356425878774786,False,1.0,100.0,-93.4975,3.0043199847925965e-21,1136,1.4919142310443334e-10
-92.9975,0.4733712914404607,111.02444622407114,147.58566745545747,1.3495570093782168,False,1.0,100.00000000000001,-92.9975,-1.0018811579242271e-20,1136,1.4731525027622538e-10
-92.4975,0.4743001588518114,110.78752836267756,147.06557023321983,1.3426359529723584,False,1.0,99.99999999999999,-92.4975,2.159934015498466e-20,1135,1.470357585686699e-10
-91.9975,0.47522491009477985,110.55014703455498,146.54779487592472,1.33566509948775,False,1.0,100.0,-91.9975,7.279189390466644e-21,1133,1.4533197562061062e-10
-91.4975,0.4761440269442204,110.31230467743902,146.03242203880936,1.3286477458824697,False,1.0,100.0,-91.4975,-5.743942173568224e-21,1132,1.436508828556171e-10
-90.9975,0.47705599583082475,110.0740044872508,145.51952802465846,1.3215871231406344,False,1.0,100.00000000000001,-90.9975,1.207021949837378e-20,1130,1.4338309706207752e-10
-90.4975,0.47795931282210957,109.83525041446657,145.00918466562584,1.3144864396002907,False,1.0,100.0,-90.4975,6.6174449004242214e-21,1128,1.4172521489719259e-10
-89.9975,0.47885248834009675,109.59604715813113,144.50145924262583,1.3073493360718864,False,1.0,100.0,-89.9975,-1.496866036475959e-20,1127,1.4009125803848832e-10
-89.4975,0.4797340514207935,109.3564001575911,143.99641444411444,1.300177946759791,False,1.0,100.0,-89.4975,-1.0309979154860937e-20,1125,1.3983524060900976e-10
-88.9975,0.48060255358085163,109.11631558220022,143.49410836027485,1.2929751416159587,False,1.0,100.0,-88.9975,-6.868907806640342e-21,1124,1.3822612499048148e-10
-88.4975,0.4814565723502976,108.87580031918267,142.9945945087675,1.2857436803822802,False,1.0,100.0,-88.4975,6.4983308922165854e-21,1123,1.366417118342511e-10
-87.9975,0.48229471430994386,108.63486195984801,142.497921892327,1.2784862075509684,False,1.0,100.0,-87.9975,4.341043854678289e-21,1119,1.482156619658781e-10
-87.4975,0.48311561771589595,108.39350878441682,142.00413508353355,1.2712052485557024,False,1.0,100.00000000000001,-87.4975,-5.770411953169921e-20,1118,1.4636371281628868e-10
-86.9975,0.48391795479568,108.15174974554834,141.51327433226945,1.263903207050472,False,1.0,99.99999999999999,-86.9975,-6.935082255644584e-20,1116,1.458386050812166e-10
-86.4975,0.4847004335258246,107.90959445091815,141.02537569641856,1.256582363359837,False,1.0,100.0,-86.4975,-1.164670302474663e-21,1114,1.4402697090520888e-10
-85.9975,0.4854617991509427,107.6670531449432,140.54047118820165,1.2492455147849442,False,1.0,100.0,-85.9975,-1.8634724839594607e-20,1112,1.4224624256264917e-10
-85.4975,0.4862008352624279,107.42413668988243,140.05858893675924,1.241894343380398,False,1.0,100.0,-85.4975,-1.376428539288238e-21,1110,1.4174846019177068e-10
-84.9975,0.48691636454268794,107.18085654643718,139.57975336247586,1.2345306136320606,False,1.0,100.0,-84.9975,9.073840447461692e-20,1109,1.4000837988970005e-10
-84.4975,0.4876072492749925,106.9372247540846,139.1039853590717,1.227156107432123,False,1.0,100.0,-84.4975,8.893845946170154e-21,1107,1.395261267633785e-10
-83.9975,0.48827239145527385,106.69325391122543,138.63130248404283,1.2197724883611563,False,1.0,99.99999999999999,-83.9975,1.7364175418713157e-20,1105,1.3782636143488958e-10
-83.4975,0.48891073276693303,106.44895715533033,138.16171915121137,1.212381513266173,False,1.0,100.0,-83.4975,-1.6305384234645282e-20,1103,1.373564872952926e-10
-82.9975,0.48952125420811354,106.20434814318989,137.6952468271051,1.204985840354303,False,1.0,99.99999999999999,-82.9975,7.453889935837843e-20,1102,1.3569712020711222e-10
-82.4975,0.49010297562573113,105.95944103134528,137.23189422563144,1.1975854745935715,False,1.0,100.0,-82.4975,-3.5998900258307764e-21,1100,1.3406790955183823e-10
-81.9975,0.49065495500084066,105.7142504568533,136.77166750223833,1.190181632875275,False,1.0,100.0,-81.9975,-1.0058516248644817e-20,1098,1.336169785925989e-10
-81.4975,0.4911762875850151,105.46879151841829,136.3145704448989,1.1827766100005477,False,1.0,99.99999999999999,-81.4975,-9.423241538204091e-21,1097,1.3202758331054554e-10
-80.9975,0.4916661049760416,105.22307975799399,135.8606046597997,1.175371155909023,False,1.0,100.0,-80.9975,1.0587911840678754e-21,1094,1.3158374390087602e-10
-80.4975,0.4921235739956407,104.97713114287984,135.40976975301658,1.1679653754118884,False,1.0,100.0,-80.4975,2.5093351062408648e-20,1091,1.311335207088149e-10
-79.9975,0.49254789554881095,104.73096204838723,134.9620635050382,1.1605617557827714,False,1.0,100.0,-79.9975,-3.441071348220595e-20,1089,1.2959319728444996e-10
-79.4975,0.4929383034159574,104.48458924111105,134.51748203850428,1.153160112997516,False,1.0,100.0,-79.4975,1.8422966602781032e-20,1087,1.2914400104868662e-10
-78.9975,0.4932940629353184,104.23802986280536,134.07601997941245,1.1457610262567273,False,1.0,100.0,-78.9975,1.6940658945086007e-21,1085,1.2764264645248602e-10
-78.4975,0.49361446974383716,103.99130141493279,133.63767060942243,1.1383665272851222,False,1.0,100.0,-78.4975,2.5463927976832404e-20,1083,1.271920763157297e-10
-77.9975,0.4938988484034859,103.74442174384261,133.20242601148473,1.1309752219432736,False,1.0,100.0,-77.9975,3.8539999100070665e-20,1082,1.257288995137884e-10
-77.4975,0.49414655110796607,103.49740902664226,132.77027720631528,1.1235901374473405,False,1.0,99.99999999999999,-77.4975,-5.548065804515667e-20,1080,1.2429333950958465e-10
-76.9975,0.4943569563299546,103.25028175771816,132.3412142816152,1.1162092561980825,False,1.0,100.0,-76.9975,-3.425189480459577e-20,1079,1.2288486894718176e-10
-76.4975,0.49452946750945265,103.00305873592389,131.9152265129355,1.1088352540593622,False,1.0,100.0,-76.4975,-1.598774687942492e-20,1077,1.2150301598179425e-10
-75.9975,0.49466351175768386,102.75575905242212,131.49230247673813,1.1071487177940904,False,1.0,100.0,-75.9975,-1.3181950241645049e-20,1075,1.2014711447960735e-10
-75.4975,0.4947585385880148,102.50840207916569,131.07243015577367,1.1071487177940904,False,1.0,100.0,-75.4975,1.6517142471458857e-20,1074,1.1881734485186257e-10
-74.9975,0.4948140186798986,102.26100745801001,130.655597036997,1.1071487177940904,False,1.0,100.0,-74.9975,-6.193928426797071e-21,1072,1.1751238870871816e-10
-74.4975,0.4948294426737265,102.01359509042447,130.24179020268215,1.1071487177940904,False,1.0,100.0,-74.4975,-1.3923104070492562e-20,1071,1.1630563179210185e-10
-73.9975,0.4948043200411436,101.76618512781923,129.83099641259383,1.1071487177940904,False,1.0,100.0,-73.9975,2.0275851174899814e-20,1071,1.1504473762524725e-10
-73.4975,0.494738177937602,101.51879796240259,129.42320218329408,1.1071487177940904,False,1.0,100.0,-73.4975,3.5998900258307764e-21,1071,1.1374490238580393e-10
-72.9975,0.49463056012753476,101.2714542185748,129.01839385920835,1.1071487177940904,False,1.0,100.0,-72.9975,-7.676236084492097e-21,1070,1.1259458643220199e-10
-72.4975,0.4944810260291682,101.02417474494477,128.61655767434053,1.1071487177940904,False,1.0,99.99999999999999,-72.4975,-2.371692252312041e-20,1070,1.1140427469413794e-10
-71.9975,0.49428914967322096,100.7769806066966,128.21767981524735,1.1071487177940904,False,1.0,100.0,-71.9975,-6.45862622281404e-21,1070,1.1023720825065197e-10
-71.4975,0.4940545188171469,100.52989307853466,127.82174647322316,1.1071487177940904,False,1.0,100.00000000000001,-71.4975,5.812763600532636e-20,1070,1.0909202707853893e-10
-70.9975,0.49377673406625855,100.28293363803782,127.42874389369854,1.1071487177940904,False,1.0,99.99999999999999,-70.9975,0.0,1070,1.0796867566664758e-10
-70.4975,0.4934554080511151,100.03612395944329,127.03865842060807,1.1071487177940904,False,1.0,99.99999999999999,-70.4975,4.235164736271502e-22,1070,1.0686697360373643e-10
-69.9975,0.4930901646536,99.78948590782935,126.65147653640011,1.1071487177940904,False,1.0,100.00000000000001,-69.9975,1.053497228147536e-20,1070,1.057866294562615e-10
-69.4975,0.49268063828095976,99.54304153367337,126.26718489798456,1.1071487177940904,False,1.0,100.0,-69.4975,-4.235164736271502e-22,1070,1.0472682443474213e-10
-68.9975,0.4922264731868898,99.2968130677607,125.88577036890304,1.1071487177940904,False,1.0,100.00000000000001,-68.9975,-3.970466940254533e-21,1070,1.0368755853917833e-10
-68.4975,0.49172732283859116,99.05082291642151,125.50722004799327,1.1071487177940904,False,1.0,100.0,-68.4975,4.446922973085077e-21,1070,1.0266827665805778e-10
-67.9975,0.49118284932861656,98.8050936570731,125.13152129480622,1.1071487177940904,False,1.0,100.0,-67.9975,-4.319868030996932e-20,1070,1.0166854857995844e-10
-67.4975,0.4905927228302215,98.55964803404503,124.75866175202097,1.1071487177940904,False,1.0,100.0,-67.4975,3.308722450212111e-20,1070,1.0068831879372908e-10
-66.9975,0.48995662109487126,98.31450895466617,124.38862936508919,1.1071487177940904,False,1.0,100.0,-66.9975,-1.6517142471458857e-20,1070,9.9727059943433e-11
-66.4975,0.4892742289905223,98.0696994855927,124.02141239932706,1.1071487177940904,False,1.0,100.0,-66.4975,-1.44524996625265e-20,1070,9.878445283995063e-11
-65.9975,0.488545238079254,97.82524284935701,123.65699945465977,1.1071487177940904,False,1.0,100.0,-65.9975,5.399835038746165e-21,1070,9.78600256384965e-11
-65.4975,0.48776934623282486,97.58116242111853,123.29537947821038,1.1071487177940904,False,1.0,100.0,-65.4975,-7.623296525288703e-21,1070,9.695375058349498e-11
-64.9975,0.4869462572898204,97.33748172562618,122.9365417748016,1.1071487177940904,False,1.0,100.0,-64.9975,4.1081097941833566e-20,1070,9.606099249381828e-11
-64.4975,0.4860756807173524,97.09422443417368,122.58047601631505,1.1071487177940904,False,1.0,100.0,-64.4975,-7.57035696608531e-21,1069,9.519396382273726e-11
-63.9975,0.48515733138279293,96.85141436212902,122.22717224773092,1.1071487177940904,False,1.0,100.00000000000001,-63.9975,3.832824086325709e-20,1069,9.43396472052882e-11
-63.4975,0.4841909292560466,96.6090754660345,121.8766208938828,1.1071487177940904,False,1.0,100.0,-63.4975,-2.895793888425639e-20,1069,9.350245577799399e-11
-62.9975,0.4831761992235269,96.36723184126983,121.52881276309675,1.1071487177940904,False,1.0,100.0,-62.9975,2.0117032497289633e-20,1069,9.2682361785279e-11
-62.4975,0.4821128708784487,96.12590771949104,121.18373905062893,1.1071487177940904,False,1.0,100.0,-62.4975,1.879354351720479e-20,1067,9.187843541536012e-11
-61.9975,0.4810006783929377,95.88512746649735,120.84139134006456,1.1071487177940904,False,1.0,100.0,-61.9975,5.987464145903836e-20,1066,9.108999665663475e-11
-61.4975,0.47983936036566316,95.64491557986912,120.50176160451885,1.1071487177940904,False,1.0,100.0,-61.4975,4.182225177068108e-21,1065,9.031742020937372e-11
-60.9975,0.4786286597237156,95.4052966867916,120.16484220646859,1.1071487177940904,False,1.0,100.00000000000001,-60.9975,-2.3769862082323803e-20,1063,8.95595958505524e-11
-60.4975,0.47736832364478754,95.1662955419327,119.83062589682712,1.1071487177940904,False,1.0,100.0,-60.4975,1.921705999083194e-20,1062,8.881713420283432e-11
-59.9975,0.47605810349808725,94.92793702531542,119.49910581329287,1.1071487177940904,False,1.0,99.99999999999999,-59.9975,-2.5305109299222223e-20,1060,8.808903606549734e-11
-59.4975,0.4746977548158455,94.69024614023473,119.1702754779693,1.1071487177940904,False,1.0,100.00000000000001,-59.4975,-4.775148240146118e-20,1059,8.737532919411706e-11
-58.9975,0.47328703727811133,94.45324801119135,118.84412879442418,1.1071487177940904,False,1.0,100.0,-58.9975,1.895236219481497e-20,1057,8.667636053338867e-11
-58.4975,0.4718257147273643,94.21696788179811,118.52066004414893,1.1071487177940904,False,1.0,99.99999999999999,-58.4975,1.2970192004831474e-20,1056,8.599095047134853e-11
-57.9975,0.47031355519383916,93.98143111270252,118.19986388258219,1.1071487177940904,False,1.0,100.0,-57.9975,1.6781840267475825e-20,1054,8.531912676357223e-11
-57.4975,0.4687503309489316,93.74666317948717,117.8817353346471,1.1071487177940904,False,1.0,100.0,-57.4975,1.6623021589865644e-20,1052,8.466122247696717e-11
-56.9975,0.4671358185702338,93.51268967052232,117.56626978993948,1.1071487177940904,False,1.0,100.0,-56.9975,-2.752857078576476e-21,1050,8.401655759993076e-11
-56.4975,0.46546979902707364,93.2795362847921,117.25346299755701,1.1071487177940904,False,1.0,100.0,-56.4975,-1.7893571010747095e-20,1048,8.338488233228247e-11
-55.9975,0.4637520577814075,93.04722882967536,116.94331106063461,1.1071487177940904,False,1.0,100.0,-55.9975,-4.002230675776569e-20,1045,8.276618279623449e-11
-55.4975,0.46198238490508375,92.81579321863941,116.63581043058673,1.1071487177940904,False,1.0,100.0,-55.4975,-2.837560373301906e-20,1041,8.217457270198736e-11
-54.9975,0.46016057522379433,92.58525546905942,116.33095790119279,1.1071487177940904,False,1.0,99.99999999999999,-54.9975,1.9428818227645514e-20,1041,8.158392017509897e-11
-54.4975,0.4582864284431037,92.35564169960102,116.02875060242464,1.1071487177940904,False,1.0,99.99999999999999,-54.4975,5.992758101824175e-20,1041,8.098551690371991e-11
-53.9975,0.45635974932060547,92.12697812767779,115.72918599398915,1.1071487177940904,False,1.0,100.0,-53.9975,-2.932851579868015e-20,1040,8.044026555964479e-11
-53.4975,0.4543803478509497,91.89929106729998,115.43226185910102,1.1071487177940904,False,1.0,100.0,-53.4975,-2.091112588534054e-20,1040,7.988681938186915e-11
-52.9975,0.45234803943786933,91.67260692595453,115.13797629762567,1.1071487177940904,False,1.0,100.0,-52.9975,6.299807545203859e-21,1040,7.934563422962171e-11
-52.4975,0.4502626451015322,91.44695220207606,114.84632771949437,1.1071487177940904,False,1.0,100.0,-52.4975,4.743384504624082e-20,1040,7.881572477996812e-11
-51.9975,0.4481239916881459,91.22235348214201,114.55731483788453,1.1071487177940904,False,1.0,100.0,-51.9975,4.039288367218945e-20,1040,7.829786125013172e-11
-51.4975,0.4459319120920915,90.9988374377044,114.27093666235639,1.1071487177940904,False,1.0,100.0,-51.4975,-5.929230630780102e-21,1040,7.779153016196361e-11
-50.9975,0.4436862454884922,90.77643082230809,113.98719249193675,1.1071487177940904,False,1.0,100.0,-50.9975,1.2334917294390749e-20,1040,7.72963845707686e-11
-50.4975,0.44138683757568437,90.55516046828997,113.7060819081627,1.1071487177940904,False,1.0,100.0,-50.4975,-3.8539999100070665e-20,1040,7.681252162106134e-11
-49.9975,0.43903354082706636,90.33505328345508,113.42760476809796,1.1071487177940904,False,1.0,100.0,-49.9975,2.234049398383217e-20,1040,7.633942783469294e-11
-49.4975,0.43662621475181057,90.11613624762401,113.15176119733239,1.1071487177940904,False,1.0,100.0,-49.4975,3.9122334251307997e-20,1040,7.587784567331113e-11
-48.9975,0.4341647261639307,89.89843640904826,112.87855158297444,1.1071487177940904,False,1.0,100.0,-48.9975,5.399835038746165e-21,1040,7.54265469526949e-11
-48.4975,0.43164894945920435,89.68198088068858,112.60797656664515,1.1071487177940904,False,1.0,100.0,-48.4975,1.079967007749233e-20,1040,7.498585780085776e-11
-47.9975,0.42907876689945,89.46679683635375,112.34003703748158,1.1071487177940904,False,1.0,100.0,-47.9975,2.609920268727313e-20,1040,7.455589617899605e-11
-47.4975,0.4264540689036691,89.25291150669469,112.07473412515613,1.1071487177940904,False,1.0,100.0,-47.4975,-1.3181950241645049e-20,1040,7.413573227532666e-11
-46.9975,0.4237747543455581,89.0403521750518,111.812069192918,1.1071487177940904,False,1.0,99.99999999999999,-46.9975,3.1816675081239656e-20,1040,7.372630977942052e-11
-46.4975,0.42104073085690097,88.82914617315214,111.55204383066226,1.1071487177940904,False,1.0,100.0,-46.4975,2.2128735747018596e-20,1040,7.332668500170669e-11
-45.9975,0.418251915136354,88.61932087665328,111.29465984803072,1.1071487177940904,False,1.0,100.0,-45.9975,-1.011145580784821e-20,1040,7.298686655055064e-11
-45.4975,0.4154082332631292,88.41090370053163,111.03991926754921,1.1071487177940904,False,1.0,100.0,-45.4975,-4.616329562535937e-20,1040,7.267273588462686e-11
-44.9975,0.41250962101508387,88.20392209431282,110.78782431780456,1.1071487177940904,False,1.0,100.0,-44.9975,-2.771385924297664e-20,1040,7.236745924732446e-11
-44.4975,0.40955602419023207,87.99840353720828,110.53837742674105,1.1071487177940904,False,1.0,99.99999999999999,-44.4975,-8.179161896924338e-21,1040,7.194956436196165e-11
-43.9975,0.40654739893364444,87.79437553275956,110.29158121462252,1.1071487177940904,False,1.0,99.99999999999999,-43.9975,5.166900978251232e-20,1029,7.1655209543664e-11
-43.4975,0.4034837120642806,87.59186560397809,110.04743848779545,1.1071487177940904,False,1.0,100.0,-43.4975,1.0323214044661785e-20,1019,7.136992385969876e-11
-42.9975,0.40036494140644324,87.39090128766229,109.8059522317548,1.1071487177940904,False,1.0,100.00000000000001,-42.9975,-1.3631936494873896e-20,1015,7.109335342647682e-11
-42.4975,0.39719107612196186,87.19151012888268,109.5671256046339,1.1071487177940904,False,1.0,100.0,-42.4975,-1.3102540902839958e-20,1012,7.082500558253102e-11
-41.9975,0.3939621170444008,86.99371967521549,109.33096193066964,1.1071487177940904,False,1.0,99.99999999999999,-41.9975,-3.2848996485705835e-20,1010,7.056537992822243e-11
-41.4975,0.39067807701413326,86.79755747084239,109.09746469372546,1.1071487177940904,False,1.0,100.0,-41.4975,1.588186776101813e-20,1008,7.031390747425093e-11
-40.9975,0.38733898121355337,86.60305105044894,108.86663753086658,1.1071487177940904,False,1.0,100.0,-40.9975,-3.8037073287638425e-20,1007,7.007112251544712e-11
-40.4975,0.38394486750181384,86.41022793297321,108.63848422599384,1.1071487177940904,False,1.0,100.0,-40.4975,-8.152692117322641e-21,1006,6.983639361246574e-11
-39.9975,0.3804957867494173,86.21911561518617,108.41300870353156,1.1071487177940904,False,1.0,100.0,-39.9975,2.556980709523919e-20,1005,6.960974852088242e-11
-39.4975,0.3769918031711653,86.02974156510217,108.19021502217372,1.1071487177940904,False,1.0,100.0,-39.4975,1.4558378780933287e-21,1004,6.939140234640817e-11
-38.9975,0.3734329946573812,85.8421332152228,107.9701073686872,1.1071487177940904,False,1.0,100.0,-38.9975,8.708557488958275e-21,1003,6.918123712784663e-11
-38.4975,0.3698194531027655,85.65631795561742,107.75269005177267,1.1071487177940904,False,1.0,100.0,-38.4975,2.6284491144485007e-20,1002,6.897903082059287e-11
-37.9975,0.366151284732322,85.47232312683798,107.53796749598337,1.1071487177940904,False,1.0,100.0,-37.9975,5.8762910715767086e-21,1001,6.878454750225416e-11
-37.4975,0.3624286104245967,85.29017601259498,107.3259442356083,1.1071487177940904,False,1.0,100.0,-37.4975,-1.971998580326418e-20,1000,6.881806929870393e-11
-36.9975,0.35865156602619747,85.10990383274567,107.11662490917423,1.1071487177940904,False,1.0,99.99999999999999,-36.9975,-2.909028778226488e-20,1000,6.841997801654287e-11
-36.4975,0.35482030267300396,84.9315337349434,106.91001425260532,1.1071487177940904,False,1.0,100.0,-36.4975,-7.067431153653068e-21,999,6.824946163774825e-11
-35.9975,0.3509349870922377,84.75509278762313,106.70611709421138,1.1071487177940904,False,1.0,100.0,-35.9975,-1.545835128739098e-20,998,6.832649723786943e-11
-35.4975,0.34699580190523854,84.58060797213864,106.50493834890862,1.1071487177940904,False,1.0,100.0,-35.4975,-8.814436607365063e-21,998,6.793156315243465e-11
-34.9975,0.3430029459304809,84.4081061739293,106.30648301152979,1.1071487177940904,False,1.0,100.0,-34.9975,-7.940933880509066e-22,997,6.803700658419842e-11
-34.4975,0.3389566344636066,84.23761417556909,106.11075615258567,1.1071487177940904,False,1.0,100.00000000000001,-34.4975,-2.387574120073059e-20,997,6.764457743946295e-11
-33.9975,0.33485709956821275,84.06915864723159,105.91776291120794,1.1071487177940904,False,1.0,100.00000000000001,-33.9975,2.567568621364598e-20,996,6.751233599944229e-11
-33.4975,0.3307045903436097,83.90276613913765,105.72750849065015,1.1071487177940904,False,1.0,100.0,-33.4975,6.088049308390284e-22,993,6.738795632621475e-11
-32.9975,0.32649937319222433,83.73846307256291,105.53999815230678,1.1071487177940904,False,1.0,100.0,-32.9975,-3.679299364635867e-21,990,6.727075146928385e-11
-32.4975,0.32224173207564494,83.57627573120186,105.35523721036628,1.1071487177940904,False,1.0,99.99999999999999,-32.4975,2.4881592825595072e-21,987,6.716120715122287e-11
-31.997500000000002,0.317931968759529,83.4162302523258,105.17323102642902,1.1071487177940904,False,1.0,100.0,-31.997500000000002,1.6543612251060553e-20,984,6.70591568385781e-11
-31.497500000000002,0.3135704030503398,83.25835261782552,104.99398500418054,1.1071487177940904,False,1.0,99.99999999999999,-31.497500000000002,1.6940658945086007e-21,983,6.696460747024346e-11
-30.997500000000002,0.3091573730184701,83.10266864512904,104.81750458412687,1.1071487177940904,False,1.0,100.0,-30.997500000000002,-1.6967128724687704e-20,981,6.687744802391649e-11
-30.497500000000002,0.30469323521246583,82.94920397802025,104.64379523838338,1.1071487177940904,False,1.0,100.0,-30.497500000000002,-2.6999175193730823e-21,979,6.679758135508251e-11
-29.997500000000002,0.3001783648587931,82.79798407734748,104.47286246552746,1.1071487177940904,False,1.0,100.0,-29.997500000000002,-6.1409888675936775e-21,978,6.672524338613428e-11
-29.497500000000002,0.29561315512427244,82.64903422615302,104.30471181290069,1.1071487177940904,False,1.0,99.99999999999999,-29.497500000000002,2.321399671068817e-20,976,7.628421505589955e-11
-28.997500000000002,0.2909980219205753,82.50237944760738,104.1393487346094,1.1071487177940904,False,1.0,100.0,-28.997500000000002,2.567568621364598e-21,976,6.660228618615704e-11
-28.497500000000002,0.286333394805784,82.35804464063011,103.97677886048886,1.1071487177940904,False,1.0,100.0,-28.497500000000002,-2.6972705414129126e-20,974,6.655171552738537e-11
-27.997500000000002,0.2816197263906813,82.21605442506949,103.81700771725477,1.1071487177940904,False,1.0,100.0,-27.997500000000002,-1.9481757786848908e-20,973,6.650856948509087e-11
-27.497500000000002,0.27685748784018277,82.07643320458286,103.66004086062091,1.1071487177940904,False,1.0,100.0,-27.497500000000002,-1.7999450129153882e-21,972,6.647261213688083e-11
-26.997500000000002,0.27204716894748954,81.93920515852905,103.50588387245121,1.1071487177940904,False,1.0,100.0,-26.997500000000002,-2.276401045745932e-21,971,8.544101190444131e-11
-26.497500000000002,0.2671892821034735,81.80439416776429,103.35454223906123,1.1071487177940904,False,1.0,100.0,-26.497500000000002,1.4743667238145165e-20,971,8.7262107262287e-11
-25.997500000000002,0.2622843575688842,81.67202388399257,103.206021491326,1.1071487177940904,False,1.0,100.00000000000001,-25.997500000000002,1.4134862307306137e-20,971,6.64082816514977e-11
-25.497500000000002,0.2573329424919277,81.54211774038404,103.06032723437968,1.1071487177940904,False,1.0,100.0,-25.497500000000002,9.767348673026151e-21,969,9.088009511604156e-11
-24.997500000000002,0.2523356098065162,81.41469878900077,102.91746487101547,1.1071487177940904,False,1.0,100.0,-24.997500000000002,1.1011428314305904e-20,969,9.267301509519044e-11
-24.497500000000002,0.24729294944832758,81.28978984147113,102.7774398669925,1.1071487177940904,False,1.0,100.0,-24.497500000000002,1.5339237279183345e-20,969,6.640901023535761e-11
-23.997500000000002,0.242205568308546,81.16741346402719,102.64025775223568,1.1071487177940904,False,1.0,100.0,-23.997500000000002,8.774731937962518e-21,967,9.62174125096471e-11
-23.497500000000002,0.23707410017907915,81.04759178736296,102.50592380238653,1.1071487177940904,False,1.0,100.0,-23.497500000000002,7.027726484250523e-21,967,6.644507860587012e-11
-22.997500000000002,0.2318991918090156,80.93034674889775,102.37444347422719,1.1071487177940904,False,1.0,99.99999999999999,-22.997500000000002,-3.1763735522036263e-21,966,6.6474260124183e-11
-22.497500000000002,0.22668151281245383,80.81569990265139,102.24582208735958,1.1071487177940904,False,1.0,100.0,-22.497500000000002,1.0190865146653301e-21,964,1.0140047135287489e-10
-21.997500000000002,0.22142175561822322,80.70367240437163,102.12006481464917,1.1071487177940904,False,1.0,100.0,-21.997500000000002,9.09236929318288e-21,964,6.655355780371686e-11
-21.497500000000002,0.21612062640768226,80.59428517518376,101.99717697328043,1.1071487177940904,False,1.0,100.0,-21.497500000000002,-3.560185356428231e-21,963,6.660418397363976e-11
-20.997500000000002,0.21077885400017793,80.48755872016491,101.87716372772721,1.1071487177940904,False,1.0,100.0,-20.997500000000002,-1.3234889800848443e-23,961,1.063747250007463e-10
-20.497500000000002,0.20539718970171955,80.38351311370137,101.76003008059826,1.1071487177940904,False,1.0,100.0,-20.497500000000002,-6.749793798432706e-21,961,6.67266936149602e-11
-19.997500000000002,0.1999763972648397,80.28216819279646,101.6457812076244,1.1071487177940904,False,1.0,100.00000000000001,-19.997500000000002,-2.9381455357883543e-21,960,1.0954732954093771e-10
-19.497500000000002,0.19451726755442741,80.18354324211298,101.53442194478609,1.1071487177940904,False,1.0,100.0,-19.497500000000002,5.43953970814871e-21,960,6.687806905492089e-11
-18.997500000000002,0.18902060261459125,80.08765731427307,101.42595733203612,1.1071487177940904,False,1.0,100.0,-18.997500000000002,2.660212849970537e-21,958,1.1289396500968607e-10
-18.497500000000002,0.18348723113129878,79.99452888552787,101.32039205692162,1.1071487177940904,False,1.0,100.00000000000001,-18.497500000000002,1.3420178258060321e-20,958,6.705837621301391e-11
-17.997500000000002,0.17791799359998076,79.90417616420223,101.21773097325308,1.1071487177940904,False,1.0,100.0,-17.997500000000002,-1.164670302474663e-20,957,6.715938222212614e-11
-17.497500000000002,0.172313751818162,79.8166168690305,101.11797874884982,1.1071487177940904,False,1.0,100.0,-17.497500000000002,1.6305384234645282e-20,955,1.1849696918142527e-10
-16.997500000000002,0.16667538755627073,79.73186823814615,101.02113989373255,1.1071487177940904,False,1.0,99.99999999999999,-16.997500000000002,2.97520322723073e-20,955,1.202923698151448e-10
-16.497500000000002,0.16100379847215854,79.64994710870187,100.92721890006072,1.1071487177940904,False,1.0,100.0,-16.497500000000002,-2.9540274035493724e-20,955,6.750639630626054e-11
-15.9975,0.15529989791545099,79.57086991091248,100.83622024182554,1.1071487177940904,False,1.0,99.99999999999999,-15.9975,-1.5352472168984194e-20,954,6.763644505580757e-11
-15.4975,0.1495646183136752,79.4946525684741,100.74814822600352,1.1071487177940904,False,1.0,100.0,-15.4975,-1.1964340379966992e-20,953,1.254276092710338e-10
-14.9975,0.14379891069753095,79.42131048729219,100.66300698662131,1.1071487177940904,False,1.0,100.0,-14.9975,-1.9746455582865877e-20,953,1.270476848724833e-10
-14.4975,0.13800374072505603,79.35085864027621,100.58080062965517,1.1071487177940904,False,1.0,100.0,-14.4975,2.948733447629033e-20,953,6.807132635344715e-11
-13.9975,0.13218008844501933,79.28331156183079,100.50153323277088,1.1071487177940904,False,1.0,100.0,-13.9975,1.2176098616780567e-21,952,6.823102846609252e-11
-13.4975,0.12632895138105193,79.21868324468097,100.42520869239814,1.1071487177940904,False,1.0,100.0,-13.4975,2.752857078576476e-21,951,1.3160063663808508e-10
-12.9975,0.12045134393885433,79.15698712963936,100.35183071843011,1.1071487177940904,False,1.0,100.0,-12.9975,2.218167530622199e-20,951,1.330086284168086e-10
-12.4975,0.11454829360698308,79.09823619532189,100.28140298363913,1.1071487177940904,False,1.0,100.0,-12.4975,-3.546950466627383e-21,951,6.87550606726095e-11
-11.9975,0.1086208406826944,79.04244295320021,100.21392912345136,1.1071487177940904,False,1.0,100.0,-11.9975,-2.064642808932357e-20,950,6.894481340002923e-11
-11.4975,0.10267004099686403,78.9896193414325,100.14941257944658,1.1071487177940904,False,1.0,99.99999999999999,-11.4975,1.0058516248644817e-20,949,1.368743746815726e-10
-10.9975,0.09669696592758771,78.93977669031418,100.08785655546261,1.1071487177940904,False,1.0,100.00000000000001,-10.9975,1.1064367873509298e-20,949,6.950836434205243e-11
-10.4975,0.09070269525545263,78.89292594434112,100.0292643674317,1.1071487177940904,False,1.0,100.0,-10.4975,-1.3711345833678987e-20,949,6.955949705123032e-11
-9.9975,0.08468832403017118,78.84907740236957,99.97363905033447,1.1071487177940904,False,1.0,100.0,-9.9975,-1.1964340379966992e-20,948,6.991591333660452e-11
-9.4975,0.07865495838356422,78.8082408387386,99.92098355187329,1.1071487177940904,False,1.0,99.99999999999999,-9.4975,3.970466940254533e-21,948,7.013094098506922e-11
-8.9975,0.07260371564430754,78.77042547176461,99.87130069092585,1.1071487177940904,False,1.0,99.99999999999999,-8.9975,2.7422691667357973e-20,948,7.024364076513301e-11
-8.4975,0.06653572376589242,78.73563995834664,99.82459315567206,1.1071487177940904,False,1.0,100.0,-8.4975,1.556423040579777e-20,947,7.048685073118843e-11
-7.9975000000000005,0.06045212076468109,78.70389238894573,99.78086350190861,1.1071487177940904,False,1.0,100.0,-7.9975000000000005,1.6358323793848675e-20,946,7.082070867248103e-11
-7.4975000000000005,0.05435405411673834,78.67519028268828,99.74011415127138,1.1071487177940904,False,1.0,100.00000000000001,-7.4975000000000005,-1.0137925587449907e-20,946,7.106619112628998e-11
-6.9975000000000005,0.04824268010030592,78.6495405826365,99.70234738941335,1.1071487177940904,False,1.0,99.99999999999999,-6.9975000000000005,-6.696854239229312e-21,946,7.131896722495368e-11
-6.4975000000000005,0.042119163197499275,78.62694965166895,99.66756536459567,1.1071487177940904,False,1.0,100.0,-6.4975000000000005,1.0905549195899117e-20,946,7.157962764181569e-11
-5.9975000000000005,0.035984675454168405,78.60742326852954,99.63577008622272,1.1071487177940904,False,1.0,100.0,-5.9975000000000005,-1.3234889800848443e-21,946,7.18236728772248e-11
-5.4975000000000005,0.029840395786433938,78.59096662410194,99.60696342337181,1.1071487177940904,False,1.0,100.0,-5.4975000000000005,1.0852609636695723e-20,945,7.212500475334283e-11
-4.9975000000000005,0.02368750941361905,78.57758431836004,99.58114710380119,1.1071487177940904,False,1.0,100.0,-4.9975000000000005,-1.5087774372967225e-21,945,7.241486186734813e-11
-4.4975000000000005,0.017527207060324207,78.56728035710759,99.55832271247313,1.1071487177940904,False,1.0,100.0,-4.4975000000000005,4.539567201691016e-21,944,7.270258310307365e-11
-3.9975,0.011360684409209298,78.56005814963999,99.53849169081693,1.1071487177940904,False,1.0,100.0,-3.9975,-3.374896899216353e-22,944,7.300385513123175e-11
-3.4975,0.005189141321131788,78.55592050627479,99.52165533558018,1.1071487177940904,False,1.0,100.0,-3.4975,-4.863822001811803e-22,944,7.331309181696916e-11
-2.9975,-0.0009862188111531458,78.55486963650225,99.50781479808938,1.1071487177940904,False,1.0,100.00000000000001,-2.9975,0.0011458490326727879,944,7.363080558133762e-11
-2.4975,-0.007164189766821456,78.55690714738033,99.49697108350382,1.1071487177940904,False,1.0,100.0,-2.4975,0.18368336060543605,944,7.395702019546979e-11
-1.9975,-0.013343563186884252,78.56203404229633,99.48912505019648,1.1071487177940904,False,1.0,100.0,-1.9975,0.49008474218008397,944,7.438735911968752e-11
-1.4975,-0.01952312931378538,78.57025072007117,99.48427740922709,1.1071487177940904,False,1.0,100.0,-1.4975,0.8485641483431715,935,7.474601146362225e-11
-0.9975,-0.025701677640770203,78.58155697443648,99.48242872395822,1.1071487177940904,False,1.0,100.00000000000001,-0.9975,1.2370360238938487,928,7.511317783037708e-11
-0.575,-0.030920862717109355,78.59351854035259,99.48320461964566,1.1071487177940904,False,1.0,100.0,-0.575,1.5808736073282144,924,7.543033385404296e-11
-0.25,-0.03493407921642735,78.60421999766648,99.48525889194427,1.1071487177940904,False,1.0,99.99999999999999,-0.25,1.8525682985142862,921,7.567844788336497e-11
0.0,-0.038020025675219386,78.61333927308524,99.48770152022752,1.1071487177940904,False,1.0,100.0,-7.6497663048904e-21,2.065023513890093,915,7.587218874005597e-11
0.25,-0.041104811976039386,78.62322989432975,99.49089409261354,1.1071487177940904,False,1.0,100.0,-1.053497228147536e-20,2.2800516632080416,915,6.746870683665973e-11
0.575,-0.04511305161488125,78.63724034481685,99.49616559394295,1.1071487177940904,False,1.0,100.0,-4.764560328305439e-22,2.5629181125579694,916,7.632584755196126e-11
0.9975,-0.05031990640711949,78.65740071420724,99.5049132981473,1.1071487177940904,False,1.0,100.0,1.826414792517085e-21,2.9354387426747026,916,8.053815914958046e-11
1.4975,-0.056475308902877414,78.68409979514749,99.5180326417722,1.1071487177940904,False,1.0,100.0,-5.320425699941074e-21,3.3821162163613234,916,7.724415031218346e-11
1.9975,-0.06262246699401744,78.71387457759572,99.53415123514584,1.1071487177940904,False,1.0,100.0,9.396771758602394e-21,3.8340009817515135,917,7.749942354529082e-11
2.4975,-0.06876018474349586,78.7467206261623,99.55326858573333,1.1071487177940904,False,1.0,99.99999999999999,-1.5537760626196072e-20,4.290209624074695,917,7.812392052719552e-11
2.9975,-0.07488727119408611,78.78263292277667,99.57538407505746,1.1071487177940904,False,1.0,100.0,4.605741650695258e-21,4.7500621213126974,919,7.836878541944703e-11
3.4975,-0.08100254087932278,78.82160585511035,99.60049693803808,1.1071487177940904,False,1.0,100.0,1.4240741425712924e-20,5.213034740795527,927,7.881753062710661e-11
3.9975,-0.08710481460527711,78.86363321971915,99.62860626383852,1.1071487177940904,False,1.0,100.0,6.723324018831009e-21,5.678700893119152,946,7.927591395839872e-11
4.4975000000000005,-0.09319292006920962,78.90870822523733,99.65971099657332,1.1071487177940904,False,1.0,100.0,6.935082255644584e-21,6.146720319254295,952,7.974397010779288e-11
4.9975000000000005,-0.09926569251737676,78.95682349597924,99.69380993620436,1.1071487177940904,False,1.0,100.00000000000001,-9.052664623780335e-21,6.616807684555104,952,8.048400661209154e-11
5.4975000000000005,-0.10532197544210141,79.00797107603621,99.73090173968949,1.1071487177940904,False,1.0,100.0,3.970466940254533e-21,7.088733172057458,953,8.070916678037943e-11
5.9975000000000005,-0.11136062111224455,79.06214243319388,99.770984921782,1.1071487177940904,False,1.0,100.0,2.276401045745932e-21,7.562293438371254,953,8.14939296600592e-11
6.4975000000000005,-0.11738049133561713,79.11932846396375,99.81405785667678,1.1071487177940904,False,1.0,100.00000000000001,-3.806354306724012e-20,8.037333061474992,953,8.20133596451944e-11
6.9975000000000005,-0.1233804579658208,79.17951949810902,99.8601187790119,1.1071487177940904,False,1.0,100.0,-2.3081647812679684e-20,8.513698826323013,953,8.254239652893958e-11
7.4975000000000005,-0.12935940355160863,79.24270530400457,99.90916578547063,1.1071487177940904,False,1.0,100.0,-1.8211208365967457e-20,8.991276383652002,953,8.308131613232739e-11
7.9975000000000005,-0.13531622191418008,79.30887509409398,99.96119683630587,1.1071487177940904,False,1.0,100.0,-8.152692117322641e-21,9.469948649238455,953,8.363035611247405e-11
8.4975,-0.14124981871967363,79.37801753066931,100.01620975700382,1.1071487177940904,False,1.0,100.0,-2.0434669852509996e-20,9.949638797890238,953,8.418896829676115e-11
8.9975,-0.14715911203646856,79.45012073193357,100.07420224005591,1.1071487177940904,False,1.0,99.99999999999999,-1.7787691892340307e-20,10.43024236773422,953,8.475822127484989e-11
9.4975,-0.1530430328766439,79.52517227833799,100.13517184683823,1.1071487177940904,False,1.0,99.99999999999999,2.3081647812679684e-20,10.911705704828032,953,8.5337268501684e-11
9.9975,-0.15890052572097174,79.60315921918567,100.19911600959846,1.1071487177940904,False,1.0,100.0,-2.1705219273391446e-20,11.393962036941991,953,8.59268003972069e-11
10.4975,-0.1647305490268596,79.68406807949376,100.26603203354954,1.1071487177940904,False,1.0,100.00000000000001,1.3870164511289168e-20,11.87695706093295,953,8.652675451137348e-11
10.9975,-0.17053207571868692,79.76788486710495,100.33591709906987,1.1071487177940904,False,1.0,100.0,3.48342299558331e-20,12.360622883296001,953,8.713730778597828e-11
11.4975,-0.17630409366001934,79.85459508004,100.40876826400955,1.1071487177940904,False,1.0,100.0,3.716357056078243e-20,12.844931082138316,953,8.775835613761274e-11
11.9975,-0.1820456061160134,79.94418371414281,100.4845824661629,1.1071487177940904,False,1.0,100.00000000000001,1.1752582143153417e-20,13.329820855814,955,8.798542797117115e-11
12.4975,-0.18775563215270408,80.0366352706423,100.56335652554418,1.1071487177940904,False,1.0,100.0,-2.752857078576476e-21,13.81527612210704,958,8.86213810669112e-11
12.9975,-0.19343320710534373,80.13193376453363,100.64508714736712,1.1071487177940904,False,1.0,100.0,3.348427119614656e-21,14.301256357523664,964,8.926868966252499e-11
13.4975,-0.19907738293751887,80.2300627325597,100.72977092453476,1.1071487177940904,False,1.0,100.0,-1.3234889800848443e-23,14.787723309014305,968,8.992769029436687e-11
13.9975,-0.20468722862618516,80.33100524168326,100.81740434052506,1.1071487177940904,False,1.0,99.99999999999999,-5.055727903924105e-21,15.274650764265887,972,9.059870562100336e-11
14.4975,-0.21026183051567224,80.43474389768325,100.90798377232407,1.1071487177940904,False,1.0,100.0,-9.926167350636332e-22,15.762030738146107,976,9.128168013128324e-11
14.9975,-0.21580029265181566,80.54126085392303,101.00150549346007,1.1071487177940904,False,1.0,100.0,-2.5013941723603557e-21,16.24981766300718,980,9.197662423354735e-11
15.4975,-0.2213017370950046,80.65053782028008,101.09796567713973,1.1071487177940904,False,1.0,100.0,3.1763735522036263e-22,16.73797832024806,984,9.268388834193786e-11
15.9975,-0.22676530421209412,80.762556072227,101.1973603994856,1.1071487177940904,False,1.0,100.0,2.63374307036884e-21,17.22653590838516,988,9.34033024535541e-11
16.497500000000002,-0.2321901529394858,80.87729645997942,101.29968564279923,1.1071487177940904,False,1.0,100.0,-1.0323214044661785e-21,17.71542323382134,988,9.458558242192439e-11
16.997500000000002,-0.23757546106331565,80.9947394181451,101.40493729930238,1.1071487177940904,False,1.0,100.0,2.183756817139993e-21,18.2046674706747,988,9.53329012953752e-11
17.497500000000002,-0.24292042540862005,81.11486497482579,101.51311117430215,1.1071487177940904,False,1.0,100.0,5.624828165360588e-21,18.6942042206089,989,9.563790731581534e-11
17.997500000000002,-0.24822426203941256,81.23765276111021,101.62420298973714,1.1071487177940904,False,1.0,100.0,2.6469779601696886e-23,19.18406977476102,989,9.686488416926764e-11
18.497500000000002,-0.2534862065104104,81.36308202144696,101.73820838862451,1.1071487177940904,False,1.0,100.0,-5.3336605897419224e-21,19.674221743912504,989,9.764956898639099e-11
18.997500000000002,-0.2587055139569146,81.4911316226381,101.85512293811028,1.1071487177940904,False,1.0,100.0,-8.761497048161669e-21,20.164639814463353,989,9.844739606856834e-11
19.497500000000002,-0.2638814592739916,81.62178006406745,101.97494213379598,1.1071487177940904,False,1.0,100.0,2.7660919683773245e-21,20.655316730014775,989,9.925813643230086e-11
19.997500000000002,-0.26901333723047494,81.75500548753038,102.09766140369125,1.1071487177940904,False,1.0,100.0,-1.5352472168984194e-20,21.146256971380666,989,1.0008212314449594e-10
20.497500000000002,-0.2741004625692406,81.89078568719682,102.22327611234259,1.1071487177940904,False,1.0,100.0,3.0704944337968387e-21,21.637449982601733,989,1.0091948110524385e-10
20.997500000000002,-0.2791421700931139,82.02909811970082,102.35178156514421,1.1071487177940904,False,1.0,100.0,7.438008068076825e-21,22.128872492808124,991,1.0131345068442599e-10
21.497500000000002,-0.2841378146916176,82.16991991377087,102.48317301223389,1.1071487177940904,False,1.0,100.00000000000001,-1.852884572118782e-22,22.620516424908338,991,1.0263499078400073e-10
21.997500000000002,-0.28908677144886535,82.31322788120914,102.6174456538536,1.1071487177940904,False,1.0,100.0,-1.4478969442128196e-20,23.112373514180348,992,1.0306001885229676e-10
22.497500000000002,-0.2939884355751849,82.45899852580234,102.75459464366114,1.1071487177940904,False,1.0,100.0,-1.0349683824263482e-20,23.60443529971266,994,1.0395493493797758e-10
22.997500000000002,-0.29884222247259884,82.60720805433066,102.8946150942913,1.1071487177940904,False,1.0,100.0,-3.864587821847745e-21,24.096693115311034,996,1.0486454066205297e-10
23.497500000000002,-0.30364756768376955,82.7578323862259,103.03750208163112,1.1071487177940904,False,1.0,100.0,-2.4352197233561135e-21,24.58913808001883,999,1.0578938419714135e-10
23.997500000000002,-0.3084039268581688,82.91084716372167,103.18325064970978,1.1071487177940904,False,1.0,99.99999999999999,-1.7205356741102976e-21,25.081779129917415,1002,1.0672868838712546e-10
24.497500000000002,-0.31311077569220513,83.06622776189006,103.33185581560079,1.1071487177940904,False,1.0,100.0,-1.545835128739098e-20,25.574608484363697,1004,1.0768368835512021e-10
24.997500000000002,-0.31776760985385555,83.22394929864863,103.48331257441559,1.1071487177940904,False,1.0,100.0,1.0561442061077057e-20,26.06760521066991,1007,1.0865439797891341e-10
25.497500000000002,-0.3223739448863283,83.38398664472223,103.63761590439856,1.1071487177940904,False,1.0,99.99999999999999,1.9322939109238726e-21,26.56075970681795,1009,1.0964081031961115e-10
25.997500000000002,-0.3269293160960693,83.54631443355159,103.79476077211645,1.1071487177940904,False,1.0,100.0,-3.1499037726019294e-21,27.054062111252197,1011,1.1064278659933535e-10
26.497500000000002,-0.3314332784234917,83.71090707114962,103.9547421377449,1.1071487177940904,False,1.0,100.0,-5.929230630780102e-21,27.54751467742134,1014,1.1166129132433866e-10
26.997500000000002,-0.33588540629572355,83.87773874587229,104.11755496045535,1.1071487177940904,False,1.0,100.0,-1.1170246991916086e-20,28.041155921816635,1016,1.1269572774974534e-10
27.497500000000002,-0.34028529346656883,84.04678343813005,104.2831942038947,1.1071487177940904,False,1.0,100.0,9.449711317805788e-21,28.53492313713884,1018,1.1374685915388483e-10
27.997500000000002,-0.3446325528377468,84.21801493000828,104.45165484176898,1.1071487177940904,False,1.0,100.00000000000001,5.61159327555974e-21,29.028805585340486,1020,1.1481478268127177e-10
28.497500000000002,-0.3489268162671244,84.3914068147895,104.62293186352348,1.1071487177940904,False,1.0,100.0,-3.970466940254533e-21,29.52285137098383,1023,1.158992138372561e-10
28.997500000000002,-0.35316773436052157,84.56693250637352,104.79702028012598,1.1071487177940904,False,1.0,100.00000000000001,-1.5908337540619828e-20,30.017035019972887,1026,1.1700161672845155e-10
29.497500000000002,-0.357354976253014,84.74456524861799,104.97391512994714,1.1071487177940904,False,1.0,100.00000000000001,-2.0196441836094724e-20,30.51131002389534,1028,1.18121422365558e-10
29.997500000000002,-0.36148822937395225,84.92427812452473,105.15361148474518,1.1071487177940904,False,1.0,100.0,1.7231826520704673e-20,31.005742582062958,1031,1.1925861687078765e-10
30.497500000000002,-0.36556719919919034,85.10604406532974,105.33610445575705,1.1071487177940904,False,1.0,100.0,-7.517417406881916e-21,31.500291502409763,1033,1.2041363045556253e-10
30.997500000000002,-0.3695916089942593,85.28983585947364,105.52138919988715,1.1071487177940904,False,1.0,99.99999999999999,7.093900933254765e-21,31.994912373618995,1035,1.2158707374254618e-10
31.497500000000002,-0.3735611995429315,85.47562616141506,105.7094609260077,1.1071487177940904,False,1.0,100.0,-6.961552035246281e-21,32.48972034272245,1038,1.2277887040390567e-10
31.997500000000002,-0.3774757288647797,85.66338750032637,105.90031490136671,1.1071487177940904,False,1.0,100.0,-1.5326002389382497e-20,32.98458025998835,1040,1.2398924248424592e-10
32.4975,-0.38133497192587795,85.85309228864149,106.09394645809671,1.1071487177940904,False,1.0,100.00000000000001,-5.108667463127499e-21,33.47957983288637,1044,1.2521858550051945e-10
32.9975,-0.385138720334804,86.04471283045065,106.2903509998516,1.1071487177940904,False,1.0,100.0,-3.9148804030909694e-20,33.97466899211988,1048,1.2646700353613483e-10
33.4975,-0.3888867820335186,86.23822132974439,106.4895240085302,1.1071487177940904,False,1.0,100.0,-8.179161896924338e-21,34.46985282320079,1054,1.2773486435246895e-10
33.9975,-0.39257898097703603,86.43358989849648,106.69146105114437,1.1071487177940904,False,1.0,100.0,1.0058516248644817e-21,34.96515496609299,1060,1.290224871386414e-10
34.4975,-0.3962151568049978,86.63079056460202,106.89615778677702,1.1071487177940904,False,1.0,100.0,-8.576208590949791e-21,35.46052169236579,1061,1.303301078170449e-10
34.9975,-0.3997951645092839,86.82979527954237,107.10360997359817,1.1071487177940904,False,1.0,100.00000000000001,-1.1990810159568689e-20,35.956020033746796,1061,1.3197448689439284e-10
35.4975,-0.40331887410122397,87.03057592638912,107.3138134764503,1.1071487177940904,False,1.0,100.0,2.159934015498466e-20,36.45156831132528,1062,1.3300646695135754e-10
35.9975,-0.40678617023614744,87.23310432632873,107.52676427335761,1.1071487177940904,False,1.0,100.0,3.406660634738389e-20,36.94724550363562,1062,1.3467820608736858e-10
36.4975,-0.41019695189969374,87.43735224711723,107.74245846409814,1.1071487177940904,False,1.0,99.99999999999999,-7.411538288475128e-21,37.442974004606654,1063,1.3576532259529372e-10
36.9975,-0.4135511320083406,87.64329140886309,107.96089227662493,1.1071487177940904,False,1.0,100.0,-3.1816675081239656e-20,37.93881209993155,1063,1.3746598997999016e-10
37.4975,-0.41684863708716313,87.85089349218298,108.18206207592652,1.1071487177940904,False,1.0,100.0,-2.8772650427044515e-20,38.43471950896351,1064,1.3861069236842383e-10
37.9975,-0.4200894068662292,88.06013014372286,108.40596437083293,1.1071487177940904,False,1.0,99.99999999999999,1.1037898093907601e-20,38.930699918486354,1065,1.4006561882551338e-10
38.4975,-0.4232733939354273,88.27097298346341,108.63259582270881,1.1071487177940904,False,1.0,100.00000000000001,-1.0587911840678754e-21,39.42678492914017,1065,1.4181199964324875e-10
38.9975,-0.4264005633693179,88.48339361096622,108.86195325349233,1.1071487177940904,False,1.0,100.00000000000001,-3.263723824889226e-20,39.92288837979815,1065,1.43305076139022e-10
39.4975,-0.4294708923409115,88.69736361114114,109.09403365366023,1.1071487177940904,False,1.0,100.0,2.4802183486789982e-20,40.419149690534795,1065,1.4482140486826722e-10
39.9975,-0.43248436975488264,88.91285456051044,109.32883419091374,1.1071487177940904,False,1.0,100.0,-4.1610493533867504e-20,40.9154046831724,1065,1.4636114542554424e-10
40.4975,-0.4354409958680532,89.12983803290295,109.56635221869085,1.1071487177940904,False,1.0,100.0,-1.7575933655526732e-20,41.41179248850897,1065,1.4792415209408105e-10
40.9975,-0.4383407819139593,89.34828560510567,109.80658528495131,1.1071487177940904,False,1.0,100.0,-1.9931744040077755e-20,41.908222589137395,1066,1.49274995142612e-10
41.4975,-0.44118374971400837,89.56816886190458,110.04953114080945,1.1071487177940904,False,1.0,100.0,-3.679299364635867e-21,42.404691234089405,1066,1.5112310014497865e-10
41.9975,-0.4439699313228479,89.78945940199543,110.29518775010804,1.1071487177940904,False,1.0,100.00000000000001,1.725829630030637e-20,42.901295166298056,1066,1.5275943704429196e-10
42.4975,-0.4466993686323431,90.01212884235933,110.54355329816096,1.1071487177940904,False,1.0,100.0,-7.623296525288703e-21,43.39789276548276,1067,1.5420151960876538e-10
42.9975,-0.44937211299682195,90.23614882310301,110.79462620119506,1.1071487177940904,False,1.0,100.0,-1.6728900708272432e-20,43.89459947383407,1067,1.561070855915503e-10
43.4975,-0.4519882248817882,90.46149101271615,111.04840511628807,1.1071487177940904,False,1.0,100.0,3.917527381051139e-21,44.39136979734669,1067,1.5781920909008207e-10
43.9975,-0.4545477734713868,90.68812711184081,111.30488895068241,1.1071487177940904,False,1.0,100.0,-3.001673006832427e-20,44.888133720556105,1067,1.5955767956876699e-10
44.4975,-0.4570508363134815,90.91602885788669,111.56407687192736,1.1071487177940904,False,1.0,100.0,-1.2440796412797536e-20,45.385053436305206,1067,1.6132231661636354e-10
44.9975,-0.45949749895469233,91.14516802905273,111.82596831794538,1.1071487177940904,False,1.0,100.0,6.988021814847978e-21,45.88198903173558,1067,1.6311422351700244e-10
45.4975,-0.46188785458188614,91.37551644823637,112.09056300733128,1.1071487177940904,False,1.0,100.0,-3.499304863344328e-20,46.3789188321838,1067,1.6493276189244455e-10
45.9975,-0.46422200366835686,91.60704598676526,112.35786094984364,1.1071487177940904,False,1.0,100.0,-1.079967007749233e-20,46.876024835305664,1067,1.6677924319363768e-10
46.4975,-0.46650005362520097,91.83972856795293,112.62786245709148,1.1071487177940904,False,1.0,100.0,4.870439446712227e-21,47.37312469041309,1067,1.686535702760672e-10
46.9975,-0.4687221184583994,92.07353617048186,112.90056815341957,1.1071487177940904,False,1.0,100.00000000000001,9.740878893424454e-21,47.870218185428115,1067,1.7055631212903322e-10
47.4975,-0.47088831843212314,92.30844083161644,113.17597898699422,1.1071487177940904,False,1.0,100.0,-5.966288322222478e-20,48.3674844571003,1067,1.7248798223068462e-10
47.9975,-0.4729987797387789,92.54441465024932,113.45409624109253,1.1071487177940904,False,1.0,99.99999999999999,2.752857078576476e-21,48.864747661456626,1067,1.7444865690885436e-10
48.4975,-0.47505363417633156,92.78142978978453,113.73492154559607,1.1071487177940904,False,1.0,100.0,-4.616329562535937e-20,49.36200461565812,1067,1.7643894678620597e-10
48.9975,-0.47705301883343276,93.01945848086126,114.01845688869066,1.1071487177940904,False,1.0,100.0,-2.5781565332052767e-20,49.859402048097216,1067,1.7845935840199445e-10
49.4975,-0.4789970757829168,93.25847302392224,114.30470462877243,1.1071487177940904,False,1.0,100.0,-3.801060350803673e-20,50.356827786885965,1067,1.8051032196764183e-10
49.9975,-0.4808859517842215,93.49844579163106,114.5936675065598,1.1071487177940904,False,1.0,100.00000000000001,-7.093900933254765e-21,50.85424744687535,1067,1.8259190687208715e-10
50.4975,-0.48271979799532166,93.7393492311431,114.8853486574105,1.1071487177940904,False,1.0,99.99999999999999,-7.093900933254765e-21,51.35174619229967,1067,1.8470536211623312e-10
50.9975,-0.48449876969477845,93.98115586623484,115.17975162384089,1.1071487177940904,False,1.0,100.0,-5.3680713032241284e-20,51.849333739175094,1067,1.8685022973308207e-10
51.4975,-0.4862230260145275,94.223838299297,115.47688036824451,1.1071487177940904,False,1.0,100.00000000000001,2.234049398383217e-20,52.34691544108882,1067,1.8902713422308537e-10
51.9975,-0.4878927296840662,94.46736921319676,115.77673928580481,1.1071487177940904,False,1.0,100.00000000000001,4.9763185651190145e-21,52.84449114830083,1067,1.9123719968705544e-10
52.4975,-0.4895080467867161,94.7117213730151,116.07933321759567,1.1071487177940904,False,1.0,100.0,-1.5352472168984194e-21,53.342232886495374,1067,1.9348000979135804e-10
52.9975,-0.49106914652868444,94.95686762766549,116.38466746386158,1.1071487177940904,False,1.0,99.99999999999999,-6.28921963336318e-20,53.83997604775418,1067,1.9575689680362274e-10
53.4975,-0.49257620102605937,95.2027809114457,116.69274779740624,1.1071487177940904,False,1.0,99.99999999999999,7.411538288475128e-21,54.337713532917974,1068,1.979259256490451e-10
53.9975,-0.49402938507988436,95.44943424521104,117.0035804775023,1.1071487177940904,False,1.0,100.0,6.88214269644119e-22,54.835491145565676,1068,2.0041335258014215e-10
54.4975,-0.4954288760321115,95.69680073813818,117.3171722630331,1.1071487177940904,False,1.0,100.0,2.191697751020502e-20,55.33339525545501,1068,2.0279403156742148e-10
54.9975,-0.4967748535501034,95.94485358847488,117.63353042696887,1.1071487177940904,False,1.0,100.0,-4.129285617864714e-21,55.83129407319567,1068,2.052101821803376e-10
55.4975,-0.4980674994938532,96.19356608490604,117.95266277003776,1.1071487177940904,False,1.0,100.0,0.0,56.32918749921485,1068,2.0766269259731018e-10
55.9975,-0.49930699777503923,96.44291160756568,118.27457763483561,1.1071487177940904,False,1.0,100.0,-3.6687114527951883e-20,56.82713742969882,1068,2.1015197915197348e-10
56.4975,-0.5004935342396388,96.6928636290328,118.59928391992274,1.1071487177940904,False,1.0,100.0,-5.1616070223308927e-20,57.32519719653743,1068,2.1267855532247637e-10
56.9975,-0.5016272965709037,96.94339571527335,118.92679109393336,1.1071487177940904,False,1.0,100.0,8.046812998915853e-21,57.82325204556464,1068,2.1524279580908967e-10
57.4975,-0.5027084742139596,97.19448152653916,119.25710920965813,1.1071487177940904,False,1.0,99.99999999999999,-5.029258124322408e-21,58.321301908463205,1068,2.1784554715686966e-10
57.9975,-0.5037372583233828,97.44609481823481,119.59024891805433,1.1071487177940904,False,1.0,100.0,-1.3446648037662018e-20,58.8193855171088,1068,2.204871007993603e-10
58.4975,-0.5047138417352067,97.69820944176443,119.9262214821312,1.1071487177940904,False,1.0,100.0,-2.456395547037471e-20,59.317601522843255,1068,2.2316817838152758e-10
58.9975,-0.5056384189649338,97.95079934537074,120.26503879065069,1.1071487177940904,False,1.0,100.0,3.647535629113831e-20,59.81581310960655,1068,2.258895986928522e-10
59.4975,-0.5065111862296493,98.20383857502374,120.60671337146653,1.1071487177940904,False,1.0,100.0,-4.7804421960664575e-20,60.314020242898145,1073,2.259981368712971e-10
59.9975,-0.5073323415123211,98.4573012751087,120.95125840510539,1.1071487177940904,False,1.0,100.0,-1.4558378780933287e-20,60.81222289683694,1077,2.2752763562117195e-10
60.4975,-0.5081020846406739,98.7111616895937,121.29868773674447,1.1071487177940904,False,1.0,100.00000000000001,2.7316812548951186e-20,61.31056971924359,1081,1.3834133838486196e-10
60.9975,-0.5088206174149971,98.96539416281729,121.64901588884955,1.1071487177940904,False,1.0,100.00000000000001,2.345222472710344e-20,61.80893907807334,1084,1.390789428068473e-10
61.4975,-0.5094881437508181,99.21997314051659,122.00225807269348,1.1071487177940904,False,1.0,99.99999999999999,2.5940384009662948e-21,62.30730464887763,1086,1.3987192654107972e-10
61.9975,-0.5101048698878372,99.47487317097053,122.35843019905535,1.1071487177940904,False,1.0,100.0,3.112846081159554e-20,62.805666443279904,1088,1.4151528560102378e-10
62.4975,-0.5106710046076977,99.73006890621438,122.71754888823712,1.1071487177940904,False,1.0,99.99999999999999,-3.8381180422460484e-20,63.304061661433664,1091,1.4238700496438383e-10
62.9975,-0.5111867595337619,99.98553510336392,123.07963147875334,1.1071487177940904,False,1.0,100.0,5.293955920339377e-21,63.80259014652803,1093,1.431294527343141e-10
63.4975,-0.5116523494453258,100.24124662612765,123.44469603502183,1.1071487177940904,False,1.0,100.0,6.829203137237796e-21,64.30111564709163,1096,1.440596808510719e-10
63.9975,-0.512067992655688,100.49717844645804,123.81276135349604,1.1071487177940904,False,1.0,100.0,-3.758708703440958e-21,64.7996382150078,1098,1.4575073786771142e-10
64.4975,-0.5124339114292585,100.75330564645297,124.18384696727841,1.1071487177940904,False,1.0,100.0,2.4669834588781497e-20,65.2981579132497,1100,1.1193707766254946e-10
64.9975,-0.5127503324974683,101.0096034204386,124.5579731484656,1.1071487177940904,False,1.0,100.0,2.2764010457459322e-20,65.79672455838836,1102,1.1318258136272519e-10
65.4975,-0.5130174875629161,101.26604707732184,124.9351609088968,1.1071487177940904,False,1.0,100.0,1.5246593050577406e-20,66.29541179006866,1104,1.1303039060273079e-10
65.9975,-0.5132356139601709,101.52261204324068,125.31543199767228,1.1071487177940904,False,1.0,100.0,-6.728617974751348e-20,66.79409707748235,1105,1.1392149029676446e-10
66.4975,-0.5134049552941268,101.77927386454928,125.6988088965797,1.1071487177940904,False,1.0,100.0,1.8052389688357276e-20,67.29278052747148,1108,1.1421651124887688e-10
66.9975,-0.5135257622292657,102.03600821112718,126.08531481165504,1.1071487177940904,False,1.0,99.99999999999999,-7.194486095741214e-20,67.79146225941885,1109,1.15103968023611e-10
67.4975,-0.5135982932980222,102.29279088012991,126.47497366164622,1.1071487177940904,False,1.0,100.0,3.0704944337968387e-21,68.29014924860566,1111,1.1485232903618581e-10
67.9975,-0.5136228158648571,102.54959780013583,126.86781006171239,1.1071487177940904,False,1.0,100.0,-4.478686708607113e-20,68.7889994837502,1118,1.1572418717742394e-10
68.4975,-0.513599607064714,102.80640503581265,127.26384930359595,1.1071487177940904,False,1.0,100.0,3.271664758769735e-20,69.2878490612982,1125,1.1610773453796241e-10
68.9975,-0.5135289549772719,103.06318879311021,127.66311732930905,1.1071487177940904,False,1.0,100.0,-2.8587361969832636e-20,69.78669814725372,1128,1.1697552648737286e-10
69.4975,-0.5134111598047307,103.31992542496178,128.06564069997452,1.1071487177940904,False,1.0,100.0,-1.9269999550035333e-20,70.28554692145742,1131,1.178436653814785e-10
69.9975,-0.5132465351816676,103.57659143772996,128.47144655797706,1.1071487177940904,False,1.0,100.0,-2.1811098391798234e-20,70.78439557793072,1134,1.174810040915908e-10
70.4975,-0.5130354096352903,103.83316349824953,128.8805625815708,1.1071487177940904,False,1.0,100.0,-4.25104660403252e-20,71.28331724893845,1137,1.1832976265502282e-10
70.9975,-0.5127781280798167,104.08961844166132,129.29301693239503,1.1071487177940904,False,1.0,100.0,-1.44524996625265e-20,71.78233643304739,1140,1.1791551068895956e-10
71.4975,-0.5124750535482064,104.34593328000068,129.70883819302185,1.1071487177940904,False,1.0,100.0,7.252719610864947e-21,72.28135672175516,1144,1.1874255051447236e-10
71.9975,-0.5121265689493512,104.60208521172777,130.1280552958752,1.1071487177940904,False,1.0,100.0,4.971024609198675e-20,72.7803783566112,1152,1.1956836215576416e-10
72.4975,-0.5117330790133187,104.85805163214746,130.55069744091486,1.1071487177940904,False,1.0,99.99999999999999,-4.912791094074942e-20,73.27940159384458,1154,1.1908213304323567e-10
72.9975,-0.5112950124265938,105.11381014480996,130.9767940009918,1.1145728580916932,False,1.0,100.0,-9.68793933422106e-21,73.77842670451108,1155,1.1988385978378702e-10
73.4975,-0.5108128239937315,105.36933857405519,131.40637441568276,1.122314838671842,False,1.0,100.0,-1.6040686438628313e-20,74.27752203745379,1156,1.206831717892598e-10
73.9975,-0.5102869970423959,105.6246149786556,131.83946807004747,1.1300758985833763,False,1.0,99.99999999999999,-1.2229038175983961e-20,74.77671975249545,1158,1.2012416061857323e-10
74.4975,-0.5097180459590462,105.87961766677985,132.27610415946947,1.1378560300177918,False,1.0,100.0,-2.4669834588781497e-20,75.27592069492518,1158,1.2159255546873027e-10
74.9975,-0.5091065189077792,106.1343252118284,132.71631153092935,1.1456551506283545,False,1.0,100.0,-4.4151592375630405e-20,75.77512517714828,1159,1.2166575386052259e-10
75.4975,-0.5084530005228913,106.38871647072212,133.16011852542684,1.1534730958430646,False,1.0,100.0,-2.0964065444543933e-20,76.27433352504998,1161,1.210333569479083e-10
75.9975,-0.5077581150748927,106.64277060219267,133.6075527750055,1.1613096100876805,False,1.0,99.99999999999999,3.3034284942917713e-20,76.77354607752446,1162,1.2177318875483678e-10
76.4975,-0.5070225294524586,106.8964670878237,134.0586410016404,1.1691643378714167,False,1.0,100.0,-3.3351922298138076e-20,77.27276318607608,1162,1.232198648670746e-10
76.9975,-0.506246956534939,107.14978575354483,134.5134087762658,1.1770368139378073,False,1.0,100.0,-3.3881317890172014e-21,77.77213351608248,1163,1.2323695536275991e-10
77.4975,-0.505432158411485,107.40270679456843,134.9718802806355,1.1849264532415111,False,1.0,100.00000000000001,-3.366955965335844e-20,78.27152607445865,1165,1.225043469443854e-10
77.9975,-0.5045789500314335,107.65521079977245,135.4340780133492,1.1928325398411492,False,1.0,100.0,-2.8693241088239424e-20,78.77092460238966,1166,1.2320082454220227e-10
78.4975,-0.5036882026419831,107.90727877954347,135.90002249611382,1.2007542156571862,False,1.0,100.0,6.162164691275035e-20,79.27032946767234,1168,1.238908350909007e-10
78.9975,-0.5027608474375537,108.15889219492469,136.36973194606935,1.2086904685419122,False,1.0,100.0,-5.717472393966527e-21,79.76974104463447,1168,1.2520664366411083e-10
79.4975,-0.5017978791997242,108.41003298756353,136.84322191423746,1.216640119882575,False,1.0,99.99999999999999,-3.366955965335844e-20,80.26915971251533,1170,1.2373765206907805e-10
79.9975,-0.5008003598718163,108.66068361425485,137.32050492472354,1.2246018119959008,False,1.0,100.0,-1.545835128739098e-20,80.76858585384272,1171,1.2438421820304413e-10
80.4975,-0.49976942209658304,108.91082707976086,137.801590056503,1.2325739950602392,False,1.0,100.00000000000001,1.9164120431628545e-20,81.26814996824552,1171,1.2552169026402993e-10
80.9975,-0.4987062726051537,109.16044697286645,138.2864825164169,1.2405549140578083,False,1.0,100.0,2.6363900483290098e-20,81.76775318348582,1172,1.256519888137575e-10
81.4975,-0.49761219542621016,109.40952750624479,138.77518320707506,1.2485425956697953,False,1.0,100.00000000000001,3.928115292891818e-20,82.2673650970971,1174,1.2470979110501546e-10
81.9975,-0.49648855483997184,109.65805355388494,139.26768824239073,1.2565364985426513,False,1.0,100.0,5.706884482125849e-20,82.76698604800914,1174,1.2557879736085908e-10
82.4975,-0.49533679784909623,109.90601069197339,139.76398846763018,1.2645329293389231,False,1.0,99.99999999999999,-3.3034284942917713e-20,83.2666163646311,1174,1.260636456335007e-10
82.9975,-0.4941584564083739,110.15338524210622,140.26406897174707,1.2725290537978071,False,1.0,100.0,-6.850378960919154e-20,83.76625636165714,1174,1.2652719150185732e-10
83.4975,-0.4929551489432006,110.40016431317143,140.7679085800871,1.2805234009203001,False,1.0,100.00000000000001,-4.2351647362715017e-20,84.26590633647872,1174,1.2696943496592894e-10
83.9975,-0.49172858123186053,110.64633584481064,141.27547935507155,1.2885126662519886,False,1.0,100.0,-2.191697751020502e-20,84.76556656543669,1175,1.2592398651589676e-10
84.4975,-0.4904805467434122,110.89188865231714,141.78674610656603,1.2964924200112262,False,1.0,100.0,-2.1811098391798234e-20,85.26538932870481,1176,1.264385263155532e-10
84.9975,-0.4892129257024459,111.13681246888116,142.30166591260632,1.3044620053754332,False,1.0,100.00000000000001,-4.139873529705393e-20,85.76522555740426,1176,1.264964244462874e-10
85.4975,-0.4879276833046692,111.38109798830321,142.82018767365068,1.3124143822350938,False,1.0,100.0,7.279189390466644e-21,86.26507250442076,1177,1.2743157917771697e-10
85.9975,-0.4866268674324453,111.62473690973893,143.3422517020797,1.3203491977603206,False,1.0,100.0,1.0720260738687239e-20,86.76493028504088,1177,1.271606153707694e-10
86.4975,-0.48531260384987696,111.86772197376341,143.86778936381776,1.3282590317771894,False,1.0,100.0,-1.1461414567534751e-20,87.26479897273867,1178,1.2668242149738163e-10
86.9975,-0.483987091929544,112.1100470045465,144.39672277092512,1.336142074419254,False,1.0,100.00000000000001,7.6497663048904e-21,87.76467859519764,1178,1.2605586019454051e-10
87.4975,-0.4826525970316267,112.35170694096857,144.92896457129987,1.3439924041204363,False,1.0,100.0,1.7377410308514005e-20,88.26456913033158,1178,1.2632536683376827e-10
87.9975,-0.481311443320754,112.59269787066289,145.46441779887212,1.3518047561441187,False,1.0,100.0,-5.293955920339377e-21,88.76447050261628,1178,1.265910848369245e-10
88.4975,-0.4799660040714487,112.8330170557639,146.00297584092294,1.3595760751262012,False,1.0,100.0,1.6278914455043585e-21,89.26440779067666,1178,1.268574967294711e-10
88.9975,-0.47861869104348376,113.07266295512458,146.54452250792616,1.3673000482648432,False,1.0,99.99999999999999,-4.433688083284228e-21,89.76447666517066,1178,1.2712852298646382e-10
89.4975,-0.47727194241827553,113.3116352405727,147.0889322272373,1.3749711201407337,False,1.0,100.00000000000001,-2.4087499437544166e-21,90.26455536636318,1179,1.290564113909376e-10
89.9975,-0.47592820999148694,113.5499348071481,147.63607034253766,1.382584083091902,False,1.0,100.0,-1.207021949837378e-20,90.76464355308808,1180,1.276140304540263e-10
90.4975,-0.474589944523444,113.78756377581081,148.18579358052742,1.390133614832056,False,1.0,100.0,-1.503483481376383e-20,91.26474082175054,1188,1.2792371328895769e-10
90.9975,-0.4732595810149316,114.02452548983142,148.73795061384973,1.3976143104433931,False,1.0,100.0,1.2440796412797536e-21,91.76484670618348,1193,1.2821878281332744e-10
91.4975,-0.47193952308785014,114.2608245026902,149.29238276635704,1.4050207182389893,False,1.0,100.0,-2.9778502051908996e-21,92.26496067835022,1196,1.2849873248788057e-10
91.9975,-0.47063212705213436,114.49646655850019,149.84892483929707,1.4123473780499878,False,1.0,100.0,-7.6497663048904e-21,92.76508214988891,1199,1.2876404109629647e-10
92.4975,-0.469339685958747,114.7314585643711,150.4074060484558,1.4195888614293588,False,1.0,100.0,-1.0151160477250756e-20,93.26521047449718,1202,1.2901464618852998e-10
92.9975,-0.4680644139302104,114.96580855483606,150.9676510591446,1.4267398130367939,False,1.0,100.0,-2.5013941723603557e-21,93.76534495115024,1204,1.292503257199762e-10
93.4975,-0.46680843108405967,115.19952564857495,151.5294811019414,1.433794992468071,False,1.0,99.99999999999999,-1.1183481881716934e-20,94.26548605828962,1207,1.2947166949661693e-10
93.9975,-0.46557374934927537,115.43261999785176,152.09271514928525,1.4407493156991609,False,1.0,100.0,1.4055452968501046e-20,94.76576598043881,1210,1.2778494234977344e-10
94.4975,-0.46436225954227855,115.66510273108676,152.65717112874768,1.4475978952410233,False,1.0,100.0,1.1606998355344084e-20,95.26604918415217,1213,1.2795576403989983e-10
94.9975,-0.46317571976935473,115.89698588939176,153.2226671547725,1.4543360783629122,False,1.0,100.0,-1.5511290846594375e-20,95.76633480716715,1215,1.2811236793641712e-10
95.4975,-0.462015745640245,116.12828235765328,153.78902274744507,1.4609598685142688,False,1.0,100.00000000000001,1.4558378780933287e-21,96.26662196221318,1216,1.2825467771149235e-10
95.9975,-0.46088380226633835,116.3590057912224,154.35606002045995,1.4674667891747142,False,1.0,100.0,3.5998900258307764e-21,96.76690974353832,1218,1.2838327623221346e-10
96.4975,-0.45978119824543645,116.58917053908168,154.92360481334714,1.473851355926449,False,1.0,100.0,-5.26748614073768e-21,97.26719723355657,1220,1.2849812186521703e-10
96.9975,-0.4587090816760042,116.8187915645027,155.49148774875118,1.4801101566969148,False,1.0,100.0,1.6675961149069038e-21,97.76748350949156,1221,1.2859914522156402e-10
97.4975,-0.4576684382070845,117.04788436422687,156.05954519723983,1.4862428615153394,False,1.0,100.0,-2.2234614865425384e-21,98.26776764988762,1223,1.2868710957958385e-10
97.9975,-0.4566600910746563,117.27646488717241,156.62762013528032,1.4922446905722717,False,1.0,100.0,1.1315830779725419e-20,98.76804874086825,1226,1.2876200106148872e-10
98.4975,-0.4556847030181083,117.5045494536305,157.19556288664918,1.4981138267229734,False,1.0,100.00000000000001,-3.441071348220595e-22,99.26832588204066,1227,1.2882424293980677e-10
98.9975,-0.4547427799366981,117.73215467585939,157.76323174027428,1.5038503752414727,False,1.0,100.00000000000001,-4.9498487855173176e-21,99.76859819195595,1230,1.2887379358117457e-10
99.4975,-0.4538346760909742,117.95929738093622,158.33049344198275,1.5094501742516568,False,1.0,99.99999999999999,7.940933880509066e-21,100.2688746713589,1234,1.2687333128535982e-10
99.9975,-0.45296060073377253,118.18599453648338,158.89722355782658,1.5149157748393323,False,1.0,100.0,-9.648234664818515e-21,100.76926010863022,1236,1.2687902811725493e-10
100.4975,-0.4521206257299307,118.41226318008002,159.4633067202417,1.5202432026659398,False,1.0,100.0,-6.63067979022507e-21,101.26963807592546,1238,1.2687298434066463e-10
100.9975,-0.4513146942320443,118.63812035268951,160.0286367530742,1.5254351324404138,False,1.0,100.0,-1.1580528575742387e-20,101.77000784378147,1240,1.2685567180037438e-10
101.4975,-0.45054262996752953,118.86358303659462,160.5931166913878,1.5304890822501465,False,1.0,100.0,-5.280721030538529e-21,102.2703687205656,1242,1.268272709076257e-10
101.9975,-0.44980414700535565,119.08866809812491,161.15665870365885,1.5354080049307175,False,1.0,100.0,-2.1043474783349024e-21,102.77072005420546,1243,1.267880314625991e-10
102.4975,-0.44909885978891395,119.3133922353219,161.71918392719297,1.540189887563319,False,1.0,100.0,-1.2454031302598385e-20,103.27106123336286,1245,1.2673807142649096e-10
102.9975,-0.4484262932466365,119.5377719306529,162.28062222918865,1.5448387285583929,False,1.0,100.0,1.2229038175983961e-20,103.77139168811804,1246,1.266781263220551e-10
103.4975,-0.44778589282087605,119.76182340877372,162.84091190504867,1.5493522845705112,False,1.0,100.0,-3.3087224502121107e-22,104.27171089014905,1248,1.2660764103777922e-10
103.9975,-0.4471770342723168,119.98556259924237,163.39999932582282,1.553735777157412,False,1.0,100.0,-7.107135823055614e-21,104.77201835253408,1251,1.2652762865217326e-10
104.4975,-0.44659903314624644,120.20900510407354,163.95783854569711,1.557987214627792,False,1.0,100.00000000000001,6.180693536996223e-21,105.27231362916889,1253,1.2643791569288965e-10
104.9975,-0.446051153805711,120.43216616989115,164.5143908805373,1.562111070668915,False,1.0,100.0,8.007108329513308e-21,105.77259631387737,1255,1.2633898094360774e-10
105.4975,-0.44553261796160587,120.65506066450438,165.06962446632653,1.5661074819138996,False,1.0,100.0,-3.5734202462290796e-21,106.2728660392584,1256,1.2623047745963234e-10
105.9975,-0.4450426126493469,120.87770305759038,165.6235138064728,1.5699792823290133,False,1.0,100.0,-8.774731937962518e-21,106.77312247532045,1279,1.261130366803087e-10
106.4975,-0.44458029761499773,121.10010740524739,166.1760393154972,1.5737288468870034,True,1.0,100.0,1.3102540902839958e-20,107.27340011073024,1291,1.2598663085006123e-10
106.9975,-0.44414481210345574,121.32228733804831,166.72718686495756,1.577357181119431,True,1.0,100.00000000000001,8.192396786725186e-21,107.77374965380963,1302,1.2590743725393594e-10
107.4975,-0.44373528103402066,121.54425605237216,167.27694733761103,1.580868863253851,True,1.0,100.0,5.69100261436483e-22,108.27408539759645,1310,1.2612956512558782e-10
107.9975,-0.4433508205796547,121.76602630465648,167.82531619370167,1.5842633214557702,True,1.0,100.0,3.533715576826534e-21,108.77440716526648,1318,1.2634451124204915e-10
108.4975,-0.4429905431613473,121.98761040829451,168.37229305305453,1.5875463161203436,True,1.0,100.0,1.48627812463528e-20,109.27471480762827,1323,1.2655240744230412e-10
108.9975,-0.44265356188640187,122.20902023290078,168.91788129553856,1.5907172298191308,True,1.0,100.0,-4.8572045569113785e-21,109.77500820130626,1331,1.267530802540051e-10
109.4975,-0.44233899445258507,122.43026720564974,169.46208768173207,1.5937807374268906,True,1.0,100.00000000000001,-1.7205356741102976e-21,110.27528724696792,1337,1.269469668274681e-10
109.9975,-0.44204596655860623,122.65136231442546,170.00492199520966,1.5967379434459419,True,1.0,100.0,1.1673172804348327e-20,110.77555186755438,1342,1.271339908348601e-10
110.4975,-0.44177361483308575,122.87231611258082,170.54639670767432,1.599592000655097,True,1.0,100.0,-8.893845946170154e-21,111.27580200661032,1348,1.2497498175223498e-10
110.9975,-0.44152108941755613,123.09313872510909,171.08652666369213,1.6023453606389346,True,1.0,100.0,-8.814436607365063e-21,111.77603762662187,1353,1.25131460748662e-10
111.4975,-0.4412875559982744,123.31383985583753,171.62532879375755,1.6049999915102195,True,1.0,100.0,2.0977300334344782e-20,112.27625870750232,1358,1.2528096615671558e-10
111.9975,-0.44107219764231437,123.53442879573186,172.16282184354273,1.6075592580499078,True,1.0,100.0,6.524800671818282e-21,112.77646524508071,1362,1.2542403921012024e-10
112.4975,-0.4408742162331737,123.75491443196218,172.6990261275412,1.6100243482697025,True,1.0,100.0,-6.339512214606404e-21,113.27665724970609,1365,1.255605480698918e-10
112.9975,-0.4406928336330024,123.9753052575792,173.23396330265447,1.6123990623835165,True,1.0,100.0,9.529120656610879e-21,113.77683474492474,1371,1.2569055518607541e-10
113.4975,-0.44052729258869683,124.1956093817624,173.76765616154663,1.6146842633505079,True,1.0,100.0,-2.1705219273391446e-20,114.27699776623874,1375,1.2581391484189908e-10
113.9975,-0.44037685741075033,124.41583454042738,174.30012844453103,1.6168836789315,True,1.0,100.0,4.698385879301197e-21,114.77714658452977,1381,1.259310086765275e-10
114.4975,-0.44024081444928864,124.63598810716033,174.83140466909333,1.6189983374604273,True,1.0,100.0,1.9574402015454847e-20,115.2774015081105,1383,1.2604149668415943e-10
114.9975,-0.4401184723976977,124.85607710429441,175.3615099757076,1.6210313682830004,True,1.0,100.0,5.2145465815342865e-21,115.77764259339658,1387,1.2614576744285344e-10
115.4975,-0.44000916243821675,125.07610821412352,175.89046998911704,1.6229844775667248,True,1.0,100.0,-8.999725064576941e-21,116.27786991783243,1390,1.2624370299141319e-10
115.9975,-0.43991223826015935,125.29608779016803,176.41831069365185,1.624859662772357,True,1.0,100.0,9.079134403382032e-21,116.77808356516907,1395,1.263351923075362e-10
116.4975,-0.4398270759610025,125.5160218684044,176.94505832178316,1.62665983072149,True,1.0,100.0,-8.126222337720944e-21,117.27828362471182,1397,1.2642050600808474e-10
116.9975,-0.4397530738527985,125.73591617841657,177.47073925465628,1.6283853150999068,True,1.0,100.0,6.3527471044072525e-21,117.77847019061223,1400,1.2649940817066607e-10
117.4975,-0.439689652186847,125.95577615446355,177.99537993371106,1.630040746519568,True,1.0,100.0,2.9381455357883543e-21,118.27864336123544,1403,1.2657202369537046e-10
117.9975,-0.4396362528075529,126.17560694632681,178.51900678253236,1.6316253554077627,True,1.0,100.0,2.260519177984914e-20,118.7788032385733,1407,1.2663846360450037e-10
118.4975,-0.4395923387536427,126.3954134300283,179.0416461378129,1.6331427620418337,True,1.0,100.0,-4.129285617864714e-21,119.27894992771017,1409,1.266987001424802e-10
118.9975,-0.4395573938118053,126.61520021833559,179.5633241887322,1.634594271517819,True,1.0,100.0,1.0508502501873664e-20,119.77908353633526,1412,1.2675249044802328e-10
119.4975,-0.4395309220332448,126.83497167097049,180.08406692406876,1.6359807123405017,True,1.0,100.0,-1.0429093163068573e-20,120.2792041743003,1416,1.268004728993688e-10
119.9975,-0.439512447222598,127.05473190467391,180.60390008611847,1.637306195798502,True,1.0,100.00000000000001,8.285041015331125e-21,120.7793119532163,1419,1.2684173156252143e-10
120.4975,-0.4395015124058729,127.2744848028881,181.12284913086287,1.6385702551757824,True,1.0,100.0,-4.102815838263017e-21,121.2794069860892,1421,1.268772031881582e-10
120.9975,-0.4394976792825828,127.49423402528309,181.64093919371612,1.6397746637717912,True,1.0,100.0,-8.364450354136216e-21,121.77948938698901,1423,1.2690623552025215e-10
121.4975,-0.4395005276674547,127.71398301691744,182.15819506045668,1.6409229309575806,True,1.0,100.0,-8.602678370551488e-21,122.27955927075215,1425,1.269292379535436e-10
121.9975,-0.43950965493908684,127.9337350170342,182.67464114084126,1.6420146678339298,True,1.0,100.0,-1.257314531080602e-20,122.77961675270933,1425,1.2734098497890756e-10
122.4975,-0.4395246754157983,128.15349306838624,183.19030145663226,1.6430514889377508,True,1.0,100.0,1.2255507955585658e-20,123.27972737877323,1428,1.2695654250105548e-10
122.9975,-0.43954521991206313,128.37326002421045,183.7051996074084,1.644036361757058,True,1.0,100.0,-1.6808310047077522e-20,123.77988372960691,1429,1.269608446152759e-10
123.4975,-0.4395709350700459,128.59303855753515,184.2193587725764,1.6449696302991483,True,1.0,100.0,3.441071348220595e-21,124.28002852131405,1429,1.2729342580009018e-10
123.9975,-0.439601482815634,128.81283116894105,184.7328016997498,1.6458524283877642,True,1.0,100.0,1.987880448087436e-20,124.7801618675587,1432,1.2695150486408124e-10
124.4975,-0.43963653990770296,129.0326401929359,185.24555068236558,1.6466862019853212,True,1.0,100.0,2.967262293350221e-20,125.2802838813424,1434,1.2693725931489652e-10
124.9975,-0.4396757973004673,129.2524678064977,185.75762756951818,1.6474736703345123,True,1.0,99.99999999999999,-1.0323214044661785e-21,125.78039467490629,1437,1.2691719203372642e-10
125.4975,-0.43971895968225333,129.4723160352728,186.26905375258724,1.6482147322720442,True,1.0,100.0,5.2145465815342865e-21,126.28049435960429,1437,1.2716084435426822e-10
125.9975,-0.4397657449137045,129.69218676103702,186.77985017146477,1.6489107003258239,True,1.0,100.0,4.84396966711053e-21,126.78058304582169,1439,1.268583918467847e-10
126.4975,-0.4398158836175488,129.91208172702954,187.29003729984734,1.649562847517264,True,1.0,99.99999999999999,1.6808310047077522e-20,127.28066084286404,1441,1.268198185355729e-10
126.9975,-0.439869118610111,130.1320025453039,187.79963515987453,1.6501725630799866,True,1.0,100.00000000000001,-2.4113969217145863e-20,127.78072785890957,1442,1.267749169531207e-10
127.4975,-0.4399252044766598,130.3519507021963,188.30866331672712,1.6507416267580381,True,1.0,100.0,-1.0243804705856695e-20,128.2807842009313,1444,1.2672401322744165e-10
127.9975,-0.4399839071090384,130.57192756416148,188.8171408829767,1.6512703646680278,True,1.0,100.0,2.1096414342552418e-20,128.78082997464534,1445,1.266671142974296e-10
128.4975,-0.4400450032666937,130.79193438333542,189.32508652214932,1.6517599070216853,True,1.0,100.0,1.4293680984916318e-20,129.28086528446354,1447,1.2660409526299432e-10
128.9975,-0.44010828015202214,131.0119723028782,189.83251845302877,1.6522113504540854,True,1.0,99.99999999999999,4.473392752686774e-21,129.78089023345345,1448,1.265349700019236e-10
129.4975,-0.44017353500066264,131.2320423620603,190.3394544548509,1.652625759116688,True,1.0,100.0,1.903177153362006e-20,130.28090492330577,1450,1.264596621863845e-10
129.9975,-0.44024057468485167,131.45214550118487,190.8459118728243,1.6530041657314547,True,1.0,100.0,1.0720260738687239e-20,130.78090945430682,1452,1.263781787552709e-10
130.4975,-0.44030921533363876,131.6722825663707,191.3519076239924,1.653347572626954,True,1.0,100.00000000000001,-1.0667321179483845e-20,131.2809039253166,1454,1.2629063766977922e-10
130.9975,-0.44037928196295484,131.89245431398834,191.85745820388735,1.6536569527736829,True,1.0,100.0,2.5781565332052767e-20,131.78088843375164,1455,1.2619699035765208e-10
131.4975,-0.4404506081232204,132.11266141507275,192.36257969308366,1.653933250773828,True,1.0,100.0,-7.596826745687006e-21,132.28097442442578,1456,1.2609734090229807e-10
131.9975,-0.4405230355582444,132.33290445951874,192.86728776403396,1.6541775161810237,True,1.0,99.99999999999999,1.164670302474663e-20,132.78106524662795,1458,1.259915644036269e-10
132.4975,-0.4405964138760534,132.55318396005143,193.37159768844847,1.6543904560327336,True,1.0,100.0,4.102815838263017e-21,133.28114684422005,1459,1.2587973025057764e-10
132.9975,-0.4406706002352086,132.7735003560998,193.87552434440212,1.6545729125198583,True,1.0,100.0,-6.855672916839493e-21,133.78121930578897,1460,1.257617412986356e-10
133.4975,-0.4407454590403443,132.99385401751636,194.37908222362375,1.6547257288697654,True,1.0,100.0,-4.685150989500349e-21,134.2812827184408,1462,1.2563770857010326e-10
133.9975,-0.44082086165162143,133.21424524808714,194.8822854391176,1.6548497245515685,True,1.0,100.0,1.4478969442128196e-20,134.78133716779337,1464,1.2550756267604157e-10
134.4975,-0.44089668610359317,133.4346742889652,195.38514773250543,1.6549458769292853,True,1.0,100.0,2.064642808932357e-21,135.2813827379925,1465,1.2537162974446403e-10
134.9975,-0.44097281683733147,133.6551413219141,195.8876824815179,1.655014863922983,True,1.0,99.99999999999999,-3.3351922298138076e-21,135.78141951171952,1467,1.2522947262505468e-10
135.4975,-0.44104914444160287,133.87564647251932,196.38990270727822,1.6550574158913285,True,1.0,100.0,-6.696854239229312e-21,136.2814475702016,1471,1.2508134111799407e-10
135.9975,-0.4411255654036325,134.09618981309418,196.8918210819724,1.655074262921884,True,1.0,100.0,6.6174449004242214e-21,136.7814669932238,1473,1.2492694378973823e-10
136.4975,-0.4412019818722954,134.31677136562877,197.39344993599434,1.6550661153339072,True,1.0,100.0,5.505714157152952e-21,137.28147785914257,1476,1.2476673860728482e-10
136.9975,-0.44127830142753677,134.5373911045765,197.89480126512106,1.6550336643929822,True,1.0,99.99999999999999,-6.643914680025918e-21,137.78148024489866,1478,1.2460060760943747e-10
137.4975,-0.44135443686164955,134.75804895947186,198.39588673789396,1.6549775830175018,True,1.0,100.0,-1.3896634290890865e-20,138.28147422603305,1480,1.244283842627425e-10
137.9975,-0.4414303059675384,134.97874481750284,198.89671770257172,1.6548985264471043,True,1.0,100.00000000000001,4.5263323118901674e-21,138.78145987670158,1482,1.2425011713945722e-10
138.4975,-0.44150583133529764,135.19947852598528,199.39730519395502,1.654797308488983,True,1.0,100.0,1.1911400820763599e-20,139.28143726969077,1485,1.240660837953378e-10
138.9975,-0.44158094015851845,135.42024989466552,199.89765994046525,1.6546749622866335,True,1.0,100.0,6.088049308390284e-21,139.78140647643505,1488,1.238757291188719e-10
139.4975,-0.44165556404556006,135.64105869800548,200.39779237072298,1.6545315486058683,True,1.0,100.0,7.411538288475128e-22,140.28136756703245,1491,1.2367973312166214e-10
139.9975,-0.4417296388411809,135.8619046773297,200.89771262018922,1.6543676559324818,True,1.0,100.00000000000001,-1.7920040790348792e-20,140.78132061026255,1493,1.2347788763689138e-10
140.4975,-0.4418031044530315,136.0827875429196,201.39743053743524,1.6541839103765688,True,1.0,100.0,3.456953215981613e-20,141.28126567360317,1497,1.2326987347544005e-10
140.9975,-0.4418759046847936,136.30370697600267,201.89695569081854,1.653981755840539,True,1.0,100.0,2.2234614865425384e-20,141.78131270467782,1499,1.2305609309315457e-10
141.4975,-0.4419479870782882,136.52466263062357,202.39629737439728,1.6537608344523462,True,1.0,100.0,2.395515053953568e-20,142.28136976525894,1503,1.228364562844142e-10
141.9975,-0.4420193027579458,136.74565413549792,202.895464614186,1.6535216771845425,True,1.0,100.0,-1.7046538063492794e-20,142.78141943994666,1504,1.2261069243235667e-10
142.4975,-0.44208980628514805,136.96668109579724,203.39446617379187,1.6532658665702051,True,1.0,100.0,-2.8904999325053e-20,143.28146178836266,1507,1.2237925256508575e-10
142.9975,-0.4421594555154296,137.18774309477857,203.89331056057205,1.652992956932786,True,1.0,100.0,1.376428539288238e-21,143.78149686894704,1511,1.2214198402693555e-10
143.4975,-0.44222821146119484,137.40883969543046,204.3920060311132,1.6527038051907346,True,1.0,100.0,-1.053497228147536e-20,144.2815247389683,1513,1.2189889375679996e-10
143.9975,-0.44229603816230273,137.62997044199813,204.8905605968071,1.652399282293291,True,1.0,100.00000000000001,4.190166110948617e-20,144.78154545454206,1515,1.2164988461016435e-10
144.4975,-0.442362902557514,137.8511348615039,205.38898202910852,1.652079237425076,True,1.0,100.0,2.5887444450459554e-20,145.28155907064837,1517,1.2139529659283e-10
144.9975,-0.4424287743647194,138.0723324651123,205.8872778650943,1.6517451256610256,True,1.0,100.00000000000001,1.733770563911146e-20,145.78156564115025,1520,1.211349492935554e-10
145.4975,-0.4424936259629487,138.2935627495267,206.38545541242888,1.6513965027861448,True,1.0,100.0,-2.63374307036884e-20,146.28156521881107,1523,1.2086861372884172e-10
145.9975,-0.4425574322788918,138.51482519826905,206.88352175447733,1.6510347192348376,True,1.0,100.0,-5.929230630780102e-21,146.7815578553117,1526,1.205966645989598e-10
146.4975,-0.4426201706801232,138.73611928296447,207.38148375523815,1.650659708237337,True,1.0,100.0,4.314574075076592e-21,147.28154360126862,1529,1.2031915741506083e-10
146.9975,-0.4426818208680861,138.95744446450317,207.8793480639753,1.6502720695717612,True,1.0,100.0,-2.821678505540888e-20,147.78152250625,1532,1.2003590482700943e-10
147.4975,-0.4427423647793883,139.1788001941713,208.37712112020773,1.6498727422935937,True,1.0,100.0,-4.086933970501999e-20,148.28149461879363,1535,1.1974687214033608e-10
147.9975,-0.4428017864876542,139.40018591477096,208.87480915809448,1.6494616366323673,True,1.0,99.99999999999999,1.675537048787413e-20,148.781459986423,1539,1.194522744607518e-10
148.4975,-0.4428600721087592,139.6216010616581,209.3724182110103,1.649039342796147,True,1.0,100.00000000000001,-1.2334917294390749e-20,149.2814186556637,1542,1.1915211872715048e-10
148.9975,-0.4429172097123654,139.843045063735,209.86995411586108,1.6486068644488527,True,1.0,100.0,1.503483481376383e-20,149.78137067206043,1544,1.188463286116992e-10
149.4975,-0.44297318923377194,140.0645173443996,210.3674225174649,1.6481642588005283,True,1.0,100.0,-4.7380905487037425e-21,150.28131608019237,1548,1.185350220755943e-10
149.9975,-0.4430280023886899,140.2860173224963,210.8648288725376,1.6477120134883299,True,1.0,100.0,-2.0672897868925268e-20,150.78125492368943,1550,1.18218185241048e-10
150.4975,-0.4430816425944681,140.50754441312878,211.36217845407123,1.6472506543811423,True,1.0,100.00000000000001,1.1382005228729661e-20,151.281187245248,1554,1.1789600545819567e-10
150.9975,-0.4431341048889279,140.72909802851814,211.85947635520364,1.6467806914356358,True,1.0,100.00000000000001,-9.476181097407485e-21,151.78113093855342,1557,1.1756792761552504e-10
151.4975,-0.44318538585710815,140.95067757879107,212.3567274931128,1.6463026191012626,True,1.0,100.0,-9.979106909839726e-21,152.281178890986,1560,1.1723477744141064e-10
151.9975,-0.4432354835571546,141.1722824727709,212.8539366129154,1.6458169167146202,True,1.0,100.0,-3.247841957128208e-20,152.78122079357476,1564,1.168962149300512e-10
152.4975,-0.4432843974486631,141.39391211862113,213.35110829151262,1.6453240488841727,True,1.0,100.0,-3.1843144860841353e-20,153.28125668320968,1566,1.165520527313113e-10
152.9975,-0.4433321283265876,141.61556592460605,213.84824694097696,1.6448244658658604,True,1.0,100.0,4.2881042954748955e-20,153.78128659595387,1568,1.1620265860656787e-10
153.4975,-0.4433786782543521,141.83724329968118,214.3453568125685,1.6443188789318175,True,1.0,100.00000000000001,-2.4855123045993376e-20,154.28131056705826,1572,1.1584774806117082e-10
153.9975,-0.44342405049914124,142.0589436541485,214.8424420000776,1.643807743346014,True,1.0,99.99999999999999,-4.499862532288471e-22,154.78132863097542,1574,1.1548771661207269e-10
154.4975,-0.443468249472784,142.28066640021953,215.33950644334251,1.64329125017789,True,1.0,100.0,-2.234049398383217e-20,155.2813408213746,1576,1.1512250180922834e-10
154.9975,-0.4435112806694898,142.5024109526154,215.83655393153003,1.6427704468281557,True,1.0,100.0,-3.282252670610414e-20,155.7813471711548,1579,1.1595532173336309e-10
155.4975,-0.44355315061088124,142.7241767290336,216.33358810675776,1.6422452966746655,True,1.0,100.00000000000001,-1.3129010682441655e-20,156.2813477124597,1581,1.1709144071003763e-10
155.9975,-0.44359386678934737,142.94596315068694,216.83061246719132,1.6417169793877053,True,1.0,100.0,3.3616620094155045e-21,156.78134247669084,1585,1.1823693413237635e-10
156.4975,-0.4436334376132232,143.16776964275218,217.32763037037745,1.641185559111404,True,1.0,99.99999999999999,-5.293955920339377e-23,157.28133149452103,1588,1.1939054606058264e-10
156.9975,-0.44367187235704775,143.3895956348582,217.82464503642274,1.6406517254500406,True,1.0,100.0,-3.441071348220595e-21,157.78131479590814,1590,1.2055217935014184e-10
157.4975,-0.4437091811102384,143.61144056146742,218.32165955092194,1.6401161401243807,True,1.0,100.0,1.971998580326418e-20,158.28129241010865,1594,1.217218825733113e-10
157.9975,-0.443745374727442,143.83330386226478,218.8186768684233,1.6395794376074038,True,1.0,99.99999999999999,2.302870825347629e-21,158.7812643656898,1596,1.229002385971789e-10
158.4975,-0.44378046478383915,144.05518498254264,219.31569981521102,1.6390422257564283,True,1.0,99.99999999999999,9.105604182983729e-21,159.28123069054374,1598,1.2408713639944224e-10
158.9975,-0.4438144635286181,144.27708337357942,219.812731092173,1.6385050864420005,True,1.0,100.0,2.514629062161204e-21,159.78119141189993,1601,1.252829368025843e-10
159.4975,-0.4438473838399663,144.49899849291157,220.30977327810325,1.637968576167715,True,1.0,100.0,-1.5352472168984194e-20,160.28114655633757,1604,1.2648657815583775e-10
159.9975,-0.4438792391853933,144.7209298046629,220.80682883233956,1.6374335728092835,True,1.0,99.99999999999999,-5.26748614073768e-20,160.78109614979903,1606,1.2769921925448458e-10
160.4975,-0.4439100435775442,144.94287677985122,221.30390009757627,1.6369005802747238,True,1.0,100.0,2.2075796187815203e-20,161.28104021760154,1609,1.2891988865337822e-10
160.9975,-0.4439398115374534,145.164838896608,221.8009893028935,1.6363704124260134,True,1.0,100.0,-2.0434669852509996e-20,161.78097878445044,1611,1.301501892370105e-10
161.4975,-0.4439685580550566,145.38681564043947,222.29809856641245,1.6358435499122095,True,1.0,100.0,-1.545835128739098e-20,162.28091187445088,1614,1.3138863608208595e-10
161.9975,-0.44399629855093653,145.6088065044755,222.79522989792682,1.6353207684779116,True,1.0,100.00000000000001,4.256340559952859e-20,162.7808395111201,1617,1.3263619369485724e-10
162.4975,-0.4440230488431754,145.8308109896651,223.29238520183284,1.6348028794218745,True,1.0,100.0,2.916969712106997e-20,163.28080249325782,1619,1.338924179861145e-10
162.9975,-0.44404882511162835,146.0528286049165,223.7895662796556,1.634290382769716,True,1.0,100.00000000000001,-1.5881867761018131e-22,163.78084829457782,1622,1.3515732283364557e-10
163.4975,-0.44407364386331216,146.27485886735835,224.28677483260154,1.633783931986319,True,1.0,100.0,-9.529120656610879e-22,164.2808890180286,1624,1.364314286544932e-10
163.9975,-0.4440975219029527,146.49690130241476,224.78401246434655,1.6332842604596698,True,1.0,100.0,3.171079596283287e-20,164.7809246833796,1627,1.3771405543705484e-10
164.4975,-0.44412047630071083,146.71895544397916,225.28128068349224,1.6327918318184647,True,1.0,100.0,-1.122318655111948e-20,165.28095530989862,1629,1.3900606360417456e-10
164.9975,-0.44414252436094853,146.94102083457437,225.7785809060107,1.6323071445514121,True,1.0,100.0,1.741711497791655e-20,165.78098091636335,1632,1.4030689804434004e-10
165.4975,-0.4441636835961917,147.16309702538348,226.2759144579652,1.6318306556255546,True,1.0,100.0,-2.3558103845510228e-20,166.28100152107288,1633,1.416170999912758e-10
165.9975,-0.4441839716980704,147.38518357643827,226.773282577658,1.6313631557180903,True,1.0,100.0,-8.999725064576941e-21,166.7810171418585,1637,1.4293627392802932e-10
166.4975,-0.4442034065091889,147.6072800566123,227.27068641843147,1.6309047624528707,True,1.0,100.0,1.810532924756067e-20,167.2810277960946,1639,1.442644198546006e-10
166.9975,-0.4442220060002974,147.8293860437444,227.76812705083242,1.6304557669073794,True,1.0,99.99999999999999,5.135137242729196e-21,167.78103350070992,1641,1.4560185002121528e-10
167.4975,-0.44423978824420407,148.05150112469818,228.26560546490768,1.6300169449160427,True,1.0,100.0,-3.578714202149419e-20,168.2810342721983,1645,1.4694898076150764e-10
167.9975,-0.4442567713905362,148.2736248953966,228.76312257291045,1.6295880701136014,True,1.0,100.0,-2.3928680759933985e-20,168.78103012662893,1647,1.483049794082092e-10
168.4975,-0.4442729736459218,148.49575696085031,229.26067921114978,1.629169616841954,True,1.0,100.0,-1.5352472168984194e-21,169.28102107965753,1649,1.4967045658398348e-10
168.9975,-0.44428841325065066,148.71789693516328,229.75827614263616,1.6287618194439053,True,1.0,100.0,3.48342299558331e-20,169.7810071465368,1653,1.510454053499366e-10
169.4975,-0.44430310845614857,148.94004444156687,230.25591405925152,1.6283645332975247,True,1.0,100.0,-4.5686839592528825e-20,170.2809883421262,1655,1.5242984652275027e-10
169.9975,-0.44431707750797345,149.16219911244715,230.75359358376008,1.6279782494215251,True,1.0,100.0,-3.282252670610414e-21,170.78096468090303,1657,1.538234470355171e-10
170.4975,-0.444330338625046,149.38436058926266,231.25131527232492,1.6276028212972466,True,1.0,100.0,1.44524996625265e-20,171.2809361769723,1660,1.5522683138868842e-10
170.9975,-0.44434290997966625,149.60652852261737,231.74907961642106,1.6272381591394318,True,1.0,100.0,-1.641126335305207e-20,171.78090284407654,1663,1.5663948610411538e-10
171.4975,-0.44435480968312296,149.82870257213892,232.24688704516976,1.6268844573879193,True,1.0,100.0,4.817499887508833e-21,172.28086469560628,1666,1.5806198710999197e-10
171.9975,-0.444366055767364,150.05088240653822,232.7447379271934,1.6265417863143619,True,1.0,100.0,-2.1122884122154115e-20,172.78082174460985,1670,1.594943135896365e-10
172.4975,-0.444376666167338,150.2730677034742,233.2426325730545,1.626209861359132,True,1.0,100.0,2.752857078576476e-21,173.2807740038026,1673,1.6093585492038542e-10
172.9975,-0.44438665870912497,150.49525814957562,233.74057123688723,1.625888635634863,True,1.0,100.0,-4.393983413881683e-21,173.78072148557732,1677,1.6238752009734014e-10
173.4975,-0.4443960510938261,150.71745344034963,234.23855411878245,1.6255780399690163,True,1.0,100.0,3.128727948920572e-20,174.28066420201333,1681,1.6384917034262259e-10
173.9975,-0.44440486088212117,150.93965328012757,234.73658136651903,1.6252779838617475,True,1.0,100.0,-1.36054667152722e-20,174.78060216488583,1685,1.653201880946753e-10
174.4975,-0.444413105485307,151.16185738194508,235.23465307768817,1.6249883564019492,True,1.0,100.0,-1.8422966602781032e-20,175.28053538567585,1689,1.6680173214878025e-10
174.9975,-0.44442080214833274,151.38406546755635,235.73276930149345,1.6247090271883742,True,1.0,100.0,2.848148285142585e-20,175.7804638755784,1692,1.682925118706713e-10
175.4975,-0.4444279679423381,151.606277267242,236.23093004078498,1.6244398472050368,True,1.0,99.99999999999999,4.748678460544421e-20,176.28050670045914,1696,1.6979365136116087e-10
175.9975,-0.44443461975198184,151.82849251983012,236.72913525371155,1.6241806496871751,True,1.0,100.0,-4.018112543537587e-20,176.78055486965445,1701,1.713044636697525e-10
176.4975,-0.444440774263235,152.05071097246895,237.22738485588962,1.6239312509691393,True,1.0,100.0,-1.2546675531204324e-20,177.28059861984198,1705,1.72825899424911e-10
176.9975,-0.4444464479575179,152.27293238067236,237.72567872181554,1.6236914512916858,True,1.0,100.0,2.4616895029578104e-20,177.78063796024895,1709,1.7435664023679465e-10
177.4975,-0.4444516571008117,152.49515650808124,238.22401668696128,1.6234610356147308,True,1.0,100.0,-2.2287554424628778e-20,178.28067289987857,1713,1.7589808776197202e-10
177.9975,-0.44445641773331523,152.71738312646892,238.72239854932516,1.6232397743827485,True,1.0,100.0,-1.8899422635611576e-20,178.7807034475173,1718,1.774493052497661e-10
178.4975,-0.4444607456654877,152.939612015501,239.22082407125706,1.6230274242838667,True,1.0,99.99999999999999,-1.1434944787933055e-20,179.28072961174416,1722,1.7901106985629411e-10
178.9975,-0.4444646564689432,153.161842962786,239.71929298097217,1.6228239365620771,True,1.0,100.0,2.006409293808624e-20,179.78075140093767,1726,1.8058276401999862e-10
179.4975,-0.444468165467665,153.38407576356119,240.21780497447452,1.6226292907661297,True,1.0,100.0,-3.1816675081239656e-20,180.28076882328327,1729,1.821648804023468e-10
179.9975,-0.44447128772136124,153.60631022073943,240.7163597173186,1.6224428509207616,True,1.0,100.0,1.6940658945086007e-21,180.78078188679285,1739,1.837575300256411e-10
180.4975,-0.4444740380703974,153.82854614460672,241.21495684469008,1.622264408822425,True,1.0,100.0,-3.562832334388401e-20,181.28079059927182,1745,1.8536073370656325e-10
180.9975,-0.4444764310587279,154.05078335291716,241.7135959651764,1.6220944247084244,True,1.0,100.0,5.8762910715767086e-21,181.78079496837884,1751,1.31245583845363e-10
181.4975,-0.44447848097417086,154.2730216705553,242.21227666097602,1.6219318591163827,True,1.0,100.0,1.011145580784821e-20,182.28079500160314,1757,1.3134891091448608e-10
181.9975,-0.44448020183356607,154.49526092951135,242.7109984895288,1.621777010673066,True,1.0,100.0,-3.65282958503417e-21,182.78079070627737,1764,1.3147943844771248e-10
182.4975,-0.4444816073818836,154.71750096867402,243.20976098507833,1.62162952298189,True,1.0,100.0,6.3527471044072525e-21,183.28078208958033,1768,1.324427026383468e-10
182.9975,-0.444482711073195,154.93974163378365,243.70856366045015,1.6214890885307627,True,1.0,100.0,-3.758708703440958e-21,183.78076915856067,1772,1.326025678149989e-10
183.4975,-0.44448352610139724,155.16198277722606,244.20740600736303,1.6213557586889689,True,1.0,100.0,-4.393983413881683e-21,184.28075192011426,1778,1.3356248745877153e-10
183.9975,-0.444484065354916,155.38422425788644,244.7062874993218,1.6212290692910232,True,1.0,100.0,-5.558653716356346e-21,184.78073038102224,1781,1.3367957435450606e-10
184.4975,-0.44448434146196986,155.6064659410504,245.2052075911463,1.6211089420127074,True,1.0,100.0,-7.940933880509066e-21,185.28070454792962,1789,1.3471990883973106e-10
184.9975,-0.44448436673852576,155.82870769824095,245.70416572217187,1.6209953064085758,True,1.0,100.0,-2.848148285142585e-20,185.78067442737392,1793,1.3479292682028188e-10
185.4975,-0.44448415323914375,156.0509494070816,246.20316131553656,1.6208873969893074,True,1.0,100.0,-2.448454613156962e-22,186.2806400257708,1799,1.3574810026062423e-10
185.9975,-0.4444837127144546,156.27319095111145,246.702193780998,1.6207861062219697,True,1.0,100.0,9.529120656610879e-21,186.7806013494398,1804,1.368867866280432e-10
186.4975,-0.4444830566205174,156.49543221969577,247.20126251559145,1.6206902298753483,True,1.0,100.00000000000001,-1.0720260738687239e-21,187.28055840459854,1810,1.0517194060088997e-10
186.9975,-0.44448219614843,156.71767310786186,247.70036690397106,1.6205997376463122,True,1.0,100.00000000000001,-3.222695666506596e-21,187.78051119736176,1813,1.0558229984747314e-10
187.4975,-0.44448114218446527,156.93991351615443,248.1995063207152,1.6205151731488403,True,1.0,100.0,2.7991791928794457e-21,188.28045973376513,1818,1.0628038726867572e-10
187.9975,-0.44447990531907355,157.16215335050717,248.6986801311766,1.6204355776783423,True,1.0,99.99999999999999,-5.029258124322408e-21,188.78040401975943,1823,1.0570844893864617e-10
188.4975,-0.44447849588348487,157.38439252202434,249.19788769140624,1.6203608163942513,True,1.0,100.00000000000001,5.69100261436483e-22,189.280344061207,1826,1.0610651940412552e-10
188.9975,-0.44447692389990423,157.60663094697406,249.697128350733,1.6202911238193582,True,1.0,100.0,-1.8065624578158124e-21,189.78027986390632,1831,1.0650405557477427e-10
189.4975,-0.44447519911162214,157.8288685464972,250.1964014519411,1.6202263143535438,True,1.0,100.0,-5.029258124322408e-22,190.28026553150679,1836,1.062881518909542e-10
189.9975,-0.4444733309913584,158.05110524656953,250.69570633184549,1.6201658917147668,True,1.0,100.0,1.1838608926858932e-20,190.78032159826634,1842,1.0667521727070195e-10
190.4975,-0.44447132871746414,158.2733409778796,251.19504232316956,1.6201097219793201,True,1.0,100.0,-6.2005458716974955e-21,191.28037370632146,1845,1.0706154018880198e-10
190.9975,-0.44446920119130967,158.49557567554714,251.6944087549329,1.6200576718087982,True,1.0,100.00000000000001,-4.9167615610151965e-21,191.78042186064354,1851,1.0638331188195238e-10
191.4975,-0.44446695705490896,158.717809279135,252.19380495269237,1.6200097937738087,True,1.0,100.0,-1.2308447514789052e-20,192.28046606614788,1854,1.0675656886283136e-10
191.9975,-0.4444646046650312,158.9400417324076,252.69323024045124,1.6199660276025627,True,1.0,100.00000000000001,9.31074497489688e-21,192.7805063277206,1859,1.0768202995947718e-10
192.4975,-0.4444621521007013,159.16227298328633,253.19268394117324,1.6199259413748521,True,1.0,100.0,-9.039429733979486e-21,193.2805426502078,1862,1.0805688982484796e-10
192.9975,-0.4444596071815905,159.38450298366774,253.6921653770889,1.6198894051563897,True,1.0,100.00000000000001,9.39015431370197e-21,193.78057503842558,1869,1.0732052052597751e-10
193.4975,-0.4444569774872348,159.6067316892457,254.19167386992217,1.619856290110079,True,1.0,100.0,2.9116757561866574e-22,194.28060349714715,1877,1.0768192587606862e-10
193.9975,-0.4444542702997718,159.8289590594916,254.69120874352828,1.6198264685873849,True,1.0,100.0,-1.0164395367051604e-20,194.78062803113374,1887,1.0804229039207414e-10
194.4975,-0.4444514926576649,160.05118505738926,255.1907693229993,1.6197998142023529,True,1.0,100.0,-3.712386589137988e-21,195.2806486451173,1894,1.0911581360684153e-10
194.9975,-0.44444865133668754,160.27340964943204,255.69035493593333,1.6197762019075486,True,1.0,100.0,5.042493014123257e-21,195.78066534381526,1900,1.0832610503053175e-10
195.4975,-0.44444575289651783,160.49563280545743,256.1899649116986,1.6197555080579378,True,1.0,100.00000000000001,3.9638494953541086e-21,196.28067813191296,1909,1.086771159175548e-10
195.9975,-0.44444280361797256,160.7178544984361,256.6895985842688,1.6197376104813754,True,1.0,99.99999999999999,4.956466230417742e-21,196.78068701409396,1915,1.0902657943123728e-10
196.4975,-0.44443980955696694,160.94007470452235,257.1892552910309,1.6197223885333254,True,1.0,100.0,6.465243667714464e-21,197.28069199502607,1922,1.0937493966078904e-10
196.9975,-0.4444367765280214,161.16229340278028,257.68893437408667,1.619709723156891,True,1.0,100.0,-4.784412663006712e-21,197.7806930793676,1928,1.0972180108925755e-10
197.4975,-0.44443371011316646,161.3845105750762,258.1886351805214,1.619699496933487,True,1.0,99.99999999999999,-2.1043474783349024e-21,198.28069027177142,1939,1.0976759778902334e-10
197.9975,-0.4444306156585096,161.60672620613988,258.6883570631805,1.6196915941308465,True,1.0,100.0,1.5921572430420677e-20,198.78068357687803,1944,1.1010783257381362e-10
198.4975,-0.4444274982970745,161.8289402831785,259.188099380539,1.6196859007414937,True,1.0,100.0,-6.147606312494102e-21,199.28067299933412,1949,1.1044667264092922e-10
198.9975,-0.44442436294156173,162.05115279600005,259.6878614974384,1.6196823045246156,True,1.0,100.0,5.174841912131741e-21,199.7806585437818,1952,1.1078414574594575e-10
199.4975,-0.4444212142830805,162.27336373681416,260.1876427857349,1.6196806950438267,True,1.0,100.0,6.994639259748402e-21,200.28064021486597,1956,1.1112021025549979e-10
199.9975,-0.4444180568005715,162.49557310005042,260.6874426245147,1.6196809636978953,True,1.0,100.0,4.8572045569113785e-21,200.7806180172376,1960,1.1020434564912307e-10
200.4975,-0.4444148947845414,162.71778088240538,261.1872603997819,1.6196830037457857,True,1.0,99.99999999999999,-9.496033432108758e-21,201.2805919555413,1964,1.1052617154838629e-10
200.9975,-0.44441173230649367,162.93998708264533,261.68709550596674,1.6196867103326913,True,1.0,100.0,-4.37413107918041e-21,201.7805620344397,1969,1.1084660966886872e-10
201.4975,-0.44440857325086625,163.16219170148955,262.1869473453781,1.6196919805094856,True,1.0,100.00000000000001,-1.2043749718772083e-21,202.28052825859874,1973,1.1230465168932113e-10
201.9975,-0.4444054212926785,163.384394741606,262.6868153292971,1.619698713254198,True,1.0,100.0,4.764560328305439e-22,202.78049063269933,1976,1.1263139726436222e-10
202.4975,-0.4444022799328846,163.60659620739392,263.1866988773004,1.6197069444600813,True,1.0,100.0,-5.1285197978287716e-21,203.28044916143162,1982,1.1166415014862707e-10
202.9975,-0.4443991525036011,163.8287961050041,263.68659741746427,1.619716807160835,True,1.0,99.99999999999999,4.314574075076592e-21,203.78040384948775,1985,1.119767681356798e-10
203.4975,-0.44439604213941525,164.05099444220872,264.1865103876694,1.619727881481348,True,1.0,100.0,-4.804264997707985e-21,204.2803547015856,1990,1.1228768609372608e-10
203.9975,-0.44439295180589344,164.27319122825858,264.6864372350766,1.6197400739546852,True,1.0,100.0,2.752857078576476e-21,204.78030172245417,1993,1.1259721627299157e-10
204.4975,-0.44438988430305143,164.49538647389167,265.1863774162911,1.6197532930767067,True,1.0,100.00000000000001,-3.904292491250291e-21,205.28024491683746,1996,1.1290480356196397e-10
204.9975,-0.4443868422670628,164.71758019119935,265.68633039764717,1.6197674493074952,True,1.0,100.0,-4.367513634279986e-22,205.78018428949605,2000,1.1321087817206532e-10
205.4975,-0.4443838281728791,164.9397723935109,266.1862956554677,1.6197824550690922,True,1.0,100.0,4.8572045569113785e-21,206.280143496302,2004,1.1351528050873583e-10
205.9975,-0.44438084434368635,165.1619630954036,266.6862726759793,1.6197986906350925,True,1.0,99.99999999999999,2.329340604949326e-21,206.780203709645,2008,1.1389113957482877e-10
206.4975,-0.44437789295132274,165.38415231256664,267.18626095557767,1.6198158874975561,True,1.0,100.0,-1.3294446804952261e-20,207.2802603661256,2013,1.1419355738784276e-10
206.9975,-0.4443749760223587,165.6063400616986,267.68626000092064,1.6198337213819718,True,1.0,100.0,1.6808310047077522e-21,207.78031347010915,2015,1.1449405312724537e-10
207.4975,-0.44437209544361744,165.82852636052584,268.18626932892874,1.6198521122299208,True,1.0,100.0,-9.992341799640574e-22,208.2803630259813,2019,1.1479307088224644e-10
207.9975,-0.4443692529654798,166.05071122768197,268.6862884669119,1.6198709818969934,True,1.0,100.0,-1.0647468844782572e-20,208.78040903814917,2023,1.1509008329690928e-10
208.4975,-0.4443664502060964,166.2728946825813,269.18631695265225,1.6198907198084116,True,1.0,100.0,-1.465764045443965e-20,209.28045151104158,2027,1.1538568017721573e-10
208.9975,-0.44436368865669823,166.49507674550242,269.68635433438385,1.6199112257555406,True,1.0,100.0,2.1969917069408415e-21,209.78049044911018,2029,1.1567954927294011e-10
209.4975,-0.444360969676387,166.71725743740254,270.1864001711469,1.6199320245698516,True,1.0,99.99999999999999,3.851352932046897e-21,210.28052585683378,2037,1.1456437881696147e-10
209.9975,-0.4443582945325407,166.93943677984907,270.6864540316183,1.6199530453528468,True,1.0,100.00000000000001,-5.552036271455922e-21,210.78055773869963,2040,1.1484337786304977e-10
210.4975,-0.44435566435096546,167.1616147950646,271.186515495894,1.6199743336669916,True,1.0,100.0,-5.4858618224516795e-21,211.2805860992322,2042,1.1512063524676819e-10
210.9975,-0.4443530801562062,167.38379150580397,271.68658415427757,1.6199966135736061,True,1.0,100.0,5.975552745083072e-21,211.78061094297414,2047,1.1539621341816186e-10
211.4975,-0.4443505428772668,167.60596693525682,272.1866596072206,1.620018949691172,True,1.0,100.0,-1.2513588306702203e-20,212.28063227448763,2052,1.1746296990633454e-10
211.9975,-0.44434805330886873,167.8281411071063,272.686741466712,1.620041278049292,True,1.0,100.00000000000001,-3.685916809536291e-21,212.7806500983681,2056,1.177506009364393e-10
212.4975,-0.4443456121794076,168.0503140454176,273.18682935410123,1.6200636758944116,True,1.0,100.0,3.044024654195142e-22,213.28066441922365,2059,1.180366984709913e-10
212.9975,-0.44434322011225424,168.27248577452073,273.68692290145566,1.6200869347658726,True,1.0,100.0,-5.796881732771618e-21,213.78067524168873,2063,1.1832092250418924e-10
213.4975,-0.4443408776301126,168.49465631913128,274.187021751508,1.6201100392921803,True,1.0,100.0,-1.495542547495874e-20,214.28068257042557,2067,1.171363006591264e-10
213.9975,-0.4443385851995485,168.71682570411664,274.68712555622346,1.620132932006583,True,1.0,100.0,-1.9322939109238726e-21,214.78068641010123,2071,1.1740595301512613e-10
214.4975,-0.44433634317326726,168.93899395463097,275.1872339787463,1.6201560781118858,True,1.0,99.99999999999999,-2.93152809088793e-21,215.28068676542674,2074,1.1767378738092305e-10
214.9975,-0.44433415183481906,169.1611610959076,275.68734669196755,1.6201796185260655,True,1.0,100.0,3.626359805432473e-21,215.78068364112394,2078,1.1793976212315371e-10
215.4975,-0.4443320113901037,169.38332715334786,276.1874633788218,1.6202028184972708,True,1.0,99.99999999999999,-1.2162863726979719e-20,216.28067704193919,2083,1.182040090808023e-10
215.9975,-0.44432992197721494,169.60549215250032,276.68758373201723,1.6202256266044106,True,1.0,100.0,-5.446157153049134e-21,216.78066697263816,2085,1.1846609110355288e-10
216.4975,-0.44432788366038506,169.82765611882783,277.1877074541557,1.620249234349427,True,1.0,100.0,4.724855658902894e-21,217.28065343800992,2090,1.1872656330291775e-10
216.9975,-0.44432589643944403,170.04981907790625,277.6878342575013,1.620272450019778,True,1.0,100.00000000000001,9.396771758602394e-21,217.78063644286334,2092,1.1898501628415659e-10
217.4975,-0.44432396024001986,170.27198105529416,278.1879638642611,1.6202951617796224,True,1.0,100.00000000000001,-6.127753977792829e-21,218.28061599203363,2098,1.1772170738222343e-10
217.9975,-0.4443220749774085,170.49414207643264,278.68809600442916,1.6203182024577925,True,1.0,100.0,-1.9190590211230242e-21,218.78059209035334,2102,1.2023532863780773e-10
218.4975,-0.44432024043279145,170.7163021667544,279.18823041990635,1.620341175701169,True,1.0,99.99999999999999,1.5749518863009647e-21,219.28056474270744,2105,1.204975633162242e-10
218.9975,-0.4443184563880925,170.93846135159515,279.6883668599737,1.6203635443422895,True,1.0,100.0,3.520480687025686e-21,219.7805339539788,2110,1.2075786898213536e-10
219.4975,-0.4443167225575399,171.1606196560862,280.1885050835004,1.6203859296588599,True,1.0,100.0,6.670384459627615e-21,220.2804997290751,2113,1.210163080855864e-10
219.9975,-0.4443150386163973,171.3827771052819,280.6886448579915,1.620408433586237,True,1.0,100.0,-1.3301064249852685e-20,220.78046207291888,2116,1.2127303328224315e-10
220.4975,-0.44431340418599957,171.60493372403104,281.18878595999246,1.6204302427591688,True,1.0,100.0,3.0043199847925965e-21,221.28042099045354,2120,1.21527801710819e-10
220.9975,-0.4443118188483674,171.82708953701396,281.68892817457163,1.620451907693823,True,1.0,99.99999999999999,4.486627642487622e-21,221.7803764866386,2123,1.217808701103884e-10
221.4975,-0.44431028214574203,172.04924456860826,282.1890712952246,1.6204737443755102,True,1.0,100.0,7.385068508873431e-21,222.28032856645015,2126,1.220318152084232e-10
221.9975,-0.4443087935793525,172.2713988430361,282.68921512390693,1.620494805861145,True,1.0,100.0,-7.213014941462401e-21,222.78027723488162,2131,1.2228124762758696e-10
222.4975,-0.4443073526267016,172.4935523842506,283.189359470372,1.620515706917724,True,1.0,100.0,-1.0812904967293178e-20,223.2802224969378,2135,1.225287163397759e-10
222.9975,-0.44430595871157136,172.71570521589132,283.68950415303647,1.6205367051044424,True,1.0,100.0,3.202843331805323e-21,223.78016435764795,2139,1.2117657571808493e-10
223.4975,-0.4443046112614134,172.9378573613393,284.189648997047,1.6205568565299595,True,1.0,99.99999999999999,-1.0296744265060088e-20,224.28010282203832,2143,1.2140939642524273e-10
223.9975,-0.4443033096457074,173.16000884368083,284.6897938362296,1.6205769699776735,True,1.0,100.00000000000001,1.2970192004831474e-20,224.78009740846974,2145,1.2164069057574167e-10
224.4975,-0.44430205321339833,173.38215968568457,285.18993851173445,1.6205969827965239,True,1.0,100.0,-8.602678370551488e-21,225.28015756150907,2150,1.2186957693005596e-10
224.9975,-0.4443008413034297,173.60430990973688,285.69008287160466,1.6206160853284712,True,1.0,100.0,-5.121902352928347e-21,225.78021457038457,2153,1.2209674243868207e-10
225.4975,-0.44429967321916924,173.8264595379457,286.1902267715363,1.6206354054678578,True,1.0,100.0,1.5934807320221525e-20,226.28026843972208,2157,1.2232193730143948e-10
225.9975,-0.44429854824858717,174.0486085920765,286.69037007411,1.6206543081430351,True,1.0,100.0,-1.2334917294390749e-20,226.78031917415743,2159,1.225452031516916e-10
226.4975,-0.4442974656617905,174.27075709344447,287.19051264871194,1.6206722442289672,True,1.0,100.00000000000001,-1.241432663319584e-20,227.28036677833774,2162,1.2276638039487864e-10
226.9975,-0.4442964247068687,174.49290506308057,287.69065437165295,1.620690781694224,True,1.0,100.0,1.4426029882924803e-21,227.78041125692292,2167,1.2298578822012018e-10
227.4975,-0.4442954246343593,174.71505252162532,288.19079512521523,1.620708469316615,True,1.0,100.0,1.2956957115030625e-20,228.2804526145764,2168,1.2320311437719056e-10
227.9975,-0.4442944646649471,174.93719948934063,288.6909347985884,1.620725499148631,True,1.0,100.0,9.51588576681003e-21,228.78049085597775,2173,1.234184074383471e-10
228.4975,-0.4442935440135594,175.15934598603073,289.19107328695713,1.6207429205607002,True,1.0,100.0,-7.557122076284461e-21,229.2805259858132,2176,1.2363192414266422e-10
228.9975,-0.44429266187493033,175.38149203118957,289.6912104919287,1.6207593058817023,True,1.0,100.00000000000001,5.042493014123257e-21,229.78055800878255,2178,1.2216751221760802e-10
229.4975,-0.4442918174669991,175.60363764389328,290.1913463199117,1.6207756032816023,True,1.0,100.0,-6.7365589086318574e-21,230.2805869295778,2183,1.2236631152795496e-10
229.9975,-0.4442910099624247,175.82578284274467,290.6914806842678,1.6207916916021654,True,1.0,100.0,-6.1409888675936775e-21,230.78061275291617,2187,1.225631401924332e-10
230.4975,-0.44429023855917715,176.04792764603732,291.19161350295263,1.6208067029193738,True,1.0,100.00000000000001,-1.5061304593365528e-20,231.2806354835087,2190,1.227579496387854e-10
230.9975,-0.44428950243048343,176.2700720716009,291.69174469992777,1.6208223136242519,True,1.0,100.0,9.237953080992213e-21,231.78065512608012,2193,1.229508300726323e-10
231.4975,-0.44428880075317545,176.4922161368991,292.1918742041991,1.620837006256598,True,1.0,100.00000000000001,-1.1355535449127964e-20,232.28067168535824,2196,1.2314164271609584e-10
231.9975,-0.4442881327023241,176.71435985889735,292.69200194979203,1.6208511939731038,True,1.0,100.0,-8.801201717564214e-21,232.78068516607533,2199,1.2333022103572233e-10
232.4975,-0.4442874974519784,176.93650325422365,293.1921278756874,1.620865565752793,True,1.0,100.0,-9.277657750394758e-21,233.2806955729691,2202,1.235167940150106e-10
232.9975,-0.4442868941684755,177.1586463390712,293.6922519258808,1.6208788123489046,True,1.0,99.99999999999999,-5.0954325733266505e-21,233.78070291078313,2206,1.2370161839303506e-10
233.4975,-0.4442863220437179,177.3807891292501,294.19237404828925,1.6208924118686696,True,1.0,99.99999999999999,-8.880611056369305e-21,234.28070718425553,2215,1.2388400721929926e-10
233.9975,-0.44428578024719734,177.60293164007538,294.692494195817,1.620905328263472,True,1.0,99.99999999999999,-6.352747104407253e-22,234.78070839813628,2221,1.2406426580513497e-10
234.4975,-0.4442852679598151,177.82507388654096,295.19261232560166,1.62091757971278,True,1.0,100.0,4.129285617864714e-21,235.28070655717474,2227,1.2424284517864592e-10
234.9975,-0.44428478436640084,178.04721588319296,295.6927283989393,1.6209301707408588,True,1.0,100.0,-5.823351512373315e-21,235.7807016661219,2232,1.244191485949564e-10
235.4975,-0.4442843286563944,178.26935764420534,296.19284238108696,1.6209415977237474,True,1.0,100.0,-9.85999290163209e-21,236.28069372973,2237,1.2459344667092864e-10
235.9975,-0.4442839000152117,178.49149918324594,296.6929542415117,1.6209533812839951,True,1.0,99.99999999999999,4.341043854678289e-21,236.78068275275575,2243,1.2476548266748821e-10
236.4975,-0.44428349765246355,178.71364051370932,297.1930639528725,1.6209644828498544,True,1.0,100.0,-5.638063055161437e-21,237.2806687399506,2248,1.2316202224749162e-10
236.9975,-0.4442831207886624,178.93578164852016,297.69317149117785,1.6209750048087335,True,1.0,100.0,-7.954168770309914e-21,237.78065169606012,2253,1.2331958371136764e-10
237.4975,-0.444282768628461,179.15792260026035,298.19327683677903,1.620985790951867,True,1.0,100.0,3.9572320504536844e-21,238.2806316258423,2257,1.2347520228495057e-10
237.9975,-0.44428244039573545,179.38006338102437,298.6933799728948,1.6209953807367654,True,1.0,100.0,-2.2499312661442353e-22,238.7806085340483,2262,1.23628690618105e-10
238.4975,-0.44428213532287303,179.60220400260593,299.19348088599804,1.6210055715111247,True,1.0,100.0,1.0693790959085542e-20,239.28058242542772,2265,1.237798336051199e-10
238.9975,-0.44428185265162023,179.82434447641333,299.6935795656016,1.621014852379308,True,1.0,100.0,1.605392132842916e-20,239.78055330472816,2268,1.2392897819069049e-10
239.4975,-0.44428159162199216,180.04648481347922,300.19367600454353,1.6210238763371034,True,1.0,100.0,-1.1567293685941539e-20,240.2805211766991,2275,1.2407574967454593e-10
239.9975,-0.4442813515182979,180.2686250243876,300.6937701972996,1.6210328618221321,True,1.0,100.0,2.7263872989747792e-21,240.78048604607383,2279,1.2422098766284861e-10
240.4975,-0.4442811316010754,180.49076511944605,301.19386214221817,1.6210407591762497,True,1.0,100.0,-2.0117032497289633e-21,241.28044791759558,2281,1.2436336682686289e-10
240.9975,-0.44428093115329725,180.71290510855957,301.69395183978764,1.621049463811854,True,1.0,100.0,-1.2030514828971235e-20,241.78040679599962,2285,1.2450400432850728e-10
241.4975,-0.4442807494690147,180.9350450013192,302.1940392930553,1.6210569399270338,True,1.0,100.00000000000001,-5.2145465815342865e-21,242.28036268601682,2290,1.2464230342290605e-10
241.9975,-0.4442805858540146,181.157184806875,302.69412450726895,1.6210647144794166,True,1.0,100.0,-5.4263048183478615e-21,242.7803155923738,2294,1.2477852778802756e-10
242.4975,-0.44428043962591857,181.37932453411045,303.1942074899855,1.6210719214606675,True,1.0,100.00000000000001,1.4571613670734136e-20,243.28026551979204,2300,1.2491257334046324e-10
242.9975,-0.4442803101142948,181.6014641915724,303.6942882508829,1.6210786710041127,True,1.0,100.0,1.6331854014246978e-20,243.78021247298804,2303,1.2504439150795577e-10
243.4975,-0.444280196661207,181.82360378747526,304.1943668016488,1.6210856249911014,True,1.0,100.0,-8.721792378759124e-21,244.2801564566725,2307,1.2517423209068568e-10
243.9975,-0.4442800986212437,182.04574332961877,304.69444315579784,1.6210913913060006,True,1.0,100.0,1.2467266192399233e-20,244.7800974755503,2309,1.2530167875501874e-10
244.4975,-0.4442800153615421,182.26788282558465,305.19451732879173,1.6210981087667737,True,1.0,100.0,2.064642808932357e-21,245.28003553431986,2311,1.254270021178172e-10
244.9975,-0.44427994626226924,182.49002228260733,305.69458933770716,1.6211035682125763,True,1.0,100.00000000000001,4.9763185651190145e-21,245.7800083677152,2314,1.2555017442350547e-10
245.4975,-0.4442798907047293,182.71216170765317,306.1946592016782,1.6211094313234906,True,1.0,99.99999999999999,1.418780186650953e-20,246.28006894587998,2319,1.2378617575414808e-10
245.9975,-0.4442798481186335,182.93430110727377,306.6947269401009,1.6211146673136954,True,1.0,100.0,-2.3756627192522955e-20,246.78012679938723,2321,1.2389499148834915e-10
246.4975,-0.4442798179116364,183.15644048784037,307.1947925750336,1.6211196512233252,True,1.0,100.00000000000001,-8.07328277851755e-22,247.28018193247124,2324,1.2400173249327295e-10
246.9975,-0.44427979951641533,183.37857985540163,307.69485612952093,1.6211246802670753,True,1.0,100.0,1.1911400820763599e-21,247.7802343493542,2327,1.2410610733537553e-10
247.4975,-0.44427979237877635,183.60071921575425,308.1949176278261,1.6211288268258974,True,1.0,99.99999999999999,-1.9852334701272664e-22,248.28028405425158,2332,1.242083727537313e-10
247.9975,-0.4442797959580097,183.82285857431762,308.6949770953008,1.6211336652332795,True,1.0,100.0,-8.523269031746397e-21,248.78033105137166,2334,1.2430836221488661e-10
248.4975,-0.4442798097267477,184.04499793637373,309.19503455853794,1.621137214116938,True,1.0,100.0,1.3989278519496804e-20,249.28037534491523,2337,1.2440604102437192e-10
248.9975,-0.44427983317076297,184.26713730687558,309.6950900450445,1.6211416798143161,True,1.0,100.0,-1.4426029882924803e-21,249.7804169390757,2340,1.2450183245471536e-10
249.4975,-0.444279865789297,184.48927669057167,310.19514358331065,1.6211450494169657,True,1.0,100.0,-8.536503921547246e-21,250.28045583803865,2343,1.2459521608887414e-10
249.9975,-0.4442799070948663,184.71141609185312,310.69519520258797,1.6211487808616039,True,1.0,100.0,-1.9084711092823455e-20,250.78049204598145,2345,1.2468628907136292e-10
250.4975,-0.4442799566130082,184.9335555149823,311.19524493306545,1.6211519863133745,True,1.0,100.0,-1.3354003809056079e-20,251.28052556707337,2348,1.2477515548559026e-10
250.9975,-0.44428001388257615,185.155694963949,311.69529280556,1.6211550243018327,True,1.0,100.00000000000001,-1.155405879614069e-20,251.78055640547527,2350,1.2486195410943424e-10
251.4975,-0.4442800784555005,185.37783444251505,312.195338851543,1.6211580801382408,True,1.0,100.0,-1.8542080610988668e-20,252.28058456533927,2353,1.249464351427143e-10
251.9975,-0.44428014989649006,185.59997395426294,312.69538310317193,1.6211604649863527,True,1.0,100.0,-5.121902352928347e-21,252.78061005080866,2357,1.250284736853402e-10
252.4975,-0.44428022778330195,185.82211350244464,313.1954255929826,1.621163385038783,True,1.0,100.0,3.639594695233322e-21,253.28063286601775,2359,1.2510843749868883e-10
252.9975,-0.44428031170646365,186.04425309021602,313.6954663540626,1.6211651565272336,True,1.0,100.0,8.986490174776093e-21,253.78065301509173,2361,1.2518628494939676e-10
253.4975,-0.4442804012689337,186.2663927204981,314.19550541994863,1.6211679538524824,True,1.0,100.0,-7.186545161860704e-21,254.2806705021464,2364,1.2526168990945052e-10
253.9975,-0.4442804960863588,186.48853239605157,314.6955428244962,1.6211694106815817,True,1.0,100.0,4.1425205076655626e-21,254.78068533128803,2367,1.2533508952916605e-10
254.4975,-0.4442805957867527,186.7106721193332,315.1955786017773,1.621171837982222,True,1.0,100.0,1.435985543392056e-20,255.28069750661138,2369,1.2540578298025906e-10
254.9975,-0.44428070001013714,186.93281189273256,315.6956127862641,1.6211731764745274,True,1.0,100.0,-5.518949046953801e-21,255.78070703220715,2372,1.2547463762446753e-10
255.4975,-0.44428080840877304,187.1549517184226,316.19564541251947,1.62117508728914,True,1.0,100.0,1.0429093163068573e-20,256.2807139121505,2373,1.2554103590023402e-10
255.9975,-0.44428092064675617,187.37709159840864,316.6956765153379,1.6211763180398626,True,1.0,100.0,-1.3578996935670502e-20,256.7807181505081,2377,1.256054635301318e-10
256.4975,-0.4442810363999499,187.59923153456805,317.19570612959353,1.6211777499946285,True,1.0,100.0,9.251187970793062e-21,257.2807197513371,2381,1.256674417304815e-10
256.9975,-0.4442811553555596,187.82137152849901,317.6957342901443,1.621178882587601,True,1.0,99.99999999999999,6.696854239229312e-21,257.78071871868366,2382,1.257271162180551e-10
257.4975,-0.44428127721235483,188.0435115817689,318.1957610320085,1.6211798725999353,True,1.0,100.0,-2.0117032497289633e-21,258.2807150565842,2386,1.2578442454280747e-10
257.9975,-0.44428140166744584,188.26565169575812,318.6957863905349,1.6211809155591663,True,1.0,99.99999999999999,2.5781565332052767e-20,258.7807087690705,2390,1.2379969271947289e-10
258.4975,-0.4442815284671155,188.4877918717229,319.1958103997641,1.621181499814437,True,1.0,100.0,-6.432156443212343e-21,259.2806998601452,2393,1.2384349101779435e-10
258.9975,-0.44428165733030167,188.70993211070308,319.69583309489894,1.6211824605551752,True,1.0,100.00000000000001,-1.3367238698856927e-20,259.78068833381894,2397,1.2388483294767383e-10
259.4975,-0.4442817879992745,188.93207241370345,320.19585451060215,1.6211826744884255,True,1.0,100.0,2.2989003584073745e-20,260.2806741940856,2399,1.2392398218707967e-10
259.9975,-0.44428192022647867,189.1542127815623,320.6958746814262,1.6211835592927841,True,1.0,100.0,1.283784310682299e-21,260.78065744492795,2402,1.2396085546928504e-10
260.4975,-0.4442820537747519,189.37635321499755,321.1958936416775,1.621183437574523,True,1.0,100.00000000000001,-1.5484821066992678e-21,261.2806380903181,2405,1.2399550830544115e-10
260.9975,-0.44428218841688644,189.59849371465285,321.69591142548006,1.621184251551531,True,1.0,100.0,8.629148150153185e-21,261.7806161342172,2408,1.2402786436771507e-10
261.4975,-0.44428232393522227,189.82063428094025,322.19592806667094,1.621183828077369,True,1.0,100.0,-8.933550615572699e-21,262.28059158057533,2410,1.2405783345048604e-10
261.9975,-0.4442824601218693,190.04277491428343,322.6959435988397,1.6211845751420448,True,1.0,100.0,-2.5278639519620526e-21,262.7805644333316,2412,1.2408559596499558e-10
262.4975,-0.4442825967781828,190.26491561497033,323.1959580553153,1.6211838830265444,True,1.0,100.0,-2.7660919683773245e-21,263.28053469641407,2414,1.241112282390766e-10
262.9975,-0.44428273371473004,190.48705638318427,323.6959714690397,1.6211845658769395,True,1.0,100.00000000000001,1.606715621823001e-20,263.78050237373947,2416,1.241346331282145e-10
263.4975,-0.44428287075075185,190.70919721906725,324.1959838727175,1.6211837805888958,True,1.0,100.0,-8.020343219314156e-21,264.28046746921365,2420,1.2415556083222867e-10
263.9975,-0.4442830077143967,190.9313381225375,324.6959952985366,1.6211842575528876,True,1.0,100.00000000000001,-1.3393708478458624e-20,264.78042998673106,2422,1.241742542124058e-10
264.4975,-0.44428314444230854,191.15347909355845,325.1960057784039,1.6211833937274607,True,1.0,100.0,-1.0349683824263482e-20,265.2803899301749,2424,1.241907687798971e-10
264.9975,-0.4442832807791547,191.37562013197717,325.69601534384446,1.621183681939374,True,1.0,100.00000000000001,6.749793798432706e-22,265.78034730341733,2427,1.2420523637368674e-10
265.4975,-0.4442834165778724,191.59776123755742,326.19602402590266,1.6211827388942464,True,1.0,100.00000000000001,-8.443859692941307e-21,266.2803021103191,2428,1.242170671877929e-10
265.9975,-0.4442835516991697,191.8199024100436,326.6960318552837,1.6211828687717604,True,1.0,100.0,-9.43647642800494e-21,266.78025435472955,2431,1.2422678857815228e-10
266.4975,-0.444283686011459,192.04204364897276,327.1960388620844,1.6211818445659547,True,1.0,100.00000000000001,1.8171503696564912e-20,267.28020404048704,2434,1.2423422013352337e-10
266.9975,-0.4442838193903018,192.2641849539533,327.69604507611007,1.6211818457554794,True,1.0,100.0,-1.3658406274475593e-20,267.7801511714183,2436,1.242392508316037e-10
267.4975,-0.4442839517187205,192.4863263244869,328.1960505265955,1.6211807371840414,True,1.0,100.0,-1.2361387073992446e-20,268.280095751339,2437,1.2424222067819457e-10
267.9975,-0.4442840828867266,192.70846776002466,328.6960552423479,1.6211806385701863,True,1.0,100.0,-3.785178483042655e-21,268.7800377840533,2441,1.2424312273440208e-10
268.4975,-0.44428421279086716,192.93060926000254,329.19605925167144,1.6211794411659768,True,1.0,100.0,-7.543887186483612e-21,269.2799772733543,2444,1.2424127004972974e-10
268.9975,-0.4442843413345077,193.1527508236769,329.69606258230857,1.621179270883384,True,1.0,100.0,1.7734752333136913e-21,269.7799142230235,2445,1.2423737733024964e-10
269.4975,-0.4442844684273197,193.37489245038543,330.1960652615462,1.6211779789202085,True,1.0,100.0,-1.2295212624988203e-20,270.2798973273269,2446,1.2423131273697763e-10
269.9975,-0.444284593985236,193.59703413938584,330.69606731616886,1.6211777643671401,True,1.0,100.0,1.3036366453835716e-20,270.77995765439834,2450,1.2422297218650513e-10
270.4975,-0.44428471792989127,193.819175889883,331.1960687724073,1.621176370863385,True,1.0,100.0,-1.987880448087436e-20,271.2800156578343,2453,1.242122793509992e-10
270.9975,-0.44428484018897496,194.041317701101,331.6960696559919,1.621176138716943,True,1.0,100.0,-1.2255507955585658e-20,271.7800713409889,2456,1.241994909695343e-10
271.4975,-0.4442849606957641,194.26345957210086,332.1960699920549,1.6211746354460261,True,1.0,100.0,-1.394957385009426e-20,272.2801247072064,2460,1.2418425315852133e-10
271.9975,-0.44428507938864986,194.4856015020252,332.69606980525316,1.621174411679118,True,1.0,100.0,3.1763735522036263e-21,272.7801757598214,2462,1.2416694061823108e-10
272.4975,-0.44428519621151197,194.70774348995735,333.19606911970516,1.6211727891760204,True,1.0,100.0,-1.8131799027162367e-21,273.2802245021585,2464,1.2414703987051467e-10
272.9975,-0.4442853111131618,194.9298855349442,333.69606795894845,1.6211725990753596,True,1.0,100.0,-1.4902485915755347e-20,273.78027093753275,2466,1.2412496724900635e-10
273.4975,-0.44428542404732574,195.1520276360676,334.19606634605367,1.6211709167374153,True,1.0,100.0,6.617444900424221e-23,274.28031506924947,2470,1.241009101038415e-10
273.9975,-0.44428553497212986,195.3741697922309,334.6960643034029,1.621170714834866,True,1.0,100.0,-1.6596551810263947e-20,274.78035690060426,2471,1.240742925068261e-10
274.4975,-0.44428564385045877,195.59631200247324,335.19606185297465,1.6211691019313037,True,1.0,99.99999999999999,1.3645171384674745e-20,275.28039643488296,2474,1.2404575977509325e-10
274.9975,-0.4442857506494904,195.81845426575794,335.69605901612977,1.6211687710274008,True,1.0,100.0,-1.2004045049369538e-20,275.780433675362,2476,1.240149580250538e-10
275.4975,-0.4442858553402764,196.04059658104356,336.1960558137302,1.6211672511721908,True,1.0,100.0,1.2520205751602627e-20,276.2804686253082,2478,1.2398167908989066e-10
275.9975,-0.44428595789812547,196.26273894731418,336.6960522660896,1.6211667778958219,True,1.0,99.99999999999999,1.3248124690649291e-20,276.7805012879785,2482,1.239462213420417e-10
276.4975,-0.44428605830204143,196.48488136340367,337.19604839290577,1.6211653740870426,True,1.0,100.0,1.885971796620903e-20,277.2805316666208,2484,1.2390861947597642e-10
276.9975,-0.44428615653478976,196.7070238282746,337.69604421341586,1.6211647438956567,True,1.0,100.0,-7.186545161860704e-21,277.7805597644731,2486,1.2386868614155944e-10
277.4975,-0.4442862525823349,196.9291663408437,338.19603974632673,1.6211634785371178,True,1.0,99.99999999999999,2.567568621364598e-21,278.2805855847642,2488,1.238265254221993e-10
277.9975,-0.4442863464342739,197.1513089000097,338.69603500977394,1.6211626757298903,True,1.0,100.0,-1.2877547776225535e-20,278.7806091307135,2490,1.23782137317896e-10
278.4975,-0.4442864380832756,197.37345150473078,339.19603002143924,1.6211615706534561,True,1.0,100.0,2.5543337315637495e-21,279.2806304055309,2492,1.2373554264533126e-10
278.9975,-0.44428652752517045,197.59559415379746,339.69602479833156,1.6211605783894145,True,1.0,100.0,-7.702705864093794e-21,279.78064941241325,2494,1.2368662344330872e-10
279.4975,-0.444286614758389,197.81773684615814,340.1960193570956,1.6211596548776797,True,1.0,100.0,-9.740878893424454e-21,280.2806661545597,2497,1.2363546991744911e-10
279.9975,-0.4442866997843995,198.03987958070533,340.69601371379105,1.6211584551926457,True,1.0,100.0,6.246867986000465e-21,280.7806806351486,2499,1.2358222778452443e-10
280.4975,-0.444286782592687,198.26202235634355,341.1960078844764,1.6211577340036296,True,1.0,100.0,-1.9150885541827697e-20,281.2806928573596,2502,1.2119857895065422e-10
280.9975,-0.4442868632187491,198.48416517196713,341.696001883251,1.6211563078253486,True,1.0,100.0,1.4505439221729893e-20,281.78070282434305,2505,1.2113245129175e-10
281.4975,-0.4442869416569556,198.70630802652497,342.1959957251968,1.6211558092075384,True,1.0,100.0,1.2030514828971235e-20,282.28071053926044,2508,1.2106416563684164e-10
281.9975,-0.4442870179184011,198.9284509188392,342.69598942432765,1.621154136375753,True,1.0,100.0,-9.09236929318288e-21,282.78071600525766,2510,1.2099365953588403e-10
282.4975,-0.44428709201639965,199.15059384786406,343.19598299426417,1.6211538801032506,True,1.0,100.0,-7.967403660110763e-21,283.2807192254712,2513,1.2092092604998328e-10
282.9975,-0.44428716396592033,199.37273681252861,343.6959764481461,1.6211522301484682,True,1.0,100.0,1.6967128724687704e-20,283.78072020302903,2515,1.2084596517913937e-10
283.4975,-0.44428723378414686,199.59487981175621,344.1959697986123,1.6211519447706644,True,1.0,100.0,3.2160782216061716e-21,284.2807189410501,2516,1.2076888100676086e-10
283.9975,-0.44428730148991535,199.81702284454732,344.6959630579032,1.6211505646148026,True,1.0,100.0,-1.9256764660234484e-20,284.7807154426443,2518,1.206893820993038e-10
284.4975,-0.44428736710383426,200.0391659097341,345.19595623766116,1.6211499998000938,True,1.0,100.0,-6.829203137237796e-21,285.2807097109131,2521,1.2060791948487193e-10
284.9975,-0.444287430647715,200.26130900633825,345.6959493492316,1.6211489080601615,True,1.0,100.0,-1.8131799027162367e-21,285.78070174894884,2524,1.205242364243908e-10
285.4975,-0.44428749214516294,200.48345213332337,346.1959424034549,1.6211480403302407,True,1.0,100.0,1.588186776101813e-20,286.2806915598354,2525,1.2043834679564824e-10
285.9975,-0.4442875516210249,200.70559528967902,346.69593541075477,1.6211472552209127,True,1.0,99.99999999999999,5.730707283767376e-21,286.78067914664814,2528,1.2035029223200766e-10
286.4975,-0.44428760910148885,200.92773847439412,347.1959283811206,1.6211460600855092,True,1.0,100.0,-1.079967007749233e-20,287.2806645124536,2530,1.2025994089448488e-10
286.9975,-0.4442876646135899,201.1498816865334,347.6959213241784,1.6211455994409547,True,1.0,100.0,1.2904017555827232e-20,287.7806476603098,2533,1.2016750094989703e-10
287.4975,-0.44428771818576174,201.37202492501993,348.1959142490289,1.621144051416214,True,1.0,100.00000000000001,5.26748614073768e-21,288.28062859326644,2535,1.200727850481087e-10
287.9975,-0.4442877698473147,201.59416818893533,348.695907164479,1.6211439327121864,True,1.0,100.0,-4.711620769102046e-21,288.78060731436466,2536,1.199759874781492e-10
288.4975,-0.4442878196285535,201.81631147733856,349.19590007891384,1.6211424680501236,True,1.0,100.0,6.220398206398768e-21,289.2805838266372,2539,1.1987687231762578e-10
288.9975,-0.44428786756027905,202.0384547892904,349.69589300034204,1.6211422457061961,True,1.0,99.99999999999999,1.2890782666026383e-20,289.7805581331087,2540,1.1977573100008243e-10
289.4975,-0.4442879136743768,202.260598123881,350.1958859363903,1.6211411469247943,True,1.0,100.0,-7.99387343971246e-21,290.2805302367952,2543,1.1967244556432277e-10
289.9975,-0.44428795800326265,202.48274148026155,350.6958788943677,1.621140527812868,True,1.0,100.0,5.585123495958043e-21,290.7805001407046,2545,1.1956692580472605e-10
290.4975,-0.44428800058008733,202.70488485743746,351.1958718810919,1.6211398115229445,True,1.0,99.99999999999999,1.1355535449127964e-20,291.280467847837,2548,1.1945924111023132e-10
290.9975,-0.44428804143817185,202.9270282545921,351.69586490317516,1.6211387671720294,True,1.0,100.0,-1.945528800724721e-20,291.7804333611837,2550,1.193494608697776e-10
291.4975,-0.44428808061162706,203.14917167087842,352.1958579668348,1.6211384496970977,True,1.0,100.0,-7.093900933254765e-21,292.28039668372867,2551,1.1923747406106244e-10
291.9975,-0.44428811813486363,203.37131510546666,352.6958510779592,1.6211369507049713,True,1.0,100.0,-7.464477847678522e-21,292.78035781844727,2553,1.1912344721753954e-10
292.4975,-0.44428815404274213,203.5934585575255,353.19584424211274,1.621137048100283,True,1.0,99.99999999999999,-1.1699642583950023e-20,293.2803167683073,2557,1.190070680889832e-10
292.9975,-0.4442881883700376,203.81560202633827,353.6958374646008,1.6211358345605653,True,1.0,100.0,-1.9243529770433636e-20,293.7802735362681,2562,1.1888866280340693e-10
293.4975,-0.4442882211520877,204.0377455109883,354.1958307502845,1.621135592219759,True,1.0,99.99999999999999,1.1779051922755114e-20,294.280228125282,2563,1.1876816891076558e-10
293.9975,-0.4442882524242961,204.2598890107795,354.6958241038518,1.6211348152610514,True,1.0,100.0,1.283784310682299e-20,294.7801805382926,2566,1.1864555865548354e-10
294.4975,-0.4442882822223077,204.48203252495733,355.19581752966684,1.621134066400947,True,1.0,100.0,-1.8475906161984426e-20,295.28013077823664,2569,1.1852071407636444e-10
294.9975,-0.44428831058143076,204.70417605280292,355.6958110318135,1.6211337414247962,True,1.0,100.0,-1.0852609636695723e-21,295.7800788480421,2571,1.1839379476796807e-10
295.4975,-0.4442883375373943,204.92631959359684,356.1958046141046,1.6211324538783274,True,1.0,100.0,-1.2467266192399233e-20,296.2800247506302,2572,1.182647174635676e-10
295.9975,-0.44428836312576625,205.14846314671334,356.6957982801252,1.6211325960804042,True,1.0,100.0,-7.543887186483612e-21,296.7799684889141,2575,1.181336556355106e-10
296.4975,-0.4442883873821885,205.37060671135592,357.1957920330664,1.6211314532463348,True,1.0,99.99999999999999,2.1440521477374477e-21,297.2799100657996,2579,1.180002831557836e-10
296.9975,-0.44428841034177774,205.59275028692284,357.6957858760329,1.621131361185696,True,1.0,100.0,8.41738991333961e-21,297.7798494841847,2580,1.1786493309129398e-10
297.4975,-0.44428843203992024,205.8148938727819,358.19577981180936,1.6211307058475701,True,1.0,99.99999999999999,6.03510974918689e-21,298.27978674696004,2583,1.17727515236421e-10
297.9975,-0.4442884525116933,206.0370374683031,358.6957738429759,1.6211300176498173,True,1.0,100.0,1.214962883717887e-20,298.77972185700895,2584,1.1758782836324144e-10
298.4975,-0.44428847179206515,206.2591810728856,359.1957679718655,1.6211298644925431,True,1.0,100.0,-4.579271871093561e-21,299.27977739259,2587,1.1744625411092002e-10
298.9975,-0.4442884899153816,206.48132468601213,359.695762200653,1.6211285453572595,True,1.0,100.0,-8.973255284975244e-21,299.7798367451352,2590,1.1730245247365545e-10
299.4975,-0.44428850691610416,206.70346830697494,360.19575653117386,1.6211289089146304,True,1.0,100.00000000000001,-8.311510794932822e-21,300.2798941415903,2592,1.1715662467937094e-10
299.9975,-0.44428852282826425,206.92561193529383,360.6957509651727,1.6211280113171287,True,1.0,100.0,4.0234064994579266e-21,300.7799495844908,2595,1.1700865970576402e-10
300.0,-0.4442885229051465,206.92672265345297,360.69825093760534,1.6211280036745312,True,1.0,99.99999999999999,2.80579663777987e-21,300.78244985680124,2595,1.1700797275526753e-10
