h,F,energy,length,max_psi,overhang,r_min,r_max,z_min,z_max,nodes,H_err
-300.0,0.4442881969485573,203.58437671666925,357.27553959546907,1.6048541382701758,True,1.0,100.0,-300.0,9.529120656610879e-21,2433,1.8846146865314495e-11
-299.9975,0.4442881968292408,203.58326599782492,357.27303961914794,1.6048541411766262,True,1.0,99.99999999999999,-299.9975,9.18501352178882e-21,2433,1.8845543181544855e-11
-299.4975,0.44428817242235175,203.3611222348099,356.773044374945,1.6048542617458303,True,1.0,100.0,-299.4975,1.2731963988416202e-20,2430,1.8584203620441997e-11
-298.9975,0.4442881469199566,203.13897848375478,356.2730491680199,1.6048555756040428,True,1.0,100.0,-298.9975,-1.7231826520704673e-20,2426,1.8485941943868767e-11
-298.4975,0.44428812029868975,202.916834745328,355.77305399459993,1.6048558358541622,True,1.0,100.0,-298.4975,9.68793933422106e-21,2423,1.838788149521875e-11
-297.9975,0.44428809253576623,202.69469102003148,355.2730588505452,1.6048570459533604,True,1.0,100.0,-297.9975,5.955700410381799e-21,2420,1.8290306769142006e-11
-297.4975,0.44428806360567646,202.47254730844645,354.7730637316085,1.6048575006463661,True,1.0,100.0,-297.4975,-1.1329065669526267e-20,2417,1.799737442409466e-11
-296.9975,0.44428803348867507,202.25040361115802,354.2730686331548,1.604858556983723,True,1.0,99.99999999999999,-296.9975,-1.0826139857094026e-20,2411,1.7902929139168577e-11
-296.4975,0.4442880021624651,202.02825992877322,353.77307355038107,1.6048591931884844,True,1.0,100.0,-296.4975,-5.161607022330893e-21,2410,1.7808886310088923e-11
-295.9975,0.44428796960301986,201.8061162618315,353.2730784782713,1.6048601125011652,True,1.0,100.0,-295.9975,5.1880768019325896e-21,2403,1.771509328118981e-11
-295.4975,0.44428793578869574,201.58397261108792,352.77308341159886,1.6048609170064574,True,1.0,100.0,-295.4975,5.4263048183478615e-21,2398,1.739867971917164e-11
-294.9975,0.4442879007021711,201.3618289771084,352.27308834470375,1.6048617153258549,True,1.0,100.0,-294.9975,9.899697571034635e-21,2398,1.730764837004628e-11
-294.4975,0.44428786431958645,201.1396853605372,351.7730932718163,1.6048626746200723,True,1.0,100.00000000000001,-294.4975,-4.235164736271502e-21,2392,1.7217463565977198e-11
-293.9975,0.4442878266218622,200.9175417620364,351.2730981868324,1.6048633672547579,True,1.0,100.0,-293.9975,-1.0826139857094026e-20,2389,1.6880039033217997e-11
-293.4975,0.4442877875907664,200.69539818222958,350.7731030833525,1.6048644675076407,True,1.0,100.0,-293.4975,1.0508502501873664e-20,2384,1.6793053059238616e-11
-292.9975,0.4442877472076299,200.4732546217594,350.2731079546823,1.604865069028594,True,1.0,100.0,-292.9975,1.0587911840678754e-22,2381,1.6706303007651968e-11
-292.4975,0.44428770545394397,200.25111108141485,349.7731127939876,1.6048662960710858,True,1.0,100.0,-292.4975,-3.0704944337968387e-21,2376,1.6353723930606634e-11
-291.9975,0.4442876623145887,200.0289675618355,349.27311759393154,1.6048668202917644,True,1.0,100.0,-291.9975,4.579271871093561e-21,2373,1.6270242098048726e-11
-291.4975,0.444287617772936,199.80682406371002,348.77312234699224,1.604868159595796,True,1.0,100.0,-291.4975,9.568825326013424e-21,2370,1.618706557682259e-11
-290.9975,0.44428757181226197,199.58468058774886,348.2731270453799,1.604868619556549,True,1.0,100.00000000000001,-290.9975,-1.6940658945086007e-21,2364,1.58239116254677e-11
-290.4975,0.44428752442378927,199.36253713466562,347.7731316807736,1.6048700562146956,True,1.0,100.0,-290.4975,-1.99714487094803e-20,2363,1.574387148428613e-11
-289.9975,0.44428747559056,199.14039370511915,347.27313624478955,1.6048704641629283,True,1.0,100.0,-289.9975,2.0778776987332055e-21,2357,1.5664192165587565e-11
-289.4975,0.4442874253007117,198.9182502999597,346.77314072871206,1.6048719828680753,True,1.0,100.0,-289.4975,7.6497663048904e-21,2352,1.5383812279612386e-11
-288.9975,0.4442873735488374,198.6961069198324,346.27314512322204,1.6048723827671738,True,1.0,100.0,-288.9975,-9.462946207606637e-21,2350,1.505009311619787e-11
-288.4975,0.44428732031988927,198.47396356548762,345.7731494190538,1.6048739352626145,True,1.0,99.99999999999999,-288.4975,2.7091819422336762e-20,2345,1.5200021796779595e-11
-287.9975,0.44428726561174364,198.25182023766308,345.27315360623805,1.6048743939736012,True,1.0,100.0,-287.9975,1.3631936494873896e-21,2342,1.5070375503078992e-11
-287.4975,0.4442872094144728,198.02967693710318,344.7731576747641,1.6048759078342112,True,1.0,100.0,-287.4975,4.658681209898652e-21,2337,1.5241273521038323e-11
-286.9975,0.44428715172797806,197.80753366449608,344.27316161396624,1.6048764089183571,True,1.0,100.0,-286.9975,-3.044024654195142e-21,2332,1.7481363578930598e-11
-286.4975,0.44428709254569976,197.58539042069975,343.77316541321784,1.6048778937039145,True,1.0,99.99999999999999,-286.4975,2.1718454163192295e-20,2329,1.7625408077481808e-11
-285.9975,0.44428703186870017,197.363247206414,343.2731690612171,1.6048784202497497,True,1.0,100.0,-285.9975,1.6728900708272432e-20,2322,1.7838827637284282e-11
-285.4975,0.4442869697017889,197.14110402237145,342.7731725463045,1.6048798846399752,True,1.0,100.0,-285.4975,-2.752857078576476e-21,2321,1.7457993384262238e-11
-284.9975,0.4442869060396909,196.9189608693254,342.27317585681334,1.604880419241464,True,1.0,100.00000000000001,-284.9975,-1.1990810159568689e-20,2315,1.789386000483617e-11
-284.4975,0.444286840893711,196.6968177479666,341.77317898024324,1.6048818710172807,True,1.0,100.00000000000001,-284.4975,3.044024654195142e-22,2307,2.0389676058663042e-11
-283.9975,0.4442867742700118,196.4746746591342,341.273181904051,1.6048823957525895,True,1.0,100.0,-283.9975,-1.9931744040077755e-20,2304,2.0548771018091827e-11
-283.4975,0.44428670617796717,196.25253160351437,340.7731846151774,1.6048838417745777,True,1.0,100.0,-283.4975,2.157287037538296e-21,2298,2.0768858854935957e-11
-282.9975,0.4442866366281541,196.03038858184394,340.27318710028055,1.6048843381860165,True,1.0,100.0,-282.9975,-7.795350092699733e-21,2293,2.1195302457588383e-11
-282.4975,0.44428656563091096,195.80824559484026,339.77318934570394,1.6048857843799487,True,1.0,100.0,-282.4975,-6.88214269644119e-22,2285,2.256198700090195e-11
-281.9975,0.4442864932124705,195.58610264322812,339.27319133702395,1.6048862334525318,True,1.0,100.0,-281.9975,-6.313042435004707e-21,2279,2.332697923712601e-11
-281.4975,0.4442864193964306,195.36395972766533,338.77319305953864,1.6048876847850164,True,1.0,100.0,-281.4975,-9.714409113822757e-21,2273,2.5179178186895967e-11
-280.9975,0.4442863441979409,195.14181684895019,338.2731944986593,1.6048880669253316,True,1.0,100.00000000000001,-280.9975,5.585123495958043e-21,2272,2.475047944372477e-11
-280.4975,0.44428626764237783,194.91967400771037,337.77319563904337,1.6048895273948418,True,1.0,100.0,-280.4975,-7.835054762102278e-21,2269,2.438474422383763e-11
-279.9975,0.4442861897584848,194.697531204623,337.2731964650257,1.604889900901093,True,1.0,100.0,-279.9975,1.9587636905255695e-20,2266,2.3964559503486527e-11
-279.4975,0.44428611057785417,194.47538844033875,336.77319696053775,1.6048912950290906,True,1.0,100.00000000000001,-279.4975,-1.4121627417505288e-20,2264,2.3590761288883044e-11
-278.9975,0.44428603013536216,194.25324571545286,336.27319710912496,1.6048916935248383,True,1.0,100.0,-278.9975,1.7972980349552185e-20,2259,2.5358430633115603e-11
-278.4975,0.44428594846961195,194.03110303068203,335.7731968940231,1.6048929688864397,True,1.0,100.0,-278.4975,-9.476181097407485e-21,2256,2.4972392209665628e-11
-277.9975,0.4442858656224283,193.80896038658233,335.27319629801934,1.6048933936530598,True,1.0,100.0,-277.9975,1.887295285600988e-20,2254,2.4547024135568307e-11
-277.4975,0.44428578163930366,193.58681778372772,334.7731953035268,1.6048945285147047,True,1.0,100.0,-277.4975,1.2017279939170386e-20,2250,2.41857922578248e-11
-276.9975,0.44428569656982747,193.3646752226794,334.27319389261163,1.6048949798104895,True,1.0,100.0,-276.9975,0.0,2248,2.3768480239549916e-11
-276.4975,0.4442856104671142,193.14253270391347,333.77319204690656,1.6048959517788017,True,1.0,100.0,-276.4975,3.705769144237564e-22,2244,2.55177268204676e-11
-275.9975,0.44428552338872335,192.92039022803553,333.27318974781645,1.6048964288298853,True,1.0,100.00000000000001,-275.9975,-9.118839072784577e-21,2240,2.508889623831223e-11
-275.4975,0.44428543539612375,192.69824779546363,332.7731869762384,1.6048972148362888,True,1.0,100.0,-275.4975,8.999725064576941e-22,2238,2.4708721180211057e-11
-274.9975,0.44428534655511187,192.4761054066434,332.2731837127911,1.604897715825545,True,1.0,100.0,-274.9975,-1.8820013296806486e-20,2235,2.430221995863846e-11
-274.4975,0.4442852569362264,192.25396306197723,331.77317993768963,1.6048982921124917,True,1.0,99.99999999999999,-274.4975,7.940933880509066e-23,2232,2.3930635251190324e-11
-273.9975,0.4442851666143391,192.03182076180153,331.27317563082283,1.6048988141718825,True,1.0,100.0,-273.9975,-1.0548207171276209e-20,2229,2.55575074992187e-11
-273.4975,0.4442850756690657,191.80967850652695,330.7731707717919,1.6048991562806205,True,1.0,100.0,-273.4975,1.4174566976708682e-20,2224,2.5189461627661558e-11
-272.9975,0.44428498418517454,191.58753629639773,330.2731653398047,1.6048996954873804,True,1.0,100.0,-272.9975,-1.4505439221729893e-20,2221,2.4765654804692616e-11
-272.4975,0.44428489225220064,191.3653941316622,329.7731593137426,1.604899778247273,True,1.0,100.0,-272.4975,9.476181097407485e-21,2219,2.43914402564549e-11
-271.9975,0.4442847999648492,191.14325201252598,329.27315267221906,1.604900329619048,True,1.0,100.0,-271.9975,-2.064642808932357e-21,2216,2.3988831754362394e-11
-271.4975,0.44428470742339826,190.92110993909142,328.7731453934521,1.6049001271391512,True,1.0,100.0,-271.4975,-1.970675091346333e-20,2211,2.5598870245779892e-11
-270.9975,0.444284614733333,190.69896791155367,328.2731374555153,1.604900684636461,True,1.0,100.0,-270.9975,1.266578953941196e-20,2208,2.5220069088671693e-11
-270.4975,0.4442845220057422,190.47682592991652,327.7731288360973,1.6049002631896176,True,1.0,100.0,-270.4975,-1.5948042210022374e-20,2205,2.4810382914797202e-11
-269.9975,0.4442844293577117,190.25468399416283,327.27311951260333,1.6049007268272757,True,1.0,100.0,-269.9975,1.7734752333136913e-21,2202,2.443940883001261e-11
-269.4975,0.44428433691197966,190.03254210422767,326.77310946224503,1.6049003101316826,True,1.0,100.0,-269.4975,-1.2904017555827232e-20,2200,2.4024178479908898e-11
-268.9975,0.4442842447973209,189.81040025992937,326.273098661903,1.604900420700354,True,1.0,100.0,-268.9975,1.9428818227645514e-20,2194,2.558427081300607e-11
-268.4975,0.4442841531489397,189.5882584611625,325.7730870883828,1.604899999911412,True,1.0,100.00000000000001,-268.4975,1.3486352707064563e-20,2192,2.5160616645703016e-11
-267.9975,0.4442840621081262,189.36611670760985,325.27307471812725,1.6048997289960278,True,1.0,100.0,-267.9975,1.5405411728187587e-20,2190,2.478832417107668e-11
-267.4975,0.44428397182264634,189.14397499893465,324.7730615274788,1.6048992942421483,True,1.0,100.00000000000001,-267.4975,-7.940933880509066e-22,2186,2.438445972918757e-11
-266.9975,0.44428388244711553,188.92183333471726,324.2730474925393,1.6048986127001794,True,1.0,100.0,-266.9975,6.696854239229312e-21,2182,2.40193906431152e-11
-266.4975,0.4442837941426707,188.69969171442128,323.77303258927367,1.6048981531022757,True,1.0,100.0,-266.4975,3.943997160652836e-21,2179,2.5503522904646303e-11
-265.9975,0.4442837070773499,188.47755013755798,323.2730167936141,1.6048970310701947,True,1.0,100.0,-265.9975,-1.7628873214730126e-20,2175,2.5094870625963495e-11
-265.4975,0.4442836214264512,188.25540860341707,322.77300008122415,1.604896534761596,True,1.0,100.00000000000001,-265.4975,-2.0421434962709147e-20,2172,2.472614474280377e-11
-264.9975,0.4442835373722184,188.03326711124964,322.2729824277822,1.6048950966227835,True,1.0,99.99999999999999,-264.9975,1.9230294880632787e-20,2171,2.4312669932857744e-11
-264.4975,0.4442834551042047,187.8111256602065,321.77296380883587,1.6048943958186133,True,1.0,100.0,-264.4975,-2.236696376343387e-21,2167,2.396250559089097e-11
-263.9975,0.444283374819619,187.5889842493075,321.2729441999176,1.6048929099873066,True,1.0,100.00000000000001,-263.9975,9.052664623780335e-21,2165,2.5334956355038685e-11
-263.4975,0.4442832967230175,187.36684287759064,320.7729235765836,1.6048916912466675,True,1.0,100.0,-263.4975,1.7020068283891097e-20,2162,2.4966688438876616e-11
-262.9975,0.44428322102665757,187.14470154386828,320.2729019143545,1.6048901433661167,True,1.0,100.0,-262.9975,-3.044024654195142e-22,2159,2.4612749338626116e-11
-262.4975,0.4442831479508152,186.92256024688754,319.7728791888216,1.6048883744473983,True,1.0,100.0,-262.4975,-7.001256704648826e-21,2158,2.4202917447979644e-11
-261.9975,0.44428307772349407,186.70041898528385,319.272855375603,1.604886749298739,True,1.0,100.0,-261.9975,-1.8131799027162367e-21,2154,2.384478031691728e-11
-261.4975,0.4442830105807536,186.47827775753606,318.7728304504617,1.6048843973180655,True,1.0,100.0,-261.4975,-5.929230630780102e-21,2150,2.5165113048952747e-11
-260.9975,0.44428294676700897,186.25613656210393,318.2728043893029,1.6048826788656263,True,1.0,100.0,-260.9975,-6.1409888675936775e-21,2146,2.4800890507936657e-11
-260.4975,0.44428288653474096,186.03399539723128,317.772777168182,1.6048800355697173,True,1.0,100.0,-260.4975,-9.886462681233787e-21,2143,2.4440102719403e-11
-259.9975,0.4442828301448025,185.8118542610659,317.27274876339,1.6048778817741565,True,1.0,100.0,-259.9975,-6.88214269644119e-21,2141,2.4044898017105965e-11
-259.4975,0.44428277786669584,185.58971315157316,316.77271915137135,1.6048751275892297,True,1.0,100.0,-259.4975,-1.359223182547135e-20,2137,2.534825127575857e-11
-258.9975,0.4442827299782843,185.3675720667127,316.272688309023,1.6048723064420538,True,1.0,100.00000000000001,-258.9975,4.235164736271502e-21,2135,2.4938481835157233e-11
-258.4975,0.4442826867660617,185.14543100417484,315.7726562134026,1.604869423430064,True,1.0,100.0,-258.4975,9.568825326013424e-21,2132,2.458858811005271e-11
-257.9975,0.44428264852541677,184.9232899615502,315.27262284201277,1.6048659001217884,True,1.0,99.99999999999999,-257.9975,4.896909226313924e-22,2129,2.423192896339188e-11
-257.4975,0.4442826155603312,184.70114893627806,314.77258817277203,1.6048628697545766,True,1.0,100.0,-257.4975,5.055727903924105e-21,2128,2.383153396845472e-11
-256.9975,0.4442825881836211,184.4790079256021,314.2725521839672,1.6048589225409011,True,1.0,100.0,-256.9975,-1.4505439221729893e-20,2123,2.5082089183392497e-11
-256.4975,0.4442825667171756,184.2568669267264,313.77251485452285,1.6048554122471952,True,1.0,100.0,-256.4975,-8.033578109115005e-21,2121,2.4724146341359443e-11
-255.9975,0.44428255149163387,184.03472593657585,313.27247616383386,1.6048512963769697,True,1.0,99.99999999999999,-255.9975,1.1104072542911844e-20,2120,2.432308521260751e-11
-255.4975,0.44428254284660357,183.81258495194308,312.77243609186274,1.6048469957583595,True,1.0,100.0,-255.4975,-6.696854239229312e-21,2116,2.3980047114680048e-11
-254.9975,0.444282541130862,183.59044396941488,312.27239461924836,1.6048426915155243,True,1.0,99.99999999999999,-254.9975,1.760240343512843e-21,2113,2.5165446115860135e-11
-254.4975,0.44428254670201406,183.36830298551368,311.77235172742286,1.6048375644637363,True,1.0,100.0,-254.4975,-4.089580948462169e-21,2112,2.4764947037514418e-11
-253.9975,0.44428255992667665,183.1461619964649,311.27230739843276,1.6048330518705285,True,1.0,100.00000000000001,-253.9975,1.6623021589865644e-20,2108,2.4420979127803832e-11
-253.4975,0.44428258118064007,182.92402099834936,310.77226161522276,1.6048276255611036,True,1.0,100.0,-253.4975,-1.0296744265060088e-20,2105,2.4070308246582073e-11
-252.9975,0.44428261084844867,182.70187998705714,310.27221436161915,1.6048223209623333,True,1.0,100.0,-252.9975,1.5233358160776558e-20,2102,2.3687246608616874e-11
-252.4975,0.44428264932381945,182.47973895824563,309.7721656222863,1.6048166631954437,True,1.0,100.0,-252.4975,1.0482032722271967e-20,2098,2.4812166210530506e-11
-251.9975,0.444282697009206,182.25759790748435,309.2721153830306,1.604810442110648,True,1.0,99.99999999999999,-251.9975,-6.088049308390284e-22,2096,2.446151614599046e-11
-251.4975,0.4442827543159089,182.03545683002977,308.7720636306395,1.6048045327144282,True,1.0,100.0,-251.4975,-8.801201717564214e-21,2093,2.4079176152991266e-11
-250.9975,0.444282821664158,181.81331572096528,308.272010352983,1.6047977138216865,True,1.0,99.99999999999999,-250.9975,1.48627812463528e-20,2091,2.3733348619714434e-11
-250.4975,0.4442828994827031,181.59117457514597,307.7719555391722,1.6047911776314998,True,1.0,100.0,-250.4975,-2.6072732907671432e-21,2085,2.480329136522741e-11
-249.9975,0.44428298820887574,181.36903338726532,307.27189917961664,1.6047840841952448,True,1.0,100.0,-249.9975,2.1440521477374477e-21,2082,2.4463493730753072e-11
-249.4975,0.444283088288611,181.1468921517379,306.7718412660168,1.604776541853648,True,1.0,100.0,-249.4975,2.4788948596989133e-20,2081,2.4077392857257962e-11
-248.9975,0.4442832001760087,180.92475086277406,306.2717817914374,1.6047691544232197,True,1.0,100.0,-248.9975,9.43647642800494e-21,2077,2.3734222920346326e-11
-248.4975,0.44428332433333345,180.70260951432047,305.77172075046246,1.6047608619843803,True,1.0,100.0,-248.4975,-8.24533634592858e-21,2073,2.475646077026994e-11
-247.9975,0.44428346123097745,180.48046810019463,305.2716581392786,1.6047528696336313,True,1.0,100.0,-247.9975,-1.9058241313221758e-21,2070,2.441198632130437e-11
-247.4975,0.4442836113469817,180.25832661387244,304.7715939556604,1.6047442620633776,True,1.0,100.0,-247.4975,-6.776263578034403e-21,2069,2.4031325540629922e-11
-246.9975,0.44428377516696227,180.0361850486229,304.2715281990548,1.6047351760544073,True,1.0,100.0,-246.9975,-7.120370712856462e-21,2066,2.3698314144393606e-11
-246.4975,0.4442839531840206,179.81404339743804,303.77146087074277,1.6047262356979914,True,1.0,100.0,-246.4975,1.2890782666026383e-20,2061,2.4657963171303976e-11
-245.9975,0.44428414589820286,179.591901653162,303.27139197393495,1.6047163967583389,True,1.0,100.00000000000001,-245.9975,1.7231826520704673e-20,2059,2.4316916535926936e-11
-245.4975,0.4442843538163595,179.3697598082985,302.771321513747,1.604706731564339,True,1.0,100.00000000000001,-245.4975,7.05419626385222e-21,2051,2.3941661153603633e-11
-244.9975,0.4442845774519885,179.14761785509623,302.2712494973426,1.6046965423515074,True,1.0,100.0,-244.9975,1.0746730518288936e-20,2048,2.3589311060057128e-11
-244.4975,0.44428481732462316,178.92547578557526,301.77117593407166,1.604685700273063,True,1.0,100.0,-244.4975,-1.8674429508997153e-20,2045,2.3206311872137064e-11
-243.9975,0.44428507395963085,178.70333359145334,301.2711008354179,1.604675146190408,True,1.0,100.0,-243.9975,1.5617169965001163e-21,2040,2.409979854567368e-11
-243.4975,0.4442853478879581,178.4811912642824,300.7710242153262,1.6046637038248495,True,1.0,100.0,-243.4975,2.108317945275157e-20,2037,2.375023094858264e-11
-242.9975,0.4442856396454691,178.25904879524916,300.27094609006633,1.6046521627491421,True,1.0,100.0,-242.9975,2.0077327827887088e-20,2033,2.340218990815046e-11
-242.4975,0.4442859497726487,178.03690617530393,299.77086647844544,1.6046403438165224,True,1.0,100.0,-242.4975,9.595295105615121e-21,2028,2.3062468601509067e-11
-241.9975,0.44428627881426785,177.81476339509453,299.2707854018567,1.6046276498950285,True,1.0,99.99999999999999,-241.9975,4.751325438504591e-21,2023,2.3900409429344904e-11
-241.4975,0.44428662731864266,177.5926204450995,298.7707028844683,1.604615343812298,True,1.0,100.0,-241.4975,1.6331854014246978e-20,2020,2.3565524531754534e-11
-240.9975,0.4442869958372447,177.370477315399,298.2706189531945,1.604602266321578,True,1.0,100.0,-240.9975,1.4002513409297652e-20,2016,2.322775999319404e-11
-240.4975,0.4442873849242761,177.14833399585717,297.7705336378802,1.604588666678037,True,1.0,100.0,-240.4975,3.441071348220595e-22,2011,2.288497169544712e-11
-239.9975,0.44428779513584715,176.9261904760161,297.2704469713638,1.6045751990708212,True,1.0,100.0,-239.9975,5.942465520580951e-21,2008,2.3680994665209454e-11
-239.4975,0.4442882270294774,176.70404674524497,296.77035898965323,1.6045608776589142,True,1.0,100.0,-239.4975,-1.0561442061077057e-20,2001,2.336571214289762e-11
-238.9975,0.4442886811635829,176.48190279252913,296.2702697319643,1.604546417591019,True,1.0,100.0,-238.9975,-8.07328277851755e-21,1997,2.3010149341473607e-11
-238.4975,0.44428915809650743,176.25975860657366,295.7701792408068,1.6045317089272875,True,1.0,100.0,-238.4975,3.374896899216353e-21,1991,2.37588629325991e-11
-237.9975,0.4442896583861276,176.0376141759069,295.2700875621683,1.6045161682254037,True,1.0,100.0,-237.9975,1.0587911840678754e-21,1986,2.342165350555092e-11
-237.4975,0.4442901825888261,175.81546948867324,294.7699947456145,1.6045008008217352,True,1.0,100.0,-237.4975,-1.971998580326418e-21,1981,2.308481183987965e-11
-236.9975,0.4442907312588266,175.59332453278694,294.2699008442669,1.6044848831497949,True,1.0,100.0,-236.9975,3.441071348220595e-22,1974,2.275822585939835e-11
-236.4975,0.44429130494747404,175.3711792958452,293.7698059150774,1.604468159520181,True,1.0,99.99999999999999,-236.4975,-1.0693790959085542e-20,1965,2.3430792028822367e-11
-235.9975,0.444291904202143,175.14903376524606,293.26971001907395,1.604451847435845,True,1.0,100.0,-235.9975,-2.541098841762901e-21,1962,2.310125701843191e-11
-235.4975,0.44429252956545706,174.92688792805197,292.7696132209934,1.604434765670362,True,1.0,100.0,-235.4975,-1.6503907581658008e-20,1959,2.2778605390794127e-11
-234.9975,0.4442931815744424,174.7047417710713,292.26951558979647,1.6044170535987576,True,1.0,100.0,-234.9975,-8.271806125530277e-21,1955,2.2459346882275355e-11
-234.4975,0.4442938607593318,174.48259528082633,291.7694171986721,1.6043996258336788,True,1.0,100.0,-234.4975,1.61465655570351e-20,1952,2.309912677800341e-11
-233.9975,0.4442945676426374,174.26044844365225,291.2693181251884,1.6043814396449028,True,1.0,100.0,-233.9975,-9.634999775017666e-21,1948,2.278319199966461e-11
-233.4975,0.44429530273819606,174.03830124553903,290.76921845132404,1.604362743684978,True,1.0,100.0,-233.4975,-9.039429733979486e-21,1947,2.2469699711979985e-11
-232.9975,0.4442960665498311,173.81615367227505,290.26911826367024,1.6043442469845193,True,1.0,99.99999999999999,-232.9975,3.282252670610414e-21,1942,2.2149823641903765e-11
-232.4975,0.44429685957031184,173.59400570931908,289.76901765346884,1.604325032756434,True,1.0,100.0,-232.4975,3.785178483042655e-21,1938,2.2751231454343213e-11
-231.9975,0.44429768228024047,173.3718573420132,289.26891671682574,1.6043053472739213,True,1.0,100.0,-231.9975,1.0918784085699965e-20,1937,2.2444449077063666e-11
-231.4975,0.4442985351465674,173.1497085553736,288.7688155547413,1.6042858698386415,True,1.0,100.0,-231.4975,-8.457094582742155e-21,1933,2.2136542598971687e-11
-230.9975,0.4442994186215662,172.92755933417823,288.26871427324227,1.6042657226863772,True,1.0,100.0,-230.9975,1.954793223585315e-20,1929,2.2684146228080238e-11
-230.4975,0.4443003331412483,172.70540966306478,287.7686129835539,1.6042450568524822,True,1.0,100.0,-230.4975,1.6292149344844433e-20,1927,2.2384753772808352e-11
-229.9975,0.4443012791240749,172.48325952638422,287.2685118021483,1.604224706938516,True,1.0,99.99999999999999,-229.9975,5.955700410381799e-22,1924,2.2083952722073974e-11
-229.4975,0.4443022569696088,172.26110890830154,286.76841085088245,1.6042037428026774,True,1.0,100.0,-229.4975,-5.43953970814871e-21,1920,2.1778710779241095e-11
-228.9975,0.44430326705683215,172.0389577927601,286.26831025710493,1.6041821925880453,True,1.0,100.0,-228.9975,-6.855672916839493e-21,1918,2.2291724022238668e-11
-228.4975,0.4443043097426922,171.81680616360845,285.76821015382524,1.6041610301922395,True,1.0,100.0,-228.4975,-3.494010907423989e-21,1914,2.199873616604009e-11
-227.9975,0.44430538536061376,171.59465400443338,285.2681106797287,1.6041393879486763,True,1.0,100.0,-227.9975,-1.1090837653110995e-20,1910,2.1701120067607604e-11
-227.4975,0.44430649421866286,171.37250129868775,284.76801197934986,1.6041172267512054,True,1.0,100.0,-227.4975,-1.3645171384674745e-20,1908,2.1409610195810558e-11
-226.9975,0.4443076365979425,171.15034802966042,284.2679142031685,1.604095176725281,True,1.0,100.0,-226.9975,-2.3690452743518713e-21,1904,2.1882266831863006e-11
-226.4975,0.4443088127509348,170.92819418057925,283.7678175077332,1.6040730203419338,True,1.0,100.0,-226.4975,1.0720260738687239e-21,1900,2.159263740031392e-11
-225.9975,0.4443100228994982,170.7060397344643,283.26772205571893,1.604050421660301,True,1.0,100.0,-225.9975,6.749793798432706e-22,1897,2.1313152631652343e-11
-225.4975,0.44431126723324077,170.48388467426818,282.7676280160743,1.6040275548368874,True,1.0,100.0,-225.4975,-1.367164116427644e-20,1892,2.173595331500522e-11
-224.9975,0.4443125459074161,170.26172898287678,282.26753556410966,1.604005075526553,True,1.0,100.00000000000001,-224.9975,5.836586402174163e-21,1890,2.1454678311716435e-11
-224.4975,0.44431385904104886,170.03957264307783,281.767444881584,1.6039822408756406,True,1.0,100.0,-224.4975,-1.8396496823179335e-21,1885,2.117780256716273e-11
-223.9975,0.4443152067150111,169.81741563759255,281.2673561567966,1.6039590907782064,True,1.0,100.0,-223.9975,1.1037898093907601e-20,1883,2.156132911101949e-11
-223.4975,0.44431658896977416,169.59525794919446,280.7672695847263,1.603936068285749,True,1.0,100.0,-223.4975,-7.186545161860704e-21,1880,2.1289019158654554e-11
-222.9975,0.4443180058033859,169.37309956056424,280.2671853670494,1.6039132293325202,True,1.0,100.0,-222.9975,-6.617444900424221e-22,1875,2.102051172014896e-11
-222.4975,0.4443194571693769,169.1509404544195,279.76710371226267,1.6038901770849092,True,1.0,99.99999999999999,-222.4975,5.69100261436483e-22,1874,2.0751789175932345e-11
-221.9975,0.4443209429743332,168.92878061349742,279.26702483576696,1.603866957059775,True,1.0,100.00000000000001,-221.9975,-1.1779051922755114e-20,1868,2.1101516367583173e-11
-221.4975,0.4443224630758435,168.7066200206575,278.7669489599412,1.6038440191602317,True,1.0,100.0,-221.4975,1.2308447514789052e-21,1866,2.0837422065600464e-11
-220.9975,0.4443240172799719,168.48445865877136,278.26687631419344,1.6038213407334008,True,1.0,100.0,-220.9975,2.660212849970537e-21,1864,2.0577220483097847e-11
-220.4975,0.44432560533895504,168.2622965108292,277.7668071350551,1.6037986132297328,True,1.0,100.0,-220.4975,1.376428539288238e-21,1859,2.0885036755569075e-11
-219.9975,0.44432722694884014,168.0401335600221,277.2667416662352,1.6037758882709126,True,1.0,100.0,-219.9975,-1.0429093163068573e-20,1856,2.0630282204781025e-11
-219.4975,0.44432888174681834,167.8179697896396,276.7666801586663,1.6037533416039766,True,1.0,100.0,-219.4975,-6.154223757394526e-21,1853,2.0378337906024058e-11
-218.9975,0.44433056930888715,167.59580518316537,276.2666228705586,1.6037314305458026,True,1.0,100.0,-218.9975,6.485096002415737e-22,1849,2.064602655504899e-11
-218.4975,0.4443322891470792,167.3736397244033,275.76657006747905,1.6037096585459376,True,1.0,100.0,-218.4975,1.1137159767413965e-20,1846,2.040071583886416e-11
-217.9975,0.44433404070690646,167.15147339729575,275.26652202232685,1.6036880837605036,True,1.0,100.0,-217.9975,-2.421984833555265e-21,1841,2.015793088006035e-11
-217.4975,0.44433582336474353,166.92930618614773,274.7664790154168,1.603666766114386,True,1.0,100.0,-217.4975,2.4749243927586588e-21,1839,1.9913910798141643e-11
-216.9975,0.444337636424942,166.70713807556407,274.26644133449327,1.6036458625240506,True,1.0,99.99999999999999,-216.9975,-1.0124690697649059e-21,1835,2.015065198035515e-11
-216.4975,0.4443394791171273,166.48496905057547,273.766409274743,1.603625771338461,True,1.0,100.0,-216.4975,2.455072058057386e-21,1831,1.9917088811549633e-11
-215.9975,0.4443413505934446,166.26279909655273,273.2663831387995,1.6036060978859665,True,1.0,100.0,-215.9975,-4.1689902872672595e-21,1828,1.967827983895276e-11
-215.4975,0.4443432499255296,166.04062819930834,272.7663632367523,1.6035869090876267,True,1.0,100.0,-215.4975,2.2830184906463564e-21,1823,1.988568337774055e-11
-214.9975,0.444345176101773,165.81845634521284,272.26634988615285,1.6035682737397843,True,1.0,100.00000000000001,-214.9975,1.4081922748102743e-20,1821,1.965780316304233e-11
-214.4975,0.44434712802422155,165.59628352109092,271.76634341197644,1.6035502625319116,True,1.0,100.0,-214.4975,3.0969642133985356e-21,1817,1.9428091080353482e-11
-213.9975,0.44434910450565746,165.37410971434443,271.26634414661294,1.6035329480624778,True,1.0,100.0,-213.9975,1.04092408283673e-20,1812,1.959606782397927e-11
-213.4975,0.4443511042666386,165.15193491304493,270.7663524298251,1.603516680244762,True,1.0,100.0,-213.4975,-2.33595804984975e-21,1809,1.9381586613409496e-11
-212.9975,0.44435312593228865,164.92975910587842,270.26636860872185,1.603501315606062,True,1.0,100.00000000000001,-212.9975,3.143286327701505e-21,1806,1.9164565767670894e-11
-212.4975,0.4443551680293847,164.70758228223428,269.766393037681,1.603486844663973,True,1.0,100.0,-212.4975,6.657149569826767e-21,1801,1.9295183506518043e-11
-211.9975,0.4443572289830885,164.48540443232835,269.2664260782971,1.603473347464729,True,1.0,100.0,-211.9975,-9.132073962585426e-22,1799,1.9086877911522748e-11
-211.4975,0.4443593071138672,164.26322554714002,268.7664680993109,1.6034609059959168,True,1.0,99.99999999999999,-211.4975,9.31074497489688e-21,1794,1.8882638508355143e-11
-210.9975,0.44436140063438895,164.04104561847703,268.2665194765065,1.6034496041392297,True,1.0,100.0,-210.9975,-5.671150279663558e-21,1791,1.8980837734883238e-11
-210.4975,0.44436350764619026,163.81886463916956,267.76658059262377,1.6034395278548934,True,1.0,100.0,-210.4975,9.26442286059391e-23,1787,1.8785660527154135e-11
-209.9975,0.4443656261366381,163.59668260294876,267.26665183724594,1.6034307649331947,True,1.0,100.0,-209.9975,-8.562973701148942e-21,1784,1.8584342398320075e-11
-209.4975,0.4443677539755651,163.37449950458196,266.76673360667206,1.6034234052026792,True,1.0,100.0,-209.4975,4.235164736271502e-22,1781,1.865511911613993e-11
-208.9975,0.44436988891209855,163.15231533999733,266.266826303778,1.6034175404287723,True,1.0,100.0,-208.9975,-6.452008777913616e-21,1775,1.846989228226903e-11
-208.4975,0.4443720285714989,162.93013010621235,265.76693033786665,1.6034132642477525,True,1.0,100.0,-208.4975,-1.1911400820763599e-21,1772,1.8277997171356475e-11
-207.9975,0.4443741704517601,162.70794380146677,265.2670461245085,1.6034106723346273,True,1.0,100.0,-207.9975,-2.6469779601696886e-21,1767,1.832027585191298e-11
-207.4975,0.444376311920545,162.4857564253405,264.7671740853356,1.6034098621495976,True,1.0,100.00000000000001,-207.4975,-1.5617169965001163e-21,1765,1.81439585578147e-11
-206.9975,0.44437845021180467,162.2635679787098,264.26731464789077,1.603410933119149,True,1.0,100.0,-206.9975,-1.1236421440920328e-20,1762,1.7961500342611458e-11
-206.4975,0.4443805824226235,162.04137846386266,263.76746824538395,1.6034139865299197,True,1.0,100.0,-206.4975,9.787201007727423e-21,1757,1.7976765909200054e-11
-205.9975,0.4443827055100604,161.81918788463307,263.26763531645764,1.6034191254414545,True,1.0,100.0,-205.9975,8.536503921547246e-22,1754,1.780735281453616e-11
-205.4975,0.44438481628782933,161.5969962463523,262.76781630497834,1.60342645483586,True,1.0,100.0,-205.4975,-5.6049758306593155e-21,1751,1.7639764648968992e-11
-204.9975,0.4443869114232779,161.3748035560033,262.2680116597701,1.6034360813561803,True,1.0,100.00000000000001,-204.9975,7.676236084492097e-22,1746,1.7626934634140667e-11
-204.4975,0.4443889874341115,161.15260982227673,261.7682218342857,1.6034481134584606,True,1.0,100.00000000000001,-204.4975,-1.2235655620884385e-20,1741,1.7469872770625727e-11
-203.9975,0.44439104068543067,160.9304150556158,261.26844728639975,1.6034626612978802,True,1.0,100.0,-203.9975,8.139457227521792e-21,1738,1.7416269815218044e-11
-203.4975,0.44439306738654577,160.70821926837883,260.7686884780133,1.6034798366186567,True,1.0,100.0,-203.4975,7.345363839470886e-22,1734,1.727006732066272e-11
-202.9975,0.444395063588017,160.48602247480153,260.2689458747862,1.603499759221267,True,1.0,100.0,-202.9975,5.287338475438953e-21,1731,1.7124468509877033e-11
-202.4975,0.4443970251787387,160.2638246911409,259.76921994576827,1.6035229464485135,True,1.0,100.0,-202.4975,1.1143777212314389e-20,1727,1.7049320288897718e-11
-201.9975,0.44439894788292206,160.04162593579977,259.26951116299017,1.6035491444841357,True,1.0,100.0,-201.9975,9.105604182983729e-21,1723,1.6915017997387594e-11
-201.4975,0.44440082725738506,159.8194262293061,258.7698200011413,1.603578471356251,True,1.0,100.0,-201.4975,9.396771758602394e-22,1720,1.6773353539445424e-11
-200.9975,0.4444026586886687,159.597225594457,258.27014693713204,1.6036110465579445,True,1.0,100.00000000000001,-200.9975,1.0038663913943544e-20,1714,1.667876253774736e-11
-200.4975,0.44440443739040414,159.37502405644227,257.7704924496281,1.6036471636243605,True,1.0,100.0,-200.4975,-6.815968247436948e-22,1711,1.6555500026438352e-11
-199.9975,0.44440615840074826,159.15282164284858,257.27085701867617,1.6036872281282286,True,1.0,100.0,-199.9975,-2.455072058057386e-21,1708,1.6422634085966337e-11
-199.4975,0.4444078165797634,158.9306183837808,256.77124112518845,1.603730945695368,True,1.0,100.0,-199.4975,9.628382330117242e-21,1702,1.631306895122364e-11
-198.9975,0.44440940660714884,158.708414312027,256.2716452504254,1.6037784405813613,True,1.0,100.0,-198.9975,-3.050642099095566e-21,1698,1.619377548722767e-11
-198.4975,0.4444109229797866,158.48620946296677,255.77206987554865,1.6038305794445198,True,1.0,99.99999999999999,-198.4975,1.7443584757518248e-20,1692,1.604904403817997e-11
-197.9975,0.4444123600097057,158.26400387488982,255.27251548100503,1.603886810759519,True,1.0,99.99999999999999,-197.9975,-3.0572595439959903e-21,1690,1.5945585130072715e-11
-197.4975,0.44441371182187983,158.04179758891502,254.77298254605594,1.603947515183828,True,1.0,100.0,-197.4975,-3.136668882801081e-21,1686,1.5837095523885125e-11
-196.9975,0.4444149723524295,157.81959064914176,254.2734715481406,1.604013165277764,True,1.0,100.0,-196.9975,5.7373247286678e-21,1682,1.5675613584953396e-11
-196.4975,0.4444161353467301,157.59738310279988,253.77398296224052,1.6040833833046184,True,1.0,100.0,-196.4975,3.10358165829896e-21,1678,1.5578489886980407e-11
-195.9975,0.4444171943578101,157.37517500022867,253.27451726034977,1.6041591375412902,True,1.0,100.0,-195.9975,-6.6174449004242214e-21,1673,1.5387385809972898e-11
-195.4975,0.44441814274492897,157.15296639510493,252.7750749106974,1.6042398153765367,True,1.0,100.00000000000001,-195.4975,2.7330047438752034e-21,1670,1.5304216227640666e-11
-194.9975,0.44441897367214966,156.9307573444238,252.27565637718533,1.6043263591971861,True,1.0,100.0,-194.9975,-5.882908516477133e-21,1667,1.5218937221561646e-11
-194.4975,0.4444196801073274,156.7085479086528,251.77626211864077,1.6044184374498185,True,1.0,100.0,-194.4975,-7.126988157756886e-21,1663,1.5014885168529446e-11
-193.9975,0.4444202548210522,156.48633815186798,251.2768925880323,1.6045164531215128,True,1.0,100.0,-193.9975,4.7380905487037425e-21,1658,1.4941541059965147e-11
-193.4975,0.4444206903859977,156.26412814174657,250.77754823184338,1.604620862699139,True,1.0,100.0,-193.4975,3.3087224502121107e-23,1655,1.4708484430414615e-11
-192.9975,0.4444209791762788,156.04191794980858,250.27822948916003,1.6047315280091032,True,1.0,100.0,-192.9975,8.973255284975244e-21,1649,1.464892790403738e-11
-192.4975,0.4444211133672205,155.81970765134312,249.77893679097633,1.6048487630743509,True,1.0,100.0,-192.4975,-1.3896634290890865e-21,1645,1.458055898240218e-11
-191.9975,0.44442108493516236,155.59749732564643,249.27967055934053,1.6049731233738371,True,1.0,100.00000000000001,-191.9975,-9.754113783225302e-21,1642,1.434199980998585e-11
-191.4975,0.4444208856576434,155.37528705611103,248.7804312064329,1.6051046518493588,True,1.0,100.0,-191.4975,-4.446922973085077e-21,1638,1.4289153194013693e-11
-190.9975,0.44442050711380304,155.1530769302252,248.28121913381537,1.6052435693278937,True,1.0,99.99999999999999,-190.9975,-5.56527116125677e-21,1634,1.4023185390676929e-11
-190.4975,0.4444199406849475,154.9308670397989,247.78203473137683,1.6053901702587958,True,1.0,100.0,-190.4975,1.1798904257456387e-20,1629,1.3983841862241775e-11
-189.9975,0.4444191775555436,154.70865748095528,247.28287837654304,1.6055447425005733,True,1.0,100.0,-189.9975,1.1487884347136448e-20,1626,1.3935269604914424e-11
-189.4975,0.4444182087143085,154.48644835427493,246.78375043325855,1.6057075667618084,True,1.0,100.0,-189.4975,-2.1440521477374477e-21,1621,1.3667421361329701e-11
-188.9975,0.4444170249557966,154.2642397649367,246.28465125093888,1.6058789160187772,True,1.0,100.0,-188.9975,-6.074814418589435e-21,1617,1.3632039941313678e-11
-188.4975,0.4444156168820589,154.04203182271166,245.7855811636131,1.6060590713876424,True,1.0,100.0,-188.4975,-3.3034284942917713e-20,1612,1.3359126305179103e-11
-187.9975,0.44441397490485385,153.8198246421764,245.2865404887081,1.6062486299100158,True,1.0,100.0,-187.9975,-8.787966827763366e-21,1608,1.3320435032770916e-11
-187.4975,0.4444120892479474,153.59761834270404,244.78752952618206,1.6064475565351322,True,1.0,100.0,-187.4975,2.3399285167900047e-20,1601,1.305620195291013e-11
-186.9975,0.44440994994997873,153.37541304861608,244.28854855721565,1.6066561678660956,True,1.0,100.0,-186.9975,-7.252719610864947e-21,1598,1.3026912881741737e-11
-186.4975,0.4444075468674465,153.1532088892622,243.78959784330522,1.6068751501369785,True,1.0,100.0,-186.4975,2.0805246766933752e-20,1594,1.299237800678199e-11
-185.9975,0.4444048696782728,152.93100599909425,243.29067762502137,1.6071044562181507,True,1.0,100.0,-185.9975,3.674005408715528e-20,1590,1.2726639186944055e-11
-185.4975,0.44440190788555994,152.70880451781025,242.79178812077785,1.6073446291229345,True,1.0,100.0,-185.4975,-6.193928426797071e-21,1586,1.2702248974871821e-11
-184.9975,0.444398650821831,152.48660459034426,242.29292952580658,1.6075961095083757,True,1.0,100.0,-184.9975,-1.6252444675441888e-20,1582,1.2435462382054396e-11
-184.4975,0.44439508765363334,152.26440636706153,241.7941020107394,1.6078591235110284,True,1.0,100.0,-184.4975,2.2552252220645747e-20,1578,1.2408074567815675e-11
-183.9975,0.44439120738661225,152.04221000372718,241.29530572055808,1.6081340834089852,True,1.0,100.0,-183.9975,3.3881317890172014e-20,1573,1.214995465348423e-11
-183.4975,0.44438699887083377,151.8200156616992,240.79654077312378,1.6084213621732435,True,1.0,99.99999999999999,-183.4975,-4.658681209898652e-21,1570,1.213468214800173e-11
-182.9975,0.4443824508067952,151.59782350789436,240.29780725808388,1.6087215120181273,True,1.0,100.00000000000001,-182.9975,-1.1117307432712692e-20,1566,1.1867486160443974e-11
-182.4975,0.4443775517516237,151.37563371496785,239.79910523533047,1.6090347946812995,True,1.0,100.0,-182.4975,2.064642808932357e-20,1562,1.1851200576451504e-11
-181.9975,0.4443722901258874,151.15344646127875,239.3004347338778,1.609361723734252,True,1.0,99.99999999999999,-181.9975,3.1763735522036263e-22,1557,1.1595412130471772e-11
-181.4975,0.44436665422092525,150.9312619310733,238.80179575024897,1.609702668444016,True,1.0,99.99999999999999,-181.4975,3.705769144237564e-21,1552,1.1580195136140503e-11
-180.9975,0.444360632206419,150.70908031438938,238.3031882473099,1.6100581134406762,True,1.0,100.0,-180.9975,1.6040686438628313e-20,1548,1.1318390669146083e-11
-180.4975,0.44435421213879295,150.48690180730182,237.8046121526098,1.610428443696947,True,1.0,100.0,-180.4975,-3.282252670610414e-21,1544,1.1313477932262117e-11
-179.9975,0.4443473819697962,150.26472661182015,237.30606735717464,1.6108143038357985,True,1.0,100.0,-179.9975,-1.4346620544119712e-20,1539,1.1055559245853885e-11
-179.4975,0.44434012955585156,150.04255493605254,236.80755371377398,1.6112159787151044,True,1.0,100.00000000000001,-179.4975,2.4193378555950953e-20,1535,1.1046566439354422e-11
-178.9975,0.4443324426678613,149.82038699414824,236.30907103567472,1.6116340641401736,True,1.0,100.0,-178.9975,8.364450354136216e-21,1532,1.0793296811861808e-11
-178.4975,0.4443243090014885,149.5982230064428,235.8106190948623,1.6120688978563844,True,1.0,100.0,-178.4975,1.4399560103323106e-20,1528,1.0791291471523579e-11
-177.9975,0.4443157161880863,149.37606319939053,235.31219762075398,1.6125209433236156,True,1.0,100.0,-177.9975,-2.244637310223896e-20,1523,1.0536543859629433e-11
-177.4975,0.4443066518062597,149.15390780569064,234.81380629834678,1.6129904826374803,True,1.0,100.0,-177.4975,-5.2833680084986984e-20,1521,1.0535114447485228e-11
-176.9975,0.44429710339380024,148.93175706421707,234.31544476690925,1.6134775801951509,True,1.0,100.0,-176.9975,3.39871970085788e-20,1517,1.0289984142541897e-11
-176.4975,0.4442870584605329,148.70961122013065,233.81711261806907,1.613981643395258,True,1.0,100.0,-176.4975,1.2176098616780567e-21,1516,1.0290282514979765e-11
-175.9975,0.44427650450146494,148.48747052480726,233.31880939446478,1.6145003408766192,True,1.0,100.0,-175.9975,-2.3081647812679684e-20,1511,1.0037540243423848e-11
-175.4975,0.444265429010805,148.2653352358811,232.8205345877699,1.6150285800825124,True,1.0,100.0,-175.4975,-1.2652554649611111e-20,1509,1.0048531451367637e-11
-174.9975,0.44425381949655923,148.0432056172305,232.3222876373178,1.6155609206554364,True,1.0,100.0,-174.9975,6.1409888675936775e-21,1506,9.801603972903195e-12
-174.4975,0.44424166349570404,147.82108193900845,231.8240679280852,1.6160945609838009,True,1.0,100.00000000000001,-174.4975,5.717472393966527e-21,1504,9.805704859200404e-12
-173.9975,0.4442289485901961,147.5989644775409,231.3258747892496,1.6166283378814523,True,1.0,100.0,-173.9975,-5.61159327555974e-21,1500,9.566257508364373e-12
-173.4975,0.4442156624235187,147.37685351539184,230.82770749213893,1.6171617207475122,True,1.0,100.0,-173.4975,1.9164120431628545e-20,1499,9.576110737707921e-12
-172.9975,0.4442017927180272,147.15474934124325,230.32956524875516,1.6176943075328827,True,1.0,100.0,-172.9975,-1.4240741425712924e-20,1495,9.333443740100478e-12
-172.4975,0.44418732729305815,146.93265224993416,229.8314472096586,1.6182258362635973,True,1.0,100.0,-172.4975,2.6893296075324036e-20,1494,9.346863560910634e-12
-171.9975,0.4441722540836271,146.71056254232292,229.3333524624675,1.6187560629222932,True,1.0,100.0,-171.9975,3.970466940254533e-21,1491,9.110573406800881e-12
-171.4975,0.4441565611600366,146.48848052531176,228.83528002969362,1.6192848342712431,True,1.0,100.0,-171.4975,1.657008203066225e-20,1489,9.122737287814431e-12
-170.9975,0.4441402367482172,146.26640651168373,228.33722886719147,1.619811802296082,True,1.0,100.00000000000001,-170.9975,-1.921705999083194e-20,1485,8.888792479844199e-12
-170.4975,0.44412326925078294,146.04434082011483,227.83919786200664,1.6203369169453432,True,1.0,100.0,-170.4975,1.921705999083194e-20,1481,8.657116690180544e-12
-169.9975,0.44410564726903595,145.82228377498598,227.34118583055408,1.6208598266313152,True,1.0,100.0,-169.9975,-2.97520322723073e-20,1479,8.674019835730462e-12
-169.4975,0.4440873596256481,145.60023570633527,226.84319151686174,1.6213803356131098,True,1.0,100.0,-169.4975,-1.0482032722271967e-20,1477,8.440984022861642e-12
-168.9975,0.44406839538830295,145.37819694975772,226.34521359029551,1.6218983476504427,True,1.0,99.99999999999999,-168.9975,-1.7205356741102976e-20,1475,8.465832201931534e-12
-168.4975,0.44404874389419213,145.15616784620354,225.84725064393768,1.6224135045777002,True,1.0,100.00000000000001,-168.4975,5.293955920339377e-23,1473,8.235460924321814e-12
-167.9975,0.4440283947753126,144.93414874191558,225.34930119229983,1.6229255848509883,True,1.0,100.0,-167.9975,-1.6517142471458857e-20,1471,8.004860663213265e-12
-167.4975,0.4440073379847612,144.71213998824103,224.85136366943246,1.623434421965394,True,1.0,100.00000000000001,-167.4975,1.0587911840678754e-21,1469,8.034767295939105e-12
-166.9975,0.44398556382396076,144.49014194143155,224.353436427035,1.6239398341724658,True,1.0,100.0,-166.9975,-1.7734752333136913e-20,1467,7.808469149050978e-12
-166.4975,0.4439630629707304,144.26815496253897,223.8555177320854,1.624441485665986,True,1.0,99.99999999999999,-166.4975,-2.006409293808624e-20,1465,7.833816928481951e-12
-165.9975,0.44393982650848773,144.04617941713258,223.3576057651295,1.6249391373899154,True,1.0,100.0,-165.9975,-1.8687664398798e-20,1463,7.615567898522357e-12
-165.4975,0.4439158459562918,143.82421567516457,222.85969861786984,1.6254325457965537,True,1.0,100.0,-165.4975,-5.770411953169921e-21,1461,7.39393962723156e-12
-164.9975,0.44389111330000924,143.60226411072577,222.36179429118542,1.625921462804889,True,1.0,100.0,-164.9975,3.520480687025686e-20,1458,7.42258338126689e-12
-164.4975,0.4438656210245366,143.3803251017175,221.8638906931291,1.6264057134661385,True,1.0,100.0,-164.4975,2.0752307207730358e-20,1456,7.208962593541202e-12
-163.9975,0.4438393621469895,143.1583990297401,221.36598563650733,1.6268850231066052,True,1.0,99.99999999999999,-163.9975,-3.970466940254533e-21,1454,6.9926564538747016e-12
-163.4975,0.4438123302510966,142.93648627973093,220.8680768368238,1.6273590697621152,True,1.0,100.0,-163.4975,2.1228763240560902e-20,1452,7.024054948789882e-12
-162.9975,0.4437845195227271,142.71458723965546,220.3701619102398,1.62782758569855,True,1.0,100.0,-162.9975,1.911118087242515e-20,1450,6.815610575916509e-12
-162.4975,0.44375592478646814,142.49270230025888,219.8722383710516,1.6282902981441667,True,1.0,100.0,-162.4975,-2.2896359355467806e-20,1448,6.605049840402444e-12
-161.9975,0.44372654154349994,142.27083185470656,219.37430362959324,1.628746929215376,True,1.0,100.0,-161.9975,1.3896634290890865e-20,1446,6.638627148003451e-12
-161.4975,0.4436963660107004,142.0489762982051,218.87635499013194,1.6291971959452896,True,1.0,100.0,-161.4975,-2.7422691667357973e-20,1444,6.4358865459190895e-12
-160.9975,0.4436653951608877,141.8271360276961,218.3783896482685,1.629640809924995,True,1.0,100.0,-160.9975,3.3881317890172014e-21,1442,6.2316124482819646e-12
-160.4975,0.44363362676446894,141.60531144143658,217.880404688779,1.6300774774493523,True,1.0,99.99999999999999,-160.4975,-2.1281702799764296e-20,1440,6.266730190329639e-12
-159.9975,0.4436010594324217,141.3835029385615,217.38239708344733,1.6305068992239682,True,1.0,100.00000000000001,-159.9975,4.3807485240808346e-20,1437,6.0700611204111965e-12
-159.4975,0.44356769266051965,141.1617109187202,216.88436368839106,1.6309287702577906,True,1.0,100.0,-159.4975,-3.970466940254533e-21,1434,5.8724483609218225e-12
-158.9975,0.4435335268750908,140.93993578153805,216.3863012418811,1.6313427798718612,True,1.0,100.0,-158.9975,-2.5702155993247676e-20,1431,5.676813186195062e-12
-158.4975,0.4434985634801783,140.71817792623085,215.88820636184766,1.6317486113116966,True,1.0,100.00000000000001,-158.4975,2.5093351062408648e-20,1430,5.718286955058716e-12
-157.9975,0.44346280490618634,140.49643775101833,215.3900755436744,1.6321459418616466,True,1.0,100.0,-157.9975,1.1329065669526267e-20,1428,5.527654722836672e-12
-157.4975,0.4434262546600321,140.2747156526657,214.8919051574055,1.6325344425300847,True,1.0,100.0,-157.4975,2.0752307207730358e-20,1425,5.3396870258737295e-12
-156.9975,0.4433889173769602,140.0530120258939,214.3936914454962,1.6329137779040341,True,1.0,100.0,-156.9975,-2.226108464502708e-20,1423,5.159567217916106e-12
-156.4975,0.44335079887388545,139.8313272628236,213.89543052020295,1.6332836061319727,True,1.0,100.0,-156.4975,2.88785295454513e-20,1422,5.197113572830148e-12
-155.9975,0.4433119062045255,139.60966175233298,213.39711836129536,1.6336435785040657,True,1.0,99.99999999999999,-155.9975,4.724855658902894e-20,1419,5.017125603856698e-12
-155.4975,0.4432722477161688,139.38801587947793,212.89875081315049,1.6339933395285973,True,1.0,100.00000000000001,-155.4975,2.4881592825595072e-20,1417,4.844728784814123e-12
-154.9975,0.4432318331082783,139.16639002479744,212.4003235824211,1.6343325265909447,True,1.0,100.0,-154.9975,-2.4193378555950953e-20,1415,4.817785062987577e-12
-154.4975,0.44319067349294483,138.9447845636427,211.9018322353813,1.634660769764767,True,1.0,100.00000000000001,-154.4975,5.532183936754649e-21,1411,4.928196739255618e-12
-153.9975,0.44314878145724623,138.72319986541262,211.40327219522825,1.6349776917634782,True,1.0,100.0,-153.9975,-1.6596551810263947e-20,1409,4.798744750769523e-12
-153.4975,0.4431061711275455,138.5016362928419,210.9046387397036,1.6352829074842485,True,1.0,100.0,-153.4975,-4.129285617864714e-21,1407,4.865219356138944e-12
-152.9975,0.4430628582358374,138.2800942012186,210.4059269980476,1.6355760240388817,True,1.0,100.00000000000001,-152.9975,1.4055452968501046e-20,1404,4.925893010270055e-12
-152.4975,0.44301886018821557,138.05857393753845,209.9071319485473,1.6358566403832793,True,1.0,100.0,-152.4975,1.5352472168984194e-21,1402,4.982431133983722e-12
-151.9975,0.44297419613545547,137.83707583966225,209.40824841576642,1.6361243470793976,True,1.0,100.0,-151.9975,1.3023131564034868e-20,1400,5.033529143941354e-12
-151.4975,0.44292888704586997,137.61560023543234,208.9092710677449,1.6363787262082663,True,1.0,100.0,-151.4975,-2.1308172579365993e-20,1398,4.909045370786006e-12
-150.9975,0.4428829557805011,137.39414744171026,208.41019441348388,1.6366193508752986,True,1.0,100.0,-150.9975,3.9148804030909694e-20,1396,4.956951525681421e-12
-150.4975,0.4428364271706105,137.1727177634643,207.91101279980512,1.636845785187905,True,1.0,100.0,-150.4975,2.4113969217145863e-20,1394,4.999306516349171e-12
-149.9975,0.4427893280977312,136.95131149272908,207.41172040879735,1.6370575838504184,True,1.0,100.0,-149.9975,-2.276401045745932e-21,1392,5.035971653164498e-12
-149.4975,0.442741687576214,136.72992890756893,206.91231125494429,1.6372542918726842,True,1.0,100.0,-149.4975,2.760798012456985e-20,1389,5.065808888406858e-12
-148.9975,0.44269353683843554,136.5085702710093,206.41277918223895,1.6374357476779693,True,1.0,100.0,-148.9975,3.695181232396885e-20,1387,4.9899806497275786e-12
-148.4975,0.44264490942268037,136.28723582982656,205.91311786157448,1.6376012610755641,True,1.0,100.0,-148.4975,2.2499312661442353e-20,1385,5.0174586801372496e-12
-147.9975,0.4425958412638703,136.0659258134939,205.41332078755477,1.6377502993419497,True,1.0,100.0,-147.9975,3.255782891008717e-21,1382,5.038108830163362e-12
-147.4975,0.4425463707871859,135.8446404328772,204.91338127586545,1.6378823677649077,True,1.0,100.0,-147.4975,-4.6269174743766156e-20,1379,5.0548176693410526e-12
-146.9975,0.442496539004624,135.6233798789868,204.4132924603594,1.6379969605802425,True,1.0,100.0,-146.9975,-1.844943638238273e-20,1377,5.0986992405910314e-12
-146.4975,0.4424463896147368,135.40214432166906,203.9130472901489,1.6380935603926474,True,1.0,99.99999999999999,-146.4975,1.1461414567534751e-20,1375,4.9619197496102596e-12
-145.9975,0.44239596910541706,135.1809339082022,203.4126385269769,1.6381716723685666,True,1.0,100.0,-145.9975,4.24839962607235e-20,1373,5.1965931557873546e-12
-145.4975,0.44234532686010264,134.9597487619272,202.91205874204067,1.6382312840065856,True,1.0,100.0,-145.4975,2.4087499437544166e-20,1370,5.493674959389239e-12
-144.9975,0.44229451526724645,134.7385889807356,202.41130031339713,1.6382713304091368,True,1.0,100.00000000000001,-144.9975,-2.1440521477374477e-20,1368,5.768760469315737e-12
-144.4975,0.44224358983333517,134.51745463556085,201.91035542305548,1.6382912465799382,True,1.0,100.00000000000001,-144.4975,1.9481757786848908e-20,1366,5.581216044880932e-12
-143.9975,0.44219260929934984,134.29634576875375,201.40921605442452,1.6382904542726533,True,1.0,100.0,-143.9975,-1.7364175418713157e-20,1364,5.8487381604521715e-12
-143.4975,0.4421416357611399,134.07526239249748,200.90787398926855,1.6382683614658902,True,1.0,100.00000000000001,-143.4975,6.088049308390284e-22,1360,6.094777460496914e-12
-142.9975,0.4420907347933231,133.85420448701944,200.40632080522965,1.6382251195179671,True,1.0,100.0,-142.9975,1.572304908340795e-20,1357,6.314754275038581e-12
-142.4975,0.44203997557726016,133.63317199890574,199.90454787312896,1.6381594634115122,True,1.0,100.0,-142.4975,2.0196441836094724e-20,1356,6.163874965992022e-12
-141.9975,0.4419894310327108,133.4121648391885,199.40254635460903,1.6380707083985413,True,1.0,99.99999999999999,-141.9975,-1.0137925587449907e-20,1354,6.376815742115127e-12
-141.4975,0.4419391779539918,133.19118288150008,198.90030719936797,1.6379582053197572,True,1.0,100.0,-141.4975,-7.358598729271734e-21,1352,6.5650540559403225e-12
-140.9975,0.4418892971642983,132.97022596006985,198.39782114252196,1.637821957291552,True,1.0,100.0,-140.9975,-2.541098841762901e-20,1348,9.009196166864797e-12
-140.4975,0.4418398736023165,132.74929386769747,197.89507870418086,1.6376610157827527,True,1.0,100.00000000000001,-140.4975,2.3161057151484775e-20,1347,8.873721202284912e-12
-139.9975,0.44179099656916765,132.52838635360425,197.392070184239,1.6374743540481655,True,1.0,99.99999999999999,-139.9975,1.1673172804348327e-20,1343,1.0851305964898472e-11
-139.4975,0.44174275977693817,132.3075031212903,196.88878566361396,1.6372612585227202,True,1.0,100.00000000000001,-139.4975,8.735027268559972e-21,1340,1.0939360528539055e-11
-138.9975,0.44169526159085526,132.0866438262374,196.38521499977404,1.6370221363814386,True,1.0,100.00000000000001,-138.9975,-5.479244377551255e-21,1339,1.0807854611272205e-11
-138.4975,0.4416486051533087,131.86580807354147,195.88134782652713,1.6367552617109173,True,1.0,100.0,-138.4975,5.929230630780102e-21,1336,1.3515882857362271e-11
-137.9975,0.4416028985255806,131.64499541553522,195.377173553226,1.6364597847204585,True,1.0,100.0,-137.9975,-3.679299364635867e-21,1333,1.3479564686669221e-11
-137.4975,0.44155825491431516,131.42420534920024,194.87268136195112,1.636135740375683,True,1.0,100.0,-137.4975,1.0693790959085542e-20,1329,1.3442018331755179e-11
-136.9975,0.44151479281024897,131.20343731364105,194.36786020783646,1.6357821600688962,True,1.0,100.0,-136.9975,-2.2314024204230475e-20,1328,1.3403222975938434e-11
-136.4975,0.44147263618463056,130.982690687324,193.8626988181511,1.6353976471159946,True,1.0,100.00000000000001,-136.4975,-1.852884572118782e-20,1325,1.3428938516746314e-11
-135.9975,0.44143191464956033,130.76196478526185,193.35718569205028,1.634982196894012,True,1.0,99.99999999999999,-135.9975,1.291725244562808e-20,1322,1.3339294946401736e-11
-135.4975,0.44139276367237046,130.54125885655816,192.85130910342988,1.6345349376949168,True,1.0,100.0,-135.4975,2.329340604949326e-21,1322,1.3304010670900368e-11
-134.9975,0.4413553247759382,130.3205720805178,192.345057094757,1.6340542390566917,True,1.0,100.0,-134.9975,-1.7999450129153882e-21,1321,1.3264195297679748e-11
-134.4975,0.4413197457144893,130.09990356451874,191.8384174854715,1.6335404467061856,True,1.0,100.00000000000001,-134.4975,-1.8740603958001395e-20,1318,1.4047443763764988e-11
-133.9975,0.4412861806756659,129.87925234026872,191.33137786974117,1.632992010241706,True,1.0,99.99999999999999,-133.9975,-1.2811373327221293e-20,1317,1.376074254544335e-11
-133.4975,0.44125479049539335,129.6586173611246,190.8239256227271,1.6324075346458984,True,1.0,100.0,-133.4975,1.0270274485458392e-20,1317,1.3883297289574159e-11
-132.9975,0.4412257428909474,129.43799749771242,190.31604789555755,1.6317878673680235,True,1.0,100.00000000000001,-132.9975,4.235164736271502e-21,1313,1.4404172299364859e-11
-132.4975,0.441199212627621,129.21739153532545,189.80773162695243,1.6311301837605825,True,1.0,100.0,-132.4975,2.414043899674756e-20,1312,1.4089993061183748e-11
-131.9975,0.4411753817566705,128.9967981704196,189.29896354733455,1.6304346851966383,True,1.0,99.99999999999999,-131.9975,7.040961374051372e-21,1312,1.421678053059594e-11
-131.4975,0.4411544398597998,128.77621600588154,188.7897301763691,1.6297001332157415,True,1.0,100.00000000000001,-131.4975,1.545835128739098e-20,1310,1.4101303458247116e-11
-130.9975,0.4411365842319216,128.5556435483353,188.28001783825633,1.6289249971238648,True,1.0,100.0,-130.9975,-1.3234889800848443e-21,1308,1.4419299088075377e-11
-130.4975,0.44112202011493584,128.33507920367188,187.7698126650258,1.6281096308511154,True,1.0,100.0,-130.4975,2.3002238473874594e-20,1306,1.4284171068190687e-11
-129.9975,0.4411109609342617,128.11452127312324,187.25910060543845,1.6272510730806289,True,1.0,100.0,-129.9975,-1.921705999083194e-20,1305,1.4209494691996838e-11
-129.4975,0.44110362851226664,127.89396794910148,186.74786743533042,1.626350654056973,True,1.0,99.99999999999999,-129.4975,2.4881592825595072e-21,1303,1.4364301414993008e-11
-128.9975,0.4411002532930151,127.6734173108631,186.23609876786293,1.6254049110371676,True,1.0,100.0,-128.9975,1.5617169965001163e-21,1301,1.3917311747491112e-11
-128.4975,0.44110107454508846,127.45286732073684,185.72378007149914,1.6244147925305885,True,1.0,100.00000000000001,-128.4975,-1.78406314515437e-20,1301,1.4134096670836982e-11
-127.9975,0.44110634062813414,127.23231581838319,185.2108966740797,1.6233774088099056,True,1.0,100.0,-127.9975,6.326277324805556e-21,1292,1.374809988075043e-11
-127.4975,0.44111630915458844,127.01176051751361,184.69743378973396,1.6222932311276506,True,1.0,99.99999999999999,-127.4975,-1.1779051922755114e-20,1283,1.3226447714842493e-11
-126.9975,0.44113124722375047,126.79119900051411,184.1833765319728,1.6211595347098184,True,1.0,99.99999999999999,-126.9975,4.764560328305439e-22,1277,1.27343552369652e-11
-126.4975,0.441151431616295,126.5706287138418,183.66870993529474,1.6199767342070537,True,1.0,99.99999999999999,-126.4975,-1.0746730518288936e-20,1272,1.6227692800629967e-11
-125.9975,0.441177148979752,126.3500469630561,183.15341897828844,1.6187418301031138,True,1.0,100.0,-125.9975,1.7999450129153882e-20,1268,1.5895895710826835e-11
-125.4975,0.4412086960158743,126.12945090793423,182.63748860870538,1.6174556322910907,True,1.0,100.0,-125.4975,3.546950466627383e-21,1264,1.55688864578174e-11
-124.9975,0.4412463796379721,125.90883755733492,182.12090377196267,1.6161144633514732,True,1.0,100.00000000000001,-124.9975,1.3552527156068805e-20,1259,1.524672055275289e-11
-124.4975,0.4412905171242163,125.6882037640957,181.6036494421289,1.6147198118086863,True,1.0,100.0,-124.4975,-1.903177153362006e-20,1255,1.492925921775523e-11
-123.9975,0.44134143624117256,125.46754621975823,181.08571065648883,1.613267708969849,True,1.0,100.0,-123.9975,-1.9058241313221758e-21,1251,1.4616613475126883e-11
-123.4975,0.44139947535035523,125.24686144936439,180.56707255331014,1.6117587090373746,True,1.0,99.99999999999999,-123.4975,-3.864587821847745e-21,1246,1.4308963736109348e-11
-122.9975,0.44146498349119184,125.02614580611535,180.04772041329966,1.610190356119911,True,1.0,100.0,-122.9975,-4.870439446712227e-21,1243,1.4005900605962296e-11
-122.4975,0.441538320420488,124.80539546600863,179.52763970542546,1.608561309422733,True,1.0,100.0,-122.4975,2.149346103657787e-20,1238,1.3707757151593114e-11
-121.9975,0.4416198566338259,124.58460642245242,179.0068161364594,1.6068711714422563,True,1.0,100.0,-121.9975,5.717472393966527e-21,1235,1.3414276633927358e-11
-121.4975,0.4417099733314797,124.36377448096584,178.48523570558993,1.6051166903171845,True,1.0,100.0,-121.4975,-2.1705219273391446e-20,1229,1.3125750486508991e-11
-120.9975,0.4418090623576554,124.14289525378668,177.96288476328095,1.6032984820597642,True,1.0,100.0,-120.9975,1.1249656330721176e-20,1225,1.2841963603626994e-11
-120.4975,0.4419175260646913,123.92196415460089,177.4397500760945,1.6014135565368244,True,1.0,99.99999999999999,-120.4975,6.88214269644119e-21,1220,1.2562867413024037e-11
-119.9975,0.44203577714830544,123.70097639334129,176.91581889604825,1.5994601951764023,True,1.0,100.0,-119.9975,4.4998625322884706e-21,1218,1.2288683959305047e-11
-119.4975,0.442164238393187,123.47992697101587,176.39107903657793,1.5974387777198986,True,1.0,100.0,-119.4975,-1.207021949837378e-20,1213,1.2019135686713867e-11
-118.9975,0.4423033423721014,123.25881067483041,175.86551895381936,1.5953455720317935,True,1.0,100.0,-118.9975,-1.1382005228729661e-20,1207,2.9230368125965356e-11
-118.4975,0.442453531055942,123.03762207329771,175.33912783455222,1.5931796939953264,True,1.0,100.0,-118.4975,1.5855397981416434e-20,1203,2.880934379945188e-11
-117.9975,0.44261525532690665,122.8163555117205,174.81189569115688,1.5909406422255652,True,1.0,100.0,-117.9975,1.2440796412797536e-20,1200,2.839260770937102e-11
-117.4975,0.44278897442275333,122.59500510784765,174.28381346258823,1.5886250923873697,True,1.0,100.0,-117.4975,-2.3822801641527197e-22,1195,2.798041659479722e-11
-116.9975,0.4429751552632583,122.37356474785435,173.75487312294558,1.5862319894505312,True,1.0,100.0,-116.9975,-1.0720260738687239e-20,1191,2.7572680250109727e-11
-116.4975,0.44317427165821127,122.15202808267574,173.22506779744467,1.583760935711131,True,1.0,100.0,-116.4975,-3.110199103199384e-21,1187,2.7169336225263407e-11
-115.9975,0.44338680341352316,121.93038852484084,172.69439188529432,1.5812085532493239,True,1.0,100.0,-115.9975,1.3102540902839958e-21,1182,2.6770662076014418e-11
-115.4975,0.4436132352841492,121.70863924567452,172.16284119063053,1.5785732229520992,True,1.0,99.99999999999999,-115.4975,-1.2599615090407718e-20,1177,2.6376283102091946e-11
-114.9975,0.44385405580650694,121.48677317314733,171.63041306032449,1.5758554617783895,True,1.0,100.0,-114.9975,2.567568621364598e-20,1173,2.5986518492615573e-11
-114.4975,0.4441097559625471,121.26478299025311,171.09710652976668,1.5730515539626497,True,1.0,100.0,-114.4975,2.141405169777278e-20,1167,2.560120865302551e-11
-113.9975,0.4443808276966656,121.0426611342395,170.56292247543567,1.57015983572778,False,1.0,100.0,-113.9975,1.9852334701272664e-22,1159,2.522034664442785e-11
-113.4975,0.4446677622534687,120.82039979643663,170.02786377471475,1.5671797357131079,False,1.0,100.0,-113.4975,5.7571770633690726e-21,1148,2.4844112878064095e-11
-112.9975,0.44497104837882945,120.59799092314499,169.49193547084593,1.5641097144876253,False,1.0,99.99999999999999,-112.9975,-1.402898318889935e-21,1146,2.4472326942692746e-11
-112.4975,0.4452911702168479,120.3754262173343,168.95514494771345,1.560947134794081,False,1.0,100.0,-112.4975,-9.105604182983729e-21,1145,2.4105079043934552e-11
-111.9975,0.4456286051639357,120.15269714150249,168.4175021048715,1.5576904668588472,False,1.0,100.0,-111.9975,9.780583562826999e-21,1142,2.3742251220593147e-11
-111.4975,0.44598382143789234,119.92979492162227,167.87901953972013,1.5543398291269555,False,1.0,100.0,-111.4975,-6.789498467835251e-21,1140,2.338403776169784e-11
-110.9975,0.4463572754651171,119.70671055241209,167.339712732201,1.5508925882697995,False,1.0,100.00000000000001,-110.9975,-5.174841912131741e-21,1139,2.3030244378219322e-11
-110.4975,0.4467494090658371,119.48343480390493,166.79960023128285,1.5473469129897361,False,1.0,100.0,-110.4975,6.564505341220828e-21,1137,2.2680961275778344e-11
-109.9975,0.4471606464398196,119.25995822950128,166.25870384166004,1.5437014599471917,False,1.0,100.0,-109.9975,2.2300789314429626e-20,1136,2.2336202332162713e-11
-109.4975,0.4475913909546351,119.03627117557295,165.71704880893932,1.5399568753038375,False,1.0,100.0,-109.4975,6.6836193494284636e-21,1134,2.1995925914009007e-11
-108.9975,0.4480420217474736,118.81236379272345,165.17466400118127,1.5361101625212972,False,1.0,100.0,-108.9975,-7.080666043453917e-21,1132,2.1660118143529417e-11
-108.4975,0.44851289014997736,118.58822604878871,164.63158208459657,1.5321600907551676,False,1.0,100.0,-108.4975,9.132073962585426e-21,1131,2.1328779020723942e-11
-107.9975,0.4490043159533557,118.36384774366776,164.0878396908516,1.5281057966384304,False,1.0,99.99999999999999,-107.9975,3.110199103199384e-21,1129,2.1001957117849912e-11
-107.4975,0.4495165835355176,118.13921852605401,163.5434775732259,1.523948142716425,False,1.0,100.00000000000001,-107.4975,4.235164736271502e-21,1128,2.0679562229286574e-11
-106.9975,0.4500499378738462,117.91432791214412,162.99854074876637,1.5196844054297154,False,1.0,99.99999999999999,-106.9975,5.161607022330893e-22,1125,2.0361642927291257e-11
-106.4975,0.450604580477366,117.68916530632329,162.4530786232235,1.5153138958826171,False,1.0,100.0,-106.4975,-1.1699642583950023e-20,1122,2.0048115945137113e-11
-105.9975,0.4511806652719079,117.46372002397321,161.90714509586138,1.5108368285436946,False,1.0,100.0,-105.9975,-7.99387343971246e-21,1121,1.9739057610657085e-11
-105.4975,0.4517782944818708,117.23798131625604,161.36079864027676,1.5062535129340988,False,1.0,100.00000000000001,-105.4975,-1.3234889800848443e-20,1119,1.9434273634821864e-11
-104.9975,0.4523975145544842,117.0119383970007,160.81410235863177,1.50156222986066,False,1.0,100.00000000000001,-104.9975,-2.226108464502708e-20,1117,1.9133993001130278e-11
-104.4975,0.45303831217604873,116.78558047159439,160.2671240058369,1.4967628631929566,False,1.0,100.00000000000001,-104.4975,-7.464477847678522e-21,1115,1.8837854887099326e-11
-103.9975,0.45370061043943477,116.55889676782171,159.7199359802276,1.4918576346736185,False,1.0,100.0,-103.9975,-6.0218748593860415e-21,1113,1.8546122970697354e-11
-103.4975,0.4543842652169421,116.33187656858236,159.1726152786851,1.4868449685838148,False,1.0,100.0,-103.4975,1.1831991481958508e-20,1111,1.8258644596258478e-11
-102.9975,0.4550890618010557,116.10450924635283,158.62524341338883,1.4817249550258749,False,1.0,100.0,-102.9975,2.302870825347629e-21,1109,1.797533649705585e-11
-102.4975,0.4558147118778752,115.87678429924715,158.07790628783206,1.4765001754988707,False,1.0,100.0,-102.4975,4.301339185275744e-21,1106,1.7696295817604124e-11
-101.9975,0.4565608508881912,115.6486913885026,157.53069403160794,1.4711702136819569,False,1.0,100.0,-101.9975,-4.804264997707985e-21,1103,1.7421439291176455e-11
-101.4975,0.4573270358441664,115.42022037714398,156.98370079198003,1.4657352750791535,False,1.0,100.0,-101.4975,2.514629062161204e-21,1100,1.7150607323213052e-11
-100.9975,0.4581127436496299,115.19136136967812,156.43702448328574,1.4601992682455964,False,1.0,100.0,-100.9975,-4.963083675318166e-21,1098,1.6883855424865146e-11
-100.4975,0.45891736998092686,114.9621047524228,155.890766493955,1.4545611412071355,False,1.0,99.99999999999999,-100.4975,-1.3724580723479835e-20,1096,1.6621107268299795e-11
-99.9975,0.45974022877091847,114.73244123428937,155.34503135302836,1.448823318617682,False,1.0,100.00000000000001,-99.9975,1.2255507955585658e-20,1094,1.636225877010844e-11
-99.4975,0.4605805523275699,114.50236188764175,154.7999263588003,1.442988489635852,False,1.0,100.0,-99.4975,4.764560328305439e-22,1091,1.610728911360937e-11
-98.9975,0.46143749211898555,114.27185818894677,154.25556117219858,1.4370566519017611,False,1.0,100.0,-98.9975,-2.924910645987506e-21,1088,1.5856163604333062e-11
-98.4975,0.46231012023394874,114.0409220588581,153.71204737938777,1.4310330568743586,False,1.0,100.0,-98.4975,6.8027333576361e-21,1085,1.560882673112829e-11
-97.9975,0.4631974315206216,113.80954590138668,153.16949802827216,1.4249165074945782,False,1.0,100.0,-97.9975,-1.9852334701272664e-21,1082,1.5365181349480395e-11
-97.4975,0.464098346396086,113.5777226418684,152.62802714407607,1.4187133488702701,False,1.0,100.0,-97.4975,2.3333110718895805e-20,1078,1.51250886815113e-11
-96.9975,0.4650117142964767,113.3454457633201,152.0877492304117,1.4124225175858687,False,1.0,100.00000000000001,-96.9975,-9.754113783225302e-21,1075,1.4888597299478334e-11
-96.4975,0.4659363177375897,113.11270934095492,151.54877876177525,1.4060502982149476,False,1.0,99.99999999999999,-96.4975,-2.7568275455167306e-20,1070,1.46557141422754e-11
-95.9975,0.46687087693228324,112.87950807449558,151.0112296744055,1.3995968487580663,False,1.0,100.0,-95.9975,8.960020395174396e-21,1065,1.4426050631843879e-11
-95.4975,0.4678140549317948,112.64583731795368,150.47521485970825,1.3930668349223834,False,1.0,100.0,-95.4975,4.896909226313924e-22,1060,1.4170560558302014e-11
-94.9975,0.46876446306274405,112.4116931074383,149.94084568281775,1.3864632066072866,False,1.0,100.0,-94.9975,2.5093351062408648e-20,1060,1.397676419045979e-11
-94.4975,0.46972066705375237,112.17707218435257,149.40823148522017,1.3797880087928316,False,1.0,99.99999999999999,-94.4975,7.768880313098036e-21,1059,1.3756953909371816e-11
-93.9975,0.470681192988797,111.9419720178859,148.87747915616762,1.3730465855575131,False,1.0,100.0,-93.9975,-6.696854239229312e-21,1058,1.3540064902617388e-11
-93.4975,0.47164453381615695,111.70639082254533,148.3486926972627,1.3662410423426907,False,1.0,100.00000000000001,-93.4975,-3.40136667881805e-21,1057,1.3213631577801976e-11
-92.9975,0.4726091556271999,111.4703275735883,147.82197284723154,1.3593743221843755,False,1.0,100.0,-92.9975,8.192396786725186e-21,1057,1.3115633579197095e-11
-92.4975,0.4735735044676046,111.23378201811225,147.29741670999547,1.352450112020212,False,1.0,100.0,-92.4975,1.0177630256852453e-20,1056,1.2907591662170148e-11
-91.9975,0.47453601242495697,110.99675468421837,146.7751174662751,1.345473210486323,False,1.0,100.0,-91.9975,2.5225699960417132e-20,1055,1.2702415508325515e-11
-91.4975,0.4754951040671553,110.75924688602782,146.2551640959975,1.3384454597556332,False,1.0,100.0,-91.4975,-6.326277324805556e-21,1053,1.249986225637656e-11
-90.9975,0.4764492025061076,110.52126072598108,145.7376411562645,1.3313702905828966,False,1.0,100.0,-90.9975,2.183756817139993e-21,1052,1.2099828083922404e-11
-90.4975,0.47739673500461316,110.28279909414535,145.2226286107712,1.3242510648286319,False,1.0,100.0,-90.4975,1.2705494208814505e-20,1052,1.2102548130332735e-11
-89.9975,0.47833613878879194,110.04386566468538,144.71020168122527,1.3170910620088512,False,1.0,100.0,-89.9975,1.5603935075200314e-20,1051,1.1907627661678077e-11
-89.4975,0.4792658657731716,109.80446488969248,144.20043077173935,1.30989346916654,False,1.0,100.0,-89.4975,-4.102815838263017e-21,1050,1.1715142744783691e-11
-88.9975,0.4801843874117881,109.56460199058846,143.69338141241326,1.302661370784011,False,1.0,100.0,-88.9975,-3.639594695233322e-21,1049,1.1524711740484861e-11
-88.4975,0.4810901989011144,109.32428294729783,143.1891142510453,1.2953977407148776,False,1.0,100.0,-88.4975,1.4426029882924803e-21,1048,1.1336744043521918e-11
-87.9975,0.48198182296828607,109.0835144854085,142.6876850798274,1.2881054354681902,False,1.0,99.99999999999999,-87.9975,2.8693241088239424e-20,1046,1.1150760870215493e-11
-87.4975,0.48285781320153986,108.84230406155497,142.18914489542558,1.2807871888790483,False,1.0,99.99999999999999,-87.4975,-1.0587911840678754e-21,1045,1.0966963448488798e-11
-86.9975,0.48371675692337396,108.60065984725168,141.69353998911697,1.2734456081176349,False,1.0,100.0,-86.9975,-4.3304559428376105e-20,1044,1.0785081161479582e-11
-86.4975,0.4845572776140034,108.35859071140123,141.20091206350563,1.2660831709505014,False,1.0,99.99999999999999,-86.4975,1.937587866844212e-20,1043,1.0624313928619955e-11
-85.9975,0.4853780369173081,108.11610620176538,140.71129837231615,1.2587022241299626,False,1.0,100.0,-85.9975,5.3574833913834496e-20,1041,1.013626682588864e-11
-85.4975,0.4861777361349681,107.87321652522672,140.22473187964852,1.2513049830869658,False,1.0,100.0,-85.4975,-4.8386757111901907e-20,1041,9.957777657998435e-12
-84.9975,0.48695511752004744,107.62993252800483,139.7412414352451,1.2438935321082805,False,1.0,99.99999999999999,-84.9975,-4.044582323139284e-20,1041,9.782334664532044e-12
-84.4975,0.48770896500443206,107.3862656747397,139.26085196289586,1.2364702331482156,False,1.0,100.0,-84.4975,4.955142741437657e-20,1041,9.634439079864165e-12
-83.9975,0.4884381046878306,107.14222802757462,138.78358465828518,1.2290376396222533,False,1.0,99.99999999999999,-83.9975,1.7787691892340307e-20,1041,9.544011414508446e-12
-83.4975,0.4891414049962522,106.89783222502068,138.30945719377385,1.2215964533688841,False,1.0,100.00000000000001,-83.4975,-2.9963790509120874e-20,1041,9.455977667549575e-12
-82.9975,0.4898177765611725,106.65309146081295,137.8384839274101,1.2141482474834895,False,1.0,100.0,-82.9975,1.4399560103323106e-20,1041,9.37022681668509e-12
-82.4975,0.4904661718499676,106.40801946289076,137.37067611380544,1.2066953975580772,False,1.0,100.0,-82.4975,-2.5516867536035798e-20,1041,9.286425795007602e-12
-81.9975,0.4910855845776955,106.16263047261833,136.9060421147766,1.1992394898029155,False,1.0,100.0,-81.9975,-1.3129010682441655e-20,1041,9.204421946851227e-12
-81.4975,0.49167504892935565,105.91693922434828,136.44458760791917,1.1917806950466605,False,1.0,100.0,-81.4975,5.293955920339377e-20,1041,9.123833633051248e-12
-80.9975,0.49223363862046116,105.67096092541564,135.98631579153738,1.1843213863525741,False,1.0,100.0,-80.9975,-8.660911885675221e-20,1041,9.044522075729589e-12
-80.4975,0.4927604658229983,105.42471123659969,135.5312275839758,1.1768625077521229,False,1.0,100.0,-80.4975,-1.7999450129153882e-20,1041,9.374057086120047e-12
-79.9975,0.4932546799755487,105.17820625337501,135.0793218206151,1.1694039920093902,False,1.0,100.0,-79.9975,5.95040645446146e-20,1040,8.889000646661316e-12
-79.4975,0.4937154665173343,104.93146248721177,134.6305954345672,1.1619491073337656,False,1.0,99.99999999999999,-79.4975,5.293955920339377e-22,1040,8.812624241461009e-12
-78.9975,0.4941420455382688,104.68449684829869,134.18504364218242,1.1544961317716889,False,1.0,100.0,-78.9975,5.1880768019325896e-21,1040,8.736726619940072e-12
-78.4975,0.4945336692485575,104.4373266328871,133.74266018951144,1.1470480268238128,False,1.0,100.0,-78.4975,1.6305384234645282e-20,1040,2.2068839203998047e-10
-77.9975,0.4948896251600468,104.18996948863258,133.30343719719562,1.1396036461234036,False,1.0,100.0,-77.9975,-3.716357056078243e-20,1040,2.1525207831440962e-10
-77.4975,0.4952092276946312,103.9424434271917,132.8673657988111,1.1321653014460946,False,1.0,100.0,-77.4975,5.796881732771618e-20,1040,2.0971071363826144e-10
-76.9975,0.4954918214009114,103.6947667902438,132.43443595819744,1.1247318188781623,False,1.0,100.0,-76.9975,-1.4981895254560437e-20,1040,2.0409408538202278e-10
-76.4975,0.49573677834510466,103.44695824025521,132.00463668883452,1.1173056541191146,False,1.0,100.0,-76.4975,1.0587911840678754e-21,1040,1.9842891002194718e-10
-75.9975,0.49594349669031845,103.19903674707676,131.57795618134963,1.1098850901544504,False,1.0,100.0,-75.9975,3.160491684442608e-20,1040,1.927387954098192e-10
-75.4975,0.4961113993009952,102.95102157524538,131.1543819224614,1.1024726448383557,False,1.0,100.0,-75.4975,-1.657008203066225e-20,1040,1.8704460419752267e-10
-74.9975,0.49623993237953035,102.70293227197591,130.7339008055816,1.095066917646893,False,1.0,100.0,-74.9975,7.093900933254765e-21,1040,1.8136475654628725e-10
-74.4975,0.49632856414080223,102.4547886558253,130.31649923334444,1.0876688240129369,False,1.0,99.99999999999999,-74.4975,1.0323214044661785e-20,1040,1.757151494620468e-10
-73.9975,0.4963767835293082,102.20661080600895,129.9021632123661,1.0802790106695759,False,1.0,99.99999999999999,-73.9975,-1.376428539288238e-20,1040,1.7010977956116724e-10
-73.4975,0.4963840997859011,101.95841905011207,129.49087839833092,1.072896483736424,False,1.0,100.0,-73.4975,-2.7740329022578336e-20,1040,8.068684609341403e-12
-72.9975,0.49635003724381443,101.71023396581995,129.08263038739847,1.0655226396801658,False,1.0,100.00000000000001,-72.9975,1.0058516248644817e-21,1039,1.591629371702763e-10
-72.4975,0.4962741422254515,101.4620763496899,128.67740436735343,1.0581569758079095,False,1.0,100.0,-72.4975,-1.657008203066225e-20,1039,1.5375521255495128e-10
-71.9975,0.49615597392571303,101.21396723120743,128.2751856070957,1.0507990092667254,False,1.0,100.0,-71.9975,9.582060215814273e-21,1039,1.4842936948977759e-10
-71.4975,0.495995107398311,100.9659278538162,127.8759593066043,1.043449741943799,False,1.0,100.0,-71.4975,1.572304908340795e-20,1039,1.431912674369762e-10
-70.9975,0.4957911317760735,100.71797966987468,127.47971069467881,1.0361088293628702,False,1.0,100.0,-70.9975,-1.2970192004831474e-20,1039,1.3804579918411108e-10
-70.4975,0.49554364934826056,100.47014433384939,127.08642507916748,1.0287756676041884,False,1.0,100.0,-70.4975,2.694623563452743e-20,1039,1.3299655951190537e-10
-69.9975,0.4952522746912119,100.22244369595649,126.69608789226427,1.0214504184985975,False,1.0,100.00000000000001,-69.9975,2.97520322723073e-20,1039,1.2804656640552636e-10
-69.4975,0.4949166338515788,99.97489979622432,126.30868473121114,1.0141339189978698,False,1.0,100.0,-69.4975,-1.572304908340795e-20,1039,1.2319799434085121e-10
-68.9975,0.4945363635812254,99.72753485895184,125.92420139472807,1.0068249484559115,False,1.0,100.0,-68.9975,-4.086933970501999e-20,1039,1.1845212788061388e-10
-68.4975,0.4941111106226528,99.4803712875366,125.54262391547982,0.9995234081325047,False,1.0,100.0,-68.4975,2.80579663777987e-21,1039,1.1381000308841038e-10
-67.9975,0.4936405315151303,99.23343165811035,125.16393856794251,0.992229342095066,False,1.0,100.0,-67.9975,1.0640851399882148e-20,1039,7.10689840310863e-12
-67.4975,0.4931242900693823,98.986738721191,124.7881319786906,0.9849432970115279,False,1.0,99.99999999999999,-67.4975,1.8475906161984426e-20,1039,7.032409377050186e-12
-66.9975,0.49256205969914385,98.74031538824137,124.41519101933994,0.9776641903786261,False,1.0,100.0,-66.9975,8.470329472543003e-21,1039,6.973109589747395e-12
-66.4975,0.4919535209131574,98.49418473382556,124.04510291413227,0.9703918448037744,False,1.0,100.0,-66.4975,-5.94511249854112e-20,1038,6.892576787098648e-12
-65.9975,0.4912983613681268,98.24836999051873,123.6778552332913,0.9631260668582788,False,1.0,100.0,-65.9975,-2.218167530622199e-20,1036,6.812515829235366e-12
-65.4975,0.4905962753996032,98.00289454535859,123.31343590818423,0.9558670912561034,False,1.0,100.0,-65.4975,1.514071393217062e-20,1034,6.732912838369742e-12
-64.9975,0.48984696362737745,97.75778193662836,122.95183324322616,0.9486146219049822,False,1.0,100.0,-64.9975,1.7522994096323338e-20,1032,6.653816386759104e-12
-64.4975,0.4890501325925733,97.51305585081245,122.59303592596285,0.9413680143662396,False,1.0,100.0,-64.4975,4.896909226313924e-20,1029,6.574983613116814e-12
-63.9975,0.4882054944315271,97.26874011970314,122.23703303529861,0.9341270295583299,False,1.0,99.99999999999999,-63.9975,-1.4505439221729893e-20,1026,6.4966226842599895e-12
-63.4975,0.4873127665852285,97.0248587176982,121.8838140480371,0.9268914194339978,False,1.0,100.0,-63.4975,-6.1409888675936775e-21,1024,6.4187544168703425e-12
-62.9975,0.4863716715421829,96.78143575919985,121.53336884388455,0.919661002039026,False,1.0,100.0,-62.9975,-1.2387856853594142e-20,1022,6.341233094175891e-12
-62.4975,0.48538193661413764,96.53849549615155,121.18568770905567,0.9124360344407599,False,1.0,99.99999999999999,-62.4975,-1.9534697346052302e-20,1020,6.264030960601019e-12
-61.9975,0.48434329374256896,96.2960623156783,120.84076133861504,0.9052156224683222,False,1.0,100.0,-61.9975,-4.7645603283054394e-21,1018,6.187182710615247e-12
-61.4975,0.48325547933485974,96.0541607378123,120.49858083767255,0.897999495354898,False,1.0,99.99999999999999,-61.4975,-8.999725064576941e-21,1016,6.110709160900285e-12
-60.9975,0.48211823412877963,95.8128154132932,120.15913772154413,0.8907873782507579,False,1.0,100.0,-60.9975,-1.826414792517085e-20,1013,6.034540922517095e-12
-60.4975,0.4809313030798666,95.57205112139872,119.82242391503443,0.8835789930222298,False,1.0,100.0,-60.4975,2.6310960924086704e-20,1012,5.981069806093586e-12
-59.9975,0.47969443529618233,95.33189276799664,119.48843175059282,0.8763740589721238,False,1.0,100.0,-59.9975,-1.0587911840678754e-22,1012,5.905394229177574e-12
-59.4975,0.47840738395402055,95.09236538327632,119.15715396630715,0.869172813256088,False,1.0,100.0,-59.4975,-3.5893021139900977e-20,1012,5.829607629959099e-12
-58.9975,0.4770699062815974,94.85349411985996,118.82858370261305,0.8619744735837519,False,1.0,100.0,-58.9975,3.7957663948833334e-20,1012,5.753730825119874e-12
-58.4975,0.4756817635428202,94.61530425074737,118.50271449871289,0.8547787162551196,False,1.0,100.0,-58.4975,-1.1064367873509298e-20,1012,5.677701364614762e-12
-57.9975,0.47424272104714865,94.37782116729633,118.17954028839269,0.8475852584538234,False,1.0,100.0,-57.9975,7.99387343971246e-21,1012,5.6016857818974586e-12
-57.4975,0.47275254818002954,94.14107037719317,117.85905539536115,0.8403938176648134,False,1.0,100.00000000000001,-57.4975,-2.906381800266318e-20,1012,5.525524482408173e-12
-56.9975,0.4712110184529899,93.90507750240299,117.5412545281659,0.8332041121382968,False,1.0,100.0,-56.9975,1.6199505116238494e-20,1012,5.449217466146905e-12
-56.4975,0.4696179095725046,93.66986827709012,117.22613277473653,0.8260160474254694,False,1.0,100.0,-56.4975,2.048760941171339e-20,1012,5.372688405280712e-12
-55.9975,0.46797300352679916,93.43546854549973,116.91368559660002,0.8188294789322352,False,1.0,100.0,-55.9975,-1.6623021589865644e-20,1012,5.296180161096231e-12
-55.4975,0.4662760866897849,93.20190425979156,116.60390882280969,0.8116437999973248,False,1.0,100.00000000000001,-55.4975,4.9339669177562995e-20,1012,5.219519261245864e-12
-54.9975,0.46452694994384913,92.96920147786376,116.29679864363429,0.804458737217651,False,1.0,100.0,-54.9975,-1.1487884347136448e-20,1012,5.141907732930662e-12
-54.4975,0.4627253888032865,92.73738636083783,115.99235160397842,0.7972740197384662,False,1.0,100.0,-54.4975,2.7316812548951186e-20,1011,5.0946538654450535e-12
-53.9975,0.46087120359010936,92.50648517115467,115.69056459675168,0.7900893795176925,False,1.0,100.0,-53.9975,2.3558103845510228e-20,1011,5.139465242276486e-12
-53.4975,0.45896419957412404,92.27652426968677,115.39143485590566,0.7853981633974483,False,1.0,100.00000000000001,-53.4975,-7.623296525288703e-21,1011,5.185497864435007e-12
-52.9975,0.4570041871640673,92.04753011343882,115.09495994947034,0.7853981633974483,False,1.0,100.00000000000001,-52.9975,9.476181097407485e-21,1011,5.2328003041779425e-12
-52.4975,0.45499098209668865,91.81952925288783,114.80113777243018,0.7853981633974483,False,1.0,100.0,-52.4975,-6.3527471044072525e-21,1011,5.281525217171179e-12
-51.9975,0.45292440564066166,91.59254832926847,114.50996653952049,0.7853981633974483,False,1.0,100.0,-51.9975,-3.5734202462290796e-20,1011,5.331540764430542e-12
-51.4975,0.45080428481223295,91.36661407175373,114.22144477795402,0.7853981633974483,False,1.0,100.0,-51.4975,-1.9746455582865877e-20,1011,5.382715106971858e-12
-50.9975,0.4486304526020278,91.14175329452499,113.93557132009431,0.7853981633974483,False,1.0,100.00000000000001,-50.9975,3.82223617448503e-20,1011,5.435388250596418e-12
-50.4975,0.44640274821245246,90.91799289372562,113.6523452960904,0.7853981633974483,False,1.0,100.00000000000001,-50.4975,3.689887276476546e-20,1011,5.4892687617602576e-12
-49.9975,0.44412101730514264,90.69535984429396,113.37176612648625,0.7853981633974483,False,1.0,100.0,-49.9975,-1.514071393217062e-20,1011,5.544363579357281e-12
-49.4975,0.44178511225791883,90.47388119666958,113.0938335148167,0.7853981633974483,False,1.0,100.0,-49.4975,-6.6174449004242214e-21,1011,5.600783725689951e-12
-48.9975,0.4393948924307215,90.2535840733691,112.81854744020035,0.7853981633974483,False,1.0,100.0,-48.9975,8.470329472543003e-21,1011,5.6585430785460744e-12
-48.4975,0.43695022444000314,90.03449566542693,112.54590814993878,0.7853981633974483,False,1.0,100.0,-48.4975,6.88214269644119e-22,1011,5.717523676729286e-12
-47.9975,0.43445098244106356,89.81664322869673,112.27591615213048,0.7853981633974483,False,1.0,100.0,-47.9975,-2.4669834588781497e-20,1011,5.777774092496912e-12
-47.4975,0.4318970484178206,89.60005408000983,112.0085722083065,0.7853981633974483,False,1.0,100.00000000000001,-47.4975,2.2711070898255928e-20,1011,5.8392457535916265e-12
-46.9975,0.4292883124795081,89.38475559318692,111.7438773260948,0.7853981633974483,False,1.0,100.0,-46.9975,-2.329340604949326e-21,1011,5.9288407516788766e-12
-46.4975,0.426624673163801,89.17077519489995,111.48183275191838,0.7853981633974483,False,1.0,100.0,-46.4975,2.3981620319137378e-20,1011,6.0790400491228525e-12
-45.9975,0.42390603774586455,88.9581403603808,111.22243996373248,0.7853981633974483,False,1.0,100.0,-45.9975,1.7284766079908066e-20,1011,6.230696514286649e-12
-45.4975,0.42113232255321353,88.74687860903866,110.96570066387358,0.7853981633974483,False,1.0,100.00000000000001,-45.4975,3.864587821847745e-21,1011,6.241965277986594e-12
-44.9975,0.41830345328328306,88.53701749959744,110.7116167716167,0.7853981633974483,False,1.0,100.0,-44.9975,2.6469779601696886e-21,1010,6.388028994663841e-12
-44.4975,0.4154193653304113,88.32858462571276,110.46019041645458,0.7853981633974483,False,1.0,100.00000000000001,-44.4975,-3.494010907423989e-21,1009,6.535529062379197e-12
-43.9975,0.41248000411098096,88.12160761072381,110.21142393069012,0.7853981633974483,False,1.0,100.0,-43.9975,-1.522012327097571e-20,1008,6.8536981645550554e-12
-43.4975,0.4094853253964602,87.91611410295039,109.96531984285781,0.7853981633974483,False,1.0,100.0,-43.4975,1.971998580326418e-20,1008,6.835053356635257e-12
-42.9975,0.4064352956445038,87.71213176976887,109.72188087003035,0.7853981633974483,False,1.0,99.99999999999999,-42.9975,-1.4134862307306137e-20,1007,6.987140033221095e-12
-42.4975,0.40332989233872346,87.50968829278719,109.48110991157881,0.7853981633974483,False,1.0,100.0,-42.4975,6.326277324805556e-21,1005,7.337845608912374e-12
-41.9975,0.4001691043255855,87.30881136224822,109.24301004236271,0.7853981633974483,False,1.0,100.0,-41.9975,5.770411953169921e-21,1005,7.295782034066889e-12
-41.4975,0.39695293215287447,87.10952867064746,109.0075845052422,0.7853981633974483,False,1.0,100.0,-41.4975,2.533157907882392e-20,1004,7.452635730764712e-12
-40.9975,0.39368138841225403,86.91186790741749,108.7748367050679,0.7853981633974483,False,1.0,100.0,-40.9975,-4.0234064994579266e-21,1003,7.837210047600962e-12
-40.4975,0.39035449807875827,86.71585675283187,108.54477020205694,0.7853981633974483,False,1.0,100.00000000000001,-40.4975,-5.982170189983496e-21,1003,7.771117083166246e-12
-39.9975,0.3869722988508728,86.52152287107329,108.31738870445317,0.7853981633974483,False,1.0,99.99999999999999,-39.9975,-2.4193378555950953e-20,1002,7.932959844580978e-12
-39.4975,0.38353484149145883,86.32889390444082,108.0926960627505,0.7853981633974483,False,1.0,100.0,-39.4975,1.4558378780933287e-20,1001,8.352055158589167e-12
-38.9975,0.38004219016500557,86.13799746674486,107.87069626325838,0.7853981633974483,False,1.0,100.0,-38.9975,2.4881592825595072e-20,1001,8.261911987883508e-12
-38.4975,0.3764944227740555,85.94886113576129,107.65139342083118,0.7853981633974483,False,1.0,100.0,-38.4975,3.1763735522036263e-21,1000,8.7040999408039e-12
-37.9975,0.3728916312937095,85.76151244742199,107.43479177386007,0.7853981633974483,False,1.0,99.99999999999999,-37.9975,2.0117032497289633e-21,1000,8.598087519740005e-12
-37.4975,0.3692339221016245,85.57597888746629,107.22089567659015,0.7853981633974483,False,1.0,100.0,-37.4975,-2.2234614865425384e-20,999,9.063381989360408e-12
-36.9975,0.3655214163061241,85.39228788540156,107.00970959436103,0.7853981633974483,False,1.0,100.0,-36.9975,-1.6861249606280916e-20,999,8.941763995906626e-12
-36.4975,0.36175425006813655,85.21046680580066,106.80123809602073,0.7853981633974483,False,1.0,100.00000000000001,-36.4975,-5.293955920339377e-21,998,9.43010947107581e-12
-35.9975,0.3579325749207519,85.03054294195802,106.5954858493262,0.7853981633974483,False,1.0,100.00000000000001,-35.9975,4.182225177068108e-21,998,9.293281422184663e-12
-35.4975,0.35405655808013164,84.85254350693728,106.39245761355343,0.7853981633974483,False,1.0,100.0,-35.4975,8.07328277851755e-21,986,9.472062023618832e-12
-34.9975,0.3501263827554911,84.67649562653138,106.19215823457554,0.7853981633974483,False,1.0,100.0,-34.9975,-1.4823076576950256e-21,982,9.652993682163213e-12
-34.4975,0.34614224844586833,84.50242633078426,105.9945926385304,0.7853981633974483,False,1.0,100.0,-34.4975,-1.44524996625265e-20,979,1.025250023767299e-11
-33.9975,0.34210437123639115,84.33036254585633,105.79976582609551,0.7853981633974483,False,1.0,100.0,-33.9975,9.979106909839726e-21,977,1.0286493878908232e-11
-33.4975,0.3380129840813264,84.16033108566148,105.6076828667466,0.7853981633974483,False,1.0,100.0,-33.4975,1.9243529770433636e-20,974,1.0447590709228294e-11
-32.9975,0.3338683370837448,83.99235864335935,105.41834889306887,0.7853981633974483,False,1.0,100.00000000000001,-32.9975,1.5749518863009647e-20,972,1.0481671086637334e-11
-32.4975,0.32967069776129077,83.82647178271715,105.23176909514284,0.7853981633974483,False,1.0,99.99999999999999,-32.4975,9.18501352178882e-21,970,1.0648856796358075e-11
-31.997500000000002,0.32542035130736524,83.66269692933416,105.04794871498349,0.7853981633974483,False,1.0,100.0,-31.997500000000002,7.093900933254765e-21,968,1.0784061144075707e-11
-31.497500000000002,0.3211176008373643,83.50106036173992,104.86689304105192,0.7853981633974483,False,1.0,100.00000000000001,-31.497500000000002,1.1461414567534751e-20,966,1.0980598375009976e-11
-30.997500000000002,0.3167627676292429,83.34158820237879,104.68860740282257,0.7853981633974483,False,1.0,100.0,-30.997500000000002,7.411538288475128e-22,965,1.1179571157704515e-11
-30.497500000000002,0.3123561913469041,83.1843064083796,104.51309716532397,0.7853981633974483,False,1.0,100.0,-30.497500000000002,2.6628598279307067e-20,963,1.1794093479622347e-11
-29.997500000000002,0.3078982302612678,83.02924076274394,104.34036772432405,0.7853981633974483,False,1.0,100.0,-29.997500000000002,3.0704944337968387e-21,963,1.1584774806117082e-11
-29.497500000000002,0.3033892614428943,82.87641686412731,104.17042450011364,0.7853981633974483,False,1.0,100.0,-29.497500000000002,6.511565782017434e-21,961,1.1791199960864418e-11
-28.997500000000002,0.29882968096050333,82.72586011816622,104.00327293321251,0.7853981633974483,False,1.0,100.0,-28.997500000000002,-6.6174449004242214e-21,960,1.2431902729481692e-11
-28.497500000000002,0.2942199040558843,82.57759572793634,103.83891847926368,0.7853981633974483,False,1.0,99.99999999999999,-28.497500000000002,-6.988021814847978e-21,960,1.22117038703351e-11
-27.997500000000002,0.2895603652973418,82.43164868354833,103.67736660310209,0.7853981633974483,False,1.0,100.0,-27.997500000000002,-1.5273062830179103e-20,958,1.2426077528049362e-11
-27.497500000000002,0.28485151873839065,82.28804375331035,103.51862277475347,0.7853981633974483,False,1.0,100.0,-27.497500000000002,-1.826414792517085e-21,956,1.2642987351485502e-11
-26.997500000000002,0.28009383804238763,82.14680547351784,103.36269246403188,0.7853981633974483,False,1.0,100.00000000000001,-26.997500000000002,-3.520480687025686e-21,953,1.510350872147015e-11
-26.497500000000002,0.27528781660256973,82.00795813870639,103.20958113578264,0.7853981633974483,False,1.0,100.0,-26.497500000000002,1.1990810159568689e-20,950,1.515408631913573e-11
-25.997500000000002,0.2704339676402824,81.8715257917617,103.0592942451013,0.7853981633974483,False,1.0,100.0,-25.997500000000002,-1.691418916548431e-20,948,1.5379104240098584e-11
-25.497500000000002,0.2655328242908282,81.73753221398665,102.91183723261126,0.7853981633974483,False,1.0,100.0,-25.497500000000002,9.132073962585426e-22,945,1.542974775725625e-11
-24.997500000000002,0.2605849396686878,81.6060009151214,102.76721551981447,0.7853981633974483,False,1.0,100.0,-24.997500000000002,3.917527381051139e-21,943,1.548037392717916e-11
-24.497500000000002,0.25559088691741577,81.47695512334218,102.62543450450488,0.7853981633974483,False,1.0,100.0,-24.497500000000002,-7.808584982500581e-22,942,1.5530909891481315e-11
-23.997500000000002,0.2505512592410502,81.35041777524077,102.48649955625227,0.7853981633974483,False,1.0,100.00000000000001,-23.997500000000002,-6.167458647195374e-21,940,1.558137299739748e-11
-23.497500000000002,0.2454666699174405,81.22641150578913,102.35041601195243,0.7853981633974483,False,1.0,99.99999999999999,-23.497500000000002,7.6497663048904e-21,939,1.5631780592162414e-11
-22.997500000000002,0.24033775132150575,81.10495865701563,102.21718920370297,0.7853981633974483,False,1.0,99.99999999999999,-22.997500000000002,-1.045556294267027e-20,938,1.3685381300421184e-10
-22.497500000000002,0.23516515878459207,80.98608119345008,102.08682432583674,0.7853981633974483,False,1.0,100.00000000000001,-22.497500000000002,-6.418921553411495e-21,938,1.397058510543836e-10
-21.997500000000002,0.22994956569197308,80.86980078403272,101.95932659015104,0.7853981633974483,False,1.0,100.0,-21.997500000000002,-6.45862622281404e-21,938,1.578247602052052e-11
-21.497500000000002,0.2246916624648804,80.75613881513877,101.83470125866785,0.7853981633974483,False,1.0,100.0,-21.497500000000002,-7.332128949670037e-21,937,1.453637349380088e-10
-20.997500000000002,0.21939216614422166,80.6451161852397,101.71295330804789,0.7853981633974483,False,1.0,100.0,-20.997500000000002,5.955700410381799e-21,937,1.588248803308101e-11
-20.497500000000002,0.21405180676069063,80.53675356853132,101.59408788961544,0.7853981633974483,False,1.0,100.00000000000001,-20.497500000000002,-3.044024654195142e-22,936,1.599496229909292e-11
-19.997500000000002,0.2086713378290954,80.43107118902915,101.47810995956658,0.7853981633974483,False,1.0,99.99999999999999,-19.997500000000002,-6.2336330961996166e-21,935,1.6258980273242685e-11
-19.497500000000002,0.20325153043541835,80.32808893027713,101.3650244763893,0.7853981633974483,False,1.0,100.0,-19.497500000000002,-7.808584982500581e-22,934,1.5640231817992678e-10
-18.997500000000002,0.1977931787580797,80.22782620105113,101.25483619034148,0.7853981633974483,False,1.0,100.0,-18.997500000000002,-9.701174224021909e-21,934,1.6797615381980435e-11
-18.497500000000002,0.192297089509369,80.1303021571381,101.14755002185724,0.7853981633974483,False,1.0,100.0,-18.497500000000002,-1.4426029882924803e-21,932,1.6173028194454986e-10
-17.997500000000002,0.18676409581589784,80.03553537403968,101.04317053447008,0.7853981633974483,False,1.0,100.0,-17.997500000000002,1.2533440641403475e-20,932,1.7351200337634154e-11
-17.497500000000002,0.18119504207368672,79.94354418063811,100.94170249385661,0.7853981633974483,False,1.0,100.0,-17.497500000000002,-3.1763735522036263e-21,930,1.6689515047740855e-10
-16.997500000000002,0.17559079847419296,79.85434630196738,100.84315029667265,0.7853981633974483,False,1.0,100.00000000000001,-16.997500000000002,-7.835054762102278e-21,930,1.7919919020892294e-11
-16.497500000000002,0.16995224611766133,79.7679592027983,100.74751853979525,0.7853981633974483,False,1.0,99.99999999999999,-16.497500000000002,-2.1811098391798234e-20,928,1.7187084394576502e-10
-15.9975,0.16428029029492597,79.68439974422033,100.65481147631472,0.7853981633974483,False,1.0,100.0,-15.9975,-2.80579663777987e-20,928,1.7427927850865998e-10
-15.4975,0.1585758511385581,79.60368439824241,100.56503337330815,0.7853981633974483,False,1.0,100.0,-15.4975,-4.2351647362715017e-20,928,1.8802570611597957e-11
-14.9975,0.15283986348936585,79.5258292433119,100.47818851299141,0.7853981633974483,False,1.0,100.0,-14.9975,-2.106994456295072e-20,926,1.7892238732275523e-10
-14.4975,0.14707328422692967,79.45084974492202,100.39428085479143,0.7853981633974483,False,1.0,100.0,-14.4975,-1.9905274260476058e-20,926,1.8115034125520957e-10
-13.9975,0.141277084126479,79.37876095648342,100.31331436555743,0.7853981633974483,False,1.0,100.0,-13.9975,1.3129010682441655e-20,926,1.9722331406901716e-11
-13.4975,0.13545224849943527,79.30957749073261,100.23529298248404,0.7853981633974483,False,1.0,100.0,-13.4975,-2.0117032497289633e-20,925,2.003751504997542e-11
-12.9975,0.1295997808292574,79.24331339106462,100.16022042067085,0.7853981633974483,False,1.0,100.0,-12.9975,-1.2811373327221293e-20,924,2.0693488589351716e-11
-12.4975,0.1237206990738388,79.17998221974273,100.08810032149957,0.7853981633974483,False,1.0,100.0,-12.4975,1.8475906161984426e-20,924,2.100467889898372e-11
-11.9975,0.11781603601108256,79.1195970262088,100.01893621204424,0.7853981633974483,False,1.0,100.0,-11.9975,-7.411538288475128e-22,924,2.1009617656719826e-11
-11.4975,0.11188683876169446,79.06217033975467,99.95273150249818,0.7853981633974483,False,1.0,100.00000000000001,-11.4975,-2.3240466490289866e-20,923,2.1639580752297327e-11
-10.9975,0.10593416836978209,79.00771416297358,99.88948948426629,0.7853981633974483,False,1.0,100.0,-10.9975,-6.299807545203859e-21,923,2.1680440429050485e-11
-10.4975,0.09995909919630638,78.95623996418469,99.82921332680274,0.7853981633974483,False,1.0,100.0,-10.4975,-2.6152142246476523e-20,922,2.2290941661951003e-11
-9.9975,0.09396271850117768,78.9077586716183,99.77190607613166,0.7853981633974483,False,1.0,100.0,-9.9975,4.764560328305439e-22,922,2.262310304368409e-11
-9.4975,0.08794612583522825,78.8622806666339,99.71757065216221,0.7853981633974483,False,1.0,100.00000000000001,-9.4975,-7.146840492458159e-21,922,2.2722625864224355e-11
-8.9975,0.08191043249139313,78.81981577777476,99.6662098466942,0.7853981633974483,False,1.0,100.00000000000001,-8.9975,6.03510974918689e-21,921,2.3079626751409954e-11
-8.4975,0.07585676096473651,78.78037327520127,99.61782632162384,0.7853981633974483,False,1.0,100.0,-8.4975,6.88214269644119e-22,920,2.364662285425645e-11
-7.9975000000000005,0.0697862443696898,78.7439618652183,99.57242260704214,0.7853981633974483,False,1.0,99.99999999999999,-7.9975000000000005,1.3287829360051837e-20,920,2.3997268581987807e-11
-7.4975000000000005,0.06370002580231271,78.71058968494098,99.53000109926606,0.7853981633974483,False,1.0,99.99999999999999,-7.4975000000000005,-7.146840492458159e-21,920,2.4352493979695744e-11
-6.9975000000000005,0.057599257759546975,78.68026429759716,99.49056405932215,0.7853981633974483,False,1.0,99.99999999999999,-6.9975000000000005,1.3234889800848443e-21,920,2.4712765687995297e-11
-6.4975000000000005,0.05148510151551086,78.65299268797425,99.45411361135686,0.7853981633974483,False,1.0,100.0,-6.4975000000000005,1.3314299139653533e-20,920,2.494239363659556e-11
-5.9975000000000005,0.04535872644349348,78.62878125806023,99.42065174102014,0.7853981633974483,False,1.0,100.0,-5.9975000000000005,4.42045319348338e-21,918,2.544866574416549e-11
-5.4975000000000005,0.039221309452655014,78.60763582340509,99.39018029437355,0.7853981633974483,False,1.0,100.0,-5.4975000000000005,4.552802091491864e-21,918,2.582437822612471e-11
-4.9975000000000005,0.03307403424659737,78.58956160927563,99.36270097633786,0.7853981633974483,False,1.0,100.0,-4.9975000000000005,-5.6645328347631335e-21,918,2.620543886056037e-11
-4.4975000000000005,0.02691809069874287,78.57456324754088,99.33821534966671,0.7853981633974483,False,1.0,100.0,-4.4975000000000005,-1.998468359928115e-21,918,2.6591944358306252e-11
-3.9975,0.020754674168659077,78.56264477373321,99.31672483385547,0.7853981633974483,False,1.0,100.0,-3.9975,-5.532183936754649e-21,918,2.698412934071248e-11
-3.4975,0.01458498481921141,78.55380962447589,99.29823070418308,0.7853981633974483,False,1.0,100.0,-3.4975,4.532949756790592e-21,918,2.7381911625254385e-11
-2.9975,0.008410226936086925,78.54806063526156,99.28273409086836,0.7853981633974483,False,1.0,100.00000000000001,-2.9975,-1.373119816838026e-21,918,2.7779366480740197e-11
-2.4975,0.0022316081869786122,78.54540003852763,99.27023597827736,0.7853981633974483,False,1.0,100.0,-2.4975,-2.0514079191315086e-22,917,2.8195037694552297e-11
-1.9975,-0.003949660987660558,78.54582946220512,99.26073720437462,0.7853981633974483,False,1.0,100.0,-1.9975,0.07728956284648626,917,2.861041395116337e-11
-1.4975,-0.010132368160534016,78.54934992845251,99.25423846009909,0.7853981633974483,False,1.0,100.0,-1.4975,0.365082593641059,917,2.908336180391935e-11
-0.9975,-0.016315299616113197,78.55596185286325,99.250740288977,0.7853981633974483,False,1.0,99.99999999999999,-0.9975,0.7252816618721459,911,2.953033629259083e-11
-0.575,-0.02153915384183553,78.56395863514098,99.25012361548691,0.7853981633974483,False,1.0,100.0,-0.575,1.0579975718898547,906,2.9913049034296924e-11
-0.25,-0.025556561999637004,78.57161170875433,99.25110744978272,0.7853981633974483,False,1.0,100.0,-0.25,1.3252656000647378,903,3.0210571457661706e-11
0.0,-0.02864608693893797,78.57838704945662,99.25272711562003,0.7853981633974483,False,1.0,100.0,-3.7190040340384124e-21,1.5358670611475491,901,3.0441183861834586e-11
0.25,-0.03173475895630069,78.58593466912689,99.25509711547757,0.7853981633974483,False,1.0,100.0,-1.3367238698856927e-21,1.750002132983527,901,2.665542591338832e-11
0.575,-0.03574850824583247,78.59690074364664,99.25929985892327,0.7853981633974483,False,1.0,100.0,-5.360130369343619e-21,2.0327544345092874,901,4.300694609465916e-11
0.9975,-0.040963297480215065,78.61310622689963,99.2666591105685,0.7853981633974483,False,1.0,100.0,-1.9322939109238726e-21,2.4063635565588664,902,3.137773374461972e-11
1.4975,-0.04712921258772414,78.63512960328902,99.27813677313559,0.7853981633974483,False,1.0,99.99999999999999,-2.1440521477374477e-21,2.8555024881695203,902,3.197740076205102e-11
1.9975,-0.05328809392241723,78.66023422685772,99.29261516824596,0.7853981633974483,False,1.0,100.0,-1.2705494208814505e-21,3.3106310331268,903,3.2343494202335954e-11
2.4975,-0.05943873838203153,78.68841627972864,99.3100938061178,0.7853981633974483,False,1.0,100.0,-4.658681209898652e-21,3.77054993075087,904,3.2836518226719846e-11
2.9975,-0.06557994723720482,78.71967134358708,99.33057205007607,0.7853981633974483,False,1.0,100.0,-4.7645603283054394e-21,4.234384514379776,906,3.33366650256961e-11
3.4975,-0.07171052677482809,78.75399440196546,99.35404911706003,0.7853981633974483,False,1.0,100.0,-1.3526057376467109e-20,4.701485949313211,922,3.3843614542783396e-11
3.9975,-0.07782928899192432,78.79137984293925,99.3805240782873,0.7853981633974483,False,1.0,100.00000000000001,8.629148150153185e-21,5.17133623570237,932,3.435803204443477e-11
4.4975000000000005,-0.08393505226260334,78.83182146212417,99.40999586000234,0.7853981633974483,False,1.0,100.00000000000001,7.940933880509066e-21,5.643554648094975,932,3.510774483628243e-11
4.9975000000000005,-0.09002664204433723,78.87531246614144,99.44246324445345,0.7853981633974483,False,1.0,100.0,-1.5352472168984194e-21,6.117807203843387,932,3.565350618905949e-11
5.4975000000000005,-0.09610289148017372,78.92184547615769,99.47792487073367,0.7853981633974483,False,1.0,100.0,1.249373597200093e-20,6.593849672184879,932,3.6206657463844216e-11
5.9975000000000005,-0.10216264208561625,78.971412532004,99.51637923597039,0.7853981633974483,False,1.0,100.0,2.0805246766933752e-20,7.071458361847358,932,3.6766839572877075e-11
6.4975000000000005,-0.10820474437709504,79.0240050964932,99.55782469650715,0.7853981633974483,False,1.0,100.0,1.44524996625265e-20,7.550467780198823,932,3.733429190799775e-11
6.9975000000000005,-0.11422805849816602,79.07961406007738,99.6022594692163,0.7853981633974483,False,1.0,100.0,4.764560328305439e-22,8.030722280395057,932,3.7909141104019994e-11
7.4975000000000005,-0.1202314548331421,79.13822974581528,99.64968163291951,0.7853981633974483,False,1.0,100.00000000000001,4.521038355969828e-20,8.512095896809486,932,3.849141838596637e-11
7.9975000000000005,-0.12621381460739142,79.19984191464351,99.700089129916,0.7853981633974483,False,1.0,99.99999999999999,-1.7999450129153882e-21,8.99447927731823,932,3.908108038574998e-11
8.4975,-0.13217403047356566,79.26443977094411,99.75347976761807,0.7853981633974483,False,1.0,100.0,2.4775713707188285e-20,9.477787063623216,932,3.967838037299831e-11
8.9975,-0.13811100708305005,79.3320119684017,99.80985122029365,0.7853981633974483,False,1.0,100.0,1.5087774372967225e-20,9.961930479607583,932,4.0283281918518377e-11
9.4975,-0.14402366164195848,79.40254661614257,99.86920103091516,0.7853981633974483,False,1.0,100.0,1.9322939109238726e-20,10.446838137707816,932,4.0896055639172424e-11
9.9975,-0.14991092445102763,79.47603128514766,99.93152661311463,0.7853981633974483,False,1.0,100.0,2.9963790509120874e-20,10.93244399168302,932,4.151668592244917e-11
10.4975,-0.15577173943755904,79.55245301498596,99.99682525329877,0.7853981633974483,False,1.0,100.0,2.8904999325053e-20,11.418711981089706,933,4.1738449502171093e-11
10.9975,-0.1616050646261792,79.6317983205342,100.06509411259911,0.7853981633974483,False,1.0,100.00000000000001,1.3023131564034868e-20,11.905565245972126,936,4.236349812614115e-11
11.4975,-0.16740987267973786,79.71405319948346,100.1363302294625,0.7853981633974483,False,1.0,100.0,3.5998900258307764e-21,12.392992186263433,941,4.299703301735569e-11
11.9975,-0.17318515133369153,79.79920313955002,100.21053052181412,0.7853981633974483,False,1.0,100.0,-1.0587911840678754e-21,12.88093014613109,946,4.363933173157086e-11
12.4975,-0.17892990385587862,79.88723312618272,100.28769178958798,0.7853981633974483,False,1.0,100.0,4.1610493533867504e-20,13.369349036025229,951,4.429068223288368e-11
12.9975,-0.18464314947819452,79.9781276504388,100.36781071730765,0.7853981633974483,False,1.0,100.0,-2.625802136488331e-20,13.858217566906642,957,4.495101860180206e-11
13.4975,-0.1903239238084318,80.07187071706768,100.45088387676891,0.7853981633974483,False,1.0,100.00000000000001,-1.0759965408089784e-20,14.347503166504486,958,4.562051778012055e-11
13.9975,-0.19597127921474256,80.16844585273222,100.53690772975801,0.7853981633974483,False,1.0,100.0,3.467541127822292e-21,14.837189017277494,958,4.6775968515211375e-11
14.4975,-0.2015842852289583,80.26783611475389,100.62587863120845,0.7853981633974483,False,1.0,100.0,5.0689627937249536e-21,15.327258614479838,958,4.747181120423605e-11
14.9975,-0.20716202884971524,80.37002409937156,100.71779283178287,0.7853981633974483,False,1.0,100.0,-8.893845946170154e-21,15.81765481839833,958,4.817659118860895e-11
15.4975,-0.21270361490491338,80.47499195083539,100.81264648122847,0.7853981633974483,False,1.0,100.0,-5.121902352928347e-21,16.30841099707368,958,4.8890263365519715e-11
15.9975,-0.21820816635288115,80.5827213703299,100.91043563149661,0.7853981633974483,False,1.0,99.99999999999999,3.441071348220595e-22,16.79944982623569,958,4.961322325192086e-11
16.497500000000002,-0.22367482457780238,80.6931936251863,101.01115624010455,0.7853981633974483,False,1.0,100.0,-1.5590700185399466e-20,17.29081180608629,959,4.983611093245521e-11
16.997500000000002,-0.22910274962673172,80.80638955786294,101.1148041732137,0.7853981633974483,False,1.0,100.0,2.2234614865425384e-21,17.782444851058354,960,5.0573028403944065e-11
17.497500000000002,-0.23449112049268261,80.9222895957161,101.22137520948688,0.7853981633974483,False,1.0,100.0,4.354278744479138e-21,18.274332481882457,960,5.183782222917266e-11
17.997500000000002,-0.23983913533647835,81.0408737605351,101.33086504368079,0.7853981633974483,False,1.0,100.00000000000001,2.6734477397713854e-21,18.766469788292174,960,5.259838051219212e-11
18.497500000000002,-0.24514601165442645,81.16212167778474,101.44326928992294,0.7853981633974483,False,1.0,100.0,2.7131524091739308e-21,19.258869505368363,960,5.3368937741327116e-11
18.997500000000002,-0.25041098648750904,81.2860125866351,101.5585834857966,0.7853981633974483,False,1.0,100.0,-1.2348152184191597e-20,19.751493183137676,960,5.4149181666351964e-11
19.497500000000002,-0.2556333165801558,81.41252534977619,101.6768030962135,0.7853981633974483,False,1.0,100.0,2.3822801641527197e-22,20.24433233255492,961,5.441113531956532e-11
19.997500000000002,-0.2608122784928683,81.54163846297831,101.79792351703874,0.7853981633974483,False,1.0,100.0,-3.639594695233322e-21,20.737378259379646,963,5.521037099720516e-11
20.497500000000002,-0.265947168758032,81.67333006552325,101.9219400796502,0.7853981633974483,False,1.0,100.0,-9.965872020038877e-21,21.23062205427251,967,5.602098299140046e-11
20.997500000000002,-0.27103730394940445,81.80757794988497,102.04884805475535,0.7853981633974483,False,1.0,100.00000000000001,8.523269031746397e-21,21.724054582275482,970,5.684198597921686e-11
21.497500000000002,-0.27608202076486055,81.94435957185168,102.17864265671811,0.7853981633974483,False,1.0,100.0,-1.5881867761018131e-21,22.217666471723884,972,5.767454916427717e-11
21.997500000000002,-0.2810806760804873,82.08365206060452,102.31131904789731,0.7853981633974483,False,1.0,100.0,6.908612476042887e-21,22.711448102500754,976,5.851816947677335e-11
22.497500000000002,-0.28603264698507846,82.22543222881734,102.44687234307854,0.7853981633974483,False,1.0,100.00000000000001,-1.6014216659026616e-20,23.205411135595806,979,5.937333263927869e-11
22.997500000000002,-0.2909373307939651,82.36967658275758,102.5852976139984,0.7853981633974483,False,1.0,100.0,-7.22624983126325e-21,23.69954467496066,982,6.023963619594674e-11
23.497500000000002,-0.2957941450443919,82.51636133241581,102.72658989396159,0.7853981633974483,False,1.0,100.00000000000001,-2.0117032497289633e-21,24.193826299086655,984,6.111799955021979e-11
23.997500000000002,-0.3006025274705092,82.6654624015947,102.87074418255139,0.7853981633974483,False,1.0,100.0,-7.464477847678522e-21,24.68824554258585,988,6.20081867797051e-11
24.497500000000002,-0.3053619359586682,82.81695543800947,103.01775545043365,0.7853981633974483,False,1.0,100.0,7.72917564369549e-21,25.18279163551665,990,6.290997583979774e-11
24.997500000000002,-0.3100718484864845,82.97081582334262,103.16761864425112,0.7853981633974483,False,1.0,100.0,1.0984958534704208e-20,25.677510194075975,993,6.382416123384971e-11
25.497500000000002,-0.31473176304122163,83.12701868326866,103.32032869161293,0.7853981633974483,False,1.0,100.0,1.4690727678941772e-20,26.172357590615338,996,6.475060071453598e-11
25.997500000000002,-0.31934119752153833,83.28553889744636,103.47588050617637,0.7853981633974483,False,1.0,99.99999999999999,6.908612476042887e-21,26.667307607945272,1000,6.568932897632607e-11
26.497500000000002,-0.3238996896218503,83.44635110942781,103.63426899282138,0.7853981633974483,False,1.0,100.0,1.0402623383466876e-20,27.16239263178957,1004,6.664060275829442e-11
26.997500000000002,-0.32840679670063466,83.60942973654653,103.79548905291797,0.7853981633974483,False,1.0,100.0,-1.1329065669526267e-20,27.657615695377835,1013,6.76046996161972e-11
27.497500000000002,-0.3328620956238644,83.77474897960039,103.95953558960086,0.7853981633974483,False,1.0,100.0,-1.0137925587449907e-20,28.152915614698404,1013,6.906913929682901e-11
27.997500000000002,-0.3372651826227251,83.94228283293778,104.1264035135858,0.7853981633974483,False,1.0,100.0,-1.4346620544119712e-20,28.64836044535619,1013,7.005292873563107e-11
28.497500000000002,-0.3416156730843956,84.11200509355392,104.29608774817513,0.7853981633974483,False,1.0,100.0,-1.7364175418713157e-20,29.143903446494395,1013,7.104918042788455e-11
28.997500000000002,-0.3459132013750455,84.28388937097984,104.46858323527044,0.7853981633974483,False,1.0,100.0,-2.1440521477374477e-20,29.639524104395765,1013,7.205883112426648e-11
29.497500000000002,-0.3501574206302185,84.45790909671662,104.64388494111365,0.7853981633974483,False,1.0,100.00000000000001,1.6384793573450372e-20,30.13529367912024,1014,7.261975742967053e-11
29.997500000000002,-0.354348002514318,84.63403753313084,104.82198786167564,0.7853981633974483,False,1.0,100.00000000000001,-6.723324018831009e-21,30.631097239448042,1014,7.411730951201179e-11
30.497500000000002,-0.35848463702050454,84.8122477835339,105.0028870294968,0.7853981633974483,False,1.0,99.99999999999999,8.84090638696676e-21,31.12706754281372,1014,7.516673394825091e-11
30.997500000000002,-0.36256703218675385,84.9925128004067,105.18657751882014,0.7853981633974483,False,1.0,100.0,2.1440521477374477e-21,31.623064705043284,1014,7.62295990219819e-11
31.497500000000002,-0.3665949138534757,85.17480539479894,105.37305445217982,0.7853981633974483,False,1.0,100.0,1.376428539288238e-21,32.11920570693678,1014,7.730623780011214e-11
31.997500000000002,-0.3705680253884065,85.3590982450741,105.56231300654838,0.7853981633974483,False,1.0,99.99999999999999,-4.182225177068108e-21,32.615378277045,1014,7.839733723313813e-11
32.4975,-0.37448612740432524,85.54536390560307,105.75434841967714,0.7853981633974483,False,1.0,100.0,9.899697571034635e-21,33.11168823604341,1014,7.950241853738049e-11
32.9975,-0.37834899746663064,85.73357481531393,105.94915599654041,0.7853981633974483,False,1.0,100.0,-1.2440796412797536e-20,33.608017371989476,1014,8.062187722979175e-11
33.4975,-0.3821564297913813,85.9237033060931,106.14673111588516,0.7853981633974483,False,1.0,100.0,-5.293955920339377e-22,34.104494542745044,1014,8.175585902714388e-11
33.9975,-0.3859082349343995,86.11572161103344,106.3470692368881,0.7853981633974483,False,1.0,100.0,3.3087224502121107e-21,34.60096848627106,1014,8.29045374017845e-11
34.4975,-0.3896042394720468,86.30960187252448,106.55016590592136,0.7853981633974483,False,1.0,99.99999999999999,-3.65282958503417e-21,35.09760333708739,1014,8.406818990946974e-11
34.9975,-0.39324428567696756,86.50531615026333,106.75601676350763,0.7853981633974483,False,1.0,100.0,3.864587821847745e-21,35.59424276741612,1015,8.487518327049415e-11
35.4975,-0.3968282311706003,86.70283642860909,106.96461755091553,0.7853981633974483,False,1.0,100.0,4.711620769102046e-21,36.09099257214405,1015,8.64407503908815e-11
35.9975,-0.4003559486118704,86.90213462507573,107.17596411813136,0.7853981633974483,False,1.0,99.99999999999999,9.317362419797304e-21,36.58779574482622,1016,8.72967254039736e-11
36.4975,-0.40382732531119075,87.10318259653616,107.39005242990527,0.7853981633974483,False,1.0,99.99999999999999,3.298134538371432e-20,37.084639385492714,1016,8.887527519485516e-11
36.9975,-0.40724226292001575,87.3059521477613,107.60687857432681,0.7853981633974483,False,1.0,100.0,-1.6940658945086007e-21,37.58160453684686,1017,8.97806967659065e-11
37.4975,-0.4106006770335666,87.5104150372125,107.82643876907765,0.7853981633974483,False,1.0,100.0,-3.631653761352813e-20,38.078566403995964,1017,9.137295781114219e-11
37.9975,-0.41390249687010955,87.71654298520015,108.04872937020224,0.7853981633974483,False,1.0,100.00000000000001,-4.42045319348338e-21,38.575645377512124,1018,9.232872799636027e-11
38.4975,-0.4171476648695834,87.92430767941664,108.27374687873227,0.7853981633974483,False,1.0,100.0,-8.973255284975244e-21,39.07276754093214,1019,9.362726566264357e-11
38.9975,-0.420336136350771,88.13368078224788,108.50148794925785,0.7853981633974483,False,1.0,100.0,-1.2970192004831474e-20,39.569893548227576,1019,9.524178667952299e-11
39.4975,-0.4234678791414117,88.34463393710456,108.73194939786845,0.7853981633974483,False,1.0,100.00000000000001,2.3822801641527197e-20,40.06717420977939,1020,9.627401653666823e-11
39.9975,-0.4265428731826724,88.55713877382921,108.96512820962255,0.7853981633974483,False,1.0,99.99999999999999,6.405686663610646e-21,40.56445163032573,1020,9.790452476510225e-11
40.4975,-0.42956111018958354,88.77116691571902,109.2010215477009,0.7853981633974483,False,1.0,100.0,-3.7190040340384124e-20,41.061760627081476,1020,9.926149485695035e-11
40.9975,-0.43252259325127057,88.98668998448855,109.43962676109196,0.7853981633974483,False,1.0,100.0,-8.020343219314156e-21,41.559194868526575,1020,1.0063571503904356e-10
41.4975,-0.4354273364712462,89.2036796063108,109.68094139350255,0.7853981633974483,False,1.0,100.0,-8.602678370551488e-21,42.056625849045915,1021,1.017721809604133e-10
41.9975,-0.43827536458296446,89.42210741687188,109.92496319175177,0.7853981633974483,False,1.0,100.0,-4.4231001714435496e-20,42.55408909689234,1022,1.0319020637972187e-10
42.4975,-0.4410667125851843,89.64194506695667,110.17169011490256,0.7853981633974483,False,1.0,100.0,1.1117307432712692e-20,43.051675227037094,1022,1.0486455453984078e-10
42.9975,-0.4438014253798592,89.86316422754253,110.42112034324957,0.7853981633974483,False,1.0,99.99999999999999,-1.2758433768017899e-20,43.54925811968656,1023,1.0607988792932233e-10
43.4975,-0.44647955737100464,90.08573659395856,110.67325228700317,0.7853981633974483,False,1.0,100.0,3.1922554199646444e-20,44.04684554875021,1023,1.0777419234830887e-10
43.9975,-0.4491011721384309,90.30963389153658,110.92808459624692,0.7853981633974483,False,1.0,100.0,-1.4823076576950256e-20,44.54458191619649,1023,1.0925652049742496e-10
44.4975,-0.4516663420467132,90.53482787939446,111.18561616992842,0.7853981633974483,False,1.0,100.0,-3.3351922298138076e-21,45.042315112952025,1024,1.105512278942733e-10
44.9975,-0.45417514788390223,90.76129035483294,111.44584616557826,0.7853981633974483,False,1.0,99.99999999999999,2.0805246766933752e-20,45.54004498752725,1025,1.1207903355403559e-10
45.4975,-0.456627678524332,90.98899315777568,111.70877400928497,0.7853981633974483,False,1.0,99.99999999999999,-1.053497228147536e-20,46.03788018314512,1026,1.1362554647176282e-10
45.9975,-0.4590240305565606,91.21790817440002,111.97439940548726,0.7853981633974483,False,1.0,100.00000000000001,-2.414043899674756e-20,46.53576210520871,1026,1.1537565347552459e-10
46.4975,-0.46136430795635347,91.44800734122761,112.24272234725603,0.7853981633974483,False,1.0,100.00000000000001,-5.61159327555974e-21,47.03364082866212,1026,1.1695359958263651e-10
46.9975,-0.46364862172905796,91.67926264840699,112.51374312646234,0.7853981633974483,False,1.0,100.0,-1.0270274485458392e-20,47.53153373686169,1027,1.1838083291415558e-10
47.4975,-0.4658770895675964,91.91164614310642,112.78746234430277,0.7853981633974483,False,1.0,99.99999999999999,-1.7152417181899582e-20,48.02956282288746,1027,1.2016896505651076e-10
47.9975,-0.4680498355602383,92.14512993336464,113.06388092211789,0.7853981633974483,False,1.0,100.0,2.1122884122154115e-20,48.52758887731266,1028,1.2164919072077396e-10
48.4975,-0.4701669898163259,92.37968619031746,113.3430001120169,0.7853981633974483,False,1.0,100.0,-3.441071348220595e-21,49.02561177930573,1028,1.2346480782188252e-10
48.9975,-0.47222868820920577,92.61528715207055,113.62482150808282,0.7853981633974483,False,1.0,100.0,-9.529120656610879e-21,49.5236792723947,1029,1.2499797724663253e-10
49.4975,-0.47423507201200393,92.85190512557166,113.90934705746135,0.7853981633974483,False,1.0,99.99999999999999,3.562832334388401e-20,50.02185114387149,1029,1.2684297362453023e-10
49.9975,-0.4761862876607534,93.08951249015857,114.19657907177516,0.7853981633974483,False,1.0,100.0,3.282252670610414e-21,50.52002008754244,1030,1.2842860108719378e-10
50.4975,-0.4780824864048303,93.3280816991656,114.48652023871006,0.7853981633974483,False,1.0,100.0,-3.9492911165731753e-20,51.018186000801336,1030,1.3030466289309928e-10
50.9975,-0.4799238240930091,93.56758528314693,114.77917363361584,0.7853981633974483,False,1.0,99.99999999999999,2.276401045745932e-21,51.51638771798506,1031,1.3194277614925198e-10
51.4975,-0.4817104608405158,93.80799585122159,115.07454273158922,0.7888597662526396,False,1.0,100.0,-9.634999775017666e-21,52.01470122163955,1031,1.3385179076230713e-10
51.9975,-0.4834425608409031,94.04928609402668,115.37263141922816,0.7961066195292565,False,1.0,99.99999999999999,-5.421010862427522e-20,52.51301197763688,1032,1.355422094007075e-10
52.4975,-0.4851202920518404,94.29142878483849,115.67344400720232,0.8033555278298096,False,1.0,100.0,-1.9587636905255695e-21,53.011319902702326,1032,1.3748601562779683e-10
52.9975,-0.486743826035986,94.53439678222495,115.97698524211415,0.8106061877615443,False,1.0,100.0,-3.5310685988663645e-20,53.50962491778458,1034,1.3922828168144719e-10
53.4975,-0.48831333767228835,94.7781630310146,116.28326031948676,0.8178602720381276,False,1.0,100.0,-1.852884572118782e-21,54.0080672494078,1035,1.4110464185979055e-10
53.9975,-0.4898290050061118,95.02270056448538,116.5922748959189,0.8251168330436175,False,1.0,100.0,-7.358598729271734e-21,54.50651889159557,1038,1.430028456761434e-10
54.4975,-0.4912910090319601,95.26798250563796,116.90403510198328,0.832377012858536,False,1.0,100.0,3.017554874593445e-21,55.00496798126057,1040,1.4492392702569745e-10
54.9975,-0.4926995335277188,95.51398206866322,117.21854755493426,0.8396409892767435,False,1.0,100.00000000000001,-4.0234064994579266e-20,55.50341446030118,1042,1.4686779570283193e-10
55.4975,-0.49405476489666555,95.76067256031143,117.53581937153815,0.8469088730748693,False,1.0,100.0,2.879912020664621e-20,56.00190122322205,1044,1.4883429905188095e-10
55.9975,-0.49535689202800487,96.00802738116327,117.85585818093115,0.8541818259281528,False,1.0,100.0,-2.752857078576476e-20,56.50049295799757,1046,1.5082399912325073e-10
56.4975,-0.49660610617945095,96.25602002683647,118.1786721374633,0.8614590778832076,False,1.0,100.00000000000001,5.193370757852929e-20,56.99908249881668,1053,1.5283719428937914e-10
56.9975,-0.49780260086167843,96.5046240891459,118.50426993360982,0.8687426104938163,False,1.0,100.0,0.0,57.49766980976411,1054,1.5487369720013078e-10
57.4975,-0.4989465717808271,96.75381325722057,118.83266081261229,0.8760311717263072,False,1.0,100.0,1.911118087242515e-20,57.99625486031246,1055,1.569339658225033e-10
57.9975,-0.500038216764567,97.00356131857141,119.16385458121428,0.8833266995151665,False,1.0,100.0,1.0587911840678754e-22,58.49488373416685,1056,1.590185205735395e-10
58.4975,-0.5010777357316979,97.25384216015016,119.49786162212482,0.8906282582099063,False,1.0,100.0,-7.72917564369549e-21,58.99361312442181,1057,1.611270561419076e-10
58.9975,-0.5020653306825505,97.50462976938928,119.83469290628129,0.8979375271618787,False,1.0,100.0,1.5193653491374012e-20,59.49234074787174,1058,1.6325986396115155e-10
59.4975,-0.5030012057158855,97.75589823524507,120.17436000482434,0.9052537611343466,False,1.0,100.0,-4.256340559952859e-20,59.99106659796168,1059,1.6541757547061664e-10
59.9975,-0.503885567065134,98.00762174926321,120.51687510076711,0.9125785913565102,False,1.0,99.99999999999999,4.573977915173222e-20,60.48979067430449,1061,1.655540635137065e-10
60.4975,-0.5047186232084799,98.25977460665021,120.86225099993642,0.919911195224806,False,1.0,100.0,2.3505164286306834e-20,60.98851298289485,1062,1.6773014227533523e-10
60.9975,-0.5055005849234249,98.51233120743315,121.21050114193282,0.927253436403028,False,1.0,100.00000000000001,-1.2229038175983961e-20,61.487374031511415,1063,1.6993056961567277e-10
61.4975,-0.5062316654622235,98.76526605763938,121.56163960989021,0.9346041265558273,False,1.0,100.0,-3.14460981668159e-20,61.98624033119597,1064,1.7215572717388383e-10
61.9975,-0.5069120807107594,99.01855377057964,121.91568113981124,0.941965631839763,False,1.0,100.0,1.3287829360051837e-20,62.48510545385911,1066,1.7229984106137408e-10
62.4975,-0.5075420494412283,99.27216906821226,122.2726411286242,0.9493365593972138,False,1.0,100.0,4.0234064994579266e-21,62.98396943188473,1067,1.7454278994355477e-10
62.9975,-0.5081217935127914,99.52608678264517,122.63253564184006,0.9567187466013529,False,1.0,100.0,-1.079967007749233e-20,63.48283230490645,1068,1.7681064251595657e-10
63.4975,-0.5086515381987377,99.78028185776309,122.99538141942925,0.9641117907228292,False,1.0,100.00000000000001,-6.326277324805556e-20,63.9817193796948,1070,1.7697059789822944e-10
63.9975,-0.5091315125626394,100.03472935102077,123.36119588025817,0.9715163174568255,False,1.0,100.0,-2.625802136488331e-20,64.48072533465242,1071,1.792555895385739e-10
64.4975,-0.5095619497965743,100.28940443541393,123.72999712557602,0.9789333405745926,False,1.0,100.00000000000001,1.5352472168984194e-21,64.97973085346533,1072,1.8156528364121627e-10
64.9975,-0.509943087698083,100.54428240166152,124.10180394033542,0.9863621634391826,False,1.0,100.0,-7.093900933254765e-21,65.47873600381773,1072,1.8402412232942922e-10
65.4975,-0.5102751692100442,100.79933866071867,124.47663579060662,0.9938046382611375,False,1.0,100.0,-1.7946510569950488e-20,65.97774086148158,1073,1.8406986351804377e-10
65.9975,-0.5105584429061143,101.05454874625812,124.8545128242248,1.001260196397911,False,1.0,100.0,7.168016316139517e-20,66.47674551058051,1073,1.865561732872223e-10
66.4975,-0.5107931637148755,101.30988831793928,125.23545585992177,1.0087289718416141,False,1.0,100.00000000000001,-5.3998350387461647e-20,66.97575004384069,1073,1.8893849679235686e-10
66.9975,-0.5109795935339249,101.56533316452344,125.61948638247566,1.0162129938972841,False,1.0,100.0,-6.776263578034403e-21,67.47488389909576,1073,1.913463693048456e-10
67.4975,-0.5111180020479952,101.82085920766791,126.00662652804108,1.0237110873546227,False,1.0,100.0,-7.199780051661553e-21,67.97403184018714,1074,1.9137881557274028e-10
67.9975,-0.5112086675433415,102.07644250594987,126.39689907069172,1.0312236849128418,False,1.0,100.0,2.959321359469712e-20,68.47318045110164,1074,1.9395770406438473e-10
68.4975,-0.5112518778990961,102.33205925950688,126.79032739735739,1.0387525286637098,False,1.0,100.0,4.870439446712227e-21,68.97232985468021,1074,1.9640632870077113e-10
68.9975,-0.511247931515836,102.58768581496491,127.18693548759221,1.0462968122161718,False,1.0,100.0,1.8158268806764064e-20,69.47148018307207,1074,1.9888080071694958e-10
69.4975,-0.5111971384769893,102.84329867102804,127.5867478800507,1.0538567647733763,False,1.0,100.0,4.748678460544421e-20,69.97063157794642,1075,1.9889596220012962e-10
69.9975,-0.5110998217118047,103.09887448463974,127.98978963967497,1.0614330338684772,False,1.0,99.99999999999999,1.3076071123238261e-20,70.46979399803473,1075,2.0157076702220778e-10
70.4975,-0.5109563183721685,103.35439007766878,128.39608630872948,1.0690266098153696,False,1.0,100.0,-5.293955920339377e-23,70.96908839064761,1075,2.040840760275664e-10
70.9975,-0.5107669811437664,103.60982244440251,128.80566386314595,1.0766367946451274,False,1.0,100.0,4.0763460586613204e-21,71.46838472054954,1075,2.0662267036231086e-10
71.4975,-0.5105321798293001,103.86514875966871,129.21854865051097,1.0842638557552378,False,1.0,100.0,-4.7380905487037425e-20,71.96768315886274,1076,2.066197074546139e-10
71.9975,-0.5102523029411022,104.12034638788724,129.63476732785418,1.091908023646554,False,1.0,100.00000000000001,-3.049318610115481e-20,72.46698388640594,1076,2.0938938083414627e-10
72.4975,-0.5099277595548758,104.37539289264231,130.05434677642572,1.0995697630733856,False,1.0,100.0,-5.151019110490214e-20,72.96628709374932,1077,2.1173075792635387e-10
72.9975,-0.5095589810041768,104.63026604776653,130.4773140279461,1.1072494866212508,False,1.0,100.0,1.5881867761018131e-22,73.46559298133273,1077,2.1456438709099857e-10
73.4975,-0.5091464231142379,104.88494384853776,130.90369615143123,1.114946649497716,False,1.0,100.0,3.885763645529103e-20,73.96490175940372,1078,2.145465055614082e-10
73.9975,-0.5086905681376926,105.13940452496287,131.33352015796655,1.1226612773174947,False,1.0,99.99999999999999,8.618560238312506e-20,74.46429060199678,1078,2.1740453187701902e-10
74.4975,-0.5081919271851909,105.39362655500642,131.76681286164194,1.130393331070288,False,1.0,100.0,-5.563947672276685e-20,74.96374314530864,1078,2.200374743521749e-10
74.9975,-0.5076510425018087,105.64758868004382,132.203600752124,1.1381427005541331,False,1.0,99.99999999999999,9.26442286059391e-20,75.46319953473987,1078,2.2269323884938075e-10
75.4975,-0.5070684900647893,105.90126992086117,132.64390983502435,1.1459091969790358,False,1.0,100.0,4.663975165818991e-20,75.96266000236311,1078,2.253712216848669e-10
75.9975,-0.5064448822259339,106.1546495951357,133.0877654607564,1.153692545183757,False,1.0,100.0,-6.564505341220828e-21,76.46212478846628,1079,2.2533367532995285e-10
76.4975,-0.5057808704737201,106.40770733672413,133.53519214194978,1.1614923754121154,False,1.0,99.99999999999999,5.124549330888517e-20,76.96159414120295,1079,2.2828545304109937e-10
76.9975,-0.5050771483869348,106.66042311512791,133.98621333310038,1.169308214313168,False,1.0,100.00000000000001,-4.404571325722362e-20,77.46106831606102,1079,2.3099082369082424e-10
77.4975,-0.5043344545385844,106.91277725809626,134.44085121640586,1.177139475807656,False,1.0,100.0,4.341043854678289e-21,77.96054757536461,1079,2.3371671264982297e-10
77.9975,-0.5035535756337167,107.16475047449049,134.89912644714713,1.184985451156749,False,1.0,100.0,5.52688998083431e-20,78.46006147303284,1079,2.364630019568992e-10
78.4975,-0.5027353496351041,107.41632387905992,135.36105788453668,1.1928452986844864,False,1.0,100.0,2.625802136488331e-20,78.95968449584,1080,1.8654046363142385e-10
78.9975,-0.5018806689749857,107.66747901946111,135.82666230640854,1.200718033076069,False,1.0,100.0,-1.7364175418713157e-20,79.45931352163038,1081,1.8842644111671802e-10
79.4975,-0.500990483722093,107.91819790358731,136.29595408964502,1.2086025142376564,False,1.0,100.0,3.3881317890172014e-20,79.95894880856126,1081,1.905829036252804e-10
79.9975,-0.5000658048015443,108.16846302910588,136.76894487428143,1.2164978426105812,False,1.0,99.99999999999999,1.4081922748102743e-20,80.4585906160003,1081,1.9245636334597194e-10
80.4975,-0.49910770707424196,108.41825741546928,137.24564321576796,1.224403133420028,False,1.0,100.0,1.7470054537119944e-20,80.95823920323026,1081,1.9433048920047824e-10
80.9975,-0.49811733236816275,108.6675646360339,137.726054201564,1.232315939329132,False,1.0,99.99999999999999,1.291725244562808e-20,81.45789482788749,1081,1.9620449709378818e-10
81.4975,-0.49709589228804507,108.91636885220291,138.21017905560362,1.2402343976858314,False,1.0,100.0,1.5246593050577406e-20,81.95755774428109,1082,1.952922615289232e-10
81.9975,-0.496044670930471,109.16465485001856,138.69801473198322,1.2481569780034145,False,1.0,100.00000000000001,-1.138200522872966e-19,82.45722820158457,1082,1.9726074940162874e-10
82.4975,-0.4949650270242207,109.41240807489598,139.18955347400117,1.2560826248667976,False,1.0,100.0,-6.352747104407253e-20,82.95690644171005,1082,1.9909067450196716e-10
82.9975,-0.49385839601172754,109.65961467155977,139.684782390615,1.2640072978741128,False,1.0,100.0,-3.631653761352813e-20,83.45669276730217,1082,2.0091808772271236e-10
83.4975,-0.4927262914780264,109.90626152172895,140.1836830048299,1.2719294574940345,False,1.0,99.99999999999999,-4.616329562535937e-20,83.95651347531114,1082,2.027427184470021e-10
83.9975,-0.49157030609803026,110.15233628365947,140.68623081003847,1.2798467666539048,False,1.0,100.0,3.610477937671455e-20,84.45634246241212,1082,2.0456438626359486e-10
84.4975,-0.49039211188616544,110.39782743154804,141.19239482979472,1.28775485156924,False,1.0,99.99999999999999,3.4304834363799164e-20,84.95617989070591,1083,2.0384314375343493e-10
84.9975,-0.4891934599811108,110.64272429612896,141.70213719140415,1.295652893876197,False,1.0,100.0,6.013933925505532e-20,85.45602590267062,1084,2.056909087500003e-10
85.4975,-0.48797617913886265,110.887017102674,142.2154127164544,1.3035350020193166,False,1.0,100.0,2.4352197233561135e-20,85.95588061842261,1084,2.071871216258181e-10
85.9975,-0.4867421735838064,111.13069700932111,142.73216854448364,1.31139987841772,False,1.0,100.0,-2.3399285167900047e-20,86.45574413294547,1084,2.0896084862442876e-10
86.4975,-0.4854934200143248,111.37375614513441,143.25234379522638,1.3192421817370577,False,1.0,100.0,-8.960020395174396e-21,86.95561651334876,1085,2.1123008203671745e-10
86.9975,-0.4842319634966678,111.61618764541547,143.77586927420072,1.3270579652016745,False,1.0,100.00000000000001,-4.4998625322884706e-21,87.45549779610525,1085,2.1250975978936992e-10
87.4975,-0.4829599114714466,111.85798568233308,144.30266725268942,1.334844710574095,False,1.0,100.0,1.8078859467958973e-20,87.95538798436307,1086,2.1207897937802755e-10
87.9975,-0.48167942816810955,112.09914549773545,144.83265129256992,1.3425961194040976,False,1.0,100.0,-1.7999450129153882e-21,88.45528704541964,1087,2.1387672188843965e-10
88.4975,-0.4803927260846332,112.33966342713062,145.36572618155003,1.3503078577570133,False,1.0,100.0,2.117582368135751e-21,88.95529131832429,1088,2.156705092293265e-10
88.9975,-0.4791020575759513,112.57953692292963,145.90178793326447,1.3579762354913538,False,1.0,99.99999999999999,3.5998900258307764e-21,89.45532430419274,1088,2.1670020639019683e-10
89.4975,-0.477809704354362,112.81876457112806,146.44072391250012,1.3655962148665084,False,1.0,100.0,-2.2671366228853383e-20,89.95536541760963,1089,2.192459130911928e-10
89.9975,-0.4765179671933096,113.05734610440356,146.98241301982694,1.3731621955521482,False,1.0,100.0,-7.146840492458159e-21,90.45541444743796,1090,2.2102650265587442e-10
90.4975,-0.47522915310049724,113.29528240746114,147.5267260452107,1.3806692160754714,False,1.0,99.99999999999999,1.9852334701272664e-22,90.95547114034161,1091,2.2280173539446224e-10
90.9975,-0.4739455628639793,113.53257551755789,148.07352608979122,1.3881122211033792,False,1.0,100.0,-5.624828165360588e-21,91.45553520038926,1097,2.2457132681230618e-10
91.4975,-0.47266947746444815,113.76922861802583,148.62266911861602,1.3954860920991734,False,1.0,100.0,-1.0733495628488087e-20,91.95560628922459,1105,2.2334613325458719e-10
91.9975,-0.4714031442525751,114.00524602483661,149.17400461603617,1.4027856802079905,False,1.0,100.0,-1.3565762045869654e-20,92.45568402671196,1110,2.2506289887314068e-10
92.4975,-0.4701487627196374,114.24063316620584,149.72737634924817,1.4100058413513288,False,1.0,100.0,-1.7522994096323338e-20,92.95576799218846,1113,2.2677298233686471e-10
92.9975,-0.4689084705295999,114.47539655521145,150.2826232200287,1.4171414726576321,False,1.0,99.99999999999999,6.3527471044072525e-21,93.45585772619667,1117,2.2847593261765553e-10
93.4975,-0.4676843297683558,114.70954375542078,150.83958019964464,1.4241875498349144,False,1.0,100.0,-4.274869405674047e-21,93.95595273277414,1120,2.301717080821497e-10
93.9975,-0.4664783137973507,114.94308333978135,151.3980793289405,1.4311391647004603,False,1.0,100.00000000000001,8.470329472543003e-22,94.45605248223836,1123,2.3186000341901547e-10
94.4975,-0.46529229494332425,115.17602484313153,151.9579507670177,1.4379927291402155,False,1.0,100.0,-3.758708703440958e-21,94.95615641443065,1126,2.335411447562663e-10
94.9975,-0.46412803326845986,115.40837870883489,152.5190238693922,1.444743305107103,False,1.0,100.0,1.0746730518288936e-20,95.45632071621456,1129,2.3521462555464723e-10
95.4975,-0.4629871666307326,115.6401562301206,153.08112827591296,1.4513860305592992,False,1.0,99.99999999999999,1.2612849980208566e-20,95.95653548949863,1132,2.3688061928650583e-10
95.9975,-0.461871202212656,115.87136948677038,153.64409498830193,1.4579168063498182,False,1.0,100.0,-4.658681209898652e-21,96.45675226445069,1134,2.385392924852958e-10
96.4975,-0.4607815096375313,116.10203127802112,154.20775741824576,1.4643339156818735,False,1.0,100.0,-6.326277324805556e-21,96.95697041895097,1138,2.3699076034944255e-10
96.9975,-0.4597193158983672,116.33215505241446,154.77195238359488,1.470632620507654,False,1.0,100.0,2.0381730293306602e-21,97.45718932322961,1140,2.385937628024415e-10
97.4975,-0.45868570181235163,116.56175483554922,155.33652104589584,1.4768090902345083,False,1.0,99.99999999999999,7.252719610864947e-21,97.9574083442137,1142,2.4018951411131084e-10
97.9975,-0.45768160044552564,116.79084515651768,155.90130976177568,1.4828636064189034,False,1.0,100.0,2.7396221887756277e-21,98.45762684974163,1144,2.4177758406462857e-10
98.4975,-0.45670779713448073,117.01944097397501,156.4661708458044,1.4887909973819622,False,1.0,100.0,6.88214269644119e-22,98.95784421260834,1146,2.4335828491262035e-10
98.9975,-0.45576493114365485,117.24755760262012,157.03096323312556,1.4945908059744066,False,1.0,100.0,-7.001256704648826e-21,99.45805981441778,1148,2.44931991355557e-10
99.4975,-0.4548534988278449,117.47521064089047,157.5955530355749,1.5002612604981547,False,1.0,99.99999999999999,5.26748614073768e-21,99.95827304913462,1150,2.4649863400449945e-10
99.9975,-0.4539738581397744,117.70241590058207,158.15981398989058,1.5058005688338525,False,1.0,100.00000000000001,-1.6371558683649524e-20,100.45848332631759,1153,2.480583100039624e-10
100.4975,-0.4531262343247535,117.92918933904384,158.7236277968174,1.5112089483150524,False,1.0,99.99999999999999,-1.334076891925523e-20,100.95869007399413,1155,2.496115397709886e-10
100.9975,-0.45231072660982585,118.15554699443244,159.286884355093,1.5164845568376528,False,1.0,100.0,1.2361387073992446e-20,101.45889274115962,1157,2.51158038810928e-10
101.4975,-0.4515273157042298,118.38150492457035,159.8494818942535,1.5216283607330077,False,1.0,100.0,-9.132073962585426e-22,101.95909079988682,1159,2.5269848019648933e-10
101.9975,-0.45077587192157065,118.60707914968386,160.41132701332012,1.5266395270773978,False,1.0,100.0,-8.337980574534519e-22,102.45928374704711,1161,2.5423291943882376e-10
102.4975,-0.4500561637360893,118.83228559934267,160.97233463400292,1.5315187151915886,False,1.0,100.0,-2.1691984383590598e-20,102.95947110565304,1162,2.5576143286576425e-10
102.9975,-0.4493678665830259,119.05714006373543,161.53242787749335,1.536266937325052,False,1.0,100.0,-3.917527381051139e-21,103.45966410109355,1165,2.537945686942322e-10
103.4975,-0.44871057188518154,119.28165814937945,162.0915378703226,1.5408836808098798,False,1.0,100.0,4.552802091491864e-21,103.95993445790404,1166,2.552726016680218e-10
103.9975,-0.4480837958036573,119.50585523933472,162.64960350132273,1.545372425105593,False,1.0,100.0,-7.358598729271734e-21,104.4601980754231,1169,2.567449794432797e-10
104.4975,-0.44748698807299225,119.7297464577699,163.20657112300927,1.5497314948574912,False,1.0,100.0,-8.735027268559972e-21,104.96045461349459,1171,2.5821218080368524e-10
104.9975,-0.44691954045719,119.95334663891455,163.76239421963385,1.553965212441513,False,1.0,100.00000000000001,5.293955920339377e-22,105.46070375885442,1172,2.5967467759402396e-10
105.4975,-0.4463807948834901,120.17667030007728,164.31703304540395,1.5580730769436133,False,1.0,100.0,-7.345363839470886e-21,105.96094522462505,1174,2.6113194939725304e-10
105.9975,-0.4458700511654568,120.39973161869725,164.87045424244565,1.5620574823916238,False,1.0,99.99999999999999,-1.020410003645415e-20,106.46117874966467,1175,2.625846137749299e-10
106.4975,-0.4453865742680706,120.62254441312774,165.42263044571385,1.5659211808054423,False,1.0,100.0,-1.410839252770444e-20,106.96140409771586,1177,2.640326499103729e-10
106.9975,-0.4449296010768707,120.84512212691631,165.97353988166915,1.5696640551848526,False,1.0,100.0,-1.5484821066992678e-20,107.46162105649387,1191,2.654761410703088e-10
107.4975,-0.4444983466554407,121.06747781635941,166.5231659663924,1.5732912555232634,True,1.0,100.00000000000001,-8.192396786725186e-21,107.96182943665836,1207,2.669154758327963e-10
107.9975,-0.44409200998021475,121.28962414104207,167.07149690804792,1.5768021676394075,True,1.0,100.0,-6.008639969585193e-21,108.46202907072343,1218,2.6835033500871575e-10
108.4975,-0.4437097791578014,121.51157335711774,167.61852531774997,1.580200259280584,True,1.0,100.0,-1.0402623383466876e-20,108.96221981192416,1226,2.6978097533714163e-10
108.9975,-0.4433508361309806,121.73333731307248,168.16424783225807,1.5834880497991897,True,1.0,100.0,8.298275905131974e-21,109.46240153305688,1235,2.7120796580737405e-10
109.4975,-0.44301436089201257,121.95492744771224,168.70866475104137,1.5866661721016964,True,1.0,99.99999999999999,-2.660212849970537e-21,109.9625741253103,1242,2.726307513079007e-10
109.9975,-0.44269953522745614,122.17635479016606,169.25177968957595,1.5897400065482423,True,1.0,100.0,1.0230569816055846e-20,110.4627374971011,1249,2.740496926612046e-10
110.4975,-0.44240554601384896,122.39762996158159,169.79359925049283,1.5927086627709863,True,1.0,100.0,-6.617444900424221e-22,110.96289157292519,1253,2.7546481762286135e-10
110.9975,-0.44213158810033554,122.61876317845304,170.3341327133143,1.595576766561905,True,1.0,100.0,-8.84090638696676e-21,111.46303629223546,1258,2.7687611231508313e-10
111.4975,-0.44187686679854615,122.83976425720873,170.87339174330083,1.5983454165828117,True,1.0,100.0,7.940933880509066e-22,111.96317160835147,1264,2.7828372939353585e-10
111.9975,-0.4416406000166446,123.06064262001226,171.41139011973087,1.601017165240399,True,1.0,100.0,-9.93940224043718e-21,112.46329748740956,1268,2.7968742599693286e-10
112.4975,-0.441422020066381,123.28140730151557,171.94814348318403,1.6035950702965185,True,1.0,100.0,-7.848289651903127e-21,112.96341390735587,1273,2.810874935588181e-10
112.9975,-0.4412203751415967,123.50206695642686,172.48366910274564,1.6060798904774136,True,1.0,100.0,7.438008068076825e-21,113.46360415284026,1278,1.0547415718598074e-10
113.4975,-0.4410349306635916,123.72262986788772,173.01798565644253,1.6084761503086706,True,1.0,100.0,2.1639044824387204e-20,113.96379684557634,1282,1.0569422420614316e-10
113.9975,-0.4408649701143395,123.9431039561427,173.55111303905153,1.6107832846452848,True,1.0,100.0,-6.101284198191132e-21,114.46398051098339,1287,1.0591057197917308e-10
114.4975,-0.4407097959203007,124.163496787936,174.08307217693326,1.6130067606413137,True,1.0,100.00000000000001,-8.536503921547246e-21,114.96415517041059,1291,1.061230062160412e-10
114.9975,-0.4405687300098228,124.38381558606137,174.61388486353238,1.6151452653085836,True,1.0,100.0,2.1043474783349024e-21,115.46432085207198,1297,1.0633151997785362e-10
115.4975,-0.44044111422573007,124.60406723927429,175.14357360902562,1.6172044552532183,True,1.0,99.99999999999999,-1.1196716771517783e-20,115.96447759038837,1299,1.0653644633151771e-10
115.9975,-0.44032631058999805,124.82425831226023,175.6721615038727,1.6191828700687256,True,1.0,100.0,-1.879354351720479e-21,116.46462542535592,1302,1.0673716771547603e-10
116.4975,-0.4402237014365778,125.04439505581925,176.19967209558465,1.6210861480454029,True,1.0,100.0,-8.258571235729428e-21,116.96476440196267,1307,1.0693401719663598e-10
116.9975,-0.4401326894279006,125.26448341698926,176.72612927772707,1.6229128754184454,True,1.0,100.0,-1.095848875510251e-20,117.46489456964818,1309,1.0712714049176952e-10
117.4975,-0.44005269747838216,125.48452904921277,177.25155719008498,1.6246680540162257,True,1.0,100.0,-1.0243804705856695e-20,117.96501598180423,1313,1.0731609351166682e-10
117.9975,-0.4399831685900125,125.70453732241779,177.77598012940814,1.626351064324407,True,1.0,100.0,7.835054762102278e-21,118.4651286953137,1316,1.0750112605650841e-10
118.4975,-0.4399235656185646,125.9245133330284,178.2994224696549,1.6279656554447077,True,1.0,100.0,8.205631676526035e-22,118.9652327701258,1319,1.0768217567624916e-10
118.9975,-0.439873370979658,126.14446191378487,178.82190859109758,1.6295125418172791,True,1.0,100.0,8.999725064576941e-22,119.46532826886666,1323,1.0785918685973783e-10
119.4975,-0.43983208630398185,126.36438764345709,179.3434628174973,1.6309936877975142,True,1.0,100.0,5.1880768019325896e-21,119.96541525648051,1325,1.0803195837905122e-10
119.9975,-0.43979923205404464,126.58429485634724,179.86410936056836,1.6324116646021178,True,1.0,100.0,-9.396771758602394e-21,120.46549379990243,1328,1.0820070533990034e-10
120.4975,-0.43977434710687335,126.80418765165422,180.38387227115228,1.6337664706883122,True,1.0,100.00000000000001,-1.826414792517085e-21,120.96556396775811,1330,1.083652750866193e-10
120.9975,-0.43975698830824966,127.02406990248467,180.9027753966148,1.6350620477191362,True,1.0,100.0,1.6781840267475825e-20,121.46562583009003,1332,1.085257994581923e-10
121.4975,-0.43974673001228576,127.24394526477977,181.42084234353058,1.6362981610829728,True,1.0,100.0,-4.367513634279986e-21,121.96567945810816,1334,1.0868182048762165e-10
121.9975,-0.4397431636124658,127.4638171857893,181.9380964439009,1.6374765820764403,True,1.0,100.0,4.658681209898652e-21,122.4657249239611,1334,1.0899947611164862e-10
122.4975,-0.43974589699871053,127.68368891319712,182.45456073571927,1.6386002940966828,True,1.0,100.0,-1.2970192004831474e-21,122.96576230053623,1336,1.0898116437063621e-10
122.9975,-0.4397545541771476,127.90356350181192,182.97025792262875,1.6396690030034335,True,1.0,100.0,1.6252444675441888e-20,123.46579166125964,1338,1.0912425824072258e-10
123.4975,-0.43976877465762926,128.1234438229056,183.48521037075386,1.6406847142194043,True,1.0,100.0,5.399835038746165e-21,123.9658840252711,1339,1.0926284876866532e-10
123.9975,-0.43978821301792287,128.343332571174,183.9994400834078,1.6416498988003538,True,1.0,100.00000000000001,-1.1487884347136448e-20,124.46599587475954,1340,1.093970747323425e-10
124.4975,-0.439812538396605,128.56323227224246,184.5129686891603,1.6425644786592999,True,1.0,100.0,-7.067431153653068e-21,124.96610038775472,1342,1.0952675572051263e-10
124.9975,-0.4398414340043676,128.78314528983762,185.0258174306332,1.643429877215756,True,1.0,100.0,-1.8211208365967457e-20,125.46619763630054,1344,1.0965178764976713e-10
125.4975,-0.4398745966445768,129.00307383275606,185.5380071555224,1.6442489133809475,True,1.0,100.0,8.126222337720944e-21,125.96628769217689,1345,1.0977219133678773e-10
125.9975,-0.439911736237359,129.2230199614475,186.04955831001823,1.6450215336268297,True,1.0,100.0,5.8762910715767086e-21,126.46637062680949,1347,1.0988802923161956e-10
126.4975,-0.4399525753549005,129.44298559452227,186.56049093383518,1.6457488872253982,True,1.0,100.0,-8.523269031746397e-21,126.96644651118876,1349,1.0999897520624913e-10
126.9975,-0.43999684876883177,129.66297251493734,187.07082465691073,1.6464322417084336,True,1.0,100.0,9.582060215814273e-21,127.46651541579894,1350,1.1010525130528137e-10
127.4975,-0.4400443030049166,129.88298237601464,187.58057869753083,1.647074026349845,True,1.0,100.0,-9.979106909839726e-21,127.9665774105536,1351,1.1020651752291499e-10
127.9975,-0.44009469591214656,130.10301670716592,188.08977186187053,1.6476741560512709,True,1.0,100.0,-6.008639969585193e-21,128.46663256474048,1353,1.1030288488145246e-10
128.4975,-0.4401477962421513,130.32307691947514,188.59842254448995,1.648233768150175,True,1.0,99.99999999999999,1.903177153362006e-20,128.9666809469717,1355,1.1039447828098403e-10
128.9975,-0.44020338324065533,130.54316431105312,189.10654872978128,1.6487539910526523,True,1.0,100.0,1.0932018975500814e-20,129.46672262514008,1356,1.1048110343248041e-10
129.4975,-0.4402612462528054,130.76328007216367,189.61416799446474,1.6492359203535667,True,1.0,100.0,1.5881867761018131e-21,129.96675766638208,1358,1.1056251747465495e-10
129.9975,-0.44032118433937373,130.9834252901851,190.12129751063424,1.6496813135415924,True,1.0,99.99999999999999,-4.0234064994579266e-21,130.46678613704475,1359,1.1063893551321868e-10
130.4975,-0.4403830059052613,131.20360095438966,190.62795404941045,1.6500905204604996,True,1.0,100.0,-2.2737540677857625e-20,130.9668081026575,1361,1.1071014938135448e-10
130.9975,-0.4404465283425108,131.42380796051958,191.13415398535133,1.650464442847506,True,1.0,100.0,5.1880768019325896e-21,131.4668236279084,1364,1.107762423457892e-10
131.4975,-0.4405115776863365,131.64404711507822,191.63991330021176,1.6508040574784244,True,1.0,100.0,-1.2890782666026383e-20,131.96683277662228,1364,1.1089160145694166e-10
131.9975,-0.4405779882596454,131.86431914003597,192.14524759269764,1.6511103133058396,True,1.0,99.99999999999999,-2.54903977564341e-20,132.46683561175033,1365,1.1089226065186253e-10
132.4975,-0.4406456023968354,132.08462467601944,192.65017207450478,1.6513841320651432,True,1.0,100.0,1.0402623383466876e-20,132.96683219534373,1367,1.1094244967146949e-10
132.9975,-0.44071427005183716,132.304964287095,193.1547015867414,1.6516264095005968,True,1.0,100.0,-1.0402623383466876e-20,133.46682258856583,1370,1.0591221649702831e-10
133.4975,-0.440783848656993,132.52533846399456,193.65885059559096,1.6518380160077655,True,1.0,100.0,-3.22931311140702e-21,133.96680685163233,1370,1.0596024752063116e-10
133.9975,-0.44085420261666347,132.74574762825375,194.1626332103696,1.6520197977241777,True,1.0,100.0,-4.155755397466411e-21,134.46678504387748,1372,1.059118417967575e-10
134.4975,-0.4409252031952233,132.9661921348696,194.66606317693277,1.6521725770464737,True,1.0,100.00000000000001,-5.955700410381799e-21,134.9667572236943,1374,1.0590323062942275e-10
134.9975,-0.4409967281838654,133.18667227634117,195.16915389270488,1.652297153698469,True,1.0,100.0,-1.0561442061077057e-20,135.4667978233087,1374,1.0592852289770249e-10
135.4975,-0.4410686616448602,133.40718828586523,195.67191841259068,1.652394305501496,True,1.0,100.0,-1.7734752333136913e-21,135.9668593426568,1377,1.0586893861574964e-10
135.9975,-0.44114089369244686,133.6277403397498,196.17436944875124,1.6524647889295823,True,1.0,100.00000000000001,5.982170189983496e-21,136.46691541382907,1380,1.0584326470830518e-10
136.4975,-0.4412133202227613,133.8483285611184,196.67651938463558,1.6525093400943416,True,1.0,100.0,8.708557488958275e-21,136.96696608863542,1382,1.0581162335210337e-10
136.9975,-0.441285842700679,134.06895302236714,197.17838027739216,1.6525286753331665,True,1.0,100.00000000000001,-3.221372177526511e-20,137.46701141797607,1385,1.0577405618050761e-10
137.4975,-0.4413583679341564,134.28961374795944,197.67996386537007,1.6525234919429113,True,1.0,99.99999999999999,-1.2731963988416202e-20,137.96705145184788,1387,1.0573077829922894e-10
137.9975,-0.4414308078653966,134.51031071706265,198.18128157418738,1.6524944688479393,True,1.0,100.0,1.087907941629742e-20,138.4670862393512,1391,1.056813386801636e-10
138.4975,-0.44150307936315736,134.73104386604012,198.68234452325314,1.6524422672572643,True,1.0,100.00000000000001,-3.65282958503417e-21,138.96711582869582,1393,1.056259107956592e-10
138.9975,-0.4415751040299696,134.95181309091285,199.18316353169257,1.6523675312893205,True,1.0,100.0,-1.8581785280391214e-20,139.46714026720903,1395,1.055646473013816e-10
139.4975,-0.44164680801173967,135.17261824961852,199.68374912484194,1.6522708885893875,True,1.0,100.0,2.895793888425639e-20,139.9671596013433,1399,1.0549713186369658e-10
139.9975,-0.44171812181498665,135.39345916426993,200.1841115402404,1.6521529509136805,True,1.0,100.0,-5.61159327555974e-21,140.46717387668443,1400,1.0542344774933099e-10
140.4975,-0.4417889801352505,135.61433562330643,200.6842607333526,1.6520144568574469,True,1.0,99.99999999999999,1.1858461261560205e-20,140.96718313796035,1402,1.0534380312510194e-10
140.9975,-0.441859321687503,135.83524738350374,201.1842063838157,1.6518563692647854,True,1.0,100.0,1.453190900133159e-20,141.4671874290505,1405,1.0525764981839103e-10
141.4975,-0.4419290890432926,136.0561941719648,201.68395790107692,1.6516787708906107,True,1.0,100.00000000000001,3.070494433796839e-20,141.9671867929943,1409,1.0516543885730201e-10
141.9975,-0.44199822847810516,136.27717568803538,202.1835244300996,1.6514822132311353,True,1.0,100.0,7.385068508873431e-21,142.46718127200154,1410,1.0506675390820064e-10
142.4975,-0.4420666898205176,136.49819160508102,202.68291485675653,1.6512672345701684,True,1.0,100.0,4.113403750103696e-20,142.96717090746154,1413,1.0496160884887473e-10
142.9975,-0.4421344263065094,136.71924157222946,203.18213781369943,1.6510350719937077,True,1.0,99.99999999999999,1.453190900133159e-20,143.46715573995286,1417,1.0485039225738291e-10
143.4975,-0.4422013944439759,136.94032521605874,203.68120168540898,1.6507857235912164,True,1.0,100.00000000000001,-2.0884656105738843e-20,143.9671358092537,1419,1.0473250044995552e-10
143.9975,-0.4422675538778761,137.16144214218193,204.18011461361243,1.6505195220589737,True,1.0,100.0,9.873227791432938e-21,144.46711115435195,1421,1.0460816241009141e-10
144.4975,-0.44233286726010496,137.38259193680784,204.6788845022721,1.650237556770251,True,1.0,99.99999999999999,-1.707300784309449e-20,144.96708181345437,1425,1.0447722548212468e-10
144.9975,-0.4423973001294352,137.60377416818395,205.17751902284868,1.6499401558922406,True,1.0,100.0,-8.126222337720944e-21,145.46704782399823,1428,1.0444396736364325e-10
145.4975,-0.4424608207880637,137.82498838802823,205.67602561915774,1.6496273545076847,True,1.0,100.0,-1.164670302474663e-21,145.96700922265995,1430,1.0535119998600351e-10
145.9975,-0.44252340019059366,138.0462341328748,206.17441151213723,1.649300720901264,True,1.0,99.99999999999999,2.6284491144485007e-20,146.46696604536658,1433,1.0626387964007833e-10
146.4975,-0.4425850118316488,138.26751092535542,206.67268370470026,1.6489596511904967,True,1.0,100.0,-3.1419628387214203e-20,146.96691832730536,1436,1.0718151366440054e-10
146.9975,-0.4426456316375165,138.48881827552418,207.1708489861989,1.6486054394304381,True,1.0,100.0,-2.4378667013162832e-20,147.46686610293358,1438,1.0810462941490684e-10
147.4975,-0.4427052378667168,138.7101556819219,207.66891393718078,1.6482379653069419,True,1.0,100.00000000000001,1.887295285600988e-20,147.96684885916721,1440,1.090328244357508e-10
147.9975,-0.4427638110091194,138.93152263280106,208.1668849336626,1.6478583111687184,True,1.0,100.0,-1.580245842221304e-20,148.46689046884492,1444,1.0996661914397521e-10
148.4975,-0.44282133368834387,139.15291860719768,208.66476815160186,1.64746620048411,True,1.0,100.00000000000001,-1.7020068283891097e-20,148.96692799942838,1446,1.1090557638926413e-10
148.9975,-0.44287779057323073,139.37434307596507,209.16256957107646,1.6470631262551827,True,1.0,100.0,2.117582368135751e-22,149.4669614803413,1447,1.1184998066626761e-10
149.4975,-0.4429331682868765,139.59579550280645,209.660294980273,1.646648662792188,True,1.0,100.00000000000001,-3.443718326180765e-20,149.96699094035972,1451,1.1279994993618203e-10
149.9975,-0.44298745531873984,139.81727534518726,210.15794998000206,1.6462234775694071,True,1.0,99.99999999999999,-2.916969712106997e-20,150.46701640762168,1454,1.1375484582076822e-10
150.4975,-0.44304064194621007,140.03878205526908,210.65553998728558,1.6457885243733987,True,1.0,100.0,2.0619958309721874e-20,150.96703790963804,1457,1.1471543853724953e-10
150.9975,-0.44309272014924694,140.2603150807863,211.15307023951456,1.6453437450186152,True,1.0,100.0,1.0614381620280451e-20,151.46705547330086,1461,1.156814921632332e-10
151.4975,-0.4431436835375258,140.48187386587207,211.65054579813028,1.6448896710508982,True,1.0,99.99999999999999,1.826414792517085e-21,151.96706912489458,1463,1.1665299282093144e-10
151.9975,-0.44319352728893846,140.70345785183088,212.14797155197462,1.6444268181352986,True,1.0,100.0,-5.929230630780102e-21,152.46707889010224,1473,1.176296768323759e-10
152.4975,-0.4432422480250252,140.92506647797836,212.64535222256842,1.643955686455932,True,1.0,100.0,3.970466940254533e-21,152.96708479402335,1480,1.186121062479728e-10
152.9975,-0.44328984380301073,141.1466991822883,213.14269236592182,1.6434767610906071,True,1.0,100.0,-3.4304834363799164e-20,153.46708686117458,1485,1.195998716729818e-10
153.4975,-0.4433363140215647,141.3683554020526,213.63999637678106,1.6429905123892585,True,1.0,100.0,8.126222337720944e-21,153.9670851155023,1492,1.2059325066315907e-10
153.9975,-0.44338165935777074,141.59003457462094,214.13726849209698,1.6424973963394494,True,1.0,100.0,2.8852059765849605e-21,154.4670795803914,1496,1.2159215301288384e-10
154.4975,-0.4434258817048703,141.81173613800084,214.63451279446926,1.641997854924452,True,1.0,100.00000000000001,-2.7846208140985124e-20,154.96707027867603,1500,1.2259668974445859e-10
154.9975,-0.44346898410767843,142.03345953139882,215.1317332153944,1.6414923164723076,True,1.0,99.99999999999999,9.820288232229545e-21,155.46705723264714,1506,1.2360679146894427e-10
155.4975,-0.44351097070689016,142.25520419585726,215.62893353881427,1.6409811959957468,True,1.0,100.0,-3.364308987375674e-20,155.96704046406322,1509,1.2462226389731157e-10
155.9975,-0.4435518466884454,142.47696957473144,216.12611740388914,1.6404651762019313,True,1.0,99.99999999999999,2.734328232855288e-20,156.4670199941568,1515,1.2564333601305933e-10
156.4975,-0.4435916182131502,142.6987551142145,216.62328830877945,1.6399447449675084,True,1.0,100.0,1.7867101231145398e-20,156.96699584364615,1521,1.2667005638844486e-10
156.9975,-0.4436302923739013,142.9205602638243,217.12044961347885,1.6394202058847047,True,1.0,100.0,1.5881867761018131e-21,157.4669680327435,1523,1.277024597179377e-10
157.4975,-0.4436678771508445,143.14238447685324,217.61760454242335,1.6388923442126666,True,1.0,100.0,-2.5728625772849373e-20,157.96693658116092,1530,1.2874026844578168e-10
157.9975,-0.44370438134341705,143.36422721077724,218.11475618851972,1.638361603421712,True,1.0,100.0,4.896909226313924e-20,158.46690150812464,1535,1.2978427360588185e-10
158.4975,-0.4437398145374755,143.58608792768032,218.61190751539993,1.6378284465734398,True,1.0,100.00000000000001,1.987880448087436e-20,158.96686283237787,1539,1.308334135474709e-10
158.9975,-0.44377418704772875,143.80796609461387,219.1090613606026,1.6372935322610602,True,1.0,100.0,-9.767348673026151e-21,159.46682057219468,1542,1.3188836828215145e-10
159.4975,-0.4438075098898634,144.02986118396115,219.60622043820155,1.6367574920581005,True,1.0,100.0,-3.390778766977371e-20,159.96677474538393,1548,1.3294881168190997e-10
159.9975,-0.44383979471162394,144.2517726737932,220.10338734231607,1.6362209311410107,True,1.0,100.0,-2.202285662861181e-20,160.4667253693018,1551,1.340154862083942e-10
160.4975,-0.4438710537722703,144.47370004813266,220.6005645492846,1.635684428901543,True,1.0,100.00000000000001,-1.921705999083194e-20,160.96667246085758,1553,1.3508747592760884e-10
160.9975,-0.4439012998964467,144.69564279731114,221.09775442042772,1.6351485395561736,True,1.0,100.0,-2.609920268727313e-20,161.46661603652268,1559,1.361655510567772e-10
161.4975,-0.44393054642378665,144.91760041815954,221.59495920547852,1.634614302992963,True,1.0,100.00000000000001,2.191697751020502e-20,161.96655611234044,1562,1.3724920505664429e-10
161.9975,-0.44395880718769126,145.1395724143181,222.0921810445355,1.6340819192078735,True,1.0,100.0,-1.9905274260476058e-20,162.46658199019683,1566,1.3833843098831622e-10
162.4975,-0.44398609646723636,145.36155829647944,222.58942197097727,1.6335525503400028,True,1.0,100.0,-2.3134587371883078e-20,162.96661854589618,1571,1.3943370069657846e-10
162.9975,-0.44401242895247167,145.58355758256383,223.08668391436805,1.6330266266160849,True,1.0,100.0,1.5352472168984194e-20,163.46665192372106,1576,1.40534653358948e-10
163.4975,-0.44403781971864126,145.80556979790947,223.58396870260466,1.6325048893771543,True,1.0,100.0,2.3822801641527197e-21,163.9666821367686,1580,1.4164162204233222e-10
163.9975,-0.44406228418459076,146.02759447553382,224.0812780646335,1.6319880676042713,True,1.0,100.0,1.5881867761018131e-22,164.4667091977742,1587,1.4275412102415785e-10
164.4975,-0.44408583807756413,146.24963115618883,224.5786136334106,1.631476842220805,True,1.0,100.00000000000001,3.4304834363799164e-20,164.96673311911835,1590,1.4387281643823968e-10
164.9975,-0.44410849741302805,146.47167938860417,225.07597694767367,1.630971847451246,True,1.0,100.00000000000001,-2.9699092713103906e-20,165.46675391283577,1593,1.4499696582292998e-10
165.4975,-0.44413027845235425,146.69373872955197,225.57336945515368,1.6304739130326065,True,1.0,99.99999999999999,1.3287829360051837e-20,165.9667715906267,1597,1.444785957538386e-10
165.9975,-0.44415119771021633,146.9158087440021,226.0707925136789,1.6299835211918163,True,1.0,100.0,-3.4728350837426314e-20,166.46678616384835,1598,1.4559657646184831e-10
166.4975,-0.44417127186773,147.1378890052457,226.56824739540357,1.6295010709831705,True,1.0,100.0,6.776263578034403e-21,166.966797643546,1600,1.4672004583493603e-10
166.9975,-0.4441905177864842,147.359979094944,227.06573528815485,1.6290275524918378,True,1.0,100.0,-1.6093625997831706e-20,167.4668060404451,1603,1.4784959367908357e-10
167.4975,-0.4442089524750447,147.58207860321232,227.5632572976991,1.628562890329122,True,1.0,100.0,-1.3234889800848443e-21,167.96681136496204,1605,1.4898456773826396e-10
167.9975,-0.4442265930499629,147.8041871287266,228.0608144508236,1.6281080469353548,True,1.0,99.99999999999999,1.1593763465543236e-20,168.4668136272165,1609,1.4841763235073913e-10
168.4975,-0.44424345675722227,148.0263042787116,228.55840769599598,1.6276628619944151,True,1.0,100.0,-3.028142786434124e-20,168.966812837022,1611,1.4954588262172663e-10
168.9975,-0.4442595608839399,148.24842966910225,229.05603790770118,1.6272281982799857,True,1.0,100.00000000000001,9.423241538204091e-21,169.4668090039177,1615,1.5067985054129096e-10
169.4975,-0.4442749227837035,148.47056292442042,229.55370588738012,1.6268038126084883,True,1.0,100.0,-2.1969917069408415e-20,169.96680213715845,1616,1.5181924467588814e-10
169.9975,-0.4442895598268293,148.69270367792038,230.0514123662538,1.6263903490119078,True,1.0,100.0,-1.7946510569950488e-20,170.4667922457319,1620,1.512190997421392e-10
170.4975,-0.4443034894287527,148.9148515715035,230.54915800622496,1.6259876063714547,True,1.0,100.0,-2.768738946337494e-20,170.96677933834775,1621,1.5235118722145558e-10
170.9975,-0.4443167289624925,149.1370062558148,231.0469434039653,1.6255960488788406,True,1.0,100.0,-1.5881867761018131e-21,171.46676342347038,1625,1.5348892989930363e-10
171.4975,-0.4443292957913137,149.35916739016207,231.54476909163736,1.625215381253736,True,1.0,100.0,1.9322939109238726e-20,171.96674450930752,1627,1.5463206409771502e-10
171.9975,-0.4443412072285777,149.5813346425084,232.04263553957637,1.6248461113021373,True,1.0,100.0,-1.0217334926254998e-20,172.466722603824,1630,1.5578090206691542e-10
172.4975,-0.44435248051761506,149.8035076895057,232.54054315838098,1.6244877426183884,True,1.0,100.0,-2.9116757561866574e-21,172.96669771475098,1634,1.5513719475723775e-10
172.9975,-0.4443631328557396,150.02568621635223,233.0384922998589,1.6241406675571173,True,1.0,100.0,-1.545835128739098e-20,173.46666984957696,1638,1.562781501429633e-10
173.4975,-0.4443731813232278,150.24786991688,233.53648326061688,1.6238046506735815,True,1.0,100.00000000000001,2.4881592825595072e-21,173.96663901557702,1641,1.5742458725487296e-10
173.9975,-0.4443826428962816,150.47005849336168,234.03451628337072,1.6234794850065994,True,1.0,100.0,-1.0270274485458392e-20,174.46660521980692,1645,1.5857637425398252e-10
174.4975,-0.4443915344336169,150.6922516566252,234.53259155863742,1.6231652422653362,True,1.0,100.0,2.567568621364598e-20,174.96656846911083,1649,1.5973366379595788e-10
174.9975,-0.4443998726488999,150.9144491258057,235.03070922737822,1.6228619343862956,True,1.0,100.0,-1.487601613615365e-20,175.4665287701333,1652,1.5904989131287905e-10
175.4975,-0.44440767414067384,151.13665062841784,235.52886938121995,1.622569192767576,True,1.0,99.99999999999999,4.0763460586613204e-21,175.96648612930846,1658,1.6019884724327582e-10
175.9975,-0.44441495532700587,151.3588559001927,236.02707206638334,1.6222868955648253,True,1.0,100.0,-5.293955920339377e-22,176.4664405528894,1660,1.6135340286105304e-10
176.4975,-0.4444217324571622,151.58106468507,236.52531728445354,1.6220149022336328,True,1.0,100.0,-1.5511290846594375e-20,176.96639204694256,1664,1.6251312101589477e-10
176.9975,-0.4444280216052457,151.80327673502467,237.02360499433178,1.6217530544172605,True,1.0,100.00000000000001,2.3822801641527197e-20,177.46634061735426,1667,1.636781543634669e-10
177.4975,-0.4444338386447227,152.02549181007498,237.52193511425963,1.6215011767324736,True,1.0,99.99999999999999,-1.1593763465543236e-20,177.96628626984244,1672,1.6295759186490955e-10
177.9975,-0.4444391992814,152.24770967806782,238.02030752240333,1.6212590777118616,True,1.0,100.0,-5.1880768019325896e-21,178.46624884324387,1675,1.641141597619189e-10
178.4975,-0.44444411899452263,152.4699301147154,238.51872206001192,1.6210265504985202,True,1.0,100.0,2.0381730293306602e-20,178.9662917836095,1680,1.652757791736903e-10
178.9975,-0.4444486130452129,152.69215290335077,239.01717853275062,1.6208033736844902,True,1.0,100.0,-3.494010907423989e-21,179.46633206855603,1683,1.664425680614201e-10
179.4975,-0.44445269647780755,152.91437783492484,239.5156767118371,1.6205893120661303,True,1.0,100.0,1.3499587596865412e-20,179.96636970252192,1689,1.6761489418648523e-10
179.9975,-0.4444563841078409,153.13660470784706,240.01421633607447,1.6203841173740658,True,1.0,100.0,7.782115202898884e-21,180.4664046898154,1693,1.687919179427233e-10
180.4975,-0.4444596904970116,153.35883332788208,240.51279711378618,1.6201878217533872,True,1.0,100.0,9.211483301390516e-21,180.96643703462559,1698,1.6802486485500978e-10
180.9975,-0.4444626300223211,153.58106350799054,241.01141872215845,1.6200001463823936,True,1.0,100.0,-7.252719610864947e-21,181.4664667410032,1702,1.6919315948271674e-10
181.4975,-0.4444652167584582,153.80329506827752,241.510080812237,1.6198206210209307,True,1.0,100.0,-1.7152417181899582e-20,181.96649381290226,1705,1.703667901198358e-10
181.9975,-0.444467464547853,154.02552783583377,242.008783008043,1.619648970276592,True,1.0,100.00000000000001,2.260519177984914e-20,182.46651825416063,1710,1.715451322659156e-10
182.4975,-0.44446938697765676,154.24776164456696,242.50752490872696,1.619485695704194,True,1.0,100.0,-1.4823076576950256e-20,182.96654006851077,1712,1.727289353214978e-10
182.9975,-0.4444709973759338,154.46999633516901,243.00630608979517,1.6193297769148687,True,1.0,100.0,-2.414043899674756e-20,183.46655925958464,1716,1.7391781764741765e-10
183.4975,-0.4444723087874083,154.69223175487446,243.5051261053937,1.6191812931818947,True,1.0,100.0,3.0387306982748025e-20,183.9665758309251,1721,1.7310750055621327e-10
183.9975,-0.44447333405377915,154.9144677574358,244.00398448673837,1.6190402358504894,True,1.0,99.99999999999999,4.055170234979963e-20,184.46658978596324,1726,1.7428698761978723e-10
184.4975,-0.4444740856863961,155.13670420288898,244.5028807477213,1.6189058789116024,True,1.0,100.0,-1.8422966602781032e-20,184.9666011280635,1729,1.7547151925922932e-10
184.9975,-0.4444745759472809,155.35894095750706,245.00181438327934,1.6187787590311233,True,1.0,100.00000000000001,-1.5670109524204556e-20,185.46660986050094,1734,1.7666089424661635e-10
185.4975,-0.4444748168266068,155.58117789361296,245.5007848715468,1.6186578552711455,True,1.0,100.0,-8.893845946170154e-21,185.9666159864724,1739,1.7785548728221912e-10
185.9975,-0.4444748200413688,155.8034148894596,245.99979167488792,1.6185437166462358,True,1.0,100.0,9.006342509477365e-21,186.46661950910033,1743,1.7905503468806927e-10
186.4975,-0.44447459701117403,156.02565182909873,246.49883424193686,1.618435572413054,True,1.0,100.0,7.987255994812035e-21,186.96662043144474,1749,1.7820624143016772e-10
186.9975,-0.44447415895041714,156.24788860219522,246.99791200579267,1.618333432292467,True,1.0,100.0,5.293955920339377e-21,187.46661875647678,1752,1.793962201013244e-10
187.4975,-0.4444735167288718,156.47012510398676,247.49702438953656,1.6182373383768265,True,1.0,100.0,-4.513097422089319e-21,187.9666144871277,1756,1.8059075068688202e-10
187.9975,-0.4444726809643934,156.6923612350263,247.99617080447229,1.6181465210601715,True,1.0,100.0,6.610827455523797e-21,188.46660762626288,1758,1.817905062595493e-10
188.4975,-0.444471662000136,156.91459690117043,248.49535065178236,1.6180614284953847,True,1.0,100.0,-2.395515053953568e-21,188.9665981766925,1763,1.829952925302969e-10
188.9975,-0.4444704699051631,157.13683201331767,248.99456332372333,1.6179816312068338,True,1.0,100.0,2.6800651846718097e-21,189.46658614117544,1767,1.8420446418199177e-10
189.4975,-0.44446911447543574,157.35906648737753,249.49380820448386,1.6179066666146242,True,1.0,99.99999999999999,4.810882442608409e-21,189.96657152242267,1771,1.854187012262365e-10
189.9975,-0.4444676052087746,157.5813002440897,249.99308467207052,1.6178365872110874,True,1.0,100.0,8.708557488958275e-21,190.466554323109,1777,1.845224320562444e-10
190.4975,-0.44446595141080475,157.80353320884277,250.49239209588862,1.6177716019912007,True,1.0,100.0,1.7867101231145398e-22,190.96653454584236,1780,1.8572653831538943e-10
190.9975,-0.4444641620402564,158.02576531163172,250.991729842624,1.6177110046768473,True,1.0,100.0,6.392451773809798e-21,191.4665121932181,1786,1.8693590425611362e-10
191.4975,-0.4444622458149185,158.24799648685683,251.49109727387983,1.6176546619836962,True,1.0,100.0,-8.900463391070578e-21,191.96648726778776,1788,1.8814949598322528e-10
191.9975,-0.44446021118803714,158.47022667321605,251.99049374771715,1.6176024412145285,True,1.0,100.0,5.624828165360588e-22,192.46645977207083,1792,1.8936825024740145e-10
192.4975,-0.4444580663505609,158.6924558135827,252.4899186195386,1.6175545133501026,True,1.0,100.0,-1.343341314786117e-21,192.9664297085574,1797,1.9059168132606885e-10
192.9975,-0.44445581921772936,158.9146838548099,252.989371243442,1.617510616303454,True,1.0,99.99999999999999,-5.406452483646589e-21,193.4663970797155,1801,1.9181986554706043e-10
193.4975,-0.44445347748203934,159.13691074772663,253.48885097123167,1.617470404240984,True,1.0,100.0,5.90937829607883e-21,193.96636188798092,1807,1.908810470796496e-10
193.9975,-0.4444510485748435,159.35913644685618,253.988357154586,1.6174337478862109,True,1.0,100.0,-3.441071348220595e-22,194.4663241357662,1810,1.9209919072116222e-10
194.4975,-0.44444853965200143,159.58136091042383,254.48788914625027,1.61740051906981,True,1.0,100.0,-1.6464202912255463e-20,194.96628382547598,1812,1.933218862770758e-10
194.9975,-0.4444459576352397,159.80358410017988,254.9874462994911,1.6173705908081923,True,1.0,100.0,1.0720260738687239e-21,195.46624095949318,1818,1.9454896027504276e-10
195.4975,-0.44444330920191466,160.02580598122296,255.4870279692252,1.6173438373814084,True,1.0,100.0,-2.243313821243811e-21,195.9661955401866,1822,1.9578118987118032e-10
195.9975,-0.44444060078881653,160.2480265219967,255.9866335125182,1.6173201344073775,True,1.0,100.0,-2.779326858178173e-22,196.4661475699131,1825,1.9701752035361508e-10
196.4975,-0.44443783859569996,160.47024569403735,256.4862622892848,1.6172993589128108,True,1.0,100.0,-2.865353641883688e-21,196.96609705101963,1830,1.982589092897058e-10
196.9975,-0.44443502856946465,160.69246347195892,256.98591366338684,1.6172813893996583,True,1.0,100.0,4.29472174037532e-21,197.4660651685781,1834,1.9950462115669865e-10
197.4975,-0.4444321764722086,160.9146798333412,257.4855870011322,1.6172661058978537,True,1.0,100.0,6.326277324805556e-21,197.96611236828812,1840,1.985151765193649e-10
197.9975,-0.44442928782401026,161.13689475848076,257.98528167375946,1.617253390025534,True,1.0,100.0,1.766857788413267e-21,198.4661572559971,1843,1.9975056331222873e-10
198.4975,-0.4444263679013268,161.35910823044608,258.4849970580832,1.617243125042682,True,1.0,100.0,-3.044024654195142e-22,198.96619983367722,1846,2.0099039793608497e-10
198.9975,-0.4444234217773664,161.58132023489156,258.98473253577055,1.6172351958954083,True,1.0,100.0,-9.145308852386274e-21,199.46624010329768,1852,2.022348469243873e-10
199.4975,-0.4444204543122201,161.80353075991098,259.4844874942744,1.6172294892611525,True,1.0,100.0,-6.97478692504713e-21,199.96627806683068,1855,2.0348388252156013e-10
199.9975,-0.44441747015740973,162.02573979603403,259.9842613271381,1.6172258935873134,True,1.0,100.0,-1.2109924167776325e-20,200.46631372625293,1858,2.0473735901083145e-10
200.4975,-0.4444144737361645,162.24794733599882,260.48405343525906,1.6172242991274872,True,1.0,100.0,6.7100891290301605e-21,200.96634708355364,1864,2.0599547068123059e-10
200.9975,-0.44441146934333664,162.47015337477515,260.983863224055,1.6172245979627196,True,1.0,100.0,-8.655617929754882e-21,201.46637814070874,1866,2.0725787752695624e-10
201.4975,-0.44440846100649684,162.69235790940175,261.48369010850007,1.6172266840482887,True,1.0,100.0,1.1044515538808026e-20,201.96640689972256,1871,2.0852485710376456e-10
201.9975,-0.4444054525714284,162.91456093884688,261.9835335108332,1.6172304532284179,True,1.0,100.00000000000001,9.681321889320636e-21,202.46643336260695,1875,2.0747652901276226e-10
202.4975,-0.44440244774066995,163.1367624640023,262.48339285964755,1.617235803252257,True,1.0,99.99999999999999,3.1499037726019294e-21,202.96645753136877,1878,2.0873284350964028e-10
202.9975,-0.4443994499912052,163.3589624875509,262.98326759307037,1.6172426337998052,True,1.0,99.99999999999999,-1.028350937525924e-20,203.4664794080413,1883,2.0999352950967776e-10
203.4975,-0.4443964626367431,163.58116101386108,263.48315715713426,1.6172508464908038,True,1.0,100.0,1.2771668657818747e-21,203.96649899466476,1887,2.1125884375194914e-10
203.9975,-0.4443934887882991,163.80335804892644,263.98306100737886,1.6172603449022669,True,1.0,100.0,-1.6212740006039342e-21,204.46651629330074,1890,2.1252812704153357e-10
204.4975,-0.4443905314762577,164.02555360028038,264.48297860525366,1.6172710752291497,True,1.0,100.0,2.2499312661442353e-21,204.9665313059993,1894,2.1380199693998847e-10
204.9975,-0.44438759347877016,164.24774767684676,264.9829094240952,1.6172833908486195,True,1.0,99.99999999999999,-6.4983308922165854e-21,205.46654403485002,1898,2.1508043956952605e-10
205.4975,-0.44438467744340343,164.46994028896984,265.4828529454256,1.6172967536500749,True,1.0,100.0,-1.7867101231145398e-22,205.96655448194917,1901,2.1636278879633153e-10
205.9975,-0.4443817858626184,164.69213144828007,265.9828086600781,1.6173110748067998,True,1.0,99.99999999999999,-1.2798138437420444e-20,206.46656264940682,1906,2.1765013402674782e-10
206.4975,-0.44437892107780014,164.91432116755587,266.48277606837166,1.6173262674570137,True,1.0,100.0,6.399069218710222e-21,206.96656853935477,1909,2.1894158708235523e-10
206.9975,-0.4443760852688891,165.13650946076882,266.982754680682,1.617342246701463,True,1.0,100.0,1.0554824616176633e-20,207.46657215394137,1912,2.1782676357107178e-10
207.4975,-0.44437328048321406,165.35869634294752,267.4827440167584,1.617358929592625,True,1.0,100.0,-1.7205356741102976e-21,207.9665734953282,1919,2.1910712133532684e-10
207.9975,-0.44437050869260303,165.58088183006288,267.982743604128,1.6173768852998573,True,1.0,100.0,2.779326858178173e-21,208.46657256567897,1921,2.2039165631371205e-10
208.4975,-0.4443677716430719,165.80306593906528,268.48275298319277,1.6173954986708439,True,1.0,100.0,4.7976475528075605e-21,208.9665693672015,1924,2.2168081953433116e-10
208.9975,-0.4443650709873581,166.0252486877596,268.9827717031026,1.6174146154326519,True,1.0,100.0,1.1507736681837721e-20,209.4665639021112,1928,2.2297413915239872e-10
209.4975,-0.4443624082531163,166.24743009467443,269.48279932300613,1.6174341600752264,True,1.0,100.0,-1.6212740006039342e-21,209.96655617264184,1933,2.242715874123391e-10
209.9975,-0.4443597848474173,166.46961017917755,269.9828354120703,1.6174540589737592,True,1.0,100.0,-5.9954050797843446e-21,210.46654618104603,1935,2.2557344186990846e-10
210.4975,-0.44435720196397266,166.69178896127335,270.4828795526696,1.617475085443286,True,1.0,100.0,7.801967537600157e-21,210.96653392962423,1941,2.2687943884713846e-10
210.9975,-0.4443546609739315,166.91396646151182,270.98293132771795,1.6174963954162238,True,1.0,100.0,-5.241016361135983e-21,211.46651942060848,1944,2.2818965467186203e-10
211.4975,-0.44435216284999957,167.1361427010912,271.48299033970943,1.6175178855005354,True,1.0,100.0,1.2639319759810263e-20,211.96650265633716,1946,2.295043044497902e-10
211.9975,-0.44434970855696426,167.3583177017098,271.9830561980144,1.6175394891707757,True,1.0,100.0,6.610827455523797e-21,212.46648363913883,1952,2.308231036862729e-10
212.4975,-0.4443472989429743,167.58049148543168,272.4831285225543,1.6175617947631467,True,1.0,100.0,1.0263657040557967e-20,212.96646237136684,1955,8.740369539239623e-11
212.9975,-0.44434493480669585,167.80266407487872,272.98320694168603,1.617584458962928,True,1.0,100.0,6.20716331659792e-21,213.46643885537665,1959,8.777029797402136e-11
213.4975,-0.4443426168065588,168.02483549294644,273.4832910952866,1.6176070822960364,True,1.0,100.0,1.730461841460934e-20,213.96641309355982,1962,8.813700463905505e-11
213.9975,-0.4443403455273166,168.24700576280992,273.98338063262105,1.6176296049696741,True,1.0,100.00000000000001,-5.26748614073768e-21,214.46638508832146,1966,8.850416233219249e-11
214.4975,-0.4443381214677666,168.46917490797478,274.4834752128072,1.6176527873870434,True,1.0,100.0,-6.3527471044072525e-21,214.96635484208545,1968,8.887117430855795e-11
214.9975,-0.4443359450446846,168.69134295218237,274.9835745047519,1.617676067169393,True,1.0,100.0,1.1057750428608874e-20,215.46632235729479,1972,8.923862343523936e-11
215.4975,-0.44433381659613047,168.91350991929286,275.48367818706333,1.6176991104095517,True,1.0,100.0,5.56527116125677e-21,215.966287636411,1976,8.960616276754152e-11
215.9975,-0.4443317363846779,169.13567583337166,275.9837859479918,1.617721986813457,True,1.0,100.0,-9.290892640195607e-21,216.46625068191426,1979,8.997382699993395e-11
216.4975,-0.4443297046011332,169.35784071863532,276.48389748532907,1.6177455973835897,True,1.0,100.0,-7.345363839470886e-22,216.96621149630303,1983,9.03417063380374e-11
216.9975,-0.44432772136762966,169.58000459927237,276.9840125062958,1.6177688484422583,True,1.0,100.0,-4.036641389258775e-21,217.46617008209407,1987,9.070971057623112e-11
217.4975,-0.4443257867406148,169.80216749959862,277.4841307274821,1.6177916908496854,True,1.0,100.0,1.2970192004831474e-21,217.96612644182193,1988,9.107784665340901e-11
217.9975,-0.44432390071438005,170.02432944393667,277.98425187469945,1.6178149272676474,True,1.0,100.0,7.954168770309914e-21,218.46608057803883,1992,9.144619783629793e-11
218.4975,-0.4443220632074597,170.24649045653146,278.4843756834246,1.6178381082313795,True,1.0,100.0,5.558653716356346e-22,218.96603249332057,1997,8.919710803301228e-11
218.9975,-0.44432027413107317,170.46865056163867,278.9845018965289,1.617860773823471,True,1.0,100.00000000000001,-1.3883399401090016e-20,219.4659821902418,2000,8.954598174071293e-11
219.4975,-0.444318533294108,170.69080978342944,279.4846302673888,1.6178834061242782,True,1.0,100.0,8.457094582742155e-21,219.9659825819314,2002,8.989473054832331e-11
219.9975,-0.44431684047116843,170.91296814598752,279.98476055759295,1.6179062717497874,True,1.0,100.0,3.5734202462290796e-21,220.46603058789196,2006,9.024363895049348e-11
220.4975,-0.44431519538879666,171.1351256732073,280.48489253735613,1.6179285263807373,True,1.0,99.99999999999999,1.6609786700064796e-20,220.9660765985896,2010,9.059251265819412e-11
220.9975,-0.44431359772854573,171.35728238890755,280.98502598539955,1.617950472169002,True,1.0,100.0,-2.3558103845510228e-20,221.46612061632783,2012,9.094135167142525e-11
221.4975,-0.44431204712939487,171.57943831672952,281.48516068878877,1.617972807690354,True,1.0,100.0,1.2546675531204324e-20,221.96616264342506,2017,9.129009354014173e-11
221.9975,-0.44431054319004487,171.80159348005813,281.98529644279915,1.617994446873527,True,1.0,100.0,2.0169972056493027e-20,222.4662026822147,2020,9.163902969788751e-11
222.4975,-0.44430908547180265,172.02374790214196,282.48543305079323,1.6180156463705844,True,1.0,100.00000000000001,-5.3336605897419224e-21,222.96624073504432,2021,9.198804912236014e-11
222.9975,-0.44430767350067996,172.24590160595363,282.98557032403573,1.6180372652258364,True,1.0,100.0,1.3234889800848443e-21,223.46627680427542,2025,9.23365967020473e-11
223.4975,-0.4443063067698308,172.46805461429835,283.4857080815999,1.6180581118446016,True,1.0,100.0,1.0720260738687239e-21,223.9663108922833,2030,9.268551204311137e-11
223.9975,-0.44430498474151253,172.69020694960025,283.9858461501506,1.6180785261383448,True,1.0,100.00000000000001,-1.3380473588657776e-20,224.46634300145632,2032,9.303405962279854e-11
224.4975,-0.4443037068496674,172.91235863408573,284.4859843638388,1.6180992676818393,True,1.0,100.0,-6.895377586242039e-21,224.96637313419572,2035,9.338291945271138e-11
224.9975,-0.4443024724846603,173.13450968971506,284.9861225647176,1.618119169717434,True,1.0,99.99999999999999,8.549738811348094e-21,225.46640129292106,2042,9.100208087087225e-11
225.4975,-0.4443012810635546,173.35666013804416,285.48626060027385,1.6181387790223676,True,1.0,100.0,3.9572320504536844e-21,225.9664274800464,2044,9.133121342541628e-11
225.9975,-0.44430013192996853,173.5788100004095,285.9863983267308,1.6181585062590578,True,1.0,100.0,8.708557488958275e-21,226.46645169801494,2045,9.166000597415902e-11
226.4975,-0.4442990244239889,173.8009592977839,286.48653560657687,1.618177334503333,True,1.0,100.0,-2.3822801641527197e-21,226.96647394927527,2050,9.198847239488828e-11
226.9975,-0.4442979578667091,174.02310805084227,286.9866723090274,1.6181961364467787,True,1.0,100.0,7.014491594449675e-22,227.46649423628685,2053,9.231695269340534e-11
227.4975,-0.44429693156246763,174.2452562798347,287.48680830979356,1.6182147337603003,True,1.0,99.99999999999999,1.522012327097571e-21,227.96651256151958,2055,9.264537748077117e-11
227.9975,-0.4442959448002069,174.46740400473064,287.98694349099276,1.6182323795790698,True,1.0,99.99999999999999,1.3473117817263715e-20,228.46652892745337,2058,9.297340675118448e-11
228.4975,-0.44429499685526747,174.68955124515054,288.4870777409756,1.618250387526629,True,1.0,100.0,6.180693536996223e-21,228.96654333657776,2062,9.330139438823437e-11
228.9975,-0.4442940869906283,174.9116980202679,288.9872109541278,1.6182677584779,True,1.0,100.00000000000001,2.448454613156962e-21,229.46655579139144,2064,9.362913222510372e-11
229.4975,-0.4442932144588769,175.13384434895676,289.487343030763,1.6182842922808287,True,1.0,100.0,-3.917527381051139e-21,229.96656629440207,2066,9.395641903386931e-11
229.9975,-0.44429237850342523,175.35599024969724,289.9874738769452,1.6183013730516491,True,1.0,100.0,-1.496866036475959e-20,230.46657484812556,2071,9.42838723760886e-11
230.4975,-0.444291578359624,175.57813574061862,290.48760340435825,1.6183174382179772,True,1.0,100.0,9.926167350636332e-21,230.96658145508582,2073,9.461097877361269e-11
230.9975,-0.4442908132565984,175.80028083935684,290.98773153005897,1.6183332314387944,True,1.0,100.0,-5.43953970814871e-21,231.46658611781442,2076,9.493790475989528e-11
231.4975,-0.4442900824181685,176.02242556329742,291.4878581764641,1.6183489796146728,True,1.0,100.0,7.768880313098036e-21,231.96658883885016,2079,9.52643727791802e-11
231.9975,-0.44428938506422466,176.2445699293955,291.9879832711087,1.6183636744971348,True,1.0,100.00000000000001,8.973255284975244e-21,232.46658962073852,2083,9.559070895948096e-11
232.4975,-0.44428872041156064,176.46671395413392,292.4881067464652,1.61837877417755,True,1.0,100.0,-2.5437458197230707e-20,232.9665884660315,2086,9.591707289535734e-11
232.9975,-0.4442880876573449,176.68885765370243,292.9882285404909,1.6183931339834994,True,1.0,99.99999999999999,-1.0190865146653301e-21,233.4665853772934,2089,9.336043049756881e-11
233.4975,-0.4442874860522778,176.9110010438584,293.4883485940098,1.6184068460182868,True,1.0,100.0,-8.457094582742155e-21,233.9665803570753,2091,9.366647735209455e-11
233.9975,-0.4442869147929915,177.1331441399892,293.98846685424917,1.6184208703455085,True,1.0,100.0,3.414601568618898e-21,234.46657340795218,2100,9.397223277307631e-11
234.4975,-0.44428637309561536,177.3552869570239,294.4885832720648,1.6184337977031034,True,1.0,100.0,2.2909594245268654e-20,234.96656453249793,2106,9.427757879931775e-11
234.9975,-0.4442858601783458,177.57742950958337,294.9886978026633,1.618446915719585,True,1.0,100.0,3.970466940254533e-23,235.46655373329074,2111,9.458264033090913e-11
235.4975,-0.44428537526246487,177.7995718118529,295.4888104053444,1.6184595012697465,True,1.0,100.0,-1.6556847140861402e-20,235.96654101291307,2117,9.488727165107846e-11
235.9975,-0.4442849175727973,178.02171387767763,295.9889210433724,1.6184713066459078,True,1.0,100.0,-2.0540548970916783e-20,236.46652637395093,2121,9.519151439318918e-11
236.4975,-0.4442844863390184,178.24385572040762,296.4890296838428,1.618483556635752,True,1.0,100.0,-7.980638549911611e-21,236.96650981899398,2128,9.549529222940834e-11
236.9975,-0.4442840807960936,178.46599735312017,296.98913629751746,1.6184946748279885,True,1.0,100.0,1.4690727678941772e-21,237.46649135063487,2132,9.579887577659818e-11
237.4975,-0.4442837001846931,178.68813878846453,297.4892408587345,1.6185060063785182,True,1.0,100.0,-9.952637130238029e-21,237.9664709714689,2136,9.610200829568427e-11
237.9975,-0.44428334375237105,178.91028003874965,297.9893433452737,1.6185167914778982,True,1.0,100.00000000000001,-2.191697751020502e-20,238.46644868409382,2140,9.640461345883367e-11
238.4975,-0.44428301075380994,179.13242111582,298.48944373814686,1.6185268962819848,True,1.0,100.0,1.8052389688357276e-20,238.96642449110945,2142,9.670684392171225e-11
238.9975,-0.4442827004515614,179.35456203121709,298.9895420215674,1.6185373593955086,True,1.0,99.99999999999999,3.3087224502121107e-21,239.46639839511727,2149,9.70086580509566e-11
239.4975,-0.4442824121161761,179.57670279613745,299.48963818280646,1.6185466620341609,True,1.0,100.0,-7.39830339867428e-21,239.9663703987201,2152,9.731019462444479e-11
239.9975,-0.44428214502728897,179.79884342140244,299.9897322120417,1.6185564286174512,True,1.0,100.0,1.1368770338928812e-20,240.46634050452195,2157,9.761118996420848e-11
240.4975,-0.444281898473667,180.0209839173973,300.4898241021978,1.6185654178578137,True,1.0,100.00000000000001,-1.6278914455043585e-21,240.96630871512752,2159,9.791167182582328e-11
240.9975,-0.4442816717538399,180.24312429423733,300.9899138489217,1.6185740513322717,True,1.0,100.00000000000001,7.914464100907369e-21,241.4662750331421,2163,9.82118483761063e-11
241.4975,-0.44428146417607994,180.46526456167007,301.49000145042197,1.6185827415633907,True,1.0,100.0,1.4558378780933287e-22,241.96623946117091,2168,9.851148369266483e-11
241.9975,-0.4442812750401692,180.68740472912893,301.9900869079995,1.6185902815115052,True,1.0,100.0,-1.641126335305207e-21,242.46620200182625,2174,9.575828324726032e-11
242.4975,-0.44428110371404855,180.90954480561143,302.49017022331907,1.61859868803524,True,1.0,100.0,-1.2626084870009414e-20,242.96616265769913,2178,9.6037761077028e-11
242.9975,-0.44428094951906527,181.1316847998787,302.9902514022498,1.6186059061971985,True,1.0,100.0,-7.676236084492097e-22,243.46612143140052,2182,9.631648950625404e-11
243.4975,-0.44428081180721735,181.3538247203304,303.4903304521146,1.618613313379401,True,1.0,100.00000000000001,9.039429733979486e-21,243.96607832553374,2186,9.659457955724093e-11
243.9975,-0.4442806899419372,181.57596457509453,303.99040738226694,1.6186202611563145,True,1.0,100.0,-2.3386050278099198e-20,244.46603334270077,2189,9.687216306897284e-11
244.4975,-0.44428058329849873,181.79810437186242,304.4904822039575,1.6186266746256026,True,1.0,100.0,-1.9190590211230242e-21,244.96598648550219,2192,9.714937188043393e-11
244.9975,-0.4442804912637958,182.0202441181247,304.99055493027095,1.6186333687272314,True,1.0,99.99999999999999,-4.1425205076655626e-21,245.46593775653676,2195,9.742590761918635e-11
245.4975,-0.44428041323714157,182.2423838210349,305.49062557600047,1.6186388514320638,True,1.0,99.99999999999999,-1.0164395367051604e-20,245.96588715840142,2198,9.770183273527522e-11
245.9975,-0.4442803486299761,182.46452348748377,305.9906941575714,1.6186452868229904,True,1.0,100.0,4.235164736271502e-21,246.46586360336335,2200,9.797711947312493e-11
246.4975,-0.4442802968662225,182.686663123968,306.49076069293255,1.618650530175323,True,1.0,99.99999999999999,1.1355535449127964e-20,246.96591195915164,2203,9.825203151070383e-11
246.9975,-0.44428025738193533,182.90880273680204,306.9908252014953,1.6186560735380369,True,1.0,100.0,2.2896359355467806e-20,247.46595865118064,2206,9.852597210313618e-11
247.4975,-0.4442802296260338,183.13094233198734,307.4908877040171,1.6186610945320876,True,1.0,100.0,1.6265679565242736e-20,247.96600368169572,2208,9.879941309520746e-11
247.9975,-0.44428021305993864,183.35308191528782,307.99094822253653,1.618665786899813,True,1.0,100.0,1.5921572430420677e-20,248.46604705294,2210,9.907240305917497e-11
248.4975,-0.44428020715783056,183.57522149207907,308.4910067802637,1.6186706024153386,True,1.0,100.0,9.529120656610879e-21,248.96608876715396,2216,9.934463668370697e-11
248.9975,-0.44428021140620777,183.79736106763417,308.99106340156163,1.6186744846438075,True,1.0,100.00000000000001,9.237953080992213e-21,249.46612882657556,2219,9.961636376898397e-11
249.4975,-0.4442802253045997,184.01950064688512,309.49111811179625,1.6186791113182393,True,1.0,100.0,3.758708703440958e-21,249.96616723343973,2222,9.988727206478032e-11
249.9975,-0.4442802483650791,184.24164023453378,309.99117093728415,1.618682495934313,True,1.0,100.0,2.185080306120078e-20,250.46620398997862,2223,1.0015781259919976e-10
250.4975,-0.44428028011249077,184.4637798350798,310.4912219053144,1.618686678112648,True,1.0,100.0,1.053497228147536e-20,250.96623909842097,2227,1.0042758985528977e-10
250.9975,-0.44428032008393487,184.68591945267707,310.99127104386406,1.6186898862960506,True,1.0,100.00000000000001,7.265954500665795e-21,251.46627256099242,2230,1.0069657607747473e-10
251.4975,-0.4442803678294115,184.90805909135995,311.4913183817296,1.6186933588608363,True,1.0,100.0,-2.5900679340260403e-20,251.96630437991493,2232,1.0096501412704129e-10
251.9975,-0.44428042291130554,185.1301987549072,311.9913639484302,1.618696405985745,True,1.0,100.0,-1.7708282553535216e-20,252.46633455740687,2234,1.0123270277606622e-10
252.4975,-0.4442804849045396,185.3523384469168,312.49140777406785,1.618699208643953,True,1.0,100.0,1.453190900133159e-20,252.96636309568294,2239,1.014997738635337e-10
252.9975,-0.4442805533754348,185.57447817066964,312.9914498899186,1.6187021094707499,True,1.0,100.0,1.1368770338928812e-20,253.4663899969607,2241,9.849485810287106e-11
253.4975,-0.4442806279644639,185.7966179293448,313.49149032584455,1.6187042814307655,True,1.0,100.0,-1.7059772953293643e-20,253.96641526343313,2243,9.874126516429271e-11
253.9975,-0.44428070826279903,186.01875772589628,313.9915291141033,1.6187070499877563,True,1.0,100.0,6.352747104407253e-22,254.46643889730973,2247,9.898690894738493e-11
254.4975,-0.4442807938936634,186.24089756308362,314.49156628667737,1.6187086299083182,True,1.0,100.0,1.8396496823179335e-21,254.96646090078872,2249,9.923191435223799e-11
254.9975,-0.44428088449254555,186.46303744352267,314.991601875959,1.6187112794429124,True,1.0,100.0,5.5718886061571944e-21,255.46648127606397,2252,9.947609402871649e-11
255.4975,-0.4442809797065478,186.68517736952995,315.49163591448405,1.6187126407725427,True,1.0,100.0,-1.2480501082200082e-20,255.9665000253249,2255,9.971948267128994e-11
255.9975,-0.4442810791943618,186.90731734336467,315.991668435113,1.6187148482821694,True,1.0,99.99999999999999,-6.28657265540301e-21,256.4665171507563,2256,9.996192762429246e-11
256.4975,-0.4442811826262679,187.12945736708588,316.4916994709178,1.6187160958875606,True,1.0,100.0,-6.28657265540301e-21,256.96653265453443,2259,1.0020365093232897e-10
256.9975,-0.4442812896834456,187.35159744261728,316.99172905508243,1.6187178053926234,True,1.0,100.0,-1.2851077996623838e-20,257.46654653884246,2263,1.0044467341208119e-10
257.4975,-0.4442814000585833,187.57373757162102,317.49175722086505,1.6187189500428405,True,1.0,99.99999999999999,-1.7880336120946246e-20,257.96655880584683,2265,1.0068475914115638e-10
257.9975,-0.444281513455214,187.79587775571915,317.9917840016194,1.6187201980149544,True,1.0,100.0,-1.1845226371759356e-20,258.46656945771315,2268,1.0092396363070577e-10
258.4975,-0.44428162958777734,188.01801799634913,318.491809430688,1.6187212494642595,True,1.0,100.00000000000001,7.887994321305672e-21,258.966578496602,2270,1.0116267545878799e-10
258.9975,-0.4442817481809255,188.24015829480214,318.9918335414568,1.6187220716638862,True,1.0,100.0,2.1969917069408415e-21,259.4665859246685,2274,1.0140041584172366e-10
259.4975,-0.4442818689701409,188.46229865230308,319.4918563672362,1.6187230386095492,True,1.0,100.00000000000001,-6.20716331659792e-21,259.96659174406307,2278,1.0163724029066401e-10
259.9975,-0.44428199170099963,188.68443906978627,319.99187794114715,1.6187234700651743,True,1.0,100.0,-1.5749518863009647e-21,260.4665959569305,2280,1.0187312798892734e-10
260.4975,-0.4442821161292781,188.90657954821597,320.49189829633514,1.618724360106488,True,1.0,100.0,-7.543887186483612e-21,260.96659856541066,2283,1.0210844669789054e-10
260.9975,-0.44428224202018807,189.12872008837326,320.99191746570665,1.6187244350980952,True,1.0,100.0,1.394957385009426e-20,261.4665995716377,2285,1.0234275232834378e-10
261.4975,-0.44428236914901076,189.35086069097835,321.4919354820741,1.6187252547041997,True,1.0,100.0,-1.6120095777433403e-20,261.96659897774043,2288,1.0257607957475656e-10
261.9975,-0.44428249730036345,189.57300135650897,321.99195237788103,1.618725006750864,True,1.0,100.0,2.999026028872257e-20,262.46659678584234,2290,1.0280876844293019e-10
262.4975,-0.4442826262682722,189.79514208546905,322.4919681854932,1.61872576123378,True,1.0,100.0,-5.148372132530044e-21,262.9665929980614,2294,1.0304044423259384e-10
262.9975,-0.4442827558553784,190.01728287821638,322.9919829369482,1.6187252230854285,True,1.0,100.0,9.621764885216818e-21,263.46658761650974,2296,1.0327131511056464e-10
263.4975,-0.44428288587363124,190.2394237350111,323.4919966639862,1.6187259165751544,True,1.0,100.0,5.161607022330893e-21,263.96658064329426,2297,1.0350124923785842e-10
263.9975,-0.44428301614349364,190.46156465607027,323.9920093981242,1.618725216423756,True,1.0,100.0,-1.818473858636576e-20,264.46657208051596,2301,1.0373023273668736e-10
264.4975,-0.44428314649401945,190.6837056413869,324.4920211703868,1.6187257556368313,True,1.0,100.00000000000001,-7.755645423297187e-21,264.9665619302705,2303,1.0395843907939906e-10
264.9975,-0.4442832767620744,190.90584669100724,324.9920320116255,1.6187249833596258,True,1.0,100.0,-2.302870825347629e-21,265.4665501946474,2305,1.0418576418258496e-10
265.4975,-0.4442834067930198,191.127987804847,325.49204195221745,1.6187253113383946,True,1.0,100.00000000000001,4.116050728063866e-21,265.9665368757308,2308,1.0441215947398774e-10
265.9975,-0.44428353643989665,191.35012898275465,325.99205102222345,1.6187244677798764,True,1.0,100.0,9.118839072784577e-21,266.466521975599,2310,1.0463758332024398e-10
266.4975,-0.44428366554126336,191.57227022454995,326.49205925202807,1.6187246146061771,True,1.0,100.00000000000001,2.183756817139993e-21,266.9665054963323,2315,1.0131499111887265e-10
266.9975,-0.44428379400939083,191.7944115298386,326.99206666930246,1.6187236993807923,True,1.0,100.0,-7.001256704648826e-21,267.4664874399819,2317,1.0151945256664519e-10
267.4975,-0.4442839216976124,192.01655289831444,327.49207330363015,1.6187236943602836,True,1.0,100.0,-2.779326858178173e-22,267.9664678086166,2319,1.0172307440825534e-10
267.9975,-0.4442840484883174,192.23869432955328,327.9920791833357,1.6187227058458982,True,1.0,100.0,9.251187970793062e-21,268.4664466042915,2320,1.0192577337697628e-10
268.4975,-0.4442841742707284,192.4608358230828,328.4920843363457,1.6187225775344618,True,1.0,100.00000000000001,6.1409888675936775e-21,268.9664238290559,2323,1.0212714007806767e-10
268.9975,-0.4442842989408503,192.68297737841408,328.992088790104,1.6187215128745194,True,1.0,100.0,-4.751325438504591e-21,269.4663994849534,2327,1.0232779901198086e-10
269.4975,-0.44428442240065286,192.90511899487976,329.49209257154433,1.618721289076455,True,1.0,100.0,-7.014491594449675e-21,269.9663735740217,2329,1.0252738241733894e-10
269.9975,-0.44428454455882727,193.12726067189237,329.99209570715965,1.6187201441792427,True,1.0,100.0,4.513097422089319e-21,270.46634609829255,2330,1.0272606376648952e-10
270.4975,-0.444284665329956,193.34940240878396,330.49209822297587,1.6187198519630452,True,1.0,100.00000000000001,1.6265679565242736e-20,270.96631705979206,2333,1.0292341284801054e-10
270.9975,-0.4442847846346339,193.57154420483414,330.99210014447004,1.6187186215073286,True,1.0,99.99999999999999,7.05419626385222e-21,271.4662864605404,2336,1.0311994314005091e-10
271.4975,-0.4442849023986364,193.7936860593478,331.4921014967237,1.6187182872196075,True,1.0,100.0,-6.352747104407253e-22,271.96625430255193,2339,1.0331543259800569e-10
271.9975,-0.4442850185537218,194.0158279714271,331.99210230413127,1.6187169646620527,True,1.0,100.0,-1.5087774372967225e-21,272.4662205878353,2343,1.0350988816076878e-10
272.4975,-0.44428513303676587,194.23796994032108,332.4921025907569,1.618716613943634,True,1.0,100.0,1.2295212624988203e-20,272.9661853183931,2345,1.0370316411156821e-10
272.9975,-0.4442852457899485,194.46011196516486,332.99210238004736,1.6187151915251723,True,1.0,99.99999999999999,-8.708557488958275e-21,273.46614849622256,2347,1.0389555882284185e-10
273.4975,-0.4442853567598678,194.6822540450856,333.492101695002,1.6187148493281809,True,1.0,100.0,1.0852609636695723e-21,273.9661101233145,2350,1.0408665596095545e-10
273.9975,-0.4442854658983871,194.9043961792232,333.9921005580794,1.618713318088024,True,1.0,100.0,-1.7880336120946246e-20,274.46607020165453,2352,1.0427686492064936e-10
274.4975,-0.44428557316180045,195.126538366559,334.49209899115516,1.6187130086941701,True,1.0,100.0,-1.5908337540619828e-20,274.96602873322206,2354,1.0446594284063693e-10
274.9975,-0.44428567851081796,195.3486806061881,334.9920970156541,1.6187113584787893,True,1.0,99.99999999999999,2.0924360775141388e-20,275.46598571999124,2356,1.0465404237658404e-10
275.4975,-0.4442857819105658,195.5708228971498,335.4920946524805,1.6187111055190497,True,1.0,100.0,-1.4293680984916318e-21,275.96594116393,2359,1.0484089291162846e-10
275.9975,-0.44428588332973046,195.79296523845673,335.99209192199584,1.618709428721888,True,1.0,100.0,1.0839374746894875e-20,276.4658950670008,2361,1.0502666097922386e-10
276.4975,-0.44428598274146075,196.01510762911687,336.492088844064,1.6187091514722598,True,1.0,100.0,2.4616895029578104e-21,276.96584743116034,2363,1.0521148535724834e-10
276.9975,-0.4442860801224766,196.23725006816582,336.9920854380392,1.6187075644571602,True,1.0,100.0,-2.1890507730603324e-20,277.46579825835977,2365,1.0539512318441524e-10
277.4975,-0.44428617545330895,196.4593925544874,337.49208172267447,1.6187071564508446,True,1.0,100.0,8.483564362343852e-21,277.96574755054445,2368,1.055776230329819e-10
277.9975,-0.4442862687173877,196.68153508709764,337.99207771630853,1.6187056812696825,True,1.0,100.0,-3.891057601449442e-21,278.4656953096542,2370,1.0575890163622148e-10
278.4975,-0.4442863599019946,196.90367766496536,338.49207343674885,1.6187051286150482,True,1.0,100.0,-2.0514079191315086e-20,278.9657279902045,2372,1.0593934757219259e-10
278.9975,-0.44428644899740505,197.12582028704242,338.9920689012684,1.6187037867417642,True,1.0,100.0,4.777795218106288e-21,279.46577547358146,2373,1.0611840572938291e-10
279.4975,-0.44428653599690865,197.3479629523404,339.492064126709,1.618703074429141,True,1.0,100.0,-8.854141276767608e-21,279.96582160798295,2376,1.0629662428041087e-10
279.9975,-0.44428662089687565,197.57010565970032,339.99205912925896,1.6187018867822813,True,1.0,100.0,4.764560328305439e-22,280.4658663950465,2380,1.0647344117487023e-10
280.4975,-0.4442867036958265,197.79224840813046,340.49205392477944,1.6187009986978698,True,1.0,99.99999999999999,-1.1964340379966992e-20,280.96590983640544,2382,1.0664897437395737e-10
280.9975,-0.4442867843954911,198.01439119657434,340.99204852855564,1.6186999856628301,True,1.0,100.0,1.2043749718772083e-21,281.46595193368836,2383,1.0682369572245776e-10
281.4975,-0.44428686299988834,198.23653402398884,341.4920429554208,1.6186989046081306,True,1.0,99.99999999999999,-8.443859692941307e-21,281.9659926885194,2386,1.069969321476627e-10
281.9975,-0.4442869395155807,198.45867688936818,341.99203721973913,1.61869808605999,True,1.0,100.00000000000001,5.968935300182648e-21,282.4660321025181,2390,1.0716912079988816e-10
282.4975,-0.4442870139507807,198.68081979158504,342.492031335328,1.6186967937686438,True,1.0,100.0,-2.566245132384513e-20,282.9660701772998,2391,1.0734047678484515e-10
282.9975,-0.4442870863164163,198.90296272964014,342.9920253156113,1.6186961890950167,True,1.0,100.0,1.7562698765725884e-20,283.466106914475,2393,1.075103339687189e-10
283.4975,-0.44428715662519935,199.12510570250907,343.4920191735427,1.6186946662488588,True,1.0,100.00000000000001,-8.58944348075064e-21,283.96614231565025,2395,1.0767916419629486e-10
283.9975,-0.4442872248917436,199.34724870916017,343.9920129216026,1.6186942943722689,True,1.0,100.0,2.7263872989747792e-21,284.4661763824272,2396,1.0784664827845347e-10
284.4975,-0.44428729113264825,199.56939174858235,344.4920065718334,1.6186925824802116,True,1.0,100.0,1.479660679734856e-20,284.9662091164036,2401,1.0801298050422403e-10
284.9975,-0.44428735536554137,199.79153481981714,344.99200013588637,1.6186924000224374,True,1.0,100.0,-6.97478692504713e-21,285.4662405191727,2403,1.0817814699581874e-10
285.4975,-0.44428741761025814,200.0136779217582,345.4919936248437,1.61869094718493,True,1.0,100.00000000000001,-1.8462671272183578e-20,285.96627059232316,2404,1.0834220326438881e-10
285.9975,-0.4442874778878866,200.2358210534745,345.99198704949305,1.6186905027382839,True,1.0,99.99999999999999,-2.0381730293306602e-20,286.46629933744,2406,1.0850487869307202e-10
286.4975,-0.4442875361956951,200.45796421392342,346.491980420987,1.6186893267657505,True,1.0,100.00000000000001,-4.6189765404961065e-21,286.96632675611136,2409,1.0465651956170774e-10
286.9975,-0.4442875926078913,200.68010740226444,346.99197374757136,1.6186885978198284,True,1.0,99.99999999999999,1.105113298370845e-20,287.46635284989344,2411,1.0479826034748285e-10
287.4975,-0.4442876471238875,200.90225061746725,347.4919670395906,1.6186877161243705,True,1.0,100.0,3.586655136029928e-21,287.9663776203742,2413,1.0493855784332595e-10
287.9975,-0.4442876997699174,201.12439385866784,347.9919603062095,1.618686679197654,True,1.0,100.00000000000001,1.8290617704772548e-20,288.46640106911764,2417,1.0507742592702485e-10
288.4975,-0.44428775057299136,201.34653712481224,348.49195355606247,1.618686108835762,True,1.0,100.0,-1.1871696151361053e-20,288.9664231976873,2418,1.0521525317663816e-10
288.9975,-0.4442877995610651,201.56868041504933,348.9919467975399,1.6186847394894412,True,1.0,100.0,1.3115775792640807e-20,289.46644400764274,2420,1.0535177591419753e-10
289.4975,-0.4442878467631702,201.790823728471,349.4919400386071,1.6186844971693093,True,1.0,100.0,1.4399560103323106e-20,289.9664635005397,2423,1.0548691087297613e-10
289.9975,-0.444287892208417,202.01296706420024,349.99193328689137,1.6186829605421669,True,1.0,100.00000000000001,-2.8587361969832636e-21,290.46648167792927,2425,1.05620942547624e-10
290.4975,-0.44428793592730736,202.23511042141683,350.4919265496831,1.6186828721313513,True,1.0,100.0,1.2679024429212808e-20,290.9664985413592,2428,1.0575354481012766e-10
290.9975,-0.44428797795073854,202.45725379914947,350.99191983378506,1.618681686415741,True,1.0,99.99999999999999,4.182225177068108e-21,291.46651409237285,2428,1.0588576543346662e-10
291.4975,-0.44428801831041426,202.6793971966282,351.4919131458557,1.6186812234957926,True,1.0,100.0,-5.399835038746165e-21,291.96652833250977,2432,1.0601488437123052e-10
291.9975,-0.44428805703780316,202.9015406130134,351.9919064920914,1.6186804045693213,True,1.0,100.0,6.167458647195374e-21,292.4665412633053,2434,1.0614354534199677e-10
292.4975,-0.44428809416552995,203.12368404750802,352.49189987841396,1.6186795398402332,True,1.0,100.0,-1.0587911840678754e-21,292.9665528862913,2436,1.0627097812854203e-10
292.9975,-0.444288129726356,203.34582749930414,352.9918933104217,1.6186791033053074,True,1.0,99.99999999999999,9.343832199399e-21,293.4665632029954,2439,1.0639709946413944e-10
293.4975,-0.44428816375333413,203.56797096771112,353.4918867934489,1.618677808576579,True,1.0,99.99999999999999,-7.6497663048904e-21,293.9665722149418,2442,1.0652166648750239e-10
293.9975,-0.44428819628003774,203.79011445183352,353.99188033239534,1.6186777697792052,True,1.0,100.0,4.367513634279986e-21,294.4665799236504,2444,1.0664517186009803e-10
294.4975,-0.44428822733950846,204.01225795099148,354.4918739319994,1.618676470205525,True,1.0,100.0,1.0667321179483845e-20,294.9665863306375,2444,1.0676828865463506e-10
294.9975,-0.4442882569656818,204.23440146447166,354.99186759672153,1.618676390028689,True,1.0,100.0,2.752857078576476e-21,295.4665914374158,2447,1.0688801926894698e-10
295.4975,-0.4442882851923233,204.45654499154966,355.4918613306561,1.6186755089226332,True,1.0,100.00000000000001,-4.393983413881683e-21,295.966595245494,2448,1.0700731273294295e-10
295.9975,-0.4442883120532859,204.67868853154505,355.9918551376892,1.6186749490039742,True,1.0,100.0,-4.499862532288471e-22,296.4665977563773,2450,1.071253294404606e-10
296.4975,-0.4442883375826867,204.90083208383706,356.4918490214796,1.6186745010870338,True,1.0,100.00000000000001,-8.232101456127731e-21,296.96659897156724,2454,1.0724211796375727e-10
296.9975,-0.4442883618138378,205.12297564765353,356.9918429853126,1.6186734305908907,True,1.0,99.99999999999999,-2.1890507730603324e-20,297.46659889256136,2456,1.0735735911371336e-10
297.4975,-0.44428838478075866,205.34511922240426,357.4918370323362,1.6186734303890093,True,1.0,100.0,-9.132073962585426e-21,297.9665975208539,2456,1.0747237128017062e-10
297.9975,-0.4442884065171124,205.56726280747762,357.9918311654805,1.6186721942204563,True,1.0,100.00000000000001,-1.3737815613280684e-20,298.46659485793555,2458,1.0758382379405518e-10
298.4975,-0.44428842705641686,205.7894064022624,358.4918253873432,1.6186722794989605,True,1.0,100.0,6.1145190879919806e-21,298.96659090529323,2461,1.0769523467457631e-10
298.9975,-0.44428844643226023,206.01155000616293,358.9918197003794,1.6186715104431597,True,1.0,100.0,1.852884572118782e-22,299.4665856644103,2463,1.0780495246498489e-10
299.4975,-0.444288464677261,206.2336936186793,359.4918141068587,1.6186710300875198,True,1.0,100.0,7.940933880509066e-23,299.9665791367667,2467,1.0791335880444564e-10
299.9975,-0.44428848182458364,206.4558372391172,359.9918086087105,1.6186707421850892,True,1.0,100.0,6.6174449004242214e-21,300.4665713238388,2468,1.0802043981517073e-10
300.0,-0.44428848190761694,206.45694795723858,359.99430858146263,1.6186707376790561,True,1.0,100.0,-3.5734202462290796e-21,300.4690712815474,2468,1.0802095329331962e-10
